nohup: ignoring input

==================================================
OpenClaw SOL Bot v1.0 — LIVE
Balance: $213.85 | MaxBet: $20.00 | ArbThreshold: 0.97 | Directional: <0.25 or >0.75
==================================================

[Startup] Resting orders cleared

==================================================
Cycle 1 | 2026-04-01 19:50:22
Balance: $213.85 | Regime: CHOP | Session: 0W/0L (0%) | PnL: $+0.00
[Ticker] KXETH15M-26APR011600-00
[Market] YES=0.73 | NO=0.28 | Sum=1.01 | no arb
[Cycle] No signal — YES=0.73 is between 0.25 and 0.75, sum=1.01 ≥ 0.97

==================================================
Cycle 2 | 2026-04-01 19:51:23
Balance: $205.25 | Regime: CHOP | Session: 0W/0L (0%) | PnL: $+0.00
[Ticker] KXETH15M-26APR011600-00
[Market] YES=0.56 | NO=0.47 | Sum=1.03 | no arb
[Cycle] No signal — YES=0.56 is between 0.25 and 0.75, sum=1.03 ≥ 0.97

==================================================
Cycle 3 | 2026-04-01 19:52:24
Balance: $205.25 | Regime: CHOP | Session: 0W/0L (0%) | PnL: $+0.00
[Ticker] KXETH15M-26APR011600-00
[Market] YES=0.72 | NO=0.30 | Sum=1.02 | no arb
[Cycle] No signal — YES=0.72 is between 0.25 and 0.75, sum=1.02 ≥ 0.97

==================================================
Cycle 4 | 2026-04-01 19:53:26
Balance: $205.25 | Regime: CHOP | Session: 0W/0L (0%) | PnL: $+0.00
[Ticker] KXETH15M-26APR011600-00
[Market] YES=0.79 | NO=0.27 | Sum=1.06 | no arb
[Timing] Window is 8 min old - skipping
[Cycle] No signal — YES=0.79 is between 0.25 and 0.75, sum=1.06 ≥ 0.97

==================================================
Cycle 5 | 2026-04-01 19:54:27
Balance: $205.25 | Regime: CHOP | Session: 0W/0L (0%) | PnL: $+0.00
[Ticker] KXETH15M-26APR011600-00
[Market] YES=0.93 | NO=0.09 | Sum=1.02 | no arb
[Timing] Window is 9 min old - skipping
[Cycle] No signal — YES=0.93 is between 0.25 and 0.75, sum=1.02 ≥ 0.97

==================================================
Cycle 6 | 2026-04-01 19:55:28
Balance: $205.25 | Regime: CHOP | Session: 0W/0L (0%) | PnL: $+0.00
[Ticker] KXETH15M-26APR011600-00
[Market] YES=0.96 | NO=0.06 | Sum=1.02 | no arb
[Timing] Window is 10 min old - skipping
[Cycle] No signal — YES=0.96 is between 0.25 and 0.75, sum=1.02 ≥ 0.97

==================================================
Cycle 7 | 2026-04-01 19:56:29
Balance: $205.25 | Regime: CHOP | Session: 0W/0L (0%) | PnL: $+0.00
[Ticker] KXETH15M-26APR011600-00
[Market] YES=0.92 | NO=0.08 | Sum=1.00 | no arb
[Timing] Window is 11 min old - skipping
[Cycle] No signal — YES=0.92 is between 0.25 and 0.75, sum=1.00 ≥ 0.97

==================================================
Cycle 8 | 2026-04-01 19:57:30
Balance: $205.25 | Regime: CHOP | Session: 0W/0L (0%) | PnL: $+0.00
[Ticker] KXETH15M-26APR011600-00
[Market] YES=0.95 | NO=0.07 | Sum=1.02 | no arb
[Timing] Window is 12 min old - skipping
[Cycle] No signal — YES=0.95 is between 0.25 and 0.75, sum=1.02 ≥ 0.97

==================================================
Cycle 9 | 2026-04-01 19:58:32
Balance: $205.25 | Regime: CHOP | Session: 0W/0L (0%) | PnL: $+0.00
[Ticker] KXETH15M-26APR011600-00
[Market] YES=1.00 | NO=0.01 | Sum=1.01 | no arb
[Timing] Window is 13 min old - skipping
[Cycle] No signal — YES=1.00 is between 0.25 and 0.75, sum=1.01 ≥ 0.97

==================================================
Cycle 10 | 2026-04-01 19:59:33
Balance: $205.25 | Regime: CHOP | Session: 0W/0L (0%) | PnL: $+0.00
[Ticker] KXETH15M-26APR011600-00
[Market] YES=1.00 | NO=0.00 | Sum=1.00 | no arb
[Timing] Window is 14 min old - skipping
[Cycle] No signal — YES=1.00 is between 0.25 and 0.75, sum=1.00 ≥ 0.97

==================================================
Cycle 11 | 2026-04-01 20:00:33
Balance: $205.25 | Regime: CHOP | Session: 0W/0L (0%) | PnL: $+0.00
[Ticker] KXETH15M-26APR011615-15
[Market] YES=0.56 | NO=0.45 | Sum=1.01 | no arb
[Cycle] No signal — YES=0.56 is between 0.25 and 0.75, sum=1.01 ≥ 0.97

==================================================
Cycle 12 | 2026-04-01 20:01:34
Balance: $205.25 | Regime: CHOP | Session: 0W/0L (0%) | PnL: $+0.00
[Ticker] KXETH15M-26APR011615-15
[Market] YES=0.53 | NO=0.50 | Sum=1.03 | no arb
[Cycle] No signal — YES=0.53 is between 0.25 and 0.75, sum=1.03 ≥ 0.97

==================================================
Cycle 13 | 2026-04-01 20:02:35
Balance: $205.25 | Regime: CHOP | Session: 0W/0L (0%) | PnL: $+0.00
[Ticker] KXETH15M-26APR011615-15
[Market] YES=0.35 | NO=0.68 | Sum=1.03 | no arb
[Cycle] No signal — YES=0.35 is between 0.25 and 0.75, sum=1.03 ≥ 0.97

==================================================
Cycle 14 | 2026-04-01 20:03:35
Balance: $205.25 | Regime: CHOP | Session: 0W/0L (0%) | PnL: $+0.00
[Ticker] KXETH15M-26APR011615-15
[Market] YES=0.23 | NO=0.80 | Sum=1.03 | no arb
[Signal] DOWN candidate | yes=0.23 | waiting for confirmation (1/2)
[Cycle] No signal — YES=0.23 is between 0.25 and 0.75, sum=1.03 ≥ 0.97

==================================================
Cycle 15 | 2026-04-01 20:04:36
Balance: $205.25 | Regime: CHOP | Session: 0W/0L (0%) | PnL: $+0.00
[Ticker] KXETH15M-26APR011615-15
[Market] YES=0.06 | NO=0.95 | Sum=1.01 | no arb
[Binance] ✅ Confirms DOWN | spot=$2136 strike=$2142 gap=-6 (0.28%)
[Correlation] All 3 agree DOWN — bet boosted to $4.31
[Signal] ✅ CONFIRMED DOWN | yes=0.06 | edge=0.44 | consecutive=2 | bet=$4.31
[Order] → KXETH15M-26APR011615-15 | no | count=8 | $4.31 | directional
✅ SOL DIRECTIONAL: DOWN $4.31 on KXETH15M-26APR011615-15
[Positions] 1 still open

==================================================
Cycle 16 | 2026-04-01 20:05:39
Balance: $197.49 | Regime: CHOP | Session: 0W/0L (0%) | PnL: $+0.00
[Ticker] KXETH15M-26APR011615-15
[Market] YES=0.08 | NO=0.92 | Sum=1.00 | no arb
[Timing] Window is 5 min old - skipping
[Cycle] No signal — YES=0.08 is between 0.25 and 0.75, sum=1.00 ≥ 0.97
[Positions] 1 still open

==================================================
Cycle 17 | 2026-04-01 20:06:40
Balance: $186.94 | Regime: CHOP | Session: 0W/0L (0%) | PnL: $+0.00
[Ticker] KXETH15M-26APR011615-15
[Market] YES=0.07 | NO=0.95 | Sum=1.02 | no arb
[Safety] Daily loss 12.6% exceeds limit 12% — halting

Bot halted: Daily loss 12.6% exceeds limit 12%

==================================================
OpenClaw SOL Bot v1.0 — LIVE
Balance: $213.85 | MaxBet: $10.69 | ArbThreshold: 0.97 | Directional: <0.25 or >0.75
==================================================

[Startup] Restored position: KXSOL15M-26APR011615-15 $10.51 direction=DOWN
[Startup] Restored position: KXETH15M-26APR011615-15 $7.74 direction=DOWN
[Startup] Loaded 2 existing position(s)
[Startup] Resting orders cleared

==================================================
Cycle 1 | 2026-04-01 20:10:33
Balance: $213.85 | Regime: CHOP | Session: 0W/0L (0%) | PnL: $+0.00
[Ticker] KXETH15M-26APR011615-15
[Market] YES=0.04 | NO=0.98 | Sum=1.02 | no arb
[Timing] Window is 10 min old - skipping
[Cycle] No signal — YES=0.04 is between 0.25 and 0.75, sum=1.02 ≥ 0.97
[Positions] 2 still open

==================================================
Cycle 2 | 2026-04-01 20:11:33
Balance: $186.94 | Regime: CHOP | Session: 0W/0L (0%) | PnL: $+0.00
[Ticker] KXETH15M-26APR011615-15
[Market] YES=0.12 | NO=0.90 | Sum=1.02 | no arb
[Safety] Daily loss 12.6% exceeds limit 12% — halting

Bot halted: Daily loss 12.6% exceeds limit 12%

==================================================
OpenClaw SOL Bot v1.0 — LIVE
Balance: $213.85 | MaxBet: $10.69 | ArbThreshold: 0.97 | Directional: <0.25 or >0.75
==================================================

[Startup] Resting orders cleared

==================================================
Cycle 1 | 2026-04-01 20:16:04
Balance: $213.85 | Regime: CHOP | Session: 0W/0L (0%) | PnL: $+0.00
[Ticker] KXETH15M-26APR011630-30
[Market] YES=0.45 | NO=0.56 | Sum=1.01 | no arb
[Cycle] No signal — YES=0.45 is between 0.25 and 0.75, sum=1.01 ≥ 0.97

==================================================
Cycle 2 | 2026-04-01 20:17:05
Balance: $205.94 | Regime: CHOP | Session: 0W/0L (0%) | PnL: $+0.00
[Ticker] KXETH15M-26APR011630-30
[Market] YES=0.56 | NO=0.46 | Sum=1.02 | no arb
[Cycle] No signal — YES=0.56 is between 0.25 and 0.75, sum=1.02 ≥ 0.97

==================================================
Cycle 3 | 2026-04-01 20:18:05
Balance: $205.94 | Regime: CHOP | Session: 0W/0L (0%) | PnL: $+0.00
[Ticker] KXETH15M-26APR011630-30
[Market] YES=0.63 | NO=0.39 | Sum=1.02 | no arb
[Cycle] No signal — YES=0.63 is between 0.25 and 0.75, sum=1.02 ≥ 0.97

==================================================
Cycle 4 | 2026-04-01 20:19:06
Balance: $205.94 | Regime: CHOP | Session: 0W/0L (0%) | PnL: $+0.00
[Ticker] KXETH15M-26APR011630-30
[Market] YES=0.43 | NO=0.59 | Sum=1.02 | no arb
[Cycle] No signal — YES=0.43 is between 0.25 and 0.75, sum=1.02 ≥ 0.97

==================================================
Cycle 5 | 2026-04-01 20:20:06
Balance: $205.94 | Regime: CHOP | Session: 0W/0L (0%) | PnL: $+0.00
[Ticker] KXETH15M-26APR011630-30
[Market] YES=0.55 | NO=0.48 | Sum=1.03 | no arb
[Cycle] No signal — YES=0.55 is between 0.25 and 0.75, sum=1.03 ≥ 0.97

==================================================
Cycle 6 | 2026-04-01 20:21:07
Balance: $205.94 | Regime: CHOP | Session: 0W/0L (0%) | PnL: $+0.00
[Ticker] KXETH15M-26APR011630-30
[Market] YES=0.31 | NO=0.70 | Sum=1.01 | no arb
[Cycle] No signal — YES=0.31 is between 0.25 and 0.75, sum=1.01 ≥ 0.97

==================================================
Cycle 7 | 2026-04-01 20:22:07
Balance: $205.94 | Regime: CHOP | Session: 0W/0L (0%) | PnL: $+0.00
[Ticker] KXETH15M-26APR011630-30
[Market] YES=0.35 | NO=0.66 | Sum=1.01 | no arb
[Cycle] No signal — YES=0.35 is between 0.25 and 0.75, sum=1.01 ≥ 0.97

==================================================
Cycle 8 | 2026-04-01 20:23:08
Balance: $205.94 | Regime: CHOP | Session: 0W/0L (0%) | PnL: $+0.00
[Ticker] KXETH15M-26APR011630-30
[Market] YES=0.56 | NO=0.46 | Sum=1.02 | no arb
[Cycle] No signal — YES=0.56 is between 0.25 and 0.75, sum=1.02 ≥ 0.97

==================================================
Cycle 9 | 2026-04-01 20:24:08
Balance: $205.94 | Regime: CHOP | Session: 0W/0L (0%) | PnL: $+0.00
[Ticker] KXETH15M-26APR011630-30
[Market] YES=0.87 | NO=0.14 | Sum=1.01 | no arb
[Timing] Window is 9 min old - skipping
[Cycle] No signal — YES=0.87 is between 0.25 and 0.75, sum=1.01 ≥ 0.97

==================================================
Cycle 10 | 2026-04-01 20:25:08
Balance: $205.94 | Regime: CHOP | Session: 0W/0L (0%) | PnL: $+0.00
[Ticker] KXETH15M-26APR011630-30
[Market] YES=0.86 | NO=0.17 | Sum=1.03 | no arb
[Timing] Window is 10 min old - skipping
[Cycle] No signal — YES=0.86 is between 0.25 and 0.75, sum=1.03 ≥ 0.97

==================================================
Cycle 11 | 2026-04-01 20:26:09
Balance: $205.94 | Regime: CHOP | Session: 0W/0L (0%) | PnL: $+0.00
[Ticker] KXETH15M-26APR011630-30
[Market] YES=0.82 | NO=0.19 | Sum=1.01 | no arb
[Timing] Window is 11 min old - skipping
[Cycle] No signal — YES=0.82 is between 0.25 and 0.75, sum=1.01 ≥ 0.97

==================================================
Cycle 12 | 2026-04-01 20:27:09
Balance: $205.94 | Regime: CHOP | Session: 0W/0L (0%) | PnL: $+0.00
[Ticker] KXETH15M-26APR011630-30
[Market] YES=0.95 | NO=0.06 | Sum=1.01 | no arb
[Timing] Window is 12 min old - skipping
[Cycle] No signal — YES=0.95 is between 0.25 and 0.75, sum=1.01 ≥ 0.97

==================================================
Cycle 13 | 2026-04-01 20:28:10
Balance: $205.94 | Regime: CHOP | Session: 0W/0L (0%) | PnL: $+0.00
[Ticker] KXETH15M-26APR011630-30
[Market] YES=0.99 | NO=0.02 | Sum=1.01 | no arb
[Timing] Window is 13 min old - skipping
[Cycle] No signal — YES=0.99 is between 0.25 and 0.75, sum=1.01 ≥ 0.97

==================================================
Cycle 14 | 2026-04-01 20:29:10
Balance: $205.94 | Regime: CHOP | Session: 0W/0L (0%) | PnL: $+0.00
[Ticker] KXETH15M-26APR011630-30
[Market] YES=0.27 | NO=0.90 | Sum=1.17 | no arb
[Cycle] No signal — YES=0.27 is between 0.25 and 0.75, sum=1.17 ≥ 0.97

==================================================
Cycle 15 | 2026-04-01 20:30:11
Balance: $205.94 | Regime: CHOP | Session: 0W/0L (0%) | PnL: $+0.00
[Ticker] KXETH15M-26APR011630-30
[Market] YES=0.01 | NO=1.00 | Sum=1.01 | no arb
[Timing] Window is 0 min old - skipping
[Cycle] No signal — YES=0.01 is between 0.25 and 0.75, sum=1.01 ≥ 0.97

==================================================
Cycle 16 | 2026-04-01 20:31:11
Balance: $205.94 | Regime: CHOP | Session: 0W/0L (0%) | PnL: $+0.00
[Ticker] KXETH15M-26APR011645-45
[Market] YES=0.35 | NO=0.66 | Sum=1.01 | no arb
[Cycle] No signal — YES=0.35 is between 0.25 and 0.75, sum=1.01 ≥ 0.97

==================================================
Cycle 17 | 2026-04-01 20:32:12
Balance: $205.94 | Regime: CHOP | Session: 0W/0L (0%) | PnL: $+0.00
[Ticker] KXETH15M-26APR011645-45
[Market] YES=0.24 | NO=0.78 | Sum=1.02 | no arb
[Signal] DOWN candidate | yes=0.24 | waiting for confirmation (1/2)
[Cycle] No signal — YES=0.24 is between 0.25 and 0.75, sum=1.02 ≥ 0.97

==================================================
Cycle 18 | 2026-04-01 20:33:12
Balance: $205.94 | Regime: CHOP | Session: 0W/0L (0%) | PnL: $+0.00
[Ticker] KXETH15M-26APR011645-45
[Market] YES=0.41 | NO=0.63 | Sum=1.04 | no arb
[Cycle] No signal — YES=0.41 is between 0.25 and 0.75, sum=1.04 ≥ 0.97

==================================================
Cycle 19 | 2026-04-01 20:34:12
Balance: $205.94 | Regime: CHOP | Session: 0W/0L (0%) | PnL: $+0.00
[Ticker] KXETH15M-26APR011645-45
[Market] YES=0.36 | NO=0.67 | Sum=1.03 | no arb
[Cycle] No signal — YES=0.36 is between 0.25 and 0.75, sum=1.03 ≥ 0.97

==================================================
Cycle 20 | 2026-04-01 20:35:13
Balance: $205.94 | Regime: CHOP | Session: 0W/0L (0%) | PnL: $+0.00
[Ticker] KXETH15M-26APR011645-45
[Market] YES=0.34 | NO=0.68 | Sum=1.02 | no arb
[Cycle] No signal — YES=0.34 is between 0.25 and 0.75, sum=1.02 ≥ 0.97

==================================================
Cycle 21 | 2026-04-01 20:36:13
Balance: $205.94 | Regime: CHOP | Session: 0W/0L (0%) | PnL: $+0.00
[Ticker] KXETH15M-26APR011645-45
[Market] YES=0.39 | NO=0.65 | Sum=1.04 | no arb
[Cycle] No signal — YES=0.39 is between 0.25 and 0.75, sum=1.04 ≥ 0.97

==================================================
Cycle 22 | 2026-04-01 20:37:14
Balance: $205.94 | Regime: CHOP | Session: 0W/0L (0%) | PnL: $+0.00
[Ticker] KXETH15M-26APR011645-45
[Market] YES=0.44 | NO=0.58 | Sum=1.02 | no arb
[Cycle] No signal — YES=0.44 is between 0.25 and 0.75, sum=1.02 ≥ 0.97

==================================================
Cycle 23 | 2026-04-01 20:38:14
Balance: $205.94 | Regime: CHOP | Session: 0W/0L (0%) | PnL: $+0.00
[Ticker] KXETH15M-26APR011645-45
[Market] YES=0.80 | NO=0.22 | Sum=1.02 | no arb
[Timing] Window is 8 min old - skipping
[Cycle] No signal — YES=0.80 is between 0.25 and 0.75, sum=1.02 ≥ 0.97

==================================================
Cycle 24 | 2026-04-01 20:39:15
Balance: $205.94 | Regime: CHOP | Session: 0W/0L (0%) | PnL: $+0.00
[Ticker] KXETH15M-26APR011645-45
[Market] YES=0.94 | NO=0.09 | Sum=1.03 | no arb
[Timing] Window is 9 min old - skipping
[Cycle] No signal — YES=0.94 is between 0.25 and 0.75, sum=1.03 ≥ 0.97

==================================================
Cycle 25 | 2026-04-01 20:40:15
Balance: $205.94 | Regime: CHOP | Session: 0W/0L (0%) | PnL: $+0.00
[Ticker] KXETH15M-26APR011645-45
[Market] YES=0.95 | NO=0.08 | Sum=1.02 | no arb
[Timing] Window is 10 min old - skipping
[Cycle] No signal — YES=0.95 is between 0.25 and 0.75, sum=1.02 ≥ 0.97

==================================================
Cycle 26 | 2026-04-01 20:41:16
Balance: $205.94 | Regime: CHOP | Session: 0W/0L (0%) | PnL: $+0.00
[Ticker] KXETH15M-26APR011645-45
[Market] YES=0.96 | NO=0.06 | Sum=1.02 | no arb
[Timing] Window is 11 min old - skipping
[Cycle] No signal — YES=0.96 is between 0.25 and 0.75, sum=1.02 ≥ 0.97

==================================================
Cycle 27 | 2026-04-01 20:42:16
Balance: $205.94 | Regime: CHOP | Session: 0W/0L (0%) | PnL: $+0.00
[Ticker] KXETH15M-26APR011645-45
[Market] YES=0.98 | NO=0.04 | Sum=1.02 | no arb
[Timing] Window is 12 min old - skipping
[Cycle] No signal — YES=0.98 is between 0.25 and 0.75, sum=1.02 ≥ 0.97

==================================================
Cycle 28 | 2026-04-01 20:43:17
Balance: $205.94 | Regime: CHOP | Session: 0W/0L (0%) | PnL: $+0.00
[Ticker] KXETH15M-26APR011645-45
[Market] YES=1.00 | NO=0.02 | Sum=1.02 | no arb
[Timing] Window is 13 min old - skipping
[Cycle] No signal — YES=1.00 is between 0.25 and 0.75, sum=1.02 ≥ 0.97

==================================================
Cycle 29 | 2026-04-01 20:44:17
Balance: $205.94 | Regime: CHOP | Session: 0W/0L (0%) | PnL: $+0.00
[Ticker] KXETH15M-26APR011645-45
[Market] YES=1.00 | NO=0.00 | Sum=1.00 | no arb
[Timing] Window is 14 min old - skipping
[Cycle] No signal — YES=1.00 is between 0.25 and 0.75, sum=1.00 ≥ 0.97

==================================================
Cycle 30 | 2026-04-01 20:45:17
Balance: $205.94 | Regime: CHOP | Session: 0W/0L (0%) | PnL: $+0.00
[Ticker] KXETH15M-26APR011645-45
[Market] YES=1.00 | NO=0.00 | Sum=1.00 | no arb
[Timing] Window is 0 min old - skipping
[Cycle] No signal — YES=1.00 is between 0.25 and 0.75, sum=1.00 ≥ 0.97

==================================================
Cycle 31 | 2026-04-01 20:46:18
Balance: $205.94 | Regime: CHOP | Session: 0W/0L (0%) | PnL: $+0.00
[Ticker] KXETH15M-26APR011700-00
[Market] YES=0.57 | NO=0.44 | Sum=1.01 | no arb
[Cycle] No signal — YES=0.57 is between 0.25 and 0.75, sum=1.01 ≥ 0.97

==================================================
Cycle 32 | 2026-04-01 20:47:18
Balance: $205.94 | Regime: CHOP | Session: 0W/0L (0%) | PnL: $+0.00
[Ticker] KXETH15M-26APR011700-00
[Market] YES=0.68 | NO=0.34 | Sum=1.02 | no arb
[Cycle] No signal — YES=0.68 is between 0.25 and 0.75, sum=1.02 ≥ 0.97

==================================================
Cycle 33 | 2026-04-01 20:48:19
Balance: $205.94 | Regime: CHOP | Session: 0W/0L (0%) | PnL: $+0.00
[Ticker] KXETH15M-26APR011700-00
[Market] YES=0.78 | NO=0.24 | Sum=1.02 | no arb
[Signal] UP candidate | yes=0.78 | waiting for confirmation (1/2)
[Cycle] No signal — YES=0.78 is between 0.25 and 0.75, sum=1.02 ≥ 0.97

==================================================
Cycle 34 | 2026-04-01 20:49:19
Balance: $205.94 | Regime: CHOP | Session: 0W/0L (0%) | PnL: $+0.00
[Ticker] KXETH15M-26APR011700-00
[Market] YES=0.72 | NO=0.30 | Sum=1.02 | no arb
[Cycle] No signal — YES=0.72 is between 0.25 and 0.75, sum=1.02 ≥ 0.97

==================================================
Cycle 35 | 2026-04-01 20:50:19
Balance: $205.94 | Regime: CHOP | Session: 0W/0L (0%) | PnL: $+0.00
[Ticker] KXETH15M-26APR011700-00
[Market] YES=0.82 | NO=0.20 | Sum=1.02 | no arb
[Timing] Window is 5 min old - skipping
[Cycle] No signal — YES=0.82 is between 0.25 and 0.75, sum=1.02 ≥ 0.97

==================================================
Cycle 36 | 2026-04-01 20:51:20
Balance: $205.94 | Regime: CHOP | Session: 0W/0L (0%) | PnL: $+0.00
[Ticker] KXETH15M-26APR011700-00
[Market] YES=0.89 | NO=0.13 | Sum=1.02 | no arb
[Timing] Window is 6 min old - skipping
[Cycle] No signal — YES=0.89 is between 0.25 and 0.75, sum=1.02 ≥ 0.97

==================================================
Cycle 37 | 2026-04-01 20:52:20
Balance: $205.94 | Regime: CHOP | Session: 0W/0L (0%) | PnL: $+0.00
[Ticker] KXETH15M-26APR011700-00
[Market] YES=0.96 | NO=0.06 | Sum=1.02 | no arb
[Timing] Window is 7 min old - skipping
[Cycle] No signal — YES=0.96 is between 0.25 and 0.75, sum=1.02 ≥ 0.97

==================================================
Cycle 38 | 2026-04-01 20:53:21
Balance: $205.94 | Regime: CHOP | Session: 0W/0L (0%) | PnL: $+0.00
[Ticker] KXETH15M-26APR011700-00
[Market] YES=0.97 | NO=0.04 | Sum=1.00 | no arb
[Timing] Window is 8 min old - skipping
[Cycle] No signal — YES=0.97 is between 0.25 and 0.75, sum=1.00 ≥ 0.97

==================================================
Cycle 39 | 2026-04-01 20:54:21
Balance: $205.94 | Regime: CHOP | Session: 0W/0L (0%) | PnL: $+0.00
[Ticker] KXETH15M-26APR011700-00
[Market] YES=0.99 | NO=0.02 | Sum=1.00 | no arb
[Timing] Window is 9 min old - skipping
[Cycle] No signal — YES=0.99 is between 0.25 and 0.75, sum=1.00 ≥ 0.97

==================================================
Cycle 40 | 2026-04-01 20:55:22
Balance: $205.94 | Regime: CHOP | Session: 0W/0L (0%) | PnL: $+0.00
[Ticker] KXETH15M-26APR011700-00
[Market] YES=0.96 | NO=0.06 | Sum=1.02 | no arb
[Timing] Window is 10 min old - skipping
[Cycle] No signal — YES=0.96 is between 0.25 and 0.75, sum=1.02 ≥ 0.97

==================================================
Cycle 41 | 2026-04-01 20:56:22
Balance: $205.94 | Regime: CHOP | Session: 0W/0L (0%) | PnL: $+0.00
[Ticker] KXETH15M-26APR011700-00
[Market] YES=0.99 | NO=0.03 | Sum=1.02 | no arb
[Timing] Window is 11 min old - skipping
[Cycle] No signal — YES=0.99 is between 0.25 and 0.75, sum=1.02 ≥ 0.97

==================================================
Cycle 42 | 2026-04-01 20:57:23
Balance: $205.94 | Regime: CHOP | Session: 0W/0L (0%) | PnL: $+0.00
[Ticker] KXETH15M-26APR011700-00
[Market] YES=0.99 | NO=0.02 | Sum=1.01 | no arb
[Timing] Window is 12 min old - skipping
[Cycle] No signal — YES=0.99 is between 0.25 and 0.75, sum=1.01 ≥ 0.97

==================================================
Cycle 43 | 2026-04-01 20:58:23
Balance: $205.94 | Regime: CHOP | Session: 0W/0L (0%) | PnL: $+0.00
[Ticker] KXETH15M-26APR011700-00
[Market] YES=1.00 | NO=0.01 | Sum=1.00 | no arb
[Timing] Window is 13 min old - skipping
[Cycle] No signal — YES=1.00 is between 0.25 and 0.75, sum=1.00 ≥ 0.97

==================================================
Cycle 44 | 2026-04-01 20:59:23
Balance: $205.94 | Regime: CHOP | Session: 0W/0L (0%) | PnL: $+0.00
[Ticker] KXETH15M-26APR011700-00
[Market] YES=1.00 | NO=0.01 | Sum=1.00 | no arb
[Timing] Window is 14 min old - skipping
[Cycle] No signal — YES=1.00 is between 0.25 and 0.75, sum=1.00 ≥ 0.97

==================================================
Cycle 45 | 2026-04-01 21:00:24
Balance: $205.94 | Regime: CHOP | Session: 0W/0L (0%) | PnL: $+0.00
[Ticker] KXETH15M-26APR011700-00
[Market] YES=1.00 | NO=1.00 | Sum=2.00 | no arb
[Timing] Window is 0 min old - skipping
[Cycle] No signal — YES=1.00 is between 0.25 and 0.75, sum=2.00 ≥ 0.97

==================================================
Cycle 46 | 2026-04-01 21:01:24
Balance: $205.94 | Regime: CHOP | Session: 0W/0L (0%) | PnL: $+0.00
[Ticker] KXETH15M-26APR011715-15
[Market] YES=0.50 | NO=0.51 | Sum=1.01 | no arb
[Cycle] No signal — YES=0.50 is between 0.25 and 0.75, sum=1.01 ≥ 0.97

==================================================
Cycle 47 | 2026-04-01 21:02:25
Balance: $205.94 | Regime: CHOP | Session: 0W/0L (0%) | PnL: $+0.00
[Ticker] KXETH15M-26APR011715-15
[Market] YES=0.52 | NO=0.51 | Sum=1.03 | no arb
[Cycle] No signal — YES=0.52 is between 0.25 and 0.75, sum=1.03 ≥ 0.97

==================================================
Cycle 48 | 2026-04-01 21:03:25
Balance: $205.94 | Regime: CHOP | Session: 0W/0L (0%) | PnL: $+0.00
[Ticker] KXETH15M-26APR011715-15
[Market] YES=0.49 | NO=0.54 | Sum=1.03 | no arb
[Cycle] No signal — YES=0.49 is between 0.25 and 0.75, sum=1.03 ≥ 0.97

==================================================
Cycle 49 | 2026-04-01 21:04:26
Balance: $205.94 | Regime: CHOP | Session: 0W/0L (0%) | PnL: $+0.00
[Ticker] KXETH15M-26APR011715-15
[Market] YES=0.84 | NO=0.17 | Sum=1.01 | no arb
[Signal] UP candidate | yes=0.84 | waiting for confirmation (1/2)
[Cycle] No signal — YES=0.84 is between 0.25 and 0.75, sum=1.01 ≥ 0.97

==================================================
Cycle 50 | 2026-04-01 21:05:26
Balance: $205.94 | Regime: CHOP | Session: 0W/0L (0%) | PnL: $+0.00
[Ticker] KXETH15M-26APR011715-15
[Market] YES=0.93 | NO=0.08 | Sum=1.01 | no arb
[Timing] Window is 5 min old - skipping
[Cycle] No signal — YES=0.93 is between 0.25 and 0.75, sum=1.01 ≥ 0.97

==================================================
Cycle 51 | 2026-04-01 21:06:27
Balance: $205.94 | Regime: CHOP | Session: 0W/0L (0%) | PnL: $+0.00
[Ticker] KXETH15M-26APR011715-15
[Market] YES=0.94 | NO=0.07 | Sum=1.01 | no arb
[Timing] Window is 6 min old - skipping
[Cycle] No signal — YES=0.94 is between 0.25 and 0.75, sum=1.01 ≥ 0.97

==================================================
Cycle 52 | 2026-04-01 21:07:27
Balance: $205.94 | Regime: CHOP | Session: 0W/0L (0%) | PnL: $+0.00
[Ticker] KXETH15M-26APR011715-15
[Market] YES=0.96 | NO=0.06 | Sum=1.02 | no arb
[Timing] Window is 7 min old - skipping
[Cycle] No signal — YES=0.96 is between 0.25 and 0.75, sum=1.02 ≥ 0.97

==================================================
Cycle 53 | 2026-04-01 21:08:27
Balance: $205.94 | Regime: CHOP | Session: 0W/0L (0%) | PnL: $+0.00
[Ticker] KXETH15M-26APR011715-15
[Market] YES=0.99 | NO=0.02 | Sum=1.01 | no arb
[Timing] Window is 8 min old - skipping
[Cycle] No signal — YES=0.99 is between 0.25 and 0.75, sum=1.01 ≥ 0.97

==================================================
Cycle 54 | 2026-04-01 21:09:28
Balance: $205.94 | Regime: CHOP | Session: 0W/0L (0%) | PnL: $+0.00
[Ticker] KXETH15M-26APR011715-15
[Market] YES=0.99 | NO=0.01 | Sum=1.00 | no arb
[Timing] Window is 9 min old - skipping
[Cycle] No signal — YES=0.99 is between 0.25 and 0.75, sum=1.00 ≥ 0.97

==================================================
Cycle 55 | 2026-04-01 21:10:28
Balance: $205.94 | Regime: CHOP | Session: 0W/0L (0%) | PnL: $+0.00
[Ticker] KXETH15M-26APR011715-15
[Market] YES=1.00 | NO=0.01 | Sum=1.01 | no arb
[Timing] Window is 10 min old - skipping
[Cycle] No signal — YES=1.00 is between 0.25 and 0.75, sum=1.01 ≥ 0.97

==================================================
Cycle 56 | 2026-04-01 21:11:29
Balance: $205.94 | Regime: CHOP | Session: 0W/0L (0%) | PnL: $+0.00
[Ticker] KXETH15M-26APR011715-15
[Market] YES=1.00 | NO=0.01 | Sum=1.00 | no arb
[Timing] Window is 11 min old - skipping
[Cycle] No signal — YES=1.00 is between 0.25 and 0.75, sum=1.00 ≥ 0.97

==================================================
Cycle 57 | 2026-04-01 21:12:29
Balance: $205.94 | Regime: CHOP | Session: 0W/0L (0%) | PnL: $+0.00
[Ticker] KXETH15M-26APR011715-15
[Market] YES=1.00 | NO=0.00 | Sum=1.00 | no arb
[Timing] Window is 12 min old - skipping
[Cycle] No signal — YES=1.00 is between 0.25 and 0.75, sum=1.00 ≥ 0.97

==================================================
Cycle 58 | 2026-04-01 21:13:30
Balance: $205.94 | Regime: CHOP | Session: 0W/0L (0%) | PnL: $+0.00
[Ticker] KXETH15M-26APR011715-15
[Market] YES=1.00 | NO=0.00 | Sum=1.00 | no arb
[Timing] Window is 13 min old - skipping
[Cycle] No signal — YES=1.00 is between 0.25 and 0.75, sum=1.00 ≥ 0.97

==================================================
Cycle 59 | 2026-04-01 21:14:30
Balance: $205.94 | Regime: CHOP | Session: 0W/0L (0%) | PnL: $+0.00
[Ticker] KXETH15M-26APR011715-15
[Market] YES=1.00 | NO=0.00 | Sum=1.00 | no arb
[Timing] Window is 14 min old - skipping
[Cycle] No signal — YES=1.00 is between 0.25 and 0.75, sum=1.00 ≥ 0.97

==================================================
Cycle 60 | 2026-04-01 21:15:30
Balance: $205.94 | Regime: CHOP | Session: 0W/0L (0%) | PnL: $+0.00
[Ticker] KXETH15M-26APR011730-30
[Market] YES=0.49 | NO=0.55 | Sum=1.04 | no arb
[Cycle] No signal — YES=0.49 is between 0.25 and 0.75, sum=1.04 ≥ 0.97

==================================================
Cycle 61 | 2026-04-01 21:16:31
Balance: $205.94 | Regime: CHOP | Session: 0W/0L (0%) | PnL: $+0.00
[Ticker] KXETH15M-26APR011730-30
[Market] YES=0.52 | NO=0.50 | Sum=1.02 | no arb
[Cycle] No signal — YES=0.52 is between 0.25 and 0.75, sum=1.02 ≥ 0.97

==================================================
Cycle 62 | 2026-04-01 21:17:31
Balance: $205.94 | Regime: CHOP | Session: 0W/0L (0%) | PnL: $+0.00
[Ticker] KXETH15M-26APR011730-30
[Market] YES=0.63 | NO=0.39 | Sum=1.02 | no arb
[Cycle] No signal — YES=0.63 is between 0.25 and 0.75, sum=1.02 ≥ 0.97

==================================================
Cycle 63 | 2026-04-01 21:18:32
Balance: $205.94 | Regime: CHOP | Session: 0W/0L (0%) | PnL: $+0.00
[Ticker] KXETH15M-26APR011730-30
[Market] YES=0.64 | NO=0.39 | Sum=1.03 | no arb
[Cycle] No signal — YES=0.64 is between 0.25 and 0.75, sum=1.03 ≥ 0.97

==================================================
Cycle 64 | 2026-04-01 21:19:32
Balance: $205.94 | Regime: CHOP | Session: 0W/0L (0%) | PnL: $+0.00
[Ticker] KXETH15M-26APR011730-30
[Market] YES=0.68 | NO=0.36 | Sum=1.04 | no arb
[Cycle] No signal — YES=0.68 is between 0.25 and 0.75, sum=1.04 ≥ 0.97

==================================================
Cycle 65 | 2026-04-01 21:20:32
Balance: $194.84 | Regime: CHOP | Session: 0W/0L (0%) | PnL: $+0.00
[Ticker] KXETH15M-26APR011730-30
[Market] YES=0.72 | NO=0.31 | Sum=1.03 | no arb
[Cycle] No signal — YES=0.72 is between 0.25 and 0.75, sum=1.03 ≥ 0.97

==================================================
Cycle 66 | 2026-04-01 21:21:33
Balance: $194.84 | Regime: CHOP | Session: 0W/0L (0%) | PnL: $+0.00
[Ticker] KXETH15M-26APR011730-30
[Market] YES=0.72 | NO=0.30 | Sum=1.02 | no arb
[Cycle] No signal — YES=0.72 is between 0.25 and 0.75, sum=1.02 ≥ 0.97

==================================================
Cycle 67 | 2026-04-01 21:22:33
Balance: $194.84 | Regime: CHOP | Session: 0W/0L (0%) | PnL: $+0.00
[Ticker] KXETH15M-26APR011730-30
[Market] YES=0.86 | NO=0.15 | Sum=1.01 | no arb
[Timing] Window is 7 min old - skipping
[Cycle] No signal — YES=0.86 is between 0.25 and 0.75, sum=1.01 ≥ 0.97

==================================================
Cycle 68 | 2026-04-01 21:23:34
Balance: $194.84 | Regime: CHOP | Session: 0W/0L (0%) | PnL: $+0.00
[Ticker] KXETH15M-26APR011730-30
[Market] YES=0.88 | NO=0.14 | Sum=1.02 | no arb
[Timing] Window is 8 min old - skipping
[Cycle] No signal — YES=0.88 is between 0.25 and 0.75, sum=1.02 ≥ 0.97

==================================================
Cycle 69 | 2026-04-01 21:24:34
Balance: $194.84 | Regime: CHOP | Session: 0W/0L (0%) | PnL: $+0.00
[Ticker] KXETH15M-26APR011730-30
[Market] YES=0.94 | NO=0.06 | Sum=1.00 | no arb
[Timing] Window is 9 min old - skipping
[Cycle] No signal — YES=0.94 is between 0.25 and 0.75, sum=1.00 ≥ 0.97

==================================================
Cycle 70 | 2026-04-01 21:25:35
Balance: $194.84 | Regime: CHOP | Session: 0W/0L (0%) | PnL: $+0.00
[Ticker] KXETH15M-26APR011730-30
[Market] YES=0.97 | NO=0.04 | Sum=1.01 | no arb
[Timing] Window is 10 min old - skipping
[Cycle] No signal — YES=0.97 is between 0.25 and 0.75, sum=1.01 ≥ 0.97

==================================================
Cycle 71 | 2026-04-01 21:26:35
Balance: $194.84 | Regime: CHOP | Session: 0W/0L (0%) | PnL: $+0.00
[Ticker] KXETH15M-26APR011730-30
[Market] YES=1.00 | NO=0.01 | Sum=1.01 | no arb
[Timing] Window is 11 min old - skipping
[Cycle] No signal — YES=1.00 is between 0.25 and 0.75, sum=1.01 ≥ 0.97

==================================================
Cycle 72 | 2026-04-01 21:27:35
Balance: $194.84 | Regime: CHOP | Session: 0W/0L (0%) | PnL: $+0.00
[Ticker] KXETH15M-26APR011730-30
[Market] YES=1.00 | NO=0.01 | Sum=1.01 | no arb
[Timing] Window is 12 min old - skipping
[Cycle] No signal — YES=1.00 is between 0.25 and 0.75, sum=1.01 ≥ 0.97

==================================================
Cycle 73 | 2026-04-01 21:28:36
Balance: $194.84 | Regime: CHOP | Session: 0W/0L (0%) | PnL: $+0.00
[Ticker] KXETH15M-26APR011730-30
[Market] YES=1.00 | NO=0.00 | Sum=1.00 | no arb
[Timing] Window is 13 min old - skipping
[Cycle] No signal — YES=1.00 is between 0.25 and 0.75, sum=1.00 ≥ 0.97

==================================================
Cycle 74 | 2026-04-01 21:29:36
Balance: $194.84 | Regime: CHOP | Session: 0W/0L (0%) | PnL: $+0.00
[Ticker] KXETH15M-26APR011730-30
[Market] YES=1.00 | NO=0.00 | Sum=1.00 | no arb
[Timing] Window is 14 min old - skipping
[Cycle] No signal — YES=1.00 is between 0.25 and 0.75, sum=1.00 ≥ 0.97

==================================================
Cycle 75 | 2026-04-01 21:30:37
Balance: $194.84 | Regime: CHOP | Session: 0W/0L (0%) | PnL: $+0.00
[Ticker] KXETH15M-26APR011745-45
[Market] YES=0.52 | NO=0.54 | Sum=1.06 | no arb
[Cycle] No signal — YES=0.52 is between 0.25 and 0.75, sum=1.06 ≥ 0.97

==================================================
Cycle 76 | 2026-04-01 21:31:37
Balance: $207.84 | Regime: CHOP | Session: 0W/0L (0%) | PnL: $+0.00
[Ticker] KXETH15M-26APR011745-45
[Market] YES=0.53 | NO=0.49 | Sum=1.02 | no arb
[Cycle] No signal — YES=0.53 is between 0.25 and 0.75, sum=1.02 ≥ 0.97

==================================================
Cycle 77 | 2026-04-01 21:32:38
Balance: $207.84 | Regime: CHOP | Session: 0W/0L (0%) | PnL: $+0.00
[Ticker] KXETH15M-26APR011745-45
[Market] YES=0.55 | NO=0.47 | Sum=1.02 | no arb
[Cycle] No signal — YES=0.55 is between 0.25 and 0.75, sum=1.02 ≥ 0.97

==================================================
Cycle 78 | 2026-04-01 21:33:38
Balance: $207.84 | Regime: CHOP | Session: 0W/0L (0%) | PnL: $+0.00
[Ticker] KXETH15M-26APR011745-45
[Market] YES=0.71 | NO=0.31 | Sum=1.02 | no arb
[Cycle] No signal — YES=0.71 is between 0.25 and 0.75, sum=1.02 ≥ 0.97

==================================================
Cycle 79 | 2026-04-01 21:34:39
Balance: $207.84 | Regime: CHOP | Session: 0W/0L (0%) | PnL: $+0.00
[Ticker] KXETH15M-26APR011745-45
[Market] YES=0.67 | NO=0.34 | Sum=1.01 | no arb
[Cycle] No signal — YES=0.67 is between 0.25 and 0.75, sum=1.01 ≥ 0.97

==================================================
Cycle 80 | 2026-04-01 21:35:39
Balance: $207.84 | Regime: CHOP | Session: 0W/0L (0%) | PnL: $+0.00
[Ticker] KXETH15M-26APR011745-45
[Market] YES=0.59 | NO=0.44 | Sum=1.03 | no arb
[Cycle] No signal — YES=0.59 is between 0.25 and 0.75, sum=1.03 ≥ 0.97

==================================================
Cycle 81 | 2026-04-01 21:36:39
Balance: $207.84 | Regime: CHOP | Session: 0W/0L (0%) | PnL: $+0.00
[Ticker] KXETH15M-26APR011745-45
[Market] YES=0.53 | NO=0.50 | Sum=1.03 | no arb
[Cycle] No signal — YES=0.53 is between 0.25 and 0.75, sum=1.03 ≥ 0.97

==================================================
Cycle 82 | 2026-04-01 21:37:40
Balance: $207.84 | Regime: CHOP | Session: 0W/0L (0%) | PnL: $+0.00
[Ticker] KXETH15M-26APR011745-45
[Market] YES=0.65 | NO=0.37 | Sum=1.02 | no arb
[Cycle] No signal — YES=0.65 is between 0.25 and 0.75, sum=1.02 ≥ 0.97

==================================================
Cycle 83 | 2026-04-01 21:38:40
Balance: $207.84 | Regime: CHOP | Session: 0W/0L (0%) | PnL: $+0.00
[Ticker] KXETH15M-26APR011745-45
[Market] YES=0.60 | NO=0.41 | Sum=1.01 | no arb
[Cycle] No signal — YES=0.60 is between 0.25 and 0.75, sum=1.01 ≥ 0.97

==================================================
Cycle 84 | 2026-04-01 21:39:41
Balance: $207.84 | Regime: CHOP | Session: 0W/0L (0%) | PnL: $+0.00
[Ticker] KXETH15M-26APR011745-45
[Market] YES=0.74 | NO=0.28 | Sum=1.02 | no arb
[Cycle] No signal — YES=0.74 is between 0.25 and 0.75, sum=1.02 ≥ 0.97

==================================================
Cycle 85 | 2026-04-01 21:40:41
Balance: $207.84 | Regime: CHOP | Session: 0W/0L (0%) | PnL: $+0.00
[Ticker] KXETH15M-26APR011745-45
[Market] YES=0.72 | NO=0.31 | Sum=1.03 | no arb
[Cycle] No signal — YES=0.72 is between 0.25 and 0.75, sum=1.03 ≥ 0.97

==================================================
Cycle 86 | 2026-04-01 21:41:42
Balance: $207.84 | Regime: CHOP | Session: 0W/0L (0%) | PnL: $+0.00
[Ticker] KXETH15M-26APR011745-45
[Market] YES=0.68 | NO=0.35 | Sum=1.03 | no arb
[Cycle] No signal — YES=0.68 is between 0.25 and 0.75, sum=1.03 ≥ 0.97

==================================================
Cycle 87 | 2026-04-01 21:42:42
Balance: $207.84 | Regime: CHOP | Session: 0W/0L (0%) | PnL: $+0.00
[Ticker] KXETH15M-26APR011745-45
[Market] YES=0.78 | NO=0.26 | Sum=1.04 | no arb
[Timing] Window is 12 min old - skipping
[Cycle] No signal — YES=0.78 is between 0.25 and 0.75, sum=1.04 ≥ 0.97

==================================================
Cycle 88 | 2026-04-01 21:43:43
Balance: $207.84 | Regime: CHOP | Session: 0W/0L (0%) | PnL: $+0.00
[Ticker] KXETH15M-26APR011745-45
[Market] YES=0.96 | NO=0.05 | Sum=1.00 | no arb
[Timing] Window is 13 min old - skipping
[Cycle] No signal — YES=0.96 is between 0.25 and 0.75, sum=1.00 ≥ 0.97

==================================================
Cycle 89 | 2026-04-01 21:44:43
Balance: $207.84 | Regime: CHOP | Session: 0W/0L (0%) | PnL: $+0.00
[Ticker] KXETH15M-26APR011745-45
[Market] YES=1.00 | NO=0.04 | Sum=1.04 | no arb
[Timing] Window is 14 min old - skipping
[Cycle] No signal — YES=1.00 is between 0.25 and 0.75, sum=1.04 ≥ 0.97

==================================================
Cycle 90 | 2026-04-01 21:45:43
Balance: $207.84 | Regime: CHOP | Session: 0W/0L (0%) | PnL: $+0.00
[Ticker] KXETH15M-26APR011800-00
[Market] YES=0.29 | NO=0.78 | Sum=1.07 | no arb
[Cycle] No signal — YES=0.29 is between 0.25 and 0.75, sum=1.07 ≥ 0.97

==================================================
Cycle 91 | 2026-04-01 21:46:44
Balance: $207.84 | Regime: CHOP | Session: 0W/0L (0%) | PnL: $+0.00
[Ticker] KXETH15M-26APR011800-00
[Market] YES=0.42 | NO=0.60 | Sum=1.02 | no arb
[Cycle] No signal — YES=0.42 is between 0.25 and 0.75, sum=1.02 ≥ 0.97

==================================================
Cycle 92 | 2026-04-01 21:47:44
Balance: $207.84 | Regime: CHOP | Session: 0W/0L (0%) | PnL: $+0.00
[Ticker] KXETH15M-26APR011800-00
[Market] YES=0.30 | NO=0.72 | Sum=1.02 | no arb
[Cycle] No signal — YES=0.30 is between 0.25 and 0.75, sum=1.02 ≥ 0.97

==================================================
Cycle 93 | 2026-04-01 21:48:45
Balance: $207.84 | Regime: CHOP | Session: 0W/0L (0%) | PnL: $+0.00
[Ticker] KXETH15M-26APR011800-00
[Market] YES=0.46 | NO=0.57 | Sum=1.03 | no arb
[Cycle] No signal — YES=0.46 is between 0.25 and 0.75, sum=1.03 ≥ 0.97

==================================================
Cycle 94 | 2026-04-01 21:49:45
Balance: $207.84 | Regime: CHOP | Session: 0W/0L (0%) | PnL: $+0.00
[Ticker] KXETH15M-26APR011800-00
[Market] YES=0.44 | NO=0.59 | Sum=1.03 | no arb
[Cycle] No signal — YES=0.44 is between 0.25 and 0.75, sum=1.03 ≥ 0.97

==================================================
Cycle 95 | 2026-04-01 21:50:46
Balance: $207.84 | Regime: CHOP | Session: 0W/0L (0%) | PnL: $+0.00
[Ticker] KXETH15M-26APR011800-00
[Market] YES=0.51 | NO=0.53 | Sum=1.04 | no arb
[Cycle] No signal — YES=0.51 is between 0.25 and 0.75, sum=1.04 ≥ 0.97

==================================================
Cycle 96 | 2026-04-01 21:51:46
Balance: $207.84 | Regime: CHOP | Session: 0W/0L (0%) | PnL: $+0.00
[Ticker] KXETH15M-26APR011800-00
[Market] YES=0.18 | NO=0.83 | Sum=1.01 | no arb
[Timing] Window is 6 min old - skipping
[Cycle] No signal — YES=0.18 is between 0.25 and 0.75, sum=1.01 ≥ 0.97

==================================================
Cycle 97 | 2026-04-01 21:52:46
Balance: $207.84 | Regime: CHOP | Session: 0W/0L (0%) | PnL: $+0.00
[Ticker] KXETH15M-26APR011800-00
[Market] YES=0.14 | NO=0.87 | Sum=1.01 | no arb
[Timing] Window is 7 min old - skipping
[Cycle] No signal — YES=0.14 is between 0.25 and 0.75, sum=1.01 ≥ 0.97

==================================================
Cycle 98 | 2026-04-01 21:53:47
Balance: $207.84 | Regime: CHOP | Session: 0W/0L (0%) | PnL: $+0.00
[Ticker] KXETH15M-26APR011800-00
[Market] YES=0.12 | NO=0.89 | Sum=1.01 | no arb
[Timing] Window is 8 min old - skipping
[Cycle] No signal — YES=0.12 is between 0.25 and 0.75, sum=1.01 ≥ 0.97

==================================================
Cycle 99 | 2026-04-01 21:54:47
Balance: $207.84 | Regime: CHOP | Session: 0W/0L (0%) | PnL: $+0.00
[Ticker] KXETH15M-26APR011800-00
[Market] YES=0.26 | NO=0.78 | Sum=1.04 | no arb
[Cycle] No signal — YES=0.26 is between 0.25 and 0.75, sum=1.04 ≥ 0.97

==================================================
Cycle 100 | 2026-04-01 21:55:48
Balance: $207.84 | Regime: CHOP | Session: 0W/0L (0%) | PnL: $+0.00
[Ticker] KXETH15M-26APR011800-00
[Market] YES=0.19 | NO=0.82 | Sum=1.01 | no arb
[Timing] Window is 10 min old - skipping
[Cycle] No signal — YES=0.19 is between 0.25 and 0.75, sum=1.01 ≥ 0.97

==================================================
Cycle 101 | 2026-04-01 21:56:48
Balance: $207.84 | Regime: CHOP | Session: 0W/0L (0%) | PnL: $+0.00
[Ticker] KXETH15M-26APR011800-00
[Market] YES=0.25 | NO=0.76 | Sum=1.01 | no arb
[Cycle] No signal — YES=0.25 is between 0.25 and 0.75, sum=1.01 ≥ 0.97

==================================================
Cycle 102 | 2026-04-01 21:57:48
Balance: $207.84 | Regime: CHOP | Session: 0W/0L (0%) | PnL: $+0.00
[Ticker] KXETH15M-26APR011800-00
[Market] YES=0.62 | NO=0.41 | Sum=1.03 | no arb
[Cycle] No signal — YES=0.62 is between 0.25 and 0.75, sum=1.03 ≥ 0.97

==================================================
Cycle 103 | 2026-04-01 21:58:49
Balance: $207.84 | Regime: CHOP | Session: 0W/0L (0%) | PnL: $+0.00
[Ticker] KXETH15M-26APR011800-00
[Market] YES=1.00 | NO=0.01 | Sum=1.01 | no arb
[Timing] Window is 13 min old - skipping
[Cycle] No signal — YES=1.00 is between 0.25 and 0.75, sum=1.01 ≥ 0.97

==================================================
Cycle 104 | 2026-04-01 21:59:49
Balance: $207.84 | Regime: CHOP | Session: 0W/0L (0%) | PnL: $+0.00
[Ticker] KXETH15M-26APR011800-00
[Market] YES=1.00 | NO=0.01 | Sum=1.01 | no arb
[Timing] Window is 14 min old - skipping
[Cycle] No signal — YES=1.00 is between 0.25 and 0.75, sum=1.01 ≥ 0.97

==================================================
Cycle 105 | 2026-04-01 22:00:50
Balance: $207.84 | Regime: CHOP | Session: 0W/0L (0%) | PnL: $+0.00
[Ticker] KXETH15M-26APR011815-15
[Market] YES=0.35 | NO=0.68 | Sum=1.03 | no arb
[Cycle] No signal — YES=0.35 is between 0.25 and 0.75, sum=1.03 ≥ 0.97

==================================================
Cycle 106 | 2026-04-01 22:01:50
Balance: $207.84 | Regime: CHOP | Session: 0W/0L (0%) | PnL: $+0.00
[Ticker] KXETH15M-26APR011815-15
[Market] YES=0.34 | NO=0.69 | Sum=1.03 | no arb
[Cycle] No signal — YES=0.34 is between 0.25 and 0.75, sum=1.03 ≥ 0.97

==================================================
Cycle 107 | 2026-04-01 22:02:50
Balance: $207.84 | Regime: CHOP | Session: 0W/0L (0%) | PnL: $+0.00
[Ticker] KXETH15M-26APR011815-15
[Market] YES=0.25 | NO=0.78 | Sum=1.03 | no arb
[Cycle] No signal — YES=0.25 is between 0.25 and 0.75, sum=1.03 ≥ 0.97

==================================================
Cycle 108 | 2026-04-01 22:03:51
Balance: $207.84 | Regime: CHOP | Session: 0W/0L (0%) | PnL: $+0.00
[Ticker] KXETH15M-26APR011815-15
[Market] YES=0.16 | NO=0.86 | Sum=1.02 | no arb
[Signal] DOWN candidate | yes=0.16 | waiting for confirmation (1/2)
[Cycle] No signal — YES=0.16 is between 0.25 and 0.75, sum=1.02 ≥ 0.97

==================================================
Cycle 109 | 2026-04-01 22:04:51
Balance: $207.84 | Regime: CHOP | Session: 0W/0L (0%) | PnL: $+0.00
[Ticker] KXETH15M-26APR011815-15
[Market] YES=0.15 | NO=0.86 | Sum=1.01 | no arb
[Binance] ✅ Confirms DOWN | spot=$2153 strike=$2159 gap=-6 (0.29%)
[Signal] ✅ CONFIRMED DOWN | yes=0.15 | edge=0.35 | consecutive=2 | bet=$0.50
[TOD] Skipping trade — bad hour for this bot
[Cycle] No signal — YES=0.15 is between 0.25 and 0.75, sum=1.01 ≥ 0.97

==================================================
Cycle 110 | 2026-04-01 22:05:53
Balance: $207.84 | Regime: CHOP | Session: 0W/0L (0%) | PnL: $+0.00
[Ticker] KXETH15M-26APR011815-15
[Market] YES=0.04 | NO=0.96 | Sum=1.00 | no arb
[Timing] Window is 5 min old - skipping
[Cycle] No signal — YES=0.04 is between 0.25 and 0.75, sum=1.00 ≥ 0.97

==================================================
Cycle 111 | 2026-04-01 22:06:53
Balance: $207.84 | Regime: CHOP | Session: 0W/0L (0%) | PnL: $+0.00
[Ticker] KXETH15M-26APR011815-15
[Market] YES=0.05 | NO=0.97 | Sum=1.02 | no arb
[Timing] Window is 6 min old - skipping
[Cycle] No signal — YES=0.05 is between 0.25 and 0.75, sum=1.02 ≥ 0.97

==================================================
Cycle 112 | 2026-04-01 22:07:53
Balance: $207.84 | Regime: CHOP | Session: 0W/0L (0%) | PnL: $+0.00
[Ticker] KXETH15M-26APR011815-15
[Market] YES=0.06 | NO=0.96 | Sum=1.02 | no arb
[Timing] Window is 7 min old - skipping
[Cycle] No signal — YES=0.06 is between 0.25 and 0.75, sum=1.02 ≥ 0.97

==================================================
Cycle 113 | 2026-04-01 22:08:54
Balance: $207.84 | Regime: CHOP | Session: 0W/0L (0%) | PnL: $+0.00
[Ticker] KXETH15M-26APR011815-15
[Market] YES=0.04 | NO=0.97 | Sum=1.01 | no arb
[Timing] Window is 8 min old - skipping
[Cycle] No signal — YES=0.04 is between 0.25 and 0.75, sum=1.01 ≥ 0.97

==================================================
Cycle 114 | 2026-04-01 22:09:54
Balance: $207.84 | Regime: CHOP | Session: 0W/0L (0%) | PnL: $+0.00
[Ticker] KXETH15M-26APR011815-15
[Market] YES=0.02 | NO=0.98 | Sum=1.00 | no arb
[Timing] Window is 9 min old - skipping
[Cycle] No signal — YES=0.02 is between 0.25 and 0.75, sum=1.00 ≥ 0.97

==================================================
Cycle 115 | 2026-04-01 22:10:55
Balance: $207.84 | Regime: CHOP | Session: 0W/0L (0%) | PnL: $+0.00
[Ticker] KXETH15M-26APR011815-15
[Market] YES=0.01 | NO=0.99 | Sum=1.00 | no arb
[Timing] Window is 10 min old - skipping
[Cycle] No signal — YES=0.01 is between 0.25 and 0.75, sum=1.00 ≥ 0.97

==================================================
Cycle 116 | 2026-04-01 22:11:55
Balance: $207.84 | Regime: CHOP | Session: 0W/0L (0%) | PnL: $+0.00
[Ticker] KXETH15M-26APR011815-15
[Market] YES=0.01 | NO=1.00 | Sum=1.01 | no arb
[Timing] Window is 11 min old - skipping
[Cycle] No signal — YES=0.01 is between 0.25 and 0.75, sum=1.01 ≥ 0.97

==================================================
Cycle 117 | 2026-04-01 22:12:56
Balance: $207.84 | Regime: CHOP | Session: 0W/0L (0%) | PnL: $+0.00
[Ticker] KXETH15M-26APR011815-15
[Market] YES=0.00 | NO=1.00 | Sum=1.00 | no arb
[Timing] Window is 12 min old - skipping
[Cycle] No signal — YES=0.00 is between 0.25 and 0.75, sum=1.00 ≥ 0.97

==================================================
Cycle 118 | 2026-04-01 22:13:56
Balance: $207.84 | Regime: CHOP | Session: 0W/0L (0%) | PnL: $+0.00
[Ticker] KXETH15M-26APR011815-15
[Market] YES=0.00 | NO=1.00 | Sum=1.00 | no arb
[Timing] Window is 13 min old - skipping
[Cycle] No signal — YES=0.00 is between 0.25 and 0.75, sum=1.00 ≥ 0.97

==================================================
Cycle 119 | 2026-04-01 22:14:56
Balance: $207.84 | Regime: CHOP | Session: 0W/0L (0%) | PnL: $+0.00
[Ticker] KXETH15M-26APR011815-15
[Market] YES=0.00 | NO=1.00 | Sum=1.00 | no arb
[Timing] Window is 14 min old - skipping
[Cycle] No signal — YES=0.00 is between 0.25 and 0.75, sum=1.00 ≥ 0.97

==================================================
Cycle 120 | 2026-04-01 22:15:57
Balance: $207.84 | Regime: CHOP | Session: 0W/0L (0%) | PnL: $+0.00
[Ticker] KXETH15M-26APR011830-30
[Market] YES=0.29 | NO=0.74 | Sum=1.03 | no arb
[Cycle] No signal — YES=0.29 is between 0.25 and 0.75, sum=1.03 ≥ 0.97

==================================================
Cycle 121 | 2026-04-01 22:16:57
Balance: $207.84 | Regime: CHOP | Session: 0W/0L (0%) | PnL: $+0.00
[Ticker] KXETH15M-26APR011830-30
[Market] YES=0.22 | NO=0.80 | Sum=1.02 | no arb
[Signal] DOWN candidate | yes=0.22 | waiting for confirmation (1/2)
[Cycle] No signal — YES=0.22 is between 0.25 and 0.75, sum=1.02 ≥ 0.97

==================================================
Cycle 122 | 2026-04-01 22:17:58
Balance: $207.84 | Regime: CHOP | Session: 0W/0L (0%) | PnL: $+0.00
[Ticker] KXETH15M-26APR011830-30
[Market] YES=0.18 | NO=0.83 | Sum=1.01 | no arb
[Binance] ✅ Confirms DOWN | spot=$2145 strike=$2151 gap=-5 (0.25%)
[Signal] ✅ CONFIRMED DOWN | yes=0.18 | edge=0.32 | consecutive=2 | bet=$0.50
[TOD] Skipping trade — bad hour for this bot
[Cycle] No signal — YES=0.18 is between 0.25 and 0.75, sum=1.01 ≥ 0.97

==================================================
Cycle 123 | 2026-04-01 22:18:58
Balance: $207.84 | Regime: CHOP | Session: 0W/0L (0%) | PnL: $+0.00
[Ticker] KXETH15M-26APR011830-30
[Market] YES=0.11 | NO=0.91 | Sum=1.02 | no arb
[Binance] ✅ Confirms DOWN | spot=$2144 strike=$2151 gap=-7 (0.33%)
[Signal] ✅ CONFIRMED DOWN | yes=0.11 | edge=0.39 | consecutive=2 | bet=$0.00
[TOD] Skipping trade — bad hour for this bot
[Cycle] No signal — YES=0.11 is between 0.25 and 0.75, sum=1.02 ≥ 0.97

==================================================
Cycle 124 | 2026-04-01 22:19:59
Balance: $207.84 | Regime: CHOP | Session: 0W/0L (0%) | PnL: $+0.00
[Ticker] KXETH15M-26APR011830-30
[Market] YES=0.09 | NO=0.93 | Sum=1.01 | no arb
[Binance] ✅ Confirms DOWN | spot=$2144 strike=$2151 gap=-7 (0.31%)
[Signal] ✅ CONFIRMED DOWN | yes=0.09 | edge=0.41 | consecutive=2 | bet=$0.00
[TOD] Skipping trade — bad hour for this bot
[Cycle] No signal — YES=0.09 is between 0.25 and 0.75, sum=1.01 ≥ 0.97

==================================================
Cycle 125 | 2026-04-01 22:21:00
Balance: $207.84 | Regime: CHOP | Session: 0W/0L (0%) | PnL: $+0.00
[Ticker] KXETH15M-26APR011830-30
[Market] YES=0.15 | NO=0.86 | Sum=1.01 | no arb
[Timing] Window is 6 min old - skipping
[Cycle] No signal — YES=0.15 is between 0.25 and 0.75, sum=1.01 ≥ 0.97

==================================================
Cycle 126 | 2026-04-01 22:22:00
Balance: $207.84 | Regime: CHOP | Session: 0W/0L (0%) | PnL: $+0.00
[Ticker] KXETH15M-26APR011830-30
[Market] YES=0.10 | NO=0.92 | Sum=1.02 | no arb
[Timing] Window is 7 min old - skipping
[Cycle] No signal — YES=0.10 is between 0.25 and 0.75, sum=1.02 ≥ 0.97

==================================================
Cycle 127 | 2026-04-01 22:23:01
Balance: $207.84 | Regime: CHOP | Session: 0W/0L (0%) | PnL: $+0.00
[Ticker] KXETH15M-26APR011830-30
[Market] YES=0.09 | NO=0.92 | Sum=1.01 | no arb
[Timing] Window is 8 min old - skipping
[Cycle] No signal — YES=0.09 is between 0.25 and 0.75, sum=1.01 ≥ 0.97

==================================================
Cycle 128 | 2026-04-01 22:24:01
Balance: $207.84 | Regime: CHOP | Session: 0W/0L (0%) | PnL: $+0.00
[Ticker] KXETH15M-26APR011830-30
[Market] YES=0.40 | NO=0.63 | Sum=1.03 | no arb
[Cycle] No signal — YES=0.40 is between 0.25 and 0.75, sum=1.03 ≥ 0.97

==================================================
Cycle 129 | 2026-04-01 22:25:01
Balance: $207.84 | Regime: CHOP | Session: 0W/0L (0%) | PnL: $+0.00
[Ticker] KXETH15M-26APR011830-30
[Market] YES=0.52 | NO=0.50 | Sum=1.02 | no arb
[Cycle] No signal — YES=0.52 is between 0.25 and 0.75, sum=1.02 ≥ 0.97

==================================================
Cycle 130 | 2026-04-01 22:26:02
Balance: $207.84 | Regime: CHOP | Session: 0W/0L (0%) | PnL: $+0.00
[Ticker] KXETH15M-26APR011830-30
[Market] YES=0.34 | NO=0.68 | Sum=1.02 | no arb
[Cycle] No signal — YES=0.34 is between 0.25 and 0.75, sum=1.02 ≥ 0.97

==================================================
Cycle 131 | 2026-04-01 22:27:02
Balance: $207.84 | Regime: CHOP | Session: 0W/0L (0%) | PnL: $+0.00
[Ticker] KXETH15M-26APR011830-30
[Market] YES=0.26 | NO=0.78 | Sum=1.04 | no arb
[Cycle] No signal — YES=0.26 is between 0.25 and 0.75, sum=1.04 ≥ 0.97

==================================================
Cycle 132 | 2026-04-01 22:28:03
Balance: $207.84 | Regime: CHOP | Session: 0W/0L (0%) | PnL: $+0.00
[Ticker] KXETH15M-26APR011830-30
[Market] YES=0.10 | NO=0.92 | Sum=1.02 | no arb
[Timing] Window is 13 min old - skipping
[Cycle] No signal — YES=0.10 is between 0.25 and 0.75, sum=1.02 ≥ 0.97

==================================================
Cycle 133 | 2026-04-01 22:29:03
Balance: $207.84 | Regime: CHOP | Session: 0W/0L (0%) | PnL: $+0.00
[Ticker] KXETH15M-26APR011830-30
[Market] YES=0.01 | NO=1.00 | Sum=1.00 | no arb
[Timing] Window is 14 min old - skipping
[Cycle] No signal — YES=0.01 is between 0.25 and 0.75, sum=1.00 ≥ 0.97

==================================================
Cycle 134 | 2026-04-01 22:30:04
Balance: $207.84 | Regime: CHOP | Session: 0W/0L (0%) | PnL: $+0.00
[Ticker] KXETH15M-26APR011830-30
[Market] YES=1.00 | NO=1.00 | Sum=2.00 | no arb
[Timing] Window is 0 min old - skipping
[Cycle] No signal — YES=1.00 is between 0.25 and 0.75, sum=2.00 ≥ 0.97

==================================================
Cycle 135 | 2026-04-01 22:31:04
Balance: $207.84 | Regime: CHOP | Session: 0W/0L (0%) | PnL: $+0.00
[Ticker] KXETH15M-26APR011845-45
[Market] YES=0.42 | NO=0.60 | Sum=1.02 | no arb
[Cycle] No signal — YES=0.42 is between 0.25 and 0.75, sum=1.02 ≥ 0.97

==================================================
Cycle 136 | 2026-04-01 22:32:05
Balance: $207.84 | Regime: CHOP | Session: 0W/0L (0%) | PnL: $+0.00
[Ticker] KXETH15M-26APR011845-45
[Market] YES=0.25 | NO=0.76 | Sum=1.01 | no arb
[Cycle] No signal — YES=0.25 is between 0.25 and 0.75, sum=1.01 ≥ 0.97

==================================================
Cycle 137 | 2026-04-01 22:33:05
Balance: $207.84 | Regime: CHOP | Session: 0W/0L (0%) | PnL: $+0.00
[Ticker] KXETH15M-26APR011845-45
[Market] YES=0.37 | NO=0.64 | Sum=1.01 | no arb
[Cycle] No signal — YES=0.37 is between 0.25 and 0.75, sum=1.01 ≥ 0.97

==================================================
Cycle 138 | 2026-04-01 22:34:06
Balance: $207.84 | Regime: CHOP | Session: 0W/0L (0%) | PnL: $+0.00
[Ticker] KXETH15M-26APR011845-45
[Market] YES=0.37 | NO=0.64 | Sum=1.01 | no arb
[Cycle] No signal — YES=0.37 is between 0.25 and 0.75, sum=1.01 ≥ 0.97

==================================================
Cycle 139 | 2026-04-01 22:35:06
Balance: $207.84 | Regime: CHOP | Session: 0W/0L (0%) | PnL: $+0.00
[Ticker] KXETH15M-26APR011845-45
[Market] YES=0.39 | NO=0.64 | Sum=1.03 | no arb
[Cycle] No signal — YES=0.39 is between 0.25 and 0.75, sum=1.03 ≥ 0.97

==================================================
Cycle 140 | 2026-04-01 22:36:07
Balance: $207.84 | Regime: CHOP | Session: 0W/0L (0%) | PnL: $+0.00
[Ticker] KXETH15M-26APR011845-45
[Market] YES=0.25 | NO=0.76 | Sum=1.01 | no arb
[Cycle] No signal — YES=0.25 is between 0.25 and 0.75, sum=1.01 ≥ 0.97

==================================================
Cycle 141 | 2026-04-01 22:37:07
Balance: $207.84 | Regime: CHOP | Session: 0W/0L (0%) | PnL: $+0.00
[Ticker] KXETH15M-26APR011845-45
[Market] YES=0.22 | NO=0.80 | Sum=1.02 | no arb
[Timing] Window is 7 min old - skipping
[Cycle] No signal — YES=0.22 is between 0.25 and 0.75, sum=1.02 ≥ 0.97

==================================================
Cycle 142 | 2026-04-01 22:38:08
Balance: $207.84 | Regime: CHOP | Session: 0W/0L (0%) | PnL: $+0.00
[Ticker] KXETH15M-26APR011845-45
[Market] YES=0.14 | NO=0.88 | Sum=1.02 | no arb
[Timing] Window is 8 min old - skipping
[Cycle] No signal — YES=0.14 is between 0.25 and 0.75, sum=1.02 ≥ 0.97

==================================================
Cycle 143 | 2026-04-01 22:39:08
Balance: $207.84 | Regime: CHOP | Session: 0W/0L (0%) | PnL: $+0.00
[Ticker] KXETH15M-26APR011845-45
[Market] YES=0.20 | NO=0.83 | Sum=1.03 | no arb
[Timing] Window is 9 min old - skipping
[Cycle] No signal — YES=0.20 is between 0.25 and 0.75, sum=1.03 ≥ 0.97

==================================================
Cycle 144 | 2026-04-01 22:40:08
Balance: $207.84 | Regime: CHOP | Session: 0W/0L (0%) | PnL: $+0.00
[Ticker] KXETH15M-26APR011845-45
[Market] YES=0.09 | NO=0.93 | Sum=1.02 | no arb
[Timing] Window is 10 min old - skipping
[Cycle] No signal — YES=0.09 is between 0.25 and 0.75, sum=1.02 ≥ 0.97

==================================================
Cycle 145 | 2026-04-01 22:41:09
Balance: $207.84 | Regime: CHOP | Session: 0W/0L (0%) | PnL: $+0.00
[Ticker] KXETH15M-26APR011845-45
[Market] YES=0.07 | NO=0.95 | Sum=1.02 | no arb
[Timing] Window is 11 min old - skipping
[Cycle] No signal — YES=0.07 is between 0.25 and 0.75, sum=1.02 ≥ 0.97

==================================================
Cycle 146 | 2026-04-01 22:42:09
Balance: $207.84 | Regime: CHOP | Session: 0W/0L (0%) | PnL: $+0.00
[Ticker] KXETH15M-26APR011845-45
[Market] YES=0.64 | NO=0.38 | Sum=1.02 | no arb
[Cycle] No signal — YES=0.64 is between 0.25 and 0.75, sum=1.02 ≥ 0.97

==================================================
Cycle 147 | 2026-04-01 22:43:10
Balance: $207.84 | Regime: CHOP | Session: 0W/0L (0%) | PnL: $+0.00
[Ticker] KXETH15M-26APR011845-45
[Market] YES=0.39 | NO=0.63 | Sum=1.02 | no arb
[Cycle] No signal — YES=0.39 is between 0.25 and 0.75, sum=1.02 ≥ 0.97

==================================================
Cycle 148 | 2026-04-01 22:44:10
Balance: $207.84 | Regime: CHOP | Session: 0W/0L (0%) | PnL: $+0.00
[Ticker] KXETH15M-26APR011845-45
[Market] YES=0.11 | NO=0.97 | Sum=1.08 | no arb
[Timing] Window is 14 min old - skipping
[Cycle] No signal — YES=0.11 is between 0.25 and 0.75, sum=1.08 ≥ 0.97

==================================================
Cycle 149 | 2026-04-01 22:45:10
Balance: $207.84 | Regime: CHOP | Session: 0W/0L (0%) | PnL: $+0.00
[Ticker] KXETH15M-26APR011900-00
[Market] YES=0.58 | NO=0.44 | Sum=1.02 | no arb
[Cycle] No signal — YES=0.58 is between 0.25 and 0.75, sum=1.02 ≥ 0.97

==================================================
Cycle 150 | 2026-04-01 22:46:11
Balance: $207.84 | Regime: CHOP | Session: 0W/0L (0%) | PnL: $+0.00
[Ticker] KXETH15M-26APR011900-00
[Market] YES=0.53 | NO=0.51 | Sum=1.04 | no arb
[Cycle] No signal — YES=0.53 is between 0.25 and 0.75, sum=1.04 ≥ 0.97

==================================================
Cycle 151 | 2026-04-01 22:47:11
Balance: $207.84 | Regime: CHOP | Session: 0W/0L (0%) | PnL: $+0.00
[Ticker] KXETH15M-26APR011900-00
[Market] YES=0.52 | NO=0.51 | Sum=1.03 | no arb
[Cycle] No signal — YES=0.52 is between 0.25 and 0.75, sum=1.03 ≥ 0.97

==================================================
Cycle 152 | 2026-04-01 22:48:12
Balance: $207.84 | Regime: CHOP | Session: 0W/0L (0%) | PnL: $+0.00
[Ticker] KXETH15M-26APR011900-00
[Market] YES=0.47 | NO=0.57 | Sum=1.04 | no arb
[Cycle] No signal — YES=0.47 is between 0.25 and 0.75, sum=1.04 ≥ 0.97

==================================================
Cycle 153 | 2026-04-01 22:49:12
Balance: $207.84 | Regime: CHOP | Session: 0W/0L (0%) | PnL: $+0.00
[Ticker] KXETH15M-26APR011900-00
[Market] YES=0.29 | NO=0.74 | Sum=1.03 | no arb
[Cycle] No signal — YES=0.29 is between 0.25 and 0.75, sum=1.03 ≥ 0.97

==================================================
Cycle 154 | 2026-04-01 22:50:13
Balance: $207.84 | Regime: CHOP | Session: 0W/0L (0%) | PnL: $+0.00
[Ticker] KXETH15M-26APR011900-00
[Market] YES=0.18 | NO=0.83 | Sum=1.01 | no arb
[Timing] Window is 5 min old - skipping
[Cycle] No signal — YES=0.18 is between 0.25 and 0.75, sum=1.01 ≥ 0.97

==================================================
Cycle 155 | 2026-04-01 22:51:13
Balance: $207.84 | Regime: CHOP | Session: 0W/0L (0%) | PnL: $+0.00
[Ticker] KXETH15M-26APR011900-00
[Market] YES=0.07 | NO=0.94 | Sum=1.00 | no arb
[Timing] Window is 6 min old - skipping
[Cycle] No signal — YES=0.07 is between 0.25 and 0.75, sum=1.00 ≥ 0.97

==================================================
Cycle 156 | 2026-04-01 22:52:14
Balance: $207.84 | Regime: CHOP | Session: 0W/0L (0%) | PnL: $+0.00
[Ticker] KXETH15M-26APR011900-00
[Market] YES=0.05 | NO=0.97 | Sum=1.01 | no arb
[Timing] Window is 7 min old - skipping
[Cycle] No signal — YES=0.05 is between 0.25 and 0.75, sum=1.01 ≥ 0.97

==================================================
Cycle 157 | 2026-04-01 22:53:14
Balance: $207.84 | Regime: CHOP | Session: 0W/0L (0%) | PnL: $+0.00
[Ticker] KXETH15M-26APR011900-00
[Market] YES=0.06 | NO=0.96 | Sum=1.01 | no arb
[Timing] Window is 8 min old - skipping
[Cycle] No signal — YES=0.06 is between 0.25 and 0.75, sum=1.01 ≥ 0.97

==================================================
Cycle 158 | 2026-04-01 22:54:15
Balance: $207.84 | Regime: CHOP | Session: 0W/0L (0%) | PnL: $+0.00
[Ticker] KXETH15M-26APR011900-00
[Market] YES=0.03 | NO=0.98 | Sum=1.01 | no arb
[Timing] Window is 9 min old - skipping
[Cycle] No signal — YES=0.03 is between 0.25 and 0.75, sum=1.01 ≥ 0.97

==================================================
Cycle 159 | 2026-04-01 22:55:15
Balance: $207.84 | Regime: CHOP | Session: 0W/0L (0%) | PnL: $+0.00
[Ticker] KXETH15M-26APR011900-00
[Market] YES=0.01 | NO=0.99 | Sum=1.00 | no arb
[Timing] Window is 10 min old - skipping
[Cycle] No signal — YES=0.01 is between 0.25 and 0.75, sum=1.00 ≥ 0.97

==================================================
Cycle 160 | 2026-04-01 22:56:16
Balance: $207.84 | Regime: CHOP | Session: 0W/0L (0%) | PnL: $+0.00
[Ticker] KXETH15M-26APR011900-00
[Market] YES=0.01 | NO=1.00 | Sum=1.01 | no arb
[Timing] Window is 11 min old - skipping
[Cycle] No signal — YES=0.01 is between 0.25 and 0.75, sum=1.01 ≥ 0.97

==================================================
Cycle 161 | 2026-04-01 22:57:16
Balance: $207.84 | Regime: CHOP | Session: 0W/0L (0%) | PnL: $+0.00
[Ticker] KXETH15M-26APR011900-00
[Market] YES=0.01 | NO=1.00 | Sum=1.00 | no arb
[Timing] Window is 12 min old - skipping
[Cycle] No signal — YES=0.01 is between 0.25 and 0.75, sum=1.00 ≥ 0.97

==================================================
Cycle 162 | 2026-04-01 22:58:16
Balance: $207.84 | Regime: CHOP | Session: 0W/0L (0%) | PnL: $+0.00
[Ticker] KXETH15M-26APR011900-00
[Market] YES=0.00 | NO=1.00 | Sum=1.00 | no arb
[Timing] Window is 13 min old - skipping
[Cycle] No signal — YES=0.00 is between 0.25 and 0.75, sum=1.00 ≥ 0.97

==================================================
Cycle 163 | 2026-04-01 22:59:17
Balance: $207.84 | Regime: CHOP | Session: 0W/0L (0%) | PnL: $+0.00
[Ticker] KXETH15M-26APR011900-00
[Market] YES=0.00 | NO=1.00 | Sum=1.00 | no arb
[Timing] Window is 14 min old - skipping
[Cycle] No signal — YES=0.00 is between 0.25 and 0.75, sum=1.00 ≥ 0.97

==================================================
Cycle 164 | 2026-04-01 23:00:17
Balance: $207.84 | Regime: CHOP | Session: 0W/0L (0%) | PnL: $+0.00
[Ticker] KXETH15M-26APR011900-00
[Market] YES=1.00 | NO=1.00 | Sum=2.00 | no arb
[Timing] Window is 0 min old - skipping
[Cycle] No signal — YES=1.00 is between 0.25 and 0.75, sum=2.00 ≥ 0.97

==================================================
Cycle 165 | 2026-04-01 23:01:18
Balance: $207.84 | Regime: CHOP | Session: 0W/0L (0%) | PnL: $+0.00
[Ticker] KXETH15M-26APR011915-15
[Market] YES=0.51 | NO=0.53 | Sum=1.04 | no arb
[Cycle] No signal — YES=0.51 is between 0.25 and 0.75, sum=1.04 ≥ 0.97

==================================================
Cycle 166 | 2026-04-01 23:02:18
Balance: $207.84 | Regime: CHOP | Session: 0W/0L (0%) | PnL: $+0.00
[Ticker] KXETH15M-26APR011915-15
[Market] YES=0.73 | NO=0.30 | Sum=1.03 | no arb
[Cycle] No signal — YES=0.73 is between 0.25 and 0.75, sum=1.03 ≥ 0.97

==================================================
Cycle 167 | 2026-04-01 23:03:18
Balance: $207.84 | Regime: CHOP | Session: 0W/0L (0%) | PnL: $+0.00
[Ticker] KXETH15M-26APR011915-15
[Market] YES=0.68 | NO=0.34 | Sum=1.02 | no arb
[Cycle] No signal — YES=0.68 is between 0.25 and 0.75, sum=1.02 ≥ 0.97

==================================================
Cycle 168 | 2026-04-01 23:04:19
Balance: $207.84 | Regime: CHOP | Session: 0W/0L (0%) | PnL: $+0.00
[Ticker] KXETH15M-26APR011915-15
[Market] YES=0.74 | NO=0.28 | Sum=1.02 | no arb
[Cycle] No signal — YES=0.74 is between 0.25 and 0.75, sum=1.02 ≥ 0.97

==================================================
Cycle 169 | 2026-04-01 23:05:19
Balance: $207.84 | Regime: CHOP | Session: 0W/0L (0%) | PnL: $+0.00
[Ticker] KXETH15M-26APR011915-15
[Market] YES=0.82 | NO=0.19 | Sum=1.01 | no arb
[Timing] Window is 5 min old - skipping
[Cycle] No signal — YES=0.82 is between 0.25 and 0.75, sum=1.01 ≥ 0.97

==================================================
Cycle 170 | 2026-04-01 23:06:20
Balance: $207.84 | Regime: CHOP | Session: 0W/0L (0%) | PnL: $+0.00
[Ticker] KXETH15M-26APR011915-15
[Market] YES=0.93 | NO=0.08 | Sum=1.01 | no arb
[Timing] Window is 6 min old - skipping
[Cycle] No signal — YES=0.93 is between 0.25 and 0.75, sum=1.01 ≥ 0.97

==================================================
Cycle 171 | 2026-04-01 23:07:20
Balance: $207.84 | Regime: CHOP | Session: 0W/0L (0%) | PnL: $+0.00
[Ticker] KXETH15M-26APR011915-15
[Market] YES=0.86 | NO=0.16 | Sum=1.02 | no arb
[Timing] Window is 7 min old - skipping
[Cycle] No signal — YES=0.86 is between 0.25 and 0.75, sum=1.02 ≥ 0.97

==================================================
Cycle 172 | 2026-04-01 23:08:21
Balance: $207.84 | Regime: CHOP | Session: 0W/0L (0%) | PnL: $+0.00
[Ticker] KXETH15M-26APR011915-15
[Market] YES=0.91 | NO=0.11 | Sum=1.02 | no arb
[Timing] Window is 8 min old - skipping
[Cycle] No signal — YES=0.91 is between 0.25 and 0.75, sum=1.02 ≥ 0.97

==================================================
Cycle 173 | 2026-04-01 23:09:21
Balance: $207.84 | Regime: CHOP | Session: 0W/0L (0%) | PnL: $+0.00
[Ticker] KXETH15M-26APR011915-15
[Market] YES=0.91 | NO=0.11 | Sum=1.02 | no arb
[Timing] Window is 9 min old - skipping
[Cycle] No signal — YES=0.91 is between 0.25 and 0.75, sum=1.02 ≥ 0.97

==================================================
Cycle 174 | 2026-04-01 23:10:22
Balance: $207.84 | Regime: CHOP | Session: 0W/0L (0%) | PnL: $+0.00
[Ticker] KXETH15M-26APR011915-15
[Market] YES=0.91 | NO=0.11 | Sum=1.02 | no arb
[Timing] Window is 10 min old - skipping
[Cycle] No signal — YES=0.91 is between 0.25 and 0.75, sum=1.02 ≥ 0.97

==================================================
Cycle 175 | 2026-04-01 23:11:22
Balance: $207.84 | Regime: CHOP | Session: 0W/0L (0%) | PnL: $+0.00
[Ticker] KXETH15M-26APR011915-15
[Market] YES=0.72 | NO=0.29 | Sum=1.01 | no arb
[Cycle] No signal — YES=0.72 is between 0.25 and 0.75, sum=1.01 ≥ 0.97

==================================================
Cycle 176 | 2026-04-01 23:12:22
Balance: $207.84 | Regime: CHOP | Session: 0W/0L (0%) | PnL: $+0.00
[Ticker] KXETH15M-26APR011915-15
[Market] YES=0.84 | NO=0.17 | Sum=1.01 | no arb
[Timing] Window is 12 min old - skipping
[Cycle] No signal — YES=0.84 is between 0.25 and 0.75, sum=1.01 ≥ 0.97

==================================================
Cycle 177 | 2026-04-01 23:13:23
Balance: $207.84 | Regime: CHOP | Session: 0W/0L (0%) | PnL: $+0.00
[Ticker] KXETH15M-26APR011915-15
[Market] YES=0.84 | NO=0.18 | Sum=1.02 | no arb
[Timing] Window is 13 min old - skipping
[Cycle] No signal — YES=0.84 is between 0.25 and 0.75, sum=1.02 ≥ 0.97

==================================================
Cycle 178 | 2026-04-01 23:14:23
Balance: $207.84 | Regime: CHOP | Session: 0W/0L (0%) | PnL: $+0.00
[Ticker] KXETH15M-26APR011915-15
[Market] YES=1.00 | NO=0.01 | Sum=1.00 | no arb
[Timing] Window is 14 min old - skipping
[Cycle] No signal — YES=1.00 is between 0.25 and 0.75, sum=1.00 ≥ 0.97

==================================================
Cycle 179 | 2026-04-01 23:15:24
Balance: $207.84 | Regime: CHOP | Session: 0W/0L (0%) | PnL: $+0.00
[Ticker] KXETH15M-26APR011915-15
[Market] YES=1.00 | NO=1.00 | Sum=2.00 | no arb
[Timing] Window is 0 min old - skipping
[Cycle] No signal — YES=1.00 is between 0.25 and 0.75, sum=2.00 ≥ 0.97

==================================================
Cycle 180 | 2026-04-01 23:16:24
Balance: $207.84 | Regime: CHOP | Session: 0W/0L (0%) | PnL: $+0.00
[Ticker] KXETH15M-26APR011930-30
[Market] YES=0.31 | NO=0.70 | Sum=1.01 | no arb
[Cycle] No signal — YES=0.31 is between 0.25 and 0.75, sum=1.01 ≥ 0.97

==================================================
Cycle 181 | 2026-04-01 23:17:24
Balance: $207.84 | Regime: CHOP | Session: 0W/0L (0%) | PnL: $+0.00
[Ticker] KXETH15M-26APR011930-30
[Market] YES=0.45 | NO=0.57 | Sum=1.02 | no arb
[Cycle] No signal — YES=0.45 is between 0.25 and 0.75, sum=1.02 ≥ 0.97

==================================================
Cycle 182 | 2026-04-01 23:18:25
Balance: $207.84 | Regime: CHOP | Session: 0W/0L (0%) | PnL: $+0.00
[Ticker] KXETH15M-26APR011930-30
[Market] YES=0.31 | NO=0.71 | Sum=1.02 | no arb
[Cycle] No signal — YES=0.31 is between 0.25 and 0.75, sum=1.02 ≥ 0.97

==================================================
Cycle 183 | 2026-04-01 23:19:25
Balance: $207.84 | Regime: CHOP | Session: 0W/0L (0%) | PnL: $+0.00
[Ticker] KXETH15M-26APR011930-30
[Market] YES=0.23 | NO=0.79 | Sum=1.02 | no arb
[Signal] DOWN candidate | yes=0.23 | waiting for confirmation (1/2)
[Cycle] No signal — YES=0.23 is between 0.25 and 0.75, sum=1.02 ≥ 0.97

==================================================
Cycle 184 | 2026-04-01 23:20:26
Balance: $207.84 | Regime: CHOP | Session: 0W/0L (0%) | PnL: $+0.00
[Ticker] KXETH15M-26APR011930-30
[Market] YES=0.24 | NO=0.77 | Sum=1.01 | no arb
[Timing] Window is 5 min old - skipping
[Cycle] No signal — YES=0.24 is between 0.25 and 0.75, sum=1.01 ≥ 0.97

==================================================
Cycle 185 | 2026-04-01 23:21:26
Balance: $207.84 | Regime: CHOP | Session: 0W/0L (0%) | PnL: $+0.00
[Ticker] KXETH15M-26APR011930-30
[Market] YES=0.23 | NO=0.79 | Sum=1.02 | no arb
[Timing] Window is 6 min old - skipping
[Cycle] No signal — YES=0.23 is between 0.25 and 0.75, sum=1.02 ≥ 0.97

==================================================
Cycle 186 | 2026-04-01 23:22:27
Balance: $207.84 | Regime: CHOP | Session: 0W/0L (0%) | PnL: $+0.00
[Ticker] KXETH15M-26APR011930-30
[Market] YES=0.25 | NO=0.76 | Sum=1.01 | no arb
[Cycle] No signal — YES=0.25 is between 0.25 and 0.75, sum=1.01 ≥ 0.97

==================================================
Cycle 187 | 2026-04-01 23:23:27
Balance: $207.84 | Regime: CHOP | Session: 0W/0L (0%) | PnL: $+0.00
[Ticker] KXETH15M-26APR011930-30
[Market] YES=0.19 | NO=0.84 | Sum=1.03 | no arb
[Timing] Window is 8 min old - skipping
[Cycle] No signal — YES=0.19 is between 0.25 and 0.75, sum=1.03 ≥ 0.97

==================================================
Cycle 188 | 2026-04-01 23:24:27
Balance: $207.84 | Regime: CHOP | Session: 0W/0L (0%) | PnL: $+0.00
[Ticker] KXETH15M-26APR011930-30
[Market] YES=0.25 | NO=0.76 | Sum=1.01 | no arb
[Cycle] No signal — YES=0.25 is between 0.25 and 0.75, sum=1.01 ≥ 0.97

==================================================
Cycle 189 | 2026-04-01 23:25:28
Balance: $207.84 | Regime: CHOP | Session: 0W/0L (0%) | PnL: $+0.00
[Ticker] KXETH15M-26APR011930-30
[Market] YES=0.14 | NO=0.87 | Sum=1.01 | no arb
[Timing] Window is 10 min old - skipping
[Cycle] No signal — YES=0.14 is between 0.25 and 0.75, sum=1.01 ≥ 0.97

==================================================
Cycle 190 | 2026-04-01 23:26:28
Balance: $207.84 | Regime: CHOP | Session: 0W/0L (0%) | PnL: $+0.00
[Ticker] KXETH15M-26APR011930-30
[Market] YES=0.12 | NO=0.90 | Sum=1.02 | no arb
[Timing] Window is 11 min old - skipping
[Cycle] No signal — YES=0.12 is between 0.25 and 0.75, sum=1.02 ≥ 0.97

==================================================
Cycle 191 | 2026-04-01 23:27:28
Balance: $207.84 | Regime: CHOP | Session: 0W/0L (0%) | PnL: $+0.00
[Ticker] KXETH15M-26APR011930-30
[Market] YES=0.15 | NO=0.87 | Sum=1.02 | no arb
[Timing] Window is 12 min old - skipping
[Cycle] No signal — YES=0.15 is between 0.25 and 0.75, sum=1.02 ≥ 0.97

==================================================
Cycle 192 | 2026-04-01 23:28:29
Balance: $207.84 | Regime: CHOP | Session: 0W/0L (0%) | PnL: $+0.00
[Ticker] KXETH15M-26APR011930-30
[Market] YES=0.19 | NO=0.82 | Sum=1.01 | no arb
[Timing] Window is 13 min old - skipping
[Cycle] No signal — YES=0.19 is between 0.25 and 0.75, sum=1.01 ≥ 0.97

==================================================
Cycle 193 | 2026-04-01 23:29:29
Balance: $207.84 | Regime: CHOP | Session: 0W/0L (0%) | PnL: $+0.00
[Ticker] KXETH15M-26APR011930-30
[Market] YES=0.01 | NO=1.00 | Sum=1.00 | no arb
[Timing] Window is 14 min old - skipping
[Cycle] No signal — YES=0.01 is between 0.25 and 0.75, sum=1.00 ≥ 0.97

==================================================
Cycle 194 | 2026-04-01 23:30:30
Balance: $207.84 | Regime: CHOP | Session: 0W/0L (0%) | PnL: $+0.00
[Ticker] KXETH15M-26APR011945-45
[Market] YES=0.39 | NO=0.62 | Sum=1.01 | no arb
[Cycle] No signal — YES=0.39 is between 0.25 and 0.75, sum=1.01 ≥ 0.97

==================================================
Cycle 195 | 2026-04-01 23:31:30
Balance: $207.84 | Regime: CHOP | Session: 0W/0L (0%) | PnL: $+0.00
[Ticker] KXETH15M-26APR011945-45
[Market] YES=0.30 | NO=0.74 | Sum=1.04 | no arb
[Cycle] No signal — YES=0.30 is between 0.25 and 0.75, sum=1.04 ≥ 0.97

==================================================
Cycle 196 | 2026-04-01 23:32:31
Balance: $207.84 | Regime: CHOP | Session: 0W/0L (0%) | PnL: $+0.00
[Ticker] KXETH15M-26APR011945-45
[Market] YES=0.17 | NO=0.85 | Sum=1.02 | no arb
[Signal] DOWN candidate | yes=0.17 | waiting for confirmation (1/2)
[Cycle] No signal — YES=0.17 is between 0.25 and 0.75, sum=1.02 ≥ 0.97

==================================================
Cycle 197 | 2026-04-01 23:33:31
Balance: $207.84 | Regime: CHOP | Session: 0W/0L (0%) | PnL: $+0.00
[Ticker] KXETH15M-26APR011945-45
[Market] YES=0.20 | NO=0.83 | Sum=1.03 | no arb
[Binance] ✅ Confirms DOWN | spot=$2138 strike=$2141 gap=-3 (0.14%)
[Signal] ✅ CONFIRMED DOWN | yes=0.20 | edge=0.30 | consecutive=2 | bet=$0.50
[TOD] Skipping trade — bad hour for this bot
[Cycle] No signal — YES=0.20 is between 0.25 and 0.75, sum=1.03 ≥ 0.97

==================================================
Cycle 198 | 2026-04-01 23:34:32
Balance: $207.84 | Regime: CHOP | Session: 0W/0L (0%) | PnL: $+0.00
[Ticker] KXETH15M-26APR011945-45
[Market] YES=0.36 | NO=0.65 | Sum=1.01 | no arb
[Cycle] No signal — YES=0.36 is between 0.25 and 0.75, sum=1.01 ≥ 0.97

==================================================
Cycle 199 | 2026-04-01 23:35:32
Balance: $207.84 | Regime: CHOP | Session: 0W/0L (0%) | PnL: $+0.00
[Ticker] KXETH15M-26APR011945-45
[Market] YES=0.62 | NO=0.40 | Sum=1.02 | no arb
[Cycle] No signal — YES=0.62 is between 0.25 and 0.75, sum=1.02 ≥ 0.97

==================================================
Cycle 200 | 2026-04-01 23:36:33
Balance: $207.84 | Regime: CHOP | Session: 0W/0L (0%) | PnL: $+0.00
[Ticker] KXETH15M-26APR011945-45
[Market] YES=0.71 | NO=0.30 | Sum=1.01 | no arb
[Cycle] No signal — YES=0.71 is between 0.25 and 0.75, sum=1.01 ≥ 0.97

==================================================
Cycle 201 | 2026-04-01 23:37:33
Balance: $207.84 | Regime: CHOP | Session: 0W/0L (0%) | PnL: $+0.00
[Ticker] KXETH15M-26APR011945-45
[Market] YES=0.72 | NO=0.31 | Sum=1.03 | no arb
[Cycle] No signal — YES=0.72 is between 0.25 and 0.75, sum=1.03 ≥ 0.97

==================================================
Cycle 202 | 2026-04-01 23:38:33
Balance: $207.84 | Regime: CHOP | Session: 0W/0L (0%) | PnL: $+0.00
[Ticker] KXETH15M-26APR011945-45
[Market] YES=0.69 | NO=0.35 | Sum=1.04 | no arb
[Cycle] No signal — YES=0.69 is between 0.25 and 0.75, sum=1.04 ≥ 0.97

==================================================
Cycle 203 | 2026-04-01 23:39:34
Balance: $207.84 | Regime: CHOP | Session: 0W/0L (0%) | PnL: $+0.00
[Ticker] KXETH15M-26APR011945-45
[Market] YES=0.67 | NO=0.35 | Sum=1.02 | no arb
[Cycle] No signal — YES=0.67 is between 0.25 and 0.75, sum=1.02 ≥ 0.97

==================================================
Cycle 204 | 2026-04-01 23:40:34
Balance: $207.84 | Regime: CHOP | Session: 0W/0L (0%) | PnL: $+0.00
[Ticker] KXETH15M-26APR011945-45
[Market] YES=0.70 | NO=0.32 | Sum=1.02 | no arb
[Cycle] No signal — YES=0.70 is between 0.25 and 0.75, sum=1.02 ≥ 0.97

==================================================
Cycle 205 | 2026-04-01 23:41:34
Balance: $207.84 | Regime: CHOP | Session: 0W/0L (0%) | PnL: $+0.00
[Ticker] KXETH15M-26APR011945-45
[Market] YES=0.82 | NO=0.19 | Sum=1.01 | no arb
[Timing] Window is 11 min old - skipping
[Cycle] No signal — YES=0.82 is between 0.25 and 0.75, sum=1.01 ≥ 0.97

==================================================
Cycle 206 | 2026-04-01 23:42:35
Balance: $207.84 | Regime: CHOP | Session: 0W/0L (0%) | PnL: $+0.00
[Ticker] KXETH15M-26APR011945-45
[Market] YES=0.90 | NO=0.12 | Sum=1.02 | no arb
[Timing] Window is 12 min old - skipping
[Cycle] No signal — YES=0.90 is between 0.25 and 0.75, sum=1.02 ≥ 0.97

==================================================
Cycle 207 | 2026-04-01 23:43:35
Balance: $207.84 | Regime: CHOP | Session: 0W/0L (0%) | PnL: $+0.00
[Ticker] KXETH15M-26APR011945-45
[Market] YES=0.99 | NO=0.02 | Sum=1.01 | no arb
[Timing] Window is 13 min old - skipping
[Cycle] No signal — YES=0.99 is between 0.25 and 0.75, sum=1.01 ≥ 0.97

==================================================
Cycle 208 | 2026-04-01 23:44:36
Balance: $207.84 | Regime: CHOP | Session: 0W/0L (0%) | PnL: $+0.00
[Ticker] KXETH15M-26APR011945-45
[Market] YES=1.00 | NO=0.00 | Sum=1.00 | no arb
[Timing] Window is 14 min old - skipping
[Cycle] No signal — YES=1.00 is between 0.25 and 0.75, sum=1.00 ≥ 0.97

==================================================
Cycle 209 | 2026-04-01 23:45:36
Balance: $207.84 | Regime: CHOP | Session: 0W/0L (0%) | PnL: $+0.00
[Ticker] KXETH15M-26APR012000-00
[Market] YES=0.43 | NO=0.59 | Sum=1.02 | no arb
[Cycle] No signal — YES=0.43 is between 0.25 and 0.75, sum=1.02 ≥ 0.97

==================================================
Cycle 210 | 2026-04-01 23:46:37
Balance: $207.84 | Regime: CHOP | Session: 0W/0L (0%) | PnL: $+0.00
[Ticker] KXETH15M-26APR012000-00
[Market] YES=0.44 | NO=0.59 | Sum=1.03 | no arb
[Cycle] No signal — YES=0.44 is between 0.25 and 0.75, sum=1.03 ≥ 0.97

==================================================
Cycle 211 | 2026-04-01 23:47:37
Balance: $207.84 | Regime: CHOP | Session: 0W/0L (0%) | PnL: $+0.00
[Ticker] KXETH15M-26APR012000-00
[Market] YES=0.41 | NO=0.60 | Sum=1.01 | no arb
[Cycle] No signal — YES=0.41 is between 0.25 and 0.75, sum=1.01 ≥ 0.97

==================================================
Cycle 212 | 2026-04-01 23:48:38
Balance: $207.84 | Regime: CHOP | Session: 0W/0L (0%) | PnL: $+0.00
[Ticker] KXETH15M-26APR012000-00
[Market] YES=0.38 | NO=0.64 | Sum=1.02 | no arb
[Cycle] No signal — YES=0.38 is between 0.25 and 0.75, sum=1.02 ≥ 0.97

==================================================
Cycle 213 | 2026-04-01 23:49:38
Balance: $207.84 | Regime: CHOP | Session: 0W/0L (0%) | PnL: $+0.00
[Ticker] KXETH15M-26APR012000-00
[Market] YES=0.39 | NO=0.62 | Sum=1.01 | no arb
[Cycle] No signal — YES=0.39 is between 0.25 and 0.75, sum=1.01 ≥ 0.97

==================================================
Cycle 214 | 2026-04-01 23:50:38
Balance: $207.84 | Regime: CHOP | Session: 0W/0L (0%) | PnL: $+0.00
[Ticker] KXETH15M-26APR012000-00
[Market] YES=0.38 | NO=0.66 | Sum=1.04 | no arb
[Cycle] No signal — YES=0.38 is between 0.25 and 0.75, sum=1.04 ≥ 0.97

==================================================
Cycle 215 | 2026-04-01 23:51:39
Balance: $207.84 | Regime: CHOP | Session: 0W/0L (0%) | PnL: $+0.00
[Ticker] KXETH15M-26APR012000-00
[Market] YES=0.20 | NO=0.82 | Sum=1.02 | no arb
[Timing] Window is 6 min old - skipping
[Cycle] No signal — YES=0.20 is between 0.25 and 0.75, sum=1.02 ≥ 0.97

==================================================
Cycle 216 | 2026-04-01 23:52:39
Balance: $207.84 | Regime: CHOP | Session: 0W/0L (0%) | PnL: $+0.00
[Ticker] KXETH15M-26APR012000-00
[Market] YES=0.23 | NO=0.79 | Sum=1.02 | no arb
[Timing] Window is 7 min old - skipping
[Cycle] No signal — YES=0.23 is between 0.25 and 0.75, sum=1.02 ≥ 0.97

==================================================
Cycle 217 | 2026-04-01 23:53:40
Balance: $207.84 | Regime: CHOP | Session: 0W/0L (0%) | PnL: $+0.00
[Ticker] KXETH15M-26APR012000-00
[Market] YES=0.25 | NO=0.77 | Sum=1.02 | no arb
[Cycle] No signal — YES=0.25 is between 0.25 and 0.75, sum=1.02 ≥ 0.97

==================================================
Cycle 218 | 2026-04-01 23:54:40
Balance: $207.84 | Regime: CHOP | Session: 0W/0L (0%) | PnL: $+0.00
[Ticker] KXETH15M-26APR012000-00
[Market] YES=0.22 | NO=0.79 | Sum=1.01 | no arb
[Timing] Window is 9 min old - skipping
[Cycle] No signal — YES=0.22 is between 0.25 and 0.75, sum=1.01 ≥ 0.97

==================================================
Cycle 219 | 2026-04-01 23:55:41
Balance: $207.84 | Regime: CHOP | Session: 0W/0L (0%) | PnL: $+0.00
[Ticker] KXETH15M-26APR012000-00
[Market] YES=0.19 | NO=0.82 | Sum=1.01 | no arb
[Timing] Window is 10 min old - skipping
[Cycle] No signal — YES=0.19 is between 0.25 and 0.75, sum=1.01 ≥ 0.97

==================================================
Cycle 220 | 2026-04-01 23:56:41
Balance: $207.84 | Regime: CHOP | Session: 0W/0L (0%) | PnL: $+0.00
[Ticker] KXETH15M-26APR012000-00
[Market] YES=0.03 | NO=0.97 | Sum=1.00 | no arb
[Timing] Window is 11 min old - skipping
[Cycle] No signal — YES=0.03 is between 0.25 and 0.75, sum=1.00 ≥ 0.97

==================================================
Cycle 221 | 2026-04-01 23:57:42
Balance: $207.84 | Regime: CHOP | Session: 0W/0L (0%) | PnL: $+0.00
[Ticker] KXETH15M-26APR012000-00
[Market] YES=0.01 | NO=1.00 | Sum=1.01 | no arb
[Timing] Window is 12 min old - skipping
[Cycle] No signal — YES=0.01 is between 0.25 and 0.75, sum=1.01 ≥ 0.97

==================================================
Cycle 222 | 2026-04-01 23:58:42
Balance: $207.84 | Regime: CHOP | Session: 0W/0L (0%) | PnL: $+0.00
[Ticker] KXETH15M-26APR012000-00
[Market] YES=0.01 | NO=1.00 | Sum=1.00 | no arb
[Timing] Window is 13 min old - skipping
[Cycle] No signal — YES=0.01 is between 0.25 and 0.75, sum=1.00 ≥ 0.97

==================================================
Cycle 223 | 2026-04-01 23:59:43
Balance: $207.84 | Regime: CHOP | Session: 0W/0L (0%) | PnL: $+0.00
[Ticker] KXETH15M-26APR012000-00
[Market] YES=0.00 | NO=1.00 | Sum=1.00 | no arb
[Timing] Window is 14 min old - skipping
[Cycle] No signal — YES=0.00 is between 0.25 and 0.75, sum=1.00 ≥ 0.97

==================================================
Cycle 224 | 2026-04-02 00:00:43
Balance: $207.84 | Regime: CHOP | Session: 0W/0L (0%) | PnL: $+0.00
[Ticker] KXETH15M-26APR012015-15
[Market] YES=0.45 | NO=0.59 | Sum=1.04 | no arb
[Cycle] No signal — YES=0.45 is between 0.25 and 0.75, sum=1.04 ≥ 0.97

==================================================
Cycle 225 | 2026-04-02 00:01:43
Balance: $207.84 | Regime: CHOP | Session: 0W/0L (0%) | PnL: $+0.00
[Ticker] KXETH15M-26APR012015-15
[Market] YES=0.62 | NO=0.39 | Sum=1.01 | no arb
[Cycle] No signal — YES=0.62 is between 0.25 and 0.75, sum=1.01 ≥ 0.97

==================================================
Cycle 226 | 2026-04-02 00:02:44
Balance: $207.84 | Regime: CHOP | Session: 0W/0L (0%) | PnL: $+0.00
[Ticker] KXETH15M-26APR012015-15
[Market] YES=0.39 | NO=0.63 | Sum=1.02 | no arb
[Cycle] No signal — YES=0.39 is between 0.25 and 0.75, sum=1.02 ≥ 0.97

==================================================
Cycle 227 | 2026-04-02 00:03:44
Balance: $207.84 | Regime: CHOP | Session: 0W/0L (0%) | PnL: $+0.00
[Ticker] KXETH15M-26APR012015-15
[Market] YES=0.25 | NO=0.76 | Sum=1.01 | no arb
[Cycle] No signal — YES=0.25 is between 0.25 and 0.75, sum=1.01 ≥ 0.97

==================================================
Cycle 228 | 2026-04-02 00:04:45
Balance: $207.84 | Regime: CHOP | Session: 0W/0L (0%) | PnL: $+0.00
[Ticker] KXETH15M-26APR012015-15
[Market] YES=0.51 | NO=0.50 | Sum=1.01 | no arb
[Cycle] No signal — YES=0.51 is between 0.25 and 0.75, sum=1.01 ≥ 0.97

==================================================
Cycle 229 | 2026-04-02 00:05:45
Balance: $207.84 | Regime: CHOP | Session: 0W/0L (0%) | PnL: $+0.00
[Ticker] KXETH15M-26APR012015-15
[Market] YES=0.38 | NO=0.64 | Sum=1.02 | no arb
[Cycle] No signal — YES=0.38 is between 0.25 and 0.75, sum=1.02 ≥ 0.97

==================================================
Cycle 230 | 2026-04-02 00:06:45
Balance: $207.84 | Regime: CHOP | Session: 0W/0L (0%) | PnL: $+0.00
[Ticker] KXETH15M-26APR012015-15
[Market] YES=0.63 | NO=0.40 | Sum=1.03 | no arb
[Cycle] No signal — YES=0.63 is between 0.25 and 0.75, sum=1.03 ≥ 0.97

==================================================
Cycle 231 | 2026-04-02 00:07:46
Balance: $207.84 | Regime: CHOP | Session: 0W/0L (0%) | PnL: $+0.00
[Ticker] KXETH15M-26APR012015-15
[Market] YES=0.42 | NO=0.60 | Sum=1.02 | no arb
[Cycle] No signal — YES=0.42 is between 0.25 and 0.75, sum=1.02 ≥ 0.97

==================================================
Cycle 232 | 2026-04-02 00:08:46
Balance: $207.84 | Regime: CHOP | Session: 0W/0L (0%) | PnL: $+0.00
[Ticker] KXETH15M-26APR012015-15
[Market] YES=0.52 | NO=0.50 | Sum=1.02 | no arb
[Cycle] No signal — YES=0.52 is between 0.25 and 0.75, sum=1.02 ≥ 0.97

==================================================
Cycle 233 | 2026-04-02 00:09:46
Balance: $207.84 | Regime: CHOP | Session: 0W/0L (0%) | PnL: $+0.00
[Ticker] KXETH15M-26APR012015-15
[Market] YES=0.56 | NO=0.48 | Sum=1.04 | no arb
[Cycle] No signal — YES=0.56 is between 0.25 and 0.75, sum=1.04 ≥ 0.97

==================================================
Cycle 234 | 2026-04-02 00:10:47
Balance: $207.84 | Regime: CHOP | Session: 0W/0L (0%) | PnL: $+0.00
[Ticker] KXETH15M-26APR012015-15
[Market] YES=0.77 | NO=0.24 | Sum=1.01 | no arb
[Timing] Window is 10 min old - skipping
[Cycle] No signal — YES=0.77 is between 0.25 and 0.75, sum=1.01 ≥ 0.97

==================================================
Cycle 235 | 2026-04-02 00:11:47
Balance: $207.84 | Regime: CHOP | Session: 0W/0L (0%) | PnL: $+0.00
[Ticker] KXETH15M-26APR012015-15
[Market] YES=0.65 | NO=0.36 | Sum=1.01 | no arb
[Cycle] No signal — YES=0.65 is between 0.25 and 0.75, sum=1.01 ≥ 0.97

==================================================
Cycle 236 | 2026-04-02 00:12:47
Balance: $207.84 | Regime: CHOP | Session: 0W/0L (0%) | PnL: $+0.00
[Ticker] KXETH15M-26APR012015-15
[Market] YES=0.15 | NO=0.87 | Sum=1.02 | no arb
[Timing] Window is 12 min old - skipping
[Cycle] No signal — YES=0.15 is between 0.25 and 0.75, sum=1.02 ≥ 0.97

==================================================
Cycle 237 | 2026-04-02 00:13:48
Balance: $207.84 | Regime: CHOP | Session: 0W/0L (0%) | PnL: $+0.00
[Ticker] KXETH15M-26APR012015-15
[Market] YES=0.93 | NO=0.08 | Sum=1.01 | no arb
[Timing] Window is 13 min old - skipping
[Cycle] No signal — YES=0.93 is between 0.25 and 0.75, sum=1.01 ≥ 0.97

==================================================
Cycle 238 | 2026-04-02 00:14:48
Balance: $207.84 | Regime: CHOP | Session: 0W/0L (0%) | PnL: $+0.00
[Ticker] KXETH15M-26APR012015-15
[Market] YES=1.00 | NO=0.01 | Sum=1.01 | no arb
[Timing] Window is 14 min old - skipping
[Cycle] No signal — YES=1.00 is between 0.25 and 0.75, sum=1.01 ≥ 0.97

==================================================
Cycle 239 | 2026-04-02 00:15:49
Balance: $207.84 | Regime: CHOP | Session: 0W/0L (0%) | PnL: $+0.00
[Ticker] KXETH15M-26APR012030-30
[Market] YES=0.43 | NO=0.61 | Sum=1.04 | no arb
[Cycle] No signal — YES=0.43 is between 0.25 and 0.75, sum=1.04 ≥ 0.97

==================================================
Cycle 240 | 2026-04-02 00:16:49
Balance: $207.84 | Regime: CHOP | Session: 0W/0L (0%) | PnL: $+0.00
[Ticker] KXETH15M-26APR012030-30
[Market] YES=0.42 | NO=0.61 | Sum=1.03 | no arb
[Cycle] No signal — YES=0.42 is between 0.25 and 0.75, sum=1.03 ≥ 0.97

==================================================
Cycle 241 | 2026-04-02 00:17:49
Balance: $207.84 | Regime: CHOP | Session: 0W/0L (0%) | PnL: $+0.00
[Ticker] KXETH15M-26APR012030-30
[Market] YES=0.44 | NO=0.57 | Sum=1.01 | no arb
[Cycle] No signal — YES=0.44 is between 0.25 and 0.75, sum=1.01 ≥ 0.97

==================================================
Cycle 242 | 2026-04-02 00:18:50
Balance: $207.84 | Regime: CHOP | Session: 0W/0L (0%) | PnL: $+0.00
[Ticker] KXETH15M-26APR012030-30
[Market] YES=0.59 | NO=0.45 | Sum=1.04 | no arb
[Cycle] No signal — YES=0.59 is between 0.25 and 0.75, sum=1.04 ≥ 0.97

==================================================
Cycle 243 | 2026-04-02 00:19:51
Balance: $204.95 | Regime: CHOP | Session: 0W/0L (0%) | PnL: $+0.00
[Ticker] KXETH15M-26APR012030-30
[Market] YES=0.52 | NO=0.51 | Sum=1.03 | no arb
[Cycle] No signal — YES=0.52 is between 0.25 and 0.75, sum=1.03 ≥ 0.97

==================================================
Cycle 244 | 2026-04-02 00:20:51
Balance: $204.95 | Regime: CHOP | Session: 0W/0L (0%) | PnL: $+0.00
[Ticker] KXETH15M-26APR012030-30
[Market] YES=0.65 | NO=0.37 | Sum=1.02 | no arb
[Cycle] No signal — YES=0.65 is between 0.25 and 0.75, sum=1.02 ≥ 0.97

==================================================
Cycle 245 | 2026-04-02 00:21:51
Balance: $204.95 | Regime: CHOP | Session: 0W/0L (0%) | PnL: $+0.00
[Ticker] KXETH15M-26APR012030-30
[Market] YES=0.59 | NO=0.44 | Sum=1.03 | no arb
[Cycle] No signal — YES=0.59 is between 0.25 and 0.75, sum=1.03 ≥ 0.97

==================================================
Cycle 246 | 2026-04-02 00:22:52
Balance: $204.95 | Regime: CHOP | Session: 0W/0L (0%) | PnL: $+0.00
[Ticker] KXETH15M-26APR012030-30
[Market] YES=0.55 | NO=0.47 | Sum=1.02 | no arb
[Cycle] No signal — YES=0.55 is between 0.25 and 0.75, sum=1.02 ≥ 0.97

==================================================
Cycle 247 | 2026-04-02 00:23:52
Balance: $204.95 | Regime: CHOP | Session: 0W/0L (0%) | PnL: $+0.00
[Ticker] KXETH15M-26APR012030-30
[Market] YES=0.32 | NO=0.69 | Sum=1.01 | no arb
[Cycle] No signal — YES=0.32 is between 0.25 and 0.75, sum=1.01 ≥ 0.97

==================================================
OpenClaw SOL Bot v1.0 — LIVE
Balance: $213.85 | MaxBet: $0.00 | ArbThreshold: 0.97 | Directional: <0.30 or >0.70
==================================================

[Startup] Live balance synced: $204.95
[Startup] Restored position: KXMVESPORTSMULTIGAMEEXTENDED-S202602FD8B92690-C9187BD65BE $2.88 direction=DOWN
[Startup] Loaded 1 existing position(s)
[Startup] Resting orders cleared

==================================================
Cycle 1 | 2026-04-02 00:24:46
Balance: $204.95 | Regime: CHOP | Session: 0W/0L (0%) | PnL: $+0.00
[Ticker] KXETH15M-26APR012030-30
[Market] YES=0.44 | NO=0.57 | Sum=1.01 | no arb
[Cycle] No signal — YES=0.44 is between 0.30 and 0.70, sum=1.01 ≥ 0.97
[Positions] 1 still open

==================================================
Cycle 2 | 2026-04-02 00:25:47
Balance: $204.95 | Regime: CHOP | Session: 0W/0L (0%) | PnL: $+0.00
[Ticker] KXETH15M-26APR012030-30
[Market] YES=0.44 | NO=0.58 | Sum=1.02 | no arb
[Cycle] No signal — YES=0.44 is between 0.30 and 0.70, sum=1.02 ≥ 0.97
[Positions] 1 still open

==================================================
Cycle 3 | 2026-04-02 00:26:47
Balance: $204.95 | Regime: CHOP | Session: 0W/0L (0%) | PnL: $+0.00
[Ticker] KXETH15M-26APR012030-30
[Market] YES=0.50 | NO=0.53 | Sum=1.03 | no arb
[Cycle] No signal — YES=0.50 is between 0.30 and 0.70, sum=1.03 ≥ 0.97
[Positions] 1 still open

==================================================
Cycle 4 | 2026-04-02 00:27:48
Balance: $204.95 | Regime: CHOP | Session: 0W/0L (0%) | PnL: $+0.00
[Ticker] KXETH15M-26APR012030-30
[Market] YES=0.19 | NO=0.82 | Sum=1.01 | no arb
[Timing] Window is 12 min old - skipping
[Cycle] No signal — YES=0.19 is between 0.30 and 0.70, sum=1.01 ≥ 0.97
[Positions] 1 still open

==================================================
Cycle 5 | 2026-04-02 00:28:48
Balance: $204.95 | Regime: CHOP | Session: 0W/0L (0%) | PnL: $+0.00
[Ticker] KXETH15M-26APR012030-30
[Market] YES=0.13 | NO=0.91 | Sum=1.04 | no arb
[Timing] Window is 13 min old - skipping
[Cycle] No signal — YES=0.13 is between 0.30 and 0.70, sum=1.04 ≥ 0.97
[Positions] 1 still open

==================================================
Cycle 6 | 2026-04-02 00:29:49
Balance: $204.95 | Regime: CHOP | Session: 0W/0L (0%) | PnL: $+0.00
[Ticker] KXETH15M-26APR012030-30
[Market] YES=0.00 | NO=1.00 | Sum=1.00 | no arb
[Timing] Window is 14 min old - skipping
[Cycle] No signal — YES=0.00 is between 0.30 and 0.70, sum=1.00 ≥ 0.97
[Positions] 1 still open

==================================================
Cycle 7 | 2026-04-02 00:30:49
Balance: $204.95 | Regime: CHOP | Session: 0W/0L (0%) | PnL: $+0.00
[Ticker] KXETH15M-26APR012045-45
[Market] YES=0.50 | NO=0.54 | Sum=1.04 | no arb
[Cycle] No signal — YES=0.50 is between 0.30 and 0.70, sum=1.04 ≥ 0.97
[Positions] 1 still open

==================================================
Cycle 8 | 2026-04-02 00:31:50
Balance: $203.96 | Regime: CHOP | Session: 0W/0L (0%) | PnL: $+0.00
[Ticker] KXETH15M-26APR012045-45
[Market] YES=0.50 | NO=0.51 | Sum=1.01 | no arb
[Cycle] No signal — YES=0.50 is between 0.30 and 0.70, sum=1.01 ≥ 0.97
[Positions] 1 still open

==================================================
Cycle 9 | 2026-04-02 00:32:50
Balance: $203.96 | Regime: CHOP | Session: 0W/0L (0%) | PnL: $+0.00
[Ticker] KXETH15M-26APR012045-45
[Market] YES=0.51 | NO=0.51 | Sum=1.02 | no arb
[Cycle] No signal — YES=0.51 is between 0.30 and 0.70, sum=1.02 ≥ 0.97
[Positions] 1 still open

==================================================
Cycle 10 | 2026-04-02 00:33:51
Balance: $203.96 | Regime: CHOP | Session: 0W/0L (0%) | PnL: $+0.00
[Ticker] KXETH15M-26APR012045-45
[Market] YES=0.53 | NO=0.48 | Sum=1.01 | no arb
[Cycle] No signal — YES=0.53 is between 0.30 and 0.70, sum=1.01 ≥ 0.97
[Positions] 1 still open

==================================================
Cycle 11 | 2026-04-02 00:34:52
Balance: $203.96 | Regime: CHOP | Session: 0W/0L (0%) | PnL: $+0.00
[Ticker] KXETH15M-26APR012045-45
[Market] YES=0.67 | NO=0.34 | Sum=1.01 | no arb
[Cycle] No signal — YES=0.67 is between 0.30 and 0.70, sum=1.01 ≥ 0.97
[Positions] 1 still open

==================================================
Cycle 12 | 2026-04-02 00:35:52
Balance: $203.96 | Regime: CHOP | Session: 0W/0L (0%) | PnL: $+0.00
[Ticker] KXETH15M-26APR012045-45
[Market] YES=0.73 | NO=0.30 | Sum=1.03 | no arb
[Timing] Window is 5 min old - skipping
[Cycle] No signal — YES=0.73 is between 0.30 and 0.70, sum=1.03 ≥ 0.97
[Positions] Old/restored position KXMVESPORTSMULTIGAMEEXTENDED-S202602FD8B92690-C9187BD65BE expired — removing

==================================================
Cycle 13 | 2026-04-02 00:36:53
Balance: $203.96 | Regime: CHOP | Session: 0W/0L (0%) | PnL: $+0.00
[Ticker] KXETH15M-26APR012045-45
[Market] YES=0.72 | NO=0.30 | Sum=1.02 | no arb
[Timing] Window is 6 min old - skipping
[Cycle] No signal — YES=0.72 is between 0.30 and 0.70, sum=1.02 ≥ 0.97

==================================================
Cycle 14 | 2026-04-02 00:37:53
Balance: $203.96 | Regime: CHOP | Session: 0W/0L (0%) | PnL: $+0.00
[Ticker] KXETH15M-26APR012045-45
[Market] YES=0.80 | NO=0.22 | Sum=1.02 | no arb
[Timing] Window is 7 min old - skipping
[Cycle] No signal — YES=0.80 is between 0.30 and 0.70, sum=1.02 ≥ 0.97

==================================================
Cycle 15 | 2026-04-02 00:38:54
Balance: $203.96 | Regime: CHOP | Session: 0W/0L (0%) | PnL: $+0.00
[Ticker] KXETH15M-26APR012045-45
[Market] YES=0.82 | NO=0.20 | Sum=1.02 | no arb
[Timing] Window is 8 min old - skipping
[Cycle] No signal — YES=0.82 is between 0.30 and 0.70, sum=1.02 ≥ 0.97

==================================================
Cycle 16 | 2026-04-02 00:39:54
Balance: $203.96 | Regime: CHOP | Session: 0W/0L (0%) | PnL: $+0.00
[Ticker] KXETH15M-26APR012045-45
[Market] YES=0.99 | NO=0.02 | Sum=1.01 | no arb
[Timing] Window is 9 min old - skipping
[Cycle] No signal — YES=0.99 is between 0.30 and 0.70, sum=1.01 ≥ 0.97

==================================================
Cycle 17 | 2026-04-02 00:40:54
Balance: $203.96 | Regime: CHOP | Session: 0W/0L (0%) | PnL: $+0.00
[Ticker] KXETH15M-26APR012045-45
[Market] YES=1.00 | NO=0.01 | Sum=1.00 | no arb
[Timing] Window is 10 min old - skipping
[Cycle] No signal — YES=1.00 is between 0.30 and 0.70, sum=1.00 ≥ 0.97

==================================================
Cycle 18 | 2026-04-02 00:41:55
Balance: $203.96 | Regime: CHOP | Session: 0W/0L (0%) | PnL: $+0.00
[Ticker] KXETH15M-26APR012045-45
[Market] YES=1.00 | NO=0.00 | Sum=1.00 | no arb
[Timing] Window is 11 min old - skipping
[Cycle] No signal — YES=1.00 is between 0.30 and 0.70, sum=1.00 ≥ 0.97

==================================================
Cycle 19 | 2026-04-02 00:42:55
Balance: $203.96 | Regime: CHOP | Session: 0W/0L (0%) | PnL: $+0.00
[Ticker] KXETH15M-26APR012045-45
[Market] YES=1.00 | NO=0.00 | Sum=1.00 | no arb
[Timing] Window is 12 min old - skipping
[Cycle] No signal — YES=1.00 is between 0.30 and 0.70, sum=1.00 ≥ 0.97

==================================================
Cycle 20 | 2026-04-02 00:43:56
Balance: $203.96 | Regime: CHOP | Session: 0W/0L (0%) | PnL: $+0.00
[Ticker] KXETH15M-26APR012045-45
[Market] YES=1.00 | NO=0.00 | Sum=1.00 | no arb
[Timing] Window is 13 min old - skipping
[Cycle] No signal — YES=1.00 is between 0.30 and 0.70, sum=1.00 ≥ 0.97

==================================================
Cycle 21 | 2026-04-02 00:44:56
Balance: $203.96 | Regime: CHOP | Session: 0W/0L (0%) | PnL: $+0.00
[Ticker] KXETH15M-26APR012045-45
[Market] YES=1.00 | NO=0.00 | Sum=1.00 | no arb
[Timing] Window is 14 min old - skipping
[Cycle] No signal — YES=1.00 is between 0.30 and 0.70, sum=1.00 ≥ 0.97

==================================================
Cycle 22 | 2026-04-02 00:45:57
Balance: $203.96 | Regime: CHOP | Session: 0W/0L (0%) | PnL: $+0.00
[Ticker] KXETH15M-26APR012100-00
[Market] YES=0.35 | NO=0.66 | Sum=1.01 | no arb
[Cycle] No signal — YES=0.35 is between 0.30 and 0.70, sum=1.01 ≥ 0.97

==================================================
Cycle 23 | 2026-04-02 00:46:57
Balance: $203.96 | Regime: CHOP | Session: 0W/0L (0%) | PnL: $+0.00
[Ticker] KXETH15M-26APR012100-00
[Market] YES=0.45 | NO=0.59 | Sum=1.04 | no arb
[Cycle] No signal — YES=0.45 is between 0.30 and 0.70, sum=1.04 ≥ 0.97

==================================================
Cycle 24 | 2026-04-02 00:47:57
Balance: $203.96 | Regime: CHOP | Session: 0W/0L (0%) | PnL: $+0.00
[Ticker] KXETH15M-26APR012100-00
[Market] YES=0.45 | NO=0.58 | Sum=1.03 | no arb
[Cycle] No signal — YES=0.45 is between 0.30 and 0.70, sum=1.03 ≥ 0.97

==================================================
Cycle 25 | 2026-04-02 00:48:58
Balance: $203.96 | Regime: CHOP | Session: 0W/0L (0%) | PnL: $+0.00
[Ticker] KXETH15M-26APR012100-00
[Market] YES=0.37 | NO=0.66 | Sum=1.03 | no arb
[Cycle] No signal — YES=0.37 is between 0.30 and 0.70, sum=1.03 ≥ 0.97

==================================================
Cycle 26 | 2026-04-02 00:49:58
Balance: $203.96 | Regime: CHOP | Session: 0W/0L (0%) | PnL: $+0.00
[Ticker] KXETH15M-26APR012100-00
[Market] YES=0.40 | NO=0.63 | Sum=1.03 | no arb
[Cycle] No signal — YES=0.40 is between 0.30 and 0.70, sum=1.03 ≥ 0.97

==================================================
Cycle 27 | 2026-04-02 00:50:59
Balance: $203.96 | Regime: CHOP | Session: 0W/0L (0%) | PnL: $+0.00
[Ticker] KXETH15M-26APR012100-00
[Market] YES=0.41 | NO=0.62 | Sum=1.03 | no arb
[Cycle] No signal — YES=0.41 is between 0.30 and 0.70, sum=1.03 ≥ 0.97

==================================================
Cycle 28 | 2026-04-02 00:51:59
Balance: $203.96 | Regime: CHOP | Session: 0W/0L (0%) | PnL: $+0.00
[Ticker] KXETH15M-26APR012100-00
[Market] YES=0.30 | NO=0.73 | Sum=1.03 | no arb
[Cycle] No signal — YES=0.30 is between 0.30 and 0.70, sum=1.03 ≥ 0.97

==================================================
Cycle 29 | 2026-04-02 00:52:59
Balance: $203.96 | Regime: CHOP | Session: 0W/0L (0%) | PnL: $+0.00
[Ticker] KXETH15M-26APR012100-00
[Market] YES=0.29 | NO=0.72 | Sum=1.01 | no arb
[Timing] Window is 8 min old - skipping
[Cycle] No signal — YES=0.29 is between 0.30 and 0.70, sum=1.01 ≥ 0.97

==================================================
Cycle 30 | 2026-04-02 00:54:00
Balance: $203.96 | Regime: CHOP | Session: 0W/0L (0%) | PnL: $+0.00
[Ticker] KXETH15M-26APR012100-00
[Market] YES=0.71 | NO=0.33 | Sum=1.04 | no arb
[Timing] Window is 9 min old - skipping
[Cycle] No signal — YES=0.71 is between 0.30 and 0.70, sum=1.04 ≥ 0.97

==================================================
Cycle 31 | 2026-04-02 00:55:00
Balance: $203.96 | Regime: CHOP | Session: 0W/0L (0%) | PnL: $+0.00
[Ticker] KXETH15M-26APR012100-00
[Market] YES=0.84 | NO=0.18 | Sum=1.02 | no arb
[Timing] Window is 10 min old - skipping
[Cycle] No signal — YES=0.84 is between 0.30 and 0.70, sum=1.02 ≥ 0.97

==================================================
Cycle 32 | 2026-04-02 00:56:01
Balance: $203.96 | Regime: CHOP | Session: 0W/0L (0%) | PnL: $+0.00
[Ticker] KXETH15M-26APR012100-00
[Market] YES=0.77 | NO=0.26 | Sum=1.03 | no arb
[Timing] Window is 11 min old - skipping
[Cycle] No signal — YES=0.77 is between 0.30 and 0.70, sum=1.03 ≥ 0.97

==================================================
Cycle 33 | 2026-04-02 00:57:01
Balance: $203.96 | Regime: CHOP | Session: 0W/0L (0%) | PnL: $+0.00
[Ticker] KXETH15M-26APR012100-00
[Market] YES=0.93 | NO=0.09 | Sum=1.01 | no arb
[Timing] Window is 12 min old - skipping
[Cycle] No signal — YES=0.93 is between 0.30 and 0.70, sum=1.01 ≥ 0.97

==================================================
Cycle 34 | 2026-04-02 00:58:01
Balance: $203.96 | Regime: CHOP | Session: 0W/0L (0%) | PnL: $+0.00
[Ticker] KXETH15M-26APR012100-00
[Market] YES=1.00 | NO=0.01 | Sum=1.01 | no arb
[Timing] Window is 13 min old - skipping
[Cycle] No signal — YES=1.00 is between 0.30 and 0.70, sum=1.01 ≥ 0.97

==================================================
Cycle 35 | 2026-04-02 00:59:02
Balance: $203.96 | Regime: CHOP | Session: 0W/0L (0%) | PnL: $+0.00
[Ticker] KXETH15M-26APR012100-00
[Market] YES=1.00 | NO=0.00 | Sum=1.00 | no arb
[Timing] Window is 14 min old - skipping
[Cycle] No signal — YES=1.00 is between 0.30 and 0.70, sum=1.00 ≥ 0.97

==================================================
Cycle 36 | 2026-04-02 01:00:02
Balance: $203.96 | Regime: CHOP | Session: 0W/0L (0%) | PnL: $+0.00
[Ticker] KXETH15M-26APR012100-00
[Market] YES=1.00 | NO=0.00 | Sum=1.00 | no arb
[Timing] Window is 0 min old - skipping
[Cycle] No signal — YES=1.00 is between 0.30 and 0.70, sum=1.00 ≥ 0.97

==================================================
Cycle 37 | 2026-04-02 01:01:03
Balance: $203.96 | Regime: CHOP | Session: 0W/0L (0%) | PnL: $+0.00
[Ticker] KXETH15M-26APR012115-15
[Market] YES=0.15 | NO=0.86 | Sum=1.01 | no arb
[Signal] EXTREME DOWN | yes=0.15 | edge=0.35 | firing immediately
[Binance] ✅ Confirms DOWN | spot=$2147 strike=$2157 gap=-10 (0.45%)
[Signal] ✅ CONFIRMED DOWN | yes=0.15 | edge=0.35 | consecutive=2 | bet=$0.00
[TOD] Skipping trade — bad hour for this bot
[Cycle] No signal — YES=0.15 is between 0.30 and 0.70, sum=1.01 ≥ 0.97

==================================================
Cycle 38 | 2026-04-02 01:02:04
Balance: $203.96 | Regime: CHOP | Session: 0W/0L (0%) | PnL: $+0.00
[Ticker] KXETH15M-26APR012115-15
[Market] YES=0.09 | NO=0.94 | Sum=1.03 | no arb
[Signal] DOWN candidate | yes=0.09 | waiting for confirmation (1/2)
[Cycle] No signal — YES=0.09 is between 0.30 and 0.70, sum=1.03 ≥ 0.97

==================================================
Cycle 39 | 2026-04-02 01:03:05
Balance: $203.96 | Regime: CHOP | Session: 0W/0L (0%) | PnL: $+0.00
[Ticker] KXETH15M-26APR012115-15
[Market] YES=0.08 | NO=0.95 | Sum=1.03 | no arb
[Binance] ✅ Confirms DOWN | spot=$2146 strike=$2157 gap=-11 (0.49%)
[Signal] ✅ CONFIRMED DOWN | yes=0.08 | edge=0.42 | consecutive=2 | bet=$0.00
[TOD] Skipping trade — bad hour for this bot
[Cycle] No signal — YES=0.08 is between 0.30 and 0.70, sum=1.03 ≥ 0.97

==================================================
Cycle 40 | 2026-04-02 01:04:05
Balance: $203.96 | Regime: CHOP | Session: 0W/0L (0%) | PnL: $+0.00
[Ticker] KXETH15M-26APR012115-15
[Market] YES=0.04 | NO=0.97 | Sum=1.01 | no arb
[Binance] ✅ Confirms DOWN | spot=$2139 strike=$2157 gap=-18 (0.82%)
[Signal] ✅ CONFIRMED DOWN | yes=0.04 | edge=0.46 | consecutive=2 | bet=$0.00
[TOD] Skipping trade — bad hour for this bot
[Cycle] No signal — YES=0.04 is between 0.30 and 0.70, sum=1.01 ≥ 0.97

==================================================
Cycle 41 | 2026-04-02 01:05:06
Balance: $204.96 | Regime: CHOP | Session: 0W/0L (0%) | PnL: $+0.00
[Ticker] KXETH15M-26APR012115-15
[Market] YES=0.03 | NO=0.98 | Sum=1.00 | no arb
[Timing] Window is 5 min old - skipping
[Cycle] No signal — YES=0.03 is between 0.30 and 0.70, sum=1.00 ≥ 0.97

==================================================
Cycle 42 | 2026-04-02 01:06:07
Balance: $204.96 | Regime: CHOP | Session: 0W/0L (0%) | PnL: $+0.00
[Ticker] KXETH15M-26APR012115-15
[Market] YES=0.01 | NO=1.00 | Sum=1.00 | no arb
[Timing] Window is 6 min old - skipping
[Cycle] No signal — YES=0.01 is between 0.30 and 0.70, sum=1.00 ≥ 0.97

==================================================
Cycle 43 | 2026-04-02 01:07:07
Balance: $204.96 | Regime: CHOP | Session: 0W/0L (0%) | PnL: $+0.00
[Ticker] KXETH15M-26APR012115-15
[Market] YES=0.01 | NO=1.00 | Sum=1.01 | no arb
[Timing] Window is 7 min old - skipping
[Cycle] No signal — YES=0.01 is between 0.30 and 0.70, sum=1.01 ≥ 0.97

==================================================
Cycle 44 | 2026-04-02 01:08:07
Balance: $204.96 | Regime: CHOP | Session: 0W/0L (0%) | PnL: $+0.00
[Ticker] KXETH15M-26APR012115-15
[Market] YES=0.02 | NO=1.00 | Sum=1.02 | no arb
[Timing] Window is 8 min old - skipping
[Cycle] No signal — YES=0.02 is between 0.30 and 0.70, sum=1.02 ≥ 0.97

==================================================
Cycle 45 | 2026-04-02 01:09:08
Balance: $204.96 | Regime: CHOP | Session: 0W/0L (0%) | PnL: $+0.00
[Ticker] KXETH15M-26APR012115-15
[Market] YES=0.11 | NO=0.91 | Sum=1.02 | no arb
[Timing] Window is 9 min old - skipping
[Cycle] No signal — YES=0.11 is between 0.30 and 0.70, sum=1.02 ≥ 0.97

==================================================
Cycle 46 | 2026-04-02 01:10:08
Balance: $204.96 | Regime: CHOP | Session: 0W/0L (0%) | PnL: $+0.00
[Ticker] KXETH15M-26APR012115-15
[Market] YES=0.13 | NO=0.91 | Sum=1.04 | no arb
[Timing] Window is 10 min old - skipping
[Cycle] No signal — YES=0.13 is between 0.30 and 0.70, sum=1.04 ≥ 0.97

==================================================
Cycle 47 | 2026-04-02 01:11:09
Balance: $204.96 | Regime: CHOP | Session: 0W/0L (0%) | PnL: $+0.00
[Ticker] KXETH15M-26APR012115-15
[Market] YES=0.18 | NO=0.84 | Sum=1.02 | no arb
[Timing] Window is 11 min old - skipping
[Cycle] No signal — YES=0.18 is between 0.30 and 0.70, sum=1.02 ≥ 0.97

==================================================
Cycle 48 | 2026-04-02 01:12:09
Balance: $204.96 | Regime: CHOP | Session: 0W/0L (0%) | PnL: $+0.00
[Ticker] KXETH15M-26APR012115-15
[Market] YES=0.06 | NO=0.95 | Sum=1.01 | no arb
[Timing] Window is 12 min old - skipping
[Cycle] No signal — YES=0.06 is between 0.30 and 0.70, sum=1.01 ≥ 0.97

==================================================
Cycle 49 | 2026-04-02 01:13:10
Balance: $204.96 | Regime: CHOP | Session: 0W/0L (0%) | PnL: $+0.00
[Ticker] KXETH15M-26APR012115-15
[Market] YES=0.01 | NO=1.00 | Sum=1.01 | no arb
[Timing] Window is 13 min old - skipping
[Cycle] No signal — YES=0.01 is between 0.30 and 0.70, sum=1.01 ≥ 0.97

==================================================
Cycle 50 | 2026-04-02 01:14:10
Balance: $204.96 | Regime: CHOP | Session: 0W/0L (0%) | PnL: $+0.00
[Ticker] KXETH15M-26APR012115-15
[Market] YES=0.01 | NO=1.00 | Sum=1.01 | no arb
[Timing] Window is 14 min old - skipping
[Cycle] No signal — YES=0.01 is between 0.30 and 0.70, sum=1.01 ≥ 0.97

==================================================
Cycle 51 | 2026-04-02 01:15:10
Balance: $204.96 | Regime: CHOP | Session: 0W/0L (0%) | PnL: $+0.00
[Ticker] KXETH15M-26APR012115-15
[Market] YES=1.00 | NO=1.00 | Sum=2.00 | no arb
[Timing] Window is 0 min old - skipping
[Cycle] No signal — YES=1.00 is between 0.30 and 0.70, sum=2.00 ≥ 0.97

==================================================
Cycle 52 | 2026-04-02 01:16:11
Balance: $204.96 | Regime: CHOP | Session: 0W/0L (0%) | PnL: $+0.00
[Ticker] KXETH15M-26APR012130-30
[Market] YES=0.30 | NO=0.72 | Sum=1.02 | no arb
[Cycle] No signal — YES=0.30 is between 0.30 and 0.70, sum=1.02 ≥ 0.97

==================================================
Cycle 53 | 2026-04-02 01:17:12
Balance: $204.96 | Regime: CHOP | Session: 0W/0L (0%) | PnL: $+0.00
[Ticker] KXETH15M-26APR012130-30
[Market] YES=0.28 | NO=0.75 | Sum=1.03 | no arb
[Signal] DOWN candidate | yes=0.28 | waiting for confirmation (1/2)
[Cycle] No signal — YES=0.28 is between 0.30 and 0.70, sum=1.03 ≥ 0.97

==================================================
Cycle 54 | 2026-04-02 01:18:12
Balance: $204.96 | Regime: CHOP | Session: 0W/0L (0%) | PnL: $+0.00
[Ticker] KXETH15M-26APR012130-30
[Market] YES=0.12 | NO=0.91 | Sum=1.03 | no arb
[Binance] ✅ Confirms DOWN | spot=$2124 strike=$2141 gap=-17 (0.81%)
[Signal] ✅ CONFIRMED DOWN | yes=0.12 | edge=0.38 | consecutive=2 | bet=$0.00
[TOD] Skipping trade — bad hour for this bot
[Cycle] No signal — YES=0.12 is between 0.30 and 0.70, sum=1.03 ≥ 0.97

==================================================
Cycle 55 | 2026-04-02 01:19:13
Balance: $204.96 | Regime: BEAR | Session: 0W/0L (0%) | PnL: $+0.00
[Ticker] KXETH15M-26APR012130-30
[Market] YES=0.06 | NO=0.95 | Sum=1.02 | no arb
[Binance] ✅ Confirms DOWN | spot=$2118 strike=$2141 gap=-23 (1.09%)
[Signal] ✅ CONFIRMED DOWN | yes=0.06 | edge=0.44 | consecutive=2 | bet=$0.00
[TOD] Skipping trade — bad hour for this bot
[Cycle] No signal — YES=0.06 is between 0.30 and 0.70, sum=1.02 ≥ 0.97

==================================================
Cycle 56 | 2026-04-02 01:20:14
Balance: $204.96 | Regime: BEAR | Session: 0W/0L (0%) | PnL: $+0.00
[Ticker] KXETH15M-26APR012130-30
[Market] YES=0.07 | NO=0.95 | Sum=1.02 | no arb
[Timing] Window is 5 min old - skipping
[Cycle] No signal — YES=0.07 is between 0.30 and 0.70, sum=1.02 ≥ 0.97

==================================================
Cycle 57 | 2026-04-02 01:21:14
Balance: $204.96 | Regime: BEAR | Session: 0W/0L (0%) | PnL: $+0.00
[Ticker] KXETH15M-26APR012130-30
[Market] YES=0.07 | NO=0.94 | Sum=1.01 | no arb
[Timing] Window is 6 min old - skipping
[Cycle] No signal — YES=0.07 is between 0.30 and 0.70, sum=1.01 ≥ 0.97

==================================================
Cycle 58 | 2026-04-02 01:22:15
Balance: $204.96 | Regime: CHOP | Session: 0W/0L (0%) | PnL: $+0.00
[Ticker] KXETH15M-26APR012130-30
[Market] YES=0.04 | NO=0.98 | Sum=1.02 | no arb
[Timing] Window is 7 min old - skipping
[Cycle] No signal — YES=0.04 is between 0.30 and 0.70, sum=1.02 ≥ 0.97

==================================================
Cycle 59 | 2026-04-02 01:23:15
Balance: $204.96 | Regime: CHOP | Session: 0W/0L (0%) | PnL: $+0.00
[Ticker] KXETH15M-26APR012130-30
[Market] YES=0.02 | NO=0.99 | Sum=1.01 | no arb
[Timing] Window is 8 min old - skipping
[Cycle] No signal — YES=0.02 is between 0.30 and 0.70, sum=1.01 ≥ 0.97

==================================================
Cycle 60 | 2026-04-02 01:24:15
Balance: $204.96 | Regime: BEAR | Session: 0W/0L (0%) | PnL: $+0.00
[Ticker] KXETH15M-26APR012130-30
[Market] YES=0.02 | NO=0.99 | Sum=1.01 | no arb
[Timing] Window is 9 min old - skipping
[Cycle] No signal — YES=0.02 is between 0.30 and 0.70, sum=1.01 ≥ 0.97

==================================================
Cycle 61 | 2026-04-02 01:25:16
Balance: $204.96 | Regime: BEAR | Session: 0W/0L (0%) | PnL: $+0.00
[Ticker] KXETH15M-26APR012130-30
[Market] YES=0.02 | NO=1.00 | Sum=1.02 | no arb
[Timing] Window is 10 min old - skipping
[Cycle] No signal — YES=0.02 is between 0.30 and 0.70, sum=1.02 ≥ 0.97

==================================================
Cycle 62 | 2026-04-02 01:26:17
Balance: $204.96 | Regime: CHOP | Session: 0W/0L (0%) | PnL: $+0.00
[Ticker] KXETH15M-26APR012130-30
[Market] YES=0.01 | NO=1.00 | Sum=1.01 | no arb
[Timing] Window is 11 min old - skipping
[Cycle] No signal — YES=0.01 is between 0.30 and 0.70, sum=1.01 ≥ 0.97

==================================================
Cycle 63 | 2026-04-02 01:27:17
Balance: $204.96 | Regime: BEAR | Session: 0W/0L (0%) | PnL: $+0.00
[Ticker] KXETH15M-26APR012130-30
[Market] YES=0.00 | NO=1.00 | Sum=1.00 | no arb
[Timing] Window is 12 min old - skipping
[Cycle] No signal — YES=0.00 is between 0.30 and 0.70, sum=1.00 ≥ 0.97

==================================================
Cycle 64 | 2026-04-02 01:28:17
Balance: $204.96 | Regime: BEAR | Session: 0W/0L (0%) | PnL: $+0.00
[Ticker] KXETH15M-26APR012130-30
[Market] YES=0.00 | NO=1.00 | Sum=1.00 | no arb
[Timing] Window is 13 min old - skipping
[Cycle] No signal — YES=0.00 is between 0.30 and 0.70, sum=1.00 ≥ 0.97

==================================================
Cycle 65 | 2026-04-02 01:29:18
Balance: $204.96 | Regime: CHOP | Session: 0W/0L (0%) | PnL: $+0.00
[Ticker] KXETH15M-26APR012130-30
[Market] YES=0.00 | NO=1.00 | Sum=1.00 | no arb
[Timing] Window is 14 min old - skipping
[Cycle] No signal — YES=0.00 is between 0.30 and 0.70, sum=1.00 ≥ 0.97

==================================================
Cycle 66 | 2026-04-02 01:30:18
Balance: $204.96 | Regime: CHOP | Session: 0W/0L (0%) | PnL: $+0.00
[Ticker] KXETH15M-26APR012130-30
[Market] YES=1.00 | NO=1.00 | Sum=2.00 | no arb
[Timing] Window is 0 min old - skipping
[Cycle] No signal — YES=1.00 is between 0.30 and 0.70, sum=2.00 ≥ 0.97

==================================================
Cycle 67 | 2026-04-02 01:31:19
Balance: $204.96 | Regime: CHOP | Session: 0W/0L (0%) | PnL: $+0.00
[Ticker] KXETH15M-26APR012145-45
[Market] YES=0.27 | NO=0.74 | Sum=1.01 | no arb
[Binance] ✅ Confirms DOWN | spot=$2105 strike=$2114 gap=-9 (0.41%)
[Signal] ✅ CONFIRMED DOWN | yes=0.27 | edge=0.23 | consecutive=2 | bet=$0.00
[TOD] Skipping trade — bad hour for this bot
[Cycle] No signal — YES=0.27 is between 0.30 and 0.70, sum=1.01 ≥ 0.97

==================================================
Cycle 68 | 2026-04-02 01:32:20
Balance: $204.96 | Regime: CHOP | Session: 0W/0L (0%) | PnL: $+0.00
[Ticker] KXETH15M-26APR012145-45
[Market] YES=0.12 | NO=0.89 | Sum=1.01 | no arb
[Binance] ✅ Confirms DOWN | spot=$2098 strike=$2114 gap=-16 (0.77%)
[Signal] ✅ CONFIRMED DOWN | yes=0.12 | edge=0.38 | consecutive=2 | bet=$0.00
[TOD] Skipping trade — bad hour for this bot
[Cycle] No signal — YES=0.12 is between 0.30 and 0.70, sum=1.01 ≥ 0.97

==================================================
Cycle 69 | 2026-04-02 01:33:20
Balance: $204.96 | Regime: CHOP | Session: 0W/0L (0%) | PnL: $+0.00
[Ticker] KXETH15M-26APR012145-45
[Market] YES=0.16 | NO=0.85 | Sum=1.01 | no arb
[Binance] ✅ Confirms DOWN | spot=$2099 strike=$2114 gap=-15 (0.71%)
[Signal] ✅ CONFIRMED DOWN | yes=0.16 | edge=0.34 | consecutive=2 | bet=$0.00
[TOD] Skipping trade — bad hour for this bot
[Cycle] No signal — YES=0.16 is between 0.30 and 0.70, sum=1.01 ≥ 0.97

==================================================
Cycle 70 | 2026-04-02 01:34:21
Balance: $204.96 | Regime: CHOP | Session: 0W/0L (0%) | PnL: $+0.00
[Ticker] KXETH15M-26APR012145-45
[Market] YES=0.12 | NO=0.89 | Sum=1.01 | no arb
[Binance] ✅ Confirms DOWN | spot=$2098 strike=$2114 gap=-16 (0.76%)
[Signal] ✅ CONFIRMED DOWN | yes=0.12 | edge=0.38 | consecutive=2 | bet=$0.00
[TOD] Skipping trade — bad hour for this bot
[Cycle] No signal — YES=0.12 is between 0.30 and 0.70, sum=1.01 ≥ 0.97

==================================================
Cycle 71 | 2026-04-02 01:35:21
Balance: $204.96 | Regime: CHOP | Session: 0W/0L (0%) | PnL: $+0.00
[Ticker] KXETH15M-26APR012145-45
[Market] YES=0.15 | NO=0.86 | Sum=1.01 | no arb
[Timing] Window is 5 min old - skipping
[Cycle] No signal — YES=0.15 is between 0.30 and 0.70, sum=1.01 ≥ 0.97

==================================================
Cycle 72 | 2026-04-02 01:36:22
Balance: $204.96 | Regime: CHOP | Session: 0W/0L (0%) | PnL: $+0.00
[Ticker] KXETH15M-26APR012145-45
[Market] YES=0.19 | NO=0.82 | Sum=1.01 | no arb
[Timing] Window is 6 min old - skipping
[Cycle] No signal — YES=0.19 is between 0.30 and 0.70, sum=1.01 ≥ 0.97

==================================================
Cycle 73 | 2026-04-02 01:37:22
Balance: $204.96 | Regime: CHOP | Session: 0W/0L (0%) | PnL: $+0.00
[Ticker] KXETH15M-26APR012145-45
[Market] YES=0.25 | NO=0.77 | Sum=1.02 | no arb
[Timing] Window is 7 min old - skipping
[Cycle] No signal — YES=0.25 is between 0.30 and 0.70, sum=1.02 ≥ 0.97

==================================================
Cycle 74 | 2026-04-02 01:38:23
Balance: $204.96 | Regime: CHOP | Session: 0W/0L (0%) | PnL: $+0.00
[Ticker] KXETH15M-26APR012145-45
[Market] YES=0.12 | NO=0.89 | Sum=1.01 | no arb
[Timing] Window is 8 min old - skipping
[Cycle] No signal — YES=0.12 is between 0.30 and 0.70, sum=1.01 ≥ 0.97

==================================================
Cycle 75 | 2026-04-02 01:39:23
Balance: $204.96 | Regime: CHOP | Session: 0W/0L (0%) | PnL: $+0.00
[Ticker] KXETH15M-26APR012145-45
[Market] YES=0.05 | NO=0.97 | Sum=1.02 | no arb
[Timing] Window is 9 min old - skipping
[Cycle] No signal — YES=0.05 is between 0.30 and 0.70, sum=1.02 ≥ 0.97

==================================================
Cycle 76 | 2026-04-02 01:40:24
Balance: $204.96 | Regime: CHOP | Session: 0W/0L (0%) | PnL: $+0.00
[Ticker] KXETH15M-26APR012145-45
[Market] YES=0.02 | NO=0.99 | Sum=1.00 | no arb
[Timing] Window is 10 min old - skipping
[Cycle] No signal — YES=0.02 is between 0.30 and 0.70, sum=1.00 ≥ 0.97

==================================================
Cycle 77 | 2026-04-02 01:41:24
Balance: $204.96 | Regime: CHOP | Session: 0W/0L (0%) | PnL: $+0.00
[Ticker] KXETH15M-26APR012145-45
[Market] YES=0.01 | NO=1.00 | Sum=1.00 | no arb
[Timing] Window is 11 min old - skipping
[Cycle] No signal — YES=0.01 is between 0.30 and 0.70, sum=1.00 ≥ 0.97

==================================================
Cycle 78 | 2026-04-02 01:42:24
Balance: $204.96 | Regime: CHOP | Session: 0W/0L (0%) | PnL: $+0.00
[Ticker] KXETH15M-26APR012145-45
[Market] YES=0.01 | NO=1.00 | Sum=1.00 | no arb
[Timing] Window is 12 min old - skipping
[Cycle] No signal — YES=0.01 is between 0.30 and 0.70, sum=1.00 ≥ 0.97

==================================================
Cycle 79 | 2026-04-02 01:43:25
Balance: $204.96 | Regime: CHOP | Session: 0W/0L (0%) | PnL: $+0.00
[Ticker] KXETH15M-26APR012145-45
[Market] YES=0.00 | NO=1.00 | Sum=1.00 | no arb
[Timing] Window is 13 min old - skipping
[Cycle] No signal — YES=0.00 is between 0.30 and 0.70, sum=1.00 ≥ 0.97

==================================================
Cycle 80 | 2026-04-02 01:44:25
Balance: $204.96 | Regime: CHOP | Session: 0W/0L (0%) | PnL: $+0.00
[Ticker] KXETH15M-26APR012145-45
[Market] YES=0.00 | NO=1.00 | Sum=1.00 | no arb
[Timing] Window is 14 min old - skipping
[Cycle] No signal — YES=0.00 is between 0.30 and 0.70, sum=1.00 ≥ 0.97

==================================================
Cycle 81 | 2026-04-02 01:45:26
Balance: $204.96 | Regime: CHOP | Session: 0W/0L (0%) | PnL: $+0.00
[Ticker] KXETH15M-26APR012200-00
[Market] YES=0.65 | NO=0.37 | Sum=1.02 | no arb
[Cycle] No signal — YES=0.65 is between 0.30 and 0.70, sum=1.02 ≥ 0.97

==================================================
Cycle 82 | 2026-04-02 01:46:26
Balance: $204.96 | Regime: CHOP | Session: 0W/0L (0%) | PnL: $+0.00
[Ticker] KXETH15M-26APR012200-00
[Market] YES=0.61 | NO=0.40 | Sum=1.01 | no arb
[Cycle] No signal — YES=0.61 is between 0.30 and 0.70, sum=1.01 ≥ 0.97

==================================================
Cycle 83 | 2026-04-02 01:47:27
Balance: $204.96 | Regime: CHOP | Session: 0W/0L (0%) | PnL: $+0.00
[Ticker] KXETH15M-26APR012200-00
[Market] YES=0.59 | NO=0.45 | Sum=1.04 | no arb
[Cycle] No signal — YES=0.59 is between 0.30 and 0.70, sum=1.04 ≥ 0.97

==================================================
Cycle 84 | 2026-04-02 01:48:27
Balance: $204.96 | Regime: CHOP | Session: 0W/0L (0%) | PnL: $+0.00
[Ticker] KXETH15M-26APR012200-00
[Market] YES=0.58 | NO=0.46 | Sum=1.04 | no arb
[Cycle] No signal — YES=0.58 is between 0.30 and 0.70, sum=1.04 ≥ 0.97

==================================================
Cycle 85 | 2026-04-02 01:49:28
Balance: $204.96 | Regime: CHOP | Session: 0W/0L (0%) | PnL: $+0.00
[Ticker] KXETH15M-26APR012200-00
[Market] YES=0.57 | NO=0.46 | Sum=1.03 | no arb
[Cycle] No signal — YES=0.57 is between 0.30 and 0.70, sum=1.03 ≥ 0.97

==================================================
Cycle 86 | 2026-04-02 01:50:28
Balance: $204.96 | Regime: CHOP | Session: 0W/0L (0%) | PnL: $+0.00
[Ticker] KXETH15M-26APR012200-00
[Market] YES=0.50 | NO=0.54 | Sum=1.04 | no arb
[Cycle] No signal — YES=0.50 is between 0.30 and 0.70, sum=1.04 ≥ 0.97

==================================================
Cycle 87 | 2026-04-02 01:51:28
Balance: $204.96 | Regime: CHOP | Session: 0W/0L (0%) | PnL: $+0.00
[Ticker] KXETH15M-26APR012200-00
[Market] YES=0.68 | NO=0.33 | Sum=1.01 | no arb
[Cycle] No signal — YES=0.68 is between 0.30 and 0.70, sum=1.01 ≥ 0.97

==================================================
Cycle 88 | 2026-04-02 01:52:29
Balance: $204.96 | Regime: CHOP | Session: 0W/0L (0%) | PnL: $+0.00
[Ticker] KXETH15M-26APR012200-00
[Market] YES=0.78 | NO=0.23 | Sum=1.01 | no arb
[Timing] Window is 7 min old - skipping
[Cycle] No signal — YES=0.78 is between 0.30 and 0.70, sum=1.01 ≥ 0.97

==================================================
Cycle 89 | 2026-04-02 01:53:29
Balance: $204.96 | Regime: CHOP | Session: 0W/0L (0%) | PnL: $+0.00
[Ticker] KXETH15M-26APR012200-00
[Market] YES=0.60 | NO=0.43 | Sum=1.03 | no arb
[Cycle] No signal — YES=0.60 is between 0.30 and 0.70, sum=1.03 ≥ 0.97

==================================================
Cycle 90 | 2026-04-02 01:54:30
Balance: $204.96 | Regime: CHOP | Session: 0W/0L (0%) | PnL: $+0.00
[Ticker] KXETH15M-26APR012200-00
[Market] YES=0.53 | NO=0.48 | Sum=1.01 | no arb
[Cycle] No signal — YES=0.53 is between 0.30 and 0.70, sum=1.01 ≥ 0.97

==================================================
Cycle 91 | 2026-04-02 01:55:30
Balance: $204.96 | Regime: CHOP | Session: 0W/0L (0%) | PnL: $+0.00
[Ticker] KXETH15M-26APR012200-00
[Market] YES=0.69 | NO=0.34 | Sum=1.03 | no arb
[Cycle] No signal — YES=0.69 is between 0.30 and 0.70, sum=1.03 ≥ 0.97

==================================================
Cycle 92 | 2026-04-02 01:56:31
Balance: $204.96 | Regime: CHOP | Session: 0W/0L (0%) | PnL: $+0.00
[Ticker] KXETH15M-26APR012200-00
[Market] YES=0.91 | NO=0.12 | Sum=1.03 | no arb
[Timing] Window is 11 min old - skipping
[Cycle] No signal — YES=0.91 is between 0.30 and 0.70, sum=1.03 ≥ 0.97

==================================================
Cycle 93 | 2026-04-02 01:57:31
Balance: $204.96 | Regime: CHOP | Session: 0W/0L (0%) | PnL: $+0.00
[Ticker] KXETH15M-26APR012200-00
[Market] YES=0.99 | NO=0.02 | Sum=1.01 | no arb
[Timing] Window is 12 min old - skipping
[Cycle] No signal — YES=0.99 is between 0.30 and 0.70, sum=1.01 ≥ 0.97

==================================================
Cycle 94 | 2026-04-02 01:58:31
Balance: $204.96 | Regime: CHOP | Session: 0W/0L (0%) | PnL: $+0.00
[Ticker] KXETH15M-26APR012200-00
[Market] YES=1.00 | NO=0.01 | Sum=1.01 | no arb
[Timing] Window is 13 min old - skipping
[Cycle] No signal — YES=1.00 is between 0.30 and 0.70, sum=1.01 ≥ 0.97

==================================================
Cycle 95 | 2026-04-02 01:59:32
Balance: $204.96 | Regime: CHOP | Session: 0W/0L (0%) | PnL: $+0.00
[Ticker] KXETH15M-26APR012200-00
[Market] YES=1.00 | NO=0.00 | Sum=1.00 | no arb
[Timing] Window is 14 min old - skipping
[Cycle] No signal — YES=1.00 is between 0.30 and 0.70, sum=1.00 ≥ 0.97

==================================================
Cycle 96 | 2026-04-02 02:00:32
Balance: $204.96 | Regime: CHOP | Session: 0W/0L (0%) | PnL: $+0.00
[Ticker] KXETH15M-26APR012200-00
[Market] YES=1.00 | NO=1.00 | Sum=2.00 | no arb
[Timing] Window is 0 min old - skipping
[Cycle] No signal — YES=1.00 is between 0.30 and 0.70, sum=2.00 ≥ 0.97

==================================================
Cycle 97 | 2026-04-02 02:01:33
Balance: $204.96 | Regime: CHOP | Session: 0W/0L (0%) | PnL: $+0.00
[Ticker] KXETH15M-26APR012215-15
[Market] YES=0.34 | NO=0.69 | Sum=1.03 | no arb
[Cycle] No signal — YES=0.34 is between 0.30 and 0.70, sum=1.03 ≥ 0.97

==================================================
Cycle 98 | 2026-04-02 02:02:33
Balance: $204.96 | Regime: CHOP | Session: 0W/0L (0%) | PnL: $+0.00
[Ticker] KXETH15M-26APR012215-15
[Market] YES=0.28 | NO=0.73 | Sum=1.01 | no arb
[Signal] DOWN candidate | yes=0.28 | waiting for confirmation (1/2)
[Cycle] No signal — YES=0.28 is between 0.30 and 0.70, sum=1.01 ≥ 0.97

==================================================
Cycle 99 | 2026-04-02 02:03:34
Balance: $204.96 | Regime: CHOP | Session: 0W/0L (0%) | PnL: $+0.00
[Ticker] KXETH15M-26APR012215-15
[Market] YES=0.26 | NO=0.76 | Sum=1.02 | no arb
[Binance] ✅ Confirms DOWN | spot=$2095 strike=$2100 gap=-5 (0.24%)
[Correlation] All 3 agree DOWN — bet boosted to $2.95
[Signal] ✅ CONFIRMED DOWN | yes=0.26 | edge=0.24 | consecutive=2 | bet=$2.95
[Order] → KXETH15M-26APR012215-15 | no | count=5 | $2.95 | directional
✅ SOL DIRECTIONAL: DOWN $2.95 on KXETH15M-26APR012215-15
[Positions] 1 still open

==================================================
Cycle 100 | 2026-04-02 02:04:36
Balance: $204.96 | Regime: CHOP | Session: 0W/0L (0%) | PnL: $+0.00
[Ticker] KXETH15M-26APR012215-15
[Market] YES=0.16 | NO=0.85 | Sum=1.01 | no arb
[Signal] DOWN candidate | yes=0.16 | waiting for confirmation (1/2)
[Cycle] No signal — YES=0.16 is between 0.30 and 0.70, sum=1.01 ≥ 0.97
[Positions] 1 still open

==================================================
Cycle 101 | 2026-04-02 02:05:37
Balance: $201.06 | Regime: CHOP | Session: 0W/0L (0%) | PnL: $+0.00
[Ticker] KXETH15M-26APR012215-15
[Market] YES=0.11 | NO=0.90 | Sum=1.01 | no arb
[Timing] Window is 5 min old - skipping
[Cycle] No signal — YES=0.11 is between 0.30 and 0.70, sum=1.01 ≥ 0.97
[Positions] 1 still open

==================================================
Cycle 102 | 2026-04-02 02:06:37
Balance: $191.09 | Regime: CHOP | Session: 0W/0L (0%) | PnL: $+0.00
[Ticker] KXETH15M-26APR012215-15
[Market] YES=0.11 | NO=0.90 | Sum=1.01 | no arb
[Timing] Window is 6 min old - skipping
[Cycle] No signal — YES=0.11 is between 0.30 and 0.70, sum=1.01 ≥ 0.97
[Positions] 1 still open

==================================================
Cycle 103 | 2026-04-02 02:07:38
Balance: $191.09 | Regime: CHOP | Session: 0W/0L (0%) | PnL: $+0.00
[Ticker] KXETH15M-26APR012215-15
[Market] YES=0.29 | NO=0.75 | Sum=1.04 | no arb
[Timing] Window is 7 min old - skipping
[Cycle] No signal — YES=0.29 is between 0.30 and 0.70, sum=1.04 ≥ 0.97
[Positions] 1 still open

==================================================
Cycle 104 | 2026-04-02 02:08:39
Balance: $191.09 | Regime: CHOP | Session: 0W/0L (0%) | PnL: $+0.00
[Ticker] KXETH15M-26APR012215-15
[Market] YES=0.09 | NO=0.92 | Sum=1.01 | no arb
[Timing] Window is 8 min old - skipping
[Cycle] No signal — YES=0.09 is between 0.30 and 0.70, sum=1.01 ≥ 0.97
[Positions] 1 still open

==================================================
Cycle 105 | 2026-04-02 02:09:39
Balance: $191.09 | Regime: CHOP | Session: 0W/0L (0%) | PnL: $+0.00
[Ticker] KXETH15M-26APR012215-15
[Market] YES=0.03 | NO=0.98 | Sum=1.01 | no arb
[Timing] Window is 9 min old - skipping
[Cycle] No signal — YES=0.03 is between 0.30 and 0.70, sum=1.01 ≥ 0.97
[Positions] 1 still open

==================================================
Cycle 106 | 2026-04-02 02:10:40
Balance: $191.09 | Regime: CHOP | Session: 0W/0L (0%) | PnL: $+0.00
[Ticker] KXETH15M-26APR012215-15
[Market] YES=0.02 | NO=0.99 | Sum=1.01 | no arb
[Timing] Window is 10 min old - skipping
[Cycle] No signal — YES=0.02 is between 0.30 and 0.70, sum=1.01 ≥ 0.97
[Positions] 1 still open

==================================================
Cycle 107 | 2026-04-02 02:11:40
Balance: $191.09 | Regime: CHOP | Session: 0W/0L (0%) | PnL: $+0.00
[Ticker] KXETH15M-26APR012215-15
[Market] YES=0.02 | NO=0.99 | Sum=1.01 | no arb
[Timing] Window is 11 min old - skipping
[Cycle] No signal — YES=0.02 is between 0.30 and 0.70, sum=1.01 ≥ 0.97
[Positions] 1 still open

==================================================
Cycle 108 | 2026-04-02 02:12:41
Balance: $191.09 | Regime: CHOP | Session: 0W/0L (0%) | PnL: $+0.00
[Ticker] KXETH15M-26APR012215-15
[Market] YES=0.01 | NO=0.99 | Sum=1.00 | no arb
[Timing] Window is 12 min old - skipping
[Cycle] No signal — YES=0.01 is between 0.30 and 0.70, sum=1.00 ≥ 0.97
[Positions] 1 still open

==================================================
Cycle 109 | 2026-04-02 02:13:42
Balance: $191.09 | Regime: CHOP | Session: 0W/0L (0%) | PnL: $+0.00
[Ticker] KXETH15M-26APR012215-15
[Market] YES=0.00 | NO=1.00 | Sum=1.00 | no arb
[Timing] Window is 13 min old - skipping
[Cycle] No signal — YES=0.00 is between 0.30 and 0.70, sum=1.00 ≥ 0.97
[Positions] 1 still open

==================================================
Cycle 110 | 2026-04-02 02:14:42
Balance: $191.09 | Regime: CHOP | Session: 0W/0L (0%) | PnL: $+0.00
[Ticker] KXETH15M-26APR012215-15
[Market] YES=0.00 | NO=1.00 | Sum=1.00 | no arb
[Timing] Window is 14 min old - skipping
[Cycle] No signal — YES=0.00 is between 0.30 and 0.70, sum=1.00 ≥ 0.97
[Positions] 1 still open

==================================================
Cycle 111 | 2026-04-02 02:15:43
Balance: $191.09 | Regime: CHOP | Session: 0W/0L (0%) | PnL: $+0.00
[Ticker] KXETH15M-26APR012230-30
[Market] YES=0.43 | NO=0.60 | Sum=1.03 | no arb
[Cycle] No signal — YES=0.43 is between 0.30 and 0.70, sum=1.03 ≥ 0.97
[Positions] 1 still open

==================================================
Cycle 112 | 2026-04-02 02:16:43
Balance: $207.09 | Regime: CHOP | Session: 0W/0L (0%) | PnL: $+0.00
[Ticker] KXETH15M-26APR012230-30
[Market] YES=0.52 | NO=0.49 | Sum=1.01 | no arb
[Cycle] No signal — YES=0.52 is between 0.30 and 0.70, sum=1.01 ≥ 0.97
[Positions] 1 still open

==================================================
Cycle 113 | 2026-04-02 02:17:44
Balance: $207.09 | Regime: CHOP | Session: 0W/0L (0%) | PnL: $+0.00
[Ticker] KXETH15M-26APR012230-30
[Market] YES=0.48 | NO=0.55 | Sum=1.03 | no arb
[Cycle] No signal — YES=0.48 is between 0.30 and 0.70, sum=1.03 ≥ 0.97
[Positions] 1 still open

==================================================
Cycle 114 | 2026-04-02 02:18:45
Balance: $207.09 | Regime: CHOP | Session: 0W/0L (0%) | PnL: $+0.00
[Ticker] KXETH15M-26APR012230-30
[Market] YES=0.71 | NO=0.32 | Sum=1.03 | no arb
[Signal] UP candidate | yes=0.71 | waiting for confirmation (1/2)
[Cycle] No signal — YES=0.71 is between 0.30 and 0.70, sum=1.03 ≥ 0.97
[Positions] 1 still open

==================================================
Cycle 115 | 2026-04-02 02:19:45
Balance: $207.09 | Regime: CHOP | Session: 0W/0L (0%) | PnL: $+0.00
[Ticker] KXETH15M-26APR012230-30
[Market] YES=0.72 | NO=0.30 | Sum=1.02 | no arb
[Binance] ✅ Confirms UP | spot=$2086 strike=$2082 gap=+5 (0.22%)
[Correlation] Markets diverging — bet reduced to $2.05
[Signal] ✅ CONFIRMED UP | yes=0.72 | edge=0.22 | consecutive=2 | bet=$2.05
[Order] → KXETH15M-26APR012230-30 | yes | count=4 | $2.05 | directional
✅ SOL DIRECTIONAL: UP $2.05 on KXETH15M-26APR012230-30
[Settled] WIN: DOWN $2.95 on KXETH15M-26APR012215-15 | pnl=$+2.77 | 1W/0L (100%)
[Positions] 1 still open

==================================================
Cycle 116 | 2026-04-02 02:20:48
Balance: $204.11 | Regime: CHOP | Session: 1W/0L (100%) | PnL: $+2.77
[Ticker] KXETH15M-26APR012230-30
[Market] YES=0.66 | NO=0.38 | Sum=1.04 | no arb
[Cycle] No signal — YES=0.66 is between 0.30 and 0.70, sum=1.04 ≥ 0.97
[Positions] 1 still open

==================================================
Cycle 117 | 2026-04-02 02:21:49
Balance: $201.32 | Regime: CHOP | Session: 1W/0L (100%) | PnL: $+2.77
[Ticker] KXETH15M-26APR012230-30
[Market] YES=0.54 | NO=0.49 | Sum=1.03 | no arb
[Cycle] No signal — YES=0.54 is between 0.30 and 0.70, sum=1.03 ≥ 0.97
[Positions] 1 still open

==================================================
Cycle 118 | 2026-04-02 02:22:49
Balance: $201.32 | Regime: CHOP | Session: 1W/0L (100%) | PnL: $+2.77
[Ticker] KXETH15M-26APR012230-30
[Market] YES=0.69 | NO=0.34 | Sum=1.03 | no arb
[Cycle] No signal — YES=0.69 is between 0.30 and 0.70, sum=1.03 ≥ 0.97
[Positions] 1 still open

==================================================
Cycle 119 | 2026-04-02 02:23:50
Balance: $201.32 | Regime: CHOP | Session: 1W/0L (100%) | PnL: $+2.77
[Ticker] KXETH15M-26APR012230-30
[Market] YES=0.64 | NO=0.39 | Sum=1.03 | no arb
[Cycle] No signal — YES=0.64 is between 0.30 and 0.70, sum=1.03 ≥ 0.97
[Positions] 1 still open

==================================================
Cycle 120 | 2026-04-02 02:24:51
Balance: $201.32 | Regime: CHOP | Session: 1W/0L (100%) | PnL: $+2.77
[Ticker] KXETH15M-26APR012230-30
[Market] YES=0.71 | NO=0.33 | Sum=1.04 | no arb
[Timing] Window is 9 min old - skipping
[Cycle] No signal — YES=0.71 is between 0.30 and 0.70, sum=1.04 ≥ 0.97
[Positions] 1 still open

==================================================
Cycle 121 | 2026-04-02 02:25:52
Balance: $201.32 | Regime: CHOP | Session: 1W/0L (100%) | PnL: $+2.77
[Ticker] KXETH15M-26APR012230-30
[Market] YES=0.70 | NO=0.33 | Sum=1.03 | no arb
[Cycle] No signal — YES=0.70 is between 0.30 and 0.70, sum=1.03 ≥ 0.97
[Positions] 1 still open

==================================================
Cycle 122 | 2026-04-02 02:26:52
Balance: $201.32 | Regime: CHOP | Session: 1W/0L (100%) | PnL: $+2.77
[Ticker] KXETH15M-26APR012230-30
[Market] YES=0.65 | NO=0.38 | Sum=1.03 | no arb
[Cycle] No signal — YES=0.65 is between 0.30 and 0.70, sum=1.03 ≥ 0.97
[Positions] 1 still open

==================================================
Cycle 123 | 2026-04-02 02:27:53
Balance: $201.32 | Regime: CHOP | Session: 1W/0L (100%) | PnL: $+2.77
[Ticker] KXETH15M-26APR012230-30
[Market] YES=0.76 | NO=0.27 | Sum=1.03 | no arb
[Timing] Window is 12 min old - skipping
[Cycle] No signal — YES=0.76 is between 0.30 and 0.70, sum=1.03 ≥ 0.97
[Positions] 1 still open

==================================================
Cycle 124 | 2026-04-02 02:28:53
Balance: $201.32 | Regime: CHOP | Session: 1W/0L (100%) | PnL: $+2.77
[Ticker] KXETH15M-26APR012230-30
[Market] YES=0.85 | NO=0.16 | Sum=1.01 | no arb
[Timing] Window is 13 min old - skipping
[Cycle] No signal — YES=0.85 is between 0.30 and 0.70, sum=1.01 ≥ 0.97
[Positions] 1 still open

==================================================
Cycle 125 | 2026-04-02 02:29:54
Balance: $201.32 | Regime: CHOP | Session: 1W/0L (100%) | PnL: $+2.77
[Ticker] KXETH15M-26APR012230-30
[Market] YES=1.00 | NO=0.00 | Sum=1.00 | no arb
[Timing] Window is 14 min old - skipping
[Cycle] No signal — YES=1.00 is between 0.30 and 0.70, sum=1.00 ≥ 0.97
[Positions] 1 still open

==================================================
Cycle 126 | 2026-04-02 02:30:55
Balance: $201.32 | Regime: CHOP | Session: 1W/0L (100%) | PnL: $+2.77
[Ticker] KXETH15M-26APR012245-45
[Market] YES=0.63 | NO=0.39 | Sum=1.02 | no arb
[Cycle] No signal — YES=0.63 is between 0.30 and 0.70, sum=1.02 ≥ 0.97
[Positions] 1 still open

==================================================
Cycle 127 | 2026-04-02 02:31:55
Balance: $205.32 | Regime: CHOP | Session: 1W/0L (100%) | PnL: $+2.77
[Ticker] KXETH15M-26APR012245-45
[Market] YES=0.60 | NO=0.42 | Sum=1.02 | no arb
[Cycle] No signal — YES=0.60 is between 0.30 and 0.70, sum=1.02 ≥ 0.97
[Positions] 1 still open

==================================================
Cycle 128 | 2026-04-02 02:32:55
Balance: $205.32 | Regime: CHOP | Session: 1W/0L (100%) | PnL: $+2.77
[Ticker] KXETH15M-26APR012245-45
[Market] YES=0.73 | NO=0.29 | Sum=1.02 | no arb
[Signal] UP candidate | yes=0.73 | waiting for confirmation (1/2)
[Cycle] No signal — YES=0.73 is between 0.30 and 0.70, sum=1.02 ≥ 0.97
[Positions] 1 still open

==================================================
Cycle 129 | 2026-04-02 02:33:56
Balance: $205.32 | Regime: CHOP | Session: 1W/0L (100%) | PnL: $+2.77
[Ticker] KXETH15M-26APR012245-45
[Market] YES=0.72 | NO=0.29 | Sum=1.01 | no arb
[Binance] ✅ Confirms UP | spot=$2086 strike=$2083 gap=+3 (0.14%)
[Correlation] Markets diverging — bet reduced to $2.03
[Signal] ✅ CONFIRMED UP | yes=0.72 | edge=0.22 | consecutive=2 | bet=$2.03
[Order] → KXETH15M-26APR012245-45 | yes | count=4 | $2.03 | directional
✅ SOL DIRECTIONAL: UP $2.03 on KXETH15M-26APR012245-45
[Positions] 2 still open

==================================================
Cycle 130 | 2026-04-02 02:34:59
Balance: $202.34 | Regime: CHOP | Session: 1W/0L (100%) | PnL: $+2.77
[Ticker] KXETH15M-26APR012245-45
[Market] YES=0.75 | NO=0.29 | Sum=1.04 | no arb
[Signal] UP candidate | yes=0.75 | waiting for confirmation (1/2)
[Cycle] No signal — YES=0.75 is between 0.30 and 0.70, sum=1.04 ≥ 0.97
[Positions] 2 still open

==================================================
Cycle 131 | 2026-04-02 02:35:59
Balance: $199.52 | Regime: CHOP | Session: 1W/0L (100%) | PnL: $+2.77
[Ticker] KXETH15M-26APR012245-45
[Market] YES=0.47 | NO=0.55 | Sum=1.02 | no arb
[Cycle] No signal — YES=0.47 is between 0.30 and 0.70, sum=1.02 ≥ 0.97
[Settled] WIN: UP $2.05 on KXETH15M-26APR012230-30 | pnl=$+1.93 | 2W/0L (100%)
[Positions] 1 still open

==================================================
Cycle 132 | 2026-04-02 02:37:00
Balance: $199.52 | Regime: CHOP | Session: 2W/0L (100%) | PnL: $+4.70
[Ticker] KXETH15M-26APR012245-45
[Market] YES=0.39 | NO=0.63 | Sum=1.02 | no arb
[Cycle] No signal — YES=0.39 is between 0.30 and 0.70, sum=1.02 ≥ 0.97
[Positions] 1 still open

==================================================
Cycle 133 | 2026-04-02 02:38:01
Balance: $199.52 | Regime: CHOP | Session: 2W/0L (100%) | PnL: $+4.70
[Ticker] KXETH15M-26APR012245-45
[Market] YES=0.43 | NO=0.59 | Sum=1.02 | no arb
[Cycle] No signal — YES=0.43 is between 0.30 and 0.70, sum=1.02 ≥ 0.97
[Positions] 1 still open

==================================================
Cycle 134 | 2026-04-02 02:39:01
Balance: $199.52 | Regime: CHOP | Session: 2W/0L (100%) | PnL: $+4.70
[Ticker] KXETH15M-26APR012245-45
[Market] YES=0.68 | NO=0.35 | Sum=1.03 | no arb
[Cycle] No signal — YES=0.68 is between 0.30 and 0.70, sum=1.03 ≥ 0.97
[Positions] 1 still open

==================================================
Cycle 135 | 2026-04-02 02:40:02
Balance: $199.52 | Regime: CHOP | Session: 2W/0L (100%) | PnL: $+4.70
[Ticker] KXETH15M-26APR012245-45
[Market] YES=0.52 | NO=0.52 | Sum=1.04 | no arb
[Cycle] No signal — YES=0.52 is between 0.30 and 0.70, sum=1.04 ≥ 0.97
[Positions] 1 still open

==================================================
Cycle 136 | 2026-04-02 02:41:03
Balance: $199.52 | Regime: CHOP | Session: 2W/0L (100%) | PnL: $+4.70
[Ticker] KXETH15M-26APR012245-45
[Market] YES=0.61 | NO=0.40 | Sum=1.01 | no arb
[Cycle] No signal — YES=0.61 is between 0.30 and 0.70, sum=1.01 ≥ 0.97
[Positions] 1 still open

==================================================
Cycle 137 | 2026-04-02 02:42:04
Balance: $199.52 | Regime: CHOP | Session: 2W/0L (100%) | PnL: $+4.70
[Ticker] KXETH15M-26APR012245-45
[Market] YES=0.67 | NO=0.35 | Sum=1.02 | no arb
[Cycle] No signal — YES=0.67 is between 0.30 and 0.70, sum=1.02 ≥ 0.97
[Positions] 1 still open

==================================================
Cycle 138 | 2026-04-02 02:43:05
Balance: $199.52 | Regime: CHOP | Session: 2W/0L (100%) | PnL: $+4.70
[Ticker] KXETH15M-26APR012245-45
[Market] YES=0.46 | NO=0.56 | Sum=1.02 | no arb
[Cycle] No signal — YES=0.46 is between 0.30 and 0.70, sum=1.02 ≥ 0.97
[Positions] 1 still open

==================================================
Cycle 139 | 2026-04-02 02:44:05
Balance: $199.52 | Regime: CHOP | Session: 2W/0L (100%) | PnL: $+4.70
[Ticker] KXETH15M-26APR012245-45
[Market] YES=0.00 | NO=1.00 | Sum=1.00 | no arb
[Timing] Window is 14 min old - skipping
[Cycle] No signal — YES=0.00 is between 0.30 and 0.70, sum=1.00 ≥ 0.97
[Positions] 1 still open

==================================================
Cycle 140 | 2026-04-02 02:45:06
Balance: $199.52 | Regime: CHOP | Session: 2W/0L (100%) | PnL: $+4.70
[Ticker] KXETH15M-26APR012300-00
[Market] YES=0.44 | NO=0.57 | Sum=1.01 | no arb
[Cycle] No signal — YES=0.44 is between 0.30 and 0.70, sum=1.01 ≥ 0.97
[Positions] 1 still open

==================================================
Cycle 141 | 2026-04-02 02:46:06
Balance: $199.52 | Regime: CHOP | Session: 2W/0L (100%) | PnL: $+4.70
[Ticker] KXETH15M-26APR012300-00
[Market] YES=0.57 | NO=0.44 | Sum=1.01 | no arb
[Cycle] No signal — YES=0.57 is between 0.30 and 0.70, sum=1.01 ≥ 0.97
[Positions] 1 still open

==================================================
Cycle 142 | 2026-04-02 02:47:07
Balance: $199.52 | Regime: CHOP | Session: 2W/0L (100%) | PnL: $+4.70
[Ticker] KXETH15M-26APR012300-00
[Market] YES=0.60 | NO=0.42 | Sum=1.02 | no arb
[Cycle] No signal — YES=0.60 is between 0.30 and 0.70, sum=1.02 ≥ 0.97
[Positions] 1 still open

==================================================
Cycle 143 | 2026-04-02 02:48:07
Balance: $199.52 | Regime: CHOP | Session: 2W/0L (100%) | PnL: $+4.70
[Ticker] KXETH15M-26APR012300-00
[Market] YES=0.61 | NO=0.41 | Sum=1.02 | no arb
[Cycle] No signal — YES=0.61 is between 0.30 and 0.70, sum=1.02 ≥ 0.97
[Positions] 1 still open

==================================================
Cycle 144 | 2026-04-02 02:49:08
Balance: $197.28 | Regime: CHOP | Session: 2W/0L (100%) | PnL: $+4.70
[Ticker] KXETH15M-26APR012300-00
[Market] YES=0.65 | NO=0.39 | Sum=1.04 | no arb
[Cycle] No signal — YES=0.65 is between 0.30 and 0.70, sum=1.04 ≥ 0.97
[Positions] 1 still open

==================================================
Cycle 145 | 2026-04-02 02:50:08
Balance: $197.28 | Regime: CHOP | Session: 2W/0L (100%) | PnL: $+4.70
[Ticker] KXETH15M-26APR012300-00
[Market] YES=0.66 | NO=0.37 | Sum=1.03 | no arb
[Cycle] No signal — YES=0.66 is between 0.30 and 0.70, sum=1.03 ≥ 0.97
[Settled] LOSS: UP $2.03 on KXETH15M-26APR012245-45 | pnl=$-2.03 | 2W/1L (67%)

==================================================
Cycle 146 | 2026-04-02 02:51:10
Balance: $197.28 | Regime: CHOP | Session: 2W/1L (67%) | PnL: $+2.67
[Ticker] KXETH15M-26APR012300-00
[Market] YES=0.69 | NO=0.33 | Sum=1.02 | no arb
[Cycle] No signal — YES=0.69 is between 0.30 and 0.70, sum=1.02 ≥ 0.97

==================================================
Cycle 147 | 2026-04-02 02:52:10
Balance: $197.28 | Regime: CHOP | Session: 2W/1L (67%) | PnL: $+2.67
[Ticker] KXETH15M-26APR012300-00
[Market] YES=0.72 | NO=0.30 | Sum=1.02 | no arb
[Timing] Window is 7 min old - skipping
[Cycle] No signal — YES=0.72 is between 0.30 and 0.70, sum=1.02 ≥ 0.97

==================================================
Cycle 148 | 2026-04-02 02:53:11
Balance: $197.28 | Regime: CHOP | Session: 2W/1L (67%) | PnL: $+2.67
[Ticker] KXETH15M-26APR012300-00
[Market] YES=0.84 | NO=0.18 | Sum=1.02 | no arb
[Timing] Window is 8 min old - skipping
[Cycle] No signal — YES=0.84 is between 0.30 and 0.70, sum=1.02 ≥ 0.97

==================================================
Cycle 149 | 2026-04-02 02:54:11
Balance: $197.28 | Regime: CHOP | Session: 2W/1L (67%) | PnL: $+2.67
[Ticker] KXETH15M-26APR012300-00
[Market] YES=0.91 | NO=0.13 | Sum=1.04 | no arb
[Timing] Window is 9 min old - skipping
[Cycle] No signal — YES=0.91 is between 0.30 and 0.70, sum=1.04 ≥ 0.97

==================================================
Cycle 150 | 2026-04-02 02:55:12
Balance: $197.28 | Regime: CHOP | Session: 2W/1L (67%) | PnL: $+2.67
[Ticker] KXETH15M-26APR012300-00
[Market] YES=0.92 | NO=0.10 | Sum=1.02 | no arb
[Timing] Window is 10 min old - skipping
[Cycle] No signal — YES=0.92 is between 0.30 and 0.70, sum=1.02 ≥ 0.97

==================================================
Cycle 151 | 2026-04-02 02:56:12
Balance: $197.28 | Regime: CHOP | Session: 2W/1L (67%) | PnL: $+2.67
[Ticker] KXETH15M-26APR012300-00
[Market] YES=0.96 | NO=0.06 | Sum=1.02 | no arb
[Timing] Window is 11 min old - skipping
[Cycle] No signal — YES=0.96 is between 0.30 and 0.70, sum=1.02 ≥ 0.97

==================================================
Cycle 152 | 2026-04-02 02:57:12
Balance: $197.28 | Regime: CHOP | Session: 2W/1L (67%) | PnL: $+2.67
[Ticker] KXETH15M-26APR012300-00
[Market] YES=0.97 | NO=0.04 | Sum=1.01 | no arb
[Timing] Window is 12 min old - skipping
[Cycle] No signal — YES=0.97 is between 0.30 and 0.70, sum=1.01 ≥ 0.97

==================================================
Cycle 153 | 2026-04-02 02:58:13
Balance: $197.28 | Regime: CHOP | Session: 2W/1L (67%) | PnL: $+2.67
[Ticker] KXETH15M-26APR012300-00
[Market] YES=1.00 | NO=0.01 | Sum=1.00 | no arb
[Timing] Window is 13 min old - skipping
[Cycle] No signal — YES=1.00 is between 0.30 and 0.70, sum=1.00 ≥ 0.97

==================================================
Cycle 154 | 2026-04-02 02:59:13
Balance: $197.28 | Regime: CHOP | Session: 2W/1L (67%) | PnL: $+2.67
[Ticker] KXETH15M-26APR012300-00
[Market] YES=1.00 | NO=0.00 | Sum=1.00 | no arb
[Timing] Window is 14 min old - skipping
[Cycle] No signal — YES=1.00 is between 0.30 and 0.70, sum=1.00 ≥ 0.97

==================================================
Cycle 155 | 2026-04-02 03:00:14
Balance: $197.28 | Regime: CHOP | Session: 2W/1L (67%) | PnL: $+2.67
[Ticker] KXETH15M-26APR012300-00
[Market] YES=1.00 | NO=0.00 | Sum=1.00 | no arb
[Timing] Window is 0 min old - skipping
[Cycle] No signal — YES=1.00 is between 0.30 and 0.70, sum=1.00 ≥ 0.97

==================================================
Cycle 156 | 2026-04-02 03:01:14
Balance: $200.28 | Regime: CHOP | Session: 2W/1L (67%) | PnL: $+2.67
[Ticker] KXETH15M-26APR012315-15
[Market] YES=0.42 | NO=0.61 | Sum=1.03 | no arb
[Cycle] No signal — YES=0.42 is between 0.30 and 0.70, sum=1.03 ≥ 0.97

==================================================
Cycle 157 | 2026-04-02 03:02:15
Balance: $200.28 | Regime: CHOP | Session: 2W/1L (67%) | PnL: $+2.67
[Ticker] KXETH15M-26APR012315-15
[Market] YES=0.29 | NO=0.72 | Sum=1.01 | no arb
[Signal] DOWN candidate | yes=0.29 | waiting for confirmation (1/2)
[Cycle] No signal — YES=0.29 is between 0.30 and 0.70, sum=1.01 ≥ 0.97

==================================================
Cycle 158 | 2026-04-02 03:03:15
Balance: $200.28 | Regime: CHOP | Session: 2W/1L (67%) | PnL: $+2.67
[Ticker] KXETH15M-26APR012315-15
[Market] YES=0.31 | NO=0.70 | Sum=1.01 | no arb
[Cycle] No signal — YES=0.31 is between 0.30 and 0.70, sum=1.01 ≥ 0.97

==================================================
Cycle 159 | 2026-04-02 03:04:16
Balance: $200.28 | Regime: CHOP | Session: 2W/1L (67%) | PnL: $+2.67
[Ticker] KXETH15M-26APR012315-15
[Market] YES=0.39 | NO=0.64 | Sum=1.03 | no arb
[Cycle] No signal — YES=0.39 is between 0.30 and 0.70, sum=1.03 ≥ 0.97

==================================================
Cycle 160 | 2026-04-02 03:05:16
Balance: $200.28 | Regime: CHOP | Session: 2W/1L (67%) | PnL: $+2.67
[Ticker] KXETH15M-26APR012315-15
[Market] YES=0.33 | NO=0.71 | Sum=1.04 | no arb
[Cycle] No signal — YES=0.33 is between 0.30 and 0.70, sum=1.04 ≥ 0.97

==================================================
Cycle 161 | 2026-04-02 03:06:17
Balance: $200.28 | Regime: CHOP | Session: 2W/1L (67%) | PnL: $+2.67
[Ticker] KXETH15M-26APR012315-15
[Market] YES=0.57 | NO=0.44 | Sum=1.01 | no arb
[Cycle] No signal — YES=0.57 is between 0.30 and 0.70, sum=1.01 ≥ 0.97

==================================================
Cycle 162 | 2026-04-02 03:07:17
Balance: $200.28 | Regime: CHOP | Session: 2W/1L (67%) | PnL: $+2.67
[Ticker] KXETH15M-26APR012315-15
[Market] YES=0.56 | NO=0.46 | Sum=1.02 | no arb
[Cycle] No signal — YES=0.56 is between 0.30 and 0.70, sum=1.02 ≥ 0.97

==================================================
Cycle 163 | 2026-04-02 03:08:17
Balance: $200.28 | Regime: CHOP | Session: 2W/1L (67%) | PnL: $+2.67
[Ticker] KXETH15M-26APR012315-15
[Market] YES=0.52 | NO=0.51 | Sum=1.03 | no arb
[Cycle] No signal — YES=0.52 is between 0.30 and 0.70, sum=1.03 ≥ 0.97

==================================================
Cycle 164 | 2026-04-02 03:09:18
Balance: $200.28 | Regime: CHOP | Session: 2W/1L (67%) | PnL: $+2.67
[Ticker] KXETH15M-26APR012315-15
[Market] YES=0.63 | NO=0.40 | Sum=1.03 | no arb
[Cycle] No signal — YES=0.63 is between 0.30 and 0.70, sum=1.03 ≥ 0.97

==================================================
Cycle 165 | 2026-04-02 03:10:18
Balance: $200.28 | Regime: CHOP | Session: 2W/1L (67%) | PnL: $+2.67
[Ticker] KXETH15M-26APR012315-15
[Market] YES=0.35 | NO=0.68 | Sum=1.03 | no arb
[Cycle] No signal — YES=0.35 is between 0.30 and 0.70, sum=1.03 ≥ 0.97

==================================================
Cycle 166 | 2026-04-02 03:11:19
Balance: $200.28 | Regime: CHOP | Session: 2W/1L (67%) | PnL: $+2.67
[Ticker] KXETH15M-26APR012315-15
[Market] YES=0.05 | NO=0.96 | Sum=1.01 | no arb
[Timing] Window is 11 min old - skipping
[Cycle] No signal — YES=0.05 is between 0.30 and 0.70, sum=1.01 ≥ 0.97

==================================================
Cycle 167 | 2026-04-02 03:12:19
Balance: $200.28 | Regime: CHOP | Session: 2W/1L (67%) | PnL: $+2.67
[Ticker] KXETH15M-26APR012315-15
[Market] YES=0.06 | NO=0.96 | Sum=1.02 | no arb
[Timing] Window is 12 min old - skipping
[Cycle] No signal — YES=0.06 is between 0.30 and 0.70, sum=1.02 ≥ 0.97

==================================================
Cycle 168 | 2026-04-02 03:13:19
Balance: $200.28 | Regime: CHOP | Session: 2W/1L (67%) | PnL: $+2.67
[Ticker] KXETH15M-26APR012315-15
[Market] YES=0.09 | NO=0.94 | Sum=1.03 | no arb
[Timing] Window is 13 min old - skipping
[Cycle] No signal — YES=0.09 is between 0.30 and 0.70, sum=1.03 ≥ 0.97

==================================================
Cycle 169 | 2026-04-02 03:14:20
Balance: $200.28 | Regime: CHOP | Session: 2W/1L (67%) | PnL: $+2.67
[Ticker] KXETH15M-26APR012315-15
[Market] YES=0.01 | NO=1.00 | Sum=1.00 | no arb
[Timing] Window is 14 min old - skipping
[Cycle] No signal — YES=0.01 is between 0.30 and 0.70, sum=1.00 ≥ 0.97

==================================================
Cycle 170 | 2026-04-02 03:15:20
Balance: $200.28 | Regime: CHOP | Session: 2W/1L (67%) | PnL: $+2.67
[Ticker] KXETH15M-26APR012330-30
[Market] YES=0.56 | NO=0.47 | Sum=1.03 | no arb
[Cycle] No signal — YES=0.56 is between 0.30 and 0.70, sum=1.03 ≥ 0.97

==================================================
Cycle 171 | 2026-04-02 03:16:21
Balance: $200.28 | Regime: CHOP | Session: 2W/1L (67%) | PnL: $+2.67
[Ticker] KXETH15M-26APR012330-30
[Market] YES=0.52 | NO=0.49 | Sum=1.01 | no arb
[Cycle] No signal — YES=0.52 is between 0.30 and 0.70, sum=1.01 ≥ 0.97

==================================================
Cycle 172 | 2026-04-02 03:17:21
Balance: $200.28 | Regime: CHOP | Session: 2W/1L (67%) | PnL: $+2.67
[Ticker] KXETH15M-26APR012330-30
[Market] YES=0.59 | NO=0.42 | Sum=1.01 | no arb
[Cycle] No signal — YES=0.59 is between 0.30 and 0.70, sum=1.01 ≥ 0.97

==================================================
Cycle 173 | 2026-04-02 03:18:22
Balance: $200.28 | Regime: CHOP | Session: 2W/1L (67%) | PnL: $+2.67
[Ticker] KXETH15M-26APR012330-30
[Market] YES=0.62 | NO=0.42 | Sum=1.04 | no arb
[Cycle] No signal — YES=0.62 is between 0.30 and 0.70, sum=1.04 ≥ 0.97

==================================================
Cycle 174 | 2026-04-02 03:19:22
Balance: $200.28 | Regime: CHOP | Session: 2W/1L (67%) | PnL: $+2.67
[Ticker] KXETH15M-26APR012330-30
[Market] YES=0.58 | NO=0.45 | Sum=1.03 | no arb
[Cycle] No signal — YES=0.58 is between 0.30 and 0.70, sum=1.03 ≥ 0.97

==================================================
Cycle 175 | 2026-04-02 03:20:23
Balance: $200.28 | Regime: CHOP | Session: 2W/1L (67%) | PnL: $+2.67
[Ticker] KXETH15M-26APR012330-30
[Market] YES=0.26 | NO=0.77 | Sum=1.03 | no arb
[Timing] Window is 5 min old - skipping
[Cycle] No signal — YES=0.26 is between 0.30 and 0.70, sum=1.03 ≥ 0.97

==================================================
Cycle 176 | 2026-04-02 03:21:23
Balance: $200.28 | Regime: CHOP | Session: 2W/1L (67%) | PnL: $+2.67
[Ticker] KXETH15M-26APR012330-30
[Market] YES=0.40 | NO=0.61 | Sum=1.01 | no arb
[Cycle] No signal — YES=0.40 is between 0.30 and 0.70, sum=1.01 ≥ 0.97

==================================================
Cycle 177 | 2026-04-02 03:22:23
Balance: $200.28 | Regime: CHOP | Session: 2W/1L (67%) | PnL: $+2.67
[Ticker] KXETH15M-26APR012330-30
[Market] YES=0.63 | NO=0.38 | Sum=1.01 | no arb
[Cycle] No signal — YES=0.63 is between 0.30 and 0.70, sum=1.01 ≥ 0.97

==================================================
Cycle 178 | 2026-04-02 03:23:24
Balance: $200.28 | Regime: CHOP | Session: 2W/1L (67%) | PnL: $+2.67
[Ticker] KXETH15M-26APR012330-30
[Market] YES=0.66 | NO=0.36 | Sum=1.02 | no arb
[Cycle] No signal — YES=0.66 is between 0.30 and 0.70, sum=1.02 ≥ 0.97

==================================================
Cycle 179 | 2026-04-02 03:24:25
Balance: $200.28 | Regime: CHOP | Session: 2W/1L (67%) | PnL: $+2.67
[Ticker] KXETH15M-26APR012330-30
[Market] YES=0.78 | NO=0.23 | Sum=1.01 | no arb
[Timing] Window is 9 min old - skipping
[Cycle] No signal — YES=0.78 is between 0.30 and 0.70, sum=1.01 ≥ 0.97

==================================================
Cycle 180 | 2026-04-02 03:25:25
Balance: $200.28 | Regime: CHOP | Session: 2W/1L (67%) | PnL: $+2.67
[Ticker] KXETH15M-26APR012330-30
[Market] YES=0.90 | NO=0.12 | Sum=1.02 | no arb
[Timing] Window is 10 min old - skipping
[Cycle] No signal — YES=0.90 is between 0.30 and 0.70, sum=1.02 ≥ 0.97

==================================================
Cycle 181 | 2026-04-02 03:26:25
Balance: $200.28 | Regime: CHOP | Session: 2W/1L (67%) | PnL: $+2.67
[Ticker] KXETH15M-26APR012330-30
[Market] YES=0.96 | NO=0.05 | Sum=1.01 | no arb
[Timing] Window is 11 min old - skipping
[Cycle] No signal — YES=0.96 is between 0.30 and 0.70, sum=1.01 ≥ 0.97

==================================================
Cycle 182 | 2026-04-02 03:27:26
Balance: $200.28 | Regime: CHOP | Session: 2W/1L (67%) | PnL: $+2.67
[Ticker] KXETH15M-26APR012330-30
[Market] YES=0.98 | NO=0.03 | Sum=1.01 | no arb
[Timing] Window is 12 min old - skipping
[Cycle] No signal — YES=0.98 is between 0.30 and 0.70, sum=1.01 ≥ 0.97

==================================================
Cycle 183 | 2026-04-02 03:28:26
Balance: $200.28 | Regime: CHOP | Session: 2W/1L (67%) | PnL: $+2.67
[Ticker] KXETH15M-26APR012330-30
[Market] YES=0.98 | NO=0.03 | Sum=1.01 | no arb
[Timing] Window is 13 min old - skipping
[Cycle] No signal — YES=0.98 is between 0.30 and 0.70, sum=1.01 ≥ 0.97

==================================================
Cycle 184 | 2026-04-02 03:29:27
Balance: $200.28 | Regime: CHOP | Session: 2W/1L (67%) | PnL: $+2.67
[Ticker] KXETH15M-26APR012330-30
[Market] YES=1.00 | NO=0.00 | Sum=1.00 | no arb
[Timing] Window is 14 min old - skipping
[Cycle] No signal — YES=1.00 is between 0.30 and 0.70, sum=1.00 ≥ 0.97

==================================================
Cycle 185 | 2026-04-02 03:30:27
Balance: $200.28 | Regime: CHOP | Session: 2W/1L (67%) | PnL: $+2.67
[Ticker] KXETH15M-26APR012345-45
[Market] YES=0.55 | NO=0.48 | Sum=1.03 | no arb
[Cycle] No signal — YES=0.55 is between 0.30 and 0.70, sum=1.03 ≥ 0.97

==================================================
Cycle 186 | 2026-04-02 03:31:27
Balance: $200.28 | Regime: CHOP | Session: 2W/1L (67%) | PnL: $+2.67
[Ticker] KXETH15M-26APR012345-45
[Market] YES=0.61 | NO=0.42 | Sum=1.03 | no arb
[Cycle] No signal — YES=0.61 is between 0.30 and 0.70, sum=1.03 ≥ 0.97

==================================================
Cycle 187 | 2026-04-02 03:32:28
Balance: $200.28 | Regime: CHOP | Session: 2W/1L (67%) | PnL: $+2.67
[Ticker] KXETH15M-26APR012345-45
[Market] YES=0.43 | NO=0.59 | Sum=1.02 | no arb
[Cycle] No signal — YES=0.43 is between 0.30 and 0.70, sum=1.02 ≥ 0.97

==================================================
Cycle 188 | 2026-04-02 03:33:28
Balance: $200.28 | Regime: CHOP | Session: 2W/1L (67%) | PnL: $+2.67
[Ticker] KXETH15M-26APR012345-45
[Market] YES=0.37 | NO=0.65 | Sum=1.02 | no arb
[Cycle] No signal — YES=0.37 is between 0.30 and 0.70, sum=1.02 ≥ 0.97

==================================================
Cycle 189 | 2026-04-02 03:34:29
Balance: $200.28 | Regime: CHOP | Session: 2W/1L (67%) | PnL: $+2.67
[Ticker] KXETH15M-26APR012345-45
[Market] YES=0.50 | NO=0.54 | Sum=1.04 | no arb
[Cycle] No signal — YES=0.50 is between 0.30 and 0.70, sum=1.04 ≥ 0.97

==================================================
Cycle 190 | 2026-04-02 03:35:29
Balance: $200.28 | Regime: CHOP | Session: 2W/1L (67%) | PnL: $+2.67
[Ticker] KXETH15M-26APR012345-45
[Market] YES=0.49 | NO=0.53 | Sum=1.02 | no arb
[Cycle] No signal — YES=0.49 is between 0.30 and 0.70, sum=1.02 ≥ 0.97

==================================================
Cycle 191 | 2026-04-02 03:36:30
Balance: $200.28 | Regime: CHOP | Session: 2W/1L (67%) | PnL: $+2.67
[Ticker] KXETH15M-26APR012345-45
[Market] YES=0.63 | NO=0.40 | Sum=1.03 | no arb
[Cycle] No signal — YES=0.63 is between 0.30 and 0.70, sum=1.03 ≥ 0.97

==================================================
Cycle 192 | 2026-04-02 03:37:30
Balance: $200.28 | Regime: CHOP | Session: 2W/1L (67%) | PnL: $+2.67
[Ticker] KXETH15M-26APR012345-45
[Market] YES=0.39 | NO=0.63 | Sum=1.02 | no arb
[Cycle] No signal — YES=0.39 is between 0.30 and 0.70, sum=1.02 ≥ 0.97

==================================================
Cycle 193 | 2026-04-02 03:38:31
Balance: $200.28 | Regime: CHOP | Session: 2W/1L (67%) | PnL: $+2.67
[Ticker] KXETH15M-26APR012345-45
[Market] YES=0.29 | NO=0.73 | Sum=1.02 | no arb
[Timing] Window is 8 min old - skipping
[Cycle] No signal — YES=0.29 is between 0.30 and 0.70, sum=1.02 ≥ 0.97

==================================================
Cycle 194 | 2026-04-02 03:39:31
Balance: $200.28 | Regime: CHOP | Session: 2W/1L (67%) | PnL: $+2.67
[Ticker] KXETH15M-26APR012345-45
[Market] YES=0.12 | NO=0.92 | Sum=1.04 | no arb
[Timing] Window is 9 min old - skipping
[Cycle] No signal — YES=0.12 is between 0.30 and 0.70, sum=1.04 ≥ 0.97

==================================================
Cycle 195 | 2026-04-02 03:40:31
Balance: $200.28 | Regime: CHOP | Session: 2W/1L (67%) | PnL: $+2.67
[Ticker] KXETH15M-26APR012345-45
[Market] YES=0.07 | NO=0.95 | Sum=1.02 | no arb
[Timing] Window is 10 min old - skipping
[Cycle] No signal — YES=0.07 is between 0.30 and 0.70, sum=1.02 ≥ 0.97

==================================================
Cycle 196 | 2026-04-02 03:41:32
Balance: $199.29 | Regime: CHOP | Session: 2W/1L (67%) | PnL: $+2.67
[Ticker] KXETH15M-26APR012345-45
[Market] YES=0.04 | NO=0.97 | Sum=1.01 | no arb
[Timing] Window is 11 min old - skipping
[Cycle] No signal — YES=0.04 is between 0.30 and 0.70, sum=1.01 ≥ 0.97

==================================================
Cycle 197 | 2026-04-02 03:42:32
Balance: $199.29 | Regime: CHOP | Session: 2W/1L (67%) | PnL: $+2.67
[Ticker] KXETH15M-26APR012345-45
[Market] YES=0.00 | NO=1.00 | Sum=1.00 | no arb
[Timing] Window is 12 min old - skipping
[Cycle] No signal — YES=0.00 is between 0.30 and 0.70, sum=1.00 ≥ 0.97

==================================================
Cycle 198 | 2026-04-02 03:43:33
Balance: $199.29 | Regime: CHOP | Session: 2W/1L (67%) | PnL: $+2.67
[Ticker] KXETH15M-26APR012345-45
[Market] YES=0.00 | NO=1.00 | Sum=1.00 | no arb
[Timing] Window is 13 min old - skipping
[Cycle] No signal — YES=0.00 is between 0.30 and 0.70, sum=1.00 ≥ 0.97

==================================================
Cycle 199 | 2026-04-02 03:44:33
Balance: $199.29 | Regime: CHOP | Session: 2W/1L (67%) | PnL: $+2.67
[Ticker] KXETH15M-26APR012345-45
[Market] YES=0.00 | NO=1.00 | Sum=1.00 | no arb
[Timing] Window is 14 min old - skipping
[Cycle] No signal — YES=0.00 is between 0.30 and 0.70, sum=1.00 ≥ 0.97

==================================================
Cycle 200 | 2026-04-02 03:45:34
Balance: $199.29 | Regime: CHOP | Session: 2W/1L (67%) | PnL: $+2.67
[Ticker] KXETH15M-26APR012345-45
[Market] YES=0.00 | NO=1.00 | Sum=1.00 | no arb
[Timing] Window is 0 min old - skipping
[Cycle] No signal — YES=0.00 is between 0.30 and 0.70, sum=1.00 ≥ 0.97

==================================================
Cycle 201 | 2026-04-02 03:46:34
Balance: $199.29 | Regime: CHOP | Session: 2W/1L (67%) | PnL: $+2.67
[Ticker] KXETH15M-26APR020000-00
[Market] YES=0.59 | NO=0.43 | Sum=1.02 | no arb
[Cycle] No signal — YES=0.59 is between 0.30 and 0.70, sum=1.02 ≥ 0.97

==================================================
Cycle 202 | 2026-04-02 03:47:34
Balance: $199.29 | Regime: CHOP | Session: 2W/1L (67%) | PnL: $+2.67
[Ticker] KXETH15M-26APR020000-00
[Market] YES=0.64 | NO=0.39 | Sum=1.03 | no arb
[Cycle] No signal — YES=0.64 is between 0.30 and 0.70, sum=1.03 ≥ 0.97

==================================================
Cycle 203 | 2026-04-02 03:48:35
Balance: $199.29 | Regime: CHOP | Session: 2W/1L (67%) | PnL: $+2.67
[Ticker] KXETH15M-26APR020000-00
[Market] YES=0.65 | NO=0.37 | Sum=1.02 | no arb
[Cycle] No signal — YES=0.65 is between 0.30 and 0.70, sum=1.02 ≥ 0.97

==================================================
Cycle 204 | 2026-04-02 03:49:35
Balance: $199.29 | Regime: CHOP | Session: 2W/1L (67%) | PnL: $+2.67
[Ticker] KXETH15M-26APR020000-00
[Market] YES=0.69 | NO=0.34 | Sum=1.03 | no arb
[Cycle] No signal — YES=0.69 is between 0.30 and 0.70, sum=1.03 ≥ 0.97

==================================================
Cycle 205 | 2026-04-02 03:50:36
Balance: $199.29 | Regime: CHOP | Session: 2W/1L (67%) | PnL: $+2.67
[Ticker] KXETH15M-26APR020000-00
[Market] YES=0.70 | NO=0.31 | Sum=1.01 | no arb
[Cycle] No signal — YES=0.70 is between 0.30 and 0.70, sum=1.01 ≥ 0.97

==================================================
Cycle 206 | 2026-04-02 03:51:36
Balance: $199.29 | Regime: CHOP | Session: 2W/1L (67%) | PnL: $+2.67
[Ticker] KXETH15M-26APR020000-00
[Market] YES=0.71 | NO=0.30 | Sum=1.01 | no arb
[Timing] Window is 6 min old - skipping
[Cycle] No signal — YES=0.71 is between 0.30 and 0.70, sum=1.01 ≥ 0.97

==================================================
Cycle 207 | 2026-04-02 03:52:37
Balance: $199.29 | Regime: CHOP | Session: 2W/1L (67%) | PnL: $+2.67
[Ticker] KXETH15M-26APR020000-00
[Market] YES=0.73 | NO=0.29 | Sum=1.02 | no arb
[Timing] Window is 7 min old - skipping
[Cycle] No signal — YES=0.73 is between 0.30 and 0.70, sum=1.02 ≥ 0.97

==================================================
Cycle 208 | 2026-04-02 03:53:37
Balance: $199.29 | Regime: CHOP | Session: 2W/1L (67%) | PnL: $+2.67
[Ticker] KXETH15M-26APR020000-00
[Market] YES=0.83 | NO=0.18 | Sum=1.01 | no arb
[Timing] Window is 8 min old - skipping
[Cycle] No signal — YES=0.83 is between 0.30 and 0.70, sum=1.01 ≥ 0.97

==================================================
Cycle 209 | 2026-04-02 03:54:38
Balance: $199.29 | Regime: CHOP | Session: 2W/1L (67%) | PnL: $+2.67
[Ticker] KXETH15M-26APR020000-00
[Market] YES=0.79 | NO=0.22 | Sum=1.01 | no arb
[Timing] Window is 9 min old - skipping
[Cycle] No signal — YES=0.79 is between 0.30 and 0.70, sum=1.01 ≥ 0.97

==================================================
Cycle 210 | 2026-04-02 03:55:38
Balance: $199.29 | Regime: CHOP | Session: 2W/1L (67%) | PnL: $+2.67
[Ticker] KXETH15M-26APR020000-00
[Market] YES=0.69 | NO=0.32 | Sum=1.01 | no arb
[Cycle] No signal — YES=0.69 is between 0.30 and 0.70, sum=1.01 ≥ 0.97

==================================================
Cycle 211 | 2026-04-02 03:56:39
Balance: $199.29 | Regime: CHOP | Session: 2W/1L (67%) | PnL: $+2.67
[Ticker] KXETH15M-26APR020000-00
[Market] YES=0.92 | NO=0.10 | Sum=1.02 | no arb
[Timing] Window is 11 min old - skipping
[Cycle] No signal — YES=0.92 is between 0.30 and 0.70, sum=1.02 ≥ 0.97

==================================================
Cycle 212 | 2026-04-02 03:57:39
Balance: $199.29 | Regime: CHOP | Session: 2W/1L (67%) | PnL: $+2.67
[Ticker] KXETH15M-26APR020000-00
[Market] YES=0.98 | NO=0.03 | Sum=1.01 | no arb
[Timing] Window is 12 min old - skipping
[Cycle] No signal — YES=0.98 is between 0.30 and 0.70, sum=1.01 ≥ 0.97

==================================================
Cycle 213 | 2026-04-02 03:58:40
Balance: $199.29 | Regime: CHOP | Session: 2W/1L (67%) | PnL: $+2.67
[Ticker] KXETH15M-26APR020000-00
[Market] YES=1.00 | NO=0.01 | Sum=1.00 | no arb
[Timing] Window is 13 min old - skipping
[Cycle] No signal — YES=1.00 is between 0.30 and 0.70, sum=1.00 ≥ 0.97

==================================================
Cycle 214 | 2026-04-02 03:59:40
Balance: $199.29 | Regime: CHOP | Session: 2W/1L (67%) | PnL: $+2.67
[Ticker] KXETH15M-26APR020000-00
[Market] YES=1.00 | NO=0.00 | Sum=1.00 | no arb
[Timing] Window is 14 min old - skipping
[Cycle] No signal — YES=1.00 is between 0.30 and 0.70, sum=1.00 ≥ 0.97

==================================================
Cycle 215 | 2026-04-02 04:00:40
Balance: $199.29 | Regime: CHOP | Session: 2W/1L (67%) | PnL: $+2.67
[Ticker] KXETH15M-26APR020015-15
[Market] YES=0.49 | NO=0.56 | Sum=1.05 | no arb
[Cycle] No signal — YES=0.49 is between 0.30 and 0.70, sum=1.05 ≥ 0.97

==================================================
Cycle 216 | 2026-04-02 04:01:41
Balance: $199.29 | Regime: CHOP | Session: 2W/1L (67%) | PnL: $+2.67
[Ticker] KXETH15M-26APR020015-15
[Market] YES=0.43 | NO=0.58 | Sum=1.01 | no arb
[Cycle] No signal — YES=0.43 is between 0.30 and 0.70, sum=1.01 ≥ 0.97

==================================================
Cycle 217 | 2026-04-02 04:02:41
Balance: $199.29 | Regime: CHOP | Session: 2W/1L (67%) | PnL: $+2.67
[Ticker] KXETH15M-26APR020015-15
[Market] YES=0.54 | NO=0.48 | Sum=1.02 | no arb
[Cycle] No signal — YES=0.54 is between 0.30 and 0.70, sum=1.02 ≥ 0.97

==================================================
Cycle 218 | 2026-04-02 04:03:42
Balance: $199.29 | Regime: CHOP | Session: 2W/1L (67%) | PnL: $+2.67
[Ticker] KXETH15M-26APR020015-15
[Market] YES=0.54 | NO=0.50 | Sum=1.04 | no arb
[Cycle] No signal — YES=0.54 is between 0.30 and 0.70, sum=1.04 ≥ 0.97

==================================================
Cycle 219 | 2026-04-02 04:04:42
Balance: $199.29 | Regime: CHOP | Session: 2W/1L (67%) | PnL: $+2.67
[Ticker] KXETH15M-26APR020015-15
[Market] YES=0.44 | NO=0.58 | Sum=1.02 | no arb
[Cycle] No signal — YES=0.44 is between 0.30 and 0.70, sum=1.02 ≥ 0.97

==================================================
Cycle 220 | 2026-04-02 04:05:43
Balance: $200.29 | Regime: CHOP | Session: 2W/1L (67%) | PnL: $+2.67
[Ticker] KXETH15M-26APR020015-15
[Market] YES=0.40 | NO=0.62 | Sum=1.02 | no arb
[Cycle] No signal — YES=0.40 is between 0.30 and 0.70, sum=1.02 ≥ 0.97

==================================================
Cycle 221 | 2026-04-02 04:06:43
Balance: $200.29 | Regime: CHOP | Session: 2W/1L (67%) | PnL: $+2.67
[Ticker] KXETH15M-26APR020015-15
[Market] YES=0.47 | NO=0.55 | Sum=1.02 | no arb
[Cycle] No signal — YES=0.47 is between 0.30 and 0.70, sum=1.02 ≥ 0.97

==================================================
Cycle 222 | 2026-04-02 04:07:44
Balance: $200.29 | Regime: CHOP | Session: 2W/1L (67%) | PnL: $+2.67
[Ticker] KXETH15M-26APR020015-15
[Market] YES=0.50 | NO=0.53 | Sum=1.03 | no arb
[Cycle] No signal — YES=0.50 is between 0.30 and 0.70, sum=1.03 ≥ 0.97

==================================================
Cycle 223 | 2026-04-02 04:08:44
Balance: $200.29 | Regime: CHOP | Session: 2W/1L (67%) | PnL: $+2.67
[Ticker] KXETH15M-26APR020015-15
[Market] YES=0.45 | NO=0.58 | Sum=1.03 | no arb
[Cycle] No signal — YES=0.45 is between 0.30 and 0.70, sum=1.03 ≥ 0.97

==================================================
Cycle 224 | 2026-04-02 04:09:45
Balance: $200.29 | Regime: CHOP | Session: 2W/1L (67%) | PnL: $+2.67
[Ticker] KXETH15M-26APR020015-15
[Market] YES=0.61 | NO=0.41 | Sum=1.02 | no arb
[Cycle] No signal — YES=0.61 is between 0.30 and 0.70, sum=1.02 ≥ 0.97

==================================================
Cycle 225 | 2026-04-02 04:10:45
Balance: $200.29 | Regime: CHOP | Session: 2W/1L (67%) | PnL: $+2.67
[Ticker] KXETH15M-26APR020015-15
[Market] YES=0.51 | NO=0.52 | Sum=1.03 | no arb
[Cycle] No signal — YES=0.51 is between 0.30 and 0.70, sum=1.03 ≥ 0.97

==================================================
Cycle 226 | 2026-04-02 04:11:45
Balance: $200.29 | Regime: CHOP | Session: 2W/1L (67%) | PnL: $+2.67
[Ticker] KXETH15M-26APR020015-15
[Market] YES=0.75 | NO=0.27 | Sum=1.02 | no arb
[Timing] Window is 11 min old - skipping
[Cycle] No signal — YES=0.75 is between 0.30 and 0.70, sum=1.02 ≥ 0.97

==================================================
Cycle 227 | 2026-04-02 04:12:46
Balance: $200.29 | Regime: CHOP | Session: 2W/1L (67%) | PnL: $+2.67
[Ticker] KXETH15M-26APR020015-15
[Market] YES=0.14 | NO=0.88 | Sum=1.02 | no arb
[Timing] Window is 12 min old - skipping
[Cycle] No signal — YES=0.14 is between 0.30 and 0.70, sum=1.02 ≥ 0.97

==================================================
Cycle 228 | 2026-04-02 04:13:46
Balance: $200.29 | Regime: CHOP | Session: 2W/1L (67%) | PnL: $+2.67
[Ticker] KXETH15M-26APR020015-15
[Market] YES=0.33 | NO=0.73 | Sum=1.06 | no arb
[Cycle] No signal — YES=0.33 is between 0.30 and 0.70, sum=1.06 ≥ 0.97

==================================================
Cycle 229 | 2026-04-02 04:14:47
Balance: $200.29 | Regime: CHOP | Session: 2W/1L (67%) | PnL: $+2.67
[Ticker] KXETH15M-26APR020015-15
[Market] YES=0.00 | NO=1.00 | Sum=1.00 | no arb
[Timing] Window is 14 min old - skipping
[Cycle] No signal — YES=0.00 is between 0.30 and 0.70, sum=1.00 ≥ 0.97

==================================================
Cycle 230 | 2026-04-02 04:15:47
Balance: $200.29 | Regime: CHOP | Session: 2W/1L (67%) | PnL: $+2.67
[Ticker] KXETH15M-26APR020030-30
[Market] YES=0.75 | NO=0.28 | Sum=1.03 | no arb
[Timing] Window is 0 min old - skipping
[Cycle] No signal — YES=0.75 is between 0.30 and 0.70, sum=1.03 ≥ 0.97

==================================================
Cycle 231 | 2026-04-02 04:16:48
Balance: $200.29 | Regime: CHOP | Session: 2W/1L (67%) | PnL: $+2.67
[Ticker] KXETH15M-26APR020030-30
[Market] YES=0.61 | NO=0.42 | Sum=1.03 | no arb
[Cycle] No signal — YES=0.61 is between 0.30 and 0.70, sum=1.03 ≥ 0.97

==================================================
Cycle 232 | 2026-04-02 04:17:48
Balance: $200.29 | Regime: CHOP | Session: 2W/1L (67%) | PnL: $+2.67
[Ticker] KXETH15M-26APR020030-30
[Market] YES=0.63 | NO=0.39 | Sum=1.02 | no arb
[Cycle] No signal — YES=0.63 is between 0.30 and 0.70, sum=1.02 ≥ 0.97

==================================================
Cycle 233 | 2026-04-02 04:18:49
Balance: $200.29 | Regime: CHOP | Session: 2W/1L (67%) | PnL: $+2.67
[Ticker] KXETH15M-26APR020030-30
[Market] YES=0.62 | NO=0.41 | Sum=1.03 | no arb
[Cycle] No signal — YES=0.62 is between 0.30 and 0.70, sum=1.03 ≥ 0.97

==================================================
Cycle 234 | 2026-04-02 04:19:49
Balance: $200.29 | Regime: CHOP | Session: 2W/1L (67%) | PnL: $+2.67
[Ticker] KXETH15M-26APR020030-30
[Market] YES=0.67 | NO=0.35 | Sum=1.02 | no arb
[Cycle] No signal — YES=0.67 is between 0.30 and 0.70, sum=1.02 ≥ 0.97

==================================================
Cycle 235 | 2026-04-02 04:20:49
Balance: $200.29 | Regime: CHOP | Session: 2W/1L (67%) | PnL: $+2.67
[Ticker] KXETH15M-26APR020030-30
[Market] YES=0.56 | NO=0.49 | Sum=1.05 | no arb
[Cycle] No signal — YES=0.56 is between 0.30 and 0.70, sum=1.05 ≥ 0.97

==================================================
Cycle 236 | 2026-04-02 04:21:50
Balance: $200.29 | Regime: CHOP | Session: 2W/1L (67%) | PnL: $+2.67
[Ticker] KXETH15M-26APR020030-30
[Market] YES=0.48 | NO=0.55 | Sum=1.03 | no arb
[Cycle] No signal — YES=0.48 is between 0.30 and 0.70, sum=1.03 ≥ 0.97

==================================================
Cycle 237 | 2026-04-02 04:22:50
Balance: $200.29 | Regime: CHOP | Session: 2W/1L (67%) | PnL: $+2.67
[Ticker] KXETH15M-26APR020030-30
[Market] YES=0.20 | NO=0.83 | Sum=1.03 | no arb
[Timing] Window is 7 min old - skipping
[Cycle] No signal — YES=0.20 is between 0.30 and 0.70, sum=1.03 ≥ 0.97

==================================================
Cycle 238 | 2026-04-02 04:23:51
Balance: $200.29 | Regime: CHOP | Session: 2W/1L (67%) | PnL: $+2.67
[Ticker] KXETH15M-26APR020030-30
[Market] YES=0.18 | NO=0.83 | Sum=1.01 | no arb
[Timing] Window is 8 min old - skipping
[Cycle] No signal — YES=0.18 is between 0.30 and 0.70, sum=1.01 ≥ 0.97

==================================================
Cycle 239 | 2026-04-02 04:24:51
Balance: $200.29 | Regime: CHOP | Session: 2W/1L (67%) | PnL: $+2.67
[Ticker] KXETH15M-26APR020030-30
[Market] YES=0.15 | NO=0.87 | Sum=1.02 | no arb
[Timing] Window is 9 min old - skipping
[Cycle] No signal — YES=0.15 is between 0.30 and 0.70, sum=1.02 ≥ 0.97

==================================================
Cycle 240 | 2026-04-02 04:25:52
Balance: $200.29 | Regime: CHOP | Session: 2W/1L (67%) | PnL: $+2.67
[Ticker] KXETH15M-26APR020030-30
[Market] YES=0.19 | NO=0.84 | Sum=1.03 | no arb
[Timing] Window is 10 min old - skipping
[Cycle] No signal — YES=0.19 is between 0.30 and 0.70, sum=1.03 ≥ 0.97

==================================================
Cycle 241 | 2026-04-02 04:26:52
Balance: $200.29 | Regime: CHOP | Session: 2W/1L (67%) | PnL: $+2.67
[Ticker] KXETH15M-26APR020030-30
[Market] YES=0.22 | NO=0.79 | Sum=1.01 | no arb
[Timing] Window is 11 min old - skipping
[Cycle] No signal — YES=0.22 is between 0.30 and 0.70, sum=1.01 ≥ 0.97

==================================================
Cycle 242 | 2026-04-02 04:27:53
Balance: $200.29 | Regime: CHOP | Session: 2W/1L (67%) | PnL: $+2.67
[Ticker] KXETH15M-26APR020030-30
[Market] YES=0.01 | NO=0.99 | Sum=1.00 | no arb
[Timing] Window is 12 min old - skipping
[Cycle] No signal — YES=0.01 is between 0.30 and 0.70, sum=1.00 ≥ 0.97

==================================================
Cycle 243 | 2026-04-02 04:28:53
Balance: $200.29 | Regime: CHOP | Session: 2W/1L (67%) | PnL: $+2.67
[Ticker] KXETH15M-26APR020030-30
[Market] YES=0.00 | NO=1.00 | Sum=1.00 | no arb
[Timing] Window is 13 min old - skipping
[Cycle] No signal — YES=0.00 is between 0.30 and 0.70, sum=1.00 ≥ 0.97

==================================================
Cycle 244 | 2026-04-02 04:29:54
Balance: $200.29 | Regime: CHOP | Session: 2W/1L (67%) | PnL: $+2.67
[Ticker] KXETH15M-26APR020030-30
[Market] YES=0.00 | NO=1.00 | Sum=1.00 | no arb
[Timing] Window is 14 min old - skipping
[Cycle] No signal — YES=0.00 is between 0.30 and 0.70, sum=1.00 ≥ 0.97

==================================================
Cycle 245 | 2026-04-02 04:30:54
Balance: $200.29 | Regime: CHOP | Session: 2W/1L (67%) | PnL: $+2.67
[Ticker] KXETH15M-26APR020045-45
[Market] YES=0.55 | NO=0.48 | Sum=1.03 | no arb
[Cycle] No signal — YES=0.55 is between 0.30 and 0.70, sum=1.03 ≥ 0.97

==================================================
Cycle 246 | 2026-04-02 04:31:55
Balance: $200.29 | Regime: CHOP | Session: 2W/1L (67%) | PnL: $+2.67
[Ticker] KXETH15M-26APR020045-45
[Market] YES=0.52 | NO=0.51 | Sum=1.03 | no arb
[Cycle] No signal — YES=0.52 is between 0.30 and 0.70, sum=1.03 ≥ 0.97

==================================================
Cycle 247 | 2026-04-02 04:32:55
Balance: $200.29 | Regime: CHOP | Session: 2W/1L (67%) | PnL: $+2.67
[Ticker] KXETH15M-26APR020045-45
[Market] YES=0.54 | NO=0.49 | Sum=1.03 | no arb
[Cycle] No signal — YES=0.54 is between 0.30 and 0.70, sum=1.03 ≥ 0.97

==================================================
Cycle 248 | 2026-04-02 04:33:56
Balance: $200.29 | Regime: CHOP | Session: 2W/1L (67%) | PnL: $+2.67
[Ticker] KXETH15M-26APR020045-45
[Market] YES=0.55 | NO=0.49 | Sum=1.04 | no arb
[Cycle] No signal — YES=0.55 is between 0.30 and 0.70, sum=1.04 ≥ 0.97

==================================================
Cycle 249 | 2026-04-02 04:34:56
Balance: $200.29 | Regime: CHOP | Session: 2W/1L (67%) | PnL: $+2.67
[Ticker] KXETH15M-26APR020045-45
[Market] YES=0.45 | NO=0.59 | Sum=1.04 | no arb
[Cycle] No signal — YES=0.45 is between 0.30 and 0.70, sum=1.04 ≥ 0.97

==================================================
Cycle 250 | 2026-04-02 04:35:57
Balance: $200.29 | Regime: CHOP | Session: 2W/1L (67%) | PnL: $+2.67
[Ticker] KXETH15M-26APR020045-45
[Market] YES=0.51 | NO=0.53 | Sum=1.04 | no arb
[Cycle] No signal — YES=0.51 is between 0.30 and 0.70, sum=1.04 ≥ 0.97

==================================================
Cycle 251 | 2026-04-02 04:36:57
Balance: $200.29 | Regime: CHOP | Session: 2W/1L (67%) | PnL: $+2.67
[Ticker] KXETH15M-26APR020045-45
[Market] YES=0.37 | NO=0.64 | Sum=1.01 | no arb
[Cycle] No signal — YES=0.37 is between 0.30 and 0.70, sum=1.01 ≥ 0.97

==================================================
Cycle 252 | 2026-04-02 04:37:57
Balance: $200.29 | Regime: CHOP | Session: 2W/1L (67%) | PnL: $+2.67
[Ticker] KXETH15M-26APR020045-45
[Market] YES=0.11 | NO=0.90 | Sum=1.01 | no arb
[Timing] Window is 7 min old - skipping
[Cycle] No signal — YES=0.11 is between 0.30 and 0.70, sum=1.01 ≥ 0.97

==================================================
Cycle 253 | 2026-04-02 04:38:58
Balance: $200.29 | Regime: CHOP | Session: 2W/1L (67%) | PnL: $+2.67
[Ticker] KXETH15M-26APR020045-45
[Market] YES=0.13 | NO=0.88 | Sum=1.01 | no arb
[Timing] Window is 8 min old - skipping
[Cycle] No signal — YES=0.13 is between 0.30 and 0.70, sum=1.01 ≥ 0.97

==================================================
Cycle 254 | 2026-04-02 04:39:58
Balance: $200.29 | Regime: CHOP | Session: 2W/1L (67%) | PnL: $+2.67
[Ticker] KXETH15M-26APR020045-45
[Market] YES=0.08 | NO=0.93 | Sum=1.01 | no arb
[Timing] Window is 9 min old - skipping
[Cycle] No signal — YES=0.08 is between 0.30 and 0.70, sum=1.01 ≥ 0.97

==================================================
Cycle 255 | 2026-04-02 04:40:59
Balance: $200.29 | Regime: CHOP | Session: 2W/1L (67%) | PnL: $+2.67
[Ticker] KXETH15M-26APR020045-45
[Market] YES=0.03 | NO=0.98 | Sum=1.00 | no arb
[Timing] Window is 10 min old - skipping
[Cycle] No signal — YES=0.03 is between 0.30 and 0.70, sum=1.00 ≥ 0.97

==================================================
Cycle 256 | 2026-04-02 04:41:59
Balance: $200.29 | Regime: CHOP | Session: 2W/1L (67%) | PnL: $+2.67
[Ticker] KXETH15M-26APR020045-45
[Market] YES=0.01 | NO=0.99 | Sum=1.00 | no arb
[Timing] Window is 11 min old - skipping
[Cycle] No signal — YES=0.01 is between 0.30 and 0.70, sum=1.00 ≥ 0.97

==================================================
Cycle 257 | 2026-04-02 04:42:59
Balance: $200.29 | Regime: CHOP | Session: 2W/1L (67%) | PnL: $+2.67
[Ticker] KXETH15M-26APR020045-45
[Market] YES=0.00 | NO=1.00 | Sum=1.00 | no arb
[Timing] Window is 13 min old - skipping
[Cycle] No signal — YES=0.00 is between 0.30 and 0.70, sum=1.00 ≥ 0.97

==================================================
Cycle 258 | 2026-04-02 04:44:00
Balance: $200.29 | Regime: CHOP | Session: 2W/1L (67%) | PnL: $+2.67
[Ticker] KXETH15M-26APR020045-45
[Market] YES=0.00 | NO=1.00 | Sum=1.00 | no arb
[Timing] Window is 14 min old - skipping
[Cycle] No signal — YES=0.00 is between 0.30 and 0.70, sum=1.00 ≥ 0.97

==================================================
Cycle 259 | 2026-04-02 04:45:00
Balance: $200.29 | Regime: CHOP | Session: 2W/1L (67%) | PnL: $+2.67
[Ticker] KXETH15M-26APR020045-45
[Market] YES=0.00 | NO=1.00 | Sum=1.00 | no arb
[Timing] Window is 0 min old - skipping
[Cycle] No signal — YES=0.00 is between 0.30 and 0.70, sum=1.00 ≥ 0.97

==================================================
Cycle 260 | 2026-04-02 04:46:01
Balance: $200.29 | Regime: CHOP | Session: 2W/1L (67%) | PnL: $+2.67
[Ticker] KXETH15M-26APR020100-00
[Market] YES=0.59 | NO=0.43 | Sum=1.02 | no arb
[Cycle] No signal — YES=0.59 is between 0.30 and 0.70, sum=1.02 ≥ 0.97

==================================================
Cycle 261 | 2026-04-02 04:47:02
Balance: $200.29 | Regime: CHOP | Session: 2W/1L (67%) | PnL: $+2.67
[Ticker] KXETH15M-26APR020100-00
[Market] YES=0.57 | NO=0.46 | Sum=1.03 | no arb
[Cycle] No signal — YES=0.57 is between 0.30 and 0.70, sum=1.03 ≥ 0.97

==================================================
Cycle 262 | 2026-04-02 04:48:02
Balance: $200.29 | Regime: CHOP | Session: 2W/1L (67%) | PnL: $+2.67
[Ticker] KXETH15M-26APR020100-00
[Market] YES=0.47 | NO=0.54 | Sum=1.01 | no arb
[Cycle] No signal — YES=0.47 is between 0.30 and 0.70, sum=1.01 ≥ 0.97

==================================================
Cycle 263 | 2026-04-02 04:49:02
Balance: $200.29 | Regime: CHOP | Session: 2W/1L (67%) | PnL: $+2.67
[Ticker] KXETH15M-26APR020100-00
[Market] YES=0.43 | NO=0.61 | Sum=1.04 | no arb
[Cycle] No signal — YES=0.43 is between 0.30 and 0.70, sum=1.04 ≥ 0.97

==================================================
Cycle 264 | 2026-04-02 04:50:03
Balance: $200.29 | Regime: CHOP | Session: 2W/1L (67%) | PnL: $+2.67
[Ticker] KXETH15M-26APR020100-00
[Market] YES=0.50 | NO=0.54 | Sum=1.04 | no arb
[Cycle] No signal — YES=0.50 is between 0.30 and 0.70, sum=1.04 ≥ 0.97

==================================================
Cycle 265 | 2026-04-02 04:51:04
Balance: $200.29 | Regime: CHOP | Session: 2W/1L (67%) | PnL: $+2.67
[Ticker] KXETH15M-26APR020100-00
[Market] YES=0.44 | NO=0.60 | Sum=1.04 | no arb
[Cycle] No signal — YES=0.44 is between 0.30 and 0.70, sum=1.04 ≥ 0.97

==================================================
Cycle 266 | 2026-04-02 04:52:04
Balance: $200.29 | Regime: CHOP | Session: 2W/1L (67%) | PnL: $+2.67
[Ticker] KXETH15M-26APR020100-00
[Market] YES=0.35 | NO=0.68 | Sum=1.03 | no arb
[Cycle] No signal — YES=0.35 is between 0.30 and 0.70, sum=1.03 ≥ 0.97

==================================================
Cycle 267 | 2026-04-02 04:53:04
Balance: $200.29 | Regime: CHOP | Session: 2W/1L (67%) | PnL: $+2.67
[Ticker] KXETH15M-26APR020100-00
[Market] YES=0.55 | NO=0.47 | Sum=1.02 | no arb
[Cycle] No signal — YES=0.55 is between 0.30 and 0.70, sum=1.02 ≥ 0.97

==================================================
Cycle 268 | 2026-04-02 04:54:05
Balance: $200.29 | Regime: CHOP | Session: 2W/1L (67%) | PnL: $+2.67
[Ticker] KXETH15M-26APR020100-00
[Market] YES=0.31 | NO=0.71 | Sum=1.02 | no arb
[Cycle] No signal — YES=0.31 is between 0.30 and 0.70, sum=1.02 ≥ 0.97

==================================================
Cycle 269 | 2026-04-02 04:55:05
Balance: $200.29 | Regime: CHOP | Session: 2W/1L (67%) | PnL: $+2.67
[Ticker] KXETH15M-26APR020100-00
[Market] YES=0.15 | NO=0.87 | Sum=1.02 | no arb
[Timing] Window is 10 min old - skipping
[Cycle] No signal — YES=0.15 is between 0.30 and 0.70, sum=1.02 ≥ 0.97

==================================================
Cycle 270 | 2026-04-02 04:56:06
Balance: $200.29 | Regime: CHOP | Session: 2W/1L (67%) | PnL: $+2.67
[Ticker] KXETH15M-26APR020100-00
[Market] YES=0.18 | NO=0.83 | Sum=1.01 | no arb
[Timing] Window is 11 min old - skipping
[Cycle] No signal — YES=0.18 is between 0.30 and 0.70, sum=1.01 ≥ 0.97

==================================================
Cycle 271 | 2026-04-02 04:57:06
Balance: $200.29 | Regime: CHOP | Session: 2W/1L (67%) | PnL: $+2.67
[Ticker] KXETH15M-26APR020100-00
[Market] YES=0.16 | NO=0.86 | Sum=1.02 | no arb
[Timing] Window is 12 min old - skipping
[Cycle] No signal — YES=0.16 is between 0.30 and 0.70, sum=1.02 ≥ 0.97

==================================================
Cycle 272 | 2026-04-02 04:58:07
Balance: $200.29 | Regime: CHOP | Session: 2W/1L (67%) | PnL: $+2.67
[Ticker] KXETH15M-26APR020100-00
[Market] YES=0.36 | NO=0.68 | Sum=1.04 | no arb
[Cycle] No signal — YES=0.36 is between 0.30 and 0.70, sum=1.04 ≥ 0.97

==================================================
Cycle 273 | 2026-04-02 04:59:07
Balance: $200.29 | Regime: CHOP | Session: 2W/1L (67%) | PnL: $+2.67
[Ticker] KXETH15M-26APR020100-00
[Market] YES=0.31 | NO=0.94 | Sum=1.25 | no arb
[Cycle] No signal — YES=0.31 is between 0.30 and 0.70, sum=1.25 ≥ 0.97

==================================================
Cycle 274 | 2026-04-02 05:00:07
Balance: $200.29 | Regime: CHOP | Session: 2W/1L (67%) | PnL: $+2.67
[Ticker] KXETH15M-26APR020115-15
[Market] YES=0.75 | NO=0.48 | Sum=1.23 | no arb
[Timing] Window is 0 min old - skipping
[Cycle] No signal — YES=0.75 is between 0.30 and 0.70, sum=1.23 ≥ 0.97

==================================================
Cycle 275 | 2026-04-02 05:01:08
Balance: $200.29 | Regime: CHOP | Session: 2W/1L (67%) | PnL: $+2.67
[Ticker] KXETH15M-26APR020115-15
[Market] YES=0.51 | NO=0.50 | Sum=1.01 | no arb
[Cycle] No signal — YES=0.51 is between 0.30 and 0.70, sum=1.01 ≥ 0.97

==================================================
Cycle 276 | 2026-04-02 05:02:09
Balance: $200.29 | Regime: CHOP | Session: 2W/1L (67%) | PnL: $+2.67
[Ticker] KXETH15M-26APR020115-15
[Market] YES=0.73 | NO=0.28 | Sum=1.01 | no arb
[Signal] UP candidate | yes=0.73 | waiting for confirmation (1/2)
[Cycle] No signal — YES=0.73 is between 0.30 and 0.70, sum=1.01 ≥ 0.97

==================================================
Cycle 277 | 2026-04-02 05:03:09
Balance: $200.29 | Regime: CHOP | Session: 2W/1L (67%) | PnL: $+2.67
[Ticker] KXETH15M-26APR020115-15
[Market] YES=0.75 | NO=0.26 | Sum=1.01 | no arb
[Binance] ✅ Confirms UP | spot=$2048 strike=$2045 gap=+3 (0.15%)
[Signal] ✅ CONFIRMED UP | yes=0.75 | edge=0.25 | consecutive=2 | bet=$0.50
[TOD] Skipping trade — bad hour for this bot
[Cycle] No signal — YES=0.75 is between 0.30 and 0.70, sum=1.01 ≥ 0.97

==================================================
Cycle 278 | 2026-04-02 05:04:10
Balance: $200.29 | Regime: CHOP | Session: 2W/1L (67%) | PnL: $+2.67
[Ticker] KXETH15M-26APR020115-15
[Market] YES=0.76 | NO=0.27 | Sum=1.03 | no arb
[Binance] ✅ Confirms UP | spot=$2047 strike=$2045 gap=+3 (0.13%)
[Signal] ✅ CONFIRMED UP | yes=0.76 | edge=0.26 | consecutive=2 | bet=$0.50
[TOD] Skipping trade — bad hour for this bot
[Cycle] No signal — YES=0.76 is between 0.30 and 0.70, sum=1.03 ≥ 0.97

==================================================
Cycle 279 | 2026-04-02 05:05:10
Balance: $200.29 | Regime: CHOP | Session: 2W/1L (67%) | PnL: $+2.67
[Ticker] KXETH15M-26APR020115-15
[Market] YES=0.67 | NO=0.35 | Sum=1.02 | no arb
[Cycle] No signal — YES=0.67 is between 0.30 and 0.70, sum=1.02 ≥ 0.97

==================================================
Cycle 280 | 2026-04-02 05:06:11
Balance: $200.29 | Regime: CHOP | Session: 2W/1L (67%) | PnL: $+2.67
[Ticker] KXETH15M-26APR020115-15
[Market] YES=0.57 | NO=0.46 | Sum=1.03 | no arb
[Cycle] No signal — YES=0.57 is between 0.30 and 0.70, sum=1.03 ≥ 0.97

==================================================
Cycle 281 | 2026-04-02 05:07:11
Balance: $200.29 | Regime: CHOP | Session: 2W/1L (67%) | PnL: $+2.67
[Ticker] KXETH15M-26APR020115-15
[Market] YES=0.51 | NO=0.52 | Sum=1.03 | no arb
[Cycle] No signal — YES=0.51 is between 0.30 and 0.70, sum=1.03 ≥ 0.97

==================================================
Cycle 282 | 2026-04-02 05:08:12
Balance: $200.29 | Regime: CHOP | Session: 2W/1L (67%) | PnL: $+2.67
[Ticker] KXETH15M-26APR020115-15
[Market] YES=0.52 | NO=0.52 | Sum=1.04 | no arb
[Cycle] No signal — YES=0.52 is between 0.30 and 0.70, sum=1.04 ≥ 0.97

==================================================
Cycle 283 | 2026-04-02 05:09:12
Balance: $200.29 | Regime: CHOP | Session: 2W/1L (67%) | PnL: $+2.67
[Ticker] KXETH15M-26APR020115-15
[Market] YES=0.17 | NO=0.85 | Sum=1.02 | no arb
[Timing] Window is 9 min old - skipping
[Cycle] No signal — YES=0.17 is between 0.30 and 0.70, sum=1.02 ≥ 0.97

==================================================
Cycle 284 | 2026-04-02 05:10:13
Balance: $200.29 | Regime: CHOP | Session: 2W/1L (67%) | PnL: $+2.67
[Ticker] KXETH15M-26APR020115-15
[Market] YES=0.17 | NO=0.87 | Sum=1.04 | no arb
[Timing] Window is 10 min old - skipping
[Cycle] No signal — YES=0.17 is between 0.30 and 0.70, sum=1.04 ≥ 0.97

==================================================
Cycle 285 | 2026-04-02 05:11:13
Balance: $200.29 | Regime: CHOP | Session: 2W/1L (67%) | PnL: $+2.67
[Ticker] KXETH15M-26APR020115-15
[Market] YES=0.14 | NO=0.89 | Sum=1.03 | no arb
[Timing] Window is 11 min old - skipping
[Cycle] No signal — YES=0.14 is between 0.30 and 0.70, sum=1.03 ≥ 0.97

==================================================
Cycle 286 | 2026-04-02 05:12:14
Balance: $200.29 | Regime: CHOP | Session: 2W/1L (67%) | PnL: $+2.67
[Ticker] KXETH15M-26APR020115-15
[Market] YES=0.04 | NO=0.98 | Sum=1.02 | no arb
[Timing] Window is 12 min old - skipping
[Cycle] No signal — YES=0.04 is between 0.30 and 0.70, sum=1.02 ≥ 0.97

==================================================
Cycle 287 | 2026-04-02 05:13:14
Balance: $200.29 | Regime: CHOP | Session: 2W/1L (67%) | PnL: $+2.67
[Ticker] KXETH15M-26APR020115-15
[Market] YES=0.18 | NO=0.87 | Sum=1.05 | no arb
[Timing] Window is 13 min old - skipping
[Cycle] No signal — YES=0.18 is between 0.30 and 0.70, sum=1.05 ≥ 0.97

==================================================
Cycle 288 | 2026-04-02 05:14:15
Balance: $200.29 | Regime: CHOP | Session: 2W/1L (67%) | PnL: $+2.67
[Ticker] KXETH15M-26APR020115-15
[Market] YES=0.02 | NO=0.99 | Sum=1.01 | no arb
[Timing] Window is 14 min old - skipping
[Cycle] No signal — YES=0.02 is between 0.30 and 0.70, sum=1.01 ≥ 0.97

==================================================
Cycle 289 | 2026-04-02 05:15:15
Balance: $200.29 | Regime: CHOP | Session: 2W/1L (67%) | PnL: $+2.67
[Ticker] KXETH15M-26APR020115-15
[Market] YES=1.00 | NO=1.00 | Sum=2.00 | no arb
[Timing] Window is 0 min old - skipping
[Cycle] No signal — YES=1.00 is between 0.30 and 0.70, sum=2.00 ≥ 0.97

==================================================
Cycle 290 | 2026-04-02 05:16:16
Balance: $200.29 | Regime: CHOP | Session: 2W/1L (67%) | PnL: $+2.67
[Ticker] KXETH15M-26APR020130-30
[Market] YES=0.67 | NO=0.34 | Sum=1.01 | no arb
[Cycle] No signal — YES=0.67 is between 0.30 and 0.70, sum=1.01 ≥ 0.97

==================================================
Cycle 291 | 2026-04-02 05:17:16
Balance: $200.29 | Regime: CHOP | Session: 2W/1L (67%) | PnL: $+2.67
[Ticker] KXETH15M-26APR020130-30
[Market] YES=0.52 | NO=0.50 | Sum=1.02 | no arb
[Cycle] No signal — YES=0.52 is between 0.30 and 0.70, sum=1.02 ≥ 0.97

==================================================
Cycle 292 | 2026-04-02 05:18:17
Balance: $200.29 | Regime: CHOP | Session: 2W/1L (67%) | PnL: $+2.67
[Ticker] KXETH15M-26APR020130-30
[Market] YES=0.65 | NO=0.37 | Sum=1.02 | no arb
[Cycle] No signal — YES=0.65 is between 0.30 and 0.70, sum=1.02 ≥ 0.97

==================================================
Cycle 293 | 2026-04-02 05:19:17
Balance: $200.29 | Regime: CHOP | Session: 2W/1L (67%) | PnL: $+2.67
[Ticker] KXETH15M-26APR020130-30
[Market] YES=0.67 | NO=0.38 | Sum=1.05 | no arb
[Cycle] No signal — YES=0.67 is between 0.30 and 0.70, sum=1.05 ≥ 0.97

==================================================
Cycle 294 | 2026-04-02 05:20:18
Balance: $200.29 | Regime: CHOP | Session: 2W/1L (67%) | PnL: $+2.67
[Ticker] KXETH15M-26APR020130-30
[Market] YES=0.53 | NO=0.48 | Sum=1.01 | no arb
[Cycle] No signal — YES=0.53 is between 0.30 and 0.70, sum=1.01 ≥ 0.97

==================================================
Cycle 295 | 2026-04-02 05:21:18
Balance: $200.29 | Regime: CHOP | Session: 2W/1L (67%) | PnL: $+2.67
[Ticker] KXETH15M-26APR020130-30
[Market] YES=0.61 | NO=0.43 | Sum=1.04 | no arb
[Cycle] No signal — YES=0.61 is between 0.30 and 0.70, sum=1.04 ≥ 0.97

==================================================
Cycle 296 | 2026-04-02 05:22:19
Balance: $200.29 | Regime: CHOP | Session: 2W/1L (67%) | PnL: $+2.67
[Ticker] KXETH15M-26APR020130-30
[Market] YES=0.83 | NO=0.18 | Sum=1.01 | no arb
[Timing] Window is 7 min old - skipping
[Cycle] No signal — YES=0.83 is between 0.30 and 0.70, sum=1.01 ≥ 0.97

==================================================
Cycle 297 | 2026-04-02 05:23:19
Balance: $200.29 | Regime: CHOP | Session: 2W/1L (67%) | PnL: $+2.67
[Ticker] KXETH15M-26APR020130-30
[Market] YES=0.91 | NO=0.10 | Sum=1.01 | no arb
[Timing] Window is 8 min old - skipping
[Cycle] No signal — YES=0.91 is between 0.30 and 0.70, sum=1.01 ≥ 0.97

==================================================
Cycle 298 | 2026-04-02 05:24:19
Balance: $200.29 | Regime: CHOP | Session: 2W/1L (67%) | PnL: $+2.67
[Ticker] KXETH15M-26APR020130-30
[Market] YES=0.94 | NO=0.09 | Sum=1.03 | no arb
[Timing] Window is 9 min old - skipping
[Cycle] No signal — YES=0.94 is between 0.30 and 0.70, sum=1.03 ≥ 0.97

==================================================
Cycle 299 | 2026-04-02 05:25:20
Balance: $200.29 | Regime: CHOP | Session: 2W/1L (67%) | PnL: $+2.67
[Ticker] KXETH15M-26APR020130-30
[Market] YES=0.91 | NO=0.11 | Sum=1.02 | no arb
[Timing] Window is 10 min old - skipping
[Cycle] No signal — YES=0.91 is between 0.30 and 0.70, sum=1.02 ≥ 0.97

==================================================
Cycle 300 | 2026-04-02 05:26:20
Balance: $200.29 | Regime: CHOP | Session: 2W/1L (67%) | PnL: $+2.67
[Ticker] KXETH15M-26APR020130-30
[Market] YES=0.93 | NO=0.09 | Sum=1.02 | no arb
[Timing] Window is 11 min old - skipping
[Cycle] No signal — YES=0.93 is between 0.30 and 0.70, sum=1.02 ≥ 0.97

==================================================
Cycle 301 | 2026-04-02 05:27:21
Balance: $200.29 | Regime: CHOP | Session: 2W/1L (67%) | PnL: $+2.67
[Ticker] KXETH15M-26APR020130-30
[Market] YES=0.98 | NO=0.03 | Sum=1.01 | no arb
[Timing] Window is 12 min old - skipping
[Cycle] No signal — YES=0.98 is between 0.30 and 0.70, sum=1.01 ≥ 0.97

==================================================
Cycle 302 | 2026-04-02 05:28:21
Balance: $200.29 | Regime: CHOP | Session: 2W/1L (67%) | PnL: $+2.67
[Ticker] KXETH15M-26APR020130-30
[Market] YES=0.99 | NO=0.02 | Sum=1.01 | no arb
[Timing] Window is 13 min old - skipping
[Cycle] No signal — YES=0.99 is between 0.30 and 0.70, sum=1.01 ≥ 0.97

==================================================
Cycle 303 | 2026-04-02 05:29:22
Balance: $200.29 | Regime: CHOP | Session: 2W/1L (67%) | PnL: $+2.67
[Ticker] KXETH15M-26APR020130-30
[Market] YES=1.00 | NO=0.00 | Sum=1.00 | no arb
[Timing] Window is 14 min old - skipping
[Cycle] No signal — YES=1.00 is between 0.30 and 0.70, sum=1.00 ≥ 0.97

==================================================
Cycle 304 | 2026-04-02 05:30:22
Balance: $200.29 | Regime: CHOP | Session: 2W/1L (67%) | PnL: $+2.67
[Ticker] KXETH15M-26APR020130-30
[Market] YES=1.00 | NO=1.00 | Sum=2.00 | no arb
[Timing] Window is 0 min old - skipping
[Cycle] No signal — YES=1.00 is between 0.30 and 0.70, sum=2.00 ≥ 0.97

==================================================
Cycle 305 | 2026-04-02 05:31:23
Balance: $200.29 | Regime: CHOP | Session: 2W/1L (67%) | PnL: $+2.67
[Ticker] KXETH15M-26APR020145-45
[Market] YES=0.45 | NO=0.58 | Sum=1.03 | no arb
[Cycle] No signal — YES=0.45 is between 0.30 and 0.70, sum=1.03 ≥ 0.97

==================================================
Cycle 306 | 2026-04-02 05:32:23
Balance: $200.29 | Regime: CHOP | Session: 2W/1L (67%) | PnL: $+2.67
[Ticker] KXETH15M-26APR020145-45
[Market] YES=0.43 | NO=0.59 | Sum=1.02 | no arb
[Cycle] No signal — YES=0.43 is between 0.30 and 0.70, sum=1.02 ≥ 0.97

==================================================
Cycle 307 | 2026-04-02 05:33:24
Balance: $200.29 | Regime: CHOP | Session: 2W/1L (67%) | PnL: $+2.67
[Ticker] KXETH15M-26APR020145-45
[Market] YES=0.40 | NO=0.62 | Sum=1.02 | no arb
[Cycle] No signal — YES=0.40 is between 0.30 and 0.70, sum=1.02 ≥ 0.97

==================================================
Cycle 308 | 2026-04-02 05:34:24
Balance: $200.29 | Regime: CHOP | Session: 2W/1L (67%) | PnL: $+2.67
[Ticker] KXETH15M-26APR020145-45
[Market] YES=0.45 | NO=0.58 | Sum=1.03 | no arb
[Cycle] No signal — YES=0.45 is between 0.30 and 0.70, sum=1.03 ≥ 0.97

==================================================
Cycle 309 | 2026-04-02 05:35:24
Balance: $200.29 | Regime: CHOP | Session: 2W/1L (67%) | PnL: $+2.67
[Ticker] KXETH15M-26APR020145-45
[Market] YES=0.24 | NO=0.80 | Sum=1.04 | no arb
[Timing] Window is 5 min old - skipping
[Cycle] No signal — YES=0.24 is between 0.30 and 0.70, sum=1.04 ≥ 0.97

==================================================
Cycle 310 | 2026-04-02 05:36:25
Balance: $200.29 | Regime: CHOP | Session: 2W/1L (67%) | PnL: $+2.67
[Ticker] KXETH15M-26APR020145-45
[Market] YES=0.32 | NO=0.73 | Sum=1.05 | no arb
[Cycle] No signal — YES=0.32 is between 0.30 and 0.70, sum=1.05 ≥ 0.97

==================================================
Cycle 311 | 2026-04-02 05:37:25
Balance: $200.29 | Regime: CHOP | Session: 2W/1L (67%) | PnL: $+2.67
[Ticker] KXETH15M-26APR020145-45
[Market] YES=0.23 | NO=0.79 | Sum=1.02 | no arb
[Timing] Window is 7 min old - skipping
[Cycle] No signal — YES=0.23 is between 0.30 and 0.70, sum=1.02 ≥ 0.97

==================================================
Cycle 312 | 2026-04-02 05:38:26
Balance: $200.29 | Regime: CHOP | Session: 2W/1L (67%) | PnL: $+2.67
[Ticker] KXETH15M-26APR020145-45
[Market] YES=0.26 | NO=0.80 | Sum=1.06 | no arb
[Timing] Window is 8 min old - skipping
[Cycle] No signal — YES=0.26 is between 0.30 and 0.70, sum=1.06 ≥ 0.97

==================================================
Cycle 313 | 2026-04-02 05:39:26
Balance: $200.29 | Regime: CHOP | Session: 2W/1L (67%) | PnL: $+2.67
[Ticker] KXETH15M-26APR020145-45
[Market] YES=0.54 | NO=0.51 | Sum=1.05 | no arb
[Cycle] No signal — YES=0.54 is between 0.30 and 0.70, sum=1.05 ≥ 0.97

==================================================
Cycle 314 | 2026-04-02 05:40:27
Balance: $200.29 | Regime: CHOP | Session: 2W/1L (67%) | PnL: $+2.67
[Ticker] KXETH15M-26APR020145-45
[Market] YES=0.46 | NO=0.57 | Sum=1.03 | no arb
[Cycle] No signal — YES=0.46 is between 0.30 and 0.70, sum=1.03 ≥ 0.97

==================================================
Cycle 315 | 2026-04-02 05:41:27
Balance: $200.29 | Regime: CHOP | Session: 2W/1L (67%) | PnL: $+2.67
[Ticker] KXETH15M-26APR020145-45
[Market] YES=0.85 | NO=0.20 | Sum=1.05 | no arb
[Timing] Window is 11 min old - skipping
[Cycle] No signal — YES=0.85 is between 0.30 and 0.70, sum=1.05 ≥ 0.97

==================================================
Cycle 316 | 2026-04-02 05:42:27
Balance: $200.29 | Regime: CHOP | Session: 2W/1L (67%) | PnL: $+2.67
[Ticker] KXETH15M-26APR020145-45
[Market] YES=0.89 | NO=0.17 | Sum=1.06 | no arb
[Timing] Window is 12 min old - skipping
[Cycle] No signal — YES=0.89 is between 0.30 and 0.70, sum=1.06 ≥ 0.97

==================================================
Cycle 317 | 2026-04-02 05:43:28
Balance: $200.29 | Regime: CHOP | Session: 2W/1L (67%) | PnL: $+2.67
[Ticker] KXETH15M-26APR020145-45
[Market] YES=0.97 | NO=0.03 | Sum=1.00 | no arb
[Timing] Window is 13 min old - skipping
[Cycle] No signal — YES=0.97 is between 0.30 and 0.70, sum=1.00 ≥ 0.97

==================================================
Cycle 318 | 2026-04-02 05:44:28
Balance: $200.29 | Regime: CHOP | Session: 2W/1L (67%) | PnL: $+2.67
[Ticker] KXETH15M-26APR020145-45
[Market] YES=1.00 | NO=0.00 | Sum=1.00 | no arb
[Timing] Window is 14 min old - skipping
[Cycle] No signal — YES=1.00 is between 0.30 and 0.70, sum=1.00 ≥ 0.97

==================================================
Cycle 319 | 2026-04-02 05:45:28
Balance: $200.29 | Regime: CHOP | Session: 2W/1L (67%) | PnL: $+2.67
[Ticker] KXETH15M-26APR020200-00
[Market] YES=0.51 | NO=0.52 | Sum=1.03 | no arb
[Cycle] No signal — YES=0.51 is between 0.30 and 0.70, sum=1.03 ≥ 0.97

==================================================
OpenClaw SOL Bot v1.0 — LIVE
Balance: $213.85 | MaxBet: $0.00 | ArbThreshold: 0.97 | Directional: <0.30 or >0.70
==================================================

[Startup] Live balance synced: $200.29
[Startup] Restored position: KXMVESPORTSMULTIGAMEEXTENDED-S202602FD8B92690-C9187BD65BE $2.88 direction=DOWN
[Startup] Loaded 1 existing position(s)
[Startup] Resting orders cleared

==================================================
Cycle 1 | 2026-04-02 05:46:22
Balance: $200.29 | Regime: CHOP | Session: 0W/0L (0%) | PnL: $+0.00
[Ticker] KXETH15M-26APR020200-00
[Market] YES=0.49 | NO=0.53 | Sum=1.02 | no arb
[Cycle] No signal — YES=0.49 is between 0.30 and 0.70, sum=1.02 ≥ 0.97
[Positions] 1 still open

==================================================
Cycle 2 | 2026-04-02 05:47:22
Balance: $200.29 | Regime: CHOP | Session: 0W/0L (0%) | PnL: $+0.00
[Ticker] KXETH15M-26APR020200-00
[Market] YES=0.30 | NO=0.73 | Sum=1.03 | no arb
[Cycle] No signal — YES=0.30 is between 0.30 and 0.70, sum=1.03 ≥ 0.97
[Positions] 1 still open

==================================================
Cycle 3 | 2026-04-02 05:48:23
Balance: $200.29 | Regime: CHOP | Session: 0W/0L (0%) | PnL: $+0.00
[Ticker] KXETH15M-26APR020200-00
[Market] YES=0.38 | NO=0.65 | Sum=1.03 | no arb
[Cycle] No signal — YES=0.38 is between 0.30 and 0.70, sum=1.03 ≥ 0.97
[Positions] 1 still open

==================================================
Cycle 4 | 2026-04-02 05:49:24
Balance: $200.29 | Regime: CHOP | Session: 0W/0L (0%) | PnL: $+0.00
[Ticker] KXETH15M-26APR020200-00
[Market] YES=0.39 | NO=0.62 | Sum=1.01 | no arb
[Cycle] No signal — YES=0.39 is between 0.30 and 0.70, sum=1.01 ≥ 0.97
[Positions] 1 still open

==================================================
Cycle 5 | 2026-04-02 05:50:24
Balance: $200.29 | Regime: CHOP | Session: 0W/0L (0%) | PnL: $+0.00
[Ticker] KXETH15M-26APR020200-00
[Market] YES=0.24 | NO=0.79 | Sum=1.03 | no arb
[Timing] Window is 5 min old - skipping
[Cycle] No signal — YES=0.24 is between 0.30 and 0.70, sum=1.03 ≥ 0.97
[Positions] 1 still open

==================================================
OpenClaw SOL Bot v1.0 — LIVE
Balance: $213.85 | MaxBet: $0.00 | ArbThreshold: 0.97 | Directional: <0.30 or >0.70
==================================================

[Startup] Live balance synced: $200.29
[Startup] Resting orders cleared

==================================================
Cycle 1 | 2026-04-02 05:51:02
Balance: $200.29 | Regime: CHOP | Session: 0W/0L (0%) | PnL: $+0.00
[Ticker] KXETH15M-26APR020200-00
[Market] YES=0.30 | NO=0.73 | Sum=1.03 | no arb
[Cycle] No signal — YES=0.30 is between 0.30 and 0.70, sum=1.03 ≥ 0.97

==================================================
OpenClaw SOL Bot v1.0 — LIVE
Balance: $213.85 | MaxBet: $0.00 | ArbThreshold: 0.97 | Directional: <0.30 or >0.70
==================================================

[Startup] Live balance synced: $200.29
[Startup] Resting orders cleared

==================================================
Cycle 1 | 2026-04-02 05:51:38
Balance: $200.29 | Regime: CHOP | Session: 0W/0L (0%) | PnL: $+0.00
[Ticker] KXETH15M-26APR020200-00
[Market] YES=0.21 | NO=0.81 | Sum=1.02 | no arb
[Timing] Window is 6 min old - skipping
[Cycle] No signal — YES=0.21 is between 0.30 and 0.70, sum=1.02 ≥ 0.97

==================================================
Cycle 2 | 2026-04-02 05:52:38
Balance: $200.29 | Regime: CHOP | Session: 0W/0L (0%) | PnL: $+0.00
[Ticker] KXETH15M-26APR020200-00
[Market] YES=0.40 | NO=0.62 | Sum=1.02 | no arb
[Cycle] No signal — YES=0.40 is between 0.30 and 0.70, sum=1.02 ≥ 0.97

==================================================
Cycle 3 | 2026-04-02 05:53:39
Balance: $200.29 | Regime: CHOP | Session: 0W/0L (0%) | PnL: $+0.00
[Ticker] KXETH15M-26APR020200-00
[Market] YES=0.30 | NO=0.73 | Sum=1.03 | no arb
[Cycle] No signal — YES=0.30 is between 0.30 and 0.70, sum=1.03 ≥ 0.97

==================================================
Cycle 4 | 2026-04-02 05:54:39
Balance: $200.29 | Regime: CHOP | Session: 0W/0L (0%) | PnL: $+0.00
[Ticker] KXETH15M-26APR020200-00
[Market] YES=0.19 | NO=0.82 | Sum=1.01 | no arb
[Timing] Window is 9 min old - skipping
[Cycle] No signal — YES=0.19 is between 0.30 and 0.70, sum=1.01 ≥ 0.97

==================================================
OpenClaw SOL Bot v1.0 — LIVE
Balance: $213.85 | MaxBet: $0.00 | ArbThreshold: 0.97 | Directional: <0.30 or >0.70
==================================================

[Startup] Live balance synced: $200.29
[Startup] Resting orders cleared

==================================================
Cycle 1 | 2026-04-02 05:58:16
Balance: $200.29 | Regime: CHOP | Session: 0W/0L (0%) | PnL: $+0.00
[Ticker] KXETH15M-26APR020200-00
[Market] YES=0.90 | NO=0.13 | Sum=1.03 | no arb
[Timing] Window is 13 min old - skipping
[Cycle] No signal — YES=0.90 is between 0.30 and 0.70, sum=1.03 ≥ 0.97

==================================================
Cycle 2 | 2026-04-02 05:59:16
Balance: $200.29 | Regime: CHOP | Session: 0W/0L (0%) | PnL: $+0.00
[Ticker] KXETH15M-26APR020200-00
[Market] YES=1.00 | NO=0.00 | Sum=1.00 | no arb
[Timing] Window is 14 min old - skipping
[Cycle] No signal — YES=1.00 is between 0.30 and 0.70, sum=1.00 ≥ 0.97

==================================================
Cycle 3 | 2026-04-02 06:00:17
Balance: $200.29 | Regime: CHOP | Session: 0W/0L (0%) | PnL: $+0.00
[Ticker] KXETH15M-26APR020200-00
[Market] YES=1.00 | NO=1.00 | Sum=2.00 | no arb
[Timing] Window is 0 min old - skipping
[Cycle] No signal — YES=1.00 is between 0.30 and 0.70, sum=2.00 ≥ 0.97

==================================================
Cycle 4 | 2026-04-02 06:01:17
Balance: $200.29 | Regime: CHOP | Session: 0W/0L (0%) | PnL: $+0.00
[Ticker] KXETH15M-26APR030000-00
[Market] YES=0.00 | NO=1.00 | Sum=1.00 | no arb
[Signal] EXTREME DOWN | yes=0.00 | edge=0.50 | firing immediately
[Correlation] All 3 agree DOWN — bet boosted to $8.40
[Signal] ✅ CONFIRMED DOWN | yes=0.00 | edge=0.50 | consecutive=2 | bet=$8.40
[Order] → KXETH15M-26APR030000-00 | no | count=16 | $8.40 | directional
[Order] Failed: (409)
Reason: Conflict
HTTP response headers: HTTPHeaderDict({'Content-Type': 'application/json; charset=utf-8', 'Content-Length': '81', 'Connection': 'keep-alive', 'Date': 'Thu, 02 Apr 2026 06:01:19 GMT', 'x-content-type-options': 'nosniff', 'content-security-policy': "default-src 'none';", 'strict-transport-security': 'max-age=31536000; includeSubDomains', 'X-Cache': 'Error from cloudfront', 'Via': '1.1 80d5d65d27a0450c8f0018381b103d7a.cloudfront.net (CloudFront)', 'X-Amz-Cf-Pop': 'JFK50-P1', 'X-Amz-Cf-Id': 'FpSelTlO7gbLB8xzhuw1JOhSImaqDcDVGOSqXT6WX-rQ2JwpSoWbKA=='})
HTTP response body: {"error":{"code":"market_closed","message":"market closed","service":"exchange"}}

[Cycle] No signal — YES=0.00 is between 0.30 and 0.70, sum=1.00 ≥ 0.97

==================================================
Cycle 5 | 2026-04-02 06:02:20
Balance: $200.29 | Regime: CHOP | Session: 0W/0L (0%) | PnL: $+0.00
[Ticker] KXETH15M-26APR030000-00
[Market] YES=0.00 | NO=1.00 | Sum=1.00 | no arb
[Cooldown] 2 cycle(s) remaining
[Cycle] No signal — YES=0.00 is between 0.30 and 0.70, sum=1.00 ≥ 0.97

==================================================
Cycle 6 | 2026-04-02 06:03:21
Balance: $200.29 | Regime: CHOP | Session: 0W/0L (0%) | PnL: $+0.00
[Ticker] KXETH15M-26APR030000-00
[Market] YES=0.00 | NO=1.00 | Sum=1.00 | no arb
[Cooldown] 1 cycle(s) remaining
[Cycle] No signal — YES=0.00 is between 0.30 and 0.70, sum=1.00 ≥ 0.97

==================================================
Cycle 7 | 2026-04-02 06:04:21
Balance: $200.29 | Regime: CHOP | Session: 0W/0L (0%) | PnL: $+0.00
[Ticker] KXETH15M-26APR030000-00
[Market] YES=0.00 | NO=1.00 | Sum=1.00 | no arb
[Signal] DOWN candidate | yes=0.00 | waiting for confirmation (1/2)
[Cycle] No signal — YES=0.00 is between 0.30 and 0.70, sum=1.00 ≥ 0.97

==================================================
Cycle 8 | 2026-04-02 06:05:22
Balance: $200.29 | Regime: CHOP | Session: 0W/0L (0%) | PnL: $+0.00
[Ticker] KXETH15M-26APR030000-00
[Market] YES=0.00 | NO=1.00 | Sum=1.00 | no arb
[Timing] Window is 5 min old - skipping
[Cycle] No signal — YES=0.00 is between 0.30 and 0.70, sum=1.00 ≥ 0.97

==================================================
Cycle 9 | 2026-04-02 06:06:23
Balance: $200.29 | Regime: CHOP | Session: 0W/0L (0%) | PnL: $+0.00
[Ticker] KXETH15M-26APR030000-00
[Market] YES=0.00 | NO=1.00 | Sum=1.00 | no arb
[Timing] Window is 6 min old - skipping
[Cycle] No signal — YES=0.00 is between 0.30 and 0.70, sum=1.00 ≥ 0.97

==================================================
Cycle 10 | 2026-04-02 06:07:23
Balance: $200.29 | Regime: CHOP | Session: 0W/0L (0%) | PnL: $+0.00
[Ticker] KXETH15M-26APR030000-00
[Market] YES=0.00 | NO=1.00 | Sum=1.00 | no arb
[Timing] Window is 7 min old - skipping
[Cycle] No signal — YES=0.00 is between 0.30 and 0.70, sum=1.00 ≥ 0.97

==================================================
Cycle 11 | 2026-04-02 06:08:24
Balance: $200.29 | Regime: CHOP | Session: 0W/0L (0%) | PnL: $+0.00
[Ticker] KXETH15M-26APR030000-00
[Market] YES=0.00 | NO=1.00 | Sum=1.00 | no arb
[Timing] Window is 8 min old - skipping
[Cycle] No signal — YES=0.00 is between 0.30 and 0.70, sum=1.00 ≥ 0.97

==================================================
Cycle 12 | 2026-04-02 06:09:25
Balance: $200.29 | Regime: CHOP | Session: 0W/0L (0%) | PnL: $+0.00
[Ticker] KXETH15M-26APR030000-00
[Market] YES=0.00 | NO=1.00 | Sum=1.00 | no arb
[Timing] Window is 9 min old - skipping
[Cycle] No signal — YES=0.00 is between 0.30 and 0.70, sum=1.00 ≥ 0.97

==================================================
Cycle 13 | 2026-04-02 06:10:25
Balance: $200.29 | Regime: CHOP | Session: 0W/0L (0%) | PnL: $+0.00
[Ticker] KXETH15M-26APR030000-00
[Market] YES=0.00 | NO=1.00 | Sum=1.00 | no arb
[Timing] Window is 10 min old - skipping
[Cycle] No signal — YES=0.00 is between 0.30 and 0.70, sum=1.00 ≥ 0.97

==================================================
Cycle 14 | 2026-04-02 06:11:26
Balance: $200.29 | Regime: CHOP | Session: 0W/0L (0%) | PnL: $+0.00
[Ticker] KXETH15M-26APR030000-00
[Market] YES=0.00 | NO=1.00 | Sum=1.00 | no arb
[Timing] Window is 11 min old - skipping
[Cycle] No signal — YES=0.00 is between 0.30 and 0.70, sum=1.00 ≥ 0.97
Traceback (most recent call last):
  File "/root/eth_bot.py", line 18, in <module>
    kalshi.set_kalshi_auth(KALSHI_API_KEY,_tf.name)
  File "/root/kalshi_env/lib/python3.12/site-packages/kalshi_python/api_client.py", line 189, in set_kalshi_auth
    self.kalshi_auth = KalshiAuth(key_id, private_key_path)
                       ^^^^^^^^^^^^^^^^^^^^^^^^^^^^^^^^^^^^
  File "/root/kalshi_env/lib/python3.12/site-packages/kalshi_python/api_client.py", line 63, in __init__
    self.private_key = serialization.load_pem_private_key(f.read(), password=None)
                       ^^^^^^^^^^^^^^^^^^^^^^^^^^^^^^^^^^^^^^^^^^^^^^^^^^^^^^^^^^^
ValueError: Unable to load PEM file. See https://cryptography.io/en/latest/faq/#why-can-t-i-import-my-pem-file for more details. MalformedFraming
Traceback (most recent call last):
  File "/root/eth_bot.py", line 18, in <module>
    kalshi.set_kalshi_auth(KALSHI_API_KEY,_tf.name)
  File "/root/kalshi_env/lib/python3.12/site-packages/kalshi_python/api_client.py", line 189, in set_kalshi_auth
    self.kalshi_auth = KalshiAuth(key_id, private_key_path)
                       ^^^^^^^^^^^^^^^^^^^^^^^^^^^^^^^^^^^^
  File "/root/kalshi_env/lib/python3.12/site-packages/kalshi_python/api_client.py", line 63, in __init__
    self.private_key = serialization.load_pem_private_key(f.read(), password=None)
                       ^^^^^^^^^^^^^^^^^^^^^^^^^^^^^^^^^^^^^^^^^^^^^^^^^^^^^^^^^^^
ValueError: Unable to load PEM file. See https://cryptography.io/en/latest/faq/#why-can-t-i-import-my-pem-file for more details. MalformedFraming

==================================================
OpenClaw ETH Bot v4.0 — LIVE
[Startup] Live balance synced: $200.39
Balance: $200.39 | MaxBet: $10.52 | Threshold: <0.30 or >0.70
==================================================

[Startup] Resting orders cleared
[Ticker] KXETH15M-26APR021430-30
[Market] YES=0.45 | NO=0.57 | Sum=1.02
==================================================
Balance: $200.39 | Regime: CHOP | Session: 0W/0L (0%) | PnL: $+0.00
[Cycle] No signal — YES=0.45 is between 0.30 and 0.70, sum=1.02 >= 0.97
[Ticker] KXETH15M-26APR021430-30
[Market] YES=0.63 | NO=0.39 | Sum=1.02
==================================================
Balance: $200.39 | Regime: CHOP | Session: 0W/0L (0%) | PnL: $+0.00
[Cycle] No signal — YES=0.63 is between 0.30 and 0.70, sum=1.02 >= 0.97
[Ticker] KXETH15M-26APR021430-30
[Market] YES=0.64 | NO=0.38 | Sum=1.02
==================================================
Balance: $200.39 | Regime: CHOP | Session: 0W/0L (0%) | PnL: $+0.00
[Cycle] No signal — YES=0.64 is between 0.30 and 0.70, sum=1.02 >= 0.97
[Ticker] KXETH15M-26APR021430-30
[Market] YES=0.77 | NO=0.24 | Sum=1.01
==================================================
Balance: $200.39 | Regime: CHOP | Session: 0W/0L (0%) | PnL: $+0.00
[Signal] UP candidate | yes=0.77 | waiting (1/2)
[Cycle] No signal — YES=0.77 is between 0.30 and 0.70, sum=1.01 >= 0.97
[Ticker] KXETH15M-26APR021430-30
[Market] YES=0.72 | NO=0.29 | Sum=1.01
==================================================
Balance: $200.27 | Regime: CHOP | Session: 0W/0L (0%) | PnL: $+0.00
[Timing] Window 5 min old — skipping
[Cycle] No signal — YES=0.72 is between 0.30 and 0.70, sum=1.01 >= 0.97
[Ticker] KXETH15M-26APR021430-30
[Market] YES=0.80 | NO=0.22 | Sum=1.02
==================================================
Balance: $200.77 | Regime: CHOP | Session: 0W/0L (0%) | PnL: $+0.00
[Timing] Window 6 min old — skipping
[Cycle] No signal — YES=0.80 is between 0.30 and 0.70, sum=1.02 >= 0.97
[Ticker] KXETH15M-26APR021430-30
[Market] YES=0.82 | NO=0.19 | Sum=1.01
==================================================
Balance: $200.82 | Regime: CHOP | Session: 0W/0L (0%) | PnL: $+0.00
[Timing] Window 7 min old — skipping
[Cycle] No signal — YES=0.82 is between 0.30 and 0.70, sum=1.01 >= 0.97
[Ticker] KXETH15M-26APR021430-30
[Market] YES=0.78 | NO=0.24 | Sum=1.02
==================================================
Balance: $200.82 | Regime: CHOP | Session: 0W/0L (0%) | PnL: $+0.00
[Timing] Window 8 min old — skipping
[Cycle] No signal — YES=0.78 is between 0.30 and 0.70, sum=1.02 >= 0.97
[Ticker] KXETH15M-26APR021430-30
[Market] YES=0.84 | NO=0.19 | Sum=1.03
==================================================
Balance: $200.87 | Regime: CHOP | Session: 0W/0L (0%) | PnL: $+0.00
[Timing] Window 9 min old — skipping
[Cycle] No signal — YES=0.84 is between 0.30 and 0.70, sum=1.03 >= 0.97
[Ticker] KXETH15M-26APR021430-30
[Market] YES=0.73 | NO=0.31 | Sum=1.04
==================================================
Balance: $200.92 | Regime: CHOP | Session: 0W/0L (0%) | PnL: $+0.00
[Timing] Window 10 min old — skipping
[Cycle] No signal — YES=0.73 is between 0.30 and 0.70, sum=1.04 >= 0.97
[Ticker] KXETH15M-26APR021430-30
[Market] YES=0.37 | NO=0.64 | Sum=1.01
==================================================
Balance: $199.57 | Regime: CHOP | Session: 0W/0L (0%) | PnL: $+0.00
[Cycle] No signal — YES=0.37 is between 0.30 and 0.70, sum=1.01 >= 0.97
[Ticker] KXETH15M-26APR021430-30
[Market] YES=0.18 | NO=0.85 | Sum=1.03
==================================================
Balance: $197.82 | Regime: CHOP | Session: 0W/0L (0%) | PnL: $+0.00
[Timing] Window 12 min old — skipping
[Cycle] No signal — YES=0.18 is between 0.30 and 0.70, sum=1.03 >= 0.97
[Ticker] KXETH15M-26APR021430-30
[Market] YES=0.56 | NO=0.49 | Sum=1.05
==================================================
Balance: $198.77 | Regime: CHOP | Session: 0W/0L (0%) | PnL: $+0.00
[Cycle] No signal — YES=0.56 is between 0.30 and 0.70, sum=1.05 >= 0.97
[Ticker] KXETH15M-26APR021430-30
[Market] YES=0.00 | NO=1.00 | Sum=1.00
==================================================
Balance: $197.77 | Regime: CHOP | Session: 0W/0L (0%) | PnL: $+0.00
[Timing] Window 14 min old — skipping
[Cycle] No signal — YES=0.00 is between 0.30 and 0.70, sum=1.00 >= 0.97
[Ticker] KXETH15M-26APR021430-30
[Market] YES=1.00 | NO=1.00 | Sum=2.00
==================================================
Balance: $196.42 | Regime: CHOP | Session: 0W/0L (0%) | PnL: $+0.00
[Timing] Window 0 min old — skipping
[Cycle] No signal — YES=1.00 is between 0.30 and 0.70, sum=2.00 >= 0.97
[Ticker] KXETH15M-26APR021445-45
[Market] YES=0.69 | NO=0.34 | Sum=1.03
==================================================
Balance: $196.42 | Regime: CHOP | Session: 0W/0L (0%) | PnL: $+0.00
[Cycle] No signal — YES=0.69 is between 0.30 and 0.70, sum=1.03 >= 0.97
[Ticker] KXETH15M-26APR021445-45
[Market] YES=0.70 | NO=0.32 | Sum=1.02
==================================================
Balance: $196.42 | Regime: CHOP | Session: 0W/0L (0%) | PnL: $+0.00
[Cycle] No signal — YES=0.70 is between 0.30 and 0.70, sum=1.02 >= 0.97
[Ticker] KXETH15M-26APR021445-45
[Market] YES=0.67 | NO=0.35 | Sum=1.02
==================================================
Balance: $196.42 | Regime: CHOP | Session: 0W/0L (0%) | PnL: $+0.00
[Cycle] No signal — YES=0.67 is between 0.30 and 0.70, sum=1.02 >= 0.97
[Ticker] KXETH15M-26APR021445-45
[Market] YES=0.74 | NO=0.27 | Sum=1.01
==================================================
Balance: $196.40 | Regime: CHOP | Session: 0W/0L (0%) | PnL: $+0.00
[Signal] UP candidate | yes=0.74 | waiting (1/2)
[Cycle] No signal — YES=0.74 is between 0.30 and 0.70, sum=1.01 >= 0.97
[Ticker] KXETH15M-26APR021445-45
[Market] YES=0.73 | NO=0.28 | Sum=1.01
==================================================
Balance: $196.12 | Regime: CHOP | Session: 0W/0L (0%) | PnL: $+0.00
[Timing] Window 5 min old — skipping
[Cycle] No signal — YES=0.73 is between 0.30 and 0.70, sum=1.01 >= 0.97
[Ticker] KXETH15M-26APR021445-45
[Market] YES=0.71 | NO=0.30 | Sum=1.01
==================================================
Balance: $196.00 | Regime: CHOP | Session: 0W/0L (0%) | PnL: $+0.00
[Timing] Window 6 min old — skipping
[Cycle] No signal — YES=0.71 is between 0.30 and 0.70, sum=1.01 >= 0.97
[Ticker] KXETH15M-26APR021445-45
[Market] YES=0.81 | NO=0.22 | Sum=1.03
==================================================
Balance: $195.96 | Regime: CHOP | Session: 0W/0L (0%) | PnL: $+0.00
[Timing] Window 7 min old — skipping
[Cycle] No signal — YES=0.81 is between 0.30 and 0.70, sum=1.03 >= 0.97
[Ticker] KXETH15M-26APR021445-45
[Market] YES=0.90 | NO=0.12 | Sum=1.02
==================================================
Balance: $196.80 | Regime: CHOP | Session: 0W/0L (0%) | PnL: $+0.00
[Timing] Window 8 min old — skipping
[Cycle] No signal — YES=0.90 is between 0.30 and 0.70, sum=1.02 >= 0.97
[Ticker] KXETH15M-26APR021445-45
[Market] YES=0.83 | NO=0.19 | Sum=1.02
==================================================
Balance: $196.60 | Regime: CHOP | Session: 0W/0L (0%) | PnL: $+0.00
[Timing] Window 9 min old — skipping
[Cycle] No signal — YES=0.83 is between 0.30 and 0.70, sum=1.02 >= 0.97
[Ticker] KXETH15M-26APR021445-45
[Market] YES=0.87 | NO=0.15 | Sum=1.02
==================================================
Balance: $196.64 | Regime: CHOP | Session: 0W/0L (0%) | PnL: $+0.00
[Timing] Window 10 min old — skipping
[Cycle] No signal — YES=0.87 is between 0.30 and 0.70, sum=1.02 >= 0.97
[Ticker] KXETH15M-26APR021445-45
[Market] YES=0.98 | NO=0.03 | Sum=1.01
==================================================
Balance: $197.40 | Regime: CHOP | Session: 0W/0L (0%) | PnL: $+0.00
[Timing] Window 11 min old — skipping
[Cycle] No signal — YES=0.98 is between 0.30 and 0.70, sum=1.01 >= 0.97
[Ticker] KXETH15M-26APR021445-45
[Market] YES=0.99 | NO=0.01 | Sum=1.00
==================================================
Balance: $197.47 | Regime: CHOP | Session: 0W/0L (0%) | PnL: $+0.00
[Timing] Window 12 min old — skipping
[Cycle] No signal — YES=0.99 is between 0.30 and 0.70, sum=1.00 >= 0.97
[Ticker] KXETH15M-26APR021445-45
[Market] YES=1.00 | NO=0.01 | Sum=1.01
==================================================
Balance: $197.44 | Regime: CHOP | Session: 0W/0L (0%) | PnL: $+0.00
[Timing] Window 13 min old — skipping
[Cycle] No signal — YES=1.00 is between 0.30 and 0.70, sum=1.01 >= 0.97
[Ticker] KXETH15M-26APR021445-45
[Market] YES=1.00 | NO=0.01 | Sum=1.00
==================================================
Balance: $197.44 | Regime: CHOP | Session: 0W/0L (0%) | PnL: $+0.00
[Timing] Window 14 min old — skipping
[Cycle] No signal — YES=1.00 is between 0.30 and 0.70, sum=1.00 >= 0.97
[Ticker] KXETH15M-26APR021445-45
[Market] YES=1.00 | NO=0.00 | Sum=1.00
==================================================
Balance: $197.47 | Regime: CHOP | Session: 0W/0L (0%) | PnL: $+0.00
[Timing] Window 0 min old — skipping
[Cycle] No signal — YES=1.00 is between 0.30 and 0.70, sum=1.00 >= 0.97
[Ticker] KXETH15M-26APR021500-00
[Market] YES=0.68 | NO=0.35 | Sum=1.03
==================================================
Balance: $197.48 | Regime: CHOP | Session: 0W/0L (0%) | PnL: $+0.00
[Cycle] No signal — YES=0.68 is between 0.30 and 0.70, sum=1.03 >= 0.97
[Ticker] KXETH15M-26APR021500-00
[Market] YES=0.68 | NO=0.34 | Sum=1.02
==================================================
Balance: $197.48 | Regime: CHOP | Session: 0W/0L (0%) | PnL: $+0.00
[Cycle] No signal — YES=0.68 is between 0.30 and 0.70, sum=1.02 >= 0.97

==================================================
OpenClaw ETH Bot v4.0 — LIVE
[Startup] Live balance synced: $197.48
Balance: $197.48 | MaxBet: $10.37 | Threshold: <0.30 or >0.70
==================================================

[Startup] Resting orders cleared
[Ticker] KXETH15M-26APR021500-00
[Market] YES=0.88 | NO=0.13 | Sum=1.01
==================================================
Balance: $197.48 | Regime: CHOP | Session: 0W/0L (0%) | PnL: $+0.00
[Signal] UP candidate | yes=0.88 | waiting (1/2)
[Cycle] No signal — YES=0.88 is between 0.30 and 0.70, sum=1.01 >= 0.97
[Ticker] KXETH15M-26APR021500-00
[Market] YES=0.89 | NO=0.13 | Sum=1.02
==================================================
Balance: $197.49 | Regime: CHOP | Session: 0W/0L (0%) | PnL: $+0.00
[Coinbase] Confirms UP | $2054 gap=+5 (0.23%)
[Kraken] Divergence 3155.45% — bet trimmed
[Correlation] 2/3 agree UP
[Signal] CONFIRMED UP | yes=0.89 | edge=0.39 | bet=$3.27
[Order] KXETH15M-26APR021500-00 | yes | count=6 | $3.27
✅ BTC DIRECTIONAL: UP $3.27 on KXETH15M-26APR021500-00
[Positions] 1 still open
[Ticker] KXETH15M-26APR021500-00
[Market] YES=0.89 | NO=0.12 | Sum=1.01
==================================================
Balance: $197.38 | Regime: CHOP | Session: 0W/0L (0%) | PnL: $+0.00
[Signal] UP candidate | yes=0.89 | waiting (1/2)
[Cycle] No signal — YES=0.89 is between 0.30 and 0.70, sum=1.01 >= 0.97
[Positions] 1 still open
[Ticker] KXETH15M-26APR021500-00
[Market] YES=0.94 | NO=0.08 | Sum=1.02
==================================================
Balance: $198.53 | Regime: CHOP | Session: 0W/0L (0%) | PnL: $+0.00
[Timing] Window 5 min old — skipping
[Cycle] No signal — YES=0.94 is between 0.30 and 0.70, sum=1.02 >= 0.97
[Positions] 1 still open
[Ticker] KXETH15M-26APR021500-00
[Market] YES=0.98 | NO=0.03 | Sum=1.01
==================================================
Balance: $198.82 | Regime: CHOP | Session: 0W/0L (0%) | PnL: $+0.00
[Timing] Window 6 min old — skipping
[Cycle] No signal — YES=0.98 is between 0.30 and 0.70, sum=1.01 >= 0.97
[Positions] 1 still open
[Ticker] KXETH15M-26APR021500-00
[Market] YES=0.99 | NO=0.03 | Sum=1.01
==================================================
Balance: $199.44 | Regime: CHOP | Session: 0W/0L (0%) | PnL: $+0.00
[Timing] Window 7 min old — skipping
[Cycle] No signal — YES=0.99 is between 0.30 and 0.70, sum=1.01 >= 0.97
[Positions] 1 still open
[Ticker] KXETH15M-26APR021500-00
[Market] YES=1.00 | NO=0.01 | Sum=1.00
==================================================
Balance: $199.56 | Regime: CHOP | Session: 0W/0L (0%) | PnL: $+0.00
[Timing] Window 8 min old — skipping
[Cycle] No signal — YES=1.00 is between 0.30 and 0.70, sum=1.00 >= 0.97
[Positions] 1 still open
[Ticker] KXETH15M-26APR021500-00
[Market] YES=1.00 | NO=0.01 | Sum=1.01
==================================================
Balance: $199.61 | Regime: CHOP | Session: 0W/0L (0%) | PnL: $+0.00
[Timing] Window 9 min old — skipping
[Cycle] No signal — YES=1.00 is between 0.30 and 0.70, sum=1.01 >= 0.97
[Positions] 1 still open
[Ticker] KXETH15M-26APR021500-00
[Market] YES=1.00 | NO=0.01 | Sum=1.01
==================================================
Balance: $199.59 | Regime: CHOP | Session: 0W/0L (0%) | PnL: $+0.00
[Timing] Window 10 min old — skipping
[Cycle] No signal — YES=1.00 is between 0.30 and 0.70, sum=1.01 >= 0.97
[Positions] 1 still open
[Ticker] KXETH15M-26APR021500-00
[Market] YES=1.00 | NO=0.01 | Sum=1.00
==================================================
Balance: $199.62 | Regime: CHOP | Session: 0W/0L (0%) | PnL: $+0.00
[Timing] Window 11 min old — skipping
[Cycle] No signal — YES=1.00 is between 0.30 and 0.70, sum=1.00 >= 0.97
[Positions] 1 still open
[Ticker] KXETH15M-26APR021500-00
[Market] YES=1.00 | NO=0.00 | Sum=1.00
==================================================
Balance: $199.71 | Regime: CHOP | Session: 0W/0L (0%) | PnL: $+0.00
[Timing] Window 12 min old — skipping
[Cycle] No signal — YES=1.00 is between 0.30 and 0.70, sum=1.00 >= 0.97
[Positions] 1 still open
[Ticker] KXETH15M-26APR021500-00
[Market] YES=1.00 | NO=0.00 | Sum=1.00
==================================================
Balance: $199.70 | Regime: CHOP | Session: 0W/0L (0%) | PnL: $+0.00
[Timing] Window 13 min old — skipping
[Cycle] No signal — YES=1.00 is between 0.30 and 0.70, sum=1.00 >= 0.97
[Positions] 1 still open
[Ticker] KXETH15M-26APR021500-00
[Market] YES=1.00 | NO=0.00 | Sum=1.00
==================================================
Balance: $199.70 | Regime: CHOP | Session: 0W/0L (0%) | PnL: $+0.00
[Timing] Window 14 min old — skipping
[Cycle] No signal — YES=1.00 is between 0.30 and 0.70, sum=1.00 >= 0.97
[Positions] 1 still open
[Ticker] KXETH15M-26APR021515-15
[Market] YES=0.53 | NO=0.49 | Sum=1.02
==================================================
Balance: $199.77 | Regime: CHOP | Session: 0W/0L (0%) | PnL: $+0.00
[Cycle] No signal — YES=0.53 is between 0.30 and 0.70, sum=1.02 >= 0.97
[Positions] 1 still open
[Ticker] KXETH15M-26APR021515-15
[Market] YES=0.62 | NO=0.42 | Sum=1.04
==================================================
Balance: $199.77 | Regime: CHOP | Session: 0W/0L (0%) | PnL: $+0.00
[Cycle] No signal — YES=0.62 is between 0.30 and 0.70, sum=1.04 >= 0.97
[Positions] 1 still open
[Ticker] KXETH15M-26APR021515-15
[Market] YES=0.64 | NO=0.39 | Sum=1.03
==================================================
Balance: $199.77 | Regime: CHOP | Session: 0W/0L (0%) | PnL: $+0.00
[Cycle] No signal — YES=0.64 is between 0.30 and 0.70, sum=1.03 >= 0.97
[Positions] 1 still open
[Ticker] KXETH15M-26APR021515-15
[Market] YES=0.57 | NO=0.45 | Sum=1.02
==================================================
Balance: $199.77 | Regime: CHOP | Session: 0W/0L (0%) | PnL: $+0.00
[Cycle] No signal — YES=0.57 is between 0.30 and 0.70, sum=1.02 >= 0.97
[Positions] 1 still open
[Ticker] KXETH15M-26APR021515-15
[Market] YES=0.40 | NO=0.62 | Sum=1.02
==================================================
Balance: $199.77 | Regime: CHOP | Session: 0W/0L (0%) | PnL: $+0.00
[Cycle] No signal — YES=0.40 is between 0.30 and 0.70, sum=1.02 >= 0.97
[Positions] 1 still open
[Ticker] KXETH15M-26APR021515-15
[Market] YES=0.51 | NO=0.51 | Sum=1.02
==================================================
Balance: $199.77 | Regime: CHOP | Session: 0W/0L (0%) | PnL: $+0.00
[Cycle] No signal — YES=0.51 is between 0.30 and 0.70, sum=1.02 >= 0.97
[Settled] WIN: UP $3.27 on KXETH15M-26APR021500-00 | pnl=$+2.73 | 1W/0L (100%)
[Ticker] KXETH15M-26APR021515-15
[Market] YES=0.56 | NO=0.48 | Sum=1.04
==================================================
Balance: $199.77 | Regime: CHOP | Session: 1W/0L (100%) | PnL: $+2.73
[Cycle] No signal — YES=0.56 is between 0.30 and 0.70, sum=1.04 >= 0.97
[Ticker] KXETH15M-26APR021515-15
[Market] YES=0.52 | NO=0.52 | Sum=1.04
==================================================
Balance: $199.77 | Regime: CHOP | Session: 1W/0L (100%) | PnL: $+2.73
[Cycle] No signal — YES=0.52 is between 0.30 and 0.70, sum=1.04 >= 0.97
[Ticker] KXETH15M-26APR021515-15
[Market] YES=0.46 | NO=0.56 | Sum=1.02
==================================================
Balance: $199.77 | Regime: CHOP | Session: 1W/0L (100%) | PnL: $+2.73
[Cycle] No signal — YES=0.46 is between 0.30 and 0.70, sum=1.02 >= 0.97
[Ticker] KXETH15M-26APR021515-15
[Market] YES=0.42 | NO=0.61 | Sum=1.03
==================================================
Balance: $199.77 | Regime: CHOP | Session: 1W/0L (100%) | PnL: $+2.73
[Cycle] No signal — YES=0.42 is between 0.30 and 0.70, sum=1.03 >= 0.97
[Ticker] KXETH15M-26APR021515-15
[Market] YES=0.75 | NO=0.27 | Sum=1.02
==================================================
Balance: $199.77 | Regime: CHOP | Session: 1W/0L (100%) | PnL: $+2.73
[Timing] Window 10 min old — skipping
[Cycle] No signal — YES=0.75 is between 0.30 and 0.70, sum=1.02 >= 0.97
[Ticker] KXETH15M-26APR021515-15
[Market] YES=0.84 | NO=0.19 | Sum=1.03
==================================================
Balance: $199.77 | Regime: CHOP | Session: 1W/0L (100%) | PnL: $+2.73
[Timing] Window 11 min old — skipping
[Cycle] No signal — YES=0.84 is between 0.30 and 0.70, sum=1.03 >= 0.97
[Ticker] KXETH15M-26APR021515-15
[Market] YES=0.91 | NO=0.11 | Sum=1.02
==================================================
Balance: $199.77 | Regime: CHOP | Session: 1W/0L (100%) | PnL: $+2.73
[Timing] Window 12 min old — skipping
[Cycle] No signal — YES=0.91 is between 0.30 and 0.70, sum=1.02 >= 0.97
[Ticker] KXETH15M-26APR021515-15
[Market] YES=0.97 | NO=0.05 | Sum=1.02
==================================================
Balance: $199.77 | Regime: CHOP | Session: 1W/0L (100%) | PnL: $+2.73
[Timing] Window 13 min old — skipping
[Cycle] No signal — YES=0.97 is between 0.30 and 0.70, sum=1.02 >= 0.97
[Ticker] KXETH15M-26APR021515-15
[Market] YES=1.00 | NO=0.00 | Sum=1.00
==================================================
Balance: $199.77 | Regime: CHOP | Session: 1W/0L (100%) | PnL: $+2.73
[Timing] Window 14 min old — skipping
[Cycle] No signal — YES=1.00 is between 0.30 and 0.70, sum=1.00 >= 0.97
[Ticker] KXETH15M-26APR021530-30
[Market] YES=0.41 | NO=0.62 | Sum=1.03
==================================================
Balance: $199.77 | Regime: CHOP | Session: 1W/0L (100%) | PnL: $+2.73
[Cycle] No signal — YES=0.41 is between 0.30 and 0.70, sum=1.03 >= 0.97
[Ticker] KXETH15M-26APR021530-30
[Market] YES=0.38 | NO=0.64 | Sum=1.02
==================================================
Balance: $199.77 | Regime: CHOP | Session: 1W/0L (100%) | PnL: $+2.73
[Cycle] No signal — YES=0.38 is between 0.30 and 0.70, sum=1.02 >= 0.97
[Ticker] KXETH15M-26APR021530-30
[Market] YES=0.46 | NO=0.59 | Sum=1.05
==================================================
Balance: $199.77 | Regime: CHOP | Session: 1W/0L (100%) | PnL: $+2.73
[Cycle] No signal — YES=0.46 is between 0.30 and 0.70, sum=1.05 >= 0.97
[Ticker] KXETH15M-26APR021530-30
[Market] YES=0.40 | NO=0.64 | Sum=1.04
==================================================
Balance: $199.77 | Regime: CHOP | Session: 1W/0L (100%) | PnL: $+2.73
[Cycle] No signal — YES=0.40 is between 0.30 and 0.70, sum=1.04 >= 0.97
[Ticker] KXETH15M-26APR021530-30
[Market] YES=0.48 | NO=0.54 | Sum=1.02
==================================================
Balance: $199.77 | Regime: CHOP | Session: 1W/0L (100%) | PnL: $+2.73
[Cycle] No signal — YES=0.48 is between 0.30 and 0.70, sum=1.02 >= 0.97
[Ticker] KXETH15M-26APR021530-30
[Market] YES=0.34 | NO=0.68 | Sum=1.02
==================================================
Balance: $199.77 | Regime: CHOP | Session: 1W/0L (100%) | PnL: $+2.73
[Cycle] No signal — YES=0.34 is between 0.30 and 0.70, sum=1.02 >= 0.97
[Ticker] KXETH15M-26APR021530-30
[Market] YES=0.17 | NO=0.85 | Sum=1.02
==================================================
Balance: $199.77 | Regime: CHOP | Session: 1W/0L (100%) | PnL: $+2.73
[Timing] Window 6 min old — skipping
[Cycle] No signal — YES=0.17 is between 0.30 and 0.70, sum=1.02 >= 0.97
[Ticker] KXETH15M-26APR021530-30
[Market] YES=0.36 | NO=0.69 | Sum=1.05
==================================================
Balance: $199.77 | Regime: CHOP | Session: 1W/0L (100%) | PnL: $+2.73
[Cycle] No signal — YES=0.36 is between 0.30 and 0.70, sum=1.05 >= 0.97
[Ticker] KXETH15M-26APR021530-30
[Market] YES=0.74 | NO=0.27 | Sum=1.01
==================================================
Balance: $199.77 | Regime: CHOP | Session: 1W/0L (100%) | PnL: $+2.73
[Timing] Window 8 min old — skipping
[Cycle] No signal — YES=0.74 is between 0.30 and 0.70, sum=1.01 >= 0.97
[Ticker] KXETH15M-26APR021530-30
[Market] YES=0.50 | NO=0.51 | Sum=1.01
==================================================
Balance: $199.77 | Regime: CHOP | Session: 1W/0L (100%) | PnL: $+2.73
[Cycle] No signal — YES=0.50 is between 0.30 and 0.70, sum=1.01 >= 0.97
[Ticker] KXETH15M-26APR021530-30
[Market] YES=0.84 | NO=0.17 | Sum=1.01
==================================================
Balance: $199.77 | Regime: CHOP | Session: 1W/0L (100%) | PnL: $+2.73
[Timing] Window 10 min old — skipping
[Cycle] No signal — YES=0.84 is between 0.30 and 0.70, sum=1.01 >= 0.97
[Ticker] KXETH15M-26APR021530-30
[Market] YES=0.70 | NO=0.33 | Sum=1.03
==================================================
Balance: $199.77 | Regime: CHOP | Session: 1W/0L (100%) | PnL: $+2.73
[Cycle] No signal — YES=0.70 is between 0.30 and 0.70, sum=1.03 >= 0.97
[Ticker] KXETH15M-26APR021530-30
[Market] YES=0.85 | NO=0.17 | Sum=1.02
==================================================
Balance: $199.77 | Regime: CHOP | Session: 1W/0L (100%) | PnL: $+2.73
[Timing] Window 12 min old — skipping
[Cycle] No signal — YES=0.85 is between 0.30 and 0.70, sum=1.02 >= 0.97
[Ticker] KXETH15M-26APR021530-30
[Market] YES=0.89 | NO=0.17 | Sum=1.06
==================================================
Balance: $199.77 | Regime: CHOP | Session: 1W/0L (100%) | PnL: $+2.73
[Timing] Window 13 min old — skipping
[Cycle] No signal — YES=0.89 is between 0.30 and 0.70, sum=1.06 >= 0.97
[Ticker] KXETH15M-26APR021530-30
[Market] YES=1.00 | NO=0.00 | Sum=1.00
==================================================
Balance: $199.77 | Regime: CHOP | Session: 1W/0L (100%) | PnL: $+2.73
[Timing] Window 14 min old — skipping
[Cycle] No signal — YES=1.00 is between 0.30 and 0.70, sum=1.00 >= 0.97
[Ticker] KXETH15M-26APR021545-45
[Market] YES=0.45 | NO=0.56 | Sum=1.01
==================================================
Balance: $199.77 | Regime: CHOP | Session: 1W/0L (100%) | PnL: $+2.73
[Cycle] No signal — YES=0.45 is between 0.30 and 0.70, sum=1.01 >= 0.97
[Ticker] KXETH15M-26APR021545-45
[Market] YES=0.53 | NO=0.51 | Sum=1.04
==================================================
Balance: $199.77 | Regime: CHOP | Session: 1W/0L (100%) | PnL: $+2.73
[Cycle] No signal — YES=0.53 is between 0.30 and 0.70, sum=1.04 >= 0.97
[Ticker] KXETH15M-26APR021545-45
[Market] YES=0.38 | NO=0.65 | Sum=1.03
==================================================
Balance: $199.77 | Regime: CHOP | Session: 1W/0L (100%) | PnL: $+2.73
[Cycle] No signal — YES=0.38 is between 0.30 and 0.70, sum=1.03 >= 0.97
[Ticker] KXETH15M-26APR021545-45
[Market] YES=0.12 | NO=0.89 | Sum=1.01
==================================================
Balance: $199.07 | Regime: CHOP | Session: 1W/0L (100%) | PnL: $+2.73
[Signal] DOWN candidate | yes=0.12 | waiting (1/2)
[Cycle] No signal — YES=0.12 is between 0.30 and 0.70, sum=1.01 >= 0.97
[Ticker] KXETH15M-26APR021545-45
[Market] YES=0.20 | NO=0.82 | Sum=1.02
==================================================
Balance: $197.52 | Regime: CHOP | Session: 1W/0L (100%) | PnL: $+2.73
[Coinbase] Confirms DOWN | $2057 gap=-3 (0.16%)
[Kraken] Divergence 3153.37% — bet trimmed
[Correlation] All 3 agree — bet boosted
[Signal] CONFIRMED DOWN | yes=0.20 | edge=0.30 | bet=$6.41
[Order] KXETH15M-26APR021545-45 | no | count=12 | $6.41
✅ BTC DIRECTIONAL: DOWN $6.41 on KXETH15M-26APR021545-45
[Positions] 1 still open
[Ticker] KXETH15M-26APR021545-45
[Market] YES=0.21 | NO=0.80 | Sum=1.01
==================================================
Balance: $195.83 | Regime: CHOP | Session: 1W/0L (100%) | PnL: $+2.73
[Timing] Window 5 min old — skipping
[Cycle] No signal — YES=0.21 is between 0.30 and 0.70, sum=1.01 >= 0.97
[Positions] 1 still open
[Ticker] KXETH15M-26APR021545-45
[Market] YES=0.17 | NO=0.87 | Sum=1.04
==================================================
Balance: $195.75 | Regime: CHOP | Session: 1W/0L (100%) | PnL: $+2.73
[Timing] Window 6 min old — skipping
[Cycle] No signal — YES=0.17 is between 0.30 and 0.70, sum=1.04 >= 0.97
[Positions] 1 still open
[Ticker] KXETH15M-26APR021545-45
[Market] YES=0.09 | NO=0.93 | Sum=1.02
==================================================
Balance: $201.68 | Regime: CHOP | Session: 1W/0L (100%) | PnL: $+2.73
[Timing] Window 7 min old — skipping
[Cycle] No signal — YES=0.09 is between 0.30 and 0.70, sum=1.02 >= 0.97
[Positions] 1 still open
[Ticker] KXETH15M-26APR021545-45
[Market] YES=0.15 | NO=0.86 | Sum=1.01
==================================================
Balance: $199.79 | Regime: CHOP | Session: 1W/0L (100%) | PnL: $+2.73
[Timing] Window 8 min old — skipping
[Cycle] No signal — YES=0.15 is between 0.30 and 0.70, sum=1.01 >= 0.97
[Positions] 1 still open
[Ticker] KXETH15M-26APR021545-45
[Market] YES=0.22 | NO=0.79 | Sum=1.01
==================================================
Balance: $199.71 | Regime: CHOP | Session: 1W/0L (100%) | PnL: $+2.73
[Timing] Window 9 min old — skipping
[Cycle] No signal — YES=0.22 is between 0.30 and 0.70, sum=1.01 >= 0.97
[Positions] 1 still open
[Ticker] KXETH15M-26APR021545-45
[Market] YES=0.69 | NO=0.35 | Sum=1.04
==================================================
Balance: $183.27 | Regime: CHOP | Session: 1W/0L (100%) | PnL: $+2.73
[Cycle] No signal — YES=0.69 is between 0.30 and 0.70, sum=1.04 >= 0.97
[Positions] 1 still open
[Ticker] KXETH15M-26APR021545-45
[Market] YES=0.44 | NO=0.58 | Sum=1.02
==================================================
Balance: $188.35 | Regime: CHOP | Session: 1W/0L (100%) | PnL: $+2.73
[Cycle] No signal — YES=0.44 is between 0.30 and 0.70, sum=1.02 >= 0.97
[Positions] 1 still open
[Ticker] KXETH15M-26APR021545-45
[Market] YES=0.16 | NO=0.85 | Sum=1.01
==================================================
Balance: $195.66 | Regime: CHOP | Session: 1W/0L (100%) | PnL: $+2.73
[Timing] Window 12 min old — skipping
[Cycle] No signal — YES=0.16 is between 0.30 and 0.70, sum=1.01 >= 0.97
[Positions] 1 still open
[Ticker] KXETH15M-26APR021545-45
[Market] YES=0.03 | NO=0.98 | Sum=1.01
==================================================
Balance: $204.06 | Regime: CHOP | Session: 1W/0L (100%) | PnL: $+2.73
[Timing] Window 13 min old — skipping
[Cycle] No signal — YES=0.03 is between 0.30 and 0.70, sum=1.01 >= 0.97
[Positions] 1 still open
[Ticker] KXETH15M-26APR021545-45
[Market] YES=0.00 | NO=1.00 | Sum=1.00
==================================================
Balance: $204.83 | Regime: CHOP | Session: 1W/0L (100%) | PnL: $+2.73
[Timing] Window 14 min old — skipping
[Cycle] No signal — YES=0.00 is between 0.30 and 0.70, sum=1.00 >= 0.97
[Positions] 1 still open
[Ticker] KXETH15M-26APR021600-00
[Market] YES=0.38 | NO=0.65 | Sum=1.03
==================================================
Balance: $204.87 | Regime: CHOP | Session: 1W/0L (100%) | PnL: $+2.73
[Cycle] No signal — YES=0.38 is between 0.30 and 0.70, sum=1.03 >= 0.97
[Positions] 1 still open
[Ticker] KXETH15M-26APR021600-00
[Market] YES=0.58 | NO=0.46 | Sum=1.04
==================================================
Balance: $204.87 | Regime: CHOP | Session: 1W/0L (100%) | PnL: $+2.73
[Cycle] No signal — YES=0.58 is between 0.30 and 0.70, sum=1.04 >= 0.97
[Positions] 1 still open
[Ticker] KXETH15M-26APR021600-00
[Market] YES=0.72 | NO=0.31 | Sum=1.03
==================================================
Balance: $204.87 | Regime: CHOP | Session: 1W/0L (100%) | PnL: $+2.73
[Signal] UP candidate | yes=0.72 | waiting (1/2)
[Cycle] No signal — YES=0.72 is between 0.30 and 0.70, sum=1.03 >= 0.97
[Positions] 1 still open
[Ticker] KXETH15M-26APR021600-00
[Market] YES=0.62 | NO=0.42 | Sum=1.04
==================================================
Balance: $204.87 | Regime: CHOP | Session: 1W/0L (100%) | PnL: $+2.73
[Cycle] No signal — YES=0.62 is between 0.30 and 0.70, sum=1.04 >= 0.97
[Positions] 1 still open
[Ticker] KXETH15M-26APR021600-00
[Market] YES=0.64 | NO=0.39 | Sum=1.03
==================================================
Balance: $204.87 | Regime: CHOP | Session: 1W/0L (100%) | PnL: $+2.73
[Cycle] No signal — YES=0.64 is between 0.30 and 0.70, sum=1.03 >= 0.97
[Positions] 1 still open
[Ticker] KXETH15M-26APR021600-00
[Market] YES=0.86 | NO=0.17 | Sum=1.03
==================================================
Balance: $204.87 | Regime: CHOP | Session: 1W/0L (100%) | PnL: $+2.73
[Timing] Window 5 min old — skipping
[Cycle] No signal — YES=0.86 is between 0.30 and 0.70, sum=1.03 >= 0.97
[Positions] 1 still open
[Ticker] KXETH15M-26APR021600-00
[Market] YES=0.89 | NO=0.13 | Sum=1.02
==================================================
Balance: $204.87 | Regime: CHOP | Session: 1W/0L (100%) | PnL: $+2.73
[Timing] Window 6 min old — skipping
[Cycle] No signal — YES=0.89 is between 0.30 and 0.70, sum=1.02 >= 0.97
[Settled] WIN: DOWN $6.41 on KXETH15M-26APR021545-45 | pnl=$+5.59 | 2W/0L (100%)
[Ticker] KXETH15M-26APR021600-00
[Market] YES=0.91 | NO=0.12 | Sum=1.03
==================================================
Balance: $204.87 | Regime: CHOP | Session: 2W/0L (100%) | PnL: $+8.32
[Timing] Window 7 min old — skipping
[Cycle] No signal — YES=0.91 is between 0.30 and 0.70, sum=1.03 >= 0.97
[Ticker] KXETH15M-26APR021600-00
[Market] YES=0.94 | NO=0.09 | Sum=1.03
==================================================
Balance: $204.87 | Regime: CHOP | Session: 2W/0L (100%) | PnL: $+8.32
[Timing] Window 8 min old — skipping
[Cycle] No signal — YES=0.94 is between 0.30 and 0.70, sum=1.03 >= 0.97
[Ticker] KXETH15M-26APR021600-00
[Market] YES=0.98 | NO=0.04 | Sum=1.02
==================================================
Balance: $204.87 | Regime: CHOP | Session: 2W/0L (100%) | PnL: $+8.32
[Timing] Window 9 min old — skipping
[Cycle] No signal — YES=0.98 is between 0.30 and 0.70, sum=1.02 >= 0.97
[Ticker] KXETH15M-26APR021600-00
[Market] YES=0.99 | NO=0.01 | Sum=1.01
==================================================
Balance: $204.87 | Regime: CHOP | Session: 2W/0L (100%) | PnL: $+8.32
[Timing] Window 10 min old — skipping
[Cycle] No signal — YES=0.99 is between 0.30 and 0.70, sum=1.01 >= 0.97
[Ticker] KXETH15M-26APR021600-00
[Market] YES=1.00 | NO=0.00 | Sum=1.00
==================================================
Balance: $204.87 | Regime: CHOP | Session: 2W/0L (100%) | PnL: $+8.32
[Timing] Window 11 min old — skipping
[Cycle] No signal — YES=1.00 is between 0.30 and 0.70, sum=1.00 >= 0.97
[Ticker] KXETH15M-26APR021600-00
[Market] YES=1.00 | NO=0.00 | Sum=1.00
==================================================
Balance: $204.87 | Regime: CHOP | Session: 2W/0L (100%) | PnL: $+8.32
[Timing] Window 12 min old — skipping
[Cycle] No signal — YES=1.00 is between 0.30 and 0.70, sum=1.00 >= 0.97
[Ticker] KXETH15M-26APR021600-00
[Market] YES=1.00 | NO=0.00 | Sum=1.00
==================================================
Balance: $204.87 | Regime: CHOP | Session: 2W/0L (100%) | PnL: $+8.32
[Timing] Window 13 min old — skipping
[Cycle] No signal — YES=1.00 is between 0.30 and 0.70, sum=1.00 >= 0.97
[Ticker] KXETH15M-26APR021600-00
[Market] YES=1.00 | NO=0.00 | Sum=1.00
==================================================
Balance: $204.87 | Regime: CHOP | Session: 2W/0L (100%) | PnL: $+8.32
[Timing] Window 14 min old — skipping
[Cycle] No signal — YES=1.00 is between 0.30 and 0.70, sum=1.00 >= 0.97
[Ticker] KXETH15M-26APR021615-15
[Market] YES=0.41 | NO=0.64 | Sum=1.05
==================================================
Balance: $204.87 | Regime: CHOP | Session: 2W/0L (100%) | PnL: $+8.32
[Cycle] No signal — YES=0.41 is between 0.30 and 0.70, sum=1.05 >= 0.97
[Ticker] KXETH15M-26APR021615-15
[Market] YES=0.38 | NO=0.66 | Sum=1.04
==================================================
Balance: $204.74 | Regime: CHOP | Session: 2W/0L (100%) | PnL: $+8.32
[Cycle] No signal — YES=0.38 is between 0.30 and 0.70, sum=1.04 >= 0.97
[Ticker] KXETH15M-26APR021615-15
[Market] YES=0.17 | NO=0.84 | Sum=1.01
==================================================
Balance: $205.22 | Regime: CHOP | Session: 2W/0L (100%) | PnL: $+8.32
[Signal] DOWN candidate | yes=0.17 | waiting (1/2)
[Cycle] No signal — YES=0.17 is between 0.30 and 0.70, sum=1.01 >= 0.97
[Ticker] KXETH15M-26APR021615-15
[Market] YES=0.19 | NO=0.84 | Sum=1.03
==================================================
Balance: $205.10 | Regime: CHOP | Session: 2W/0L (100%) | PnL: $+8.32
[Coinbase] Confirms DOWN | $2062 gap=-3 (0.16%)
[Kraken] Divergence 3141.02% — bet trimmed
[Correlation] All 3 agree — bet boosted
[Signal] CONFIRMED DOWN | yes=0.19 | edge=0.31 | bet=$3.61
[Order] KXETH15M-26APR021615-15 | no | count=7 | $3.61
✅ BTC DIRECTIONAL: DOWN $3.61 on KXETH15M-26APR021615-15
[Positions] 1 still open
[Ticker] KXETH15M-26APR021615-15
[Market] YES=0.22 | NO=0.80 | Sum=1.02
==================================================
Balance: $204.55 | Regime: CHOP | Session: 2W/0L (100%) | PnL: $+8.32
[Signal] DOWN candidate | yes=0.22 | waiting (1/2)
[Cycle] No signal — YES=0.22 is between 0.30 and 0.70, sum=1.02 >= 0.97
[Positions] 1 still open
[Ticker] KXETH15M-26APR021615-15
[Market] YES=0.22 | NO=0.81 | Sum=1.03
==================================================
Balance: $204.99 | Regime: CHOP | Session: 2W/0L (100%) | PnL: $+8.32
[Timing] Window 5 min old — skipping
[Cycle] No signal — YES=0.22 is between 0.30 and 0.70, sum=1.03 >= 0.97
[Positions] 1 still open
[Ticker] KXETH15M-26APR021615-15
[Market] YES=0.22 | NO=0.80 | Sum=1.02
==================================================
Balance: $205.12 | Regime: CHOP | Session: 2W/0L (100%) | PnL: $+8.32
[Timing] Window 6 min old — skipping
[Cycle] No signal — YES=0.22 is between 0.30 and 0.70, sum=1.02 >= 0.97
[Positions] 1 still open
[Ticker] KXETH15M-26APR021615-15
[Market] YES=0.36 | NO=0.66 | Sum=1.02
==================================================
Balance: $203.94 | Regime: CHOP | Session: 2W/0L (100%) | PnL: $+8.32
[Cycle] No signal — YES=0.36 is between 0.30 and 0.70, sum=1.02 >= 0.97
[Positions] 1 still open
[Ticker] KXETH15M-26APR021615-15
[Market] YES=0.94 | NO=0.09 | Sum=1.03
==================================================
Balance: $199.42 | Regime: CHOP | Session: 2W/0L (100%) | PnL: $+8.32
[Timing] Window 8 min old — skipping
[Cycle] No signal — YES=0.94 is between 0.30 and 0.70, sum=1.03 >= 0.97
[Positions] 1 still open
[Ticker] KXETH15M-26APR021615-15
[Market] YES=0.78 | NO=0.28 | Sum=1.06
==================================================
Balance: $200.39 | Regime: CHOP | Session: 2W/0L (100%) | PnL: $+8.32
[Timing] Window 9 min old — skipping
[Cycle] No signal — YES=0.78 is between 0.30 and 0.70, sum=1.06 >= 0.97
[Positions] 1 still open
[Ticker] KXETH15M-26APR021615-15
[Market] YES=0.92 | NO=0.12 | Sum=1.04
==================================================
Balance: $200.37 | Regime: CHOP | Session: 2W/0L (100%) | PnL: $+8.32
[Timing] Window 10 min old — skipping
[Cycle] No signal — YES=0.92 is between 0.30 and 0.70, sum=1.04 >= 0.97
[Positions] 1 still open
[Ticker] KXETH15M-26APR021615-15
[Market] YES=0.86 | NO=0.15 | Sum=1.01
==================================================
Balance: $200.40 | Regime: CHOP | Session: 2W/0L (100%) | PnL: $+8.32
[Timing] Window 11 min old — skipping
[Cycle] No signal — YES=0.86 is between 0.30 and 0.70, sum=1.01 >= 0.97
[Positions] 1 still open
[Ticker] KXETH15M-26APR021615-15
[Market] YES=0.87 | NO=0.16 | Sum=1.03
==================================================
Balance: $201.56 | Regime: CHOP | Session: 2W/0L (100%) | PnL: $+8.32
[Timing] Window 12 min old — skipping
[Cycle] No signal — YES=0.87 is between 0.30 and 0.70, sum=1.03 >= 0.97
[Positions] 1 still open
[Ticker] KXETH15M-26APR021615-15
[Market] YES=1.00 | NO=0.01 | Sum=1.01
==================================================
Balance: $200.04 | Regime: CHOP | Session: 2W/0L (100%) | PnL: $+8.32
[Timing] Window 13 min old — skipping
[Cycle] No signal — YES=1.00 is between 0.30 and 0.70, sum=1.01 >= 0.97
[Positions] 1 still open
[Ticker] KXETH15M-26APR021615-15
[Market] YES=1.00 | NO=0.01 | Sum=1.00
==================================================
Balance: $199.95 | Regime: CHOP | Session: 2W/0L (100%) | PnL: $+8.32
[Timing] Window 14 min old — skipping
[Cycle] No signal — YES=1.00 is between 0.30 and 0.70, sum=1.00 >= 0.97
[Positions] 1 still open
[Ticker] KXETH15M-26APR021630-30
[Market] YES=0.53 | NO=0.49 | Sum=1.02
==================================================
Balance: $199.93 | Regime: CHOP | Session: 2W/0L (100%) | PnL: $+8.32
[Cycle] No signal — YES=0.53 is between 0.30 and 0.70, sum=1.02 >= 0.97
[Positions] 1 still open
[Ticker] KXETH15M-26APR021630-30
[Market] YES=0.61 | NO=0.41 | Sum=1.02
==================================================
Balance: $199.93 | Regime: CHOP | Session: 2W/0L (100%) | PnL: $+8.32
[Cycle] No signal — YES=0.61 is between 0.30 and 0.70, sum=1.02 >= 0.97
[Positions] 1 still open
[Ticker] KXETH15M-26APR021630-30
[Market] YES=0.78 | NO=0.23 | Sum=1.01
==================================================
Balance: $199.93 | Regime: CHOP | Session: 2W/0L (100%) | PnL: $+8.32
[Signal] UP candidate | yes=0.78 | waiting (1/2)
[Cycle] No signal — YES=0.78 is between 0.30 and 0.70, sum=1.01 >= 0.97
[Positions] 1 still open
[Ticker] KXETH15M-26APR021630-30
[Market] YES=0.78 | NO=0.25 | Sum=1.03
==================================================
Balance: $199.93 | Regime: CHOP | Session: 2W/0L (100%) | PnL: $+8.32
[Coinbase] Disagrees | $2066 — bet reduced to $2.00
[Kraken] Divergence 3138.38% — bet trimmed
[Correlation] 2/3 agree UP
[Signal] CONFIRMED UP | yes=0.78 | edge=0.28 | bet=$1.80
[Order] KXETH15M-26APR021630-30 | yes | count=4 | $2.00
✅ BTC DIRECTIONAL: UP $2.00 on KXETH15M-26APR021630-30
[Positions] 2 still open
[Ticker] KXETH15M-26APR021630-30
[Market] YES=0.89 | NO=0.12 | Sum=1.01
==================================================
Balance: $200.08 | Regime: CHOP | Session: 2W/0L (100%) | PnL: $+8.32
[Signal] UP candidate | yes=0.89 | waiting (1/2)
[Cycle] No signal — YES=0.89 is between 0.30 and 0.70, sum=1.01 >= 0.97
[Positions] 2 still open
[Ticker] KXETH15M-26APR021630-30
[Market] YES=0.88 | NO=0.14 | Sum=1.02
==================================================
Balance: $200.30 | Regime: CHOP | Session: 2W/0L (100%) | PnL: $+8.32
[Timing] Window 5 min old — skipping
[Cycle] No signal — YES=0.88 is between 0.30 and 0.70, sum=1.02 >= 0.97
[Settled] LOSS: DOWN $3.61 on KXETH15M-26APR021615-15 | pnl=$-3.61 | 2W/1L (67%)
[Positions] 1 still open
[Ticker] KXETH15M-26APR021630-30
[Market] YES=0.89 | NO=0.13 | Sum=1.02
==================================================
Balance: $200.24 | Regime: CHOP | Session: 2W/1L (67%) | PnL: $+4.71
[Timing] Window 6 min old — skipping
[Cycle] No signal — YES=0.89 is between 0.30 and 0.70, sum=1.02 >= 0.97
[Positions] 1 still open
[Ticker] KXETH15M-26APR021630-30
[Market] YES=0.77 | NO=0.26 | Sum=1.03
==================================================
Balance: $199.76 | Regime: CHOP | Session: 2W/1L (67%) | PnL: $+4.71
[Timing] Window 7 min old — skipping
[Cycle] No signal — YES=0.77 is between 0.30 and 0.70, sum=1.03 >= 0.97
[Positions] 1 still open
[Ticker] KXETH15M-26APR021630-30
[Market] YES=0.82 | NO=0.22 | Sum=1.04
==================================================
Balance: $200.28 | Regime: CHOP | Session: 2W/1L (67%) | PnL: $+4.71
[Timing] Window 8 min old — skipping
[Cycle] No signal — YES=0.82 is between 0.30 and 0.70, sum=1.04 >= 0.97
[Positions] 1 still open
[Ticker] KXETH15M-26APR021630-30
[Market] YES=0.71 | NO=0.31 | Sum=1.02
==================================================
Balance: $199.20 | Regime: CHOP | Session: 2W/1L (67%) | PnL: $+4.71
[Timing] Window 9 min old — skipping
[Cycle] No signal — YES=0.71 is between 0.30 and 0.70, sum=1.02 >= 0.97
[Positions] 1 still open
[Ticker] KXETH15M-26APR021630-30
[Market] YES=0.55 | NO=0.47 | Sum=1.02
==================================================
Balance: $198.08 | Regime: CHOP | Session: 2W/1L (67%) | PnL: $+4.71
[Cycle] No signal — YES=0.55 is between 0.30 and 0.70, sum=1.02 >= 0.97
[Positions] 1 still open
[Ticker] KXETH15M-26APR021630-30
[Market] YES=0.58 | NO=0.45 | Sum=1.03
==================================================
Balance: $199.04 | Regime: CHOP | Session: 2W/1L (67%) | PnL: $+4.71
[Cycle] No signal — YES=0.58 is between 0.30 and 0.70, sum=1.03 >= 0.97
[Positions] 1 still open
[Ticker] KXETH15M-26APR021630-30
[Market] YES=0.89 | NO=0.13 | Sum=1.02
==================================================
Balance: $200.27 | Regime: CHOP | Session: 2W/1L (67%) | PnL: $+4.71
[Timing] Window 12 min old — skipping
[Cycle] No signal — YES=0.89 is between 0.30 and 0.70, sum=1.02 >= 0.97
[Positions] 1 still open
[Ticker] KXETH15M-26APR021630-30
[Market] YES=1.00 | NO=0.01 | Sum=1.01
==================================================
Balance: $201.04 | Regime: CHOP | Session: 2W/1L (67%) | PnL: $+4.71
[Timing] Window 13 min old — skipping
[Cycle] No signal — YES=1.00 is between 0.30 and 0.70, sum=1.01 >= 0.97
[Positions] 1 still open
[Ticker] KXETH15M-26APR021630-30
[Market] YES=1.00 | NO=0.00 | Sum=1.00
==================================================
Balance: $201.19 | Regime: CHOP | Session: 2W/1L (67%) | PnL: $+4.71
[Timing] Window 14 min old — skipping
[Cycle] No signal — YES=1.00 is between 0.30 and 0.70, sum=1.00 >= 0.97
[Positions] 1 still open
[Ticker] KXETH15M-26APR021645-45
[Market] YES=0.55 | NO=0.46 | Sum=1.01
==================================================
Balance: $201.20 | Regime: CHOP | Session: 2W/1L (67%) | PnL: $+4.71
[Cycle] No signal — YES=0.55 is between 0.30 and 0.70, sum=1.01 >= 0.97
[Positions] 1 still open
[Ticker] KXETH15M-26APR021645-45
[Market] YES=0.56 | NO=0.45 | Sum=1.01
==================================================
Balance: $201.20 | Regime: CHOP | Session: 2W/1L (67%) | PnL: $+4.71
[Cycle] No signal — YES=0.56 is between 0.30 and 0.70, sum=1.01 >= 0.97
[Positions] 1 still open
[Ticker] KXETH15M-26APR021645-45
[Market] YES=0.43 | NO=0.59 | Sum=1.02
==================================================
Balance: $201.20 | Regime: CHOP | Session: 2W/1L (67%) | PnL: $+4.71
[Cycle] No signal — YES=0.43 is between 0.30 and 0.70, sum=1.02 >= 0.97
[Positions] 1 still open
[Ticker] KXETH15M-26APR021645-45
[Market] YES=0.35 | NO=0.66 | Sum=1.01
==================================================
Balance: $201.20 | Regime: CHOP | Session: 2W/1L (67%) | PnL: $+4.71
[Cycle] No signal — YES=0.35 is between 0.30 and 0.70, sum=1.01 >= 0.97
[Positions] 1 still open
[Ticker] KXETH15M-26APR021645-45
[Market] YES=0.36 | NO=0.66 | Sum=1.02
==================================================
Balance: $201.20 | Regime: CHOP | Session: 2W/1L (67%) | PnL: $+4.71
[Cycle] No signal — YES=0.36 is between 0.30 and 0.70, sum=1.02 >= 0.97
[Positions] 1 still open
[Ticker] KXETH15M-26APR021645-45
[Market] YES=0.43 | NO=0.60 | Sum=1.03
==================================================
Balance: $201.20 | Regime: CHOP | Session: 2W/1L (67%) | PnL: $+4.71
[Cycle] No signal — YES=0.43 is between 0.30 and 0.70, sum=1.03 >= 0.97
[Settled] WIN: UP $2.00 on KXETH15M-26APR021630-30 | pnl=$+2.00 | 3W/1L (75%)
[Ticker] KXETH15M-26APR021645-45
[Market] YES=0.48 | NO=0.53 | Sum=1.01
==================================================
Balance: $201.20 | Regime: CHOP | Session: 3W/1L (75%) | PnL: $+6.71
[Cycle] No signal — YES=0.48 is between 0.30 and 0.70, sum=1.01 >= 0.97
[Ticker] KXETH15M-26APR021645-45
[Market] YES=0.74 | NO=0.28 | Sum=1.02
==================================================
Balance: $201.20 | Regime: CHOP | Session: 3W/1L (75%) | PnL: $+6.71
[Timing] Window 7 min old — skipping
[Cycle] No signal — YES=0.74 is between 0.30 and 0.70, sum=1.02 >= 0.97
[Ticker] KXETH15M-26APR021645-45
[Market] YES=0.90 | NO=0.12 | Sum=1.02
==================================================
Balance: $201.20 | Regime: CHOP | Session: 3W/1L (75%) | PnL: $+6.71
[Timing] Window 8 min old — skipping
[Cycle] No signal — YES=0.90 is between 0.30 and 0.70, sum=1.02 >= 0.97
[Ticker] KXETH15M-26APR021645-45
[Market] YES=0.93 | NO=0.11 | Sum=1.04
==================================================
Balance: $201.20 | Regime: CHOP | Session: 3W/1L (75%) | PnL: $+6.71
[Timing] Window 9 min old — skipping
[Cycle] No signal — YES=0.93 is between 0.30 and 0.70, sum=1.04 >= 0.97
[Ticker] KXETH15M-26APR021645-45
[Market] YES=0.96 | NO=0.05 | Sum=1.01
==================================================
Balance: $201.20 | Regime: CHOP | Session: 3W/1L (75%) | PnL: $+6.71
[Timing] Window 10 min old — skipping
[Cycle] No signal — YES=0.96 is between 0.30 and 0.70, sum=1.01 >= 0.97
[Ticker] KXETH15M-26APR021645-45
[Market] YES=0.72 | NO=0.31 | Sum=1.03
==================================================
Balance: $201.20 | Regime: CHOP | Session: 3W/1L (75%) | PnL: $+6.71
[Timing] Window 11 min old — skipping
[Cycle] No signal — YES=0.72 is between 0.30 and 0.70, sum=1.03 >= 0.97
[Ticker] KXETH15M-26APR021645-45
[Market] YES=0.61 | NO=0.41 | Sum=1.02
==================================================
Balance: $201.20 | Regime: CHOP | Session: 3W/1L (75%) | PnL: $+6.71
[Cycle] No signal — YES=0.61 is between 0.30 and 0.70, sum=1.02 >= 0.97
[Ticker] KXETH15M-26APR021645-45
[Market] YES=0.50 | NO=0.55 | Sum=1.05
==================================================
Balance: $201.20 | Regime: CHOP | Session: 3W/1L (75%) | PnL: $+6.71
[Cycle] No signal — YES=0.50 is between 0.30 and 0.70, sum=1.05 >= 0.97
[Ticker] KXETH15M-26APR021645-45
[Market] YES=1.00 | NO=0.01 | Sum=1.01
==================================================
Balance: $201.20 | Regime: CHOP | Session: 3W/1L (75%) | PnL: $+6.71
[Timing] Window 14 min old — skipping
[Cycle] No signal — YES=1.00 is between 0.30 and 0.70, sum=1.01 >= 0.97
[Ticker] KXETH15M-26APR021700-00
[Market] YES=0.52 | NO=0.50 | Sum=1.02
==================================================
Balance: $201.20 | Regime: CHOP | Session: 3W/1L (75%) | PnL: $+6.71
[Cycle] No signal — YES=0.52 is between 0.30 and 0.70, sum=1.02 >= 0.97
[Ticker] KXETH15M-26APR021700-00
[Market] YES=0.36 | NO=0.65 | Sum=1.01
==================================================
Balance: $201.20 | Regime: CHOP | Session: 3W/1L (75%) | PnL: $+6.71
[Cycle] No signal — YES=0.36 is between 0.30 and 0.70, sum=1.01 >= 0.97
[Ticker] KXETH15M-26APR021700-00
[Market] YES=0.39 | NO=0.63 | Sum=1.02
==================================================
Balance: $201.20 | Regime: CHOP | Session: 3W/1L (75%) | PnL: $+6.71
[Cycle] No signal — YES=0.39 is between 0.30 and 0.70, sum=1.02 >= 0.97
[Ticker] KXETH15M-26APR021700-00
[Market] YES=0.35 | NO=0.68 | Sum=1.03
==================================================
Balance: $201.20 | Regime: CHOP | Session: 3W/1L (75%) | PnL: $+6.71
[Cycle] No signal — YES=0.35 is between 0.30 and 0.70, sum=1.03 >= 0.97
[Ticker] KXETH15M-26APR021700-00
[Market] YES=0.36 | NO=0.66 | Sum=1.02
==================================================
Balance: $201.20 | Regime: CHOP | Session: 3W/1L (75%) | PnL: $+6.71
[Cycle] No signal — YES=0.36 is between 0.30 and 0.70, sum=1.02 >= 0.97
[Ticker] KXETH15M-26APR021700-00
[Market] YES=0.26 | NO=0.77 | Sum=1.03
==================================================
Balance: $201.20 | Regime: CHOP | Session: 3W/1L (75%) | PnL: $+6.71
[Timing] Window 5 min old — skipping
[Cycle] No signal — YES=0.26 is between 0.30 and 0.70, sum=1.03 >= 0.97
[Ticker] KXETH15M-26APR021700-00
[Market] YES=0.21 | NO=0.80 | Sum=1.01
==================================================
Balance: $201.20 | Regime: CHOP | Session: 3W/1L (75%) | PnL: $+6.71
[Timing] Window 6 min old — skipping
[Cycle] No signal — YES=0.21 is between 0.30 and 0.70, sum=1.01 >= 0.97
[Ticker] KXETH15M-26APR021700-00
[Market] YES=0.11 | NO=0.90 | Sum=1.01
==================================================
Balance: $201.20 | Regime: CHOP | Session: 3W/1L (75%) | PnL: $+6.71
[Timing] Window 7 min old — skipping
[Cycle] No signal — YES=0.11 is between 0.30 and 0.70, sum=1.01 >= 0.97
[Ticker] KXETH15M-26APR021700-00
[Market] YES=0.09 | NO=0.93 | Sum=1.02
==================================================
Balance: $201.20 | Regime: CHOP | Session: 3W/1L (75%) | PnL: $+6.71
[Timing] Window 8 min old — skipping
[Cycle] No signal — YES=0.09 is between 0.30 and 0.70, sum=1.02 >= 0.97
[Ticker] KXETH15M-26APR021700-00
[Market] YES=0.24 | NO=0.79 | Sum=1.03
==================================================
Balance: $201.20 | Regime: CHOP | Session: 3W/1L (75%) | PnL: $+6.71
[Timing] Window 9 min old — skipping
[Cycle] No signal — YES=0.24 is between 0.30 and 0.70, sum=1.03 >= 0.97
[Ticker] KXETH15M-26APR021700-00
[Market] YES=0.10 | NO=0.91 | Sum=1.01
==================================================
Balance: $201.20 | Regime: CHOP | Session: 3W/1L (75%) | PnL: $+6.71
[Timing] Window 10 min old — skipping
[Cycle] No signal — YES=0.10 is between 0.30 and 0.70, sum=1.01 >= 0.97
[Ticker] KXETH15M-26APR021700-00
[Market] YES=0.07 | NO=0.94 | Sum=1.01
==================================================
Balance: $201.20 | Regime: CHOP | Session: 3W/1L (75%) | PnL: $+6.71
[Timing] Window 11 min old — skipping
[Cycle] No signal — YES=0.07 is between 0.30 and 0.70, sum=1.01 >= 0.97
[Ticker] KXETH15M-26APR021700-00
[Market] YES=0.02 | NO=0.99 | Sum=1.01
==================================================
Balance: $201.20 | Regime: CHOP | Session: 3W/1L (75%) | PnL: $+6.71
[Timing] Window 12 min old — skipping
[Cycle] No signal — YES=0.02 is between 0.30 and 0.70, sum=1.01 >= 0.97
[Ticker] KXETH15M-26APR021700-00
[Market] YES=0.01 | NO=1.00 | Sum=1.00
==================================================
Balance: $201.20 | Regime: CHOP | Session: 3W/1L (75%) | PnL: $+6.71
[Timing] Window 13 min old — skipping
[Cycle] No signal — YES=0.01 is between 0.30 and 0.70, sum=1.00 >= 0.97
[Ticker] KXETH15M-26APR021700-00
[Market] YES=0.00 | NO=1.00 | Sum=1.00
==================================================
Balance: $201.20 | Regime: CHOP | Session: 3W/1L (75%) | PnL: $+6.71
[Timing] Window 14 min old — skipping
[Cycle] No signal — YES=0.00 is between 0.30 and 0.70, sum=1.00 >= 0.97
[Ticker] KXETH15M-26APR021715-15
[Market] YES=0.73 | NO=0.32 | Sum=1.05
==================================================
Balance: $201.20 | Regime: CHOP | Session: 3W/1L (75%) | PnL: $+6.71
[Timing] Window 0 min old — skipping
[Cycle] No signal — YES=0.73 is between 0.30 and 0.70, sum=1.05 >= 0.97
[Ticker] KXETH15M-26APR021715-15
[Market] YES=0.64 | NO=0.40 | Sum=1.04
==================================================
Balance: $201.20 | Regime: CHOP | Session: 3W/1L (75%) | PnL: $+6.71
[Cycle] No signal — YES=0.64 is between 0.30 and 0.70, sum=1.04 >= 0.97
[Ticker] KXETH15M-26APR021715-15
[Market] YES=0.52 | NO=0.49 | Sum=1.01
==================================================
Balance: $201.20 | Regime: CHOP | Session: 3W/1L (75%) | PnL: $+6.71
[Cycle] No signal — YES=0.52 is between 0.30 and 0.70, sum=1.01 >= 0.97
[Ticker] KXETH15M-26APR021715-15
[Market] YES=0.40 | NO=0.63 | Sum=1.03
==================================================
Balance: $201.20 | Regime: CHOP | Session: 3W/1L (75%) | PnL: $+6.71
[Cycle] No signal — YES=0.40 is between 0.30 and 0.70, sum=1.03 >= 0.97
[Ticker] KXETH15M-26APR021715-15
[Market] YES=0.25 | NO=0.78 | Sum=1.03
==================================================
Balance: $201.20 | Regime: CHOP | Session: 3W/1L (75%) | PnL: $+6.71
[Signal] DOWN candidate | yes=0.25 | waiting (1/2)
[Cycle] No signal — YES=0.25 is between 0.30 and 0.70, sum=1.03 >= 0.97
[Ticker] KXETH15M-26APR021715-15
[Market] YES=0.25 | NO=0.78 | Sum=1.03
==================================================
Balance: $201.20 | Regime: CHOP | Session: 3W/1L (75%) | PnL: $+6.71
[Timing] Window 5 min old — skipping
[Cycle] No signal — YES=0.25 is between 0.30 and 0.70, sum=1.03 >= 0.97
[Ticker] KXETH15M-26APR021715-15
[Market] YES=0.27 | NO=0.76 | Sum=1.03
==================================================
Balance: $201.20 | Regime: CHOP | Session: 3W/1L (75%) | PnL: $+6.71
[Timing] Window 6 min old — skipping
[Cycle] No signal — YES=0.27 is between 0.30 and 0.70, sum=1.03 >= 0.97
[Ticker] KXETH15M-26APR021715-15
[Market] YES=0.17 | NO=0.84 | Sum=1.01
==================================================
Balance: $201.20 | Regime: CHOP | Session: 3W/1L (75%) | PnL: $+6.71
[Timing] Window 7 min old — skipping
[Cycle] No signal — YES=0.17 is between 0.30 and 0.70, sum=1.01 >= 0.97
[Ticker] KXETH15M-26APR021715-15
[Market] YES=0.07 | NO=0.94 | Sum=1.01
==================================================
Balance: $201.20 | Regime: CHOP | Session: 3W/1L (75%) | PnL: $+6.71
[Timing] Window 8 min old — skipping
[Cycle] No signal — YES=0.07 is between 0.30 and 0.70, sum=1.01 >= 0.97
[Ticker] KXETH15M-26APR021715-15
[Market] YES=0.04 | NO=0.98 | Sum=1.02
==================================================
Balance: $201.20 | Regime: CHOP | Session: 3W/1L (75%) | PnL: $+6.71
[Timing] Window 9 min old — skipping
[Cycle] No signal — YES=0.04 is between 0.30 and 0.70, sum=1.02 >= 0.97
[Ticker] KXETH15M-26APR021715-15
[Market] YES=0.01 | NO=1.00 | Sum=1.00
==================================================
Balance: $201.20 | Regime: CHOP | Session: 3W/1L (75%) | PnL: $+6.71
[Timing] Window 10 min old — skipping
[Cycle] No signal — YES=0.01 is between 0.30 and 0.70, sum=1.00 >= 0.97
[Ticker] KXETH15M-26APR021715-15
[Market] YES=0.00 | NO=1.00 | Sum=1.00
==================================================
Balance: $201.20 | Regime: CHOP | Session: 3W/1L (75%) | PnL: $+6.71
[Timing] Window 11 min old — skipping
[Cycle] No signal — YES=0.00 is between 0.30 and 0.70, sum=1.00 >= 0.97
[Ticker] KXETH15M-26APR021715-15
[Market] YES=0.00 | NO=1.00 | Sum=1.00
==================================================
Balance: $201.20 | Regime: CHOP | Session: 3W/1L (75%) | PnL: $+6.71
[Timing] Window 12 min old — skipping
[Cycle] No signal — YES=0.00 is between 0.30 and 0.70, sum=1.00 >= 0.97
[Ticker] KXETH15M-26APR021715-15
[Market] YES=0.00 | NO=1.00 | Sum=1.00
==================================================
Balance: $201.20 | Regime: CHOP | Session: 3W/1L (75%) | PnL: $+6.71
[Timing] Window 13 min old — skipping
[Cycle] No signal — YES=0.00 is between 0.30 and 0.70, sum=1.00 >= 0.97
[Ticker] KXETH15M-26APR021715-15
[Market] YES=0.00 | NO=1.00 | Sum=1.00
==================================================
Balance: $201.20 | Regime: CHOP | Session: 3W/1L (75%) | PnL: $+6.71
[Timing] Window 14 min old — skipping
[Cycle] No signal — YES=0.00 is between 0.30 and 0.70, sum=1.00 >= 0.97
[Ticker] KXETH15M-26APR021730-30
[Market] YES=0.55 | NO=0.46 | Sum=1.01
==================================================
Balance: $201.20 | Regime: CHOP | Session: 3W/1L (75%) | PnL: $+6.71
[Cycle] No signal — YES=0.55 is between 0.30 and 0.70, sum=1.01 >= 0.97
[Ticker] KXETH15M-26APR021730-30
[Market] YES=0.71 | NO=0.31 | Sum=1.02
==================================================
Balance: $201.20 | Regime: CHOP | Session: 3W/1L (75%) | PnL: $+6.71
[Signal] UP candidate | yes=0.71 | waiting (1/2)
[Cycle] No signal — YES=0.71 is between 0.30 and 0.70, sum=1.02 >= 0.97
[Ticker] KXETH15M-26APR021730-30
[Market] YES=0.74 | NO=0.27 | Sum=1.01
==================================================
Balance: $201.20 | Regime: CHOP | Session: 3W/1L (75%) | PnL: $+6.71
[Coinbase] Confirms UP | $2060 gap=+2 (0.08%)
[Kraken] Divergence 3144.00% — bet trimmed
[Correlation] 2/3 agree UP
[Signal] CONFIRMED UP | yes=0.74 | edge=0.24 | bet=$4.32
[Order] KXETH15M-26APR021730-30 | yes | count=8 | $4.32
✅ BTC DIRECTIONAL: UP $4.32 on KXETH15M-26APR021730-30
[Positions] 1 still open
[Ticker] KXETH15M-26APR021730-30
[Market] YES=0.83 | NO=0.18 | Sum=1.01
==================================================
Balance: $200.77 | Regime: CHOP | Session: 3W/1L (75%) | PnL: $+6.71
[Signal] UP candidate | yes=0.83 | waiting (1/2)
[Cycle] No signal — YES=0.83 is between 0.30 and 0.70, sum=1.01 >= 0.97
[Positions] 1 still open
[Ticker] KXETH15M-26APR021730-30
[Market] YES=0.84 | NO=0.18 | Sum=1.02
==================================================
Balance: $203.02 | Regime: CHOP | Session: 3W/1L (75%) | PnL: $+6.71
[Coinbase] Confirms UP | $2062 gap=+4 (0.17%)
[Kraken] Divergence 3142.95% — bet trimmed
[Correlation] 2/3 agree UP
[Signal] CONFIRMED UP | yes=0.84 | edge=0.34 | bet=$6.12
[Order] Already have UP on KXETH15M-26APR021730-30 — skipping
[Cycle] No signal — YES=0.84 is between 0.30 and 0.70, sum=1.02 >= 0.97
[Positions] 1 still open
[Ticker] KXETH15M-26APR021730-30
[Market] YES=0.91 | NO=0.12 | Sum=1.03
==================================================
Balance: $204.33 | Regime: CHOP | Session: 3W/1L (75%) | PnL: $+6.71
[Timing] Window 5 min old — skipping
[Cycle] No signal — YES=0.91 is between 0.30 and 0.70, sum=1.03 >= 0.97
[Positions] 1 still open
[Ticker] KXETH15M-26APR021730-30
[Market] YES=0.96 | NO=0.06 | Sum=1.01
==================================================
Balance: $205.28 | Regime: CHOP | Session: 3W/1L (75%) | PnL: $+6.71
[Timing] Window 6 min old — skipping
[Cycle] No signal — YES=0.96 is between 0.30 and 0.70, sum=1.01 >= 0.97
[Positions] 1 still open
[Ticker] KXETH15M-26APR021730-30
[Market] YES=0.95 | NO=0.08 | Sum=1.03
==================================================
Balance: $204.98 | Regime: CHOP | Session: 3W/1L (75%) | PnL: $+6.71
[Timing] Window 7 min old — skipping
[Cycle] No signal — YES=0.95 is between 0.30 and 0.70, sum=1.03 >= 0.97
[Positions] 1 still open
[Ticker] KXETH15M-26APR021730-30
[Market] YES=0.86 | NO=0.15 | Sum=1.01
==================================================
Balance: $203.82 | Regime: CHOP | Session: 3W/1L (75%) | PnL: $+6.71
[Timing] Window 8 min old — skipping
[Cycle] No signal — YES=0.86 is between 0.30 and 0.70, sum=1.01 >= 0.97
[Positions] 1 still open
[Ticker] KXETH15M-26APR021730-30
[Market] YES=0.51 | NO=0.51 | Sum=1.02
==================================================
Balance: $199.51 | Regime: CHOP | Session: 3W/1L (75%) | PnL: $+6.71
[Cycle] No signal — YES=0.51 is between 0.30 and 0.70, sum=1.02 >= 0.97
[Positions] 1 still open
[Ticker] KXETH15M-26APR021730-30
[Market] YES=0.50 | NO=0.53 | Sum=1.03
==================================================
Balance: $199.11 | Regime: CHOP | Session: 3W/1L (75%) | PnL: $+6.71
[Cycle] No signal — YES=0.50 is between 0.30 and 0.70, sum=1.03 >= 0.97
[Positions] 1 still open
[Ticker] KXETH15M-26APR021730-30
[Market] YES=0.76 | NO=0.27 | Sum=1.03
==================================================
Balance: $203.52 | Regime: CHOP | Session: 3W/1L (75%) | PnL: $+6.71
[Timing] Window 11 min old — skipping
[Cycle] No signal — YES=0.76 is between 0.30 and 0.70, sum=1.03 >= 0.97
[Positions] 1 still open
[Ticker] KXETH15M-26APR021730-30
[Market] YES=0.87 | NO=0.15 | Sum=1.02
==================================================
Balance: $204.50 | Regime: CHOP | Session: 3W/1L (75%) | PnL: $+6.71
[Timing] Window 12 min old — skipping
[Cycle] No signal — YES=0.87 is between 0.30 and 0.70, sum=1.02 >= 0.97
[Positions] 1 still open
[Ticker] KXETH15M-26APR021730-30
[Market] YES=1.00 | NO=0.01 | Sum=1.00
==================================================
Balance: $206.60 | Regime: CHOP | Session: 3W/1L (75%) | PnL: $+6.71
[Timing] Window 13 min old — skipping
[Cycle] No signal — YES=1.00 is between 0.30 and 0.70, sum=1.00 >= 0.97
[Positions] 1 still open
[Ticker] KXETH15M-26APR021730-30
[Market] YES=1.00 | NO=0.00 | Sum=1.00
==================================================
Balance: $206.87 | Regime: CHOP | Session: 3W/1L (75%) | PnL: $+6.71
[Timing] Window 14 min old — skipping
[Cycle] No signal — YES=1.00 is between 0.30 and 0.70, sum=1.00 >= 0.97
[Positions] 1 still open
[Ticker] KXETH15M-26APR021745-45
[Market] YES=0.60 | NO=0.44 | Sum=1.04
==================================================
Balance: $206.92 | Regime: CHOP | Session: 3W/1L (75%) | PnL: $+6.71
[Cycle] No signal — YES=0.60 is between 0.30 and 0.70, sum=1.04 >= 0.97
[Positions] 1 still open
[Ticker] KXETH15M-26APR021745-45
[Market] YES=0.53 | NO=0.50 | Sum=1.03
==================================================
Balance: $206.92 | Regime: CHOP | Session: 3W/1L (75%) | PnL: $+6.71
[Cycle] No signal — YES=0.53 is between 0.30 and 0.70, sum=1.03 >= 0.97
[Positions] 1 still open
[Ticker] KXETH15M-26APR021745-45
[Market] YES=0.61 | NO=0.41 | Sum=1.02
==================================================
Balance: $206.92 | Regime: CHOP | Session: 3W/1L (75%) | PnL: $+6.71
[Cycle] No signal — YES=0.61 is between 0.30 and 0.70, sum=1.02 >= 0.97
[Positions] 1 still open
[Ticker] KXETH15M-26APR021745-45
[Market] YES=0.59 | NO=0.43 | Sum=1.02
==================================================
Balance: $206.92 | Regime: CHOP | Session: 3W/1L (75%) | PnL: $+6.71
[Cycle] No signal — YES=0.59 is between 0.30 and 0.70, sum=1.02 >= 0.97
[Positions] 1 still open
[Ticker] KXETH15M-26APR021745-45
[Market] YES=0.49 | NO=0.53 | Sum=1.02
==================================================
Balance: $206.92 | Regime: CHOP | Session: 3W/1L (75%) | PnL: $+6.71
[Cycle] No signal — YES=0.49 is between 0.30 and 0.70, sum=1.02 >= 0.97
[Settled] WIN: UP $4.32 on KXETH15M-26APR021730-30 | pnl=$+3.68 | 4W/1L (80%)
[Ticker] KXETH15M-26APR021745-45
[Market] YES=0.42 | NO=0.59 | Sum=1.01
==================================================
Balance: $206.92 | Regime: CHOP | Session: 4W/1L (80%) | PnL: $+10.39
[Cycle] No signal — YES=0.42 is between 0.30 and 0.70, sum=1.01 >= 0.97
[Ticker] KXETH15M-26APR021745-45
[Market] YES=0.67 | NO=0.37 | Sum=1.04
==================================================
Balance: $206.92 | Regime: CHOP | Session: 4W/1L (80%) | PnL: $+10.39
[Cycle] No signal — YES=0.67 is between 0.30 and 0.70, sum=1.04 >= 0.97
[Ticker] KXETH15M-26APR021745-45
[Market] YES=0.59 | NO=0.43 | Sum=1.02
==================================================
Balance: $206.92 | Regime: CHOP | Session: 4W/1L (80%) | PnL: $+10.39
[Cycle] No signal — YES=0.59 is between 0.30 and 0.70, sum=1.02 >= 0.97
[Ticker] KXETH15M-26APR021745-45
[Market] YES=0.53 | NO=0.50 | Sum=1.03
==================================================
Balance: $206.92 | Regime: CHOP | Session: 4W/1L (80%) | PnL: $+10.39
[Cycle] No signal — YES=0.53 is between 0.30 and 0.70, sum=1.03 >= 0.97
[Ticker] KXETH15M-26APR021745-45
[Market] YES=0.52 | NO=0.50 | Sum=1.02
==================================================
Balance: $206.92 | Regime: CHOP | Session: 4W/1L (80%) | PnL: $+10.39
[Cycle] No signal — YES=0.52 is between 0.30 and 0.70, sum=1.02 >= 0.97
[Ticker] KXETH15M-26APR021745-45
[Market] YES=0.40 | NO=0.63 | Sum=1.03
==================================================
Balance: $206.92 | Regime: CHOP | Session: 4W/1L (80%) | PnL: $+10.39
[Cycle] No signal — YES=0.40 is between 0.30 and 0.70, sum=1.03 >= 0.97
[Ticker] KXETH15M-26APR021745-45
[Market] YES=0.32 | NO=0.71 | Sum=1.03
==================================================
Balance: $206.92 | Regime: CHOP | Session: 4W/1L (80%) | PnL: $+10.39
[Cycle] No signal — YES=0.32 is between 0.30 and 0.70, sum=1.03 >= 0.97
[Ticker] KXETH15M-26APR021745-45
[Market] YES=0.10 | NO=0.95 | Sum=1.04
==================================================
Balance: $206.92 | Regime: CHOP | Session: 4W/1L (80%) | PnL: $+10.39
[Timing] Window 12 min old — skipping
[Cycle] No signal — YES=0.10 is between 0.30 and 0.70, sum=1.04 >= 0.97
[Ticker] KXETH15M-26APR021745-45
[Market] YES=0.03 | NO=0.99 | Sum=1.02
==================================================
Balance: $206.92 | Regime: CHOP | Session: 4W/1L (80%) | PnL: $+10.39
[Timing] Window 13 min old — skipping
[Cycle] No signal — YES=0.03 is between 0.30 and 0.70, sum=1.02 >= 0.97
[Ticker] KXETH15M-26APR021745-45
[Market] YES=0.00 | NO=1.00 | Sum=1.00
==================================================
Balance: $206.92 | Regime: CHOP | Session: 4W/1L (80%) | PnL: $+10.39
[Timing] Window 14 min old — skipping
[Cycle] No signal — YES=0.00 is between 0.30 and 0.70, sum=1.00 >= 0.97
[Ticker] KXETH15M-26APR021800-00
[Market] YES=0.49 | NO=0.54 | Sum=1.03
==================================================
Balance: $206.92 | Regime: CHOP | Session: 4W/1L (80%) | PnL: $+10.39
[Cycle] No signal — YES=0.49 is between 0.30 and 0.70, sum=1.03 >= 0.97
[Ticker] KXETH15M-26APR021800-00
[Market] YES=0.49 | NO=0.53 | Sum=1.02
==================================================
Balance: $206.92 | Regime: CHOP | Session: 4W/1L (80%) | PnL: $+10.39
[Cycle] No signal — YES=0.49 is between 0.30 and 0.70, sum=1.02 >= 0.97
[Ticker] KXETH15M-26APR021800-00
[Market] YES=0.63 | NO=0.38 | Sum=1.01
==================================================
Balance: $206.92 | Regime: CHOP | Session: 4W/1L (80%) | PnL: $+10.39
[Cycle] No signal — YES=0.63 is between 0.30 and 0.70, sum=1.01 >= 0.97
[Ticker] KXETH15M-26APR021800-00
[Market] YES=0.68 | NO=0.34 | Sum=1.02
==================================================
Balance: $206.40 | Regime: CHOP | Session: 4W/1L (80%) | PnL: $+10.39
[Cycle] No signal — YES=0.68 is between 0.30 and 0.70, sum=1.02 >= 0.97
[Ticker] KXETH15M-26APR021800-00
[Market] YES=0.46 | NO=0.55 | Sum=1.01
==================================================
Balance: $205.84 | Regime: CHOP | Session: 4W/1L (80%) | PnL: $+10.39
[Cycle] No signal — YES=0.46 is between 0.30 and 0.70, sum=1.01 >= 0.97
[Ticker] KXETH15M-26APR021800-00
[Market] YES=0.64 | NO=0.37 | Sum=1.01
==================================================
Balance: $207.25 | Regime: CHOP | Session: 4W/1L (80%) | PnL: $+10.39
[Cycle] No signal — YES=0.64 is between 0.30 and 0.70, sum=1.01 >= 0.97
[Ticker] KXETH15M-26APR021800-00
[Market] YES=0.72 | NO=0.30 | Sum=1.02
==================================================
Balance: $207.62 | Regime: CHOP | Session: 4W/1L (80%) | PnL: $+10.39
[Timing] Window 6 min old — skipping
[Cycle] No signal — YES=0.72 is between 0.30 and 0.70, sum=1.02 >= 0.97
[Ticker] KXETH15M-26APR021800-00
[Market] YES=0.86 | NO=0.16 | Sum=1.02
==================================================
Balance: $207.65 | Regime: CHOP | Session: 4W/1L (80%) | PnL: $+10.39
[Timing] Window 7 min old — skipping
[Cycle] No signal — YES=0.86 is between 0.30 and 0.70, sum=1.02 >= 0.97
[Ticker] KXETH15M-26APR021800-00
[Market] YES=0.93 | NO=0.11 | Sum=1.04
==================================================
Balance: $209.60 | Regime: CHOP | Session: 4W/1L (80%) | PnL: $+10.39
[Timing] Window 8 min old — skipping
[Cycle] No signal — YES=0.93 is between 0.30 and 0.70, sum=1.04 >= 0.97
[Ticker] KXETH15M-26APR021800-00
[Market] YES=0.94 | NO=0.07 | Sum=1.01
==================================================
Balance: $210.05 | Regime: CHOP | Session: 4W/1L (80%) | PnL: $+10.39
[Timing] Window 9 min old — skipping
[Cycle] No signal — YES=0.94 is between 0.30 and 0.70, sum=1.01 >= 0.97
[Ticker] KXETH15M-26APR021800-00
[Market] YES=0.96 | NO=0.06 | Sum=1.02
==================================================
Balance: $209.85 | Regime: CHOP | Session: 4W/1L (80%) | PnL: $+10.39
[Timing] Window 10 min old — skipping
[Cycle] No signal — YES=0.96 is between 0.30 and 0.70, sum=1.02 >= 0.97
[Ticker] KXETH15M-26APR021800-00
[Market] YES=1.00 | NO=0.01 | Sum=1.00
==================================================
Balance: $210.43 | Regime: CHOP | Session: 4W/1L (80%) | PnL: $+10.39
[Timing] Window 11 min old — skipping
[Cycle] No signal — YES=1.00 is between 0.30 and 0.70, sum=1.00 >= 0.97
[Ticker] KXETH15M-26APR021800-00
[Market] YES=1.00 | NO=0.01 | Sum=1.00
==================================================
Balance: $210.52 | Regime: CHOP | Session: 4W/1L (80%) | PnL: $+10.39
[Timing] Window 12 min old — skipping
[Cycle] No signal — YES=1.00 is between 0.30 and 0.70, sum=1.00 >= 0.97
[Ticker] KXETH15M-26APR021800-00
[Market] YES=1.00 | NO=0.00 | Sum=1.00
==================================================
Balance: $210.53 | Regime: CHOP | Session: 4W/1L (80%) | PnL: $+10.39
[Timing] Window 13 min old — skipping
[Cycle] No signal — YES=1.00 is between 0.30 and 0.70, sum=1.00 >= 0.97
[Ticker] KXETH15M-26APR021800-00
[Market] YES=1.00 | NO=0.00 | Sum=1.00
==================================================
Balance: $210.53 | Regime: CHOP | Session: 4W/1L (80%) | PnL: $+10.39
[Timing] Window 14 min old — skipping
[Cycle] No signal — YES=1.00 is between 0.30 and 0.70, sum=1.00 >= 0.97
[Ticker] KXETH15M-26APR021815-15
[Market] YES=0.29 | NO=0.72 | Sum=1.01
==================================================
Balance: $210.55 | Regime: CHOP | Session: 4W/1L (80%) | PnL: $+10.39
[Timing] Window 0 min old — skipping
[Cycle] No signal — YES=0.29 is between 0.30 and 0.70, sum=1.01 >= 0.97
[Ticker] KXETH15M-26APR021815-15
[Market] YES=0.35 | NO=0.67 | Sum=1.02
==================================================
Balance: $210.55 | Regime: CHOP | Session: 4W/1L (80%) | PnL: $+10.39
[Cycle] No signal — YES=0.35 is between 0.30 and 0.70, sum=1.02 >= 0.97
[Ticker] KXETH15M-26APR021815-15
[Market] YES=0.42 | NO=0.60 | Sum=1.02
==================================================
Balance: $210.55 | Regime: CHOP | Session: 4W/1L (80%) | PnL: $+10.39
[Cycle] No signal — YES=0.42 is between 0.30 and 0.70, sum=1.02 >= 0.97
[Ticker] KXETH15M-26APR021815-15
[Market] YES=0.60 | NO=0.43 | Sum=1.03
==================================================
Balance: $210.55 | Regime: CHOP | Session: 4W/1L (80%) | PnL: $+10.39
[Cycle] No signal — YES=0.60 is between 0.30 and 0.70, sum=1.03 >= 0.97
[Ticker] KXETH15M-26APR021815-15
[Market] YES=0.75 | NO=0.27 | Sum=1.02
==================================================
Balance: $210.38 | Regime: CHOP | Session: 4W/1L (80%) | PnL: $+10.39
[Signal] UP candidate | yes=0.75 | waiting (1/2)
[Cycle] No signal — YES=0.75 is between 0.30 and 0.70, sum=1.02 >= 0.97
[Ticker] KXETH15M-26APR021815-15
[Market] YES=0.71 | NO=0.30 | Sum=1.01
==================================================
Balance: $210.54 | Regime: CHOP | Session: 4W/1L (80%) | PnL: $+10.39
[Timing] Window 5 min old — skipping
[Cycle] No signal — YES=0.71 is between 0.30 and 0.70, sum=1.01 >= 0.97
[Ticker] KXETH15M-26APR021815-15
[Market] YES=0.68 | NO=0.35 | Sum=1.03
==================================================
Balance: $210.62 | Regime: CHOP | Session: 4W/1L (80%) | PnL: $+10.39
[Cycle] No signal — YES=0.68 is between 0.30 and 0.70, sum=1.03 >= 0.97
[Ticker] KXETH15M-26APR021815-15
[Market] YES=0.60 | NO=0.41 | Sum=1.01
==================================================
Balance: $209.50 | Regime: CHOP | Session: 4W/1L (80%) | PnL: $+10.39
[Cycle] No signal — YES=0.60 is between 0.30 and 0.70, sum=1.01 >= 0.97
[Ticker] KXETH15M-26APR021815-15
[Market] YES=0.66 | NO=0.36 | Sum=1.02
==================================================
Balance: $209.22 | Regime: CHOP | Session: 4W/1L (80%) | PnL: $+10.39
[Cycle] No signal — YES=0.66 is between 0.30 and 0.70, sum=1.02 >= 0.97
[Ticker] KXETH15M-26APR021815-15
[Market] YES=0.69 | NO=0.33 | Sum=1.02
==================================================
Balance: $209.62 | Regime: CHOP | Session: 4W/1L (80%) | PnL: $+10.39
[Cycle] No signal — YES=0.69 is between 0.30 and 0.70, sum=1.02 >= 0.97
[Ticker] KXETH15M-26APR021815-15
[Market] YES=0.50 | NO=0.52 | Sum=1.02
==================================================
Balance: $208.34 | Regime: CHOP | Session: 4W/1L (80%) | PnL: $+10.39
[Cycle] No signal — YES=0.50 is between 0.30 and 0.70, sum=1.02 >= 0.97
[Ticker] KXETH15M-26APR021815-15
[Market] YES=0.62 | NO=0.44 | Sum=1.06
==================================================
Balance: $209.98 | Regime: CHOP | Session: 4W/1L (80%) | PnL: $+10.39
[Cycle] No signal — YES=0.62 is between 0.30 and 0.70, sum=1.06 >= 0.97
[Ticker] KXETH15M-26APR021815-15
[Market] YES=0.54 | NO=0.54 | Sum=1.08
==================================================
Balance: $209.90 | Regime: CHOP | Session: 4W/1L (80%) | PnL: $+10.39
[Cycle] No signal — YES=0.54 is between 0.30 and 0.70, sum=1.08 >= 0.97
[Ticker] KXETH15M-26APR021815-15
[Market] YES=0.13 | NO=0.93 | Sum=1.06
==================================================
Balance: $207.45 | Regime: CHOP | Session: 4W/1L (80%) | PnL: $+10.39
[Timing] Window 13 min old — skipping
[Cycle] No signal — YES=0.13 is between 0.30 and 0.70, sum=1.06 >= 0.97
[Ticker] KXETH15M-26APR021815-15
[Market] YES=0.01 | NO=1.00 | Sum=1.01
==================================================
Balance: $207.22 | Regime: CHOP | Session: 4W/1L (80%) | PnL: $+10.39
[Timing] Window 14 min old — skipping
[Cycle] No signal — YES=0.01 is between 0.30 and 0.70, sum=1.01 >= 0.97
[Ticker] KXETH15M-26APR021830-30
[Market] YES=0.63 | NO=0.40 | Sum=1.03
==================================================
Balance: $207.22 | Regime: CHOP | Session: 4W/1L (80%) | PnL: $+10.39
[Cycle] No signal — YES=0.63 is between 0.30 and 0.70, sum=1.03 >= 0.97
[Ticker] KXETH15M-26APR021830-30
[Market] YES=0.70 | NO=0.32 | Sum=1.02
==================================================
Balance: $207.22 | Regime: CHOP | Session: 4W/1L (80%) | PnL: $+10.39
[Cycle] No signal — YES=0.70 is between 0.30 and 0.70, sum=1.02 >= 0.97
[Ticker] KXETH15M-26APR021830-30
[Market] YES=0.63 | NO=0.40 | Sum=1.03
==================================================
Balance: $206.93 | Regime: CHOP | Session: 4W/1L (80%) | PnL: $+10.39
[Cycle] No signal — YES=0.63 is between 0.30 and 0.70, sum=1.03 >= 0.97
[Ticker] KXETH15M-26APR021830-30
[Market] YES=0.71 | NO=0.31 | Sum=1.02
==================================================
Balance: $207.29 | Regime: CHOP | Session: 4W/1L (80%) | PnL: $+10.39
[Signal] UP candidate | yes=0.71 | waiting (1/2)
[Cycle] No signal — YES=0.71 is between 0.30 and 0.70, sum=1.02 >= 0.97
[Ticker] KXETH15M-26APR021830-30
[Market] YES=0.66 | NO=0.36 | Sum=1.02
==================================================
Balance: $207.21 | Regime: CHOP | Session: 4W/1L (80%) | PnL: $+10.39
[Cycle] No signal — YES=0.66 is between 0.30 and 0.70, sum=1.02 >= 0.97
[Ticker] KXETH15M-26APR021830-30
[Market] YES=0.61 | NO=0.41 | Sum=1.02
==================================================
Balance: $207.66 | Regime: CHOP | Session: 4W/1L (80%) | PnL: $+10.39
[Cycle] No signal — YES=0.61 is between 0.30 and 0.70, sum=1.02 >= 0.97
[Ticker] KXETH15M-26APR021830-30
[Market] YES=0.45 | NO=0.58 | Sum=1.03
==================================================
Balance: $207.37 | Regime: CHOP | Session: 4W/1L (80%) | PnL: $+10.39
[Cycle] No signal — YES=0.45 is between 0.30 and 0.70, sum=1.03 >= 0.97
[Ticker] KXETH15M-26APR021830-30
[Market] YES=0.38 | NO=0.65 | Sum=1.03
==================================================
Balance: $207.41 | Regime: CHOP | Session: 4W/1L (80%) | PnL: $+10.39
[Cycle] No signal — YES=0.38 is between 0.30 and 0.70, sum=1.03 >= 0.97
[Ticker] KXETH15M-26APR021830-30
[Market] YES=0.17 | NO=0.85 | Sum=1.02
==================================================
Balance: $207.09 | Regime: CHOP | Session: 4W/1L (80%) | PnL: $+10.39
[Timing] Window 8 min old — skipping
[Cycle] No signal — YES=0.17 is between 0.30 and 0.70, sum=1.02 >= 0.97
[Ticker] KXETH15M-26APR021830-30
[Market] YES=0.08 | NO=0.94 | Sum=1.02
==================================================
Balance: $206.69 | Regime: CHOP | Session: 4W/1L (80%) | PnL: $+10.39
[Timing] Window 9 min old — skipping
[Cycle] No signal — YES=0.08 is between 0.30 and 0.70, sum=1.02 >= 0.97
[Ticker] KXETH15M-26APR021830-30
[Market] YES=0.03 | NO=0.98 | Sum=1.01
==================================================
Balance: $205.17 | Regime: CHOP | Session: 4W/1L (80%) | PnL: $+10.39
[Timing] Window 10 min old — skipping
[Cycle] No signal — YES=0.03 is between 0.30 and 0.70, sum=1.01 >= 0.97
[Ticker] KXETH15M-26APR021830-30
[Market] YES=0.01 | NO=0.99 | Sum=1.00
==================================================
Balance: $204.85 | Regime: CHOP | Session: 4W/1L (80%) | PnL: $+10.39
[Timing] Window 11 min old — skipping
[Cycle] No signal — YES=0.01 is between 0.30 and 0.70, sum=1.00 >= 0.97
[Ticker] KXETH15M-26APR021830-30
[Market] YES=0.01 | NO=1.00 | Sum=1.01
==================================================
Balance: $205.45 | Regime: CHOP | Session: 4W/1L (80%) | PnL: $+10.39
[Timing] Window 12 min old — skipping
[Cycle] No signal — YES=0.01 is between 0.30 and 0.70, sum=1.01 >= 0.97
[Ticker] KXETH15M-26APR021830-30
[Market] YES=0.00 | NO=1.00 | Sum=1.00
==================================================
Balance: $207.49 | Regime: CHOP | Session: 4W/1L (80%) | PnL: $+10.39
[Timing] Window 13 min old — skipping
[Cycle] No signal — YES=0.00 is between 0.30 and 0.70, sum=1.00 >= 0.97
[Ticker] KXETH15M-26APR021830-30
[Market] YES=0.01 | NO=1.00 | Sum=1.01
==================================================
Balance: $204.01 | Regime: CHOP | Session: 4W/1L (80%) | PnL: $+10.39
[Timing] Window 14 min old — skipping
[Cycle] No signal — YES=0.01 is between 0.30 and 0.70, sum=1.01 >= 0.97
[Ticker] KXETH15M-26APR021845-45
[Market] YES=0.69 | NO=0.35 | Sum=1.04
==================================================
Balance: $204.01 | Regime: CHOP | Session: 4W/1L (80%) | PnL: $+10.39
[Cycle] No signal — YES=0.69 is between 0.30 and 0.70, sum=1.04 >= 0.97
[Ticker] KXETH15M-26APR021845-45
[Market] YES=0.71 | NO=0.32 | Sum=1.03
==================================================
Balance: $204.01 | Regime: CHOP | Session: 4W/1L (80%) | PnL: $+10.39
[Signal] UP candidate | yes=0.71 | waiting (1/2)
[Cycle] No signal — YES=0.71 is between 0.30 and 0.70, sum=1.03 >= 0.97
[Ticker] KXETH15M-26APR021845-45
[Market] YES=0.74 | NO=0.29 | Sum=1.03
==================================================
Balance: $204.00 | Regime: CHOP | Session: 4W/1L (80%) | PnL: $+10.39
[Coinbase] Confirms UP | $2059 gap=+3 (0.13%)
[Kraken] Divergence 3150.74% — bet trimmed
[Correlation] 2/3 agree UP
[Signal] CONFIRMED UP | yes=0.74 | edge=0.24 | bet=$1.80
[Order] KXETH15M-26APR021845-45 | yes | count=4 | $2.00
✅ BTC DIRECTIONAL: UP $2.00 on KXETH15M-26APR021845-45
[Positions] 1 still open
[Ticker] KXETH15M-26APR021845-45
[Market] YES=0.81 | NO=0.23 | Sum=1.04
==================================================
Balance: $204.45 | Regime: CHOP | Session: 4W/1L (80%) | PnL: $+10.39
[Signal] UP candidate | yes=0.81 | waiting (1/2)
[Cycle] No signal — YES=0.81 is between 0.30 and 0.70, sum=1.04 >= 0.97
[Positions] 1 still open
[Ticker] KXETH15M-26APR021845-45
[Market] YES=0.78 | NO=0.23 | Sum=1.01
==================================================
Balance: $203.97 | Regime: CHOP | Session: 4W/1L (80%) | PnL: $+10.39
[Coinbase] Confirms UP | $2059 gap=+2 (0.12%)
[Kraken] Divergence 3150.73% — bet trimmed
[Correlation] Markets diverging — bet trimmed
[Signal] CONFIRMED UP | yes=0.78 | edge=0.28 | bet=$1.62
[Order] Already have UP on KXETH15M-26APR021845-45 — skipping
[Cycle] No signal — YES=0.78 is between 0.30 and 0.70, sum=1.01 >= 0.97
[Positions] 1 still open
[Ticker] KXETH15M-26APR021845-45
[Market] YES=0.81 | NO=0.21 | Sum=1.02
==================================================
Balance: $203.45 | Regime: CHOP | Session: 4W/1L (80%) | PnL: $+10.39
[Timing] Window 5 min old — skipping
[Cycle] No signal — YES=0.81 is between 0.30 and 0.70, sum=1.02 >= 0.97
[Positions] 1 still open
[Ticker] KXETH15M-26APR021845-45
[Market] YES=0.83 | NO=0.20 | Sum=1.03
==================================================
Balance: $204.53 | Regime: CHOP | Session: 4W/1L (80%) | PnL: $+10.39
[Timing] Window 6 min old — skipping
[Cycle] No signal — YES=0.83 is between 0.30 and 0.70, sum=1.03 >= 0.97
[Positions] 1 still open
[Ticker] KXETH15M-26APR021845-45
[Market] YES=0.73 | NO=0.29 | Sum=1.02
==================================================
Balance: $204.05 | Regime: CHOP | Session: 4W/1L (80%) | PnL: $+10.39
[Timing] Window 7 min old — skipping
[Cycle] No signal — YES=0.73 is between 0.30 and 0.70, sum=1.02 >= 0.97
[Positions] 1 still open
[Ticker] KXETH15M-26APR021845-45
[Market] YES=0.87 | NO=0.15 | Sum=1.02
==================================================
Balance: $205.47 | Regime: CHOP | Session: 4W/1L (80%) | PnL: $+10.39
[Timing] Window 8 min old — skipping
[Cycle] No signal — YES=0.87 is between 0.30 and 0.70, sum=1.02 >= 0.97
[Positions] 1 still open
[Ticker] KXETH15M-26APR021845-45
[Market] YES=0.95 | NO=0.07 | Sum=1.02
==================================================
Balance: $205.95 | Regime: CHOP | Session: 4W/1L (80%) | PnL: $+10.39
[Timing] Window 9 min old — skipping
[Cycle] No signal — YES=0.95 is between 0.30 and 0.70, sum=1.02 >= 0.97
[Positions] 1 still open
[Ticker] KXETH15M-26APR021845-45
[Market] YES=0.97 | NO=0.04 | Sum=1.00
==================================================
Balance: $206.28 | Regime: CHOP | Session: 4W/1L (80%) | PnL: $+10.39
[Timing] Window 10 min old — skipping
[Cycle] No signal — YES=0.97 is between 0.30 and 0.70, sum=1.00 >= 0.97
[Positions] 1 still open
[Ticker] KXETH15M-26APR021845-45
[Market] YES=0.99 | NO=0.02 | Sum=1.01
==================================================
Balance: $206.31 | Regime: CHOP | Session: 4W/1L (80%) | PnL: $+10.39
[Timing] Window 11 min old — skipping
[Cycle] No signal — YES=0.99 is between 0.30 and 0.70, sum=1.01 >= 0.97
[Positions] 1 still open
[Ticker] KXETH15M-26APR021845-45
[Market] YES=1.00 | NO=0.01 | Sum=1.00
==================================================
Balance: $206.54 | Regime: CHOP | Session: 4W/1L (80%) | PnL: $+10.39
[Timing] Window 12 min old — skipping
[Cycle] No signal — YES=1.00 is between 0.30 and 0.70, sum=1.00 >= 0.97
[Positions] 1 still open
[Ticker] KXETH15M-26APR021845-45
[Market] YES=1.00 | NO=0.00 | Sum=1.00
==================================================
Balance: $206.58 | Regime: CHOP | Session: 4W/1L (80%) | PnL: $+10.39
[Timing] Window 13 min old — skipping
[Cycle] No signal — YES=1.00 is between 0.30 and 0.70, sum=1.00 >= 0.97
[Positions] 1 still open
[Ticker] KXETH15M-26APR021845-45
[Market] YES=1.00 | NO=0.00 | Sum=1.00
==================================================
Balance: $206.59 | Regime: CHOP | Session: 4W/1L (80%) | PnL: $+10.39
[Timing] Window 14 min old — skipping
[Cycle] No signal — YES=1.00 is between 0.30 and 0.70, sum=1.00 >= 0.97
[Positions] 1 still open
[Ticker] KXETH15M-26APR021900-00
[Market] YES=0.28 | NO=0.73 | Sum=1.01
==================================================
Balance: $206.61 | Regime: CHOP | Session: 4W/1L (80%) | PnL: $+10.39
[Timing] Window 0 min old — skipping
[Cycle] No signal — YES=0.28 is between 0.30 and 0.70, sum=1.01 >= 0.97
[Positions] 1 still open
[Ticker] KXETH15M-26APR021900-00
[Market] YES=0.17 | NO=0.84 | Sum=1.01
==================================================
Balance: $206.61 | Regime: CHOP | Session: 4W/1L (80%) | PnL: $+10.39
[Signal] EXTREME DOWN | yes=0.17 | edge=0.33 | firing immediately
[Coinbase] Confirms DOWN | $2059 gap=-3 (0.13%)
[Kraken] Divergence 3150.37% — bet trimmed
[Correlation] All 3 agree — bet boosted
[Signal] CONFIRMED DOWN | yes=0.17 | edge=0.33 | bet=$2.16
[Order] KXETH15M-26APR021900-00 | no | count=4 | $2.16
✅ BTC DIRECTIONAL: DOWN $2.16 on KXETH15M-26APR021900-00
[Positions] 2 still open
[Ticker] KXETH15M-26APR021900-00
[Market] YES=0.15 | NO=0.86 | Sum=1.01
==================================================
Balance: $206.72 | Regime: CHOP | Session: 4W/1L (80%) | PnL: $+10.39
[Signal] DOWN candidate | yes=0.15 | waiting (1/2)
[Cycle] No signal — YES=0.15 is between 0.30 and 0.70, sum=1.01 >= 0.97
[Positions] 2 still open
[Ticker] KXETH15M-26APR021900-00
[Market] YES=0.16 | NO=0.85 | Sum=1.01
==================================================
Balance: $206.19 | Regime: CHOP | Session: 4W/1L (80%) | PnL: $+10.39
[Coinbase] Confirms DOWN | $2059 gap=-2 (0.10%)
[Kraken] Divergence 3150.06% — bet trimmed
[Correlation] All 3 agree — bet boosted
[Signal] CONFIRMED DOWN | yes=0.16 | edge=0.34 | bet=$2.16
[Order] Already have DOWN on KXETH15M-26APR021900-00 — skipping
[Cycle] No signal — YES=0.16 is between 0.30 and 0.70, sum=1.01 >= 0.97
[Settled] WIN: UP $2.00 on KXETH15M-26APR021845-45 | pnl=$+2.00 | 5W/1L (83%)
[Positions] 1 still open
[Ticker] KXETH15M-26APR021900-00
[Market] YES=0.34 | NO=0.69 | Sum=1.03
==================================================
Balance: $204.39 | Regime: CHOP | Session: 5W/1L (83%) | PnL: $+12.39
[Cycle] No signal — YES=0.34 is between 0.30 and 0.70, sum=1.03 >= 0.97
[Positions] 1 still open
[Ticker] KXETH15M-26APR021900-00
[Market] YES=0.26 | NO=0.76 | Sum=1.02
==================================================
Balance: $205.11 | Regime: CHOP | Session: 5W/1L (83%) | PnL: $+12.39
[Timing] Window 5 min old — skipping
[Cycle] No signal — YES=0.26 is between 0.30 and 0.70, sum=1.02 >= 0.97
[Positions] 1 still open
[Ticker] KXETH15M-26APR021900-00
[Market] YES=0.41 | NO=0.62 | Sum=1.03
==================================================
Balance: $203.23 | Regime: CHOP | Session: 5W/1L (83%) | PnL: $+12.39
[Cycle] No signal — YES=0.41 is between 0.30 and 0.70, sum=1.03 >= 0.97
[Positions] 1 still open
[Ticker] KXETH15M-26APR021900-00
[Market] YES=0.23 | NO=0.79 | Sum=1.02
==================================================
Balance: $204.47 | Regime: CHOP | Session: 5W/1L (83%) | PnL: $+12.39
[Timing] Window 7 min old — skipping
[Cycle] No signal — YES=0.23 is between 0.30 and 0.70, sum=1.02 >= 0.97
[Positions] 1 still open
[Ticker] KXETH15M-26APR021900-00
[Market] YES=0.22 | NO=0.82 | Sum=1.04
==================================================
Balance: $205.23 | Regime: CHOP | Session: 5W/1L (83%) | PnL: $+12.39
[Timing] Window 8 min old — skipping
[Cycle] No signal — YES=0.22 is between 0.30 and 0.70, sum=1.04 >= 0.97
[Positions] 1 still open
[Ticker] KXETH15M-26APR021900-00
[Market] YES=0.35 | NO=0.69 | Sum=1.04
==================================================
Balance: $203.99 | Regime: CHOP | Session: 5W/1L (83%) | PnL: $+12.39
[Cycle] No signal — YES=0.35 is between 0.30 and 0.70, sum=1.04 >= 0.97
[Positions] 1 still open
[Ticker] KXETH15M-26APR021900-00
[Market] YES=0.45 | NO=0.58 | Sum=1.03
==================================================
Balance: $204.19 | Regime: CHOP | Session: 5W/1L (83%) | PnL: $+12.39
[Cycle] No signal — YES=0.45 is between 0.30 and 0.70, sum=1.03 >= 0.97
[Positions] 1 still open
[Ticker] KXETH15M-26APR021900-00
[Market] YES=0.63 | NO=0.38 | Sum=1.01
==================================================
Balance: $202.43 | Regime: CHOP | Session: 5W/1L (83%) | PnL: $+12.39
[Cycle] No signal — YES=0.63 is between 0.30 and 0.70, sum=1.01 >= 0.97
[Positions] 1 still open
[Ticker] KXETH15M-26APR021900-00
[Market] YES=0.60 | NO=0.43 | Sum=1.03
==================================================
Balance: $202.78 | Regime: CHOP | Session: 5W/1L (83%) | PnL: $+12.39
[Cycle] No signal — YES=0.60 is between 0.30 and 0.70, sum=1.03 >= 0.97
[Positions] 1 still open
[Ticker] KXETH15M-26APR021900-00
[Market] YES=0.11 | NO=0.97 | Sum=1.08
==================================================
Balance: $203.43 | Regime: CHOP | Session: 5W/1L (83%) | PnL: $+12.39
[Timing] Window 13 min old — skipping
[Cycle] No signal — YES=0.11 is between 0.30 and 0.70, sum=1.08 >= 0.97
[Positions] 1 still open
[Ticker] KXETH15M-26APR021900-00
[Market] YES=0.01 | NO=1.00 | Sum=1.01
==================================================
Balance: $204.38 | Regime: CHOP | Session: 5W/1L (83%) | PnL: $+12.39
[Timing] Window 14 min old — skipping
[Cycle] No signal — YES=0.01 is between 0.30 and 0.70, sum=1.01 >= 0.97
[Positions] 1 still open
[Ticker] KXETH15M-26APR021915-15
[Market] YES=0.30 | NO=0.75 | Sum=1.05
==================================================
Balance: $204.95 | Regime: CHOP | Session: 5W/1L (83%) | PnL: $+12.39
[Cycle] No signal — YES=0.30 is between 0.30 and 0.70, sum=1.05 >= 0.97
[Positions] 1 still open
[Ticker] KXETH15M-26APR021915-15
[Market] YES=0.34 | NO=0.68 | Sum=1.02
==================================================
Balance: $204.95 | Regime: CHOP | Session: 5W/1L (83%) | PnL: $+12.39
[Cycle] No signal — YES=0.34 is between 0.30 and 0.70, sum=1.02 >= 0.97
[Positions] 1 still open
[Ticker] KXETH15M-26APR021915-15
[Market] YES=0.26 | NO=0.75 | Sum=1.01
==================================================
Balance: $204.95 | Regime: CHOP | Session: 5W/1L (83%) | PnL: $+12.39
[Signal] DOWN candidate | yes=0.26 | waiting (1/2)
[Cycle] No signal — YES=0.26 is between 0.30 and 0.70, sum=1.01 >= 0.97
[Positions] 1 still open
[Ticker] KXETH15M-26APR021915-15
[Market] YES=0.22 | NO=0.80 | Sum=1.02
==================================================
Balance: $204.95 | Regime: CHOP | Session: 5W/1L (83%) | PnL: $+12.39
[Coinbase] Confirms DOWN | $2059 gap=-2 (0.11%)
[Kraken] Divergence 3153.15% — bet trimmed
[Correlation] All 3 agree — bet boosted
[Signal] CONFIRMED DOWN | yes=0.22 | edge=0.28 | bet=$3.25
[Order] KXETH15M-26APR021915-15 | no | count=6 | $3.25
✅ BTC DIRECTIONAL: DOWN $3.25 on KXETH15M-26APR021915-15
[Settled] WIN: DOWN $2.16 on KXETH15M-26APR021900-00 | pnl=$+1.84 | 6W/1L (86%)
[Positions] 1 still open
[Ticker] KXETH15M-26APR021915-15
[Market] YES=0.35 | NO=0.68 | Sum=1.03
==================================================
Balance: $203.98 | Regime: CHOP | Session: 6W/1L (86%) | PnL: $+14.23
[Cycle] No signal — YES=0.35 is between 0.30 and 0.70, sum=1.03 >= 0.97
[Positions] 1 still open
[Ticker] KXETH15M-26APR021915-15
[Market] YES=0.43 | NO=0.60 | Sum=1.03
==================================================
Balance: $203.98 | Regime: CHOP | Session: 6W/1L (86%) | PnL: $+14.23
[Cycle] No signal — YES=0.43 is between 0.30 and 0.70, sum=1.03 >= 0.97
[Positions] 1 still open
[Ticker] KXETH15M-26APR021915-15
[Market] YES=0.44 | NO=0.57 | Sum=1.01
==================================================
Balance: $203.02 | Regime: CHOP | Session: 6W/1L (86%) | PnL: $+14.23
[Cycle] No signal — YES=0.44 is between 0.30 and 0.70, sum=1.01 >= 0.97
[Positions] 1 still open
[Ticker] KXETH15M-26APR021915-15
[Market] YES=0.26 | NO=0.77 | Sum=1.03
==================================================
Balance: $204.64 | Regime: CHOP | Session: 6W/1L (86%) | PnL: $+14.23
[Timing] Window 7 min old — skipping
[Cycle] No signal — YES=0.26 is between 0.30 and 0.70, sum=1.03 >= 0.97
[Positions] 1 still open
[Ticker] KXETH15M-26APR021915-15
[Market] YES=0.09 | NO=0.92 | Sum=1.01
==================================================
Balance: $205.36 | Regime: CHOP | Session: 6W/1L (86%) | PnL: $+14.23
[Timing] Window 8 min old — skipping
[Cycle] No signal — YES=0.09 is between 0.30 and 0.70, sum=1.01 >= 0.97
[Positions] 1 still open
[Ticker] KXETH15M-26APR021915-15
[Market] YES=0.12 | NO=0.89 | Sum=1.01
==================================================
Balance: $205.72 | Regime: CHOP | Session: 6W/1L (86%) | PnL: $+14.23
[Timing] Window 9 min old — skipping
[Cycle] No signal — YES=0.12 is between 0.30 and 0.70, sum=1.01 >= 0.97
[Positions] 1 still open
[Ticker] KXETH15M-26APR021915-15
[Market] YES=0.09 | NO=0.93 | Sum=1.02
==================================================
Balance: $205.49 | Regime: CHOP | Session: 6W/1L (86%) | PnL: $+14.23
[Timing] Window 10 min old — skipping
[Cycle] No signal — YES=0.09 is between 0.30 and 0.70, sum=1.02 >= 0.97
[Positions] 1 still open
[Ticker] KXETH15M-26APR021915-15
[Market] YES=0.02 | NO=0.99 | Sum=1.01
==================================================
Balance: $205.84 | Regime: CHOP | Session: 6W/1L (86%) | PnL: $+14.23
[Timing] Window 11 min old — skipping
[Cycle] No signal — YES=0.02 is between 0.30 and 0.70, sum=1.01 >= 0.97
[Positions] 1 still open
[Ticker] KXETH15M-26APR021915-15
[Market] YES=0.03 | NO=0.99 | Sum=1.01
==================================================
Balance: $205.84 | Regime: CHOP | Session: 6W/1L (86%) | PnL: $+14.23
[Timing] Window 12 min old — skipping
[Cycle] No signal — YES=0.03 is between 0.30 and 0.70, sum=1.01 >= 0.97
[Positions] 1 still open
[Ticker] KXETH15M-26APR021915-15
[Market] YES=0.00 | NO=1.00 | Sum=1.00
==================================================
Balance: $205.97 | Regime: CHOP | Session: 6W/1L (86%) | PnL: $+14.23
[Timing] Window 13 min old — skipping
[Cycle] No signal — YES=0.00 is between 0.30 and 0.70, sum=1.00 >= 0.97
[Positions] 1 still open
[Ticker] KXETH15M-26APR021915-15
[Market] YES=0.00 | NO=1.00 | Sum=1.00
==================================================
Balance: $206.01 | Regime: CHOP | Session: 6W/1L (86%) | PnL: $+14.23
[Timing] Window 14 min old — skipping
[Cycle] No signal — YES=0.00 is between 0.30 and 0.70, sum=1.00 >= 0.97
[Positions] 1 still open
[Ticker] KXETH15M-26APR021930-30
[Market] YES=0.53 | NO=0.48 | Sum=1.01
==================================================
Balance: $206.02 | Regime: CHOP | Session: 6W/1L (86%) | PnL: $+14.23
[Cycle] No signal — YES=0.53 is between 0.30 and 0.70, sum=1.01 >= 0.97
[Positions] 1 still open
[Ticker] KXETH15M-26APR021930-30
[Market] YES=0.56 | NO=0.47 | Sum=1.03
==================================================
Balance: $206.02 | Regime: CHOP | Session: 6W/1L (86%) | PnL: $+14.23
[Cycle] No signal — YES=0.56 is between 0.30 and 0.70, sum=1.03 >= 0.97
[Positions] 1 still open
[Ticker] KXETH15M-26APR021930-30
[Market] YES=0.49 | NO=0.53 | Sum=1.02
==================================================
Balance: $206.02 | Regime: CHOP | Session: 6W/1L (86%) | PnL: $+14.23
[Cycle] No signal — YES=0.49 is between 0.30 and 0.70, sum=1.02 >= 0.97
[Positions] 1 still open
[Ticker] KXETH15M-26APR021930-30
[Market] YES=0.62 | NO=0.39 | Sum=1.01
==================================================
Balance: $206.02 | Regime: CHOP | Session: 6W/1L (86%) | PnL: $+14.23
[Cycle] No signal — YES=0.62 is between 0.30 and 0.70, sum=1.01 >= 0.97
[Positions] 1 still open
[Ticker] KXETH15M-26APR021930-30
[Market] YES=0.49 | NO=0.53 | Sum=1.02
==================================================
Balance: $206.02 | Regime: CHOP | Session: 6W/1L (86%) | PnL: $+14.23
[Cycle] No signal — YES=0.49 is between 0.30 and 0.70, sum=1.02 >= 0.97
[Positions] 1 still open
[Ticker] KXETH15M-26APR021930-30
[Market] YES=0.58 | NO=0.44 | Sum=1.02
==================================================
Balance: $206.02 | Regime: CHOP | Session: 6W/1L (86%) | PnL: $+14.23
[Cycle] No signal — YES=0.58 is between 0.30 and 0.70, sum=1.02 >= 0.97
[Settled] WIN: DOWN $3.25 on KXETH15M-26APR021915-15 | pnl=$+2.75 | 7W/1L (88%)
[Ticker] KXETH15M-26APR021930-30
[Market] YES=0.71 | NO=0.31 | Sum=1.02
==================================================
Balance: $206.02 | Regime: CHOP | Session: 7W/1L (88%) | PnL: $+16.98
[Timing] Window 6 min old — skipping
[Cycle] No signal — YES=0.71 is between 0.30 and 0.70, sum=1.02 >= 0.97
[Ticker] KXETH15M-26APR021930-30
[Market] YES=0.87 | NO=0.14 | Sum=1.01
==================================================
Balance: $206.02 | Regime: CHOP | Session: 7W/1L (88%) | PnL: $+16.98
[Timing] Window 7 min old — skipping
[Cycle] No signal — YES=0.87 is between 0.30 and 0.70, sum=1.01 >= 0.97
[Ticker] KXETH15M-26APR021930-30
[Market] YES=0.93 | NO=0.11 | Sum=1.04
==================================================
Balance: $206.02 | Regime: CHOP | Session: 7W/1L (88%) | PnL: $+16.98
[Timing] Window 8 min old — skipping
[Cycle] No signal — YES=0.93 is between 0.30 and 0.70, sum=1.04 >= 0.97
[Ticker] KXETH15M-26APR021930-30
[Market] YES=0.95 | NO=0.06 | Sum=1.01
==================================================
Balance: $206.02 | Regime: CHOP | Session: 7W/1L (88%) | PnL: $+16.98
[Timing] Window 9 min old — skipping
[Cycle] No signal — YES=0.95 is between 0.30 and 0.70, sum=1.01 >= 0.97
[Ticker] KXETH15M-26APR021930-30
[Market] YES=0.32 | NO=0.70 | Sum=1.02
==================================================
Balance: $206.02 | Regime: CHOP | Session: 7W/1L (88%) | PnL: $+16.98
[Cycle] No signal — YES=0.32 is between 0.30 and 0.70, sum=1.02 >= 0.97
[Ticker] KXETH15M-26APR021930-30
[Market] YES=0.50 | NO=0.53 | Sum=1.03
==================================================
Balance: $206.02 | Regime: CHOP | Session: 7W/1L (88%) | PnL: $+16.98
[Cycle] No signal — YES=0.50 is between 0.30 and 0.70, sum=1.03 >= 0.97
[Ticker] KXETH15M-26APR021930-30
[Market] YES=0.30 | NO=0.72 | Sum=1.02
==================================================
Balance: $206.02 | Regime: CHOP | Session: 7W/1L (88%) | PnL: $+16.98
[Cycle] No signal — YES=0.30 is between 0.30 and 0.70, sum=1.02 >= 0.97
[Ticker] KXETH15M-26APR021930-30
[Market] YES=0.03 | NO=0.98 | Sum=1.01
==================================================
Balance: $206.02 | Regime: CHOP | Session: 7W/1L (88%) | PnL: $+16.98
[Timing] Window 13 min old — skipping
[Cycle] No signal — YES=0.03 is between 0.30 and 0.70, sum=1.01 >= 0.97
[Ticker] KXETH15M-26APR021930-30
[Market] YES=0.01 | NO=1.00 | Sum=1.01
==================================================
Balance: $206.02 | Regime: CHOP | Session: 7W/1L (88%) | PnL: $+16.98
[Timing] Window 14 min old — skipping
[Cycle] No signal — YES=0.01 is between 0.30 and 0.70, sum=1.01 >= 0.97
[Ticker] KXETH15M-26APR021945-45
[Market] YES=0.45 | NO=0.57 | Sum=1.02
==================================================
Balance: $206.02 | Regime: CHOP | Session: 7W/1L (88%) | PnL: $+16.98
[Cycle] No signal — YES=0.45 is between 0.30 and 0.70, sum=1.02 >= 0.97
[Ticker] KXETH15M-26APR021945-45
[Market] YES=0.38 | NO=0.63 | Sum=1.01
==================================================
Balance: $206.02 | Regime: CHOP | Session: 7W/1L (88%) | PnL: $+16.98
[Cycle] No signal — YES=0.38 is between 0.30 and 0.70, sum=1.01 >= 0.97
[Ticker] KXETH15M-26APR021945-45
[Market] YES=0.57 | NO=0.47 | Sum=1.04
==================================================
Balance: $206.02 | Regime: CHOP | Session: 7W/1L (88%) | PnL: $+16.98
[Cycle] No signal — YES=0.57 is between 0.30 and 0.70, sum=1.04 >= 0.97
[Ticker] KXETH15M-26APR021945-45
[Market] YES=0.50 | NO=0.51 | Sum=1.01
==================================================
Balance: $206.02 | Regime: CHOP | Session: 7W/1L (88%) | PnL: $+16.98
[Cycle] No signal — YES=0.50 is between 0.30 and 0.70, sum=1.01 >= 0.97
[Ticker] KXETH15M-26APR021945-45
[Market] YES=0.50 | NO=0.53 | Sum=1.03
==================================================
Balance: $206.02 | Regime: CHOP | Session: 7W/1L (88%) | PnL: $+16.98
[Cycle] No signal — YES=0.50 is between 0.30 and 0.70, sum=1.03 >= 0.97
[Ticker] KXETH15M-26APR021945-45
[Market] YES=0.51 | NO=0.52 | Sum=1.03
==================================================
Balance: $206.02 | Regime: CHOP | Session: 7W/1L (88%) | PnL: $+16.98
[Cycle] No signal — YES=0.51 is between 0.30 and 0.70, sum=1.03 >= 0.97
[Ticker] KXETH15M-26APR021945-45
[Market] YES=0.49 | NO=0.54 | Sum=1.03
==================================================
Balance: $206.02 | Regime: CHOP | Session: 7W/1L (88%) | PnL: $+16.98
[Cycle] No signal — YES=0.49 is between 0.30 and 0.70, sum=1.03 >= 0.97
[Ticker] KXETH15M-26APR021945-45
[Market] YES=0.48 | NO=0.56 | Sum=1.04
==================================================
Balance: $206.02 | Regime: CHOP | Session: 7W/1L (88%) | PnL: $+16.98
[Cycle] No signal — YES=0.48 is between 0.30 and 0.70, sum=1.04 >= 0.97
[Ticker] KXETH15M-26APR021945-45
[Market] YES=0.46 | NO=0.57 | Sum=1.03
==================================================
Balance: $206.02 | Regime: CHOP | Session: 7W/1L (88%) | PnL: $+16.98
[Cycle] No signal — YES=0.46 is between 0.30 and 0.70, sum=1.03 >= 0.97
[Ticker] KXETH15M-26APR021945-45
[Market] YES=0.65 | NO=0.38 | Sum=1.03
==================================================
Balance: $206.02 | Regime: CHOP | Session: 7W/1L (88%) | PnL: $+16.98
[Cycle] No signal — YES=0.65 is between 0.30 and 0.70, sum=1.03 >= 0.97
[Ticker] KXETH15M-26APR021945-45
[Market] YES=0.61 | NO=0.43 | Sum=1.04
==================================================
Balance: $206.02 | Regime: CHOP | Session: 7W/1L (88%) | PnL: $+16.98
[Cycle] No signal — YES=0.61 is between 0.30 and 0.70, sum=1.04 >= 0.97
[Ticker] KXETH15M-26APR021945-45
[Market] YES=0.78 | NO=0.26 | Sum=1.04
==================================================
Balance: $206.02 | Regime: CHOP | Session: 7W/1L (88%) | PnL: $+16.98
[Timing] Window 11 min old — skipping
[Cycle] No signal — YES=0.78 is between 0.30 and 0.70, sum=1.04 >= 0.97
[Ticker] KXETH15M-26APR021945-45
[Market] YES=0.81 | NO=0.21 | Sum=1.02
==================================================
Balance: $206.02 | Regime: CHOP | Session: 7W/1L (88%) | PnL: $+16.98
[Timing] Window 12 min old — skipping
[Cycle] No signal — YES=0.81 is between 0.30 and 0.70, sum=1.02 >= 0.97
[Ticker] KXETH15M-26APR021945-45
[Market] YES=0.95 | NO=0.12 | Sum=1.07
==================================================
Balance: $206.02 | Regime: CHOP | Session: 7W/1L (88%) | PnL: $+16.98
[Timing] Window 13 min old — skipping
[Cycle] No signal — YES=0.95 is between 0.30 and 0.70, sum=1.07 >= 0.97
[Ticker] KXETH15M-26APR021945-45
[Market] YES=1.00 | NO=0.01 | Sum=1.01
==================================================
Balance: $206.02 | Regime: CHOP | Session: 7W/1L (88%) | PnL: $+16.98
[Timing] Window 14 min old — skipping
[Cycle] No signal — YES=1.00 is between 0.30 and 0.70, sum=1.01 >= 0.97
[Ticker] KXETH15M-26APR022000-00
[Market] YES=0.38 | NO=0.64 | Sum=1.02
==================================================
Balance: $206.02 | Regime: CHOP | Session: 7W/1L (88%) | PnL: $+16.98
[Cycle] No signal — YES=0.38 is between 0.30 and 0.70, sum=1.02 >= 0.97
[Ticker] KXETH15M-26APR022000-00
[Market] YES=0.37 | NO=0.65 | Sum=1.02
==================================================
Balance: $206.02 | Regime: CHOP | Session: 7W/1L (88%) | PnL: $+16.98
[Cycle] No signal — YES=0.37 is between 0.30 and 0.70, sum=1.02 >= 0.97
[Ticker] KXETH15M-26APR022000-00
[Market] YES=0.42 | NO=0.59 | Sum=1.01
==================================================
Balance: $206.02 | Regime: CHOP | Session: 7W/1L (88%) | PnL: $+16.98
[Cycle] No signal — YES=0.42 is between 0.30 and 0.70, sum=1.01 >= 0.97
[Ticker] KXETH15M-26APR022000-00
[Market] YES=0.53 | NO=0.48 | Sum=1.01
==================================================
Balance: $206.02 | Regime: CHOP | Session: 7W/1L (88%) | PnL: $+16.98
[Cycle] No signal — YES=0.53 is between 0.30 and 0.70, sum=1.01 >= 0.97
[Ticker] KXETH15M-26APR022000-00
[Market] YES=0.52 | NO=0.50 | Sum=1.02
==================================================
Balance: $206.02 | Regime: CHOP | Session: 7W/1L (88%) | PnL: $+16.98
[Cycle] No signal — YES=0.52 is between 0.30 and 0.70, sum=1.02 >= 0.97
[Ticker] KXETH15M-26APR022000-00
[Market] YES=0.54 | NO=0.48 | Sum=1.02
==================================================
Balance: $206.02 | Regime: CHOP | Session: 7W/1L (88%) | PnL: $+16.98
[Cycle] No signal — YES=0.54 is between 0.30 and 0.70, sum=1.02 >= 0.97
[Ticker] KXETH15M-26APR022000-00
[Market] YES=0.55 | NO=0.48 | Sum=1.03
==================================================
Balance: $206.02 | Regime: CHOP | Session: 7W/1L (88%) | PnL: $+16.98
[Cycle] No signal — YES=0.55 is between 0.30 and 0.70, sum=1.03 >= 0.97
[Ticker] KXETH15M-26APR022000-00
[Market] YES=0.61 | NO=0.40 | Sum=1.01
==================================================
Balance: $206.02 | Regime: CHOP | Session: 7W/1L (88%) | PnL: $+16.98
[Cycle] No signal — YES=0.61 is between 0.30 and 0.70, sum=1.01 >= 0.97
[Ticker] KXETH15M-26APR022000-00
[Market] YES=0.68 | NO=0.35 | Sum=1.03
==================================================
Balance: $206.02 | Regime: CHOP | Session: 7W/1L (88%) | PnL: $+16.98
[Cycle] No signal — YES=0.68 is between 0.30 and 0.70, sum=1.03 >= 0.97
[Ticker] KXETH15M-26APR022000-00
[Market] YES=0.65 | NO=0.39 | Sum=1.04
==================================================
Balance: $206.02 | Regime: CHOP | Session: 7W/1L (88%) | PnL: $+16.98
[Cycle] No signal — YES=0.65 is between 0.30 and 0.70, sum=1.04 >= 0.97
[Ticker] KXETH15M-26APR022000-00
[Market] YES=0.86 | NO=0.15 | Sum=1.01
==================================================
Balance: $206.02 | Regime: CHOP | Session: 7W/1L (88%) | PnL: $+16.98
[Timing] Window 10 min old — skipping
[Cycle] No signal — YES=0.86 is between 0.30 and 0.70, sum=1.01 >= 0.97
[Ticker] KXETH15M-26APR022000-00
[Market] YES=0.95 | NO=0.09 | Sum=1.03
==================================================
Balance: $206.02 | Regime: CHOP | Session: 7W/1L (88%) | PnL: $+16.98
[Timing] Window 11 min old — skipping
[Cycle] No signal — YES=0.95 is between 0.30 and 0.70, sum=1.03 >= 0.97
[Ticker] KXETH15M-26APR022000-00
[Market] YES=0.96 | NO=0.09 | Sum=1.05
==================================================
Balance: $206.02 | Regime: CHOP | Session: 7W/1L (88%) | PnL: $+16.98
[Timing] Window 12 min old — skipping
[Cycle] No signal — YES=0.96 is between 0.30 and 0.70, sum=1.05 >= 0.97
[Ticker] KXETH15M-26APR022000-00
[Market] YES=0.99 | NO=0.01 | Sum=1.00
==================================================
Balance: $206.02 | Regime: CHOP | Session: 7W/1L (88%) | PnL: $+16.98
[Timing] Window 13 min old — skipping
[Cycle] No signal — YES=0.99 is between 0.30 and 0.70, sum=1.00 >= 0.97
[Ticker] KXETH15M-26APR022000-00
[Market] YES=1.00 | NO=0.00 | Sum=1.00
==================================================
Balance: $206.02 | Regime: CHOP | Session: 7W/1L (88%) | PnL: $+16.98
[Timing] Window 14 min old — skipping
[Cycle] No signal — YES=1.00 is between 0.30 and 0.70, sum=1.00 >= 0.97
[Ticker] KXETH15M-26APR022015-15
[Market] YES=0.52 | NO=0.49 | Sum=1.01
==================================================
Balance: $206.02 | Regime: CHOP | Session: 7W/1L (88%) | PnL: $+16.98
[Cycle] No signal — YES=0.52 is between 0.30 and 0.70, sum=1.01 >= 0.97
[Ticker] KXETH15M-26APR022015-15
[Market] YES=0.73 | NO=0.30 | Sum=1.03
==================================================
Balance: $205.66 | Regime: CHOP | Session: 7W/1L (88%) | PnL: $+16.98
[Signal] UP candidate | yes=0.73 | waiting (1/2)
[Cycle] No signal — YES=0.73 is between 0.30 and 0.70, sum=1.03 >= 0.97
[Ticker] KXETH15M-26APR022015-15
[Market] YES=0.62 | NO=0.41 | Sum=1.03
==================================================
Balance: $205.78 | Regime: CHOP | Session: 7W/1L (88%) | PnL: $+16.98
[Cycle] No signal — YES=0.62 is between 0.30 and 0.70, sum=1.03 >= 0.97
[Ticker] KXETH15M-26APR022015-15
[Market] YES=0.63 | NO=0.40 | Sum=1.03
==================================================
Balance: $205.70 | Regime: CHOP | Session: 7W/1L (88%) | PnL: $+16.98
[Cycle] No signal — YES=0.63 is between 0.30 and 0.70, sum=1.03 >= 0.97
[Ticker] KXETH15M-26APR022015-15
[Market] YES=0.75 | NO=0.28 | Sum=1.03
==================================================
Balance: $206.18 | Regime: CHOP | Session: 7W/1L (88%) | PnL: $+16.98
[Signal] UP candidate | yes=0.75 | waiting (1/2)
[Cycle] No signal — YES=0.75 is between 0.30 and 0.70, sum=1.03 >= 0.97
[Ticker] KXETH15M-26APR022015-15
[Market] YES=0.71 | NO=0.32 | Sum=1.03
==================================================
Balance: $206.18 | Regime: CHOP | Session: 7W/1L (88%) | PnL: $+16.98
[Timing] Window 5 min old — skipping
[Cycle] No signal — YES=0.71 is between 0.30 and 0.70, sum=1.03 >= 0.97
[Ticker] KXETH15M-26APR022015-15
[Market] YES=0.76 | NO=0.26 | Sum=1.02
==================================================
Balance: $206.22 | Regime: CHOP | Session: 7W/1L (88%) | PnL: $+16.98
[Timing] Window 6 min old — skipping
[Cycle] No signal — YES=0.76 is between 0.30 and 0.70, sum=1.02 >= 0.97
[Ticker] KXETH15M-26APR022015-15
[Market] YES=0.52 | NO=0.50 | Sum=1.02
==================================================
Balance: $205.94 | Regime: CHOP | Session: 7W/1L (88%) | PnL: $+16.98
[Cycle] No signal — YES=0.52 is between 0.30 and 0.70, sum=1.02 >= 0.97
[Ticker] KXETH15M-26APR022015-15
[Market] YES=0.10 | NO=0.92 | Sum=1.02
==================================================
Balance: $203.38 | Regime: CHOP | Session: 7W/1L (88%) | PnL: $+16.98
[Timing] Window 8 min old — skipping
[Cycle] No signal — YES=0.10 is between 0.30 and 0.70, sum=1.02 >= 0.97
[Ticker] KXETH15M-26APR022015-15
[Market] YES=0.19 | NO=0.83 | Sum=1.02
==================================================
Balance: $204.18 | Regime: CHOP | Session: 7W/1L (88%) | PnL: $+16.98
[Timing] Window 9 min old — skipping
[Cycle] No signal — YES=0.19 is between 0.30 and 0.70, sum=1.02 >= 0.97
[Ticker] KXETH15M-26APR022015-15
[Market] YES=0.07 | NO=0.95 | Sum=1.02
==================================================
Balance: $203.34 | Regime: CHOP | Session: 7W/1L (88%) | PnL: $+16.98
[Timing] Window 10 min old — skipping
[Cycle] No signal — YES=0.07 is between 0.30 and 0.70, sum=1.02 >= 0.97
[Ticker] KXETH15M-26APR022015-15
[Market] YES=0.22 | NO=0.80 | Sum=1.02
==================================================
Balance: $203.34 | Regime: CHOP | Session: 7W/1L (88%) | PnL: $+16.98
[Timing] Window 11 min old — skipping
[Cycle] No signal — YES=0.22 is between 0.30 and 0.70, sum=1.02 >= 0.97
[Ticker] KXETH15M-26APR022015-15
[Market] YES=0.04 | NO=0.97 | Sum=1.01
==================================================
Balance: $203.78 | Regime: CHOP | Session: 7W/1L (88%) | PnL: $+16.98
[Timing] Window 12 min old — skipping
[Cycle] No signal — YES=0.04 is between 0.30 and 0.70, sum=1.01 >= 0.97
[Ticker] KXETH15M-26APR022015-15
[Market] YES=0.00 | NO=1.00 | Sum=1.00
==================================================
Balance: $202.75 | Regime: CHOP | Session: 7W/1L (88%) | PnL: $+16.98
[Timing] Window 13 min old — skipping
[Cycle] No signal — YES=0.00 is between 0.30 and 0.70, sum=1.00 >= 0.97
[Ticker] KXETH15M-26APR022015-15
[Market] YES=0.00 | NO=1.00 | Sum=1.00
==================================================
Balance: $202.74 | Regime: CHOP | Session: 7W/1L (88%) | PnL: $+16.98
[Timing] Window 14 min old — skipping
[Cycle] No signal — YES=0.00 is between 0.30 and 0.70, sum=1.00 >= 0.97
[Ticker] KXETH15M-26APR022030-30
[Market] YES=0.45 | NO=0.58 | Sum=1.03
==================================================
Balance: $202.74 | Regime: CHOP | Session: 7W/1L (88%) | PnL: $+16.98
[Cycle] No signal — YES=0.45 is between 0.30 and 0.70, sum=1.03 >= 0.97
[Ticker] KXETH15M-26APR022030-30
[Market] YES=0.56 | NO=0.45 | Sum=1.01
==================================================
Balance: $202.74 | Regime: CHOP | Session: 7W/1L (88%) | PnL: $+16.98
[Cycle] No signal — YES=0.56 is between 0.30 and 0.70, sum=1.01 >= 0.97
[Ticker] KXETH15M-26APR022030-30
[Market] YES=0.66 | NO=0.36 | Sum=1.02
==================================================
Balance: $202.74 | Regime: CHOP | Session: 7W/1L (88%) | PnL: $+16.98
[Cycle] No signal — YES=0.66 is between 0.30 and 0.70, sum=1.02 >= 0.97
[Ticker] KXETH15M-26APR022030-30
[Market] YES=0.61 | NO=0.40 | Sum=1.01
==================================================
Balance: $202.74 | Regime: CHOP | Session: 7W/1L (88%) | PnL: $+16.98
[Cycle] No signal — YES=0.61 is between 0.30 and 0.70, sum=1.01 >= 0.97
[Ticker] KXETH15M-26APR022030-30
[Market] YES=0.68 | NO=0.34 | Sum=1.02
==================================================
Balance: $202.65 | Regime: CHOP | Session: 7W/1L (88%) | PnL: $+16.98
[Cycle] No signal — YES=0.68 is between 0.30 and 0.70, sum=1.02 >= 0.97
[Ticker] KXETH15M-26APR022030-30
[Market] YES=0.80 | NO=0.21 | Sum=1.01
==================================================
Balance: $202.77 | Regime: CHOP | Session: 7W/1L (88%) | PnL: $+16.98
[Timing] Window 5 min old — skipping
[Cycle] No signal — YES=0.80 is between 0.30 and 0.70, sum=1.01 >= 0.97
[Ticker] KXETH15M-26APR022030-30
[Market] YES=0.80 | NO=0.23 | Sum=1.03
==================================================
Balance: $203.13 | Regime: CHOP | Session: 7W/1L (88%) | PnL: $+16.98
[Timing] Window 6 min old — skipping
[Cycle] No signal — YES=0.80 is between 0.30 and 0.70, sum=1.03 >= 0.97
[Ticker] KXETH15M-26APR022030-30
[Market] YES=0.94 | NO=0.07 | Sum=1.01
==================================================
Balance: $203.29 | Regime: CHOP | Session: 7W/1L (88%) | PnL: $+16.98
[Timing] Window 7 min old — skipping
[Cycle] No signal — YES=0.94 is between 0.30 and 0.70, sum=1.01 >= 0.97
[Ticker] KXETH15M-26APR022030-30
[Market] YES=0.97 | NO=0.05 | Sum=1.01
==================================================
Balance: $203.33 | Regime: CHOP | Session: 7W/1L (88%) | PnL: $+16.98
[Timing] Window 8 min old — skipping
[Cycle] No signal — YES=0.97 is between 0.30 and 0.70, sum=1.01 >= 0.97
[Ticker] KXETH15M-26APR022030-30
[Market] YES=0.97 | NO=0.05 | Sum=1.02
==================================================
Balance: $203.41 | Regime: CHOP | Session: 7W/1L (88%) | PnL: $+16.98
[Timing] Window 9 min old — skipping
[Cycle] No signal — YES=0.97 is between 0.30 and 0.70, sum=1.02 >= 0.97
[Ticker] KXETH15M-26APR022030-30
[Market] YES=0.93 | NO=0.09 | Sum=1.02
==================================================
Balance: $203.37 | Regime: CHOP | Session: 7W/1L (88%) | PnL: $+16.98
[Timing] Window 10 min old — skipping
[Cycle] No signal — YES=0.93 is between 0.30 and 0.70, sum=1.02 >= 0.97
[Ticker] KXETH15M-26APR022030-30
[Market] YES=0.83 | NO=0.18 | Sum=1.01
==================================================
Balance: $203.41 | Regime: CHOP | Session: 7W/1L (88%) | PnL: $+16.98
[Timing] Window 11 min old — skipping
[Cycle] No signal — YES=0.83 is between 0.30 and 0.70, sum=1.01 >= 0.97
[Ticker] KXETH15M-26APR022030-30
[Market] YES=0.74 | NO=0.29 | Sum=1.03
==================================================
Balance: $203.41 | Regime: CHOP | Session: 7W/1L (88%) | PnL: $+16.98
[Timing] Window 12 min old — skipping
[Cycle] No signal — YES=0.74 is between 0.30 and 0.70, sum=1.03 >= 0.97
[Ticker] KXETH15M-26APR022030-30
[Market] YES=0.99 | NO=0.01 | Sum=1.00
==================================================
Balance: $203.44 | Regime: CHOP | Session: 7W/1L (88%) | PnL: $+16.98
[Timing] Window 13 min old — skipping
[Cycle] No signal — YES=0.99 is between 0.30 and 0.70, sum=1.00 >= 0.97
[Ticker] KXETH15M-26APR022030-30
[Market] YES=1.00 | NO=0.00 | Sum=1.00
==================================================
Balance: $203.44 | Regime: CHOP | Session: 7W/1L (88%) | PnL: $+16.98
[Timing] Window 14 min old — skipping
[Cycle] No signal — YES=1.00 is between 0.30 and 0.70, sum=1.00 >= 0.97
[Ticker] KXETH15M-26APR022045-45
[Market] YES=0.56 | NO=0.45 | Sum=1.01
==================================================
Balance: $203.45 | Regime: CHOP | Session: 7W/1L (88%) | PnL: $+16.98
[Cycle] No signal — YES=0.56 is between 0.30 and 0.70, sum=1.01 >= 0.97
[Ticker] KXETH15M-26APR022045-45
[Market] YES=0.53 | NO=0.50 | Sum=1.03
==================================================
Balance: $203.45 | Regime: CHOP | Session: 7W/1L (88%) | PnL: $+16.98
[Cycle] No signal — YES=0.53 is between 0.30 and 0.70, sum=1.03 >= 0.97
[Ticker] KXETH15M-26APR022045-45
[Market] YES=0.42 | NO=0.59 | Sum=1.01
==================================================
Balance: $203.45 | Regime: CHOP | Session: 7W/1L (88%) | PnL: $+16.98
[Cycle] No signal — YES=0.42 is between 0.30 and 0.70, sum=1.01 >= 0.97
[Ticker] KXETH15M-26APR022045-45
[Market] YES=0.45 | NO=0.56 | Sum=1.01
==================================================
Balance: $203.45 | Regime: CHOP | Session: 7W/1L (88%) | PnL: $+16.98
[Cycle] No signal — YES=0.45 is between 0.30 and 0.70, sum=1.01 >= 0.97
[Ticker] KXETH15M-26APR022045-45
[Market] YES=0.49 | NO=0.53 | Sum=1.02
==================================================
Balance: $203.45 | Regime: CHOP | Session: 7W/1L (88%) | PnL: $+16.98
[Cycle] No signal — YES=0.49 is between 0.30 and 0.70, sum=1.02 >= 0.97
[Ticker] KXETH15M-26APR022045-45
[Market] YES=0.58 | NO=0.44 | Sum=1.02
==================================================
Balance: $203.45 | Regime: CHOP | Session: 7W/1L (88%) | PnL: $+16.98
[Cycle] No signal — YES=0.58 is between 0.30 and 0.70, sum=1.02 >= 0.97
[Ticker] KXETH15M-26APR022045-45
[Market] YES=0.62 | NO=0.40 | Sum=1.02
==================================================
Balance: $203.45 | Regime: CHOP | Session: 7W/1L (88%) | PnL: $+16.98
[Cycle] No signal — YES=0.62 is between 0.30 and 0.70, sum=1.02 >= 0.97
[Ticker] KXETH15M-26APR022045-45
[Market] YES=0.69 | NO=0.36 | Sum=1.05
==================================================
Balance: $203.45 | Regime: CHOP | Session: 7W/1L (88%) | PnL: $+16.98
[Cycle] No signal — YES=0.69 is between 0.30 and 0.70, sum=1.05 >= 0.97
[Ticker] KXETH15M-26APR022045-45
[Market] YES=0.84 | NO=0.17 | Sum=1.01
==================================================
Balance: $203.45 | Regime: CHOP | Session: 7W/1L (88%) | PnL: $+16.98
[Timing] Window 8 min old — skipping
[Cycle] No signal — YES=0.84 is between 0.30 and 0.70, sum=1.01 >= 0.97
[Ticker] KXETH15M-26APR022045-45
[Market] YES=0.76 | NO=0.28 | Sum=1.04
==================================================
Balance: $203.45 | Regime: CHOP | Session: 7W/1L (88%) | PnL: $+16.98
[Timing] Window 9 min old — skipping
[Cycle] No signal — YES=0.76 is between 0.30 and 0.70, sum=1.04 >= 0.97
[Ticker] KXETH15M-26APR022045-45
[Market] YES=0.49 | NO=0.52 | Sum=1.01
==================================================
Balance: $203.45 | Regime: CHOP | Session: 7W/1L (88%) | PnL: $+16.98
[Cycle] No signal — YES=0.49 is between 0.30 and 0.70, sum=1.01 >= 0.97
[Ticker] KXETH15M-26APR022045-45
[Market] YES=0.16 | NO=0.85 | Sum=1.01
==================================================
Balance: $203.45 | Regime: CHOP | Session: 7W/1L (88%) | PnL: $+16.98
[Timing] Window 11 min old — skipping
[Cycle] No signal — YES=0.16 is between 0.30 and 0.70, sum=1.01 >= 0.97
[Ticker] KXETH15M-26APR022045-45
[Market] YES=0.37 | NO=0.66 | Sum=1.03
==================================================
Balance: $203.45 | Regime: CHOP | Session: 7W/1L (88%) | PnL: $+16.98
[Cycle] No signal — YES=0.37 is between 0.30 and 0.70, sum=1.03 >= 0.97
[Ticker] KXETH15M-26APR022045-45
[Market] YES=0.01 | NO=1.00 | Sum=1.00
==================================================
Balance: $203.45 | Regime: CHOP | Session: 7W/1L (88%) | PnL: $+16.98
[Timing] Window 13 min old — skipping
[Cycle] No signal — YES=0.01 is between 0.30 and 0.70, sum=1.00 >= 0.97
[Ticker] KXETH15M-26APR022045-45
[Market] YES=0.01 | NO=1.00 | Sum=1.01
==================================================
Balance: $203.45 | Regime: CHOP | Session: 7W/1L (88%) | PnL: $+16.98
[Timing] Window 14 min old — skipping
[Cycle] No signal — YES=0.01 is between 0.30 and 0.70, sum=1.01 >= 0.97
[Ticker] KXETH15M-26APR022100-00
[Market] YES=0.29 | NO=0.73 | Sum=1.02
==================================================
Balance: $203.45 | Regime: CHOP | Session: 7W/1L (88%) | PnL: $+16.98
[Timing] Window 0 min old — skipping
[Cycle] No signal — YES=0.29 is between 0.30 and 0.70, sum=1.02 >= 0.97
[Ticker] KXETH15M-26APR022100-00
[Market] YES=0.31 | NO=0.70 | Sum=1.01
==================================================
Balance: $203.45 | Regime: CHOP | Session: 7W/1L (88%) | PnL: $+16.98
[Cycle] No signal — YES=0.31 is between 0.30 and 0.70, sum=1.01 >= 0.97
[Ticker] KXETH15M-26APR022100-00
[Market] YES=0.24 | NO=0.78 | Sum=1.02
==================================================
Balance: $203.37 | Regime: CHOP | Session: 7W/1L (88%) | PnL: $+16.98
[Signal] DOWN candidate | yes=0.24 | waiting (1/2)
[Cycle] No signal — YES=0.24 is between 0.30 and 0.70, sum=1.02 >= 0.97
[Ticker] KXETH15M-26APR022100-00
[Market] YES=0.33 | NO=0.68 | Sum=1.01
==================================================
Balance: $203.49 | Regime: CHOP | Session: 7W/1L (88%) | PnL: $+16.98
[Cycle] No signal — YES=0.33 is between 0.30 and 0.70, sum=1.01 >= 0.97
[Ticker] KXETH15M-26APR022100-00
[Market] YES=0.28 | NO=0.74 | Sum=1.02
==================================================
Balance: $203.53 | Regime: CHOP | Session: 7W/1L (88%) | PnL: $+16.98
[Signal] DOWN candidate | yes=0.28 | waiting (1/2)
[Cycle] No signal — YES=0.28 is between 0.30 and 0.70, sum=1.02 >= 0.97
[Ticker] KXETH15M-26APR022100-00
[Market] YES=0.29 | NO=0.73 | Sum=1.02
==================================================
Balance: $203.33 | Regime: CHOP | Session: 7W/1L (88%) | PnL: $+16.98
[Timing] Window 5 min old — skipping
[Cycle] No signal — YES=0.29 is between 0.30 and 0.70, sum=1.02 >= 0.97
[Ticker] KXETH15M-26APR022100-00
[Market] YES=0.22 | NO=0.80 | Sum=1.02
==================================================
Balance: $203.41 | Regime: CHOP | Session: 7W/1L (88%) | PnL: $+16.98
[Timing] Window 6 min old — skipping
[Cycle] No signal — YES=0.22 is between 0.30 and 0.70, sum=1.02 >= 0.97
[Ticker] KXETH15M-26APR022100-00
[Market] YES=0.18 | NO=0.83 | Sum=1.01
==================================================
Balance: $203.61 | Regime: CHOP | Session: 7W/1L (88%) | PnL: $+16.98
[Timing] Window 7 min old — skipping
[Cycle] No signal — YES=0.18 is between 0.30 and 0.70, sum=1.01 >= 0.97
[Ticker] KXETH15M-26APR022100-00
[Market] YES=0.10 | NO=0.91 | Sum=1.01
==================================================
Balance: $203.61 | Regime: CHOP | Session: 7W/1L (88%) | PnL: $+16.98
[Timing] Window 8 min old — skipping
[Cycle] No signal — YES=0.10 is between 0.30 and 0.70, sum=1.01 >= 0.97
[Ticker] KXETH15M-26APR022100-00
[Market] YES=0.07 | NO=0.96 | Sum=1.03
==================================================
Balance: $203.89 | Regime: CHOP | Session: 7W/1L (88%) | PnL: $+16.98
[Timing] Window 9 min old — skipping
[Cycle] No signal — YES=0.07 is between 0.30 and 0.70, sum=1.03 >= 0.97
[Ticker] KXETH15M-26APR022100-00
[Market] YES=0.05 | NO=0.97 | Sum=1.02
==================================================
Balance: $203.93 | Regime: CHOP | Session: 7W/1L (88%) | PnL: $+16.98
[Timing] Window 10 min old — skipping
[Cycle] No signal — YES=0.05 is between 0.30 and 0.70, sum=1.02 >= 0.97
[Ticker] KXETH15M-26APR022100-00
[Market] YES=0.04 | NO=0.97 | Sum=1.01
==================================================
Balance: $203.88 | Regime: CHOP | Session: 7W/1L (88%) | PnL: $+16.98
[Timing] Window 11 min old — skipping
[Cycle] No signal — YES=0.04 is between 0.30 and 0.70, sum=1.01 >= 0.97
[Ticker] KXETH15M-26APR022100-00
[Market] YES=0.07 | NO=0.95 | Sum=1.02
==================================================
Balance: $203.97 | Regime: CHOP | Session: 7W/1L (88%) | PnL: $+16.98
[Timing] Window 12 min old — skipping
[Cycle] No signal — YES=0.07 is between 0.30 and 0.70, sum=1.02 >= 0.97
[Ticker] KXETH15M-26APR022100-00
[Market] YES=0.02 | NO=0.99 | Sum=1.01
==================================================
Balance: $204.04 | Regime: CHOP | Session: 7W/1L (88%) | PnL: $+16.98
[Timing] Window 13 min old — skipping
[Cycle] No signal — YES=0.02 is between 0.30 and 0.70, sum=1.01 >= 0.97
[Ticker] KXETH15M-26APR022100-00
[Market] YES=0.01 | NO=1.00 | Sum=1.01
==================================================
Balance: $204.08 | Regime: CHOP | Session: 7W/1L (88%) | PnL: $+16.98
[Timing] Window 14 min old — skipping
[Cycle] No signal — YES=0.01 is between 0.30 and 0.70, sum=1.01 >= 0.97
[Ticker] KXETH15M-26APR022115-15
[Market] YES=0.59 | NO=0.45 | Sum=1.04
==================================================
Balance: $204.09 | Regime: CHOP | Session: 7W/1L (88%) | PnL: $+16.98
[Cycle] No signal — YES=0.59 is between 0.30 and 0.70, sum=1.04 >= 0.97
[Ticker] KXETH15M-26APR022115-15
[Market] YES=0.49 | NO=0.52 | Sum=1.01
==================================================
Balance: $204.09 | Regime: CHOP | Session: 7W/1L (88%) | PnL: $+16.98
[Cycle] No signal — YES=0.49 is between 0.30 and 0.70, sum=1.01 >= 0.97
[Ticker] KXETH15M-26APR022115-15
[Market] YES=0.41 | NO=0.60 | Sum=1.01
==================================================
Balance: $204.09 | Regime: CHOP | Session: 7W/1L (88%) | PnL: $+16.98
[Cycle] No signal — YES=0.41 is between 0.30 and 0.70, sum=1.01 >= 0.97
[Ticker] KXETH15M-26APR022115-15
[Market] YES=0.51 | NO=0.50 | Sum=1.01
==================================================
Balance: $204.09 | Regime: CHOP | Session: 7W/1L (88%) | PnL: $+16.98
[Cycle] No signal — YES=0.51 is between 0.30 and 0.70, sum=1.01 >= 0.97
[Ticker] KXETH15M-26APR022115-15
[Market] YES=0.66 | NO=0.35 | Sum=1.01
==================================================
Balance: $204.09 | Regime: CHOP | Session: 7W/1L (88%) | PnL: $+16.98
[Cycle] No signal — YES=0.66 is between 0.30 and 0.70, sum=1.01 >= 0.97
[Ticker] KXETH15M-26APR022115-15
[Market] YES=0.80 | NO=0.22 | Sum=1.02
==================================================
Balance: $204.09 | Regime: CHOP | Session: 7W/1L (88%) | PnL: $+16.98
[Timing] Window 5 min old — skipping
[Cycle] No signal — YES=0.80 is between 0.30 and 0.70, sum=1.02 >= 0.97
[Ticker] KXETH15M-26APR022115-15
[Market] YES=0.69 | NO=0.32 | Sum=1.01
==================================================
Balance: $204.09 | Regime: CHOP | Session: 7W/1L (88%) | PnL: $+16.98
[Cycle] No signal — YES=0.69 is between 0.30 and 0.70, sum=1.01 >= 0.97
[Ticker] KXETH15M-26APR022115-15
[Market] YES=0.72 | NO=0.31 | Sum=1.03
==================================================
Balance: $204.09 | Regime: CHOP | Session: 7W/1L (88%) | PnL: $+16.98
[Timing] Window 7 min old — skipping
[Cycle] No signal — YES=0.72 is between 0.30 and 0.70, sum=1.03 >= 0.97
[Ticker] KXETH15M-26APR022115-15
[Market] YES=0.57 | NO=0.48 | Sum=1.05
==================================================
Balance: $204.09 | Regime: CHOP | Session: 7W/1L (88%) | PnL: $+16.98
[Cycle] No signal — YES=0.57 is between 0.30 and 0.70, sum=1.05 >= 0.97
[Ticker] KXETH15M-26APR022115-15
[Market] YES=0.82 | NO=0.20 | Sum=1.02
==================================================
Balance: $204.09 | Regime: CHOP | Session: 7W/1L (88%) | PnL: $+16.98
[Timing] Window 9 min old — skipping
[Cycle] No signal — YES=0.82 is between 0.30 and 0.70, sum=1.02 >= 0.97
[Ticker] KXETH15M-26APR022115-15
[Market] YES=0.71 | NO=0.31 | Sum=1.02
==================================================
Balance: $204.09 | Regime: CHOP | Session: 7W/1L (88%) | PnL: $+16.98
[Timing] Window 10 min old — skipping
[Cycle] No signal — YES=0.71 is between 0.30 and 0.70, sum=1.02 >= 0.97
[Ticker] KXETH15M-26APR022115-15
[Market] YES=0.46 | NO=0.58 | Sum=1.04
==================================================
Balance: $204.09 | Regime: CHOP | Session: 7W/1L (88%) | PnL: $+16.98
[Cycle] No signal — YES=0.46 is between 0.30 and 0.70, sum=1.04 >= 0.97
[Ticker] KXETH15M-26APR022115-15
[Market] YES=0.37 | NO=0.67 | Sum=1.04
==================================================
Balance: $204.09 | Regime: CHOP | Session: 7W/1L (88%) | PnL: $+16.98
[Cycle] No signal — YES=0.37 is between 0.30 and 0.70, sum=1.04 >= 0.97
[Ticker] KXETH15M-26APR022115-15
[Market] YES=0.97 | NO=0.04 | Sum=1.00
==================================================
Balance: $204.09 | Regime: CHOP | Session: 7W/1L (88%) | PnL: $+16.98
[Timing] Window 13 min old — skipping
[Cycle] No signal — YES=0.97 is between 0.30 and 0.70, sum=1.00 >= 0.97
[Ticker] KXETH15M-26APR022115-15
[Market] YES=1.00 | NO=0.01 | Sum=1.01
==================================================
Balance: $204.09 | Regime: CHOP | Session: 7W/1L (88%) | PnL: $+16.98
[Timing] Window 14 min old — skipping
[Cycle] No signal — YES=1.00 is between 0.30 and 0.70, sum=1.01 >= 0.97
[Ticker] KXETH15M-26APR022130-30
[Market] YES=0.49 | NO=0.52 | Sum=1.01
==================================================
Balance: $204.09 | Regime: CHOP | Session: 7W/1L (88%) | PnL: $+16.98
[Cycle] No signal — YES=0.49 is between 0.30 and 0.70, sum=1.01 >= 0.97
[Ticker] KXETH15M-26APR022130-30
[Market] YES=0.40 | NO=0.63 | Sum=1.03
==================================================
Balance: $204.09 | Regime: CHOP | Session: 7W/1L (88%) | PnL: $+16.98
[Cycle] No signal — YES=0.40 is between 0.30 and 0.70, sum=1.03 >= 0.97
[Ticker] KXETH15M-26APR022130-30
[Market] YES=0.37 | NO=0.66 | Sum=1.03
==================================================
Balance: $204.09 | Regime: CHOP | Session: 7W/1L (88%) | PnL: $+16.98
[Cycle] No signal — YES=0.37 is between 0.30 and 0.70, sum=1.03 >= 0.97
[Ticker] KXETH15M-26APR022130-30
[Market] YES=0.50 | NO=0.52 | Sum=1.02
==================================================
Balance: $204.09 | Regime: CHOP | Session: 7W/1L (88%) | PnL: $+16.98
[Cycle] No signal — YES=0.50 is between 0.30 and 0.70, sum=1.02 >= 0.97
[Ticker] KXETH15M-26APR022130-30
[Market] YES=0.43 | NO=0.58 | Sum=1.01
==================================================
Balance: $204.09 | Regime: CHOP | Session: 7W/1L (88%) | PnL: $+16.98
[Cycle] No signal — YES=0.43 is between 0.30 and 0.70, sum=1.01 >= 0.97
[Ticker] KXETH15M-26APR022130-30
[Market] YES=0.34 | NO=0.67 | Sum=1.01
==================================================
Balance: $204.09 | Regime: CHOP | Session: 7W/1L (88%) | PnL: $+16.98
[Cycle] No signal — YES=0.34 is between 0.30 and 0.70, sum=1.01 >= 0.97
[Ticker] KXETH15M-26APR022130-30
[Market] YES=0.46 | NO=0.57 | Sum=1.03
==================================================
Balance: $204.09 | Regime: CHOP | Session: 7W/1L (88%) | PnL: $+16.98
[Cycle] No signal — YES=0.46 is between 0.30 and 0.70, sum=1.03 >= 0.97
[Ticker] KXETH15M-26APR022130-30
[Market] YES=0.61 | NO=0.41 | Sum=1.02
==================================================
Balance: $204.09 | Regime: CHOP | Session: 7W/1L (88%) | PnL: $+16.98
[Cycle] No signal — YES=0.61 is between 0.30 and 0.70, sum=1.02 >= 0.97
[Ticker] KXETH15M-26APR022130-30
[Market] YES=0.82 | NO=0.20 | Sum=1.02
==================================================
Balance: $204.09 | Regime: CHOP | Session: 7W/1L (88%) | PnL: $+16.98
[Timing] Window 8 min old — skipping
[Cycle] No signal — YES=0.82 is between 0.30 and 0.70, sum=1.02 >= 0.97
[Ticker] KXETH15M-26APR022130-30
[Market] YES=0.91 | NO=0.11 | Sum=1.02
==================================================
Balance: $204.09 | Regime: CHOP | Session: 7W/1L (88%) | PnL: $+16.98
[Timing] Window 9 min old — skipping
[Cycle] No signal — YES=0.91 is between 0.30 and 0.70, sum=1.02 >= 0.97
[Ticker] KXETH15M-26APR022130-30
[Market] YES=0.96 | NO=0.05 | Sum=1.01
==================================================
Balance: $204.09 | Regime: CHOP | Session: 7W/1L (88%) | PnL: $+16.98
[Timing] Window 10 min old — skipping
[Cycle] No signal — YES=0.96 is between 0.30 and 0.70, sum=1.01 >= 0.97
[Ticker] KXETH15M-26APR022130-30
[Market] YES=0.99 | NO=0.02 | Sum=1.01
==================================================
Balance: $204.09 | Regime: CHOP | Session: 7W/1L (88%) | PnL: $+16.98
[Timing] Window 11 min old — skipping
[Cycle] No signal — YES=0.99 is between 0.30 and 0.70, sum=1.01 >= 0.97
[Ticker] KXETH15M-26APR022130-30
[Market] YES=1.00 | NO=0.01 | Sum=1.00
==================================================
Balance: $204.09 | Regime: CHOP | Session: 7W/1L (88%) | PnL: $+16.98
[Timing] Window 12 min old — skipping
[Cycle] No signal — YES=1.00 is between 0.30 and 0.70, sum=1.00 >= 0.97
[Ticker] KXETH15M-26APR022130-30
[Market] YES=1.00 | NO=0.00 | Sum=1.00
==================================================
Balance: $204.09 | Regime: CHOP | Session: 7W/1L (88%) | PnL: $+16.98
[Timing] Window 13 min old — skipping
[Cycle] No signal — YES=1.00 is between 0.30 and 0.70, sum=1.00 >= 0.97
[Ticker] KXETH15M-26APR022130-30
[Market] YES=1.00 | NO=0.00 | Sum=1.00
==================================================
Balance: $204.09 | Regime: CHOP | Session: 7W/1L (88%) | PnL: $+16.98
[Timing] Window 14 min old — skipping
[Cycle] No signal — YES=1.00 is between 0.30 and 0.70, sum=1.00 >= 0.97
[Ticker] KXETH15M-26APR022145-45
[Market] YES=0.56 | NO=0.47 | Sum=1.03
==================================================
Balance: $204.09 | Regime: CHOP | Session: 7W/1L (88%) | PnL: $+16.98
[Cycle] No signal — YES=0.56 is between 0.30 and 0.70, sum=1.03 >= 0.97
[Ticker] KXETH15M-26APR022145-45
[Market] YES=0.61 | NO=0.40 | Sum=1.01
==================================================
Balance: $204.09 | Regime: CHOP | Session: 7W/1L (88%) | PnL: $+16.98
[Cycle] No signal — YES=0.61 is between 0.30 and 0.70, sum=1.01 >= 0.97
[Ticker] KXETH15M-26APR022145-45
[Market] YES=0.80 | NO=0.21 | Sum=1.01
==================================================
Balance: $204.09 | Regime: CHOP | Session: 7W/1L (88%) | PnL: $+16.98
[Signal] UP candidate | yes=0.80 | waiting (1/2)
[Cycle] No signal — YES=0.80 is between 0.30 and 0.70, sum=1.01 >= 0.97
[Ticker] KXETH15M-26APR022145-45
[Market] YES=0.72 | NO=0.30 | Sum=1.02
==================================================
Balance: $204.09 | Regime: CHOP | Session: 7W/1L (88%) | PnL: $+16.98
[Coinbase] Confirms UP | $2060 gap=+2 (0.08%)
[Kraken] Divergence 3146.24% — bet trimmed
[Correlation] 2/3 agree UP
[Signal] CONFIRMED UP | yes=0.72 | edge=0.22 | bet=$1.80
[Order] KXETH15M-26APR022145-45 | yes | count=4 | $2.00
✅ BTC DIRECTIONAL: UP $2.00 on KXETH15M-26APR022145-45
[Positions] 1 still open
[Ticker] KXETH15M-26APR022145-45
[Market] YES=0.61 | NO=0.42 | Sum=1.03
==================================================
Balance: $203.87 | Regime: CHOP | Session: 7W/1L (88%) | PnL: $+16.98
[Cycle] No signal — YES=0.61 is between 0.30 and 0.70, sum=1.03 >= 0.97
[Positions] 1 still open
[Ticker] KXETH15M-26APR022145-45
[Market] YES=0.11 | NO=0.91 | Sum=1.02
==================================================
Balance: $201.63 | Regime: CHOP | Session: 7W/1L (88%) | PnL: $+16.98
[Timing] Window 5 min old — skipping
[Cycle] No signal — YES=0.11 is between 0.30 and 0.70, sum=1.02 >= 0.97
[Positions] 1 still open
[Ticker] KXETH15M-26APR022145-45
[Market] YES=0.04 | NO=0.97 | Sum=1.01
==================================================
Balance: $201.39 | Regime: CHOP | Session: 7W/1L (88%) | PnL: $+16.98
[Timing] Window 6 min old — skipping
[Cycle] No signal — YES=0.04 is between 0.30 and 0.70, sum=1.01 >= 0.97
[Positions] 1 still open
[Ticker] KXETH15M-26APR022145-45
[Market] YES=0.03 | NO=0.97 | Sum=1.00
==================================================
Balance: $201.29 | Regime: CHOP | Session: 7W/1L (88%) | PnL: $+16.98
[Timing] Window 7 min old — skipping
[Cycle] No signal — YES=0.03 is between 0.30 and 0.70, sum=1.00 >= 0.97
[Positions] 1 still open
[Ticker] KXETH15M-26APR022145-45
[Market] YES=0.02 | NO=0.98 | Sum=1.00
==================================================
Balance: $201.23 | Regime: CHOP | Session: 7W/1L (88%) | PnL: $+16.98
[Timing] Window 8 min old — skipping
[Cycle] No signal — YES=0.02 is between 0.30 and 0.70, sum=1.00 >= 0.97
[Positions] 1 still open
[Ticker] KXETH15M-26APR022145-45
[Market] YES=0.02 | NO=0.99 | Sum=1.01
==================================================
Balance: $201.19 | Regime: CHOP | Session: 7W/1L (88%) | PnL: $+16.98
[Timing] Window 9 min old — skipping
[Cycle] No signal — YES=0.02 is between 0.30 and 0.70, sum=1.01 >= 0.97
[CashOut] UP on KXETH15M-26APR022145-45 moved 0.70 against — exiting early
[Ticker] KXETH15M-26APR022145-45
[Market] YES=0.01 | NO=1.00 | Sum=1.01
==================================================
Balance: $201.19 | Regime: CHOP | Session: 7W/1L (88%) | PnL: $+16.98
[Timing] Window 10 min old — skipping
[Cycle] No signal — YES=0.01 is between 0.30 and 0.70, sum=1.01 >= 0.97

==================================================
OpenClaw ETH Bot v4.0 — LIVE
[Startup] Live balance synced: $201.15
Balance: $201.15 | MaxBet: $3.52 | Threshold: <0.30 or >0.70
==================================================

[Startup] Restored: KXETH15M-26APR022145-45 $2.88 DOWN
[Startup] Loaded 1 BTC position(s)
[Startup] Resting orders cleared
[Ticker] KXETH15M-26APR022145-45
[Market] YES=0.00 | NO=1.00 | Sum=1.00
==================================================
Balance: $201.19 | Regime: CHOP | Session: 0W/0L (0%) | PnL: $+0.00
[Timing] Window 11 min old — skipping
[Cycle] No signal — YES=0.00 is between 0.30 and 0.70, sum=1.00 >= 0.97
[Positions] 1 still open
[Ticker] KXETH15M-26APR022145-45
[Market] YES=0.00 | NO=1.00 | Sum=1.00
==================================================
Balance: $201.16 | Regime: CHOP | Session: 0W/0L (0%) | PnL: $+0.00
[Timing] Window 12 min old — skipping
[Cycle] No signal — YES=0.00 is between 0.30 and 0.70, sum=1.00 >= 0.97
[Positions] 1 still open
[Ticker] KXETH15M-26APR022145-45
[Market] YES=0.00 | NO=1.00 | Sum=1.00
==================================================
Balance: $201.18 | Regime: CHOP | Session: 0W/0L (0%) | PnL: $+0.00
[Timing] Window 13 min old — skipping
[Cycle] No signal — YES=0.00 is between 0.30 and 0.70, sum=1.00 >= 0.97
[Positions] 1 still open
[Ticker] KXETH15M-26APR022145-45
[Market] YES=0.00 | NO=1.00 | Sum=1.00
==================================================
Balance: $201.15 | Regime: CHOP | Session: 0W/0L (0%) | PnL: $+0.00
[Timing] Window 14 min old — skipping
[Cycle] No signal — YES=0.00 is between 0.30 and 0.70, sum=1.00 >= 0.97
[Positions] 1 still open
[Ticker] KXETH15M-26APR022145-45
[Market] YES=0.00 | NO=1.00 | Sum=1.00
==================================================
Balance: $201.15 | Regime: CHOP | Session: 0W/0L (0%) | PnL: $+0.00
[Timing] Window 0 min old — skipping
[Cycle] No signal — YES=0.00 is between 0.30 and 0.70, sum=1.00 >= 0.97
[Positions] 1 still open
[Ticker] KXETH15M-26APR022200-00
[Market] YES=0.32 | NO=0.69 | Sum=1.01
==================================================
Balance: $201.15 | Regime: CHOP | Session: 0W/0L (0%) | PnL: $+0.00
[Cycle] No signal — YES=0.32 is between 0.30 and 0.70, sum=1.01 >= 0.97
[Positions] 1 still open
[Ticker] KXETH15M-26APR022200-00
[Market] YES=0.27 | NO=0.74 | Sum=1.01
==================================================
Balance: $201.15 | Regime: CHOP | Session: 0W/0L (0%) | PnL: $+0.00
[Signal] DOWN candidate | yes=0.27 | waiting (1/2)
[Cycle] No signal — YES=0.27 is between 0.30 and 0.70, sum=1.01 >= 0.97
[Positions] 1 still open
[Ticker] KXETH15M-26APR022200-00
[Market] YES=0.35 | NO=0.66 | Sum=1.01
==================================================
Balance: $201.29 | Regime: CHOP | Session: 0W/0L (0%) | PnL: $+0.00
[Cycle] No signal — YES=0.35 is between 0.30 and 0.70, sum=1.01 >= 0.97
[Positions] 1 still open

==================================================
OpenClaw ETH Bot v4.0 — LIVE
[Startup] Live balance synced: $200.85
Balance: $200.85 | MaxBet: $3.51 | Threshold: <0.30 or >0.70
==================================================

[Startup] Resting orders cleared
[Ticker] KXETH15M-26APR022200-00
[Market] YES=0.35 | NO=0.67 | Sum=1.02
==================================================
Balance: $200.85 | Regime: CHOP | Session: 0W/0L (0%) | PnL: $+0.00
[Cycle] No signal — YES=0.35 is between 0.30 and 0.70, sum=1.02 >= 0.97
[Ticker] KXETH15M-26APR022200-00
[Market] YES=0.52 | NO=0.50 | Sum=1.02
==================================================
Balance: $200.37 | Regime: CHOP | Session: 0W/0L (0%) | PnL: $+0.00
[Cycle] No signal — YES=0.52 is between 0.30 and 0.70, sum=1.02 >= 0.97
[Ticker] KXETH15M-26APR022200-00
[Market] YES=0.42 | NO=0.62 | Sum=1.04
==================================================
Balance: $200.77 | Regime: CHOP | Session: 0W/0L (0%) | PnL: $+0.00
[Cycle] No signal — YES=0.42 is between 0.30 and 0.70, sum=1.04 >= 0.97
[Ticker] KXETH15M-26APR022200-00
[Market] YES=0.24 | NO=0.77 | Sum=1.01
==================================================
Balance: $201.01 | Regime: CHOP | Session: 0W/0L (0%) | PnL: $+0.00
[Confidence] Score=4/10 | moderate_edge,coinbase_weak,all3_agree
[Timing] Window 6 min old — skipping
[Cycle] No signal — YES=0.24 is between 0.30 and 0.70, sum=1.01 >= 0.97
[Ticker] KXETH15M-26APR022200-00
[Market] YES=0.52 | NO=0.50 | Sum=1.02
==================================================
Balance: $201.05 | Regime: CHOP | Session: 0W/0L (0%) | PnL: $+0.00
[Cycle] No signal — YES=0.52 is between 0.30 and 0.70, sum=1.02 >= 0.97
[Ticker] KXETH15M-26APR022200-00
[Market] YES=0.71 | NO=0.31 | Sum=1.02
==================================================
Balance: $201.09 | Regime: CHOP | Session: 0W/0L (0%) | PnL: $+0.00
[Confidence] Score=2/10 | moderate_edge,coinbase_weak
[Timing] Window 8 min old — skipping
[Cycle] No signal — YES=0.71 is between 0.30 and 0.70, sum=1.02 >= 0.97
[Ticker] KXETH15M-26APR022200-00
[Market] YES=0.66 | NO=0.35 | Sum=1.01
==================================================
Balance: $201.29 | Regime: CHOP | Session: 0W/0L (0%) | PnL: $+0.00
[Cycle] No signal — YES=0.66 is between 0.30 and 0.70, sum=1.01 >= 0.97
[Ticker] KXETH15M-26APR022200-00
[Market] YES=0.83 | NO=0.19 | Sum=1.02
==================================================
Balance: $200.93 | Regime: CHOP | Session: 0W/0L (0%) | PnL: $+0.00
[Confidence] Score=3/10 | strong_edge,coinbase_weak
[Timing] Window 10 min old — skipping
[Cycle] No signal — YES=0.83 is between 0.30 and 0.70, sum=1.02 >= 0.97
[Ticker] KXETH15M-26APR022200-00
[Market] YES=0.89 | NO=0.15 | Sum=1.04
==================================================
Balance: $200.61 | Regime: CHOP | Session: 0W/0L (0%) | PnL: $+0.00
[Confidence] Score=3/10 | strong_edge,coinbase_weak
[Timing] Window 11 min old — skipping
[Cycle] No signal — YES=0.89 is between 0.30 and 0.70, sum=1.04 >= 0.97
[Ticker] KXETH15M-26APR022200-00
[Market] YES=0.81 | NO=0.23 | Sum=1.04
==================================================
Balance: $201.65 | Regime: CHOP | Session: 0W/0L (0%) | PnL: $+0.00
[Confidence] Score=3/10 | strong_edge,coinbase_weak
[Timing] Window 12 min old — skipping
[Cycle] No signal — YES=0.81 is between 0.30 and 0.70, sum=1.04 >= 0.97
[Ticker] KXETH15M-26APR022200-00
[Market] YES=1.00 | NO=0.01 | Sum=1.01
==================================================
Balance: $201.77 | Regime: CHOP | Session: 0W/0L (0%) | PnL: $+0.00
[Confidence] Score=4/10 | extreme_edge,coinbase_weak
[Timing] Window 13 min old — skipping
[Cycle] No signal — YES=1.00 is between 0.30 and 0.70, sum=1.01 >= 0.97
[Ticker] KXETH15M-26APR022200-00
[Market] YES=1.00 | NO=0.01 | Sum=1.00
==================================================
Balance: $202.08 | Regime: CHOP | Session: 0W/0L (0%) | PnL: $+0.00
[Confidence] Score=4/10 | extreme_edge,coinbase_weak
[Timing] Window 14 min old — skipping
[Cycle] No signal — YES=1.00 is between 0.30 and 0.70, sum=1.00 >= 0.97
[Ticker] KXETH15M-26APR022215-15
[Market] YES=0.39 | NO=0.62 | Sum=1.01
==================================================
Balance: $202.09 | Regime: CHOP | Session: 0W/0L (0%) | PnL: $+0.00
[Cycle] No signal — YES=0.39 is between 0.30 and 0.70, sum=1.01 >= 0.97
[Ticker] KXETH15M-26APR022215-15
[Market] YES=0.32 | NO=0.72 | Sum=1.04
==================================================
Balance: $202.09 | Regime: CHOP | Session: 0W/0L (0%) | PnL: $+0.00
[Cycle] No signal — YES=0.32 is between 0.30 and 0.70, sum=1.04 >= 0.97
[Ticker] KXETH15M-26APR022215-15
[Market] YES=0.42 | NO=0.61 | Sum=1.03
==================================================
Balance: $202.09 | Regime: CHOP | Session: 0W/0L (0%) | PnL: $+0.00
[Cycle] No signal — YES=0.42 is between 0.30 and 0.70, sum=1.03 >= 0.97
[Ticker] KXETH15M-26APR022215-15
[Market] YES=0.27 | NO=0.75 | Sum=1.02
==================================================
Balance: $202.09 | Regime: CHOP | Session: 0W/0L (0%) | PnL: $+0.00
[Confidence] Score=4/10 | moderate_edge,coinbase_weak,all3_agree
[Signal] DOWN candidate | yes=0.27 | waiting (1/2)
[Cycle] No signal — YES=0.27 is between 0.30 and 0.70, sum=1.02 >= 0.97
[Ticker] KXETH15M-26APR022215-15
[Market] YES=0.27 | NO=0.76 | Sum=1.03
==================================================
Balance: $202.00 | Regime: CHOP | Session: 0W/0L (0%) | PnL: $+0.00
[Confidence] Score=3/10 | moderate_edge,coinbase_weak,2of3_agree
[Coinbase] Confirms DOWN | $2047 gap=-3 (0.14%)
[Kraken] Divergence 3149.46% — bet trimmed
[Correlation] 2/3 agree DOWN
[Signal] CONFIRMED DOWN | yes=0.27 | edge=0.23 | bet=$2.93
[Order] KXETH15M-26APR022215-15 | no | count=5 | $2.93
✅ ETH DIRECTIONAL: DOWN $2.93 on KXETH15M-26APR022215-15
[Positions] 1 still open
[Ticker] KXETH15M-26APR022215-15
[Market] YES=0.30 | NO=0.71 | Sum=1.01
==================================================
Balance: $201.85 | Regime: CHOP | Session: 0W/0L (0%) | PnL: $+0.00
[Cycle] No signal — YES=0.30 is between 0.30 and 0.70, sum=1.01 >= 0.97
[Positions] 1 still open
[Ticker] KXETH15M-26APR022215-15
[Market] YES=0.38 | NO=0.65 | Sum=1.03
==================================================
Balance: $200.97 | Regime: CHOP | Session: 0W/0L (0%) | PnL: $+0.00
[Cycle] No signal — YES=0.38 is between 0.30 and 0.70, sum=1.03 >= 0.97
[Positions] 1 still open
[Ticker] KXETH15M-26APR022215-15
[Market] YES=0.20 | NO=0.81 | Sum=1.01
==================================================
Balance: $202.96 | Regime: CHOP | Session: 0W/0L (0%) | PnL: $+0.00
[Confidence] Score=5/10 | strong_edge,coinbase_weak,all3_agree
[Timing] Window 7 min old — skipping
[Cycle] No signal — YES=0.20 is between 0.30 and 0.70, sum=1.01 >= 0.97
[Positions] 1 still open
[Ticker] KXETH15M-26APR022215-15
[Market] YES=0.13 | NO=0.88 | Sum=1.01
==================================================
Balance: $203.53 | Regime: CHOP | Session: 0W/0L (0%) | PnL: $+0.00
[Confidence] Score=5/10 | strong_edge,coinbase_weak,all3_agree
[Timing] Window 8 min old — skipping
[Cycle] No signal — YES=0.13 is between 0.30 and 0.70, sum=1.01 >= 0.97
[Positions] 1 still open
[Ticker] KXETH15M-26APR022215-15
[Market] YES=0.06 | NO=0.95 | Sum=1.01
==================================================
Balance: $204.10 | Regime: CHOP | Session: 0W/0L (0%) | PnL: $+0.00
[Confidence] Score=5/10 | strong_edge,coinbase_weak,all3_agree
[Timing] Window 9 min old — skipping
[Cycle] No signal — YES=0.06 is between 0.30 and 0.70, sum=1.01 >= 0.97
[Positions] 1 still open
[Ticker] KXETH15M-26APR022215-15
[Market] YES=0.02 | NO=0.99 | Sum=1.01
==================================================
Balance: $204.48 | Regime: CHOP | Session: 0W/0L (0%) | PnL: $+0.00
[Confidence] Score=6/10 | extreme_edge,coinbase_weak,all3_agree
[Timing] Window 10 min old — skipping
[Cycle] No signal — YES=0.02 is between 0.30 and 0.70, sum=1.01 >= 0.97
[Positions] 1 still open
[Ticker] KXETH15M-26APR022215-15
[Market] YES=0.01 | NO=0.99 | Sum=1.00
==================================================
Balance: $204.55 | Regime: CHOP | Session: 0W/0L (0%) | PnL: $+0.00
[Confidence] Score=5/10 | extreme_edge,coinbase_weak,2of3_agree
[Timing] Window 11 min old — skipping
[Cycle] No signal — YES=0.01 is between 0.30 and 0.70, sum=1.00 >= 0.97
[Positions] 1 still open
[Ticker] KXETH15M-26APR022215-15
[Market] YES=0.01 | NO=1.00 | Sum=1.01
==================================================
Balance: $204.53 | Regime: CHOP | Session: 0W/0L (0%) | PnL: $+0.00
[Confidence] Score=6/10 | extreme_edge,coinbase_weak,all3_agree
[Timing] Window 12 min old — skipping
[Cycle] No signal — YES=0.01 is between 0.30 and 0.70, sum=1.01 >= 0.97
[Positions] 1 still open
[Ticker] KXETH15M-26APR022215-15
[Market] YES=0.38 | NO=0.66 | Sum=1.04
==================================================
Balance: $202.71 | Regime: CHOP | Session: 0W/0L (0%) | PnL: $+0.00
[Cycle] No signal — YES=0.38 is between 0.30 and 0.70, sum=1.04 >= 0.97
[Positions] 1 still open
[Ticker] KXETH15M-26APR022215-15
[Market] YES=0.06 | NO=0.96 | Sum=1.02
==================================================
Balance: $202.38 | Regime: CHOP | Session: 0W/0L (0%) | PnL: $+0.00
[Confidence] Score=5/10 | strong_edge,coinbase_weak,all3_agree
[Timing] Window 14 min old — skipping
[Cycle] No signal — YES=0.06 is between 0.30 and 0.70, sum=1.02 >= 0.97
[Positions] 1 still open
[Ticker] KXETH15M-26APR022230-30
[Market] YES=0.63 | NO=0.39 | Sum=1.02
==================================================
Balance: $204.64 | Regime: CHOP | Session: 0W/0L (0%) | PnL: $+0.00
[Cycle] No signal — YES=0.63 is between 0.30 and 0.70, sum=1.02 >= 0.97
[Positions] 1 still open
[Ticker] KXETH15M-26APR022230-30
[Market] YES=0.72 | NO=0.29 | Sum=1.01
==================================================
Balance: $204.64 | Regime: CHOP | Session: 0W/0L (0%) | PnL: $+0.00
[Confidence] Score=2/10 | moderate_edge,coinbase_weak
[Signal] UP candidate | yes=0.72 | waiting (1/2)
[Cycle] No signal — YES=0.72 is between 0.30 and 0.70, sum=1.01 >= 0.97
[Positions] 1 still open
[Ticker] KXETH15M-26APR022230-30
[Market] YES=0.95 | NO=0.07 | Sum=1.01
==================================================
Balance: $204.59 | Regime: CHOP | Session: 0W/0L (0%) | PnL: $+0.00
[Confidence] Score=3/10 | strong_edge,coinbase_weak
[Coinbase] Confirms UP | $2058 gap=+9 (0.42%)
[Kraken] Divergence 3141.72% — bet trimmed
[Correlation] 2/3 agree UP
[Signal] CONFIRMED UP | yes=0.95 | edge=0.45 | bet=$5.86
[Order] KXETH15M-26APR022230-30 | yes | count=11 | $5.86
✅ ETH DIRECTIONAL: UP $5.86 on KXETH15M-26APR022230-30
[Positions] 2 still open
[Ticker] KXETH15M-26APR022230-30
[Market] YES=0.91 | NO=0.11 | Sum=1.02
==================================================
Balance: $203.60 | Regime: CHOP | Session: 0W/0L (0%) | PnL: $+0.00
[Confidence] Score=3/10 | strong_edge,coinbase_weak
[Signal] UP candidate | yes=0.91 | waiting (1/2)
[Cycle] No signal — YES=0.91 is between 0.30 and 0.70, sum=1.02 >= 0.97
[Positions] 2 still open
[Ticker] KXETH15M-26APR022230-30
[Market] YES=0.96 | NO=0.05 | Sum=1.01
==================================================
Balance: $205.37 | Regime: CHOP | Session: 0W/0L (0%) | PnL: $+0.00
[Confidence] Score=4/10 | extreme_edge,coinbase_weak
[Coinbase] Confirms UP | $2059 gap=+9 (0.46%)
[Kraken] Divergence 3139.09% — bet trimmed
[Correlation] Markets diverging — bet trimmed
[Signal] CONFIRMED UP | yes=0.96 | edge=0.46 | bet=$5.30
[DoubleDown] edge=0.46 — adding $2.93
[Order] Already have UP on KXETH15M-26APR022230-30 — skipping
[Cycle] No signal — YES=0.96 is between 0.30 and 0.70, sum=1.01 >= 0.97
[Positions] 2 still open
[Ticker] KXETH15M-26APR022230-30
[Market] YES=0.93 | NO=0.08 | Sum=1.01
==================================================
Balance: $205.02 | Regime: CHOP | Session: 0W/0L (0%) | PnL: $+0.00
[Confidence] Score=3/10 | strong_edge,coinbase_weak
[Timing] Window 5 min old — skipping
[Cycle] No signal — YES=0.93 is between 0.30 and 0.70, sum=1.01 >= 0.97
[Positions] 2 still open
[Ticker] KXETH15M-26APR022230-30
[Market] YES=0.88 | NO=0.13 | Sum=1.01
==================================================
Balance: $204.12 | Regime: CHOP | Session: 0W/0L (0%) | PnL: $+0.00
[Confidence] Score=3/10 | strong_edge,coinbase_weak
[Timing] Window 6 min old — skipping
[Cycle] No signal — YES=0.88 is between 0.30 and 0.70, sum=1.01 >= 0.97
[Settled] WIN: DOWN $2.93 on KXETH15M-26APR022215-15 | pnl=$+2.07 | 1W/0L (100%)
[Positions] 1 still open
[Ticker] KXETH15M-26APR022230-30
[Market] YES=0.88 | NO=0.13 | Sum=1.01
==================================================
Balance: $203.39 | Regime: CHOP | Session: 1W/0L (100%) | PnL: $+2.07
[Confidence] Score=3/10 | strong_edge,coinbase_weak
[Timing] Window 7 min old — skipping
[Cycle] No signal — YES=0.88 is between 0.30 and 0.70, sum=1.01 >= 0.97
[Positions] 1 still open
[Ticker] KXETH15M-26APR022230-30
[Market] YES=0.92 | NO=0.13 | Sum=1.05
==================================================
Balance: $203.06 | Regime: CHOP | Session: 1W/0L (100%) | PnL: $+2.07
[Confidence] Score=3/10 | strong_edge,coinbase_weak
[Timing] Window 8 min old — skipping
[Cycle] No signal — YES=0.92 is between 0.30 and 0.70, sum=1.05 >= 0.97
[Positions] 1 still open
[Ticker] KXETH15M-26APR022230-30
[Market] YES=0.97 | NO=0.04 | Sum=1.01
==================================================
Balance: $205.65 | Regime: CHOP | Session: 1W/0L (100%) | PnL: $+2.07
[Confidence] Score=4/10 | extreme_edge,coinbase_weak
[Timing] Window 9 min old — skipping
[Cycle] No signal — YES=0.97 is between 0.30 and 0.70, sum=1.01 >= 0.97
[Positions] 1 still open
[Ticker] KXETH15M-26APR022230-30
[Market] YES=0.97 | NO=0.04 | Sum=1.01
==================================================
Balance: $206.17 | Regime: CHOP | Session: 1W/0L (100%) | PnL: $+2.07
[Confidence] Score=4/10 | extreme_edge,coinbase_weak
[Timing] Window 10 min old — skipping
[Cycle] No signal — YES=0.97 is between 0.30 and 0.70, sum=1.01 >= 0.97
[Positions] 1 still open
[Ticker] KXETH15M-26APR022230-30
[Market] YES=0.97 | NO=0.04 | Sum=1.01
==================================================
Balance: $204.31 | Regime: CHOP | Session: 1W/0L (100%) | PnL: $+2.07
[Confidence] Score=4/10 | extreme_edge,coinbase_weak
[Timing] Window 11 min old — skipping
[Cycle] No signal — YES=0.97 is between 0.30 and 0.70, sum=1.01 >= 0.97
[Positions] 1 still open
[Ticker] KXETH15M-26APR022230-30
[Market] YES=0.77 | NO=0.26 | Sum=1.03
==================================================
Balance: $205.47 | Regime: CHOP | Session: 1W/0L (100%) | PnL: $+2.07
[Confidence] Score=2/10 | moderate_edge,coinbase_weak
[Timing] Window 12 min old — skipping
[Cycle] No signal — YES=0.77 is between 0.30 and 0.70, sum=1.03 >= 0.97
[ProfitLock] UP on KXETH15M-26APR022230-30 win=0.77 reversing — locking profit
[Ticker] KXETH15M-26APR022230-30
[Market] YES=0.40 | NO=0.65 | Sum=1.05
==================================================
Balance: $191.16 | Regime: CHOP | Session: 1W/0L (100%) | PnL: $+2.07
[Cycle] No signal — YES=0.40 is between 0.30 and 0.70, sum=1.05 >= 0.97
[Ticker] KXETH15M-26APR022230-30
[Market] YES=0.01 | NO=1.00 | Sum=1.01
==================================================
Balance: $184.76 | Regime: CHOP | Session: 1W/0L (100%) | PnL: $+2.07
[Confidence] Score=6/10 | extreme_edge,coinbase_weak,all3_agree
[Timing] Window 14 min old — skipping
[Cycle] No signal — YES=0.01 is between 0.30 and 0.70, sum=1.01 >= 0.97
[Ticker] KXETH15M-26APR022245-45
[Market] YES=0.39 | NO=0.62 | Sum=1.01
==================================================
Balance: $183.06 | Regime: CHOP | Session: 1W/0L (100%) | PnL: $+2.07
[Cycle] No signal — YES=0.39 is between 0.30 and 0.70, sum=1.01 >= 0.97
[Ticker] KXETH15M-26APR022245-45
[Market] YES=0.23 | NO=0.78 | Sum=1.01
==================================================
Balance: $183.06 | Regime: CHOP | Session: 1W/0L (100%) | PnL: $+2.07
[Confidence] Score=4/10 | moderate_edge,coinbase_weak,all3_agree
[Signal] DOWN candidate | yes=0.23 | waiting (1/2)
[Cycle] No signal — YES=0.23 is between 0.30 and 0.70, sum=1.01 >= 0.97
[Ticker] KXETH15M-26APR022245-45
[Market] YES=0.18 | NO=0.84 | Sum=1.02
==================================================
Balance: $183.06 | Regime: CHOP | Session: 1W/0L (100%) | PnL: $+2.07
[Confidence] Score=5/10 | strong_edge,coinbase_weak,all3_agree
[Coinbase] Confirms DOWN | $2043 gap=-7 (0.34%)
[Kraken] Divergence 3149.77% — bet trimmed
[Correlation] All 3 agree — bet boosted
[Signal] CONFIRMED DOWN | yes=0.18 | edge=0.32 | bet=$5.76
[Safety] Balance $183.06 below floor $185.00
🛑 OpenClaw ETH Bot v4.0 halted: Balance $183.06 below floor $185.00

==================================================
OpenClaw ETH Bot v4.0 — LIVE
[Startup] Live balance synced: $183.06
Balance: $183.06 | MaxBet: $12.81 | Threshold: <0.30 or >0.70
==================================================

[Startup] Resting orders cleared
[Ticker] KXETH15M-26APR022245-45
[Market] YES=0.35 | NO=0.66 | Sum=1.01
==================================================
Balance: $183.06 | Regime: CHOP | Session: 0W/0L (0%) | PnL: $+0.00
[Cycle] No signal — YES=0.35 is between 0.30 and 0.70, sum=1.01 >= 0.97
[Ticker] KXETH15M-26APR022245-45
[Market] YES=0.45 | NO=0.58 | Sum=1.03
==================================================
Balance: $183.06 | Regime: CHOP | Session: 0W/0L (0%) | PnL: $+0.00
[Cycle] No signal — YES=0.45 is between 0.30 and 0.70, sum=1.03 >= 0.97
[Ticker] KXETH15M-26APR022245-45
[Market] YES=0.40 | NO=0.63 | Sum=1.03
==================================================
Balance: $183.06 | Regime: CHOP | Session: 0W/0L (0%) | PnL: $+0.00
[Cycle] No signal — YES=0.40 is between 0.30 and 0.70, sum=1.03 >= 0.97
[Ticker] KXETH15M-26APR022245-45
[Market] YES=0.35 | NO=0.67 | Sum=1.02
==================================================
Balance: $183.06 | Regime: CHOP | Session: 0W/0L (0%) | PnL: $+0.00
[Cycle] No signal — YES=0.35 is between 0.30 and 0.70, sum=1.02 >= 0.97
[Ticker] KXETH15M-26APR022245-45
[Market] YES=0.31 | NO=0.72 | Sum=1.03
==================================================
Balance: $183.06 | Regime: CHOP | Session: 0W/0L (0%) | PnL: $+0.00
[Cycle] No signal — YES=0.31 is between 0.30 and 0.70, sum=1.03 >= 0.97
[Ticker] KXETH15M-26APR022245-45
[Market] YES=0.06 | NO=0.95 | Sum=1.01
==================================================
Balance: $183.06 | Regime: CHOP | Session: 0W/0L (0%) | PnL: $+0.00
[Confidence] Score=5/10 | strong_edge,coinbase_weak,all3_agree
[Timing] Window 9 min old — skipping
[Cycle] No signal — YES=0.06 is between 0.30 and 0.70, sum=1.01 >= 0.97
[Ticker] KXETH15M-26APR022245-45
[Market] YES=0.05 | NO=0.96 | Sum=1.01
==================================================
Balance: $183.06 | Regime: CHOP | Session: 0W/0L (0%) | PnL: $+0.00
[Confidence] Score=6/10 | extreme_edge,coinbase_weak,all3_agree
[Timing] Window 10 min old — skipping
[Cycle] No signal — YES=0.05 is between 0.30 and 0.70, sum=1.01 >= 0.97
[Ticker] KXETH15M-26APR022245-45
[Market] YES=0.02 | NO=0.99 | Sum=1.01
==================================================
Balance: $183.06 | Regime: CHOP | Session: 0W/0L (0%) | PnL: $+0.00
[Confidence] Score=6/10 | extreme_edge,coinbase_weak,all3_agree
[Timing] Window 11 min old — skipping
[Cycle] No signal — YES=0.02 is between 0.30 and 0.70, sum=1.01 >= 0.97
[Ticker] KXETH15M-26APR022245-45
[Market] YES=0.01 | NO=0.99 | Sum=1.00
==================================================
Balance: $183.06 | Regime: CHOP | Session: 0W/0L (0%) | PnL: $+0.00
[Confidence] Score=6/10 | extreme_edge,coinbase_weak,all3_agree
[Timing] Window 12 min old — skipping
[Cycle] No signal — YES=0.01 is between 0.30 and 0.70, sum=1.00 >= 0.97
[Ticker] KXETH15M-26APR022245-45
[Market] YES=0.01 | NO=1.00 | Sum=1.00
==================================================
Balance: $183.06 | Regime: CHOP | Session: 0W/0L (0%) | PnL: $+0.00
[Confidence] Score=6/10 | extreme_edge,coinbase_weak,all3_agree
[Timing] Window 13 min old — skipping
[Cycle] No signal — YES=0.01 is between 0.30 and 0.70, sum=1.00 >= 0.97
[Ticker] KXETH15M-26APR022245-45
[Market] YES=0.00 | NO=1.00 | Sum=1.00
==================================================
Balance: $183.06 | Regime: CHOP | Session: 0W/0L (0%) | PnL: $+0.00
[Confidence] Score=6/10 | extreme_edge,coinbase_weak,all3_agree
[Timing] Window 14 min old — skipping
[Cycle] No signal — YES=0.00 is between 0.30 and 0.70, sum=1.00 >= 0.97
[Ticker] KXETH15M-26APR022300-00
[Market] YES=0.52 | NO=0.49 | Sum=1.01
==================================================
Balance: $183.06 | Regime: CHOP | Session: 0W/0L (0%) | PnL: $+0.00
[Cycle] No signal — YES=0.52 is between 0.30 and 0.70, sum=1.01 >= 0.97
[Ticker] KXETH15M-26APR022300-00
[Market] YES=0.53 | NO=0.50 | Sum=1.03
==================================================
Balance: $183.06 | Regime: CHOP | Session: 0W/0L (0%) | PnL: $+0.00
[Cycle] No signal — YES=0.53 is between 0.30 and 0.70, sum=1.03 >= 0.97
[Ticker] KXETH15M-26APR022300-00
[Market] YES=0.62 | NO=0.40 | Sum=1.02
==================================================
Balance: $183.06 | Regime: CHOP | Session: 0W/0L (0%) | PnL: $+0.00
[Cycle] No signal — YES=0.62 is between 0.30 and 0.70, sum=1.02 >= 0.97
[Ticker] KXETH15M-26APR022300-00
[Market] YES=0.69 | NO=0.33 | Sum=1.02
==================================================
Balance: $183.06 | Regime: CHOP | Session: 0W/0L (0%) | PnL: $+0.00
[Cycle] No signal — YES=0.69 is between 0.30 and 0.70, sum=1.02 >= 0.97
[Ticker] KXETH15M-26APR022300-00
[Market] YES=0.62 | NO=0.40 | Sum=1.02
==================================================
Balance: $183.06 | Regime: CHOP | Session: 0W/0L (0%) | PnL: $+0.00
[Cycle] No signal — YES=0.62 is between 0.30 and 0.70, sum=1.02 >= 0.97
[Ticker] KXETH15M-26APR022300-00
[Market] YES=0.68 | NO=0.34 | Sum=1.02
==================================================
Balance: $183.06 | Regime: CHOP | Session: 0W/0L (0%) | PnL: $+0.00
[Cycle] No signal — YES=0.68 is between 0.30 and 0.70, sum=1.02 >= 0.97
[Ticker] KXETH15M-26APR022300-00
[Market] YES=0.69 | NO=0.34 | Sum=1.03
==================================================
Balance: $183.06 | Regime: CHOP | Session: 0W/0L (0%) | PnL: $+0.00
[Cycle] No signal — YES=0.69 is between 0.30 and 0.70, sum=1.03 >= 0.97
[Ticker] KXETH15M-26APR022300-00
[Market] YES=0.84 | NO=0.18 | Sum=1.02
==================================================
Balance: $183.06 | Regime: CHOP | Session: 0W/0L (0%) | PnL: $+0.00
[Confidence] Score=3/10 | strong_edge,coinbase_weak
[Timing] Window 7 min old — skipping
[Cycle] No signal — YES=0.84 is between 0.30 and 0.70, sum=1.02 >= 0.97

==================================================
OpenClaw ETH Bot v4.0 — LIVE
[Startup] Live balance synced: $183.06
Balance: $183.06 | MaxBet: $12.81 | Threshold: <0.30 or >0.70
==================================================

[Startup] Resting orders cleared
[Ticker] KXETH15M-26APR022300-00
[Market] YES=0.91 | NO=0.12 | Sum=1.03
==================================================
Balance: $183.06 | Regime: CHOP | Session: 0W/0L (0%) | PnL: $+0.00
[Confidence] Score=3/10 | strong_edge,coinbase_weak
[Timing] Window 8 min old — skipping
[Cycle] No signal — YES=0.91 is between 0.30 and 0.70, sum=1.03 >= 0.97
[Ticker] KXETH15M-26APR022300-00
[Market] YES=0.98 | NO=0.04 | Sum=1.02
==================================================
Balance: $183.06 | Regime: CHOP | Session: 0W/0L (0%) | PnL: $+0.00
[Confidence] Score=4/10 | extreme_edge,coinbase_weak
[Timing] Window 9 min old — skipping
[Cycle] No signal — YES=0.98 is between 0.30 and 0.70, sum=1.02 >= 0.97
[Ticker] KXETH15M-26APR022300-00
[Market] YES=0.98 | NO=0.03 | Sum=1.01
==================================================
Balance: $183.06 | Regime: CHOP | Session: 0W/0L (0%) | PnL: $+0.00
[Confidence] Score=4/10 | extreme_edge,coinbase_weak
[Timing] Window 10 min old — skipping
[Cycle] No signal — YES=0.98 is between 0.30 and 0.70, sum=1.01 >= 0.97
[Ticker] KXETH15M-26APR022300-00
[Market] YES=0.99 | NO=0.01 | Sum=1.00
==================================================
Balance: $183.06 | Regime: CHOP | Session: 0W/0L (0%) | PnL: $+0.00
[Confidence] Score=4/10 | extreme_edge,coinbase_weak
[Timing] Window 11 min old — skipping
[Cycle] No signal — YES=0.99 is between 0.30 and 0.70, sum=1.00 >= 0.97
[Ticker] KXETH15M-26APR022300-00
[Market] YES=1.00 | NO=0.01 | Sum=1.00
==================================================
Balance: $183.06 | Regime: CHOP | Session: 0W/0L (0%) | PnL: $+0.00
[Confidence] Score=4/10 | extreme_edge,coinbase_weak
[Timing] Window 12 min old — skipping
[Cycle] No signal — YES=1.00 is between 0.30 and 0.70, sum=1.00 >= 0.97
[Ticker] KXETH15M-26APR022300-00
[Market] YES=1.00 | NO=0.00 | Sum=1.00
==================================================
Balance: $183.06 | Regime: CHOP | Session: 0W/0L (0%) | PnL: $+0.00
[Confidence] Score=4/10 | extreme_edge,coinbase_weak
[Timing] Window 13 min old — skipping
[Cycle] No signal — YES=1.00 is between 0.30 and 0.70, sum=1.00 >= 0.97
[Ticker] KXETH15M-26APR022300-00
[Market] YES=1.00 | NO=0.00 | Sum=1.00
==================================================
Balance: $183.06 | Regime: CHOP | Session: 0W/0L (0%) | PnL: $+0.00
[Confidence] Score=4/10 | extreme_edge,coinbase_weak
[Timing] Window 14 min old — skipping
[Cycle] No signal — YES=1.00 is between 0.30 and 0.70, sum=1.00 >= 0.97
[Ticker] KXETH15M-26APR022300-00
[Market] YES=1.00 | NO=0.00 | Sum=1.00
==================================================
Balance: $183.06 | Regime: CHOP | Session: 0W/0L (0%) | PnL: $+0.00
[Confidence] Score=5/10 | extreme_edge,coinbase_weak,peak_hour
[Timing] Window 0 min old — skipping
[Cycle] No signal — YES=1.00 is between 0.30 and 0.70, sum=1.00 >= 0.97
[Ticker] KXETH15M-26APR022315-15
[Market] YES=0.48 | NO=0.55 | Sum=1.03
==================================================
Balance: $183.06 | Regime: CHOP | Session: 0W/0L (0%) | PnL: $+0.00
[Cycle] No signal — YES=0.48 is between 0.30 and 0.70, sum=1.03 >= 0.97
[Ticker] KXETH15M-26APR022315-15
[Market] YES=0.38 | NO=0.64 | Sum=1.02
==================================================
Balance: $183.06 | Regime: CHOP | Session: 0W/0L (0%) | PnL: $+0.00
[Cycle] No signal — YES=0.38 is between 0.30 and 0.70, sum=1.02 >= 0.97
[Ticker] KXETH15M-26APR022315-15
[Market] YES=0.39 | NO=0.63 | Sum=1.02
==================================================
Balance: $183.06 | Regime: CHOP | Session: 0W/0L (0%) | PnL: $+0.00
[Cycle] No signal — YES=0.39 is between 0.30 and 0.70, sum=1.02 >= 0.97
[Ticker] KXETH15M-26APR022315-15
[Market] YES=0.35 | NO=0.67 | Sum=1.02
==================================================
Balance: $183.06 | Regime: CHOP | Session: 0W/0L (0%) | PnL: $+0.00
[Cycle] No signal — YES=0.35 is between 0.30 and 0.70, sum=1.02 >= 0.97
[Ticker] KXETH15M-26APR022315-15
[Market] YES=0.36 | NO=0.65 | Sum=1.01
==================================================
Balance: $182.88 | Regime: CHOP | Session: 0W/0L (0%) | PnL: $+0.00
[Cycle] No signal — YES=0.36 is between 0.30 and 0.70, sum=1.01 >= 0.97
[Ticker] KXETH15M-26APR022315-15
[Market] YES=0.35 | NO=0.69 | Sum=1.04
==================================================
Balance: $183.18 | Regime: CHOP | Session: 0W/0L (0%) | PnL: $+0.00
[Cycle] No signal — YES=0.35 is between 0.30 and 0.70, sum=1.04 >= 0.97
[Ticker] KXETH15M-26APR022315-15
[Market] YES=0.75 | NO=0.28 | Sum=1.03
==================================================
Balance: $181.68 | Regime: CHOP | Session: 0W/0L (0%) | PnL: $+0.00
[Confidence] Score=3/10 | moderate_edge,coinbase_weak,peak_hour
[Timing] Window 7 min old — skipping
[Cycle] No signal — YES=0.75 is between 0.30 and 0.70, sum=1.03 >= 0.97
[Ticker] KXETH15M-26APR022315-15
[Market] YES=0.66 | NO=0.38 | Sum=1.04
==================================================
Balance: $181.74 | Regime: CHOP | Session: 0W/0L (0%) | PnL: $+0.00
[Cycle] No signal — YES=0.66 is between 0.30 and 0.70, sum=1.04 >= 0.97
[Ticker] KXETH15M-26APR022315-15
[Market] YES=0.83 | NO=0.20 | Sum=1.03
==================================================
Balance: $182.64 | Regime: CHOP | Session: 0W/0L (0%) | PnL: $+0.00
[Confidence] Score=4/10 | strong_edge,coinbase_weak,peak_hour
[Timing] Window 9 min old — skipping
[Cycle] No signal — YES=0.83 is between 0.30 and 0.70, sum=1.03 >= 0.97
[Ticker] KXETH15M-26APR022315-15
[Market] YES=0.84 | NO=0.18 | Sum=1.02
==================================================
Balance: $183.18 | Regime: CHOP | Session: 0W/0L (0%) | PnL: $+0.00
[Confidence] Score=4/10 | strong_edge,coinbase_weak,peak_hour
[Timing] Window 10 min old — skipping
[Cycle] No signal — YES=0.84 is between 0.30 and 0.70, sum=1.02 >= 0.97
[Ticker] KXETH15M-26APR022315-15
[Market] YES=0.56 | NO=0.46 | Sum=1.02
==================================================
Balance: $183.78 | Regime: CHOP | Session: 0W/0L (0%) | PnL: $+0.00
[Cycle] No signal — YES=0.56 is between 0.30 and 0.70, sum=1.02 >= 0.97
[Ticker] KXETH15M-26APR022315-15
[Market] YES=0.48 | NO=0.53 | Sum=1.01
==================================================
Balance: $184.20 | Regime: CHOP | Session: 0W/0L (0%) | PnL: $+0.00
[Cycle] No signal — YES=0.48 is between 0.30 and 0.70, sum=1.01 >= 0.97
[Ticker] KXETH15M-26APR022315-15
[Market] YES=0.63 | NO=0.41 | Sum=1.04
==================================================
Balance: $184.26 | Regime: CHOP | Session: 0W/0L (0%) | PnL: $+0.00
[Cycle] No signal — YES=0.63 is between 0.30 and 0.70, sum=1.04 >= 0.97
[Ticker] KXETH15M-26APR022315-15
[Market] YES=1.00 | NO=0.01 | Sum=1.01
==================================================
Balance: $184.08 | Regime: CHOP | Session: 0W/0L (0%) | PnL: $+0.00
[Confidence] Score=5/10 | extreme_edge,coinbase_weak,peak_hour
[Timing] Window 14 min old — skipping
[Cycle] No signal — YES=1.00 is between 0.30 and 0.70, sum=1.01 >= 0.97
[Ticker] KXETH15M-26APR022330-30
[Market] YES=0.48 | NO=0.53 | Sum=1.01
==================================================
Balance: $184.31 | Regime: CHOP | Session: 0W/0L (0%) | PnL: $+0.00
[Cycle] No signal — YES=0.48 is between 0.30 and 0.70, sum=1.01 >= 0.97
[Ticker] KXETH15M-26APR022330-30
[Market] YES=0.59 | NO=0.46 | Sum=1.05
==================================================
Balance: $184.32 | Regime: CHOP | Session: 0W/0L (0%) | PnL: $+0.00
[Cycle] No signal — YES=0.59 is between 0.30 and 0.70, sum=1.05 >= 0.97
[Ticker] KXETH15M-26APR022330-30
[Market] YES=0.52 | NO=0.49 | Sum=1.01
==================================================
Balance: $184.32 | Regime: CHOP | Session: 0W/0L (0%) | PnL: $+0.00
[Cycle] No signal — YES=0.52 is between 0.30 and 0.70, sum=1.01 >= 0.97
[Ticker] KXETH15M-26APR022330-30
[Market] YES=0.64 | NO=0.39 | Sum=1.03
==================================================
Balance: $184.32 | Regime: CHOP | Session: 0W/0L (0%) | PnL: $+0.00
[Cycle] No signal — YES=0.64 is between 0.30 and 0.70, sum=1.03 >= 0.97
[Ticker] KXETH15M-26APR022330-30
[Market] YES=0.60 | NO=0.41 | Sum=1.01
==================================================
Balance: $184.32 | Regime: CHOP | Session: 0W/0L (0%) | PnL: $+0.00
[Cycle] No signal — YES=0.60 is between 0.30 and 0.70, sum=1.01 >= 0.97
[Ticker] KXETH15M-26APR022330-30
[Market] YES=0.53 | NO=0.48 | Sum=1.01
==================================================
Balance: $184.32 | Regime: CHOP | Session: 0W/0L (0%) | PnL: $+0.00
[Cycle] No signal — YES=0.53 is between 0.30 and 0.70, sum=1.01 >= 0.97
[Ticker] KXETH15M-26APR022330-30
[Market] YES=0.72 | NO=0.30 | Sum=1.02
==================================================
Balance: $184.32 | Regime: CHOP | Session: 0W/0L (0%) | PnL: $+0.00
[Confidence] Score=3/10 | moderate_edge,coinbase_weak,peak_hour
[Timing] Window 6 min old — skipping
[Cycle] No signal — YES=0.72 is between 0.30 and 0.70, sum=1.02 >= 0.97
[Ticker] KXETH15M-26APR022330-30
[Market] YES=0.75 | NO=0.28 | Sum=1.03
==================================================
Balance: $184.32 | Regime: CHOP | Session: 0W/0L (0%) | PnL: $+0.00
[Confidence] Score=3/10 | moderate_edge,coinbase_weak,peak_hour
[Timing] Window 7 min old — skipping
[Cycle] No signal — YES=0.75 is between 0.30 and 0.70, sum=1.03 >= 0.97
[Ticker] KXETH15M-26APR022330-30
[Market] YES=0.75 | NO=0.27 | Sum=1.02
==================================================
Balance: $184.32 | Regime: CHOP | Session: 0W/0L (0%) | PnL: $+0.00
[Confidence] Score=3/10 | moderate_edge,coinbase_weak,peak_hour
[Timing] Window 8 min old — skipping
[Cycle] No signal — YES=0.75 is between 0.30 and 0.70, sum=1.02 >= 0.97
[Ticker] KXETH15M-26APR022330-30
[Market] YES=0.74 | NO=0.29 | Sum=1.03
==================================================
Balance: $184.32 | Regime: CHOP | Session: 0W/0L (0%) | PnL: $+0.00
[Confidence] Score=3/10 | moderate_edge,coinbase_weak,peak_hour
[Timing] Window 9 min old — skipping
[Cycle] No signal — YES=0.74 is between 0.30 and 0.70, sum=1.03 >= 0.97
[Ticker] KXETH15M-26APR022330-30
[Market] YES=0.66 | NO=0.36 | Sum=1.02
==================================================
Balance: $184.32 | Regime: CHOP | Session: 0W/0L (0%) | PnL: $+0.00
[Cycle] No signal — YES=0.66 is between 0.30 and 0.70, sum=1.02 >= 0.97
[Ticker] KXETH15M-26APR022330-30
[Market] YES=0.81 | NO=0.20 | Sum=1.01
==================================================
Balance: $184.32 | Regime: CHOP | Session: 0W/0L (0%) | PnL: $+0.00
[Confidence] Score=4/10 | strong_edge,coinbase_weak,peak_hour
[Timing] Window 11 min old — skipping
[Cycle] No signal — YES=0.81 is between 0.30 and 0.70, sum=1.01 >= 0.97
[Ticker] KXETH15M-26APR022330-30
[Market] YES=0.33 | NO=0.70 | Sum=1.03
==================================================
Balance: $184.32 | Regime: CHOP | Session: 0W/0L (0%) | PnL: $+0.00
[Cycle] No signal — YES=0.33 is between 0.30 and 0.70, sum=1.03 >= 0.97
[Ticker] KXETH15M-26APR022330-30
[Market] YES=0.06 | NO=0.97 | Sum=1.03
==================================================
Balance: $184.32 | Regime: CHOP | Session: 0W/0L (0%) | PnL: $+0.00
[Confidence] Score=6/10 | strong_edge,coinbase_weak,all3_agree,peak_hour
[Timing] Window 13 min old — skipping
[Cycle] No signal — YES=0.06 is between 0.30 and 0.70, sum=1.03 >= 0.97
[Ticker] KXETH15M-26APR022330-30
[Market] YES=0.00 | NO=1.00 | Sum=1.00
==================================================
Balance: $184.32 | Regime: CHOP | Session: 0W/0L (0%) | PnL: $+0.00
[Confidence] Score=7/10 | extreme_edge,coinbase_weak,all3_agree,peak_hour
[Timing] Window 14 min old — skipping
[Cycle] No signal — YES=0.00 is between 0.30 and 0.70, sum=1.00 >= 0.97
[Ticker] KXETH15M-26APR022330-30
[Market] YES=0.00 | NO=1.00 | Sum=1.00
==================================================
Balance: $184.32 | Regime: CHOP | Session: 0W/0L (0%) | PnL: $+0.00
[Confidence] Score=7/10 | extreme_edge,coinbase_weak,all3_agree,peak_hour
[Timing] Window 0 min old — skipping
[Cycle] No signal — YES=0.00 is between 0.30 and 0.70, sum=1.00 >= 0.97
[Ticker] KXETH15M-26APR022345-45
[Market] YES=0.61 | NO=0.42 | Sum=1.03
==================================================
Balance: $184.32 | Regime: CHOP | Session: 0W/0L (0%) | PnL: $+0.00
[Cycle] No signal — YES=0.61 is between 0.30 and 0.70, sum=1.03 >= 0.97
[Ticker] KXETH15M-26APR022345-45
[Market] YES=0.55 | NO=0.46 | Sum=1.01
==================================================
Balance: $184.32 | Regime: CHOP | Session: 0W/0L (0%) | PnL: $+0.00
[Cycle] No signal — YES=0.55 is between 0.30 and 0.70, sum=1.01 >= 0.97
[Ticker] KXETH15M-26APR022345-45
[Market] YES=0.87 | NO=0.14 | Sum=1.01
==================================================
Balance: $184.32 | Regime: CHOP | Session: 0W/0L (0%) | PnL: $+0.00
[Confidence] Score=4/10 | strong_edge,coinbase_weak,peak_hour
[Signal] UP candidate | yes=0.87 | waiting (1/2)
[Cycle] No signal — YES=0.87 is between 0.30 and 0.70, sum=1.01 >= 0.97
[Ticker] KXETH15M-26APR022345-45
[Market] YES=0.85 | NO=0.16 | Sum=1.01
==================================================
Balance: $184.19 | Regime: CHOP | Session: 0W/0L (0%) | PnL: $+0.00
[Confidence] Score=4/10 | strong_edge,coinbase_weak,peak_hour
[Coinbase] Confirms UP | $2056 gap=+4 (0.18%)
[Kraken] Divergence 3143.67% — bet trimmed
[Correlation] 2/3 agree UP
[Signal] CONFIRMED UP | yes=0.85 | edge=0.35 | bet=$5.81
[Order] KXETH15M-26APR022345-45 | yes | count=11 | $5.81
✅ ETH DIRECTIONAL: UP $5.81 on KXETH15M-26APR022345-45
[Positions] 1 still open
[Ticker] KXETH15M-26APR022345-45
[Market] YES=0.84 | NO=0.17 | Sum=1.01
==================================================
Balance: $183.01 | Regime: CHOP | Session: 0W/0L (0%) | PnL: $+0.00
[Confidence] Score=4/10 | strong_edge,coinbase_weak,peak_hour
[Timing] Window 5 min old — skipping
[Cycle] No signal — YES=0.84 is between 0.30 and 0.70, sum=1.01 >= 0.97
[Positions] 1 still open
[Ticker] KXETH15M-26APR022345-45
[Market] YES=0.72 | NO=0.32 | Sum=1.04
==================================================
Balance: $176.74 | Regime: CHOP | Session: 0W/0L (0%) | PnL: $+0.00
[Confidence] Score=3/10 | moderate_edge,coinbase_weak,peak_hour
[Timing] Window 6 min old — skipping
[Cycle] No signal — YES=0.72 is between 0.30 and 0.70, sum=1.04 >= 0.97
[ProfitLock] UP on KXETH15M-26APR022345-45 win=0.72 reversing — locking profit
[Ticker] KXETH15M-26APR022345-45
[Market] YES=0.64 | NO=0.41 | Sum=1.05
==================================================
Balance: $178.72 | Regime: CHOP | Session: 0W/0L (0%) | PnL: $+0.00
[Cycle] No signal — YES=0.64 is between 0.30 and 0.70, sum=1.05 >= 0.97
[Ticker] KXETH15M-26APR022345-45
[Market] YES=0.65 | NO=0.38 | Sum=1.03
==================================================
Balance: $173.77 | Regime: CHOP | Session: 0W/0L (0%) | PnL: $+0.00
[Cycle] No signal — YES=0.65 is between 0.30 and 0.70, sum=1.03 >= 0.97
[Ticker] KXETH15M-26APR022345-45
[Market] YES=0.47 | NO=0.57 | Sum=1.04
==================================================
Balance: $167.83 | Regime: CHOP | Session: 0W/0L (0%) | PnL: $+0.00
[Cycle] No signal — YES=0.47 is between 0.30 and 0.70, sum=1.04 >= 0.97
[Ticker] KXETH15M-26APR022345-45
[Market] YES=0.68 | NO=0.36 | Sum=1.04
==================================================
Balance: $169.70 | Regime: CHOP | Session: 0W/0L (0%) | PnL: $+0.00
[Cycle] No signal — YES=0.68 is between 0.30 and 0.70, sum=1.04 >= 0.97
[Ticker] KXETH15M-26APR022345-45
[Market] YES=0.31 | NO=0.70 | Sum=1.01
==================================================
Balance: $161.85 | Regime: CHOP | Session: 0W/0L (0%) | PnL: $+0.00
[Cycle] No signal — YES=0.31 is between 0.30 and 0.70, sum=1.01 >= 0.97
[Ticker] KXETH15M-26APR022345-45
[Market] YES=0.47 | NO=0.60 | Sum=1.07
==================================================
Balance: $162.35 | Regime: CHOP | Session: 0W/0L (0%) | PnL: $+0.00
[Cycle] No signal — YES=0.47 is between 0.30 and 0.70, sum=1.07 >= 0.97
[Ticker] KXETH15M-26APR022345-45
[Market] YES=0.44 | NO=0.62 | Sum=1.06
==================================================
Balance: $162.91 | Regime: CHOP | Session: 0W/0L (0%) | PnL: $+0.00
[Cycle] No signal — YES=0.44 is between 0.30 and 0.70, sum=1.06 >= 0.97
[Ticker] KXETH15M-26APR022345-45
[Market] YES=0.68 | NO=0.53 | Sum=1.21
==================================================
Balance: $164.89 | Regime: CHOP | Session: 0W/0L (0%) | PnL: $+0.00
[Cycle] No signal — YES=0.68 is between 0.30 and 0.70, sum=1.21 >= 0.97
[Ticker] KXETH15M-26APR030000-00
[Market] YES=0.60 | NO=0.43 | Sum=1.03
==================================================
Balance: $156.72 | Regime: CHOP | Session: 0W/0L (0%) | PnL: $+0.00
[Cycle] No signal — YES=0.60 is between 0.30 and 0.70, sum=1.03 >= 0.97
[Ticker] KXETH15M-26APR030000-00
[Market] YES=0.57 | NO=0.45 | Sum=1.02
==================================================
Balance: $156.72 | Regime: CHOP | Session: 0W/0L (0%) | PnL: $+0.00
[Cycle] No signal — YES=0.57 is between 0.30 and 0.70, sum=1.02 >= 0.97
[Ticker] KXETH15M-26APR030000-00
[Market] YES=0.47 | NO=0.55 | Sum=1.02
==================================================
Balance: $156.72 | Regime: CHOP | Session: 0W/0L (0%) | PnL: $+0.00
[Cycle] No signal — YES=0.47 is between 0.30 and 0.70, sum=1.02 >= 0.97
[Ticker] KXETH15M-26APR030000-00
[Market] YES=0.62 | NO=0.41 | Sum=1.03
==================================================
Balance: $156.72 | Regime: CHOP | Session: 0W/0L (0%) | PnL: $+0.00
[Cycle] No signal — YES=0.62 is between 0.30 and 0.70, sum=1.03 >= 0.97
[Ticker] KXETH15M-26APR030000-00
[Market] YES=0.56 | NO=0.45 | Sum=1.01
==================================================
Balance: $156.72 | Regime: CHOP | Session: 0W/0L (0%) | PnL: $+0.00
[Cycle] No signal — YES=0.56 is between 0.30 and 0.70, sum=1.01 >= 0.97
[Ticker] KXETH15M-26APR030000-00
[Market] YES=0.62 | NO=0.39 | Sum=1.01
==================================================
Balance: $156.72 | Regime: CHOP | Session: 0W/0L (0%) | PnL: $+0.00
[Cycle] No signal — YES=0.62 is between 0.30 and 0.70, sum=1.01 >= 0.97
[Ticker] KXETH15M-26APR030000-00
[Market] YES=0.69 | NO=0.32 | Sum=1.01
==================================================
Balance: $156.72 | Regime: CHOP | Session: 0W/0L (0%) | PnL: $+0.00
[Cycle] No signal — YES=0.69 is between 0.30 and 0.70, sum=1.01 >= 0.97
[Ticker] KXETH15M-26APR030000-00
[Market] YES=0.76 | NO=0.25 | Sum=1.01
==================================================
Balance: $156.72 | Regime: CHOP | Session: 0W/0L (0%) | PnL: $+0.00
[Confidence] Score=3/10 | moderate_edge,coinbase_weak,peak_hour
[Timing] Window 7 min old — skipping
[Cycle] No signal — YES=0.76 is between 0.30 and 0.70, sum=1.01 >= 0.97
[Ticker] KXETH15M-26APR030000-00
[Market] YES=0.82 | NO=0.19 | Sum=1.01
==================================================
Balance: $156.72 | Regime: CHOP | Session: 0W/0L (0%) | PnL: $+0.00
[Confidence] Score=4/10 | strong_edge,coinbase_weak,peak_hour
[Timing] Window 8 min old — skipping
[Cycle] No signal — YES=0.82 is between 0.30 and 0.70, sum=1.01 >= 0.97
[Ticker] KXETH15M-26APR030000-00
[Market] YES=0.89 | NO=0.12 | Sum=1.01
==================================================
Balance: $156.72 | Regime: CHOP | Session: 0W/0L (0%) | PnL: $+0.00
[Confidence] Score=4/10 | strong_edge,coinbase_weak,peak_hour
[Timing] Window 9 min old — skipping
[Cycle] No signal — YES=0.89 is between 0.30 and 0.70, sum=1.01 >= 0.97
[Ticker] KXETH15M-26APR030000-00
[Market] YES=0.54 | NO=0.48 | Sum=1.02
==================================================
Balance: $156.72 | Regime: CHOP | Session: 0W/0L (0%) | PnL: $+0.00
[Cycle] No signal — YES=0.54 is between 0.30 and 0.70, sum=1.02 >= 0.97
[Ticker] KXETH15M-26APR030000-00
[Market] YES=0.76 | NO=0.27 | Sum=1.03
==================================================
Balance: $156.72 | Regime: CHOP | Session: 0W/0L (0%) | PnL: $+0.00
[Confidence] Score=3/10 | moderate_edge,coinbase_weak,peak_hour
[Timing] Window 11 min old — skipping
[Cycle] No signal — YES=0.76 is between 0.30 and 0.70, sum=1.03 >= 0.97
[Ticker] KXETH15M-26APR030000-00
[Market] YES=0.86 | NO=0.19 | Sum=1.05
==================================================
Balance: $156.72 | Regime: CHOP | Session: 0W/0L (0%) | PnL: $+0.00
[Confidence] Score=4/10 | strong_edge,coinbase_weak,peak_hour
[Timing] Window 12 min old — skipping
[Cycle] No signal — YES=0.86 is between 0.30 and 0.70, sum=1.05 >= 0.97
[Ticker] KXETH15M-26APR030000-00
[Market] YES=0.99 | NO=0.02 | Sum=1.01
==================================================
Balance: $156.72 | Regime: CHOP | Session: 0W/0L (0%) | PnL: $+0.00
[Confidence] Score=5/10 | extreme_edge,coinbase_weak,peak_hour
[Timing] Window 13 min old — skipping
[Cycle] No signal — YES=0.99 is between 0.30 and 0.70, sum=1.01 >= 0.97
[Ticker] KXETH15M-26APR030000-00
[Market] YES=1.00 | NO=0.02 | Sum=1.02
==================================================
Balance: $156.72 | Regime: CHOP | Session: 0W/0L (0%) | PnL: $+0.00
[Confidence] Score=5/10 | extreme_edge,coinbase_weak,peak_hour
[Timing] Window 14 min old — skipping
[Cycle] No signal — YES=1.00 is between 0.30 and 0.70, sum=1.02 >= 0.97
[Ticker] KXETH15M-26APR030015-15
[Market] YES=0.47 | NO=0.56 | Sum=1.03
==================================================
Balance: $156.72 | Regime: CHOP | Session: 0W/0L (0%) | PnL: $+0.00
[Cycle] No signal — YES=0.47 is between 0.30 and 0.70, sum=1.03 >= 0.97
[Ticker] KXETH15M-26APR030015-15
[Market] YES=0.55 | NO=0.48 | Sum=1.03
==================================================
Balance: $156.72 | Regime: CHOP | Session: 0W/0L (0%) | PnL: $+0.00
[Cycle] No signal — YES=0.55 is between 0.30 and 0.70, sum=1.03 >= 0.97
[Ticker] KXETH15M-26APR030015-15
[Market] YES=0.47 | NO=0.57 | Sum=1.04
==================================================
Balance: $156.72 | Regime: CHOP | Session: 0W/0L (0%) | PnL: $+0.00
[Cycle] No signal — YES=0.47 is between 0.30 and 0.70, sum=1.04 >= 0.97
[Ticker] KXETH15M-26APR030015-15
[Market] YES=0.53 | NO=0.50 | Sum=1.03
==================================================
Balance: $156.72 | Regime: CHOP | Session: 0W/0L (0%) | PnL: $+0.00
[Cycle] No signal — YES=0.53 is between 0.30 and 0.70, sum=1.03 >= 0.97
[Ticker] KXETH15M-26APR030015-15
[Market] YES=0.63 | NO=0.39 | Sum=1.02
==================================================
Balance: $156.72 | Regime: CHOP | Session: 0W/0L (0%) | PnL: $+0.00
[Cycle] No signal — YES=0.63 is between 0.30 and 0.70, sum=1.02 >= 0.97
[Ticker] KXETH15M-26APR030015-15
[Market] YES=0.63 | NO=0.39 | Sum=1.02
==================================================
Balance: $156.72 | Regime: CHOP | Session: 0W/0L (0%) | PnL: $+0.00
[Cycle] No signal — YES=0.63 is between 0.30 and 0.70, sum=1.02 >= 0.97
[Ticker] KXETH15M-26APR030015-15
[Market] YES=0.60 | NO=0.43 | Sum=1.03
==================================================
Balance: $156.72 | Regime: CHOP | Session: 0W/0L (0%) | PnL: $+0.00
[Cycle] No signal — YES=0.60 is between 0.30 and 0.70, sum=1.03 >= 0.97
[Ticker] KXETH15M-26APR030015-15
[Market] YES=0.63 | NO=0.41 | Sum=1.04
==================================================
Balance: $156.72 | Regime: CHOP | Session: 0W/0L (0%) | PnL: $+0.00
[Cycle] No signal — YES=0.63 is between 0.30 and 0.70, sum=1.04 >= 0.97
[Ticker] KXETH15M-26APR030015-15
[Market] YES=0.76 | NO=0.26 | Sum=1.02
==================================================
Balance: $156.72 | Regime: CHOP | Session: 0W/0L (0%) | PnL: $+0.00
[Confidence] Score=2/10 | moderate_edge,coinbase_weak
[Timing] Window 8 min old — skipping
[Cycle] No signal — YES=0.76 is between 0.30 and 0.70, sum=1.02 >= 0.97
[Ticker] KXETH15M-26APR030015-15
[Market] YES=0.61 | NO=0.43 | Sum=1.04
==================================================
Balance: $156.72 | Regime: CHOP | Session: 0W/0L (0%) | PnL: $+0.00
[Cycle] No signal — YES=0.61 is between 0.30 and 0.70, sum=1.04 >= 0.97
[Ticker] KXETH15M-26APR030015-15
[Market] YES=0.39 | NO=0.63 | Sum=1.02
==================================================
Balance: $156.72 | Regime: CHOP | Session: 0W/0L (0%) | PnL: $+0.00
[Cycle] No signal — YES=0.39 is between 0.30 and 0.70, sum=1.02 >= 0.97
[Ticker] KXETH15M-26APR030015-15
[Market] YES=0.38 | NO=0.65 | Sum=1.03
==================================================
Balance: $156.72 | Regime: CHOP | Session: 0W/0L (0%) | PnL: $+0.00
[Cycle] No signal — YES=0.38 is between 0.30 and 0.70, sum=1.03 >= 0.97
[Ticker] KXETH15M-26APR030015-15
[Market] YES=0.70 | NO=0.32 | Sum=1.02
==================================================
Balance: $156.72 | Regime: CHOP | Session: 0W/0L (0%) | PnL: $+0.00
[Cycle] No signal — YES=0.70 is between 0.30 and 0.70, sum=1.02 >= 0.97
[Ticker] KXETH15M-26APR030015-15
[Market] YES=0.91 | NO=0.14 | Sum=1.05
==================================================
Balance: $156.72 | Regime: CHOP | Session: 0W/0L (0%) | PnL: $+0.00
[Confidence] Score=3/10 | strong_edge,coinbase_weak
[Timing] Window 13 min old — skipping
[Cycle] No signal — YES=0.91 is between 0.30 and 0.70, sum=1.05 >= 0.97
[Ticker] KXETH15M-26APR030015-15
[Market] YES=0.90 | NO=0.29 | Sum=1.19
==================================================
Balance: $156.72 | Regime: CHOP | Session: 0W/0L (0%) | PnL: $+0.00
[Confidence] Score=3/10 | strong_edge,coinbase_weak
[Timing] Window 14 min old — skipping
[Cycle] No signal — YES=0.90 is between 0.30 and 0.70, sum=1.19 >= 0.97
[Ticker] KXETH15M-26APR030015-15
[Market] YES=1.00 | NO=0.00 | Sum=1.00
==================================================
Balance: $156.72 | Regime: CHOP | Session: 0W/0L (0%) | PnL: $+0.00
[Confidence] Score=4/10 | extreme_edge,coinbase_weak
[Timing] Window 0 min old — skipping
[Cycle] No signal — YES=1.00 is between 0.30 and 0.70, sum=1.00 >= 0.97
[Ticker] KXETH15M-26APR030030-30
[Market] YES=0.61 | NO=0.42 | Sum=1.03
==================================================
Balance: $156.72 | Regime: CHOP | Session: 0W/0L (0%) | PnL: $+0.00
[Cycle] No signal — YES=0.61 is between 0.30 and 0.70, sum=1.03 >= 0.97
[Ticker] KXETH15M-26APR030030-30
[Market] YES=0.82 | NO=0.19 | Sum=1.01
==================================================
Balance: $156.72 | Regime: CHOP | Session: 0W/0L (0%) | PnL: $+0.00
[Confidence] Score=3/10 | strong_edge,coinbase_weak
[Signal] UP candidate | yes=0.82 | waiting (1/2)
[Cycle] No signal — YES=0.82 is between 0.30 and 0.70, sum=1.01 >= 0.97
[Ticker] KXETH15M-26APR030030-30
[Market] YES=0.60 | NO=0.44 | Sum=1.04
==================================================
Balance: $156.72 | Regime: CHOP | Session: 0W/0L (0%) | PnL: $+0.00
[Cycle] No signal — YES=0.60 is between 0.30 and 0.70, sum=1.04 >= 0.97
[Ticker] KXETH15M-26APR030030-30
[Market] YES=0.53 | NO=0.50 | Sum=1.03
==================================================
Balance: $156.72 | Regime: CHOP | Session: 0W/0L (0%) | PnL: $+0.00
[Cycle] No signal — YES=0.53 is between 0.30 and 0.70, sum=1.03 >= 0.97
[Ticker] KXETH15M-26APR030030-30
[Market] YES=0.55 | NO=0.49 | Sum=1.04
==================================================
Balance: $156.72 | Regime: CHOP | Session: 0W/0L (0%) | PnL: $+0.00
[Cycle] No signal — YES=0.55 is between 0.30 and 0.70, sum=1.04 >= 0.97
[Ticker] KXETH15M-26APR030030-30
[Market] YES=0.44 | NO=0.59 | Sum=1.03
==================================================
Balance: $156.72 | Regime: CHOP | Session: 0W/0L (0%) | PnL: $+0.00
[Cycle] No signal — YES=0.44 is between 0.30 and 0.70, sum=1.03 >= 0.97
[Ticker] KXETH15M-26APR030030-30
[Market] YES=0.50 | NO=0.53 | Sum=1.03
==================================================
Balance: $156.72 | Regime: CHOP | Session: 0W/0L (0%) | PnL: $+0.00
[Cycle] No signal — YES=0.50 is between 0.30 and 0.70, sum=1.03 >= 0.97
[Ticker] KXETH15M-26APR030030-30
[Market] YES=0.20 | NO=0.82 | Sum=1.02
==================================================
Balance: $156.72 | Regime: CHOP | Session: 0W/0L (0%) | PnL: $+0.00
[Confidence] Score=5/10 | strong_edge,coinbase_weak,all3_agree
[Timing] Window 8 min old — skipping
[Cycle] No signal — YES=0.20 is between 0.30 and 0.70, sum=1.02 >= 0.97
[Ticker] KXETH15M-26APR030030-30
[Market] YES=0.12 | NO=0.91 | Sum=1.03
==================================================
Balance: $156.72 | Regime: CHOP | Session: 0W/0L (0%) | PnL: $+0.00
[Confidence] Score=5/10 | strong_edge,coinbase_weak,all3_agree
[Timing] Window 9 min old — skipping
[Cycle] No signal — YES=0.12 is between 0.30 and 0.70, sum=1.03 >= 0.97
[Ticker] KXETH15M-26APR030030-30
[Market] YES=0.06 | NO=0.95 | Sum=1.01
==================================================
Balance: $156.72 | Regime: CHOP | Session: 0W/0L (0%) | PnL: $+0.00
[Confidence] Score=5/10 | strong_edge,coinbase_weak,all3_agree
[Timing] Window 10 min old — skipping
[Cycle] No signal — YES=0.06 is between 0.30 and 0.70, sum=1.01 >= 0.97
[Ticker] KXETH15M-26APR030030-30
[Market] YES=0.06 | NO=0.95 | Sum=1.01
==================================================
Balance: $156.72 | Regime: CHOP | Session: 0W/0L (0%) | PnL: $+0.00
[Confidence] Score=5/10 | strong_edge,coinbase_weak,all3_agree
[Timing] Window 11 min old — skipping
[Cycle] No signal — YES=0.06 is between 0.30 and 0.70, sum=1.01 >= 0.97
[Ticker] KXETH15M-26APR030030-30
[Market] YES=0.03 | NO=0.98 | Sum=1.01
==================================================
Balance: $156.72 | Regime: CHOP | Session: 0W/0L (0%) | PnL: $+0.00
[Confidence] Score=6/10 | extreme_edge,coinbase_weak,all3_agree
[Timing] Window 12 min old — skipping
[Cycle] No signal — YES=0.03 is between 0.30 and 0.70, sum=1.01 >= 0.97
[Ticker] KXETH15M-26APR030030-30
[Market] YES=0.02 | NO=0.98 | Sum=1.00
==================================================
Balance: $156.72 | Regime: CHOP | Session: 0W/0L (0%) | PnL: $+0.00
[Confidence] Score=6/10 | extreme_edge,coinbase_weak,all3_agree
[Timing] Window 13 min old — skipping
[Cycle] No signal — YES=0.02 is between 0.30 and 0.70, sum=1.00 >= 0.97
[Ticker] KXETH15M-26APR030030-30
[Market] YES=0.01 | NO=1.00 | Sum=1.00
==================================================
Balance: $156.72 | Regime: CHOP | Session: 0W/0L (0%) | PnL: $+0.00
[Confidence] Score=6/10 | extreme_edge,coinbase_weak,all3_agree
[Timing] Window 14 min old — skipping
[Cycle] No signal — YES=0.01 is between 0.30 and 0.70, sum=1.00 >= 0.97
[Ticker] KXETH15M-26APR030045-45
[Market] YES=0.44 | NO=0.60 | Sum=1.04
==================================================
Balance: $156.72 | Regime: CHOP | Session: 0W/0L (0%) | PnL: $+0.00
[Cycle] No signal — YES=0.44 is between 0.30 and 0.70, sum=1.04 >= 0.97
[Ticker] KXETH15M-26APR030045-45
[Market] YES=0.33 | NO=0.72 | Sum=1.05
==================================================
Balance: $156.72 | Regime: CHOP | Session: 0W/0L (0%) | PnL: $+0.00
[Cycle] No signal — YES=0.33 is between 0.30 and 0.70, sum=1.05 >= 0.97
[Ticker] KXETH15M-26APR030045-45
[Market] YES=0.37 | NO=0.68 | Sum=1.05
==================================================
Balance: $156.72 | Regime: CHOP | Session: 0W/0L (0%) | PnL: $+0.00
[Cycle] No signal — YES=0.37 is between 0.30 and 0.70, sum=1.05 >= 0.97
[Ticker] KXETH15M-26APR030045-45
[Market] YES=0.51 | NO=0.51 | Sum=1.02
==================================================
Balance: $156.72 | Regime: CHOP | Session: 0W/0L (0%) | PnL: $+0.00
[Cycle] No signal — YES=0.51 is between 0.30 and 0.70, sum=1.02 >= 0.97
[Ticker] KXETH15M-26APR030045-45
[Market] YES=0.60 | NO=0.43 | Sum=1.03
==================================================
Balance: $156.72 | Regime: CHOP | Session: 0W/0L (0%) | PnL: $+0.00
[Cycle] No signal — YES=0.60 is between 0.30 and 0.70, sum=1.03 >= 0.97
[Ticker] KXETH15M-26APR030045-45
[Market] YES=0.35 | NO=0.68 | Sum=1.03
==================================================
Balance: $156.72 | Regime: CHOP | Session: 0W/0L (0%) | PnL: $+0.00
[Cycle] No signal — YES=0.35 is between 0.30 and 0.70, sum=1.03 >= 0.97
[Ticker] KXETH15M-26APR030045-45
[Market] YES=0.40 | NO=0.64 | Sum=1.04
==================================================
Balance: $156.72 | Regime: CHOP | Session: 0W/0L (0%) | PnL: $+0.00
[Cycle] No signal — YES=0.40 is between 0.30 and 0.70, sum=1.04 >= 0.97
[Ticker] KXETH15M-26APR030045-45
[Market] YES=0.42 | NO=0.61 | Sum=1.03
==================================================
Balance: $156.72 | Regime: CHOP | Session: 0W/0L (0%) | PnL: $+0.00
[Cycle] No signal — YES=0.42 is between 0.30 and 0.70, sum=1.03 >= 0.97
[Ticker] KXETH15M-26APR030045-45
[Market] YES=0.32 | NO=0.72 | Sum=1.04
==================================================
Balance: $156.72 | Regime: CHOP | Session: 0W/0L (0%) | PnL: $+0.00
[Cycle] No signal — YES=0.32 is between 0.30 and 0.70, sum=1.04 >= 0.97
[Ticker] KXETH15M-26APR030045-45
[Market] YES=0.18 | NO=0.84 | Sum=1.02
==================================================
Balance: $156.72 | Regime: CHOP | Session: 0W/0L (0%) | PnL: $+0.00
[Confidence] Score=5/10 | strong_edge,coinbase_weak,all3_agree
[Timing] Window 9 min old — skipping
[Cycle] No signal — YES=0.18 is between 0.30 and 0.70, sum=1.02 >= 0.97
[Ticker] KXETH15M-26APR030045-45
[Market] YES=0.22 | NO=0.81 | Sum=1.03
==================================================
Balance: $156.72 | Regime: CHOP | Session: 0W/0L (0%) | PnL: $+0.00
[Confidence] Score=4/10 | moderate_edge,coinbase_weak,all3_agree
[Timing] Window 10 min old — skipping
[Cycle] No signal — YES=0.22 is between 0.30 and 0.70, sum=1.03 >= 0.97
[Ticker] KXETH15M-26APR030045-45
[Market] YES=0.20 | NO=0.81 | Sum=1.01
==================================================
Balance: $156.72 | Regime: CHOP | Session: 0W/0L (0%) | PnL: $+0.00
[Confidence] Score=5/10 | strong_edge,coinbase_weak,all3_agree
[Timing] Window 11 min old — skipping
[Cycle] No signal — YES=0.20 is between 0.30 and 0.70, sum=1.01 >= 0.97
[Ticker] KXETH15M-26APR030045-45
[Market] YES=0.41 | NO=0.65 | Sum=1.06
==================================================
Balance: $156.72 | Regime: CHOP | Session: 0W/0L (0%) | PnL: $+0.00
[Cycle] No signal — YES=0.41 is between 0.30 and 0.70, sum=1.06 >= 0.97
[Ticker] KXETH15M-26APR030045-45
[Market] YES=0.15 | NO=0.88 | Sum=1.03
==================================================
Balance: $156.72 | Regime: CHOP | Session: 0W/0L (0%) | PnL: $+0.00
[Confidence] Score=5/10 | strong_edge,coinbase_weak,all3_agree
[Timing] Window 13 min old — skipping
[Cycle] No signal — YES=0.15 is between 0.30 and 0.70, sum=1.03 >= 0.97
[Ticker] KXETH15M-26APR030045-45
[Market] YES=0.22 | NO=0.83 | Sum=1.05
==================================================
Balance: $156.72 | Regime: CHOP | Session: 0W/0L (0%) | PnL: $+0.00
[Confidence] Score=4/10 | moderate_edge,coinbase_weak,all3_agree
[Timing] Window 14 min old — skipping
[Cycle] No signal — YES=0.22 is between 0.30 and 0.70, sum=1.05 >= 0.97
[Ticker] KXETH15M-26APR030045-45
[Market] YES=0.85 | NO=1.00 | Sum=1.85
==================================================
Balance: $156.72 | Regime: CHOP | Session: 0W/0L (0%) | PnL: $+0.00
[Confidence] Score=2/10 | strong_edge
[Timing] Window 0 min old — skipping
[Cycle] No signal — YES=0.85 is between 0.30 and 0.70, sum=1.85 >= 0.97
[Ticker] KXETH15M-26APR030100-00
[Market] YES=0.63 | NO=0.39 | Sum=1.02
==================================================
Balance: $156.72 | Regime: CHOP | Session: 0W/0L (0%) | PnL: $+0.00
[Cycle] No signal — YES=0.63 is between 0.30 and 0.70, sum=1.02 >= 0.97
[Ticker] KXETH15M-26APR030100-00
[Market] YES=0.89 | NO=0.18 | Sum=1.07
==================================================
Balance: $156.72 | Regime: CHOP | Session: 0W/0L (0%) | PnL: $+0.00
[Confidence] Score=3/10 | strong_edge,coinbase_weak
[Signal] UP candidate | yes=0.89 | waiting (1/2)
[Cycle] No signal — YES=0.89 is between 0.30 and 0.70, sum=1.07 >= 0.97
[Ticker] KXETH15M-26APR030100-00
[Market] YES=0.88 | NO=0.14 | Sum=1.02
==================================================
Balance: $156.72 | Regime: CHOP | Session: 0W/0L (0%) | PnL: $+0.00
[Confidence] Score=3/10 | strong_edge,coinbase_weak
[Coinbase] Confirms UP | $2055 gap=+3 (0.17%)
[Kraken] Divergence 3143.03% — bet trimmed
[Correlation] 2/3 agree UP
[Signal] CONFIRMED UP | yes=0.88 | edge=0.38 | bet=$1.80
[Safety] Balance $156.72 below floor $175.00
🛑 OpenClaw ETH Bot v4.0 halted: Balance $156.72 below floor $175.00

==================================================
OpenClaw ETH Bot v4.0 — LIVE
[Startup] Live balance synced: $156.72
Balance: $156.72 | MaxBet: $4.39 | Threshold: <0.30 or >0.70
==================================================

[Startup] Resting orders cleared
[Ticker] KXETH15M-26APR030100-00
[Market] YES=0.90 | NO=0.11 | Sum=1.01
==================================================
Balance: $156.72 | Regime: CHOP | Session: 0W/0L (0%) | PnL: $+0.00
[Confidence] Score=3/10 | strong_edge,coinbase_weak
[Signal] UP candidate | yes=0.90 | waiting (1/2)
[Cycle] No signal — YES=0.90 is between 0.30 and 0.70, sum=1.01 >= 0.97
[Ticker] KXETH15M-26APR030100-00
[Market] YES=0.88 | NO=0.15 | Sum=1.03
==================================================
Balance: $156.72 | Regime: CHOP | Session: 0W/0L (0%) | PnL: $+0.00
[Confidence] Score=3/10 | strong_edge,coinbase_weak
[Timing] Window 5 min old — skipping
[Cycle] No signal — YES=0.88 is between 0.30 and 0.70, sum=1.03 >= 0.97
[Ticker] KXETH15M-26APR030100-00
[Market] YES=0.91 | NO=0.13 | Sum=1.04
==================================================
Balance: $156.72 | Regime: CHOP | Session: 0W/0L (0%) | PnL: $+0.00
[Confidence] Score=4/10 | strong_edge,coinbase_weak,2of3_agree
[Timing] Window 6 min old — skipping
[Cycle] No signal — YES=0.91 is between 0.30 and 0.70, sum=1.04 >= 0.97
[Ticker] KXETH15M-26APR030100-00
[Market] YES=0.91 | NO=0.09 | Sum=1.00
==================================================
Balance: $156.72 | Regime: CHOP | Session: 0W/0L (0%) | PnL: $+0.00
[Confidence] Score=3/10 | strong_edge,coinbase_weak
[Timing] Window 7 min old — skipping
[Cycle] No signal — YES=0.91 is between 0.30 and 0.70, sum=1.00 >= 0.97
[Ticker] KXETH15M-26APR030100-00
[Market] YES=0.89 | NO=0.15 | Sum=1.04
==================================================
Balance: $156.72 | Regime: CHOP | Session: 0W/0L (0%) | PnL: $+0.00
[Confidence] Score=3/10 | strong_edge,coinbase_weak
[Timing] Window 8 min old — skipping
[Cycle] No signal — YES=0.89 is between 0.30 and 0.70, sum=1.04 >= 0.97
[Ticker] KXETH15M-26APR030100-00
[Market] YES=0.96 | NO=0.05 | Sum=1.01
==================================================
Balance: $156.72 | Regime: CHOP | Session: 0W/0L (0%) | PnL: $+0.00
[Confidence] Score=4/10 | extreme_edge,coinbase_weak
[Timing] Window 9 min old — skipping
[Cycle] No signal — YES=0.96 is between 0.30 and 0.70, sum=1.01 >= 0.97
[Ticker] KXETH15M-26APR030100-00
[Market] YES=0.98 | NO=0.02 | Sum=1.00
==================================================
Balance: $156.72 | Regime: CHOP | Session: 0W/0L (0%) | PnL: $+0.00
[Confidence] Score=4/10 | extreme_edge,coinbase_weak
[Timing] Window 10 min old — skipping
[Cycle] No signal — YES=0.98 is between 0.30 and 0.70, sum=1.00 >= 0.97
[Ticker] KXETH15M-26APR030100-00
[Market] YES=0.99 | NO=0.02 | Sum=1.01
==================================================
Balance: $156.72 | Regime: CHOP | Session: 0W/0L (0%) | PnL: $+0.00
[Confidence] Score=4/10 | extreme_edge,coinbase_weak
[Timing] Window 11 min old — skipping
[Cycle] No signal — YES=0.99 is between 0.30 and 0.70, sum=1.01 >= 0.97
[Ticker] KXETH15M-26APR030100-00
[Market] YES=0.99 | NO=0.01 | Sum=1.00
==================================================
Balance: $156.72 | Regime: CHOP | Session: 0W/0L (0%) | PnL: $+0.00
[Confidence] Score=4/10 | extreme_edge,coinbase_weak
[Timing] Window 12 min old — skipping
[Cycle] No signal — YES=0.99 is between 0.30 and 0.70, sum=1.00 >= 0.97
[Ticker] KXETH15M-26APR030100-00
[Market] YES=0.99 | NO=0.02 | Sum=1.01
==================================================
Balance: $156.72 | Regime: CHOP | Session: 0W/0L (0%) | PnL: $+0.00
[Confidence] Score=4/10 | extreme_edge,coinbase_weak
[Timing] Window 13 min old — skipping
[Cycle] No signal — YES=0.99 is between 0.30 and 0.70, sum=1.01 >= 0.97
[Ticker] KXETH15M-26APR030100-00
[Market] YES=1.00 | NO=0.00 | Sum=1.00
==================================================
Balance: $156.72 | Regime: CHOP | Session: 0W/0L (0%) | PnL: $+0.00
[Confidence] Score=4/10 | extreme_edge,coinbase_weak
[Timing] Window 14 min old — skipping
[Cycle] No signal — YES=1.00 is between 0.30 and 0.70, sum=1.00 >= 0.97
[Ticker] KXETH15M-26APR030100-00
[Market] YES=1.00 | NO=0.85 | Sum=1.85
==================================================
Balance: $156.72 | Regime: CHOP | Session: 0W/0L (0%) | PnL: $+0.00
[Confidence] Score=4/10 | extreme_edge,coinbase_weak
[Timing] Window 0 min old — skipping
[Cycle] No signal — YES=1.00 is between 0.30 and 0.70, sum=1.85 >= 0.97
[Ticker] KXETH15M-26APR030115-15
[Market] YES=0.47 | NO=0.54 | Sum=1.01
==================================================
Balance: $156.72 | Regime: CHOP | Session: 0W/0L (0%) | PnL: $+0.00
[Cycle] No signal — YES=0.47 is between 0.30 and 0.70, sum=1.01 >= 0.97
[Ticker] KXETH15M-26APR030115-15
[Market] YES=0.51 | NO=0.50 | Sum=1.01
==================================================
Balance: $156.72 | Regime: CHOP | Session: 0W/0L (0%) | PnL: $+0.00
[Cycle] No signal — YES=0.51 is between 0.30 and 0.70, sum=1.01 >= 0.97
[Ticker] KXETH15M-26APR030115-15
[Market] YES=0.55 | NO=0.47 | Sum=1.02
==================================================
Balance: $156.72 | Regime: CHOP | Session: 0W/0L (0%) | PnL: $+0.00
[Cycle] No signal — YES=0.55 is between 0.30 and 0.70, sum=1.02 >= 0.97
[Ticker] KXETH15M-26APR030115-15
[Market] YES=0.77 | NO=0.24 | Sum=1.01
==================================================
Balance: $156.72 | Regime: CHOP | Session: 0W/0L (0%) | PnL: $+0.00
[Confidence] Score=2/10 | moderate_edge,coinbase_weak
[Signal] UP candidate | yes=0.77 | waiting (1/2)
[Cycle] No signal — YES=0.77 is between 0.30 and 0.70, sum=1.01 >= 0.97
[Ticker] KXETH15M-26APR030115-15
[Market] YES=0.68 | NO=0.35 | Sum=1.03
==================================================
Balance: $156.72 | Regime: CHOP | Session: 0W/0L (0%) | PnL: $+0.00
[Cycle] No signal — YES=0.68 is between 0.30 and 0.70, sum=1.03 >= 0.97
[Ticker] KXETH15M-26APR030115-15
[Market] YES=0.74 | NO=0.31 | Sum=1.05
==================================================
Balance: $156.72 | Regime: CHOP | Session: 0W/0L (0%) | PnL: $+0.00
[Confidence] Score=2/10 | moderate_edge,coinbase_weak
[Timing] Window 6 min old — skipping
[Cycle] No signal — YES=0.74 is between 0.30 and 0.70, sum=1.05 >= 0.97
[Ticker] KXETH15M-26APR030115-15
[Market] YES=0.72 | NO=0.32 | Sum=1.04
==================================================
Balance: $156.72 | Regime: CHOP | Session: 0W/0L (0%) | PnL: $+0.00
[Confidence] Score=2/10 | moderate_edge,coinbase_weak
[Timing] Window 7 min old — skipping
[Cycle] No signal — YES=0.72 is between 0.30 and 0.70, sum=1.04 >= 0.97
[Ticker] KXETH15M-26APR030115-15
[Market] YES=0.35 | NO=0.66 | Sum=1.01
==================================================
Balance: $156.72 | Regime: CHOP | Session: 0W/0L (0%) | PnL: $+0.00
[Cycle] No signal — YES=0.35 is between 0.30 and 0.70, sum=1.01 >= 0.97
[Ticker] KXETH15M-26APR030115-15
[Market] YES=0.38 | NO=0.65 | Sum=1.03
==================================================
Balance: $156.72 | Regime: CHOP | Session: 0W/0L (0%) | PnL: $+0.00
[Cycle] No signal — YES=0.38 is between 0.30 and 0.70, sum=1.03 >= 0.97
[Ticker] KXETH15M-26APR030115-15
[Market] YES=0.59 | NO=0.44 | Sum=1.03
==================================================
Balance: $156.72 | Regime: CHOP | Session: 0W/0L (0%) | PnL: $+0.00
[Cycle] No signal — YES=0.59 is between 0.30 and 0.70, sum=1.03 >= 0.97
[Ticker] KXETH15M-26APR030115-15
[Market] YES=0.37 | NO=0.65 | Sum=1.02
==================================================
Balance: $156.72 | Regime: CHOP | Session: 0W/0L (0%) | PnL: $+0.00
[Cycle] No signal — YES=0.37 is between 0.30 and 0.70, sum=1.02 >= 0.97
[Ticker] KXETH15M-26APR030115-15
[Market] YES=0.33 | NO=0.69 | Sum=1.02
==================================================
Balance: $156.72 | Regime: CHOP | Session: 0W/0L (0%) | PnL: $+0.00
[Cycle] No signal — YES=0.33 is between 0.30 and 0.70, sum=1.02 >= 0.97
[Ticker] KXETH15M-26APR030115-15
[Market] YES=0.13 | NO=0.88 | Sum=1.01
==================================================
Balance: $156.72 | Regime: CHOP | Session: 0W/0L (0%) | PnL: $+0.00
[Confidence] Score=5/10 | strong_edge,coinbase_weak,all3_agree
[Timing] Window 13 min old — skipping
[Cycle] No signal — YES=0.13 is between 0.30 and 0.70, sum=1.01 >= 0.97
[Ticker] KXETH15M-26APR030115-15
[Market] YES=0.01 | NO=1.00 | Sum=1.01
==================================================
Balance: $156.72 | Regime: CHOP | Session: 0W/0L (0%) | PnL: $+0.00
[Confidence] Score=6/10 | extreme_edge,coinbase_weak,all3_agree
[Timing] Window 14 min old — skipping
[Cycle] No signal — YES=0.01 is between 0.30 and 0.70, sum=1.01 >= 0.97
[Ticker] KXETH15M-26APR030115-15
[Market] YES=0.00 | NO=1.00 | Sum=1.00
==================================================
Balance: $156.72 | Regime: CHOP | Session: 0W/0L (0%) | PnL: $+0.00
[Confidence] Score=5/10 | extreme_edge,coinbase_weak,2of3_agree
[Timing] Window 0 min old — skipping
[Cycle] No signal — YES=0.00 is between 0.30 and 0.70, sum=1.00 >= 0.97
[Ticker] KXETH15M-26APR030130-30
[Market] YES=0.42 | NO=0.61 | Sum=1.03
==================================================
Balance: $156.72 | Regime: CHOP | Session: 0W/0L (0%) | PnL: $+0.00
[Cycle] No signal — YES=0.42 is between 0.30 and 0.70, sum=1.03 >= 0.97
[Ticker] KXETH15M-26APR030130-30
[Market] YES=0.20 | NO=0.83 | Sum=1.03
==================================================
Balance: $156.72 | Regime: CHOP | Session: 0W/0L (0%) | PnL: $+0.00
[Confidence] Score=5/10 | strong_edge,coinbase_weak,all3_agree
[Signal] DOWN candidate | yes=0.20 | waiting (1/2)
[Cycle] No signal — YES=0.20 is between 0.30 and 0.70, sum=1.03 >= 0.97
[Ticker] KXETH15M-26APR030130-30
[Market] YES=0.11 | NO=0.90 | Sum=1.01
==================================================
Balance: $156.72 | Regime: CHOP | Session: 0W/0L (0%) | PnL: $+0.00
[Confidence] Score=3/10 | strong_edge,coinbase_weak
[Coinbase] Confirms DOWN | $2049 gap=-4 (0.21%)
[Kraken] Divergence 3141.89% — bet trimmed
[Correlation] All 3 agree — bet boosted
[Signal] CONFIRMED DOWN | yes=0.11 | edge=0.39 | bet=$2.16
[Safety] Balance $156.72 below floor $175.00
🛑 OpenClaw ETH Bot v4.0 halted: Balance $156.72 below floor $175.00

==================================================
OpenClaw ETH Bot v4.0 — LIVE
[Startup] Live balance synced: $156.72
Balance: $156.72 | MaxBet: $0.00 | Threshold: <0.30 or >0.70
==================================================

[Startup] Resting orders cleared
[Ticker] KXETH15M-26APR030130-30
[Market] YES=0.23 | NO=0.79 | Sum=1.02
==================================================
Balance: $156.72 | Regime: CHOP | Session: 0W/0L (0%) | PnL: $+0.00
[Confidence] Score=4/10 | moderate_edge,coinbase_weak,all3_agree
[Signal] DOWN candidate | yes=0.23 | waiting (1/2)
[Cycle] No signal — YES=0.23 is between 0.30 and 0.70, sum=1.02 >= 0.97
[Ticker] KXETH15M-26APR030130-30
[Market] YES=0.23 | NO=0.79 | Sum=1.02
==================================================
Balance: $156.72 | Regime: CHOP | Session: 0W/0L (0%) | PnL: $+0.00
[Confidence] Score=4/10 | moderate_edge,coinbase_weak,all3_agree
[Timing] Window 5 min old — skipping
[Cycle] No signal — YES=0.23 is between 0.30 and 0.70, sum=1.02 >= 0.97
[Ticker] KXETH15M-26APR030130-30
[Market] YES=0.11 | NO=0.92 | Sum=1.03
==================================================
Balance: $156.72 | Regime: CHOP | Session: 0W/0L (0%) | PnL: $+0.00
[Confidence] Score=5/10 | strong_edge,coinbase_weak,all3_agree
[Timing] Window 6 min old — skipping
[Cycle] No signal — YES=0.11 is between 0.30 and 0.70, sum=1.03 >= 0.97
[Ticker] KXETH15M-26APR030130-30
[Market] YES=0.10 | NO=0.93 | Sum=1.03
==================================================
Balance: $156.72 | Regime: CHOP | Session: 0W/0L (0%) | PnL: $+0.00
[Confidence] Score=5/10 | strong_edge,coinbase_weak,all3_agree
[Timing] Window 7 min old — skipping
[Cycle] No signal — YES=0.10 is between 0.30 and 0.70, sum=1.03 >= 0.97
[Ticker] KXETH15M-26APR030130-30
[Market] YES=0.05 | NO=0.96 | Sum=1.01
==================================================
Balance: $156.72 | Regime: CHOP | Session: 0W/0L (0%) | PnL: $+0.00
[Confidence] Score=6/10 | extreme_edge,coinbase_weak,all3_agree
[Timing] Window 8 min old — skipping
[Cycle] No signal — YES=0.05 is between 0.30 and 0.70, sum=1.01 >= 0.97
[Ticker] KXETH15M-26APR030130-30
[Market] YES=0.04 | NO=0.97 | Sum=1.01
==================================================
Balance: $156.72 | Regime: CHOP | Session: 0W/0L (0%) | PnL: $+0.00
[Confidence] Score=6/10 | extreme_edge,coinbase_weak,all3_agree
[Timing] Window 9 min old — skipping
[Cycle] No signal — YES=0.04 is between 0.30 and 0.70, sum=1.01 >= 0.97
[Ticker] KXETH15M-26APR030130-30
[Market] YES=0.07 | NO=0.95 | Sum=1.02
==================================================
Balance: $156.72 | Regime: CHOP | Session: 0W/0L (0%) | PnL: $+0.00
[Confidence] Score=5/10 | strong_edge,coinbase_weak,all3_agree
[Timing] Window 10 min old — skipping
[Cycle] No signal — YES=0.07 is between 0.30 and 0.70, sum=1.02 >= 0.97
[Ticker] KXETH15M-26APR030130-30
[Market] YES=0.11 | NO=0.91 | Sum=1.02
==================================================
Balance: $156.72 | Regime: CHOP | Session: 0W/0L (0%) | PnL: $+0.00
[Confidence] Score=5/10 | strong_edge,coinbase_weak,all3_agree
[Timing] Window 11 min old — skipping
[Cycle] No signal — YES=0.11 is between 0.30 and 0.70, sum=1.02 >= 0.97
[Ticker] KXETH15M-26APR030130-30
[Market] YES=0.15 | NO=0.89 | Sum=1.04
==================================================
Balance: $156.72 | Regime: CHOP | Session: 0W/0L (0%) | PnL: $+0.00
[Confidence] Score=5/10 | strong_edge,coinbase_weak,all3_agree
[Timing] Window 12 min old — skipping
[Cycle] No signal — YES=0.15 is between 0.30 and 0.70, sum=1.04 >= 0.97
[Ticker] KXETH15M-26APR030130-30
[Market] YES=0.02 | NO=0.99 | Sum=1.01
==================================================
Balance: $156.72 | Regime: CHOP | Session: 0W/0L (0%) | PnL: $+0.00
[Confidence] Score=6/10 | extreme_edge,coinbase_weak,all3_agree
[Timing] Window 13 min old — skipping
[Cycle] No signal — YES=0.02 is between 0.30 and 0.70, sum=1.01 >= 0.97
[Ticker] KXETH15M-26APR030130-30
[Market] YES=0.02 | NO=1.00 | Sum=1.02
==================================================
Balance: $156.72 | Regime: CHOP | Session: 0W/0L (0%) | PnL: $+0.00
[Confidence] Score=5/10 | extreme_edge,all3_agree
[Timing] Window 14 min old — skipping
[Cycle] No signal — YES=0.02 is between 0.30 and 0.70, sum=1.02 >= 0.97
[Ticker] KXETH15M-26APR030145-45
[Market] YES=0.78 | NO=0.25 | Sum=1.03
==================================================
Balance: $156.72 | Regime: CHOP | Session: 0W/0L (0%) | PnL: $+0.00
[Confidence] Score=2/10 | moderate_edge,coinbase_weak
[Timing] Window 0 min old — skipping
[Cycle] No signal — YES=0.78 is between 0.30 and 0.70, sum=1.03 >= 0.97
[Ticker] KXETH15M-26APR030145-45
[Market] YES=0.89 | NO=0.14 | Sum=1.03
==================================================
Balance: $156.72 | Regime: CHOP | Session: 0W/0L (0%) | PnL: $+0.00
[Confidence] Score=3/10 | strong_edge,coinbase_weak
[Signal] EXTREME UP | yes=0.89 | edge=0.39 | firing immediately
[Coinbase] Confirms UP | $2057 gap=+4 (0.22%)
[Kraken] Divergence 3142.35% — bet trimmed
[Correlation] Markets diverging — bet trimmed
[Signal] CONFIRMED UP | yes=0.89 | edge=0.39 | bet=$1.62
[Safety] Balance $156.72 below floor $175.00
🛑 OpenClaw ETH Bot v4.0 halted: Balance $156.72 below floor $175.00

==================================================
OpenClaw ETH Bot v4.0 — LIVE
[Startup] Live balance synced: $156.72
Balance: $156.72 | MaxBet: $0.00 | Threshold: <0.30 or >0.70
==================================================

[Startup] Resting orders cleared
[Ticker] KXETH15M-26APR030145-45
[Market] YES=0.97 | NO=0.03 | Sum=1.00
==================================================
Balance: $156.72 | Regime: CHOP | Session: 0W/0L (0%) | PnL: $+0.00
[Confidence] Score=4/10 | extreme_edge,coinbase_weak
[Timing] Window 5 min old — skipping
[Cycle] No signal — YES=0.97 is between 0.30 and 0.70, sum=1.00 >= 0.97
[Ticker] KXETH15M-26APR030145-45
[Market] YES=0.98 | NO=0.03 | Sum=1.01
==================================================
Balance: $156.72 | Regime: CHOP | Session: 0W/0L (0%) | PnL: $+0.00
[Confidence] Score=4/10 | extreme_edge,coinbase_weak
[Timing] Window 6 min old — skipping
[Cycle] No signal — YES=0.98 is between 0.30 and 0.70, sum=1.01 >= 0.97
[Ticker] KXETH15M-26APR030145-45
[Market] YES=0.97 | NO=0.03 | Sum=1.01
==================================================
Balance: $156.72 | Regime: CHOP | Session: 0W/0L (0%) | PnL: $+0.00
[Confidence] Score=4/10 | extreme_edge,coinbase_weak
[Timing] Window 7 min old — skipping
[Cycle] No signal — YES=0.97 is between 0.30 and 0.70, sum=1.01 >= 0.97
[Ticker] KXETH15M-26APR030145-45
[Market] YES=0.99 | NO=0.02 | Sum=1.01
==================================================
Balance: $156.72 | Regime: CHOP | Session: 0W/0L (0%) | PnL: $+0.00
[Confidence] Score=4/10 | extreme_edge,coinbase_weak
[Timing] Window 8 min old — skipping
[Cycle] No signal — YES=0.99 is between 0.30 and 0.70, sum=1.01 >= 0.97
[Ticker] KXETH15M-26APR030145-45
[Market] YES=0.99 | NO=0.01 | Sum=1.00
==================================================
Balance: $156.72 | Regime: CHOP | Session: 0W/0L (0%) | PnL: $+0.00
[Confidence] Score=4/10 | extreme_edge,coinbase_weak
[Timing] Window 9 min old — skipping
[Cycle] No signal — YES=0.99 is between 0.30 and 0.70, sum=1.00 >= 0.97
[Ticker] KXETH15M-26APR030145-45
[Market] YES=0.99 | NO=0.02 | Sum=1.01
==================================================
Balance: $156.72 | Regime: CHOP | Session: 0W/0L (0%) | PnL: $+0.00
[Confidence] Score=4/10 | extreme_edge,coinbase_weak
[Timing] Window 10 min old — skipping
[Cycle] No signal — YES=0.99 is between 0.30 and 0.70, sum=1.01 >= 0.97
[Ticker] KXETH15M-26APR030145-45
[Market] YES=1.00 | NO=0.01 | Sum=1.00
==================================================
Balance: $156.72 | Regime: CHOP | Session: 0W/0L (0%) | PnL: $+0.00
[Confidence] Score=4/10 | extreme_edge,coinbase_weak
[Timing] Window 11 min old — skipping
[Cycle] No signal — YES=1.00 is between 0.30 and 0.70, sum=1.00 >= 0.97
[Ticker] KXETH15M-26APR030145-45
[Market] YES=1.00 | NO=0.00 | Sum=1.00
==================================================
Balance: $156.72 | Regime: CHOP | Session: 0W/0L (0%) | PnL: $+0.00
[Confidence] Score=4/10 | extreme_edge,coinbase_weak
[Timing] Window 12 min old — skipping
[Cycle] No signal — YES=1.00 is between 0.30 and 0.70, sum=1.00 >= 0.97
[Ticker] KXETH15M-26APR030145-45
[Market] YES=1.00 | NO=0.01 | Sum=1.00
==================================================
Balance: $156.72 | Regime: CHOP | Session: 0W/0L (0%) | PnL: $+0.00
[Confidence] Score=4/10 | extreme_edge,coinbase_weak
[Timing] Window 13 min old — skipping
[Cycle] No signal — YES=1.00 is between 0.30 and 0.70, sum=1.00 >= 0.97
[Ticker] KXETH15M-26APR030145-45
[Market] YES=1.00 | NO=0.00 | Sum=1.00
==================================================
Balance: $156.72 | Regime: CHOP | Session: 0W/0L (0%) | PnL: $+0.00
[Confidence] Score=4/10 | extreme_edge,coinbase_weak
[Timing] Window 14 min old — skipping
[Cycle] No signal — YES=1.00 is between 0.30 and 0.70, sum=1.00 >= 0.97
[Ticker] KXETH15M-26APR030145-45
[Market] YES=1.00 | NO=1.00 | Sum=2.00
==================================================
Balance: $156.72 | Regime: CHOP | Session: 0W/0L (0%) | PnL: $+0.00
[Confidence] Score=4/10 | extreme_edge,coinbase_weak
[Timing] Window 0 min old — skipping
[Cycle] No signal — YES=1.00 is between 0.30 and 0.70, sum=2.00 >= 0.97
[Ticker] KXETH15M-26APR030200-00
[Market] YES=0.47 | NO=0.56 | Sum=1.03
==================================================
Balance: $156.72 | Regime: CHOP | Session: 0W/0L (0%) | PnL: $+0.00
[Cycle] No signal — YES=0.47 is between 0.30 and 0.70, sum=1.03 >= 0.97
[Ticker] KXETH15M-26APR030200-00
[Market] YES=0.50 | NO=0.53 | Sum=1.03
==================================================
Balance: $156.72 | Regime: CHOP | Session: 0W/0L (0%) | PnL: $+0.00
[Cycle] No signal — YES=0.50 is between 0.30 and 0.70, sum=1.03 >= 0.97
[Ticker] KXETH15M-26APR030200-00
[Market] YES=0.48 | NO=0.54 | Sum=1.02
==================================================
Balance: $156.72 | Regime: CHOP | Session: 0W/0L (0%) | PnL: $+0.00
[Cycle] No signal — YES=0.48 is between 0.30 and 0.70, sum=1.02 >= 0.97
[Ticker] KXETH15M-26APR030200-00
[Market] YES=0.52 | NO=0.51 | Sum=1.03
==================================================
Balance: $156.72 | Regime: CHOP | Session: 0W/0L (0%) | PnL: $+0.00
[Cycle] No signal — YES=0.52 is between 0.30 and 0.70, sum=1.03 >= 0.97
[Ticker] KXETH15M-26APR030200-00
[Market] YES=0.31 | NO=0.73 | Sum=1.04
==================================================
Balance: $156.72 | Regime: CHOP | Session: 0W/0L (0%) | PnL: $+0.00
[Cycle] No signal — YES=0.31 is between 0.30 and 0.70, sum=1.04 >= 0.97
[Ticker] KXETH15M-26APR030200-00
[Market] YES=0.17 | NO=0.86 | Sum=1.03
==================================================
Balance: $156.72 | Regime: CHOP | Session: 0W/0L (0%) | PnL: $+0.00
[Confidence] Score=4/10 | strong_edge,coinbase_weak,2of3_agree
[Timing] Window 6 min old — skipping
[Cycle] No signal — YES=0.17 is between 0.30 and 0.70, sum=1.03 >= 0.97
[Ticker] KXETH15M-26APR030200-00
[Market] YES=0.10 | NO=0.92 | Sum=1.02
==================================================
Balance: $156.72 | Regime: CHOP | Session: 0W/0L (0%) | PnL: $+0.00
[Confidence] Score=5/10 | strong_edge,coinbase_weak,all3_agree
[Timing] Window 7 min old — skipping
[Cycle] No signal — YES=0.10 is between 0.30 and 0.70, sum=1.02 >= 0.97
[Ticker] KXETH15M-26APR030200-00
[Market] YES=0.12 | NO=0.90 | Sum=1.02
==================================================
Balance: $156.72 | Regime: CHOP | Session: 0W/0L (0%) | PnL: $+0.00
[Confidence] Score=4/10 | strong_edge,coinbase_weak,2of3_agree
[Timing] Window 8 min old — skipping
[Cycle] No signal — YES=0.12 is between 0.30 and 0.70, sum=1.02 >= 0.97
[Ticker] KXETH15M-26APR030200-00
[Market] YES=0.07 | NO=0.95 | Sum=1.02
==================================================
Balance: $156.72 | Regime: CHOP | Session: 0W/0L (0%) | PnL: $+0.00
[Confidence] Score=5/10 | strong_edge,coinbase_weak,all3_agree
[Timing] Window 9 min old — skipping
[Cycle] No signal — YES=0.07 is between 0.30 and 0.70, sum=1.02 >= 0.97
[Ticker] KXETH15M-26APR030200-00
[Market] YES=0.03 | NO=0.98 | Sum=1.01
==================================================
Balance: $156.72 | Regime: CHOP | Session: 0W/0L (0%) | PnL: $+0.00
[Confidence] Score=6/10 | extreme_edge,coinbase_weak,all3_agree
[Timing] Window 10 min old — skipping
[Cycle] No signal — YES=0.03 is between 0.30 and 0.70, sum=1.01 >= 0.97
[Ticker] KXETH15M-26APR030200-00
[Market] YES=0.03 | NO=0.99 | Sum=1.02
==================================================
Balance: $156.72 | Regime: CHOP | Session: 0W/0L (0%) | PnL: $+0.00
[Confidence] Score=6/10 | extreme_edge,coinbase_weak,all3_agree
[Timing] Window 11 min old — skipping
[Cycle] No signal — YES=0.03 is between 0.30 and 0.70, sum=1.02 >= 0.97
[Ticker] KXETH15M-26APR030200-00
[Market] YES=0.01 | NO=0.99 | Sum=1.00
==================================================
Balance: $156.72 | Regime: CHOP | Session: 0W/0L (0%) | PnL: $+0.00
[Confidence] Score=6/10 | extreme_edge,coinbase_weak,all3_agree
[Timing] Window 12 min old — skipping
[Cycle] No signal — YES=0.01 is between 0.30 and 0.70, sum=1.00 >= 0.97
[Ticker] KXETH15M-26APR030200-00
[Market] YES=0.01 | NO=0.99 | Sum=1.00
==================================================
Balance: $156.72 | Regime: CHOP | Session: 0W/0L (0%) | PnL: $+0.00
[Confidence] Score=6/10 | extreme_edge,coinbase_weak,all3_agree
[Timing] Window 13 min old — skipping
[Cycle] No signal — YES=0.01 is between 0.30 and 0.70, sum=1.00 >= 0.97
[Ticker] KXETH15M-26APR030200-00
[Market] YES=0.00 | NO=1.00 | Sum=1.00
==================================================
Balance: $156.72 | Regime: CHOP | Session: 0W/0L (0%) | PnL: $+0.00
[Confidence] Score=6/10 | extreme_edge,coinbase_weak,all3_agree
[Timing] Window 14 min old — skipping
[Cycle] No signal — YES=0.00 is between 0.30 and 0.70, sum=1.00 >= 0.97
[Ticker] KXETH15M-26APR030200-00
[Market] YES=1.00 | NO=1.00 | Sum=2.00
==================================================
Balance: $156.72 | Regime: CHOP | Session: 0W/0L (0%) | PnL: $+0.00
[Confidence] Score=4/10 | extreme_edge,peak_hour
[Timing] Window 0 min old — skipping
[Cycle] No signal — YES=1.00 is between 0.30 and 0.70, sum=2.00 >= 0.97
[Ticker] KXETH15M-26APR030215-15
[Market] YES=0.42 | NO=0.60 | Sum=1.02
==================================================
Balance: $156.72 | Regime: CHOP | Session: 0W/0L (0%) | PnL: $+0.00
[Cycle] No signal — YES=0.42 is between 0.30 and 0.70, sum=1.02 >= 0.97
[Ticker] KXETH15M-26APR030215-15
[Market] YES=0.46 | NO=0.56 | Sum=1.02
==================================================
Balance: $156.72 | Regime: CHOP | Session: 0W/0L (0%) | PnL: $+0.00
[Cycle] No signal — YES=0.46 is between 0.30 and 0.70, sum=1.02 >= 0.97
[Ticker] KXETH15M-26APR030215-15
[Market] YES=0.69 | NO=0.35 | Sum=1.04
==================================================
Balance: $156.72 | Regime: CHOP | Session: 0W/0L (0%) | PnL: $+0.00
[Cycle] No signal — YES=0.69 is between 0.30 and 0.70, sum=1.04 >= 0.97
[Ticker] KXETH15M-26APR030215-15
[Market] YES=0.59 | NO=0.43 | Sum=1.02
==================================================
Balance: $156.72 | Regime: CHOP | Session: 0W/0L (0%) | PnL: $+0.00
[Cycle] No signal — YES=0.59 is between 0.30 and 0.70, sum=1.02 >= 0.97
[Ticker] KXETH15M-26APR030215-15
[Market] YES=0.45 | NO=0.56 | Sum=1.01
==================================================
Balance: $156.72 | Regime: CHOP | Session: 0W/0L (0%) | PnL: $+0.00
[Cycle] No signal — YES=0.45 is between 0.30 and 0.70, sum=1.01 >= 0.97
[Ticker] KXETH15M-26APR030215-15
[Market] YES=0.38 | NO=0.64 | Sum=1.02
==================================================
Balance: $156.72 | Regime: CHOP | Session: 0W/0L (0%) | PnL: $+0.00
[Cycle] No signal — YES=0.38 is between 0.30 and 0.70, sum=1.02 >= 0.97
[Ticker] KXETH15M-26APR030215-15
[Market] YES=0.50 | NO=0.52 | Sum=1.02
==================================================
Balance: $156.72 | Regime: CHOP | Session: 0W/0L (0%) | PnL: $+0.00
[Cycle] No signal — YES=0.50 is between 0.30 and 0.70, sum=1.02 >= 0.97
[Ticker] KXETH15M-26APR030215-15
[Market] YES=0.65 | NO=0.38 | Sum=1.03
==================================================
Balance: $156.72 | Regime: CHOP | Session: 0W/0L (0%) | PnL: $+0.00
[Cycle] No signal — YES=0.65 is between 0.30 and 0.70, sum=1.03 >= 0.97
[Ticker] KXETH15M-26APR030215-15
[Market] YES=0.36 | NO=0.65 | Sum=1.01
==================================================
Balance: $156.72 | Regime: CHOP | Session: 0W/0L (0%) | PnL: $+0.00
[Cycle] No signal — YES=0.36 is between 0.30 and 0.70, sum=1.01 >= 0.97
[Ticker] KXETH15M-26APR030215-15
[Market] YES=0.41 | NO=0.64 | Sum=1.05
==================================================
Balance: $156.72 | Regime: CHOP | Session: 0W/0L (0%) | PnL: $+0.00
[Cycle] No signal — YES=0.41 is between 0.30 and 0.70, sum=1.05 >= 0.97
[Ticker] KXETH15M-26APR030215-15
[Market] YES=0.70 | NO=0.35 | Sum=1.05
==================================================
Balance: $156.72 | Regime: CHOP | Session: 0W/0L (0%) | PnL: $+0.00
[Cycle] No signal — YES=0.70 is between 0.30 and 0.70, sum=1.05 >= 0.97
[Ticker] KXETH15M-26APR030215-15
[Market] YES=0.83 | NO=0.19 | Sum=1.02
==================================================
Balance: $156.72 | Regime: CHOP | Session: 0W/0L (0%) | PnL: $+0.00
[Confidence] Score=4/10 | strong_edge,coinbase_weak,peak_hour
[Timing] Window 12 min old — skipping
[Cycle] No signal — YES=0.83 is between 0.30 and 0.70, sum=1.02 >= 0.97
[Ticker] KXETH15M-26APR030215-15
[Market] YES=0.89 | NO=0.16 | Sum=1.05
==================================================
Balance: $156.72 | Regime: CHOP | Session: 0W/0L (0%) | PnL: $+0.00
[Confidence] Score=4/10 | strong_edge,coinbase_weak,peak_hour
[Timing] Window 13 min old — skipping
[Cycle] No signal — YES=0.89 is between 0.30 and 0.70, sum=1.05 >= 0.97
[Ticker] KXETH15M-26APR030215-15
[Market] YES=0.99 | NO=0.01 | Sum=1.00
==================================================
Balance: $156.72 | Regime: CHOP | Session: 0W/0L (0%) | PnL: $+0.00
[Confidence] Score=5/10 | extreme_edge,coinbase_weak,peak_hour
[Timing] Window 14 min old — skipping
[Cycle] No signal — YES=0.99 is between 0.30 and 0.70, sum=1.00 >= 0.97
[Ticker] KXETH15M-26APR030230-30
[Market] YES=0.52 | NO=0.52 | Sum=1.04
==================================================
Balance: $156.72 | Regime: CHOP | Session: 0W/0L (0%) | PnL: $+0.00
[Cycle] No signal — YES=0.52 is between 0.30 and 0.70, sum=1.04 >= 0.97
[Ticker] KXETH15M-26APR030230-30
[Market] YES=0.59 | NO=0.42 | Sum=1.01
==================================================
Balance: $156.72 | Regime: CHOP | Session: 0W/0L (0%) | PnL: $+0.00
[Cycle] No signal — YES=0.59 is between 0.30 and 0.70, sum=1.01 >= 0.97
[Ticker] KXETH15M-26APR030230-30
[Market] YES=0.59 | NO=0.45 | Sum=1.04
==================================================
Balance: $156.72 | Regime: CHOP | Session: 0W/0L (0%) | PnL: $+0.00
[Cycle] No signal — YES=0.59 is between 0.30 and 0.70, sum=1.04 >= 0.97
[Ticker] KXETH15M-26APR030230-30
[Market] YES=0.62 | NO=0.41 | Sum=1.03
==================================================
Balance: $156.72 | Regime: CHOP | Session: 0W/0L (0%) | PnL: $+0.00
[Cycle] No signal — YES=0.62 is between 0.30 and 0.70, sum=1.03 >= 0.97
[Ticker] KXETH15M-26APR030230-30
[Market] YES=0.67 | NO=0.36 | Sum=1.03
==================================================
Balance: $156.72 | Regime: CHOP | Session: 0W/0L (0%) | PnL: $+0.00
[Cycle] No signal — YES=0.67 is between 0.30 and 0.70, sum=1.03 >= 0.97
[Ticker] KXETH15M-26APR030230-30
[Market] YES=0.62 | NO=0.42 | Sum=1.04
==================================================
Balance: $156.72 | Regime: CHOP | Session: 0W/0L (0%) | PnL: $+0.00
[Cycle] No signal — YES=0.62 is between 0.30 and 0.70, sum=1.04 >= 0.97
[Ticker] KXETH15M-26APR030230-30
[Market] YES=0.45 | NO=0.58 | Sum=1.03
==================================================
Balance: $156.72 | Regime: CHOP | Session: 0W/0L (0%) | PnL: $+0.00
[Cycle] No signal — YES=0.45 is between 0.30 and 0.70, sum=1.03 >= 0.97
[Ticker] KXETH15M-26APR030230-30
[Market] YES=0.57 | NO=0.46 | Sum=1.03
==================================================
Balance: $156.72 | Regime: CHOP | Session: 0W/0L (0%) | PnL: $+0.00
[Cycle] No signal — YES=0.57 is between 0.30 and 0.70, sum=1.03 >= 0.97
[Ticker] KXETH15M-26APR030230-30
[Market] YES=0.84 | NO=0.19 | Sum=1.03
==================================================
Balance: $156.72 | Regime: CHOP | Session: 0W/0L (0%) | PnL: $+0.00
[Confidence] Score=4/10 | strong_edge,coinbase_weak,peak_hour
[Timing] Window 8 min old — skipping
[Cycle] No signal — YES=0.84 is between 0.30 and 0.70, sum=1.03 >= 0.97
[Ticker] KXETH15M-26APR030230-30
[Market] YES=0.95 | NO=0.07 | Sum=1.02
==================================================
Balance: $156.72 | Regime: CHOP | Session: 0W/0L (0%) | PnL: $+0.00
[Confidence] Score=4/10 | strong_edge,coinbase_weak,peak_hour
[Timing] Window 9 min old — skipping
[Cycle] No signal — YES=0.95 is between 0.30 and 0.70, sum=1.02 >= 0.97
[Ticker] KXETH15M-26APR030230-30
[Market] YES=0.94 | NO=0.09 | Sum=1.03
==================================================
Balance: $156.72 | Regime: CHOP | Session: 0W/0L (0%) | PnL: $+0.00
[Confidence] Score=4/10 | strong_edge,coinbase_weak,peak_hour
[Timing] Window 10 min old — skipping
[Cycle] No signal — YES=0.94 is between 0.30 and 0.70, sum=1.03 >= 0.97
[Ticker] KXETH15M-26APR030230-30
[Market] YES=0.97 | NO=0.03 | Sum=1.00
==================================================
Balance: $156.72 | Regime: CHOP | Session: 0W/0L (0%) | PnL: $+0.00
[Confidence] Score=5/10 | extreme_edge,coinbase_weak,peak_hour
[Timing] Window 11 min old — skipping
[Cycle] No signal — YES=0.97 is between 0.30 and 0.70, sum=1.00 >= 0.97
[Ticker] KXETH15M-26APR030230-30
[Market] YES=0.99 | NO=0.02 | Sum=1.01
==================================================
Balance: $156.72 | Regime: CHOP | Session: 0W/0L (0%) | PnL: $+0.00
[Confidence] Score=5/10 | extreme_edge,coinbase_weak,peak_hour
[Timing] Window 12 min old — skipping
[Cycle] No signal — YES=0.99 is between 0.30 and 0.70, sum=1.01 >= 0.97
[Ticker] KXETH15M-26APR030230-30
[Market] YES=0.99 | NO=0.02 | Sum=1.01
==================================================
Balance: $156.72 | Regime: CHOP | Session: 0W/0L (0%) | PnL: $+0.00
[Confidence] Score=5/10 | extreme_edge,coinbase_weak,peak_hour
[Timing] Window 13 min old — skipping
[Cycle] No signal — YES=0.99 is between 0.30 and 0.70, sum=1.01 >= 0.97
[Ticker] KXETH15M-26APR030230-30
[Market] YES=1.00 | NO=0.01 | Sum=1.00
==================================================
Balance: $156.72 | Regime: CHOP | Session: 0W/0L (0%) | PnL: $+0.00
[Confidence] Score=5/10 | extreme_edge,coinbase_weak,peak_hour
[Timing] Window 14 min old — skipping
[Cycle] No signal — YES=1.00 is between 0.30 and 0.70, sum=1.00 >= 0.97
[Ticker] KXETH15M-26APR030230-30
[Market] YES=1.00 | NO=1.00 | Sum=2.00
==================================================
Balance: $156.72 | Regime: CHOP | Session: 0W/0L (0%) | PnL: $+0.00
[Confidence] Score=5/10 | extreme_edge,coinbase_weak,peak_hour
[Timing] Window 0 min old — skipping
[Cycle] No signal — YES=1.00 is between 0.30 and 0.70, sum=2.00 >= 0.97
[Ticker] KXETH15M-26APR030245-45
[Market] YES=0.35 | NO=0.68 | Sum=1.03
==================================================
Balance: $156.72 | Regime: CHOP | Session: 0W/0L (0%) | PnL: $+0.00
[Cycle] No signal — YES=0.35 is between 0.30 and 0.70, sum=1.03 >= 0.97
[Ticker] KXETH15M-26APR030245-45
[Market] YES=0.59 | NO=0.44 | Sum=1.03
==================================================
Balance: $156.72 | Regime: CHOP | Session: 0W/0L (0%) | PnL: $+0.00
[Cycle] No signal — YES=0.59 is between 0.30 and 0.70, sum=1.03 >= 0.97
[Ticker] KXETH15M-26APR030245-45
[Market] YES=0.40 | NO=0.62 | Sum=1.02
==================================================
Balance: $156.72 | Regime: CHOP | Session: 0W/0L (0%) | PnL: $+0.00
[Cycle] No signal — YES=0.40 is between 0.30 and 0.70, sum=1.02 >= 0.97
[Ticker] KXETH15M-26APR030245-45
[Market] YES=0.44 | NO=0.59 | Sum=1.03
==================================================
Balance: $156.72 | Regime: CHOP | Session: 0W/0L (0%) | PnL: $+0.00
[Cycle] No signal — YES=0.44 is between 0.30 and 0.70, sum=1.03 >= 0.97
[Ticker] KXETH15M-26APR030245-45
[Market] YES=0.61 | NO=0.41 | Sum=1.02
==================================================
Balance: $156.72 | Regime: CHOP | Session: 0W/0L (0%) | PnL: $+0.00
[Cycle] No signal — YES=0.61 is between 0.30 and 0.70, sum=1.02 >= 0.97
[Ticker] KXETH15M-26APR030245-45
[Market] YES=0.85 | NO=0.19 | Sum=1.04
==================================================
Balance: $156.72 | Regime: CHOP | Session: 0W/0L (0%) | PnL: $+0.00
[Confidence] Score=4/10 | strong_edge,coinbase_weak,peak_hour
[Timing] Window 6 min old — skipping
[Cycle] No signal — YES=0.85 is between 0.30 and 0.70, sum=1.04 >= 0.97
[Ticker] KXETH15M-26APR030245-45
[Market] YES=0.90 | NO=0.13 | Sum=1.03
==================================================
Balance: $156.72 | Regime: CHOP | Session: 0W/0L (0%) | PnL: $+0.00
[Confidence] Score=4/10 | strong_edge,coinbase_weak,peak_hour
[Timing] Window 7 min old — skipping
[Cycle] No signal — YES=0.90 is between 0.30 and 0.70, sum=1.03 >= 0.97
[Ticker] KXETH15M-26APR030245-45
[Market] YES=0.96 | NO=0.05 | Sum=1.01
==================================================
Balance: $156.72 | Regime: CHOP | Session: 0W/0L (0%) | PnL: $+0.00
[Confidence] Score=5/10 | extreme_edge,coinbase_weak,peak_hour
[Timing] Window 8 min old — skipping
[Cycle] No signal — YES=0.96 is between 0.30 and 0.70, sum=1.01 >= 0.97
[Ticker] KXETH15M-26APR030245-45
[Market] YES=0.90 | NO=0.14 | Sum=1.04
==================================================
Balance: $156.72 | Regime: CHOP | Session: 0W/0L (0%) | PnL: $+0.00
[Confidence] Score=4/10 | strong_edge,coinbase_weak,peak_hour
[Timing] Window 9 min old — skipping
[Cycle] No signal — YES=0.90 is between 0.30 and 0.70, sum=1.04 >= 0.97
[Ticker] KXETH15M-26APR030245-45
[Market] YES=0.94 | NO=0.08 | Sum=1.02
==================================================
Balance: $156.72 | Regime: CHOP | Session: 0W/0L (0%) | PnL: $+0.00
[Confidence] Score=4/10 | strong_edge,coinbase_weak,peak_hour
[Timing] Window 10 min old — skipping
[Cycle] No signal — YES=0.94 is between 0.30 and 0.70, sum=1.02 >= 0.97
[Ticker] KXETH15M-26APR030245-45
[Market] YES=0.97 | NO=0.05 | Sum=1.02
==================================================
Balance: $156.72 | Regime: CHOP | Session: 0W/0L (0%) | PnL: $+0.00
[Confidence] Score=5/10 | extreme_edge,coinbase_weak,peak_hour
[Timing] Window 11 min old — skipping
[Cycle] No signal — YES=0.97 is between 0.30 and 0.70, sum=1.02 >= 0.97
[Ticker] KXETH15M-26APR030245-45
[Market] YES=0.98 | NO=0.03 | Sum=1.01
==================================================
Balance: $156.72 | Regime: CHOP | Session: 0W/0L (0%) | PnL: $+0.00
[Confidence] Score=5/10 | extreme_edge,coinbase_weak,peak_hour
[Timing] Window 12 min old — skipping
[Cycle] No signal — YES=0.98 is between 0.30 and 0.70, sum=1.01 >= 0.97
[Ticker] KXETH15M-26APR030245-45
[Market] YES=1.00 | NO=0.01 | Sum=1.00
==================================================
Balance: $156.72 | Regime: CHOP | Session: 0W/0L (0%) | PnL: $+0.00
[Confidence] Score=5/10 | extreme_edge,coinbase_weak,peak_hour
[Timing] Window 13 min old — skipping
[Cycle] No signal — YES=1.00 is between 0.30 and 0.70, sum=1.00 >= 0.97
[Ticker] KXETH15M-26APR030245-45
[Market] YES=1.00 | NO=0.00 | Sum=1.00
==================================================
Balance: $156.72 | Regime: CHOP | Session: 0W/0L (0%) | PnL: $+0.00
[Confidence] Score=5/10 | extreme_edge,coinbase_weak,peak_hour
[Timing] Window 14 min old — skipping
[Cycle] No signal — YES=1.00 is between 0.30 and 0.70, sum=1.00 >= 0.97
[Ticker] KXETH15M-26APR030300-00
[Market] YES=0.56 | NO=0.55 | Sum=1.11
==================================================
Balance: $156.72 | Regime: CHOP | Session: 0W/0L (0%) | PnL: $+0.00
[Cycle] No signal — YES=0.56 is between 0.30 and 0.70, sum=1.11 >= 0.97
[Ticker] KXETH15M-26APR030300-00
[Market] YES=0.60 | NO=0.42 | Sum=1.02
==================================================
Balance: $156.72 | Regime: CHOP | Session: 0W/0L (0%) | PnL: $+0.00
[Cycle] No signal — YES=0.60 is between 0.30 and 0.70, sum=1.02 >= 0.97
[Ticker] KXETH15M-26APR030300-00
[Market] YES=0.59 | NO=0.44 | Sum=1.03
==================================================
Balance: $156.72 | Regime: CHOP | Session: 0W/0L (0%) | PnL: $+0.00
[Cycle] No signal — YES=0.59 is between 0.30 and 0.70, sum=1.03 >= 0.97
[Ticker] KXETH15M-26APR030300-00
[Market] YES=0.46 | NO=0.55 | Sum=1.01
==================================================
Balance: $156.72 | Regime: CHOP | Session: 0W/0L (0%) | PnL: $+0.00
[Cycle] No signal — YES=0.46 is between 0.30 and 0.70, sum=1.01 >= 0.97
[Ticker] KXETH15M-26APR030300-00
[Market] YES=0.44 | NO=0.60 | Sum=1.04
==================================================
Balance: $156.72 | Regime: CHOP | Session: 0W/0L (0%) | PnL: $+0.00
[Cycle] No signal — YES=0.44 is between 0.30 and 0.70, sum=1.04 >= 0.97
[Ticker] KXETH15M-26APR030300-00
[Market] YES=0.60 | NO=0.44 | Sum=1.04
==================================================
Balance: $156.72 | Regime: CHOP | Session: 0W/0L (0%) | PnL: $+0.00
[Cycle] No signal — YES=0.60 is between 0.30 and 0.70, sum=1.04 >= 0.97
[Ticker] KXETH15M-26APR030300-00
[Market] YES=0.54 | NO=0.49 | Sum=1.03
==================================================
Balance: $156.72 | Regime: CHOP | Session: 0W/0L (0%) | PnL: $+0.00
[Cycle] No signal — YES=0.54 is between 0.30 and 0.70, sum=1.03 >= 0.97
[Ticker] KXETH15M-26APR030300-00
[Market] YES=0.42 | NO=0.63 | Sum=1.05
==================================================
Balance: $156.72 | Regime: CHOP | Session: 0W/0L (0%) | PnL: $+0.00
[Cycle] No signal — YES=0.42 is between 0.30 and 0.70, sum=1.05 >= 0.97
[Ticker] KXETH15M-26APR030300-00
[Market] YES=0.38 | NO=0.66 | Sum=1.04
==================================================
Balance: $156.72 | Regime: CHOP | Session: 0W/0L (0%) | PnL: $+0.00
[Cycle] No signal — YES=0.38 is between 0.30 and 0.70, sum=1.04 >= 0.97
[Ticker] KXETH15M-26APR030300-00
[Market] YES=0.61 | NO=0.44 | Sum=1.05
==================================================
Balance: $156.72 | Regime: CHOP | Session: 0W/0L (0%) | PnL: $+0.00
[Cycle] No signal — YES=0.61 is between 0.30 and 0.70, sum=1.05 >= 0.97
[Ticker] KXETH15M-26APR030300-00
[Market] YES=0.28 | NO=0.76 | Sum=1.04
==================================================
Balance: $156.72 | Regime: CHOP | Session: 0W/0L (0%) | PnL: $+0.00
[Confidence] Score=4/10 | moderate_edge,coinbase_weak,2of3_agree,peak_hour
[Timing] Window 10 min old — skipping
[Cycle] No signal — YES=0.28 is between 0.30 and 0.70, sum=1.04 >= 0.97
[Ticker] KXETH15M-26APR030300-00
[Market] YES=0.44 | NO=0.59 | Sum=1.03
==================================================
Balance: $156.72 | Regime: CHOP | Session: 0W/0L (0%) | PnL: $+0.00
[Cycle] No signal — YES=0.44 is between 0.30 and 0.70, sum=1.03 >= 0.97
[Ticker] KXETH15M-26APR030300-00
[Market] YES=0.43 | NO=0.62 | Sum=1.05
==================================================
Balance: $156.72 | Regime: CHOP | Session: 0W/0L (0%) | PnL: $+0.00
[Cycle] No signal — YES=0.43 is between 0.30 and 0.70, sum=1.05 >= 0.97
[Ticker] KXETH15M-26APR030300-00
[Market] YES=0.51 | NO=0.60 | Sum=1.11
==================================================
Balance: $156.72 | Regime: CHOP | Session: 0W/0L (0%) | PnL: $+0.00
[Cycle] No signal — YES=0.51 is between 0.30 and 0.70, sum=1.11 >= 0.97
[Ticker] KXETH15M-26APR030300-00
[Market] YES=0.96 | NO=0.07 | Sum=1.03
==================================================
Balance: $156.72 | Regime: CHOP | Session: 0W/0L (0%) | PnL: $+0.00
[Confidence] Score=5/10 | extreme_edge,coinbase_weak,peak_hour
[Timing] Window 14 min old — skipping
[Cycle] No signal — YES=0.96 is between 0.30 and 0.70, sum=1.03 >= 0.97
[Ticker] KXETH15M-26APR030300-00
[Market] YES=1.00 | NO=0.95 | Sum=1.95
==================================================
Balance: $156.72 | Regime: CHOP | Session: 0W/0L (0%) | PnL: $+0.00
[Confidence] Score=5/10 | extreme_edge,coinbase_weak,peak_hour
[Timing] Window 0 min old — skipping
[Cycle] No signal — YES=1.00 is between 0.30 and 0.70, sum=1.95 >= 0.97
[Ticker] KXETH15M-26APR030315-15
[Market] YES=0.54 | NO=0.49 | Sum=1.03
==================================================
Balance: $156.72 | Regime: CHOP | Session: 0W/0L (0%) | PnL: $+0.00
[Cycle] No signal — YES=0.54 is between 0.30 and 0.70, sum=1.03 >= 0.97
[Ticker] KXETH15M-26APR030315-15
[Market] YES=0.45 | NO=0.59 | Sum=1.04
==================================================
Balance: $156.72 | Regime: CHOP | Session: 0W/0L (0%) | PnL: $+0.00
[Cycle] No signal — YES=0.45 is between 0.30 and 0.70, sum=1.04 >= 0.97
[Ticker] KXETH15M-26APR030315-15
[Market] YES=0.57 | NO=0.45 | Sum=1.02
==================================================
Balance: $156.72 | Regime: CHOP | Session: 0W/0L (0%) | PnL: $+0.00
[Cycle] No signal — YES=0.57 is between 0.30 and 0.70, sum=1.02 >= 0.97
[Ticker] KXETH15M-26APR030315-15
[Market] YES=0.49 | NO=0.54 | Sum=1.03
==================================================
Balance: $156.72 | Regime: CHOP | Session: 0W/0L (0%) | PnL: $+0.00
[Cycle] No signal — YES=0.49 is between 0.30 and 0.70, sum=1.03 >= 0.97
[Ticker] KXETH15M-26APR030315-15
[Market] YES=0.28 | NO=0.73 | Sum=1.01
==================================================
Balance: $156.72 | Regime: CHOP | Session: 0W/0L (0%) | PnL: $+0.00
[Confidence] Score=5/10 | moderate_edge,coinbase_weak,all3_agree,peak_hour
[Timing] Window 5 min old — skipping
[Cycle] No signal — YES=0.28 is between 0.30 and 0.70, sum=1.01 >= 0.97
[Ticker] KXETH15M-26APR030315-15
[Market] YES=0.27 | NO=0.76 | Sum=1.03
==================================================
Balance: $156.72 | Regime: CHOP | Session: 0W/0L (0%) | PnL: $+0.00
[Confidence] Score=5/10 | moderate_edge,coinbase_weak,all3_agree,peak_hour
[Timing] Window 6 min old — skipping
[Cycle] No signal — YES=0.27 is between 0.30 and 0.70, sum=1.03 >= 0.97
[Ticker] KXETH15M-26APR030315-15
[Market] YES=0.67 | NO=0.34 | Sum=1.01
==================================================
Balance: $156.72 | Regime: CHOP | Session: 0W/0L (0%) | PnL: $+0.00
[Cycle] No signal — YES=0.67 is between 0.30 and 0.70, sum=1.01 >= 0.97
[Ticker] KXETH15M-26APR030315-15
[Market] YES=0.73 | NO=0.30 | Sum=1.03
==================================================
Balance: $156.72 | Regime: CHOP | Session: 0W/0L (0%) | PnL: $+0.00
[Confidence] Score=3/10 | moderate_edge,coinbase_weak,peak_hour
[Timing] Window 8 min old — skipping
[Cycle] No signal — YES=0.73 is between 0.30 and 0.70, sum=1.03 >= 0.97
[Ticker] KXETH15M-26APR030315-15
[Market] YES=0.87 | NO=0.15 | Sum=1.02
==================================================
Balance: $156.72 | Regime: CHOP | Session: 0W/0L (0%) | PnL: $+0.00
[Confidence] Score=4/10 | strong_edge,coinbase_weak,peak_hour
[Timing] Window 9 min old — skipping
[Cycle] No signal — YES=0.87 is between 0.30 and 0.70, sum=1.02 >= 0.97
[Ticker] KXETH15M-26APR030315-15
[Market] YES=0.94 | NO=0.07 | Sum=1.01
==================================================
Balance: $156.72 | Regime: CHOP | Session: 0W/0L (0%) | PnL: $+0.00
[Confidence] Score=4/10 | strong_edge,coinbase_weak,peak_hour
[Timing] Window 10 min old — skipping
[Cycle] No signal — YES=0.94 is between 0.30 and 0.70, sum=1.01 >= 0.97
[Ticker] KXETH15M-26APR030315-15
[Market] YES=0.84 | NO=0.20 | Sum=1.04
==================================================
Balance: $156.72 | Regime: CHOP | Session: 0W/0L (0%) | PnL: $+0.00
[Confidence] Score=4/10 | strong_edge,coinbase_weak,peak_hour
[Timing] Window 11 min old — skipping
[Cycle] No signal — YES=0.84 is between 0.30 and 0.70, sum=1.04 >= 0.97
[Ticker] KXETH15M-26APR030315-15
[Market] YES=0.52 | NO=0.50 | Sum=1.02
==================================================
Balance: $156.72 | Regime: CHOP | Session: 0W/0L (0%) | PnL: $+0.00
[Cycle] No signal — YES=0.52 is between 0.30 and 0.70, sum=1.02 >= 0.97
[Ticker] KXETH15M-26APR030315-15
[Market] YES=0.33 | NO=0.71 | Sum=1.04
==================================================
Balance: $156.72 | Regime: CHOP | Session: 0W/0L (0%) | PnL: $+0.00
[Cycle] No signal — YES=0.33 is between 0.30 and 0.70, sum=1.04 >= 0.97
[Ticker] KXETH15M-26APR030315-15
[Market] YES=0.97 | NO=0.39 | Sum=1.36
==================================================
Balance: $156.72 | Regime: CHOP | Session: 0W/0L (0%) | PnL: $+0.00
[Confidence] Score=5/10 | extreme_edge,coinbase_weak,peak_hour
[Timing] Window 14 min old — skipping
[Cycle] No signal — YES=0.97 is between 0.30 and 0.70, sum=1.36 >= 0.97
[Ticker] KXETH15M-26APR030330-30
[Market] YES=0.47 | NO=0.57 | Sum=1.04
==================================================
Balance: $156.72 | Regime: CHOP | Session: 0W/0L (0%) | PnL: $+0.00
[Cycle] No signal — YES=0.47 is between 0.30 and 0.70, sum=1.04 >= 0.97
[Ticker] KXETH15M-26APR030330-30
[Market] YES=0.37 | NO=0.65 | Sum=1.02
==================================================
Balance: $156.72 | Regime: CHOP | Session: 0W/0L (0%) | PnL: $+0.00
[Cycle] No signal — YES=0.37 is between 0.30 and 0.70, sum=1.02 >= 0.97
[Ticker] KXETH15M-26APR030330-30
[Market] YES=0.40 | NO=0.63 | Sum=1.03
==================================================
Balance: $156.72 | Regime: CHOP | Session: 0W/0L (0%) | PnL: $+0.00
[Cycle] No signal — YES=0.40 is between 0.30 and 0.70, sum=1.03 >= 0.97
[Ticker] KXETH15M-26APR030330-30
[Market] YES=0.42 | NO=0.63 | Sum=1.05
==================================================
Balance: $156.72 | Regime: CHOP | Session: 0W/0L (0%) | PnL: $+0.00
[Cycle] No signal — YES=0.42 is between 0.30 and 0.70, sum=1.05 >= 0.97
[Ticker] KXETH15M-26APR030330-30
[Market] YES=0.54 | NO=0.49 | Sum=1.03
==================================================
Balance: $156.72 | Regime: CHOP | Session: 0W/0L (0%) | PnL: $+0.00
[Cycle] No signal — YES=0.54 is between 0.30 and 0.70, sum=1.03 >= 0.97
[Ticker] KXETH15M-26APR030330-30
[Market] YES=0.70 | NO=0.35 | Sum=1.05
==================================================
Balance: $156.72 | Regime: CHOP | Session: 0W/0L (0%) | PnL: $+0.00
[Cycle] No signal — YES=0.70 is between 0.30 and 0.70, sum=1.05 >= 0.97
[Ticker] KXETH15M-26APR030330-30
[Market] YES=0.59 | NO=0.44 | Sum=1.03
==================================================
Balance: $156.72 | Regime: CHOP | Session: 0W/0L (0%) | PnL: $+0.00
[Cycle] No signal — YES=0.59 is between 0.30 and 0.70, sum=1.03 >= 0.97
[Ticker] KXETH15M-26APR030330-30
[Market] YES=0.66 | NO=0.38 | Sum=1.04
==================================================
Balance: $156.72 | Regime: CHOP | Session: 0W/0L (0%) | PnL: $+0.00
[Cycle] No signal — YES=0.66 is between 0.30 and 0.70, sum=1.04 >= 0.97
[Ticker] KXETH15M-26APR030330-30
[Market] YES=0.51 | NO=0.54 | Sum=1.05
==================================================
Balance: $156.72 | Regime: CHOP | Session: 0W/0L (0%) | PnL: $+0.00
[Cycle] No signal — YES=0.51 is between 0.30 and 0.70, sum=1.05 >= 0.97
[Ticker] KXETH15M-26APR030330-30
[Market] YES=0.36 | NO=0.67 | Sum=1.03
==================================================
Balance: $156.72 | Regime: CHOP | Session: 0W/0L (0%) | PnL: $+0.00
[Cycle] No signal — YES=0.36 is between 0.30 and 0.70, sum=1.03 >= 0.97
[Ticker] KXETH15M-26APR030330-30
[Market] YES=0.31 | NO=0.70 | Sum=1.01
==================================================
Balance: $156.72 | Regime: CHOP | Session: 0W/0L (0%) | PnL: $+0.00
[Cycle] No signal — YES=0.31 is between 0.30 and 0.70, sum=1.01 >= 0.97
[Ticker] KXETH15M-26APR030330-30
[Market] YES=0.58 | NO=0.43 | Sum=1.01
==================================================
Balance: $156.72 | Regime: CHOP | Session: 0W/0L (0%) | PnL: $+0.00
[Cycle] No signal — YES=0.58 is between 0.30 and 0.70, sum=1.01 >= 0.97
[Ticker] KXETH15M-26APR030330-30
[Market] YES=0.68 | NO=0.33 | Sum=1.01
==================================================
Balance: $156.72 | Regime: CHOP | Session: 0W/0L (0%) | PnL: $+0.00
[Cycle] No signal — YES=0.68 is between 0.30 and 0.70, sum=1.01 >= 0.97
[Ticker] KXETH15M-26APR030330-30
[Market] YES=0.66 | NO=0.39 | Sum=1.05
==================================================
Balance: $156.72 | Regime: CHOP | Session: 0W/0L (0%) | PnL: $+0.00
[Cycle] No signal — YES=0.66 is between 0.30 and 0.70, sum=1.05 >= 0.97
[Ticker] KXETH15M-26APR030330-30
[Market] YES=0.99 | NO=0.03 | Sum=1.02
==================================================
Balance: $156.72 | Regime: CHOP | Session: 0W/0L (0%) | PnL: $+0.00
[Confidence] Score=5/10 | extreme_edge,coinbase_weak,peak_hour
[Timing] Window 14 min old — skipping
[Cycle] No signal — YES=0.99 is between 0.30 and 0.70, sum=1.02 >= 0.97
[Ticker] KXETH15M-26APR030345-45
[Market] YES=0.47 | NO=0.67 | Sum=1.14
==================================================
Balance: $156.72 | Regime: CHOP | Session: 0W/0L (0%) | PnL: $+0.00
[Cycle] No signal — YES=0.47 is between 0.30 and 0.70, sum=1.14 >= 0.97
[Ticker] KXETH15M-26APR030345-45
[Market] YES=0.47 | NO=0.56 | Sum=1.03
==================================================
Balance: $156.72 | Regime: CHOP | Session: 0W/0L (0%) | PnL: $+0.00
[Cycle] No signal — YES=0.47 is between 0.30 and 0.70, sum=1.03 >= 0.97
[Ticker] KXETH15M-26APR030345-45
[Market] YES=0.42 | NO=0.61 | Sum=1.03
==================================================
Balance: $156.72 | Regime: CHOP | Session: 0W/0L (0%) | PnL: $+0.00
[Cycle] No signal — YES=0.42 is between 0.30 and 0.70, sum=1.03 >= 0.97
[Ticker] KXETH15M-26APR030345-45
[Market] YES=0.58 | NO=0.47 | Sum=1.05
==================================================
Balance: $156.72 | Regime: CHOP | Session: 0W/0L (0%) | PnL: $+0.00
[Cycle] No signal — YES=0.58 is between 0.30 and 0.70, sum=1.05 >= 0.97
[Ticker] KXETH15M-26APR030345-45
[Market] YES=0.80 | NO=0.24 | Sum=1.04
==================================================
Balance: $156.72 | Regime: CHOP | Session: 0W/0L (0%) | PnL: $+0.00
[Confidence] Score=4/10 | strong_edge,coinbase_weak,peak_hour
[Signal] UP candidate | yes=0.80 | waiting (1/2)
[Cycle] No signal — YES=0.80 is between 0.30 and 0.70, sum=1.04 >= 0.97
[Ticker] KXETH15M-26APR030345-45
[Market] YES=0.96 | NO=0.04 | Sum=1.00
==================================================
Balance: $156.72 | Regime: CHOP | Session: 0W/0L (0%) | PnL: $+0.00
[Confidence] Score=5/10 | extreme_edge,coinbase_weak,peak_hour
[Timing] Window 5 min old — skipping
[Cycle] No signal — YES=0.96 is between 0.30 and 0.70, sum=1.00 >= 0.97
[Ticker] KXETH15M-26APR030345-45
[Market] YES=0.91 | NO=0.10 | Sum=1.01
==================================================
Balance: $156.72 | Regime: CHOP | Session: 0W/0L (0%) | PnL: $+0.00
[Confidence] Score=4/10 | strong_edge,coinbase_weak,peak_hour
[Timing] Window 6 min old — skipping
[Cycle] No signal — YES=0.91 is between 0.30 and 0.70, sum=1.01 >= 0.97
[Ticker] KXETH15M-26APR030345-45
[Market] YES=0.89 | NO=0.14 | Sum=1.03
==================================================
Balance: $156.72 | Regime: CHOP | Session: 0W/0L (0%) | PnL: $+0.00
[Confidence] Score=4/10 | strong_edge,coinbase_weak,peak_hour
[Timing] Window 7 min old — skipping
[Cycle] No signal — YES=0.89 is between 0.30 and 0.70, sum=1.03 >= 0.97
[Ticker] KXETH15M-26APR030345-45
[Market] YES=0.93 | NO=0.10 | Sum=1.03
==================================================
Balance: $156.72 | Regime: CHOP | Session: 0W/0L (0%) | PnL: $+0.00
[Confidence] Score=4/10 | strong_edge,coinbase_weak,peak_hour
[Timing] Window 8 min old — skipping
[Cycle] No signal — YES=0.93 is between 0.30 and 0.70, sum=1.03 >= 0.97
[Ticker] KXETH15M-26APR030345-45
[Market] YES=0.95 | NO=0.06 | Sum=1.01
==================================================
Balance: $156.72 | Regime: CHOP | Session: 0W/0L (0%) | PnL: $+0.00
[Confidence] Score=4/10 | strong_edge,coinbase_weak,peak_hour
[Timing] Window 9 min old — skipping
[Cycle] No signal — YES=0.95 is between 0.30 and 0.70, sum=1.01 >= 0.97
[Ticker] KXETH15M-26APR030345-45
[Market] YES=0.95 | NO=0.08 | Sum=1.03
==================================================
Balance: $156.72 | Regime: CHOP | Session: 0W/0L (0%) | PnL: $+0.00
[Confidence] Score=4/10 | strong_edge,coinbase_weak,peak_hour
[Timing] Window 10 min old — skipping
[Cycle] No signal — YES=0.95 is between 0.30 and 0.70, sum=1.03 >= 0.97
[Ticker] KXETH15M-26APR030345-45
[Market] YES=0.98 | NO=0.04 | Sum=1.01
==================================================
Balance: $156.72 | Regime: CHOP | Session: 0W/0L (0%) | PnL: $+0.00
[Confidence] Score=5/10 | extreme_edge,coinbase_weak,peak_hour
[Timing] Window 11 min old — skipping
[Cycle] No signal — YES=0.98 is between 0.30 and 0.70, sum=1.01 >= 0.97
[Ticker] KXETH15M-26APR030345-45
[Market] YES=0.99 | NO=0.01 | Sum=1.00
==================================================
Balance: $156.72 | Regime: CHOP | Session: 0W/0L (0%) | PnL: $+0.00
[Confidence] Score=5/10 | extreme_edge,coinbase_weak,peak_hour
[Timing] Window 12 min old — skipping
[Cycle] No signal — YES=0.99 is between 0.30 and 0.70, sum=1.00 >= 0.97
[Ticker] KXETH15M-26APR030345-45
[Market] YES=1.00 | NO=0.01 | Sum=1.00
==================================================
Balance: $156.72 | Regime: CHOP | Session: 0W/0L (0%) | PnL: $+0.00
[Confidence] Score=5/10 | extreme_edge,coinbase_weak,peak_hour
[Timing] Window 13 min old — skipping
[Cycle] No signal — YES=1.00 is between 0.30 and 0.70, sum=1.00 >= 0.97
[Ticker] KXETH15M-26APR030345-45
[Market] YES=1.00 | NO=0.00 | Sum=1.00
==================================================
Balance: $156.72 | Regime: CHOP | Session: 0W/0L (0%) | PnL: $+0.00
[Confidence] Score=5/10 | extreme_edge,coinbase_weak,peak_hour
[Timing] Window 14 min old — skipping
[Cycle] No signal — YES=1.00 is between 0.30 and 0.70, sum=1.00 >= 0.97
[Ticker] KXETH15M-26APR030345-45
[Market] YES=1.00 | NO=1.00 | Sum=2.00
==================================================
Balance: $156.72 | Regime: CHOP | Session: 0W/0L (0%) | PnL: $+0.00
[Confidence] Score=5/10 | extreme_edge,coinbase_weak,peak_hour
[Timing] Window 0 min old — skipping
[Cycle] No signal — YES=1.00 is between 0.30 and 0.70, sum=2.00 >= 0.97
[Ticker] KXETH15M-26APR030400-00
[Market] YES=0.47 | NO=0.55 | Sum=1.02
==================================================
Balance: $156.72 | Regime: CHOP | Session: 0W/0L (0%) | PnL: $+0.00
[Cycle] No signal — YES=0.47 is between 0.30 and 0.70, sum=1.02 >= 0.97
[Ticker] KXETH15M-26APR030400-00
[Market] YES=0.40 | NO=0.62 | Sum=1.02
==================================================
Balance: $156.72 | Regime: CHOP | Session: 0W/0L (0%) | PnL: $+0.00
[Cycle] No signal — YES=0.40 is between 0.30 and 0.70, sum=1.02 >= 0.97
[Ticker] KXETH15M-26APR030400-00
[Market] YES=0.28 | NO=0.76 | Sum=1.04
==================================================
Balance: $156.72 | Regime: CHOP | Session: 0W/0L (0%) | PnL: $+0.00
[Confidence] Score=5/10 | moderate_edge,coinbase_weak,all3_agree,peak_hour
[Signal] DOWN candidate | yes=0.28 | waiting (1/2)
[Cycle] No signal — YES=0.28 is between 0.30 and 0.70, sum=1.04 >= 0.97
[Ticker] KXETH15M-26APR030400-00
[Market] YES=0.27 | NO=0.74 | Sum=1.01
==================================================
Balance: $156.72 | Regime: CHOP | Session: 0W/0L (0%) | PnL: $+0.00
[Confidence] Score=4/10 | moderate_edge,coinbase_weak,2of3_agree,peak_hour
[Coinbase] Confirms DOWN | $2067 gap=-2 (0.09%)
[Kraken] Divergence 3142.95% — bet trimmed
[Correlation] All 3 agree — bet boosted
[Signal] CONFIRMED DOWN | yes=0.27 | edge=0.23 | bet=$3.89
[Safety] Balance $156.72 below floor $175.00
🛑 OpenClaw ETH Bot v4.0 halted: Balance $156.72 below floor $175.00

==================================================
OpenClaw ETH Bot v4.0 — LIVE
[Startup] Live balance synced: $156.72
Balance: $156.72 | MaxBet: $15.67 | Threshold: <0.30 or >0.70
==================================================

[Startup] Resting orders cleared
[Ticker] KXETH15M-26APR030400-00
[Market] YES=0.21 | NO=0.82 | Sum=1.03
==================================================
Balance: $156.72 | Regime: CHOP | Session: 0W/0L (0%) | PnL: $+0.00
[Confidence] Score=4/10 | moderate_edge,coinbase_weak,2of3_agree,peak_hour
[Timing] Window 5 min old — skipping
[Cycle] No signal — YES=0.21 is between 0.30 and 0.70, sum=1.03 >= 0.97
[Ticker] KXETH15M-26APR030400-00
[Market] YES=0.10 | NO=0.91 | Sum=1.01
==================================================
Balance: $156.72 | Regime: CHOP | Session: 0W/0L (0%) | PnL: $+0.00
[Confidence] Score=5/10 | strong_edge,coinbase_weak,2of3_agree,peak_hour
[Timing] Window 6 min old — skipping
[Cycle] No signal — YES=0.10 is between 0.30 and 0.70, sum=1.01 >= 0.97
[Ticker] KXETH15M-26APR030400-00
[Market] YES=0.07 | NO=0.94 | Sum=1.01
==================================================
Balance: $156.72 | Regime: CHOP | Session: 0W/0L (0%) | PnL: $+0.00
[Confidence] Score=5/10 | strong_edge,coinbase_weak,2of3_agree,peak_hour
[Timing] Window 7 min old — skipping
[Cycle] No signal — YES=0.07 is between 0.30 and 0.70, sum=1.01 >= 0.97
[Ticker] KXETH15M-26APR030400-00
[Market] YES=0.12 | NO=0.91 | Sum=1.03
==================================================
Balance: $156.72 | Regime: CHOP | Session: 0W/0L (0%) | PnL: $+0.00
[Confidence] Score=5/10 | strong_edge,coinbase_weak,2of3_agree,peak_hour
[Timing] Window 8 min old — skipping
[Cycle] No signal — YES=0.12 is between 0.30 and 0.70, sum=1.03 >= 0.97
[Ticker] KXETH15M-26APR030400-00
[Market] YES=0.08 | NO=0.93 | Sum=1.01
==================================================
Balance: $156.72 | Regime: CHOP | Session: 0W/0L (0%) | PnL: $+0.00
[Confidence] Score=6/10 | strong_edge,coinbase_weak,all3_agree,peak_hour
[Timing] Window 9 min old — skipping
[Cycle] No signal — YES=0.08 is between 0.30 and 0.70, sum=1.01 >= 0.97
[Ticker] KXETH15M-26APR030400-00
[Market] YES=0.05 | NO=0.96 | Sum=1.01
==================================================
Balance: $156.72 | Regime: CHOP | Session: 0W/0L (0%) | PnL: $+0.00
[Confidence] Score=7/10 | extreme_edge,coinbase_weak,all3_agree,peak_hour
[Timing] Window 10 min old — skipping
[Cycle] No signal — YES=0.05 is between 0.30 and 0.70, sum=1.01 >= 0.97
[Ticker] KXETH15M-26APR030400-00
[Market] YES=0.02 | NO=0.98 | Sum=1.00
==================================================
Balance: $156.72 | Regime: CHOP | Session: 0W/0L (0%) | PnL: $+0.00
[Confidence] Score=7/10 | extreme_edge,coinbase_weak,all3_agree,peak_hour
[Timing] Window 11 min old — skipping
[Cycle] No signal — YES=0.02 is between 0.30 and 0.70, sum=1.00 >= 0.97
[Ticker] KXETH15M-26APR030400-00
[Market] YES=0.02 | NO=0.99 | Sum=1.01
==================================================
Balance: $156.72 | Regime: CHOP | Session: 0W/0L (0%) | PnL: $+0.00
[Confidence] Score=7/10 | extreme_edge,coinbase_weak,all3_agree,peak_hour
[Timing] Window 12 min old — skipping
[Cycle] No signal — YES=0.02 is between 0.30 and 0.70, sum=1.01 >= 0.97
[Ticker] KXETH15M-26APR030400-00
[Market] YES=0.00 | NO=1.00 | Sum=1.00
==================================================
Balance: $156.72 | Regime: CHOP | Session: 0W/0L (0%) | PnL: $+0.00
[Confidence] Score=6/10 | extreme_edge,coinbase_weak,2of3_agree,peak_hour
[Timing] Window 13 min old — skipping
[Cycle] No signal — YES=0.00 is between 0.30 and 0.70, sum=1.00 >= 0.97
[Ticker] KXETH15M-26APR030400-00
[Market] YES=0.00 | NO=1.00 | Sum=1.00
==================================================
Balance: $156.72 | Regime: CHOP | Session: 0W/0L (0%) | PnL: $+0.00
[Confidence] Score=7/10 | extreme_edge,coinbase_weak,all3_agree,peak_hour
[Timing] Window 14 min old — skipping
[Cycle] No signal — YES=0.00 is between 0.30 and 0.70, sum=1.00 >= 0.97
[Ticker] KXETH15M-26APR030415-15
[Market] YES=0.53 | NO=0.48 | Sum=1.01
==================================================
Balance: $156.72 | Regime: CHOP | Session: 0W/0L (0%) | PnL: $+0.00
[Cycle] No signal — YES=0.53 is between 0.30 and 0.70, sum=1.01 >= 0.97
[Ticker] KXETH15M-26APR030415-15
[Market] YES=0.68 | NO=0.35 | Sum=1.03
==================================================
Balance: $156.72 | Regime: CHOP | Session: 0W/0L (0%) | PnL: $+0.00
[Cycle] No signal — YES=0.68 is between 0.30 and 0.70, sum=1.03 >= 0.97
[Ticker] KXETH15M-26APR030415-15
[Market] YES=0.51 | NO=0.50 | Sum=1.01
==================================================
Balance: $156.72 | Regime: CHOP | Session: 0W/0L (0%) | PnL: $+0.00
[Cycle] No signal — YES=0.51 is between 0.30 and 0.70, sum=1.01 >= 0.97
[Ticker] KXETH15M-26APR030415-15
[Market] YES=0.44 | NO=0.59 | Sum=1.03
==================================================
Balance: $156.72 | Regime: CHOP | Session: 0W/0L (0%) | PnL: $+0.00
[Cycle] No signal — YES=0.44 is between 0.30 and 0.70, sum=1.03 >= 0.97
[Ticker] KXETH15M-26APR030415-15
[Market] YES=0.66 | NO=0.37 | Sum=1.03
==================================================
Balance: $156.72 | Regime: CHOP | Session: 0W/0L (0%) | PnL: $+0.00
[Cycle] No signal — YES=0.66 is between 0.30 and 0.70, sum=1.03 >= 0.97
[Ticker] KXETH15M-26APR030415-15
[Market] YES=0.69 | NO=0.34 | Sum=1.03
==================================================
Balance: $156.72 | Regime: CHOP | Session: 0W/0L (0%) | PnL: $+0.00
[Cycle] No signal — YES=0.69 is between 0.30 and 0.70, sum=1.03 >= 0.97
[Ticker] KXETH15M-26APR030415-15
[Market] YES=0.78 | NO=0.24 | Sum=1.02
==================================================
Balance: $156.72 | Regime: CHOP | Session: 0W/0L (0%) | PnL: $+0.00
[Confidence] Score=3/10 | moderate_edge,coinbase_weak,peak_hour
[Timing] Window 6 min old — skipping
[Cycle] No signal — YES=0.78 is between 0.30 and 0.70, sum=1.02 >= 0.97
[Ticker] KXETH15M-26APR030415-15
[Market] YES=0.96 | NO=0.05 | Sum=1.01
==================================================
Balance: $156.72 | Regime: CHOP | Session: 0W/0L (0%) | PnL: $+0.00
[Confidence] Score=5/10 | extreme_edge,coinbase_weak,peak_hour
[Timing] Window 7 min old — skipping
[Cycle] No signal — YES=0.96 is between 0.30 and 0.70, sum=1.01 >= 0.97
[Ticker] KXETH15M-26APR030415-15
[Market] YES=0.95 | NO=0.06 | Sum=1.01
==================================================
Balance: $156.72 | Regime: CHOP | Session: 0W/0L (0%) | PnL: $+0.00
[Confidence] Score=4/10 | strong_edge,coinbase_weak,peak_hour
[Timing] Window 8 min old — skipping
[Cycle] No signal — YES=0.95 is between 0.30 and 0.70, sum=1.01 >= 0.97
[Ticker] KXETH15M-26APR030415-15
[Market] YES=0.98 | NO=0.04 | Sum=1.01
==================================================
Balance: $156.72 | Regime: CHOP | Session: 0W/0L (0%) | PnL: $+0.00
[Confidence] Score=5/10 | extreme_edge,coinbase_weak,peak_hour
[Timing] Window 9 min old — skipping
[Cycle] No signal — YES=0.98 is between 0.30 and 0.70, sum=1.01 >= 0.97
[Ticker] KXETH15M-26APR030415-15
[Market] YES=0.98 | NO=0.02 | Sum=1.00
==================================================
Balance: $156.72 | Regime: CHOP | Session: 0W/0L (0%) | PnL: $+0.00
[Confidence] Score=5/10 | extreme_edge,coinbase_weak,peak_hour
[Timing] Window 10 min old — skipping
[Cycle] No signal — YES=0.98 is between 0.30 and 0.70, sum=1.00 >= 0.97
[Ticker] KXETH15M-26APR030415-15
[Market] YES=0.99 | NO=0.02 | Sum=1.01
==================================================
Balance: $156.72 | Regime: CHOP | Session: 0W/0L (0%) | PnL: $+0.00
[Confidence] Score=5/10 | extreme_edge,coinbase_weak,peak_hour
[Timing] Window 11 min old — skipping
[Cycle] No signal — YES=0.99 is between 0.30 and 0.70, sum=1.01 >= 0.97
[Ticker] KXETH15M-26APR030415-15
[Market] YES=1.00 | NO=0.01 | Sum=1.00
==================================================
Balance: $156.72 | Regime: CHOP | Session: 0W/0L (0%) | PnL: $+0.00
[Confidence] Score=5/10 | extreme_edge,coinbase_weak,peak_hour
[Timing] Window 12 min old — skipping
[Cycle] No signal — YES=1.00 is between 0.30 and 0.70, sum=1.00 >= 0.97
[Ticker] KXETH15M-26APR030415-15
[Market] YES=1.00 | NO=0.00 | Sum=1.00
==================================================
Balance: $156.72 | Regime: CHOP | Session: 0W/0L (0%) | PnL: $+0.00
[Confidence] Score=5/10 | extreme_edge,coinbase_weak,peak_hour
[Timing] Window 13 min old — skipping
[Cycle] No signal — YES=1.00 is between 0.30 and 0.70, sum=1.00 >= 0.97
[Ticker] KXETH15M-26APR030415-15
[Market] YES=1.00 | NO=0.00 | Sum=1.00
==================================================
Balance: $156.72 | Regime: CHOP | Session: 0W/0L (0%) | PnL: $+0.00
[Confidence] Score=5/10 | extreme_edge,coinbase_weak,peak_hour
[Timing] Window 14 min old — skipping
[Cycle] No signal — YES=1.00 is between 0.30 and 0.70, sum=1.00 >= 0.97
[Ticker] KXETH15M-26APR030430-30
[Market] YES=0.38 | NO=0.64 | Sum=1.02
==================================================
Balance: $156.72 | Regime: CHOP | Session: 0W/0L (0%) | PnL: $+0.00
[Cycle] No signal — YES=0.38 is between 0.30 and 0.70, sum=1.02 >= 0.97
[Ticker] KXETH15M-26APR030430-30
[Market] YES=0.47 | NO=0.55 | Sum=1.02
==================================================
Balance: $156.72 | Regime: CHOP | Session: 0W/0L (0%) | PnL: $+0.00
[Cycle] No signal — YES=0.47 is between 0.30 and 0.70, sum=1.02 >= 0.97
[Ticker] KXETH15M-26APR030430-30
[Market] YES=0.25 | NO=0.79 | Sum=1.04
==================================================
Balance: $156.72 | Regime: CHOP | Session: 0W/0L (0%) | PnL: $+0.00
[Confidence] Score=4/10 | moderate_edge,coinbase_weak,2of3_agree,peak_hour
[Signal] DOWN candidate | yes=0.25 | waiting (1/2)
[Cycle] No signal — YES=0.25 is between 0.30 and 0.70, sum=1.04 >= 0.97
[Ticker] KXETH15M-26APR030430-30
[Market] YES=0.26 | NO=0.77 | Sum=1.03
==================================================
Balance: $156.72 | Regime: CHOP | Session: 0W/0L (0%) | PnL: $+0.00
[Confidence] Score=4/10 | moderate_edge,coinbase_weak,2of3_agree,peak_hour
[Coinbase] Confirms DOWN | $2067 gap=-2 (0.09%)
[Kraken] Divergence 3147.31% — bet trimmed
[Correlation] All 3 agree — bet boosted
[Signal] CONFIRMED DOWN | yes=0.26 | edge=0.24 | bet=$4.06
[Safety] Balance $156.72 below floor $175.00
🛑 OpenClaw ETH Bot v4.0 halted: Balance $156.72 below floor $175.00

==================================================
OpenClaw ETH Bot v4.0 — LIVE
[Startup] Live balance synced: $156.72
Balance: $156.72 | MaxBet: $15.67 | Threshold: <0.30 or >0.70
==================================================

[Startup] Resting orders cleared
[Ticker] KXETH15M-26APR030430-30
[Market] YES=0.20 | NO=0.84 | Sum=1.04
==================================================
Balance: $156.72 | Regime: CHOP | Session: 0W/0L (0%) | PnL: $+0.00
[Confidence] Score=6/10 | strong_edge,coinbase_weak,all3_agree,peak_hour
[Timing] Window 5 min old — skipping
[Cycle] No signal — YES=0.20 is between 0.30 and 0.70, sum=1.04 >= 0.97
[Ticker] KXETH15M-26APR030430-30
[Market] YES=0.27 | NO=0.76 | Sum=1.03
==================================================
Balance: $156.72 | Regime: CHOP | Session: 0W/0L (0%) | PnL: $+0.00
[Confidence] Score=5/10 | moderate_edge,coinbase_weak,all3_agree,peak_hour
[Timing] Window 6 min old — skipping
[Cycle] No signal — YES=0.27 is between 0.30 and 0.70, sum=1.03 >= 0.97
[Ticker] KXETH15M-26APR030430-30
[Market] YES=0.22 | NO=0.81 | Sum=1.03
==================================================
Balance: $156.72 | Regime: CHOP | Session: 0W/0L (0%) | PnL: $+0.00
[Confidence] Score=5/10 | moderate_edge,coinbase_weak,all3_agree,peak_hour
[Timing] Window 7 min old — skipping
[Cycle] No signal — YES=0.22 is between 0.30 and 0.70, sum=1.03 >= 0.97
[Ticker] KXETH15M-26APR030430-30
[Market] YES=0.17 | NO=0.86 | Sum=1.03
==================================================
Balance: $156.72 | Regime: CHOP | Session: 0W/0L (0%) | PnL: $+0.00
[Confidence] Score=4/10 | strong_edge,coinbase_weak,peak_hour
[Timing] Window 8 min old — skipping
[Cycle] No signal — YES=0.17 is between 0.30 and 0.70, sum=1.03 >= 0.97
[Ticker] KXETH15M-26APR030430-30
[Market] YES=0.17 | NO=0.85 | Sum=1.02
==================================================
Balance: $156.72 | Regime: CHOP | Session: 0W/0L (0%) | PnL: $+0.00
[Confidence] Score=5/10 | strong_edge,coinbase_weak,2of3_agree,peak_hour
[Timing] Window 9 min old — skipping
[Cycle] No signal — YES=0.17 is between 0.30 and 0.70, sum=1.02 >= 0.97
[Ticker] KXETH15M-26APR030430-30
[Market] YES=0.21 | NO=0.81 | Sum=1.02
==================================================
Balance: $156.72 | Regime: CHOP | Session: 0W/0L (0%) | PnL: $+0.00
[Confidence] Score=5/10 | moderate_edge,coinbase_weak,all3_agree,peak_hour
[Timing] Window 10 min old — skipping
[Cycle] No signal — YES=0.21 is between 0.30 and 0.70, sum=1.02 >= 0.97
[Ticker] KXETH15M-26APR030430-30
[Market] YES=0.03 | NO=0.98 | Sum=1.01
==================================================
Balance: $156.72 | Regime: CHOP | Session: 0W/0L (0%) | PnL: $+0.00
[Confidence] Score=6/10 | extreme_edge,coinbase_weak,2of3_agree,peak_hour
[Timing] Window 11 min old — skipping
[Cycle] No signal — YES=0.03 is between 0.30 and 0.70, sum=1.01 >= 0.97
[Ticker] KXETH15M-26APR030430-30
[Market] YES=0.02 | NO=0.99 | Sum=1.01
==================================================
Balance: $156.72 | Regime: CHOP | Session: 0W/0L (0%) | PnL: $+0.00
[Confidence] Score=7/10 | extreme_edge,coinbase_weak,all3_agree,peak_hour
[Timing] Window 12 min old — skipping
[Cycle] No signal — YES=0.02 is between 0.30 and 0.70, sum=1.01 >= 0.97
[Ticker] KXETH15M-26APR030430-30
[Market] YES=0.00 | NO=1.00 | Sum=1.00
==================================================
Balance: $156.72 | Regime: CHOP | Session: 0W/0L (0%) | PnL: $+0.00
[Confidence] Score=7/10 | extreme_edge,coinbase_weak,all3_agree,peak_hour
[Timing] Window 13 min old — skipping
[Cycle] No signal — YES=0.00 is between 0.30 and 0.70, sum=1.00 >= 0.97
[Ticker] KXETH15M-26APR030430-30
[Market] YES=0.00 | NO=1.00 | Sum=1.00
==================================================
Balance: $156.72 | Regime: CHOP | Session: 0W/0L (0%) | PnL: $+0.00
[Confidence] Score=6/10 | extreme_edge,coinbase_weak,2of3_agree,peak_hour
[Timing] Window 14 min old — skipping
[Cycle] No signal — YES=0.00 is between 0.30 and 0.70, sum=1.00 >= 0.97
[Ticker] KXETH15M-26APR030445-45
[Market] YES=0.46 | NO=0.55 | Sum=1.01
==================================================
Balance: $156.72 | Regime: CHOP | Session: 0W/0L (0%) | PnL: $+0.00
[Cycle] No signal — YES=0.46 is between 0.30 and 0.70, sum=1.01 >= 0.97
[Ticker] KXETH15M-26APR030445-45
[Market] YES=0.63 | NO=0.40 | Sum=1.03
==================================================
Balance: $156.72 | Regime: CHOP | Session: 0W/0L (0%) | PnL: $+0.00
[Cycle] No signal — YES=0.63 is between 0.30 and 0.70, sum=1.03 >= 0.97
[Ticker] KXETH15M-26APR030445-45
[Market] YES=0.61 | NO=0.40 | Sum=1.01
==================================================
Balance: $156.72 | Regime: CHOP | Session: 0W/0L (0%) | PnL: $+0.00
[Cycle] No signal — YES=0.61 is between 0.30 and 0.70, sum=1.01 >= 0.97
[Ticker] KXETH15M-26APR030445-45
[Market] YES=0.63 | NO=0.40 | Sum=1.03
==================================================
Balance: $156.72 | Regime: CHOP | Session: 0W/0L (0%) | PnL: $+0.00
[Cycle] No signal — YES=0.63 is between 0.30 and 0.70, sum=1.03 >= 0.97
[Ticker] KXETH15M-26APR030445-45
[Market] YES=0.76 | NO=0.27 | Sum=1.03
==================================================
Balance: $156.72 | Regime: CHOP | Session: 0W/0L (0%) | PnL: $+0.00
[Confidence] Score=3/10 | moderate_edge,coinbase_weak,peak_hour
[Signal] UP candidate | yes=0.76 | waiting (1/2)
[Cycle] No signal — YES=0.76 is between 0.30 and 0.70, sum=1.03 >= 0.97
[Ticker] KXETH15M-26APR030445-45
[Market] YES=0.64 | NO=0.38 | Sum=1.02
==================================================
Balance: $156.72 | Regime: CHOP | Session: 0W/0L (0%) | PnL: $+0.00
[Cycle] No signal — YES=0.64 is between 0.30 and 0.70, sum=1.02 >= 0.97
[Ticker] KXETH15M-26APR030445-45
[Market] YES=0.49 | NO=0.53 | Sum=1.02
==================================================
Balance: $156.72 | Regime: CHOP | Session: 0W/0L (0%) | PnL: $+0.00
[Cycle] No signal — YES=0.49 is between 0.30 and 0.70, sum=1.02 >= 0.97
[Ticker] KXETH15M-26APR030445-45
[Market] YES=0.48 | NO=0.55 | Sum=1.03
==================================================
Balance: $156.72 | Regime: CHOP | Session: 0W/0L (0%) | PnL: $+0.00
[Cycle] No signal — YES=0.48 is between 0.30 and 0.70, sum=1.03 >= 0.97
[Ticker] KXETH15M-26APR030445-45
[Market] YES=0.26 | NO=0.75 | Sum=1.01
==================================================
Balance: $156.72 | Regime: CHOP | Session: 0W/0L (0%) | PnL: $+0.00
[Confidence] Score=4/10 | moderate_edge,coinbase_weak,2of3_agree,peak_hour
[Timing] Window 8 min old — skipping
[Cycle] No signal — YES=0.26 is between 0.30 and 0.70, sum=1.01 >= 0.97
[Ticker] KXETH15M-26APR030445-45
[Market] YES=0.07 | NO=0.94 | Sum=1.01
==================================================
Balance: $156.72 | Regime: CHOP | Session: 0W/0L (0%) | PnL: $+0.00
[Confidence] Score=6/10 | strong_edge,coinbase_weak,all3_agree,peak_hour
[Timing] Window 9 min old — skipping
[Cycle] No signal — YES=0.07 is between 0.30 and 0.70, sum=1.01 >= 0.97
[Ticker] KXETH15M-26APR030445-45
[Market] YES=0.08 | NO=0.94 | Sum=1.02
==================================================
Balance: $156.72 | Regime: CHOP | Session: 0W/0L (0%) | PnL: $+0.00
[Confidence] Score=5/10 | strong_edge,coinbase_weak,2of3_agree,peak_hour
[Timing] Window 10 min old — skipping
[Cycle] No signal — YES=0.08 is between 0.30 and 0.70, sum=1.02 >= 0.97
[Ticker] KXETH15M-26APR030445-45
[Market] YES=0.01 | NO=0.99 | Sum=1.00
==================================================
Balance: $156.72 | Regime: CHOP | Session: 0W/0L (0%) | PnL: $+0.00
[Confidence] Score=5/10 | extreme_edge,coinbase_weak,peak_hour
[Timing] Window 11 min old — skipping
[Cycle] No signal — YES=0.01 is between 0.30 and 0.70, sum=1.00 >= 0.97
[Ticker] KXETH15M-26APR030445-45
[Market] YES=0.01 | NO=0.99 | Sum=1.00
==================================================
Balance: $156.72 | Regime: CHOP | Session: 0W/0L (0%) | PnL: $+0.00
[Confidence] Score=7/10 | extreme_edge,coinbase_weak,all3_agree,peak_hour
[Timing] Window 12 min old — skipping
[Cycle] No signal — YES=0.01 is between 0.30 and 0.70, sum=1.00 >= 0.97
[Ticker] KXETH15M-26APR030445-45
[Market] YES=0.00 | NO=1.00 | Sum=1.00
==================================================
Balance: $156.72 | Regime: CHOP | Session: 0W/0L (0%) | PnL: $+0.00
[Confidence] Score=7/10 | extreme_edge,coinbase_weak,all3_agree,peak_hour
[Timing] Window 13 min old — skipping
[Cycle] No signal — YES=0.00 is between 0.30 and 0.70, sum=1.00 >= 0.97
[Ticker] KXETH15M-26APR030445-45
[Market] YES=0.00 | NO=1.00 | Sum=1.00
==================================================
Balance: $156.72 | Regime: CHOP | Session: 0W/0L (0%) | PnL: $+0.00
[Confidence] Score=7/10 | extreme_edge,coinbase_weak,all3_agree,peak_hour
[Timing] Window 14 min old — skipping
[Cycle] No signal — YES=0.00 is between 0.30 and 0.70, sum=1.00 >= 0.97
[Ticker] KXETH15M-26APR030500-00
[Market] YES=0.48 | NO=0.53 | Sum=1.01
==================================================
Balance: $156.72 | Regime: CHOP | Session: 0W/0L (0%) | PnL: $+0.00
[Cycle] No signal — YES=0.48 is between 0.30 and 0.70, sum=1.01 >= 0.97
[Ticker] KXETH15M-26APR030500-00
[Market] YES=0.31 | NO=0.71 | Sum=1.02
==================================================
Balance: $156.72 | Regime: CHOP | Session: 0W/0L (0%) | PnL: $+0.00
[Cycle] No signal — YES=0.31 is between 0.30 and 0.70, sum=1.02 >= 0.97
[Ticker] KXETH15M-26APR030500-00
[Market] YES=0.51 | NO=0.51 | Sum=1.02
==================================================
Balance: $156.72 | Regime: CHOP | Session: 0W/0L (0%) | PnL: $+0.00
[Cycle] No signal — YES=0.51 is between 0.30 and 0.70, sum=1.02 >= 0.97
[Ticker] KXETH15M-26APR030500-00
[Market] YES=0.62 | NO=0.39 | Sum=1.01
==================================================
Balance: $156.72 | Regime: CHOP | Session: 0W/0L (0%) | PnL: $+0.00
[Cycle] No signal — YES=0.62 is between 0.30 and 0.70, sum=1.01 >= 0.97
[Ticker] KXETH15M-26APR030500-00
[Market] YES=0.69 | NO=0.34 | Sum=1.03
==================================================
Balance: $156.72 | Regime: CHOP | Session: 0W/0L (0%) | PnL: $+0.00
[Cycle] No signal — YES=0.69 is between 0.30 and 0.70, sum=1.03 >= 0.97
[Ticker] KXETH15M-26APR030500-00
[Market] YES=0.72 | NO=0.32 | Sum=1.04
==================================================
Balance: $156.72 | Regime: CHOP | Session: 0W/0L (0%) | PnL: $+0.00
[Confidence] Score=3/10 | moderate_edge,coinbase_weak,peak_hour
[Timing] Window 5 min old — skipping
[Cycle] No signal — YES=0.72 is between 0.30 and 0.70, sum=1.04 >= 0.97
[Ticker] KXETH15M-26APR030500-00
[Market] YES=0.80 | NO=0.21 | Sum=1.01
==================================================
Balance: $156.72 | Regime: CHOP | Session: 0W/0L (0%) | PnL: $+0.00
[Confidence] Score=4/10 | strong_edge,coinbase_weak,peak_hour
[Timing] Window 6 min old — skipping
[Cycle] No signal — YES=0.80 is between 0.30 and 0.70, sum=1.01 >= 0.97
[Ticker] KXETH15M-26APR030500-00
[Market] YES=0.83 | NO=0.19 | Sum=1.02
==================================================
Balance: $156.72 | Regime: CHOP | Session: 0W/0L (0%) | PnL: $+0.00
[Confidence] Score=4/10 | strong_edge,coinbase_weak,peak_hour
[Timing] Window 7 min old — skipping
[Cycle] No signal — YES=0.83 is between 0.30 and 0.70, sum=1.02 >= 0.97
[Ticker] KXETH15M-26APR030500-00
[Market] YES=0.51 | NO=0.52 | Sum=1.03
==================================================
Balance: $156.72 | Regime: CHOP | Session: 0W/0L (0%) | PnL: $+0.00
[Cycle] No signal — YES=0.51 is between 0.30 and 0.70, sum=1.03 >= 0.97
[Ticker] KXETH15M-26APR030500-00
[Market] YES=0.33 | NO=0.70 | Sum=1.03
==================================================
Balance: $156.72 | Regime: CHOP | Session: 0W/0L (0%) | PnL: $+0.00
[Cycle] No signal — YES=0.33 is between 0.30 and 0.70, sum=1.03 >= 0.97
[Ticker] KXETH15M-26APR030500-00
[Market] YES=0.22 | NO=0.81 | Sum=1.03
==================================================
Balance: $156.72 | Regime: CHOP | Session: 0W/0L (0%) | PnL: $+0.00
[Confidence] Score=5/10 | moderate_edge,coinbase_weak,all3_agree,peak_hour
[Timing] Window 10 min old — skipping
[Cycle] No signal — YES=0.22 is between 0.30 and 0.70, sum=1.03 >= 0.97
[Ticker] KXETH15M-26APR030500-00
[Market] YES=0.15 | NO=0.87 | Sum=1.02
==================================================
Balance: $156.72 | Regime: CHOP | Session: 0W/0L (0%) | PnL: $+0.00
[Confidence] Score=5/10 | strong_edge,coinbase_weak,2of3_agree,peak_hour
[Timing] Window 11 min old — skipping
[Cycle] No signal — YES=0.15 is between 0.30 and 0.70, sum=1.02 >= 0.97
[Ticker] KXETH15M-26APR030500-00
[Market] YES=0.64 | NO=0.37 | Sum=1.01
==================================================
Balance: $156.72 | Regime: CHOP | Session: 0W/0L (0%) | PnL: $+0.00
[Cycle] No signal — YES=0.64 is between 0.30 and 0.70, sum=1.01 >= 0.97
[Ticker] KXETH15M-26APR030500-00
[Market] YES=0.88 | NO=0.21 | Sum=1.09
==================================================
Balance: $156.72 | Regime: CHOP | Session: 0W/0L (0%) | PnL: $+0.00
[Confidence] Score=4/10 | strong_edge,coinbase_weak,peak_hour
[Timing] Window 13 min old — skipping
[Cycle] No signal — YES=0.88 is between 0.30 and 0.70, sum=1.09 >= 0.97
[Ticker] KXETH15M-26APR030500-00
[Market] YES=1.00 | NO=0.01 | Sum=1.00
==================================================
Balance: $156.72 | Regime: CHOP | Session: 0W/0L (0%) | PnL: $+0.00
[Confidence] Score=5/10 | extreme_edge,coinbase_weak,peak_hour
[Timing] Window 14 min old — skipping
[Cycle] No signal — YES=1.00 is between 0.30 and 0.70, sum=1.00 >= 0.97
[Ticker] KXETH15M-26APR030515-15
[Market] YES=0.57 | NO=0.44 | Sum=1.01
==================================================
Balance: $156.72 | Regime: CHOP | Session: 0W/0L (0%) | PnL: $+0.00
[Cycle] No signal — YES=0.57 is between 0.30 and 0.70, sum=1.01 >= 0.97
[Ticker] KXETH15M-26APR030515-15
[Market] YES=0.51 | NO=0.52 | Sum=1.03
==================================================
Balance: $156.72 | Regime: CHOP | Session: 0W/0L (0%) | PnL: $+0.00
[Cycle] No signal — YES=0.51 is between 0.30 and 0.70, sum=1.03 >= 0.97
[Ticker] KXETH15M-26APR030515-15
[Market] YES=0.65 | NO=0.38 | Sum=1.03
==================================================
Balance: $156.72 | Regime: CHOP | Session: 0W/0L (0%) | PnL: $+0.00
[Cycle] No signal — YES=0.65 is between 0.30 and 0.70, sum=1.03 >= 0.97
[Ticker] KXETH15M-26APR030515-15
[Market] YES=0.73 | NO=0.29 | Sum=1.02
==================================================
Balance: $156.72 | Regime: CHOP | Session: 0W/0L (0%) | PnL: $+0.00
[Confidence] Score=3/10 | moderate_edge,coinbase_weak,peak_hour
[Signal] UP candidate | yes=0.73 | waiting (1/2)
[Cycle] No signal — YES=0.73 is between 0.30 and 0.70, sum=1.02 >= 0.97
[Ticker] KXETH15M-26APR030515-15
[Market] YES=0.66 | NO=0.38 | Sum=1.04
==================================================
Balance: $156.72 | Regime: CHOP | Session: 0W/0L (0%) | PnL: $+0.00
[Cycle] No signal — YES=0.66 is between 0.30 and 0.70, sum=1.04 >= 0.97
[Ticker] KXETH15M-26APR030515-15
[Market] YES=0.41 | NO=0.63 | Sum=1.04
==================================================
Balance: $156.72 | Regime: CHOP | Session: 0W/0L (0%) | PnL: $+0.00
[Cycle] No signal — YES=0.41 is between 0.30 and 0.70, sum=1.04 >= 0.97
[Ticker] KXETH15M-26APR030515-15
[Market] YES=0.65 | NO=0.40 | Sum=1.05
==================================================
Balance: $156.72 | Regime: CHOP | Session: 0W/0L (0%) | PnL: $+0.00
[Cycle] No signal — YES=0.65 is between 0.30 and 0.70, sum=1.05 >= 0.97
[Ticker] KXETH15M-26APR030515-15
[Market] YES=0.71 | NO=0.31 | Sum=1.02
==================================================
Balance: $156.72 | Regime: CHOP | Session: 0W/0L (0%) | PnL: $+0.00
[Confidence] Score=3/10 | moderate_edge,coinbase_weak,peak_hour
[Timing] Window 7 min old — skipping
[Cycle] No signal — YES=0.71 is between 0.30 and 0.70, sum=1.02 >= 0.97
[Ticker] KXETH15M-26APR030515-15
[Market] YES=0.54 | NO=0.49 | Sum=1.03
==================================================
Balance: $156.72 | Regime: CHOP | Session: 0W/0L (0%) | PnL: $+0.00
[Cycle] No signal — YES=0.54 is between 0.30 and 0.70, sum=1.03 >= 0.97
[Ticker] KXETH15M-26APR030515-15
[Market] YES=0.59 | NO=0.46 | Sum=1.05
==================================================
Balance: $156.72 | Regime: CHOP | Session: 0W/0L (0%) | PnL: $+0.00
[Cycle] No signal — YES=0.59 is between 0.30 and 0.70, sum=1.05 >= 0.97
[Ticker] KXETH15M-26APR030515-15
[Market] YES=0.67 | NO=0.38 | Sum=1.05
==================================================
Balance: $156.72 | Regime: CHOP | Session: 0W/0L (0%) | PnL: $+0.00
[Cycle] No signal — YES=0.67 is between 0.30 and 0.70, sum=1.05 >= 0.97
[Ticker] KXETH15M-26APR030515-15
[Market] YES=0.49 | NO=0.57 | Sum=1.06
==================================================
Balance: $156.72 | Regime: CHOP | Session: 0W/0L (0%) | PnL: $+0.00
[Cycle] No signal — YES=0.49 is between 0.30 and 0.70, sum=1.06 >= 0.97
[Ticker] KXETH15M-26APR030515-15
[Market] YES=0.69 | NO=0.36 | Sum=1.05
==================================================
Balance: $156.72 | Regime: CHOP | Session: 0W/0L (0%) | PnL: $+0.00
[Cycle] No signal — YES=0.69 is between 0.30 and 0.70, sum=1.05 >= 0.97
[Ticker] KXETH15M-26APR030515-15
[Market] YES=0.92 | NO=0.10 | Sum=1.02
==================================================
Balance: $156.72 | Regime: CHOP | Session: 0W/0L (0%) | PnL: $+0.00
[Confidence] Score=4/10 | strong_edge,coinbase_weak,peak_hour
[Timing] Window 13 min old — skipping
[Cycle] No signal — YES=0.92 is between 0.30 and 0.70, sum=1.02 >= 0.97
[Ticker] KXETH15M-26APR030515-15
[Market] YES=1.00 | NO=0.00 | Sum=1.00
==================================================
Balance: $156.72 | Regime: CHOP | Session: 0W/0L (0%) | PnL: $+0.00
[Confidence] Score=5/10 | extreme_edge,coinbase_weak,peak_hour
[Timing] Window 14 min old — skipping
[Cycle] No signal — YES=1.00 is between 0.30 and 0.70, sum=1.00 >= 0.97
[Ticker] KXETH15M-26APR030530-30
[Market] YES=0.54 | NO=0.47 | Sum=1.01
==================================================
Balance: $156.72 | Regime: CHOP | Session: 0W/0L (0%) | PnL: $+0.00
[Cycle] No signal — YES=0.54 is between 0.30 and 0.70, sum=1.01 >= 0.97
[Ticker] KXETH15M-26APR030530-30
[Market] YES=0.64 | NO=0.37 | Sum=1.01
==================================================
Balance: $156.72 | Regime: CHOP | Session: 0W/0L (0%) | PnL: $+0.00
[Cycle] No signal — YES=0.64 is between 0.30 and 0.70, sum=1.01 >= 0.97
[Ticker] KXETH15M-26APR030530-30
[Market] YES=0.73 | NO=0.30 | Sum=1.03
==================================================
Balance: $156.72 | Regime: CHOP | Session: 0W/0L (0%) | PnL: $+0.00
[Confidence] Score=3/10 | moderate_edge,coinbase_weak,peak_hour
[Signal] UP candidate | yes=0.73 | waiting (1/2)
[Cycle] No signal — YES=0.73 is between 0.30 and 0.70, sum=1.03 >= 0.97
[Ticker] KXETH15M-26APR030530-30
[Market] YES=0.78 | NO=0.25 | Sum=1.03
==================================================
Balance: $156.72 | Regime: CHOP | Session: 0W/0L (0%) | PnL: $+0.00
[Confidence] Score=3/10 | moderate_edge,coinbase_weak,peak_hour
[Coinbase] Confirms UP | $2063 gap=+2 (0.08%)
[Kraken] Divergence 3142.18% — bet trimmed
[Correlation] 2/3 agree UP
[Signal] CONFIRMED UP | yes=0.78 | edge=0.28 | bet=$3.95
[Safety] Balance $156.72 below floor $175.00
🛑 OpenClaw ETH Bot v4.0 halted: Balance $156.72 below floor $175.00

==================================================
OpenClaw ETH Bot v4.0 — LIVE
[Startup] Live balance synced: $156.72
Balance: $156.72 | MaxBet: $15.67 | Threshold: <0.30 or >0.70
==================================================

[Startup] Resting orders cleared
[Ticker] KXETH15M-26APR030530-30
[Market] YES=0.24 | NO=0.78 | Sum=1.02
==================================================
Balance: $156.72 | Regime: CHOP | Session: 0W/0L (0%) | PnL: $+0.00
[Confidence] Score=5/10 | moderate_edge,coinbase_weak,all3_agree,peak_hour
[Timing] Window 6 min old — skipping
[Cycle] No signal — YES=0.24 is between 0.30 and 0.70, sum=1.02 >= 0.97
[Ticker] KXETH15M-26APR030530-30
[Market] YES=0.10 | NO=0.91 | Sum=1.01
==================================================
Balance: $156.72 | Regime: CHOP | Session: 0W/0L (0%) | PnL: $+0.00
[Confidence] Score=6/10 | strong_edge,coinbase_weak,all3_agree,peak_hour
[Timing] Window 7 min old — skipping
[Cycle] No signal — YES=0.10 is between 0.30 and 0.70, sum=1.01 >= 0.97
[Ticker] KXETH15M-26APR030530-30
[Market] YES=0.09 | NO=0.93 | Sum=1.02
==================================================
Balance: $156.72 | Regime: CHOP | Session: 0W/0L (0%) | PnL: $+0.00
[Confidence] Score=6/10 | strong_edge,coinbase_weak,all3_agree,peak_hour
[Timing] Window 8 min old — skipping
[Cycle] No signal — YES=0.09 is between 0.30 and 0.70, sum=1.02 >= 0.97
[Ticker] KXETH15M-26APR030530-30
[Market] YES=0.07 | NO=0.95 | Sum=1.01
==================================================
Balance: $156.72 | Regime: CHOP | Session: 0W/0L (0%) | PnL: $+0.00
[Confidence] Score=6/10 | strong_edge,coinbase_weak,all3_agree,peak_hour
[Timing] Window 9 min old — skipping
[Cycle] No signal — YES=0.07 is between 0.30 and 0.70, sum=1.01 >= 0.97
[Ticker] KXETH15M-26APR030530-30
[Market] YES=0.03 | NO=0.98 | Sum=1.01
==================================================
Balance: $156.72 | Regime: CHOP | Session: 0W/0L (0%) | PnL: $+0.00
[Confidence] Score=7/10 | extreme_edge,coinbase_weak,all3_agree,peak_hour
[Timing] Window 10 min old — skipping
[Cycle] No signal — YES=0.03 is between 0.30 and 0.70, sum=1.01 >= 0.97
[Ticker] KXETH15M-26APR030530-30
[Market] YES=0.02 | NO=0.99 | Sum=1.01
==================================================
Balance: $156.72 | Regime: CHOP | Session: 0W/0L (0%) | PnL: $+0.00
[Confidence] Score=7/10 | extreme_edge,coinbase_weak,all3_agree,peak_hour
[Timing] Window 11 min old — skipping
[Cycle] No signal — YES=0.02 is between 0.30 and 0.70, sum=1.01 >= 0.97
[Ticker] KXETH15M-26APR030530-30
[Market] YES=0.02 | NO=0.99 | Sum=1.01
==================================================
Balance: $156.72 | Regime: CHOP | Session: 0W/0L (0%) | PnL: $+0.00
[Confidence] Score=7/10 | extreme_edge,coinbase_weak,all3_agree,peak_hour
[Timing] Window 12 min old — skipping
[Cycle] No signal — YES=0.02 is between 0.30 and 0.70, sum=1.01 >= 0.97
[Ticker] KXETH15M-26APR030530-30
[Market] YES=0.01 | NO=0.99 | Sum=1.00
==================================================
Balance: $156.72 | Regime: CHOP | Session: 0W/0L (0%) | PnL: $+0.00
[Confidence] Score=7/10 | extreme_edge,coinbase_weak,all3_agree,peak_hour
[Timing] Window 13 min old — skipping
[Cycle] No signal — YES=0.01 is between 0.30 and 0.70, sum=1.00 >= 0.97
[Ticker] KXETH15M-26APR030530-30
[Market] YES=0.00 | NO=1.00 | Sum=1.00
==================================================
Balance: $156.72 | Regime: CHOP | Session: 0W/0L (0%) | PnL: $+0.00
[Confidence] Score=7/10 | extreme_edge,coinbase_weak,all3_agree,peak_hour
[Timing] Window 14 min old — skipping
[Cycle] No signal — YES=0.00 is between 0.30 and 0.70, sum=1.00 >= 0.97
[Ticker] KXETH15M-26APR030530-30
[Market] YES=0.00 | NO=1.00 | Sum=1.00
==================================================
Balance: $156.72 | Regime: CHOP | Session: 0W/0L (0%) | PnL: $+0.00
[Confidence] Score=7/10 | extreme_edge,coinbase_weak,all3_agree,peak_hour
[Timing] Window 0 min old — skipping
[Cycle] No signal — YES=0.00 is between 0.30 and 0.70, sum=1.00 >= 0.97
[Ticker] KXETH15M-26APR030545-45
[Market] YES=0.55 | NO=0.48 | Sum=1.03
==================================================
Balance: $156.72 | Regime: CHOP | Session: 0W/0L (0%) | PnL: $+0.00
[Cycle] No signal — YES=0.55 is between 0.30 and 0.70, sum=1.03 >= 0.97
[Ticker] KXETH15M-26APR030545-45
[Market] YES=0.57 | NO=0.44 | Sum=1.01
==================================================
Balance: $156.72 | Regime: CHOP | Session: 0W/0L (0%) | PnL: $+0.00
[Cycle] No signal — YES=0.57 is between 0.30 and 0.70, sum=1.01 >= 0.97
[Ticker] KXETH15M-26APR030545-45
[Market] YES=0.65 | NO=0.40 | Sum=1.05
==================================================
Balance: $156.72 | Regime: CHOP | Session: 0W/0L (0%) | PnL: $+0.00
[Cycle] No signal — YES=0.65 is between 0.30 and 0.70, sum=1.05 >= 0.97
[Ticker] KXETH15M-26APR030545-45
[Market] YES=0.66 | NO=0.39 | Sum=1.05
==================================================
Balance: $156.72 | Regime: CHOP | Session: 0W/0L (0%) | PnL: $+0.00
[Cycle] No signal — YES=0.66 is between 0.30 and 0.70, sum=1.05 >= 0.97
[Ticker] KXETH15M-26APR030545-45
[Market] YES=0.58 | NO=0.43 | Sum=1.01
==================================================
Balance: $156.72 | Regime: CHOP | Session: 0W/0L (0%) | PnL: $+0.00
[Cycle] No signal — YES=0.58 is between 0.30 and 0.70, sum=1.01 >= 0.97
[Ticker] KXETH15M-26APR030545-45
[Market] YES=0.54 | NO=0.47 | Sum=1.01
==================================================
Balance: $156.72 | Regime: CHOP | Session: 0W/0L (0%) | PnL: $+0.00
[Cycle] No signal — YES=0.54 is between 0.30 and 0.70, sum=1.01 >= 0.97
[Ticker] KXETH15M-26APR030545-45
[Market] YES=0.60 | NO=0.44 | Sum=1.04
==================================================
Balance: $156.72 | Regime: CHOP | Session: 0W/0L (0%) | PnL: $+0.00
[Cycle] No signal — YES=0.60 is between 0.30 and 0.70, sum=1.04 >= 0.97
[Ticker] KXETH15M-26APR030545-45
[Market] YES=0.66 | NO=0.39 | Sum=1.05
==================================================
Balance: $156.72 | Regime: CHOP | Session: 0W/0L (0%) | PnL: $+0.00
[Cycle] No signal — YES=0.66 is between 0.30 and 0.70, sum=1.05 >= 0.97
[Ticker] KXETH15M-26APR030545-45
[Market] YES=0.66 | NO=0.37 | Sum=1.03
==================================================
Balance: $156.72 | Regime: CHOP | Session: 0W/0L (0%) | PnL: $+0.00
[Cycle] No signal — YES=0.66 is between 0.30 and 0.70, sum=1.03 >= 0.97
[Ticker] KXETH15M-26APR030545-45
[Market] YES=0.78 | NO=0.23 | Sum=1.01
==================================================
Balance: $156.72 | Regime: CHOP | Session: 0W/0L (0%) | PnL: $+0.00
[Confidence] Score=3/10 | moderate_edge,coinbase_weak,peak_hour
[Timing] Window 10 min old — skipping
[Cycle] No signal — YES=0.78 is between 0.30 and 0.70, sum=1.01 >= 0.97
[Ticker] KXETH15M-26APR030545-45
[Market] YES=0.96 | NO=0.06 | Sum=1.02
==================================================
Balance: $156.72 | Regime: CHOP | Session: 0W/0L (0%) | PnL: $+0.00
[Confidence] Score=5/10 | extreme_edge,coinbase_weak,peak_hour
[Timing] Window 11 min old — skipping
[Cycle] No signal — YES=0.96 is between 0.30 and 0.70, sum=1.02 >= 0.97
[Ticker] KXETH15M-26APR030545-45
[Market] YES=0.99 | NO=0.01 | Sum=1.00
==================================================
Balance: $156.72 | Regime: CHOP | Session: 0W/0L (0%) | PnL: $+0.00
[Confidence] Score=5/10 | extreme_edge,coinbase_weak,peak_hour
[Timing] Window 12 min old — skipping
[Cycle] No signal — YES=0.99 is between 0.30 and 0.70, sum=1.00 >= 0.97
[Ticker] KXETH15M-26APR030545-45
[Market] YES=1.00 | NO=0.00 | Sum=1.00
==================================================
Balance: $156.72 | Regime: CHOP | Session: 0W/0L (0%) | PnL: $+0.00
[Confidence] Score=5/10 | extreme_edge,coinbase_weak,peak_hour
[Timing] Window 13 min old — skipping
[Cycle] No signal — YES=1.00 is between 0.30 and 0.70, sum=1.00 >= 0.97
[Ticker] KXETH15M-26APR030545-45
[Market] YES=1.00 | NO=0.00 | Sum=1.00
==================================================
Balance: $156.72 | Regime: CHOP | Session: 0W/0L (0%) | PnL: $+0.00
[Confidence] Score=5/10 | extreme_edge,coinbase_weak,peak_hour
[Timing] Window 14 min old — skipping
[Cycle] No signal — YES=1.00 is between 0.30 and 0.70, sum=1.00 >= 0.97
[Ticker] KXETH15M-26APR030600-00
[Market] YES=0.40 | NO=0.62 | Sum=1.02
==================================================
Balance: $156.72 | Regime: CHOP | Session: 0W/0L (0%) | PnL: $+0.00
[Cycle] No signal — YES=0.40 is between 0.30 and 0.70, sum=1.02 >= 0.97
[Ticker] KXETH15M-26APR030600-00
[Market] YES=0.43 | NO=0.59 | Sum=1.02
==================================================
Balance: $156.72 | Regime: CHOP | Session: 0W/0L (0%) | PnL: $+0.00
[Cycle] No signal — YES=0.43 is between 0.30 and 0.70, sum=1.02 >= 0.97
[Ticker] KXETH15M-26APR030600-00
[Market] YES=0.37 | NO=0.66 | Sum=1.03
==================================================
Balance: $156.72 | Regime: CHOP | Session: 0W/0L (0%) | PnL: $+0.00
[Cycle] No signal — YES=0.37 is between 0.30 and 0.70, sum=1.03 >= 0.97
[Ticker] KXETH15M-26APR030600-00
[Market] YES=0.21 | NO=0.81 | Sum=1.02
==================================================
Balance: $156.72 | Regime: CHOP | Session: 0W/0L (0%) | PnL: $+0.00
[Confidence] Score=5/10 | moderate_edge,coinbase_weak,all3_agree,peak_hour
[Signal] DOWN candidate | yes=0.21 | waiting (1/2)
[Cycle] No signal — YES=0.21 is between 0.30 and 0.70, sum=1.02 >= 0.97
[Ticker] KXETH15M-26APR030600-00
[Market] YES=0.28 | NO=0.75 | Sum=1.03
==================================================
Balance: $156.72 | Regime: CHOP | Session: 0W/0L (0%) | PnL: $+0.00
[Confidence] Score=5/10 | moderate_edge,coinbase_weak,all3_agree,peak_hour
[Coinbase] Confirms DOWN | $2061 gap=-2 (0.07%)
[Kraken] Divergence 3142.79% — bet trimmed
[Correlation] All 3 agree — bet boosted
[Signal] CONFIRMED DOWN | yes=0.28 | edge=0.22 | bet=$3.73
[Safety] Balance $156.72 below floor $175.00
🛑 OpenClaw ETH Bot v4.0 halted: Balance $156.72 below floor $175.00

==================================================
OpenClaw ETH Bot v4.0 — LIVE
[Startup] Live balance synced: $156.72
Balance: $156.72 | MaxBet: $15.67 | Threshold: <0.30 or >0.70
==================================================

[Startup] Resting orders cleared
[Ticker] KXETH15M-26APR030600-00
[Market] YES=0.23 | NO=0.80 | Sum=1.03
==================================================
Balance: $156.72 | Regime: CHOP | Session: 0W/0L (0%) | PnL: $+0.00
[Confidence] Score=5/10 | moderate_edge,coinbase_weak,all3_agree,peak_hour
[Timing] Window 6 min old — skipping
[Cycle] No signal — YES=0.23 is between 0.30 and 0.70, sum=1.03 >= 0.97
[Ticker] KXETH15M-26APR030600-00
[Market] YES=0.19 | NO=0.85 | Sum=1.04
==================================================
Balance: $156.72 | Regime: CHOP | Session: 0W/0L (0%) | PnL: $+0.00
[Confidence] Score=6/10 | strong_edge,coinbase_weak,all3_agree,peak_hour
[Timing] Window 7 min old — skipping
[Cycle] No signal — YES=0.19 is between 0.30 and 0.70, sum=1.04 >= 0.97
[Ticker] KXETH15M-26APR030600-00
[Market] YES=0.11 | NO=0.91 | Sum=1.02
==================================================
Balance: $156.72 | Regime: CHOP | Session: 0W/0L (0%) | PnL: $+0.00
[Confidence] Score=6/10 | strong_edge,coinbase_weak,all3_agree,peak_hour
[Timing] Window 8 min old — skipping
[Cycle] No signal — YES=0.11 is between 0.30 and 0.70, sum=1.02 >= 0.97
[Ticker] KXETH15M-26APR030600-00
[Market] YES=0.07 | NO=0.95 | Sum=1.02
==================================================
Balance: $156.72 | Regime: CHOP | Session: 0W/0L (0%) | PnL: $+0.00
[Confidence] Score=6/10 | strong_edge,coinbase_weak,all3_agree,peak_hour
[Timing] Window 9 min old — skipping
[Cycle] No signal — YES=0.07 is between 0.30 and 0.70, sum=1.02 >= 0.97
[Ticker] KXETH15M-26APR030600-00
[Market] YES=0.11 | NO=0.92 | Sum=1.03
==================================================
Balance: $156.72 | Regime: CHOP | Session: 0W/0L (0%) | PnL: $+0.00
[Confidence] Score=6/10 | strong_edge,coinbase_weak,all3_agree,peak_hour
[Timing] Window 10 min old — skipping
[Cycle] No signal — YES=0.11 is between 0.30 and 0.70, sum=1.03 >= 0.97
[Ticker] KXETH15M-26APR030600-00
[Market] YES=0.05 | NO=0.97 | Sum=1.02
==================================================
Balance: $156.72 | Regime: CHOP | Session: 0W/0L (0%) | PnL: $+0.00
[Confidence] Score=6/10 | extreme_edge,coinbase_weak,2of3_agree,peak_hour
[Timing] Window 11 min old — skipping
[Cycle] No signal — YES=0.05 is between 0.30 and 0.70, sum=1.02 >= 0.97
[Ticker] KXETH15M-26APR030600-00
[Market] YES=0.07 | NO=0.93 | Sum=1.01
==================================================
Balance: $156.72 | Regime: CHOP | Session: 0W/0L (0%) | PnL: $+0.00
[Confidence] Score=5/10 | strong_edge,coinbase_weak,2of3_agree,peak_hour
[Timing] Window 12 min old — skipping
[Cycle] No signal — YES=0.07 is between 0.30 and 0.70, sum=1.01 >= 0.97
[Ticker] KXETH15M-26APR030600-00
[Market] YES=0.01 | NO=1.00 | Sum=1.01
==================================================
Balance: $156.72 | Regime: CHOP | Session: 0W/0L (0%) | PnL: $+0.00
[Confidence] Score=7/10 | extreme_edge,coinbase_weak,all3_agree,peak_hour
[Timing] Window 13 min old — skipping
[Cycle] No signal — YES=0.01 is between 0.30 and 0.70, sum=1.01 >= 0.97
[Ticker] KXETH15M-26APR030600-00
[Market] YES=0.00 | NO=1.00 | Sum=1.00
==================================================
Balance: $156.72 | Regime: CHOP | Session: 0W/0L (0%) | PnL: $+0.00
[Confidence] Score=6/10 | extreme_edge,coinbase_weak,2of3_agree,peak_hour
[Timing] Window 14 min old — skipping
[Cycle] No signal — YES=0.00 is between 0.30 and 0.70, sum=1.00 >= 0.97
[Ticker] KXETH15M-26APR030615-15
[Market] YES=0.38 | NO=0.65 | Sum=1.03
==================================================
Balance: $156.72 | Regime: CHOP | Session: 0W/0L (0%) | PnL: $+0.00
[Cycle] No signal — YES=0.38 is between 0.30 and 0.70, sum=1.03 >= 0.97
[Ticker] KXETH15M-26APR030615-15
[Market] YES=0.39 | NO=0.64 | Sum=1.03
==================================================
Balance: $156.72 | Regime: CHOP | Session: 0W/0L (0%) | PnL: $+0.00
[Cycle] No signal — YES=0.39 is between 0.30 and 0.70, sum=1.03 >= 0.97
[Ticker] KXETH15M-26APR030615-15
[Market] YES=0.12 | NO=0.89 | Sum=1.01
==================================================
Balance: $156.72 | Regime: CHOP | Session: 0W/0L (0%) | PnL: $+0.00
[Confidence] Score=6/10 | strong_edge,coinbase_weak,all3_agree,peak_hour
[Signal] DOWN candidate | yes=0.12 | waiting (1/2)
[Cycle] No signal — YES=0.12 is between 0.30 and 0.70, sum=1.01 >= 0.97
[Ticker] KXETH15M-26APR030615-15
[Market] YES=0.17 | NO=0.85 | Sum=1.02
==================================================
Balance: $156.72 | Regime: CHOP | Session: 0W/0L (0%) | PnL: $+0.00
[Confidence] Score=5/10 | strong_edge,coinbase_weak,2of3_agree,peak_hour
[Coinbase] Confirms DOWN | $2058 gap=-3 (0.16%)
[Kraken] Divergence 3146.04% — bet trimmed
[Correlation] Markets diverging — bet trimmed
[Signal] CONFIRMED DOWN | yes=0.17 | edge=0.33 | bet=$4.19
[Safety] Balance $156.72 below floor $175.00
🛑 OpenClaw ETH Bot v4.0 halted: Balance $156.72 below floor $175.00

==================================================
OpenClaw ETH Bot v4.0 — LIVE
[Startup] Live balance synced: $156.72
Balance: $156.72 | MaxBet: $15.67 | Threshold: <0.30 or >0.70
==================================================

[Startup] Resting orders cleared
[Ticker] KXETH15M-26APR030615-15
[Market] YES=0.14 | NO=0.88 | Sum=1.02
==================================================
Balance: $156.72 | Regime: CHOP | Session: 0W/0L (0%) | PnL: $+0.00
[Confidence] Score=6/10 | strong_edge,coinbase_weak,all3_agree,peak_hour
[Timing] Window 7 min old — skipping
[Cycle] No signal — YES=0.14 is between 0.30 and 0.70, sum=1.02 >= 0.97
[Ticker] KXETH15M-26APR030615-15
[Market] YES=0.05 | NO=0.96 | Sum=1.01
==================================================
Balance: $156.72 | Regime: CHOP | Session: 0W/0L (0%) | PnL: $+0.00
[Confidence] Score=7/10 | extreme_edge,coinbase_weak,all3_agree,peak_hour
[Timing] Window 8 min old — skipping
[Cycle] No signal — YES=0.05 is between 0.30 and 0.70, sum=1.01 >= 0.97
[Ticker] KXETH15M-26APR030615-15
[Market] YES=0.07 | NO=0.95 | Sum=1.02
==================================================
Balance: $156.72 | Regime: CHOP | Session: 0W/0L (0%) | PnL: $+0.00
[Confidence] Score=6/10 | strong_edge,coinbase_weak,all3_agree,peak_hour
[Timing] Window 9 min old — skipping
[Cycle] No signal — YES=0.07 is between 0.30 and 0.70, sum=1.02 >= 0.97
[Ticker] KXETH15M-26APR030615-15
[Market] YES=0.03 | NO=0.98 | Sum=1.01
==================================================
Balance: $156.72 | Regime: CHOP | Session: 0W/0L (0%) | PnL: $+0.00
[Confidence] Score=7/10 | extreme_edge,coinbase_weak,all3_agree,peak_hour
[Timing] Window 10 min old — skipping
[Cycle] No signal — YES=0.03 is between 0.30 and 0.70, sum=1.01 >= 0.97
[Ticker] KXETH15M-26APR030615-15
[Market] YES=0.00 | NO=1.00 | Sum=1.00
==================================================
Balance: $156.72 | Regime: CHOP | Session: 0W/0L (0%) | PnL: $+0.00
[Confidence] Score=7/10 | extreme_edge,coinbase_weak,all3_agree,peak_hour
[Timing] Window 11 min old — skipping
[Cycle] No signal — YES=0.00 is between 0.30 and 0.70, sum=1.00 >= 0.97
[Ticker] KXETH15M-26APR030615-15
[Market] YES=0.02 | NO=1.00 | Sum=1.02
==================================================
Balance: $156.72 | Regime: CHOP | Session: 0W/0L (0%) | PnL: $+0.00
[Confidence] Score=7/10 | extreme_edge,coinbase_weak,all3_agree,peak_hour
[Timing] Window 12 min old — skipping
[Cycle] No signal — YES=0.02 is between 0.30 and 0.70, sum=1.02 >= 0.97
[Ticker] KXETH15M-26APR030615-15
[Market] YES=0.01 | NO=1.00 | Sum=1.00
==================================================
Balance: $156.72 | Regime: CHOP | Session: 0W/0L (0%) | PnL: $+0.00
[Confidence] Score=6/10 | extreme_edge,coinbase_weak,2of3_agree,peak_hour
[Timing] Window 13 min old — skipping
[Cycle] No signal — YES=0.01 is between 0.30 and 0.70, sum=1.00 >= 0.97
[Ticker] KXETH15M-26APR030615-15
[Market] YES=0.00 | NO=1.00 | Sum=1.00
==================================================
Balance: $156.72 | Regime: CHOP | Session: 0W/0L (0%) | PnL: $+0.00
[Confidence] Score=7/10 | extreme_edge,coinbase_weak,all3_agree,peak_hour
[Timing] Window 14 min old — skipping
[Cycle] No signal — YES=0.00 is between 0.30 and 0.70, sum=1.00 >= 0.97
[Ticker] KXETH15M-26APR030630-30
[Market] YES=0.54 | NO=0.47 | Sum=1.01
==================================================
Balance: $156.72 | Regime: CHOP | Session: 0W/0L (0%) | PnL: $+0.00
[Cycle] No signal — YES=0.54 is between 0.30 and 0.70, sum=1.01 >= 0.97
[Ticker] KXETH15M-26APR030630-30
[Market] YES=0.43 | NO=0.60 | Sum=1.03
==================================================
Balance: $156.72 | Regime: CHOP | Session: 0W/0L (0%) | PnL: $+0.00
[Cycle] No signal — YES=0.43 is between 0.30 and 0.70, sum=1.03 >= 0.97
[Ticker] KXETH15M-26APR030630-30
[Market] YES=0.52 | NO=0.52 | Sum=1.04
==================================================
Balance: $156.72 | Regime: CHOP | Session: 0W/0L (0%) | PnL: $+0.00
[Cycle] No signal — YES=0.52 is between 0.30 and 0.70, sum=1.04 >= 0.97
[Ticker] KXETH15M-26APR030630-30
[Market] YES=0.65 | NO=0.38 | Sum=1.03
==================================================
Balance: $156.72 | Regime: CHOP | Session: 0W/0L (0%) | PnL: $+0.00
[Cycle] No signal — YES=0.65 is between 0.30 and 0.70, sum=1.03 >= 0.97
[Ticker] KXETH15M-26APR030630-30
[Market] YES=0.52 | NO=0.51 | Sum=1.03
==================================================
Balance: $156.72 | Regime: CHOP | Session: 0W/0L (0%) | PnL: $+0.00
[Cycle] No signal — YES=0.52 is between 0.30 and 0.70, sum=1.03 >= 0.97
[Ticker] KXETH15M-26APR030630-30
[Market] YES=0.53 | NO=0.48 | Sum=1.01
==================================================
Balance: $156.72 | Regime: CHOP | Session: 0W/0L (0%) | PnL: $+0.00
[Cycle] No signal — YES=0.53 is between 0.30 and 0.70, sum=1.01 >= 0.97
[Ticker] KXETH15M-26APR030630-30
[Market] YES=0.56 | NO=0.47 | Sum=1.03
==================================================
Balance: $156.72 | Regime: CHOP | Session: 0W/0L (0%) | PnL: $+0.00
[Cycle] No signal — YES=0.56 is between 0.30 and 0.70, sum=1.03 >= 0.97
[Ticker] KXETH15M-26APR030630-30
[Market] YES=0.34 | NO=0.68 | Sum=1.02
==================================================
Balance: $156.72 | Regime: CHOP | Session: 0W/0L (0%) | PnL: $+0.00
[Cycle] No signal — YES=0.34 is between 0.30 and 0.70, sum=1.02 >= 0.97
[Ticker] KXETH15M-26APR030630-30
[Market] YES=0.27 | NO=0.75 | Sum=1.02
==================================================
Balance: $156.72 | Regime: CHOP | Session: 0W/0L (0%) | PnL: $+0.00
[Confidence] Score=5/10 | moderate_edge,coinbase_weak,all3_agree,peak_hour
[Timing] Window 8 min old — skipping
[Cycle] No signal — YES=0.27 is between 0.30 and 0.70, sum=1.02 >= 0.97
[Ticker] KXETH15M-26APR030630-30
[Market] YES=0.26 | NO=0.79 | Sum=1.05
==================================================
Balance: $156.72 | Regime: CHOP | Session: 0W/0L (0%) | PnL: $+0.00
[Confidence] Score=4/10 | moderate_edge,coinbase_weak,2of3_agree,peak_hour
[Timing] Window 9 min old — skipping
[Cycle] No signal — YES=0.26 is between 0.30 and 0.70, sum=1.05 >= 0.97
[Ticker] KXETH15M-26APR030630-30
[Market] YES=0.21 | NO=0.83 | Sum=1.04
==================================================
Balance: $156.72 | Regime: CHOP | Session: 0W/0L (0%) | PnL: $+0.00
[Confidence] Score=3/10 | moderate_edge,coinbase_weak,peak_hour
[Timing] Window 10 min old — skipping
[Cycle] No signal — YES=0.21 is between 0.30 and 0.70, sum=1.04 >= 0.97
[Ticker] KXETH15M-26APR030630-30
[Market] YES=0.34 | NO=0.73 | Sum=1.07
==================================================
Balance: $156.72 | Regime: CHOP | Session: 0W/0L (0%) | PnL: $+0.00
[Cycle] No signal — YES=0.34 is between 0.30 and 0.70, sum=1.07 >= 0.97
[Ticker] KXETH15M-26APR030630-30
[Market] YES=0.05 | NO=0.96 | Sum=1.01
==================================================
Balance: $156.72 | Regime: CHOP | Session: 0W/0L (0%) | PnL: $+0.00
[Confidence] Score=7/10 | extreme_edge,coinbase_weak,all3_agree,peak_hour
[Timing] Window 12 min old — skipping
[Cycle] No signal — YES=0.05 is between 0.30 and 0.70, sum=1.01 >= 0.97
[Ticker] KXETH15M-26APR030630-30
[Market] YES=0.00 | NO=1.00 | Sum=1.00
==================================================
Balance: $156.72 | Regime: CHOP | Session: 0W/0L (0%) | PnL: $+0.00
[Confidence] Score=7/10 | extreme_edge,coinbase_weak,all3_agree,peak_hour
[Timing] Window 13 min old — skipping
[Cycle] No signal — YES=0.00 is between 0.30 and 0.70, sum=1.00 >= 0.97
[Ticker] KXETH15M-26APR030630-30
[Market] YES=0.00 | NO=1.00 | Sum=1.00
==================================================
Balance: $156.72 | Regime: CHOP | Session: 0W/0L (0%) | PnL: $+0.00
[Confidence] Score=7/10 | extreme_edge,coinbase_weak,all3_agree,peak_hour
[Timing] Window 14 min old — skipping
[Cycle] No signal — YES=0.00 is between 0.30 and 0.70, sum=1.00 >= 0.97
[Ticker] KXETH15M-26APR030630-30
[Market] YES=1.00 | NO=1.00 | Sum=2.00
==================================================
Balance: $156.72 | Regime: CHOP | Session: 0W/0L (0%) | PnL: $+0.00
[Confidence] Score=4/10 | extreme_edge,peak_hour
[Timing] Window 0 min old — skipping
[Cycle] No signal — YES=1.00 is between 0.30 and 0.70, sum=2.00 >= 0.97
[Ticker] KXETH15M-26APR030645-45
[Market] YES=0.21 | NO=0.80 | Sum=1.01
==================================================
Balance: $156.72 | Regime: CHOP | Session: 0W/0L (0%) | PnL: $+0.00
[Confidence] Score=5/10 | moderate_edge,coinbase_weak,all3_agree,peak_hour
[Signal] DOWN candidate | yes=0.21 | waiting (1/2)
[Cycle] No signal — YES=0.21 is between 0.30 and 0.70, sum=1.01 >= 0.97
[Ticker] KXETH15M-26APR030645-45
[Market] YES=0.29 | NO=0.72 | Sum=1.01
==================================================
Balance: $156.72 | Regime: CHOP | Session: 0W/0L (0%) | PnL: $+0.00
[Confidence] Score=4/10 | moderate_edge,coinbase_weak,2of3_agree,peak_hour
[Coinbase] Confirms DOWN | $2054 gap=-2 (0.10%)
[Kraken] Divergence 3147.22% — bet trimmed
[Correlation] 2/3 agree DOWN
[Signal] CONFIRMED DOWN | yes=0.29 | edge=0.21 | bet=$2.96
[Safety] Balance $156.72 below floor $175.00
🛑 OpenClaw ETH Bot v4.0 halted: Balance $156.72 below floor $175.00

==================================================
OpenClaw ETH Bot v4.0 — LIVE
[Startup] Live balance synced: $156.72
Balance: $156.72 | MaxBet: $15.67 | Threshold: <0.30 or >0.70
==================================================

[Startup] Resting orders cleared
[Ticker] KXETH15M-26APR030645-45
[Market] YES=0.22 | NO=0.80 | Sum=1.02
==================================================
Balance: $156.72 | Regime: CHOP | Session: 0W/0L (0%) | PnL: $+0.00
[Confidence] Score=5/10 | moderate_edge,coinbase_weak,all3_agree,peak_hour
[Signal] DOWN candidate | yes=0.22 | waiting (1/2)
[Cycle] No signal — YES=0.22 is between 0.30 and 0.70, sum=1.02 >= 0.97
[Ticker] KXETH15M-26APR030645-45
[Market] YES=0.38 | NO=0.63 | Sum=1.01
==================================================
Balance: $156.72 | Regime: CHOP | Session: 0W/0L (0%) | PnL: $+0.00
[Cycle] No signal — YES=0.38 is between 0.30 and 0.70, sum=1.01 >= 0.97
[Ticker] KXETH15M-26APR030645-45
[Market] YES=0.28 | NO=0.73 | Sum=1.01
==================================================
Balance: $156.72 | Regime: CHOP | Session: 0W/0L (0%) | PnL: $+0.00
[Confidence] Score=5/10 | moderate_edge,coinbase_weak,all3_agree,peak_hour
[Signal] DOWN candidate | yes=0.28 | waiting (1/2)
[Cycle] No signal — YES=0.28 is between 0.30 and 0.70, sum=1.01 >= 0.97
[Ticker] KXETH15M-26APR030645-45
[Market] YES=0.27 | NO=0.77 | Sum=1.04
==================================================
Balance: $156.72 | Regime: CHOP | Session: 0W/0L (0%) | PnL: $+0.00
[Confidence] Score=5/10 | moderate_edge,coinbase_weak,all3_agree,peak_hour
[Timing] Window 5 min old — skipping
[Cycle] No signal — YES=0.27 is between 0.30 and 0.70, sum=1.04 >= 0.97
[Ticker] KXETH15M-26APR030645-45
[Market] YES=0.49 | NO=0.55 | Sum=1.04
==================================================
Balance: $156.72 | Regime: CHOP | Session: 0W/0L (0%) | PnL: $+0.00
[Cycle] No signal — YES=0.49 is between 0.30 and 0.70, sum=1.04 >= 0.97
[Ticker] KXETH15M-26APR030645-45
[Market] YES=0.39 | NO=0.64 | Sum=1.03
==================================================
Balance: $156.72 | Regime: CHOP | Session: 0W/0L (0%) | PnL: $+0.00
[Cycle] No signal — YES=0.39 is between 0.30 and 0.70, sum=1.03 >= 0.97
[Ticker] KXETH15M-26APR030645-45
[Market] YES=0.24 | NO=0.80 | Sum=1.04
==================================================
Balance: $156.72 | Regime: CHOP | Session: 0W/0L (0%) | PnL: $+0.00
[Confidence] Score=5/10 | moderate_edge,coinbase_weak,all3_agree,peak_hour
[Timing] Window 8 min old — skipping
[Cycle] No signal — YES=0.24 is between 0.30 and 0.70, sum=1.04 >= 0.97
[Ticker] KXETH15M-26APR030645-45
[Market] YES=0.23 | NO=0.80 | Sum=1.03
==================================================
Balance: $156.72 | Regime: CHOP | Session: 0W/0L (0%) | PnL: $+0.00
[Confidence] Score=5/10 | moderate_edge,coinbase_weak,all3_agree,peak_hour
[Timing] Window 9 min old — skipping
[Cycle] No signal — YES=0.23 is between 0.30 and 0.70, sum=1.03 >= 0.97
[Ticker] KXETH15M-26APR030645-45
[Market] YES=0.35 | NO=0.72 | Sum=1.07
==================================================
Balance: $156.72 | Regime: CHOP | Session: 0W/0L (0%) | PnL: $+0.00
[Cycle] No signal — YES=0.35 is between 0.30 and 0.70, sum=1.07 >= 0.97
[Ticker] KXETH15M-26APR030645-45
[Market] YES=0.38 | NO=0.64 | Sum=1.02
==================================================
Balance: $156.72 | Regime: CHOP | Session: 0W/0L (0%) | PnL: $+0.00
[Cycle] No signal — YES=0.38 is between 0.30 and 0.70, sum=1.02 >= 0.97
[Ticker] KXETH15M-26APR030645-45
[Market] YES=0.66 | NO=0.41 | Sum=1.07
==================================================
Balance: $156.72 | Regime: CHOP | Session: 0W/0L (0%) | PnL: $+0.00
[Cycle] No signal — YES=0.66 is between 0.30 and 0.70, sum=1.07 >= 0.97
[Ticker] KXETH15M-26APR030645-45
[Market] YES=0.77 | NO=0.29 | Sum=1.06
==================================================
Balance: $156.72 | Regime: CHOP | Session: 0W/0L (0%) | PnL: $+0.00
[Confidence] Score=3/10 | moderate_edge,coinbase_weak,peak_hour
[Timing] Window 13 min old — skipping
[Cycle] No signal — YES=0.77 is between 0.30 and 0.70, sum=1.06 >= 0.97
[Ticker] KXETH15M-26APR030645-45
[Market] YES=1.00 | NO=0.00 | Sum=1.00
==================================================
Balance: $156.72 | Regime: CHOP | Session: 0W/0L (0%) | PnL: $+0.00
[Confidence] Score=5/10 | extreme_edge,coinbase_weak,peak_hour
[Timing] Window 14 min old — skipping
[Cycle] No signal — YES=1.00 is between 0.30 and 0.70, sum=1.00 >= 0.97
[Ticker] KXETH15M-26APR030700-00
[Market] YES=0.56 | NO=0.46 | Sum=1.02
==================================================
Balance: $156.72 | Regime: CHOP | Session: 0W/0L (0%) | PnL: $+0.00
[Cycle] No signal — YES=0.56 is between 0.30 and 0.70, sum=1.02 >= 0.97
[Ticker] KXETH15M-26APR030700-00
[Market] YES=0.75 | NO=0.27 | Sum=1.02
==================================================
Balance: $156.72 | Regime: CHOP | Session: 0W/0L (0%) | PnL: $+0.00
[Confidence] Score=3/10 | moderate_edge,coinbase_weak,peak_hour
[Signal] UP candidate | yes=0.75 | waiting (1/2)
[Cycle] No signal — YES=0.75 is between 0.30 and 0.70, sum=1.02 >= 0.97
[Ticker] KXETH15M-26APR030700-00
[Market] YES=0.77 | NO=0.26 | Sum=1.03
==================================================
Balance: $156.72 | Regime: CHOP | Session: 0W/0L (0%) | PnL: $+0.00
[Confidence] Score=3/10 | moderate_edge,coinbase_weak,peak_hour
[Coinbase] Confirms UP | $2058 gap=+1 (0.06%)
[Kraken] Divergence 3146.28% — bet trimmed
[Correlation] 2/3 agree UP
[Signal] CONFIRMED UP | yes=0.77 | edge=0.27 | bet=$3.81
[Safety] Balance $156.72 below floor $175.00
🛑 OpenClaw ETH Bot v4.0 halted: Balance $156.72 below floor $175.00

==================================================
OpenClaw ETH Bot v4.0 — LIVE
[Startup] Live balance synced: $156.72
Balance: $156.72 | MaxBet: $15.67 | Threshold: <0.30 or >0.70
==================================================

[Startup] Resting orders cleared
[Ticker] KXETH15M-26APR030700-00
[Market] YES=0.86 | NO=0.15 | Sum=1.01
==================================================
Balance: $156.72 | Regime: CHOP | Session: 0W/0L (0%) | PnL: $+0.00
[Confidence] Score=5/10 | strong_edge,coinbase_weak,2of3_agree,peak_hour
[Signal] UP candidate | yes=0.86 | waiting (1/2)
[Cycle] No signal — YES=0.86 is between 0.30 and 0.70, sum=1.01 >= 0.97
[Ticker] KXETH15M-26APR030700-00
[Market] YES=0.85 | NO=0.18 | Sum=1.03
==================================================
Balance: $156.72 | Regime: CHOP | Session: 0W/0L (0%) | PnL: $+0.00
[Confidence] Score=4/10 | strong_edge,coinbase_weak,peak_hour
[Coinbase] Confirms UP | $2059 gap=+2 (0.09%)
[Kraken] Divergence 3147.20% — bet trimmed
[Correlation] 2/3 agree UP
[Signal] CONFIRMED UP | yes=0.85 | edge=0.35 | bet=$4.93
[Safety] Balance $156.72 below floor $175.00
🛑 OpenClaw ETH Bot v4.0 halted: Balance $156.72 below floor $175.00

==================================================
OpenClaw ETH Bot v4.0 — LIVE
[Startup] Live balance synced: $156.72
Balance: $156.72 | MaxBet: $15.67 | Threshold: <0.30 or >0.70
==================================================

[Startup] Resting orders cleared
[Ticker] KXETH15M-26APR030715-15
[Market] YES=0.36 | NO=0.67 | Sum=1.03
==================================================
Balance: $156.72 | Regime: CHOP | Session: 0W/0L (0%) | PnL: $+0.00
[Cycle] No signal — YES=0.36 is between 0.30 and 0.70, sum=1.03 >= 0.97
[Ticker] KXETH15M-26APR030715-15
[Market] YES=0.50 | NO=0.53 | Sum=1.03
==================================================
Balance: $156.72 | Regime: CHOP | Session: 0W/0L (0%) | PnL: $+0.00
[Cycle] No signal — YES=0.50 is between 0.30 and 0.70, sum=1.03 >= 0.97
[Ticker] KXETH15M-26APR030715-15
[Market] YES=0.56 | NO=0.48 | Sum=1.04
==================================================
Balance: $156.72 | Regime: CHOP | Session: 0W/0L (0%) | PnL: $+0.00
[Cycle] No signal — YES=0.56 is between 0.30 and 0.70, sum=1.04 >= 0.97
[Ticker] KXETH15M-26APR030715-15
[Market] YES=0.62 | NO=0.40 | Sum=1.02
==================================================
Balance: $156.72 | Regime: CHOP | Session: 0W/0L (0%) | PnL: $+0.00
[Cycle] No signal — YES=0.62 is between 0.30 and 0.70, sum=1.02 >= 0.97
[Ticker] KXETH15M-26APR030715-15
[Market] YES=0.39 | NO=0.66 | Sum=1.05
==================================================
Balance: $156.72 | Regime: CHOP | Session: 0W/0L (0%) | PnL: $+0.00
[Cycle] No signal — YES=0.39 is between 0.30 and 0.70, sum=1.05 >= 0.97

==================================================
OpenClaw ETH Bot v4.0 — LIVE
[Startup] Live balance synced: $156.72
Balance: $156.72 | MaxBet: $15.67 | Threshold: <0.30 or >0.70
==================================================

[Startup] Resting orders cleared
[Ticker] KXETH15M-26APR030715-15
[Market] YES=0.37 | NO=0.65 | Sum=1.02
==================================================
Balance: $156.72 | Regime: CHOP | Session: 0W/0L (0%) | PnL: $+0.00
[Cycle] No signal — YES=0.37 is between 0.30 and 0.70, sum=1.02 >= 0.97
[Ticker] KXETH15M-26APR030715-15
[Market] YES=0.39 | NO=0.65 | Sum=1.04
==================================================
Balance: $156.72 | Regime: CHOP | Session: 0W/0L (0%) | PnL: $+0.00
[Cycle] No signal — YES=0.39 is between 0.30 and 0.70, sum=1.04 >= 0.97
[Ticker] KXETH15M-26APR030715-15
[Market] YES=0.32 | NO=0.72 | Sum=1.04
==================================================
Balance: $156.72 | Regime: CHOP | Session: 0W/0L (0%) | PnL: $+0.00
[Cycle] No signal — YES=0.32 is between 0.30 and 0.70, sum=1.04 >= 0.97
[Ticker] KXETH15M-26APR030715-15
[Market] YES=0.15 | NO=0.87 | Sum=1.02
==================================================
Balance: $156.72 | Regime: CHOP | Session: 0W/0L (0%) | PnL: $+0.00
[Confidence] Score=6/10 | strong_edge,coinbase_weak,all3_agree,peak_hour
[Timing] Window 9 min old — skipping
[Cycle] No signal — YES=0.15 is between 0.30 and 0.70, sum=1.02 >= 0.97
[Ticker] KXETH15M-26APR030715-15
[Market] YES=0.37 | NO=0.68 | Sum=1.05
==================================================
Balance: $156.72 | Regime: CHOP | Session: 0W/0L (0%) | PnL: $+0.00
[Cycle] No signal — YES=0.37 is between 0.30 and 0.70, sum=1.05 >= 0.97
[Ticker] KXETH15M-26APR030715-15
[Market] YES=0.28 | NO=0.77 | Sum=1.05
==================================================
Balance: $156.72 | Regime: CHOP | Session: 0W/0L (0%) | PnL: $+0.00
[Confidence] Score=5/10 | moderate_edge,coinbase_weak,all3_agree,peak_hour
[Timing] Window 11 min old — skipping
[Cycle] No signal — YES=0.28 is between 0.30 and 0.70, sum=1.05 >= 0.97
[Ticker] KXETH15M-26APR030715-15
[Market] YES=0.15 | NO=0.89 | Sum=1.04
==================================================
Balance: $156.72 | Regime: CHOP | Session: 0W/0L (0%) | PnL: $+0.00
[Confidence] Score=6/10 | strong_edge,coinbase_weak,all3_agree,peak_hour
[Timing] Window 12 min old — skipping
[Cycle] No signal — YES=0.15 is between 0.30 and 0.70, sum=1.04 >= 0.97
[Ticker] KXETH15M-26APR030715-15
[Market] YES=0.21 | NO=0.85 | Sum=1.06
==================================================
Balance: $156.72 | Regime: CHOP | Session: 0W/0L (0%) | PnL: $+0.00
[Confidence] Score=5/10 | moderate_edge,coinbase_weak,all3_agree,peak_hour
[Timing] Window 13 min old — skipping
[Cycle] No signal — YES=0.21 is between 0.30 and 0.70, sum=1.06 >= 0.97
[Ticker] KXETH15M-26APR030715-15
[Market] YES=0.01 | NO=1.00 | Sum=1.00
==================================================
Balance: $156.72 | Regime: CHOP | Session: 0W/0L (0%) | PnL: $+0.00
[Confidence] Score=7/10 | extreme_edge,coinbase_weak,all3_agree,peak_hour
[Timing] Window 14 min old — skipping
[Cycle] No signal — YES=0.01 is between 0.30 and 0.70, sum=1.00 >= 0.97
[Ticker] KXETH15M-26APR030715-15
[Market] YES=1.00 | NO=1.00 | Sum=2.00
==================================================
Balance: $156.72 | Regime: CHOP | Session: 0W/0L (0%) | PnL: $+0.00
[Confidence] Score=4/10 | extreme_edge,peak_hour
[Timing] Window 0 min old — skipping
[Cycle] No signal — YES=1.00 is between 0.30 and 0.70, sum=2.00 >= 0.97
[Ticker] KXETH15M-26APR030730-30
[Market] YES=0.52 | NO=0.49 | Sum=1.01
==================================================
Balance: $156.72 | Regime: CHOP | Session: 0W/0L (0%) | PnL: $+0.00
[Cycle] No signal — YES=0.52 is between 0.30 and 0.70, sum=1.01 >= 0.97
[Ticker] KXETH15M-26APR030730-30
[Market] YES=0.49 | NO=0.52 | Sum=1.01
==================================================
Balance: $156.72 | Regime: CHOP | Session: 0W/0L (0%) | PnL: $+0.00
[Cycle] No signal — YES=0.49 is between 0.30 and 0.70, sum=1.01 >= 0.97
[Ticker] KXETH15M-26APR030730-30
[Market] YES=0.36 | NO=0.65 | Sum=1.01
==================================================
Balance: $156.72 | Regime: CHOP | Session: 0W/0L (0%) | PnL: $+0.00
[Cycle] No signal — YES=0.36 is between 0.30 and 0.70, sum=1.01 >= 0.97
[Ticker] KXETH15M-26APR030730-30
[Market] YES=0.35 | NO=0.66 | Sum=1.01
==================================================
Balance: $156.72 | Regime: CHOP | Session: 0W/0L (0%) | PnL: $+0.00
[Cycle] No signal — YES=0.35 is between 0.30 and 0.70, sum=1.01 >= 0.97
[Ticker] KXETH15M-26APR030730-30
[Market] YES=0.64 | NO=0.42 | Sum=1.06
==================================================
Balance: $156.72 | Regime: CHOP | Session: 0W/0L (0%) | PnL: $+0.00
[Cycle] No signal — YES=0.64 is between 0.30 and 0.70, sum=1.06 >= 0.97
[Ticker] KXETH15M-26APR030730-30
[Market] YES=0.71 | NO=0.30 | Sum=1.01
==================================================
Balance: $156.72 | Regime: CHOP | Session: 0W/0L (0%) | PnL: $+0.00
[Confidence] Score=3/10 | moderate_edge,coinbase_weak,peak_hour
[Timing] Window 6 min old — skipping
[Cycle] No signal — YES=0.71 is between 0.30 and 0.70, sum=1.01 >= 0.97
[Ticker] KXETH15M-26APR030730-30
[Market] YES=0.76 | NO=0.25 | Sum=1.01
==================================================
Balance: $156.72 | Regime: CHOP | Session: 0W/0L (0%) | PnL: $+0.00
[Confidence] Score=3/10 | moderate_edge,coinbase_weak,peak_hour
[Timing] Window 7 min old — skipping
[Cycle] No signal — YES=0.76 is between 0.30 and 0.70, sum=1.01 >= 0.97
[Ticker] KXETH15M-26APR030730-30
[Market] YES=0.91 | NO=0.11 | Sum=1.02
==================================================
Balance: $156.72 | Regime: CHOP | Session: 0W/0L (0%) | PnL: $+0.00
[Confidence] Score=4/10 | strong_edge,coinbase_weak,peak_hour
[Timing] Window 8 min old — skipping
[Cycle] No signal — YES=0.91 is between 0.30 and 0.70, sum=1.02 >= 0.97
[Ticker] KXETH15M-26APR030730-30
[Market] YES=0.90 | NO=0.14 | Sum=1.04
==================================================
Balance: $156.72 | Regime: CHOP | Session: 0W/0L (0%) | PnL: $+0.00
[Confidence] Score=4/10 | strong_edge,coinbase_weak,peak_hour
[Timing] Window 9 min old — skipping
[Cycle] No signal — YES=0.90 is between 0.30 and 0.70, sum=1.04 >= 0.97
[Ticker] KXETH15M-26APR030730-30
[Market] YES=0.90 | NO=0.11 | Sum=1.01
==================================================
Balance: $156.72 | Regime: CHOP | Session: 0W/0L (0%) | PnL: $+0.00
[Confidence] Score=4/10 | strong_edge,coinbase_weak,peak_hour
[Timing] Window 10 min old — skipping
[Cycle] No signal — YES=0.90 is between 0.30 and 0.70, sum=1.01 >= 0.97
[Ticker] KXETH15M-26APR030730-30
[Market] YES=0.96 | NO=0.05 | Sum=1.01
==================================================
Balance: $156.72 | Regime: CHOP | Session: 0W/0L (0%) | PnL: $+0.00
[Confidence] Score=5/10 | extreme_edge,coinbase_weak,peak_hour
[Timing] Window 11 min old — skipping
[Cycle] No signal — YES=0.96 is between 0.30 and 0.70, sum=1.01 >= 0.97
[Ticker] KXETH15M-26APR030730-30
[Market] YES=0.97 | NO=0.06 | Sum=1.03
==================================================
Balance: $156.72 | Regime: CHOP | Session: 0W/0L (0%) | PnL: $+0.00
[Confidence] Score=5/10 | extreme_edge,coinbase_weak,peak_hour
[Timing] Window 12 min old — skipping
[Cycle] No signal — YES=0.97 is between 0.30 and 0.70, sum=1.03 >= 0.97
[Ticker] KXETH15M-26APR030730-30
[Market] YES=1.00 | NO=0.01 | Sum=1.00
==================================================
Balance: $156.72 | Regime: CHOP | Session: 0W/0L (0%) | PnL: $+0.00
[Confidence] Score=5/10 | extreme_edge,coinbase_weak,peak_hour
[Timing] Window 13 min old — skipping
[Cycle] No signal — YES=1.00 is between 0.30 and 0.70, sum=1.00 >= 0.97
[Ticker] KXETH15M-26APR030730-30
[Market] YES=1.00 | NO=0.00 | Sum=1.00
==================================================
Balance: $156.72 | Regime: CHOP | Session: 0W/0L (0%) | PnL: $+0.00
[Confidence] Score=5/10 | extreme_edge,coinbase_weak,peak_hour
[Timing] Window 14 min old — skipping
[Cycle] No signal — YES=1.00 is between 0.30 and 0.70, sum=1.00 >= 0.97
[Ticker] KXETH15M-26APR030730-30
[Market] YES=1.00 | NO=1.00 | Sum=2.00
==================================================
Balance: $156.72 | Regime: CHOP | Session: 0W/0L (0%) | PnL: $+0.00
[Confidence] Score=5/10 | extreme_edge,coinbase_weak,peak_hour
[Timing] Window 0 min old — skipping
[Cycle] No signal — YES=1.00 is between 0.30 and 0.70, sum=2.00 >= 0.97
[Ticker] KXETH15M-26APR030745-45
[Market] YES=0.33 | NO=0.68 | Sum=1.01
==================================================
Balance: $156.72 | Regime: CHOP | Session: 0W/0L (0%) | PnL: $+0.00
[Cycle] No signal — YES=0.33 is between 0.30 and 0.70, sum=1.01 >= 0.97
[Ticker] KXETH15M-26APR030745-45
[Market] YES=0.43 | NO=0.59 | Sum=1.02
==================================================
Balance: $156.72 | Regime: CHOP | Session: 0W/0L (0%) | PnL: $+0.00
[Cycle] No signal — YES=0.43 is between 0.30 and 0.70, sum=1.02 >= 0.97
[Ticker] KXETH15M-26APR030745-45
[Market] YES=0.65 | NO=0.39 | Sum=1.04
==================================================
Balance: $156.72 | Regime: CHOP | Session: 0W/0L (0%) | PnL: $+0.00
[Cycle] No signal — YES=0.65 is between 0.30 and 0.70, sum=1.04 >= 0.97
[Ticker] KXETH15M-26APR030745-45
[Market] YES=0.61 | NO=0.45 | Sum=1.06
==================================================
Balance: $156.72 | Regime: CHOP | Session: 0W/0L (0%) | PnL: $+0.00
[Cycle] No signal — YES=0.61 is between 0.30 and 0.70, sum=1.06 >= 0.97
[Ticker] KXETH15M-26APR030745-45
[Market] YES=0.73 | NO=0.33 | Sum=1.06
==================================================
Balance: $156.72 | Regime: CHOP | Session: 0W/0L (0%) | PnL: $+0.00
[Confidence] Score=3/10 | moderate_edge,coinbase_weak,peak_hour
[Timing] Window 5 min old — skipping
[Cycle] No signal — YES=0.73 is between 0.30 and 0.70, sum=1.06 >= 0.97
[Ticker] KXETH15M-26APR030745-45
[Market] YES=0.77 | NO=0.26 | Sum=1.03
==================================================
Balance: $156.72 | Regime: CHOP | Session: 0W/0L (0%) | PnL: $+0.00
[Confidence] Score=3/10 | moderate_edge,coinbase_weak,peak_hour
[Timing] Window 6 min old — skipping
[Cycle] No signal — YES=0.77 is between 0.30 and 0.70, sum=1.03 >= 0.97
[Ticker] KXETH15M-26APR030745-45
[Market] YES=0.87 | NO=0.15 | Sum=1.02
==================================================
Balance: $156.72 | Regime: CHOP | Session: 0W/0L (0%) | PnL: $+0.00
[Confidence] Score=4/10 | strong_edge,coinbase_weak,peak_hour
[Timing] Window 7 min old — skipping
[Cycle] No signal — YES=0.87 is between 0.30 and 0.70, sum=1.02 >= 0.97
[Ticker] KXETH15M-26APR030745-45
[Market] YES=0.90 | NO=0.12 | Sum=1.02
==================================================
Balance: $156.72 | Regime: CHOP | Session: 0W/0L (0%) | PnL: $+0.00
[Confidence] Score=4/10 | strong_edge,coinbase_weak,peak_hour
[Timing] Window 8 min old — skipping
[Cycle] No signal — YES=0.90 is between 0.30 and 0.70, sum=1.02 >= 0.97
[Ticker] KXETH15M-26APR030745-45
[Market] YES=0.89 | NO=0.14 | Sum=1.03
==================================================
Balance: $156.72 | Regime: CHOP | Session: 0W/0L (0%) | PnL: $+0.00
[Confidence] Score=4/10 | strong_edge,coinbase_weak,peak_hour
[Timing] Window 9 min old — skipping
[Cycle] No signal — YES=0.89 is between 0.30 and 0.70, sum=1.03 >= 0.97
[Ticker] KXETH15M-26APR030745-45
[Market] YES=0.95 | NO=0.06 | Sum=1.01
==================================================
Balance: $156.72 | Regime: CHOP | Session: 0W/0L (0%) | PnL: $+0.00
[Confidence] Score=5/10 | extreme_edge,coinbase_weak,peak_hour
[Timing] Window 10 min old — skipping
[Cycle] No signal — YES=0.95 is between 0.30 and 0.70, sum=1.01 >= 0.97
[Ticker] KXETH15M-26APR030745-45
[Market] YES=0.97 | NO=0.04 | Sum=1.00
==================================================
Balance: $156.72 | Regime: CHOP | Session: 0W/0L (0%) | PnL: $+0.00
[Confidence] Score=5/10 | extreme_edge,coinbase_weak,peak_hour
[Timing] Window 11 min old — skipping
[Cycle] No signal — YES=0.97 is between 0.30 and 0.70, sum=1.00 >= 0.97
[Ticker] KXETH15M-26APR030745-45
[Market] YES=1.00 | NO=0.01 | Sum=1.01
==================================================
Balance: $156.72 | Regime: CHOP | Session: 0W/0L (0%) | PnL: $+0.00
[Confidence] Score=5/10 | extreme_edge,coinbase_weak,peak_hour
[Timing] Window 12 min old — skipping
[Cycle] No signal — YES=1.00 is between 0.30 and 0.70, sum=1.01 >= 0.97
[Ticker] KXETH15M-26APR030745-45
[Market] YES=1.00 | NO=0.00 | Sum=1.00
==================================================
Balance: $156.72 | Regime: CHOP | Session: 0W/0L (0%) | PnL: $+0.00
[Confidence] Score=5/10 | extreme_edge,coinbase_weak,peak_hour
[Timing] Window 13 min old — skipping
[Cycle] No signal — YES=1.00 is between 0.30 and 0.70, sum=1.00 >= 0.97
[Ticker] KXETH15M-26APR030745-45
[Market] YES=1.00 | NO=0.00 | Sum=1.00
==================================================
Balance: $156.72 | Regime: CHOP | Session: 0W/0L (0%) | PnL: $+0.00
[Confidence] Score=5/10 | extreme_edge,coinbase_weak,peak_hour
[Timing] Window 14 min old — skipping
[Cycle] No signal — YES=1.00 is between 0.30 and 0.70, sum=1.00 >= 0.97
[Ticker] KXETH15M-26APR030745-45
[Market] YES=1.00 | NO=1.00 | Sum=2.00
==================================================
Balance: $156.73 | Regime: CHOP | Session: 0W/0L (0%) | PnL: $+0.00
[Confidence] Score=5/10 | extreme_edge,coinbase_weak,peak_hour
[Timing] Window 0 min old — skipping
[Cycle] No signal — YES=1.00 is between 0.30 and 0.70, sum=2.00 >= 0.97
[Ticker] KXETH15M-26APR030800-00
[Market] YES=0.45 | NO=0.59 | Sum=1.04
==================================================
Balance: $156.73 | Regime: CHOP | Session: 0W/0L (0%) | PnL: $+0.00
[Cycle] No signal — YES=0.45 is between 0.30 and 0.70, sum=1.04 >= 0.97
[Ticker] KXETH15M-26APR030800-00
[Market] YES=0.51 | NO=0.51 | Sum=1.02
==================================================
Balance: $156.73 | Regime: CHOP | Session: 0W/0L (0%) | PnL: $+0.00
[Cycle] No signal — YES=0.51 is between 0.30 and 0.70, sum=1.02 >= 0.97
[Ticker] KXETH15M-26APR030800-00
[Market] YES=0.44 | NO=0.58 | Sum=1.02
==================================================
Balance: $156.73 | Regime: CHOP | Session: 0W/0L (0%) | PnL: $+0.00
[Cycle] No signal — YES=0.44 is between 0.30 and 0.70, sum=1.02 >= 0.97
[Ticker] KXETH15M-26APR030800-00
[Market] YES=0.45 | NO=0.56 | Sum=1.01
==================================================
Balance: $156.73 | Regime: CHOP | Session: 0W/0L (0%) | PnL: $+0.00
[Cycle] No signal — YES=0.45 is between 0.30 and 0.70, sum=1.01 >= 0.97
[Ticker] KXETH15M-26APR030800-00
[Market] YES=0.21 | NO=0.81 | Sum=1.02
==================================================
Balance: $156.73 | Regime: CHOP | Session: 0W/0L (0%) | PnL: $+0.00
[Confidence] Score=4/10 | moderate_edge,coinbase_weak,2of3_agree,peak_hour
[Timing] Window 5 min old — skipping
[Cycle] No signal — YES=0.21 is between 0.30 and 0.70, sum=1.02 >= 0.97
[Ticker] KXETH15M-26APR030800-00
[Market] YES=0.19 | NO=0.83 | Sum=1.02
==================================================
Balance: $156.73 | Regime: CHOP | Session: 0W/0L (0%) | PnL: $+0.00
[Confidence] Score=6/10 | strong_edge,coinbase_weak,all3_agree,peak_hour
[Timing] Window 6 min old — skipping
[Cycle] No signal — YES=0.19 is between 0.30 and 0.70, sum=1.02 >= 0.97
[Ticker] KXETH15M-26APR030800-00
[Market] YES=0.42 | NO=0.60 | Sum=1.02
==================================================
Balance: $156.74 | Regime: CHOP | Session: 0W/0L (0%) | PnL: $+0.00
[Cycle] No signal — YES=0.42 is between 0.30 and 0.70, sum=1.02 >= 0.97
[Ticker] KXETH15M-26APR030800-00
[Market] YES=0.40 | NO=0.62 | Sum=1.02
==================================================
Balance: $156.78 | Regime: CHOP | Session: 0W/0L (0%) | PnL: $+0.00
[Cycle] No signal — YES=0.40 is between 0.30 and 0.70, sum=1.02 >= 0.97
[Ticker] KXETH15M-26APR030800-00
[Market] YES=0.51 | NO=0.52 | Sum=1.03
==================================================
Balance: $156.78 | Regime: CHOP | Session: 0W/0L (0%) | PnL: $+0.00
[Cycle] No signal — YES=0.51 is between 0.30 and 0.70, sum=1.03 >= 0.97
[Ticker] KXETH15M-26APR030800-00
[Market] YES=0.28 | NO=0.76 | Sum=1.04
==================================================
Balance: $156.78 | Regime: CHOP | Session: 0W/0L (0%) | PnL: $+0.00
[Confidence] Score=5/10 | moderate_edge,coinbase_weak,all3_agree,peak_hour
[Timing] Window 10 min old — skipping
[Cycle] No signal — YES=0.28 is between 0.30 and 0.70, sum=1.04 >= 0.97
[Ticker] KXETH15M-26APR030800-00
[Market] YES=0.44 | NO=0.58 | Sum=1.02
==================================================
Balance: $156.78 | Regime: CHOP | Session: 0W/0L (0%) | PnL: $+0.00
[Cycle] No signal — YES=0.44 is between 0.30 and 0.70, sum=1.02 >= 0.97
[Ticker] KXETH15M-26APR030800-00
[Market] YES=0.21 | NO=0.87 | Sum=1.08
==================================================
Balance: $156.78 | Regime: CHOP | Session: 0W/0L (0%) | PnL: $+0.00
[Confidence] Score=5/10 | moderate_edge,coinbase_weak,all3_agree,peak_hour
[Timing] Window 12 min old — skipping
[Cycle] No signal — YES=0.21 is between 0.30 and 0.70, sum=1.08 >= 0.97
[Ticker] KXETH15M-26APR030800-00
[Market] YES=0.11 | NO=0.93 | Sum=1.04
==================================================
Balance: $156.78 | Regime: CHOP | Session: 0W/0L (0%) | PnL: $+0.00
[Confidence] Score=6/10 | strong_edge,coinbase_weak,all3_agree,peak_hour
[Timing] Window 13 min old — skipping
[Cycle] No signal — YES=0.11 is between 0.30 and 0.70, sum=1.04 >= 0.97
[Ticker] KXETH15M-26APR030800-00
[Market] YES=0.00 | NO=1.00 | Sum=1.00
==================================================
Balance: $156.78 | Regime: CHOP | Session: 0W/0L (0%) | PnL: $+0.00
[Confidence] Score=7/10 | extreme_edge,coinbase_weak,all3_agree,peak_hour
[Timing] Window 14 min old — skipping
[Cycle] No signal — YES=0.00 is between 0.30 and 0.70, sum=1.00 >= 0.97
[Ticker] KXETH15M-26APR030815-15
[Market] YES=0.51 | NO=0.53 | Sum=1.04
==================================================
Balance: $156.78 | Regime: CHOP | Session: 0W/0L (0%) | PnL: $+0.00
[Cycle] No signal — YES=0.51 is between 0.30 and 0.70, sum=1.04 >= 0.97
[Ticker] KXETH15M-26APR030815-15
[Market] YES=0.52 | NO=0.49 | Sum=1.01
==================================================
Balance: $156.78 | Regime: CHOP | Session: 0W/0L (0%) | PnL: $+0.00
[Cycle] No signal — YES=0.52 is between 0.30 and 0.70, sum=1.01 >= 0.97
[Ticker] KXETH15M-26APR030815-15
[Market] YES=0.71 | NO=0.31 | Sum=1.02
==================================================
Balance: $156.78 | Regime: CHOP | Session: 0W/0L (0%) | PnL: $+0.00
[Confidence] Score=2/10 | moderate_edge,coinbase_weak
[Signal] UP candidate | yes=0.71 | waiting (1/2)
[Cycle] No signal — YES=0.71 is between 0.30 and 0.70, sum=1.02 >= 0.97
[Ticker] KXETH15M-26APR030815-15
[Market] YES=0.51 | NO=0.50 | Sum=1.01
==================================================
Balance: $156.78 | Regime: CHOP | Session: 0W/0L (0%) | PnL: $+0.00
[Cycle] No signal — YES=0.51 is between 0.30 and 0.70, sum=1.01 >= 0.97
[Ticker] KXETH15M-26APR030815-15
[Market] YES=0.50 | NO=0.53 | Sum=1.03
==================================================
Balance: $156.78 | Regime: CHOP | Session: 0W/0L (0%) | PnL: $+0.00
[Cycle] No signal — YES=0.50 is between 0.30 and 0.70, sum=1.03 >= 0.97
[Ticker] KXETH15M-26APR030815-15
[Market] YES=0.52 | NO=0.53 | Sum=1.05
==================================================
Balance: $156.78 | Regime: CHOP | Session: 0W/0L (0%) | PnL: $+0.00
[Cycle] No signal — YES=0.52 is between 0.30 and 0.70, sum=1.05 >= 0.97
[Ticker] KXETH15M-26APR030815-15
[Market] YES=0.64 | NO=0.40 | Sum=1.04
==================================================
Balance: $156.78 | Regime: CHOP | Session: 0W/0L (0%) | PnL: $+0.00
[Cycle] No signal — YES=0.64 is between 0.30 and 0.70, sum=1.04 >= 0.97
[Ticker] KXETH15M-26APR030815-15
[Market] YES=0.58 | NO=0.45 | Sum=1.03
==================================================
Balance: $156.78 | Regime: CHOP | Session: 0W/0L (0%) | PnL: $+0.00
[Cycle] No signal — YES=0.58 is between 0.30 and 0.70, sum=1.03 >= 0.97
[Ticker] KXETH15M-26APR030815-15
[Market] YES=0.26 | NO=0.77 | Sum=1.03
==================================================
Balance: $156.78 | Regime: CHOP | Session: 0W/0L (0%) | PnL: $+0.00
[Confidence] Score=4/10 | moderate_edge,coinbase_weak,all3_agree
[Timing] Window 8 min old — skipping
[Cycle] No signal — YES=0.26 is between 0.30 and 0.70, sum=1.03 >= 0.97
[Ticker] KXETH15M-26APR030815-15
[Market] YES=0.23 | NO=0.78 | Sum=1.01
==================================================
Balance: $156.78 | Regime: CHOP | Session: 0W/0L (0%) | PnL: $+0.00
[Confidence] Score=4/10 | moderate_edge,coinbase_weak,all3_agree
[Timing] Window 9 min old — skipping
[Cycle] No signal — YES=0.23 is between 0.30 and 0.70, sum=1.01 >= 0.97
[Ticker] KXETH15M-26APR030815-15
[Market] YES=0.06 | NO=0.95 | Sum=1.01
==================================================
Balance: $156.78 | Regime: CHOP | Session: 0W/0L (0%) | PnL: $+0.00
[Confidence] Score=5/10 | strong_edge,coinbase_weak,all3_agree
[Timing] Window 10 min old — skipping
[Cycle] No signal — YES=0.06 is between 0.30 and 0.70, sum=1.01 >= 0.97
[Ticker] KXETH15M-26APR030815-15
[Market] YES=0.04 | NO=0.98 | Sum=1.02
==================================================
Balance: $156.78 | Regime: CHOP | Session: 0W/0L (0%) | PnL: $+0.00
[Confidence] Score=6/10 | extreme_edge,coinbase_weak,all3_agree
[Timing] Window 11 min old — skipping
[Cycle] No signal — YES=0.04 is between 0.30 and 0.70, sum=1.02 >= 0.97
[Ticker] KXETH15M-26APR030815-15
[Market] YES=0.04 | NO=0.97 | Sum=1.01
==================================================
Balance: $156.78 | Regime: CHOP | Session: 0W/0L (0%) | PnL: $+0.00
[Confidence] Score=6/10 | extreme_edge,coinbase_weak,all3_agree
[Timing] Window 12 min old — skipping
[Cycle] No signal — YES=0.04 is between 0.30 and 0.70, sum=1.01 >= 0.97
[Ticker] KXETH15M-26APR030815-15
[Market] YES=0.01 | NO=1.00 | Sum=1.00
==================================================
Balance: $156.78 | Regime: CHOP | Session: 0W/0L (0%) | PnL: $+0.00
[Confidence] Score=6/10 | extreme_edge,coinbase_weak,all3_agree
[Timing] Window 13 min old — skipping
[Cycle] No signal — YES=0.01 is between 0.30 and 0.70, sum=1.00 >= 0.97
[Ticker] KXETH15M-26APR030815-15
[Market] YES=0.00 | NO=1.00 | Sum=1.00
==================================================
Balance: $156.78 | Regime: CHOP | Session: 0W/0L (0%) | PnL: $+0.00
[Confidence] Score=6/10 | extreme_edge,coinbase_weak,all3_agree
[Timing] Window 14 min old — skipping
[Cycle] No signal — YES=0.00 is between 0.30 and 0.70, sum=1.00 >= 0.97
[Ticker] KXETH15M-26APR030830-30
[Market] YES=0.64 | NO=0.39 | Sum=1.03
==================================================
Balance: $156.78 | Regime: CHOP | Session: 0W/0L (0%) | PnL: $+0.00
[Cycle] No signal — YES=0.64 is between 0.30 and 0.70, sum=1.03 >= 0.97
[Ticker] KXETH15M-26APR030830-30
[Market] YES=0.39 | NO=0.62 | Sum=1.01
==================================================
Balance: $156.78 | Regime: CHOP | Session: 0W/0L (0%) | PnL: $+0.00
[Cycle] No signal — YES=0.39 is between 0.30 and 0.70, sum=1.01 >= 0.97
[Ticker] KXETH15M-26APR030830-30
[Market] YES=0.32 | NO=0.71 | Sum=1.03
==================================================
Balance: $156.78 | Regime: CHOP | Session: 0W/0L (0%) | PnL: $+0.00
[Cycle] No signal — YES=0.32 is between 0.30 and 0.70, sum=1.03 >= 0.97
[Ticker] KXETH15M-26APR030830-30
[Market] YES=0.26 | NO=0.76 | Sum=1.02
==================================================
Balance: $156.78 | Regime: CHOP | Session: 0W/0L (0%) | PnL: $+0.00
[Confidence] Score=4/10 | moderate_edge,coinbase_weak,all3_agree
[Signal] DOWN candidate | yes=0.26 | waiting (1/2)
[Cycle] No signal — YES=0.26 is between 0.30 and 0.70, sum=1.02 >= 0.97
[Ticker] KXETH15M-26APR030830-30
[Market] YES=0.45 | NO=0.58 | Sum=1.03
==================================================
Balance: $156.78 | Regime: CHOP | Session: 0W/0L (0%) | PnL: $+0.00
[Cycle] No signal — YES=0.45 is between 0.30 and 0.70, sum=1.03 >= 0.97
[Ticker] KXETH15M-26APR030830-30
[Market] YES=0.53 | NO=0.48 | Sum=1.01
==================================================
Balance: $156.78 | Regime: CHOP | Session: 0W/0L (0%) | PnL: $+0.00
[Cycle] No signal — YES=0.53 is between 0.30 and 0.70, sum=1.01 >= 0.97
[Ticker] KXETH15M-26APR030830-30
[Market] YES=0.54 | NO=0.49 | Sum=1.03
==================================================
Balance: $156.78 | Regime: CHOP | Session: 0W/0L (0%) | PnL: $+0.00
[Cycle] No signal — YES=0.54 is between 0.30 and 0.70, sum=1.03 >= 0.97
[Ticker] KXETH15M-26APR030830-30
[Market] YES=0.72 | NO=0.30 | Sum=1.02
==================================================
Balance: $156.78 | Regime: CHOP | Session: 0W/0L (0%) | PnL: $+0.00
[Confidence] Score=2/10 | moderate_edge,coinbase_weak
[Timing] Window 7 min old — skipping
[Cycle] No signal — YES=0.72 is between 0.30 and 0.70, sum=1.02 >= 0.97
[Ticker] KXETH15M-26APR030830-30
[Market] YES=0.34 | NO=0.70 | Sum=1.04
==================================================
Balance: $156.78 | Regime: CHOP | Session: 0W/0L (0%) | PnL: $+0.00
[Cycle] No signal — YES=0.34 is between 0.30 and 0.70, sum=1.04 >= 0.97
[Ticker] KXETH15M-26APR030830-30
[Market] YES=0.25 | NO=0.76 | Sum=1.01
==================================================
Balance: $156.78 | Regime: CHOP | Session: 0W/0L (0%) | PnL: $+0.00
[Confidence] Score=4/10 | moderate_edge,coinbase_weak,all3_agree
[Timing] Window 9 min old — skipping
[Cycle] No signal — YES=0.25 is between 0.30 and 0.70, sum=1.01 >= 0.97
[Ticker] KXETH15M-26APR030830-30
[Market] YES=0.82 | NO=0.23 | Sum=1.05
==================================================
Balance: $156.78 | Regime: CHOP | Session: 0W/0L (0%) | PnL: $+0.00
[Confidence] Score=3/10 | strong_edge,coinbase_weak
[Timing] Window 10 min old — skipping
[Cycle] No signal — YES=0.82 is between 0.30 and 0.70, sum=1.05 >= 0.97
[Ticker] KXETH15M-26APR030830-30
[Market] YES=0.87 | NO=0.14 | Sum=1.01
==================================================
Balance: $156.78 | Regime: CHOP | Session: 0W/0L (0%) | PnL: $+0.00
[Confidence] Score=3/10 | strong_edge,coinbase_weak
[Timing] Window 11 min old — skipping
[Cycle] No signal — YES=0.87 is between 0.30 and 0.70, sum=1.01 >= 0.97
[Ticker] KXETH15M-26APR030830-30
[Market] YES=0.99 | NO=0.01 | Sum=1.00
==================================================
Balance: $156.78 | Regime: CHOP | Session: 0W/0L (0%) | PnL: $+0.00
[Confidence] Score=4/10 | extreme_edge,coinbase_weak
[Timing] Window 12 min old — skipping
[Cycle] No signal — YES=0.99 is between 0.30 and 0.70, sum=1.00 >= 0.97
[Ticker] KXETH15M-26APR030830-30
[Market] YES=1.00 | NO=0.00 | Sum=1.00
==================================================
Balance: $156.78 | Regime: CHOP | Session: 0W/0L (0%) | PnL: $+0.00
[Confidence] Score=4/10 | extreme_edge,coinbase_weak
[Timing] Window 13 min old — skipping
[Cycle] No signal — YES=1.00 is between 0.30 and 0.70, sum=1.00 >= 0.97
[Ticker] KXETH15M-26APR030830-30
[Market] YES=1.00 | NO=0.00 | Sum=1.00
==================================================
Balance: $156.78 | Regime: CHOP | Session: 0W/0L (0%) | PnL: $+0.00
[Confidence] Score=4/10 | extreme_edge,coinbase_weak
[Timing] Window 14 min old — skipping
[Cycle] No signal — YES=1.00 is between 0.30 and 0.70, sum=1.00 >= 0.97
[Ticker] KXETH15M-26APR030830-30
[Market] YES=1.00 | NO=1.00 | Sum=2.00
==================================================
Balance: $156.78 | Regime: CHOP | Session: 0W/0L (0%) | PnL: $+0.00
[Confidence] Score=4/10 | extreme_edge,coinbase_weak
[Timing] Window 0 min old — skipping
[Cycle] No signal — YES=1.00 is between 0.30 and 0.70, sum=2.00 >= 0.97
[Ticker] KXETH15M-26APR030845-45
[Market] YES=0.19 | NO=0.85 | Sum=1.04
==================================================
Balance: $156.14 | Regime: CHOP | Session: 0W/0L (0%) | PnL: $+0.00
[Confidence] Score=5/10 | strong_edge,coinbase_weak,all3_agree
[Signal] EXTREME DOWN | yes=0.19 | edge=0.31 | firing immediately
[Coinbase] Confirms DOWN | $2062 gap=-4 (0.19%)
[Correlation] All 3 agree — bet boosted
[Signal] CONFIRMED DOWN | yes=0.19 | edge=0.31 | bet=$2.40
[Order] KXETH15M-26APR030845-45 | no | count=4 | $2.40
[Order] status=executed remaining=-1 filled=True
✅ ETH DIRECTIONAL: DOWN $2.40 on KXETH15M-26APR030845-45
[Positions] 1 still open
[Ticker] KXETH15M-26APR030845-45
[Market] YES=0.19 | NO=0.85 | Sum=1.04
==================================================
Balance: $156.59 | Regime: CHOP | Session: 0W/0L (0%) | PnL: $+0.00
[Confidence] Score=5/10 | strong_edge,coinbase_weak,all3_agree
[Signal] DOWN candidate | yes=0.19 | waiting (1/2)
[Cycle] No signal — YES=0.19 is between 0.30 and 0.70, sum=1.04 >= 0.97
[Positions] 1 still open
[Ticker] KXETH15M-26APR030845-45
[Market] YES=0.21 | NO=0.84 | Sum=1.05
==================================================
Balance: $156.86 | Regime: CHOP | Session: 0W/0L (0%) | PnL: $+0.00
[Confidence] Score=4/10 | moderate_edge,coinbase_weak,all3_agree
[Coinbase] Confirms DOWN | $2061 gap=-5 (0.26%)
[Correlation] 2/3 agree DOWN
[Signal] CONFIRMED DOWN | yes=0.21 | edge=0.29 | bet=$2.00
[Order] Already have DOWN on KXETH15M-26APR030845-45 — skipping
[Cycle] No signal — YES=0.21 is between 0.30 and 0.70, sum=1.05 >= 0.97
[Positions] 1 still open
[Ticker] KXETH15M-26APR030845-45
[Market] YES=0.19 | NO=0.85 | Sum=1.04
==================================================
Balance: $157.13 | Regime: CHOP | Session: 0W/0L (0%) | PnL: $+0.00
[Confidence] Score=5/10 | strong_edge,coinbase_weak,all3_agree
[Coinbase] Confirms DOWN | $2059 gap=-7 (0.34%)
[Correlation] 2/3 agree DOWN
[Signal] CONFIRMED DOWN | yes=0.19 | edge=0.31 | bet=$2.60
[Order] Already have DOWN on KXETH15M-26APR030845-45 — skipping
[Cycle] No signal — YES=0.19 is between 0.30 and 0.70, sum=1.04 >= 0.97
[Positions] 1 still open
[Ticker] KXETH15M-26APR030845-45
[Market] YES=0.14 | NO=0.90 | Sum=1.04
==================================================
Balance: $156.89 | Regime: CHOP | Session: 0W/0L (0%) | PnL: $+0.00
[Confidence] Score=5/10 | strong_edge,coinbase_weak,all3_agree
[Timing] Window 5 min old — skipping
[Cycle] No signal — YES=0.14 is between 0.30 and 0.70, sum=1.04 >= 0.97
[Positions] 1 still open
[Ticker] KXETH15M-26APR030845-45
[Market] YES=0.07 | NO=0.94 | Sum=1.01
==================================================
Balance: $157.93 | Regime: CHOP | Session: 0W/0L (0%) | PnL: $+0.00
[Confidence] Score=5/10 | strong_edge,coinbase_weak,all3_agree
[Timing] Window 6 min old — skipping
[Cycle] No signal — YES=0.07 is between 0.30 and 0.70, sum=1.01 >= 0.97
[Positions] 1 still open
[Ticker] KXETH15M-26APR030845-45
[Market] YES=0.05 | NO=0.96 | Sum=1.01
==================================================
Balance: $158.51 | Regime: CHOP | Session: 0W/0L (0%) | PnL: $+0.00
[Confidence] Score=6/10 | extreme_edge,coinbase_weak,all3_agree
[Timing] Window 7 min old — skipping
[Cycle] No signal — YES=0.05 is between 0.30 and 0.70, sum=1.01 >= 0.97
[Positions] 1 still open
[Ticker] KXETH15M-26APR030845-45
[Market] YES=0.05 | NO=0.96 | Sum=1.01
==================================================
Balance: $158.47 | Regime: CHOP | Session: 0W/0L (0%) | PnL: $+0.00
[Confidence] Score=6/10 | extreme_edge,coinbase_weak,all3_agree
[Timing] Window 8 min old — skipping
[Cycle] No signal — YES=0.05 is between 0.30 and 0.70, sum=1.01 >= 0.97
[Positions] 1 still open
[Ticker] KXETH15M-26APR030845-45
[Market] YES=0.02 | NO=0.99 | Sum=1.01
==================================================
Balance: $158.65 | Regime: CHOP | Session: 0W/0L (0%) | PnL: $+0.00
[Confidence] Score=6/10 | extreme_edge,coinbase_weak,all3_agree
[Timing] Window 9 min old — skipping
[Cycle] No signal — YES=0.02 is between 0.30 and 0.70, sum=1.01 >= 0.97
[Positions] 1 still open
[Ticker] KXETH15M-26APR030845-45
[Market] YES=0.02 | NO=0.99 | Sum=1.00
==================================================
Balance: $158.79 | Regime: CHOP | Session: 0W/0L (0%) | PnL: $+0.00
[Confidence] Score=5/10 | extreme_edge,coinbase_weak,2of3_agree
[Timing] Window 10 min old — skipping
[Cycle] No signal — YES=0.02 is between 0.30 and 0.70, sum=1.00 >= 0.97
[Positions] 1 still open
[Ticker] KXETH15M-26APR030845-45
[Market] YES=0.00 | NO=1.00 | Sum=1.00
==================================================
Balance: $158.93 | Regime: CHOP | Session: 0W/0L (0%) | PnL: $+0.00
[Confidence] Score=6/10 | extreme_edge,coinbase_weak,all3_agree
[Timing] Window 11 min old — skipping
[Cycle] No signal — YES=0.00 is between 0.30 and 0.70, sum=1.00 >= 0.97
[Positions] 1 still open
[Ticker] KXETH15M-26APR030845-45
[Market] YES=0.00 | NO=1.00 | Sum=1.00
==================================================
Balance: $158.97 | Regime: CHOP | Session: 0W/0L (0%) | PnL: $+0.00
[Confidence] Score=6/10 | extreme_edge,coinbase_weak,all3_agree
[Timing] Window 12 min old — skipping
[Cycle] No signal — YES=0.00 is between 0.30 and 0.70, sum=1.00 >= 0.97
[Positions] 1 still open
[Ticker] KXETH15M-26APR030845-45
[Market] YES=0.00 | NO=1.00 | Sum=1.00
==================================================
Balance: $158.96 | Regime: CHOP | Session: 0W/0L (0%) | PnL: $+0.00
[Confidence] Score=6/10 | extreme_edge,coinbase_weak,all3_agree
[Timing] Window 13 min old — skipping
[Cycle] No signal — YES=0.00 is between 0.30 and 0.70, sum=1.00 >= 0.97
[Positions] 1 still open
[Ticker] KXETH15M-26APR030845-45
[Market] YES=0.00 | NO=1.00 | Sum=1.00
==================================================
Balance: $158.97 | Regime: CHOP | Session: 0W/0L (0%) | PnL: $+0.00
[Confidence] Score=6/10 | extreme_edge,coinbase_weak,all3_agree
[Timing] Window 14 min old — skipping
[Cycle] No signal — YES=0.00 is between 0.30 and 0.70, sum=1.00 >= 0.97
[Positions] 1 still open
[Ticker] KXETH15M-26APR030900-00
[Market] YES=0.59 | NO=0.46 | Sum=1.05
==================================================
Balance: $158.99 | Regime: CHOP | Session: 0W/0L (0%) | PnL: $+0.00
[Cycle] No signal — YES=0.59 is between 0.30 and 0.70, sum=1.05 >= 0.97
[BreakEven] DOWN on KXETH15M-26APR030845-45 crossed 50% — exiting
[Ticker] KXETH15M-26APR030900-00
[Market] YES=0.55 | NO=0.48 | Sum=1.03
==================================================
Balance: $158.99 | Regime: CHOP | Session: 0W/0L (0%) | PnL: $+0.00
[Cycle] No signal — YES=0.55 is between 0.30 and 0.70, sum=1.03 >= 0.97
[Ticker] KXETH15M-26APR030900-00
[Market] YES=0.45 | NO=0.59 | Sum=1.04
==================================================
Balance: $158.99 | Regime: CHOP | Session: 0W/0L (0%) | PnL: $+0.00
[Cycle] No signal — YES=0.45 is between 0.30 and 0.70, sum=1.04 >= 0.97
[Ticker] KXETH15M-26APR030900-00
[Market] YES=0.39 | NO=0.65 | Sum=1.04
==================================================
Balance: $158.99 | Regime: CHOP | Session: 0W/0L (0%) | PnL: $+0.00
[Cycle] No signal — YES=0.39 is between 0.30 and 0.70, sum=1.04 >= 0.97
[Ticker] KXETH15M-26APR030900-00
[Market] YES=0.17 | NO=0.86 | Sum=1.03
==================================================
Balance: $158.99 | Regime: CHOP | Session: 0W/0L (0%) | PnL: $+0.00
[Confidence] Score=5/10 | strong_edge,coinbase_weak,all3_agree
[Signal] DOWN candidate | yes=0.17 | waiting (1/2)
[Cycle] No signal — YES=0.17 is between 0.30 and 0.70, sum=1.03 >= 0.97
[Ticker] KXETH15M-26APR030900-00
[Market] YES=0.06 | NO=0.96 | Sum=1.02
==================================================
Balance: $158.99 | Regime: CHOP | Session: 0W/0L (0%) | PnL: $+0.00
[Confidence] Score=5/10 | strong_edge,coinbase_weak,all3_agree
[Timing] Window 5 min old — skipping
[Cycle] No signal — YES=0.06 is between 0.30 and 0.70, sum=1.02 >= 0.97
[Ticker] KXETH15M-26APR030900-00
[Market] YES=0.04 | NO=0.97 | Sum=1.01
==================================================
Balance: $158.99 | Regime: CHOP | Session: 0W/0L (0%) | PnL: $+0.00
[Confidence] Score=6/10 | extreme_edge,coinbase_weak,all3_agree
[Timing] Window 6 min old — skipping
[Cycle] No signal — YES=0.04 is between 0.30 and 0.70, sum=1.01 >= 0.97
[Ticker] KXETH15M-26APR030900-00
[Market] YES=0.03 | NO=0.98 | Sum=1.01
==================================================
Balance: $158.99 | Regime: CHOP | Session: 0W/0L (0%) | PnL: $+0.00
[Confidence] Score=6/10 | extreme_edge,coinbase_weak,all3_agree
[Timing] Window 7 min old — skipping
[Cycle] No signal — YES=0.03 is between 0.30 and 0.70, sum=1.01 >= 0.97
[Ticker] KXETH15M-26APR030900-00
[Market] YES=0.03 | NO=0.98 | Sum=1.01
==================================================
Balance: $158.99 | Regime: CHOP | Session: 0W/0L (0%) | PnL: $+0.00
[Confidence] Score=5/10 | extreme_edge,coinbase_weak,2of3_agree
[Timing] Window 8 min old — skipping
[Cycle] No signal — YES=0.03 is between 0.30 and 0.70, sum=1.01 >= 0.97
[Ticker] KXETH15M-26APR030900-00
[Market] YES=0.03 | NO=0.98 | Sum=1.01
==================================================
Balance: $158.99 | Regime: CHOP | Session: 0W/0L (0%) | PnL: $+0.00
[Confidence] Score=6/10 | extreme_edge,coinbase_weak,all3_agree
[Timing] Window 9 min old — skipping
[Cycle] No signal — YES=0.03 is between 0.30 and 0.70, sum=1.01 >= 0.97
[Ticker] KXETH15M-26APR030900-00
[Market] YES=0.02 | NO=0.99 | Sum=1.01
==================================================
Balance: $158.99 | Regime: CHOP | Session: 0W/0L (0%) | PnL: $+0.00
[Confidence] Score=6/10 | extreme_edge,coinbase_weak,all3_agree
[Timing] Window 10 min old — skipping
[Cycle] No signal — YES=0.02 is between 0.30 and 0.70, sum=1.01 >= 0.97
[Ticker] KXETH15M-26APR030900-00
[Market] YES=0.01 | NO=1.00 | Sum=1.00
==================================================
Balance: $158.99 | Regime: CHOP | Session: 0W/0L (0%) | PnL: $+0.00
[Confidence] Score=6/10 | extreme_edge,coinbase_weak,all3_agree
[Timing] Window 11 min old — skipping
[Cycle] No signal — YES=0.01 is between 0.30 and 0.70, sum=1.00 >= 0.97
[Ticker] KXETH15M-26APR030900-00
[Market] YES=0.00 | NO=1.00 | Sum=1.00
==================================================
Balance: $158.99 | Regime: CHOP | Session: 0W/0L (0%) | PnL: $+0.00
[Confidence] Score=6/10 | extreme_edge,coinbase_weak,all3_agree
[Timing] Window 12 min old — skipping
[Cycle] No signal — YES=0.00 is between 0.30 and 0.70, sum=1.00 >= 0.97
[Ticker] KXETH15M-26APR030900-00
[Market] YES=0.00 | NO=1.00 | Sum=1.00
==================================================
Balance: $158.99 | Regime: CHOP | Session: 0W/0L (0%) | PnL: $+0.00
[Confidence] Score=6/10 | extreme_edge,coinbase_weak,all3_agree
[Timing] Window 13 min old — skipping
[Cycle] No signal — YES=0.00 is between 0.30 and 0.70, sum=1.00 >= 0.97
[Ticker] KXETH15M-26APR030900-00
[Market] YES=0.00 | NO=1.00 | Sum=1.00
==================================================
Balance: $158.99 | Regime: CHOP | Session: 0W/0L (0%) | PnL: $+0.00
[Confidence] Score=6/10 | extreme_edge,coinbase_weak,all3_agree
[Timing] Window 14 min old — skipping
[Cycle] No signal — YES=0.00 is between 0.30 and 0.70, sum=1.00 >= 0.97
[Ticker] KXETH15M-26APR030915-15
[Market] YES=0.54 | NO=0.51 | Sum=1.05
==================================================
Balance: $158.99 | Regime: CHOP | Session: 0W/0L (0%) | PnL: $+0.00
[Cycle] No signal — YES=0.54 is between 0.30 and 0.70, sum=1.05 >= 0.97
[Ticker] KXETH15M-26APR030915-15
[Market] YES=0.46 | NO=0.56 | Sum=1.02
==================================================
Balance: $158.99 | Regime: CHOP | Session: 0W/0L (0%) | PnL: $+0.00
[Cycle] No signal — YES=0.46 is between 0.30 and 0.70, sum=1.02 >= 0.97
[Ticker] KXETH15M-26APR030915-15
[Market] YES=0.53 | NO=0.50 | Sum=1.03
==================================================
Balance: $158.99 | Regime: CHOP | Session: 0W/0L (0%) | PnL: $+0.00
[Cycle] No signal — YES=0.53 is between 0.30 and 0.70, sum=1.03 >= 0.97
[Ticker] KXETH15M-26APR030915-15
[Market] YES=0.46 | NO=0.58 | Sum=1.04
==================================================
Balance: $158.99 | Regime: CHOP | Session: 0W/0L (0%) | PnL: $+0.00
[Cycle] No signal — YES=0.46 is between 0.30 and 0.70, sum=1.04 >= 0.97
[Ticker] KXETH15M-26APR030915-15
[Market] YES=0.43 | NO=0.62 | Sum=1.05
==================================================
Balance: $158.99 | Regime: CHOP | Session: 0W/0L (0%) | PnL: $+0.00
[Cycle] No signal — YES=0.43 is between 0.30 and 0.70, sum=1.05 >= 0.97
[Ticker] KXETH15M-26APR030915-15
[Market] YES=0.32 | NO=0.71 | Sum=1.03
==================================================
Balance: $158.99 | Regime: CHOP | Session: 0W/0L (0%) | PnL: $+0.00
[Cycle] No signal — YES=0.32 is between 0.30 and 0.70, sum=1.03 >= 0.97
[Ticker] KXETH15M-26APR030915-15
[Market] YES=0.50 | NO=0.54 | Sum=1.04
==================================================
Balance: $158.99 | Regime: CHOP | Session: 0W/0L (0%) | PnL: $+0.00
[Cycle] No signal — YES=0.50 is between 0.30 and 0.70, sum=1.04 >= 0.97
[Ticker] KXETH15M-26APR030915-15
[Market] YES=0.19 | NO=0.82 | Sum=1.01
==================================================
Balance: $158.99 | Regime: CHOP | Session: 0W/0L (0%) | PnL: $+0.00
[Confidence] Score=5/10 | strong_edge,coinbase_weak,all3_agree
[Timing] Window 7 min old — skipping
[Cycle] No signal — YES=0.19 is between 0.30 and 0.70, sum=1.01 >= 0.97
[Ticker] KXETH15M-26APR030915-15
[Market] YES=0.16 | NO=0.88 | Sum=1.04
==================================================
Balance: $158.99 | Regime: CHOP | Session: 0W/0L (0%) | PnL: $+0.00
[Confidence] Score=4/10 | strong_edge,coinbase_weak,2of3_agree
[Timing] Window 8 min old — skipping
[Cycle] No signal — YES=0.16 is between 0.30 and 0.70, sum=1.04 >= 0.97
[Ticker] KXETH15M-26APR030915-15
[Market] YES=0.09 | NO=0.93 | Sum=1.02
==================================================
Balance: $158.99 | Regime: CHOP | Session: 0W/0L (0%) | PnL: $+0.00
[Confidence] Score=5/10 | strong_edge,coinbase_weak,all3_agree
[Timing] Window 9 min old — skipping
[Cycle] No signal — YES=0.09 is between 0.30 and 0.70, sum=1.02 >= 0.97
[Ticker] KXETH15M-26APR030915-15
[Market] YES=0.03 | NO=0.98 | Sum=1.01
==================================================
Balance: $158.99 | Regime: CHOP | Session: 0W/0L (0%) | PnL: $+0.00
[Confidence] Score=6/10 | extreme_edge,coinbase_weak,all3_agree
[Timing] Window 10 min old — skipping
[Cycle] No signal — YES=0.03 is between 0.30 and 0.70, sum=1.01 >= 0.97
[Ticker] KXETH15M-26APR030915-15
[Market] YES=0.02 | NO=0.98 | Sum=1.00
==================================================
Balance: $158.99 | Regime: CHOP | Session: 0W/0L (0%) | PnL: $+0.00
[Confidence] Score=6/10 | extreme_edge,coinbase_weak,all3_agree
[Timing] Window 11 min old — skipping
[Cycle] No signal — YES=0.02 is between 0.30 and 0.70, sum=1.00 >= 0.97
[Ticker] KXETH15M-26APR030915-15
[Market] YES=0.01 | NO=0.99 | Sum=1.00
==================================================
Balance: $158.99 | Regime: CHOP | Session: 0W/0L (0%) | PnL: $+0.00
[Confidence] Score=6/10 | extreme_edge,coinbase_weak,all3_agree
[Timing] Window 12 min old — skipping
[Cycle] No signal — YES=0.01 is between 0.30 and 0.70, sum=1.00 >= 0.97
[Ticker] KXETH15M-26APR030915-15
[Market] YES=0.00 | NO=1.00 | Sum=1.00
==================================================
Balance: $158.99 | Regime: CHOP | Session: 0W/0L (0%) | PnL: $+0.00
[Confidence] Score=6/10 | extreme_edge,coinbase_weak,all3_agree
[Timing] Window 13 min old — skipping
[Cycle] No signal — YES=0.00 is between 0.30 and 0.70, sum=1.00 >= 0.97
[Ticker] KXETH15M-26APR030915-15
[Market] YES=0.00 | NO=1.00 | Sum=1.00
==================================================
Balance: $158.99 | Regime: CHOP | Session: 0W/0L (0%) | PnL: $+0.00
[Confidence] Score=6/10 | extreme_edge,coinbase_weak,all3_agree
[Timing] Window 14 min old — skipping
[Cycle] No signal — YES=0.00 is between 0.30 and 0.70, sum=1.00 >= 0.97
[Ticker] KXETH15M-26APR030930-30
[Market] YES=0.63 | NO=0.38 | Sum=1.01
==================================================
Balance: $158.99 | Regime: CHOP | Session: 0W/0L (0%) | PnL: $+0.00
[Cycle] No signal — YES=0.63 is between 0.30 and 0.70, sum=1.01 >= 0.97
[Ticker] KXETH15M-26APR030930-30
[Market] YES=0.50 | NO=0.52 | Sum=1.02
==================================================
Balance: $158.99 | Regime: CHOP | Session: 0W/0L (0%) | PnL: $+0.00
[Cycle] No signal — YES=0.50 is between 0.30 and 0.70, sum=1.02 >= 0.97
[Ticker] KXETH15M-26APR030930-30
[Market] YES=0.54 | NO=0.51 | Sum=1.05
==================================================
Balance: $158.99 | Regime: CHOP | Session: 0W/0L (0%) | PnL: $+0.00
[Cycle] No signal — YES=0.54 is between 0.30 and 0.70, sum=1.05 >= 0.97
[Ticker] KXETH15M-26APR030930-30
[Market] YES=0.64 | NO=0.37 | Sum=1.01
==================================================
Balance: $158.99 | Regime: CHOP | Session: 0W/0L (0%) | PnL: $+0.00
[Cycle] No signal — YES=0.64 is between 0.30 and 0.70, sum=1.01 >= 0.97
[Ticker] KXETH15M-26APR030930-30
[Market] YES=0.71 | NO=0.31 | Sum=1.02
==================================================
Balance: $158.99 | Regime: CHOP | Session: 0W/0L (0%) | PnL: $+0.00
[Confidence] Score=2/10 | moderate_edge,coinbase_weak
[Signal] UP candidate | yes=0.71 | waiting (1/2)
[Cycle] No signal — YES=0.71 is between 0.30 and 0.70, sum=1.02 >= 0.97
[Ticker] KXETH15M-26APR030930-30
[Market] YES=0.78 | NO=0.28 | Sum=1.06
==================================================
Balance: $158.99 | Regime: CHOP | Session: 0W/0L (0%) | PnL: $+0.00
[Confidence] Score=2/10 | moderate_edge,coinbase_weak
[Timing] Window 5 min old — skipping
[Cycle] No signal — YES=0.78 is between 0.30 and 0.70, sum=1.06 >= 0.97
[Ticker] KXETH15M-26APR030930-30
[Market] YES=0.89 | NO=0.14 | Sum=1.03
==================================================
Balance: $158.99 | Regime: CHOP | Session: 0W/0L (0%) | PnL: $+0.00
[Confidence] Score=3/10 | strong_edge,coinbase_weak
[Timing] Window 6 min old — skipping
[Cycle] No signal — YES=0.89 is between 0.30 and 0.70, sum=1.03 >= 0.97
[Ticker] KXETH15M-26APR030930-30
[Market] YES=0.90 | NO=0.12 | Sum=1.02
==================================================
Balance: $158.99 | Regime: CHOP | Session: 0W/0L (0%) | PnL: $+0.00
[Confidence] Score=3/10 | strong_edge,coinbase_weak
[Timing] Window 7 min old — skipping
[Cycle] No signal — YES=0.90 is between 0.30 and 0.70, sum=1.02 >= 0.97
[Ticker] KXETH15M-26APR030930-30
[Market] YES=0.86 | NO=0.15 | Sum=1.01
==================================================
Balance: $158.99 | Regime: CHOP | Session: 0W/0L (0%) | PnL: $+0.00
[Confidence] Score=3/10 | strong_edge,coinbase_weak
[Timing] Window 8 min old — skipping
[Cycle] No signal — YES=0.86 is between 0.30 and 0.70, sum=1.01 >= 0.97
[Ticker] KXETH15M-26APR030930-30
[Market] YES=0.92 | NO=0.09 | Sum=1.01
==================================================
Balance: $158.99 | Regime: CHOP | Session: 0W/0L (0%) | PnL: $+0.00
[Confidence] Score=3/10 | strong_edge,coinbase_weak
[Timing] Window 9 min old — skipping
[Cycle] No signal — YES=0.92 is between 0.30 and 0.70, sum=1.01 >= 0.97
[Ticker] KXETH15M-26APR030930-30
[Market] YES=0.97 | NO=0.05 | Sum=1.02
==================================================
Balance: $158.99 | Regime: CHOP | Session: 0W/0L (0%) | PnL: $+0.00
[Confidence] Score=4/10 | extreme_edge,coinbase_weak
[Timing] Window 10 min old — skipping
[Cycle] No signal — YES=0.97 is between 0.30 and 0.70, sum=1.02 >= 0.97
[Ticker] KXETH15M-26APR030930-30
[Market] YES=0.98 | NO=0.03 | Sum=1.01
==================================================
Balance: $158.99 | Regime: CHOP | Session: 0W/0L (0%) | PnL: $+0.00
[Confidence] Score=4/10 | extreme_edge,coinbase_weak
[Timing] Window 11 min old — skipping
[Cycle] No signal — YES=0.98 is between 0.30 and 0.70, sum=1.01 >= 0.97
[Ticker] KXETH15M-26APR030930-30
[Market] YES=0.97 | NO=0.06 | Sum=1.03
==================================================
Balance: $158.99 | Regime: CHOP | Session: 0W/0L (0%) | PnL: $+0.00
[Confidence] Score=4/10 | extreme_edge,coinbase_weak
[Timing] Window 12 min old — skipping
[Cycle] No signal — YES=0.97 is between 0.30 and 0.70, sum=1.03 >= 0.97
[Ticker] KXETH15M-26APR030930-30
[Market] YES=1.00 | NO=0.01 | Sum=1.00
==================================================
Balance: $158.99 | Regime: CHOP | Session: 0W/0L (0%) | PnL: $+0.00
[Confidence] Score=4/10 | extreme_edge,coinbase_weak
[Timing] Window 13 min old — skipping
[Cycle] No signal — YES=1.00 is between 0.30 and 0.70, sum=1.00 >= 0.97
[Ticker] KXETH15M-26APR030930-30
[Market] YES=1.00 | NO=0.00 | Sum=1.00
==================================================
Balance: $158.99 | Regime: CHOP | Session: 0W/0L (0%) | PnL: $+0.00
[Confidence] Score=4/10 | extreme_edge,coinbase_weak
[Timing] Window 14 min old — skipping
[Cycle] No signal — YES=1.00 is between 0.30 and 0.70, sum=1.00 >= 0.97
[Ticker] KXETH15M-26APR030945-45
[Market] YES=0.49 | NO=0.57 | Sum=1.06
==================================================
Balance: $158.99 | Regime: CHOP | Session: 0W/0L (0%) | PnL: $+0.00
[Cycle] No signal — YES=0.49 is between 0.30 and 0.70, sum=1.06 >= 0.97
[Ticker] KXETH15M-26APR030945-45
[Market] YES=0.44 | NO=0.58 | Sum=1.02
==================================================
Balance: $158.99 | Regime: CHOP | Session: 0W/0L (0%) | PnL: $+0.00
[Cycle] No signal — YES=0.44 is between 0.30 and 0.70, sum=1.02 >= 0.97
[Ticker] KXETH15M-26APR030945-45
[Market] YES=0.43 | NO=0.59 | Sum=1.02
==================================================
Balance: $158.99 | Regime: CHOP | Session: 0W/0L (0%) | PnL: $+0.00
[Cycle] No signal — YES=0.43 is between 0.30 and 0.70, sum=1.02 >= 0.97
[Ticker] KXETH15M-26APR030945-45
[Market] YES=0.28 | NO=0.78 | Sum=1.06
==================================================
Balance: $158.99 | Regime: CHOP | Session: 0W/0L (0%) | PnL: $+0.00
[Confidence] Score=4/10 | moderate_edge,coinbase_weak,all3_agree
[Signal] DOWN candidate | yes=0.28 | waiting (1/2)
[Cycle] No signal — YES=0.28 is between 0.30 and 0.70, sum=1.06 >= 0.97
[Ticker] KXETH15M-26APR030945-45
[Market] YES=0.28 | NO=0.74 | Sum=1.02
==================================================
Balance: $158.99 | Regime: CHOP | Session: 0W/0L (0%) | PnL: $+0.00
[Confidence] Score=4/10 | moderate_edge,coinbase_weak,all3_agree
[Coinbase] Confirms DOWN | $2046 gap=-2 (0.11%)
[Correlation] All 3 agree — bet boosted
[Signal] CONFIRMED DOWN | yes=0.28 | edge=0.22 | bet=$2.40
[Order] KXETH15M-26APR030945-45 | no | count=4 | $2.40
[Order] status=executed remaining=-1 filled=True
✅ ETH DIRECTIONAL: DOWN $2.40 on KXETH15M-26APR030945-45
[Positions] 1 still open
[Ticker] KXETH15M-26APR030945-45
[Market] YES=0.48 | NO=0.55 | Sum=1.03
==================================================
Balance: $158.53 | Regime: CHOP | Session: 0W/0L (0%) | PnL: $+0.00
[Cycle] No signal — YES=0.48 is between 0.30 and 0.70, sum=1.03 >= 0.97
[Positions] 1 still open
[Ticker] KXETH15M-26APR030945-45
[Market] YES=0.41 | NO=0.62 | Sum=1.03
==================================================
Balance: $157.89 | Regime: CHOP | Session: 0W/0L (0%) | PnL: $+0.00
[Cycle] No signal — YES=0.41 is between 0.30 and 0.70, sum=1.03 >= 0.97
[Positions] 1 still open
[Ticker] KXETH15M-26APR030945-45
[Market] YES=0.33 | NO=0.72 | Sum=1.05
==================================================
Balance: $158.73 | Regime: CHOP | Session: 0W/0L (0%) | PnL: $+0.00
[Cycle] No signal — YES=0.33 is between 0.30 and 0.70, sum=1.05 >= 0.97
[Positions] 1 still open
[Ticker] KXETH15M-26APR030945-45
[Market] YES=0.36 | NO=0.66 | Sum=1.02
==================================================
Balance: $158.01 | Regime: CHOP | Session: 0W/0L (0%) | PnL: $+0.00
[Cycle] No signal — YES=0.36 is between 0.30 and 0.70, sum=1.02 >= 0.97
[Positions] 1 still open
[Ticker] KXETH15M-26APR030945-45
[Market] YES=0.29 | NO=0.75 | Sum=1.04
==================================================
Balance: $158.61 | Regime: CHOP | Session: 0W/0L (0%) | PnL: $+0.00
[Confidence] Score=4/10 | moderate_edge,coinbase_weak,all3_agree
[Timing] Window 9 min old — skipping
[Cycle] No signal — YES=0.29 is between 0.30 and 0.70, sum=1.04 >= 0.97
[Positions] 1 still open
[Ticker] KXETH15M-26APR030945-45
[Market] YES=0.24 | NO=0.85 | Sum=1.09
==================================================
Balance: $159.33 | Regime: CHOP | Session: 0W/0L (0%) | PnL: $+0.00
[Confidence] Score=4/10 | moderate_edge,coinbase_weak,all3_agree
[Timing] Window 10 min old — skipping
[Cycle] No signal — YES=0.24 is between 0.30 and 0.70, sum=1.09 >= 0.97
[Positions] 1 still open
[Ticker] KXETH15M-26APR030945-45
[Market] YES=0.18 | NO=0.83 | Sum=1.01
==================================================
Balance: $159.37 | Regime: CHOP | Session: 0W/0L (0%) | PnL: $+0.00
[Confidence] Score=5/10 | strong_edge,coinbase_weak,all3_agree
[Timing] Window 11 min old — skipping
[Cycle] No signal — YES=0.18 is between 0.30 and 0.70, sum=1.01 >= 0.97
[Positions] 1 still open
[Ticker] KXETH15M-26APR030945-45
[Market] YES=0.24 | NO=0.84 | Sum=1.08
==================================================
Balance: $158.97 | Regime: CHOP | Session: 0W/0L (0%) | PnL: $+0.00
[Confidence] Score=4/10 | moderate_edge,coinbase_weak,all3_agree
[Timing] Window 12 min old — skipping
[Cycle] No signal — YES=0.24 is between 0.30 and 0.70, sum=1.08 >= 0.97
[Positions] 1 still open
[Ticker] KXETH15M-26APR030945-45
[Market] YES=0.04 | NO=0.98 | Sum=1.02
==================================================
Balance: $159.33 | Regime: CHOP | Session: 0W/0L (0%) | PnL: $+0.00
[Confidence] Score=6/10 | extreme_edge,coinbase_weak,all3_agree
[Timing] Window 13 min old — skipping
[Cycle] No signal — YES=0.04 is between 0.30 and 0.70, sum=1.02 >= 0.97
[Positions] 1 still open
[Ticker] KXETH15M-26APR030945-45
[Market] YES=0.01 | NO=1.00 | Sum=1.01
==================================================
Balance: $160.05 | Regime: CHOP | Session: 0W/0L (0%) | PnL: $+0.00
[Confidence] Score=6/10 | extreme_edge,coinbase_weak,all3_agree
[Timing] Window 14 min old — skipping
[Cycle] No signal — YES=0.01 is between 0.30 and 0.70, sum=1.01 >= 0.97
[Positions] 1 still open
[Ticker] KXETH15M-26APR031000-00
[Market] YES=0.40 | NO=0.62 | Sum=1.02
==================================================
Balance: $160.09 | Regime: CHOP | Session: 0W/0L (0%) | PnL: $+0.00
[Cycle] No signal — YES=0.40 is between 0.30 and 0.70, sum=1.02 >= 0.97
[BreakEven] DOWN on KXETH15M-26APR030945-45 crossed 50% — exiting
[Ticker] KXETH15M-26APR031000-00
[Market] YES=0.52 | NO=0.52 | Sum=1.04
==================================================
Balance: $160.09 | Regime: CHOP | Session: 0W/0L (0%) | PnL: $+0.00
[Cycle] No signal — YES=0.52 is between 0.30 and 0.70, sum=1.04 >= 0.97
[Ticker] KXETH15M-26APR031000-00
[Market] YES=0.44 | NO=0.60 | Sum=1.04
==================================================
Balance: $160.09 | Regime: CHOP | Session: 0W/0L (0%) | PnL: $+0.00
[Cycle] No signal — YES=0.44 is between 0.30 and 0.70, sum=1.04 >= 0.97
[Ticker] KXETH15M-26APR031000-00
[Market] YES=0.16 | NO=0.85 | Sum=1.01
==================================================
Balance: $160.09 | Regime: CHOP | Session: 0W/0L (0%) | PnL: $+0.00
[Confidence] Score=5/10 | strong_edge,coinbase_weak,all3_agree
[Signal] DOWN candidate | yes=0.16 | waiting (1/2)
[Cycle] No signal — YES=0.16 is between 0.30 and 0.70, sum=1.01 >= 0.97
[Ticker] KXETH15M-26APR031000-00
[Market] YES=0.11 | NO=0.91 | Sum=1.02
==================================================
Balance: $160.09 | Regime: CHOP | Session: 0W/0L (0%) | PnL: $+0.00
[Confidence] Score=5/10 | strong_edge,coinbase_weak,all3_agree
[Coinbase] Confirms DOWN | $2043 gap=-5 (0.24%)
[Correlation] All 3 agree — bet boosted
[Signal] CONFIRMED DOWN | yes=0.11 | edge=0.39 | bet=$2.40
[Order] KXETH15M-26APR031000-00 | no | count=4 | $2.40
[Order] status=executed remaining=-1 filled=True
✅ ETH DIRECTIONAL: DOWN $2.40 on KXETH15M-26APR031000-00
[Positions] 1 still open
[Ticker] KXETH15M-26APR031000-00
[Market] YES=0.18 | NO=0.86 | Sum=1.04
==================================================
Balance: $159.90 | Regime: CHOP | Session: 0W/0L (0%) | PnL: $+0.00
[Confidence] Score=4/10 | strong_edge,coinbase_weak,2of3_agree
[Timing] Window 5 min old — skipping
[Cycle] No signal — YES=0.18 is between 0.30 and 0.70, sum=1.04 >= 0.97
[Positions] 1 still open
[Ticker] KXETH15M-26APR031000-00
[Market] YES=0.16 | NO=0.88 | Sum=1.04
==================================================
Balance: $159.98 | Regime: CHOP | Session: 0W/0L (0%) | PnL: $+0.00
[Confidence] Score=5/10 | strong_edge,coinbase_weak,all3_agree
[Timing] Window 6 min old — skipping
[Cycle] No signal — YES=0.16 is between 0.30 and 0.70, sum=1.04 >= 0.97
[Positions] 1 still open
[Ticker] KXETH15M-26APR031000-00
[Market] YES=0.18 | NO=0.86 | Sum=1.04
==================================================
Balance: $159.66 | Regime: CHOP | Session: 0W/0L (0%) | PnL: $+0.00
[Confidence] Score=5/10 | strong_edge,coinbase_weak,all3_agree
[Timing] Window 7 min old — skipping
[Cycle] No signal — YES=0.18 is between 0.30 and 0.70, sum=1.04 >= 0.97
[Positions] 1 still open
[Ticker] KXETH15M-26APR031000-00
[Market] YES=0.38 | NO=0.66 | Sum=1.04
==================================================
Balance: $157.42 | Regime: CHOP | Session: 0W/0L (0%) | PnL: $+0.00
[Cycle] No signal — YES=0.38 is between 0.30 and 0.70, sum=1.04 >= 0.97
[Positions] 1 still open
[Ticker] KXETH15M-26APR031000-00
[Market] YES=0.72 | NO=0.33 | Sum=1.05
==================================================
Balance: $154.98 | Regime: CHOP | Session: 0W/0L (0%) | PnL: $+0.00
[Confidence] Score=2/10 | moderate_edge,coinbase_weak
[Timing] Window 9 min old — skipping
[Cycle] No signal — YES=0.72 is between 0.30 and 0.70, sum=1.05 >= 0.97
[BreakEven] DOWN on KXETH15M-26APR031000-00 crossed 50% — exiting
[Ticker] KXETH15M-26APR031000-00
[Market] YES=0.76 | NO=0.25 | Sum=1.01
==================================================
Balance: $154.55 | Regime: CHOP | Session: 0W/0L (0%) | PnL: $+0.00
[Confidence] Score=2/10 | moderate_edge,coinbase_weak
[Timing] Window 10 min old — skipping
[Cycle] No signal — YES=0.76 is between 0.30 and 0.70, sum=1.01 >= 0.97
[Ticker] KXETH15M-26APR031000-00
[Market] YES=0.70 | NO=0.33 | Sum=1.03
==================================================
Balance: $154.90 | Regime: CHOP | Session: 0W/0L (0%) | PnL: $+0.00
[Cycle] No signal — YES=0.70 is between 0.30 and 0.70, sum=1.03 >= 0.97
[Ticker] KXETH15M-26APR031000-00
[Market] YES=0.63 | NO=0.40 | Sum=1.03
==================================================
Balance: $154.90 | Regime: CHOP | Session: 0W/0L (0%) | PnL: $+0.00
[Cycle] No signal — YES=0.63 is between 0.30 and 0.70, sum=1.03 >= 0.97
[Ticker] KXETH15M-26APR031000-00
[Market] YES=0.99 | NO=0.01 | Sum=1.00
==================================================
Balance: $153.46 | Regime: CHOP | Session: 0W/0L (0%) | PnL: $+0.00
[Confidence] Score=4/10 | extreme_edge,coinbase_weak
[Timing] Window 13 min old — skipping
[Cycle] No signal — YES=0.99 is between 0.30 and 0.70, sum=1.00 >= 0.97
[Ticker] KXETH15M-26APR031000-00
[Market] YES=1.00 | NO=0.00 | Sum=1.00
==================================================
Balance: $153.14 | Regime: CHOP | Session: 0W/0L (0%) | PnL: $+0.00
[Confidence] Score=4/10 | extreme_edge,coinbase_weak
[Timing] Window 14 min old — skipping
[Cycle] No signal — YES=1.00 is between 0.30 and 0.70, sum=1.00 >= 0.97
[Ticker] KXETH15M-26APR031015-15
[Market] YES=0.45 | NO=0.58 | Sum=1.03
==================================================
Balance: $153.10 | Regime: CHOP | Session: 0W/0L (0%) | PnL: $+0.00
[Cycle] No signal — YES=0.45 is between 0.30 and 0.70, sum=1.03 >= 0.97
[Ticker] KXETH15M-26APR031015-15
[Market] YES=0.33 | NO=0.68 | Sum=1.01
==================================================
Balance: $153.10 | Regime: CHOP | Session: 0W/0L (0%) | PnL: $+0.00
[Cycle] No signal — YES=0.33 is between 0.30 and 0.70, sum=1.01 >= 0.97
[Ticker] KXETH15M-26APR031015-15
[Market] YES=0.23 | NO=0.81 | Sum=1.04
==================================================
Balance: $153.10 | Regime: CHOP | Session: 0W/0L (0%) | PnL: $+0.00
[Confidence] Score=5/10 | moderate_edge,coinbase_weak,all3_agree,peak_hour
[Signal] DOWN candidate | yes=0.23 | waiting (1/2)
[Cycle] No signal — YES=0.23 is between 0.30 and 0.70, sum=1.04 >= 0.97
[Ticker] KXETH15M-26APR031015-15
[Market] YES=0.47 | NO=0.58 | Sum=1.05
==================================================
Balance: $153.10 | Regime: CHOP | Session: 0W/0L (0%) | PnL: $+0.00
[Cycle] No signal — YES=0.47 is between 0.30 and 0.70, sum=1.05 >= 0.97
[Ticker] KXETH15M-26APR031015-15
[Market] YES=0.75 | NO=0.26 | Sum=1.01
==================================================
Balance: $153.10 | Regime: CHOP | Session: 0W/0L (0%) | PnL: $+0.00
[Confidence] Score=3/10 | moderate_edge,coinbase_weak,peak_hour
[Signal] UP candidate | yes=0.75 | waiting (1/2)
[Cycle] No signal — YES=0.75 is between 0.30 and 0.70, sum=1.01 >= 0.97
[Ticker] KXETH15M-26APR031015-15
[Market] YES=0.68 | NO=0.39 | Sum=1.07
==================================================
Balance: $153.10 | Regime: CHOP | Session: 0W/0L (0%) | PnL: $+0.00
[Cycle] No signal — YES=0.68 is between 0.30 and 0.70, sum=1.07 >= 0.97
[Ticker] KXETH15M-26APR031015-15
[Market] YES=0.91 | NO=0.10 | Sum=1.01
==================================================
Balance: $153.10 | Regime: CHOP | Session: 0W/0L (0%) | PnL: $+0.00
[Confidence] Score=4/10 | strong_edge,coinbase_weak,peak_hour
[Timing] Window 6 min old — skipping
[Cycle] No signal — YES=0.91 is between 0.30 and 0.70, sum=1.01 >= 0.97
[Ticker] KXETH15M-26APR031015-15
[Market] YES=0.92 | NO=0.11 | Sum=1.03
==================================================
Balance: $153.10 | Regime: CHOP | Session: 0W/0L (0%) | PnL: $+0.00
[Confidence] Score=4/10 | strong_edge,coinbase_weak,peak_hour
[Timing] Window 7 min old — skipping
[Cycle] No signal — YES=0.92 is between 0.30 and 0.70, sum=1.03 >= 0.97
[Ticker] KXETH15M-26APR031015-15
[Market] YES=0.90 | NO=0.17 | Sum=1.07
==================================================
Balance: $153.10 | Regime: CHOP | Session: 0W/0L (0%) | PnL: $+0.00
[Confidence] Score=4/10 | strong_edge,coinbase_weak,peak_hour
[Timing] Window 8 min old — skipping
[Cycle] No signal — YES=0.90 is between 0.30 and 0.70, sum=1.07 >= 0.97
[Ticker] KXETH15M-26APR031015-15
[Market] YES=0.87 | NO=0.17 | Sum=1.04
==================================================
Balance: $153.10 | Regime: CHOP | Session: 0W/0L (0%) | PnL: $+0.00
[Confidence] Score=4/10 | strong_edge,coinbase_weak,peak_hour
[Timing] Window 9 min old — skipping
[Cycle] No signal — YES=0.87 is between 0.30 and 0.70, sum=1.04 >= 0.97
[Ticker] KXETH15M-26APR031015-15
[Market] YES=0.70 | NO=0.38 | Sum=1.08
==================================================
Balance: $153.10 | Regime: CHOP | Session: 0W/0L (0%) | PnL: $+0.00
[Cycle] No signal — YES=0.70 is between 0.30 and 0.70, sum=1.08 >= 0.97
[Ticker] KXETH15M-26APR031015-15
[Market] YES=0.33 | NO=0.70 | Sum=1.03
==================================================
Balance: $153.10 | Regime: CHOP | Session: 0W/0L (0%) | PnL: $+0.00
[Cycle] No signal — YES=0.33 is between 0.30 and 0.70, sum=1.03 >= 0.97
[Ticker] KXETH15M-26APR031015-15
[Market] YES=0.22 | NO=0.82 | Sum=1.04
==================================================
Balance: $153.10 | Regime: CHOP | Session: 0W/0L (0%) | PnL: $+0.00
[Confidence] Score=5/10 | moderate_edge,coinbase_weak,all3_agree,peak_hour
[Timing] Window 12 min old — skipping
[Cycle] No signal — YES=0.22 is between 0.30 and 0.70, sum=1.04 >= 0.97
[Ticker] KXETH15M-26APR031015-15
[Market] YES=0.16 | NO=0.90 | Sum=1.06
==================================================
Balance: $153.10 | Regime: CHOP | Session: 0W/0L (0%) | PnL: $+0.00
[Confidence] Score=6/10 | strong_edge,coinbase_weak,all3_agree,peak_hour
[Timing] Window 13 min old — skipping
[Cycle] No signal — YES=0.16 is between 0.30 and 0.70, sum=1.06 >= 0.97
[Ticker] KXETH15M-26APR031015-15
[Market] YES=0.87 | NO=0.29 | Sum=1.16
==================================================
Balance: $153.10 | Regime: CHOP | Session: 0W/0L (0%) | PnL: $+0.00
[Confidence] Score=4/10 | strong_edge,coinbase_weak,peak_hour
[Timing] Window 14 min old — skipping
[Cycle] No signal — YES=0.87 is between 0.30 and 0.70, sum=1.16 >= 0.97
[Ticker] KXETH15M-26APR031030-30
[Market] YES=0.52 | NO=0.51 | Sum=1.03
==================================================
Balance: $153.10 | Regime: CHOP | Session: 0W/0L (0%) | PnL: $+0.00
[Cycle] No signal — YES=0.52 is between 0.30 and 0.70, sum=1.03 >= 0.97
[Ticker] KXETH15M-26APR031030-30
[Market] YES=0.43 | NO=0.59 | Sum=1.02
==================================================
Balance: $153.10 | Regime: CHOP | Session: 0W/0L (0%) | PnL: $+0.00
[Cycle] No signal — YES=0.43 is between 0.30 and 0.70, sum=1.02 >= 0.97
[Ticker] KXETH15M-26APR031030-30
[Market] YES=0.63 | NO=0.38 | Sum=1.01
==================================================
Balance: $153.10 | Regime: CHOP | Session: 0W/0L (0%) | PnL: $+0.00
[Cycle] No signal — YES=0.63 is between 0.30 and 0.70, sum=1.01 >= 0.97
[Ticker] KXETH15M-26APR031030-30
[Market] YES=0.55 | NO=0.47 | Sum=1.02
==================================================
Balance: $153.10 | Regime: CHOP | Session: 0W/0L (0%) | PnL: $+0.00
[Cycle] No signal — YES=0.55 is between 0.30 and 0.70, sum=1.02 >= 0.97
[Ticker] KXETH15M-26APR031030-30
[Market] YES=0.38 | NO=0.65 | Sum=1.03
==================================================
Balance: $153.10 | Regime: CHOP | Session: 0W/0L (0%) | PnL: $+0.00
[Cycle] No signal — YES=0.38 is between 0.30 and 0.70, sum=1.03 >= 0.97
[Ticker] KXETH15M-26APR031030-30
[Market] YES=0.57 | NO=0.46 | Sum=1.03
==================================================
Balance: $153.10 | Regime: CHOP | Session: 0W/0L (0%) | PnL: $+0.00
[Cycle] No signal — YES=0.57 is between 0.30 and 0.70, sum=1.03 >= 0.97
[Ticker] KXETH15M-26APR031030-30
[Market] YES=0.80 | NO=0.22 | Sum=1.02
==================================================
Balance: $153.10 | Regime: CHOP | Session: 0W/0L (0%) | PnL: $+0.00
[Confidence] Score=4/10 | strong_edge,coinbase_weak,peak_hour
[Timing] Window 6 min old — skipping
[Cycle] No signal — YES=0.80 is between 0.30 and 0.70, sum=1.02 >= 0.97
[Ticker] KXETH15M-26APR031030-30
[Market] YES=0.76 | NO=0.27 | Sum=1.03
==================================================
Balance: $153.10 | Regime: CHOP | Session: 0W/0L (0%) | PnL: $+0.00
[Confidence] Score=3/10 | moderate_edge,coinbase_weak,peak_hour
[Timing] Window 7 min old — skipping
[Cycle] No signal — YES=0.76 is between 0.30 and 0.70, sum=1.03 >= 0.97
[Ticker] KXETH15M-26APR031030-30
[Market] YES=0.79 | NO=0.23 | Sum=1.02
==================================================
Balance: $153.10 | Regime: CHOP | Session: 0W/0L (0%) | PnL: $+0.00
[Confidence] Score=3/10 | moderate_edge,coinbase_weak,peak_hour
[Timing] Window 8 min old — skipping
[Cycle] No signal — YES=0.79 is between 0.30 and 0.70, sum=1.02 >= 0.97
[Ticker] KXETH15M-26APR031030-30
[Market] YES=0.87 | NO=0.15 | Sum=1.02
==================================================
Balance: $153.10 | Regime: CHOP | Session: 0W/0L (0%) | PnL: $+0.00
[Confidence] Score=4/10 | strong_edge,coinbase_weak,peak_hour
[Timing] Window 9 min old — skipping
[Cycle] No signal — YES=0.87 is between 0.30 and 0.70, sum=1.02 >= 0.97
[Ticker] KXETH15M-26APR031030-30
[Market] YES=0.92 | NO=0.12 | Sum=1.04
==================================================
Balance: $153.10 | Regime: CHOP | Session: 0W/0L (0%) | PnL: $+0.00
[Confidence] Score=4/10 | strong_edge,coinbase_weak,peak_hour
[Timing] Window 10 min old — skipping
[Cycle] No signal — YES=0.92 is between 0.30 and 0.70, sum=1.04 >= 0.97
[Ticker] KXETH15M-26APR031030-30
[Market] YES=0.99 | NO=0.02 | Sum=1.01
==================================================
Balance: $153.10 | Regime: CHOP | Session: 0W/0L (0%) | PnL: $+0.00
[Confidence] Score=5/10 | extreme_edge,coinbase_weak,peak_hour
[Timing] Window 11 min old — skipping
[Cycle] No signal — YES=0.99 is between 0.30 and 0.70, sum=1.01 >= 0.97
[Ticker] KXETH15M-26APR031030-30
[Market] YES=1.00 | NO=0.01 | Sum=1.01
==================================================
Balance: $153.10 | Regime: CHOP | Session: 0W/0L (0%) | PnL: $+0.00
[Confidence] Score=5/10 | extreme_edge,coinbase_weak,peak_hour
[Timing] Window 12 min old — skipping
[Cycle] No signal — YES=1.00 is between 0.30 and 0.70, sum=1.01 >= 0.97
[Ticker] KXETH15M-26APR031030-30
[Market] YES=1.00 | NO=0.00 | Sum=1.00
==================================================
Balance: $153.10 | Regime: CHOP | Session: 0W/0L (0%) | PnL: $+0.00
[Confidence] Score=5/10 | extreme_edge,coinbase_weak,peak_hour
[Timing] Window 13 min old — skipping
[Cycle] No signal — YES=1.00 is between 0.30 and 0.70, sum=1.00 >= 0.97
[Ticker] KXETH15M-26APR031030-30
[Market] YES=1.00 | NO=0.00 | Sum=1.00
==================================================
Balance: $153.10 | Regime: CHOP | Session: 0W/0L (0%) | PnL: $+0.00
[Confidence] Score=5/10 | extreme_edge,coinbase_weak,peak_hour
[Timing] Window 14 min old — skipping
[Cycle] No signal — YES=1.00 is between 0.30 and 0.70, sum=1.00 >= 0.97
[Ticker] KXETH15M-26APR031045-45
[Market] YES=0.49 | NO=0.55 | Sum=1.04
==================================================
Balance: $153.10 | Regime: CHOP | Session: 0W/0L (0%) | PnL: $+0.00
[Cycle] No signal — YES=0.49 is between 0.30 and 0.70, sum=1.04 >= 0.97
[Ticker] KXETH15M-26APR031045-45
[Market] YES=0.40 | NO=0.62 | Sum=1.02
==================================================
Balance: $153.10 | Regime: CHOP | Session: 0W/0L (0%) | PnL: $+0.00
[Cycle] No signal — YES=0.40 is between 0.30 and 0.70, sum=1.02 >= 0.97
[Ticker] KXETH15M-26APR031045-45
[Market] YES=0.41 | NO=0.62 | Sum=1.03
==================================================
Balance: $153.10 | Regime: CHOP | Session: 0W/0L (0%) | PnL: $+0.00
[Cycle] No signal — YES=0.41 is between 0.30 and 0.70, sum=1.03 >= 0.97
[Ticker] KXETH15M-26APR031045-45
[Market] YES=0.41 | NO=0.63 | Sum=1.04
==================================================
Balance: $153.10 | Regime: CHOP | Session: 0W/0L (0%) | PnL: $+0.00
[Cycle] No signal — YES=0.41 is between 0.30 and 0.70, sum=1.04 >= 0.97
[Ticker] KXETH15M-26APR031045-45
[Market] YES=0.28 | NO=0.74 | Sum=1.02
==================================================
Balance: $153.10 | Regime: CHOP | Session: 0W/0L (0%) | PnL: $+0.00
[Confidence] Score=5/10 | moderate_edge,coinbase_weak,all3_agree,peak_hour
[Signal] DOWN candidate | yes=0.28 | waiting (1/2)
[Cycle] No signal — YES=0.28 is between 0.30 and 0.70, sum=1.02 >= 0.97
[Ticker] KXETH15M-26APR031045-45
[Market] YES=0.32 | NO=0.70 | Sum=1.02
==================================================
Balance: $153.10 | Regime: CHOP | Session: 0W/0L (0%) | PnL: $+0.00
[Cycle] No signal — YES=0.32 is between 0.30 and 0.70, sum=1.02 >= 0.97
[Ticker] KXETH15M-26APR031045-45
[Market] YES=0.11 | NO=0.93 | Sum=1.04
==================================================
Balance: $153.10 | Regime: CHOP | Session: 0W/0L (0%) | PnL: $+0.00
[Confidence] Score=4/10 | strong_edge,coinbase_weak,peak_hour
[Timing] Window 6 min old — skipping
[Cycle] No signal — YES=0.11 is between 0.30 and 0.70, sum=1.04 >= 0.97
[Ticker] KXETH15M-26APR031045-45
[Market] YES=0.08 | NO=0.92 | Sum=1.00
==================================================
Balance: $153.10 | Regime: CHOP | Session: 0W/0L (0%) | PnL: $+0.00
[Confidence] Score=6/10 | strong_edge,coinbase_weak,all3_agree,peak_hour
[Timing] Window 7 min old — skipping
[Cycle] No signal — YES=0.08 is between 0.30 and 0.70, sum=1.00 >= 0.97
[Ticker] KXETH15M-26APR031045-45
[Market] YES=0.13 | NO=0.90 | Sum=1.03
==================================================
Balance: $153.10 | Regime: CHOP | Session: 0W/0L (0%) | PnL: $+0.00
[Confidence] Score=5/10 | strong_edge,coinbase_weak,2of3_agree,peak_hour
[Timing] Window 8 min old — skipping
[Cycle] No signal — YES=0.13 is between 0.30 and 0.70, sum=1.03 >= 0.97
[Ticker] KXETH15M-26APR031045-45
[Market] YES=0.23 | NO=0.80 | Sum=1.03
==================================================
Balance: $153.10 | Regime: CHOP | Session: 0W/0L (0%) | PnL: $+0.00
[Confidence] Score=4/10 | moderate_edge,coinbase_weak,2of3_agree,peak_hour
[Timing] Window 9 min old — skipping
[Cycle] No signal — YES=0.23 is between 0.30 and 0.70, sum=1.03 >= 0.97
[Ticker] KXETH15M-26APR031045-45
[Market] YES=0.11 | NO=0.91 | Sum=1.02
==================================================
Balance: $153.10 | Regime: CHOP | Session: 0W/0L (0%) | PnL: $+0.00
[Confidence] Score=6/10 | strong_edge,coinbase_weak,all3_agree,peak_hour
[Timing] Window 10 min old — skipping
[Cycle] No signal — YES=0.11 is between 0.30 and 0.70, sum=1.02 >= 0.97
[Ticker] KXETH15M-26APR031045-45
[Market] YES=0.04 | NO=0.96 | Sum=1.00
==================================================
Balance: $153.10 | Regime: CHOP | Session: 0W/0L (0%) | PnL: $+0.00
[Confidence] Score=7/10 | extreme_edge,coinbase_weak,all3_agree,peak_hour
[Timing] Window 11 min old — skipping
[Cycle] No signal — YES=0.04 is between 0.30 and 0.70, sum=1.00 >= 0.97
[Ticker] KXETH15M-26APR031045-45
[Market] YES=0.02 | NO=0.98 | Sum=1.00
==================================================
Balance: $153.10 | Regime: CHOP | Session: 0W/0L (0%) | PnL: $+0.00
[Confidence] Score=7/10 | extreme_edge,coinbase_weak,all3_agree,peak_hour
[Timing] Window 12 min old — skipping
[Cycle] No signal — YES=0.02 is between 0.30 and 0.70, sum=1.00 >= 0.97
[Ticker] KXETH15M-26APR031045-45
[Market] YES=0.01 | NO=1.00 | Sum=1.00
==================================================
Balance: $153.10 | Regime: CHOP | Session: 0W/0L (0%) | PnL: $+0.00
[Confidence] Score=7/10 | extreme_edge,coinbase_weak,all3_agree,peak_hour
[Timing] Window 13 min old — skipping
[Cycle] No signal — YES=0.01 is between 0.30 and 0.70, sum=1.00 >= 0.97
[Ticker] KXETH15M-26APR031045-45
[Market] YES=0.00 | NO=1.00 | Sum=1.00
==================================================
Balance: $153.10 | Regime: CHOP | Session: 0W/0L (0%) | PnL: $+0.00
[Confidence] Score=7/10 | extreme_edge,coinbase_weak,all3_agree,peak_hour
[Timing] Window 14 min old — skipping
[Cycle] No signal — YES=0.00 is between 0.30 and 0.70, sum=1.00 >= 0.97
[Ticker] KXETH15M-26APR031100-00
[Market] YES=0.54 | NO=0.50 | Sum=1.04
==================================================
Balance: $153.10 | Regime: CHOP | Session: 0W/0L (0%) | PnL: $+0.00
[Cycle] No signal — YES=0.54 is between 0.30 and 0.70, sum=1.04 >= 0.97
[Ticker] KXETH15M-26APR031100-00
[Market] YES=0.60 | NO=0.41 | Sum=1.01
==================================================
Balance: $153.10 | Regime: CHOP | Session: 0W/0L (0%) | PnL: $+0.00
[Cycle] No signal — YES=0.60 is between 0.30 and 0.70, sum=1.01 >= 0.97
[Ticker] KXETH15M-26APR031100-00
[Market] YES=0.60 | NO=0.41 | Sum=1.01
==================================================
Balance: $153.10 | Regime: CHOP | Session: 0W/0L (0%) | PnL: $+0.00
[Cycle] No signal — YES=0.60 is between 0.30 and 0.70, sum=1.01 >= 0.97
[Ticker] KXETH15M-26APR031100-00
[Market] YES=0.77 | NO=0.24 | Sum=1.01
==================================================
Balance: $153.10 | Regime: CHOP | Session: 0W/0L (0%) | PnL: $+0.00
[Confidence] Score=3/10 | moderate_edge,coinbase_weak,peak_hour
[Signal] UP candidate | yes=0.77 | waiting (1/2)
[Cycle] No signal — YES=0.77 is between 0.30 and 0.70, sum=1.01 >= 0.97
[Ticker] KXETH15M-26APR031100-00
[Market] YES=0.80 | NO=0.21 | Sum=1.01
==================================================
Balance: $152.77 | Regime: CHOP | Session: 0W/0L (0%) | PnL: $+0.00
[Confidence] Score=4/10 | strong_edge,coinbase_weak,peak_hour
[Coinbase] Confirms UP | $2053 gap=+2 (0.11%)
[Correlation] Markets diverging — bet trimmed
[Signal] CONFIRMED UP | yes=0.80 | edge=0.30 | bet=$4.12
[Order] KXETH15M-26APR031100-00 | yes | count=8 | $4.12
[Order] status=executed remaining=-1 filled=True
✅ ETH DIRECTIONAL: UP $4.12 on KXETH15M-26APR031100-00
[Positions] 1 still open
[Ticker] KXETH15M-26APR031100-00
[Market] YES=0.86 | NO=0.18 | Sum=1.04
==================================================
Balance: $154.54 | Regime: CHOP | Session: 0W/0L (0%) | PnL: $+0.00
[Confidence] Score=5/10 | strong_edge,coinbase_weak,2of3_agree,peak_hour
[Timing] Window 5 min old — skipping
[Cycle] No signal — YES=0.86 is between 0.30 and 0.70, sum=1.04 >= 0.97
[Positions] 1 still open
[Ticker] KXETH15M-26APR031100-00
[Market] YES=0.90 | NO=0.14 | Sum=1.04
==================================================
Balance: $154.66 | Regime: CHOP | Session: 0W/0L (0%) | PnL: $+0.00
[Confidence] Score=4/10 | strong_edge,coinbase_weak,peak_hour
[Timing] Window 6 min old — skipping
[Cycle] No signal — YES=0.90 is between 0.30 and 0.70, sum=1.04 >= 0.97
[Positions] 1 still open
[Ticker] KXETH15M-26APR031100-00
[Market] YES=0.89 | NO=0.13 | Sum=1.02
==================================================
Balance: $154.44 | Regime: CHOP | Session: 0W/0L (0%) | PnL: $+0.00
[Confidence] Score=5/10 | strong_edge,coinbase_weak,2of3_agree,peak_hour
[Timing] Window 7 min old — skipping
[Cycle] No signal — YES=0.89 is between 0.30 and 0.70, sum=1.02 >= 0.97
[Positions] 1 still open
[Ticker] KXETH15M-26APR031100-00
[Market] YES=0.98 | NO=0.04 | Sum=1.01
==================================================
Balance: $157.20 | Regime: CHOP | Session: 0W/0L (0%) | PnL: $+0.00
[Confidence] Score=5/10 | extreme_edge,coinbase_weak,peak_hour
[Timing] Window 8 min old — skipping
[Cycle] No signal — YES=0.98 is between 0.30 and 0.70, sum=1.01 >= 0.97
[Positions] 1 still open
[Ticker] KXETH15M-26APR031100-00
[Market] YES=0.99 | NO=0.02 | Sum=1.01
==================================================
Balance: $157.42 | Regime: CHOP | Session: 0W/0L (0%) | PnL: $+0.00
[Confidence] Score=5/10 | extreme_edge,coinbase_weak,peak_hour
[Timing] Window 9 min old — skipping
[Cycle] No signal — YES=0.99 is between 0.30 and 0.70, sum=1.01 >= 0.97
[Positions] 1 still open
[Ticker] KXETH15M-26APR031100-00
[Market] YES=0.99 | NO=0.02 | Sum=1.01
==================================================
Balance: $157.52 | Regime: CHOP | Session: 0W/0L (0%) | PnL: $+0.00
[Confidence] Score=5/10 | extreme_edge,coinbase_weak,peak_hour
[Timing] Window 10 min old — skipping
[Cycle] No signal — YES=0.99 is between 0.30 and 0.70, sum=1.01 >= 0.97
[Positions] 1 still open
[Ticker] KXETH15M-26APR031100-00
[Market] YES=1.00 | NO=0.01 | Sum=1.00
==================================================
Balance: $157.63 | Regime: CHOP | Session: 0W/0L (0%) | PnL: $+0.00
[Confidence] Score=5/10 | extreme_edge,coinbase_weak,peak_hour
[Timing] Window 11 min old — skipping
[Cycle] No signal — YES=1.00 is between 0.30 and 0.70, sum=1.00 >= 0.97
[Positions] 1 still open
[Ticker] KXETH15M-26APR031100-00
[Market] YES=1.00 | NO=0.00 | Sum=1.00
==================================================
Balance: $157.78 | Regime: CHOP | Session: 0W/0L (0%) | PnL: $+0.00
[Confidence] Score=5/10 | extreme_edge,coinbase_weak,peak_hour
[Timing] Window 12 min old — skipping
[Cycle] No signal — YES=1.00 is between 0.30 and 0.70, sum=1.00 >= 0.97
[Positions] 1 still open
[Ticker] KXETH15M-26APR031100-00
[Market] YES=1.00 | NO=0.00 | Sum=1.00
==================================================
Balance: $157.78 | Regime: CHOP | Session: 0W/0L (0%) | PnL: $+0.00
[Confidence] Score=5/10 | extreme_edge,coinbase_weak,peak_hour
[Timing] Window 13 min old — skipping
[Cycle] No signal — YES=1.00 is between 0.30 and 0.70, sum=1.00 >= 0.97
[Positions] 1 still open
[Ticker] KXETH15M-26APR031100-00
[Market] YES=1.00 | NO=0.00 | Sum=1.00
==================================================
Balance: $157.78 | Regime: CHOP | Session: 0W/0L (0%) | PnL: $+0.00
[Confidence] Score=5/10 | extreme_edge,coinbase_weak,peak_hour
[Timing] Window 14 min old — skipping
[Cycle] No signal — YES=1.00 is between 0.30 and 0.70, sum=1.00 >= 0.97
[Positions] 1 still open
[Ticker] KXETH15M-26APR031100-00
[Market] YES=1.00 | NO=0.00 | Sum=1.00
==================================================
Balance: $157.81 | Regime: CHOP | Session: 0W/0L (0%) | PnL: $+0.00
[Confidence] Score=5/10 | extreme_edge,coinbase_weak,peak_hour
[Timing] Window 0 min old — skipping
[Cycle] No signal — YES=1.00 is between 0.30 and 0.70, sum=1.00 >= 0.97
[Positions] 1 still open
[Ticker] KXETH15M-26APR031115-15
[Market] YES=0.50 | NO=0.54 | Sum=1.04
==================================================
Balance: $157.81 | Regime: CHOP | Session: 0W/0L (0%) | PnL: $+0.00
[Cycle] No signal — YES=0.50 is between 0.30 and 0.70, sum=1.04 >= 0.97
[Positions] 1 still open
[Ticker] KXETH15M-26APR031115-15
[Market] YES=0.39 | NO=0.65 | Sum=1.04
==================================================
Balance: $157.81 | Regime: CHOP | Session: 0W/0L (0%) | PnL: $+0.00
[Cycle] No signal — YES=0.39 is between 0.30 and 0.70, sum=1.04 >= 0.97
[Positions] 1 still open
[Ticker] KXETH15M-26APR031115-15
[Market] YES=0.52 | NO=0.50 | Sum=1.02
==================================================
Balance: $157.81 | Regime: CHOP | Session: 0W/0L (0%) | PnL: $+0.00
[Cycle] No signal — YES=0.52 is between 0.30 and 0.70, sum=1.02 >= 0.97
[Positions] 1 still open
[Ticker] KXETH15M-26APR031115-15
[Market] YES=0.58 | NO=0.45 | Sum=1.03
==================================================
Balance: $157.81 | Regime: CHOP | Session: 0W/0L (0%) | PnL: $+0.00
[Cycle] No signal — YES=0.58 is between 0.30 and 0.70, sum=1.03 >= 0.97
[Positions] 1 still open
[Ticker] KXETH15M-26APR031115-15
[Market] YES=0.51 | NO=0.52 | Sum=1.03
==================================================
Balance: $157.81 | Regime: CHOP | Session: 0W/0L (0%) | PnL: $+0.00
[Cycle] No signal — YES=0.51 is between 0.30 and 0.70, sum=1.03 >= 0.97
[Positions] 1 still open
[Ticker] KXETH15M-26APR031115-15
[Market] YES=0.52 | NO=0.50 | Sum=1.02
==================================================
Balance: $157.81 | Regime: CHOP | Session: 0W/0L (0%) | PnL: $+0.00
[Cycle] No signal — YES=0.52 is between 0.30 and 0.70, sum=1.02 >= 0.97
[Settled] WIN: UP $4.12 on KXETH15M-26APR031100-00 | pnl=$+3.88 | 1W/0L (100%)
[Ticker] KXETH15M-26APR031115-15
[Market] YES=0.53 | NO=0.48 | Sum=1.01
==================================================
Balance: $157.81 | Regime: CHOP | Session: 1W/0L (100%) | PnL: $+3.88
[Cycle] No signal — YES=0.53 is between 0.30 and 0.70, sum=1.01 >= 0.97
[Ticker] KXETH15M-26APR031115-15
[Market] YES=0.43 | NO=0.59 | Sum=1.02
==================================================
Balance: $157.81 | Regime: CHOP | Session: 1W/0L (100%) | PnL: $+3.88
[Cycle] No signal — YES=0.43 is between 0.30 and 0.70, sum=1.02 >= 0.97
[Ticker] KXETH15M-26APR031115-15
[Market] YES=0.63 | NO=0.41 | Sum=1.04
==================================================
Balance: $157.81 | Regime: CHOP | Session: 1W/0L (100%) | PnL: $+3.88
[Cycle] No signal — YES=0.63 is between 0.30 and 0.70, sum=1.04 >= 0.97
[Ticker] KXETH15M-26APR031115-15
[Market] YES=0.86 | NO=0.15 | Sum=1.01
==================================================
Balance: $157.81 | Regime: CHOP | Session: 1W/0L (100%) | PnL: $+3.88
[Confidence] Score=4/10 | strong_edge,coinbase_weak,peak_hour
[Timing] Window 10 min old — skipping
[Cycle] No signal — YES=0.86 is between 0.30 and 0.70, sum=1.01 >= 0.97
[Ticker] KXETH15M-26APR031115-15
[Market] YES=0.81 | NO=0.24 | Sum=1.05
==================================================
Balance: $157.81 | Regime: CHOP | Session: 1W/0L (100%) | PnL: $+3.88
[Confidence] Score=4/10 | strong_edge,coinbase_weak,peak_hour
[Timing] Window 11 min old — skipping
[Cycle] No signal — YES=0.81 is between 0.30 and 0.70, sum=1.05 >= 0.97
[Ticker] KXETH15M-26APR031115-15
[Market] YES=0.95 | NO=0.07 | Sum=1.01
==================================================
Balance: $157.81 | Regime: CHOP | Session: 1W/0L (100%) | PnL: $+3.88
[Confidence] Score=5/10 | strong_edge,coinbase_weak,2of3_agree,peak_hour
[Timing] Window 12 min old — skipping
[Cycle] No signal — YES=0.95 is between 0.30 and 0.70, sum=1.01 >= 0.97
[Ticker] KXETH15M-26APR031115-15
[Market] YES=0.90 | NO=0.12 | Sum=1.02
==================================================
Balance: $157.81 | Regime: CHOP | Session: 1W/0L (100%) | PnL: $+3.88
[Confidence] Score=4/10 | strong_edge,coinbase_weak,peak_hour
[Timing] Window 13 min old — skipping
[Cycle] No signal — YES=0.90 is between 0.30 and 0.70, sum=1.02 >= 0.97
[Ticker] KXETH15M-26APR031115-15
[Market] YES=0.79 | NO=0.39 | Sum=1.18
==================================================
Balance: $157.81 | Regime: CHOP | Session: 1W/0L (100%) | PnL: $+3.88
[Confidence] Score=2/10 | moderate_edge,peak_hour
[Timing] Window 14 min old — skipping
[Cycle] No signal — YES=0.79 is between 0.30 and 0.70, sum=1.18 >= 0.97
[Ticker] KXETH15M-26APR031130-30
[Market] YES=0.42 | NO=0.60 | Sum=1.02
==================================================
Balance: $157.81 | Regime: CHOP | Session: 1W/0L (100%) | PnL: $+3.88
[Cycle] No signal — YES=0.42 is between 0.30 and 0.70, sum=1.02 >= 0.97
[Ticker] KXETH15M-26APR031130-30
[Market] YES=0.33 | NO=0.70 | Sum=1.03
==================================================
Balance: $157.81 | Regime: CHOP | Session: 1W/0L (100%) | PnL: $+3.88
[Cycle] No signal — YES=0.33 is between 0.30 and 0.70, sum=1.03 >= 0.97
[Ticker] KXETH15M-26APR031130-30
[Market] YES=0.31 | NO=0.71 | Sum=1.02
==================================================
Balance: $157.81 | Regime: CHOP | Session: 1W/0L (100%) | PnL: $+3.88
[Cycle] No signal — YES=0.31 is between 0.30 and 0.70, sum=1.02 >= 0.97
[Ticker] KXETH15M-26APR031130-30
[Market] YES=0.23 | NO=0.78 | Sum=1.01
==================================================
Balance: $157.81 | Regime: CHOP | Session: 1W/0L (100%) | PnL: $+3.88
[Confidence] Score=5/10 | moderate_edge,coinbase_weak,all3_agree,peak_hour
[Signal] DOWN candidate | yes=0.23 | waiting (1/2)
[Cycle] No signal — YES=0.23 is between 0.30 and 0.70, sum=1.01 >= 0.97
[Ticker] KXETH15M-26APR031130-30
[Market] YES=0.13 | NO=0.88 | Sum=1.01
==================================================
Balance: $157.81 | Regime: CHOP | Session: 1W/0L (100%) | PnL: $+3.88
[Confidence] Score=6/10 | strong_edge,coinbase_weak,all3_agree,peak_hour
[Coinbase] Confirms DOWN | $2052 gap=-4 (0.18%)
[Correlation] All 3 agree — bet boosted
[Signal] CONFIRMED DOWN | yes=0.13 | edge=0.37 | bet=$6.62
[Order] KXETH15M-26APR031130-30 | no | count=13 | $6.62
[Order] status=executed remaining=-1 filled=True
✅ ETH DIRECTIONAL: DOWN $6.62 on KXETH15M-26APR031130-30
[Positions] 1 still open
[Ticker] KXETH15M-26APR031130-30
[Market] YES=0.12 | NO=0.89 | Sum=1.01
==================================================
Balance: $157.20 | Regime: CHOP | Session: 1W/0L (100%) | PnL: $+3.88
[Confidence] Score=6/10 | strong_edge,coinbase_weak,all3_agree,peak_hour
[Timing] Window 5 min old — skipping
[Cycle] No signal — YES=0.12 is between 0.30 and 0.70, sum=1.01 >= 0.97
[Positions] 1 still open
[Ticker] KXETH15M-26APR031130-30
[Market] YES=0.10 | NO=0.91 | Sum=1.01
==================================================
Balance: $157.73 | Regime: CHOP | Session: 1W/0L (100%) | PnL: $+3.88
[Confidence] Score=6/10 | strong_edge,coinbase_weak,all3_agree,peak_hour
[Timing] Window 6 min old — skipping
[Cycle] No signal — YES=0.10 is between 0.30 and 0.70, sum=1.01 >= 0.97
[Positions] 1 still open
[Ticker] KXETH15M-26APR031130-30
[Market] YES=0.05 | NO=0.96 | Sum=1.01
==================================================
Balance: $158.35 | Regime: CHOP | Session: 1W/0L (100%) | PnL: $+3.88
[Confidence] Score=7/10 | extreme_edge,coinbase_weak,all3_agree,peak_hour
[Timing] Window 7 min old — skipping
[Cycle] No signal — YES=0.05 is between 0.30 and 0.70, sum=1.01 >= 0.97
[Positions] 1 still open
[Ticker] KXETH15M-26APR031130-30
[Market] YES=0.06 | NO=0.94 | Sum=1.00
==================================================
Balance: $158.50 | Regime: CHOP | Session: 1W/0L (100%) | PnL: $+3.88
[Confidence] Score=5/10 | strong_edge,coinbase_weak,2of3_agree,peak_hour
[Timing] Window 8 min old — skipping
[Cycle] No signal — YES=0.06 is between 0.30 and 0.70, sum=1.00 >= 0.97
[Positions] 1 still open
[Ticker] KXETH15M-26APR031130-30
[Market] YES=0.04 | NO=0.97 | Sum=1.01
==================================================
Balance: $158.59 | Regime: CHOP | Session: 1W/0L (100%) | PnL: $+3.88
[Confidence] Score=7/10 | extreme_edge,coinbase_weak,all3_agree,peak_hour
[Timing] Window 9 min old — skipping
[Cycle] No signal — YES=0.04 is between 0.30 and 0.70, sum=1.01 >= 0.97
[Positions] 1 still open
[Ticker] KXETH15M-26APR031130-30
[Market] YES=0.08 | NO=0.95 | Sum=1.03
==================================================
Balance: $157.98 | Regime: CHOP | Session: 1W/0L (100%) | PnL: $+3.88
[Confidence] Score=6/10 | strong_edge,coinbase_weak,all3_agree,peak_hour
[Timing] Window 10 min old — skipping
[Cycle] No signal — YES=0.08 is between 0.30 and 0.70, sum=1.03 >= 0.97
[Positions] 1 still open
[Ticker] KXETH15M-26APR031130-30
[Market] YES=0.04 | NO=0.97 | Sum=1.01
==================================================
Balance: $157.85 | Regime: CHOP | Session: 1W/0L (100%) | PnL: $+3.88
[Confidence] Score=7/10 | extreme_edge,coinbase_weak,all3_agree,peak_hour
[Timing] Window 11 min old — skipping
[Cycle] No signal — YES=0.04 is between 0.30 and 0.70, sum=1.01 >= 0.97
[Positions] 1 still open
[Ticker] KXETH15M-26APR031130-30
[Market] YES=0.02 | NO=0.99 | Sum=1.01
==================================================
Balance: $158.89 | Regime: CHOP | Session: 1W/0L (100%) | PnL: $+3.88
[Confidence] Score=6/10 | extreme_edge,coinbase_weak,2of3_agree,peak_hour
[Timing] Window 12 min old — skipping
[Cycle] No signal — YES=0.02 is between 0.30 and 0.70, sum=1.01 >= 0.97
[Positions] 1 still open
[Ticker] KXETH15M-26APR031130-30
[Market] YES=0.01 | NO=1.00 | Sum=1.00
==================================================
Balance: $158.95 | Regime: CHOP | Session: 1W/0L (100%) | PnL: $+3.88
[Confidence] Score=7/10 | extreme_edge,coinbase_weak,all3_agree,peak_hour
[Timing] Window 13 min old — skipping
[Cycle] No signal — YES=0.01 is between 0.30 and 0.70, sum=1.00 >= 0.97
[Positions] 1 still open
[Ticker] KXETH15M-26APR031130-30
[Market] YES=0.00 | NO=1.00 | Sum=1.00
==================================================
Balance: $159.00 | Regime: CHOP | Session: 1W/0L (100%) | PnL: $+3.88
[Confidence] Score=7/10 | extreme_edge,coinbase_weak,all3_agree,peak_hour
[Timing] Window 14 min old — skipping
[Cycle] No signal — YES=0.00 is between 0.30 and 0.70, sum=1.00 >= 0.97
[Positions] 1 still open
[Ticker] KXETH15M-26APR031145-45
[Market] YES=0.53 | NO=0.49 | Sum=1.02
==================================================
Balance: $159.02 | Regime: CHOP | Session: 1W/0L (100%) | PnL: $+3.88
[Cycle] No signal — YES=0.53 is between 0.30 and 0.70, sum=1.02 >= 0.97
[BreakEven] DOWN on KXETH15M-26APR031130-30 crossed 50% — exiting
[Ticker] KXETH15M-26APR031145-45
[Market] YES=0.39 | NO=0.62 | Sum=1.01
==================================================
Balance: $159.02 | Regime: CHOP | Session: 1W/0L (100%) | PnL: $+3.88
[Cycle] No signal — YES=0.39 is between 0.30 and 0.70, sum=1.01 >= 0.97
[Ticker] KXETH15M-26APR031145-45
[Market] YES=0.52 | NO=0.51 | Sum=1.03
==================================================
Balance: $159.02 | Regime: CHOP | Session: 1W/0L (100%) | PnL: $+3.88
[Cycle] No signal — YES=0.52 is between 0.30 and 0.70, sum=1.03 >= 0.97
[Ticker] KXETH15M-26APR031145-45
[Market] YES=0.47 | NO=0.58 | Sum=1.05
==================================================
Balance: $159.02 | Regime: CHOP | Session: 1W/0L (100%) | PnL: $+3.88
[Cycle] No signal — YES=0.47 is between 0.30 and 0.70, sum=1.05 >= 0.97
[Ticker] KXETH15M-26APR031145-45
[Market] YES=0.74 | NO=0.29 | Sum=1.03
==================================================
Balance: $159.02 | Regime: CHOP | Session: 1W/0L (100%) | PnL: $+3.88
[Confidence] Score=3/10 | moderate_edge,coinbase_weak,peak_hour
[Signal] UP candidate | yes=0.74 | waiting (1/2)
[Cycle] No signal — YES=0.74 is between 0.30 and 0.70, sum=1.03 >= 0.97
[Ticker] KXETH15M-26APR031145-45
[Market] YES=0.27 | NO=0.75 | Sum=1.02
==================================================
Balance: $159.02 | Regime: CHOP | Session: 1W/0L (100%) | PnL: $+3.88
[Confidence] Score=5/10 | moderate_edge,coinbase_weak,all3_agree,peak_hour
[Timing] Window 5 min old — skipping
[Cycle] No signal — YES=0.27 is between 0.30 and 0.70, sum=1.02 >= 0.97
[Ticker] KXETH15M-26APR031145-45
[Market] YES=0.17 | NO=0.85 | Sum=1.02
==================================================
Balance: $159.02 | Regime: CHOP | Session: 1W/0L (100%) | PnL: $+3.88
[Confidence] Score=4/10 | strong_edge,coinbase_weak,peak_hour
[Timing] Window 6 min old — skipping
[Cycle] No signal — YES=0.17 is between 0.30 and 0.70, sum=1.02 >= 0.97
[Ticker] KXETH15M-26APR031145-45
[Market] YES=0.21 | NO=0.82 | Sum=1.03
==================================================
Balance: $159.02 | Regime: CHOP | Session: 1W/0L (100%) | PnL: $+3.88
[Confidence] Score=4/10 | moderate_edge,coinbase_weak,2of3_agree,peak_hour
[Timing] Window 7 min old — skipping
[Cycle] No signal — YES=0.21 is between 0.30 and 0.70, sum=1.03 >= 0.97
[Ticker] KXETH15M-26APR031145-45
[Market] YES=0.16 | NO=0.87 | Sum=1.03
==================================================
Balance: $159.02 | Regime: CHOP | Session: 1W/0L (100%) | PnL: $+3.88
[Confidence] Score=6/10 | strong_edge,coinbase_weak,all3_agree,peak_hour
[Timing] Window 8 min old — skipping
[Cycle] No signal — YES=0.16 is between 0.30 and 0.70, sum=1.03 >= 0.97
[Ticker] KXETH15M-26APR031145-45
[Market] YES=0.07 | NO=0.96 | Sum=1.02
==================================================
Balance: $159.02 | Regime: CHOP | Session: 1W/0L (100%) | PnL: $+3.88
[Confidence] Score=6/10 | strong_edge,coinbase_weak,all3_agree,peak_hour
[Timing] Window 9 min old — skipping
[Cycle] No signal — YES=0.07 is between 0.30 and 0.70, sum=1.02 >= 0.97
[Ticker] KXETH15M-26APR031145-45
[Market] YES=0.05 | NO=0.95 | Sum=1.00
==================================================
Balance: $159.02 | Regime: CHOP | Session: 1W/0L (100%) | PnL: $+3.88
[Confidence] Score=7/10 | extreme_edge,coinbase_weak,all3_agree,peak_hour
[Timing] Window 10 min old — skipping
[Cycle] No signal — YES=0.05 is between 0.30 and 0.70, sum=1.00 >= 0.97
[Ticker] KXETH15M-26APR031145-45
[Market] YES=0.02 | NO=0.99 | Sum=1.00
==================================================
Balance: $159.02 | Regime: CHOP | Session: 1W/0L (100%) | PnL: $+3.88
[Confidence] Score=7/10 | extreme_edge,coinbase_weak,all3_agree,peak_hour
[Timing] Window 11 min old — skipping
[Cycle] No signal — YES=0.02 is between 0.30 and 0.70, sum=1.00 >= 0.97
[Ticker] KXETH15M-26APR031145-45
[Market] YES=0.01 | NO=0.99 | Sum=1.00
==================================================
Balance: $159.02 | Regime: CHOP | Session: 1W/0L (100%) | PnL: $+3.88
[Confidence] Score=6/10 | extreme_edge,coinbase_weak,2of3_agree,peak_hour
[Timing] Window 12 min old — skipping
[Cycle] No signal — YES=0.01 is between 0.30 and 0.70, sum=1.00 >= 0.97
[Ticker] KXETH15M-26APR031145-45
[Market] YES=0.01 | NO=1.00 | Sum=1.00
==================================================
Balance: $159.02 | Regime: CHOP | Session: 1W/0L (100%) | PnL: $+3.88
[Confidence] Score=6/10 | extreme_edge,coinbase_weak,2of3_agree,peak_hour
[Timing] Window 13 min old — skipping
[Cycle] No signal — YES=0.01 is between 0.30 and 0.70, sum=1.00 >= 0.97
[Ticker] KXETH15M-26APR031145-45
[Market] YES=0.00 | NO=1.00 | Sum=1.00
==================================================
Balance: $159.02 | Regime: CHOP | Session: 1W/0L (100%) | PnL: $+3.88
[Confidence] Score=6/10 | extreme_edge,coinbase_weak,2of3_agree,peak_hour
[Timing] Window 14 min old — skipping
[Cycle] No signal — YES=0.00 is between 0.30 and 0.70, sum=1.00 >= 0.97
[Ticker] KXETH15M-26APR031200-00
[Market] YES=0.53 | NO=0.48 | Sum=1.01
==================================================
Balance: $159.02 | Regime: CHOP | Session: 1W/0L (100%) | PnL: $+3.88
[Cycle] No signal — YES=0.53 is between 0.30 and 0.70, sum=1.01 >= 0.97
[Ticker] KXETH15M-26APR031200-00
[Market] YES=0.48 | NO=0.54 | Sum=1.02
==================================================
Balance: $159.02 | Regime: CHOP | Session: 1W/0L (100%) | PnL: $+3.88
[Cycle] No signal — YES=0.48 is between 0.30 and 0.70, sum=1.02 >= 0.97
[Ticker] KXETH15M-26APR031200-00
[Market] YES=0.66 | NO=0.37 | Sum=1.03
==================================================
Balance: $159.02 | Regime: CHOP | Session: 1W/0L (100%) | PnL: $+3.88
[Cycle] No signal — YES=0.66 is between 0.30 and 0.70, sum=1.03 >= 0.97
[Ticker] KXETH15M-26APR031200-00
[Market] YES=0.71 | NO=0.31 | Sum=1.02
==================================================
Balance: $159.02 | Regime: CHOP | Session: 1W/0L (100%) | PnL: $+3.88
[Confidence] Score=3/10 | moderate_edge,coinbase_weak,peak_hour
[Signal] UP candidate | yes=0.71 | waiting (1/2)
[Cycle] No signal — YES=0.71 is between 0.30 and 0.70, sum=1.02 >= 0.97
[Ticker] KXETH15M-26APR031200-00
[Market] YES=0.54 | NO=0.47 | Sum=1.01
==================================================
Balance: $159.02 | Regime: CHOP | Session: 1W/0L (100%) | PnL: $+3.88
[Cycle] No signal — YES=0.54 is between 0.30 and 0.70, sum=1.01 >= 0.97
[Ticker] KXETH15M-26APR031200-00
[Market] YES=0.70 | NO=0.32 | Sum=1.02
==================================================
Balance: $159.02 | Regime: CHOP | Session: 1W/0L (100%) | PnL: $+3.88
[Cycle] No signal — YES=0.70 is between 0.30 and 0.70, sum=1.02 >= 0.97
[Ticker] KXETH15M-26APR031200-00
[Market] YES=0.72 | NO=0.30 | Sum=1.02
==================================================
Balance: $159.02 | Regime: CHOP | Session: 1W/0L (100%) | PnL: $+3.88
[Confidence] Score=3/10 | moderate_edge,coinbase_weak,peak_hour
[Timing] Window 6 min old — skipping
[Cycle] No signal — YES=0.72 is between 0.30 and 0.70, sum=1.02 >= 0.97
[Ticker] KXETH15M-26APR031200-00
[Market] YES=0.77 | NO=0.24 | Sum=1.01
==================================================
Balance: $159.02 | Regime: CHOP | Session: 1W/0L (100%) | PnL: $+3.88
[Confidence] Score=3/10 | moderate_edge,coinbase_weak,peak_hour
[Timing] Window 7 min old — skipping
[Cycle] No signal — YES=0.77 is between 0.30 and 0.70, sum=1.01 >= 0.97
[Ticker] KXETH15M-26APR031200-00
[Market] YES=0.74 | NO=0.28 | Sum=1.02
==================================================
Balance: $159.02 | Regime: CHOP | Session: 1W/0L (100%) | PnL: $+3.88
[Confidence] Score=3/10 | moderate_edge,coinbase_weak,peak_hour
[Timing] Window 8 min old — skipping
[Cycle] No signal — YES=0.74 is between 0.30 and 0.70, sum=1.02 >= 0.97
[Ticker] KXETH15M-26APR031200-00
[Market] YES=0.79 | NO=0.22 | Sum=1.01
==================================================
Balance: $159.02 | Regime: CHOP | Session: 1W/0L (100%) | PnL: $+3.88
[Confidence] Score=3/10 | moderate_edge,coinbase_weak,peak_hour
[Timing] Window 9 min old — skipping
[Cycle] No signal — YES=0.79 is between 0.30 and 0.70, sum=1.01 >= 0.97
[Ticker] KXETH15M-26APR031200-00
[Market] YES=0.75 | NO=0.28 | Sum=1.03
==================================================
Balance: $159.02 | Regime: CHOP | Session: 1W/0L (100%) | PnL: $+3.88
[Confidence] Score=3/10 | moderate_edge,coinbase_weak,peak_hour
[Timing] Window 10 min old — skipping
[Cycle] No signal — YES=0.75 is between 0.30 and 0.70, sum=1.03 >= 0.97
[Ticker] KXETH15M-26APR031200-00
[Market] YES=0.96 | NO=0.05 | Sum=1.01
==================================================
Balance: $159.02 | Regime: CHOP | Session: 1W/0L (100%) | PnL: $+3.88
[Confidence] Score=5/10 | extreme_edge,coinbase_weak,peak_hour
[Timing] Window 11 min old — skipping
[Cycle] No signal — YES=0.96 is between 0.30 and 0.70, sum=1.01 >= 0.97
[Ticker] KXETH15M-26APR031200-00
[Market] YES=0.99 | NO=0.01 | Sum=1.00
==================================================
Balance: $159.02 | Regime: CHOP | Session: 1W/0L (100%) | PnL: $+3.88
[Confidence] Score=5/10 | extreme_edge,coinbase_weak,peak_hour
[Timing] Window 12 min old — skipping
[Cycle] No signal — YES=0.99 is between 0.30 and 0.70, sum=1.00 >= 0.97
[Ticker] KXETH15M-26APR031200-00
[Market] YES=1.00 | NO=0.01 | Sum=1.01
==================================================
Balance: $159.02 | Regime: CHOP | Session: 1W/0L (100%) | PnL: $+3.88
[Confidence] Score=5/10 | extreme_edge,coinbase_weak,peak_hour
[Timing] Window 13 min old — skipping
[Cycle] No signal — YES=1.00 is between 0.30 and 0.70, sum=1.01 >= 0.97
[Ticker] KXETH15M-26APR031200-00
[Market] YES=1.00 | NO=0.00 | Sum=1.00
==================================================
Balance: $159.02 | Regime: CHOP | Session: 1W/0L (100%) | PnL: $+3.88
[Confidence] Score=5/10 | extreme_edge,coinbase_weak,peak_hour
[Timing] Window 14 min old — skipping
[Cycle] No signal — YES=1.00 is between 0.30 and 0.70, sum=1.00 >= 0.97
[Ticker] KXETH15M-26APR031215-15
[Market] YES=0.48 | NO=0.53 | Sum=1.01
==================================================
Balance: $159.02 | Regime: CHOP | Session: 1W/0L (100%) | PnL: $+3.88
[Cycle] No signal — YES=0.48 is between 0.30 and 0.70, sum=1.01 >= 0.97
[Ticker] KXETH15M-26APR031215-15
[Market] YES=0.49 | NO=0.53 | Sum=1.02
==================================================
Balance: $159.02 | Regime: CHOP | Session: 1W/0L (100%) | PnL: $+3.88
[Cycle] No signal — YES=0.49 is between 0.30 and 0.70, sum=1.02 >= 0.97
[Ticker] KXETH15M-26APR031215-15
[Market] YES=0.73 | NO=0.28 | Sum=1.01
==================================================
Balance: $159.02 | Regime: CHOP | Session: 1W/0L (100%) | PnL: $+3.88
[Confidence] Score=3/10 | moderate_edge,coinbase_weak,peak_hour
[Signal] UP candidate | yes=0.73 | waiting (1/2)
[Cycle] No signal — YES=0.73 is between 0.30 and 0.70, sum=1.01 >= 0.97
[Ticker] KXETH15M-26APR031215-15
[Market] YES=0.66 | NO=0.36 | Sum=1.02
==================================================
Balance: $159.02 | Regime: CHOP | Session: 1W/0L (100%) | PnL: $+3.88
[Cycle] No signal — YES=0.66 is between 0.30 and 0.70, sum=1.02 >= 0.97
[Ticker] KXETH15M-26APR031215-15
[Market] YES=0.64 | NO=0.38 | Sum=1.02
==================================================
Balance: $159.02 | Regime: CHOP | Session: 1W/0L (100%) | PnL: $+3.88
[Cycle] No signal — YES=0.64 is between 0.30 and 0.70, sum=1.02 >= 0.97
[Ticker] KXETH15M-26APR031215-15
[Market] YES=0.44 | NO=0.59 | Sum=1.03
==================================================
Balance: $159.02 | Regime: CHOP | Session: 1W/0L (100%) | PnL: $+3.88
[Cycle] No signal — YES=0.44 is between 0.30 and 0.70, sum=1.03 >= 0.97
[Ticker] KXETH15M-26APR031215-15
[Market] YES=0.34 | NO=0.67 | Sum=1.01
==================================================
Balance: $159.02 | Regime: CHOP | Session: 1W/0L (100%) | PnL: $+3.88
[Cycle] No signal — YES=0.34 is between 0.30 and 0.70, sum=1.01 >= 0.97
[Ticker] KXETH15M-26APR031215-15
[Market] YES=0.25 | NO=0.78 | Sum=1.03
==================================================
Balance: $159.02 | Regime: CHOP | Session: 1W/0L (100%) | PnL: $+3.88
[Confidence] Score=4/10 | moderate_edge,coinbase_weak,2of3_agree,peak_hour
[Timing] Window 7 min old — skipping
[Cycle] No signal — YES=0.25 is between 0.30 and 0.70, sum=1.03 >= 0.97
[Ticker] KXETH15M-26APR031215-15
[Market] YES=0.43 | NO=0.59 | Sum=1.02
==================================================
Balance: $159.02 | Regime: CHOP | Session: 1W/0L (100%) | PnL: $+3.88
[Cycle] No signal — YES=0.43 is between 0.30 and 0.70, sum=1.02 >= 0.97
[Ticker] KXETH15M-26APR031215-15
[Market] YES=0.49 | NO=0.54 | Sum=1.03
==================================================
Balance: $159.02 | Regime: CHOP | Session: 1W/0L (100%) | PnL: $+3.88
[Cycle] No signal — YES=0.49 is between 0.30 and 0.70, sum=1.03 >= 0.97
[Ticker] KXETH15M-26APR031215-15
[Market] YES=0.29 | NO=0.73 | Sum=1.02
==================================================
Balance: $159.02 | Regime: CHOP | Session: 1W/0L (100%) | PnL: $+3.88
[Confidence] Score=3/10 | moderate_edge,coinbase_weak,peak_hour
[Timing] Window 10 min old — skipping
[Cycle] No signal — YES=0.29 is between 0.30 and 0.70, sum=1.02 >= 0.97

==================================================
OpenClaw ETH Bot v4.0 — LIVE
[Startup] Live balance synced: $159.02
Balance: $159.02 | MaxBet: $15.90 | Threshold: <0.30 or >0.70
==================================================

[Startup] Resting orders cleared
[Ticker] KXETH15M-26APR031215-15
[Market] YES=0.18 | NO=0.85 | Sum=1.03
==================================================
Balance: $159.02 | Regime: CHOP | Session: 0W/0L (0%) | PnL: $+0.00
[Confidence] Score=6/10 | strong_edge,coinbase_weak,all3_agree,peak_hour
[Timing] Window 11 min old — skipping
[Cycle] No signal — YES=0.18 is between 0.30 and 0.70, sum=1.03 >= 0.97
[Ticker] KXETH15M-26APR031215-15
[Market] YES=0.53 | NO=0.52 | Sum=1.05
==================================================
Balance: $159.02 | Regime: CHOP | Session: 0W/0L (0%) | PnL: $+0.00
[Cycle] No signal — YES=0.53 is between 0.30 and 0.70, sum=1.05 >= 0.97
[Ticker] KXETH15M-26APR031215-15
[Market] YES=0.88 | NO=0.15 | Sum=1.03
==================================================
Balance: $159.02 | Regime: CHOP | Session: 0W/0L (0%) | PnL: $+0.00
[Confidence] Score=4/10 | strong_edge,coinbase_weak,peak_hour
[Timing] Window 13 min old — skipping
[Cycle] No signal — YES=0.88 is between 0.30 and 0.70, sum=1.03 >= 0.97
[Ticker] KXETH15M-26APR031215-15
[Market] YES=1.00 | NO=0.00 | Sum=1.00
==================================================
Balance: $159.02 | Regime: CHOP | Session: 0W/0L (0%) | PnL: $+0.00
[Confidence] Score=5/10 | extreme_edge,coinbase_weak,peak_hour
[Timing] Window 14 min old — skipping
[Cycle] No signal — YES=1.00 is between 0.30 and 0.70, sum=1.00 >= 0.97
[Ticker] KXETH15M-26APR031230-30
[Market] YES=0.57 | NO=0.46 | Sum=1.03
==================================================
Balance: $159.02 | Regime: CHOP | Session: 0W/0L (0%) | PnL: $+0.00
[Cycle] No signal — YES=0.57 is between 0.30 and 0.70, sum=1.03 >= 0.97
[Ticker] KXETH15M-26APR031230-30
[Market] YES=0.63 | NO=0.38 | Sum=1.01
==================================================
Balance: $159.02 | Regime: CHOP | Session: 0W/0L (0%) | PnL: $+0.00
[Cycle] No signal — YES=0.63 is between 0.30 and 0.70, sum=1.01 >= 0.97
[Ticker] KXETH15M-26APR031230-30
[Market] YES=0.59 | NO=0.44 | Sum=1.03
==================================================
Balance: $159.02 | Regime: CHOP | Session: 0W/0L (0%) | PnL: $+0.00
[Cycle] No signal — YES=0.59 is between 0.30 and 0.70, sum=1.03 >= 0.97
[Ticker] KXETH15M-26APR031230-30
[Market] YES=0.76 | NO=0.26 | Sum=1.02
==================================================
Balance: $159.02 | Regime: CHOP | Session: 0W/0L (0%) | PnL: $+0.00
[Confidence] Score=4/10 | moderate_edge,coinbase_weak,2of3_agree,peak_hour
[Signal] UP candidate | yes=0.76 | waiting (1/2)
[Cycle] No signal — YES=0.76 is between 0.30 and 0.70, sum=1.02 >= 0.97
[Ticker] KXETH15M-26APR031230-30
[Market] YES=0.71 | NO=0.30 | Sum=1.01
==================================================
Balance: $159.02 | Regime: CHOP | Session: 0W/0L (0%) | PnL: $+0.00
[Confidence] Score=3/10 | moderate_edge,coinbase_weak,peak_hour
[Coinbase] Confirms UP | $2054 gap=+1 (0.07%)
[Correlation] 2/3 agree UP
[Signal] CONFIRMED UP | yes=0.71 | edge=0.21 | bet=$3.34
[Order] KXETH15M-26APR031230-30 | yes | count=6 | $3.34
[Order] Failed: (400)
Reason: Bad Request
HTTP response headers: HTTPHeaderDict({'Content-Type': 'application/json; charset=utf-8', 'Content-Length': '166', 'Connection': 'keep-alive', 'Date': 'Fri, 03 Apr 2026 16:19:41 GMT', 'x-content-type-options': 'nosniff', 'content-security-policy': "default-src 'none';", 'strict-transport-security': 'max-age=31536000; includeSubDomains', 'X-Cache': 'Error from cloudfront', 'Via': '1.1 dedf8f82a63be28fe4cc799f6c4bfc08.cloudfront.net (CloudFront)', 'X-Amz-Cf-Pop': 'JFK50-P1', 'X-Amz-Cf-Id': 'OD-ew4kaFyigZzTy6n1JSPKN6r1cOiltBe8V961zK3aj2KXmiAOP7g=='})
HTTP response body: {"error":{"code":"invalid_order","message":"invalid order","details":"exactly one of yes_price, no_price, yes_price_dollars, or no_price_dollars should be provided"}}

[Cycle] No signal — YES=0.71 is between 0.30 and 0.70, sum=1.01 >= 0.97
[Cooldown] 2 cycles remaining
[Cooldown] 1 cycles remaining
[Ticker] KXETH15M-26APR031230-30
[Market] YES=0.86 | NO=0.15 | Sum=1.01
==================================================
Balance: $159.02 | Regime: CHOP | Session: 0W/0L (0%) | PnL: $+0.00
[Confidence] Score=4/10 | strong_edge,coinbase_weak,peak_hour
[Timing] Window 7 min old — skipping
[Cycle] No signal — YES=0.86 is between 0.30 and 0.70, sum=1.01 >= 0.97
[Ticker] KXETH15M-26APR031230-30
[Market] YES=0.82 | NO=0.24 | Sum=1.06
==================================================
Balance: $159.02 | Regime: CHOP | Session: 0W/0L (0%) | PnL: $+0.00
[Confidence] Score=4/10 | strong_edge,coinbase_weak,peak_hour
[Timing] Window 8 min old — skipping
[Cycle] No signal — YES=0.82 is between 0.30 and 0.70, sum=1.06 >= 0.97
[Ticker] KXETH15M-26APR031230-30
[Market] YES=0.74 | NO=0.29 | Sum=1.03
==================================================
Balance: $159.02 | Regime: CHOP | Session: 0W/0L (0%) | PnL: $+0.00
[Confidence] Score=3/10 | moderate_edge,coinbase_weak,peak_hour
[Timing] Window 9 min old — skipping
[Cycle] No signal — YES=0.74 is between 0.30 and 0.70, sum=1.03 >= 0.97
[Ticker] KXETH15M-26APR031230-30
[Market] YES=0.86 | NO=0.15 | Sum=1.01
==================================================
Balance: $159.02 | Regime: CHOP | Session: 0W/0L (0%) | PnL: $+0.00
[Confidence] Score=4/10 | strong_edge,coinbase_weak,peak_hour
[Timing] Window 10 min old — skipping
[Cycle] No signal — YES=0.86 is between 0.30 and 0.70, sum=1.01 >= 0.97
[Ticker] KXETH15M-26APR031230-30
[Market] YES=0.97 | NO=0.05 | Sum=1.02
==================================================
Balance: $159.02 | Regime: CHOP | Session: 0W/0L (0%) | PnL: $+0.00
[Confidence] Score=5/10 | extreme_edge,coinbase_weak,peak_hour
[Timing] Window 11 min old — skipping
[Cycle] No signal — YES=0.97 is between 0.30 and 0.70, sum=1.02 >= 0.97
[Ticker] KXETH15M-26APR031230-30
[Market] YES=0.97 | NO=0.04 | Sum=1.01
==================================================
Balance: $159.02 | Regime: CHOP | Session: 0W/0L (0%) | PnL: $+0.00
[Confidence] Score=5/10 | extreme_edge,coinbase_weak,peak_hour
[Timing] Window 12 min old — skipping
[Cycle] No signal — YES=0.97 is between 0.30 and 0.70, sum=1.01 >= 0.97
[Ticker] KXETH15M-26APR031230-30
[Market] YES=1.00 | NO=0.00 | Sum=1.00
==================================================
Balance: $159.02 | Regime: CHOP | Session: 0W/0L (0%) | PnL: $+0.00
[Confidence] Score=5/10 | extreme_edge,coinbase_weak,peak_hour
[Timing] Window 13 min old — skipping
[Cycle] No signal — YES=1.00 is between 0.30 and 0.70, sum=1.00 >= 0.97
[Ticker] KXETH15M-26APR031230-30
[Market] YES=1.00 | NO=0.00 | Sum=1.00
==================================================
Balance: $159.02 | Regime: CHOP | Session: 0W/0L (0%) | PnL: $+0.00
[Confidence] Score=5/10 | extreme_edge,coinbase_weak,peak_hour
[Timing] Window 14 min old — skipping
[Cycle] No signal — YES=1.00 is between 0.30 and 0.70, sum=1.00 >= 0.97
[Ticker] KXETH15M-26APR031245-45
[Market] YES=0.53 | NO=0.51 | Sum=1.04
==================================================
Balance: $159.02 | Regime: CHOP | Session: 0W/0L (0%) | PnL: $+0.00
[Cycle] No signal — YES=0.53 is between 0.30 and 0.70, sum=1.04 >= 0.97
[Ticker] KXETH15M-26APR031245-45
[Market] YES=0.45 | NO=0.57 | Sum=1.02
==================================================
Balance: $159.02 | Regime: CHOP | Session: 0W/0L (0%) | PnL: $+0.00
[Cycle] No signal — YES=0.45 is between 0.30 and 0.70, sum=1.02 >= 0.97
[Ticker] KXETH15M-26APR031245-45
[Market] YES=0.43 | NO=0.61 | Sum=1.04
==================================================
Balance: $159.02 | Regime: CHOP | Session: 0W/0L (0%) | PnL: $+0.00
[Cycle] No signal — YES=0.43 is between 0.30 and 0.70, sum=1.04 >= 0.97
[Ticker] KXETH15M-26APR031245-45
[Market] YES=0.39 | NO=0.64 | Sum=1.03
==================================================
Balance: $159.02 | Regime: CHOP | Session: 0W/0L (0%) | PnL: $+0.00
[Cycle] No signal — YES=0.39 is between 0.30 and 0.70, sum=1.03 >= 0.97
[Ticker] KXETH15M-26APR031245-45
[Market] YES=0.29 | NO=0.73 | Sum=1.02
==================================================
Balance: $159.02 | Regime: CHOP | Session: 0W/0L (0%) | PnL: $+0.00
[Confidence] Score=4/10 | moderate_edge,coinbase_weak,2of3_agree,peak_hour
[Signal] DOWN candidate | yes=0.29 | waiting (1/2)
[Cycle] No signal — YES=0.29 is between 0.30 and 0.70, sum=1.02 >= 0.97
[Ticker] KXETH15M-26APR031245-45
[Market] YES=0.36 | NO=0.65 | Sum=1.01
==================================================
Balance: $159.02 | Regime: CHOP | Session: 0W/0L (0%) | PnL: $+0.00
[Cycle] No signal — YES=0.36 is between 0.30 and 0.70, sum=1.01 >= 0.97
[Ticker] KXETH15M-26APR031245-45
[Market] YES=0.51 | NO=0.52 | Sum=1.03
==================================================
Balance: $159.02 | Regime: CHOP | Session: 0W/0L (0%) | PnL: $+0.00
[Cycle] No signal — YES=0.51 is between 0.30 and 0.70, sum=1.03 >= 0.97
[Ticker] KXETH15M-26APR031245-45
[Market] YES=0.18 | NO=0.84 | Sum=1.02
==================================================
Balance: $159.02 | Regime: CHOP | Session: 0W/0L (0%) | PnL: $+0.00
[Confidence] Score=6/10 | strong_edge,coinbase_weak,all3_agree,peak_hour
[Timing] Window 7 min old — skipping
[Cycle] No signal — YES=0.18 is between 0.30 and 0.70, sum=1.02 >= 0.97
[Ticker] KXETH15M-26APR031245-45
[Market] YES=0.22 | NO=0.82 | Sum=1.04
==================================================
Balance: $159.02 | Regime: CHOP | Session: 0W/0L (0%) | PnL: $+0.00
[Confidence] Score=5/10 | moderate_edge,coinbase_weak,all3_agree,peak_hour
[Timing] Window 8 min old — skipping
[Cycle] No signal — YES=0.22 is between 0.30 and 0.70, sum=1.04 >= 0.97
[Ticker] KXETH15M-26APR031245-45
[Market] YES=0.22 | NO=0.79 | Sum=1.01
==================================================
Balance: $159.02 | Regime: CHOP | Session: 0W/0L (0%) | PnL: $+0.00
[Confidence] Score=5/10 | moderate_edge,coinbase_weak,all3_agree,peak_hour
[Timing] Window 9 min old — skipping
[Cycle] No signal — YES=0.22 is between 0.30 and 0.70, sum=1.01 >= 0.97
[Ticker] KXETH15M-26APR031245-45
[Market] YES=0.07 | NO=0.95 | Sum=1.02
==================================================
Balance: $159.02 | Regime: CHOP | Session: 0W/0L (0%) | PnL: $+0.00
[Confidence] Score=6/10 | strong_edge,coinbase_weak,all3_agree,peak_hour
[Timing] Window 10 min old — skipping
[Cycle] No signal — YES=0.07 is between 0.30 and 0.70, sum=1.02 >= 0.97
[Ticker] KXETH15M-26APR031245-45
[Market] YES=0.12 | NO=0.90 | Sum=1.02
==================================================
Balance: $159.02 | Regime: CHOP | Session: 0W/0L (0%) | PnL: $+0.00
[Confidence] Score=6/10 | strong_edge,coinbase_weak,all3_agree,peak_hour
[Timing] Window 11 min old — skipping
[Cycle] No signal — YES=0.12 is between 0.30 and 0.70, sum=1.02 >= 0.97
[Ticker] KXETH15M-26APR031245-45
[Market] YES=0.01 | NO=0.99 | Sum=1.00
==================================================
Balance: $159.02 | Regime: CHOP | Session: 0W/0L (0%) | PnL: $+0.00
[Confidence] Score=7/10 | extreme_edge,coinbase_weak,all3_agree,peak_hour
[Timing] Window 12 min old — skipping
[Cycle] No signal — YES=0.01 is between 0.30 and 0.70, sum=1.00 >= 0.97
[Ticker] KXETH15M-26APR031245-45
[Market] YES=0.00 | NO=1.00 | Sum=1.00
==================================================
Balance: $159.02 | Regime: CHOP | Session: 0W/0L (0%) | PnL: $+0.00
[Confidence] Score=7/10 | extreme_edge,coinbase_weak,all3_agree,peak_hour
[Timing] Window 13 min old — skipping
[Cycle] No signal — YES=0.00 is between 0.30 and 0.70, sum=1.00 >= 0.97
[Ticker] KXETH15M-26APR031245-45
[Market] YES=0.00 | NO=1.00 | Sum=1.00
==================================================
Balance: $159.02 | Regime: CHOP | Session: 0W/0L (0%) | PnL: $+0.00
[Confidence] Score=7/10 | extreme_edge,coinbase_weak,all3_agree,peak_hour
[Timing] Window 14 min old — skipping
[Cycle] No signal — YES=0.00 is between 0.30 and 0.70, sum=1.00 >= 0.97
[Ticker] KXETH15M-26APR031300-00
[Market] YES=0.56 | NO=0.48 | Sum=1.04
==================================================
Balance: $159.02 | Regime: CHOP | Session: 0W/0L (0%) | PnL: $+0.00
[Cycle] No signal — YES=0.56 is between 0.30 and 0.70, sum=1.04 >= 0.97
[Ticker] KXETH15M-26APR031300-00
[Market] YES=0.59 | NO=0.43 | Sum=1.02
==================================================
Balance: $159.02 | Regime: CHOP | Session: 0W/0L (0%) | PnL: $+0.00
[Cycle] No signal — YES=0.59 is between 0.30 and 0.70, sum=1.02 >= 0.97
[Ticker] KXETH15M-26APR031300-00
[Market] YES=0.63 | NO=0.38 | Sum=1.01
==================================================
Balance: $159.02 | Regime: CHOP | Session: 0W/0L (0%) | PnL: $+0.00
[Cycle] No signal — YES=0.63 is between 0.30 and 0.70, sum=1.01 >= 0.97

==================================================
OpenClaw ETH Bot v4.0 — LIVE
[Startup] Live balance synced: $159.02
Balance: $159.02 | MaxBet: $15.90 | Threshold: <0.30 or >0.70
==================================================

[Startup] Resting orders cleared
[Ticker] KXETH15M-26APR031300-00
[Market] YES=0.61 | NO=0.43 | Sum=1.04
==================================================
Balance: $159.02 | Regime: CHOP | Session: 0W/0L (0%) | PnL: $+0.00
[Cycle] No signal — YES=0.61 is between 0.30 and 0.70, sum=1.04 >= 0.97
[Ticker] KXETH15M-26APR031300-00
[Market] YES=0.76 | NO=0.25 | Sum=1.01
==================================================
Balance: $159.02 | Regime: CHOP | Session: 0W/0L (0%) | PnL: $+0.00
[Confidence] Score=3/10 | moderate_edge,coinbase_weak,peak_hour
[Signal] UP candidate | yes=0.76 | waiting (1/2)
[Cycle] No signal — YES=0.76 is between 0.30 and 0.70, sum=1.01 >= 0.97
[Ticker] KXETH15M-26APR031300-00
[Market] YES=0.87 | NO=0.16 | Sum=1.03
==================================================
Balance: $159.02 | Regime: CHOP | Session: 0W/0L (0%) | PnL: $+0.00
[Confidence] Score=4/10 | strong_edge,coinbase_weak,peak_hour
[Timing] Window 5 min old — skipping
[Cycle] No signal — YES=0.87 is between 0.30 and 0.70, sum=1.03 >= 0.97
[Ticker] KXETH15M-26APR031300-00
[Market] YES=0.93 | NO=0.08 | Sum=1.01
==================================================
Balance: $159.02 | Regime: CHOP | Session: 0W/0L (0%) | PnL: $+0.00
[Confidence] Score=5/10 | strong_edge,coinbase_weak,2of3_agree,peak_hour
[Timing] Window 6 min old — skipping
[Cycle] No signal — YES=0.93 is between 0.30 and 0.70, sum=1.01 >= 0.97
[Ticker] KXETH15M-26APR031300-00
[Market] YES=0.96 | NO=0.05 | Sum=1.00
==================================================
Balance: $159.02 | Regime: CHOP | Session: 0W/0L (0%) | PnL: $+0.00
[Confidence] Score=5/10 | extreme_edge,coinbase_weak,peak_hour
[Timing] Window 7 min old — skipping
[Cycle] No signal — YES=0.96 is between 0.30 and 0.70, sum=1.00 >= 0.97
[Ticker] KXETH15M-26APR031300-00
[Market] YES=0.95 | NO=0.07 | Sum=1.02
==================================================
Balance: $159.02 | Regime: CHOP | Session: 0W/0L (0%) | PnL: $+0.00
[Confidence] Score=5/10 | extreme_edge,coinbase_weak,peak_hour
[Timing] Window 8 min old — skipping
[Cycle] No signal — YES=0.95 is between 0.30 and 0.70, sum=1.02 >= 0.97
[Ticker] KXETH15M-26APR031300-00
[Market] YES=0.96 | NO=0.05 | Sum=1.01
==================================================
Balance: $159.02 | Regime: CHOP | Session: 0W/0L (0%) | PnL: $+0.00
[Confidence] Score=5/10 | extreme_edge,coinbase_weak,peak_hour
[Timing] Window 9 min old — skipping
[Cycle] No signal — YES=0.96 is between 0.30 and 0.70, sum=1.01 >= 0.97
[Ticker] KXETH15M-26APR031300-00
[Market] YES=0.98 | NO=0.03 | Sum=1.01
==================================================
Balance: $159.02 | Regime: CHOP | Session: 0W/0L (0%) | PnL: $+0.00
[Confidence] Score=5/10 | extreme_edge,coinbase_weak,peak_hour
[Timing] Window 10 min old — skipping
[Cycle] No signal — YES=0.98 is between 0.30 and 0.70, sum=1.01 >= 0.97
[Ticker] KXETH15M-26APR031300-00
[Market] YES=0.99 | NO=0.02 | Sum=1.01
==================================================
Balance: $159.02 | Regime: CHOP | Session: 0W/0L (0%) | PnL: $+0.00
[Confidence] Score=5/10 | extreme_edge,coinbase_weak,peak_hour
[Timing] Window 11 min old — skipping
[Cycle] No signal — YES=0.99 is between 0.30 and 0.70, sum=1.01 >= 0.97
[Ticker] KXETH15M-26APR031300-00
[Market] YES=0.99 | NO=0.02 | Sum=1.01
==================================================
Balance: $159.02 | Regime: CHOP | Session: 0W/0L (0%) | PnL: $+0.00
[Confidence] Score=5/10 | extreme_edge,coinbase_weak,peak_hour
[Timing] Window 12 min old — skipping
[Cycle] No signal — YES=0.99 is between 0.30 and 0.70, sum=1.01 >= 0.97
[Ticker] KXETH15M-26APR031300-00
[Market] YES=1.00 | NO=0.00 | Sum=1.00
==================================================
Balance: $159.02 | Regime: CHOP | Session: 0W/0L (0%) | PnL: $+0.00
[Confidence] Score=5/10 | extreme_edge,coinbase_weak,peak_hour
[Timing] Window 13 min old — skipping
[Cycle] No signal — YES=1.00 is between 0.30 and 0.70, sum=1.00 >= 0.97
[Ticker] KXETH15M-26APR031300-00
[Market] YES=1.00 | NO=0.00 | Sum=1.00
==================================================
Balance: $159.02 | Regime: CHOP | Session: 0W/0L (0%) | PnL: $+0.00
[Confidence] Score=5/10 | extreme_edge,coinbase_weak,peak_hour
[Timing] Window 14 min old — skipping
[Cycle] No signal — YES=1.00 is between 0.30 and 0.70, sum=1.00 >= 0.97
[Ticker] KXETH15M-26APR031300-00
[Market] YES=1.00 | NO=0.00 | Sum=1.00
==================================================
Balance: $159.02 | Regime: CHOP | Session: 0W/0L (0%) | PnL: $+0.00
[Confidence] Score=4/10 | extreme_edge,coinbase_weak
[Timing] Window 0 min old — skipping
[Cycle] No signal — YES=1.00 is between 0.30 and 0.70, sum=1.00 >= 0.97
[Ticker] KXETH15M-26APR031315-15
[Market] YES=0.48 | NO=0.53 | Sum=1.01
==================================================
Balance: $159.02 | Regime: CHOP | Session: 0W/0L (0%) | PnL: $+0.00
[Cycle] No signal — YES=0.48 is between 0.30 and 0.70, sum=1.01 >= 0.97
[Ticker] KXETH15M-26APR031315-15
[Market] YES=0.34 | NO=0.68 | Sum=1.02
==================================================
Balance: $159.02 | Regime: CHOP | Session: 0W/0L (0%) | PnL: $+0.00
[Cycle] No signal — YES=0.34 is between 0.30 and 0.70, sum=1.02 >= 0.97
[Ticker] KXETH15M-26APR031315-15
[Market] YES=0.25 | NO=0.76 | Sum=1.01
==================================================
Balance: $159.02 | Regime: CHOP | Session: 0W/0L (0%) | PnL: $+0.00
[Confidence] Score=4/10 | moderate_edge,coinbase_weak,all3_agree
[Signal] DOWN candidate | yes=0.25 | waiting (1/2)
[Cycle] No signal — YES=0.25 is between 0.30 and 0.70, sum=1.01 >= 0.97
[Ticker] KXETH15M-26APR031315-15
[Market] YES=0.17 | NO=0.84 | Sum=1.01
==================================================
Balance: $159.02 | Regime: CHOP | Session: 0W/0L (0%) | PnL: $+0.00
[Confidence] Score=5/10 | strong_edge,coinbase_weak,all3_agree
[Coinbase] Confirms DOWN | $2053 gap=-2 (0.11%)
[Kraken] Divergence 3162.03% — bet trimmed
[Correlation] All 3 agree — bet boosted
[Signal] CONFIRMED DOWN | yes=0.17 | edge=0.33 | bet=$2.98
[Order] KXETH15M-26APR031315-15 | no | count=5 | $2.98
[Order] Failed: (400)
Reason: Bad Request
HTTP response headers: HTTPHeaderDict({'Content-Type': 'application/json; charset=utf-8', 'Content-Length': '166', 'Connection': 'keep-alive', 'Date': 'Fri, 03 Apr 2026 17:04:06 GMT', 'x-content-type-options': 'nosniff', 'content-security-policy': "default-src 'none';", 'strict-transport-security': 'max-age=31536000; includeSubDomains', 'X-Cache': 'Error from cloudfront', 'Via': '1.1 e60ffc5cb1078c77d0ecabfc06b14cd0.cloudfront.net (CloudFront)', 'X-Amz-Cf-Pop': 'JFK50-P1', 'X-Amz-Cf-Id': 'buWInVe0GCGHAp-D7nTgojYOmjHkNt81iO0ToQmch5yK_spt6CKErg=='})
HTTP response body: {"error":{"code":"invalid_order","message":"invalid order","details":"exactly one of yes_price, no_price, yes_price_dollars, or no_price_dollars should be provided"}}

[Cycle] No signal — YES=0.17 is between 0.30 and 0.70, sum=1.01 >= 0.97
[Cooldown] 2 cycles remaining
[Cooldown] 1 cycles remaining
[Ticker] KXETH15M-26APR031315-15
[Market] YES=0.11 | NO=0.90 | Sum=1.01
==================================================
Balance: $159.02 | Regime: CHOP | Session: 0W/0L (0%) | PnL: $+0.00
[Confidence] Score=5/10 | strong_edge,coinbase_weak,all3_agree
[Timing] Window 7 min old — skipping
[Cycle] No signal — YES=0.11 is between 0.30 and 0.70, sum=1.01 >= 0.97
[Ticker] KXETH15M-26APR031315-15
[Market] YES=0.17 | NO=0.85 | Sum=1.02
==================================================
Balance: $159.02 | Regime: CHOP | Session: 0W/0L (0%) | PnL: $+0.00
[Confidence] Score=5/10 | strong_edge,coinbase_weak,all3_agree
[Timing] Window 8 min old — skipping
[Cycle] No signal — YES=0.17 is between 0.30 and 0.70, sum=1.02 >= 0.97
[Ticker] KXETH15M-26APR031315-15
[Market] YES=0.21 | NO=0.81 | Sum=1.02
==================================================
Balance: $159.02 | Regime: CHOP | Session: 0W/0L (0%) | PnL: $+0.00
[Confidence] Score=4/10 | moderate_edge,coinbase_weak,all3_agree
[Timing] Window 9 min old — skipping
[Cycle] No signal — YES=0.21 is between 0.30 and 0.70, sum=1.02 >= 0.97
[Ticker] KXETH15M-26APR031315-15
[Market] YES=0.35 | NO=0.68 | Sum=1.03
==================================================
Balance: $159.02 | Regime: CHOP | Session: 0W/0L (0%) | PnL: $+0.00
[Cycle] No signal — YES=0.35 is between 0.30 and 0.70, sum=1.03 >= 0.97
[Ticker] KXETH15M-26APR031315-15
[Market] YES=0.56 | NO=0.47 | Sum=1.03
==================================================
Balance: $159.02 | Regime: CHOP | Session: 0W/0L (0%) | PnL: $+0.00
[Cycle] No signal — YES=0.56 is between 0.30 and 0.70, sum=1.03 >= 0.97
[Ticker] KXETH15M-26APR031315-15
[Market] YES=0.37 | NO=0.71 | Sum=1.08
==================================================
Balance: $159.02 | Regime: CHOP | Session: 0W/0L (0%) | PnL: $+0.00
[Cycle] No signal — YES=0.37 is between 0.30 and 0.70, sum=1.08 >= 0.97
[Ticker] KXETH15M-26APR031315-15
[Market] YES=0.27 | NO=0.76 | Sum=1.03
==================================================
Balance: $159.02 | Regime: CHOP | Session: 0W/0L (0%) | PnL: $+0.00
[Confidence] Score=3/10 | moderate_edge,all3_agree
[Timing] Window 13 min old — skipping
[Cycle] No signal — YES=0.27 is between 0.30 and 0.70, sum=1.03 >= 0.97
[Ticker] KXETH15M-26APR031315-15
[Market] YES=0.03 | NO=0.98 | Sum=1.01
==================================================
Balance: $159.02 | Regime: CHOP | Session: 0W/0L (0%) | PnL: $+0.00
[Confidence] Score=5/10 | extreme_edge,all3_agree
[Timing] Window 14 min old — skipping
[Cycle] No signal — YES=0.03 is between 0.30 and 0.70, sum=1.01 >= 0.97
[Ticker] KXETH15M-26APR031315-15
[Market] YES=0.00 | NO=1.00 | Sum=1.00
==================================================
Balance: $159.02 | Regime: CHOP | Session: 0W/0L (0%) | PnL: $+0.00
[Confidence] Score=5/10 | extreme_edge,all3_agree
[Timing] Window 0 min old — skipping
[Cycle] No signal — YES=0.00 is between 0.30 and 0.70, sum=1.00 >= 0.97
[Ticker] KXETH15M-26APR031330-30
[Market] YES=0.20 | NO=0.81 | Sum=1.01
==================================================
Balance: $159.02 | Regime: CHOP | Session: 0W/0L (0%) | PnL: $+0.00
[Confidence] Score=4/10 | strong_edge,coinbase_weak,2of3_agree
[Signal] STRONG_MIN1 DOWN | yes=0.20 | edge=0.30 | confirmed | firing early
[Coinbase] Confirms DOWN | $2052 gap=-2 (0.07%)
[Kraken] Divergence 3161.70% — bet trimmed
[Correlation] 2/3 agree DOWN
[Signal] CONFIRMED DOWN | yes=0.20 | edge=0.30 | bet=$2.25
[Order] KXETH15M-26APR031330-30 | no | count=4 | $2.25
[Order] Failed: (400)
Reason: Bad Request
HTTP response headers: HTTPHeaderDict({'Content-Type': 'application/json; charset=utf-8', 'Content-Length': '166', 'Connection': 'keep-alive', 'Date': 'Fri, 03 Apr 2026 17:16:04 GMT', 'x-content-type-options': 'nosniff', 'content-security-policy': "default-src 'none';", 'strict-transport-security': 'max-age=31536000; includeSubDomains', 'X-Cache': 'Error from cloudfront', 'Via': '1.1 80d5d65d27a0450c8f0018381b103d7a.cloudfront.net (CloudFront)', 'X-Amz-Cf-Pop': 'JFK50-P1', 'X-Amz-Cf-Id': 'Zxg8086vwsWbdSq-1P_Uicj_h3y-v7AMZ-kOCqt_k3BwhDmoujELvg=='})
HTTP response body: {"error":{"code":"invalid_order","message":"invalid order","details":"exactly one of yes_price, no_price, yes_price_dollars, or no_price_dollars should be provided"}}

[Cycle] No signal — YES=0.20 is between 0.30 and 0.70, sum=1.01 >= 0.97
[Cooldown] 2 cycles remaining
[Cooldown] 1 cycles remaining
[Ticker] KXETH15M-26APR031330-30
[Market] YES=0.05 | NO=0.97 | Sum=1.02
==================================================
Balance: $159.02 | Regime: CHOP | Session: 0W/0L (0%) | PnL: $+0.00
[Confidence] Score=4/10 | strong_edge,coinbase_weak,2of3_agree
[Signal] DOWN candidate | yes=0.05 | waiting (1/2)
[Cycle] No signal — YES=0.05 is between 0.30 and 0.70, sum=1.02 >= 0.97
[Ticker] KXETH15M-26APR031330-30
[Market] YES=0.05 | NO=0.96 | Sum=1.01
==================================================
Balance: $159.02 | Regime: CHOP | Session: 0W/0L (0%) | PnL: $+0.00
[Confidence] Score=6/10 | extreme_edge,coinbase_weak,all3_agree
[Timing] Window 5 min old — skipping
[Cycle] No signal — YES=0.05 is between 0.30 and 0.70, sum=1.01 >= 0.97
[Ticker] KXETH15M-26APR031330-30
[Market] YES=0.05 | NO=0.96 | Sum=1.01
==================================================
Balance: $159.02 | Regime: CHOP | Session: 0W/0L (0%) | PnL: $+0.00
[Confidence] Score=6/10 | extreme_edge,coinbase_weak,all3_agree
[Timing] Window 6 min old — skipping
[Cycle] No signal — YES=0.05 is between 0.30 and 0.70, sum=1.01 >= 0.97
[Ticker] KXETH15M-26APR031330-30
[Market] YES=0.05 | NO=0.96 | Sum=1.01
==================================================
Balance: $159.02 | Regime: CHOP | Session: 0W/0L (0%) | PnL: $+0.00
[Confidence] Score=5/10 | extreme_edge,coinbase_weak,2of3_agree
[Timing] Window 7 min old — skipping
[Cycle] No signal — YES=0.05 is between 0.30 and 0.70, sum=1.01 >= 0.97
[Ticker] KXETH15M-26APR031330-30
[Market] YES=0.05 | NO=0.96 | Sum=1.01
==================================================
Balance: $159.02 | Regime: CHOP | Session: 0W/0L (0%) | PnL: $+0.00
[Confidence] Score=6/10 | extreme_edge,coinbase_weak,all3_agree
[Timing] Window 8 min old — skipping
[Cycle] No signal — YES=0.05 is between 0.30 and 0.70, sum=1.01 >= 0.97
[Ticker] KXETH15M-26APR031330-30
[Market] YES=0.04 | NO=0.98 | Sum=1.02
==================================================
Balance: $159.02 | Regime: CHOP | Session: 0W/0L (0%) | PnL: $+0.00
[Confidence] Score=6/10 | extreme_edge,coinbase_weak,all3_agree
[Timing] Window 9 min old — skipping
[Cycle] No signal — YES=0.04 is between 0.30 and 0.70, sum=1.02 >= 0.97
