nohup: ignoring input

==================================================
OpenClaw SOL Bot v1.0 — LIVE
Balance: $213.85 | MaxBet: $20.00 | ArbThreshold: 0.97 | Directional: <0.25 or >0.75
==================================================

[Startup] Resting orders cleared

==================================================
Cycle 1 | 2026-04-01 19:50:22
Balance: $213.85 | Regime: CHOP | Session: 0W/0L (0%) | PnL: $+0.00
[Ticker] KXSOL15M-26APR011600-00
[Market] YES=0.28 | NO=0.77 | Sum=1.05 | no arb
[Cycle] No signal — YES=0.28 is between 0.25 and 0.75, sum=1.05 ≥ 0.97

==================================================
Cycle 2 | 2026-04-01 19:51:23
Balance: $205.25 | Regime: CHOP | Session: 0W/0L (0%) | PnL: $+0.00
[Ticker] KXSOL15M-26APR011600-00
[Market] YES=0.11 | NO=0.90 | Sum=1.01 | no arb
[Timing] Window is 6 min old - skipping
[Cycle] No signal — YES=0.11 is between 0.25 and 0.75, sum=1.01 ≥ 0.97

==================================================
Cycle 3 | 2026-04-01 19:52:24
Balance: $205.25 | Regime: CHOP | Session: 0W/0L (0%) | PnL: $+0.00
[Ticker] KXSOL15M-26APR011600-00
[Market] YES=0.07 | NO=0.95 | Sum=1.02 | no arb
[Timing] Window is 7 min old - skipping
[Cycle] No signal — YES=0.07 is between 0.25 and 0.75, sum=1.02 ≥ 0.97

==================================================
Cycle 4 | 2026-04-01 19:53:26
Balance: $205.25 | Regime: CHOP | Session: 0W/0L (0%) | PnL: $+0.00
[Ticker] KXSOL15M-26APR011600-00
[Market] YES=0.07 | NO=0.95 | Sum=1.02 | no arb
[Timing] Window is 8 min old - skipping
[Cycle] No signal — YES=0.07 is between 0.25 and 0.75, sum=1.02 ≥ 0.97

==================================================
Cycle 5 | 2026-04-01 19:54:27
Balance: $205.25 | Regime: CHOP | Session: 0W/0L (0%) | PnL: $+0.00
[Ticker] KXSOL15M-26APR011600-00
[Market] YES=0.08 | NO=0.95 | Sum=1.03 | no arb
[Timing] Window is 9 min old - skipping
[Cycle] No signal — YES=0.08 is between 0.25 and 0.75, sum=1.03 ≥ 0.97

==================================================
Cycle 6 | 2026-04-01 19:55:28
Balance: $205.25 | Regime: CHOP | Session: 0W/0L (0%) | PnL: $+0.00
[Ticker] KXSOL15M-26APR011600-00
[Market] YES=0.12 | NO=0.92 | Sum=1.04 | no arb
[Timing] Window is 10 min old - skipping
[Cycle] No signal — YES=0.12 is between 0.25 and 0.75, sum=1.04 ≥ 0.97

==================================================
Cycle 7 | 2026-04-01 19:56:29
Balance: $205.25 | Regime: CHOP | Session: 0W/0L (0%) | PnL: $+0.00
[Ticker] KXSOL15M-26APR011600-00
[Market] YES=0.07 | NO=0.97 | Sum=1.04 | no arb
[Timing] Window is 11 min old - skipping
[Cycle] No signal — YES=0.07 is between 0.25 and 0.75, sum=1.04 ≥ 0.97

==================================================
Cycle 8 | 2026-04-01 19:57:30
Balance: $205.25 | Regime: CHOP | Session: 0W/0L (0%) | PnL: $+0.00
[Ticker] KXSOL15M-26APR011600-00
[Market] YES=0.02 | NO=0.99 | Sum=1.01 | no arb
[Timing] Window is 12 min old - skipping
[Cycle] No signal — YES=0.02 is between 0.25 and 0.75, sum=1.01 ≥ 0.97

==================================================
Cycle 9 | 2026-04-01 19:58:32
Balance: $205.25 | Regime: CHOP | Session: 0W/0L (0%) | PnL: $+0.00
[Ticker] KXSOL15M-26APR011600-00
[Market] YES=0.01 | NO=1.00 | Sum=1.00 | no arb
[Timing] Window is 13 min old - skipping
[Cycle] No signal — YES=0.01 is between 0.25 and 0.75, sum=1.00 ≥ 0.97

==================================================
Cycle 10 | 2026-04-01 19:59:33
Balance: $205.25 | Regime: CHOP | Session: 0W/0L (0%) | PnL: $+0.00
[Ticker] KXSOL15M-26APR011600-00
[Market] YES=0.00 | NO=1.00 | Sum=1.00 | no arb
[Timing] Window is 14 min old - skipping
[Cycle] No signal — YES=0.00 is between 0.25 and 0.75, sum=1.00 ≥ 0.97

==================================================
Cycle 11 | 2026-04-01 20:00:33
Balance: $205.25 | Regime: CHOP | Session: 0W/0L (0%) | PnL: $+0.00
[Ticker] KXSOL15M-26APR011600-00
[Market] YES=1.00 | NO=1.00 | Sum=2.00 | no arb
[Timing] Window is 0 min old - skipping
[Cycle] No signal — YES=1.00 is between 0.25 and 0.75, sum=2.00 ≥ 0.97

==================================================
Cycle 12 | 2026-04-01 20:01:34
Balance: $205.25 | Regime: CHOP | Session: 0W/0L (0%) | PnL: $+0.00
[Ticker] KXSOL15M-26APR011615-15
[Market] YES=0.50 | NO=0.54 | Sum=1.04 | no arb
[Cycle] No signal — YES=0.50 is between 0.25 and 0.75, sum=1.04 ≥ 0.97

==================================================
Cycle 13 | 2026-04-01 20:02:35
Balance: $205.25 | Regime: CHOP | Session: 0W/0L (0%) | PnL: $+0.00
[Ticker] KXSOL15M-26APR011615-15
[Market] YES=0.32 | NO=0.71 | Sum=1.03 | no arb
[Cycle] No signal — YES=0.32 is between 0.25 and 0.75, sum=1.03 ≥ 0.97

==================================================
Cycle 14 | 2026-04-01 20:03:36
Balance: $205.25 | Regime: CHOP | Session: 0W/0L (0%) | PnL: $+0.00
[Ticker] KXSOL15M-26APR011615-15
[Market] YES=0.19 | NO=0.82 | Sum=1.01 | no arb
[Signal] DOWN candidate | yes=0.19 | waiting for confirmation (1/2)
[Cycle] No signal — YES=0.19 is between 0.25 and 0.75, sum=1.01 ≥ 0.97

==================================================
Cycle 15 | 2026-04-01 20:04:37
Balance: $205.25 | Regime: CHOP | Session: 0W/0L (0%) | PnL: $+0.00
[Ticker] KXSOL15M-26APR011615-15
[Market] YES=0.06 | NO=0.95 | Sum=1.01 | no arb
[Binance] ✅ Confirms DOWN | spot=$83 strike=$84 gap=-1 (0.67%)
[Correlation] All 3 agree DOWN — bet boosted to $5.60
[Signal] ✅ CONFIRMED DOWN | yes=0.06 | edge=0.44 | consecutive=2 | bet=$5.60
[Order] → KXSOL15M-26APR011615-15 | no | count=11 | $5.60 | directional
✅ SOL DIRECTIONAL: DOWN $5.60 on KXSOL15M-26APR011615-15
[Positions] 1 still open

==================================================
Cycle 16 | 2026-04-01 20:05:41
Balance: $186.94 | Regime: CHOP | Session: 0W/0L (0%) | PnL: $+0.00
[Ticker] KXSOL15M-26APR011615-15
[Market] YES=0.06 | NO=0.95 | Sum=1.01 | no arb
[Safety] Daily loss 12.6% exceeds limit 12% — halting

Bot halted: Daily loss 12.6% exceeds limit 12%

==================================================
OpenClaw SOL Bot v1.0 — LIVE
Balance: $213.85 | MaxBet: $10.69 | ArbThreshold: 0.97 | Directional: <0.25 or >0.75
==================================================

[Startup] Restored position: KXSOL15M-26APR011615-15 $10.51 direction=DOWN
[Startup] Restored position: KXETH15M-26APR011615-15 $7.74 direction=DOWN
[Startup] Loaded 2 existing position(s)
[Startup] Resting orders cleared

==================================================
Cycle 1 | 2026-04-01 20:10:43
Balance: $213.85 | Regime: CHOP | Session: 0W/0L (0%) | PnL: $+0.00
[Ticker] KXSOL15M-26APR011615-15
[Market] YES=0.01 | NO=1.00 | Sum=1.00 | no arb
[Timing] Window is 10 min old - skipping
[Cycle] No signal — YES=0.01 is between 0.25 and 0.75, sum=1.00 ≥ 0.97
[Positions] 2 still open

==================================================
Cycle 2 | 2026-04-01 20:11:44
Balance: $186.94 | Regime: CHOP | Session: 0W/0L (0%) | PnL: $+0.00
[Ticker] KXSOL15M-26APR011615-15
[Market] YES=0.01 | NO=1.00 | Sum=1.00 | no arb
[Safety] Daily loss 12.6% exceeds limit 12% — halting

Bot halted: Daily loss 12.6% exceeds limit 12%

==================================================
OpenClaw SOL Bot v1.0 — LIVE
Balance: $213.85 | MaxBet: $10.69 | ArbThreshold: 0.97 | Directional: <0.25 or >0.75
==================================================

[Startup] Resting orders cleared

==================================================
Cycle 1 | 2026-04-01 20:16:15
Balance: $213.85 | Regime: CHOP | Session: 0W/0L (0%) | PnL: $+0.00
[Ticker] KXSOL15M-26APR011630-30
[Market] YES=0.48 | NO=0.56 | Sum=1.04 | no arb
[Cycle] No signal — YES=0.48 is between 0.25 and 0.75, sum=1.04 ≥ 0.97

==================================================
Cycle 2 | 2026-04-01 20:17:15
Balance: $205.94 | Regime: CHOP | Session: 0W/0L (0%) | PnL: $+0.00
[Ticker] KXSOL15M-26APR011630-30
[Market] YES=0.55 | NO=0.48 | Sum=1.03 | no arb
[Cycle] No signal — YES=0.55 is between 0.25 and 0.75, sum=1.03 ≥ 0.97

==================================================
Cycle 3 | 2026-04-01 20:18:16
Balance: $205.94 | Regime: CHOP | Session: 0W/0L (0%) | PnL: $+0.00
[Ticker] KXSOL15M-26APR011630-30
[Market] YES=0.47 | NO=0.57 | Sum=1.04 | no arb
[Cycle] No signal — YES=0.47 is between 0.25 and 0.75, sum=1.04 ≥ 0.97

==================================================
Cycle 4 | 2026-04-01 20:19:16
Balance: $205.94 | Regime: CHOP | Session: 0W/0L (0%) | PnL: $+0.00
[Ticker] KXSOL15M-26APR011630-30
[Market] YES=0.30 | NO=0.71 | Sum=1.01 | no arb
[Cycle] No signal — YES=0.30 is between 0.25 and 0.75, sum=1.01 ≥ 0.97

==================================================
Cycle 5 | 2026-04-01 20:20:16
Balance: $205.94 | Regime: CHOP | Session: 0W/0L (0%) | PnL: $+0.00
[Ticker] KXSOL15M-26APR011630-30
[Market] YES=0.41 | NO=0.61 | Sum=1.02 | no arb
[Cycle] No signal — YES=0.41 is between 0.25 and 0.75, sum=1.02 ≥ 0.97

==================================================
Cycle 6 | 2026-04-01 20:21:17
Balance: $205.94 | Regime: CHOP | Session: 0W/0L (0%) | PnL: $+0.00
[Ticker] KXSOL15M-26APR011630-30
[Market] YES=0.23 | NO=0.80 | Sum=1.03 | no arb
[Timing] Window is 6 min old - skipping
[Cycle] No signal — YES=0.23 is between 0.25 and 0.75, sum=1.03 ≥ 0.97

==================================================
Cycle 7 | 2026-04-01 20:22:17
Balance: $205.94 | Regime: CHOP | Session: 0W/0L (0%) | PnL: $+0.00
[Ticker] KXSOL15M-26APR011630-30
[Market] YES=0.22 | NO=0.82 | Sum=1.04 | no arb
[Timing] Window is 7 min old - skipping
[Cycle] No signal — YES=0.22 is between 0.25 and 0.75, sum=1.04 ≥ 0.97

==================================================
Cycle 8 | 2026-04-01 20:23:18
Balance: $205.94 | Regime: CHOP | Session: 0W/0L (0%) | PnL: $+0.00
[Ticker] KXSOL15M-26APR011630-30
[Market] YES=0.21 | NO=0.80 | Sum=1.01 | no arb
[Timing] Window is 8 min old - skipping
[Cycle] No signal — YES=0.21 is between 0.25 and 0.75, sum=1.01 ≥ 0.97

==================================================
Cycle 9 | 2026-04-01 20:24:18
Balance: $205.94 | Regime: CHOP | Session: 0W/0L (0%) | PnL: $+0.00
[Ticker] KXSOL15M-26APR011630-30
[Market] YES=0.28 | NO=0.75 | Sum=1.03 | no arb
[Cycle] No signal — YES=0.28 is between 0.25 and 0.75, sum=1.03 ≥ 0.97

==================================================
Cycle 10 | 2026-04-01 20:25:18
Balance: $205.94 | Regime: CHOP | Session: 0W/0L (0%) | PnL: $+0.00
[Ticker] KXSOL15M-26APR011630-30
[Market] YES=0.13 | NO=0.88 | Sum=1.01 | no arb
[Timing] Window is 10 min old - skipping
[Cycle] No signal — YES=0.13 is between 0.25 and 0.75, sum=1.01 ≥ 0.97

==================================================
Cycle 11 | 2026-04-01 20:26:19
Balance: $205.94 | Regime: CHOP | Session: 0W/0L (0%) | PnL: $+0.00
[Ticker] KXSOL15M-26APR011630-30
[Market] YES=0.07 | NO=0.95 | Sum=1.01 | no arb
[Timing] Window is 11 min old - skipping
[Cycle] No signal — YES=0.07 is between 0.25 and 0.75, sum=1.01 ≥ 0.97

==================================================
Cycle 12 | 2026-04-01 20:27:20
Balance: $205.94 | Regime: CHOP | Session: 0W/0L (0%) | PnL: $+0.00
[Ticker] KXSOL15M-26APR011630-30
[Market] YES=0.03 | NO=0.99 | Sum=1.02 | no arb
[Timing] Window is 12 min old - skipping
[Cycle] No signal — YES=0.03 is between 0.25 and 0.75, sum=1.02 ≥ 0.97

==================================================
Cycle 13 | 2026-04-01 20:28:20
Balance: $205.94 | Regime: CHOP | Session: 0W/0L (0%) | PnL: $+0.00
[Ticker] KXSOL15M-26APR011630-30
[Market] YES=0.01 | NO=1.00 | Sum=1.01 | no arb
[Timing] Window is 13 min old - skipping
[Cycle] No signal — YES=0.01 is between 0.25 and 0.75, sum=1.01 ≥ 0.97

==================================================
Cycle 14 | 2026-04-01 20:29:20
Balance: $205.94 | Regime: CHOP | Session: 0W/0L (0%) | PnL: $+0.00
[Ticker] KXSOL15M-26APR011630-30
[Market] YES=0.00 | NO=1.00 | Sum=1.00 | no arb
[Timing] Window is 14 min old - skipping
[Cycle] No signal — YES=0.00 is between 0.25 and 0.75, sum=1.00 ≥ 0.97

==================================================
Cycle 15 | 2026-04-01 20:30:21
Balance: $205.94 | Regime: CHOP | Session: 0W/0L (0%) | PnL: $+0.00
[Ticker] KXSOL15M-26APR011630-30
[Market] YES=0.00 | NO=1.00 | Sum=1.00 | no arb
[Timing] Window is 0 min old - skipping
[Cycle] No signal — YES=0.00 is between 0.25 and 0.75, sum=1.00 ≥ 0.97

==================================================
Cycle 16 | 2026-04-01 20:31:21
Balance: $205.94 | Regime: CHOP | Session: 0W/0L (0%) | PnL: $+0.00
[Ticker] KXSOL15M-26APR011645-45
[Market] YES=0.39 | NO=0.64 | Sum=1.03 | no arb
[Cycle] No signal — YES=0.39 is between 0.25 and 0.75, sum=1.03 ≥ 0.97

==================================================
Cycle 17 | 2026-04-01 20:32:22
Balance: $205.94 | Regime: CHOP | Session: 0W/0L (0%) | PnL: $+0.00
[Ticker] KXSOL15M-26APR011645-45
[Market] YES=0.25 | NO=0.78 | Sum=1.03 | no arb
[Cycle] No signal — YES=0.25 is between 0.25 and 0.75, sum=1.03 ≥ 0.97

==================================================
Cycle 18 | 2026-04-01 20:33:22
Balance: $205.94 | Regime: CHOP | Session: 0W/0L (0%) | PnL: $+0.00
[Ticker] KXSOL15M-26APR011645-45
[Market] YES=0.36 | NO=0.66 | Sum=1.02 | no arb
[Cycle] No signal — YES=0.36 is between 0.25 and 0.75, sum=1.02 ≥ 0.97

==================================================
Cycle 19 | 2026-04-01 20:34:23
Balance: $205.94 | Regime: CHOP | Session: 0W/0L (0%) | PnL: $+0.00
[Ticker] KXSOL15M-26APR011645-45
[Market] YES=0.32 | NO=0.70 | Sum=1.02 | no arb
[Cycle] No signal — YES=0.32 is between 0.25 and 0.75, sum=1.02 ≥ 0.97

==================================================
Cycle 20 | 2026-04-01 20:35:23
Balance: $205.94 | Regime: CHOP | Session: 0W/0L (0%) | PnL: $+0.00
[Ticker] KXSOL15M-26APR011645-45
[Market] YES=0.44 | NO=0.59 | Sum=1.03 | no arb
[Cycle] No signal — YES=0.44 is between 0.25 and 0.75, sum=1.03 ≥ 0.97

==================================================
Cycle 21 | 2026-04-01 20:36:24
Balance: $205.94 | Regime: CHOP | Session: 0W/0L (0%) | PnL: $+0.00
[Ticker] KXSOL15M-26APR011645-45
[Market] YES=0.35 | NO=0.68 | Sum=1.03 | no arb
[Cycle] No signal — YES=0.35 is between 0.25 and 0.75, sum=1.03 ≥ 0.97

==================================================
Cycle 22 | 2026-04-01 20:37:24
Balance: $205.94 | Regime: CHOP | Session: 0W/0L (0%) | PnL: $+0.00
[Ticker] KXSOL15M-26APR011645-45
[Market] YES=0.27 | NO=0.76 | Sum=1.03 | no arb
[Cycle] No signal — YES=0.27 is between 0.25 and 0.75, sum=1.03 ≥ 0.97

==================================================
Cycle 23 | 2026-04-01 20:38:24
Balance: $205.94 | Regime: CHOP | Session: 0W/0L (0%) | PnL: $+0.00
[Ticker] KXSOL15M-26APR011645-45
[Market] YES=0.39 | NO=0.62 | Sum=1.01 | no arb
[Cycle] No signal — YES=0.39 is between 0.25 and 0.75, sum=1.01 ≥ 0.97

==================================================
Cycle 24 | 2026-04-01 20:39:25
Balance: $205.94 | Regime: CHOP | Session: 0W/0L (0%) | PnL: $+0.00
[Ticker] KXSOL15M-26APR011645-45
[Market] YES=0.14 | NO=0.87 | Sum=1.01 | no arb
[Timing] Window is 9 min old - skipping
[Cycle] No signal — YES=0.14 is between 0.25 and 0.75, sum=1.01 ≥ 0.97

==================================================
Cycle 25 | 2026-04-01 20:40:25
Balance: $205.94 | Regime: CHOP | Session: 0W/0L (0%) | PnL: $+0.00
[Ticker] KXSOL15M-26APR011645-45
[Market] YES=0.04 | NO=0.97 | Sum=1.01 | no arb
[Timing] Window is 10 min old - skipping
[Cycle] No signal — YES=0.04 is between 0.25 and 0.75, sum=1.01 ≥ 0.97

==================================================
Cycle 26 | 2026-04-01 20:41:26
Balance: $205.94 | Regime: CHOP | Session: 0W/0L (0%) | PnL: $+0.00
[Ticker] KXSOL15M-26APR011645-45
[Market] YES=0.06 | NO=0.96 | Sum=1.02 | no arb
[Timing] Window is 11 min old - skipping
[Cycle] No signal — YES=0.06 is between 0.25 and 0.75, sum=1.02 ≥ 0.97

==================================================
Cycle 27 | 2026-04-01 20:42:26
Balance: $205.94 | Regime: CHOP | Session: 0W/0L (0%) | PnL: $+0.00
[Ticker] KXSOL15M-26APR011645-45
[Market] YES=0.01 | NO=1.00 | Sum=1.00 | no arb
[Timing] Window is 12 min old - skipping
[Cycle] No signal — YES=0.01 is between 0.25 and 0.75, sum=1.00 ≥ 0.97

==================================================
Cycle 28 | 2026-04-01 20:43:27
Balance: $205.94 | Regime: CHOP | Session: 0W/0L (0%) | PnL: $+0.00
[Ticker] KXSOL15M-26APR011645-45
[Market] YES=0.00 | NO=1.00 | Sum=1.00 | no arb
[Timing] Window is 13 min old - skipping
[Cycle] No signal — YES=0.00 is between 0.25 and 0.75, sum=1.00 ≥ 0.97

==================================================
Cycle 29 | 2026-04-01 20:44:27
Balance: $205.94 | Regime: CHOP | Session: 0W/0L (0%) | PnL: $+0.00
[Ticker] KXSOL15M-26APR011645-45
[Market] YES=0.02 | NO=0.99 | Sum=1.01 | no arb
[Timing] Window is 14 min old - skipping
[Cycle] No signal — YES=0.02 is between 0.25 and 0.75, sum=1.01 ≥ 0.97

==================================================
Cycle 30 | 2026-04-01 20:45:28
Balance: $205.94 | Regime: CHOP | Session: 0W/0L (0%) | PnL: $+0.00
[Ticker] KXSOL15M-26APR011700-00
[Market] YES=0.58 | NO=0.47 | Sum=1.05 | no arb
[Cycle] No signal — YES=0.58 is between 0.25 and 0.75, sum=1.05 ≥ 0.97

==================================================
Cycle 31 | 2026-04-01 20:46:28
Balance: $205.94 | Regime: CHOP | Session: 0W/0L (0%) | PnL: $+0.00
[Ticker] KXSOL15M-26APR011700-00
[Market] YES=0.65 | NO=0.37 | Sum=1.02 | no arb
[Cycle] No signal — YES=0.65 is between 0.25 and 0.75, sum=1.02 ≥ 0.97

==================================================
Cycle 32 | 2026-04-01 20:47:29
Balance: $205.94 | Regime: CHOP | Session: 0W/0L (0%) | PnL: $+0.00
[Ticker] KXSOL15M-26APR011700-00
[Market] YES=0.54 | NO=0.49 | Sum=1.03 | no arb
[Cycle] No signal — YES=0.54 is between 0.25 and 0.75, sum=1.03 ≥ 0.97

==================================================
Cycle 33 | 2026-04-01 20:48:30
Balance: $205.94 | Regime: CHOP | Session: 0W/0L (0%) | PnL: $+0.00
[Ticker] KXSOL15M-26APR011700-00
[Market] YES=0.70 | NO=0.32 | Sum=1.02 | no arb
[Cycle] No signal — YES=0.70 is between 0.25 and 0.75, sum=1.02 ≥ 0.97

==================================================
Cycle 34 | 2026-04-01 20:49:30
Balance: $205.94 | Regime: CHOP | Session: 0W/0L (0%) | PnL: $+0.00
[Ticker] KXSOL15M-26APR011700-00
[Market] YES=0.77 | NO=0.26 | Sum=1.03 | no arb
[Signal] UP candidate | yes=0.77 | waiting for confirmation (1/2)
[Cycle] No signal — YES=0.77 is between 0.25 and 0.75, sum=1.03 ≥ 0.97

==================================================
Cycle 35 | 2026-04-01 20:50:30
Balance: $205.94 | Regime: CHOP | Session: 0W/0L (0%) | PnL: $+0.00
[Ticker] KXSOL15M-26APR011700-00
[Market] YES=0.90 | NO=0.12 | Sum=1.02 | no arb
[Timing] Window is 5 min old - skipping
[Cycle] No signal — YES=0.90 is between 0.25 and 0.75, sum=1.02 ≥ 0.97

==================================================
Cycle 36 | 2026-04-01 20:51:31
Balance: $205.94 | Regime: CHOP | Session: 0W/0L (0%) | PnL: $+0.00
[Ticker] KXSOL15M-26APR011700-00
[Market] YES=0.90 | NO=0.11 | Sum=1.01 | no arb
[Timing] Window is 6 min old - skipping
[Cycle] No signal — YES=0.90 is between 0.25 and 0.75, sum=1.01 ≥ 0.97

==================================================
Cycle 37 | 2026-04-01 20:52:31
Balance: $205.94 | Regime: CHOP | Session: 0W/0L (0%) | PnL: $+0.00
[Ticker] KXSOL15M-26APR011700-00
[Market] YES=0.95 | NO=0.06 | Sum=1.01 | no arb
[Timing] Window is 7 min old - skipping
[Cycle] No signal — YES=0.95 is between 0.25 and 0.75, sum=1.01 ≥ 0.97

==================================================
Cycle 38 | 2026-04-01 20:53:32
Balance: $205.94 | Regime: CHOP | Session: 0W/0L (0%) | PnL: $+0.00
[Ticker] KXSOL15M-26APR011700-00
[Market] YES=0.96 | NO=0.06 | Sum=1.02 | no arb
[Timing] Window is 8 min old - skipping
[Cycle] No signal — YES=0.96 is between 0.25 and 0.75, sum=1.02 ≥ 0.97

==================================================
Cycle 39 | 2026-04-01 20:54:32
Balance: $205.94 | Regime: CHOP | Session: 0W/0L (0%) | PnL: $+0.00
[Ticker] KXSOL15M-26APR011700-00
[Market] YES=0.97 | NO=0.05 | Sum=1.02 | no arb
[Timing] Window is 9 min old - skipping
[Cycle] No signal — YES=0.97 is between 0.25 and 0.75, sum=1.02 ≥ 0.97

==================================================
Cycle 40 | 2026-04-01 20:55:33
Balance: $205.94 | Regime: CHOP | Session: 0W/0L (0%) | PnL: $+0.00
[Ticker] KXSOL15M-26APR011700-00
[Market] YES=0.97 | NO=0.04 | Sum=1.01 | no arb
[Timing] Window is 10 min old - skipping
[Cycle] No signal — YES=0.97 is between 0.25 and 0.75, sum=1.01 ≥ 0.97

==================================================
Cycle 41 | 2026-04-01 20:56:33
Balance: $205.94 | Regime: CHOP | Session: 0W/0L (0%) | PnL: $+0.00
[Ticker] KXSOL15M-26APR011700-00
[Market] YES=0.98 | NO=0.03 | Sum=1.01 | no arb
[Timing] Window is 11 min old - skipping
[Cycle] No signal — YES=0.98 is between 0.25 and 0.75, sum=1.01 ≥ 0.97

==================================================
Cycle 42 | 2026-04-01 20:57:33
Balance: $205.94 | Regime: CHOP | Session: 0W/0L (0%) | PnL: $+0.00
[Ticker] KXSOL15M-26APR011700-00
[Market] YES=0.99 | NO=0.02 | Sum=1.01 | no arb
[Timing] Window is 12 min old - skipping
[Cycle] No signal — YES=0.99 is between 0.25 and 0.75, sum=1.01 ≥ 0.97

==================================================
Cycle 43 | 2026-04-01 20:58:34
Balance: $205.94 | Regime: CHOP | Session: 0W/0L (0%) | PnL: $+0.00
[Ticker] KXSOL15M-26APR011700-00
[Market] YES=1.00 | NO=0.01 | Sum=1.01 | no arb
[Timing] Window is 13 min old - skipping
[Cycle] No signal — YES=1.00 is between 0.25 and 0.75, sum=1.01 ≥ 0.97

==================================================
Cycle 44 | 2026-04-01 20:59:34
Balance: $205.94 | Regime: CHOP | Session: 0W/0L (0%) | PnL: $+0.00
[Ticker] KXSOL15M-26APR011700-00
[Market] YES=1.00 | NO=0.00 | Sum=1.00 | no arb
[Timing] Window is 14 min old - skipping
[Cycle] No signal — YES=1.00 is between 0.25 and 0.75, sum=1.00 ≥ 0.97

==================================================
Cycle 45 | 2026-04-01 21:00:35
Balance: $205.94 | Regime: CHOP | Session: 0W/0L (0%) | PnL: $+0.00
[Ticker] KXSOL15M-26APR011715-15
[Market] YES=0.48 | NO=0.56 | Sum=1.04 | no arb
[Cycle] No signal — YES=0.48 is between 0.25 and 0.75, sum=1.04 ≥ 0.97

==================================================
Cycle 46 | 2026-04-01 21:01:35
Balance: $205.94 | Regime: CHOP | Session: 0W/0L (0%) | PnL: $+0.00
[Ticker] KXSOL15M-26APR011715-15
[Market] YES=0.42 | NO=0.60 | Sum=1.02 | no arb
[Cycle] No signal — YES=0.42 is between 0.25 and 0.75, sum=1.02 ≥ 0.97

==================================================
Cycle 47 | 2026-04-01 21:02:35
Balance: $205.94 | Regime: CHOP | Session: 0W/0L (0%) | PnL: $+0.00
[Ticker] KXSOL15M-26APR011715-15
[Market] YES=0.43 | NO=0.59 | Sum=1.02 | no arb
[Cycle] No signal — YES=0.43 is between 0.25 and 0.75, sum=1.02 ≥ 0.97

==================================================
Cycle 48 | 2026-04-01 21:03:36
Balance: $205.94 | Regime: CHOP | Session: 0W/0L (0%) | PnL: $+0.00
[Ticker] KXSOL15M-26APR011715-15
[Market] YES=0.40 | NO=0.62 | Sum=1.02 | no arb
[Cycle] No signal — YES=0.40 is between 0.25 and 0.75, sum=1.02 ≥ 0.97

==================================================
Cycle 49 | 2026-04-01 21:04:37
Balance: $205.94 | Regime: CHOP | Session: 0W/0L (0%) | PnL: $+0.00
[Ticker] KXSOL15M-26APR011715-15
[Market] YES=0.68 | NO=0.33 | Sum=1.01 | no arb
[Cycle] No signal — YES=0.68 is between 0.25 and 0.75, sum=1.01 ≥ 0.97

==================================================
Cycle 50 | 2026-04-01 21:05:37
Balance: $205.94 | Regime: CHOP | Session: 0W/0L (0%) | PnL: $+0.00
[Ticker] KXSOL15M-26APR011715-15
[Market] YES=0.77 | NO=0.25 | Sum=1.02 | no arb
[Timing] Window is 5 min old - skipping
[Cycle] No signal — YES=0.77 is between 0.25 and 0.75, sum=1.02 ≥ 0.97

==================================================
Cycle 51 | 2026-04-01 21:06:37
Balance: $205.94 | Regime: CHOP | Session: 0W/0L (0%) | PnL: $+0.00
[Ticker] KXSOL15M-26APR011715-15
[Market] YES=0.70 | NO=0.31 | Sum=1.01 | no arb
[Cycle] No signal — YES=0.70 is between 0.25 and 0.75, sum=1.01 ≥ 0.97

==================================================
Cycle 52 | 2026-04-01 21:07:38
Balance: $205.94 | Regime: CHOP | Session: 0W/0L (0%) | PnL: $+0.00
[Ticker] KXSOL15M-26APR011715-15
[Market] YES=0.85 | NO=0.18 | Sum=1.03 | no arb
[Timing] Window is 7 min old - skipping
[Cycle] No signal — YES=0.85 is between 0.25 and 0.75, sum=1.03 ≥ 0.97

==================================================
Cycle 53 | 2026-04-01 21:08:39
Balance: $205.94 | Regime: CHOP | Session: 0W/0L (0%) | PnL: $+0.00
[Ticker] KXSOL15M-26APR011715-15
[Market] YES=0.95 | NO=0.06 | Sum=1.01 | no arb
[Timing] Window is 8 min old - skipping
[Cycle] No signal — YES=0.95 is between 0.25 and 0.75, sum=1.01 ≥ 0.97

==================================================
Cycle 54 | 2026-04-01 21:09:39
Balance: $205.94 | Regime: CHOP | Session: 0W/0L (0%) | PnL: $+0.00
[Ticker] KXSOL15M-26APR011715-15
[Market] YES=0.91 | NO=0.12 | Sum=1.03 | no arb
[Timing] Window is 9 min old - skipping
[Cycle] No signal — YES=0.91 is between 0.25 and 0.75, sum=1.03 ≥ 0.97

==================================================
Cycle 55 | 2026-04-01 21:10:39
Balance: $205.94 | Regime: CHOP | Session: 0W/0L (0%) | PnL: $+0.00
[Ticker] KXSOL15M-26APR011715-15
[Market] YES=0.88 | NO=0.13 | Sum=1.01 | no arb
[Timing] Window is 10 min old - skipping
[Cycle] No signal — YES=0.88 is between 0.25 and 0.75, sum=1.01 ≥ 0.97

==================================================
Cycle 56 | 2026-04-01 21:11:40
Balance: $205.94 | Regime: CHOP | Session: 0W/0L (0%) | PnL: $+0.00
[Ticker] KXSOL15M-26APR011715-15
[Market] YES=0.95 | NO=0.07 | Sum=1.02 | no arb
[Timing] Window is 11 min old - skipping
[Cycle] No signal — YES=0.95 is between 0.25 and 0.75, sum=1.02 ≥ 0.97

==================================================
Cycle 57 | 2026-04-01 21:12:40
Balance: $205.94 | Regime: CHOP | Session: 0W/0L (0%) | PnL: $+0.00
[Ticker] KXSOL15M-26APR011715-15
[Market] YES=0.98 | NO=0.03 | Sum=1.01 | no arb
[Timing] Window is 12 min old - skipping
[Cycle] No signal — YES=0.98 is between 0.25 and 0.75, sum=1.01 ≥ 0.97

==================================================
Cycle 58 | 2026-04-01 21:13:41
Balance: $205.94 | Regime: CHOP | Session: 0W/0L (0%) | PnL: $+0.00
[Ticker] KXSOL15M-26APR011715-15
[Market] YES=0.45 | NO=0.58 | Sum=1.03 | no arb
[Cycle] No signal — YES=0.45 is between 0.25 and 0.75, sum=1.03 ≥ 0.97

==================================================
Cycle 59 | 2026-04-01 21:14:41
Balance: $205.94 | Regime: CHOP | Session: 0W/0L (0%) | PnL: $+0.00
[Ticker] KXSOL15M-26APR011715-15
[Market] YES=0.98 | NO=0.08 | Sum=1.06 | no arb
[Timing] Window is 14 min old - skipping
[Cycle] No signal — YES=0.98 is between 0.25 and 0.75, sum=1.06 ≥ 0.97

==================================================
Cycle 60 | 2026-04-01 21:15:42
Balance: $205.94 | Regime: CHOP | Session: 0W/0L (0%) | PnL: $+0.00
[Ticker] KXSOL15M-26APR011730-30
[Market] YES=0.70 | NO=0.34 | Sum=1.04 | no arb
[Cycle] No signal — YES=0.70 is between 0.25 and 0.75, sum=1.04 ≥ 0.97

==================================================
Cycle 61 | 2026-04-01 21:16:42
Balance: $205.94 | Regime: CHOP | Session: 0W/0L (0%) | PnL: $+0.00
[Ticker] KXSOL15M-26APR011730-30
[Market] YES=0.56 | NO=0.47 | Sum=1.03 | no arb
[Cycle] No signal — YES=0.56 is between 0.25 and 0.75, sum=1.03 ≥ 0.97

==================================================
Cycle 62 | 2026-04-01 21:17:42
Balance: $205.94 | Regime: CHOP | Session: 0W/0L (0%) | PnL: $+0.00
[Ticker] KXSOL15M-26APR011730-30
[Market] YES=0.58 | NO=0.43 | Sum=1.01 | no arb
[Cycle] No signal — YES=0.58 is between 0.25 and 0.75, sum=1.01 ≥ 0.97

==================================================
Cycle 63 | 2026-04-01 21:18:43
Balance: $205.94 | Regime: CHOP | Session: 0W/0L (0%) | PnL: $+0.00
[Ticker] KXSOL15M-26APR011730-30
[Market] YES=0.68 | NO=0.35 | Sum=1.03 | no arb
[Cycle] No signal — YES=0.68 is between 0.25 and 0.75, sum=1.03 ≥ 0.97

==================================================
Cycle 64 | 2026-04-01 21:19:43
Balance: $205.94 | Regime: CHOP | Session: 0W/0L (0%) | PnL: $+0.00
[Ticker] KXSOL15M-26APR011730-30
[Market] YES=0.68 | NO=0.35 | Sum=1.03 | no arb
[Cycle] No signal — YES=0.68 is between 0.25 and 0.75, sum=1.03 ≥ 0.97

==================================================
Cycle 65 | 2026-04-01 21:20:44
Balance: $194.84 | Regime: CHOP | Session: 0W/0L (0%) | PnL: $+0.00
[Ticker] KXSOL15M-26APR011730-30
[Market] YES=0.78 | NO=0.24 | Sum=1.02 | no arb
[Timing] Window is 5 min old - skipping
[Cycle] No signal — YES=0.78 is between 0.25 and 0.75, sum=1.02 ≥ 0.97

==================================================
Cycle 66 | 2026-04-01 21:21:44
Balance: $194.84 | Regime: CHOP | Session: 0W/0L (0%) | PnL: $+0.00
[Ticker] KXSOL15M-26APR011730-30
[Market] YES=0.83 | NO=0.18 | Sum=1.01 | no arb
[Timing] Window is 6 min old - skipping
[Cycle] No signal — YES=0.83 is between 0.25 and 0.75, sum=1.01 ≥ 0.97

==================================================
Cycle 67 | 2026-04-01 21:22:44
Balance: $194.84 | Regime: CHOP | Session: 0W/0L (0%) | PnL: $+0.00
[Ticker] KXSOL15M-26APR011730-30
[Market] YES=0.63 | NO=0.39 | Sum=1.02 | no arb
[Cycle] No signal — YES=0.63 is between 0.25 and 0.75, sum=1.02 ≥ 0.97

==================================================
Cycle 68 | 2026-04-01 21:23:45
Balance: $194.84 | Regime: CHOP | Session: 0W/0L (0%) | PnL: $+0.00
[Ticker] KXSOL15M-26APR011730-30
[Market] YES=0.70 | NO=0.33 | Sum=1.03 | no arb
[Cycle] No signal — YES=0.70 is between 0.25 and 0.75, sum=1.03 ≥ 0.97

==================================================
Cycle 69 | 2026-04-01 21:24:45
Balance: $194.84 | Regime: CHOP | Session: 0W/0L (0%) | PnL: $+0.00
[Ticker] KXSOL15M-26APR011730-30
[Market] YES=0.77 | NO=0.25 | Sum=1.02 | no arb
[Timing] Window is 9 min old - skipping
[Cycle] No signal — YES=0.77 is between 0.25 and 0.75, sum=1.02 ≥ 0.97

==================================================
Cycle 70 | 2026-04-01 21:25:46
Balance: $194.84 | Regime: CHOP | Session: 0W/0L (0%) | PnL: $+0.00
[Ticker] KXSOL15M-26APR011730-30
[Market] YES=0.76 | NO=0.27 | Sum=1.03 | no arb
[Timing] Window is 10 min old - skipping
[Cycle] No signal — YES=0.76 is between 0.25 and 0.75, sum=1.03 ≥ 0.97

==================================================
Cycle 71 | 2026-04-01 21:26:46
Balance: $194.84 | Regime: CHOP | Session: 0W/0L (0%) | PnL: $+0.00
[Ticker] KXSOL15M-26APR011730-30
[Market] YES=0.97 | NO=0.06 | Sum=1.03 | no arb
[Timing] Window is 11 min old - skipping
[Cycle] No signal — YES=0.97 is between 0.25 and 0.75, sum=1.03 ≥ 0.97

==================================================
Cycle 72 | 2026-04-01 21:27:46
Balance: $194.84 | Regime: CHOP | Session: 0W/0L (0%) | PnL: $+0.00
[Ticker] KXSOL15M-26APR011730-30
[Market] YES=0.99 | NO=0.02 | Sum=1.01 | no arb
[Timing] Window is 12 min old - skipping
[Cycle] No signal — YES=0.99 is between 0.25 and 0.75, sum=1.01 ≥ 0.97

==================================================
Cycle 73 | 2026-04-01 21:28:47
Balance: $194.84 | Regime: CHOP | Session: 0W/0L (0%) | PnL: $+0.00
[Ticker] KXSOL15M-26APR011730-30
[Market] YES=1.00 | NO=0.01 | Sum=1.00 | no arb
[Timing] Window is 13 min old - skipping
[Cycle] No signal — YES=1.00 is between 0.25 and 0.75, sum=1.00 ≥ 0.97

==================================================
Cycle 74 | 2026-04-01 21:29:47
Balance: $194.84 | Regime: CHOP | Session: 0W/0L (0%) | PnL: $+0.00
[Ticker] KXSOL15M-26APR011730-30
[Market] YES=1.00 | NO=0.00 | Sum=1.00 | no arb
[Timing] Window is 14 min old - skipping
[Cycle] No signal — YES=1.00 is between 0.25 and 0.75, sum=1.00 ≥ 0.97

==================================================
Cycle 75 | 2026-04-01 21:30:48
Balance: $194.84 | Regime: CHOP | Session: 0W/0L (0%) | PnL: $+0.00
[Ticker] KXSOL15M-26APR011745-45
[Market] YES=0.39 | NO=0.65 | Sum=1.04 | no arb
[Cycle] No signal — YES=0.39 is between 0.25 and 0.75, sum=1.04 ≥ 0.97

==================================================
Cycle 76 | 2026-04-01 21:31:48
Balance: $207.84 | Regime: CHOP | Session: 0W/0L (0%) | PnL: $+0.00
[Ticker] KXSOL15M-26APR011745-45
[Market] YES=0.30 | NO=0.74 | Sum=1.04 | no arb
[Cycle] No signal — YES=0.30 is between 0.25 and 0.75, sum=1.04 ≥ 0.97

==================================================
Cycle 77 | 2026-04-01 21:32:49
Balance: $207.84 | Regime: CHOP | Session: 0W/0L (0%) | PnL: $+0.00
[Ticker] KXSOL15M-26APR011745-45
[Market] YES=0.28 | NO=0.74 | Sum=1.02 | no arb
[Cycle] No signal — YES=0.28 is between 0.25 and 0.75, sum=1.02 ≥ 0.97

==================================================
Cycle 78 | 2026-04-01 21:33:49
Balance: $207.84 | Regime: CHOP | Session: 0W/0L (0%) | PnL: $+0.00
[Ticker] KXSOL15M-26APR011745-45
[Market] YES=0.28 | NO=0.76 | Sum=1.04 | no arb
[Cycle] No signal — YES=0.28 is between 0.25 and 0.75, sum=1.04 ≥ 0.97

==================================================
Cycle 79 | 2026-04-01 21:34:50
Balance: $207.84 | Regime: CHOP | Session: 0W/0L (0%) | PnL: $+0.00
[Ticker] KXSOL15M-26APR011745-45
[Market] YES=0.21 | NO=0.81 | Sum=1.02 | no arb
[Signal] DOWN candidate | yes=0.21 | waiting for confirmation (1/2)
[Cycle] No signal — YES=0.21 is between 0.25 and 0.75, sum=1.02 ≥ 0.97

==================================================
Cycle 80 | 2026-04-01 21:35:50
Balance: $207.84 | Regime: CHOP | Session: 0W/0L (0%) | PnL: $+0.00
[Ticker] KXSOL15M-26APR011745-45
[Market] YES=0.13 | NO=0.89 | Sum=1.02 | no arb
[Timing] Window is 5 min old - skipping
[Cycle] No signal — YES=0.13 is between 0.25 and 0.75, sum=1.02 ≥ 0.97

==================================================
Cycle 81 | 2026-04-01 21:36:50
Balance: $207.84 | Regime: CHOP | Session: 0W/0L (0%) | PnL: $+0.00
[Ticker] KXSOL15M-26APR011745-45
[Market] YES=0.08 | NO=0.93 | Sum=1.01 | no arb
[Timing] Window is 6 min old - skipping
[Cycle] No signal — YES=0.08 is between 0.25 and 0.75, sum=1.01 ≥ 0.97

==================================================
Cycle 82 | 2026-04-01 21:37:51
Balance: $207.84 | Regime: CHOP | Session: 0W/0L (0%) | PnL: $+0.00
[Ticker] KXSOL15M-26APR011745-45
[Market] YES=0.03 | NO=0.97 | Sum=1.00 | no arb
[Timing] Window is 7 min old - skipping
[Cycle] No signal — YES=0.03 is between 0.25 and 0.75, sum=1.00 ≥ 0.97

==================================================
Cycle 83 | 2026-04-01 21:38:51
Balance: $207.84 | Regime: CHOP | Session: 0W/0L (0%) | PnL: $+0.00
[Ticker] KXSOL15M-26APR011745-45
[Market] YES=0.02 | NO=0.99 | Sum=1.01 | no arb
[Timing] Window is 8 min old - skipping
[Cycle] No signal — YES=0.02 is between 0.25 and 0.75, sum=1.01 ≥ 0.97

==================================================
Cycle 84 | 2026-04-01 21:39:52
Balance: $207.84 | Regime: CHOP | Session: 0W/0L (0%) | PnL: $+0.00
[Ticker] KXSOL15M-26APR011745-45
[Market] YES=0.03 | NO=0.98 | Sum=1.01 | no arb
[Timing] Window is 9 min old - skipping
[Cycle] No signal — YES=0.03 is between 0.25 and 0.75, sum=1.01 ≥ 0.97

==================================================
Cycle 85 | 2026-04-01 21:40:52
Balance: $207.84 | Regime: CHOP | Session: 0W/0L (0%) | PnL: $+0.00
[Ticker] KXSOL15M-26APR011745-45
[Market] YES=0.05 | NO=0.99 | Sum=1.04 | no arb
[Timing] Window is 10 min old - skipping
[Cycle] No signal — YES=0.05 is between 0.25 and 0.75, sum=1.04 ≥ 0.97

==================================================
Cycle 86 | 2026-04-01 21:41:53
Balance: $207.84 | Regime: CHOP | Session: 0W/0L (0%) | PnL: $+0.00
[Ticker] KXSOL15M-26APR011745-45
[Market] YES=0.01 | NO=1.00 | Sum=1.01 | no arb
[Timing] Window is 11 min old - skipping
[Cycle] No signal — YES=0.01 is between 0.25 and 0.75, sum=1.01 ≥ 0.97

==================================================
Cycle 87 | 2026-04-01 21:42:53
Balance: $207.84 | Regime: CHOP | Session: 0W/0L (0%) | PnL: $+0.00
[Ticker] KXSOL15M-26APR011745-45
[Market] YES=0.00 | NO=1.00 | Sum=1.00 | no arb
[Timing] Window is 12 min old - skipping
[Cycle] No signal — YES=0.00 is between 0.25 and 0.75, sum=1.00 ≥ 0.97

==================================================
Cycle 88 | 2026-04-01 21:43:53
Balance: $207.84 | Regime: CHOP | Session: 0W/0L (0%) | PnL: $+0.00
[Ticker] KXSOL15M-26APR011745-45
[Market] YES=0.01 | NO=1.00 | Sum=1.01 | no arb
[Timing] Window is 13 min old - skipping
[Cycle] No signal — YES=0.01 is between 0.25 and 0.75, sum=1.01 ≥ 0.97

==================================================
Cycle 89 | 2026-04-01 21:44:54
Balance: $207.84 | Regime: CHOP | Session: 0W/0L (0%) | PnL: $+0.00
[Ticker] KXSOL15M-26APR011745-45
[Market] YES=0.01 | NO=1.00 | Sum=1.01 | no arb
[Timing] Window is 14 min old - skipping
[Cycle] No signal — YES=0.01 is between 0.25 and 0.75, sum=1.01 ≥ 0.97

==================================================
Cycle 90 | 2026-04-01 21:45:54
Balance: $207.84 | Regime: CHOP | Session: 0W/0L (0%) | PnL: $+0.00
[Ticker] KXSOL15M-26APR011800-00
[Market] YES=0.51 | NO=0.54 | Sum=1.05 | no arb
[Cycle] No signal — YES=0.51 is between 0.25 and 0.75, sum=1.05 ≥ 0.97

==================================================
Cycle 91 | 2026-04-01 21:46:55
Balance: $207.84 | Regime: CHOP | Session: 0W/0L (0%) | PnL: $+0.00
[Ticker] KXSOL15M-26APR011800-00
[Market] YES=0.42 | NO=0.60 | Sum=1.02 | no arb
[Cycle] No signal — YES=0.42 is between 0.25 and 0.75, sum=1.02 ≥ 0.97

==================================================
Cycle 92 | 2026-04-01 21:47:55
Balance: $207.84 | Regime: CHOP | Session: 0W/0L (0%) | PnL: $+0.00
[Ticker] KXSOL15M-26APR011800-00
[Market] YES=0.42 | NO=0.63 | Sum=1.05 | no arb
[Cycle] No signal — YES=0.42 is between 0.25 and 0.75, sum=1.05 ≥ 0.97

==================================================
Cycle 93 | 2026-04-01 21:48:55
Balance: $207.84 | Regime: CHOP | Session: 0W/0L (0%) | PnL: $+0.00
[Ticker] KXSOL15M-26APR011800-00
[Market] YES=0.48 | NO=0.57 | Sum=1.05 | no arb
[Cycle] No signal — YES=0.48 is between 0.25 and 0.75, sum=1.05 ≥ 0.97

==================================================
Cycle 94 | 2026-04-01 21:49:56
Balance: $207.84 | Regime: CHOP | Session: 0W/0L (0%) | PnL: $+0.00
[Ticker] KXSOL15M-26APR011800-00
[Market] YES=0.38 | NO=0.63 | Sum=1.01 | no arb
[Cycle] No signal — YES=0.38 is between 0.25 and 0.75, sum=1.01 ≥ 0.97

==================================================
Cycle 95 | 2026-04-01 21:50:57
Balance: $207.84 | Regime: CHOP | Session: 0W/0L (0%) | PnL: $+0.00
[Ticker] KXSOL15M-26APR011800-00
[Market] YES=0.19 | NO=0.85 | Sum=1.04 | no arb
[Timing] Window is 5 min old - skipping
[Cycle] No signal — YES=0.19 is between 0.25 and 0.75, sum=1.04 ≥ 0.97

==================================================
Cycle 96 | 2026-04-01 21:51:57
Balance: $207.84 | Regime: CHOP | Session: 0W/0L (0%) | PnL: $+0.00
[Ticker] KXSOL15M-26APR011800-00
[Market] YES=0.05 | NO=0.96 | Sum=1.01 | no arb
[Timing] Window is 6 min old - skipping
[Cycle] No signal — YES=0.05 is between 0.25 and 0.75, sum=1.01 ≥ 0.97

==================================================
Cycle 97 | 2026-04-01 21:52:57
Balance: $207.84 | Regime: CHOP | Session: 0W/0L (0%) | PnL: $+0.00
[Ticker] KXSOL15M-26APR011800-00
[Market] YES=0.05 | NO=0.96 | Sum=1.01 | no arb
[Timing] Window is 7 min old - skipping
[Cycle] No signal — YES=0.05 is between 0.25 and 0.75, sum=1.01 ≥ 0.97

==================================================
Cycle 98 | 2026-04-01 21:53:58
Balance: $207.84 | Regime: CHOP | Session: 0W/0L (0%) | PnL: $+0.00
[Ticker] KXSOL15M-26APR011800-00
[Market] YES=0.07 | NO=0.97 | Sum=1.04 | no arb
[Timing] Window is 8 min old - skipping
[Cycle] No signal — YES=0.07 is between 0.25 and 0.75, sum=1.04 ≥ 0.97

==================================================
Cycle 99 | 2026-04-01 21:54:58
Balance: $207.84 | Regime: CHOP | Session: 0W/0L (0%) | PnL: $+0.00
[Ticker] KXSOL15M-26APR011800-00
[Market] YES=0.02 | NO=1.00 | Sum=1.01 | no arb
[Timing] Window is 9 min old - skipping
[Cycle] No signal — YES=0.02 is between 0.25 and 0.75, sum=1.01 ≥ 0.97

==================================================
Cycle 100 | 2026-04-01 21:55:58
Balance: $207.84 | Regime: CHOP | Session: 0W/0L (0%) | PnL: $+0.00
[Ticker] KXSOL15M-26APR011800-00
[Market] YES=0.01 | NO=1.00 | Sum=1.01 | no arb
[Timing] Window is 10 min old - skipping
[Cycle] No signal — YES=0.01 is between 0.25 and 0.75, sum=1.01 ≥ 0.97

==================================================
Cycle 101 | 2026-04-01 21:56:59
Balance: $207.84 | Regime: CHOP | Session: 0W/0L (0%) | PnL: $+0.00
[Ticker] KXSOL15M-26APR011800-00
[Market] YES=0.01 | NO=0.99 | Sum=1.00 | no arb
[Timing] Window is 11 min old - skipping
[Cycle] No signal — YES=0.01 is between 0.25 and 0.75, sum=1.00 ≥ 0.97

==================================================
Cycle 102 | 2026-04-01 21:57:59
Balance: $207.84 | Regime: CHOP | Session: 0W/0L (0%) | PnL: $+0.00
[Ticker] KXSOL15M-26APR011800-00
[Market] YES=0.01 | NO=1.00 | Sum=1.01 | no arb
[Timing] Window is 13 min old - skipping
[Cycle] No signal — YES=0.01 is between 0.25 and 0.75, sum=1.01 ≥ 0.97

==================================================
Cycle 103 | 2026-04-01 21:59:00
Balance: $207.84 | Regime: CHOP | Session: 0W/0L (0%) | PnL: $+0.00
[Ticker] KXSOL15M-26APR011800-00
[Market] YES=0.01 | NO=1.00 | Sum=1.01 | no arb
[Timing] Window is 14 min old - skipping
[Cycle] No signal — YES=0.01 is between 0.25 and 0.75, sum=1.01 ≥ 0.97

==================================================
Cycle 104 | 2026-04-01 22:00:00
Balance: $207.84 | Regime: CHOP | Session: 0W/0L (0%) | PnL: $+0.00
[Ticker] KXSOL15M-26APR011800-00
[Market] YES=0.00 | NO=1.00 | Sum=1.00 | no arb
[Timing] Window is 0 min old - skipping
[Cycle] No signal — YES=0.00 is between 0.25 and 0.75, sum=1.00 ≥ 0.97

==================================================
Cycle 105 | 2026-04-01 22:01:01
Balance: $207.84 | Regime: CHOP | Session: 0W/0L (0%) | PnL: $+0.00
[Ticker] KXSOL15M-26APR011815-15
[Market] YES=0.57 | NO=0.45 | Sum=1.02 | no arb
[Cycle] No signal — YES=0.57 is between 0.25 and 0.75, sum=1.02 ≥ 0.97

==================================================
Cycle 106 | 2026-04-01 22:02:01
Balance: $207.84 | Regime: CHOP | Session: 0W/0L (0%) | PnL: $+0.00
[Ticker] KXSOL15M-26APR011815-15
[Market] YES=0.58 | NO=0.44 | Sum=1.02 | no arb
[Cycle] No signal — YES=0.58 is between 0.25 and 0.75, sum=1.02 ≥ 0.97

==================================================
Cycle 107 | 2026-04-01 22:03:02
Balance: $207.84 | Regime: CHOP | Session: 0W/0L (0%) | PnL: $+0.00
[Ticker] KXSOL15M-26APR011815-15
[Market] YES=0.35 | NO=0.69 | Sum=1.04 | no arb
[Cycle] No signal — YES=0.35 is between 0.25 and 0.75, sum=1.04 ≥ 0.97

==================================================
Cycle 108 | 2026-04-01 22:04:02
Balance: $207.84 | Regime: CHOP | Session: 0W/0L (0%) | PnL: $+0.00
[Ticker] KXSOL15M-26APR011815-15
[Market] YES=0.41 | NO=0.61 | Sum=1.02 | no arb
[Cycle] No signal — YES=0.41 is between 0.25 and 0.75, sum=1.02 ≥ 0.97

==================================================
Cycle 109 | 2026-04-01 22:05:03
Balance: $207.84 | Regime: CHOP | Session: 0W/0L (0%) | PnL: $+0.00
[Ticker] KXSOL15M-26APR011815-15
[Market] YES=0.17 | NO=0.85 | Sum=1.02 | no arb
[Timing] Window is 5 min old - skipping
[Cycle] No signal — YES=0.17 is between 0.25 and 0.75, sum=1.02 ≥ 0.97

==================================================
Cycle 110 | 2026-04-01 22:06:03
Balance: $207.84 | Regime: CHOP | Session: 0W/0L (0%) | PnL: $+0.00
[Ticker] KXSOL15M-26APR011815-15
[Market] YES=0.10 | NO=0.92 | Sum=1.02 | no arb
[Timing] Window is 6 min old - skipping
[Cycle] No signal — YES=0.10 is between 0.25 and 0.75, sum=1.02 ≥ 0.97

==================================================
Cycle 111 | 2026-04-01 22:07:04
Balance: $207.84 | Regime: CHOP | Session: 0W/0L (0%) | PnL: $+0.00
[Ticker] KXSOL15M-26APR011815-15
[Market] YES=0.30 | NO=0.74 | Sum=1.04 | no arb
[Cycle] No signal — YES=0.30 is between 0.25 and 0.75, sum=1.04 ≥ 0.97

==================================================
Cycle 112 | 2026-04-01 22:08:04
Balance: $207.84 | Regime: CHOP | Session: 0W/0L (0%) | PnL: $+0.00
[Ticker] KXSOL15M-26APR011815-15
[Market] YES=0.12 | NO=0.89 | Sum=1.01 | no arb
[Timing] Window is 8 min old - skipping
[Cycle] No signal — YES=0.12 is between 0.25 and 0.75, sum=1.01 ≥ 0.97

==================================================
Cycle 113 | 2026-04-01 22:09:05
Balance: $207.84 | Regime: CHOP | Session: 0W/0L (0%) | PnL: $+0.00
[Ticker] KXSOL15M-26APR011815-15
[Market] YES=0.08 | NO=0.94 | Sum=1.02 | no arb
[Timing] Window is 9 min old - skipping
[Cycle] No signal — YES=0.08 is between 0.25 and 0.75, sum=1.02 ≥ 0.97

==================================================
Cycle 114 | 2026-04-01 22:10:05
Balance: $207.84 | Regime: CHOP | Session: 0W/0L (0%) | PnL: $+0.00
[Ticker] KXSOL15M-26APR011815-15
[Market] YES=0.08 | NO=0.94 | Sum=1.02 | no arb
[Timing] Window is 10 min old - skipping
[Cycle] No signal — YES=0.08 is between 0.25 and 0.75, sum=1.02 ≥ 0.97

==================================================
Cycle 115 | 2026-04-01 22:11:06
Balance: $207.84 | Regime: CHOP | Session: 0W/0L (0%) | PnL: $+0.00
[Ticker] KXSOL15M-26APR011815-15
[Market] YES=0.01 | NO=0.99 | Sum=1.00 | no arb
[Timing] Window is 11 min old - skipping
[Cycle] No signal — YES=0.01 is between 0.25 and 0.75, sum=1.00 ≥ 0.97

==================================================
Cycle 116 | 2026-04-01 22:12:06
Balance: $207.84 | Regime: CHOP | Session: 0W/0L (0%) | PnL: $+0.00
[Ticker] KXSOL15M-26APR011815-15
[Market] YES=0.01 | NO=1.00 | Sum=1.00 | no arb
[Timing] Window is 12 min old - skipping
[Cycle] No signal — YES=0.01 is between 0.25 and 0.75, sum=1.00 ≥ 0.97

==================================================
Cycle 117 | 2026-04-01 22:13:07
Balance: $207.84 | Regime: CHOP | Session: 0W/0L (0%) | PnL: $+0.00
[Ticker] KXSOL15M-26APR011815-15
[Market] YES=0.00 | NO=1.00 | Sum=1.00 | no arb
[Timing] Window is 13 min old - skipping
[Cycle] No signal — YES=0.00 is between 0.25 and 0.75, sum=1.00 ≥ 0.97

==================================================
Cycle 118 | 2026-04-01 22:14:07
Balance: $207.84 | Regime: CHOP | Session: 0W/0L (0%) | PnL: $+0.00
[Ticker] KXSOL15M-26APR011815-15
[Market] YES=0.00 | NO=1.00 | Sum=1.00 | no arb
[Timing] Window is 14 min old - skipping
[Cycle] No signal — YES=0.00 is between 0.25 and 0.75, sum=1.00 ≥ 0.97

==================================================
Cycle 119 | 2026-04-01 22:15:07
Balance: $207.84 | Regime: CHOP | Session: 0W/0L (0%) | PnL: $+0.00
[Ticker] KXSOL15M-26APR011830-30
[Market] YES=0.61 | NO=0.45 | Sum=1.06 | no arb
[Cycle] No signal — YES=0.61 is between 0.25 and 0.75, sum=1.06 ≥ 0.97

==================================================
Cycle 120 | 2026-04-01 22:16:08
Balance: $207.84 | Regime: CHOP | Session: 0W/0L (0%) | PnL: $+0.00
[Ticker] KXSOL15M-26APR011830-30
[Market] YES=0.35 | NO=0.68 | Sum=1.03 | no arb
[Cycle] No signal — YES=0.35 is between 0.25 and 0.75, sum=1.03 ≥ 0.97

==================================================
Cycle 121 | 2026-04-01 22:17:08
Balance: $207.84 | Regime: CHOP | Session: 0W/0L (0%) | PnL: $+0.00
[Ticker] KXSOL15M-26APR011830-30
[Market] YES=0.29 | NO=0.72 | Sum=1.01 | no arb
[Cycle] No signal — YES=0.29 is between 0.25 and 0.75, sum=1.01 ≥ 0.97

==================================================
Cycle 122 | 2026-04-01 22:18:09
Balance: $207.84 | Regime: CHOP | Session: 0W/0L (0%) | PnL: $+0.00
[Ticker] KXSOL15M-26APR011830-30
[Market] YES=0.24 | NO=0.77 | Sum=1.01 | no arb
[Signal] DOWN candidate | yes=0.24 | waiting for confirmation (1/2)
[Cycle] No signal — YES=0.24 is between 0.25 and 0.75, sum=1.01 ≥ 0.97

==================================================
Cycle 123 | 2026-04-01 22:19:09
Balance: $207.84 | Regime: CHOP | Session: 0W/0L (0%) | PnL: $+0.00
[Ticker] KXSOL15M-26APR011830-30
[Market] YES=0.11 | NO=0.90 | Sum=1.01 | no arb
[Binance] ✅ Confirms DOWN | spot=$81 strike=$81 gap=-0 (0.50%)
[Signal] ✅ CONFIRMED DOWN | yes=0.11 | edge=0.39 | consecutive=2 | bet=$0.00
[TOD] Skipping trade — bad hour for this bot
[Cycle] No signal — YES=0.11 is between 0.25 and 0.75, sum=1.01 ≥ 0.97

==================================================
Cycle 124 | 2026-04-01 22:20:10
Balance: $207.84 | Regime: CHOP | Session: 0W/0L (0%) | PnL: $+0.00
[Ticker] KXSOL15M-26APR011830-30
[Market] YES=0.10 | NO=0.91 | Sum=1.01 | no arb
[Timing] Window is 5 min old - skipping
[Cycle] No signal — YES=0.10 is between 0.25 and 0.75, sum=1.01 ≥ 0.97

==================================================
Cycle 125 | 2026-04-01 22:21:10
Balance: $207.84 | Regime: CHOP | Session: 0W/0L (0%) | PnL: $+0.00
[Ticker] KXSOL15M-26APR011830-30
[Market] YES=0.22 | NO=0.79 | Sum=1.01 | no arb
[Timing] Window is 6 min old - skipping
[Cycle] No signal — YES=0.22 is between 0.25 and 0.75, sum=1.01 ≥ 0.97

==================================================
Cycle 126 | 2026-04-01 22:22:11
Balance: $207.84 | Regime: CHOP | Session: 0W/0L (0%) | PnL: $+0.00
[Ticker] KXSOL15M-26APR011830-30
[Market] YES=0.18 | NO=0.83 | Sum=1.01 | no arb
[Timing] Window is 7 min old - skipping
[Cycle] No signal — YES=0.18 is between 0.25 and 0.75, sum=1.01 ≥ 0.97

==================================================
Cycle 127 | 2026-04-01 22:23:11
Balance: $207.84 | Regime: CHOP | Session: 0W/0L (0%) | PnL: $+0.00
[Ticker] KXSOL15M-26APR011830-30
[Market] YES=0.19 | NO=0.84 | Sum=1.03 | no arb
[Timing] Window is 8 min old - skipping
[Cycle] No signal — YES=0.19 is between 0.25 and 0.75, sum=1.03 ≥ 0.97

==================================================
Cycle 128 | 2026-04-01 22:24:11
Balance: $207.84 | Regime: CHOP | Session: 0W/0L (0%) | PnL: $+0.00
[Ticker] KXSOL15M-26APR011830-30
[Market] YES=0.60 | NO=0.44 | Sum=1.04 | no arb
[Cycle] No signal — YES=0.60 is between 0.25 and 0.75, sum=1.04 ≥ 0.97

==================================================
Cycle 129 | 2026-04-01 22:25:12
Balance: $207.84 | Regime: CHOP | Session: 0W/0L (0%) | PnL: $+0.00
[Ticker] KXSOL15M-26APR011830-30
[Market] YES=0.56 | NO=0.48 | Sum=1.04 | no arb
[Cycle] No signal — YES=0.56 is between 0.25 and 0.75, sum=1.04 ≥ 0.97

==================================================
Cycle 130 | 2026-04-01 22:26:12
Balance: $207.84 | Regime: CHOP | Session: 0W/0L (0%) | PnL: $+0.00
[Ticker] KXSOL15M-26APR011830-30
[Market] YES=0.56 | NO=0.47 | Sum=1.03 | no arb
[Cycle] No signal — YES=0.56 is between 0.25 and 0.75, sum=1.03 ≥ 0.97

==================================================
Cycle 131 | 2026-04-01 22:27:13
Balance: $207.84 | Regime: CHOP | Session: 0W/0L (0%) | PnL: $+0.00
[Ticker] KXSOL15M-26APR011830-30
[Market] YES=0.87 | NO=0.14 | Sum=1.01 | no arb
[Timing] Window is 12 min old - skipping
[Cycle] No signal — YES=0.87 is between 0.25 and 0.75, sum=1.01 ≥ 0.97

==================================================
Cycle 132 | 2026-04-01 22:28:13
Balance: $207.84 | Regime: CHOP | Session: 0W/0L (0%) | PnL: $+0.00
[Ticker] KXSOL15M-26APR011830-30
[Market] YES=0.37 | NO=0.67 | Sum=1.04 | no arb
[Cycle] No signal — YES=0.37 is between 0.25 and 0.75, sum=1.04 ≥ 0.97

==================================================
Cycle 133 | 2026-04-01 22:29:14
Balance: $207.84 | Regime: CHOP | Session: 0W/0L (0%) | PnL: $+0.00
[Ticker] KXSOL15M-26APR011830-30
[Market] YES=0.01 | NO=1.00 | Sum=1.01 | no arb
[Timing] Window is 14 min old - skipping
[Cycle] No signal — YES=0.01 is between 0.25 and 0.75, sum=1.01 ≥ 0.97

==================================================
Cycle 134 | 2026-04-01 22:30:14
Balance: $207.84 | Regime: CHOP | Session: 0W/0L (0%) | PnL: $+0.00
[Ticker] KXSOL15M-26APR011830-30
[Market] YES=1.00 | NO=1.00 | Sum=2.00 | no arb
[Timing] Window is 0 min old - skipping
[Cycle] No signal — YES=1.00 is between 0.25 and 0.75, sum=2.00 ≥ 0.97

==================================================
Cycle 135 | 2026-04-01 22:31:15
Balance: $207.84 | Regime: CHOP | Session: 0W/0L (0%) | PnL: $+0.00
[Ticker] KXSOL15M-26APR011845-45
[Market] YES=0.41 | NO=0.62 | Sum=1.03 | no arb
[Cycle] No signal — YES=0.41 is between 0.25 and 0.75, sum=1.03 ≥ 0.97

==================================================
Cycle 136 | 2026-04-01 22:32:15
Balance: $207.84 | Regime: CHOP | Session: 0W/0L (0%) | PnL: $+0.00
[Ticker] KXSOL15M-26APR011845-45
[Market] YES=0.32 | NO=0.71 | Sum=1.03 | no arb
[Cycle] No signal — YES=0.32 is between 0.25 and 0.75, sum=1.03 ≥ 0.97

==================================================
Cycle 137 | 2026-04-01 22:33:15
Balance: $207.84 | Regime: CHOP | Session: 0W/0L (0%) | PnL: $+0.00
[Ticker] KXSOL15M-26APR011845-45
[Market] YES=0.41 | NO=0.63 | Sum=1.04 | no arb
[Cycle] No signal — YES=0.41 is between 0.25 and 0.75, sum=1.04 ≥ 0.97

==================================================
Cycle 138 | 2026-04-01 22:34:16
Balance: $207.84 | Regime: CHOP | Session: 0W/0L (0%) | PnL: $+0.00
[Ticker] KXSOL15M-26APR011845-45
[Market] YES=0.54 | NO=0.49 | Sum=1.03 | no arb
[Cycle] No signal — YES=0.54 is between 0.25 and 0.75, sum=1.03 ≥ 0.97

==================================================
Cycle 139 | 2026-04-01 22:35:16
Balance: $207.84 | Regime: CHOP | Session: 0W/0L (0%) | PnL: $+0.00
[Ticker] KXSOL15M-26APR011845-45
[Market] YES=0.59 | NO=0.45 | Sum=1.04 | no arb
[Cycle] No signal — YES=0.59 is between 0.25 and 0.75, sum=1.04 ≥ 0.97

==================================================
Cycle 140 | 2026-04-01 22:36:17
Balance: $207.84 | Regime: CHOP | Session: 0W/0L (0%) | PnL: $+0.00
[Ticker] KXSOL15M-26APR011845-45
[Market] YES=0.60 | NO=0.44 | Sum=1.04 | no arb
[Cycle] No signal — YES=0.60 is between 0.25 and 0.75, sum=1.04 ≥ 0.97

==================================================
Cycle 141 | 2026-04-01 22:37:17
Balance: $207.84 | Regime: CHOP | Session: 0W/0L (0%) | PnL: $+0.00
[Ticker] KXSOL15M-26APR011845-45
[Market] YES=0.57 | NO=0.47 | Sum=1.04 | no arb
[Cycle] No signal — YES=0.57 is between 0.25 and 0.75, sum=1.04 ≥ 0.97

==================================================
Cycle 142 | 2026-04-01 22:38:18
Balance: $207.84 | Regime: CHOP | Session: 0W/0L (0%) | PnL: $+0.00
[Ticker] KXSOL15M-26APR011845-45
[Market] YES=0.33 | NO=0.69 | Sum=1.02 | no arb
[Cycle] No signal — YES=0.33 is between 0.25 and 0.75, sum=1.02 ≥ 0.97

==================================================
Cycle 143 | 2026-04-01 22:39:18
Balance: $207.84 | Regime: CHOP | Session: 0W/0L (0%) | PnL: $+0.00
[Ticker] KXSOL15M-26APR011845-45
[Market] YES=0.40 | NO=0.63 | Sum=1.03 | no arb
[Cycle] No signal — YES=0.40 is between 0.25 and 0.75, sum=1.03 ≥ 0.97

==================================================
Cycle 144 | 2026-04-01 22:40:18
Balance: $207.84 | Regime: CHOP | Session: 0W/0L (0%) | PnL: $+0.00
[Ticker] KXSOL15M-26APR011845-45
[Market] YES=0.39 | NO=0.63 | Sum=1.02 | no arb
[Cycle] No signal — YES=0.39 is between 0.25 and 0.75, sum=1.02 ≥ 0.97

==================================================
Cycle 145 | 2026-04-01 22:41:19
Balance: $207.84 | Regime: CHOP | Session: 0W/0L (0%) | PnL: $+0.00
[Ticker] KXSOL15M-26APR011845-45
[Market] YES=0.30 | NO=0.72 | Sum=1.02 | no arb
[Cycle] No signal — YES=0.30 is between 0.25 and 0.75, sum=1.02 ≥ 0.97

==================================================
Cycle 146 | 2026-04-01 22:42:19
Balance: $207.84 | Regime: CHOP | Session: 0W/0L (0%) | PnL: $+0.00
[Ticker] KXSOL15M-26APR011845-45
[Market] YES=0.83 | NO=0.18 | Sum=1.01 | no arb
[Timing] Window is 12 min old - skipping
[Cycle] No signal — YES=0.83 is between 0.25 and 0.75, sum=1.01 ≥ 0.97

==================================================
Cycle 147 | 2026-04-01 22:43:20
Balance: $207.84 | Regime: CHOP | Session: 0W/0L (0%) | PnL: $+0.00
[Ticker] KXSOL15M-26APR011845-45
[Market] YES=0.33 | NO=0.71 | Sum=1.04 | no arb
[Cycle] No signal — YES=0.33 is between 0.25 and 0.75, sum=1.04 ≥ 0.97

==================================================
Cycle 148 | 2026-04-01 22:44:20
Balance: $207.84 | Regime: CHOP | Session: 0W/0L (0%) | PnL: $+0.00
[Ticker] KXSOL15M-26APR011845-45
[Market] YES=0.06 | NO=0.96 | Sum=1.02 | no arb
[Timing] Window is 14 min old - skipping
[Cycle] No signal — YES=0.06 is between 0.25 and 0.75, sum=1.02 ≥ 0.97

==================================================
Cycle 149 | 2026-04-01 22:45:20
Balance: $207.84 | Regime: CHOP | Session: 0W/0L (0%) | PnL: $+0.00
[Ticker] KXSOL15M-26APR011845-45
[Market] YES=1.00 | NO=1.00 | Sum=2.00 | no arb
[Timing] Window is 0 min old - skipping
[Cycle] No signal — YES=1.00 is between 0.25 and 0.75, sum=2.00 ≥ 0.97

==================================================
Cycle 150 | 2026-04-01 22:46:21
Balance: $207.84 | Regime: CHOP | Session: 0W/0L (0%) | PnL: $+0.00
[Ticker] KXSOL15M-26APR011900-00
[Market] YES=0.50 | NO=0.52 | Sum=1.02 | no arb
[Cycle] No signal — YES=0.50 is between 0.25 and 0.75, sum=1.02 ≥ 0.97

==================================================
Cycle 151 | 2026-04-01 22:47:21
Balance: $207.84 | Regime: CHOP | Session: 0W/0L (0%) | PnL: $+0.00
[Ticker] KXSOL15M-26APR011900-00
[Market] YES=0.47 | NO=0.57 | Sum=1.04 | no arb
[Cycle] No signal — YES=0.47 is between 0.25 and 0.75, sum=1.04 ≥ 0.97

==================================================
Cycle 152 | 2026-04-01 22:48:22
Balance: $207.84 | Regime: CHOP | Session: 0W/0L (0%) | PnL: $+0.00
[Ticker] KXSOL15M-26APR011900-00
[Market] YES=0.66 | NO=0.38 | Sum=1.04 | no arb
[Cycle] No signal — YES=0.66 is between 0.25 and 0.75, sum=1.04 ≥ 0.97

==================================================
Cycle 153 | 2026-04-01 22:49:22
Balance: $207.84 | Regime: CHOP | Session: 0W/0L (0%) | PnL: $+0.00
[Ticker] KXSOL15M-26APR011900-00
[Market] YES=0.71 | NO=0.33 | Sum=1.04 | no arb
[Cycle] No signal — YES=0.71 is between 0.25 and 0.75, sum=1.04 ≥ 0.97

==================================================
Cycle 154 | 2026-04-01 22:50:23
Balance: $207.84 | Regime: CHOP | Session: 0W/0L (0%) | PnL: $+0.00
[Ticker] KXSOL15M-26APR011900-00
[Market] YES=0.75 | NO=0.30 | Sum=1.05 | no arb
[Cycle] No signal — YES=0.75 is between 0.25 and 0.75, sum=1.05 ≥ 0.97

==================================================
Cycle 155 | 2026-04-01 22:51:23
Balance: $207.84 | Regime: CHOP | Session: 0W/0L (0%) | PnL: $+0.00
[Ticker] KXSOL15M-26APR011900-00
[Market] YES=0.69 | NO=0.32 | Sum=1.01 | no arb
[Cycle] No signal — YES=0.69 is between 0.25 and 0.75, sum=1.01 ≥ 0.97

==================================================
Cycle 156 | 2026-04-01 22:52:24
Balance: $207.84 | Regime: CHOP | Session: 0W/0L (0%) | PnL: $+0.00
[Ticker] KXSOL15M-26APR011900-00
[Market] YES=0.75 | NO=0.29 | Sum=1.04 | no arb
[Cycle] No signal — YES=0.75 is between 0.25 and 0.75, sum=1.04 ≥ 0.97

==================================================
Cycle 157 | 2026-04-01 22:53:24
Balance: $207.84 | Regime: CHOP | Session: 0W/0L (0%) | PnL: $+0.00
[Ticker] KXSOL15M-26APR011900-00
[Market] YES=0.78 | NO=0.23 | Sum=1.01 | no arb
[Timing] Window is 8 min old - skipping
[Cycle] No signal — YES=0.78 is between 0.25 and 0.75, sum=1.01 ≥ 0.97

==================================================
Cycle 158 | 2026-04-01 22:54:25
Balance: $207.84 | Regime: CHOP | Session: 0W/0L (0%) | PnL: $+0.00
[Ticker] KXSOL15M-26APR011900-00
[Market] YES=0.76 | NO=0.25 | Sum=1.01 | no arb
[Timing] Window is 9 min old - skipping
[Cycle] No signal — YES=0.76 is between 0.25 and 0.75, sum=1.01 ≥ 0.97

==================================================
Cycle 159 | 2026-04-01 22:55:25
Balance: $207.84 | Regime: CHOP | Session: 0W/0L (0%) | PnL: $+0.00
[Ticker] KXSOL15M-26APR011900-00
[Market] YES=0.77 | NO=0.26 | Sum=1.03 | no arb
[Timing] Window is 10 min old - skipping
[Cycle] No signal — YES=0.77 is between 0.25 and 0.75, sum=1.03 ≥ 0.97

==================================================
Cycle 160 | 2026-04-01 22:56:25
Balance: $207.84 | Regime: CHOP | Session: 0W/0L (0%) | PnL: $+0.00
[Ticker] KXSOL15M-26APR011900-00
[Market] YES=0.88 | NO=0.13 | Sum=1.01 | no arb
[Timing] Window is 11 min old - skipping
[Cycle] No signal — YES=0.88 is between 0.25 and 0.75, sum=1.01 ≥ 0.97

==================================================
Cycle 161 | 2026-04-01 22:57:26
Balance: $207.84 | Regime: CHOP | Session: 0W/0L (0%) | PnL: $+0.00
[Ticker] KXSOL15M-26APR011900-00
[Market] YES=0.86 | NO=0.15 | Sum=1.01 | no arb
[Timing] Window is 12 min old - skipping
[Cycle] No signal — YES=0.86 is between 0.25 and 0.75, sum=1.01 ≥ 0.97

==================================================
Cycle 162 | 2026-04-01 22:58:26
Balance: $207.84 | Regime: CHOP | Session: 0W/0L (0%) | PnL: $+0.00
[Ticker] KXSOL15M-26APR011900-00
[Market] YES=1.00 | NO=0.01 | Sum=1.01 | no arb
[Timing] Window is 13 min old - skipping
[Cycle] No signal — YES=1.00 is between 0.25 and 0.75, sum=1.01 ≥ 0.97

==================================================
Cycle 163 | 2026-04-01 22:59:27
Balance: $207.84 | Regime: CHOP | Session: 0W/0L (0%) | PnL: $+0.00
[Ticker] KXSOL15M-26APR011900-00
[Market] YES=1.00 | NO=0.00 | Sum=1.00 | no arb
[Timing] Window is 14 min old - skipping
[Cycle] No signal — YES=1.00 is between 0.25 and 0.75, sum=1.00 ≥ 0.97

==================================================
Cycle 164 | 2026-04-01 23:00:27
Balance: $207.84 | Regime: CHOP | Session: 0W/0L (0%) | PnL: $+0.00
[Ticker] KXSOL15M-26APR011915-15
[Market] YES=0.47 | NO=0.54 | Sum=1.01 | no arb
[Cycle] No signal — YES=0.47 is between 0.25 and 0.75, sum=1.01 ≥ 0.97

==================================================
Cycle 165 | 2026-04-01 23:01:28
Balance: $207.84 | Regime: CHOP | Session: 0W/0L (0%) | PnL: $+0.00
[Ticker] KXSOL15M-26APR011915-15
[Market] YES=0.48 | NO=0.53 | Sum=1.01 | no arb
[Cycle] No signal — YES=0.48 is between 0.25 and 0.75, sum=1.01 ≥ 0.97

==================================================
Cycle 166 | 2026-04-01 23:02:28
Balance: $207.84 | Regime: CHOP | Session: 0W/0L (0%) | PnL: $+0.00
[Ticker] KXSOL15M-26APR011915-15
[Market] YES=0.68 | NO=0.33 | Sum=1.01 | no arb
[Cycle] No signal — YES=0.68 is between 0.25 and 0.75, sum=1.01 ≥ 0.97

==================================================
Cycle 167 | 2026-04-01 23:03:29
Balance: $207.84 | Regime: CHOP | Session: 0W/0L (0%) | PnL: $+0.00
[Ticker] KXSOL15M-26APR011915-15
[Market] YES=0.58 | NO=0.44 | Sum=1.02 | no arb
[Cycle] No signal — YES=0.58 is between 0.25 and 0.75, sum=1.02 ≥ 0.97

==================================================
Cycle 168 | 2026-04-01 23:04:29
Balance: $207.84 | Regime: CHOP | Session: 0W/0L (0%) | PnL: $+0.00
[Ticker] KXSOL15M-26APR011915-15
[Market] YES=0.69 | NO=0.36 | Sum=1.05 | no arb
[Cycle] No signal — YES=0.69 is between 0.25 and 0.75, sum=1.05 ≥ 0.97

==================================================
Cycle 169 | 2026-04-01 23:05:29
Balance: $207.84 | Regime: CHOP | Session: 0W/0L (0%) | PnL: $+0.00
[Ticker] KXSOL15M-26APR011915-15
[Market] YES=0.79 | NO=0.24 | Sum=1.03 | no arb
[Timing] Window is 5 min old - skipping
[Cycle] No signal — YES=0.79 is between 0.25 and 0.75, sum=1.03 ≥ 0.97

==================================================
Cycle 170 | 2026-04-01 23:06:30
Balance: $207.84 | Regime: CHOP | Session: 0W/0L (0%) | PnL: $+0.00
[Ticker] KXSOL15M-26APR011915-15
[Market] YES=0.83 | NO=0.18 | Sum=1.01 | no arb
[Timing] Window is 6 min old - skipping
[Cycle] No signal — YES=0.83 is between 0.25 and 0.75, sum=1.01 ≥ 0.97

==================================================
Cycle 171 | 2026-04-01 23:07:30
Balance: $207.84 | Regime: CHOP | Session: 0W/0L (0%) | PnL: $+0.00
[Ticker] KXSOL15M-26APR011915-15
[Market] YES=0.76 | NO=0.26 | Sum=1.02 | no arb
[Timing] Window is 7 min old - skipping
[Cycle] No signal — YES=0.76 is between 0.25 and 0.75, sum=1.02 ≥ 0.97

==================================================
Cycle 172 | 2026-04-01 23:08:31
Balance: $207.84 | Regime: CHOP | Session: 0W/0L (0%) | PnL: $+0.00
[Ticker] KXSOL15M-26APR011915-15
[Market] YES=0.82 | NO=0.19 | Sum=1.01 | no arb
[Timing] Window is 8 min old - skipping
[Cycle] No signal — YES=0.82 is between 0.25 and 0.75, sum=1.01 ≥ 0.97

==================================================
Cycle 173 | 2026-04-01 23:09:31
Balance: $207.84 | Regime: CHOP | Session: 0W/0L (0%) | PnL: $+0.00
[Ticker] KXSOL15M-26APR011915-15
[Market] YES=0.92 | NO=0.09 | Sum=1.01 | no arb
[Timing] Window is 9 min old - skipping
[Cycle] No signal — YES=0.92 is between 0.25 and 0.75, sum=1.01 ≥ 0.97

==================================================
Cycle 174 | 2026-04-01 23:10:32
Balance: $207.84 | Regime: CHOP | Session: 0W/0L (0%) | PnL: $+0.00
[Ticker] KXSOL15M-26APR011915-15
[Market] YES=0.95 | NO=0.05 | Sum=1.00 | no arb
[Timing] Window is 10 min old - skipping
[Cycle] No signal — YES=0.95 is between 0.25 and 0.75, sum=1.00 ≥ 0.97

==================================================
Cycle 175 | 2026-04-01 23:11:32
Balance: $207.84 | Regime: CHOP | Session: 0W/0L (0%) | PnL: $+0.00
[Ticker] KXSOL15M-26APR011915-15
[Market] YES=0.96 | NO=0.05 | Sum=1.00 | no arb
[Timing] Window is 11 min old - skipping
[Cycle] No signal — YES=0.96 is between 0.25 and 0.75, sum=1.00 ≥ 0.97

==================================================
Cycle 176 | 2026-04-01 23:12:32
Balance: $207.84 | Regime: CHOP | Session: 0W/0L (0%) | PnL: $+0.00
[Ticker] KXSOL15M-26APR011915-15
[Market] YES=0.97 | NO=0.03 | Sum=1.00 | no arb
[Timing] Window is 12 min old - skipping
[Cycle] No signal — YES=0.97 is between 0.25 and 0.75, sum=1.00 ≥ 0.97

==================================================
Cycle 177 | 2026-04-01 23:13:33
Balance: $207.84 | Regime: CHOP | Session: 0W/0L (0%) | PnL: $+0.00
[Ticker] KXSOL15M-26APR011915-15
[Market] YES=1.00 | NO=0.00 | Sum=1.00 | no arb
[Timing] Window is 13 min old - skipping
[Cycle] No signal — YES=1.00 is between 0.25 and 0.75, sum=1.00 ≥ 0.97

==================================================
Cycle 178 | 2026-04-01 23:14:33
Balance: $207.84 | Regime: CHOP | Session: 0W/0L (0%) | PnL: $+0.00
[Ticker] KXSOL15M-26APR011915-15
[Market] YES=1.00 | NO=0.00 | Sum=1.00 | no arb
[Timing] Window is 14 min old - skipping
[Cycle] No signal — YES=1.00 is between 0.25 and 0.75, sum=1.00 ≥ 0.97

==================================================
Cycle 179 | 2026-04-01 23:15:34
Balance: $207.84 | Regime: CHOP | Session: 0W/0L (0%) | PnL: $+0.00
[Ticker] KXSOL15M-26APR011930-30
[Market] YES=0.47 | NO=0.64 | Sum=1.11 | no arb
[Cycle] No signal — YES=0.47 is between 0.25 and 0.75, sum=1.11 ≥ 0.97

==================================================
Cycle 180 | 2026-04-01 23:16:34
Balance: $207.84 | Regime: CHOP | Session: 0W/0L (0%) | PnL: $+0.00
[Ticker] KXSOL15M-26APR011930-30
[Market] YES=0.40 | NO=0.64 | Sum=1.04 | no arb
[Cycle] No signal — YES=0.40 is between 0.25 and 0.75, sum=1.04 ≥ 0.97

==================================================
Cycle 181 | 2026-04-01 23:17:34
Balance: $207.84 | Regime: CHOP | Session: 0W/0L (0%) | PnL: $+0.00
[Ticker] KXSOL15M-26APR011930-30
[Market] YES=0.42 | NO=0.62 | Sum=1.04 | no arb
[Cycle] No signal — YES=0.42 is between 0.25 and 0.75, sum=1.04 ≥ 0.97

==================================================
Cycle 182 | 2026-04-01 23:18:35
Balance: $207.84 | Regime: CHOP | Session: 0W/0L (0%) | PnL: $+0.00
[Ticker] KXSOL15M-26APR011930-30
[Market] YES=0.31 | NO=0.72 | Sum=1.03 | no arb
[Cycle] No signal — YES=0.31 is between 0.25 and 0.75, sum=1.03 ≥ 0.97

==================================================
Cycle 183 | 2026-04-01 23:19:35
Balance: $207.84 | Regime: CHOP | Session: 0W/0L (0%) | PnL: $+0.00
[Ticker] KXSOL15M-26APR011930-30
[Market] YES=0.16 | NO=0.85 | Sum=1.01 | no arb
[Signal] DOWN candidate | yes=0.16 | waiting for confirmation (1/2)
[Cycle] No signal — YES=0.16 is between 0.25 and 0.75, sum=1.01 ≥ 0.97

==================================================
Cycle 184 | 2026-04-01 23:20:36
Balance: $207.84 | Regime: CHOP | Session: 0W/0L (0%) | PnL: $+0.00
[Ticker] KXSOL15M-26APR011930-30
[Market] YES=0.16 | NO=0.85 | Sum=1.01 | no arb
[Timing] Window is 5 min old - skipping
[Cycle] No signal — YES=0.16 is between 0.25 and 0.75, sum=1.01 ≥ 0.97

==================================================
Cycle 185 | 2026-04-01 23:21:36
Balance: $207.84 | Regime: CHOP | Session: 0W/0L (0%) | PnL: $+0.00
[Ticker] KXSOL15M-26APR011930-30
[Market] YES=0.14 | NO=0.87 | Sum=1.01 | no arb
[Timing] Window is 6 min old - skipping
[Cycle] No signal — YES=0.14 is between 0.25 and 0.75, sum=1.01 ≥ 0.97

==================================================
Cycle 186 | 2026-04-01 23:22:37
Balance: $207.84 | Regime: CHOP | Session: 0W/0L (0%) | PnL: $+0.00
[Ticker] KXSOL15M-26APR011930-30
[Market] YES=0.31 | NO=0.70 | Sum=1.01 | no arb
[Cycle] No signal — YES=0.31 is between 0.25 and 0.75, sum=1.01 ≥ 0.97

==================================================
Cycle 187 | 2026-04-01 23:23:37
Balance: $207.84 | Regime: CHOP | Session: 0W/0L (0%) | PnL: $+0.00
[Ticker] KXSOL15M-26APR011930-30
[Market] YES=0.24 | NO=0.78 | Sum=1.02 | no arb
[Timing] Window is 8 min old - skipping
[Cycle] No signal — YES=0.24 is between 0.25 and 0.75, sum=1.02 ≥ 0.97

==================================================
Cycle 188 | 2026-04-01 23:24:37
Balance: $207.84 | Regime: CHOP | Session: 0W/0L (0%) | PnL: $+0.00
[Ticker] KXSOL15M-26APR011930-30
[Market] YES=0.36 | NO=0.67 | Sum=1.03 | no arb
[Cycle] No signal — YES=0.36 is between 0.25 and 0.75, sum=1.03 ≥ 0.97

==================================================
Cycle 189 | 2026-04-01 23:25:38
Balance: $207.84 | Regime: CHOP | Session: 0W/0L (0%) | PnL: $+0.00
[Ticker] KXSOL15M-26APR011930-30
[Market] YES=0.19 | NO=0.82 | Sum=1.01 | no arb
[Timing] Window is 10 min old - skipping
[Cycle] No signal — YES=0.19 is between 0.25 and 0.75, sum=1.01 ≥ 0.97

==================================================
Cycle 190 | 2026-04-01 23:26:38
Balance: $207.84 | Regime: CHOP | Session: 0W/0L (0%) | PnL: $+0.00
[Ticker] KXSOL15M-26APR011930-30
[Market] YES=0.21 | NO=0.80 | Sum=1.01 | no arb
[Timing] Window is 11 min old - skipping
[Cycle] No signal — YES=0.21 is between 0.25 and 0.75, sum=1.01 ≥ 0.97

==================================================
Cycle 191 | 2026-04-01 23:27:38
Balance: $207.84 | Regime: CHOP | Session: 0W/0L (0%) | PnL: $+0.00
[Ticker] KXSOL15M-26APR011930-30
[Market] YES=0.18 | NO=0.84 | Sum=1.02 | no arb
[Timing] Window is 12 min old - skipping
[Cycle] No signal — YES=0.18 is between 0.25 and 0.75, sum=1.02 ≥ 0.97

==================================================
Cycle 192 | 2026-04-01 23:28:39
Balance: $207.84 | Regime: CHOP | Session: 0W/0L (0%) | PnL: $+0.00
[Ticker] KXSOL15M-26APR011930-30
[Market] YES=0.04 | NO=0.96 | Sum=1.00 | no arb
[Timing] Window is 13 min old - skipping
[Cycle] No signal — YES=0.04 is between 0.25 and 0.75, sum=1.00 ≥ 0.97

==================================================
Cycle 193 | 2026-04-01 23:29:39
Balance: $207.84 | Regime: CHOP | Session: 0W/0L (0%) | PnL: $+0.00
[Ticker] KXSOL15M-26APR011930-30
[Market] YES=0.01 | NO=1.00 | Sum=1.01 | no arb
[Timing] Window is 14 min old - skipping
[Cycle] No signal — YES=0.01 is between 0.25 and 0.75, sum=1.01 ≥ 0.97

==================================================
Cycle 194 | 2026-04-01 23:30:40
Balance: $207.84 | Regime: CHOP | Session: 0W/0L (0%) | PnL: $+0.00
[Ticker] KXSOL15M-26APR011945-45
[Market] YES=0.31 | NO=0.70 | Sum=1.01 | no arb
[Cycle] No signal — YES=0.31 is between 0.25 and 0.75, sum=1.01 ≥ 0.97

==================================================
Cycle 195 | 2026-04-01 23:31:40
Balance: $207.84 | Regime: CHOP | Session: 0W/0L (0%) | PnL: $+0.00
[Ticker] KXSOL15M-26APR011945-45
[Market] YES=0.28 | NO=0.73 | Sum=1.01 | no arb
[Cycle] No signal — YES=0.28 is between 0.25 and 0.75, sum=1.01 ≥ 0.97

==================================================
Cycle 196 | 2026-04-01 23:32:41
Balance: $207.84 | Regime: CHOP | Session: 0W/0L (0%) | PnL: $+0.00
[Ticker] KXSOL15M-26APR011945-45
[Market] YES=0.17 | NO=0.86 | Sum=1.03 | no arb
[Signal] DOWN candidate | yes=0.17 | waiting for confirmation (1/2)
[Cycle] No signal — YES=0.17 is between 0.25 and 0.75, sum=1.03 ≥ 0.97

==================================================
Cycle 197 | 2026-04-01 23:33:41
Balance: $207.84 | Regime: CHOP | Session: 0W/0L (0%) | PnL: $+0.00
[Ticker] KXSOL15M-26APR011945-45
[Market] YES=0.19 | NO=0.83 | Sum=1.02 | no arb
[Binance] ✅ Confirms DOWN | spot=$81 strike=$81 gap=-0 (0.30%)
[Signal] ✅ CONFIRMED DOWN | yes=0.19 | edge=0.31 | consecutive=2 | bet=$0.00
[TOD] Skipping trade — bad hour for this bot
[Cycle] No signal — YES=0.19 is between 0.25 and 0.75, sum=1.02 ≥ 0.97

==================================================
Cycle 198 | 2026-04-01 23:34:42
Balance: $207.84 | Regime: CHOP | Session: 0W/0L (0%) | PnL: $+0.00
[Ticker] KXSOL15M-26APR011945-45
[Market] YES=0.38 | NO=0.67 | Sum=1.05 | no arb
[Cycle] No signal — YES=0.38 is between 0.25 and 0.75, sum=1.05 ≥ 0.97

==================================================
Cycle 199 | 2026-04-01 23:35:42
Balance: $207.84 | Regime: CHOP | Session: 0W/0L (0%) | PnL: $+0.00
[Ticker] KXSOL15M-26APR011945-45
[Market] YES=0.37 | NO=0.66 | Sum=1.03 | no arb
[Cycle] No signal — YES=0.37 is between 0.25 and 0.75, sum=1.03 ≥ 0.97

==================================================
Cycle 200 | 2026-04-01 23:36:43
Balance: $207.84 | Regime: CHOP | Session: 0W/0L (0%) | PnL: $+0.00
[Ticker] KXSOL15M-26APR011945-45
[Market] YES=0.52 | NO=0.49 | Sum=1.01 | no arb
[Cycle] No signal — YES=0.52 is between 0.25 and 0.75, sum=1.01 ≥ 0.97

==================================================
Cycle 201 | 2026-04-01 23:37:43
Balance: $207.84 | Regime: CHOP | Session: 0W/0L (0%) | PnL: $+0.00
[Ticker] KXSOL15M-26APR011945-45
[Market] YES=0.67 | NO=0.34 | Sum=1.01 | no arb
[Cycle] No signal — YES=0.67 is between 0.25 and 0.75, sum=1.01 ≥ 0.97

==================================================
Cycle 202 | 2026-04-01 23:38:43
Balance: $207.84 | Regime: CHOP | Session: 0W/0L (0%) | PnL: $+0.00
[Ticker] KXSOL15M-26APR011945-45
[Market] YES=0.51 | NO=0.52 | Sum=1.03 | no arb
[Cycle] No signal — YES=0.51 is between 0.25 and 0.75, sum=1.03 ≥ 0.97

==================================================
Cycle 203 | 2026-04-01 23:39:44
Balance: $207.84 | Regime: CHOP | Session: 0W/0L (0%) | PnL: $+0.00
[Ticker] KXSOL15M-26APR011945-45
[Market] YES=0.63 | NO=0.39 | Sum=1.02 | no arb
[Cycle] No signal — YES=0.63 is between 0.25 and 0.75, sum=1.02 ≥ 0.97

==================================================
Cycle 204 | 2026-04-01 23:40:44
Balance: $207.84 | Regime: CHOP | Session: 0W/0L (0%) | PnL: $+0.00
[Ticker] KXSOL15M-26APR011945-45
[Market] YES=0.77 | NO=0.25 | Sum=1.02 | no arb
[Timing] Window is 10 min old - skipping
[Cycle] No signal — YES=0.77 is between 0.25 and 0.75, sum=1.02 ≥ 0.97

==================================================
Cycle 205 | 2026-04-01 23:41:45
Balance: $207.84 | Regime: CHOP | Session: 0W/0L (0%) | PnL: $+0.00
[Ticker] KXSOL15M-26APR011945-45
[Market] YES=0.45 | NO=0.58 | Sum=1.03 | no arb
[Cycle] No signal — YES=0.45 is between 0.25 and 0.75, sum=1.03 ≥ 0.97

==================================================
Cycle 206 | 2026-04-01 23:42:45
Balance: $207.84 | Regime: CHOP | Session: 0W/0L (0%) | PnL: $+0.00
[Ticker] KXSOL15M-26APR011945-45
[Market] YES=0.32 | NO=0.71 | Sum=1.03 | no arb
[Cycle] No signal — YES=0.32 is between 0.25 and 0.75, sum=1.03 ≥ 0.97

==================================================
Cycle 207 | 2026-04-01 23:43:46
Balance: $207.84 | Regime: CHOP | Session: 0W/0L (0%) | PnL: $+0.00
[Ticker] KXSOL15M-26APR011945-45
[Market] YES=0.68 | NO=0.40 | Sum=1.08 | no arb
[Cycle] No signal — YES=0.68 is between 0.25 and 0.75, sum=1.08 ≥ 0.97

==================================================
Cycle 208 | 2026-04-01 23:44:46
Balance: $207.84 | Regime: CHOP | Session: 0W/0L (0%) | PnL: $+0.00
[Ticker] KXSOL15M-26APR011945-45
[Market] YES=0.96 | NO=0.10 | Sum=1.06 | no arb
[Timing] Window is 14 min old - skipping
[Cycle] No signal — YES=0.96 is between 0.25 and 0.75, sum=1.06 ≥ 0.97

==================================================
Cycle 209 | 2026-04-01 23:45:46
Balance: $207.84 | Regime: CHOP | Session: 0W/0L (0%) | PnL: $+0.00
[Ticker] KXSOL15M-26APR012000-00
[Market] YES=0.45 | NO=0.60 | Sum=1.05 | no arb
[Cycle] No signal — YES=0.45 is between 0.25 and 0.75, sum=1.05 ≥ 0.97

==================================================
Cycle 210 | 2026-04-01 23:46:47
Balance: $207.84 | Regime: CHOP | Session: 0W/0L (0%) | PnL: $+0.00
[Ticker] KXSOL15M-26APR012000-00
[Market] YES=0.39 | NO=0.63 | Sum=1.02 | no arb
[Cycle] No signal — YES=0.39 is between 0.25 and 0.75, sum=1.02 ≥ 0.97

==================================================
Cycle 211 | 2026-04-01 23:47:47
Balance: $207.84 | Regime: CHOP | Session: 0W/0L (0%) | PnL: $+0.00
[Ticker] KXSOL15M-26APR012000-00
[Market] YES=0.27 | NO=0.75 | Sum=1.02 | no arb
[Cycle] No signal — YES=0.27 is between 0.25 and 0.75, sum=1.02 ≥ 0.97

==================================================
Cycle 212 | 2026-04-01 23:48:48
Balance: $207.84 | Regime: CHOP | Session: 0W/0L (0%) | PnL: $+0.00
[Ticker] KXSOL15M-26APR012000-00
[Market] YES=0.36 | NO=0.67 | Sum=1.03 | no arb
[Cycle] No signal — YES=0.36 is between 0.25 and 0.75, sum=1.03 ≥ 0.97

==================================================
Cycle 213 | 2026-04-01 23:49:48
Balance: $207.84 | Regime: CHOP | Session: 0W/0L (0%) | PnL: $+0.00
[Ticker] KXSOL15M-26APR012000-00
[Market] YES=0.44 | NO=0.58 | Sum=1.02 | no arb
[Cycle] No signal — YES=0.44 is between 0.25 and 0.75, sum=1.02 ≥ 0.97

==================================================
Cycle 214 | 2026-04-01 23:50:49
Balance: $207.84 | Regime: CHOP | Session: 0W/0L (0%) | PnL: $+0.00
[Ticker] KXSOL15M-26APR012000-00
[Market] YES=0.49 | NO=0.54 | Sum=1.03 | no arb
[Cycle] No signal — YES=0.49 is between 0.25 and 0.75, sum=1.03 ≥ 0.97

==================================================
Cycle 215 | 2026-04-01 23:51:49
Balance: $207.84 | Regime: CHOP | Session: 0W/0L (0%) | PnL: $+0.00
[Ticker] KXSOL15M-26APR012000-00
[Market] YES=0.27 | NO=0.77 | Sum=1.04 | no arb
[Cycle] No signal — YES=0.27 is between 0.25 and 0.75, sum=1.04 ≥ 0.97

==================================================
Cycle 216 | 2026-04-01 23:52:49
Balance: $207.84 | Regime: CHOP | Session: 0W/0L (0%) | PnL: $+0.00
[Ticker] KXSOL15M-26APR012000-00
[Market] YES=0.31 | NO=0.72 | Sum=1.03 | no arb
[Cycle] No signal — YES=0.31 is between 0.25 and 0.75, sum=1.03 ≥ 0.97

==================================================
Cycle 217 | 2026-04-01 23:53:50
Balance: $207.84 | Regime: CHOP | Session: 0W/0L (0%) | PnL: $+0.00
[Ticker] KXSOL15M-26APR012000-00
[Market] YES=0.21 | NO=0.81 | Sum=1.02 | no arb
[Timing] Window is 8 min old - skipping
[Cycle] No signal — YES=0.21 is between 0.25 and 0.75, sum=1.02 ≥ 0.97

==================================================
Cycle 218 | 2026-04-01 23:54:50
Balance: $207.84 | Regime: CHOP | Session: 0W/0L (0%) | PnL: $+0.00
[Ticker] KXSOL15M-26APR012000-00
[Market] YES=0.22 | NO=0.85 | Sum=1.07 | no arb
[Timing] Window is 9 min old - skipping
[Cycle] No signal — YES=0.22 is between 0.25 and 0.75, sum=1.07 ≥ 0.97

==================================================
Cycle 219 | 2026-04-01 23:55:51
Balance: $207.84 | Regime: CHOP | Session: 0W/0L (0%) | PnL: $+0.00
[Ticker] KXSOL15M-26APR012000-00
[Market] YES=0.19 | NO=0.84 | Sum=1.03 | no arb
[Timing] Window is 10 min old - skipping
[Cycle] No signal — YES=0.19 is between 0.25 and 0.75, sum=1.03 ≥ 0.97

==================================================
Cycle 220 | 2026-04-01 23:56:51
Balance: $207.84 | Regime: CHOP | Session: 0W/0L (0%) | PnL: $+0.00
[Ticker] KXSOL15M-26APR012000-00
[Market] YES=0.05 | NO=0.96 | Sum=1.01 | no arb
[Timing] Window is 11 min old - skipping
[Cycle] No signal — YES=0.05 is between 0.25 and 0.75, sum=1.01 ≥ 0.97

==================================================
Cycle 221 | 2026-04-01 23:57:51
Balance: $207.84 | Regime: CHOP | Session: 0W/0L (0%) | PnL: $+0.00
[Ticker] KXSOL15M-26APR012000-00
[Market] YES=0.01 | NO=1.00 | Sum=1.01 | no arb
[Timing] Window is 12 min old - skipping
[Cycle] No signal — YES=0.01 is between 0.25 and 0.75, sum=1.01 ≥ 0.97

==================================================
Cycle 222 | 2026-04-01 23:58:52
Balance: $207.84 | Regime: CHOP | Session: 0W/0L (0%) | PnL: $+0.00
[Ticker] KXSOL15M-26APR012000-00
[Market] YES=0.01 | NO=1.00 | Sum=1.00 | no arb
[Timing] Window is 13 min old - skipping
[Cycle] No signal — YES=0.01 is between 0.25 and 0.75, sum=1.00 ≥ 0.97

==================================================
Cycle 223 | 2026-04-01 23:59:52
Balance: $207.84 | Regime: CHOP | Session: 0W/0L (0%) | PnL: $+0.00
[Ticker] KXSOL15M-26APR012000-00
[Market] YES=0.00 | NO=1.00 | Sum=1.00 | no arb
[Timing] Window is 14 min old - skipping
[Cycle] No signal — YES=0.00 is between 0.25 and 0.75, sum=1.00 ≥ 0.97

==================================================
Cycle 224 | 2026-04-02 00:00:53
Balance: $207.84 | Regime: CHOP | Session: 0W/0L (0%) | PnL: $+0.00
[Ticker] KXSOL15M-26APR012015-15
[Market] YES=0.47 | NO=0.55 | Sum=1.02 | no arb
[Cycle] No signal — YES=0.47 is between 0.25 and 0.75, sum=1.02 ≥ 0.97

==================================================
Cycle 225 | 2026-04-02 00:01:53
Balance: $207.84 | Regime: CHOP | Session: 0W/0L (0%) | PnL: $+0.00
[Ticker] KXSOL15M-26APR012015-15
[Market] YES=0.56 | NO=0.47 | Sum=1.03 | no arb
[Cycle] No signal — YES=0.56 is between 0.25 and 0.75, sum=1.03 ≥ 0.97

==================================================
Cycle 226 | 2026-04-02 00:02:53
Balance: $207.84 | Regime: CHOP | Session: 0W/0L (0%) | PnL: $+0.00
[Ticker] KXSOL15M-26APR012015-15
[Market] YES=0.49 | NO=0.54 | Sum=1.03 | no arb
[Cycle] No signal — YES=0.49 is between 0.25 and 0.75, sum=1.03 ≥ 0.97

==================================================
Cycle 227 | 2026-04-02 00:03:54
Balance: $207.84 | Regime: CHOP | Session: 0W/0L (0%) | PnL: $+0.00
[Ticker] KXSOL15M-26APR012015-15
[Market] YES=0.34 | NO=0.69 | Sum=1.03 | no arb
[Cycle] No signal — YES=0.34 is between 0.25 and 0.75, sum=1.03 ≥ 0.97

==================================================
Cycle 228 | 2026-04-02 00:04:54
Balance: $207.84 | Regime: CHOP | Session: 0W/0L (0%) | PnL: $+0.00
[Ticker] KXSOL15M-26APR012015-15
[Market] YES=0.49 | NO=0.56 | Sum=1.05 | no arb
[Cycle] No signal — YES=0.49 is between 0.25 and 0.75, sum=1.05 ≥ 0.97

==================================================
Cycle 229 | 2026-04-02 00:05:55
Balance: $207.84 | Regime: CHOP | Session: 0W/0L (0%) | PnL: $+0.00
[Ticker] KXSOL15M-26APR012015-15
[Market] YES=0.42 | NO=0.63 | Sum=1.05 | no arb
[Cycle] No signal — YES=0.42 is between 0.25 and 0.75, sum=1.05 ≥ 0.97

==================================================
Cycle 230 | 2026-04-02 00:06:55
Balance: $207.84 | Regime: CHOP | Session: 0W/0L (0%) | PnL: $+0.00
[Ticker] KXSOL15M-26APR012015-15
[Market] YES=0.50 | NO=0.51 | Sum=1.01 | no arb
[Cycle] No signal — YES=0.50 is between 0.25 and 0.75, sum=1.01 ≥ 0.97

==================================================
Cycle 231 | 2026-04-02 00:07:55
Balance: $207.84 | Regime: CHOP | Session: 0W/0L (0%) | PnL: $+0.00
[Ticker] KXSOL15M-26APR012015-15
[Market] YES=0.49 | NO=0.53 | Sum=1.02 | no arb
[Cycle] No signal — YES=0.49 is between 0.25 and 0.75, sum=1.02 ≥ 0.97

==================================================
Cycle 232 | 2026-04-02 00:08:56
Balance: $207.84 | Regime: CHOP | Session: 0W/0L (0%) | PnL: $+0.00
[Ticker] KXSOL15M-26APR012015-15
[Market] YES=0.49 | NO=0.54 | Sum=1.03 | no arb
[Cycle] No signal — YES=0.49 is between 0.25 and 0.75, sum=1.03 ≥ 0.97

==================================================
Cycle 233 | 2026-04-02 00:09:56
Balance: $207.84 | Regime: CHOP | Session: 0W/0L (0%) | PnL: $+0.00
[Ticker] KXSOL15M-26APR012015-15
[Market] YES=0.36 | NO=0.68 | Sum=1.04 | no arb
[Cycle] No signal — YES=0.36 is between 0.25 and 0.75, sum=1.04 ≥ 0.97

==================================================
Cycle 234 | 2026-04-02 00:10:57
Balance: $207.84 | Regime: CHOP | Session: 0W/0L (0%) | PnL: $+0.00
[Ticker] KXSOL15M-26APR012015-15
[Market] YES=0.54 | NO=0.51 | Sum=1.05 | no arb
[Cycle] No signal — YES=0.54 is between 0.25 and 0.75, sum=1.05 ≥ 0.97

==================================================
Cycle 235 | 2026-04-02 00:11:57
Balance: $207.84 | Regime: CHOP | Session: 0W/0L (0%) | PnL: $+0.00
[Ticker] KXSOL15M-26APR012015-15
[Market] YES=0.44 | NO=0.58 | Sum=1.02 | no arb
[Cycle] No signal — YES=0.44 is between 0.25 and 0.75, sum=1.02 ≥ 0.97

==================================================
Cycle 236 | 2026-04-02 00:12:58
Balance: $207.84 | Regime: CHOP | Session: 0W/0L (0%) | PnL: $+0.00
[Ticker] KXSOL15M-26APR012015-15
[Market] YES=0.10 | NO=0.92 | Sum=1.02 | no arb
[Timing] Window is 12 min old - skipping
[Cycle] No signal — YES=0.10 is between 0.25 and 0.75, sum=1.02 ≥ 0.97

==================================================
Cycle 237 | 2026-04-02 00:13:58
Balance: $207.84 | Regime: CHOP | Session: 0W/0L (0%) | PnL: $+0.00
[Ticker] KXSOL15M-26APR012015-15
[Market] YES=0.82 | NO=0.25 | Sum=1.07 | no arb
[Timing] Window is 13 min old - skipping
[Cycle] No signal — YES=0.82 is between 0.25 and 0.75, sum=1.07 ≥ 0.97

==================================================
Cycle 238 | 2026-04-02 00:14:58
Balance: $207.84 | Regime: CHOP | Session: 0W/0L (0%) | PnL: $+0.00
[Ticker] KXSOL15M-26APR012015-15
[Market] YES=1.00 | NO=0.00 | Sum=1.00 | no arb
[Timing] Window is 14 min old - skipping
[Cycle] No signal — YES=1.00 is between 0.25 and 0.75, sum=1.00 ≥ 0.97

==================================================
Cycle 239 | 2026-04-02 00:15:59
Balance: $207.84 | Regime: CHOP | Session: 0W/0L (0%) | PnL: $+0.00
[Ticker] KXSOL15M-26APR012030-30
[Market] YES=0.49 | NO=0.53 | Sum=1.02 | no arb
[Cycle] No signal — YES=0.49 is between 0.25 and 0.75, sum=1.02 ≥ 0.97

==================================================
Cycle 240 | 2026-04-02 00:16:59
Balance: $207.84 | Regime: CHOP | Session: 0W/0L (0%) | PnL: $+0.00
[Ticker] KXSOL15M-26APR012030-30
[Market] YES=0.47 | NO=0.55 | Sum=1.02 | no arb
[Cycle] No signal — YES=0.47 is between 0.25 and 0.75, sum=1.02 ≥ 0.97

==================================================
Cycle 241 | 2026-04-02 00:18:00
Balance: $207.84 | Regime: CHOP | Session: 0W/0L (0%) | PnL: $+0.00
[Ticker] KXSOL15M-26APR012030-30
[Market] YES=0.22 | NO=0.82 | Sum=1.04 | no arb
[Signal] DOWN candidate | yes=0.22 | waiting for confirmation (1/2)
[Cycle] No signal — YES=0.22 is between 0.25 and 0.75, sum=1.04 ≥ 0.97

==================================================
Cycle 242 | 2026-04-02 00:19:00
Balance: $204.95 | Regime: CHOP | Session: 0W/0L (0%) | PnL: $+0.00
[Ticker] KXSOL15M-26APR012030-30
[Market] YES=0.37 | NO=0.66 | Sum=1.03 | no arb
[Cycle] No signal — YES=0.37 is between 0.25 and 0.75, sum=1.03 ≥ 0.97

==================================================
Cycle 243 | 2026-04-02 00:20:01
Balance: $204.95 | Regime: CHOP | Session: 0W/0L (0%) | PnL: $+0.00
[Ticker] KXSOL15M-26APR012030-30
[Market] YES=0.33 | NO=0.71 | Sum=1.04 | no arb
[Cycle] No signal — YES=0.33 is between 0.25 and 0.75, sum=1.04 ≥ 0.97

==================================================
Cycle 244 | 2026-04-02 00:21:01
Balance: $204.95 | Regime: CHOP | Session: 0W/0L (0%) | PnL: $+0.00
[Ticker] KXSOL15M-26APR012030-30
[Market] YES=0.41 | NO=0.64 | Sum=1.05 | no arb
[Cycle] No signal — YES=0.41 is between 0.25 and 0.75, sum=1.05 ≥ 0.97

==================================================
Cycle 245 | 2026-04-02 00:22:02
Balance: $204.95 | Regime: CHOP | Session: 0W/0L (0%) | PnL: $+0.00
[Ticker] KXSOL15M-26APR012030-30
[Market] YES=0.18 | NO=0.84 | Sum=1.02 | no arb
[Timing] Window is 7 min old - skipping
[Cycle] No signal — YES=0.18 is between 0.25 and 0.75, sum=1.02 ≥ 0.97

==================================================
Cycle 246 | 2026-04-02 00:23:02
Balance: $204.95 | Regime: CHOP | Session: 0W/0L (0%) | PnL: $+0.00
[Ticker] KXSOL15M-26APR012030-30
[Market] YES=0.45 | NO=0.59 | Sum=1.04 | no arb
[Cycle] No signal — YES=0.45 is between 0.25 and 0.75, sum=1.04 ≥ 0.97

==================================================
Cycle 247 | 2026-04-02 00:24:03
Balance: $204.95 | Regime: CHOP | Session: 0W/0L (0%) | PnL: $+0.00
[Ticker] KXSOL15M-26APR012030-30
[Market] YES=0.32 | NO=0.71 | Sum=1.03 | no arb
[Cycle] No signal — YES=0.32 is between 0.25 and 0.75, sum=1.03 ≥ 0.97

==================================================
OpenClaw SOL Bot v1.0 — LIVE
Balance: $213.85 | MaxBet: $0.00 | ArbThreshold: 0.97 | Directional: <0.30 or >0.70
==================================================

[Startup] Live balance synced: $204.95
[Startup] Restored position: KXMVESPORTSMULTIGAMEEXTENDED-S202602FD8B92690-C9187BD65BE $2.88 direction=DOWN
[Startup] Loaded 1 existing position(s)
[Startup] Resting orders cleared

==================================================
Cycle 1 | 2026-04-02 00:24:52
Balance: $204.95 | Regime: CHOP | Session: 0W/0L (0%) | PnL: $+0.00
[Ticker] KXSOL15M-26APR012030-30
[Market] YES=0.47 | NO=0.56 | Sum=1.03 | no arb
[Cycle] No signal — YES=0.47 is between 0.30 and 0.70, sum=1.03 ≥ 0.97
[Positions] 1 still open

==================================================
Cycle 2 | 2026-04-02 00:25:52
Balance: $204.95 | Regime: CHOP | Session: 0W/0L (0%) | PnL: $+0.00
[Ticker] KXSOL15M-26APR012030-30
[Market] YES=0.53 | NO=0.51 | Sum=1.04 | no arb
[Cycle] No signal — YES=0.53 is between 0.30 and 0.70, sum=1.04 ≥ 0.97
[Positions] 1 still open

==================================================
Cycle 3 | 2026-04-02 00:26:53
Balance: $204.95 | Regime: CHOP | Session: 0W/0L (0%) | PnL: $+0.00
[Ticker] KXSOL15M-26APR012030-30
[Market] YES=0.31 | NO=0.72 | Sum=1.03 | no arb
[Cycle] No signal — YES=0.31 is between 0.30 and 0.70, sum=1.03 ≥ 0.97
[Positions] 1 still open

==================================================
Cycle 4 | 2026-04-02 00:27:53
Balance: $204.95 | Regime: CHOP | Session: 0W/0L (0%) | PnL: $+0.00
[Ticker] KXSOL15M-26APR012030-30
[Market] YES=0.16 | NO=0.85 | Sum=1.01 | no arb
[Timing] Window is 12 min old - skipping
[Cycle] No signal — YES=0.16 is between 0.30 and 0.70, sum=1.01 ≥ 0.97
[Positions] 1 still open

==================================================
Cycle 5 | 2026-04-02 00:28:54
Balance: $204.95 | Regime: CHOP | Session: 0W/0L (0%) | PnL: $+0.00
[Ticker] KXSOL15M-26APR012030-30
[Market] YES=0.06 | NO=0.95 | Sum=1.02 | no arb
[Timing] Window is 13 min old - skipping
[Cycle] No signal — YES=0.06 is between 0.30 and 0.70, sum=1.02 ≥ 0.97
[Positions] 1 still open

==================================================
Cycle 6 | 2026-04-02 00:29:54
Balance: $204.95 | Regime: CHOP | Session: 0W/0L (0%) | PnL: $+0.00
[Ticker] KXSOL15M-26APR012030-30
[Market] YES=0.00 | NO=1.00 | Sum=1.00 | no arb
[Timing] Window is 14 min old - skipping
[Cycle] No signal — YES=0.00 is between 0.30 and 0.70, sum=1.00 ≥ 0.97
[Positions] 1 still open

==================================================
Cycle 7 | 2026-04-02 00:30:55
Balance: $204.95 | Regime: CHOP | Session: 0W/0L (0%) | PnL: $+0.00
[Ticker] KXSOL15M-26APR012045-45
[Market] YES=0.54 | NO=0.47 | Sum=1.01 | no arb
[Cycle] No signal — YES=0.54 is between 0.30 and 0.70, sum=1.01 ≥ 0.97
[Positions] 1 still open

==================================================
Cycle 8 | 2026-04-02 00:31:56
Balance: $203.96 | Regime: CHOP | Session: 0W/0L (0%) | PnL: $+0.00
[Ticker] KXSOL15M-26APR012045-45
[Market] YES=0.58 | NO=0.46 | Sum=1.04 | no arb
[Cycle] No signal — YES=0.58 is between 0.30 and 0.70, sum=1.04 ≥ 0.97
[Positions] 1 still open

==================================================
Cycle 9 | 2026-04-02 00:32:56
Balance: $203.96 | Regime: CHOP | Session: 0W/0L (0%) | PnL: $+0.00
[Ticker] KXSOL15M-26APR012045-45
[Market] YES=0.62 | NO=0.42 | Sum=1.04 | no arb
[Cycle] No signal — YES=0.62 is between 0.30 and 0.70, sum=1.04 ≥ 0.97
[Positions] 1 still open

==================================================
Cycle 10 | 2026-04-02 00:33:57
Balance: $203.96 | Regime: CHOP | Session: 0W/0L (0%) | PnL: $+0.00
[Ticker] KXSOL15M-26APR012045-45
[Market] YES=0.69 | NO=0.33 | Sum=1.02 | no arb
[Cycle] No signal — YES=0.69 is between 0.30 and 0.70, sum=1.02 ≥ 0.97
[Positions] 1 still open

==================================================
Cycle 11 | 2026-04-02 00:34:57
Balance: $203.96 | Regime: CHOP | Session: 0W/0L (0%) | PnL: $+0.00
[Ticker] KXSOL15M-26APR012045-45
[Market] YES=0.80 | NO=0.22 | Sum=1.02 | no arb
[Signal] UP candidate | yes=0.80 | waiting for confirmation (1/2)
[Cycle] No signal — YES=0.80 is between 0.30 and 0.70, sum=1.02 ≥ 0.97
[Positions] 1 still open

==================================================
Cycle 12 | 2026-04-02 00:35:58
Balance: $203.96 | Regime: CHOP | Session: 0W/0L (0%) | PnL: $+0.00
[Ticker] KXSOL15M-26APR012045-45
[Market] YES=0.86 | NO=0.15 | Sum=1.01 | no arb
[Timing] Window is 5 min old - skipping
[Cycle] No signal — YES=0.86 is between 0.30 and 0.70, sum=1.01 ≥ 0.97
[Positions] Old/restored position KXMVESPORTSMULTIGAMEEXTENDED-S202602FD8B92690-C9187BD65BE expired — removing

==================================================
Cycle 13 | 2026-04-02 00:36:58
Balance: $203.96 | Regime: CHOP | Session: 0W/0L (0%) | PnL: $+0.00
[Ticker] KXSOL15M-26APR012045-45
[Market] YES=0.85 | NO=0.16 | Sum=1.01 | no arb
[Timing] Window is 6 min old - skipping
[Cycle] No signal — YES=0.85 is between 0.30 and 0.70, sum=1.01 ≥ 0.97

==================================================
Cycle 14 | 2026-04-02 00:37:58
Balance: $203.96 | Regime: CHOP | Session: 0W/0L (0%) | PnL: $+0.00
[Ticker] KXSOL15M-26APR012045-45
[Market] YES=0.90 | NO=0.11 | Sum=1.01 | no arb
[Timing] Window is 7 min old - skipping
[Cycle] No signal — YES=0.90 is between 0.30 and 0.70, sum=1.01 ≥ 0.97

==================================================
Cycle 15 | 2026-04-02 00:38:59
Balance: $203.96 | Regime: CHOP | Session: 0W/0L (0%) | PnL: $+0.00
[Ticker] KXSOL15M-26APR012045-45
[Market] YES=0.92 | NO=0.11 | Sum=1.03 | no arb
[Timing] Window is 8 min old - skipping
[Cycle] No signal — YES=0.92 is between 0.30 and 0.70, sum=1.03 ≥ 0.97

==================================================
Cycle 16 | 2026-04-02 00:39:59
Balance: $203.96 | Regime: CHOP | Session: 0W/0L (0%) | PnL: $+0.00
[Ticker] KXSOL15M-26APR012045-45
[Market] YES=0.99 | NO=0.02 | Sum=1.01 | no arb
[Timing] Window is 10 min old - skipping
[Cycle] No signal — YES=0.99 is between 0.30 and 0.70, sum=1.01 ≥ 0.97

==================================================
Cycle 17 | 2026-04-02 00:41:00
Balance: $203.96 | Regime: CHOP | Session: 0W/0L (0%) | PnL: $+0.00
[Ticker] KXSOL15M-26APR012045-45
[Market] YES=1.00 | NO=0.01 | Sum=1.00 | no arb
[Timing] Window is 11 min old - skipping
[Cycle] No signal — YES=1.00 is between 0.30 and 0.70, sum=1.00 ≥ 0.97

==================================================
Cycle 18 | 2026-04-02 00:42:00
Balance: $203.96 | Regime: CHOP | Session: 0W/0L (0%) | PnL: $+0.00
[Ticker] KXSOL15M-26APR012045-45
[Market] YES=1.00 | NO=0.00 | Sum=1.00 | no arb
[Timing] Window is 12 min old - skipping
[Cycle] No signal — YES=1.00 is between 0.30 and 0.70, sum=1.00 ≥ 0.97

==================================================
Cycle 19 | 2026-04-02 00:43:01
Balance: $203.96 | Regime: CHOP | Session: 0W/0L (0%) | PnL: $+0.00
[Ticker] KXSOL15M-26APR012045-45
[Market] YES=1.00 | NO=0.00 | Sum=1.00 | no arb
[Timing] Window is 13 min old - skipping
[Cycle] No signal — YES=1.00 is between 0.30 and 0.70, sum=1.00 ≥ 0.97

==================================================
Cycle 20 | 2026-04-02 00:44:01
Balance: $203.96 | Regime: CHOP | Session: 0W/0L (0%) | PnL: $+0.00
[Ticker] KXSOL15M-26APR012045-45
[Market] YES=1.00 | NO=0.00 | Sum=1.00 | no arb
[Timing] Window is 14 min old - skipping
[Cycle] No signal — YES=1.00 is between 0.30 and 0.70, sum=1.00 ≥ 0.97

==================================================
Cycle 21 | 2026-04-02 00:45:01
Balance: $203.96 | Regime: CHOP | Session: 0W/0L (0%) | PnL: $+0.00
[Ticker] KXSOL15M-26APR012045-45
[Market] YES=1.00 | NO=0.00 | Sum=1.00 | no arb
[Timing] Window is 0 min old - skipping
[Cycle] No signal — YES=1.00 is between 0.30 and 0.70, sum=1.00 ≥ 0.97

==================================================
Cycle 22 | 2026-04-02 00:46:02
Balance: $203.96 | Regime: CHOP | Session: 0W/0L (0%) | PnL: $+0.00
[Ticker] KXSOL15M-26APR012100-00
[Market] YES=0.44 | NO=0.57 | Sum=1.01 | no arb
[Cycle] No signal — YES=0.44 is between 0.30 and 0.70, sum=1.01 ≥ 0.97

==================================================
Cycle 23 | 2026-04-02 00:47:03
Balance: $203.96 | Regime: CHOP | Session: 0W/0L (0%) | PnL: $+0.00
[Ticker] KXSOL15M-26APR012100-00
[Market] YES=0.40 | NO=0.64 | Sum=1.04 | no arb
[Cycle] No signal — YES=0.40 is between 0.30 and 0.70, sum=1.04 ≥ 0.97

==================================================
Cycle 24 | 2026-04-02 00:48:03
Balance: $203.96 | Regime: CHOP | Session: 0W/0L (0%) | PnL: $+0.00
[Ticker] KXSOL15M-26APR012100-00
[Market] YES=0.37 | NO=0.67 | Sum=1.04 | no arb
[Cycle] No signal — YES=0.37 is between 0.30 and 0.70, sum=1.04 ≥ 0.97

==================================================
Cycle 25 | 2026-04-02 00:49:03
Balance: $203.96 | Regime: CHOP | Session: 0W/0L (0%) | PnL: $+0.00
[Ticker] KXSOL15M-26APR012100-00
[Market] YES=0.48 | NO=0.57 | Sum=1.05 | no arb
[Cycle] No signal — YES=0.48 is between 0.30 and 0.70, sum=1.05 ≥ 0.97

==================================================
Cycle 26 | 2026-04-02 00:50:04
Balance: $203.96 | Regime: CHOP | Session: 0W/0L (0%) | PnL: $+0.00
[Ticker] KXSOL15M-26APR012100-00
[Market] YES=0.54 | NO=0.50 | Sum=1.04 | no arb
[Cycle] No signal — YES=0.54 is between 0.30 and 0.70, sum=1.04 ≥ 0.97

==================================================
Cycle 27 | 2026-04-02 00:51:05
Balance: $203.96 | Regime: CHOP | Session: 0W/0L (0%) | PnL: $+0.00
[Ticker] KXSOL15M-26APR012100-00
[Market] YES=0.68 | NO=0.33 | Sum=1.01 | no arb
[Cycle] No signal — YES=0.68 is between 0.30 and 0.70, sum=1.01 ≥ 0.97

==================================================
Cycle 28 | 2026-04-02 00:52:05
Balance: $203.96 | Regime: CHOP | Session: 0W/0L (0%) | PnL: $+0.00
[Ticker] KXSOL15M-26APR012100-00
[Market] YES=0.56 | NO=0.48 | Sum=1.04 | no arb
[Cycle] No signal — YES=0.56 is between 0.30 and 0.70, sum=1.04 ≥ 0.97

==================================================
Cycle 29 | 2026-04-02 00:53:05
Balance: $203.96 | Regime: CHOP | Session: 0W/0L (0%) | PnL: $+0.00
[Ticker] KXSOL15M-26APR012100-00
[Market] YES=0.63 | NO=0.38 | Sum=1.01 | no arb
[Cycle] No signal — YES=0.63 is between 0.30 and 0.70, sum=1.01 ≥ 0.97

==================================================
Cycle 30 | 2026-04-02 00:54:06
Balance: $203.96 | Regime: CHOP | Session: 0W/0L (0%) | PnL: $+0.00
[Ticker] KXSOL15M-26APR012100-00
[Market] YES=0.83 | NO=0.19 | Sum=1.02 | no arb
[Timing] Window is 9 min old - skipping
[Cycle] No signal — YES=0.83 is between 0.30 and 0.70, sum=1.02 ≥ 0.97

==================================================
Cycle 31 | 2026-04-02 00:55:06
Balance: $203.96 | Regime: CHOP | Session: 0W/0L (0%) | PnL: $+0.00
[Ticker] KXSOL15M-26APR012100-00
[Market] YES=0.86 | NO=0.16 | Sum=1.02 | no arb
[Timing] Window is 10 min old - skipping
[Cycle] No signal — YES=0.86 is between 0.30 and 0.70, sum=1.02 ≥ 0.97

==================================================
Cycle 32 | 2026-04-02 00:56:07
Balance: $203.96 | Regime: CHOP | Session: 0W/0L (0%) | PnL: $+0.00
[Ticker] KXSOL15M-26APR012100-00
[Market] YES=0.75 | NO=0.28 | Sum=1.03 | no arb
[Timing] Window is 11 min old - skipping
[Cycle] No signal — YES=0.75 is between 0.30 and 0.70, sum=1.03 ≥ 0.97

==================================================
Cycle 33 | 2026-04-02 00:57:07
Balance: $203.96 | Regime: CHOP | Session: 0W/0L (0%) | PnL: $+0.00
[Ticker] KXSOL15M-26APR012100-00
[Market] YES=0.97 | NO=0.04 | Sum=1.01 | no arb
[Timing] Window is 12 min old - skipping
[Cycle] No signal — YES=0.97 is between 0.30 and 0.70, sum=1.01 ≥ 0.97

==================================================
Cycle 34 | 2026-04-02 00:58:08
Balance: $203.96 | Regime: CHOP | Session: 0W/0L (0%) | PnL: $+0.00
[Ticker] KXSOL15M-26APR012100-00
[Market] YES=0.99 | NO=0.01 | Sum=1.00 | no arb
[Timing] Window is 13 min old - skipping
[Cycle] No signal — YES=0.99 is between 0.30 and 0.70, sum=1.00 ≥ 0.97

==================================================
Cycle 35 | 2026-04-02 00:59:08
Balance: $203.96 | Regime: CHOP | Session: 0W/0L (0%) | PnL: $+0.00
[Ticker] KXSOL15M-26APR012100-00
[Market] YES=1.00 | NO=0.01 | Sum=1.01 | no arb
[Timing] Window is 14 min old - skipping
[Cycle] No signal — YES=1.00 is between 0.30 and 0.70, sum=1.01 ≥ 0.97

==================================================
Cycle 36 | 2026-04-02 01:00:08
Balance: $203.96 | Regime: CHOP | Session: 0W/0L (0%) | PnL: $+0.00
[Ticker] KXSOL15M-26APR012100-00
[Market] YES=1.00 | NO=1.00 | Sum=2.00 | no arb
[Timing] Window is 0 min old - skipping
[Cycle] No signal — YES=1.00 is between 0.30 and 0.70, sum=2.00 ≥ 0.97

==================================================
Cycle 37 | 2026-04-02 01:01:09
Balance: $203.96 | Regime: CHOP | Session: 0W/0L (0%) | PnL: $+0.00
[Ticker] KXSOL15M-26APR012115-15
[Market] YES=0.19 | NO=0.83 | Sum=1.02 | no arb
[Signal] EXTREME DOWN | yes=0.19 | edge=0.31 | firing immediately
[Binance] ✅ Confirms DOWN | spot=$81 strike=$82 gap=-0 (0.36%)
[Signal] ✅ CONFIRMED DOWN | yes=0.19 | edge=0.31 | consecutive=2 | bet=$0.00
[TOD] Skipping trade — bad hour for this bot
[Cycle] No signal — YES=0.19 is between 0.30 and 0.70, sum=1.02 ≥ 0.97

==================================================
Cycle 38 | 2026-04-02 01:02:10
Balance: $203.96 | Regime: CHOP | Session: 0W/0L (0%) | PnL: $+0.00
[Ticker] KXSOL15M-26APR012115-15
[Market] YES=0.16 | NO=0.87 | Sum=1.03 | no arb
[Signal] DOWN candidate | yes=0.16 | waiting for confirmation (1/2)
[Cycle] No signal — YES=0.16 is between 0.30 and 0.70, sum=1.03 ≥ 0.97

==================================================
Cycle 39 | 2026-04-02 01:03:10
Balance: $203.96 | Regime: CHOP | Session: 0W/0L (0%) | PnL: $+0.00
[Ticker] KXSOL15M-26APR012115-15
[Market] YES=0.13 | NO=0.89 | Sum=1.02 | no arb
[Binance] ✅ Confirms DOWN | spot=$81 strike=$82 gap=-0 (0.44%)
[Signal] ✅ CONFIRMED DOWN | yes=0.13 | edge=0.37 | consecutive=2 | bet=$0.00
[TOD] Skipping trade — bad hour for this bot
[Cycle] No signal — YES=0.13 is between 0.30 and 0.70, sum=1.02 ≥ 0.97

==================================================
Cycle 40 | 2026-04-02 01:04:11
Balance: $203.96 | Regime: CHOP | Session: 0W/0L (0%) | PnL: $+0.00
[Ticker] KXSOL15M-26APR012115-15
[Market] YES=0.08 | NO=0.94 | Sum=1.02 | no arb
[Binance] ✅ Confirms DOWN | spot=$81 strike=$82 gap=-0 (0.60%)
[Signal] ✅ CONFIRMED DOWN | yes=0.08 | edge=0.42 | consecutive=2 | bet=$0.00
[TOD] Skipping trade — bad hour for this bot
[Cycle] No signal — YES=0.08 is between 0.30 and 0.70, sum=1.02 ≥ 0.97

==================================================
Cycle 41 | 2026-04-02 01:05:12
Balance: $204.96 | Regime: CHOP | Session: 0W/0L (0%) | PnL: $+0.00
[Ticker] KXSOL15M-26APR012115-15
[Market] YES=0.01 | NO=0.99 | Sum=1.00 | no arb
[Timing] Window is 5 min old - skipping
[Cycle] No signal — YES=0.01 is between 0.30 and 0.70, sum=1.00 ≥ 0.97

==================================================
Cycle 42 | 2026-04-02 01:06:12
Balance: $204.96 | Regime: CHOP | Session: 0W/0L (0%) | PnL: $+0.00
[Ticker] KXSOL15M-26APR012115-15
[Market] YES=0.06 | NO=0.97 | Sum=1.03 | no arb
[Timing] Window is 6 min old - skipping
[Cycle] No signal — YES=0.06 is between 0.30 and 0.70, sum=1.03 ≥ 0.97

==================================================
Cycle 43 | 2026-04-02 01:07:13
Balance: $204.96 | Regime: CHOP | Session: 0W/0L (0%) | PnL: $+0.00
[Ticker] KXSOL15M-26APR012115-15
[Market] YES=0.03 | NO=0.97 | Sum=1.00 | no arb
[Timing] Window is 7 min old - skipping
[Cycle] No signal — YES=0.03 is between 0.30 and 0.70, sum=1.00 ≥ 0.97

==================================================
Cycle 44 | 2026-04-02 01:08:13
Balance: $204.96 | Regime: CHOP | Session: 0W/0L (0%) | PnL: $+0.00
[Ticker] KXSOL15M-26APR012115-15
[Market] YES=0.05 | NO=0.95 | Sum=1.00 | no arb
[Timing] Window is 8 min old - skipping
[Cycle] No signal — YES=0.05 is between 0.30 and 0.70, sum=1.00 ≥ 0.97

==================================================
Cycle 45 | 2026-04-02 01:09:13
Balance: $204.96 | Regime: CHOP | Session: 0W/0L (0%) | PnL: $+0.00
[Ticker] KXSOL15M-26APR012115-15
[Market] YES=0.17 | NO=0.85 | Sum=1.02 | no arb
[Timing] Window is 9 min old - skipping
[Cycle] No signal — YES=0.17 is between 0.30 and 0.70, sum=1.02 ≥ 0.97

==================================================
Cycle 46 | 2026-04-02 01:10:14
Balance: $204.96 | Regime: CHOP | Session: 0W/0L (0%) | PnL: $+0.00
[Ticker] KXSOL15M-26APR012115-15
[Market] YES=0.13 | NO=0.89 | Sum=1.02 | no arb
[Timing] Window is 10 min old - skipping
[Cycle] No signal — YES=0.13 is between 0.30 and 0.70, sum=1.02 ≥ 0.97

==================================================
Cycle 47 | 2026-04-02 01:11:15
Balance: $204.96 | Regime: CHOP | Session: 0W/0L (0%) | PnL: $+0.00
[Ticker] KXSOL15M-26APR012115-15
[Market] YES=0.26 | NO=0.75 | Sum=1.01 | no arb
[Timing] Window is 11 min old - skipping
[Cycle] No signal — YES=0.26 is between 0.30 and 0.70, sum=1.01 ≥ 0.97

==================================================
Cycle 48 | 2026-04-02 01:12:15
Balance: $204.96 | Regime: CHOP | Session: 0W/0L (0%) | PnL: $+0.00
[Ticker] KXSOL15M-26APR012115-15
[Market] YES=0.05 | NO=0.97 | Sum=1.02 | no arb
[Timing] Window is 12 min old - skipping
[Cycle] No signal — YES=0.05 is between 0.30 and 0.70, sum=1.02 ≥ 0.97

==================================================
Cycle 49 | 2026-04-02 01:13:15
Balance: $204.96 | Regime: CHOP | Session: 0W/0L (0%) | PnL: $+0.00
[Ticker] KXSOL15M-26APR012115-15
[Market] YES=0.01 | NO=1.00 | Sum=1.01 | no arb
[Timing] Window is 13 min old - skipping
[Cycle] No signal — YES=0.01 is between 0.30 and 0.70, sum=1.01 ≥ 0.97

==================================================
Cycle 50 | 2026-04-02 01:14:16
Balance: $204.96 | Regime: CHOP | Session: 0W/0L (0%) | PnL: $+0.00
[Ticker] KXSOL15M-26APR012115-15
[Market] YES=0.00 | NO=1.00 | Sum=1.00 | no arb
[Timing] Window is 14 min old - skipping
[Cycle] No signal — YES=0.00 is between 0.30 and 0.70, sum=1.00 ≥ 0.97

==================================================
Cycle 51 | 2026-04-02 01:15:16
Balance: $204.96 | Regime: CHOP | Session: 0W/0L (0%) | PnL: $+0.00
[Ticker] KXSOL15M-26APR012115-15
[Market] YES=1.00 | NO=1.00 | Sum=2.00 | no arb
[Timing] Window is 0 min old - skipping
[Cycle] No signal — YES=1.00 is between 0.30 and 0.70, sum=2.00 ≥ 0.97

==================================================
Cycle 52 | 2026-04-02 01:16:17
Balance: $204.96 | Regime: CHOP | Session: 0W/0L (0%) | PnL: $+0.00
[Ticker] KXSOL15M-26APR012130-30
[Market] YES=0.33 | NO=0.69 | Sum=1.02 | no arb
[Cycle] No signal — YES=0.33 is between 0.30 and 0.70, sum=1.02 ≥ 0.97

==================================================
Cycle 53 | 2026-04-02 01:17:17
Balance: $204.96 | Regime: CHOP | Session: 0W/0L (0%) | PnL: $+0.00
[Ticker] KXSOL15M-26APR012130-30
[Market] YES=0.24 | NO=0.78 | Sum=1.02 | no arb
[Signal] DOWN candidate | yes=0.24 | waiting for confirmation (1/2)
[Cycle] No signal — YES=0.24 is between 0.30 and 0.70, sum=1.02 ≥ 0.97

==================================================
Cycle 54 | 2026-04-02 01:18:18
Balance: $204.96 | Regime: CHOP | Session: 0W/0L (0%) | PnL: $+0.00
[Ticker] KXSOL15M-26APR012130-30
[Market] YES=0.13 | NO=0.88 | Sum=1.01 | no arb
[Binance] ✅ Confirms DOWN | spot=$80 strike=$81 gap=-1 (0.86%)
[Signal] ✅ CONFIRMED DOWN | yes=0.13 | edge=0.37 | consecutive=2 | bet=$0.00
[TOD] Skipping trade — bad hour for this bot
[Cycle] No signal — YES=0.13 is between 0.30 and 0.70, sum=1.01 ≥ 0.97

==================================================
Cycle 55 | 2026-04-02 01:19:18
Balance: $204.96 | Regime: BEAR | Session: 0W/0L (0%) | PnL: $+0.00
[Ticker] KXSOL15M-26APR012130-30
[Market] YES=0.10 | NO=0.93 | Sum=1.03 | no arb
[Binance] ✅ Confirms DOWN | spot=$80 strike=$81 gap=-1 (1.27%)
[Signal] ✅ CONFIRMED DOWN | yes=0.10 | edge=0.40 | consecutive=2 | bet=$0.00
[TOD] Skipping trade — bad hour for this bot
[Cycle] No signal — YES=0.10 is between 0.30 and 0.70, sum=1.03 ≥ 0.97

==================================================
Cycle 56 | 2026-04-02 01:20:19
Balance: $204.96 | Regime: BEAR | Session: 0W/0L (0%) | PnL: $+0.00
[Ticker] KXSOL15M-26APR012130-30
[Market] YES=0.09 | NO=0.92 | Sum=1.01 | no arb
[Timing] Window is 5 min old - skipping
[Cycle] No signal — YES=0.09 is between 0.30 and 0.70, sum=1.01 ≥ 0.97

==================================================
Cycle 57 | 2026-04-02 01:21:19
Balance: $204.96 | Regime: CHOP | Session: 0W/0L (0%) | PnL: $+0.00
[Ticker] KXSOL15M-26APR012130-30
[Market] YES=0.15 | NO=0.87 | Sum=1.02 | no arb
[Timing] Window is 6 min old - skipping
[Cycle] No signal — YES=0.15 is between 0.30 and 0.70, sum=1.02 ≥ 0.97

==================================================
Cycle 58 | 2026-04-02 01:22:20
Balance: $204.96 | Regime: CHOP | Session: 0W/0L (0%) | PnL: $+0.00
[Ticker] KXSOL15M-26APR012130-30
[Market] YES=0.10 | NO=0.92 | Sum=1.02 | no arb
[Timing] Window is 7 min old - skipping
[Cycle] No signal — YES=0.10 is between 0.30 and 0.70, sum=1.02 ≥ 0.97

==================================================
Cycle 59 | 2026-04-02 01:23:20
Balance: $204.96 | Regime: CHOP | Session: 0W/0L (0%) | PnL: $+0.00
[Ticker] KXSOL15M-26APR012130-30
[Market] YES=0.04 | NO=0.98 | Sum=1.02 | no arb
[Timing] Window is 8 min old - skipping
[Cycle] No signal — YES=0.04 is between 0.30 and 0.70, sum=1.02 ≥ 0.97

==================================================
Cycle 60 | 2026-04-02 01:24:21
Balance: $204.96 | Regime: BEAR | Session: 0W/0L (0%) | PnL: $+0.00
[Ticker] KXSOL15M-26APR012130-30
[Market] YES=0.02 | NO=0.99 | Sum=1.01 | no arb
[Timing] Window is 9 min old - skipping
[Cycle] No signal — YES=0.02 is between 0.30 and 0.70, sum=1.01 ≥ 0.97

==================================================
Cycle 61 | 2026-04-02 01:25:21
Balance: $204.96 | Regime: BEAR | Session: 0W/0L (0%) | PnL: $+0.00
[Ticker] KXSOL15M-26APR012130-30
[Market] YES=0.02 | NO=0.99 | Sum=1.01 | no arb
[Timing] Window is 10 min old - skipping
[Cycle] No signal — YES=0.02 is between 0.30 and 0.70, sum=1.01 ≥ 0.97

==================================================
Cycle 62 | 2026-04-02 01:26:21
Balance: $204.96 | Regime: CHOP | Session: 0W/0L (0%) | PnL: $+0.00
[Ticker] KXSOL15M-26APR012130-30
[Market] YES=0.00 | NO=1.00 | Sum=1.00 | no arb
[Timing] Window is 11 min old - skipping
[Cycle] No signal — YES=0.00 is between 0.30 and 0.70, sum=1.00 ≥ 0.97

==================================================
Cycle 63 | 2026-04-02 01:27:22
Balance: $204.96 | Regime: BEAR | Session: 0W/0L (0%) | PnL: $+0.00
[Ticker] KXSOL15M-26APR012130-30
[Market] YES=0.00 | NO=1.00 | Sum=1.00 | no arb
[Timing] Window is 12 min old - skipping
[Cycle] No signal — YES=0.00 is between 0.30 and 0.70, sum=1.00 ≥ 0.97

==================================================
Cycle 64 | 2026-04-02 01:28:22
Balance: $204.96 | Regime: BEAR | Session: 0W/0L (0%) | PnL: $+0.00
[Ticker] KXSOL15M-26APR012130-30
[Market] YES=0.00 | NO=1.00 | Sum=1.00 | no arb
[Timing] Window is 13 min old - skipping
[Cycle] No signal — YES=0.00 is between 0.30 and 0.70, sum=1.00 ≥ 0.97

==================================================
Cycle 65 | 2026-04-02 01:29:23
Balance: $204.96 | Regime: CHOP | Session: 0W/0L (0%) | PnL: $+0.00
[Ticker] KXSOL15M-26APR012130-30
[Market] YES=0.00 | NO=1.00 | Sum=1.00 | no arb
[Timing] Window is 14 min old - skipping
[Cycle] No signal — YES=0.00 is between 0.30 and 0.70, sum=1.00 ≥ 0.97

==================================================
Cycle 66 | 2026-04-02 01:30:23
Balance: $204.96 | Regime: CHOP | Session: 0W/0L (0%) | PnL: $+0.00
[Ticker] KXSOL15M-26APR012130-30
[Market] YES=1.00 | NO=1.00 | Sum=2.00 | no arb
[Timing] Window is 0 min old - skipping
[Cycle] No signal — YES=1.00 is between 0.30 and 0.70, sum=2.00 ≥ 0.97

==================================================
Cycle 67 | 2026-04-02 01:31:24
Balance: $204.96 | Regime: CHOP | Session: 0W/0L (0%) | PnL: $+0.00
[Ticker] KXSOL15M-26APR012145-45
[Market] YES=0.30 | NO=0.72 | Sum=1.02 | no arb
[Cycle] No signal — YES=0.30 is between 0.30 and 0.70, sum=1.02 ≥ 0.97

==================================================
Cycle 68 | 2026-04-02 01:32:24
Balance: $204.96 | Regime: CHOP | Session: 0W/0L (0%) | PnL: $+0.00
[Ticker] KXSOL15M-26APR012145-45
[Market] YES=0.15 | NO=0.86 | Sum=1.01 | no arb
[Signal] DOWN candidate | yes=0.15 | waiting for confirmation (1/2)
[Cycle] No signal — YES=0.15 is between 0.30 and 0.70, sum=1.01 ≥ 0.97

==================================================
Cycle 69 | 2026-04-02 01:33:25
Balance: $204.96 | Regime: BEAR | Session: 0W/0L (0%) | PnL: $+0.00
[Ticker] KXSOL15M-26APR012145-45
[Market] YES=0.26 | NO=0.76 | Sum=1.02 | no arb
[Binance] ✅ Confirms DOWN | spot=$79 strike=$80 gap=-0 (0.55%)
[Signal] ✅ CONFIRMED DOWN | yes=0.26 | edge=0.24 | consecutive=2 | bet=$0.00
[TOD] Skipping trade — bad hour for this bot
[Cycle] No signal — YES=0.26 is between 0.30 and 0.70, sum=1.02 ≥ 0.97

==================================================
Cycle 70 | 2026-04-02 01:34:25
Balance: $204.96 | Regime: CHOP | Session: 0W/0L (0%) | PnL: $+0.00
[Ticker] KXSOL15M-26APR012145-45
[Market] YES=0.24 | NO=0.80 | Sum=1.04 | no arb
[Binance] ✅ Confirms DOWN | spot=$79 strike=$80 gap=-1 (0.65%)
[Signal] ✅ CONFIRMED DOWN | yes=0.24 | edge=0.26 | consecutive=2 | bet=$0.00
[TOD] Skipping trade — bad hour for this bot
[Cycle] No signal — YES=0.24 is between 0.30 and 0.70, sum=1.04 ≥ 0.97

==================================================
Cycle 71 | 2026-04-02 01:35:26
Balance: $204.96 | Regime: CHOP | Session: 0W/0L (0%) | PnL: $+0.00
[Ticker] KXSOL15M-26APR012145-45
[Market] YES=0.27 | NO=0.75 | Sum=1.02 | no arb
[Timing] Window is 5 min old - skipping
[Cycle] No signal — YES=0.27 is between 0.30 and 0.70, sum=1.02 ≥ 0.97

==================================================
Cycle 72 | 2026-04-02 01:36:26
Balance: $204.96 | Regime: CHOP | Session: 0W/0L (0%) | PnL: $+0.00
[Ticker] KXSOL15M-26APR012145-45
[Market] YES=0.30 | NO=0.73 | Sum=1.03 | no arb
[Cycle] No signal — YES=0.30 is between 0.30 and 0.70, sum=1.03 ≥ 0.97

==================================================
Cycle 73 | 2026-04-02 01:37:27
Balance: $204.96 | Regime: CHOP | Session: 0W/0L (0%) | PnL: $+0.00
[Ticker] KXSOL15M-26APR012145-45
[Market] YES=0.30 | NO=0.72 | Sum=1.02 | no arb
[Cycle] No signal — YES=0.30 is between 0.30 and 0.70, sum=1.02 ≥ 0.97

==================================================
Cycle 74 | 2026-04-02 01:38:27
Balance: $204.96 | Regime: CHOP | Session: 0W/0L (0%) | PnL: $+0.00
[Ticker] KXSOL15M-26APR012145-45
[Market] YES=0.12 | NO=0.89 | Sum=1.01 | no arb
[Timing] Window is 8 min old - skipping
[Cycle] No signal — YES=0.12 is between 0.30 and 0.70, sum=1.01 ≥ 0.97

==================================================
Cycle 75 | 2026-04-02 01:39:28
Balance: $204.96 | Regime: CHOP | Session: 0W/0L (0%) | PnL: $+0.00
[Ticker] KXSOL15M-26APR012145-45
[Market] YES=0.06 | NO=0.96 | Sum=1.02 | no arb
[Timing] Window is 9 min old - skipping
[Cycle] No signal — YES=0.06 is between 0.30 and 0.70, sum=1.02 ≥ 0.97

==================================================
Cycle 76 | 2026-04-02 01:40:28
Balance: $204.96 | Regime: CHOP | Session: 0W/0L (0%) | PnL: $+0.00
[Ticker] KXSOL15M-26APR012145-45
[Market] YES=0.02 | NO=0.99 | Sum=1.01 | no arb
[Timing] Window is 10 min old - skipping
[Cycle] No signal — YES=0.02 is between 0.30 and 0.70, sum=1.01 ≥ 0.97

==================================================
Cycle 77 | 2026-04-02 01:41:28
Balance: $204.96 | Regime: CHOP | Session: 0W/0L (0%) | PnL: $+0.00
[Ticker] KXSOL15M-26APR012145-45
[Market] YES=0.01 | NO=1.00 | Sum=1.00 | no arb
[Timing] Window is 11 min old - skipping
[Cycle] No signal — YES=0.01 is between 0.30 and 0.70, sum=1.00 ≥ 0.97

==================================================
Cycle 78 | 2026-04-02 01:42:29
Balance: $204.96 | Regime: CHOP | Session: 0W/0L (0%) | PnL: $+0.00
[Ticker] KXSOL15M-26APR012145-45
[Market] YES=0.01 | NO=1.00 | Sum=1.00 | no arb
[Timing] Window is 12 min old - skipping
[Cycle] No signal — YES=0.01 is between 0.30 and 0.70, sum=1.00 ≥ 0.97

==================================================
Cycle 79 | 2026-04-02 01:43:29
Balance: $204.96 | Regime: CHOP | Session: 0W/0L (0%) | PnL: $+0.00
[Ticker] KXSOL15M-26APR012145-45
[Market] YES=0.00 | NO=1.00 | Sum=1.00 | no arb
[Timing] Window is 13 min old - skipping
[Cycle] No signal — YES=0.00 is between 0.30 and 0.70, sum=1.00 ≥ 0.97

==================================================
Cycle 80 | 2026-04-02 01:44:30
Balance: $204.96 | Regime: CHOP | Session: 0W/0L (0%) | PnL: $+0.00
[Ticker] KXSOL15M-26APR012145-45
[Market] YES=0.00 | NO=1.00 | Sum=1.00 | no arb
[Timing] Window is 14 min old - skipping
[Cycle] No signal — YES=0.00 is between 0.30 and 0.70, sum=1.00 ≥ 0.97

==================================================
Cycle 81 | 2026-04-02 01:45:30
Balance: $204.96 | Regime: CHOP | Session: 0W/0L (0%) | PnL: $+0.00
[Ticker] KXSOL15M-26APR012200-00
[Market] YES=0.65 | NO=0.56 | Sum=1.21 | no arb
[Cycle] No signal — YES=0.65 is between 0.30 and 0.70, sum=1.21 ≥ 0.97

==================================================
Cycle 82 | 2026-04-02 01:46:31
Balance: $204.96 | Regime: CHOP | Session: 0W/0L (0%) | PnL: $+0.00
[Ticker] KXSOL15M-26APR012200-00
[Market] YES=0.49 | NO=0.55 | Sum=1.04 | no arb
[Cycle] No signal — YES=0.49 is between 0.30 and 0.70, sum=1.04 ≥ 0.97

==================================================
Cycle 83 | 2026-04-02 01:47:31
Balance: $204.96 | Regime: CHOP | Session: 0W/0L (0%) | PnL: $+0.00
[Ticker] KXSOL15M-26APR012200-00
[Market] YES=0.42 | NO=0.60 | Sum=1.02 | no arb
[Cycle] No signal — YES=0.42 is between 0.30 and 0.70, sum=1.02 ≥ 0.97

==================================================
Cycle 84 | 2026-04-02 01:48:32
Balance: $204.96 | Regime: CHOP | Session: 0W/0L (0%) | PnL: $+0.00
[Ticker] KXSOL15M-26APR012200-00
[Market] YES=0.46 | NO=0.59 | Sum=1.05 | no arb
[Cycle] No signal — YES=0.46 is between 0.30 and 0.70, sum=1.05 ≥ 0.97

==================================================
Cycle 85 | 2026-04-02 01:49:32
Balance: $204.96 | Regime: CHOP | Session: 0W/0L (0%) | PnL: $+0.00
[Ticker] KXSOL15M-26APR012200-00
[Market] YES=0.48 | NO=0.56 | Sum=1.04 | no arb
[Cycle] No signal — YES=0.48 is between 0.30 and 0.70, sum=1.04 ≥ 0.97

==================================================
Cycle 86 | 2026-04-02 01:50:32
Balance: $204.96 | Regime: CHOP | Session: 0W/0L (0%) | PnL: $+0.00
[Ticker] KXSOL15M-26APR012200-00
[Market] YES=0.45 | NO=0.59 | Sum=1.04 | no arb
[Cycle] No signal — YES=0.45 is between 0.30 and 0.70, sum=1.04 ≥ 0.97

==================================================
Cycle 87 | 2026-04-02 01:51:33
Balance: $204.96 | Regime: CHOP | Session: 0W/0L (0%) | PnL: $+0.00
[Ticker] KXSOL15M-26APR012200-00
[Market] YES=0.55 | NO=0.49 | Sum=1.04 | no arb
[Cycle] No signal — YES=0.55 is between 0.30 and 0.70, sum=1.04 ≥ 0.97

==================================================
Cycle 88 | 2026-04-02 01:52:33
Balance: $204.96 | Regime: CHOP | Session: 0W/0L (0%) | PnL: $+0.00
[Ticker] KXSOL15M-26APR012200-00
[Market] YES=0.73 | NO=0.31 | Sum=1.04 | no arb
[Timing] Window is 7 min old - skipping
[Cycle] No signal — YES=0.73 is between 0.30 and 0.70, sum=1.04 ≥ 0.97

==================================================
Cycle 89 | 2026-04-02 01:53:34
Balance: $204.96 | Regime: CHOP | Session: 0W/0L (0%) | PnL: $+0.00
[Ticker] KXSOL15M-26APR012200-00
[Market] YES=0.54 | NO=0.51 | Sum=1.05 | no arb
[Cycle] No signal — YES=0.54 is between 0.30 and 0.70, sum=1.05 ≥ 0.97

==================================================
Cycle 90 | 2026-04-02 01:54:34
Balance: $204.96 | Regime: CHOP | Session: 0W/0L (0%) | PnL: $+0.00
[Ticker] KXSOL15M-26APR012200-00
[Market] YES=0.47 | NO=0.56 | Sum=1.03 | no arb
[Cycle] No signal — YES=0.47 is between 0.30 and 0.70, sum=1.03 ≥ 0.97

==================================================
Cycle 91 | 2026-04-02 01:55:34
Balance: $204.96 | Regime: CHOP | Session: 0W/0L (0%) | PnL: $+0.00
[Ticker] KXSOL15M-26APR012200-00
[Market] YES=0.60 | NO=0.45 | Sum=1.05 | no arb
[Cycle] No signal — YES=0.60 is between 0.30 and 0.70, sum=1.05 ≥ 0.97

==================================================
Cycle 92 | 2026-04-02 01:56:35
Balance: $204.96 | Regime: CHOP | Session: 0W/0L (0%) | PnL: $+0.00
[Ticker] KXSOL15M-26APR012200-00
[Market] YES=0.77 | NO=0.27 | Sum=1.04 | no arb
[Timing] Window is 11 min old - skipping
[Cycle] No signal — YES=0.77 is between 0.30 and 0.70, sum=1.04 ≥ 0.97

==================================================
Cycle 93 | 2026-04-02 01:57:35
Balance: $204.96 | Regime: CHOP | Session: 0W/0L (0%) | PnL: $+0.00
[Ticker] KXSOL15M-26APR012200-00
[Market] YES=0.93 | NO=0.10 | Sum=1.03 | no arb
[Timing] Window is 12 min old - skipping
[Cycle] No signal — YES=0.93 is between 0.30 and 0.70, sum=1.03 ≥ 0.97

==================================================
Cycle 94 | 2026-04-02 01:58:36
Balance: $204.96 | Regime: CHOP | Session: 0W/0L (0%) | PnL: $+0.00
[Ticker] KXSOL15M-26APR012200-00
[Market] YES=0.87 | NO=0.17 | Sum=1.04 | no arb
[Timing] Window is 13 min old - skipping
[Cycle] No signal — YES=0.87 is between 0.30 and 0.70, sum=1.04 ≥ 0.97

==================================================
Cycle 95 | 2026-04-02 01:59:36
Balance: $204.96 | Regime: CHOP | Session: 0W/0L (0%) | PnL: $+0.00
[Ticker] KXSOL15M-26APR012200-00
[Market] YES=1.00 | NO=0.01 | Sum=1.00 | no arb
[Timing] Window is 14 min old - skipping
[Cycle] No signal — YES=1.00 is between 0.30 and 0.70, sum=1.00 ≥ 0.97

==================================================
Cycle 96 | 2026-04-02 02:00:37
Balance: $204.96 | Regime: CHOP | Session: 0W/0L (0%) | PnL: $+0.00
[Ticker] KXSOL15M-26APR012215-15
[Market] YES=0.45 | NO=0.59 | Sum=1.04 | no arb
[Cycle] No signal — YES=0.45 is between 0.30 and 0.70, sum=1.04 ≥ 0.97

==================================================
Cycle 97 | 2026-04-02 02:01:37
Balance: $204.96 | Regime: CHOP | Session: 0W/0L (0%) | PnL: $+0.00
[Ticker] KXSOL15M-26APR012215-15
[Market] YES=0.38 | NO=0.63 | Sum=1.01 | no arb
[Cycle] No signal — YES=0.38 is between 0.30 and 0.70, sum=1.01 ≥ 0.97

==================================================
Cycle 98 | 2026-04-02 02:02:37
Balance: $204.96 | Regime: CHOP | Session: 0W/0L (0%) | PnL: $+0.00
[Ticker] KXSOL15M-26APR012215-15
[Market] YES=0.34 | NO=0.69 | Sum=1.03 | no arb
[Cycle] No signal — YES=0.34 is between 0.30 and 0.70, sum=1.03 ≥ 0.97

==================================================
Cycle 99 | 2026-04-02 02:03:38
Balance: $204.96 | Regime: CHOP | Session: 0W/0L (0%) | PnL: $+0.00
[Ticker] KXSOL15M-26APR012215-15
[Market] YES=0.28 | NO=0.74 | Sum=1.02 | no arb
[Signal] DOWN candidate | yes=0.28 | waiting for confirmation (1/2)
[Cycle] No signal — YES=0.28 is between 0.30 and 0.70, sum=1.02 ≥ 0.97

==================================================
Cycle 100 | 2026-04-02 02:04:38
Balance: $204.96 | Regime: CHOP | Session: 0W/0L (0%) | PnL: $+0.00
[Ticker] KXSOL15M-26APR012215-15
[Market] YES=0.12 | NO=0.89 | Sum=1.01 | no arb
[Binance] ✅ Confirms DOWN | spot=$79 strike=$79 gap=-0 (0.48%)
[Correlation] All 3 agree DOWN — bet boosted to $5.60
[Signal] ✅ CONFIRMED DOWN | yes=0.12 | edge=0.38 | consecutive=2 | bet=$5.60
[Order] → KXSOL15M-26APR012215-15 | no | count=11 | $5.60 | directional
✅ SOL DIRECTIONAL: DOWN $5.60 on KXSOL15M-26APR012215-15
[Positions] 1 still open

==================================================
Cycle 101 | 2026-04-02 02:05:41
Balance: $191.09 | Regime: CHOP | Session: 0W/0L (0%) | PnL: $+0.00
[Ticker] KXSOL15M-26APR012215-15
[Market] YES=0.14 | NO=0.87 | Sum=1.01 | no arb
[Timing] Window is 5 min old - skipping
[Cycle] No signal — YES=0.14 is between 0.30 and 0.70, sum=1.01 ≥ 0.97
[Positions] 1 still open

==================================================
Cycle 102 | 2026-04-02 02:06:42
Balance: $191.09 | Regime: CHOP | Session: 0W/0L (0%) | PnL: $+0.00
[Ticker] KXSOL15M-26APR012215-15
[Market] YES=0.16 | NO=0.85 | Sum=1.01 | no arb
[Timing] Window is 6 min old - skipping
[Cycle] No signal — YES=0.16 is between 0.30 and 0.70, sum=1.01 ≥ 0.97
[Positions] 1 still open

==================================================
Cycle 103 | 2026-04-02 02:07:42
Balance: $191.09 | Regime: CHOP | Session: 0W/0L (0%) | PnL: $+0.00
[Ticker] KXSOL15M-26APR012215-15
[Market] YES=0.38 | NO=0.64 | Sum=1.02 | no arb
[Cycle] No signal — YES=0.38 is between 0.30 and 0.70, sum=1.02 ≥ 0.97
[Positions] 1 still open

==================================================
Cycle 104 | 2026-04-02 02:08:43
Balance: $191.09 | Regime: CHOP | Session: 0W/0L (0%) | PnL: $+0.00
[Ticker] KXSOL15M-26APR012215-15
[Market] YES=0.21 | NO=0.82 | Sum=1.03 | no arb
[Timing] Window is 8 min old - skipping
[Cycle] No signal — YES=0.21 is between 0.30 and 0.70, sum=1.03 ≥ 0.97
[Positions] 1 still open

==================================================
Cycle 105 | 2026-04-02 02:09:44
Balance: $191.09 | Regime: CHOP | Session: 0W/0L (0%) | PnL: $+0.00
[Ticker] KXSOL15M-26APR012215-15
[Market] YES=0.07 | NO=0.95 | Sum=1.02 | no arb
[Timing] Window is 9 min old - skipping
[Cycle] No signal — YES=0.07 is between 0.30 and 0.70, sum=1.02 ≥ 0.97
[Positions] 1 still open

==================================================
Cycle 106 | 2026-04-02 02:10:44
Balance: $191.09 | Regime: CHOP | Session: 0W/0L (0%) | PnL: $+0.00
[Ticker] KXSOL15M-26APR012215-15
[Market] YES=0.07 | NO=0.94 | Sum=1.01 | no arb
[Timing] Window is 10 min old - skipping
[Cycle] No signal — YES=0.07 is between 0.30 and 0.70, sum=1.01 ≥ 0.97
[Positions] 1 still open

==================================================
Cycle 107 | 2026-04-02 02:11:45
Balance: $191.09 | Regime: CHOP | Session: 0W/0L (0%) | PnL: $+0.00
[Ticker] KXSOL15M-26APR012215-15
[Market] YES=0.02 | NO=0.98 | Sum=1.00 | no arb
[Timing] Window is 11 min old - skipping
[Cycle] No signal — YES=0.02 is between 0.30 and 0.70, sum=1.00 ≥ 0.97
[Positions] 1 still open

==================================================
Cycle 108 | 2026-04-02 02:12:45
Balance: $191.09 | Regime: CHOP | Session: 0W/0L (0%) | PnL: $+0.00
[Ticker] KXSOL15M-26APR012215-15
[Market] YES=0.00 | NO=1.00 | Sum=1.00 | no arb
[Timing] Window is 12 min old - skipping
[Cycle] No signal — YES=0.00 is between 0.30 and 0.70, sum=1.00 ≥ 0.97
[Positions] 1 still open

==================================================
Cycle 109 | 2026-04-02 02:13:46
Balance: $191.09 | Regime: CHOP | Session: 0W/0L (0%) | PnL: $+0.00
[Ticker] KXSOL15M-26APR012215-15
[Market] YES=0.00 | NO=1.00 | Sum=1.00 | no arb
[Timing] Window is 13 min old - skipping
[Cycle] No signal — YES=0.00 is between 0.30 and 0.70, sum=1.00 ≥ 0.97
[Positions] 1 still open

==================================================
Cycle 110 | 2026-04-02 02:14:47
Balance: $191.09 | Regime: CHOP | Session: 0W/0L (0%) | PnL: $+0.00
[Ticker] KXSOL15M-26APR012215-15
[Market] YES=0.00 | NO=1.00 | Sum=1.00 | no arb
[Timing] Window is 14 min old - skipping
[Cycle] No signal — YES=0.00 is between 0.30 and 0.70, sum=1.00 ≥ 0.97
[Positions] 1 still open

==================================================
Cycle 111 | 2026-04-02 02:15:47
Balance: $191.09 | Regime: CHOP | Session: 0W/0L (0%) | PnL: $+0.00
[Ticker] KXSOL15M-26APR012230-30
[Market] YES=0.56 | NO=0.47 | Sum=1.03 | no arb
[Cycle] No signal — YES=0.56 is between 0.30 and 0.70, sum=1.03 ≥ 0.97
[Positions] 1 still open

==================================================
Cycle 112 | 2026-04-02 02:16:48
Balance: $207.09 | Regime: CHOP | Session: 0W/0L (0%) | PnL: $+0.00
[Ticker] KXSOL15M-26APR012230-30
[Market] YES=0.63 | NO=0.42 | Sum=1.05 | no arb
[Cycle] No signal — YES=0.63 is between 0.30 and 0.70, sum=1.05 ≥ 0.97
[Positions] 1 still open

==================================================
Cycle 113 | 2026-04-02 02:17:48
Balance: $207.09 | Regime: CHOP | Session: 0W/0L (0%) | PnL: $+0.00
[Ticker] KXSOL15M-26APR012230-30
[Market] YES=0.59 | NO=0.44 | Sum=1.03 | no arb
[Cycle] No signal — YES=0.59 is between 0.30 and 0.70, sum=1.03 ≥ 0.97
[Positions] 1 still open

==================================================
Cycle 114 | 2026-04-02 02:18:49
Balance: $207.09 | Regime: CHOP | Session: 0W/0L (0%) | PnL: $+0.00
[Ticker] KXSOL15M-26APR012230-30
[Market] YES=0.73 | NO=0.31 | Sum=1.04 | no arb
[Signal] UP candidate | yes=0.73 | waiting for confirmation (1/2)
[Cycle] No signal — YES=0.73 is between 0.30 and 0.70, sum=1.04 ≥ 0.97
[Positions] 1 still open

==================================================
Cycle 115 | 2026-04-02 02:19:49
Balance: $207.09 | Regime: CHOP | Session: 0W/0L (0%) | PnL: $+0.00
[Ticker] KXSOL15M-26APR012230-30
[Market] YES=0.72 | NO=0.32 | Sum=1.04 | no arb
[Binance] ✅ Confirms UP | spot=$79 strike=$79 gap=+0 (0.16%)
[Correlation] Markets diverging — bet reduced to $2.05
[Signal] ✅ CONFIRMED UP | yes=0.72 | edge=0.22 | consecutive=2 | bet=$2.05
[Order] → KXSOL15M-26APR012230-30 | yes | count=4 | $2.05 | directional
✅ SOL DIRECTIONAL: UP $2.05 on KXSOL15M-26APR012230-30
[Positions] 2 still open

==================================================
Cycle 116 | 2026-04-02 02:20:53
Balance: $201.32 | Regime: CHOP | Session: 0W/0L (0%) | PnL: $+0.00
[Ticker] KXSOL15M-26APR012230-30
[Market] YES=0.48 | NO=0.56 | Sum=1.04 | no arb
[Cycle] No signal — YES=0.48 is between 0.30 and 0.70, sum=1.04 ≥ 0.97
[Settled] WIN: DOWN $5.60 on KXSOL15M-26APR012215-15 | pnl=$+5.26 | 1W/0L (100%)
[Positions] 1 still open

==================================================
Cycle 117 | 2026-04-02 02:21:54
Balance: $201.32 | Regime: CHOP | Session: 1W/0L (100%) | PnL: $+5.26
[Ticker] KXSOL15M-26APR012230-30
[Market] YES=0.48 | NO=0.56 | Sum=1.04 | no arb
[Cycle] No signal — YES=0.48 is between 0.30 and 0.70, sum=1.04 ≥ 0.97
[Positions] 1 still open

==================================================
Cycle 118 | 2026-04-02 02:22:54
Balance: $201.32 | Regime: CHOP | Session: 1W/0L (100%) | PnL: $+5.26
[Ticker] KXSOL15M-26APR012230-30
[Market] YES=0.60 | NO=0.45 | Sum=1.05 | no arb
[Cycle] No signal — YES=0.60 is between 0.30 and 0.70, sum=1.05 ≥ 0.97
[Positions] 1 still open

==================================================
Cycle 119 | 2026-04-02 02:23:55
Balance: $201.32 | Regime: CHOP | Session: 1W/0L (100%) | PnL: $+5.26
[Ticker] KXSOL15M-26APR012230-30
[Market] YES=0.42 | NO=0.59 | Sum=1.01 | no arb
[Cycle] No signal — YES=0.42 is between 0.30 and 0.70, sum=1.01 ≥ 0.97
[Positions] 1 still open

==================================================
Cycle 120 | 2026-04-02 02:24:55
Balance: $201.32 | Regime: CHOP | Session: 1W/0L (100%) | PnL: $+5.26
[Ticker] KXSOL15M-26APR012230-30
[Market] YES=0.40 | NO=0.62 | Sum=1.02 | no arb
[Cycle] No signal — YES=0.40 is between 0.30 and 0.70, sum=1.02 ≥ 0.97
[Positions] 1 still open

==================================================
Cycle 121 | 2026-04-02 02:25:56
Balance: $201.32 | Regime: CHOP | Session: 1W/0L (100%) | PnL: $+5.26
[Ticker] KXSOL15M-26APR012230-30
[Market] YES=0.28 | NO=0.75 | Sum=1.03 | no arb
[Timing] Window is 10 min old - skipping
[Cycle] No signal — YES=0.28 is between 0.30 and 0.70, sum=1.03 ≥ 0.97
[Positions] 1 still open

==================================================
Cycle 122 | 2026-04-02 02:26:57
Balance: $201.32 | Regime: CHOP | Session: 1W/0L (100%) | PnL: $+5.26
[Ticker] KXSOL15M-26APR012230-30
[Market] YES=0.18 | NO=0.83 | Sum=1.01 | no arb
[Timing] Window is 11 min old - skipping
[Cycle] No signal — YES=0.18 is between 0.30 and 0.70, sum=1.01 ≥ 0.97
[Positions] 1 still open

==================================================
Cycle 123 | 2026-04-02 02:27:57
Balance: $201.32 | Regime: CHOP | Session: 1W/0L (100%) | PnL: $+5.26
[Ticker] KXSOL15M-26APR012230-30
[Market] YES=0.25 | NO=0.77 | Sum=1.02 | no arb
[Timing] Window is 12 min old - skipping
[Cycle] No signal — YES=0.25 is between 0.30 and 0.70, sum=1.02 ≥ 0.97
[Positions] 1 still open

==================================================
Cycle 124 | 2026-04-02 02:28:58
Balance: $201.32 | Regime: CHOP | Session: 1W/0L (100%) | PnL: $+5.26
[Ticker] KXSOL15M-26APR012230-30
[Market] YES=0.55 | NO=0.48 | Sum=1.03 | no arb
[Cycle] No signal — YES=0.55 is between 0.30 and 0.70, sum=1.03 ≥ 0.97
[Positions] 1 still open

==================================================
Cycle 125 | 2026-04-02 02:29:58
Balance: $201.32 | Regime: CHOP | Session: 1W/0L (100%) | PnL: $+5.26
[Ticker] KXSOL15M-26APR012230-30
[Market] YES=0.01 | NO=1.00 | Sum=1.00 | no arb
[Timing] Window is 14 min old - skipping
[Cycle] No signal — YES=0.01 is between 0.30 and 0.70, sum=1.00 ≥ 0.97
[Positions] 1 still open

==================================================
Cycle 126 | 2026-04-02 02:30:59
Balance: $201.32 | Regime: CHOP | Session: 1W/0L (100%) | PnL: $+5.26
[Ticker] KXSOL15M-26APR012245-45
[Market] YES=0.54 | NO=0.49 | Sum=1.03 | no arb
[Cycle] No signal — YES=0.54 is between 0.30 and 0.70, sum=1.03 ≥ 0.97
[Positions] 1 still open

==================================================
Cycle 127 | 2026-04-02 02:31:59
Balance: $205.32 | Regime: CHOP | Session: 1W/0L (100%) | PnL: $+5.26
[Ticker] KXSOL15M-26APR012245-45
[Market] YES=0.63 | NO=0.38 | Sum=1.01 | no arb
[Cycle] No signal — YES=0.63 is between 0.30 and 0.70, sum=1.01 ≥ 0.97
[Positions] 1 still open

==================================================
Cycle 128 | 2026-04-02 02:33:00
Balance: $205.32 | Regime: CHOP | Session: 1W/0L (100%) | PnL: $+5.26
[Ticker] KXSOL15M-26APR012245-45
[Market] YES=0.71 | NO=0.32 | Sum=1.03 | no arb
[Signal] UP candidate | yes=0.71 | waiting for confirmation (1/2)
[Cycle] No signal — YES=0.71 is between 0.30 and 0.70, sum=1.03 ≥ 0.97
[Positions] 1 still open

==================================================
Cycle 129 | 2026-04-02 02:34:00
Balance: $205.32 | Regime: CHOP | Session: 1W/0L (100%) | PnL: $+5.26
[Ticker] KXSOL15M-26APR012245-45
[Market] YES=0.73 | NO=0.29 | Sum=1.02 | no arb
[Binance] ✅ Confirms UP | spot=$79 strike=$79 gap=+0 (0.16%)
[Correlation] Markets diverging — bet reduced to $2.12
[Signal] ✅ CONFIRMED UP | yes=0.73 | edge=0.23 | consecutive=2 | bet=$2.12
[Order] → KXSOL15M-26APR012245-45 | yes | count=4 | $2.12 | directional
✅ SOL DIRECTIONAL: UP $2.12 on KXSOL15M-26APR012245-45
[Positions] 2 still open

==================================================
Cycle 130 | 2026-04-02 02:35:03
Balance: $199.52 | Regime: CHOP | Session: 1W/0L (100%) | PnL: $+5.26
[Ticker] KXSOL15M-26APR012245-45
[Market] YES=0.77 | NO=0.25 | Sum=1.02 | no arb
[Timing] Window is 5 min old - skipping
[Cycle] No signal — YES=0.77 is between 0.30 and 0.70, sum=1.02 ≥ 0.97
[Positions] 2 still open

==================================================
Cycle 131 | 2026-04-02 02:36:04
Balance: $199.52 | Regime: CHOP | Session: 1W/0L (100%) | PnL: $+5.26
[Ticker] KXSOL15M-26APR012245-45
[Market] YES=0.68 | NO=0.34 | Sum=1.02 | no arb
[Cycle] No signal — YES=0.68 is between 0.30 and 0.70, sum=1.02 ≥ 0.97
[Settled] LOSS: UP $2.05 on KXSOL15M-26APR012230-30 | pnl=$-2.05 | 1W/1L (50%)
[Positions] 1 still open

==================================================
Cycle 132 | 2026-04-02 02:37:05
Balance: $199.52 | Regime: CHOP | Session: 1W/1L (50%) | PnL: $+3.21
[Ticker] KXSOL15M-26APR012245-45
[Market] YES=0.51 | NO=0.54 | Sum=1.05 | no arb
[Cycle] No signal — YES=0.51 is between 0.30 and 0.70, sum=1.05 ≥ 0.97
[Positions] 1 still open

==================================================
Cycle 133 | 2026-04-02 02:38:06
Balance: $199.52 | Regime: CHOP | Session: 1W/1L (50%) | PnL: $+3.21
[Ticker] KXSOL15M-26APR012245-45
[Market] YES=0.50 | NO=0.54 | Sum=1.04 | no arb
[Cycle] No signal — YES=0.50 is between 0.30 and 0.70, sum=1.04 ≥ 0.97
[Positions] 1 still open

==================================================
Cycle 134 | 2026-04-02 02:39:07
Balance: $199.52 | Regime: CHOP | Session: 1W/1L (50%) | PnL: $+3.21
[Ticker] KXSOL15M-26APR012245-45
[Market] YES=0.67 | NO=0.36 | Sum=1.03 | no arb
[Cycle] No signal — YES=0.67 is between 0.30 and 0.70, sum=1.03 ≥ 0.97
[Positions] 1 still open

==================================================
Cycle 135 | 2026-04-02 02:40:07
Balance: $199.52 | Regime: CHOP | Session: 1W/1L (50%) | PnL: $+3.21
[Ticker] KXSOL15M-26APR012245-45
[Market] YES=0.64 | NO=0.40 | Sum=1.04 | no arb
[Cycle] No signal — YES=0.64 is between 0.30 and 0.70, sum=1.04 ≥ 0.97
[Positions] 1 still open

==================================================
Cycle 136 | 2026-04-02 02:41:08
Balance: $199.52 | Regime: CHOP | Session: 1W/1L (50%) | PnL: $+3.21
[Ticker] KXSOL15M-26APR012245-45
[Market] YES=0.82 | NO=0.19 | Sum=1.01 | no arb
[Timing] Window is 11 min old - skipping
[Cycle] No signal — YES=0.82 is between 0.30 and 0.70, sum=1.01 ≥ 0.97
[Positions] 1 still open

==================================================
Cycle 137 | 2026-04-02 02:42:08
Balance: $199.52 | Regime: CHOP | Session: 1W/1L (50%) | PnL: $+3.21
[Ticker] KXSOL15M-26APR012245-45
[Market] YES=0.90 | NO=0.14 | Sum=1.04 | no arb
[Timing] Window is 12 min old - skipping
[Cycle] No signal — YES=0.90 is between 0.30 and 0.70, sum=1.04 ≥ 0.97
[Positions] 1 still open

==================================================
Cycle 138 | 2026-04-02 02:43:09
Balance: $199.52 | Regime: CHOP | Session: 1W/1L (50%) | PnL: $+3.21
[Ticker] KXSOL15M-26APR012245-45
[Market] YES=0.83 | NO=0.19 | Sum=1.02 | no arb
[Timing] Window is 13 min old - skipping
[Cycle] No signal — YES=0.83 is between 0.30 and 0.70, sum=1.02 ≥ 0.97
[Positions] 1 still open

==================================================
Cycle 139 | 2026-04-02 02:44:09
Balance: $199.52 | Regime: CHOP | Session: 1W/1L (50%) | PnL: $+3.21
[Ticker] KXSOL15M-26APR012245-45
[Market] YES=0.02 | NO=1.00 | Sum=1.02 | no arb
[Timing] Window is 14 min old - skipping
[Cycle] No signal — YES=0.02 is between 0.30 and 0.70, sum=1.02 ≥ 0.97
[Positions] 1 still open

==================================================
Cycle 140 | 2026-04-02 02:45:10
Balance: $199.52 | Regime: CHOP | Session: 1W/1L (50%) | PnL: $+3.21
[Ticker] KXSOL15M-26APR012245-45
[Market] YES=0.00 | NO=1.00 | Sum=1.00 | no arb
[Timing] Window is 0 min old - skipping
[Cycle] No signal — YES=0.00 is between 0.30 and 0.70, sum=1.00 ≥ 0.97
[Positions] 1 still open

==================================================
Cycle 141 | 2026-04-02 02:46:11
Balance: $199.52 | Regime: CHOP | Session: 1W/1L (50%) | PnL: $+3.21
[Ticker] KXSOL15M-26APR012300-00
[Market] YES=0.68 | NO=0.34 | Sum=1.02 | no arb
[Cycle] No signal — YES=0.68 is between 0.30 and 0.70, sum=1.02 ≥ 0.97
[Positions] 1 still open

==================================================
Cycle 142 | 2026-04-02 02:47:11
Balance: $199.52 | Regime: CHOP | Session: 1W/1L (50%) | PnL: $+3.21
[Ticker] KXSOL15M-26APR012300-00
[Market] YES=0.74 | NO=0.28 | Sum=1.02 | no arb
[Signal] UP candidate | yes=0.74 | waiting for confirmation (1/2)
[Cycle] No signal — YES=0.74 is between 0.30 and 0.70, sum=1.02 ≥ 0.97
[Positions] 1 still open

==================================================
Cycle 143 | 2026-04-02 02:48:12
Balance: $199.52 | Regime: CHOP | Session: 1W/1L (50%) | PnL: $+3.21
[Ticker] KXSOL15M-26APR012300-00
[Market] YES=0.62 | NO=0.42 | Sum=1.04 | no arb
[Cycle] No signal — YES=0.62 is between 0.30 and 0.70, sum=1.04 ≥ 0.97
[Positions] 1 still open

==================================================
Cycle 144 | 2026-04-02 02:49:12
Balance: $197.28 | Regime: CHOP | Session: 1W/1L (50%) | PnL: $+3.21
[Ticker] KXSOL15M-26APR012300-00
[Market] YES=0.58 | NO=0.43 | Sum=1.01 | no arb
[Cycle] No signal — YES=0.58 is between 0.30 and 0.70, sum=1.01 ≥ 0.97
[Positions] 1 still open

==================================================
Cycle 145 | 2026-04-02 02:50:13
Balance: $197.28 | Regime: CHOP | Session: 1W/1L (50%) | PnL: $+3.21
[Ticker] KXSOL15M-26APR012300-00
[Market] YES=0.64 | NO=0.39 | Sum=1.03 | no arb
[Cycle] No signal — YES=0.64 is between 0.30 and 0.70, sum=1.03 ≥ 0.97
[Settled] LOSS: UP $2.12 on KXSOL15M-26APR012245-45 | pnl=$-2.12 | 1W/2L (33%)

==================================================
Cycle 146 | 2026-04-02 02:51:14
Balance: $197.28 | Regime: CHOP | Session: 1W/2L (33%) | PnL: $+1.09
[Ticker] KXSOL15M-26APR012300-00
[Market] YES=0.69 | NO=0.34 | Sum=1.03 | no arb
[Cycle] No signal — YES=0.69 is between 0.30 and 0.70, sum=1.03 ≥ 0.97

==================================================
Cycle 147 | 2026-04-02 02:52:15
Balance: $197.28 | Regime: CHOP | Session: 1W/2L (33%) | PnL: $+1.09
[Ticker] KXSOL15M-26APR012300-00
[Market] YES=0.76 | NO=0.26 | Sum=1.02 | no arb
[Timing] Window is 7 min old - skipping
[Cycle] No signal — YES=0.76 is between 0.30 and 0.70, sum=1.02 ≥ 0.97

==================================================
Cycle 148 | 2026-04-02 02:53:15
Balance: $197.28 | Regime: CHOP | Session: 1W/2L (33%) | PnL: $+1.09
[Ticker] KXSOL15M-26APR012300-00
[Market] YES=0.86 | NO=0.16 | Sum=1.02 | no arb
[Timing] Window is 8 min old - skipping
[Cycle] No signal — YES=0.86 is between 0.30 and 0.70, sum=1.02 ≥ 0.97

==================================================
Cycle 149 | 2026-04-02 02:54:16
Balance: $197.28 | Regime: CHOP | Session: 1W/2L (33%) | PnL: $+1.09
[Ticker] KXSOL15M-26APR012300-00
[Market] YES=0.91 | NO=0.12 | Sum=1.03 | no arb
[Timing] Window is 9 min old - skipping
[Cycle] No signal — YES=0.91 is between 0.30 and 0.70, sum=1.03 ≥ 0.97

==================================================
Cycle 150 | 2026-04-02 02:55:16
Balance: $197.28 | Regime: CHOP | Session: 1W/2L (33%) | PnL: $+1.09
[Ticker] KXSOL15M-26APR012300-00
[Market] YES=0.95 | NO=0.08 | Sum=1.03 | no arb
[Timing] Window is 10 min old - skipping
[Cycle] No signal — YES=0.95 is between 0.30 and 0.70, sum=1.03 ≥ 0.97

==================================================
Cycle 151 | 2026-04-02 02:56:17
Balance: $197.28 | Regime: CHOP | Session: 1W/2L (33%) | PnL: $+1.09
[Ticker] KXSOL15M-26APR012300-00
[Market] YES=1.00 | NO=0.01 | Sum=1.01 | no arb
[Timing] Window is 11 min old - skipping
[Cycle] No signal — YES=1.00 is between 0.30 and 0.70, sum=1.01 ≥ 0.97

==================================================
Cycle 152 | 2026-04-02 02:57:17
Balance: $197.28 | Regime: CHOP | Session: 1W/2L (33%) | PnL: $+1.09
[Ticker] KXSOL15M-26APR012300-00
[Market] YES=1.00 | NO=0.01 | Sum=1.01 | no arb
[Timing] Window is 12 min old - skipping
[Cycle] No signal — YES=1.00 is between 0.30 and 0.70, sum=1.01 ≥ 0.97

==================================================
Cycle 153 | 2026-04-02 02:58:17
Balance: $197.28 | Regime: CHOP | Session: 1W/2L (33%) | PnL: $+1.09
[Ticker] KXSOL15M-26APR012300-00
[Market] YES=1.00 | NO=0.00 | Sum=1.00 | no arb
[Timing] Window is 13 min old - skipping
[Cycle] No signal — YES=1.00 is between 0.30 and 0.70, sum=1.00 ≥ 0.97

==================================================
Cycle 154 | 2026-04-02 02:59:18
Balance: $197.28 | Regime: CHOP | Session: 1W/2L (33%) | PnL: $+1.09
[Ticker] KXSOL15M-26APR012300-00
[Market] YES=1.00 | NO=0.00 | Sum=1.00 | no arb
[Timing] Window is 14 min old - skipping
[Cycle] No signal — YES=1.00 is between 0.30 and 0.70, sum=1.00 ≥ 0.97

==================================================
Cycle 155 | 2026-04-02 03:00:18
Balance: $197.28 | Regime: CHOP | Session: 1W/2L (33%) | PnL: $+1.09
[Ticker] KXSOL15M-26APR012315-15
[Market] YES=0.47 | NO=0.55 | Sum=1.02 | no arb
[Cycle] No signal — YES=0.47 is between 0.30 and 0.70, sum=1.02 ≥ 0.97

==================================================
Cycle 156 | 2026-04-02 03:01:19
Balance: $200.28 | Regime: CHOP | Session: 1W/2L (33%) | PnL: $+1.09
[Ticker] KXSOL15M-26APR012315-15
[Market] YES=0.51 | NO=0.53 | Sum=1.04 | no arb
[Cycle] No signal — YES=0.51 is between 0.30 and 0.70, sum=1.04 ≥ 0.97

==================================================
Cycle 157 | 2026-04-02 03:02:19
Balance: $200.28 | Regime: CHOP | Session: 1W/2L (33%) | PnL: $+1.09
[Ticker] KXSOL15M-26APR012315-15
[Market] YES=0.51 | NO=0.52 | Sum=1.03 | no arb
[Cycle] No signal — YES=0.51 is between 0.30 and 0.70, sum=1.03 ≥ 0.97

==================================================
Cycle 158 | 2026-04-02 03:03:20
Balance: $200.28 | Regime: CHOP | Session: 1W/2L (33%) | PnL: $+1.09
[Ticker] KXSOL15M-26APR012315-15
[Market] YES=0.50 | NO=0.53 | Sum=1.03 | no arb
[Cycle] No signal — YES=0.50 is between 0.30 and 0.70, sum=1.03 ≥ 0.97

==================================================
Cycle 159 | 2026-04-02 03:04:20
Balance: $200.28 | Regime: CHOP | Session: 1W/2L (33%) | PnL: $+1.09
[Ticker] KXSOL15M-26APR012315-15
[Market] YES=0.50 | NO=0.54 | Sum=1.04 | no arb
[Cycle] No signal — YES=0.50 is between 0.30 and 0.70, sum=1.04 ≥ 0.97

==================================================
Cycle 160 | 2026-04-02 03:05:20
Balance: $200.28 | Regime: CHOP | Session: 1W/2L (33%) | PnL: $+1.09
[Ticker] KXSOL15M-26APR012315-15
[Market] YES=0.49 | NO=0.53 | Sum=1.02 | no arb
[Cycle] No signal — YES=0.49 is between 0.30 and 0.70, sum=1.02 ≥ 0.97

==================================================
Cycle 161 | 2026-04-02 03:06:21
Balance: $200.28 | Regime: CHOP | Session: 1W/2L (33%) | PnL: $+1.09
[Ticker] KXSOL15M-26APR012315-15
[Market] YES=0.71 | NO=0.33 | Sum=1.04 | no arb
[Timing] Window is 6 min old - skipping
[Cycle] No signal — YES=0.71 is between 0.30 and 0.70, sum=1.04 ≥ 0.97

==================================================
Cycle 162 | 2026-04-02 03:07:21
Balance: $200.28 | Regime: CHOP | Session: 1W/2L (33%) | PnL: $+1.09
[Ticker] KXSOL15M-26APR012315-15
[Market] YES=0.53 | NO=0.51 | Sum=1.04 | no arb
[Cycle] No signal — YES=0.53 is between 0.30 and 0.70, sum=1.04 ≥ 0.97

==================================================
Cycle 163 | 2026-04-02 03:08:22
Balance: $200.28 | Regime: CHOP | Session: 1W/2L (33%) | PnL: $+1.09
[Ticker] KXSOL15M-26APR012315-15
[Market] YES=0.55 | NO=0.49 | Sum=1.04 | no arb
[Cycle] No signal — YES=0.55 is between 0.30 and 0.70, sum=1.04 ≥ 0.97

==================================================
Cycle 164 | 2026-04-02 03:09:22
Balance: $200.28 | Regime: CHOP | Session: 1W/2L (33%) | PnL: $+1.09
[Ticker] KXSOL15M-26APR012315-15
[Market] YES=0.66 | NO=0.38 | Sum=1.04 | no arb
[Cycle] No signal — YES=0.66 is between 0.30 and 0.70, sum=1.04 ≥ 0.97

==================================================
Cycle 165 | 2026-04-02 03:10:23
Balance: $200.28 | Regime: CHOP | Session: 1W/2L (33%) | PnL: $+1.09
[Ticker] KXSOL15M-26APR012315-15
[Market] YES=0.47 | NO=0.57 | Sum=1.04 | no arb
[Cycle] No signal — YES=0.47 is between 0.30 and 0.70, sum=1.04 ≥ 0.97

==================================================
Cycle 166 | 2026-04-02 03:11:23
Balance: $200.28 | Regime: CHOP | Session: 1W/2L (33%) | PnL: $+1.09
[Ticker] KXSOL15M-26APR012315-15
[Market] YES=0.21 | NO=0.82 | Sum=1.03 | no arb
[Timing] Window is 11 min old - skipping
[Cycle] No signal — YES=0.21 is between 0.30 and 0.70, sum=1.03 ≥ 0.97

==================================================
Cycle 167 | 2026-04-02 03:12:24
Balance: $200.28 | Regime: CHOP | Session: 1W/2L (33%) | PnL: $+1.09
[Ticker] KXSOL15M-26APR012315-15
[Market] YES=0.20 | NO=0.82 | Sum=1.02 | no arb
[Timing] Window is 12 min old - skipping
[Cycle] No signal — YES=0.20 is between 0.30 and 0.70, sum=1.02 ≥ 0.97

==================================================
Cycle 168 | 2026-04-02 03:13:24
Balance: $200.28 | Regime: CHOP | Session: 1W/2L (33%) | PnL: $+1.09
[Ticker] KXSOL15M-26APR012315-15
[Market] YES=0.42 | NO=0.61 | Sum=1.03 | no arb
[Cycle] No signal — YES=0.42 is between 0.30 and 0.70, sum=1.03 ≥ 0.97

==================================================
Cycle 169 | 2026-04-02 03:14:25
Balance: $200.28 | Regime: CHOP | Session: 1W/2L (33%) | PnL: $+1.09
[Ticker] KXSOL15M-26APR012315-15
[Market] YES=0.07 | NO=1.00 | Sum=1.07 | no arb
[Timing] Window is 14 min old - skipping
[Cycle] No signal — YES=0.07 is between 0.30 and 0.70, sum=1.07 ≥ 0.97

==================================================
Cycle 170 | 2026-04-02 03:15:25
Balance: $200.28 | Regime: CHOP | Session: 1W/2L (33%) | PnL: $+1.09
[Ticker] KXSOL15M-26APR012315-15
[Market] YES=0.00 | NO=1.00 | Sum=1.00 | no arb
[Timing] Window is 0 min old - skipping
[Cycle] No signal — YES=0.00 is between 0.30 and 0.70, sum=1.00 ≥ 0.97

==================================================
Cycle 171 | 2026-04-02 03:16:26
Balance: $200.28 | Regime: CHOP | Session: 1W/2L (33%) | PnL: $+1.09
[Ticker] KXSOL15M-26APR012330-30
[Market] YES=0.57 | NO=0.47 | Sum=1.04 | no arb
[Cycle] No signal — YES=0.57 is between 0.30 and 0.70, sum=1.04 ≥ 0.97

==================================================
Cycle 172 | 2026-04-02 03:17:26
Balance: $200.28 | Regime: CHOP | Session: 1W/2L (33%) | PnL: $+1.09
[Ticker] KXSOL15M-26APR012330-30
[Market] YES=0.63 | NO=0.41 | Sum=1.04 | no arb
[Cycle] No signal — YES=0.63 is between 0.30 and 0.70, sum=1.04 ≥ 0.97

==================================================
Cycle 173 | 2026-04-02 03:18:27
Balance: $200.28 | Regime: CHOP | Session: 1W/2L (33%) | PnL: $+1.09
[Ticker] KXSOL15M-26APR012330-30
[Market] YES=0.62 | NO=0.41 | Sum=1.03 | no arb
[Cycle] No signal — YES=0.62 is between 0.30 and 0.70, sum=1.03 ≥ 0.97

==================================================
Cycle 174 | 2026-04-02 03:19:27
Balance: $200.28 | Regime: CHOP | Session: 1W/2L (33%) | PnL: $+1.09
[Ticker] KXSOL15M-26APR012330-30
[Market] YES=0.55 | NO=0.47 | Sum=1.02 | no arb
[Cycle] No signal — YES=0.55 is between 0.30 and 0.70, sum=1.02 ≥ 0.97

==================================================
Cycle 175 | 2026-04-02 03:20:27
Balance: $200.28 | Regime: CHOP | Session: 1W/2L (33%) | PnL: $+1.09
[Ticker] KXSOL15M-26APR012330-30
[Market] YES=0.37 | NO=0.66 | Sum=1.03 | no arb
[Cycle] No signal — YES=0.37 is between 0.30 and 0.70, sum=1.03 ≥ 0.97

==================================================
Cycle 176 | 2026-04-02 03:21:28
Balance: $200.28 | Regime: CHOP | Session: 1W/2L (33%) | PnL: $+1.09
[Ticker] KXSOL15M-26APR012330-30
[Market] YES=0.51 | NO=0.51 | Sum=1.02 | no arb
[Cycle] No signal — YES=0.51 is between 0.30 and 0.70, sum=1.02 ≥ 0.97

==================================================
Cycle 177 | 2026-04-02 03:22:28
Balance: $200.28 | Regime: CHOP | Session: 1W/2L (33%) | PnL: $+1.09
[Ticker] KXSOL15M-26APR012330-30
[Market] YES=0.72 | NO=0.31 | Sum=1.03 | no arb
[Timing] Window is 7 min old - skipping
[Cycle] No signal — YES=0.72 is between 0.30 and 0.70, sum=1.03 ≥ 0.97

==================================================
Cycle 178 | 2026-04-02 03:23:29
Balance: $200.28 | Regime: CHOP | Session: 1W/2L (33%) | PnL: $+1.09
[Ticker] KXSOL15M-26APR012330-30
[Market] YES=0.84 | NO=0.19 | Sum=1.03 | no arb
[Timing] Window is 8 min old - skipping
[Cycle] No signal — YES=0.84 is between 0.30 and 0.70, sum=1.03 ≥ 0.97

==================================================
Cycle 179 | 2026-04-02 03:24:29
Balance: $200.28 | Regime: CHOP | Session: 1W/2L (33%) | PnL: $+1.09
[Ticker] KXSOL15M-26APR012330-30
[Market] YES=0.93 | NO=0.08 | Sum=1.01 | no arb
[Timing] Window is 9 min old - skipping
[Cycle] No signal — YES=0.93 is between 0.30 and 0.70, sum=1.01 ≥ 0.97

==================================================
Cycle 180 | 2026-04-02 03:25:29
Balance: $200.28 | Regime: CHOP | Session: 1W/2L (33%) | PnL: $+1.09
[Ticker] KXSOL15M-26APR012330-30
[Market] YES=0.98 | NO=0.03 | Sum=1.01 | no arb
[Timing] Window is 10 min old - skipping
[Cycle] No signal — YES=0.98 is between 0.30 and 0.70, sum=1.01 ≥ 0.97

==================================================
Cycle 181 | 2026-04-02 03:26:30
Balance: $200.28 | Regime: CHOP | Session: 1W/2L (33%) | PnL: $+1.09
[Ticker] KXSOL15M-26APR012330-30
[Market] YES=1.00 | NO=0.01 | Sum=1.00 | no arb
[Timing] Window is 11 min old - skipping
[Cycle] No signal — YES=1.00 is between 0.30 and 0.70, sum=1.00 ≥ 0.97

==================================================
Cycle 182 | 2026-04-02 03:27:30
Balance: $200.28 | Regime: CHOP | Session: 1W/2L (33%) | PnL: $+1.09
[Ticker] KXSOL15M-26APR012330-30
[Market] YES=1.00 | NO=0.01 | Sum=1.01 | no arb
[Timing] Window is 12 min old - skipping
[Cycle] No signal — YES=1.00 is between 0.30 and 0.70, sum=1.01 ≥ 0.97

==================================================
Cycle 183 | 2026-04-02 03:28:31
Balance: $200.28 | Regime: CHOP | Session: 1W/2L (33%) | PnL: $+1.09
[Ticker] KXSOL15M-26APR012330-30
[Market] YES=1.00 | NO=0.00 | Sum=1.00 | no arb
[Timing] Window is 13 min old - skipping
[Cycle] No signal — YES=1.00 is between 0.30 and 0.70, sum=1.00 ≥ 0.97

==================================================
Cycle 184 | 2026-04-02 03:29:31
Balance: $200.28 | Regime: CHOP | Session: 1W/2L (33%) | PnL: $+1.09
[Ticker] KXSOL15M-26APR012330-30
[Market] YES=1.00 | NO=0.00 | Sum=1.00 | no arb
[Timing] Window is 14 min old - skipping
[Cycle] No signal — YES=1.00 is between 0.30 and 0.70, sum=1.00 ≥ 0.97

==================================================
Cycle 185 | 2026-04-02 03:30:32
Balance: $200.28 | Regime: CHOP | Session: 1W/2L (33%) | PnL: $+1.09
[Ticker] KXSOL15M-26APR012345-45
[Market] YES=0.55 | NO=0.48 | Sum=1.03 | no arb
[Cycle] No signal — YES=0.55 is between 0.30 and 0.70, sum=1.03 ≥ 0.97

==================================================
Cycle 186 | 2026-04-02 03:31:32
Balance: $200.28 | Regime: CHOP | Session: 1W/2L (33%) | PnL: $+1.09
[Ticker] KXSOL15M-26APR012345-45
[Market] YES=0.55 | NO=0.46 | Sum=1.01 | no arb
[Cycle] No signal — YES=0.55 is between 0.30 and 0.70, sum=1.01 ≥ 0.97

==================================================
Cycle 187 | 2026-04-02 03:32:32
Balance: $200.28 | Regime: CHOP | Session: 1W/2L (33%) | PnL: $+1.09
[Ticker] KXSOL15M-26APR012345-45
[Market] YES=0.37 | NO=0.67 | Sum=1.04 | no arb
[Cycle] No signal — YES=0.37 is between 0.30 and 0.70, sum=1.04 ≥ 0.97

==================================================
Cycle 188 | 2026-04-02 03:33:33
Balance: $200.28 | Regime: CHOP | Session: 1W/2L (33%) | PnL: $+1.09
[Ticker] KXSOL15M-26APR012345-45
[Market] YES=0.26 | NO=0.75 | Sum=1.01 | no arb
[Signal] DOWN candidate | yes=0.26 | waiting for confirmation (1/2)
[Cycle] No signal — YES=0.26 is between 0.30 and 0.70, sum=1.01 ≥ 0.97

==================================================
Cycle 189 | 2026-04-02 03:34:33
Balance: $200.28 | Regime: CHOP | Session: 1W/2L (33%) | PnL: $+1.09
[Ticker] KXSOL15M-26APR012345-45
[Market] YES=0.34 | NO=0.67 | Sum=1.01 | no arb
[Cycle] No signal — YES=0.34 is between 0.30 and 0.70, sum=1.01 ≥ 0.97

==================================================
Cycle 190 | 2026-04-02 03:35:34
Balance: $200.28 | Regime: CHOP | Session: 1W/2L (33%) | PnL: $+1.09
[Ticker] KXSOL15M-26APR012345-45
[Market] YES=0.63 | NO=0.40 | Sum=1.03 | no arb
[Cycle] No signal — YES=0.63 is between 0.30 and 0.70, sum=1.03 ≥ 0.97

==================================================
Cycle 191 | 2026-04-02 03:36:34
Balance: $200.28 | Regime: CHOP | Session: 1W/2L (33%) | PnL: $+1.09
[Ticker] KXSOL15M-26APR012345-45
[Market] YES=0.80 | NO=0.23 | Sum=1.03 | no arb
[Timing] Window is 6 min old - skipping
[Cycle] No signal — YES=0.80 is between 0.30 and 0.70, sum=1.03 ≥ 0.97

==================================================
Cycle 192 | 2026-04-02 03:37:34
Balance: $200.28 | Regime: CHOP | Session: 1W/2L (33%) | PnL: $+1.09
[Ticker] KXSOL15M-26APR012345-45
[Market] YES=0.74 | NO=0.30 | Sum=1.04 | no arb
[Timing] Window is 7 min old - skipping
[Cycle] No signal — YES=0.74 is between 0.30 and 0.70, sum=1.04 ≥ 0.97

==================================================
Cycle 193 | 2026-04-02 03:38:35
Balance: $200.28 | Regime: CHOP | Session: 1W/2L (33%) | PnL: $+1.09
[Ticker] KXSOL15M-26APR012345-45
[Market] YES=0.51 | NO=0.51 | Sum=1.02 | no arb
[Cycle] No signal — YES=0.51 is between 0.30 and 0.70, sum=1.02 ≥ 0.97

==================================================
Cycle 194 | 2026-04-02 03:39:35
Balance: $200.28 | Regime: CHOP | Session: 1W/2L (33%) | PnL: $+1.09
[Ticker] KXSOL15M-26APR012345-45
[Market] YES=0.51 | NO=0.53 | Sum=1.04 | no arb
[Cycle] No signal — YES=0.51 is between 0.30 and 0.70, sum=1.04 ≥ 0.97

==================================================
Cycle 195 | 2026-04-02 03:40:36
Balance: $200.28 | Regime: CHOP | Session: 1W/2L (33%) | PnL: $+1.09
[Ticker] KXSOL15M-26APR012345-45
[Market] YES=0.52 | NO=0.50 | Sum=1.02 | no arb
[Cycle] No signal — YES=0.52 is between 0.30 and 0.70, sum=1.02 ≥ 0.97

==================================================
Cycle 196 | 2026-04-02 03:41:36
Balance: $199.29 | Regime: CHOP | Session: 1W/2L (33%) | PnL: $+1.09
[Ticker] KXSOL15M-26APR012345-45
[Market] YES=0.63 | NO=0.39 | Sum=1.02 | no arb
[Cycle] No signal — YES=0.63 is between 0.30 and 0.70, sum=1.02 ≥ 0.97

==================================================
Cycle 197 | 2026-04-02 03:42:37
Balance: $199.29 | Regime: CHOP | Session: 1W/2L (33%) | PnL: $+1.09
[Ticker] KXSOL15M-26APR012345-45
[Market] YES=0.05 | NO=0.96 | Sum=1.01 | no arb
[Timing] Window is 12 min old - skipping
[Cycle] No signal — YES=0.05 is between 0.30 and 0.70, sum=1.01 ≥ 0.97

==================================================
Cycle 198 | 2026-04-02 03:43:37
Balance: $199.29 | Regime: CHOP | Session: 1W/2L (33%) | PnL: $+1.09
[Ticker] KXSOL15M-26APR012345-45
[Market] YES=0.01 | NO=1.00 | Sum=1.01 | no arb
[Timing] Window is 13 min old - skipping
[Cycle] No signal — YES=0.01 is between 0.30 and 0.70, sum=1.01 ≥ 0.97

==================================================
Cycle 199 | 2026-04-02 03:44:37
Balance: $199.29 | Regime: CHOP | Session: 1W/2L (33%) | PnL: $+1.09
[Ticker] KXSOL15M-26APR012345-45
[Market] YES=0.00 | NO=1.00 | Sum=1.00 | no arb
[Timing] Window is 14 min old - skipping
[Cycle] No signal — YES=0.00 is between 0.30 and 0.70, sum=1.00 ≥ 0.97

==================================================
Cycle 200 | 2026-04-02 03:45:38
Balance: $199.29 | Regime: CHOP | Session: 1W/2L (33%) | PnL: $+1.09
[Ticker] KXSOL15M-26APR020000-00
[Market] YES=0.72 | NO=0.67 | Sum=1.39 | no arb
[Timing] Window is 0 min old - skipping
[Cycle] No signal — YES=0.72 is between 0.30 and 0.70, sum=1.39 ≥ 0.97

==================================================
Cycle 201 | 2026-04-02 03:46:38
Balance: $199.29 | Regime: CHOP | Session: 1W/2L (33%) | PnL: $+1.09
[Ticker] KXSOL15M-26APR020000-00
[Market] YES=0.45 | NO=0.60 | Sum=1.05 | no arb
[Cycle] No signal — YES=0.45 is between 0.30 and 0.70, sum=1.05 ≥ 0.97

==================================================
Cycle 202 | 2026-04-02 03:47:39
Balance: $199.29 | Regime: CHOP | Session: 1W/2L (33%) | PnL: $+1.09
[Ticker] KXSOL15M-26APR020000-00
[Market] YES=0.63 | NO=0.39 | Sum=1.02 | no arb
[Cycle] No signal — YES=0.63 is between 0.30 and 0.70, sum=1.02 ≥ 0.97

==================================================
Cycle 203 | 2026-04-02 03:48:39
Balance: $199.29 | Regime: CHOP | Session: 1W/2L (33%) | PnL: $+1.09
[Ticker] KXSOL15M-26APR020000-00
[Market] YES=0.61 | NO=0.40 | Sum=1.01 | no arb
[Cycle] No signal — YES=0.61 is between 0.30 and 0.70, sum=1.01 ≥ 0.97

==================================================
Cycle 204 | 2026-04-02 03:49:40
Balance: $199.29 | Regime: CHOP | Session: 1W/2L (33%) | PnL: $+1.09
[Ticker] KXSOL15M-26APR020000-00
[Market] YES=0.65 | NO=0.39 | Sum=1.04 | no arb
[Cycle] No signal — YES=0.65 is between 0.30 and 0.70, sum=1.04 ≥ 0.97

==================================================
Cycle 205 | 2026-04-02 03:50:40
Balance: $199.29 | Regime: CHOP | Session: 1W/2L (33%) | PnL: $+1.09
[Ticker] KXSOL15M-26APR020000-00
[Market] YES=0.75 | NO=0.26 | Sum=1.01 | no arb
[Timing] Window is 5 min old - skipping
[Cycle] No signal — YES=0.75 is between 0.30 and 0.70, sum=1.01 ≥ 0.97

==================================================
Cycle 206 | 2026-04-02 03:51:40
Balance: $199.29 | Regime: CHOP | Session: 1W/2L (33%) | PnL: $+1.09
[Ticker] KXSOL15M-26APR020000-00
[Market] YES=0.74 | NO=0.29 | Sum=1.03 | no arb
[Timing] Window is 6 min old - skipping
[Cycle] No signal — YES=0.74 is between 0.30 and 0.70, sum=1.03 ≥ 0.97

==================================================
Cycle 207 | 2026-04-02 03:52:41
Balance: $199.29 | Regime: CHOP | Session: 1W/2L (33%) | PnL: $+1.09
[Ticker] KXSOL15M-26APR020000-00
[Market] YES=0.78 | NO=0.24 | Sum=1.02 | no arb
[Timing] Window is 7 min old - skipping
[Cycle] No signal — YES=0.78 is between 0.30 and 0.70, sum=1.02 ≥ 0.97

==================================================
Cycle 208 | 2026-04-02 03:53:41
Balance: $199.29 | Regime: CHOP | Session: 1W/2L (33%) | PnL: $+1.09
[Ticker] KXSOL15M-26APR020000-00
[Market] YES=0.80 | NO=0.22 | Sum=1.02 | no arb
[Timing] Window is 8 min old - skipping
[Cycle] No signal — YES=0.80 is between 0.30 and 0.70, sum=1.02 ≥ 0.97

==================================================
Cycle 209 | 2026-04-02 03:54:42
Balance: $199.29 | Regime: CHOP | Session: 1W/2L (33%) | PnL: $+1.09
[Ticker] KXSOL15M-26APR020000-00
[Market] YES=0.63 | NO=0.39 | Sum=1.02 | no arb
[Cycle] No signal — YES=0.63 is between 0.30 and 0.70, sum=1.02 ≥ 0.97

==================================================
Cycle 210 | 2026-04-02 03:55:42
Balance: $199.29 | Regime: CHOP | Session: 1W/2L (33%) | PnL: $+1.09
[Ticker] KXSOL15M-26APR020000-00
[Market] YES=0.53 | NO=0.50 | Sum=1.03 | no arb
[Cycle] No signal — YES=0.53 is between 0.30 and 0.70, sum=1.03 ≥ 0.97

==================================================
Cycle 211 | 2026-04-02 03:56:43
Balance: $199.29 | Regime: CHOP | Session: 1W/2L (33%) | PnL: $+1.09
[Ticker] KXSOL15M-26APR020000-00
[Market] YES=0.82 | NO=0.21 | Sum=1.03 | no arb
[Timing] Window is 11 min old - skipping
[Cycle] No signal — YES=0.82 is between 0.30 and 0.70, sum=1.03 ≥ 0.97

==================================================
Cycle 212 | 2026-04-02 03:57:43
Balance: $199.29 | Regime: CHOP | Session: 1W/2L (33%) | PnL: $+1.09
[Ticker] KXSOL15M-26APR020000-00
[Market] YES=0.95 | NO=0.08 | Sum=1.03 | no arb
[Timing] Window is 12 min old - skipping
[Cycle] No signal — YES=0.95 is between 0.30 and 0.70, sum=1.03 ≥ 0.97

==================================================
Cycle 213 | 2026-04-02 03:58:44
Balance: $199.29 | Regime: CHOP | Session: 1W/2L (33%) | PnL: $+1.09
[Ticker] KXSOL15M-26APR020000-00
[Market] YES=0.98 | NO=0.04 | Sum=1.02 | no arb
[Timing] Window is 13 min old - skipping
[Cycle] No signal — YES=0.98 is between 0.30 and 0.70, sum=1.02 ≥ 0.97

==================================================
Cycle 214 | 2026-04-02 03:59:44
Balance: $199.29 | Regime: CHOP | Session: 1W/2L (33%) | PnL: $+1.09
[Ticker] KXSOL15M-26APR020000-00
[Market] YES=1.00 | NO=0.00 | Sum=1.00 | no arb
[Timing] Window is 14 min old - skipping
[Cycle] No signal — YES=1.00 is between 0.30 and 0.70, sum=1.00 ≥ 0.97

==================================================
Cycle 215 | 2026-04-02 04:00:45
Balance: $199.29 | Regime: CHOP | Session: 1W/2L (33%) | PnL: $+1.09
[Ticker] KXSOL15M-26APR020015-15
[Market] YES=0.66 | NO=0.39 | Sum=1.05 | no arb
[Cycle] No signal — YES=0.66 is between 0.30 and 0.70, sum=1.05 ≥ 0.97

==================================================
Cycle 216 | 2026-04-02 04:01:45
Balance: $199.29 | Regime: CHOP | Session: 1W/2L (33%) | PnL: $+1.09
[Ticker] KXSOL15M-26APR020015-15
[Market] YES=0.60 | NO=0.41 | Sum=1.01 | no arb
[Cycle] No signal — YES=0.60 is between 0.30 and 0.70, sum=1.01 ≥ 0.97

==================================================
Cycle 217 | 2026-04-02 04:02:46
Balance: $199.29 | Regime: CHOP | Session: 1W/2L (33%) | PnL: $+1.09
[Ticker] KXSOL15M-26APR020015-15
[Market] YES=0.68 | NO=0.33 | Sum=1.01 | no arb
[Cycle] No signal — YES=0.68 is between 0.30 and 0.70, sum=1.01 ≥ 0.97

==================================================
Cycle 218 | 2026-04-02 04:03:46
Balance: $199.29 | Regime: CHOP | Session: 1W/2L (33%) | PnL: $+1.09
[Ticker] KXSOL15M-26APR020015-15
[Market] YES=0.72 | NO=0.31 | Sum=1.03 | no arb
[Signal] UP candidate | yes=0.72 | waiting for confirmation (1/2)
[Cycle] No signal — YES=0.72 is between 0.30 and 0.70, sum=1.03 ≥ 0.97

==================================================
Cycle 219 | 2026-04-02 04:04:47
Balance: $199.29 | Regime: CHOP | Session: 1W/2L (33%) | PnL: $+1.09
[Ticker] KXSOL15M-26APR020015-15
[Market] YES=0.75 | NO=0.29 | Sum=1.04 | no arb
[Binance] ✅ Confirms UP | spot=$79 strike=$79 gap=+0 (0.12%)
[Signal] ✅ CONFIRMED UP | yes=0.75 | edge=0.25 | consecutive=2 | bet=$0.50
[TOD] Skipping trade — bad hour for this bot
[Cycle] No signal — YES=0.75 is between 0.30 and 0.70, sum=1.04 ≥ 0.97

==================================================
Cycle 220 | 2026-04-02 04:05:47
Balance: $200.29 | Regime: CHOP | Session: 1W/2L (33%) | PnL: $+1.09
[Ticker] KXSOL15M-26APR020015-15
[Market] YES=0.72 | NO=0.31 | Sum=1.03 | no arb
[Timing] Window is 5 min old - skipping
[Cycle] No signal — YES=0.72 is between 0.30 and 0.70, sum=1.03 ≥ 0.97

==================================================
Cycle 221 | 2026-04-02 04:06:48
Balance: $200.29 | Regime: CHOP | Session: 1W/2L (33%) | PnL: $+1.09
[Ticker] KXSOL15M-26APR020015-15
[Market] YES=0.80 | NO=0.22 | Sum=1.02 | no arb
[Timing] Window is 6 min old - skipping
[Cycle] No signal — YES=0.80 is between 0.30 and 0.70, sum=1.02 ≥ 0.97

==================================================
Cycle 222 | 2026-04-02 04:07:48
Balance: $200.29 | Regime: CHOP | Session: 1W/2L (33%) | PnL: $+1.09
[Ticker] KXSOL15M-26APR020015-15
[Market] YES=0.89 | NO=0.12 | Sum=1.01 | no arb
[Timing] Window is 7 min old - skipping
[Cycle] No signal — YES=0.89 is between 0.30 and 0.70, sum=1.01 ≥ 0.97

==================================================
Cycle 223 | 2026-04-02 04:08:48
Balance: $200.29 | Regime: CHOP | Session: 1W/2L (33%) | PnL: $+1.09
[Ticker] KXSOL15M-26APR020015-15
[Market] YES=0.92 | NO=0.11 | Sum=1.03 | no arb
[Timing] Window is 8 min old - skipping
[Cycle] No signal — YES=0.92 is between 0.30 and 0.70, sum=1.03 ≥ 0.97

==================================================
Cycle 224 | 2026-04-02 04:09:49
Balance: $200.29 | Regime: CHOP | Session: 1W/2L (33%) | PnL: $+1.09
[Ticker] KXSOL15M-26APR020015-15
[Market] YES=0.92 | NO=0.08 | Sum=1.00 | no arb
[Timing] Window is 9 min old - skipping
[Cycle] No signal — YES=0.92 is between 0.30 and 0.70, sum=1.00 ≥ 0.97

==================================================
Cycle 225 | 2026-04-02 04:10:49
Balance: $200.29 | Regime: CHOP | Session: 1W/2L (33%) | PnL: $+1.09
[Ticker] KXSOL15M-26APR020015-15
[Market] YES=0.69 | NO=0.34 | Sum=1.03 | no arb
[Cycle] No signal — YES=0.69 is between 0.30 and 0.70, sum=1.03 ≥ 0.97

==================================================
Cycle 226 | 2026-04-02 04:11:49
Balance: $200.29 | Regime: CHOP | Session: 1W/2L (33%) | PnL: $+1.09
[Ticker] KXSOL15M-26APR020015-15
[Market] YES=0.89 | NO=0.12 | Sum=1.01 | no arb
[Timing] Window is 11 min old - skipping
[Cycle] No signal — YES=0.89 is between 0.30 and 0.70, sum=1.01 ≥ 0.97

==================================================
Cycle 227 | 2026-04-02 04:12:50
Balance: $200.29 | Regime: CHOP | Session: 1W/2L (33%) | PnL: $+1.09
[Ticker] KXSOL15M-26APR020015-15
[Market] YES=0.38 | NO=0.64 | Sum=1.02 | no arb
[Cycle] No signal — YES=0.38 is between 0.30 and 0.70, sum=1.02 ≥ 0.97

==================================================
Cycle 228 | 2026-04-02 04:13:51
Balance: $200.29 | Regime: CHOP | Session: 1W/2L (33%) | PnL: $+1.09
[Ticker] KXSOL15M-26APR020015-15
[Market] YES=0.55 | NO=0.46 | Sum=1.01 | no arb
[Cycle] No signal — YES=0.55 is between 0.30 and 0.70, sum=1.01 ≥ 0.97

==================================================
Cycle 229 | 2026-04-02 04:14:51
Balance: $200.29 | Regime: CHOP | Session: 1W/2L (33%) | PnL: $+1.09
[Ticker] KXSOL15M-26APR020015-15
[Market] YES=0.00 | NO=1.00 | Sum=1.00 | no arb
[Timing] Window is 14 min old - skipping
[Cycle] No signal — YES=0.00 is between 0.30 and 0.70, sum=1.00 ≥ 0.97

==================================================
Cycle 230 | 2026-04-02 04:15:52
Balance: $200.29 | Regime: CHOP | Session: 1W/2L (33%) | PnL: $+1.09
[Ticker] KXSOL15M-26APR020030-30
[Market] YES=0.65 | NO=0.37 | Sum=1.02 | no arb
[Cycle] No signal — YES=0.65 is between 0.30 and 0.70, sum=1.02 ≥ 0.97

==================================================
Cycle 231 | 2026-04-02 04:16:52
Balance: $200.29 | Regime: CHOP | Session: 1W/2L (33%) | PnL: $+1.09
[Ticker] KXSOL15M-26APR020030-30
[Market] YES=0.54 | NO=0.47 | Sum=1.01 | no arb
[Cycle] No signal — YES=0.54 is between 0.30 and 0.70, sum=1.01 ≥ 0.97

==================================================
Cycle 232 | 2026-04-02 04:17:53
Balance: $200.29 | Regime: CHOP | Session: 1W/2L (33%) | PnL: $+1.09
[Ticker] KXSOL15M-26APR020030-30
[Market] YES=0.55 | NO=0.48 | Sum=1.03 | no arb
[Cycle] No signal — YES=0.55 is between 0.30 and 0.70, sum=1.03 ≥ 0.97

==================================================
Cycle 233 | 2026-04-02 04:18:53
Balance: $200.29 | Regime: CHOP | Session: 1W/2L (33%) | PnL: $+1.09
[Ticker] KXSOL15M-26APR020030-30
[Market] YES=0.54 | NO=0.48 | Sum=1.02 | no arb
[Cycle] No signal — YES=0.54 is between 0.30 and 0.70, sum=1.02 ≥ 0.97

==================================================
Cycle 234 | 2026-04-02 04:19:53
Balance: $200.29 | Regime: CHOP | Session: 1W/2L (33%) | PnL: $+1.09
[Ticker] KXSOL15M-26APR020030-30
[Market] YES=0.58 | NO=0.44 | Sum=1.02 | no arb
[Cycle] No signal — YES=0.58 is between 0.30 and 0.70, sum=1.02 ≥ 0.97

==================================================
Cycle 235 | 2026-04-02 04:20:54
Balance: $200.29 | Regime: CHOP | Session: 1W/2L (33%) | PnL: $+1.09
[Ticker] KXSOL15M-26APR020030-30
[Market] YES=0.62 | NO=0.39 | Sum=1.01 | no arb
[Cycle] No signal — YES=0.62 is between 0.30 and 0.70, sum=1.01 ≥ 0.97

==================================================
Cycle 236 | 2026-04-02 04:21:54
Balance: $200.29 | Regime: CHOP | Session: 1W/2L (33%) | PnL: $+1.09
[Ticker] KXSOL15M-26APR020030-30
[Market] YES=0.69 | NO=0.34 | Sum=1.03 | no arb
[Cycle] No signal — YES=0.69 is between 0.30 and 0.70, sum=1.03 ≥ 0.97

==================================================
Cycle 237 | 2026-04-02 04:22:55
Balance: $200.29 | Regime: CHOP | Session: 1W/2L (33%) | PnL: $+1.09
[Ticker] KXSOL15M-26APR020030-30
[Market] YES=0.45 | NO=0.58 | Sum=1.03 | no arb
[Cycle] No signal — YES=0.45 is between 0.30 and 0.70, sum=1.03 ≥ 0.97

==================================================
Cycle 238 | 2026-04-02 04:23:55
Balance: $200.29 | Regime: CHOP | Session: 1W/2L (33%) | PnL: $+1.09
[Ticker] KXSOL15M-26APR020030-30
[Market] YES=0.45 | NO=0.58 | Sum=1.03 | no arb
[Cycle] No signal — YES=0.45 is between 0.30 and 0.70, sum=1.03 ≥ 0.97

==================================================
Cycle 239 | 2026-04-02 04:24:55
Balance: $200.29 | Regime: CHOP | Session: 1W/2L (33%) | PnL: $+1.09
[Ticker] KXSOL15M-26APR020030-30
[Market] YES=0.40 | NO=0.64 | Sum=1.04 | no arb
[Cycle] No signal — YES=0.40 is between 0.30 and 0.70, sum=1.04 ≥ 0.97

==================================================
Cycle 240 | 2026-04-02 04:25:56
Balance: $200.29 | Regime: CHOP | Session: 1W/2L (33%) | PnL: $+1.09
[Ticker] KXSOL15M-26APR020030-30
[Market] YES=0.46 | NO=0.57 | Sum=1.03 | no arb
[Cycle] No signal — YES=0.46 is between 0.30 and 0.70, sum=1.03 ≥ 0.97

==================================================
Cycle 241 | 2026-04-02 04:26:57
Balance: $200.29 | Regime: CHOP | Session: 1W/2L (33%) | PnL: $+1.09
[Ticker] KXSOL15M-26APR020030-30
[Market] YES=0.57 | NO=0.46 | Sum=1.03 | no arb
[Cycle] No signal — YES=0.57 is between 0.30 and 0.70, sum=1.03 ≥ 0.97

==================================================
Cycle 242 | 2026-04-02 04:27:57
Balance: $200.29 | Regime: CHOP | Session: 1W/2L (33%) | PnL: $+1.09
[Ticker] KXSOL15M-26APR020030-30
[Market] YES=0.15 | NO=0.89 | Sum=1.04 | no arb
[Timing] Window is 12 min old - skipping
[Cycle] No signal — YES=0.15 is between 0.30 and 0.70, sum=1.04 ≥ 0.97

==================================================
Cycle 243 | 2026-04-02 04:28:57
Balance: $200.29 | Regime: CHOP | Session: 1W/2L (33%) | PnL: $+1.09
[Ticker] KXSOL15M-26APR020030-30
[Market] YES=0.34 | NO=0.70 | Sum=1.04 | no arb
[Cycle] No signal — YES=0.34 is between 0.30 and 0.70, sum=1.04 ≥ 0.97

==================================================
Cycle 244 | 2026-04-02 04:29:58
Balance: $200.29 | Regime: CHOP | Session: 1W/2L (33%) | PnL: $+1.09
[Ticker] KXSOL15M-26APR020030-30
[Market] YES=1.00 | NO=0.00 | Sum=1.00 | no arb
[Timing] Window is 14 min old - skipping
[Cycle] No signal — YES=1.00 is between 0.30 and 0.70, sum=1.00 ≥ 0.97

==================================================
Cycle 245 | 2026-04-02 04:30:58
Balance: $200.29 | Regime: CHOP | Session: 1W/2L (33%) | PnL: $+1.09
[Ticker] KXSOL15M-26APR020045-45
[Market] YES=0.60 | NO=0.45 | Sum=1.05 | no arb
[Cycle] No signal — YES=0.60 is between 0.30 and 0.70, sum=1.05 ≥ 0.97

==================================================
Cycle 246 | 2026-04-02 04:31:59
Balance: $200.29 | Regime: CHOP | Session: 1W/2L (33%) | PnL: $+1.09
[Ticker] KXSOL15M-26APR020045-45
[Market] YES=0.61 | NO=0.43 | Sum=1.04 | no arb
[Cycle] No signal — YES=0.61 is between 0.30 and 0.70, sum=1.04 ≥ 0.97

==================================================
Cycle 247 | 2026-04-02 04:32:59
Balance: $200.29 | Regime: CHOP | Session: 1W/2L (33%) | PnL: $+1.09
[Ticker] KXSOL15M-26APR020045-45
[Market] YES=0.70 | NO=0.34 | Sum=1.04 | no arb
[Cycle] No signal — YES=0.70 is between 0.30 and 0.70, sum=1.04 ≥ 0.97

==================================================
Cycle 248 | 2026-04-02 04:34:00
Balance: $200.29 | Regime: CHOP | Session: 1W/2L (33%) | PnL: $+1.09
[Ticker] KXSOL15M-26APR020045-45
[Market] YES=0.73 | NO=0.30 | Sum=1.03 | no arb
[Signal] UP candidate | yes=0.73 | waiting for confirmation (1/2)
[Cycle] No signal — YES=0.73 is between 0.30 and 0.70, sum=1.03 ≥ 0.97

==================================================
Cycle 249 | 2026-04-02 04:35:00
Balance: $200.29 | Regime: CHOP | Session: 1W/2L (33%) | PnL: $+1.09
[Ticker] KXSOL15M-26APR020045-45
[Market] YES=0.51 | NO=0.51 | Sum=1.02 | no arb
[Cycle] No signal — YES=0.51 is between 0.30 and 0.70, sum=1.02 ≥ 0.97

==================================================
Cycle 250 | 2026-04-02 04:36:01
Balance: $200.29 | Regime: CHOP | Session: 1W/2L (33%) | PnL: $+1.09
[Ticker] KXSOL15M-26APR020045-45
[Market] YES=0.73 | NO=0.28 | Sum=1.01 | no arb
[Timing] Window is 6 min old - skipping
[Cycle] No signal — YES=0.73 is between 0.30 and 0.70, sum=1.01 ≥ 0.97

==================================================
Cycle 251 | 2026-04-02 04:37:01
Balance: $200.29 | Regime: CHOP | Session: 1W/2L (33%) | PnL: $+1.09
[Ticker] KXSOL15M-26APR020045-45
[Market] YES=0.60 | NO=0.44 | Sum=1.04 | no arb
[Cycle] No signal — YES=0.60 is between 0.30 and 0.70, sum=1.04 ≥ 0.97

==================================================
Cycle 252 | 2026-04-02 04:38:01
Balance: $200.29 | Regime: CHOP | Session: 1W/2L (33%) | PnL: $+1.09
[Ticker] KXSOL15M-26APR020045-45
[Market] YES=0.56 | NO=0.46 | Sum=1.02 | no arb
[Cycle] No signal — YES=0.56 is between 0.30 and 0.70, sum=1.02 ≥ 0.97

==================================================
Cycle 253 | 2026-04-02 04:39:02
Balance: $200.29 | Regime: CHOP | Session: 1W/2L (33%) | PnL: $+1.09
[Ticker] KXSOL15M-26APR020045-45
[Market] YES=0.35 | NO=0.67 | Sum=1.02 | no arb
[Cycle] No signal — YES=0.35 is between 0.30 and 0.70, sum=1.02 ≥ 0.97

==================================================
Cycle 254 | 2026-04-02 04:40:02
Balance: $200.29 | Regime: CHOP | Session: 1W/2L (33%) | PnL: $+1.09
[Ticker] KXSOL15M-26APR020045-45
[Market] YES=0.30 | NO=0.71 | Sum=1.01 | no arb
[Cycle] No signal — YES=0.30 is between 0.30 and 0.70, sum=1.01 ≥ 0.97

==================================================
Cycle 255 | 2026-04-02 04:41:03
Balance: $200.29 | Regime: CHOP | Session: 1W/2L (33%) | PnL: $+1.09
[Ticker] KXSOL15M-26APR020045-45
[Market] YES=0.45 | NO=0.59 | Sum=1.04 | no arb
[Cycle] No signal — YES=0.45 is between 0.30 and 0.70, sum=1.04 ≥ 0.97

==================================================
Cycle 256 | 2026-04-02 04:42:03
Balance: $200.29 | Regime: CHOP | Session: 1W/2L (33%) | PnL: $+1.09
[Ticker] KXSOL15M-26APR020045-45
[Market] YES=0.55 | NO=0.47 | Sum=1.02 | no arb
[Cycle] No signal — YES=0.55 is between 0.30 and 0.70, sum=1.02 ≥ 0.97

==================================================
Cycle 257 | 2026-04-02 04:43:04
Balance: $200.29 | Regime: CHOP | Session: 1W/2L (33%) | PnL: $+1.09
[Ticker] KXSOL15M-26APR020045-45
[Market] YES=0.57 | NO=0.45 | Sum=1.02 | no arb
[Cycle] No signal — YES=0.57 is between 0.30 and 0.70, sum=1.02 ≥ 0.97

==================================================
Cycle 258 | 2026-04-02 04:44:04
Balance: $200.29 | Regime: CHOP | Session: 1W/2L (33%) | PnL: $+1.09
[Ticker] KXSOL15M-26APR020045-45
[Market] YES=0.94 | NO=0.10 | Sum=1.04 | no arb
[Timing] Window is 14 min old - skipping
[Cycle] No signal — YES=0.94 is between 0.30 and 0.70, sum=1.04 ≥ 0.97

==================================================
Cycle 259 | 2026-04-02 04:45:05
Balance: $200.29 | Regime: CHOP | Session: 1W/2L (33%) | PnL: $+1.09
[Ticker] KXSOL15M-26APR020045-45
[Market] YES=1.00 | NO=1.00 | Sum=2.00 | no arb
[Timing] Window is 0 min old - skipping
[Cycle] No signal — YES=1.00 is between 0.30 and 0.70, sum=2.00 ≥ 0.97

==================================================
Cycle 260 | 2026-04-02 04:46:05
Balance: $200.29 | Regime: CHOP | Session: 1W/2L (33%) | PnL: $+1.09
[Ticker] KXSOL15M-26APR020100-00
[Market] YES=0.58 | NO=0.44 | Sum=1.02 | no arb
[Cycle] No signal — YES=0.58 is between 0.30 and 0.70, sum=1.02 ≥ 0.97

==================================================
Cycle 261 | 2026-04-02 04:47:06
Balance: $200.29 | Regime: CHOP | Session: 1W/2L (33%) | PnL: $+1.09
[Ticker] KXSOL15M-26APR020100-00
[Market] YES=0.64 | NO=0.37 | Sum=1.01 | no arb
[Cycle] No signal — YES=0.64 is between 0.30 and 0.70, sum=1.01 ≥ 0.97

==================================================
Cycle 262 | 2026-04-02 04:48:06
Balance: $200.29 | Regime: CHOP | Session: 1W/2L (33%) | PnL: $+1.09
[Ticker] KXSOL15M-26APR020100-00
[Market] YES=0.56 | NO=0.49 | Sum=1.05 | no arb
[Cycle] No signal — YES=0.56 is between 0.30 and 0.70, sum=1.05 ≥ 0.97

==================================================
Cycle 263 | 2026-04-02 04:49:07
Balance: $200.29 | Regime: CHOP | Session: 1W/2L (33%) | PnL: $+1.09
[Ticker] KXSOL15M-26APR020100-00
[Market] YES=0.66 | NO=0.35 | Sum=1.01 | no arb
[Cycle] No signal — YES=0.66 is between 0.30 and 0.70, sum=1.01 ≥ 0.97

==================================================
Cycle 264 | 2026-04-02 04:50:07
Balance: $200.29 | Regime: CHOP | Session: 1W/2L (33%) | PnL: $+1.09
[Ticker] KXSOL15M-26APR020100-00
[Market] YES=0.71 | NO=0.32 | Sum=1.03 | no arb
[Timing] Window is 5 min old - skipping
[Cycle] No signal — YES=0.71 is between 0.30 and 0.70, sum=1.03 ≥ 0.97

==================================================
Cycle 265 | 2026-04-02 04:51:08
Balance: $200.29 | Regime: CHOP | Session: 1W/2L (33%) | PnL: $+1.09
[Ticker] KXSOL15M-26APR020100-00
[Market] YES=0.74 | NO=0.30 | Sum=1.04 | no arb
[Timing] Window is 6 min old - skipping
[Cycle] No signal — YES=0.74 is between 0.30 and 0.70, sum=1.04 ≥ 0.97

==================================================
Cycle 266 | 2026-04-02 04:52:08
Balance: $200.29 | Regime: CHOP | Session: 1W/2L (33%) | PnL: $+1.09
[Ticker] KXSOL15M-26APR020100-00
[Market] YES=0.61 | NO=0.41 | Sum=1.02 | no arb
[Cycle] No signal — YES=0.61 is between 0.30 and 0.70, sum=1.02 ≥ 0.97

==================================================
Cycle 267 | 2026-04-02 04:53:09
Balance: $200.29 | Regime: CHOP | Session: 1W/2L (33%) | PnL: $+1.09
[Ticker] KXSOL15M-26APR020100-00
[Market] YES=0.75 | NO=0.29 | Sum=1.04 | no arb
[Timing] Window is 8 min old - skipping
[Cycle] No signal — YES=0.75 is between 0.30 and 0.70, sum=1.04 ≥ 0.97

==================================================
Cycle 268 | 2026-04-02 04:54:09
Balance: $200.29 | Regime: CHOP | Session: 1W/2L (33%) | PnL: $+1.09
[Ticker] KXSOL15M-26APR020100-00
[Market] YES=0.80 | NO=0.24 | Sum=1.04 | no arb
[Timing] Window is 9 min old - skipping
[Cycle] No signal — YES=0.80 is between 0.30 and 0.70, sum=1.04 ≥ 0.97

==================================================
Cycle 269 | 2026-04-02 04:55:09
Balance: $200.29 | Regime: CHOP | Session: 1W/2L (33%) | PnL: $+1.09
[Ticker] KXSOL15M-26APR020100-00
[Market] YES=0.83 | NO=0.20 | Sum=1.03 | no arb
[Timing] Window is 10 min old - skipping
[Cycle] No signal — YES=0.83 is between 0.30 and 0.70, sum=1.03 ≥ 0.97

==================================================
Cycle 270 | 2026-04-02 04:56:10
Balance: $200.29 | Regime: CHOP | Session: 1W/2L (33%) | PnL: $+1.09
[Ticker] KXSOL15M-26APR020100-00
[Market] YES=0.95 | NO=0.08 | Sum=1.03 | no arb
[Timing] Window is 11 min old - skipping
[Cycle] No signal — YES=0.95 is between 0.30 and 0.70, sum=1.03 ≥ 0.97

==================================================
Cycle 271 | 2026-04-02 04:57:10
Balance: $200.29 | Regime: CHOP | Session: 1W/2L (33%) | PnL: $+1.09
[Ticker] KXSOL15M-26APR020100-00
[Market] YES=0.17 | NO=0.85 | Sum=1.02 | no arb
[Timing] Window is 12 min old - skipping
[Cycle] No signal — YES=0.17 is between 0.30 and 0.70, sum=1.02 ≥ 0.97

==================================================
Cycle 272 | 2026-04-02 04:58:11
Balance: $200.29 | Regime: CHOP | Session: 1W/2L (33%) | PnL: $+1.09
[Ticker] KXSOL15M-26APR020100-00
[Market] YES=0.05 | NO=0.96 | Sum=1.01 | no arb
[Timing] Window is 13 min old - skipping
[Cycle] No signal — YES=0.05 is between 0.30 and 0.70, sum=1.01 ≥ 0.97

==================================================
Cycle 273 | 2026-04-02 04:59:11
Balance: $200.29 | Regime: CHOP | Session: 1W/2L (33%) | PnL: $+1.09
[Ticker] KXSOL15M-26APR020100-00
[Market] YES=0.01 | NO=1.00 | Sum=1.01 | no arb
[Timing] Window is 14 min old - skipping
[Cycle] No signal — YES=0.01 is between 0.30 and 0.70, sum=1.01 ≥ 0.97

==================================================
Cycle 274 | 2026-04-02 05:00:12
Balance: $200.29 | Regime: CHOP | Session: 1W/2L (33%) | PnL: $+1.09
[Ticker] KXSOL15M-26APR020100-00
[Market] YES=0.00 | NO=1.00 | Sum=1.00 | no arb
[Timing] Window is 0 min old - skipping
[Cycle] No signal — YES=0.00 is between 0.30 and 0.70, sum=1.00 ≥ 0.97

==================================================
Cycle 275 | 2026-04-02 05:01:12
Balance: $200.29 | Regime: CHOP | Session: 1W/2L (33%) | PnL: $+1.09
[Ticker] KXSOL15M-26APR020115-15
[Market] YES=0.55 | NO=0.47 | Sum=1.02 | no arb
[Cycle] No signal — YES=0.55 is between 0.30 and 0.70, sum=1.02 ≥ 0.97

==================================================
Cycle 276 | 2026-04-02 05:02:13
Balance: $200.29 | Regime: CHOP | Session: 1W/2L (33%) | PnL: $+1.09
[Ticker] KXSOL15M-26APR020115-15
[Market] YES=0.75 | NO=0.28 | Sum=1.03 | no arb
[Signal] UP candidate | yes=0.75 | waiting for confirmation (1/2)
[Cycle] No signal — YES=0.75 is between 0.30 and 0.70, sum=1.03 ≥ 0.97

==================================================
Cycle 277 | 2026-04-02 05:03:13
Balance: $200.29 | Regime: CHOP | Session: 1W/2L (33%) | PnL: $+1.09
[Ticker] KXSOL15M-26APR020115-15
[Market] YES=0.77 | NO=0.26 | Sum=1.03 | no arb
[Binance] ✅ Confirms UP | spot=$79 strike=$79 gap=+0 (0.22%)
[Signal] ✅ CONFIRMED UP | yes=0.77 | edge=0.27 | consecutive=2 | bet=$0.50
[TOD] Skipping trade — bad hour for this bot
[Cycle] No signal — YES=0.77 is between 0.30 and 0.70, sum=1.03 ≥ 0.97

==================================================
Cycle 278 | 2026-04-02 05:04:14
Balance: $200.29 | Regime: CHOP | Session: 1W/2L (33%) | PnL: $+1.09
[Ticker] KXSOL15M-26APR020115-15
[Market] YES=0.81 | NO=0.23 | Sum=1.04 | no arb
[Binance] ✅ Confirms UP | spot=$79 strike=$79 gap=+0 (0.22%)
[Signal] ✅ CONFIRMED UP | yes=0.81 | edge=0.31 | consecutive=2 | bet=$0.50
[TOD] Skipping trade — bad hour for this bot
[Cycle] No signal — YES=0.81 is between 0.30 and 0.70, sum=1.04 ≥ 0.97

==================================================
Cycle 279 | 2026-04-02 05:05:14
Balance: $200.29 | Regime: CHOP | Session: 1W/2L (33%) | PnL: $+1.09
[Ticker] KXSOL15M-26APR020115-15
[Market] YES=0.81 | NO=0.20 | Sum=1.01 | no arb
[Timing] Window is 5 min old - skipping
[Cycle] No signal — YES=0.81 is between 0.30 and 0.70, sum=1.01 ≥ 0.97

==================================================
Cycle 280 | 2026-04-02 05:06:15
Balance: $200.29 | Regime: CHOP | Session: 1W/2L (33%) | PnL: $+1.09
[Ticker] KXSOL15M-26APR020115-15
[Market] YES=0.86 | NO=0.17 | Sum=1.03 | no arb
[Timing] Window is 6 min old - skipping
[Cycle] No signal — YES=0.86 is between 0.30 and 0.70, sum=1.03 ≥ 0.97

==================================================
Cycle 281 | 2026-04-02 05:07:15
Balance: $200.29 | Regime: CHOP | Session: 1W/2L (33%) | PnL: $+1.09
[Ticker] KXSOL15M-26APR020115-15
[Market] YES=0.89 | NO=0.15 | Sum=1.04 | no arb
[Timing] Window is 7 min old - skipping
[Cycle] No signal — YES=0.89 is between 0.30 and 0.70, sum=1.04 ≥ 0.97

==================================================
Cycle 282 | 2026-04-02 05:08:16
Balance: $200.29 | Regime: CHOP | Session: 1W/2L (33%) | PnL: $+1.09
[Ticker] KXSOL15M-26APR020115-15
[Market] YES=0.89 | NO=0.12 | Sum=1.01 | no arb
[Timing] Window is 8 min old - skipping
[Cycle] No signal — YES=0.89 is between 0.30 and 0.70, sum=1.01 ≥ 0.97

==================================================
Cycle 283 | 2026-04-02 05:09:16
Balance: $200.29 | Regime: CHOP | Session: 1W/2L (33%) | PnL: $+1.09
[Ticker] KXSOL15M-26APR020115-15
[Market] YES=0.44 | NO=0.60 | Sum=1.04 | no arb
[Cycle] No signal — YES=0.44 is between 0.30 and 0.70, sum=1.04 ≥ 0.97

==================================================
Cycle 284 | 2026-04-02 05:10:16
Balance: $200.29 | Regime: CHOP | Session: 1W/2L (33%) | PnL: $+1.09
[Ticker] KXSOL15M-26APR020115-15
[Market] YES=0.51 | NO=0.51 | Sum=1.02 | no arb
[Cycle] No signal — YES=0.51 is between 0.30 and 0.70, sum=1.02 ≥ 0.97

==================================================
Cycle 285 | 2026-04-02 05:11:17
Balance: $200.29 | Regime: CHOP | Session: 1W/2L (33%) | PnL: $+1.09
[Ticker] KXSOL15M-26APR020115-15
[Market] YES=0.39 | NO=0.64 | Sum=1.03 | no arb
[Cycle] No signal — YES=0.39 is between 0.30 and 0.70, sum=1.03 ≥ 0.97

==================================================
Cycle 286 | 2026-04-02 05:12:17
Balance: $200.29 | Regime: CHOP | Session: 1W/2L (33%) | PnL: $+1.09
[Ticker] KXSOL15M-26APR020115-15
[Market] YES=0.12 | NO=0.91 | Sum=1.03 | no arb
[Timing] Window is 12 min old - skipping
[Cycle] No signal — YES=0.12 is between 0.30 and 0.70, sum=1.03 ≥ 0.97

==================================================
Cycle 287 | 2026-04-02 05:13:18
Balance: $200.29 | Regime: CHOP | Session: 1W/2L (33%) | PnL: $+1.09
[Ticker] KXSOL15M-26APR020115-15
[Market] YES=0.54 | NO=0.49 | Sum=1.03 | no arb
[Cycle] No signal — YES=0.54 is between 0.30 and 0.70, sum=1.03 ≥ 0.97

==================================================
Cycle 288 | 2026-04-02 05:14:18
Balance: $200.29 | Regime: CHOP | Session: 1W/2L (33%) | PnL: $+1.09
[Ticker] KXSOL15M-26APR020115-15
[Market] YES=0.53 | NO=0.57 | Sum=1.10 | no arb
[Cycle] No signal — YES=0.53 is between 0.30 and 0.70, sum=1.10 ≥ 0.97

==================================================
Cycle 289 | 2026-04-02 05:15:19
Balance: $200.29 | Regime: CHOP | Session: 1W/2L (33%) | PnL: $+1.09
[Ticker] KXSOL15M-26APR030000-00
[Market] YES=0.00 | NO=1.00 | Sum=1.00 | no arb
[Timing] Window is 0 min old - skipping
[Cycle] No signal — YES=0.00 is between 0.30 and 0.70, sum=1.00 ≥ 0.97

==================================================
Cycle 290 | 2026-04-02 05:16:19
Balance: $200.29 | Regime: CHOP | Session: 1W/2L (33%) | PnL: $+1.09
[Ticker] KXSOL15M-26APR020130-30
[Market] YES=0.69 | NO=0.35 | Sum=1.04 | no arb
[Cycle] No signal — YES=0.69 is between 0.30 and 0.70, sum=1.04 ≥ 0.97

==================================================
Cycle 291 | 2026-04-02 05:17:20
Balance: $200.29 | Regime: CHOP | Session: 1W/2L (33%) | PnL: $+1.09
[Ticker] KXSOL15M-26APR020130-30
[Market] YES=0.60 | NO=0.44 | Sum=1.04 | no arb
[Cycle] No signal — YES=0.60 is between 0.30 and 0.70, sum=1.04 ≥ 0.97

==================================================
Cycle 292 | 2026-04-02 05:18:20
Balance: $200.29 | Regime: CHOP | Session: 1W/2L (33%) | PnL: $+1.09
[Ticker] KXSOL15M-26APR020130-30
[Market] YES=0.63 | NO=0.42 | Sum=1.05 | no arb
[Cycle] No signal — YES=0.63 is between 0.30 and 0.70, sum=1.05 ≥ 0.97

==================================================
Cycle 293 | 2026-04-02 05:19:21
Balance: $200.29 | Regime: CHOP | Session: 1W/2L (33%) | PnL: $+1.09
[Ticker] KXSOL15M-26APR020130-30
[Market] YES=0.56 | NO=0.46 | Sum=1.02 | no arb
[Cycle] No signal — YES=0.56 is between 0.30 and 0.70, sum=1.02 ≥ 0.97

==================================================
Cycle 294 | 2026-04-02 05:20:21
Balance: $200.29 | Regime: CHOP | Session: 1W/2L (33%) | PnL: $+1.09
[Ticker] KXSOL15M-26APR020130-30
[Market] YES=0.28 | NO=0.74 | Sum=1.02 | no arb
[Timing] Window is 5 min old - skipping
[Cycle] No signal — YES=0.28 is between 0.30 and 0.70, sum=1.02 ≥ 0.97

==================================================
Cycle 295 | 2026-04-02 05:21:22
Balance: $200.29 | Regime: CHOP | Session: 1W/2L (33%) | PnL: $+1.09
[Ticker] KXSOL15M-26APR020130-30
[Market] YES=0.22 | NO=0.81 | Sum=1.03 | no arb
[Timing] Window is 6 min old - skipping
[Cycle] No signal — YES=0.22 is between 0.30 and 0.70, sum=1.03 ≥ 0.97

==================================================
Cycle 296 | 2026-04-02 05:22:22
Balance: $200.29 | Regime: CHOP | Session: 1W/2L (33%) | PnL: $+1.09
[Ticker] KXSOL15M-26APR020130-30
[Market] YES=0.39 | NO=0.62 | Sum=1.01 | no arb
[Cycle] No signal — YES=0.39 is between 0.30 and 0.70, sum=1.01 ≥ 0.97

==================================================
Cycle 297 | 2026-04-02 05:23:23
Balance: $200.29 | Regime: CHOP | Session: 1W/2L (33%) | PnL: $+1.09
[Ticker] KXSOL15M-26APR020130-30
[Market] YES=0.40 | NO=0.64 | Sum=1.04 | no arb
[Cycle] No signal — YES=0.40 is between 0.30 and 0.70, sum=1.04 ≥ 0.97

==================================================
Cycle 298 | 2026-04-02 05:24:23
Balance: $200.29 | Regime: CHOP | Session: 1W/2L (33%) | PnL: $+1.09
[Ticker] KXSOL15M-26APR020130-30
[Market] YES=0.39 | NO=0.65 | Sum=1.04 | no arb
[Cycle] No signal — YES=0.39 is between 0.30 and 0.70, sum=1.04 ≥ 0.97

==================================================
Cycle 299 | 2026-04-02 05:25:23
Balance: $200.29 | Regime: CHOP | Session: 1W/2L (33%) | PnL: $+1.09
[Ticker] KXSOL15M-26APR020130-30
[Market] YES=0.15 | NO=0.88 | Sum=1.03 | no arb
[Timing] Window is 10 min old - skipping
[Cycle] No signal — YES=0.15 is between 0.30 and 0.70, sum=1.03 ≥ 0.97

==================================================
Cycle 300 | 2026-04-02 05:26:24
Balance: $200.29 | Regime: CHOP | Session: 1W/2L (33%) | PnL: $+1.09
[Ticker] KXSOL15M-26APR020130-30
[Market] YES=0.09 | NO=0.94 | Sum=1.03 | no arb
[Timing] Window is 11 min old - skipping
[Cycle] No signal — YES=0.09 is between 0.30 and 0.70, sum=1.03 ≥ 0.97

==================================================
Cycle 301 | 2026-04-02 05:27:24
Balance: $200.29 | Regime: CHOP | Session: 1W/2L (33%) | PnL: $+1.09
[Ticker] KXSOL15M-26APR020130-30
[Market] YES=0.03 | NO=0.98 | Sum=1.01 | no arb
[Timing] Window is 12 min old - skipping
[Cycle] No signal — YES=0.03 is between 0.30 and 0.70, sum=1.01 ≥ 0.97

==================================================
Cycle 302 | 2026-04-02 05:28:25
Balance: $200.29 | Regime: CHOP | Session: 1W/2L (33%) | PnL: $+1.09
[Ticker] KXSOL15M-26APR020130-30
[Market] YES=0.01 | NO=1.00 | Sum=1.01 | no arb
[Timing] Window is 13 min old - skipping
[Cycle] No signal — YES=0.01 is between 0.30 and 0.70, sum=1.01 ≥ 0.97

==================================================
Cycle 303 | 2026-04-02 05:29:25
Balance: $200.29 | Regime: CHOP | Session: 1W/2L (33%) | PnL: $+1.09
[Ticker] KXSOL15M-26APR020130-30
[Market] YES=0.00 | NO=1.00 | Sum=1.00 | no arb
[Timing] Window is 14 min old - skipping
[Cycle] No signal — YES=0.00 is between 0.30 and 0.70, sum=1.00 ≥ 0.97

==================================================
Cycle 304 | 2026-04-02 05:30:25
Balance: $200.29 | Regime: CHOP | Session: 1W/2L (33%) | PnL: $+1.09
[Ticker] KXSOL15M-26APR020145-45
[Market] YES=0.67 | NO=0.46 | Sum=1.13 | no arb
[Cycle] No signal — YES=0.67 is between 0.30 and 0.70, sum=1.13 ≥ 0.97

==================================================
Cycle 305 | 2026-04-02 05:31:26
Balance: $200.29 | Regime: CHOP | Session: 1W/2L (33%) | PnL: $+1.09
[Ticker] KXSOL15M-26APR020145-45
[Market] YES=0.63 | NO=0.42 | Sum=1.05 | no arb
[Cycle] No signal — YES=0.63 is between 0.30 and 0.70, sum=1.05 ≥ 0.97

==================================================
Cycle 306 | 2026-04-02 05:32:26
Balance: $200.29 | Regime: CHOP | Session: 1W/2L (33%) | PnL: $+1.09
[Ticker] KXSOL15M-26APR020145-45
[Market] YES=0.66 | NO=0.37 | Sum=1.03 | no arb
[Cycle] No signal — YES=0.66 is between 0.30 and 0.70, sum=1.03 ≥ 0.97

==================================================
Cycle 307 | 2026-04-02 05:33:27
Balance: $200.29 | Regime: CHOP | Session: 1W/2L (33%) | PnL: $+1.09
[Ticker] KXSOL15M-26APR020145-45
[Market] YES=0.67 | NO=0.37 | Sum=1.04 | no arb
[Cycle] No signal — YES=0.67 is between 0.30 and 0.70, sum=1.04 ≥ 0.97

==================================================
Cycle 308 | 2026-04-02 05:34:27
Balance: $200.29 | Regime: CHOP | Session: 1W/2L (33%) | PnL: $+1.09
[Ticker] KXSOL15M-26APR020145-45
[Market] YES=0.68 | NO=0.35 | Sum=1.03 | no arb
[Cycle] No signal — YES=0.68 is between 0.30 and 0.70, sum=1.03 ≥ 0.97

==================================================
Cycle 309 | 2026-04-02 05:35:28
Balance: $200.29 | Regime: CHOP | Session: 1W/2L (33%) | PnL: $+1.09
[Ticker] KXSOL15M-26APR020145-45
[Market] YES=0.66 | NO=0.37 | Sum=1.03 | no arb
[Cycle] No signal — YES=0.66 is between 0.30 and 0.70, sum=1.03 ≥ 0.97

==================================================
Cycle 310 | 2026-04-02 05:36:28
Balance: $200.29 | Regime: CHOP | Session: 1W/2L (33%) | PnL: $+1.09
[Ticker] KXSOL15M-26APR020145-45
[Market] YES=0.82 | NO=0.22 | Sum=1.04 | no arb
[Timing] Window is 6 min old - skipping
[Cycle] No signal — YES=0.82 is between 0.30 and 0.70, sum=1.04 ≥ 0.97

==================================================
Cycle 311 | 2026-04-02 05:37:29
Balance: $200.29 | Regime: CHOP | Session: 1W/2L (33%) | PnL: $+1.09
[Ticker] KXSOL15M-26APR020145-45
[Market] YES=0.77 | NO=0.27 | Sum=1.04 | no arb
[Timing] Window is 7 min old - skipping
[Cycle] No signal — YES=0.77 is between 0.30 and 0.70, sum=1.04 ≥ 0.97

==================================================
Cycle 312 | 2026-04-02 05:38:29
Balance: $200.29 | Regime: CHOP | Session: 1W/2L (33%) | PnL: $+1.09
[Ticker] KXSOL15M-26APR020145-45
[Market] YES=0.81 | NO=0.22 | Sum=1.03 | no arb
[Timing] Window is 8 min old - skipping
[Cycle] No signal — YES=0.81 is between 0.30 and 0.70, sum=1.03 ≥ 0.97

==================================================
Cycle 313 | 2026-04-02 05:39:30
Balance: $200.29 | Regime: CHOP | Session: 1W/2L (33%) | PnL: $+1.09
[Ticker] KXSOL15M-26APR020145-45
[Market] YES=0.93 | NO=0.08 | Sum=1.01 | no arb
[Timing] Window is 9 min old - skipping
[Cycle] No signal — YES=0.93 is between 0.30 and 0.70, sum=1.01 ≥ 0.97

==================================================
Cycle 314 | 2026-04-02 05:40:30
Balance: $200.29 | Regime: CHOP | Session: 1W/2L (33%) | PnL: $+1.09
[Ticker] KXSOL15M-26APR020145-45
[Market] YES=0.96 | NO=0.06 | Sum=1.02 | no arb
[Timing] Window is 10 min old - skipping
[Cycle] No signal — YES=0.96 is between 0.30 and 0.70, sum=1.02 ≥ 0.97

==================================================
Cycle 315 | 2026-04-02 05:41:30
Balance: $200.29 | Regime: CHOP | Session: 1W/2L (33%) | PnL: $+1.09
[Ticker] KXSOL15M-26APR020145-45
[Market] YES=1.00 | NO=0.01 | Sum=1.01 | no arb
[Timing] Window is 11 min old - skipping
[Cycle] No signal — YES=1.00 is between 0.30 and 0.70, sum=1.01 ≥ 0.97

==================================================
Cycle 316 | 2026-04-02 05:42:31
Balance: $200.29 | Regime: CHOP | Session: 1W/2L (33%) | PnL: $+1.09
[Ticker] KXSOL15M-26APR020145-45
[Market] YES=1.00 | NO=0.01 | Sum=1.01 | no arb
[Timing] Window is 12 min old - skipping
[Cycle] No signal — YES=1.00 is between 0.30 and 0.70, sum=1.01 ≥ 0.97

==================================================
Cycle 317 | 2026-04-02 05:43:31
Balance: $200.29 | Regime: CHOP | Session: 1W/2L (33%) | PnL: $+1.09
[Ticker] KXSOL15M-26APR020145-45
[Market] YES=1.00 | NO=0.00 | Sum=1.00 | no arb
[Timing] Window is 13 min old - skipping
[Cycle] No signal — YES=1.00 is between 0.30 and 0.70, sum=1.00 ≥ 0.97

==================================================
Cycle 318 | 2026-04-02 05:44:32
Balance: $200.29 | Regime: CHOP | Session: 1W/2L (33%) | PnL: $+1.09
[Ticker] KXSOL15M-26APR020145-45
[Market] YES=1.00 | NO=0.00 | Sum=1.00 | no arb
[Timing] Window is 14 min old - skipping
[Cycle] No signal — YES=1.00 is between 0.30 and 0.70, sum=1.00 ≥ 0.97

==================================================
Cycle 319 | 2026-04-02 05:45:32
Balance: $200.29 | Regime: CHOP | Session: 1W/2L (33%) | PnL: $+1.09
[Ticker] KXSOL15M-26APR020200-00
[Market] YES=0.67 | NO=0.67 | Sum=1.34 | no arb
[Cycle] No signal — YES=0.67 is between 0.30 and 0.70, sum=1.34 ≥ 0.97

==================================================
OpenClaw SOL Bot v1.0 — LIVE
Balance: $213.85 | MaxBet: $0.00 | ArbThreshold: 0.97 | Directional: <0.30 or >0.70
==================================================

[Startup] Live balance synced: $200.29
[Startup] Restored position: KXMVESPORTSMULTIGAMEEXTENDED-S202602FD8B92690-C9187BD65BE $2.88 direction=DOWN
[Startup] Loaded 1 existing position(s)
[Startup] Resting orders cleared

==================================================
Cycle 1 | 2026-04-02 05:46:27
Balance: $200.29 | Regime: CHOP | Session: 0W/0L (0%) | PnL: $+0.00
[Ticker] KXSOL15M-26APR020200-00
[Market] YES=0.61 | NO=0.44 | Sum=1.05 | no arb
[Cycle] No signal — YES=0.61 is between 0.30 and 0.70, sum=1.05 ≥ 0.97
[Positions] 1 still open

==================================================
Cycle 2 | 2026-04-02 05:47:27
Balance: $200.29 | Regime: CHOP | Session: 0W/0L (0%) | PnL: $+0.00
[Ticker] KXSOL15M-26APR020200-00
[Market] YES=0.58 | NO=0.47 | Sum=1.05 | no arb
[Cycle] No signal — YES=0.58 is between 0.30 and 0.70, sum=1.05 ≥ 0.97
[Positions] 1 still open

==================================================
Cycle 3 | 2026-04-02 05:48:28
Balance: $200.29 | Regime: CHOP | Session: 0W/0L (0%) | PnL: $+0.00
[Ticker] KXSOL15M-26APR020200-00
[Market] YES=0.58 | NO=0.43 | Sum=1.01 | no arb
[Cycle] No signal — YES=0.58 is between 0.30 and 0.70, sum=1.01 ≥ 0.97
[Positions] 1 still open

==================================================
Cycle 4 | 2026-04-02 05:49:29
Balance: $200.29 | Regime: CHOP | Session: 0W/0L (0%) | PnL: $+0.00
[Ticker] KXSOL15M-26APR020200-00
[Market] YES=0.56 | NO=0.49 | Sum=1.05 | no arb
[Cycle] No signal — YES=0.56 is between 0.30 and 0.70, sum=1.05 ≥ 0.97
[Positions] 1 still open

==================================================
Cycle 5 | 2026-04-02 05:50:29
Balance: $200.29 | Regime: CHOP | Session: 0W/0L (0%) | PnL: $+0.00
[Ticker] KXSOL15M-26APR020200-00
[Market] YES=0.49 | NO=0.55 | Sum=1.04 | no arb
[Cycle] No signal — YES=0.49 is between 0.30 and 0.70, sum=1.04 ≥ 0.97
[Positions] 1 still open

==================================================
OpenClaw SOL Bot v1.0 — LIVE
Balance: $213.85 | MaxBet: $0.00 | ArbThreshold: 0.97 | Directional: <0.30 or >0.70
==================================================

[Startup] Live balance synced: $200.29
[Startup] Resting orders cleared

==================================================
Cycle 1 | 2026-04-02 05:51:07
Balance: $200.29 | Regime: CHOP | Session: 0W/0L (0%) | PnL: $+0.00
[Ticker] KXSOL15M-26APR020200-00
[Market] YES=0.56 | NO=0.49 | Sum=1.05 | no arb
[Cycle] No signal — YES=0.56 is between 0.30 and 0.70, sum=1.05 ≥ 0.97

==================================================
OpenClaw SOL Bot v1.0 — LIVE
Balance: $213.85 | MaxBet: $0.00 | ArbThreshold: 0.97 | Directional: <0.30 or >0.70
==================================================

[Startup] Live balance synced: $200.29
[Startup] Resting orders cleared

==================================================
Cycle 1 | 2026-04-02 05:51:43
Balance: $200.29 | Regime: CHOP | Session: 0W/0L (0%) | PnL: $+0.00
[Ticker] KXSOL15M-26APR020200-00
[Market] YES=0.57 | NO=0.48 | Sum=1.05 | no arb
[Cycle] No signal — YES=0.57 is between 0.30 and 0.70, sum=1.05 ≥ 0.97

==================================================
Cycle 2 | 2026-04-02 05:52:43
Balance: $200.29 | Regime: CHOP | Session: 0W/0L (0%) | PnL: $+0.00
[Ticker] KXSOL15M-26APR020200-00
[Market] YES=0.73 | NO=0.28 | Sum=1.01 | no arb
[Timing] Window is 7 min old - skipping
[Cycle] No signal — YES=0.73 is between 0.30 and 0.70, sum=1.01 ≥ 0.97

==================================================
Cycle 3 | 2026-04-02 05:53:44
Balance: $200.29 | Regime: CHOP | Session: 0W/0L (0%) | PnL: $+0.00
[Ticker] KXSOL15M-26APR020200-00
[Market] YES=0.57 | NO=0.45 | Sum=1.02 | no arb
[Cycle] No signal — YES=0.57 is between 0.30 and 0.70, sum=1.02 ≥ 0.97

==================================================
Cycle 4 | 2026-04-02 05:54:44
Balance: $200.29 | Regime: CHOP | Session: 0W/0L (0%) | PnL: $+0.00
[Ticker] KXSOL15M-26APR020200-00
[Market] YES=0.54 | NO=0.47 | Sum=1.01 | no arb
[Cycle] No signal — YES=0.54 is between 0.30 and 0.70, sum=1.01 ≥ 0.97

==================================================
OpenClaw SOL Bot v1.0 — LIVE
Balance: $213.85 | MaxBet: $0.00 | ArbThreshold: 0.97 | Directional: <0.30 or >0.70
==================================================

[Startup] Live balance synced: $200.29
[Startup] Resting orders cleared

==================================================
Cycle 1 | 2026-04-02 05:58:21
Balance: $200.29 | Regime: CHOP | Session: 0W/0L (0%) | PnL: $+0.00
[Ticker] KXSOL15M-26APR020200-00
[Market] YES=0.99 | NO=0.02 | Sum=1.01 | no arb
[Timing] Window is 13 min old - skipping
[Cycle] No signal — YES=0.99 is between 0.30 and 0.70, sum=1.01 ≥ 0.97

==================================================
Cycle 2 | 2026-04-02 05:59:21
Balance: $200.29 | Regime: CHOP | Session: 0W/0L (0%) | PnL: $+0.00
[Ticker] KXSOL15M-26APR020200-00
[Market] YES=1.00 | NO=0.00 | Sum=1.00 | no arb
[Timing] Window is 14 min old - skipping
[Cycle] No signal — YES=1.00 is between 0.30 and 0.70, sum=1.00 ≥ 0.97

==================================================
Cycle 3 | 2026-04-02 06:00:21
Balance: $200.29 | Regime: CHOP | Session: 0W/0L (0%) | PnL: $+0.00
[Ticker] KXSOL15M-26APR030000-00
[Market] YES=0.00 | NO=1.00 | Sum=1.00 | no arb
[Timing] Window is 0 min old - skipping
[Cycle] No signal — YES=0.00 is between 0.30 and 0.70, sum=1.00 ≥ 0.97

==================================================
Cycle 4 | 2026-04-02 06:01:22
Balance: $200.29 | Regime: CHOP | Session: 0W/0L (0%) | PnL: $+0.00
[Ticker] KXSOL15M-26APR030000-00
[Market] YES=0.00 | NO=1.00 | Sum=1.00 | no arb
[Signal] EXTREME DOWN | yes=0.00 | edge=0.50 | firing immediately
[Correlation] 2/3 agree DOWN
[Signal] ✅ CONFIRMED DOWN | yes=0.00 | edge=0.50 | consecutive=2 | bet=$7.00
[Order] → KXSOL15M-26APR030000-00 | no | count=14 | $7.00 | directional
[Order] Failed: (409)
Reason: Conflict
HTTP response headers: HTTPHeaderDict({'Content-Type': 'application/json; charset=utf-8', 'Content-Length': '81', 'Connection': 'keep-alive', 'Date': 'Thu, 02 Apr 2026 06:01:24 GMT', 'x-content-type-options': 'nosniff', 'content-security-policy': "default-src 'none';", 'strict-transport-security': 'max-age=31536000; includeSubDomains', 'X-Cache': 'Error from cloudfront', 'Via': '1.1 a5bf84280caeb8a606c41eaba71ee8be.cloudfront.net (CloudFront)', 'X-Amz-Cf-Pop': 'JFK50-P1', 'X-Amz-Cf-Id': 'OIEUZ1n49UHMhi7ytNbDCJA_-bXhgt8_fGjQDrXeU65KXwpEJKzK8g=='})
HTTP response body: {"error":{"code":"market_closed","message":"market closed","service":"exchange"}}

[Cycle] No signal — YES=0.00 is between 0.30 and 0.70, sum=1.00 ≥ 0.97

==================================================
Cycle 5 | 2026-04-02 06:02:25
Balance: $200.29 | Regime: CHOP | Session: 0W/0L (0%) | PnL: $+0.00
[Ticker] KXSOL15M-26APR030000-00
[Market] YES=0.00 | NO=1.00 | Sum=1.00 | no arb
[Cooldown] 2 cycle(s) remaining
[Cycle] No signal — YES=0.00 is between 0.30 and 0.70, sum=1.00 ≥ 0.97

==================================================
Cycle 6 | 2026-04-02 06:03:26
Balance: $200.29 | Regime: CHOP | Session: 0W/0L (0%) | PnL: $+0.00
[Ticker] KXSOL15M-26APR030000-00
[Market] YES=0.00 | NO=1.00 | Sum=1.00 | no arb
[Cooldown] 1 cycle(s) remaining
[Cycle] No signal — YES=0.00 is between 0.30 and 0.70, sum=1.00 ≥ 0.97

==================================================
Cycle 7 | 2026-04-02 06:04:27
Balance: $200.29 | Regime: CHOP | Session: 0W/0L (0%) | PnL: $+0.00
[Ticker] KXSOL15M-26APR030000-00
[Market] YES=0.00 | NO=1.00 | Sum=1.00 | no arb
[Signal] DOWN candidate | yes=0.00 | waiting for confirmation (1/2)
[Cycle] No signal — YES=0.00 is between 0.30 and 0.70, sum=1.00 ≥ 0.97

==================================================
Cycle 8 | 2026-04-02 06:05:27
Balance: $200.29 | Regime: CHOP | Session: 0W/0L (0%) | PnL: $+0.00
[Ticker] KXSOL15M-26APR030000-00
[Market] YES=0.00 | NO=1.00 | Sum=1.00 | no arb
[Timing] Window is 5 min old - skipping
[Cycle] No signal — YES=0.00 is between 0.30 and 0.70, sum=1.00 ≥ 0.97

==================================================
Cycle 9 | 2026-04-02 06:06:28
Balance: $200.29 | Regime: CHOP | Session: 0W/0L (0%) | PnL: $+0.00
[Ticker] KXSOL15M-26APR030000-00
[Market] YES=0.00 | NO=1.00 | Sum=1.00 | no arb
[Timing] Window is 6 min old - skipping
[Cycle] No signal — YES=0.00 is between 0.30 and 0.70, sum=1.00 ≥ 0.97

==================================================
Cycle 10 | 2026-04-02 06:07:28
Balance: $200.29 | Regime: CHOP | Session: 0W/0L (0%) | PnL: $+0.00
[Ticker] KXSOL15M-26APR030000-00
[Market] YES=0.00 | NO=1.00 | Sum=1.00 | no arb
[Timing] Window is 7 min old - skipping
[Cycle] No signal — YES=0.00 is between 0.30 and 0.70, sum=1.00 ≥ 0.97

==================================================
Cycle 11 | 2026-04-02 06:08:29
Balance: $200.29 | Regime: CHOP | Session: 0W/0L (0%) | PnL: $+0.00
[Ticker] KXSOL15M-26APR030000-00
[Market] YES=0.00 | NO=1.00 | Sum=1.00 | no arb
[Timing] Window is 8 min old - skipping
[Cycle] No signal — YES=0.00 is between 0.30 and 0.70, sum=1.00 ≥ 0.97

==================================================
Cycle 12 | 2026-04-02 06:09:30
Balance: $200.29 | Regime: CHOP | Session: 0W/0L (0%) | PnL: $+0.00
[Ticker] KXSOL15M-26APR030000-00
[Market] YES=0.00 | NO=1.00 | Sum=1.00 | no arb
[Timing] Window is 9 min old - skipping
[Cycle] No signal — YES=0.00 is between 0.30 and 0.70, sum=1.00 ≥ 0.97

==================================================
Cycle 13 | 2026-04-02 06:10:30
Balance: $200.29 | Regime: CHOP | Session: 0W/0L (0%) | PnL: $+0.00
[Ticker] KXSOL15M-26APR030000-00
[Market] YES=0.00 | NO=1.00 | Sum=1.00 | no arb
[Timing] Window is 10 min old - skipping
[Cycle] No signal — YES=0.00 is between 0.30 and 0.70, sum=1.00 ≥ 0.97

==================================================
Cycle 14 | 2026-04-02 06:11:31
Balance: $200.29 | Regime: CHOP | Session: 0W/0L (0%) | PnL: $+0.00
[Ticker] KXSOL15M-26APR030000-00
[Market] YES=0.00 | NO=1.00 | Sum=1.00 | no arb
[Timing] Window is 11 min old - skipping
[Cycle] No signal — YES=0.00 is between 0.30 and 0.70, sum=1.00 ≥ 0.97
Traceback (most recent call last):
  File "/root/sol_bot.py", line 18, in <module>
    kalshi.set_kalshi_auth(KALSHI_API_KEY,_tf.name)
  File "/root/kalshi_env/lib/python3.12/site-packages/kalshi_python/api_client.py", line 189, in set_kalshi_auth
    self.kalshi_auth = KalshiAuth(key_id, private_key_path)
                       ^^^^^^^^^^^^^^^^^^^^^^^^^^^^^^^^^^^^
  File "/root/kalshi_env/lib/python3.12/site-packages/kalshi_python/api_client.py", line 63, in __init__
    self.private_key = serialization.load_pem_private_key(f.read(), password=None)
                       ^^^^^^^^^^^^^^^^^^^^^^^^^^^^^^^^^^^^^^^^^^^^^^^^^^^^^^^^^^^
ValueError: Unable to load PEM file. See https://cryptography.io/en/latest/faq/#why-can-t-i-import-my-pem-file for more details. MalformedFraming
Traceback (most recent call last):
  File "/root/sol_bot.py", line 18, in <module>
    kalshi.set_kalshi_auth(KALSHI_API_KEY,_tf.name)
  File "/root/kalshi_env/lib/python3.12/site-packages/kalshi_python/api_client.py", line 189, in set_kalshi_auth
    self.kalshi_auth = KalshiAuth(key_id, private_key_path)
                       ^^^^^^^^^^^^^^^^^^^^^^^^^^^^^^^^^^^^
  File "/root/kalshi_env/lib/python3.12/site-packages/kalshi_python/api_client.py", line 63, in __init__
    self.private_key = serialization.load_pem_private_key(f.read(), password=None)
                       ^^^^^^^^^^^^^^^^^^^^^^^^^^^^^^^^^^^^^^^^^^^^^^^^^^^^^^^^^^^
ValueError: Unable to load PEM file. See https://cryptography.io/en/latest/faq/#why-can-t-i-import-my-pem-file for more details. MalformedFraming

==================================================
OpenClaw SOL Bot v4.0 — LIVE
[Startup] Live balance synced: $200.39
Balance: $200.39 | MaxBet: $7.51 | Threshold: <0.30 or >0.70
==================================================

[Startup] Resting orders cleared
[Ticker] KXSOL15M-26APR021430-30
[Market] YES=0.50 | NO=0.52 | Sum=1.02
==================================================
Balance: $200.39 | Regime: CHOP | Session: 0W/0L (0%) | PnL: $+0.00
[Cycle] No signal — YES=0.50 is between 0.30 and 0.70, sum=1.02 >= 0.97
[Ticker] KXSOL15M-26APR021430-30
[Market] YES=0.61 | NO=0.41 | Sum=1.02
==================================================
Balance: $200.39 | Regime: CHOP | Session: 0W/0L (0%) | PnL: $+0.00
[Cycle] No signal — YES=0.61 is between 0.30 and 0.70, sum=1.02 >= 0.97
[Ticker] KXSOL15M-26APR021430-30
[Market] YES=0.55 | NO=0.50 | Sum=1.05
==================================================
Balance: $200.39 | Regime: CHOP | Session: 0W/0L (0%) | PnL: $+0.00
[Cycle] No signal — YES=0.55 is between 0.30 and 0.70, sum=1.05 >= 0.97
[Ticker] KXSOL15M-26APR021430-30
[Market] YES=0.69 | NO=0.32 | Sum=1.01
==================================================
Balance: $200.39 | Regime: CHOP | Session: 0W/0L (0%) | PnL: $+0.00
[Cycle] No signal — YES=0.69 is between 0.30 and 0.70, sum=1.01 >= 0.97
[Ticker] KXSOL15M-26APR021430-30
[Market] YES=0.67 | NO=0.38 | Sum=1.05
==================================================
Balance: $200.32 | Regime: CHOP | Session: 0W/0L (0%) | PnL: $+0.00
[Cycle] No signal — YES=0.67 is between 0.30 and 0.70, sum=1.05 >= 0.97
[Ticker] KXSOL15M-26APR021430-30
[Market] YES=0.82 | NO=0.21 | Sum=1.03
==================================================
Balance: $200.87 | Regime: CHOP | Session: 0W/0L (0%) | PnL: $+0.00
[Timing] Window 6 min old — skipping
[Cycle] No signal — YES=0.82 is between 0.30 and 0.70, sum=1.03 >= 0.97
[Ticker] KXSOL15M-26APR021430-30
[Market] YES=0.85 | NO=0.18 | Sum=1.03
==================================================
Balance: $200.87 | Regime: CHOP | Session: 0W/0L (0%) | PnL: $+0.00
[Timing] Window 7 min old — skipping
[Cycle] No signal — YES=0.85 is between 0.30 and 0.70, sum=1.03 >= 0.97
[Ticker] KXSOL15M-26APR021430-30
[Market] YES=0.70 | NO=0.35 | Sum=1.05
==================================================
Balance: $200.92 | Regime: CHOP | Session: 0W/0L (0%) | PnL: $+0.00
[Cycle] No signal — YES=0.70 is between 0.30 and 0.70, sum=1.05 >= 0.97
[Ticker] KXSOL15M-26APR021430-30
[Market] YES=0.80 | NO=0.23 | Sum=1.03
==================================================
Balance: $201.06 | Regime: CHOP | Session: 0W/0L (0%) | PnL: $+0.00
[Timing] Window 9 min old — skipping
[Cycle] No signal — YES=0.80 is between 0.30 and 0.70, sum=1.03 >= 0.97
[Ticker] KXSOL15M-26APR021430-30
[Market] YES=0.53 | NO=0.48 | Sum=1.01
==================================================
Balance: $200.62 | Regime: CHOP | Session: 0W/0L (0%) | PnL: $+0.00
[Cycle] No signal — YES=0.53 is between 0.30 and 0.70, sum=1.01 >= 0.97
[Ticker] KXSOL15M-26APR021430-30
[Market] YES=0.25 | NO=0.78 | Sum=1.03
==================================================
Balance: $199.47 | Regime: CHOP | Session: 0W/0L (0%) | PnL: $+0.00
[Timing] Window 11 min old — skipping
[Cycle] No signal — YES=0.25 is between 0.30 and 0.70, sum=1.03 >= 0.97
[Ticker] KXSOL15M-26APR021430-30
[Market] YES=0.10 | NO=0.92 | Sum=1.02
==================================================
Balance: $198.02 | Regime: CHOP | Session: 0W/0L (0%) | PnL: $+0.00
[Timing] Window 12 min old — skipping
[Cycle] No signal — YES=0.10 is between 0.30 and 0.70, sum=1.02 >= 0.97
[Ticker] KXSOL15M-26APR021430-30
[Market] YES=0.28 | NO=0.76 | Sum=1.04
==================================================
Balance: $199.42 | Regime: CHOP | Session: 0W/0L (0%) | PnL: $+0.00
[Timing] Window 13 min old — skipping
[Cycle] No signal — YES=0.28 is between 0.30 and 0.70, sum=1.04 >= 0.97
[Ticker] KXSOL15M-26APR021430-30
[Market] YES=0.01 | NO=1.00 | Sum=1.00
==================================================
Balance: $196.43 | Regime: CHOP | Session: 0W/0L (0%) | PnL: $+0.00
[Timing] Window 14 min old — skipping
[Cycle] No signal — YES=0.01 is between 0.30 and 0.70, sum=1.00 >= 0.97
[Ticker] KXSOL15M-26APR021430-30
[Market] YES=1.00 | NO=1.00 | Sum=2.00
==================================================
Balance: $196.42 | Regime: CHOP | Session: 0W/0L (0%) | PnL: $+0.00
[Timing] Window 0 min old — skipping
[Cycle] No signal — YES=1.00 is between 0.30 and 0.70, sum=2.00 >= 0.97
[Ticker] KXSOL15M-26APR021445-45
[Market] YES=0.58 | NO=0.43 | Sum=1.01
==================================================
Balance: $196.42 | Regime: CHOP | Session: 0W/0L (0%) | PnL: $+0.00
[Cycle] No signal — YES=0.58 is between 0.30 and 0.70, sum=1.01 >= 0.97
[Ticker] KXSOL15M-26APR021445-45
[Market] YES=0.64 | NO=0.40 | Sum=1.04
==================================================
Balance: $196.42 | Regime: CHOP | Session: 0W/0L (0%) | PnL: $+0.00
[Cycle] No signal — YES=0.64 is between 0.30 and 0.70, sum=1.04 >= 0.97
[Ticker] KXSOL15M-26APR021445-45
[Market] YES=0.54 | NO=0.47 | Sum=1.01
==================================================
Balance: $196.42 | Regime: CHOP | Session: 0W/0L (0%) | PnL: $+0.00
[Cycle] No signal — YES=0.54 is between 0.30 and 0.70, sum=1.01 >= 0.97
[Ticker] KXSOL15M-26APR021445-45
[Market] YES=0.53 | NO=0.51 | Sum=1.04
==================================================
Balance: $196.24 | Regime: CHOP | Session: 0W/0L (0%) | PnL: $+0.00
[Cycle] No signal — YES=0.53 is between 0.30 and 0.70, sum=1.04 >= 0.97
[Ticker] KXSOL15M-26APR021445-45
[Market] YES=0.48 | NO=0.56 | Sum=1.04
==================================================
Balance: $196.12 | Regime: CHOP | Session: 0W/0L (0%) | PnL: $+0.00
[Cycle] No signal — YES=0.48 is between 0.30 and 0.70, sum=1.04 >= 0.97
[Ticker] KXSOL15M-26APR021445-45
[Market] YES=0.55 | NO=0.49 | Sum=1.04
==================================================
Balance: $196.12 | Regime: CHOP | Session: 0W/0L (0%) | PnL: $+0.00
[Cycle] No signal — YES=0.55 is between 0.30 and 0.70, sum=1.04 >= 0.97
[Ticker] KXSOL15M-26APR021445-45
[Market] YES=0.58 | NO=0.47 | Sum=1.05
==================================================
Balance: $196.44 | Regime: CHOP | Session: 0W/0L (0%) | PnL: $+0.00
[Cycle] No signal — YES=0.58 is between 0.30 and 0.70, sum=1.05 >= 0.97
[Ticker] KXSOL15M-26APR021445-45
[Market] YES=0.73 | NO=0.29 | Sum=1.02
==================================================
Balance: $196.76 | Regime: CHOP | Session: 0W/0L (0%) | PnL: $+0.00
[Timing] Window 8 min old — skipping
[Cycle] No signal — YES=0.73 is between 0.30 and 0.70, sum=1.02 >= 0.97
[Ticker] KXSOL15M-26APR021445-45
[Market] YES=0.73 | NO=0.31 | Sum=1.04
==================================================
Balance: $196.60 | Regime: CHOP | Session: 0W/0L (0%) | PnL: $+0.00
[Timing] Window 9 min old — skipping
[Cycle] No signal — YES=0.73 is between 0.30 and 0.70, sum=1.04 >= 0.97
[Ticker] KXSOL15M-26APR021445-45
[Market] YES=0.41 | NO=0.61 | Sum=1.02
==================================================
Balance: $196.56 | Regime: CHOP | Session: 0W/0L (0%) | PnL: $+0.00
[Cycle] No signal — YES=0.41 is between 0.30 and 0.70, sum=1.02 >= 0.97
[Ticker] KXSOL15M-26APR021445-45
[Market] YES=0.87 | NO=0.14 | Sum=1.01
==================================================
Balance: $197.40 | Regime: CHOP | Session: 0W/0L (0%) | PnL: $+0.00
[Timing] Window 11 min old — skipping
[Cycle] No signal — YES=0.87 is between 0.30 and 0.70, sum=1.01 >= 0.97
[Ticker] KXSOL15M-26APR021445-45
[Market] YES=0.92 | NO=0.11 | Sum=1.03
==================================================
Balance: $197.44 | Regime: CHOP | Session: 0W/0L (0%) | PnL: $+0.00
[Timing] Window 12 min old — skipping
[Cycle] No signal — YES=0.92 is between 0.30 and 0.70, sum=1.03 >= 0.97
[Ticker] KXSOL15M-26APR021445-45
[Market] YES=0.81 | NO=0.21 | Sum=1.02
==================================================
Balance: $197.42 | Regime: CHOP | Session: 0W/0L (0%) | PnL: $+0.00
[Timing] Window 13 min old — skipping
[Cycle] No signal — YES=0.81 is between 0.30 and 0.70, sum=1.02 >= 0.97
[Ticker] KXSOL15M-26APR021445-45
[Market] YES=0.98 | NO=0.12 | Sum=1.10
==================================================
Balance: $197.44 | Regime: CHOP | Session: 0W/0L (0%) | PnL: $+0.00
[Timing] Window 14 min old — skipping
[Cycle] No signal — YES=0.98 is between 0.30 and 0.70, sum=1.10 >= 0.97
[Ticker] KXSOL15M-26APR021500-00
[Market] YES=0.67 | NO=0.64 | Sum=1.31
==================================================
Balance: $197.47 | Regime: CHOP | Session: 0W/0L (0%) | PnL: $+0.00
[Cycle] No signal — YES=0.67 is between 0.30 and 0.70, sum=1.31 >= 0.97
[Ticker] KXSOL15M-26APR021500-00
[Market] YES=0.67 | NO=0.36 | Sum=1.03
==================================================
Balance: $197.48 | Regime: CHOP | Session: 0W/0L (0%) | PnL: $+0.00
[Cycle] No signal — YES=0.67 is between 0.30 and 0.70, sum=1.03 >= 0.97
[Ticker] KXSOL15M-26APR021500-00
[Market] YES=0.81 | NO=0.23 | Sum=1.04
==================================================
Balance: $197.48 | Regime: CHOP | Session: 0W/0L (0%) | PnL: $+0.00
[Signal] UP candidate | yes=0.81 | waiting (1/2)
[Cycle] No signal — YES=0.81 is between 0.30 and 0.70, sum=1.04 >= 0.97

==================================================
OpenClaw SOL Bot v4.0 — LIVE
[Startup] Live balance synced: $197.48
Balance: $197.48 | MaxBet: $7.41 | Threshold: <0.30 or >0.70
==================================================

[Startup] Resting orders cleared
[Ticker] KXSOL15M-26APR021500-00
[Market] YES=0.85 | NO=0.16 | Sum=1.01
==================================================
Balance: $197.48 | Regime: CHOP | Session: 0W/0L (0%) | PnL: $+0.00
[Signal] UP candidate | yes=0.85 | waiting (1/2)
[Cycle] No signal — YES=0.85 is between 0.30 and 0.70, sum=1.01 >= 0.97
[Ticker] KXSOL15M-26APR021500-00
[Market] YES=0.86 | NO=0.17 | Sum=1.03
==================================================
Balance: $197.74 | Regime: CHOP | Session: 0W/0L (0%) | PnL: $+0.00
[Coinbase] Confirms UP | $79 gap=+0 (0.28%)
[Kraken] Divergence 84603.45% — bet trimmed
[Correlation] 2/3 agree UP
[Signal] CONFIRMED UP | yes=0.86 | edge=0.36 | bet=$2.34
[Order] KXSOL15M-26APR021500-00 | yes | count=4 | $2.34
✅ BTC DIRECTIONAL: UP $2.34 on KXSOL15M-26APR021500-00
[Positions] 1 still open
[Ticker] KXSOL15M-26APR021500-00
[Market] YES=0.88 | NO=0.15 | Sum=1.03
==================================================
Balance: $197.45 | Regime: CHOP | Session: 0W/0L (0%) | PnL: $+0.00
[Timing] Window 5 min old — skipping
[Cycle] No signal — YES=0.88 is between 0.30 and 0.70, sum=1.03 >= 0.97
[Positions] 1 still open
[Ticker] KXSOL15M-26APR021500-00
[Market] YES=0.93 | NO=0.10 | Sum=1.03
==================================================
Balance: $198.40 | Regime: CHOP | Session: 0W/0L (0%) | PnL: $+0.00
[Timing] Window 6 min old — skipping
[Cycle] No signal — YES=0.93 is between 0.30 and 0.70, sum=1.03 >= 0.97
[Positions] 1 still open
[Ticker] KXSOL15M-26APR021500-00
[Market] YES=0.96 | NO=0.05 | Sum=1.01
==================================================
Balance: $199.20 | Regime: CHOP | Session: 0W/0L (0%) | PnL: $+0.00
[Timing] Window 7 min old — skipping
[Cycle] No signal — YES=0.96 is between 0.30 and 0.70, sum=1.01 >= 0.97
[Positions] 1 still open
[Ticker] KXSOL15M-26APR021500-00
[Market] YES=0.99 | NO=0.02 | Sum=1.01
==================================================
Balance: $199.43 | Regime: CHOP | Session: 0W/0L (0%) | PnL: $+0.00
[Timing] Window 8 min old — skipping
[Cycle] No signal — YES=0.99 is between 0.30 and 0.70, sum=1.01 >= 0.97
[Positions] 1 still open
[Ticker] KXSOL15M-26APR021500-00
[Market] YES=1.00 | NO=0.01 | Sum=1.01
==================================================
Balance: $199.60 | Regime: CHOP | Session: 0W/0L (0%) | PnL: $+0.00
[Timing] Window 9 min old — skipping
[Cycle] No signal — YES=1.00 is between 0.30 and 0.70, sum=1.01 >= 0.97
[Positions] 1 still open
[Ticker] KXSOL15M-26APR021500-00
[Market] YES=1.00 | NO=0.01 | Sum=1.01
==================================================
Balance: $199.60 | Regime: CHOP | Session: 0W/0L (0%) | PnL: $+0.00
[Timing] Window 10 min old — skipping
[Cycle] No signal — YES=1.00 is between 0.30 and 0.70, sum=1.01 >= 0.97
[Positions] 1 still open
[Ticker] KXSOL15M-26APR021500-00
[Market] YES=0.99 | NO=0.01 | Sum=1.00
==================================================
Balance: $199.63 | Regime: CHOP | Session: 0W/0L (0%) | PnL: $+0.00
[Timing] Window 11 min old — skipping
[Cycle] No signal — YES=0.99 is between 0.30 and 0.70, sum=1.00 >= 0.97
[Positions] 1 still open
[Ticker] KXSOL15M-26APR021500-00
[Market] YES=1.00 | NO=0.01 | Sum=1.01
==================================================
Balance: $199.62 | Regime: CHOP | Session: 0W/0L (0%) | PnL: $+0.00
[Timing] Window 12 min old — skipping
[Cycle] No signal — YES=1.00 is between 0.30 and 0.70, sum=1.01 >= 0.97
[Positions] 1 still open
[Ticker] KXSOL15M-26APR021500-00
[Market] YES=1.00 | NO=0.01 | Sum=1.00
==================================================
Balance: $199.71 | Regime: CHOP | Session: 0W/0L (0%) | PnL: $+0.00
[Timing] Window 13 min old — skipping
[Cycle] No signal — YES=1.00 is between 0.30 and 0.70, sum=1.00 >= 0.97
[Positions] 1 still open
[Ticker] KXSOL15M-26APR021500-00
[Market] YES=1.00 | NO=0.01 | Sum=1.01
==================================================
Balance: $199.73 | Regime: CHOP | Session: 0W/0L (0%) | PnL: $+0.00
[Timing] Window 14 min old — skipping
[Cycle] No signal — YES=1.00 is between 0.30 and 0.70, sum=1.01 >= 0.97
[Positions] 1 still open
[Ticker] KXSOL15M-26APR021500-00
[Market] YES=1.00 | NO=0.00 | Sum=1.00
==================================================
Balance: $199.70 | Regime: CHOP | Session: 0W/0L (0%) | PnL: $+0.00
[Timing] Window 0 min old — skipping
[Cycle] No signal — YES=1.00 is between 0.30 and 0.70, sum=1.00 >= 0.97
[Positions] 1 still open
[Ticker] KXSOL15M-26APR021515-15
[Market] YES=0.63 | NO=0.41 | Sum=1.04
==================================================
Balance: $199.77 | Regime: CHOP | Session: 0W/0L (0%) | PnL: $+0.00
[Cycle] No signal — YES=0.63 is between 0.30 and 0.70, sum=1.04 >= 0.97
[Positions] 1 still open
[Ticker] KXSOL15M-26APR021515-15
[Market] YES=0.62 | NO=0.43 | Sum=1.05
==================================================
Balance: $199.77 | Regime: CHOP | Session: 0W/0L (0%) | PnL: $+0.00
[Cycle] No signal — YES=0.62 is between 0.30 and 0.70, sum=1.05 >= 0.97
[Positions] 1 still open
[Ticker] KXSOL15M-26APR021515-15
[Market] YES=0.65 | NO=0.37 | Sum=1.02
==================================================
Balance: $199.77 | Regime: CHOP | Session: 0W/0L (0%) | PnL: $+0.00
[Cycle] No signal — YES=0.65 is between 0.30 and 0.70, sum=1.02 >= 0.97
[Positions] 1 still open
[Ticker] KXSOL15M-26APR021515-15
[Market] YES=0.46 | NO=0.58 | Sum=1.04
==================================================
Balance: $199.77 | Regime: CHOP | Session: 0W/0L (0%) | PnL: $+0.00
[Cycle] No signal — YES=0.46 is between 0.30 and 0.70, sum=1.04 >= 0.97
[Positions] 1 still open
[Ticker] KXSOL15M-26APR021515-15
[Market] YES=0.35 | NO=0.67 | Sum=1.02
==================================================
Balance: $199.77 | Regime: CHOP | Session: 0W/0L (0%) | PnL: $+0.00
[Cycle] No signal — YES=0.35 is between 0.30 and 0.70, sum=1.02 >= 0.97
[Positions] 1 still open
[Ticker] KXSOL15M-26APR021515-15
[Market] YES=0.43 | NO=0.61 | Sum=1.04
==================================================
Balance: $199.77 | Regime: CHOP | Session: 0W/0L (0%) | PnL: $+0.00
[Cycle] No signal — YES=0.43 is between 0.30 and 0.70, sum=1.04 >= 0.97
[Settled] WIN: UP $2.34 on KXSOL15M-26APR021500-00 | pnl=$+1.66 | 1W/0L (100%)
[Ticker] KXSOL15M-26APR021515-15
[Market] YES=0.56 | NO=0.49 | Sum=1.05
==================================================
Balance: $199.77 | Regime: CHOP | Session: 1W/0L (100%) | PnL: $+1.66
[Cycle] No signal — YES=0.56 is between 0.30 and 0.70, sum=1.05 >= 0.97
[Ticker] KXSOL15M-26APR021515-15
[Market] YES=0.44 | NO=0.58 | Sum=1.02
==================================================
Balance: $199.77 | Regime: CHOP | Session: 1W/0L (100%) | PnL: $+1.66
[Cycle] No signal — YES=0.44 is between 0.30 and 0.70, sum=1.02 >= 0.97
[Ticker] KXSOL15M-26APR021515-15
[Market] YES=0.46 | NO=0.58 | Sum=1.04
==================================================
Balance: $199.77 | Regime: CHOP | Session: 1W/0L (100%) | PnL: $+1.66
[Cycle] No signal — YES=0.46 is between 0.30 and 0.70, sum=1.04 >= 0.97
[Ticker] KXSOL15M-26APR021515-15
[Market] YES=0.46 | NO=0.58 | Sum=1.04
==================================================
Balance: $199.77 | Regime: CHOP | Session: 1W/0L (100%) | PnL: $+1.66
[Cycle] No signal — YES=0.46 is between 0.30 and 0.70, sum=1.04 >= 0.97
[Ticker] KXSOL15M-26APR021515-15
[Market] YES=0.70 | NO=0.33 | Sum=1.03
==================================================
Balance: $199.77 | Regime: CHOP | Session: 1W/0L (100%) | PnL: $+1.66
[Cycle] No signal — YES=0.70 is between 0.30 and 0.70, sum=1.03 >= 0.97
[Ticker] KXSOL15M-26APR021515-15
[Market] YES=0.94 | NO=0.09 | Sum=1.03
==================================================
Balance: $199.77 | Regime: CHOP | Session: 1W/0L (100%) | PnL: $+1.66
[Timing] Window 12 min old — skipping
[Cycle] No signal — YES=0.94 is between 0.30 and 0.70, sum=1.03 >= 0.97
[Ticker] KXSOL15M-26APR021515-15
[Market] YES=0.96 | NO=0.07 | Sum=1.03
==================================================
Balance: $199.77 | Regime: CHOP | Session: 1W/0L (100%) | PnL: $+1.66
[Timing] Window 13 min old — skipping
[Cycle] No signal — YES=0.96 is between 0.30 and 0.70, sum=1.03 >= 0.97
[Ticker] KXSOL15M-26APR021515-15
[Market] YES=0.93 | NO=0.09 | Sum=1.02
==================================================
Balance: $199.77 | Regime: CHOP | Session: 1W/0L (100%) | PnL: $+1.66
[Timing] Window 14 min old — skipping
[Cycle] No signal — YES=0.93 is between 0.30 and 0.70, sum=1.02 >= 0.97
[Ticker] KXSOL15M-26APR021515-15
[Market] YES=1.00 | NO=0.01 | Sum=1.01
==================================================
Balance: $199.77 | Regime: CHOP | Session: 1W/0L (100%) | PnL: $+1.66
[Timing] Window 0 min old — skipping
[Cycle] No signal — YES=1.00 is between 0.30 and 0.70, sum=1.01 >= 0.97
[Ticker] KXSOL15M-26APR021530-30
[Market] YES=0.37 | NO=0.65 | Sum=1.02
==================================================
Balance: $199.77 | Regime: CHOP | Session: 1W/0L (100%) | PnL: $+1.66
[Cycle] No signal — YES=0.37 is between 0.30 and 0.70, sum=1.02 >= 0.97
[Ticker] KXSOL15M-26APR021530-30
[Market] YES=0.34 | NO=0.68 | Sum=1.02
==================================================
Balance: $199.77 | Regime: CHOP | Session: 1W/0L (100%) | PnL: $+1.66
[Cycle] No signal — YES=0.34 is between 0.30 and 0.70, sum=1.02 >= 0.97
[Ticker] KXSOL15M-26APR021530-30
[Market] YES=0.34 | NO=0.71 | Sum=1.05
==================================================
Balance: $199.77 | Regime: CHOP | Session: 1W/0L (100%) | PnL: $+1.66
[Cycle] No signal — YES=0.34 is between 0.30 and 0.70, sum=1.05 >= 0.97
[Ticker] KXSOL15M-26APR021530-30
[Market] YES=0.33 | NO=0.69 | Sum=1.02
==================================================
Balance: $199.77 | Regime: CHOP | Session: 1W/0L (100%) | PnL: $+1.66
[Cycle] No signal — YES=0.33 is between 0.30 and 0.70, sum=1.02 >= 0.97
[Ticker] KXSOL15M-26APR021530-30
[Market] YES=0.37 | NO=0.66 | Sum=1.03
==================================================
Balance: $199.77 | Regime: CHOP | Session: 1W/0L (100%) | PnL: $+1.66
[Cycle] No signal — YES=0.37 is between 0.30 and 0.70, sum=1.03 >= 0.97
[Ticker] KXSOL15M-26APR021530-30
[Market] YES=0.27 | NO=0.76 | Sum=1.03
==================================================
Balance: $199.77 | Regime: CHOP | Session: 1W/0L (100%) | PnL: $+1.66
[Timing] Window 6 min old — skipping
[Cycle] No signal — YES=0.27 is between 0.30 and 0.70, sum=1.03 >= 0.97
[Ticker] KXSOL15M-26APR021530-30
[Market] YES=0.09 | NO=0.94 | Sum=1.03
==================================================
Balance: $199.77 | Regime: CHOP | Session: 1W/0L (100%) | PnL: $+1.66
[Timing] Window 7 min old — skipping
[Cycle] No signal — YES=0.09 is between 0.30 and 0.70, sum=1.03 >= 0.97
[Ticker] KXSOL15M-26APR021530-30
[Market] YES=0.11 | NO=0.90 | Sum=1.01
==================================================
Balance: $199.77 | Regime: CHOP | Session: 1W/0L (100%) | PnL: $+1.66
[Timing] Window 8 min old — skipping
[Cycle] No signal — YES=0.11 is between 0.30 and 0.70, sum=1.01 >= 0.97
[Ticker] KXSOL15M-26APR021530-30
[Market] YES=0.24 | NO=0.78 | Sum=1.02
==================================================
Balance: $199.77 | Regime: CHOP | Session: 1W/0L (100%) | PnL: $+1.66
[Timing] Window 9 min old — skipping
[Cycle] No signal — YES=0.24 is between 0.30 and 0.70, sum=1.02 >= 0.97
[Ticker] KXSOL15M-26APR021530-30
[Market] YES=0.16 | NO=0.86 | Sum=1.02
==================================================
Balance: $199.77 | Regime: CHOP | Session: 1W/0L (100%) | PnL: $+1.66
[Timing] Window 10 min old — skipping
[Cycle] No signal — YES=0.16 is between 0.30 and 0.70, sum=1.02 >= 0.97
[Ticker] KXSOL15M-26APR021530-30
[Market] YES=0.15 | NO=0.87 | Sum=1.02
==================================================
Balance: $199.77 | Regime: CHOP | Session: 1W/0L (100%) | PnL: $+1.66
[Timing] Window 11 min old — skipping
[Cycle] No signal — YES=0.15 is between 0.30 and 0.70, sum=1.02 >= 0.97
[Ticker] KXSOL15M-26APR021530-30
[Market] YES=0.07 | NO=0.95 | Sum=1.02
==================================================
Balance: $199.77 | Regime: CHOP | Session: 1W/0L (100%) | PnL: $+1.66
[Timing] Window 12 min old — skipping
[Cycle] No signal — YES=0.07 is between 0.30 and 0.70, sum=1.02 >= 0.97
[Ticker] KXSOL15M-26APR021530-30
[Market] YES=0.03 | NO=0.98 | Sum=1.01
==================================================
Balance: $199.77 | Regime: CHOP | Session: 1W/0L (100%) | PnL: $+1.66
[Timing] Window 13 min old — skipping
[Cycle] No signal — YES=0.03 is between 0.30 and 0.70, sum=1.01 >= 0.97
[Ticker] KXSOL15M-26APR021530-30
[Market] YES=0.01 | NO=1.00 | Sum=1.00
==================================================
Balance: $199.77 | Regime: CHOP | Session: 1W/0L (100%) | PnL: $+1.66
[Timing] Window 14 min old — skipping
[Cycle] No signal — YES=0.01 is between 0.30 and 0.70, sum=1.00 >= 0.97
[Ticker] KXSOL15M-26APR021530-30
[Market] YES=0.00 | NO=1.00 | Sum=1.00
==================================================
Balance: $199.77 | Regime: CHOP | Session: 1W/0L (100%) | PnL: $+1.66
[Timing] Window 0 min old — skipping
[Cycle] No signal — YES=0.00 is between 0.30 and 0.70, sum=1.00 >= 0.97
[Ticker] KXSOL15M-26APR021545-45
[Market] YES=0.50 | NO=0.54 | Sum=1.04
==================================================
Balance: $199.77 | Regime: CHOP | Session: 1W/0L (100%) | PnL: $+1.66
[Cycle] No signal — YES=0.50 is between 0.30 and 0.70, sum=1.04 >= 0.97
[Ticker] KXSOL15M-26APR021545-45
[Market] YES=0.55 | NO=0.48 | Sum=1.03
==================================================
Balance: $199.77 | Regime: CHOP | Session: 1W/0L (100%) | PnL: $+1.66
[Cycle] No signal — YES=0.55 is between 0.30 and 0.70, sum=1.03 >= 0.97
[Ticker] KXSOL15M-26APR021545-45
[Market] YES=0.20 | NO=0.81 | Sum=1.01
==================================================
Balance: $199.77 | Regime: CHOP | Session: 1W/0L (100%) | PnL: $+1.66
[Signal] DOWN candidate | yes=0.20 | waiting (1/2)
[Cycle] No signal — YES=0.20 is between 0.30 and 0.70, sum=1.01 >= 0.97
[Ticker] KXSOL15M-26APR021545-45
[Market] YES=0.12 | NO=0.89 | Sum=1.01
==================================================
Balance: $199.19 | Regime: CHOP | Session: 1W/0L (100%) | PnL: $+1.66
[Coinbase] Confirms DOWN | $79 gap=-0 (0.38%)
[Kraken] Divergence 84899.17% — bet trimmed
[Correlation] 2/3 agree DOWN
[Signal] CONFIRMED DOWN | yes=0.12 | edge=0.38 | bet=$8.15
[Order] KXSOL15M-26APR021545-45 | no | count=16 | $8.15
✅ BTC DIRECTIONAL: DOWN $8.15 on KXSOL15M-26APR021545-45
[Positions] 1 still open
[Ticker] KXSOL15M-26APR021545-45
[Market] YES=0.17 | NO=0.87 | Sum=1.04
==================================================
Balance: $197.51 | Regime: CHOP | Session: 1W/0L (100%) | PnL: $+1.66
[Timing] Window 5 min old — skipping
[Cycle] No signal — YES=0.17 is between 0.30 and 0.70, sum=1.04 >= 0.97
[Positions] 1 still open
[Ticker] KXSOL15M-26APR021545-45
[Market] YES=0.15 | NO=0.89 | Sum=1.04
==================================================
Balance: $195.83 | Regime: CHOP | Session: 1W/0L (100%) | PnL: $+1.66
[Timing] Window 6 min old — skipping
[Cycle] No signal — YES=0.15 is between 0.30 and 0.70, sum=1.04 >= 0.97
[Positions] 1 still open
[Ticker] KXSOL15M-26APR021545-45
[Market] YES=0.12 | NO=0.91 | Sum=1.03
==================================================
Balance: $198.59 | Regime: CHOP | Session: 1W/0L (100%) | PnL: $+1.66
[Timing] Window 7 min old — skipping
[Cycle] No signal — YES=0.12 is between 0.30 and 0.70, sum=1.03 >= 0.97
[Positions] 1 still open
[Ticker] KXSOL15M-26APR021545-45
[Market] YES=0.08 | NO=0.94 | Sum=1.02
==================================================
Balance: $201.63 | Regime: CHOP | Session: 1W/0L (100%) | PnL: $+1.66
[Timing] Window 8 min old — skipping
[Cycle] No signal — YES=0.08 is between 0.30 and 0.70, sum=1.02 >= 0.97
[Positions] 1 still open
[Ticker] KXSOL15M-26APR021545-45
[Market] YES=0.09 | NO=0.93 | Sum=1.02
==================================================
Balance: $199.79 | Regime: CHOP | Session: 1W/0L (100%) | PnL: $+1.66
[Timing] Window 9 min old — skipping
[Cycle] No signal — YES=0.09 is between 0.30 and 0.70, sum=1.02 >= 0.97
[Positions] 1 still open
[Ticker] KXSOL15M-26APR021545-45
[Market] YES=0.12 | NO=0.92 | Sum=1.04
==================================================
Balance: $198.75 | Regime: CHOP | Session: 1W/0L (100%) | PnL: $+1.66
[Timing] Window 10 min old — skipping
[Cycle] No signal — YES=0.12 is between 0.30 and 0.70, sum=1.04 >= 0.97
[Positions] 1 still open
[Ticker] KXSOL15M-26APR021545-45
[Market] YES=0.39 | NO=0.66 | Sum=1.05
==================================================
Balance: $190.07 | Regime: CHOP | Session: 1W/0L (100%) | PnL: $+1.66
[Cycle] No signal — YES=0.39 is between 0.30 and 0.70, sum=1.05 >= 0.97
[Positions] 1 still open
[Ticker] KXSOL15M-26APR021545-45
[Market] YES=0.18 | NO=0.84 | Sum=1.02
==================================================
Balance: $190.83 | Regime: CHOP | Session: 1W/0L (100%) | PnL: $+1.66
[Timing] Window 12 min old — skipping
[Cycle] No signal — YES=0.18 is between 0.30 and 0.70, sum=1.02 >= 0.97
[Positions] 1 still open
[Ticker] KXSOL15M-26APR021545-45
[Market] YES=0.06 | NO=0.97 | Sum=1.03
==================================================
Balance: $200.46 | Regime: CHOP | Session: 1W/0L (100%) | PnL: $+1.66
[Timing] Window 13 min old — skipping
[Cycle] No signal — YES=0.06 is between 0.30 and 0.70, sum=1.03 >= 0.97
[Positions] 1 still open
[Ticker] KXSOL15M-26APR021545-45
[Market] YES=0.02 | NO=0.99 | Sum=1.01
==================================================
Balance: $203.59 | Regime: CHOP | Session: 1W/0L (100%) | PnL: $+1.66
[Timing] Window 14 min old — skipping
[Cycle] No signal — YES=0.02 is between 0.30 and 0.70, sum=1.01 >= 0.97
[Positions] 1 still open
[Ticker] KXSOL15M-26APR021545-45
[Market] YES=0.00 | NO=1.00 | Sum=1.00
==================================================
Balance: $204.83 | Regime: CHOP | Session: 1W/0L (100%) | PnL: $+1.66
[Timing] Window 0 min old — skipping
[Cycle] No signal — YES=0.00 is between 0.30 and 0.70, sum=1.00 >= 0.97
[Positions] 1 still open
[Ticker] KXSOL15M-26APR021600-00
[Market] YES=0.47 | NO=0.54 | Sum=1.01
==================================================
Balance: $204.87 | Regime: CHOP | Session: 1W/0L (100%) | PnL: $+1.66
[Cycle] No signal — YES=0.47 is between 0.30 and 0.70, sum=1.01 >= 0.97
[Positions] 1 still open
[Ticker] KXSOL15M-26APR021600-00
[Market] YES=0.60 | NO=0.43 | Sum=1.03
==================================================
Balance: $204.87 | Regime: CHOP | Session: 1W/0L (100%) | PnL: $+1.66
[Cycle] No signal — YES=0.60 is between 0.30 and 0.70, sum=1.03 >= 0.97
[Positions] 1 still open
[Ticker] KXSOL15M-26APR021600-00
[Market] YES=0.69 | NO=0.32 | Sum=1.01
==================================================
Balance: $204.87 | Regime: CHOP | Session: 1W/0L (100%) | PnL: $+1.66
[Cycle] No signal — YES=0.69 is between 0.30 and 0.70, sum=1.01 >= 0.97
[Positions] 1 still open
[Ticker] KXSOL15M-26APR021600-00
[Market] YES=0.62 | NO=0.40 | Sum=1.02
==================================================
Balance: $204.87 | Regime: CHOP | Session: 1W/0L (100%) | PnL: $+1.66
[Cycle] No signal — YES=0.62 is between 0.30 and 0.70, sum=1.02 >= 0.97
[Positions] 1 still open
[Ticker] KXSOL15M-26APR021600-00
[Market] YES=0.70 | NO=0.33 | Sum=1.03
==================================================
Balance: $204.87 | Regime: CHOP | Session: 1W/0L (100%) | PnL: $+1.66
[Cycle] No signal — YES=0.70 is between 0.30 and 0.70, sum=1.03 >= 0.97
[Positions] 1 still open
[Ticker] KXSOL15M-26APR021600-00
[Market] YES=0.82 | NO=0.22 | Sum=1.04
==================================================
Balance: $204.87 | Regime: CHOP | Session: 1W/0L (100%) | PnL: $+1.66
[Timing] Window 6 min old — skipping
[Cycle] No signal — YES=0.82 is between 0.30 and 0.70, sum=1.04 >= 0.97
[Settled] WIN: DOWN $8.15 on KXSOL15M-26APR021545-45 | pnl=$+7.85 | 2W/0L (100%)
[Ticker] KXSOL15M-26APR021600-00
[Market] YES=0.87 | NO=0.14 | Sum=1.01
==================================================
Balance: $204.87 | Regime: CHOP | Session: 2W/0L (100%) | PnL: $+9.51
[Timing] Window 7 min old — skipping
[Cycle] No signal — YES=0.87 is between 0.30 and 0.70, sum=1.01 >= 0.97
[Ticker] KXSOL15M-26APR021600-00
[Market] YES=0.89 | NO=0.13 | Sum=1.02
==================================================
Balance: $204.87 | Regime: CHOP | Session: 2W/0L (100%) | PnL: $+9.51
[Timing] Window 8 min old — skipping
[Cycle] No signal — YES=0.89 is between 0.30 and 0.70, sum=1.02 >= 0.97
[Ticker] KXSOL15M-26APR021600-00
[Market] YES=0.94 | NO=0.09 | Sum=1.03
==================================================
Balance: $204.87 | Regime: CHOP | Session: 2W/0L (100%) | PnL: $+9.51
[Timing] Window 9 min old — skipping
[Cycle] No signal — YES=0.94 is between 0.30 and 0.70, sum=1.03 >= 0.97
[Ticker] KXSOL15M-26APR021600-00
[Market] YES=0.97 | NO=0.04 | Sum=1.01
==================================================
Balance: $204.87 | Regime: CHOP | Session: 2W/0L (100%) | PnL: $+9.51
[Timing] Window 10 min old — skipping
[Cycle] No signal — YES=0.97 is between 0.30 and 0.70, sum=1.01 >= 0.97
[Ticker] KXSOL15M-26APR021600-00
[Market] YES=0.99 | NO=0.02 | Sum=1.01
==================================================
Balance: $204.87 | Regime: CHOP | Session: 2W/0L (100%) | PnL: $+9.51
[Timing] Window 11 min old — skipping
[Cycle] No signal — YES=0.99 is between 0.30 and 0.70, sum=1.01 >= 0.97
[Ticker] KXSOL15M-26APR021600-00
[Market] YES=0.99 | NO=0.02 | Sum=1.01
==================================================
Balance: $204.87 | Regime: CHOP | Session: 2W/0L (100%) | PnL: $+9.51
[Timing] Window 12 min old — skipping
[Cycle] No signal — YES=0.99 is between 0.30 and 0.70, sum=1.01 >= 0.97
[Ticker] KXSOL15M-26APR021600-00
[Market] YES=1.00 | NO=0.01 | Sum=1.00
==================================================
Balance: $204.87 | Regime: CHOP | Session: 2W/0L (100%) | PnL: $+9.51
[Timing] Window 13 min old — skipping
[Cycle] No signal — YES=1.00 is between 0.30 and 0.70, sum=1.00 >= 0.97
[Ticker] KXSOL15M-26APR021600-00
[Market] YES=1.00 | NO=0.00 | Sum=1.00
==================================================
Balance: $204.87 | Regime: CHOP | Session: 2W/0L (100%) | PnL: $+9.51
[Timing] Window 14 min old — skipping
[Cycle] No signal — YES=1.00 is between 0.30 and 0.70, sum=1.00 >= 0.97
[Ticker] KXSOL15M-26APR021600-00
[Market] YES=1.00 | NO=0.01 | Sum=1.01
==================================================
Balance: $204.87 | Regime: CHOP | Session: 2W/0L (100%) | PnL: $+9.51
[Timing] Window 0 min old — skipping
[Cycle] No signal — YES=1.00 is between 0.30 and 0.70, sum=1.01 >= 0.97
[Ticker] KXSOL15M-26APR021615-15
[Market] YES=0.35 | NO=0.70 | Sum=1.05
==================================================
Balance: $204.87 | Regime: CHOP | Session: 2W/0L (100%) | PnL: $+9.51
[Cycle] No signal — YES=0.35 is between 0.30 and 0.70, sum=1.05 >= 0.97
[Ticker] KXSOL15M-26APR021615-15
[Market] YES=0.33 | NO=0.71 | Sum=1.04
==================================================
Balance: $204.68 | Regime: CHOP | Session: 2W/0L (100%) | PnL: $+9.51
[Cycle] No signal — YES=0.33 is between 0.30 and 0.70, sum=1.04 >= 0.97
[Ticker] KXSOL15M-26APR021615-15
[Market] YES=0.24 | NO=0.78 | Sum=1.02
==================================================
Balance: $205.10 | Regime: CHOP | Session: 2W/0L (100%) | PnL: $+9.51
[Signal] DOWN candidate | yes=0.24 | waiting (1/2)
[Cycle] No signal — YES=0.24 is between 0.30 and 0.70, sum=1.02 >= 0.97
[Ticker] KXSOL15M-26APR021615-15
[Market] YES=0.31 | NO=0.74 | Sum=1.05
==================================================
Balance: $204.96 | Regime: CHOP | Session: 2W/0L (100%) | PnL: $+9.51
[Cycle] No signal — YES=0.31 is between 0.30 and 0.70, sum=1.05 >= 0.97
[Ticker] KXSOL15M-26APR021615-15
[Market] YES=0.33 | NO=0.71 | Sum=1.04
==================================================
Balance: $204.55 | Regime: CHOP | Session: 2W/0L (100%) | PnL: $+9.51
[Cycle] No signal — YES=0.33 is between 0.30 and 0.70, sum=1.04 >= 0.97
[Ticker] KXSOL15M-26APR021615-15
[Market] YES=0.33 | NO=0.70 | Sum=1.03
==================================================
Balance: $205.20 | Regime: CHOP | Session: 2W/0L (100%) | PnL: $+9.51
[Cycle] No signal — YES=0.33 is between 0.30 and 0.70, sum=1.03 >= 0.97
[Ticker] KXSOL15M-26APR021615-15
[Market] YES=0.37 | NO=0.67 | Sum=1.04
==================================================
Balance: $205.12 | Regime: CHOP | Session: 2W/0L (100%) | PnL: $+9.51
[Cycle] No signal — YES=0.37 is between 0.30 and 0.70, sum=1.04 >= 0.97
[Ticker] KXSOL15M-26APR021615-15
[Market] YES=0.61 | NO=0.44 | Sum=1.05
==================================================
Balance: $203.59 | Regime: CHOP | Session: 2W/0L (100%) | PnL: $+9.51
[Cycle] No signal — YES=0.61 is between 0.30 and 0.70, sum=1.05 >= 0.97
[Ticker] KXSOL15M-26APR021615-15
[Market] YES=0.86 | NO=0.15 | Sum=1.01
==================================================
Balance: $202.43 | Regime: CHOP | Session: 2W/0L (100%) | PnL: $+9.51
[Timing] Window 9 min old — skipping
[Cycle] No signal — YES=0.86 is between 0.30 and 0.70, sum=1.01 >= 0.97
[Ticker] KXSOL15M-26APR021615-15
[Market] YES=0.76 | NO=0.28 | Sum=1.04
==================================================
Balance: $200.46 | Regime: CHOP | Session: 2W/0L (100%) | PnL: $+9.51
[Timing] Window 10 min old — skipping
[Cycle] No signal — YES=0.76 is between 0.30 and 0.70, sum=1.04 >= 0.97
[Ticker] KXSOL15M-26APR021615-15
[Market] YES=0.74 | NO=0.27 | Sum=1.01
==================================================
Balance: $199.92 | Regime: CHOP | Session: 2W/0L (100%) | PnL: $+9.51
[Timing] Window 11 min old — skipping
[Cycle] No signal — YES=0.74 is between 0.30 and 0.70, sum=1.01 >= 0.97
[Ticker] KXSOL15M-26APR021615-15
[Market] YES=0.79 | NO=0.23 | Sum=1.02
==================================================
Balance: $200.26 | Regime: CHOP | Session: 2W/0L (100%) | PnL: $+9.51
[Timing] Window 12 min old — skipping
[Cycle] No signal — YES=0.79 is between 0.30 and 0.70, sum=1.02 >= 0.97
[Ticker] KXSOL15M-26APR021615-15
[Market] YES=0.94 | NO=0.08 | Sum=1.02
==================================================
Balance: $201.62 | Regime: CHOP | Session: 2W/0L (100%) | PnL: $+9.51
[Timing] Window 13 min old — skipping
[Cycle] No signal — YES=0.94 is between 0.30 and 0.70, sum=1.02 >= 0.97
[Ticker] KXSOL15M-26APR021615-15
[Market] YES=1.00 | NO=0.01 | Sum=1.00
==================================================
Balance: $199.96 | Regime: CHOP | Session: 2W/0L (100%) | PnL: $+9.51
[Timing] Window 14 min old — skipping
[Cycle] No signal — YES=1.00 is between 0.30 and 0.70, sum=1.00 >= 0.97
[Ticker] KXSOL15M-26APR021615-15
[Market] YES=1.00 | NO=0.01 | Sum=1.01
==================================================
Balance: $199.95 | Regime: CHOP | Session: 2W/0L (100%) | PnL: $+9.51
[Timing] Window 0 min old — skipping
[Cycle] No signal — YES=1.00 is between 0.30 and 0.70, sum=1.01 >= 0.97
[Ticker] KXSOL15M-26APR021630-30
[Market] YES=0.52 | NO=0.50 | Sum=1.02
==================================================
Balance: $199.93 | Regime: CHOP | Session: 2W/0L (100%) | PnL: $+9.51
[Cycle] No signal — YES=0.52 is between 0.30 and 0.70, sum=1.02 >= 0.97
[Ticker] KXSOL15M-26APR021630-30
[Market] YES=0.59 | NO=0.43 | Sum=1.02
==================================================
Balance: $199.93 | Regime: CHOP | Session: 2W/0L (100%) | PnL: $+9.51
[Cycle] No signal — YES=0.59 is between 0.30 and 0.70, sum=1.02 >= 0.97
[Ticker] KXSOL15M-26APR021630-30
[Market] YES=0.77 | NO=0.27 | Sum=1.04
==================================================
Balance: $199.93 | Regime: CHOP | Session: 2W/0L (100%) | PnL: $+9.51
[Signal] UP candidate | yes=0.77 | waiting (1/2)
[Cycle] No signal — YES=0.77 is between 0.30 and 0.70, sum=1.04 >= 0.97
[Ticker] KXSOL15M-26APR021630-30
[Market] YES=0.87 | NO=0.14 | Sum=1.01
==================================================
Balance: $199.92 | Regime: CHOP | Session: 2W/0L (100%) | PnL: $+9.51
[Coinbase] Confirms UP | $79 gap=+0 (0.02%)
[Kraken] Divergence 84609.11% — bet trimmed
[Correlation] 2/3 agree UP
[Signal] CONFIRMED UP | yes=0.87 | edge=0.37 | bet=$2.36
[Order] KXSOL15M-26APR021630-30 | yes | count=4 | $2.36
✅ BTC DIRECTIONAL: UP $2.36 on KXSOL15M-26APR021630-30
[Positions] 1 still open
[Ticker] KXSOL15M-26APR021630-30
[Market] YES=0.94 | NO=0.08 | Sum=1.02
==================================================
Balance: $200.18 | Regime: CHOP | Session: 2W/0L (100%) | PnL: $+9.51
[Timing] Window 5 min old — skipping
[Cycle] No signal — YES=0.94 is between 0.30 and 0.70, sum=1.02 >= 0.97
[Positions] 1 still open
[Ticker] KXSOL15M-26APR021630-30
[Market] YES=0.94 | NO=0.07 | Sum=1.00
==================================================
Balance: $200.24 | Regime: CHOP | Session: 2W/0L (100%) | PnL: $+9.51
[Timing] Window 6 min old — skipping
[Cycle] No signal — YES=0.94 is between 0.30 and 0.70, sum=1.00 >= 0.97
[Positions] 1 still open
[Ticker] KXSOL15M-26APR021630-30
[Market] YES=0.93 | NO=0.09 | Sum=1.02
==================================================
Balance: $200.24 | Regime: CHOP | Session: 2W/0L (100%) | PnL: $+9.51
[Timing] Window 7 min old — skipping
[Cycle] No signal — YES=0.93 is between 0.30 and 0.70, sum=1.02 >= 0.97
[Positions] 1 still open
[Ticker] KXSOL15M-26APR021630-30
[Market] YES=0.86 | NO=0.18 | Sum=1.04
==================================================
Balance: $199.56 | Regime: CHOP | Session: 2W/0L (100%) | PnL: $+9.51
[Timing] Window 8 min old — skipping
[Cycle] No signal — YES=0.86 is between 0.30 and 0.70, sum=1.04 >= 0.97
[Positions] 1 still open
[Ticker] KXSOL15M-26APR021630-30
[Market] YES=0.80 | NO=0.23 | Sum=1.03
==================================================
Balance: $200.36 | Regime: CHOP | Session: 2W/0L (100%) | PnL: $+9.51
[Timing] Window 9 min old — skipping
[Cycle] No signal — YES=0.80 is between 0.30 and 0.70, sum=1.03 >= 0.97
[Positions] 1 still open
[Ticker] KXSOL15M-26APR021630-30
[Market] YES=0.72 | NO=0.31 | Sum=1.03
==================================================
Balance: $198.72 | Regime: CHOP | Session: 2W/0L (100%) | PnL: $+9.51
[Timing] Window 10 min old — skipping
[Cycle] No signal — YES=0.72 is between 0.30 and 0.70, sum=1.03 >= 0.97
[Positions] 1 still open
[Ticker] KXSOL15M-26APR021630-30
[Market] YES=0.68 | NO=0.36 | Sum=1.04
==================================================
Balance: $198.40 | Regime: CHOP | Session: 2W/0L (100%) | PnL: $+9.51
[Cycle] No signal — YES=0.68 is between 0.30 and 0.70, sum=1.04 >= 0.97
[Positions] 1 still open
[Ticker] KXSOL15M-26APR021630-30
[Market] YES=0.78 | NO=0.23 | Sum=1.01
==================================================
Balance: $198.36 | Regime: CHOP | Session: 2W/0L (100%) | PnL: $+9.51
[Timing] Window 12 min old — skipping
[Cycle] No signal — YES=0.78 is between 0.30 and 0.70, sum=1.01 >= 0.97
[Positions] 1 still open
[Ticker] KXSOL15M-26APR021630-30
[Market] YES=0.95 | NO=0.08 | Sum=1.03
==================================================
Balance: $200.39 | Regime: CHOP | Session: 2W/0L (100%) | PnL: $+9.51
[Timing] Window 13 min old — skipping
[Cycle] No signal — YES=0.95 is between 0.30 and 0.70, sum=1.03 >= 0.97
[Positions] 1 still open
[Ticker] KXSOL15M-26APR021630-30
[Market] YES=1.00 | NO=0.01 | Sum=1.00
==================================================
Balance: $201.15 | Regime: CHOP | Session: 2W/0L (100%) | PnL: $+9.51
[Timing] Window 14 min old — skipping
[Cycle] No signal — YES=1.00 is between 0.30 and 0.70, sum=1.00 >= 0.97
[Positions] 1 still open
[Ticker] KXSOL15M-26APR021630-30
[Market] YES=1.00 | NO=0.00 | Sum=1.00
==================================================
Balance: $201.19 | Regime: CHOP | Session: 2W/0L (100%) | PnL: $+9.51
[Timing] Window 0 min old — skipping
[Cycle] No signal — YES=1.00 is between 0.30 and 0.70, sum=1.00 >= 0.97
[Positions] 1 still open
[Ticker] KXSOL15M-26APR021645-45
[Market] YES=0.49 | NO=0.52 | Sum=1.01
==================================================
Balance: $201.20 | Regime: CHOP | Session: 2W/0L (100%) | PnL: $+9.51
[Cycle] No signal — YES=0.49 is between 0.30 and 0.70, sum=1.01 >= 0.97
[Positions] 1 still open
[Ticker] KXSOL15M-26APR021645-45
[Market] YES=0.47 | NO=0.54 | Sum=1.01
==================================================
Balance: $201.20 | Regime: CHOP | Session: 2W/0L (100%) | PnL: $+9.51
[Cycle] No signal — YES=0.47 is between 0.30 and 0.70, sum=1.01 >= 0.97
[Positions] 1 still open
[Ticker] KXSOL15M-26APR021645-45
[Market] YES=0.42 | NO=0.59 | Sum=1.01
==================================================
Balance: $201.20 | Regime: CHOP | Session: 2W/0L (100%) | PnL: $+9.51
[Cycle] No signal — YES=0.42 is between 0.30 and 0.70, sum=1.01 >= 0.97
[Positions] 1 still open
[Ticker] KXSOL15M-26APR021645-45
[Market] YES=0.38 | NO=0.65 | Sum=1.03
==================================================
Balance: $201.20 | Regime: CHOP | Session: 2W/0L (100%) | PnL: $+9.51
[Cycle] No signal — YES=0.38 is between 0.30 and 0.70, sum=1.03 >= 0.97
[Positions] 1 still open
[Ticker] KXSOL15M-26APR021645-45
[Market] YES=0.40 | NO=0.62 | Sum=1.02
==================================================
Balance: $201.20 | Regime: CHOP | Session: 2W/0L (100%) | PnL: $+9.51
[Cycle] No signal — YES=0.40 is between 0.30 and 0.70, sum=1.02 >= 0.97
[Positions] 1 still open
[Ticker] KXSOL15M-26APR021645-45
[Market] YES=0.48 | NO=0.55 | Sum=1.03
==================================================
Balance: $201.20 | Regime: CHOP | Session: 2W/0L (100%) | PnL: $+9.51
[Cycle] No signal — YES=0.48 is between 0.30 and 0.70, sum=1.03 >= 0.97
[Settled] WIN: UP $2.36 on KXSOL15M-26APR021630-30 | pnl=$+1.64 | 3W/0L (100%)
[Ticker] KXSOL15M-26APR021645-45
[Market] YES=0.52 | NO=0.53 | Sum=1.05
==================================================
Balance: $201.20 | Regime: CHOP | Session: 3W/0L (100%) | PnL: $+11.15
[Cycle] No signal — YES=0.52 is between 0.30 and 0.70, sum=1.05 >= 0.97
[Ticker] KXSOL15M-26APR021645-45
[Market] YES=0.69 | NO=0.34 | Sum=1.03
==================================================
Balance: $201.20 | Regime: CHOP | Session: 3W/0L (100%) | PnL: $+11.15
[Cycle] No signal — YES=0.69 is between 0.30 and 0.70, sum=1.03 >= 0.97
[Ticker] KXSOL15M-26APR021645-45
[Market] YES=0.83 | NO=0.21 | Sum=1.04
==================================================
Balance: $201.20 | Regime: CHOP | Session: 3W/0L (100%) | PnL: $+11.15
[Timing] Window 9 min old — skipping
[Cycle] No signal — YES=0.83 is between 0.30 and 0.70, sum=1.04 >= 0.97
[Ticker] KXSOL15M-26APR021645-45
[Market] YES=0.88 | NO=0.13 | Sum=1.01
==================================================
Balance: $201.20 | Regime: CHOP | Session: 3W/0L (100%) | PnL: $+11.15
[Timing] Window 10 min old — skipping
[Cycle] No signal — YES=0.88 is between 0.30 and 0.70, sum=1.01 >= 0.97
[Ticker] KXSOL15M-26APR021645-45
[Market] YES=0.87 | NO=0.14 | Sum=1.01
==================================================
Balance: $201.20 | Regime: CHOP | Session: 3W/0L (100%) | PnL: $+11.15
[Timing] Window 11 min old — skipping
[Cycle] No signal — YES=0.87 is between 0.30 and 0.70, sum=1.01 >= 0.97
[Ticker] KXSOL15M-26APR021645-45
[Market] YES=0.67 | NO=0.34 | Sum=1.01
==================================================
Balance: $201.20 | Regime: CHOP | Session: 3W/0L (100%) | PnL: $+11.15
[Cycle] No signal — YES=0.67 is between 0.30 and 0.70, sum=1.01 >= 0.97
[Ticker] KXSOL15M-26APR021645-45
[Market] YES=0.63 | NO=0.40 | Sum=1.03
==================================================
Balance: $201.20 | Regime: CHOP | Session: 3W/0L (100%) | PnL: $+11.15
[Cycle] No signal — YES=0.63 is between 0.30 and 0.70, sum=1.03 >= 0.97
[Ticker] KXSOL15M-26APR021645-45
[Market] YES=0.42 | NO=0.62 | Sum=1.04
==================================================
Balance: $201.20 | Regime: CHOP | Session: 3W/0L (100%) | PnL: $+11.15
[Cycle] No signal — YES=0.42 is between 0.30 and 0.70, sum=1.04 >= 0.97
[Ticker] KXSOL15M-26APR021645-45
[Market] YES=1.00 | NO=0.01 | Sum=1.01
==================================================
Balance: $201.20 | Regime: CHOP | Session: 3W/0L (100%) | PnL: $+11.15
[Timing] Window 0 min old — skipping
[Cycle] No signal — YES=1.00 is between 0.30 and 0.70, sum=1.01 >= 0.97
[Ticker] KXSOL15M-26APR021700-00
[Market] YES=0.49 | NO=0.52 | Sum=1.01
==================================================
Balance: $201.20 | Regime: CHOP | Session: 3W/0L (100%) | PnL: $+11.15
[Cycle] No signal — YES=0.49 is between 0.30 and 0.70, sum=1.01 >= 0.97
[Ticker] KXSOL15M-26APR021700-00
[Market] YES=0.42 | NO=0.62 | Sum=1.04
==================================================
Balance: $201.20 | Regime: CHOP | Session: 3W/0L (100%) | PnL: $+11.15
[Cycle] No signal — YES=0.42 is between 0.30 and 0.70, sum=1.04 >= 0.97
[Ticker] KXSOL15M-26APR021700-00
[Market] YES=0.44 | NO=0.59 | Sum=1.03
==================================================
Balance: $201.20 | Regime: CHOP | Session: 3W/0L (100%) | PnL: $+11.15
[Cycle] No signal — YES=0.44 is between 0.30 and 0.70, sum=1.03 >= 0.97
[Ticker] KXSOL15M-26APR021700-00
[Market] YES=0.47 | NO=0.56 | Sum=1.03
==================================================
Balance: $201.20 | Regime: CHOP | Session: 3W/0L (100%) | PnL: $+11.15
[Cycle] No signal — YES=0.47 is between 0.30 and 0.70, sum=1.03 >= 0.97
[Ticker] KXSOL15M-26APR021700-00
[Market] YES=0.44 | NO=0.59 | Sum=1.03
==================================================
Balance: $201.20 | Regime: CHOP | Session: 3W/0L (100%) | PnL: $+11.15
[Cycle] No signal — YES=0.44 is between 0.30 and 0.70, sum=1.03 >= 0.97
[Ticker] KXSOL15M-26APR021700-00
[Market] YES=0.42 | NO=0.62 | Sum=1.04
==================================================
Balance: $201.20 | Regime: CHOP | Session: 3W/0L (100%) | PnL: $+11.15
[Cycle] No signal — YES=0.42 is between 0.30 and 0.70, sum=1.04 >= 0.97
[Ticker] KXSOL15M-26APR021700-00
[Market] YES=0.38 | NO=0.67 | Sum=1.05
==================================================
Balance: $201.20 | Regime: CHOP | Session: 3W/0L (100%) | PnL: $+11.15
[Cycle] No signal — YES=0.38 is between 0.30 and 0.70, sum=1.05 >= 0.97
[Ticker] KXSOL15M-26APR021700-00
[Market] YES=0.36 | NO=0.67 | Sum=1.03
==================================================
Balance: $201.20 | Regime: CHOP | Session: 3W/0L (100%) | PnL: $+11.15
[Cycle] No signal — YES=0.36 is between 0.30 and 0.70, sum=1.03 >= 0.97
[Ticker] KXSOL15M-26APR021700-00
[Market] YES=0.29 | NO=0.73 | Sum=1.02
==================================================
Balance: $201.20 | Regime: CHOP | Session: 3W/0L (100%) | PnL: $+11.15
[Timing] Window 9 min old — skipping
[Cycle] No signal — YES=0.29 is between 0.30 and 0.70, sum=1.02 >= 0.97
[Ticker] KXSOL15M-26APR021700-00
[Market] YES=0.50 | NO=0.52 | Sum=1.02
==================================================
Balance: $201.20 | Regime: CHOP | Session: 3W/0L (100%) | PnL: $+11.15
[Cycle] No signal — YES=0.50 is between 0.30 and 0.70, sum=1.02 >= 0.97
[Ticker] KXSOL15M-26APR021700-00
[Market] YES=0.36 | NO=0.69 | Sum=1.05
==================================================
Balance: $201.20 | Regime: CHOP | Session: 3W/0L (100%) | PnL: $+11.15
[Cycle] No signal — YES=0.36 is between 0.30 and 0.70, sum=1.05 >= 0.97
[Ticker] KXSOL15M-26APR021700-00
[Market] YES=0.34 | NO=0.70 | Sum=1.04
==================================================
Balance: $201.20 | Regime: CHOP | Session: 3W/0L (100%) | PnL: $+11.15
[Cycle] No signal — YES=0.34 is between 0.30 and 0.70, sum=1.04 >= 0.97
[Ticker] KXSOL15M-26APR021700-00
[Market] YES=0.29 | NO=0.75 | Sum=1.04
==================================================
Balance: $201.20 | Regime: CHOP | Session: 3W/0L (100%) | PnL: $+11.15
[Timing] Window 13 min old — skipping
[Cycle] No signal — YES=0.29 is between 0.30 and 0.70, sum=1.04 >= 0.97
[Ticker] KXSOL15M-26APR021700-00
[Market] YES=0.89 | NO=0.49 | Sum=1.38
==================================================
Balance: $201.20 | Regime: CHOP | Session: 3W/0L (100%) | PnL: $+11.15
[Timing] Window 14 min old — skipping
[Cycle] No signal — YES=0.89 is between 0.30 and 0.70, sum=1.38 >= 0.97
[Ticker] KXSOL15M-26APR021700-00
[Market] YES=0.02 | NO=1.00 | Sum=1.02
==================================================
Balance: $201.20 | Regime: CHOP | Session: 3W/0L (100%) | PnL: $+11.15
[Timing] Window 0 min old — skipping
[Cycle] No signal — YES=0.02 is between 0.30 and 0.70, sum=1.02 >= 0.97
[Ticker] KXSOL15M-26APR021715-15
[Market] YES=0.64 | NO=0.41 | Sum=1.05
==================================================
Balance: $201.20 | Regime: CHOP | Session: 3W/0L (100%) | PnL: $+11.15
[Cycle] No signal — YES=0.64 is between 0.30 and 0.70, sum=1.05 >= 0.97
[Ticker] KXSOL15M-26APR021715-15
[Market] YES=0.64 | NO=0.38 | Sum=1.02
==================================================
Balance: $201.20 | Regime: CHOP | Session: 3W/0L (100%) | PnL: $+11.15
[Cycle] No signal — YES=0.64 is between 0.30 and 0.70, sum=1.02 >= 0.97
[Ticker] KXSOL15M-26APR021715-15
[Market] YES=0.58 | NO=0.47 | Sum=1.05
==================================================
Balance: $201.20 | Regime: CHOP | Session: 3W/0L (100%) | PnL: $+11.15
[Cycle] No signal — YES=0.58 is between 0.30 and 0.70, sum=1.05 >= 0.97
[Ticker] KXSOL15M-26APR021715-15
[Market] YES=0.49 | NO=0.55 | Sum=1.04
==================================================
Balance: $201.20 | Regime: CHOP | Session: 3W/0L (100%) | PnL: $+11.15
[Cycle] No signal — YES=0.49 is between 0.30 and 0.70, sum=1.04 >= 0.97
[Ticker] KXSOL15M-26APR021715-15
[Market] YES=0.23 | NO=0.80 | Sum=1.03
==================================================
Balance: $201.20 | Regime: CHOP | Session: 3W/0L (100%) | PnL: $+11.15
[Timing] Window 5 min old — skipping
[Cycle] No signal — YES=0.23 is between 0.30 and 0.70, sum=1.03 >= 0.97
[Ticker] KXSOL15M-26APR021715-15
[Market] YES=0.25 | NO=0.80 | Sum=1.05
==================================================
Balance: $201.20 | Regime: CHOP | Session: 3W/0L (100%) | PnL: $+11.15
[Timing] Window 6 min old — skipping
[Cycle] No signal — YES=0.25 is between 0.30 and 0.70, sum=1.05 >= 0.97
[Ticker] KXSOL15M-26APR021715-15
[Market] YES=0.27 | NO=0.76 | Sum=1.03
==================================================
Balance: $201.20 | Regime: CHOP | Session: 3W/0L (100%) | PnL: $+11.15
[Timing] Window 7 min old — skipping
[Cycle] No signal — YES=0.27 is between 0.30 and 0.70, sum=1.03 >= 0.97
[Ticker] KXSOL15M-26APR021715-15
[Market] YES=0.23 | NO=0.79 | Sum=1.02
==================================================
Balance: $201.20 | Regime: CHOP | Session: 3W/0L (100%) | PnL: $+11.15
[Timing] Window 8 min old — skipping
[Cycle] No signal — YES=0.23 is between 0.30 and 0.70, sum=1.02 >= 0.97
[Ticker] KXSOL15M-26APR021715-15
[Market] YES=0.17 | NO=0.84 | Sum=1.01
==================================================
Balance: $201.20 | Regime: CHOP | Session: 3W/0L (100%) | PnL: $+11.15
[Timing] Window 9 min old — skipping
[Cycle] No signal — YES=0.17 is between 0.30 and 0.70, sum=1.01 >= 0.97
[Ticker] KXSOL15M-26APR021715-15
[Market] YES=0.06 | NO=0.96 | Sum=1.02
==================================================
Balance: $201.20 | Regime: CHOP | Session: 3W/0L (100%) | PnL: $+11.15
[Timing] Window 10 min old — skipping
[Cycle] No signal — YES=0.06 is between 0.30 and 0.70, sum=1.02 >= 0.97
[Ticker] KXSOL15M-26APR021715-15
[Market] YES=0.01 | NO=0.99 | Sum=1.00
==================================================
Balance: $201.20 | Regime: CHOP | Session: 3W/0L (100%) | PnL: $+11.15
[Timing] Window 11 min old — skipping
[Cycle] No signal — YES=0.01 is between 0.30 and 0.70, sum=1.00 >= 0.97
[Ticker] KXSOL15M-26APR021715-15
[Market] YES=0.01 | NO=1.00 | Sum=1.01
==================================================
Balance: $201.20 | Regime: CHOP | Session: 3W/0L (100%) | PnL: $+11.15
[Timing] Window 12 min old — skipping
[Cycle] No signal — YES=0.01 is between 0.30 and 0.70, sum=1.01 >= 0.97
[Ticker] KXSOL15M-26APR021715-15
[Market] YES=0.01 | NO=1.00 | Sum=1.00
==================================================
Balance: $201.20 | Regime: CHOP | Session: 3W/0L (100%) | PnL: $+11.15
[Timing] Window 13 min old — skipping
[Cycle] No signal — YES=0.01 is between 0.30 and 0.70, sum=1.00 >= 0.97
[Ticker] KXSOL15M-26APR021715-15
[Market] YES=0.00 | NO=1.00 | Sum=1.00
==================================================
Balance: $201.20 | Regime: CHOP | Session: 3W/0L (100%) | PnL: $+11.15
[Timing] Window 14 min old — skipping
[Cycle] No signal — YES=0.00 is between 0.30 and 0.70, sum=1.00 >= 0.97
[Ticker] KXSOL15M-26APR021715-15
[Market] YES=0.00 | NO=1.00 | Sum=1.00
==================================================
Balance: $201.20 | Regime: CHOP | Session: 3W/0L (100%) | PnL: $+11.15
[Timing] Window 0 min old — skipping
[Cycle] No signal — YES=0.00 is between 0.30 and 0.70, sum=1.00 >= 0.97
[Ticker] KXSOL15M-26APR021730-30
[Market] YES=0.57 | NO=0.45 | Sum=1.02
==================================================
Balance: $201.20 | Regime: CHOP | Session: 3W/0L (100%) | PnL: $+11.15
[Cycle] No signal — YES=0.57 is between 0.30 and 0.70, sum=1.02 >= 0.97
[Ticker] KXSOL15M-26APR021730-30
[Market] YES=0.73 | NO=0.29 | Sum=1.02
==================================================
Balance: $201.20 | Regime: CHOP | Session: 3W/0L (100%) | PnL: $+11.15
[Signal] UP candidate | yes=0.73 | waiting (1/2)
[Cycle] No signal — YES=0.73 is between 0.30 and 0.70, sum=1.02 >= 0.97
[Ticker] KXSOL15M-26APR021730-30
[Market] YES=0.77 | NO=0.25 | Sum=1.02
==================================================
Balance: $201.01 | Regime: CHOP | Session: 3W/0L (100%) | PnL: $+11.15
[Coinbase] Confirms UP | $79 gap=+0 (0.15%)
[Kraken] Divergence 84581.66% — bet trimmed
[Correlation] 2/3 agree UP
[Signal] CONFIRMED UP | yes=0.77 | edge=0.27 | bet=$4.86
[Order] KXSOL15M-26APR021730-30 | yes | count=9 | $4.86
✅ BTC DIRECTIONAL: UP $4.86 on KXSOL15M-26APR021730-30
[Positions] 1 still open
[Ticker] KXSOL15M-26APR021730-30
[Market] YES=0.85 | NO=0.16 | Sum=1.01
==================================================
Balance: $200.78 | Regime: CHOP | Session: 3W/0L (100%) | PnL: $+11.15
[Signal] UP candidate | yes=0.85 | waiting (1/2)
[Cycle] No signal — YES=0.85 is between 0.30 and 0.70, sum=1.01 >= 0.97
[Positions] 1 still open
[Ticker] KXSOL15M-26APR021730-30
[Market] YES=0.86 | NO=0.17 | Sum=1.03
==================================================
Balance: $202.69 | Regime: CHOP | Session: 3W/0L (100%) | PnL: $+11.15
[Timing] Window 5 min old — skipping
[Cycle] No signal — YES=0.86 is between 0.30 and 0.70, sum=1.03 >= 0.97
[Positions] 1 still open
[Ticker] KXSOL15M-26APR021730-30
[Market] YES=0.92 | NO=0.08 | Sum=1.00
==================================================
Balance: $204.31 | Regime: CHOP | Session: 3W/0L (100%) | PnL: $+11.15
[Timing] Window 6 min old — skipping
[Cycle] No signal — YES=0.92 is between 0.30 and 0.70, sum=1.00 >= 0.97
[Positions] 1 still open
[Ticker] KXSOL15M-26APR021730-30
[Market] YES=0.95 | NO=0.06 | Sum=1.00
==================================================
Balance: $205.21 | Regime: CHOP | Session: 3W/0L (100%) | PnL: $+11.15
[Timing] Window 7 min old — skipping
[Cycle] No signal — YES=0.95 is between 0.30 and 0.70, sum=1.00 >= 0.97
[Positions] 1 still open
[Ticker] KXSOL15M-26APR021730-30
[Market] YES=0.95 | NO=0.07 | Sum=1.02
==================================================
Balance: $205.00 | Regime: CHOP | Session: 3W/0L (100%) | PnL: $+11.15
[Timing] Window 8 min old — skipping
[Cycle] No signal — YES=0.95 is between 0.30 and 0.70, sum=1.02 >= 0.97
[Positions] 1 still open
[Ticker] KXSOL15M-26APR021730-30
[Market] YES=0.90 | NO=0.13 | Sum=1.03
==================================================
Balance: $203.57 | Regime: CHOP | Session: 3W/0L (100%) | PnL: $+11.15
[Timing] Window 9 min old — skipping
[Cycle] No signal — YES=0.90 is between 0.30 and 0.70, sum=1.03 >= 0.97
[Positions] 1 still open
[Ticker] KXSOL15M-26APR021730-30
[Market] YES=0.70 | NO=0.31 | Sum=1.01
==================================================
Balance: $196.19 | Regime: CHOP | Session: 3W/0L (100%) | PnL: $+11.15
[Cycle] No signal — YES=0.70 is between 0.30 and 0.70, sum=1.01 >= 0.97
[Positions] 1 still open
[Ticker] KXSOL15M-26APR021730-30
[Market] YES=0.84 | NO=0.19 | Sum=1.03
==================================================
Balance: $200.20 | Regime: CHOP | Session: 3W/0L (100%) | PnL: $+11.15
[Timing] Window 11 min old — skipping
[Cycle] No signal — YES=0.84 is between 0.30 and 0.70, sum=1.03 >= 0.97
[Positions] 1 still open
[Ticker] KXSOL15M-26APR021730-30
[Market] YES=0.96 | NO=0.07 | Sum=1.03
==================================================
Balance: $204.49 | Regime: CHOP | Session: 3W/0L (100%) | PnL: $+11.15
[Timing] Window 12 min old — skipping
[Cycle] No signal — YES=0.96 is between 0.30 and 0.70, sum=1.03 >= 0.97
[Positions] 1 still open
[Ticker] KXSOL15M-26APR021730-30
[Market] YES=1.00 | NO=0.01 | Sum=1.00
==================================================
Balance: $205.32 | Regime: CHOP | Session: 3W/0L (100%) | PnL: $+11.15
[Timing] Window 13 min old — skipping
[Cycle] No signal — YES=1.00 is between 0.30 and 0.70, sum=1.00 >= 0.97
[Positions] 1 still open
[Ticker] KXSOL15M-26APR021730-30
[Market] YES=1.00 | NO=0.01 | Sum=1.00
==================================================
Balance: $206.84 | Regime: CHOP | Session: 3W/0L (100%) | PnL: $+11.15
[Timing] Window 14 min old — skipping
[Cycle] No signal — YES=1.00 is between 0.30 and 0.70, sum=1.00 >= 0.97
[Positions] 1 still open
[Ticker] KXSOL15M-26APR021730-30
[Market] YES=1.00 | NO=0.00 | Sum=1.00
==================================================
Balance: $206.85 | Regime: CHOP | Session: 3W/0L (100%) | PnL: $+11.15
[Timing] Window 0 min old — skipping
[Cycle] No signal — YES=1.00 is between 0.30 and 0.70, sum=1.00 >= 0.97
[Positions] 1 still open
[Ticker] KXSOL15M-26APR021745-45
[Market] YES=0.53 | NO=0.52 | Sum=1.05
==================================================
Balance: $206.92 | Regime: CHOP | Session: 3W/0L (100%) | PnL: $+11.15
[Cycle] No signal — YES=0.53 is between 0.30 and 0.70, sum=1.05 >= 0.97
[Positions] 1 still open
[Ticker] KXSOL15M-26APR021745-45
[Market] YES=0.49 | NO=0.55 | Sum=1.04
==================================================
Balance: $206.92 | Regime: CHOP | Session: 3W/0L (100%) | PnL: $+11.15
[Cycle] No signal — YES=0.49 is between 0.30 and 0.70, sum=1.04 >= 0.97
[Positions] 1 still open
[Ticker] KXSOL15M-26APR021745-45
[Market] YES=0.59 | NO=0.45 | Sum=1.04
==================================================
Balance: $206.92 | Regime: CHOP | Session: 3W/0L (100%) | PnL: $+11.15
[Cycle] No signal — YES=0.59 is between 0.30 and 0.70, sum=1.04 >= 0.97
[Positions] 1 still open
[Ticker] KXSOL15M-26APR021745-45
[Market] YES=0.51 | NO=0.54 | Sum=1.05
==================================================
Balance: $206.92 | Regime: CHOP | Session: 3W/0L (100%) | PnL: $+11.15
[Cycle] No signal — YES=0.51 is between 0.30 and 0.70, sum=1.05 >= 0.97
[Positions] 1 still open
[Ticker] KXSOL15M-26APR021745-45
[Market] YES=0.41 | NO=0.60 | Sum=1.01
==================================================
Balance: $206.92 | Regime: CHOP | Session: 3W/0L (100%) | PnL: $+11.15
[Cycle] No signal — YES=0.41 is between 0.30 and 0.70, sum=1.01 >= 0.97
[Settled] WIN: UP $4.86 on KXSOL15M-26APR021730-30 | pnl=$+4.14 | 4W/0L (100%)
[Ticker] KXSOL15M-26APR021745-45
[Market] YES=0.20 | NO=0.82 | Sum=1.02
==================================================
Balance: $206.92 | Regime: CHOP | Session: 4W/0L (100%) | PnL: $+15.29
[Timing] Window 6 min old — skipping
[Cycle] No signal — YES=0.20 is between 0.30 and 0.70, sum=1.02 >= 0.97
[Ticker] KXSOL15M-26APR021745-45
[Market] YES=0.22 | NO=0.79 | Sum=1.01
==================================================
Balance: $206.92 | Regime: CHOP | Session: 4W/0L (100%) | PnL: $+15.29
[Timing] Window 7 min old — skipping
[Cycle] No signal — YES=0.22 is between 0.30 and 0.70, sum=1.01 >= 0.97
[Ticker] KXSOL15M-26APR021745-45
[Market] YES=0.13 | NO=0.88 | Sum=1.01
==================================================
Balance: $206.92 | Regime: CHOP | Session: 4W/0L (100%) | PnL: $+15.29
[Timing] Window 8 min old — skipping
[Cycle] No signal — YES=0.13 is between 0.30 and 0.70, sum=1.01 >= 0.97
[Ticker] KXSOL15M-26APR021745-45
[Market] YES=0.13 | NO=0.88 | Sum=1.01
==================================================
Balance: $206.92 | Regime: CHOP | Session: 4W/0L (100%) | PnL: $+15.29
[Timing] Window 9 min old — skipping
[Cycle] No signal — YES=0.13 is between 0.30 and 0.70, sum=1.01 >= 0.97
[Ticker] KXSOL15M-26APR021745-45
[Market] YES=0.09 | NO=0.93 | Sum=1.02
==================================================
Balance: $206.92 | Regime: CHOP | Session: 4W/0L (100%) | PnL: $+15.29
[Timing] Window 10 min old — skipping
[Cycle] No signal — YES=0.09 is between 0.30 and 0.70, sum=1.02 >= 0.97
[Ticker] KXSOL15M-26APR021745-45
[Market] YES=0.04 | NO=0.96 | Sum=1.00
==================================================
Balance: $206.92 | Regime: CHOP | Session: 4W/0L (100%) | PnL: $+15.29
[Timing] Window 11 min old — skipping
[Cycle] No signal — YES=0.04 is between 0.30 and 0.70, sum=1.00 >= 0.97
[Ticker] KXSOL15M-26APR021745-45
[Market] YES=0.04 | NO=0.97 | Sum=1.01
==================================================
Balance: $206.92 | Regime: CHOP | Session: 4W/0L (100%) | PnL: $+15.29
[Timing] Window 12 min old — skipping
[Cycle] No signal — YES=0.04 is between 0.30 and 0.70, sum=1.01 >= 0.97
[Ticker] KXSOL15M-26APR021745-45
[Market] YES=0.00 | NO=1.00 | Sum=1.00
==================================================
Balance: $206.92 | Regime: CHOP | Session: 4W/0L (100%) | PnL: $+15.29
[Timing] Window 13 min old — skipping
[Cycle] No signal — YES=0.00 is between 0.30 and 0.70, sum=1.00 >= 0.97
[Ticker] KXSOL15M-26APR021745-45
[Market] YES=0.00 | NO=1.00 | Sum=1.00
==================================================
Balance: $206.92 | Regime: CHOP | Session: 4W/0L (100%) | PnL: $+15.29
[Timing] Window 14 min old — skipping
[Cycle] No signal — YES=0.00 is between 0.30 and 0.70, sum=1.00 >= 0.97
[Ticker] KXSOL15M-26APR021745-45
[Market] YES=0.00 | NO=1.00 | Sum=1.00
==================================================
Balance: $206.92 | Regime: CHOP | Session: 4W/0L (100%) | PnL: $+15.29
[Timing] Window 0 min old — skipping
[Cycle] No signal — YES=0.00 is between 0.30 and 0.70, sum=1.00 >= 0.97
[Ticker] KXSOL15M-26APR021800-00
[Market] YES=0.61 | NO=0.41 | Sum=1.02
==================================================
Balance: $206.92 | Regime: CHOP | Session: 4W/0L (100%) | PnL: $+15.29
[Cycle] No signal — YES=0.61 is between 0.30 and 0.70, sum=1.02 >= 0.97
[Ticker] KXSOL15M-26APR021800-00
[Market] YES=0.66 | NO=0.38 | Sum=1.04
==================================================
Balance: $206.92 | Regime: CHOP | Session: 4W/0L (100%) | PnL: $+15.29
[Cycle] No signal — YES=0.66 is between 0.30 and 0.70, sum=1.04 >= 0.97
[Ticker] KXSOL15M-26APR021800-00
[Market] YES=0.71 | NO=0.31 | Sum=1.02
==================================================
Balance: $206.92 | Regime: CHOP | Session: 4W/0L (100%) | PnL: $+15.29
[Signal] UP candidate | yes=0.71 | waiting (1/2)
[Cycle] No signal — YES=0.71 is between 0.30 and 0.70, sum=1.02 >= 0.97
[Ticker] KXSOL15M-26APR021800-00
[Market] YES=0.74 | NO=0.29 | Sum=1.03
==================================================
Balance: $206.90 | Regime: CHOP | Session: 4W/0L (100%) | PnL: $+15.29
[Coinbase] Confirms UP | $79 gap=+0 (0.08%)
[Kraken] Divergence 84674.71% — bet trimmed
[Correlation] Markets diverging — bet trimmed
[Signal] CONFIRMED UP | yes=0.74 | edge=0.24 | bet=$3.89
[Order] KXSOL15M-26APR021800-00 | yes | count=7 | $3.89
✅ BTC DIRECTIONAL: UP $3.89 on KXSOL15M-26APR021800-00
[Positions] 1 still open
[Ticker] KXSOL15M-26APR021800-00
[Market] YES=0.70 | NO=0.33 | Sum=1.03
==================================================
Balance: $204.80 | Regime: CHOP | Session: 4W/0L (100%) | PnL: $+15.29
[Cycle] No signal — YES=0.70 is between 0.30 and 0.70, sum=1.03 >= 0.97
[Positions] 1 still open
[Ticker] KXSOL15M-26APR021800-00
[Market] YES=0.78 | NO=0.24 | Sum=1.02
==================================================
Balance: $207.45 | Regime: CHOP | Session: 4W/0L (100%) | PnL: $+15.29
[Timing] Window 6 min old — skipping
[Cycle] No signal — YES=0.78 is between 0.30 and 0.70, sum=1.02 >= 0.97
[Positions] 1 still open
[Ticker] KXSOL15M-26APR021800-00
[Market] YES=0.86 | NO=0.18 | Sum=1.04
==================================================
Balance: $207.35 | Regime: CHOP | Session: 4W/0L (100%) | PnL: $+15.29
[Timing] Window 7 min old — skipping
[Cycle] No signal — YES=0.86 is between 0.30 and 0.70, sum=1.04 >= 0.97
[Positions] 1 still open
[Ticker] KXSOL15M-26APR021800-00
[Market] YES=0.91 | NO=0.12 | Sum=1.03
==================================================
Balance: $209.28 | Regime: CHOP | Session: 4W/0L (100%) | PnL: $+15.29
[Timing] Window 8 min old — skipping
[Cycle] No signal — YES=0.91 is between 0.30 and 0.70, sum=1.03 >= 0.97
[Positions] 1 still open
[Ticker] KXSOL15M-26APR021800-00
[Market] YES=0.94 | NO=0.07 | Sum=1.01
==================================================
Balance: $209.37 | Regime: CHOP | Session: 4W/0L (100%) | PnL: $+15.29
[Timing] Window 9 min old — skipping
[Cycle] No signal — YES=0.94 is between 0.30 and 0.70, sum=1.01 >= 0.97
[Positions] 1 still open
[Ticker] KXSOL15M-26APR021800-00
[Market] YES=0.96 | NO=0.05 | Sum=1.01
==================================================
Balance: $210.05 | Regime: CHOP | Session: 4W/0L (100%) | PnL: $+15.29
[Timing] Window 10 min old — skipping
[Cycle] No signal — YES=0.96 is between 0.30 and 0.70, sum=1.01 >= 0.97
[Positions] 1 still open
[Ticker] KXSOL15M-26APR021800-00
[Market] YES=0.98 | NO=0.03 | Sum=1.01
==================================================
Balance: $209.93 | Regime: CHOP | Session: 4W/0L (100%) | PnL: $+15.29
[Timing] Window 11 min old — skipping
[Cycle] No signal — YES=0.98 is between 0.30 and 0.70, sum=1.01 >= 0.97
[Positions] 1 still open
[Ticker] KXSOL15M-26APR021800-00
[Market] YES=1.00 | NO=0.01 | Sum=1.00
==================================================
Balance: $210.43 | Regime: CHOP | Session: 4W/0L (100%) | PnL: $+15.29
[Timing] Window 12 min old — skipping
[Cycle] No signal — YES=1.00 is between 0.30 and 0.70, sum=1.00 >= 0.97
[Positions] 1 still open
[Ticker] KXSOL15M-26APR021800-00
[Market] YES=1.00 | NO=0.00 | Sum=1.00
==================================================
Balance: $210.50 | Regime: CHOP | Session: 4W/0L (100%) | PnL: $+15.29
[Timing] Window 13 min old — skipping
[Cycle] No signal — YES=1.00 is between 0.30 and 0.70, sum=1.00 >= 0.97
[Positions] 1 still open
[Ticker] KXSOL15M-26APR021800-00
[Market] YES=1.00 | NO=0.00 | Sum=1.00
==================================================
Balance: $210.53 | Regime: CHOP | Session: 4W/0L (100%) | PnL: $+15.29
[Timing] Window 14 min old — skipping
[Cycle] No signal — YES=1.00 is between 0.30 and 0.70, sum=1.00 >= 0.97
[Positions] 1 still open
[Ticker] KXSOL15M-26APR021800-00
[Market] YES=1.00 | NO=0.00 | Sum=1.00
==================================================
Balance: $210.53 | Regime: CHOP | Session: 4W/0L (100%) | PnL: $+15.29
[Timing] Window 0 min old — skipping
[Cycle] No signal — YES=1.00 is between 0.30 and 0.70, sum=1.00 >= 0.97
[Positions] 1 still open
[Ticker] KXSOL15M-26APR021815-15
[Market] YES=0.49 | NO=0.52 | Sum=1.01
==================================================
Balance: $210.55 | Regime: CHOP | Session: 4W/0L (100%) | PnL: $+15.29
[Cycle] No signal — YES=0.49 is between 0.30 and 0.70, sum=1.01 >= 0.97
[Positions] 1 still open
[Ticker] KXSOL15M-26APR021815-15
[Market] YES=0.54 | NO=0.50 | Sum=1.04
==================================================
Balance: $210.55 | Regime: CHOP | Session: 4W/0L (100%) | PnL: $+15.29
[Cycle] No signal — YES=0.54 is between 0.30 and 0.70, sum=1.04 >= 0.97
[Positions] 1 still open
[Ticker] KXSOL15M-26APR021815-15
[Market] YES=0.46 | NO=0.55 | Sum=1.01
==================================================
Balance: $210.55 | Regime: CHOP | Session: 4W/0L (100%) | PnL: $+15.29
[Cycle] No signal — YES=0.46 is between 0.30 and 0.70, sum=1.01 >= 0.97
[Positions] 1 still open
[Ticker] KXSOL15M-26APR021815-15
[Market] YES=0.63 | NO=0.41 | Sum=1.04
==================================================
Balance: $210.55 | Regime: CHOP | Session: 4W/0L (100%) | PnL: $+15.29
[Cycle] No signal — YES=0.63 is between 0.30 and 0.70, sum=1.04 >= 0.97
[Positions] 1 still open
[Ticker] KXSOL15M-26APR021815-15
[Market] YES=0.88 | NO=0.14 | Sum=1.02
==================================================
Balance: $210.46 | Regime: CHOP | Session: 4W/0L (100%) | PnL: $+15.29
[Timing] Window 5 min old — skipping
[Cycle] No signal — YES=0.88 is between 0.30 and 0.70, sum=1.02 >= 0.97
[Positions] 1 still open
[Ticker] KXSOL15M-26APR021815-15
[Market] YES=0.88 | NO=0.14 | Sum=1.02
==================================================
Balance: $210.54 | Regime: CHOP | Session: 4W/0L (100%) | PnL: $+15.29
[Timing] Window 6 min old — skipping
[Cycle] No signal — YES=0.88 is between 0.30 and 0.70, sum=1.02 >= 0.97
[Settled] WIN: UP $3.89 on KXSOL15M-26APR021800-00 | pnl=$+3.11 | 5W/0L (100%)
[Ticker] KXSOL15M-26APR021815-15
[Market] YES=0.88 | NO=0.14 | Sum=1.02
==================================================
Balance: $210.66 | Regime: CHOP | Session: 5W/0L (100%) | PnL: $+18.40
[Timing] Window 7 min old — skipping
[Cycle] No signal — YES=0.88 is between 0.30 and 0.70, sum=1.02 >= 0.97
[Ticker] KXSOL15M-26APR021815-15
[Market] YES=0.82 | NO=0.21 | Sum=1.03
==================================================
Balance: $209.42 | Regime: CHOP | Session: 5W/0L (100%) | PnL: $+18.40
[Timing] Window 8 min old — skipping
[Cycle] No signal — YES=0.82 is between 0.30 and 0.70, sum=1.03 >= 0.97
[Ticker] KXSOL15M-26APR021815-15
[Market] YES=0.86 | NO=0.15 | Sum=1.01
==================================================
Balance: $208.94 | Regime: CHOP | Session: 5W/0L (100%) | PnL: $+18.40
[Timing] Window 9 min old — skipping
[Cycle] No signal — YES=0.86 is between 0.30 and 0.70, sum=1.01 >= 0.97
[Ticker] KXSOL15M-26APR021815-15
[Market] YES=0.91 | NO=0.11 | Sum=1.02
==================================================
Balance: $209.26 | Regime: CHOP | Session: 5W/0L (100%) | PnL: $+18.40
[Timing] Window 10 min old — skipping
[Cycle] No signal — YES=0.91 is between 0.30 and 0.70, sum=1.02 >= 0.97
[Ticker] KXSOL15M-26APR021815-15
[Market] YES=0.91 | NO=0.12 | Sum=1.03
==================================================
Balance: $208.38 | Regime: CHOP | Session: 5W/0L (100%) | PnL: $+18.40
[Timing] Window 11 min old — skipping
[Cycle] No signal — YES=0.91 is between 0.30 and 0.70, sum=1.03 >= 0.97
[Ticker] KXSOL15M-26APR021815-15
[Market] YES=0.96 | NO=0.05 | Sum=1.01
==================================================
Balance: $210.02 | Regime: CHOP | Session: 5W/0L (100%) | PnL: $+18.40
[Timing] Window 12 min old — skipping
[Cycle] No signal — YES=0.96 is between 0.30 and 0.70, sum=1.01 >= 0.97
[Ticker] KXSOL15M-26APR021815-15
[Market] YES=0.99 | NO=0.01 | Sum=1.00
==================================================
Balance: $209.50 | Regime: CHOP | Session: 5W/0L (100%) | PnL: $+18.40
[Timing] Window 13 min old — skipping
[Cycle] No signal — YES=0.99 is between 0.30 and 0.70, sum=1.00 >= 0.97
[Ticker] KXSOL15M-26APR021815-15
[Market] YES=1.00 | NO=0.01 | Sum=1.01
==================================================
Balance: $207.26 | Regime: CHOP | Session: 5W/0L (100%) | PnL: $+18.40
[Timing] Window 14 min old — skipping
[Cycle] No signal — YES=1.00 is between 0.30 and 0.70, sum=1.01 >= 0.97
[Ticker] KXSOL15M-26APR021815-15
[Market] YES=1.00 | NO=0.00 | Sum=1.00
==================================================
Balance: $207.24 | Regime: CHOP | Session: 5W/0L (100%) | PnL: $+18.40
[Timing] Window 0 min old — skipping
[Cycle] No signal — YES=1.00 is between 0.30 and 0.70, sum=1.00 >= 0.97
[Ticker] KXSOL15M-26APR021830-30
[Market] YES=0.60 | NO=0.45 | Sum=1.05
==================================================
Balance: $207.22 | Regime: CHOP | Session: 5W/0L (100%) | PnL: $+18.40
[Cycle] No signal — YES=0.60 is between 0.30 and 0.70, sum=1.05 >= 0.97
[Ticker] KXSOL15M-26APR021830-30
[Market] YES=0.68 | NO=0.34 | Sum=1.02
==================================================
Balance: $207.22 | Regime: CHOP | Session: 5W/0L (100%) | PnL: $+18.40
[Cycle] No signal — YES=0.68 is between 0.30 and 0.70, sum=1.02 >= 0.97
[Ticker] KXSOL15M-26APR021830-30
[Market] YES=0.59 | NO=0.45 | Sum=1.04
==================================================
Balance: $206.93 | Regime: CHOP | Session: 5W/0L (100%) | PnL: $+18.40
[Cycle] No signal — YES=0.59 is between 0.30 and 0.70, sum=1.04 >= 0.97
[Ticker] KXSOL15M-26APR021830-30
[Market] YES=0.68 | NO=0.37 | Sum=1.05
==================================================
Balance: $207.37 | Regime: CHOP | Session: 5W/0L (100%) | PnL: $+18.40
[Cycle] No signal — YES=0.68 is between 0.30 and 0.70, sum=1.05 >= 0.97
[Ticker] KXSOL15M-26APR021830-30
[Market] YES=0.63 | NO=0.40 | Sum=1.03
==================================================
Balance: $207.49 | Regime: CHOP | Session: 5W/0L (100%) | PnL: $+18.40
[Cycle] No signal — YES=0.63 is between 0.30 and 0.70, sum=1.03 >= 0.97
[Ticker] KXSOL15M-26APR021830-30
[Market] YES=0.60 | NO=0.41 | Sum=1.01
==================================================
Balance: $207.67 | Regime: CHOP | Session: 5W/0L (100%) | PnL: $+18.40
[Cycle] No signal — YES=0.60 is between 0.30 and 0.70, sum=1.01 >= 0.97
[Ticker] KXSOL15M-26APR021830-30
[Market] YES=0.50 | NO=0.54 | Sum=1.04
==================================================
Balance: $207.37 | Regime: CHOP | Session: 5W/0L (100%) | PnL: $+18.40
[Cycle] No signal — YES=0.50 is between 0.30 and 0.70, sum=1.04 >= 0.97
[Ticker] KXSOL15M-26APR021830-30
[Market] YES=0.42 | NO=0.59 | Sum=1.01
==================================================
Balance: $207.45 | Regime: CHOP | Session: 5W/0L (100%) | PnL: $+18.40
[Cycle] No signal — YES=0.42 is between 0.30 and 0.70, sum=1.01 >= 0.97
[Ticker] KXSOL15M-26APR021830-30
[Market] YES=0.36 | NO=0.67 | Sum=1.03
==================================================
Balance: $207.13 | Regime: CHOP | Session: 5W/0L (100%) | PnL: $+18.40
[Cycle] No signal — YES=0.36 is between 0.30 and 0.70, sum=1.03 >= 0.97
[Ticker] KXSOL15M-26APR021830-30
[Market] YES=0.11 | NO=0.91 | Sum=1.02
==================================================
Balance: $206.69 | Regime: CHOP | Session: 5W/0L (100%) | PnL: $+18.40
[Timing] Window 10 min old — skipping
[Cycle] No signal — YES=0.11 is between 0.30 and 0.70, sum=1.02 >= 0.97
[Ticker] KXSOL15M-26APR021830-30
[Market] YES=0.04 | NO=0.96 | Sum=1.00
==================================================
Balance: $205.17 | Regime: CHOP | Session: 5W/0L (100%) | PnL: $+18.40
[Timing] Window 11 min old — skipping
[Cycle] No signal — YES=0.04 is between 0.30 and 0.70, sum=1.00 >= 0.97
[Ticker] KXSOL15M-26APR021830-30
[Market] YES=0.03 | NO=0.99 | Sum=1.01
==================================================
Balance: $204.45 | Regime: CHOP | Session: 5W/0L (100%) | PnL: $+18.40
[Timing] Window 12 min old — skipping
[Cycle] No signal — YES=0.03 is between 0.30 and 0.70, sum=1.01 >= 0.97
[Ticker] KXSOL15M-26APR021830-30
[Market] YES=0.01 | NO=1.00 | Sum=1.01
==================================================
Balance: $206.37 | Regime: CHOP | Session: 5W/0L (100%) | PnL: $+18.40
[Timing] Window 13 min old — skipping
[Cycle] No signal — YES=0.01 is between 0.30 and 0.70, sum=1.01 >= 0.97
[Ticker] KXSOL15M-26APR021830-30
[Market] YES=0.00 | NO=1.00 | Sum=1.00
==================================================
Balance: $207.13 | Regime: CHOP | Session: 5W/0L (100%) | PnL: $+18.40
[Timing] Window 14 min old — skipping
[Cycle] No signal — YES=0.00 is between 0.30 and 0.70, sum=1.00 >= 0.97
[Ticker] KXSOL15M-26APR021830-30
[Market] YES=0.00 | NO=1.00 | Sum=1.00
==================================================
Balance: $204.20 | Regime: CHOP | Session: 5W/0L (100%) | PnL: $+18.40
[Timing] Window 0 min old — skipping
[Cycle] No signal — YES=0.00 is between 0.30 and 0.70, sum=1.00 >= 0.97
[Ticker] KXSOL15M-26APR021845-45
[Market] YES=0.68 | NO=0.33 | Sum=1.01
==================================================
Balance: $204.01 | Regime: CHOP | Session: 5W/0L (100%) | PnL: $+18.40
[Cycle] No signal — YES=0.68 is between 0.30 and 0.70, sum=1.01 >= 0.97
[Ticker] KXSOL15M-26APR021845-45
[Market] YES=0.77 | NO=0.26 | Sum=1.03
==================================================
Balance: $204.01 | Regime: CHOP | Session: 5W/0L (100%) | PnL: $+18.40
[Signal] UP candidate | yes=0.77 | waiting (1/2)
[Cycle] No signal — YES=0.77 is between 0.30 and 0.70, sum=1.03 >= 0.97
[Ticker] KXSOL15M-26APR021845-45
[Market] YES=0.79 | NO=0.24 | Sum=1.03
==================================================
Balance: $203.82 | Regime: CHOP | Session: 5W/0L (100%) | PnL: $+18.40
[Coinbase] Confirms UP | $79 gap=+0 (0.17%)
[Kraken] Divergence 84649.79% — bet trimmed
[Correlation] 2/3 agree UP
[Signal] CONFIRMED UP | yes=0.79 | edge=0.29 | bet=$1.80
[Order] KXSOL15M-26APR021845-45 | yes | count=4 | $2.00
✅ BTC DIRECTIONAL: UP $2.00 on KXSOL15M-26APR021845-45
[Positions] 1 still open
[Ticker] KXSOL15M-26APR021845-45
[Market] YES=0.87 | NO=0.15 | Sum=1.02
==================================================
Balance: $204.37 | Regime: CHOP | Session: 5W/0L (100%) | PnL: $+18.40
[Signal] UP candidate | yes=0.87 | waiting (1/2)
[Cycle] No signal — YES=0.87 is between 0.30 and 0.70, sum=1.02 >= 0.97
[Positions] 1 still open
[Ticker] KXSOL15M-26APR021845-45
[Market] YES=0.84 | NO=0.17 | Sum=1.01
==================================================
Balance: $203.93 | Regime: CHOP | Session: 5W/0L (100%) | PnL: $+18.40
[Timing] Window 5 min old — skipping
[Cycle] No signal — YES=0.84 is between 0.30 and 0.70, sum=1.01 >= 0.97
[Positions] 1 still open
[Ticker] KXSOL15M-26APR021845-45
[Market] YES=0.86 | NO=0.18 | Sum=1.04
==================================================
Balance: $203.81 | Regime: CHOP | Session: 5W/0L (100%) | PnL: $+18.40
[Timing] Window 6 min old — skipping
[Cycle] No signal — YES=0.86 is between 0.30 and 0.70, sum=1.04 >= 0.97
[Positions] 1 still open
[Ticker] KXSOL15M-26APR021845-45
[Market] YES=0.87 | NO=0.16 | Sum=1.03
==================================================
Balance: $204.37 | Regime: CHOP | Session: 5W/0L (100%) | PnL: $+18.40
[Timing] Window 7 min old — skipping
[Cycle] No signal — YES=0.87 is between 0.30 and 0.70, sum=1.03 >= 0.97
[Positions] 1 still open
[Ticker] KXSOL15M-26APR021845-45
[Market] YES=0.89 | NO=0.13 | Sum=1.02
==================================================
Balance: $204.17 | Regime: CHOP | Session: 5W/0L (100%) | PnL: $+18.40
[Timing] Window 8 min old — skipping
[Cycle] No signal — YES=0.89 is between 0.30 and 0.70, sum=1.02 >= 0.97
[Positions] 1 still open
[Ticker] KXSOL15M-26APR021845-45
[Market] YES=0.95 | NO=0.07 | Sum=1.02
==================================================
Balance: $205.47 | Regime: CHOP | Session: 5W/0L (100%) | PnL: $+18.40
[Timing] Window 9 min old — skipping
[Cycle] No signal — YES=0.95 is between 0.30 and 0.70, sum=1.02 >= 0.97
[Positions] 1 still open
[Ticker] KXSOL15M-26APR021845-45
[Market] YES=0.99 | NO=0.03 | Sum=1.02
==================================================
Balance: $205.94 | Regime: CHOP | Session: 5W/0L (100%) | PnL: $+18.40
[Timing] Window 10 min old — skipping
[Cycle] No signal — YES=0.99 is between 0.30 and 0.70, sum=1.02 >= 0.97
[Positions] 1 still open
[Ticker] KXSOL15M-26APR021845-45
[Market] YES=0.99 | NO=0.02 | Sum=1.01
==================================================
Balance: $206.30 | Regime: CHOP | Session: 5W/0L (100%) | PnL: $+18.40
[Timing] Window 11 min old — skipping
[Cycle] No signal — YES=0.99 is between 0.30 and 0.70, sum=1.01 >= 0.97
[Positions] 1 still open
[Ticker] KXSOL15M-26APR021845-45
[Market] YES=1.00 | NO=0.01 | Sum=1.01
==================================================
Balance: $206.35 | Regime: CHOP | Session: 5W/0L (100%) | PnL: $+18.40
[Timing] Window 12 min old — skipping
[Cycle] No signal — YES=1.00 is between 0.30 and 0.70, sum=1.01 >= 0.97
[Positions] 1 still open
[Ticker] KXSOL15M-26APR021845-45
[Market] YES=1.00 | NO=0.00 | Sum=1.00
==================================================
Balance: $206.54 | Regime: CHOP | Session: 5W/0L (100%) | PnL: $+18.40
[Timing] Window 13 min old — skipping
[Cycle] No signal — YES=1.00 is between 0.30 and 0.70, sum=1.00 >= 0.97
[Positions] 1 still open
[Ticker] KXSOL15M-26APR021845-45
[Market] YES=1.00 | NO=0.00 | Sum=1.00
==================================================
Balance: $206.58 | Regime: CHOP | Session: 5W/0L (100%) | PnL: $+18.40
[Timing] Window 14 min old — skipping
[Cycle] No signal — YES=1.00 is between 0.30 and 0.70, sum=1.00 >= 0.97
[Positions] 1 still open
[Ticker] KXSOL15M-26APR021845-45
[Market] YES=1.00 | NO=0.00 | Sum=1.00
==================================================
Balance: $206.59 | Regime: CHOP | Session: 5W/0L (100%) | PnL: $+18.40
[Timing] Window 0 min old — skipping
[Cycle] No signal — YES=1.00 is between 0.30 and 0.70, sum=1.00 >= 0.97
[Positions] 1 still open
[Ticker] KXSOL15M-26APR021900-00
[Market] YES=0.38 | NO=0.65 | Sum=1.03
==================================================
Balance: $206.61 | Regime: CHOP | Session: 5W/0L (100%) | PnL: $+18.40
[Cycle] No signal — YES=0.38 is between 0.30 and 0.70, sum=1.03 >= 0.97
[Positions] 1 still open
[Ticker] KXSOL15M-26APR021900-00
[Market] YES=0.28 | NO=0.75 | Sum=1.03
==================================================
Balance: $206.53 | Regime: CHOP | Session: 5W/0L (100%) | PnL: $+18.40
[Signal] DOWN candidate | yes=0.28 | waiting (1/2)
[Cycle] No signal — YES=0.28 is between 0.30 and 0.70, sum=1.03 >= 0.97
[Positions] 1 still open
[Ticker] KXSOL15M-26APR021900-00
[Market] YES=0.24 | NO=0.77 | Sum=1.01
==================================================
Balance: $206.56 | Regime: CHOP | Session: 5W/0L (100%) | PnL: $+18.40
[Coinbase] Confirms DOWN | $79 gap=-0 (0.11%)
[Kraken] Divergence 84636.64% — bet trimmed
[Correlation] All 3 agree — bet boosted
[Signal] CONFIRMED DOWN | yes=0.24 | edge=0.26 | bet=$2.16
[Order] KXSOL15M-26APR021900-00 | no | count=4 | $2.16
✅ BTC DIRECTIONAL: DOWN $2.16 on KXSOL15M-26APR021900-00
[Positions] 2 still open
[Ticker] KXSOL15M-26APR021900-00
[Market] YES=0.21 | NO=0.82 | Sum=1.03
==================================================
Balance: $206.27 | Regime: CHOP | Session: 5W/0L (100%) | PnL: $+18.40
[Signal] DOWN candidate | yes=0.21 | waiting (1/2)
[Cycle] No signal — YES=0.21 is between 0.30 and 0.70, sum=1.03 >= 0.97
[Positions] 2 still open
[Ticker] KXSOL15M-26APR021900-00
[Market] YES=0.39 | NO=0.66 | Sum=1.05
==================================================
Balance: $204.71 | Regime: CHOP | Session: 5W/0L (100%) | PnL: $+18.40
[Cycle] No signal — YES=0.39 is between 0.30 and 0.70, sum=1.05 >= 0.97
[Settled] WIN: UP $2.00 on KXSOL15M-26APR021845-45 | pnl=$+2.00 | 6W/0L (100%)
[Positions] 1 still open
[Ticker] KXSOL15M-26APR021900-00
[Market] YES=0.36 | NO=0.68 | Sum=1.04
==================================================
Balance: $205.07 | Regime: CHOP | Session: 6W/0L (100%) | PnL: $+20.40
[Cycle] No signal — YES=0.36 is between 0.30 and 0.70, sum=1.04 >= 0.97
[Positions] 1 still open
[Ticker] KXSOL15M-26APR021900-00
[Market] YES=0.51 | NO=0.53 | Sum=1.04
==================================================
Balance: $203.67 | Regime: CHOP | Session: 6W/0L (100%) | PnL: $+20.40
[Cycle] No signal — YES=0.51 is between 0.30 and 0.70, sum=1.04 >= 0.97
[Positions] 1 still open
[Ticker] KXSOL15M-26APR021900-00
[Market] YES=0.33 | NO=0.71 | Sum=1.04
==================================================
Balance: $204.59 | Regime: CHOP | Session: 6W/0L (100%) | PnL: $+20.40
[Cycle] No signal — YES=0.33 is between 0.30 and 0.70, sum=1.04 >= 0.97
[Positions] 1 still open
[Ticker] KXSOL15M-26APR021900-00
[Market] YES=0.30 | NO=0.73 | Sum=1.03
==================================================
Balance: $205.11 | Regime: CHOP | Session: 6W/0L (100%) | PnL: $+20.40
[Cycle] No signal — YES=0.30 is between 0.30 and 0.70, sum=1.03 >= 0.97
[Positions] 1 still open
[Ticker] KXSOL15M-26APR021900-00
[Market] YES=0.29 | NO=0.75 | Sum=1.04
==================================================
Balance: $203.95 | Regime: CHOP | Session: 6W/0L (100%) | PnL: $+20.40
[Timing] Window 10 min old — skipping
[Cycle] No signal — YES=0.29 is between 0.30 and 0.70, sum=1.04 >= 0.97
[Positions] 1 still open
[Ticker] KXSOL15M-26APR021900-00
[Market] YES=0.34 | NO=0.69 | Sum=1.03
==================================================
Balance: $203.79 | Regime: CHOP | Session: 6W/0L (100%) | PnL: $+20.40
[Cycle] No signal — YES=0.34 is between 0.30 and 0.70, sum=1.03 >= 0.97
[Positions] 1 still open
[Ticker] KXSOL15M-26APR021900-00
[Market] YES=0.39 | NO=0.66 | Sum=1.05
==================================================
Balance: $202.45 | Regime: CHOP | Session: 6W/0L (100%) | PnL: $+20.40
[Cycle] No signal — YES=0.39 is between 0.30 and 0.70, sum=1.05 >= 0.97
[Positions] 1 still open
[Ticker] KXSOL15M-26APR021900-00
[Market] YES=0.35 | NO=0.69 | Sum=1.04
==================================================
Balance: $203.29 | Regime: CHOP | Session: 6W/0L (100%) | PnL: $+20.40
[Cycle] No signal — YES=0.35 is between 0.30 and 0.70, sum=1.04 >= 0.97
[Positions] 1 still open
[Ticker] KXSOL15M-26APR021900-00
[Market] YES=0.18 | NO=0.84 | Sum=1.02
==================================================
Balance: $203.39 | Regime: CHOP | Session: 6W/0L (100%) | PnL: $+20.40
[Timing] Window 14 min old — skipping
[Cycle] No signal — YES=0.18 is between 0.30 and 0.70, sum=1.02 >= 0.97
[Positions] 1 still open
[Ticker] KXSOL15M-26APR021900-00
[Market] YES=0.01 | NO=1.00 | Sum=1.01
==================================================
Balance: $204.46 | Regime: CHOP | Session: 6W/0L (100%) | PnL: $+20.40
[Timing] Window 0 min old — skipping
[Cycle] No signal — YES=0.01 is between 0.30 and 0.70, sum=1.01 >= 0.97
[Positions] 1 still open
[Ticker] KXSOL15M-26APR021915-15
[Market] YES=0.27 | NO=0.74 | Sum=1.01
==================================================
Balance: $204.95 | Regime: CHOP | Session: 6W/0L (100%) | PnL: $+20.40
[Signal] DOWN candidate | yes=0.27 | waiting (1/2)
[Cycle] No signal — YES=0.27 is between 0.30 and 0.70, sum=1.01 >= 0.97
[Positions] 1 still open
[Ticker] KXSOL15M-26APR021915-15
[Market] YES=0.30 | NO=0.74 | Sum=1.04
==================================================
Balance: $204.95 | Regime: CHOP | Session: 6W/0L (100%) | PnL: $+20.40
[Cycle] No signal — YES=0.30 is between 0.30 and 0.70, sum=1.04 >= 0.97
[Positions] 1 still open
[Ticker] KXSOL15M-26APR021915-15
[Market] YES=0.31 | NO=0.73 | Sum=1.04
==================================================
Balance: $204.95 | Regime: CHOP | Session: 6W/0L (100%) | PnL: $+20.40
[Cycle] No signal — YES=0.31 is between 0.30 and 0.70, sum=1.04 >= 0.97
[Positions] 1 still open
[Ticker] KXSOL15M-26APR021915-15
[Market] YES=0.14 | NO=0.88 | Sum=1.02
==================================================
Balance: $204.88 | Regime: CHOP | Session: 6W/0L (100%) | PnL: $+20.40
[Signal] DOWN candidate | yes=0.14 | waiting (1/2)
[Cycle] No signal — YES=0.14 is between 0.30 and 0.70, sum=1.02 >= 0.97
[Positions] 1 still open
[Ticker] KXSOL15M-26APR021915-15
[Market] YES=0.22 | NO=0.82 | Sum=1.04
==================================================
Balance: $203.68 | Regime: CHOP | Session: 6W/0L (100%) | PnL: $+20.40
[Timing] Window 5 min old — skipping
[Cycle] No signal — YES=0.22 is between 0.30 and 0.70, sum=1.04 >= 0.97
[Settled] WIN: DOWN $2.16 on KXSOL15M-26APR021900-00 | pnl=$+1.84 | 7W/0L (100%)
[Ticker] KXSOL15M-26APR021915-15
[Market] YES=0.29 | NO=0.76 | Sum=1.05
==================================================
Balance: $203.26 | Regime: CHOP | Session: 7W/0L (100%) | PnL: $+22.24
[Timing] Window 6 min old — skipping
[Cycle] No signal — YES=0.29 is between 0.30 and 0.70, sum=1.05 >= 0.97
[Ticker] KXSOL15M-26APR021915-15
[Market] YES=0.30 | NO=0.72 | Sum=1.02
==================================================
Balance: $203.20 | Regime: CHOP | Session: 7W/0L (100%) | PnL: $+22.24
[Cycle] No signal — YES=0.30 is between 0.30 and 0.70, sum=1.02 >= 0.97
[Ticker] KXSOL15M-26APR021915-15
[Market] YES=0.11 | NO=0.91 | Sum=1.02
==================================================
Balance: $204.70 | Regime: CHOP | Session: 7W/0L (100%) | PnL: $+22.24
[Timing] Window 8 min old — skipping
[Cycle] No signal — YES=0.11 is between 0.30 and 0.70, sum=1.02 >= 0.97
[Ticker] KXSOL15M-26APR021915-15
[Market] YES=0.05 | NO=0.96 | Sum=1.01
==================================================
Balance: $205.54 | Regime: CHOP | Session: 7W/0L (100%) | PnL: $+22.24
[Timing] Window 9 min old — skipping
[Cycle] No signal — YES=0.05 is between 0.30 and 0.70, sum=1.01 >= 0.97
[Ticker] KXSOL15M-26APR021915-15
[Market] YES=0.06 | NO=0.96 | Sum=1.02
==================================================
Balance: $205.36 | Regime: CHOP | Session: 7W/0L (100%) | PnL: $+22.24
[Timing] Window 10 min old — skipping
[Cycle] No signal — YES=0.06 is between 0.30 and 0.70, sum=1.02 >= 0.97
[Ticker] KXSOL15M-26APR021915-15
[Market] YES=0.02 | NO=0.99 | Sum=1.01
==================================================
Balance: $205.72 | Regime: CHOP | Session: 7W/0L (100%) | PnL: $+22.24
[Timing] Window 11 min old — skipping
[Cycle] No signal — YES=0.02 is between 0.30 and 0.70, sum=1.01 >= 0.97
[Ticker] KXSOL15M-26APR021915-15
[Market] YES=0.01 | NO=0.99 | Sum=1.00
==================================================
Balance: $205.94 | Regime: CHOP | Session: 7W/0L (100%) | PnL: $+22.24
[Timing] Window 12 min old — skipping
[Cycle] No signal — YES=0.01 is between 0.30 and 0.70, sum=1.00 >= 0.97
[Ticker] KXSOL15M-26APR021915-15
[Market] YES=0.01 | NO=1.00 | Sum=1.00
==================================================
Balance: $205.88 | Regime: CHOP | Session: 7W/0L (100%) | PnL: $+22.24
[Timing] Window 13 min old — skipping
[Cycle] No signal — YES=0.01 is between 0.30 and 0.70, sum=1.00 >= 0.97
[Ticker] KXSOL15M-26APR021915-15
[Market] YES=0.01 | NO=1.00 | Sum=1.00
==================================================
Balance: $206.00 | Regime: CHOP | Session: 7W/0L (100%) | PnL: $+22.24
[Timing] Window 14 min old — skipping
[Cycle] No signal — YES=0.01 is between 0.30 and 0.70, sum=1.00 >= 0.97
[Ticker] KXSOL15M-26APR021915-15
[Market] YES=0.01 | NO=1.00 | Sum=1.00
==================================================
Balance: $206.01 | Regime: CHOP | Session: 7W/0L (100%) | PnL: $+22.24
[Timing] Window 0 min old — skipping
[Cycle] No signal — YES=0.01 is between 0.30 and 0.70, sum=1.00 >= 0.97
[Ticker] KXSOL15M-26APR021930-30
[Market] YES=0.67 | NO=0.36 | Sum=1.03
==================================================
Balance: $206.02 | Regime: CHOP | Session: 7W/0L (100%) | PnL: $+22.24
[Cycle] No signal — YES=0.67 is between 0.30 and 0.70, sum=1.03 >= 0.97
[Ticker] KXSOL15M-26APR021930-30
[Market] YES=0.73 | NO=0.32 | Sum=1.05
==================================================
Balance: $206.02 | Regime: CHOP | Session: 7W/0L (100%) | PnL: $+22.24
[Signal] UP candidate | yes=0.73 | waiting (1/2)
[Cycle] No signal — YES=0.73 is between 0.30 and 0.70, sum=1.05 >= 0.97
[Ticker] KXSOL15M-26APR021930-30
[Market] YES=0.65 | NO=0.39 | Sum=1.04
==================================================
Balance: $206.02 | Regime: CHOP | Session: 7W/0L (100%) | PnL: $+22.24
[Cycle] No signal — YES=0.65 is between 0.30 and 0.70, sum=1.04 >= 0.97
[Ticker] KXSOL15M-26APR021930-30
[Market] YES=0.74 | NO=0.29 | Sum=1.03
==================================================
Balance: $206.02 | Regime: CHOP | Session: 7W/0L (100%) | PnL: $+22.24
[Signal] UP candidate | yes=0.74 | waiting (1/2)
[Cycle] No signal — YES=0.74 is between 0.30 and 0.70, sum=1.03 >= 0.97
[Ticker] KXSOL15M-26APR021930-30
[Market] YES=0.79 | NO=0.24 | Sum=1.03
==================================================
Balance: $206.02 | Regime: CHOP | Session: 7W/0L (100%) | PnL: $+22.24
[Timing] Window 5 min old — skipping
[Cycle] No signal — YES=0.79 is between 0.30 and 0.70, sum=1.03 >= 0.97
[Ticker] KXSOL15M-26APR021930-30
[Market] YES=0.81 | NO=0.20 | Sum=1.01
==================================================
Balance: $206.02 | Regime: CHOP | Session: 7W/0L (100%) | PnL: $+22.24
[Timing] Window 6 min old — skipping
[Cycle] No signal — YES=0.81 is between 0.30 and 0.70, sum=1.01 >= 0.97
[Ticker] KXSOL15M-26APR021930-30
[Market] YES=0.97 | NO=0.06 | Sum=1.03
==================================================
Balance: $206.02 | Regime: CHOP | Session: 7W/0L (100%) | PnL: $+22.24
[Timing] Window 7 min old — skipping
[Cycle] No signal — YES=0.97 is between 0.30 and 0.70, sum=1.03 >= 0.97
[Ticker] KXSOL15M-26APR021930-30
[Market] YES=0.97 | NO=0.05 | Sum=1.02
==================================================
Balance: $206.02 | Regime: CHOP | Session: 7W/0L (100%) | PnL: $+22.24
[Timing] Window 8 min old — skipping
[Cycle] No signal — YES=0.97 is between 0.30 and 0.70, sum=1.02 >= 0.97
[Ticker] KXSOL15M-26APR021930-30
[Market] YES=0.98 | NO=0.04 | Sum=1.02
==================================================
Balance: $206.02 | Regime: CHOP | Session: 7W/0L (100%) | PnL: $+22.24
[Timing] Window 9 min old — skipping
[Cycle] No signal — YES=0.98 is between 0.30 and 0.70, sum=1.02 >= 0.97
[Ticker] KXSOL15M-26APR021930-30
[Market] YES=1.00 | NO=0.01 | Sum=1.01
==================================================
Balance: $206.02 | Regime: CHOP | Session: 7W/0L (100%) | PnL: $+22.24
[Timing] Window 10 min old — skipping
[Cycle] No signal — YES=1.00 is between 0.30 and 0.70, sum=1.01 >= 0.97
[Ticker] KXSOL15M-26APR021930-30
[Market] YES=0.96 | NO=0.05 | Sum=1.01
==================================================
Balance: $206.02 | Regime: CHOP | Session: 7W/0L (100%) | PnL: $+22.24
[Timing] Window 11 min old — skipping
[Cycle] No signal — YES=0.96 is between 0.30 and 0.70, sum=1.01 >= 0.97
[Ticker] KXSOL15M-26APR021930-30
[Market] YES=0.99 | NO=0.02 | Sum=1.01
==================================================
Balance: $206.02 | Regime: CHOP | Session: 7W/0L (100%) | PnL: $+22.24
[Timing] Window 12 min old — skipping
[Cycle] No signal — YES=0.99 is between 0.30 and 0.70, sum=1.01 >= 0.97
[Ticker] KXSOL15M-26APR021930-30
[Market] YES=1.00 | NO=0.01 | Sum=1.01
==================================================
Balance: $206.02 | Regime: CHOP | Session: 7W/0L (100%) | PnL: $+22.24
[Timing] Window 13 min old — skipping
[Cycle] No signal — YES=1.00 is between 0.30 and 0.70, sum=1.01 >= 0.97
[Ticker] KXSOL15M-26APR021930-30
[Market] YES=1.00 | NO=0.00 | Sum=1.00
==================================================
Balance: $206.02 | Regime: CHOP | Session: 7W/0L (100%) | PnL: $+22.24
[Timing] Window 14 min old — skipping
[Cycle] No signal — YES=1.00 is between 0.30 and 0.70, sum=1.00 >= 0.97
[Ticker] KXSOL15M-26APR021930-30
[Market] YES=1.00 | NO=0.00 | Sum=1.00
==================================================
Balance: $206.02 | Regime: CHOP | Session: 7W/0L (100%) | PnL: $+22.24
[Timing] Window 0 min old — skipping
[Cycle] No signal — YES=1.00 is between 0.30 and 0.70, sum=1.00 >= 0.97
[Ticker] KXSOL15M-26APR021945-45
[Market] YES=0.44 | NO=0.61 | Sum=1.05
==================================================
Balance: $206.02 | Regime: CHOP | Session: 7W/0L (100%) | PnL: $+22.24
[Cycle] No signal — YES=0.44 is between 0.30 and 0.70, sum=1.05 >= 0.97
[Ticker] KXSOL15M-26APR021945-45
[Market] YES=0.34 | NO=0.69 | Sum=1.03
==================================================
Balance: $206.02 | Regime: CHOP | Session: 7W/0L (100%) | PnL: $+22.24
[Cycle] No signal — YES=0.34 is between 0.30 and 0.70, sum=1.03 >= 0.97
[Ticker] KXSOL15M-26APR021945-45
[Market] YES=0.48 | NO=0.56 | Sum=1.04
==================================================
Balance: $206.02 | Regime: CHOP | Session: 7W/0L (100%) | PnL: $+22.24
[Cycle] No signal — YES=0.48 is between 0.30 and 0.70, sum=1.04 >= 0.97
[Ticker] KXSOL15M-26APR021945-45
[Market] YES=0.44 | NO=0.57 | Sum=1.01
==================================================
Balance: $206.02 | Regime: CHOP | Session: 7W/0L (100%) | PnL: $+22.24
[Cycle] No signal — YES=0.44 is between 0.30 and 0.70, sum=1.01 >= 0.97
[Ticker] KXSOL15M-26APR021945-45
[Market] YES=0.45 | NO=0.59 | Sum=1.04
==================================================
Balance: $206.02 | Regime: CHOP | Session: 7W/0L (100%) | PnL: $+22.24
[Cycle] No signal — YES=0.45 is between 0.30 and 0.70, sum=1.04 >= 0.97
[Ticker] KXSOL15M-26APR021945-45
[Market] YES=0.52 | NO=0.52 | Sum=1.04
==================================================
Balance: $206.02 | Regime: CHOP | Session: 7W/0L (100%) | PnL: $+22.24
[Cycle] No signal — YES=0.52 is between 0.30 and 0.70, sum=1.04 >= 0.97
[Ticker] KXSOL15M-26APR021945-45
[Market] YES=0.39 | NO=0.65 | Sum=1.04
==================================================
Balance: $206.02 | Regime: CHOP | Session: 7W/0L (100%) | PnL: $+22.24
[Cycle] No signal — YES=0.39 is between 0.30 and 0.70, sum=1.04 >= 0.97
[Ticker] KXSOL15M-26APR021945-45
[Market] YES=0.35 | NO=0.70 | Sum=1.05
==================================================
Balance: $206.02 | Regime: CHOP | Session: 7W/0L (100%) | PnL: $+22.24
[Cycle] No signal — YES=0.35 is between 0.30 and 0.70, sum=1.05 >= 0.97
[Ticker] KXSOL15M-26APR021945-45
[Market] YES=0.30 | NO=0.73 | Sum=1.03
==================================================
Balance: $206.02 | Regime: CHOP | Session: 7W/0L (100%) | PnL: $+22.24
[Cycle] No signal — YES=0.30 is between 0.30 and 0.70, sum=1.03 >= 0.97
[Ticker] KXSOL15M-26APR021945-45
[Market] YES=0.34 | NO=0.68 | Sum=1.02
==================================================
Balance: $206.02 | Regime: CHOP | Session: 7W/0L (100%) | PnL: $+22.24
[Cycle] No signal — YES=0.34 is between 0.30 and 0.70, sum=1.02 >= 0.97
[Ticker] KXSOL15M-26APR021945-45
[Market] YES=0.34 | NO=0.70 | Sum=1.04
==================================================
Balance: $206.02 | Regime: CHOP | Session: 7W/0L (100%) | PnL: $+22.24
[Cycle] No signal — YES=0.34 is between 0.30 and 0.70, sum=1.04 >= 0.97
[Ticker] KXSOL15M-26APR021945-45
[Market] YES=0.65 | NO=0.40 | Sum=1.05
==================================================
Balance: $206.02 | Regime: CHOP | Session: 7W/0L (100%) | PnL: $+22.24
[Cycle] No signal — YES=0.65 is between 0.30 and 0.70, sum=1.05 >= 0.97
[Ticker] KXSOL15M-26APR021945-45
[Market] YES=0.77 | NO=0.26 | Sum=1.03
==================================================
Balance: $206.02 | Regime: CHOP | Session: 7W/0L (100%) | PnL: $+22.24
[Timing] Window 13 min old — skipping
[Cycle] No signal — YES=0.77 is between 0.30 and 0.70, sum=1.03 >= 0.97
[Ticker] KXSOL15M-26APR021945-45
[Market] YES=0.44 | NO=0.57 | Sum=1.01
==================================================
Balance: $206.02 | Regime: CHOP | Session: 7W/0L (100%) | PnL: $+22.24
[Cycle] No signal — YES=0.44 is between 0.30 and 0.70, sum=1.01 >= 0.97
[Ticker] KXSOL15M-26APR021945-45
[Market] YES=0.01 | NO=0.99 | Sum=1.00
==================================================
Balance: $206.02 | Regime: CHOP | Session: 7W/0L (100%) | PnL: $+22.24
[Timing] Window 0 min old — skipping
[Cycle] No signal — YES=0.01 is between 0.30 and 0.70, sum=1.00 >= 0.97
[Ticker] KXSOL15M-26APR022000-00
[Market] YES=0.42 | NO=0.62 | Sum=1.04
==================================================
Balance: $206.02 | Regime: CHOP | Session: 7W/0L (100%) | PnL: $+22.24
[Cycle] No signal — YES=0.42 is between 0.30 and 0.70, sum=1.04 >= 0.97
[Ticker] KXSOL15M-26APR022000-00
[Market] YES=0.40 | NO=0.64 | Sum=1.04
==================================================
Balance: $206.02 | Regime: CHOP | Session: 7W/0L (100%) | PnL: $+22.24
[Cycle] No signal — YES=0.40 is between 0.30 and 0.70, sum=1.04 >= 0.97
[Ticker] KXSOL15M-26APR022000-00
[Market] YES=0.49 | NO=0.55 | Sum=1.04
==================================================
Balance: $206.02 | Regime: CHOP | Session: 7W/0L (100%) | PnL: $+22.24
[Cycle] No signal — YES=0.49 is between 0.30 and 0.70, sum=1.04 >= 0.97
[Ticker] KXSOL15M-26APR022000-00
[Market] YES=0.51 | NO=0.53 | Sum=1.04
==================================================
Balance: $206.02 | Regime: CHOP | Session: 7W/0L (100%) | PnL: $+22.24
[Cycle] No signal — YES=0.51 is between 0.30 and 0.70, sum=1.04 >= 0.97
[Ticker] KXSOL15M-26APR022000-00
[Market] YES=0.51 | NO=0.52 | Sum=1.03
==================================================
Balance: $206.02 | Regime: CHOP | Session: 7W/0L (100%) | PnL: $+22.24
[Cycle] No signal — YES=0.51 is between 0.30 and 0.70, sum=1.03 >= 0.97
[Ticker] KXSOL15M-26APR022000-00
[Market] YES=0.50 | NO=0.55 | Sum=1.05
==================================================
Balance: $206.02 | Regime: CHOP | Session: 7W/0L (100%) | PnL: $+22.24
[Cycle] No signal — YES=0.50 is between 0.30 and 0.70, sum=1.05 >= 0.97
[Ticker] KXSOL15M-26APR022000-00
[Market] YES=0.55 | NO=0.49 | Sum=1.04
==================================================
Balance: $206.02 | Regime: CHOP | Session: 7W/0L (100%) | PnL: $+22.24
[Cycle] No signal — YES=0.55 is between 0.30 and 0.70, sum=1.04 >= 0.97
[Ticker] KXSOL15M-26APR022000-00
[Market] YES=0.55 | NO=0.46 | Sum=1.01
==================================================
Balance: $206.02 | Regime: CHOP | Session: 7W/0L (100%) | PnL: $+22.24
[Cycle] No signal — YES=0.55 is between 0.30 and 0.70, sum=1.01 >= 0.97
[Ticker] KXSOL15M-26APR022000-00
[Market] YES=0.56 | NO=0.47 | Sum=1.03
==================================================
Balance: $206.02 | Regime: CHOP | Session: 7W/0L (100%) | PnL: $+22.24
[Cycle] No signal — YES=0.56 is between 0.30 and 0.70, sum=1.03 >= 0.97
[Ticker] KXSOL15M-26APR022000-00
[Market] YES=0.73 | NO=0.32 | Sum=1.05
==================================================
Balance: $206.02 | Regime: CHOP | Session: 7W/0L (100%) | PnL: $+22.24
[Timing] Window 10 min old — skipping
[Cycle] No signal — YES=0.73 is between 0.30 and 0.70, sum=1.05 >= 0.97
[Ticker] KXSOL15M-26APR022000-00
[Market] YES=0.81 | NO=0.23 | Sum=1.04
==================================================
Balance: $206.02 | Regime: CHOP | Session: 7W/0L (100%) | PnL: $+22.24
[Timing] Window 11 min old — skipping
[Cycle] No signal — YES=0.81 is between 0.30 and 0.70, sum=1.04 >= 0.97
[Ticker] KXSOL15M-26APR022000-00
[Market] YES=0.92 | NO=0.10 | Sum=1.02
==================================================
Balance: $206.02 | Regime: CHOP | Session: 7W/0L (100%) | PnL: $+22.24
[Timing] Window 12 min old — skipping
[Cycle] No signal — YES=0.92 is between 0.30 and 0.70, sum=1.02 >= 0.97
[Ticker] KXSOL15M-26APR022000-00
[Market] YES=0.89 | NO=0.13 | Sum=1.02
==================================================
Balance: $206.02 | Regime: CHOP | Session: 7W/0L (100%) | PnL: $+22.24
[Timing] Window 13 min old — skipping
[Cycle] No signal — YES=0.89 is between 0.30 and 0.70, sum=1.02 >= 0.97
[Ticker] KXSOL15M-26APR022000-00
[Market] YES=0.85 | NO=0.21 | Sum=1.06
==================================================
Balance: $206.02 | Regime: CHOP | Session: 7W/0L (100%) | PnL: $+22.24
[Timing] Window 14 min old — skipping
[Cycle] No signal — YES=0.85 is between 0.30 and 0.70, sum=1.06 >= 0.97
[Ticker] KXSOL15M-26APR022000-00
[Market] YES=1.00 | NO=0.00 | Sum=1.00
==================================================
Balance: $206.02 | Regime: CHOP | Session: 7W/0L (100%) | PnL: $+22.24
[Timing] Window 0 min old — skipping
[Cycle] No signal — YES=1.00 is between 0.30 and 0.70, sum=1.00 >= 0.97
[Ticker] KXSOL15M-26APR022015-15
[Market] YES=0.57 | NO=0.45 | Sum=1.02
==================================================
Balance: $206.02 | Regime: CHOP | Session: 7W/0L (100%) | PnL: $+22.24
[Cycle] No signal — YES=0.57 is between 0.30 and 0.70, sum=1.02 >= 0.97
[Ticker] KXSOL15M-26APR022015-15
[Market] YES=0.65 | NO=0.39 | Sum=1.04
==================================================
Balance: $205.98 | Regime: CHOP | Session: 7W/0L (100%) | PnL: $+22.24
[Cycle] No signal — YES=0.65 is between 0.30 and 0.70, sum=1.04 >= 0.97
[Ticker] KXSOL15M-26APR022015-15
[Market] YES=0.64 | NO=0.39 | Sum=1.03
==================================================
Balance: $205.70 | Regime: CHOP | Session: 7W/0L (100%) | PnL: $+22.24
[Cycle] No signal — YES=0.64 is between 0.30 and 0.70, sum=1.03 >= 0.97
[Ticker] KXSOL15M-26APR022015-15
[Market] YES=0.67 | NO=0.37 | Sum=1.04
==================================================
Balance: $205.58 | Regime: CHOP | Session: 7W/0L (100%) | PnL: $+22.24
[Cycle] No signal — YES=0.67 is between 0.30 and 0.70, sum=1.04 >= 0.97
[Ticker] KXSOL15M-26APR022015-15
[Market] YES=0.72 | NO=0.30 | Sum=1.02
==================================================
Balance: $206.34 | Regime: CHOP | Session: 7W/0L (100%) | PnL: $+22.24
[Timing] Window 5 min old — skipping
[Cycle] No signal — YES=0.72 is between 0.30 and 0.70, sum=1.02 >= 0.97
[Ticker] KXSOL15M-26APR022015-15
[Market] YES=0.68 | NO=0.35 | Sum=1.03
==================================================
Balance: $206.18 | Regime: CHOP | Session: 7W/0L (100%) | PnL: $+22.24
[Cycle] No signal — YES=0.68 is between 0.30 and 0.70, sum=1.03 >= 0.97
[Ticker] KXSOL15M-26APR022015-15
[Market] YES=0.76 | NO=0.26 | Sum=1.02
==================================================
Balance: $206.10 | Regime: CHOP | Session: 7W/0L (100%) | PnL: $+22.24
[Timing] Window 7 min old — skipping
[Cycle] No signal — YES=0.76 is between 0.30 and 0.70, sum=1.02 >= 0.97
[Ticker] KXSOL15M-26APR022015-15
[Market] YES=0.75 | NO=0.29 | Sum=1.04
==================================================
Balance: $205.58 | Regime: CHOP | Session: 7W/0L (100%) | PnL: $+22.24
[Timing] Window 8 min old — skipping
[Cycle] No signal — YES=0.75 is between 0.30 and 0.70, sum=1.04 >= 0.97
[Ticker] KXSOL15M-26APR022015-15
[Market] YES=0.33 | NO=0.70 | Sum=1.03
==================================================
Balance: $203.34 | Regime: CHOP | Session: 7W/0L (100%) | PnL: $+22.24
[Cycle] No signal — YES=0.33 is between 0.30 and 0.70, sum=1.03 >= 0.97
[Ticker] KXSOL15M-26APR022015-15
[Market] YES=0.66 | NO=0.35 | Sum=1.01
==================================================
Balance: $203.90 | Regime: CHOP | Session: 7W/0L (100%) | PnL: $+22.24
[Cycle] No signal — YES=0.66 is between 0.30 and 0.70, sum=1.01 >= 0.97
[Ticker] KXSOL15M-26APR022015-15
[Market] YES=0.69 | NO=0.33 | Sum=1.02
==================================================
Balance: $203.00 | Regime: CHOP | Session: 7W/0L (100%) | PnL: $+22.24
[Cycle] No signal — YES=0.69 is between 0.30 and 0.70, sum=1.02 >= 0.97
[Ticker] KXSOL15M-26APR022015-15
[Market] YES=0.81 | NO=0.21 | Sum=1.02
==================================================
Balance: $203.14 | Regime: CHOP | Session: 7W/0L (100%) | PnL: $+22.24
[Timing] Window 12 min old — skipping
[Cycle] No signal — YES=0.81 is between 0.30 and 0.70, sum=1.02 >= 0.97
[Ticker] KXSOL15M-26APR022015-15
[Market] YES=0.93 | NO=0.09 | Sum=1.02
==================================================
Balance: $203.54 | Regime: CHOP | Session: 7W/0L (100%) | PnL: $+22.24
[Timing] Window 13 min old — skipping
[Cycle] No signal — YES=0.93 is between 0.30 and 0.70, sum=1.02 >= 0.97
[Ticker] KXSOL15M-26APR022015-15
[Market] YES=0.95 | NO=0.06 | Sum=1.01
==================================================
Balance: $202.76 | Regime: CHOP | Session: 7W/0L (100%) | PnL: $+22.24
[Timing] Window 14 min old — skipping
[Cycle] No signal — YES=0.95 is between 0.30 and 0.70, sum=1.01 >= 0.97
[Ticker] KXSOL15M-26APR022015-15
[Market] YES=1.00 | NO=0.01 | Sum=1.00
==================================================
Balance: $202.74 | Regime: CHOP | Session: 7W/0L (100%) | PnL: $+22.24
[Timing] Window 0 min old — skipping
[Cycle] No signal — YES=1.00 is between 0.30 and 0.70, sum=1.00 >= 0.97
[Ticker] KXSOL15M-26APR022030-30
[Market] YES=0.56 | NO=0.45 | Sum=1.01
==================================================
Balance: $202.74 | Regime: CHOP | Session: 7W/0L (100%) | PnL: $+22.24
[Cycle] No signal — YES=0.56 is between 0.30 and 0.70, sum=1.01 >= 0.97
[Ticker] KXSOL15M-26APR022030-30
[Market] YES=0.64 | NO=0.38 | Sum=1.02
==================================================
Balance: $202.74 | Regime: CHOP | Session: 7W/0L (100%) | PnL: $+22.24
[Cycle] No signal — YES=0.64 is between 0.30 and 0.70, sum=1.02 >= 0.97
[Ticker] KXSOL15M-26APR022030-30
[Market] YES=0.77 | NO=0.25 | Sum=1.02
==================================================
Balance: $202.74 | Regime: CHOP | Session: 7W/0L (100%) | PnL: $+22.24
[Signal] UP candidate | yes=0.77 | waiting (1/2)
[Cycle] No signal — YES=0.77 is between 0.30 and 0.70, sum=1.02 >= 0.97
[Ticker] KXSOL15M-26APR022030-30
[Market] YES=0.81 | NO=0.22 | Sum=1.03
==================================================
Balance: $202.74 | Regime: CHOP | Session: 7W/0L (100%) | PnL: $+22.24
[Coinbase] Confirms UP | $79 gap=+0 (0.16%)
[Kraken] Divergence 84403.22% — bet trimmed
[Correlation] 2/3 agree UP
[Signal] CONFIRMED UP | yes=0.81 | edge=0.31 | bet=$1.80
[Order] KXSOL15M-26APR022030-30 | yes | count=4 | $2.00
✅ BTC DIRECTIONAL: UP $2.00 on KXSOL15M-26APR022030-30
[Positions] 1 still open
[Ticker] KXSOL15M-26APR022030-30
[Market] YES=0.84 | NO=0.17 | Sum=1.01
==================================================
Balance: $202.65 | Regime: CHOP | Session: 7W/0L (100%) | PnL: $+22.24
[Timing] Window 5 min old — skipping
[Cycle] No signal — YES=0.84 is between 0.30 and 0.70, sum=1.01 >= 0.97
[Positions] 1 still open
[Ticker] KXSOL15M-26APR022030-30
[Market] YES=0.89 | NO=0.12 | Sum=1.01
==================================================
Balance: $202.89 | Regime: CHOP | Session: 7W/0L (100%) | PnL: $+22.24
[Timing] Window 6 min old — skipping
[Cycle] No signal — YES=0.89 is between 0.30 and 0.70, sum=1.01 >= 0.97
[Positions] 1 still open
[Ticker] KXSOL15M-26APR022030-30
[Market] YES=0.95 | NO=0.06 | Sum=1.01
==================================================
Balance: $203.13 | Regime: CHOP | Session: 7W/0L (100%) | PnL: $+22.24
[Timing] Window 7 min old — skipping
[Cycle] No signal — YES=0.95 is between 0.30 and 0.70, sum=1.01 >= 0.97
[Positions] 1 still open
[Ticker] KXSOL15M-26APR022030-30
[Market] YES=0.99 | NO=0.02 | Sum=1.01
==================================================
Balance: $203.37 | Regime: CHOP | Session: 7W/0L (100%) | PnL: $+22.24
[Timing] Window 8 min old — skipping
[Cycle] No signal — YES=0.99 is between 0.30 and 0.70, sum=1.01 >= 0.97
[Positions] 1 still open
[Ticker] KXSOL15M-26APR022030-30
[Market] YES=0.99 | NO=0.02 | Sum=1.01
==================================================
Balance: $203.33 | Regime: CHOP | Session: 7W/0L (100%) | PnL: $+22.24
[Timing] Window 9 min old — skipping
[Cycle] No signal — YES=0.99 is between 0.30 and 0.70, sum=1.01 >= 0.97
[Positions] 1 still open
[Ticker] KXSOL15M-26APR022030-30
[Market] YES=0.99 | NO=0.02 | Sum=1.01
==================================================
Balance: $203.41 | Regime: CHOP | Session: 7W/0L (100%) | PnL: $+22.24
[Timing] Window 10 min old — skipping
[Cycle] No signal — YES=0.99 is between 0.30 and 0.70, sum=1.01 >= 0.97
[Positions] 1 still open
[Ticker] KXSOL15M-26APR022030-30
[Market] YES=0.98 | NO=0.04 | Sum=1.02
==================================================
Balance: $203.37 | Regime: CHOP | Session: 7W/0L (100%) | PnL: $+22.24
[Timing] Window 11 min old — skipping
[Cycle] No signal — YES=0.98 is between 0.30 and 0.70, sum=1.02 >= 0.97
[Positions] 1 still open
[Ticker] KXSOL15M-26APR022030-30
[Market] YES=0.98 | NO=0.03 | Sum=1.01
==================================================
Balance: $203.41 | Regime: CHOP | Session: 7W/0L (100%) | PnL: $+22.24
[Timing] Window 12 min old — skipping
[Cycle] No signal — YES=0.98 is between 0.30 and 0.70, sum=1.01 >= 0.97
[Positions] 1 still open
[Ticker] KXSOL15M-26APR022030-30
[Market] YES=1.00 | NO=0.01 | Sum=1.00
==================================================
Balance: $203.44 | Regime: CHOP | Session: 7W/0L (100%) | PnL: $+22.24
[Timing] Window 13 min old — skipping
[Cycle] No signal — YES=1.00 is between 0.30 and 0.70, sum=1.00 >= 0.97
[Positions] 1 still open
[Ticker] KXSOL15M-26APR022030-30
[Market] YES=1.00 | NO=0.00 | Sum=1.00
==================================================
Balance: $203.44 | Regime: CHOP | Session: 7W/0L (100%) | PnL: $+22.24
[Timing] Window 14 min old — skipping
[Cycle] No signal — YES=1.00 is between 0.30 and 0.70, sum=1.00 >= 0.97
[Positions] 1 still open
[Ticker] KXSOL15M-26APR022030-30
[Market] YES=1.00 | NO=0.00 | Sum=1.00
==================================================
Balance: $203.44 | Regime: CHOP | Session: 7W/0L (100%) | PnL: $+22.24
[Timing] Window 0 min old — skipping
[Cycle] No signal — YES=1.00 is between 0.30 and 0.70, sum=1.00 >= 0.97
[Positions] 1 still open
[Ticker] KXSOL15M-26APR022045-45
[Market] YES=0.47 | NO=0.56 | Sum=1.03
==================================================
Balance: $203.45 | Regime: CHOP | Session: 7W/0L (100%) | PnL: $+22.24
[Cycle] No signal — YES=0.47 is between 0.30 and 0.70, sum=1.03 >= 0.97
[Positions] 1 still open
[Ticker] KXSOL15M-26APR022045-45
[Market] YES=0.44 | NO=0.57 | Sum=1.01
==================================================
Balance: $203.45 | Regime: CHOP | Session: 7W/0L (100%) | PnL: $+22.24
[Cycle] No signal — YES=0.44 is between 0.30 and 0.70, sum=1.01 >= 0.97
[Positions] 1 still open
[Ticker] KXSOL15M-26APR022045-45
[Market] YES=0.39 | NO=0.64 | Sum=1.03
==================================================
Balance: $203.45 | Regime: CHOP | Session: 7W/0L (100%) | PnL: $+22.24
[Cycle] No signal — YES=0.39 is between 0.30 and 0.70, sum=1.03 >= 0.97
[Positions] 1 still open
[Ticker] KXSOL15M-26APR022045-45
[Market] YES=0.32 | NO=0.69 | Sum=1.01
==================================================
Balance: $203.45 | Regime: CHOP | Session: 7W/0L (100%) | PnL: $+22.24
[Cycle] No signal — YES=0.32 is between 0.30 and 0.70, sum=1.01 >= 0.97
[Positions] 1 still open
[Ticker] KXSOL15M-26APR022045-45
[Market] YES=0.37 | NO=0.64 | Sum=1.01
==================================================
Balance: $203.45 | Regime: CHOP | Session: 7W/0L (100%) | PnL: $+22.24
[Cycle] No signal — YES=0.37 is between 0.30 and 0.70, sum=1.01 >= 0.97
[Positions] 1 still open
[Ticker] KXSOL15M-26APR022045-45
[Market] YES=0.50 | NO=0.54 | Sum=1.04
==================================================
Balance: $203.45 | Regime: CHOP | Session: 7W/0L (100%) | PnL: $+22.24
[Cycle] No signal — YES=0.50 is between 0.30 and 0.70, sum=1.04 >= 0.97
[Settled] WIN: UP $2.00 on KXSOL15M-26APR022030-30 | pnl=$+2.00 | 8W/0L (100%)
[Ticker] KXSOL15M-26APR022045-45
[Market] YES=0.49 | NO=0.55 | Sum=1.04
==================================================
Balance: $203.45 | Regime: CHOP | Session: 8W/0L (100%) | PnL: $+24.24
[Cycle] No signal — YES=0.49 is between 0.30 and 0.70, sum=1.04 >= 0.97
[Ticker] KXSOL15M-26APR022045-45
[Market] YES=0.60 | NO=0.42 | Sum=1.02
==================================================
Balance: $203.45 | Regime: CHOP | Session: 8W/0L (100%) | PnL: $+24.24
[Cycle] No signal — YES=0.60 is between 0.30 and 0.70, sum=1.02 >= 0.97
[Ticker] KXSOL15M-26APR022045-45
[Market] YES=0.83 | NO=0.20 | Sum=1.03
==================================================
Balance: $203.45 | Regime: CHOP | Session: 8W/0L (100%) | PnL: $+24.24
[Timing] Window 9 min old — skipping
[Cycle] No signal — YES=0.83 is between 0.30 and 0.70, sum=1.03 >= 0.97
[Ticker] KXSOL15M-26APR022045-45
[Market] YES=0.65 | NO=0.39 | Sum=1.04
==================================================
Balance: $203.45 | Regime: CHOP | Session: 8W/0L (100%) | PnL: $+24.24
[Cycle] No signal — YES=0.65 is between 0.30 and 0.70, sum=1.04 >= 0.97
[Ticker] KXSOL15M-26APR022045-45
[Market] YES=0.24 | NO=0.81 | Sum=1.05
==================================================
Balance: $203.45 | Regime: CHOP | Session: 8W/0L (100%) | PnL: $+24.24
[Timing] Window 11 min old — skipping
[Cycle] No signal — YES=0.24 is between 0.30 and 0.70, sum=1.05 >= 0.97
[Ticker] KXSOL15M-26APR022045-45
[Market] YES=0.03 | NO=0.99 | Sum=1.02
==================================================
Balance: $203.45 | Regime: CHOP | Session: 8W/0L (100%) | PnL: $+24.24
[Timing] Window 12 min old — skipping
[Cycle] No signal — YES=0.03 is between 0.30 and 0.70, sum=1.02 >= 0.97
[Ticker] KXSOL15M-26APR022045-45
[Market] YES=0.72 | NO=0.29 | Sum=1.01
==================================================
Balance: $203.45 | Regime: CHOP | Session: 8W/0L (100%) | PnL: $+24.24
[Timing] Window 13 min old — skipping
[Cycle] No signal — YES=0.72 is between 0.30 and 0.70, sum=1.01 >= 0.97
[Ticker] KXSOL15M-26APR022045-45
[Market] YES=0.65 | NO=0.39 | Sum=1.04
==================================================
Balance: $203.45 | Regime: CHOP | Session: 8W/0L (100%) | PnL: $+24.24
[Cycle] No signal — YES=0.65 is between 0.30 and 0.70, sum=1.04 >= 0.97
[Ticker] KXSOL15M-26APR022045-45
[Market] YES=1.00 | NO=0.01 | Sum=1.01
==================================================
Balance: $203.45 | Regime: CHOP | Session: 8W/0L (100%) | PnL: $+24.24
[Timing] Window 0 min old — skipping
[Cycle] No signal — YES=1.00 is between 0.30 and 0.70, sum=1.01 >= 0.97
[Ticker] KXSOL15M-26APR022100-00
[Market] YES=0.38 | NO=0.63 | Sum=1.01
==================================================
Balance: $203.45 | Regime: CHOP | Session: 8W/0L (100%) | PnL: $+24.24
[Cycle] No signal — YES=0.38 is between 0.30 and 0.70, sum=1.01 >= 0.97
[Ticker] KXSOL15M-26APR022100-00
[Market] YES=0.41 | NO=0.60 | Sum=1.01
==================================================
Balance: $203.45 | Regime: CHOP | Session: 8W/0L (100%) | PnL: $+24.24
[Cycle] No signal — YES=0.41 is between 0.30 and 0.70, sum=1.01 >= 0.97
[Ticker] KXSOL15M-26APR022100-00
[Market] YES=0.33 | NO=0.70 | Sum=1.03
==================================================
Balance: $203.37 | Regime: CHOP | Session: 8W/0L (100%) | PnL: $+24.24
[Cycle] No signal — YES=0.33 is between 0.30 and 0.70, sum=1.03 >= 0.97
[Ticker] KXSOL15M-26APR022100-00
[Market] YES=0.36 | NO=0.66 | Sum=1.02
==================================================
Balance: $203.53 | Regime: CHOP | Session: 8W/0L (100%) | PnL: $+24.24
[Cycle] No signal — YES=0.36 is between 0.30 and 0.70, sum=1.02 >= 0.97
[Ticker] KXSOL15M-26APR022100-00
[Market] YES=0.41 | NO=0.61 | Sum=1.02
==================================================
Balance: $203.45 | Regime: CHOP | Session: 8W/0L (100%) | PnL: $+24.24
[Cycle] No signal — YES=0.41 is between 0.30 and 0.70, sum=1.02 >= 0.97
[Ticker] KXSOL15M-26APR022100-00
[Market] YES=0.42 | NO=0.60 | Sum=1.02
==================================================
Balance: $203.37 | Regime: CHOP | Session: 8W/0L (100%) | PnL: $+24.24
[Cycle] No signal — YES=0.42 is between 0.30 and 0.70, sum=1.02 >= 0.97
[Ticker] KXSOL15M-26APR022100-00
[Market] YES=0.33 | NO=0.69 | Sum=1.02
==================================================
Balance: $203.53 | Regime: CHOP | Session: 8W/0L (100%) | PnL: $+24.24
[Cycle] No signal — YES=0.33 is between 0.30 and 0.70, sum=1.02 >= 0.97
[Ticker] KXSOL15M-26APR022100-00
[Market] YES=0.34 | NO=0.69 | Sum=1.03
==================================================
Balance: $203.61 | Regime: CHOP | Session: 8W/0L (100%) | PnL: $+24.24
[Cycle] No signal — YES=0.34 is between 0.30 and 0.70, sum=1.03 >= 0.97
[Ticker] KXSOL15M-26APR022100-00
[Market] YES=0.28 | NO=0.74 | Sum=1.02
==================================================
Balance: $203.65 | Regime: CHOP | Session: 8W/0L (100%) | PnL: $+24.24
[Timing] Window 9 min old — skipping
[Cycle] No signal — YES=0.28 is between 0.30 and 0.70, sum=1.02 >= 0.97
[Ticker] KXSOL15M-26APR022100-00
[Market] YES=0.10 | NO=0.92 | Sum=1.02
==================================================
Balance: $203.92 | Regime: CHOP | Session: 8W/0L (100%) | PnL: $+24.24
[Timing] Window 10 min old — skipping
[Cycle] No signal — YES=0.10 is between 0.30 and 0.70, sum=1.02 >= 0.97
[Ticker] KXSOL15M-26APR022100-00
[Market] YES=0.04 | NO=0.97 | Sum=1.01
==================================================
Balance: $203.99 | Regime: CHOP | Session: 8W/0L (100%) | PnL: $+24.24
[Timing] Window 11 min old — skipping
[Cycle] No signal — YES=0.04 is between 0.30 and 0.70, sum=1.01 >= 0.97
[Ticker] KXSOL15M-26APR022100-00
[Market] YES=0.06 | NO=0.96 | Sum=1.02
==================================================
Balance: $203.85 | Regime: CHOP | Session: 8W/0L (100%) | PnL: $+24.24
[Timing] Window 12 min old — skipping
[Cycle] No signal — YES=0.06 is between 0.30 and 0.70, sum=1.02 >= 0.97
[Ticker] KXSOL15M-26APR022100-00
[Market] YES=0.07 | NO=0.95 | Sum=1.02
==================================================
Balance: $203.97 | Regime: CHOP | Session: 8W/0L (100%) | PnL: $+24.24
[Timing] Window 13 min old — skipping
[Cycle] No signal — YES=0.07 is between 0.30 and 0.70, sum=1.02 >= 0.97
[Ticker] KXSOL15M-26APR022100-00
[Market] YES=0.06 | NO=0.95 | Sum=1.01
==================================================
Balance: $204.05 | Regime: CHOP | Session: 8W/0L (100%) | PnL: $+24.24
[Timing] Window 14 min old — skipping
[Cycle] No signal — YES=0.06 is between 0.30 and 0.70, sum=1.01 >= 0.97
[Ticker] KXSOL15M-26APR022100-00
[Market] YES=0.01 | NO=0.99 | Sum=1.00
==================================================
Balance: $204.07 | Regime: CHOP | Session: 8W/0L (100%) | PnL: $+24.24
[Timing] Window 0 min old — skipping
[Cycle] No signal — YES=0.01 is between 0.30 and 0.70, sum=1.00 >= 0.97
[Ticker] KXSOL15M-26APR022115-15
[Market] YES=0.57 | NO=0.47 | Sum=1.04
==================================================
Balance: $204.09 | Regime: CHOP | Session: 8W/0L (100%) | PnL: $+24.24
[Cycle] No signal — YES=0.57 is between 0.30 and 0.70, sum=1.04 >= 0.97
[Ticker] KXSOL15M-26APR022115-15
[Market] YES=0.57 | NO=0.46 | Sum=1.03
==================================================
Balance: $204.09 | Regime: CHOP | Session: 8W/0L (100%) | PnL: $+24.24
[Cycle] No signal — YES=0.57 is between 0.30 and 0.70, sum=1.03 >= 0.97
[Ticker] KXSOL15M-26APR022115-15
[Market] YES=0.62 | NO=0.43 | Sum=1.05
==================================================
Balance: $204.09 | Regime: CHOP | Session: 8W/0L (100%) | PnL: $+24.24
[Cycle] No signal — YES=0.62 is between 0.30 and 0.70, sum=1.05 >= 0.97
[Ticker] KXSOL15M-26APR022115-15
[Market] YES=0.64 | NO=0.38 | Sum=1.02
==================================================
Balance: $204.09 | Regime: CHOP | Session: 8W/0L (100%) | PnL: $+24.24
[Cycle] No signal — YES=0.64 is between 0.30 and 0.70, sum=1.02 >= 0.97
[Ticker] KXSOL15M-26APR022115-15
[Market] YES=0.75 | NO=0.27 | Sum=1.02
==================================================
Balance: $204.09 | Regime: CHOP | Session: 8W/0L (100%) | PnL: $+24.24
[Timing] Window 5 min old — skipping
[Cycle] No signal — YES=0.75 is between 0.30 and 0.70, sum=1.02 >= 0.97
[Ticker] KXSOL15M-26APR022115-15
[Market] YES=0.93 | NO=0.10 | Sum=1.03
==================================================
Balance: $204.09 | Regime: CHOP | Session: 8W/0L (100%) | PnL: $+24.24
[Timing] Window 6 min old — skipping
[Cycle] No signal — YES=0.93 is between 0.30 and 0.70, sum=1.03 >= 0.97
[Ticker] KXSOL15M-26APR022115-15
[Market] YES=0.89 | NO=0.13 | Sum=1.02
==================================================
Balance: $204.09 | Regime: CHOP | Session: 8W/0L (100%) | PnL: $+24.24
[Timing] Window 7 min old — skipping
[Cycle] No signal — YES=0.89 is between 0.30 and 0.70, sum=1.02 >= 0.97
[Ticker] KXSOL15M-26APR022115-15
[Market] YES=0.79 | NO=0.23 | Sum=1.02
==================================================
Balance: $204.09 | Regime: CHOP | Session: 8W/0L (100%) | PnL: $+24.24
[Timing] Window 8 min old — skipping
[Cycle] No signal — YES=0.79 is between 0.30 and 0.70, sum=1.02 >= 0.97
[Ticker] KXSOL15M-26APR022115-15
[Market] YES=0.57 | NO=0.48 | Sum=1.05
==================================================
Balance: $204.09 | Regime: CHOP | Session: 8W/0L (100%) | PnL: $+24.24
[Cycle] No signal — YES=0.57 is between 0.30 and 0.70, sum=1.05 >= 0.97
[Ticker] KXSOL15M-26APR022115-15
[Market] YES=0.88 | NO=0.14 | Sum=1.02
==================================================
Balance: $204.09 | Regime: CHOP | Session: 8W/0L (100%) | PnL: $+24.24
[Timing] Window 10 min old — skipping
[Cycle] No signal — YES=0.88 is between 0.30 and 0.70, sum=1.02 >= 0.97
[Ticker] KXSOL15M-26APR022115-15
[Market] YES=0.82 | NO=0.20 | Sum=1.02
==================================================
Balance: $204.09 | Regime: CHOP | Session: 8W/0L (100%) | PnL: $+24.24
[Timing] Window 11 min old — skipping
[Cycle] No signal — YES=0.82 is between 0.30 and 0.70, sum=1.02 >= 0.97
[Ticker] KXSOL15M-26APR022115-15
[Market] YES=0.78 | NO=0.25 | Sum=1.03
==================================================
Balance: $204.09 | Regime: CHOP | Session: 8W/0L (100%) | PnL: $+24.24
[Timing] Window 12 min old — skipping
[Cycle] No signal — YES=0.78 is between 0.30 and 0.70, sum=1.03 >= 0.97
[Ticker] KXSOL15M-26APR022115-15
[Market] YES=0.86 | NO=0.16 | Sum=1.02
==================================================
Balance: $204.09 | Regime: CHOP | Session: 8W/0L (100%) | PnL: $+24.24
[Timing] Window 13 min old — skipping
[Cycle] No signal — YES=0.86 is between 0.30 and 0.70, sum=1.02 >= 0.97
[Ticker] KXSOL15M-26APR022115-15
[Market] YES=1.00 | NO=0.01 | Sum=1.00
==================================================
Balance: $204.09 | Regime: CHOP | Session: 8W/0L (100%) | PnL: $+24.24
[Timing] Window 14 min old — skipping
[Cycle] No signal — YES=1.00 is between 0.30 and 0.70, sum=1.00 >= 0.97
[Ticker] KXSOL15M-26APR022115-15
[Market] YES=1.00 | NO=0.00 | Sum=1.00
==================================================
Balance: $204.09 | Regime: CHOP | Session: 8W/0L (100%) | PnL: $+24.24
[Timing] Window 0 min old — skipping
[Cycle] No signal — YES=1.00 is between 0.30 and 0.70, sum=1.00 >= 0.97
[Ticker] KXSOL15M-26APR022130-30
[Market] YES=0.57 | NO=0.47 | Sum=1.04
==================================================
Balance: $204.09 | Regime: CHOP | Session: 8W/0L (100%) | PnL: $+24.24
[Cycle] No signal — YES=0.57 is between 0.30 and 0.70, sum=1.04 >= 0.97
[Ticker] KXSOL15M-26APR022130-30
[Market] YES=0.49 | NO=0.55 | Sum=1.04
==================================================
Balance: $204.09 | Regime: CHOP | Session: 8W/0L (100%) | PnL: $+24.24
[Cycle] No signal — YES=0.49 is between 0.30 and 0.70, sum=1.04 >= 0.97
[Ticker] KXSOL15M-26APR022130-30
[Market] YES=0.55 | NO=0.49 | Sum=1.04
==================================================
Balance: $204.09 | Regime: CHOP | Session: 8W/0L (100%) | PnL: $+24.24
[Cycle] No signal — YES=0.55 is between 0.30 and 0.70, sum=1.04 >= 0.97
[Ticker] KXSOL15M-26APR022130-30
[Market] YES=0.57 | NO=0.45 | Sum=1.02
==================================================
Balance: $204.09 | Regime: CHOP | Session: 8W/0L (100%) | PnL: $+24.24
[Cycle] No signal — YES=0.57 is between 0.30 and 0.70, sum=1.02 >= 0.97
[Ticker] KXSOL15M-26APR022130-30
[Market] YES=0.56 | NO=0.47 | Sum=1.03
==================================================
Balance: $204.09 | Regime: CHOP | Session: 8W/0L (100%) | PnL: $+24.24
[Cycle] No signal — YES=0.56 is between 0.30 and 0.70, sum=1.03 >= 0.97
[Ticker] KXSOL15M-26APR022130-30
[Market] YES=0.51 | NO=0.54 | Sum=1.05
==================================================
Balance: $204.09 | Regime: CHOP | Session: 8W/0L (100%) | PnL: $+24.24
[Cycle] No signal — YES=0.51 is between 0.30 and 0.70, sum=1.05 >= 0.97
[Ticker] KXSOL15M-26APR022130-30
[Market] YES=0.54 | NO=0.47 | Sum=1.01
==================================================
Balance: $204.09 | Regime: CHOP | Session: 8W/0L (100%) | PnL: $+24.24
[Cycle] No signal — YES=0.54 is between 0.30 and 0.70, sum=1.01 >= 0.97
[Ticker] KXSOL15M-26APR022130-30
[Market] YES=0.71 | NO=0.30 | Sum=1.01
==================================================
Balance: $204.09 | Regime: CHOP | Session: 8W/0L (100%) | PnL: $+24.24
[Timing] Window 8 min old — skipping
[Cycle] No signal — YES=0.71 is between 0.30 and 0.70, sum=1.01 >= 0.97
[Ticker] KXSOL15M-26APR022130-30
[Market] YES=0.94 | NO=0.10 | Sum=1.03
==================================================
Balance: $204.09 | Regime: CHOP | Session: 8W/0L (100%) | PnL: $+24.24
[Timing] Window 9 min old — skipping
[Cycle] No signal — YES=0.94 is between 0.30 and 0.70, sum=1.03 >= 0.97
[Ticker] KXSOL15M-26APR022130-30
[Market] YES=0.95 | NO=0.06 | Sum=1.01
==================================================
Balance: $204.09 | Regime: CHOP | Session: 8W/0L (100%) | PnL: $+24.24
[Timing] Window 10 min old — skipping
[Cycle] No signal — YES=0.95 is between 0.30 and 0.70, sum=1.01 >= 0.97
[Ticker] KXSOL15M-26APR022130-30
[Market] YES=0.99 | NO=0.01 | Sum=1.00
==================================================
Balance: $204.09 | Regime: CHOP | Session: 8W/0L (100%) | PnL: $+24.24
[Timing] Window 11 min old — skipping
[Cycle] No signal — YES=0.99 is between 0.30 and 0.70, sum=1.00 >= 0.97
[Ticker] KXSOL15M-26APR022130-30
[Market] YES=1.00 | NO=0.01 | Sum=1.00
==================================================
Balance: $204.09 | Regime: CHOP | Session: 8W/0L (100%) | PnL: $+24.24
[Timing] Window 12 min old — skipping
[Cycle] No signal — YES=1.00 is between 0.30 and 0.70, sum=1.00 >= 0.97
[Ticker] KXSOL15M-26APR022130-30
[Market] YES=1.00 | NO=0.00 | Sum=1.00
==================================================
Balance: $204.09 | Regime: CHOP | Session: 8W/0L (100%) | PnL: $+24.24
[Timing] Window 13 min old — skipping
[Cycle] No signal — YES=1.00 is between 0.30 and 0.70, sum=1.00 >= 0.97
[Ticker] KXSOL15M-26APR022130-30
[Market] YES=1.00 | NO=0.01 | Sum=1.00
==================================================
Balance: $204.09 | Regime: CHOP | Session: 8W/0L (100%) | PnL: $+24.24
[Timing] Window 14 min old — skipping
[Cycle] No signal — YES=1.00 is between 0.30 and 0.70, sum=1.00 >= 0.97
[Ticker] KXSOL15M-26APR022130-30
[Market] YES=1.00 | NO=0.00 | Sum=1.00
==================================================
Balance: $204.09 | Regime: CHOP | Session: 8W/0L (100%) | PnL: $+24.24
[Timing] Window 0 min old — skipping
[Cycle] No signal — YES=1.00 is between 0.30 and 0.70, sum=1.00 >= 0.97
[Ticker] KXSOL15M-26APR022145-45
[Market] YES=0.47 | NO=0.56 | Sum=1.03
==================================================
Balance: $204.09 | Regime: CHOP | Session: 8W/0L (100%) | PnL: $+24.24
[Cycle] No signal — YES=0.47 is between 0.30 and 0.70, sum=1.03 >= 0.97
[Ticker] KXSOL15M-26APR022145-45
[Market] YES=0.63 | NO=0.38 | Sum=1.01
==================================================
Balance: $204.09 | Regime: CHOP | Session: 8W/0L (100%) | PnL: $+24.24
[Cycle] No signal — YES=0.63 is between 0.30 and 0.70, sum=1.01 >= 0.97
[Ticker] KXSOL15M-26APR022145-45
[Market] YES=0.48 | NO=0.53 | Sum=1.01
==================================================
Balance: $204.09 | Regime: CHOP | Session: 8W/0L (100%) | PnL: $+24.24
[Cycle] No signal — YES=0.48 is between 0.30 and 0.70, sum=1.01 >= 0.97
[Ticker] KXSOL15M-26APR022145-45
[Market] YES=0.39 | NO=0.64 | Sum=1.03
==================================================
Balance: $203.83 | Regime: CHOP | Session: 8W/0L (100%) | PnL: $+24.24
[Cycle] No signal — YES=0.39 is between 0.30 and 0.70, sum=1.03 >= 0.97
[Ticker] KXSOL15M-26APR022145-45
[Market] YES=0.17 | NO=0.87 | Sum=1.04
==================================================
Balance: $203.79 | Regime: CHOP | Session: 8W/0L (100%) | PnL: $+24.24
[Timing] Window 5 min old — skipping
[Cycle] No signal — YES=0.17 is between 0.30 and 0.70, sum=1.04 >= 0.97
[Ticker] KXSOL15M-26APR022145-45
[Market] YES=0.08 | NO=0.94 | Sum=1.02
==================================================
Balance: $201.59 | Regime: CHOP | Session: 8W/0L (100%) | PnL: $+24.24
[Timing] Window 6 min old — skipping
[Cycle] No signal — YES=0.08 is between 0.30 and 0.70, sum=1.02 >= 0.97
[Ticker] KXSOL15M-26APR022145-45
[Market] YES=0.04 | NO=0.97 | Sum=1.01
==================================================
Balance: $201.27 | Regime: CHOP | Session: 8W/0L (100%) | PnL: $+24.24
[Timing] Window 7 min old — skipping
[Cycle] No signal — YES=0.04 is between 0.30 and 0.70, sum=1.01 >= 0.97
[Ticker] KXSOL15M-26APR022145-45
[Market] YES=0.03 | NO=0.98 | Sum=1.01
==================================================
Balance: $201.23 | Regime: CHOP | Session: 8W/0L (100%) | PnL: $+24.24
[Timing] Window 8 min old — skipping
[Cycle] No signal — YES=0.03 is between 0.30 and 0.70, sum=1.01 >= 0.97
[Ticker] KXSOL15M-26APR022145-45
[Market] YES=0.03 | NO=0.99 | Sum=1.01
==================================================
Balance: $201.26 | Regime: CHOP | Session: 8W/0L (100%) | PnL: $+24.24
[Timing] Window 9 min old — skipping
[Cycle] No signal — YES=0.03 is between 0.30 and 0.70, sum=1.01 >= 0.97
[Ticker] KXSOL15M-26APR022145-45
[Market] YES=0.01 | NO=1.00 | Sum=1.00
==================================================
Balance: $201.18 | Regime: CHOP | Session: 8W/0L (100%) | PnL: $+24.24
[Timing] Window 10 min old — skipping
[Cycle] No signal — YES=0.01 is between 0.30 and 0.70, sum=1.00 >= 0.97
[Ticker] KXSOL15M-26APR022145-45
[Market] YES=0.01 | NO=1.00 | Sum=1.00
==================================================
Balance: $201.19 | Regime: CHOP | Session: 8W/0L (100%) | PnL: $+24.24
[Timing] Window 11 min old — skipping
[Cycle] No signal — YES=0.01 is between 0.30 and 0.70, sum=1.00 >= 0.97

==================================================
OpenClaw SOL Bot v4.0 — LIVE
[Startup] Live balance synced: $201.15
Balance: $201.15 | MaxBet: $2.51 | Threshold: <0.30 or >0.70
==================================================

[Startup] Resting orders cleared
[Ticker] KXSOL15M-26APR022145-45
[Market] YES=0.01 | NO=1.00 | Sum=1.00
==================================================
Balance: $201.15 | Regime: CHOP | Session: 0W/0L (0%) | PnL: $+0.00
[Timing] Window 11 min old — skipping
[Cycle] No signal — YES=0.01 is between 0.30 and 0.70, sum=1.00 >= 0.97
[Ticker] KXSOL15M-26APR022145-45
[Market] YES=0.01 | NO=1.00 | Sum=1.00
==================================================
Balance: $201.16 | Regime: CHOP | Session: 0W/0L (0%) | PnL: $+0.00
[Timing] Window 12 min old — skipping
[Cycle] No signal — YES=0.01 is between 0.30 and 0.70, sum=1.00 >= 0.97
[Ticker] KXSOL15M-26APR022145-45
[Market] YES=0.01 | NO=1.00 | Sum=1.00
==================================================
Balance: $201.18 | Regime: CHOP | Session: 0W/0L (0%) | PnL: $+0.00
[Timing] Window 13 min old — skipping
[Cycle] No signal — YES=0.01 is between 0.30 and 0.70, sum=1.00 >= 0.97
[Ticker] KXSOL15M-26APR022145-45
[Market] YES=0.01 | NO=1.00 | Sum=1.00
==================================================
Balance: $201.15 | Regime: CHOP | Session: 0W/0L (0%) | PnL: $+0.00
[Timing] Window 14 min old — skipping
[Cycle] No signal — YES=0.01 is between 0.30 and 0.70, sum=1.00 >= 0.97
[Ticker] KXSOL15M-26APR022200-00
[Market] YES=0.45 | NO=0.60 | Sum=1.05
==================================================
Balance: $201.15 | Regime: CHOP | Session: 0W/0L (0%) | PnL: $+0.00
[Cycle] No signal — YES=0.45 is between 0.30 and 0.70, sum=1.05 >= 0.97
[Ticker] KXSOL15M-26APR022200-00
[Market] YES=0.28 | NO=0.74 | Sum=1.02
==================================================
Balance: $201.15 | Regime: CHOP | Session: 0W/0L (0%) | PnL: $+0.00
[Signal] DOWN candidate | yes=0.28 | waiting (1/2)
[Cycle] No signal — YES=0.28 is between 0.30 and 0.70, sum=1.02 >= 0.97
[Ticker] KXSOL15M-26APR022200-00
[Market] YES=0.23 | NO=0.80 | Sum=1.03
==================================================
Balance: $201.15 | Regime: CHOP | Session: 0W/0L (0%) | PnL: $+0.00
[Coinbase] Confirms DOWN | $79 gap=-0 (0.24%)
[Kraken] Divergence 84096.32% — bet trimmed
[Correlation] All 3 agree — bet boosted
[Signal] CONFIRMED DOWN | yes=0.23 | edge=0.27 | bet=$2.16
[Order] KXSOL15M-26APR022200-00 | no | count=4 | $2.16
✅ SOL DIRECTIONAL: DOWN $2.16 on KXSOL15M-26APR022200-00
[Positions] 1 still open
[Ticker] KXSOL15M-26APR022200-00
[Market] YES=0.33 | NO=0.70 | Sum=1.03
==================================================
Balance: $201.09 | Regime: CHOP | Session: 0W/0L (0%) | PnL: $+0.00
[Cycle] No signal — YES=0.33 is between 0.30 and 0.70, sum=1.03 >= 0.97
[Positions] 1 still open

==================================================
OpenClaw SOL Bot v4.0 — LIVE
[Startup] Live balance synced: $200.89
Balance: $200.89 | MaxBet: $2.51 | Threshold: <0.30 or >0.70
==================================================

[Startup] Restored: KXSOL15M-26APR022200-00 $3.00 DOWN
[Startup] Loaded 1 BTC position(s)
[Startup] Resting orders cleared
[Ticker] KXSOL15M-26APR022200-00
[Market] YES=0.32 | NO=0.72 | Sum=1.04
==================================================
Balance: $201.09 | Regime: CHOP | Session: 0W/0L (0%) | PnL: $+0.00
[Cycle] No signal — YES=0.32 is between 0.30 and 0.70, sum=1.04 >= 0.97
[Positions] 1 still open
[Ticker] KXSOL15M-26APR022200-00
[Market] YES=0.42 | NO=0.59 | Sum=1.01
==================================================
Balance: $200.65 | Regime: CHOP | Session: 0W/0L (0%) | PnL: $+0.00
[Cycle] No signal — YES=0.42 is between 0.30 and 0.70, sum=1.01 >= 0.97
[Positions] 1 still open
[Ticker] KXSOL15M-26APR022200-00
[Market] YES=0.39 | NO=0.66 | Sum=1.05
==================================================
Balance: $200.57 | Regime: CHOP | Session: 0W/0L (0%) | PnL: $+0.00
[Cycle] No signal — YES=0.39 is between 0.30 and 0.70, sum=1.05 >= 0.97
[Positions] 1 still open
[Ticker] KXSOL15M-26APR022200-00
[Market] YES=0.23 | NO=0.79 | Sum=1.02
==================================================
Balance: $200.89 | Regime: CHOP | Session: 0W/0L (0%) | PnL: $+0.00
[Confidence] Score=4/10 | moderate_edge,coinbase_weak,all3_agree
[Timing] Window 7 min old — skipping
[Cycle] No signal — YES=0.23 is between 0.30 and 0.70, sum=1.02 >= 0.97
[Positions] 1 still open
[Ticker] KXSOL15M-26APR022200-00
[Market] YES=0.26 | NO=0.75 | Sum=1.01
==================================================
Balance: $201.05 | Regime: CHOP | Session: 0W/0L (0%) | PnL: $+0.00
[Confidence] Score=4/10 | moderate_edge,coinbase_weak,all3_agree
[Timing] Window 8 min old — skipping
[Cycle] No signal — YES=0.26 is between 0.30 and 0.70, sum=1.01 >= 0.97
[Positions] 1 still open
[Ticker] KXSOL15M-26APR022200-00
[Market] YES=0.31 | NO=0.73 | Sum=1.04
==================================================
Balance: $200.81 | Regime: CHOP | Session: 0W/0L (0%) | PnL: $+0.00
[Cycle] No signal — YES=0.31 is between 0.30 and 0.70, sum=1.04 >= 0.97
[Positions] 1 still open
[Ticker] KXSOL15M-26APR022200-00
[Market] YES=0.23 | NO=0.80 | Sum=1.03
==================================================
Balance: $201.29 | Regime: CHOP | Session: 0W/0L (0%) | PnL: $+0.00
[Confidence] Score=4/10 | moderate_edge,coinbase_weak,all3_agree
[Timing] Window 10 min old — skipping
[Cycle] No signal — YES=0.23 is between 0.30 and 0.70, sum=1.03 >= 0.97
[Positions] 1 still open
[Ticker] KXSOL15M-26APR022200-00
[Market] YES=0.39 | NO=0.66 | Sum=1.05
==================================================
Balance: $200.89 | Regime: CHOP | Session: 0W/0L (0%) | PnL: $+0.00
[Cycle] No signal — YES=0.39 is between 0.30 and 0.70, sum=1.05 >= 0.97
[Positions] 1 still open
[Ticker] KXSOL15M-26APR022200-00
[Market] YES=0.30 | NO=0.74 | Sum=1.04
==================================================
Balance: $200.77 | Regime: CHOP | Session: 0W/0L (0%) | PnL: $+0.00
[Cycle] No signal — YES=0.30 is between 0.30 and 0.70, sum=1.04 >= 0.97
[Positions] 1 still open
[Ticker] KXSOL15M-26APR022200-00
[Market] YES=0.10 | NO=0.93 | Sum=1.03
==================================================
Balance: $201.45 | Regime: CHOP | Session: 0W/0L (0%) | PnL: $+0.00
[Confidence] Score=4/10 | strong_edge,coinbase_weak,2of3_agree
[Timing] Window 13 min old — skipping
[Cycle] No signal — YES=0.10 is between 0.30 and 0.70, sum=1.03 >= 0.97
[Positions] 1 still open
[Ticker] KXSOL15M-26APR022200-00
[Market] YES=0.05 | NO=0.97 | Sum=1.02
==================================================
Balance: $201.65 | Regime: CHOP | Session: 0W/0L (0%) | PnL: $+0.00
[Confidence] Score=5/10 | strong_edge,coinbase_weak,all3_agree
[Timing] Window 14 min old — skipping
[Cycle] No signal — YES=0.05 is between 0.30 and 0.70, sum=1.02 >= 0.97
[Positions] 1 still open
[Ticker] KXSOL15M-26APR022200-00
[Market] YES=0.01 | NO=1.00 | Sum=1.01
==================================================
Balance: $202.08 | Regime: CHOP | Session: 0W/0L (0%) | PnL: $+0.00
[Confidence] Score=4/10 | extreme_edge,coinbase_weak
[Timing] Window 0 min old — skipping
[Cycle] No signal — YES=0.01 is between 0.30 and 0.70, sum=1.01 >= 0.97
[Positions] Restored KXSOL15M-26APR022200-00 expired — removing
[Ticker] KXSOL15M-26APR022215-15
[Market] YES=0.43 | NO=0.62 | Sum=1.05
==================================================
Balance: $202.09 | Regime: CHOP | Session: 0W/0L (0%) | PnL: $+0.00
[Cycle] No signal — YES=0.43 is between 0.30 and 0.70, sum=1.05 >= 0.97
[Ticker] KXSOL15M-26APR022215-15
[Market] YES=0.42 | NO=0.63 | Sum=1.05
==================================================
Balance: $202.09 | Regime: CHOP | Session: 0W/0L (0%) | PnL: $+0.00
[Cycle] No signal — YES=0.42 is between 0.30 and 0.70, sum=1.05 >= 0.97
[Ticker] KXSOL15M-26APR022215-15
[Market] YES=0.40 | NO=0.65 | Sum=1.05
==================================================
Balance: $202.09 | Regime: CHOP | Session: 0W/0L (0%) | PnL: $+0.00
[Cycle] No signal — YES=0.40 is between 0.30 and 0.70, sum=1.05 >= 0.97
[Ticker] KXSOL15M-26APR022215-15
[Market] YES=0.29 | NO=0.76 | Sum=1.05
==================================================
Balance: $202.09 | Regime: CHOP | Session: 0W/0L (0%) | PnL: $+0.00
[Confidence] Score=4/10 | moderate_edge,coinbase_weak,all3_agree
[Signal] DOWN candidate | yes=0.29 | waiting (1/2)
[Cycle] No signal — YES=0.29 is between 0.30 and 0.70, sum=1.05 >= 0.97
[Ticker] KXSOL15M-26APR022215-15
[Market] YES=0.29 | NO=0.74 | Sum=1.03
==================================================
Balance: $201.82 | Regime: CHOP | Session: 0W/0L (0%) | PnL: $+0.00
[Confidence] Score=3/10 | moderate_edge,coinbase_weak,2of3_agree
[Timing] Window 5 min old — skipping
[Cycle] No signal — YES=0.29 is between 0.30 and 0.70, sum=1.03 >= 0.97
[Ticker] KXSOL15M-26APR022215-15
[Market] YES=0.24 | NO=0.79 | Sum=1.03
==================================================
Balance: $201.49 | Regime: CHOP | Session: 0W/0L (0%) | PnL: $+0.00
[Confidence] Score=4/10 | moderate_edge,coinbase_weak,all3_agree
[Timing] Window 6 min old — skipping
[Cycle] No signal — YES=0.24 is between 0.30 and 0.70, sum=1.03 >= 0.97
[Ticker] KXSOL15M-26APR022215-15
[Market] YES=0.20 | NO=0.83 | Sum=1.03
==================================================
Balance: $201.47 | Regime: CHOP | Session: 0W/0L (0%) | PnL: $+0.00
[Confidence] Score=4/10 | strong_edge,coinbase_weak,2of3_agree
[Timing] Window 7 min old — skipping
[Cycle] No signal — YES=0.20 is between 0.30 and 0.70, sum=1.03 >= 0.97
[Ticker] KXSOL15M-26APR022215-15
[Market] YES=0.09 | NO=0.93 | Sum=1.02
==================================================
Balance: $203.00 | Regime: CHOP | Session: 0W/0L (0%) | PnL: $+0.00
[Confidence] Score=5/10 | strong_edge,coinbase_weak,all3_agree
[Timing] Window 8 min old — skipping
[Cycle] No signal — YES=0.09 is between 0.30 and 0.70, sum=1.02 >= 0.97
[Ticker] KXSOL15M-26APR022215-15
[Market] YES=0.12 | NO=0.90 | Sum=1.02
==================================================
Balance: $203.49 | Regime: CHOP | Session: 0W/0L (0%) | PnL: $+0.00
[Confidence] Score=5/10 | strong_edge,coinbase_weak,all3_agree
[Timing] Window 9 min old — skipping
[Cycle] No signal — YES=0.12 is between 0.30 and 0.70, sum=1.02 >= 0.97
[Ticker] KXSOL15M-26APR022215-15
[Market] YES=0.05 | NO=0.96 | Sum=1.01
==================================================
Balance: $204.26 | Regime: CHOP | Session: 0W/0L (0%) | PnL: $+0.00
[Confidence] Score=6/10 | extreme_edge,coinbase_weak,all3_agree
[Timing] Window 10 min old — skipping
[Cycle] No signal — YES=0.05 is between 0.30 and 0.70, sum=1.01 >= 0.97
[Ticker] KXSOL15M-26APR022215-15
[Market] YES=0.02 | NO=0.99 | Sum=1.01
==================================================
Balance: $204.51 | Regime: CHOP | Session: 0W/0L (0%) | PnL: $+0.00
[Confidence] Score=6/10 | extreme_edge,coinbase_weak,all3_agree
[Timing] Window 11 min old — skipping
[Cycle] No signal — YES=0.02 is between 0.30 and 0.70, sum=1.01 >= 0.97
[Ticker] KXSOL15M-26APR022215-15
[Market] YES=0.02 | NO=0.99 | Sum=1.01
==================================================
Balance: $204.58 | Regime: CHOP | Session: 0W/0L (0%) | PnL: $+0.00
[Confidence] Score=5/10 | extreme_edge,coinbase_weak,2of3_agree
[Timing] Window 12 min old — skipping
[Cycle] No signal — YES=0.02 is between 0.30 and 0.70, sum=1.01 >= 0.97
[Ticker] KXSOL15M-26APR022215-15
[Market] YES=0.01 | NO=1.00 | Sum=1.01
==================================================
Balance: $204.54 | Regime: CHOP | Session: 0W/0L (0%) | PnL: $+0.00
[Confidence] Score=6/10 | extreme_edge,coinbase_weak,all3_agree
[Timing] Window 13 min old — skipping
[Cycle] No signal — YES=0.01 is between 0.30 and 0.70, sum=1.01 >= 0.97
[Ticker] KXSOL15M-26APR022215-15
[Market] YES=0.12 | NO=0.99 | Sum=1.11
==================================================
Balance: $201.20 | Regime: CHOP | Session: 0W/0L (0%) | PnL: $+0.00
[Confidence] Score=5/10 | strong_edge,coinbase_weak,all3_agree
[Timing] Window 14 min old — skipping
[Cycle] No signal — YES=0.12 is between 0.30 and 0.70, sum=1.11 >= 0.97
[Ticker] KXSOL15M-26APR022215-15
[Market] YES=0.01 | NO=1.00 | Sum=1.01
==================================================
Balance: $204.58 | Regime: CHOP | Session: 0W/0L (0%) | PnL: $+0.00
[Confidence] Score=5/10 | extreme_edge,coinbase_weak,2of3_agree
[Timing] Window 0 min old — skipping
[Cycle] No signal — YES=0.01 is between 0.30 and 0.70, sum=1.01 >= 0.97
[Ticker] KXSOL15M-26APR022230-30
[Market] YES=0.57 | NO=0.45 | Sum=1.02
==================================================
Balance: $204.64 | Regime: CHOP | Session: 0W/0L (0%) | PnL: $+0.00
[Cycle] No signal — YES=0.57 is between 0.30 and 0.70, sum=1.02 >= 0.97
[Ticker] KXSOL15M-26APR022230-30
[Market] YES=0.64 | NO=0.40 | Sum=1.04
==================================================
Balance: $204.64 | Regime: CHOP | Session: 0W/0L (0%) | PnL: $+0.00
[Cycle] No signal — YES=0.64 is between 0.30 and 0.70, sum=1.04 >= 0.97
[Ticker] KXSOL15M-26APR022230-30
[Market] YES=0.93 | NO=0.08 | Sum=1.01
==================================================
Balance: $204.42 | Regime: CHOP | Session: 0W/0L (0%) | PnL: $+0.00
[Confidence] Score=4/10 | strong_edge,coinbase_strong
[Signal] UP candidate | yes=0.93 | waiting (1/2)
[Cycle] No signal — YES=0.93 is between 0.30 and 0.70, sum=1.01 >= 0.97
[Ticker] KXSOL15M-26APR022230-30
[Market] YES=0.90 | NO=0.13 | Sum=1.03
==================================================
Balance: $203.93 | Regime: CHOP | Session: 0W/0L (0%) | PnL: $+0.00
[Confidence] Score=3/10 | strong_edge,coinbase_weak
[Coinbase] Confirms UP | $79 gap=+0 (0.33%)
[Kraken] Divergence 83890.68% — bet trimmed
[Correlation] Markets diverging — bet trimmed
[Signal] CONFIRMED UP | yes=0.90 | edge=0.40 | bet=$3.76
[Order] KXSOL15M-26APR022230-30 | yes | count=7 | $3.76
✅ SOL DIRECTIONAL: UP $3.76 on KXSOL15M-26APR022230-30
[Positions] 1 still open
[Ticker] KXSOL15M-26APR022230-30
[Market] YES=0.96 | NO=0.04 | Sum=1.00
==================================================
Balance: $205.52 | Regime: CHOP | Session: 0W/0L (0%) | PnL: $+0.00
[Confidence] Score=5/10 | extreme_edge,coinbase_strong
[Timing] Window 5 min old — skipping
[Cycle] No signal — YES=0.96 is between 0.30 and 0.70, sum=1.00 >= 0.97
[Positions] 1 still open
[Ticker] KXSOL15M-26APR022230-30
[Market] YES=0.95 | NO=0.08 | Sum=1.03
==================================================
Balance: $204.61 | Regime: CHOP | Session: 0W/0L (0%) | PnL: $+0.00
[Confidence] Score=3/10 | strong_edge,coinbase_weak
[Timing] Window 6 min old — skipping
[Cycle] No signal — YES=0.95 is between 0.30 and 0.70, sum=1.03 >= 0.97
[Positions] 1 still open
[Ticker] KXSOL15M-26APR022230-30
[Market] YES=0.93 | NO=0.09 | Sum=1.02
==================================================
Balance: $203.50 | Regime: CHOP | Session: 0W/0L (0%) | PnL: $+0.00
[Confidence] Score=3/10 | strong_edge,coinbase_weak
[Timing] Window 7 min old — skipping
[Cycle] No signal — YES=0.93 is between 0.30 and 0.70, sum=1.02 >= 0.97
[Positions] 1 still open
[Ticker] KXSOL15M-26APR022230-30
[Market] YES=0.92 | NO=0.10 | Sum=1.02
==================================================
Balance: $203.39 | Regime: CHOP | Session: 0W/0L (0%) | PnL: $+0.00
[Confidence] Score=3/10 | strong_edge,coinbase_weak
[Timing] Window 8 min old — skipping
[Cycle] No signal — YES=0.92 is between 0.30 and 0.70, sum=1.02 >= 0.97
[Positions] 1 still open
[Ticker] KXSOL15M-26APR022230-30
[Market] YES=0.92 | NO=0.11 | Sum=1.03
==================================================
Balance: $203.06 | Regime: CHOP | Session: 0W/0L (0%) | PnL: $+0.00
[Confidence] Score=3/10 | strong_edge,coinbase_weak
[Timing] Window 9 min old — skipping
[Cycle] No signal — YES=0.92 is between 0.30 and 0.70, sum=1.03 >= 0.97
[Positions] 1 still open
[Ticker] KXSOL15M-26APR022230-30
[Market] YES=0.96 | NO=0.06 | Sum=1.02
==================================================
Balance: $204.52 | Regime: CHOP | Session: 0W/0L (0%) | PnL: $+0.00
[Confidence] Score=4/10 | extreme_edge,coinbase_weak
[Timing] Window 10 min old — skipping
[Cycle] No signal — YES=0.96 is between 0.30 and 0.70, sum=1.02 >= 0.97
[Positions] 1 still open
[Ticker] KXSOL15M-26APR022230-30
[Market] YES=0.98 | NO=0.02 | Sum=1.00
==================================================
Balance: $206.26 | Regime: CHOP | Session: 0W/0L (0%) | PnL: $+0.00
[Confidence] Score=4/10 | extreme_edge,coinbase_weak
[Timing] Window 11 min old — skipping
[Cycle] No signal — YES=0.98 is between 0.30 and 0.70, sum=1.00 >= 0.97
[Positions] 1 still open
[Ticker] KXSOL15M-26APR022230-30
[Market] YES=0.99 | NO=0.01 | Sum=1.00
==================================================
Balance: $203.69 | Regime: CHOP | Session: 0W/0L (0%) | PnL: $+0.00
[Confidence] Score=5/10 | extreme_edge,coinbase_weak,2of3_agree
[Timing] Window 12 min old — skipping
[Cycle] No signal — YES=0.99 is between 0.30 and 0.70, sum=1.00 >= 0.97
[Positions] 1 still open
[Ticker] KXSOL15M-26APR022230-30
[Market] YES=0.94 | NO=0.07 | Sum=1.01
==================================================
Balance: $199.26 | Regime: CHOP | Session: 0W/0L (0%) | PnL: $+0.00
[Confidence] Score=3/10 | strong_edge,coinbase_weak
[Timing] Window 13 min old — skipping
[Cycle] No signal — YES=0.94 is between 0.30 and 0.70, sum=1.01 >= 0.97
[Positions] 1 still open
[Ticker] KXSOL15M-26APR022230-30
[Market] YES=0.84 | NO=0.40 | Sum=1.24
==================================================
Balance: $194.39 | Regime: CHOP | Session: 0W/0L (0%) | PnL: $+0.00
[Confidence] Score=3/10 | strong_edge,coinbase_weak
[Timing] Window 14 min old — skipping
[Cycle] No signal — YES=0.84 is between 0.30 and 0.70, sum=1.24 >= 0.97
[Positions] 1 still open
[Ticker] KXSOL15M-26APR022230-30
[Market] YES=1.00 | NO=0.02 | Sum=1.02
==================================================
Balance: $184.76 | Regime: CHOP | Session: 0W/0L (0%) | PnL: $+0.00
[Confidence] Score=3/10 | extreme_edge
[Timing] Window 0 min old — skipping
[Cycle] No signal — YES=1.00 is between 0.30 and 0.70, sum=1.02 >= 0.97
[Positions] 1 still open
[Ticker] KXSOL15M-26APR022245-45
[Market] YES=0.39 | NO=0.64 | Sum=1.03
==================================================
Balance: $183.06 | Regime: CHOP | Session: 0W/0L (0%) | PnL: $+0.00
[Cycle] No signal — YES=0.39 is between 0.30 and 0.70, sum=1.03 >= 0.97
[Positions] 1 still open
[Ticker] KXSOL15M-26APR022245-45
[Market] YES=0.26 | NO=0.75 | Sum=1.01
==================================================
Balance: $183.06 | Regime: CHOP | Session: 0W/0L (0%) | PnL: $+0.00
[Confidence] Score=4/10 | moderate_edge,coinbase_weak,all3_agree
[Signal] DOWN candidate | yes=0.26 | waiting (1/2)
[Cycle] No signal — YES=0.26 is between 0.30 and 0.70, sum=1.01 >= 0.97
[Positions] 1 still open
[Ticker] KXSOL15M-26APR022245-45
[Market] YES=0.35 | NO=0.68 | Sum=1.03
==================================================
Balance: $183.06 | Regime: CHOP | Session: 0W/0L (0%) | PnL: $+0.00
[Cycle] No signal — YES=0.35 is between 0.30 and 0.70, sum=1.03 >= 0.97
[Positions] 1 still open
[Ticker] KXSOL15M-26APR022245-45
[Market] YES=0.39 | NO=0.64 | Sum=1.03
==================================================
Balance: $183.06 | Regime: CHOP | Session: 0W/0L (0%) | PnL: $+0.00
[Cycle] No signal — YES=0.39 is between 0.30 and 0.70, sum=1.03 >= 0.97
[Positions] 1 still open
[Ticker] KXSOL15M-26APR022245-45
[Market] YES=0.48 | NO=0.55 | Sum=1.03
==================================================
Balance: $183.06 | Regime: CHOP | Session: 0W/0L (0%) | PnL: $+0.00
[Cycle] No signal — YES=0.48 is between 0.30 and 0.70, sum=1.03 >= 0.97
[Positions] 1 still open
[Ticker] KXSOL15M-26APR022245-45
[Market] YES=0.43 | NO=0.58 | Sum=1.01
==================================================
Balance: $183.06 | Regime: CHOP | Session: 0W/0L (0%) | PnL: $+0.00
[Cycle] No signal — YES=0.43 is between 0.30 and 0.70, sum=1.01 >= 0.97
[Settled] WIN: UP $3.76 on KXSOL15M-26APR022230-30 | pnl=$+3.24 | 1W/0L (100%)
[Ticker] KXSOL15M-26APR022245-45
[Market] YES=0.58 | NO=0.46 | Sum=1.04
==================================================
Balance: $183.06 | Regime: CHOP | Session: 1W/0L (100%) | PnL: $+3.24
[Cycle] No signal — YES=0.58 is between 0.30 and 0.70, sum=1.04 >= 0.97
[Ticker] KXSOL15M-26APR022245-45
[Market] YES=0.56 | NO=0.48 | Sum=1.04
==================================================
Balance: $183.06 | Regime: CHOP | Session: 1W/0L (100%) | PnL: $+3.24
[Cycle] No signal — YES=0.56 is between 0.30 and 0.70, sum=1.04 >= 0.97
[Ticker] KXSOL15M-26APR022245-45
[Market] YES=0.23 | NO=0.80 | Sum=1.03
==================================================
Balance: $183.06 | Regime: CHOP | Session: 1W/0L (100%) | PnL: $+3.24
[Confidence] Score=4/10 | moderate_edge,coinbase_weak,all3_agree
[Timing] Window 9 min old — skipping
[Cycle] No signal — YES=0.23 is between 0.30 and 0.70, sum=1.03 >= 0.97
[Ticker] KXSOL15M-26APR022245-45
[Market] YES=0.10 | NO=0.92 | Sum=1.02
==================================================
Balance: $183.06 | Regime: CHOP | Session: 1W/0L (100%) | PnL: $+3.24
[Confidence] Score=4/10 | strong_edge,coinbase_weak,2of3_agree
[Timing] Window 10 min old — skipping
[Cycle] No signal — YES=0.10 is between 0.30 and 0.70, sum=1.02 >= 0.97
[Ticker] KXSOL15M-26APR022245-45
[Market] YES=0.11 | NO=0.92 | Sum=1.03
==================================================
Balance: $183.06 | Regime: CHOP | Session: 1W/0L (100%) | PnL: $+3.24
[Confidence] Score=5/10 | strong_edge,coinbase_weak,all3_agree
[Timing] Window 11 min old — skipping
[Cycle] No signal — YES=0.11 is between 0.30 and 0.70, sum=1.03 >= 0.97
[Ticker] KXSOL15M-26APR022245-45
[Market] YES=0.04 | NO=0.98 | Sum=1.02
==================================================
Balance: $183.06 | Regime: CHOP | Session: 1W/0L (100%) | PnL: $+3.24
[Confidence] Score=6/10 | extreme_edge,coinbase_weak,all3_agree
[Timing] Window 12 min old — skipping
[Cycle] No signal — YES=0.04 is between 0.30 and 0.70, sum=1.02 >= 0.97
[Ticker] KXSOL15M-26APR022245-45
[Market] YES=0.06 | NO=0.95 | Sum=1.01
==================================================
Balance: $183.06 | Regime: CHOP | Session: 1W/0L (100%) | PnL: $+3.24
[Confidence] Score=4/10 | strong_edge,coinbase_weak,2of3_agree
[Timing] Window 13 min old — skipping
[Cycle] No signal — YES=0.06 is between 0.30 and 0.70, sum=1.01 >= 0.97
[Ticker] KXSOL15M-26APR022245-45
[Market] YES=0.00 | NO=1.00 | Sum=1.00
==================================================
Balance: $183.06 | Regime: CHOP | Session: 1W/0L (100%) | PnL: $+3.24
[Confidence] Score=6/10 | extreme_edge,coinbase_weak,all3_agree
[Timing] Window 14 min old — skipping
[Cycle] No signal — YES=0.00 is between 0.30 and 0.70, sum=1.00 >= 0.97
[Ticker] KXSOL15M-26APR022245-45
[Market] YES=0.00 | NO=1.00 | Sum=1.00
==================================================
Balance: $183.06 | Regime: CHOP | Session: 1W/0L (100%) | PnL: $+3.24
[Confidence] Score=6/10 | extreme_edge,coinbase_weak,all3_agree
[Timing] Window 0 min old — skipping
[Cycle] No signal — YES=0.00 is between 0.30 and 0.70, sum=1.00 >= 0.97
[Ticker] KXSOL15M-26APR022300-00
[Market] YES=0.56 | NO=0.46 | Sum=1.02
==================================================
Balance: $183.06 | Regime: CHOP | Session: 1W/0L (100%) | PnL: $+3.24
[Cycle] No signal — YES=0.56 is between 0.30 and 0.70, sum=1.02 >= 0.97
[Ticker] KXSOL15M-26APR022300-00
[Market] YES=0.55 | NO=0.49 | Sum=1.04
==================================================
Balance: $183.06 | Regime: CHOP | Session: 1W/0L (100%) | PnL: $+3.24
[Cycle] No signal — YES=0.55 is between 0.30 and 0.70, sum=1.04 >= 0.97
[Ticker] KXSOL15M-26APR022300-00
[Market] YES=0.70 | NO=0.35 | Sum=1.05
==================================================
Balance: $183.06 | Regime: CHOP | Session: 1W/0L (100%) | PnL: $+3.24
[Cycle] No signal — YES=0.70 is between 0.30 and 0.70, sum=1.05 >= 0.97
[Ticker] KXSOL15M-26APR022300-00
[Market] YES=0.71 | NO=0.32 | Sum=1.03
==================================================
Balance: $183.06 | Regime: CHOP | Session: 1W/0L (100%) | PnL: $+3.24
[Confidence] Score=2/10 | moderate_edge,coinbase_weak
[Signal] UP candidate | yes=0.71 | waiting (1/2)
[Cycle] No signal — YES=0.71 is between 0.30 and 0.70, sum=1.03 >= 0.97
[Ticker] KXSOL15M-26APR022300-00
[Market] YES=0.75 | NO=0.28 | Sum=1.03
==================================================
Balance: $183.06 | Regime: CHOP | Session: 1W/0L (100%) | PnL: $+3.24
[Confidence] Score=2/10 | moderate_edge,coinbase_weak
[Timing] Window 5 min old — skipping
[Cycle] No signal — YES=0.75 is between 0.30 and 0.70, sum=1.03 >= 0.97
[Ticker] KXSOL15M-26APR022300-00
[Market] YES=0.81 | NO=0.23 | Sum=1.04
==================================================
Balance: $183.06 | Regime: CHOP | Session: 1W/0L (100%) | PnL: $+3.24
[Confidence] Score=3/10 | strong_edge,coinbase_weak
[Timing] Window 6 min old — skipping
[Cycle] No signal — YES=0.81 is between 0.30 and 0.70, sum=1.04 >= 0.97
[Ticker] KXSOL15M-26APR022300-00
[Market] YES=0.85 | NO=0.17 | Sum=1.02
==================================================
Balance: $183.06 | Regime: CHOP | Session: 1W/0L (100%) | PnL: $+3.24
[Confidence] Score=3/10 | strong_edge,coinbase_weak
[Timing] Window 7 min old — skipping
[Cycle] No signal — YES=0.85 is between 0.30 and 0.70, sum=1.02 >= 0.97
[Ticker] KXSOL15M-26APR022300-00
[Market] YES=0.95 | NO=0.07 | Sum=1.02
==================================================
Balance: $183.06 | Regime: CHOP | Session: 1W/0L (100%) | PnL: $+3.24
[Confidence] Score=3/10 | strong_edge,coinbase_weak
[Timing] Window 8 min old — skipping
[Cycle] No signal — YES=0.95 is between 0.30 and 0.70, sum=1.02 >= 0.97

==================================================
OpenClaw SOL Bot v4.0 — LIVE
[Startup] Live balance synced: $183.06
Balance: $183.06 | MaxBet: $9.15 | Threshold: <0.30 or >0.70
==================================================

[Startup] Resting orders cleared
[Ticker] KXSOL15M-26APR022300-00
[Market] YES=0.95 | NO=0.07 | Sum=1.02
==================================================
Balance: $183.06 | Regime: CHOP | Session: 0W/0L (0%) | PnL: $+0.00
[Confidence] Score=3/10 | strong_edge,coinbase_weak
[Timing] Window 8 min old — skipping
[Cycle] No signal — YES=0.95 is between 0.30 and 0.70, sum=1.02 >= 0.97
[Ticker] KXSOL15M-26APR022300-00
[Market] YES=0.98 | NO=0.04 | Sum=1.02
==================================================
Balance: $183.06 | Regime: CHOP | Session: 0W/0L (0%) | PnL: $+0.00
[Confidence] Score=5/10 | extreme_edge,coinbase_strong
[Timing] Window 9 min old — skipping
[Cycle] No signal — YES=0.98 is between 0.30 and 0.70, sum=1.02 >= 0.97
[Ticker] KXSOL15M-26APR022300-00
[Market] YES=0.96 | NO=0.06 | Sum=1.02
==================================================
Balance: $183.06 | Regime: CHOP | Session: 0W/0L (0%) | PnL: $+0.00
[Confidence] Score=4/10 | extreme_edge,coinbase_weak
[Timing] Window 10 min old — skipping
[Cycle] No signal — YES=0.96 is between 0.30 and 0.70, sum=1.02 >= 0.97
[Ticker] KXSOL15M-26APR022300-00
[Market] YES=0.99 | NO=0.02 | Sum=1.01
==================================================
Balance: $183.06 | Regime: CHOP | Session: 0W/0L (0%) | PnL: $+0.00
[Confidence] Score=5/10 | extreme_edge,coinbase_weak,2of3_agree
[Timing] Window 11 min old — skipping
[Cycle] No signal — YES=0.99 is between 0.30 and 0.70, sum=1.01 >= 0.97
[Ticker] KXSOL15M-26APR022300-00
[Market] YES=1.00 | NO=0.01 | Sum=1.00
==================================================
Balance: $183.06 | Regime: CHOP | Session: 0W/0L (0%) | PnL: $+0.00
[Confidence] Score=4/10 | extreme_edge,coinbase_weak
[Timing] Window 12 min old — skipping
[Cycle] No signal — YES=1.00 is between 0.30 and 0.70, sum=1.00 >= 0.97
[Ticker] KXSOL15M-26APR022300-00
[Market] YES=1.00 | NO=0.01 | Sum=1.00
==================================================
Balance: $183.06 | Regime: CHOP | Session: 0W/0L (0%) | PnL: $+0.00
[Confidence] Score=4/10 | extreme_edge,coinbase_weak
[Timing] Window 13 min old — skipping
[Cycle] No signal — YES=1.00 is between 0.30 and 0.70, sum=1.00 >= 0.97
[Ticker] KXSOL15M-26APR022300-00
[Market] YES=1.00 | NO=0.00 | Sum=1.00
==================================================
Balance: $183.06 | Regime: CHOP | Session: 0W/0L (0%) | PnL: $+0.00
[Confidence] Score=5/10 | extreme_edge,coinbase_weak,2of3_agree
[Timing] Window 14 min old — skipping
[Cycle] No signal — YES=1.00 is between 0.30 and 0.70, sum=1.00 >= 0.97
[Ticker] KXSOL15M-26APR022315-15
[Market] YES=0.57 | NO=0.51 | Sum=1.08
==================================================
Balance: $183.06 | Regime: CHOP | Session: 0W/0L (0%) | PnL: $+0.00
[Cycle] No signal — YES=0.57 is between 0.30 and 0.70, sum=1.08 >= 0.97
[Ticker] KXSOL15M-26APR022315-15
[Market] YES=0.58 | NO=0.46 | Sum=1.04
==================================================
Balance: $183.06 | Regime: CHOP | Session: 0W/0L (0%) | PnL: $+0.00
[Cycle] No signal — YES=0.58 is between 0.30 and 0.70, sum=1.04 >= 0.97
[Ticker] KXSOL15M-26APR022315-15
[Market] YES=0.34 | NO=0.68 | Sum=1.02
==================================================
Balance: $183.06 | Regime: CHOP | Session: 0W/0L (0%) | PnL: $+0.00
[Cycle] No signal — YES=0.34 is between 0.30 and 0.70, sum=1.02 >= 0.97
[Ticker] KXSOL15M-26APR022315-15
[Market] YES=0.29 | NO=0.75 | Sum=1.04
==================================================
Balance: $183.06 | Regime: CHOP | Session: 0W/0L (0%) | PnL: $+0.00
[Confidence] Score=5/10 | moderate_edge,coinbase_weak,all3_agree,peak_hour
[Signal] DOWN candidate | yes=0.29 | waiting (1/2)
[Cycle] No signal — YES=0.29 is between 0.30 and 0.70, sum=1.04 >= 0.97
[Ticker] KXSOL15M-26APR022315-15
[Market] YES=0.27 | NO=0.77 | Sum=1.04
==================================================
Balance: $183.06 | Regime: CHOP | Session: 0W/0L (0%) | PnL: $+0.00
[Confidence] Score=5/10 | moderate_edge,coinbase_weak,all3_agree,peak_hour
[Coinbase] Confirms DOWN | $79 gap=-0 (0.17%)
[Kraken] Divergence 83856.82% — bet trimmed
[Correlation] Markets diverging — bet trimmed
[Signal] CONFIRMED DOWN | yes=0.27 | edge=0.23 | bet=$3.41
[Order] KXSOL15M-26APR022315-15 | no | count=6 | $3.41
✅ SOL DIRECTIONAL: DOWN $3.41 on KXSOL15M-26APR022315-15
[Positions] 1 still open
[Ticker] KXSOL15M-26APR022315-15
[Market] YES=0.24 | NO=0.78 | Sum=1.02
==================================================
Balance: $182.88 | Regime: CHOP | Session: 0W/0L (0%) | PnL: $+0.00
[Confidence] Score=5/10 | moderate_edge,coinbase_weak,all3_agree,peak_hour
[Timing] Window 5 min old — skipping
[Cycle] No signal — YES=0.24 is between 0.30 and 0.70, sum=1.02 >= 0.97
[Positions] 1 still open
[Ticker] KXSOL15M-26APR022315-15
[Market] YES=0.20 | NO=0.82 | Sum=1.02
==================================================
Balance: $183.30 | Regime: CHOP | Session: 0W/0L (0%) | PnL: $+0.00
[Confidence] Score=5/10 | strong_edge,coinbase_weak,2of3_agree,peak_hour
[Timing] Window 6 min old — skipping
[Cycle] No signal — YES=0.20 is between 0.30 and 0.70, sum=1.02 >= 0.97
[Positions] 1 still open
[Ticker] KXSOL15M-26APR022315-15
[Market] YES=0.46 | NO=0.58 | Sum=1.04
==================================================
Balance: $181.68 | Regime: CHOP | Session: 0W/0L (0%) | PnL: $+0.00
[Cycle] No signal — YES=0.46 is between 0.30 and 0.70, sum=1.04 >= 0.97
[Positions] 1 still open
[Ticker] KXSOL15M-26APR022315-15
[Market] YES=0.22 | NO=0.81 | Sum=1.03
==================================================
Balance: $182.52 | Regime: CHOP | Session: 0W/0L (0%) | PnL: $+0.00
[Confidence] Score=5/10 | moderate_edge,coinbase_weak,all3_agree,peak_hour
[Timing] Window 8 min old — skipping
[Cycle] No signal — YES=0.22 is between 0.30 and 0.70, sum=1.03 >= 0.97
[Positions] 1 still open
[Ticker] KXSOL15M-26APR022315-15
[Market] YES=0.29 | NO=0.75 | Sum=1.04
==================================================
Balance: $182.58 | Regime: CHOP | Session: 0W/0L (0%) | PnL: $+0.00
[Confidence] Score=5/10 | moderate_edge,coinbase_weak,all3_agree,peak_hour
[Timing] Window 9 min old — skipping
[Cycle] No signal — YES=0.29 is between 0.30 and 0.70, sum=1.04 >= 0.97
[Positions] 1 still open
[Ticker] KXSOL15M-26APR022315-15
[Market] YES=0.22 | NO=0.81 | Sum=1.03
==================================================
Balance: $183.18 | Regime: CHOP | Session: 0W/0L (0%) | PnL: $+0.00
[Confidence] Score=5/10 | moderate_edge,coinbase_weak,all3_agree,peak_hour
[Timing] Window 10 min old — skipping
[Cycle] No signal — YES=0.22 is between 0.30 and 0.70, sum=1.03 >= 0.97
[Positions] 1 still open
[Ticker] KXSOL15M-26APR022315-15
[Market] YES=0.06 | NO=0.96 | Sum=1.02
==================================================
Balance: $184.14 | Regime: CHOP | Session: 0W/0L (0%) | PnL: $+0.00
[Confidence] Score=6/10 | strong_edge,coinbase_weak,all3_agree,peak_hour
[Timing] Window 11 min old — skipping
[Cycle] No signal — YES=0.06 is between 0.30 and 0.70, sum=1.02 >= 0.97
[Positions] 1 still open
[Ticker] KXSOL15M-26APR022315-15
[Market] YES=0.04 | NO=0.98 | Sum=1.02
==================================================
Balance: $184.20 | Regime: CHOP | Session: 0W/0L (0%) | PnL: $+0.00
[Confidence] Score=7/10 | extreme_edge,coinbase_weak,all3_agree,peak_hour
[Timing] Window 12 min old — skipping
[Cycle] No signal — YES=0.04 is between 0.30 and 0.70, sum=1.02 >= 0.97
[Positions] 1 still open
[Ticker] KXSOL15M-26APR022315-15
[Market] YES=0.01 | NO=0.99 | Sum=1.00
==================================================
Balance: $184.26 | Regime: CHOP | Session: 0W/0L (0%) | PnL: $+0.00
[Confidence] Score=6/10 | extreme_edge,coinbase_weak,2of3_agree,peak_hour
[Timing] Window 13 min old — skipping
[Cycle] No signal — YES=0.01 is between 0.30 and 0.70, sum=1.00 >= 0.97
[Positions] 1 still open
[Ticker] KXSOL15M-26APR022315-15
[Market] YES=0.03 | NO=0.99 | Sum=1.02
==================================================
Balance: $184.08 | Regime: CHOP | Session: 0W/0L (0%) | PnL: $+0.00
[Confidence] Score=7/10 | extreme_edge,coinbase_weak,all3_agree,peak_hour
[Timing] Window 14 min old — skipping
[Cycle] No signal — YES=0.03 is between 0.30 and 0.70, sum=1.02 >= 0.97
[Positions] 1 still open
[Ticker] KXSOL15M-26APR022330-30
[Market] YES=0.62 | NO=0.45 | Sum=1.07
==================================================
Balance: $184.32 | Regime: CHOP | Session: 0W/0L (0%) | PnL: $+0.00
[Cycle] No signal — YES=0.62 is between 0.30 and 0.70, sum=1.07 >= 0.97
[BreakEven] DOWN on KXSOL15M-26APR022315-15 crossed 50% — exiting
[Ticker] KXSOL15M-26APR022330-30
[Market] YES=0.58 | NO=0.47 | Sum=1.05
==================================================
Balance: $184.32 | Regime: CHOP | Session: 0W/0L (0%) | PnL: $+0.00
[Cycle] No signal — YES=0.58 is between 0.30 and 0.70, sum=1.05 >= 0.97
[Ticker] KXSOL15M-26APR022330-30
[Market] YES=0.57 | NO=0.47 | Sum=1.04
==================================================
Balance: $184.32 | Regime: CHOP | Session: 0W/0L (0%) | PnL: $+0.00
[Cycle] No signal — YES=0.57 is between 0.30 and 0.70, sum=1.04 >= 0.97
[Ticker] KXSOL15M-26APR022330-30
[Market] YES=0.57 | NO=0.48 | Sum=1.05
==================================================
Balance: $184.32 | Regime: CHOP | Session: 0W/0L (0%) | PnL: $+0.00
[Cycle] No signal — YES=0.57 is between 0.30 and 0.70, sum=1.05 >= 0.97
[Ticker] KXSOL15M-26APR022330-30
[Market] YES=0.42 | NO=0.62 | Sum=1.04
==================================================
Balance: $184.32 | Regime: CHOP | Session: 0W/0L (0%) | PnL: $+0.00
[Cycle] No signal — YES=0.42 is between 0.30 and 0.70, sum=1.04 >= 0.97
[Ticker] KXSOL15M-26APR022330-30
[Market] YES=0.47 | NO=0.57 | Sum=1.04
==================================================
Balance: $184.32 | Regime: CHOP | Session: 0W/0L (0%) | PnL: $+0.00
[Cycle] No signal — YES=0.47 is between 0.30 and 0.70, sum=1.04 >= 0.97
[Ticker] KXSOL15M-26APR022330-30
[Market] YES=0.54 | NO=0.51 | Sum=1.05
==================================================
Balance: $184.32 | Regime: CHOP | Session: 0W/0L (0%) | PnL: $+0.00
[Cycle] No signal — YES=0.54 is between 0.30 and 0.70, sum=1.05 >= 0.97
[Ticker] KXSOL15M-26APR022330-30
[Market] YES=0.59 | NO=0.46 | Sum=1.05
==================================================
Balance: $184.32 | Regime: CHOP | Session: 0W/0L (0%) | PnL: $+0.00
[Cycle] No signal — YES=0.59 is between 0.30 and 0.70, sum=1.05 >= 0.97
[Ticker] KXSOL15M-26APR022330-30
[Market] YES=0.77 | NO=0.28 | Sum=1.05
==================================================
Balance: $184.32 | Regime: CHOP | Session: 0W/0L (0%) | PnL: $+0.00
[Confidence] Score=3/10 | moderate_edge,coinbase_weak,peak_hour
[Timing] Window 8 min old — skipping
[Cycle] No signal — YES=0.77 is between 0.30 and 0.70, sum=1.05 >= 0.97
[Ticker] KXSOL15M-26APR022330-30
[Market] YES=0.78 | NO=0.25 | Sum=1.03
==================================================
Balance: $184.32 | Regime: CHOP | Session: 0W/0L (0%) | PnL: $+0.00
[Confidence] Score=3/10 | moderate_edge,coinbase_weak,peak_hour
[Timing] Window 9 min old — skipping
[Cycle] No signal — YES=0.78 is between 0.30 and 0.70, sum=1.03 >= 0.97
[Ticker] KXSOL15M-26APR022330-30
[Market] YES=0.84 | NO=0.19 | Sum=1.03
==================================================
Balance: $184.32 | Regime: CHOP | Session: 0W/0L (0%) | PnL: $+0.00
[Confidence] Score=4/10 | strong_edge,coinbase_weak,peak_hour
[Timing] Window 10 min old — skipping
[Cycle] No signal — YES=0.84 is between 0.30 and 0.70, sum=1.03 >= 0.97
[Ticker] KXSOL15M-26APR022330-30
[Market] YES=0.98 | NO=0.04 | Sum=1.02
==================================================
Balance: $184.32 | Regime: CHOP | Session: 0W/0L (0%) | PnL: $+0.00
[Confidence] Score=5/10 | extreme_edge,coinbase_weak,peak_hour
[Timing] Window 11 min old — skipping
[Cycle] No signal — YES=0.98 is between 0.30 and 0.70, sum=1.02 >= 0.97
[Ticker] KXSOL15M-26APR022330-30
[Market] YES=0.70 | NO=0.35 | Sum=1.05
==================================================
Balance: $184.32 | Regime: CHOP | Session: 0W/0L (0%) | PnL: $+0.00
[Cycle] No signal — YES=0.70 is between 0.30 and 0.70, sum=1.05 >= 0.97
[Ticker] KXSOL15M-26APR022330-30
[Market] YES=0.17 | NO=0.88 | Sum=1.05
==================================================
Balance: $184.32 | Regime: CHOP | Session: 0W/0L (0%) | PnL: $+0.00
[Confidence] Score=5/10 | strong_edge,coinbase_weak,2of3_agree,peak_hour
[Timing] Window 13 min old — skipping
[Cycle] No signal — YES=0.17 is between 0.30 and 0.70, sum=1.05 >= 0.97
[Ticker] KXSOL15M-26APR022330-30
[Market] YES=0.00 | NO=1.00 | Sum=1.00
==================================================
Balance: $184.32 | Regime: CHOP | Session: 0W/0L (0%) | PnL: $+0.00
[Confidence] Score=6/10 | extreme_edge,coinbase_weak,2of3_agree,peak_hour
[Timing] Window 14 min old — skipping
[Cycle] No signal — YES=0.00 is between 0.30 and 0.70, sum=1.00 >= 0.97
[Ticker] KXSOL15M-26APR022330-30
[Market] YES=0.00 | NO=1.00 | Sum=1.00
==================================================
Balance: $184.32 | Regime: CHOP | Session: 0W/0L (0%) | PnL: $+0.00
[Confidence] Score=7/10 | extreme_edge,coinbase_weak,all3_agree,peak_hour
[Timing] Window 0 min old — skipping
[Cycle] No signal — YES=0.00 is between 0.30 and 0.70, sum=1.00 >= 0.97
[Ticker] KXSOL15M-26APR022345-45
[Market] YES=0.60 | NO=0.44 | Sum=1.04
==================================================
Balance: $184.32 | Regime: CHOP | Session: 0W/0L (0%) | PnL: $+0.00
[Cycle] No signal — YES=0.60 is between 0.30 and 0.70, sum=1.04 >= 0.97
[Ticker] KXSOL15M-26APR022345-45
[Market] YES=0.54 | NO=0.50 | Sum=1.04
==================================================
Balance: $184.32 | Regime: CHOP | Session: 0W/0L (0%) | PnL: $+0.00
[Cycle] No signal — YES=0.54 is between 0.30 and 0.70, sum=1.04 >= 0.97
[Ticker] KXSOL15M-26APR022345-45
[Market] YES=0.83 | NO=0.20 | Sum=1.03
==================================================
Balance: $184.32 | Regime: CHOP | Session: 0W/0L (0%) | PnL: $+0.00
[Confidence] Score=4/10 | strong_edge,coinbase_weak,peak_hour
[Signal] UP candidate | yes=0.83 | waiting (1/2)
[Cycle] No signal — YES=0.83 is between 0.30 and 0.70, sum=1.03 >= 0.97
[Ticker] KXSOL15M-26APR022345-45
[Market] YES=0.84 | NO=0.20 | Sum=1.04
==================================================
Balance: $183.89 | Regime: CHOP | Session: 0W/0L (0%) | PnL: $+0.00
[Confidence] Score=5/10 | strong_edge,coinbase_weak,2of3_agree,peak_hour
[Coinbase] Confirms UP | $79 gap=+0 (0.20%)
[Kraken] Divergence 83946.13% — bet trimmed
[Correlation] 2/3 agree UP
[Signal] CONFIRMED UP | yes=0.84 | edge=0.34 | bet=$5.62
[Order] KXSOL15M-26APR022345-45 | yes | count=11 | $5.62
✅ SOL DIRECTIONAL: UP $5.62 on KXSOL15M-26APR022345-45
[Positions] 1 still open
[Ticker] KXSOL15M-26APR022345-45
[Market] YES=0.81 | NO=0.21 | Sum=1.02
==================================================
Balance: $183.01 | Regime: CHOP | Session: 0W/0L (0%) | PnL: $+0.00
[Confidence] Score=4/10 | strong_edge,coinbase_weak,peak_hour
[Timing] Window 5 min old — skipping
[Cycle] No signal — YES=0.81 is between 0.30 and 0.70, sum=1.02 >= 0.97
[Positions] 1 still open
[Ticker] KXSOL15M-26APR022345-45
[Market] YES=0.52 | NO=0.52 | Sum=1.04
==================================================
Balance: $176.63 | Regime: CHOP | Session: 0W/0L (0%) | PnL: $+0.00
[Cycle] No signal — YES=0.52 is between 0.30 and 0.70, sum=1.04 >= 0.97
[Positions] 1 still open
[Ticker] KXSOL15M-26APR022345-45
[Market] YES=0.40 | NO=0.62 | Sum=1.02
==================================================
Balance: $173.77 | Regime: CHOP | Session: 0W/0L (0%) | PnL: $+0.00
[Cycle] No signal — YES=0.40 is between 0.30 and 0.70, sum=1.02 >= 0.97
[BreakEven] UP on KXSOL15M-26APR022345-45 crossed 50% — exiting
[Ticker] KXSOL15M-26APR022345-45
[Market] YES=0.43 | NO=0.85 | Sum=1.28
==================================================
Balance: $173.66 | Regime: CHOP | Session: 0W/0L (0%) | PnL: $+0.00
[Cycle] No signal — YES=0.43 is between 0.30 and 0.70, sum=1.28 >= 0.97
[Ticker] KXSOL15M-26APR022345-45
[Market] YES=0.31 | NO=0.72 | Sum=1.03
==================================================
Balance: $167.94 | Regime: CHOP | Session: 0W/0L (0%) | PnL: $+0.00
[Cycle] No signal — YES=0.31 is between 0.30 and 0.70, sum=1.03 >= 0.97
[Ticker] KXSOL15M-26APR022345-45
[Market] YES=0.23 | NO=0.80 | Sum=1.03
==================================================
Balance: $166.95 | Regime: CHOP | Session: 0W/0L (0%) | PnL: $+0.00
[Confidence] Score=5/10 | moderate_edge,coinbase_weak,all3_agree,peak_hour
[Timing] Window 10 min old — skipping
[Cycle] No signal — YES=0.23 is between 0.30 and 0.70, sum=1.03 >= 0.97
[Ticker] KXSOL15M-26APR022345-45
[Market] YES=0.15 | NO=0.89 | Sum=1.04
==================================================
Balance: $162.33 | Regime: CHOP | Session: 0W/0L (0%) | PnL: $+0.00
[Confidence] Score=6/10 | strong_edge,coinbase_weak,all3_agree,peak_hour
[Timing] Window 11 min old — skipping
[Cycle] No signal — YES=0.15 is between 0.30 and 0.70, sum=1.04 >= 0.97
[Ticker] KXSOL15M-26APR022345-45
[Market] YES=0.08 | NO=0.95 | Sum=1.03
==================================================
Balance: $162.49 | Regime: CHOP | Session: 0W/0L (0%) | PnL: $+0.00
[Confidence] Score=5/10 | strong_edge,coinbase_weak,2of3_agree,peak_hour
[Timing] Window 12 min old — skipping
[Cycle] No signal — YES=0.08 is between 0.30 and 0.70, sum=1.03 >= 0.97
[Ticker] KXSOL15M-26APR022345-45
[Market] YES=0.01 | NO=0.99 | Sum=1.00
==================================================
Balance: $163.10 | Regime: CHOP | Session: 0W/0L (0%) | PnL: $+0.00
[Confidence] Score=6/10 | extreme_edge,coinbase_weak,2of3_agree,peak_hour
[Timing] Window 13 min old — skipping
[Cycle] No signal — YES=0.01 is between 0.30 and 0.70, sum=1.00 >= 0.97
[Ticker] KXSOL15M-26APR022345-45
[Market] YES=0.00 | NO=1.00 | Sum=1.00
==================================================
Balance: $163.83 | Regime: CHOP | Session: 0W/0L (0%) | PnL: $+0.00
[Confidence] Score=7/10 | extreme_edge,coinbase_weak,all3_agree,peak_hour
[Timing] Window 14 min old — skipping
[Cycle] No signal — YES=0.00 is between 0.30 and 0.70, sum=1.00 >= 0.97
[Ticker] KXSOL15M-26APR022345-45
[Market] YES=0.00 | NO=1.00 | Sum=1.00
==================================================
Balance: $156.72 | Regime: CHOP | Session: 0W/0L (0%) | PnL: $+0.00
[Confidence] Score=7/10 | extreme_edge,coinbase_weak,all3_agree,peak_hour
[Timing] Window 0 min old — skipping
[Cycle] No signal — YES=0.00 is between 0.30 and 0.70, sum=1.00 >= 0.97
[Ticker] KXSOL15M-26APR030000-00
[Market] YES=0.69 | NO=0.32 | Sum=1.01
==================================================
Balance: $156.72 | Regime: CHOP | Session: 0W/0L (0%) | PnL: $+0.00
[Cycle] No signal — YES=0.69 is between 0.30 and 0.70, sum=1.01 >= 0.97
[Ticker] KXSOL15M-26APR030000-00
[Market] YES=0.66 | NO=0.36 | Sum=1.02
==================================================
Balance: $156.72 | Regime: CHOP | Session: 0W/0L (0%) | PnL: $+0.00
[Cycle] No signal — YES=0.66 is between 0.30 and 0.70, sum=1.02 >= 0.97
[Ticker] KXSOL15M-26APR030000-00
[Market] YES=0.71 | NO=0.34 | Sum=1.05
==================================================
Balance: $156.72 | Regime: CHOP | Session: 0W/0L (0%) | PnL: $+0.00
[Confidence] Score=3/10 | moderate_edge,coinbase_weak,peak_hour
[Signal] UP candidate | yes=0.71 | waiting (1/2)
[Cycle] No signal — YES=0.71 is between 0.30 and 0.70, sum=1.05 >= 0.97
[Ticker] KXSOL15M-26APR030000-00
[Market] YES=0.65 | NO=0.40 | Sum=1.05
==================================================
Balance: $156.72 | Regime: CHOP | Session: 0W/0L (0%) | PnL: $+0.00
[Cycle] No signal — YES=0.65 is between 0.30 and 0.70, sum=1.05 >= 0.97
[Ticker] KXSOL15M-26APR030000-00
[Market] YES=0.70 | NO=0.33 | Sum=1.03
==================================================
Balance: $156.72 | Regime: CHOP | Session: 0W/0L (0%) | PnL: $+0.00
[Cycle] No signal — YES=0.70 is between 0.30 and 0.70, sum=1.03 >= 0.97
[Ticker] KXSOL15M-26APR030000-00
[Market] YES=0.72 | NO=0.31 | Sum=1.03
==================================================
Balance: $156.72 | Regime: CHOP | Session: 0W/0L (0%) | PnL: $+0.00
[Confidence] Score=3/10 | moderate_edge,coinbase_weak,peak_hour
[Timing] Window 6 min old — skipping
[Cycle] No signal — YES=0.72 is between 0.30 and 0.70, sum=1.03 >= 0.97
[Ticker] KXSOL15M-26APR030000-00
[Market] YES=0.61 | NO=0.42 | Sum=1.03
==================================================
Balance: $156.72 | Regime: CHOP | Session: 0W/0L (0%) | PnL: $+0.00
[Cycle] No signal — YES=0.61 is between 0.30 and 0.70, sum=1.03 >= 0.97
[Ticker] KXSOL15M-26APR030000-00
[Market] YES=0.70 | NO=0.31 | Sum=1.01
==================================================
Balance: $156.72 | Regime: CHOP | Session: 0W/0L (0%) | PnL: $+0.00
[Cycle] No signal — YES=0.70 is between 0.30 and 0.70, sum=1.01 >= 0.97
[Ticker] KXSOL15M-26APR030000-00
[Market] YES=0.76 | NO=0.27 | Sum=1.03
==================================================
Balance: $156.72 | Regime: CHOP | Session: 0W/0L (0%) | PnL: $+0.00
[Confidence] Score=3/10 | moderate_edge,coinbase_weak,peak_hour
[Timing] Window 9 min old — skipping
[Cycle] No signal — YES=0.76 is between 0.30 and 0.70, sum=1.03 >= 0.97
[Ticker] KXSOL15M-26APR030000-00
[Market] YES=0.43 | NO=0.60 | Sum=1.03
==================================================
Balance: $156.72 | Regime: CHOP | Session: 0W/0L (0%) | PnL: $+0.00
[Cycle] No signal — YES=0.43 is between 0.30 and 0.70, sum=1.03 >= 0.97
[Ticker] KXSOL15M-26APR030000-00
[Market] YES=0.46 | NO=0.58 | Sum=1.04
==================================================
Balance: $156.72 | Regime: CHOP | Session: 0W/0L (0%) | PnL: $+0.00
[Cycle] No signal — YES=0.46 is between 0.30 and 0.70, sum=1.04 >= 0.97
[Ticker] KXSOL15M-26APR030000-00
[Market] YES=0.50 | NO=0.55 | Sum=1.05
==================================================
Balance: $156.72 | Regime: CHOP | Session: 0W/0L (0%) | PnL: $+0.00
[Cycle] No signal — YES=0.50 is between 0.30 and 0.70, sum=1.05 >= 0.97
[Ticker] KXSOL15M-26APR030000-00
[Market] YES=0.75 | NO=0.28 | Sum=1.03
==================================================
Balance: $156.72 | Regime: CHOP | Session: 0W/0L (0%) | PnL: $+0.00
[Confidence] Score=3/10 | moderate_edge,coinbase_weak,peak_hour
[Timing] Window 13 min old — skipping
[Cycle] No signal — YES=0.75 is between 0.30 and 0.70, sum=1.03 >= 0.97
[Ticker] KXSOL15M-26APR030000-00
[Market] YES=0.49 | NO=0.94 | Sum=1.43
==================================================
Balance: $156.72 | Regime: CHOP | Session: 0W/0L (0%) | PnL: $+0.00
[Cycle] No signal — YES=0.49 is between 0.30 and 0.70, sum=1.43 >= 0.97
[Ticker] KXSOL15M-26APR030015-15
[Market] YES=0.64 | NO=0.48 | Sum=1.12
==================================================
Balance: $156.72 | Regime: CHOP | Session: 0W/0L (0%) | PnL: $+0.00
[Cycle] No signal — YES=0.64 is between 0.30 and 0.70, sum=1.12 >= 0.97
[Ticker] KXSOL15M-26APR030015-15
[Market] YES=0.53 | NO=0.51 | Sum=1.04
==================================================
Balance: $156.72 | Regime: CHOP | Session: 0W/0L (0%) | PnL: $+0.00
[Cycle] No signal — YES=0.53 is between 0.30 and 0.70, sum=1.04 >= 0.97
[Ticker] KXSOL15M-26APR030015-15
[Market] YES=0.65 | NO=0.38 | Sum=1.03
==================================================
Balance: $156.72 | Regime: CHOP | Session: 0W/0L (0%) | PnL: $+0.00
[Cycle] No signal — YES=0.65 is between 0.30 and 0.70, sum=1.03 >= 0.97
[Ticker] KXSOL15M-26APR030015-15
[Market] YES=0.69 | NO=0.34 | Sum=1.03
==================================================
Balance: $156.72 | Regime: CHOP | Session: 0W/0L (0%) | PnL: $+0.00
[Cycle] No signal — YES=0.69 is between 0.30 and 0.70, sum=1.03 >= 0.97
[Ticker] KXSOL15M-26APR030015-15
[Market] YES=0.74 | NO=0.29 | Sum=1.03
==================================================
Balance: $156.72 | Regime: CHOP | Session: 0W/0L (0%) | PnL: $+0.00
[Confidence] Score=2/10 | moderate_edge,coinbase_weak
[Signal] UP candidate | yes=0.74 | waiting (1/2)
[Cycle] No signal — YES=0.74 is between 0.30 and 0.70, sum=1.03 >= 0.97
[Ticker] KXSOL15M-26APR030015-15
[Market] YES=0.77 | NO=0.26 | Sum=1.03
==================================================
Balance: $156.72 | Regime: CHOP | Session: 0W/0L (0%) | PnL: $+0.00
[Confidence] Score=2/10 | moderate_edge,coinbase_weak
[Timing] Window 5 min old — skipping
[Cycle] No signal — YES=0.77 is between 0.30 and 0.70, sum=1.03 >= 0.97
[Ticker] KXSOL15M-26APR030015-15
[Market] YES=0.79 | NO=0.23 | Sum=1.02
==================================================
Balance: $156.72 | Regime: CHOP | Session: 0W/0L (0%) | PnL: $+0.00
[Confidence] Score=2/10 | moderate_edge,coinbase_weak
[Timing] Window 6 min old — skipping
[Cycle] No signal — YES=0.79 is between 0.30 and 0.70, sum=1.02 >= 0.97
[Ticker] KXSOL15M-26APR030015-15
[Market] YES=0.86 | NO=0.15 | Sum=1.01
==================================================
Balance: $156.72 | Regime: CHOP | Session: 0W/0L (0%) | PnL: $+0.00
[Confidence] Score=3/10 | strong_edge,coinbase_weak
[Timing] Window 7 min old — skipping
[Cycle] No signal — YES=0.86 is between 0.30 and 0.70, sum=1.01 >= 0.97
[Ticker] KXSOL15M-26APR030015-15
[Market] YES=0.95 | NO=0.07 | Sum=1.02
==================================================
Balance: $156.72 | Regime: CHOP | Session: 0W/0L (0%) | PnL: $+0.00
[Confidence] Score=3/10 | strong_edge,coinbase_weak
[Timing] Window 8 min old — skipping
[Cycle] No signal — YES=0.95 is between 0.30 and 0.70, sum=1.02 >= 0.97
[Ticker] KXSOL15M-26APR030015-15
[Market] YES=0.94 | NO=0.09 | Sum=1.03
==================================================
Balance: $156.72 | Regime: CHOP | Session: 0W/0L (0%) | PnL: $+0.00
[Confidence] Score=3/10 | strong_edge,coinbase_weak
[Timing] Window 9 min old — skipping
[Cycle] No signal — YES=0.94 is between 0.30 and 0.70, sum=1.03 >= 0.97
[Ticker] KXSOL15M-26APR030015-15
[Market] YES=0.93 | NO=0.10 | Sum=1.03
==================================================
Balance: $156.72 | Regime: CHOP | Session: 0W/0L (0%) | PnL: $+0.00
[Confidence] Score=3/10 | strong_edge,coinbase_weak
[Timing] Window 10 min old — skipping
[Cycle] No signal — YES=0.93 is between 0.30 and 0.70, sum=1.03 >= 0.97
[Ticker] KXSOL15M-26APR030015-15
[Market] YES=0.96 | NO=0.05 | Sum=1.01
==================================================
Balance: $156.72 | Regime: CHOP | Session: 0W/0L (0%) | PnL: $+0.00
[Confidence] Score=4/10 | extreme_edge,coinbase_weak
[Timing] Window 11 min old — skipping
[Cycle] No signal — YES=0.96 is between 0.30 and 0.70, sum=1.01 >= 0.97
[Ticker] KXSOL15M-26APR030015-15
[Market] YES=1.00 | NO=0.01 | Sum=1.00
==================================================
Balance: $156.72 | Regime: CHOP | Session: 0W/0L (0%) | PnL: $+0.00
[Confidence] Score=4/10 | extreme_edge,coinbase_weak
[Timing] Window 12 min old — skipping
[Cycle] No signal — YES=1.00 is between 0.30 and 0.70, sum=1.00 >= 0.97
[Ticker] KXSOL15M-26APR030015-15
[Market] YES=1.00 | NO=0.00 | Sum=1.00
==================================================
Balance: $156.72 | Regime: CHOP | Session: 0W/0L (0%) | PnL: $+0.00
[Confidence] Score=4/10 | extreme_edge,coinbase_weak
[Timing] Window 13 min old — skipping
[Cycle] No signal — YES=1.00 is between 0.30 and 0.70, sum=1.00 >= 0.97
[Ticker] KXSOL15M-26APR030015-15
[Market] YES=1.00 | NO=0.00 | Sum=1.00
==================================================
Balance: $156.72 | Regime: CHOP | Session: 0W/0L (0%) | PnL: $+0.00
[Confidence] Score=4/10 | extreme_edge,coinbase_weak
[Timing] Window 14 min old — skipping
[Cycle] No signal — YES=1.00 is between 0.30 and 0.70, sum=1.00 >= 0.97
[Ticker] KXSOL15M-26APR030030-30
[Market] YES=0.60 | NO=0.44 | Sum=1.04
==================================================
Balance: $156.72 | Regime: CHOP | Session: 0W/0L (0%) | PnL: $+0.00
[Cycle] No signal — YES=0.60 is between 0.30 and 0.70, sum=1.04 >= 0.97
[Ticker] KXSOL15M-26APR030030-30
[Market] YES=0.49 | NO=0.55 | Sum=1.04
==================================================
Balance: $156.72 | Regime: CHOP | Session: 0W/0L (0%) | PnL: $+0.00
[Cycle] No signal — YES=0.49 is between 0.30 and 0.70, sum=1.04 >= 0.97
[Ticker] KXSOL15M-26APR030030-30
[Market] YES=0.78 | NO=0.25 | Sum=1.03
==================================================
Balance: $156.72 | Regime: CHOP | Session: 0W/0L (0%) | PnL: $+0.00
[Confidence] Score=2/10 | moderate_edge,coinbase_weak
[Signal] UP candidate | yes=0.78 | waiting (1/2)
[Cycle] No signal — YES=0.78 is between 0.30 and 0.70, sum=1.03 >= 0.97
[Ticker] KXSOL15M-26APR030030-30
[Market] YES=0.38 | NO=0.66 | Sum=1.04
==================================================
Balance: $156.72 | Regime: CHOP | Session: 0W/0L (0%) | PnL: $+0.00
[Cycle] No signal — YES=0.38 is between 0.30 and 0.70, sum=1.04 >= 0.97
[Ticker] KXSOL15M-26APR030030-30
[Market] YES=0.31 | NO=0.73 | Sum=1.04
==================================================
Balance: $156.72 | Regime: CHOP | Session: 0W/0L (0%) | PnL: $+0.00
[Cycle] No signal — YES=0.31 is between 0.30 and 0.70, sum=1.04 >= 0.97
[Ticker] KXSOL15M-26APR030030-30
[Market] YES=0.30 | NO=0.73 | Sum=1.03
==================================================
Balance: $156.72 | Regime: CHOP | Session: 0W/0L (0%) | PnL: $+0.00
[Cycle] No signal — YES=0.30 is between 0.30 and 0.70, sum=1.03 >= 0.97
[Ticker] KXSOL15M-26APR030030-30
[Market] YES=0.25 | NO=0.79 | Sum=1.04
==================================================
Balance: $156.72 | Regime: CHOP | Session: 0W/0L (0%) | PnL: $+0.00
[Confidence] Score=4/10 | moderate_edge,coinbase_weak,all3_agree
[Timing] Window 6 min old — skipping
[Cycle] No signal — YES=0.25 is between 0.30 and 0.70, sum=1.04 >= 0.97
[Ticker] KXSOL15M-26APR030030-30
[Market] YES=0.26 | NO=0.77 | Sum=1.03
==================================================
Balance: $156.72 | Regime: CHOP | Session: 0W/0L (0%) | PnL: $+0.00
[Confidence] Score=3/10 | moderate_edge,coinbase_weak,2of3_agree
[Timing] Window 7 min old — skipping
[Cycle] No signal — YES=0.26 is between 0.30 and 0.70, sum=1.03 >= 0.97
[Ticker] KXSOL15M-26APR030030-30
[Market] YES=0.12 | NO=0.91 | Sum=1.03
==================================================
Balance: $156.72 | Regime: CHOP | Session: 0W/0L (0%) | PnL: $+0.00
[Confidence] Score=5/10 | strong_edge,coinbase_weak,all3_agree
[Timing] Window 8 min old — skipping
[Cycle] No signal — YES=0.12 is between 0.30 and 0.70, sum=1.03 >= 0.97
[Ticker] KXSOL15M-26APR030030-30
[Market] YES=0.08 | NO=0.93 | Sum=1.01
==================================================
Balance: $156.72 | Regime: CHOP | Session: 0W/0L (0%) | PnL: $+0.00
[Confidence] Score=4/10 | strong_edge,coinbase_weak,2of3_agree
[Timing] Window 9 min old — skipping
[Cycle] No signal — YES=0.08 is between 0.30 and 0.70, sum=1.01 >= 0.97
[Ticker] KXSOL15M-26APR030030-30
[Market] YES=0.05 | NO=0.96 | Sum=1.01
==================================================
Balance: $156.72 | Regime: CHOP | Session: 0W/0L (0%) | PnL: $+0.00
[Confidence] Score=6/10 | extreme_edge,coinbase_weak,all3_agree
[Timing] Window 10 min old — skipping
[Cycle] No signal — YES=0.05 is between 0.30 and 0.70, sum=1.01 >= 0.97
[Ticker] KXSOL15M-26APR030030-30
[Market] YES=0.05 | NO=0.96 | Sum=1.00
==================================================
Balance: $156.72 | Regime: CHOP | Session: 0W/0L (0%) | PnL: $+0.00
[Confidence] Score=6/10 | extreme_edge,coinbase_weak,all3_agree
[Timing] Window 11 min old — skipping
[Cycle] No signal — YES=0.05 is between 0.30 and 0.70, sum=1.00 >= 0.97
[Ticker] KXSOL15M-26APR030030-30
[Market] YES=0.03 | NO=0.99 | Sum=1.02
==================================================
Balance: $156.72 | Regime: CHOP | Session: 0W/0L (0%) | PnL: $+0.00
[Confidence] Score=6/10 | extreme_edge,coinbase_weak,all3_agree
[Timing] Window 12 min old — skipping
[Cycle] No signal — YES=0.03 is between 0.30 and 0.70, sum=1.02 >= 0.97
[Ticker] KXSOL15M-26APR030030-30
[Market] YES=0.01 | NO=1.00 | Sum=1.00
==================================================
Balance: $156.72 | Regime: CHOP | Session: 0W/0L (0%) | PnL: $+0.00
[Confidence] Score=5/10 | extreme_edge,coinbase_weak,2of3_agree
[Timing] Window 13 min old — skipping
[Cycle] No signal — YES=0.01 is between 0.30 and 0.70, sum=1.00 >= 0.97
[Ticker] KXSOL15M-26APR030030-30
[Market] YES=0.00 | NO=1.00 | Sum=1.00
==================================================
Balance: $156.72 | Regime: CHOP | Session: 0W/0L (0%) | PnL: $+0.00
[Confidence] Score=6/10 | extreme_edge,coinbase_weak,all3_agree
[Timing] Window 14 min old — skipping
[Cycle] No signal — YES=0.00 is between 0.30 and 0.70, sum=1.00 >= 0.97
[Ticker] KXSOL15M-26APR030030-30
[Market] YES=0.00 | NO=1.00 | Sum=1.00
==================================================
Balance: $156.72 | Regime: CHOP | Session: 0W/0L (0%) | PnL: $+0.00
[Confidence] Score=6/10 | extreme_edge,coinbase_weak,all3_agree
[Timing] Window 0 min old — skipping
[Cycle] No signal — YES=0.00 is between 0.30 and 0.70, sum=1.00 >= 0.97
[Ticker] KXSOL15M-26APR030045-45
[Market] YES=0.38 | NO=0.64 | Sum=1.02
==================================================
Balance: $156.72 | Regime: CHOP | Session: 0W/0L (0%) | PnL: $+0.00
[Cycle] No signal — YES=0.38 is between 0.30 and 0.70, sum=1.02 >= 0.97
[Ticker] KXSOL15M-26APR030045-45
[Market] YES=0.54 | NO=0.49 | Sum=1.03
==================================================
Balance: $156.72 | Regime: CHOP | Session: 0W/0L (0%) | PnL: $+0.00
[Cycle] No signal — YES=0.54 is between 0.30 and 0.70, sum=1.03 >= 0.97
[Ticker] KXSOL15M-26APR030045-45
[Market] YES=0.73 | NO=0.31 | Sum=1.04
==================================================
Balance: $156.72 | Regime: CHOP | Session: 0W/0L (0%) | PnL: $+0.00
[Confidence] Score=2/10 | moderate_edge,coinbase_weak
[Signal] UP candidate | yes=0.73 | waiting (1/2)
[Cycle] No signal — YES=0.73 is between 0.30 and 0.70, sum=1.04 >= 0.97
[Ticker] KXSOL15M-26APR030045-45
[Market] YES=0.74 | NO=0.27 | Sum=1.01
==================================================
Balance: $156.72 | Regime: CHOP | Session: 0W/0L (0%) | PnL: $+0.00
[Confidence] Score=2/10 | moderate_edge,coinbase_weak
[Coinbase] Confirms UP | $79 gap=+0 (0.18%)
[Kraken] Divergence 83938.62% — bet trimmed
[Correlation] 2/3 agree UP
[Signal] CONFIRMED UP | yes=0.74 | edge=0.24 | bet=$1.80
[Safety] Balance $156.72 below floor $175.00
🛑 OpenClaw SOL Bot v4.0 halted: Balance $156.72 below floor $175.00

==================================================
OpenClaw SOL Bot v4.0 — LIVE
[Startup] Live balance synced: $156.72
Balance: $156.72 | MaxBet: $3.13 | Threshold: <0.30 or >0.70
==================================================

[Startup] Resting orders cleared
[Ticker] KXSOL15M-26APR030045-45
[Market] YES=0.69 | NO=0.35 | Sum=1.04
==================================================
Balance: $156.72 | Regime: CHOP | Session: 0W/0L (0%) | PnL: $+0.00
[Cycle] No signal — YES=0.69 is between 0.30 and 0.70, sum=1.04 >= 0.97
[Ticker] KXSOL15M-26APR030045-45
[Market] YES=0.64 | NO=0.40 | Sum=1.04
==================================================
Balance: $156.72 | Regime: CHOP | Session: 0W/0L (0%) | PnL: $+0.00
[Cycle] No signal — YES=0.64 is between 0.30 and 0.70, sum=1.04 >= 0.97
[Ticker] KXSOL15M-26APR030045-45
[Market] YES=0.82 | NO=0.21 | Sum=1.03
==================================================
Balance: $156.72 | Regime: CHOP | Session: 0W/0L (0%) | PnL: $+0.00
[Confidence] Score=3/10 | strong_edge,coinbase_weak
[Timing] Window 10 min old — skipping
[Cycle] No signal — YES=0.82 is between 0.30 and 0.70, sum=1.03 >= 0.97
[Ticker] KXSOL15M-26APR030045-45
[Market] YES=0.94 | NO=0.08 | Sum=1.02
==================================================
Balance: $156.72 | Regime: CHOP | Session: 0W/0L (0%) | PnL: $+0.00
[Confidence] Score=3/10 | strong_edge,coinbase_weak
[Timing] Window 11 min old — skipping
[Cycle] No signal — YES=0.94 is between 0.30 and 0.70, sum=1.02 >= 0.97
[Ticker] KXSOL15M-26APR030045-45
[Market] YES=0.95 | NO=0.08 | Sum=1.03
==================================================
Balance: $156.72 | Regime: CHOP | Session: 0W/0L (0%) | PnL: $+0.00
[Confidence] Score=3/10 | strong_edge,coinbase_weak
[Timing] Window 12 min old — skipping
[Cycle] No signal — YES=0.95 is between 0.30 and 0.70, sum=1.03 >= 0.97
[Ticker] KXSOL15M-26APR030045-45
[Market] YES=1.00 | NO=0.01 | Sum=1.00
==================================================
Balance: $156.72 | Regime: CHOP | Session: 0W/0L (0%) | PnL: $+0.00
[Confidence] Score=4/10 | extreme_edge,coinbase_weak
[Timing] Window 13 min old — skipping
[Cycle] No signal — YES=1.00 is between 0.30 and 0.70, sum=1.00 >= 0.97
[Ticker] KXSOL15M-26APR030045-45
[Market] YES=1.00 | NO=0.00 | Sum=1.00
==================================================
Balance: $156.72 | Regime: CHOP | Session: 0W/0L (0%) | PnL: $+0.00
[Confidence] Score=4/10 | extreme_edge,coinbase_weak
[Timing] Window 14 min old — skipping
[Cycle] No signal — YES=1.00 is between 0.30 and 0.70, sum=1.00 >= 0.97
[Ticker] KXSOL15M-26APR030100-00
[Market] YES=0.57 | NO=0.47 | Sum=1.04
==================================================
Balance: $156.72 | Regime: CHOP | Session: 0W/0L (0%) | PnL: $+0.00
[Cycle] No signal — YES=0.57 is between 0.30 and 0.70, sum=1.04 >= 0.97
[Ticker] KXSOL15M-26APR030100-00
[Market] YES=0.70 | NO=0.32 | Sum=1.02
==================================================
Balance: $156.72 | Regime: CHOP | Session: 0W/0L (0%) | PnL: $+0.00
[Cycle] No signal — YES=0.70 is between 0.30 and 0.70, sum=1.02 >= 0.97
[Ticker] KXSOL15M-26APR030100-00
[Market] YES=0.68 | NO=0.36 | Sum=1.04
==================================================
Balance: $156.72 | Regime: CHOP | Session: 0W/0L (0%) | PnL: $+0.00
[Cycle] No signal — YES=0.68 is between 0.30 and 0.70, sum=1.04 >= 0.97
[Ticker] KXSOL15M-26APR030100-00
[Market] YES=0.73 | NO=0.31 | Sum=1.04
==================================================
Balance: $156.72 | Regime: CHOP | Session: 0W/0L (0%) | PnL: $+0.00
[Confidence] Score=2/10 | moderate_edge,coinbase_weak
[Signal] UP candidate | yes=0.73 | waiting (1/2)
[Cycle] No signal — YES=0.73 is between 0.30 and 0.70, sum=1.04 >= 0.97
[Ticker] KXSOL15M-26APR030100-00
[Market] YES=0.78 | NO=0.23 | Sum=1.01
==================================================
Balance: $156.72 | Regime: CHOP | Session: 0W/0L (0%) | PnL: $+0.00
[Confidence] Score=2/10 | moderate_edge,coinbase_weak
[Coinbase] Confirms UP | $79 gap=+0 (0.17%)
[Kraken] Divergence 83857.17% — bet trimmed
[Correlation] 2/3 agree UP
[Signal] CONFIRMED UP | yes=0.78 | edge=0.28 | bet=$1.80
[Safety] Balance $156.72 below floor $175.00
🛑 OpenClaw SOL Bot v4.0 halted: Balance $156.72 below floor $175.00

==================================================
OpenClaw SOL Bot v4.0 — LIVE
[Startup] Live balance synced: $156.72
Balance: $156.72 | MaxBet: $3.13 | Threshold: <0.30 or >0.70
==================================================

[Startup] Resting orders cleared
[Ticker] KXSOL15M-26APR030100-00
[Market] YES=0.69 | NO=0.35 | Sum=1.04
==================================================
Balance: $156.72 | Regime: CHOP | Session: 0W/0L (0%) | PnL: $+0.00
[Cycle] No signal — YES=0.69 is between 0.30 and 0.70, sum=1.04 >= 0.97
[Ticker] KXSOL15M-26APR030100-00
[Market] YES=0.83 | NO=0.21 | Sum=1.04
==================================================
Balance: $156.72 | Regime: CHOP | Session: 0W/0L (0%) | PnL: $+0.00
[Confidence] Score=3/10 | strong_edge,coinbase_weak
[Timing] Window 10 min old — skipping
[Cycle] No signal — YES=0.83 is between 0.30 and 0.70, sum=1.04 >= 0.97
[Ticker] KXSOL15M-26APR030100-00
[Market] YES=0.93 | NO=0.11 | Sum=1.04
==================================================
Balance: $156.72 | Regime: CHOP | Session: 0W/0L (0%) | PnL: $+0.00
[Confidence] Score=3/10 | strong_edge,coinbase_weak
[Timing] Window 11 min old — skipping
[Cycle] No signal — YES=0.93 is between 0.30 and 0.70, sum=1.04 >= 0.97
[Ticker] KXSOL15M-26APR030100-00
[Market] YES=0.96 | NO=0.07 | Sum=1.03
==================================================
Balance: $156.72 | Regime: CHOP | Session: 0W/0L (0%) | PnL: $+0.00
[Confidence] Score=4/10 | extreme_edge,coinbase_weak
[Timing] Window 12 min old — skipping
[Cycle] No signal — YES=0.96 is between 0.30 and 0.70, sum=1.03 >= 0.97
[Ticker] KXSOL15M-26APR030100-00
[Market] YES=0.88 | NO=0.15 | Sum=1.03
==================================================
Balance: $156.72 | Regime: CHOP | Session: 0W/0L (0%) | PnL: $+0.00
[Confidence] Score=3/10 | strong_edge,coinbase_weak
[Timing] Window 13 min old — skipping
[Cycle] No signal — YES=0.88 is between 0.30 and 0.70, sum=1.03 >= 0.97
[Ticker] KXSOL15M-26APR030100-00
[Market] YES=1.00 | NO=0.01 | Sum=1.01
==================================================
Balance: $156.72 | Regime: CHOP | Session: 0W/0L (0%) | PnL: $+0.00
[Confidence] Score=4/10 | extreme_edge,coinbase_weak
[Timing] Window 14 min old — skipping
[Cycle] No signal — YES=1.00 is between 0.30 and 0.70, sum=1.01 >= 0.97
[Ticker] KXSOL15M-26APR030115-15
[Market] YES=0.48 | NO=0.62 | Sum=1.10
==================================================
Balance: $156.72 | Regime: CHOP | Session: 0W/0L (0%) | PnL: $+0.00
[Cycle] No signal — YES=0.48 is between 0.30 and 0.70, sum=1.10 >= 0.97
[Ticker] KXSOL15M-26APR030115-15
[Market] YES=0.52 | NO=0.53 | Sum=1.05
==================================================
Balance: $156.72 | Regime: CHOP | Session: 0W/0L (0%) | PnL: $+0.00
[Cycle] No signal — YES=0.52 is between 0.30 and 0.70, sum=1.05 >= 0.97
[Ticker] KXSOL15M-26APR030115-15
[Market] YES=0.56 | NO=0.48 | Sum=1.04
==================================================
Balance: $156.72 | Regime: CHOP | Session: 0W/0L (0%) | PnL: $+0.00
[Cycle] No signal — YES=0.56 is between 0.30 and 0.70, sum=1.04 >= 0.97
[Ticker] KXSOL15M-26APR030115-15
[Market] YES=0.59 | NO=0.46 | Sum=1.05
==================================================
Balance: $156.72 | Regime: CHOP | Session: 0W/0L (0%) | PnL: $+0.00
[Cycle] No signal — YES=0.59 is between 0.30 and 0.70, sum=1.05 >= 0.97
[Ticker] KXSOL15M-26APR030115-15
[Market] YES=0.67 | NO=0.36 | Sum=1.03
==================================================
Balance: $156.72 | Regime: CHOP | Session: 0W/0L (0%) | PnL: $+0.00
[Cycle] No signal — YES=0.67 is between 0.30 and 0.70, sum=1.03 >= 0.97
[Ticker] KXSOL15M-26APR030115-15
[Market] YES=0.69 | NO=0.35 | Sum=1.04
==================================================
Balance: $156.72 | Regime: CHOP | Session: 0W/0L (0%) | PnL: $+0.00
[Cycle] No signal — YES=0.69 is between 0.30 and 0.70, sum=1.04 >= 0.97
[Ticker] KXSOL15M-26APR030115-15
[Market] YES=0.62 | NO=0.42 | Sum=1.04
==================================================
Balance: $156.72 | Regime: CHOP | Session: 0W/0L (0%) | PnL: $+0.00
[Cycle] No signal — YES=0.62 is between 0.30 and 0.70, sum=1.04 >= 0.97
[Ticker] KXSOL15M-26APR030115-15
[Market] YES=0.70 | NO=0.34 | Sum=1.04
==================================================
Balance: $156.72 | Regime: CHOP | Session: 0W/0L (0%) | PnL: $+0.00
[Cycle] No signal — YES=0.70 is between 0.30 and 0.70, sum=1.04 >= 0.97
[Ticker] KXSOL15M-26APR030115-15
[Market] YES=0.58 | NO=0.46 | Sum=1.04
==================================================
Balance: $156.72 | Regime: CHOP | Session: 0W/0L (0%) | PnL: $+0.00
[Cycle] No signal — YES=0.58 is between 0.30 and 0.70, sum=1.04 >= 0.97
[Ticker] KXSOL15M-26APR030115-15
[Market] YES=0.50 | NO=0.55 | Sum=1.05
==================================================
Balance: $156.72 | Regime: CHOP | Session: 0W/0L (0%) | PnL: $+0.00
[Cycle] No signal — YES=0.50 is between 0.30 and 0.70, sum=1.05 >= 0.97
[Ticker] KXSOL15M-26APR030115-15
[Market] YES=0.75 | NO=0.29 | Sum=1.04
==================================================
Balance: $156.72 | Regime: CHOP | Session: 0W/0L (0%) | PnL: $+0.00
[Confidence] Score=2/10 | moderate_edge,coinbase_weak
[Timing] Window 10 min old — skipping
[Cycle] No signal — YES=0.75 is between 0.30 and 0.70, sum=1.04 >= 0.97
[Ticker] KXSOL15M-26APR030115-15
[Market] YES=0.65 | NO=0.39 | Sum=1.04
==================================================
Balance: $156.72 | Regime: CHOP | Session: 0W/0L (0%) | PnL: $+0.00
[Cycle] No signal — YES=0.65 is between 0.30 and 0.70, sum=1.04 >= 0.97
[Ticker] KXSOL15M-26APR030115-15
[Market] YES=0.73 | NO=0.31 | Sum=1.04
==================================================
Balance: $156.72 | Regime: CHOP | Session: 0W/0L (0%) | PnL: $+0.00
[Confidence] Score=2/10 | moderate_edge,coinbase_weak
[Timing] Window 12 min old — skipping
[Cycle] No signal — YES=0.73 is between 0.30 and 0.70, sum=1.04 >= 0.97
[Ticker] KXSOL15M-26APR030115-15
[Market] YES=0.84 | NO=0.19 | Sum=1.03
==================================================
Balance: $156.72 | Regime: CHOP | Session: 0W/0L (0%) | PnL: $+0.00
[Confidence] Score=3/10 | strong_edge,coinbase_weak
[Timing] Window 13 min old — skipping
[Cycle] No signal — YES=0.84 is between 0.30 and 0.70, sum=1.03 >= 0.97
[Ticker] KXSOL15M-26APR030115-15
[Market] YES=0.95 | NO=0.07 | Sum=1.02
==================================================
Balance: $156.72 | Regime: CHOP | Session: 0W/0L (0%) | PnL: $+0.00
[Confidence] Score=4/10 | extreme_edge,coinbase_weak
[Timing] Window 14 min old — skipping
[Cycle] No signal — YES=0.95 is between 0.30 and 0.70, sum=1.02 >= 0.97
[Ticker] KXSOL15M-26APR030115-15
[Market] YES=1.00 | NO=0.00 | Sum=1.00
==================================================
Balance: $156.72 | Regime: CHOP | Session: 0W/0L (0%) | PnL: $+0.00
[Confidence] Score=4/10 | extreme_edge,coinbase_weak
[Timing] Window 0 min old — skipping
[Cycle] No signal — YES=1.00 is between 0.30 and 0.70, sum=1.00 >= 0.97
[Ticker] KXSOL15M-26APR030130-30
[Market] YES=0.30 | NO=0.75 | Sum=1.05
==================================================
Balance: $156.72 | Regime: CHOP | Session: 0W/0L (0%) | PnL: $+0.00
[Cycle] No signal — YES=0.30 is between 0.30 and 0.70, sum=1.05 >= 0.97
[Ticker] KXSOL15M-26APR030130-30
[Market] YES=0.15 | NO=0.89 | Sum=1.04
==================================================
Balance: $156.72 | Regime: CHOP | Session: 0W/0L (0%) | PnL: $+0.00
[Confidence] Score=5/10 | strong_edge,coinbase_weak,all3_agree
[Signal] DOWN candidate | yes=0.15 | waiting (1/2)
[Cycle] No signal — YES=0.15 is between 0.30 and 0.70, sum=1.04 >= 0.97
[Ticker] KXSOL15M-26APR030130-30
[Market] YES=0.09 | NO=0.93 | Sum=1.02
==================================================
Balance: $156.72 | Regime: CHOP | Session: 0W/0L (0%) | PnL: $+0.00
[Confidence] Score=5/10 | strong_edge,coinbase_weak,all3_agree
[Coinbase] Confirms DOWN | $79 gap=-0 (0.35%)
[Kraken] Divergence 83930.49% — bet trimmed
[Correlation] All 3 agree — bet boosted
[Signal] CONFIRMED DOWN | yes=0.09 | edge=0.41 | bet=$2.81
[Safety] Balance $156.72 below floor $175.00
🛑 OpenClaw SOL Bot v4.0 halted: Balance $156.72 below floor $175.00

==================================================
OpenClaw SOL Bot v4.0 — LIVE
[Startup] Live balance synced: $156.72
Balance: $156.72 | MaxBet: $0.00 | Threshold: <0.30 or >0.70
==================================================

[Startup] Resting orders cleared
[Ticker] KXSOL15M-26APR030130-30
[Market] YES=0.21 | NO=0.83 | Sum=1.04
==================================================
Balance: $156.72 | Regime: CHOP | Session: 0W/0L (0%) | PnL: $+0.00
[Confidence] Score=4/10 | moderate_edge,coinbase_weak,all3_agree
[Signal] DOWN candidate | yes=0.21 | waiting (1/2)
[Cycle] No signal — YES=0.21 is between 0.30 and 0.70, sum=1.04 >= 0.97
[Ticker] KXSOL15M-26APR030130-30
[Market] YES=0.15 | NO=0.88 | Sum=1.03
==================================================
Balance: $156.72 | Regime: CHOP | Session: 0W/0L (0%) | PnL: $+0.00
[Confidence] Score=4/10 | strong_edge,coinbase_weak,2of3_agree
[Timing] Window 5 min old — skipping
[Cycle] No signal — YES=0.15 is between 0.30 and 0.70, sum=1.03 >= 0.97
[Ticker] KXSOL15M-26APR030130-30
[Market] YES=0.13 | NO=0.90 | Sum=1.03
==================================================
Balance: $156.72 | Regime: CHOP | Session: 0W/0L (0%) | PnL: $+0.00
[Confidence] Score=4/10 | strong_edge,coinbase_weak,2of3_agree
[Timing] Window 6 min old — skipping
[Cycle] No signal — YES=0.13 is between 0.30 and 0.70, sum=1.03 >= 0.97
[Ticker] KXSOL15M-26APR030130-30
[Market] YES=0.11 | NO=0.92 | Sum=1.03
==================================================
Balance: $156.72 | Regime: CHOP | Session: 0W/0L (0%) | PnL: $+0.00
[Confidence] Score=5/10 | strong_edge,coinbase_weak,all3_agree
[Timing] Window 7 min old — skipping
[Cycle] No signal — YES=0.11 is between 0.30 and 0.70, sum=1.03 >= 0.97
[Ticker] KXSOL15M-26APR030130-30
[Market] YES=0.04 | NO=0.97 | Sum=1.01
==================================================
Balance: $156.72 | Regime: CHOP | Session: 0W/0L (0%) | PnL: $+0.00
[Confidence] Score=6/10 | extreme_edge,coinbase_weak,all3_agree
[Timing] Window 8 min old — skipping
[Cycle] No signal — YES=0.04 is between 0.30 and 0.70, sum=1.01 >= 0.97
[Ticker] KXSOL15M-26APR030130-30
[Market] YES=0.04 | NO=0.98 | Sum=1.02
==================================================
Balance: $156.72 | Regime: CHOP | Session: 0W/0L (0%) | PnL: $+0.00
[Confidence] Score=6/10 | extreme_edge,coinbase_weak,all3_agree
[Timing] Window 9 min old — skipping
[Cycle] No signal — YES=0.04 is between 0.30 and 0.70, sum=1.02 >= 0.97
[Ticker] KXSOL15M-26APR030130-30
[Market] YES=0.07 | NO=0.96 | Sum=1.03
==================================================
Balance: $156.72 | Regime: CHOP | Session: 0W/0L (0%) | PnL: $+0.00
[Confidence] Score=5/10 | strong_edge,coinbase_weak,all3_agree
[Timing] Window 10 min old — skipping
[Cycle] No signal — YES=0.07 is between 0.30 and 0.70, sum=1.03 >= 0.97
[Ticker] KXSOL15M-26APR030130-30
[Market] YES=0.08 | NO=0.95 | Sum=1.03
==================================================
Balance: $156.72 | Regime: CHOP | Session: 0W/0L (0%) | PnL: $+0.00
[Confidence] Score=5/10 | strong_edge,coinbase_weak,all3_agree
[Timing] Window 11 min old — skipping
[Cycle] No signal — YES=0.08 is between 0.30 and 0.70, sum=1.03 >= 0.97
[Ticker] KXSOL15M-26APR030130-30
[Market] YES=0.08 | NO=0.94 | Sum=1.02
==================================================
Balance: $156.72 | Regime: CHOP | Session: 0W/0L (0%) | PnL: $+0.00
[Confidence] Score=5/10 | strong_edge,coinbase_weak,all3_agree
[Timing] Window 12 min old — skipping
[Cycle] No signal — YES=0.08 is between 0.30 and 0.70, sum=1.02 >= 0.97
[Ticker] KXSOL15M-26APR030130-30
[Market] YES=0.03 | NO=0.99 | Sum=1.02
==================================================
Balance: $156.72 | Regime: CHOP | Session: 0W/0L (0%) | PnL: $+0.00
[Confidence] Score=5/10 | extreme_edge,coinbase_weak,2of3_agree
[Timing] Window 13 min old — skipping
[Cycle] No signal — YES=0.03 is between 0.30 and 0.70, sum=1.02 >= 0.97
[Ticker] KXSOL15M-26APR030130-30
[Market] YES=0.00 | NO=1.00 | Sum=1.00
==================================================
Balance: $156.72 | Regime: CHOP | Session: 0W/0L (0%) | PnL: $+0.00
[Confidence] Score=6/10 | extreme_edge,coinbase_weak,all3_agree
[Timing] Window 14 min old — skipping
[Cycle] No signal — YES=0.00 is between 0.30 and 0.70, sum=1.00 >= 0.97
[Ticker] KXSOL15M-26APR030145-45
[Market] YES=0.71 | NO=0.30 | Sum=1.01
==================================================
Balance: $156.72 | Regime: CHOP | Session: 0W/0L (0%) | PnL: $+0.00
[Confidence] Score=3/10 | moderate_edge,coinbase_weak,2of3_agree
[Timing] Window 0 min old — skipping
[Cycle] No signal — YES=0.71 is between 0.30 and 0.70, sum=1.01 >= 0.97
[Ticker] KXSOL15M-26APR030145-45
[Market] YES=0.88 | NO=0.16 | Sum=1.04
==================================================
Balance: $156.72 | Regime: CHOP | Session: 0W/0L (0%) | PnL: $+0.00
[Confidence] Score=3/10 | strong_edge,coinbase_weak
[Signal] EXTREME UP | yes=0.88 | edge=0.38 | firing immediately
[Coinbase] Confirms UP | $79 gap=+0 (0.24%)
[Kraken] Divergence 83835.83% — bet trimmed
[Correlation] All 3 agree — bet boosted
[Signal] CONFIRMED UP | yes=0.88 | edge=0.38 | bet=$2.16
[Safety] Balance $156.72 below floor $175.00
🛑 OpenClaw SOL Bot v4.0 halted: Balance $156.72 below floor $175.00

==================================================
OpenClaw SOL Bot v4.0 — LIVE
[Startup] Live balance synced: $156.72
Balance: $156.72 | MaxBet: $0.00 | Threshold: <0.30 or >0.70
==================================================

[Startup] Resting orders cleared
[Ticker] KXSOL15M-26APR030145-45
[Market] YES=0.94 | NO=0.09 | Sum=1.03
==================================================
Balance: $156.72 | Regime: CHOP | Session: 0W/0L (0%) | PnL: $+0.00
[Confidence] Score=3/10 | strong_edge,coinbase_weak
[Timing] Window 5 min old — skipping
[Cycle] No signal — YES=0.94 is between 0.30 and 0.70, sum=1.03 >= 0.97
[Ticker] KXSOL15M-26APR030145-45
[Market] YES=0.95 | NO=0.07 | Sum=1.02
==================================================
Balance: $156.72 | Regime: CHOP | Session: 0W/0L (0%) | PnL: $+0.00
[Confidence] Score=3/10 | strong_edge,coinbase_weak
[Timing] Window 6 min old — skipping
[Cycle] No signal — YES=0.95 is between 0.30 and 0.70, sum=1.02 >= 0.97
[Ticker] KXSOL15M-26APR030145-45
[Market] YES=0.95 | NO=0.07 | Sum=1.02
==================================================
Balance: $156.72 | Regime: CHOP | Session: 0W/0L (0%) | PnL: $+0.00
[Confidence] Score=3/10 | strong_edge,coinbase_weak
[Timing] Window 7 min old — skipping
[Cycle] No signal — YES=0.95 is between 0.30 and 0.70, sum=1.02 >= 0.97
[Ticker] KXSOL15M-26APR030145-45
[Market] YES=0.95 | NO=0.07 | Sum=1.02
==================================================
Balance: $156.72 | Regime: CHOP | Session: 0W/0L (0%) | PnL: $+0.00
[Confidence] Score=4/10 | extreme_edge,coinbase_weak
[Timing] Window 8 min old — skipping
[Cycle] No signal — YES=0.95 is between 0.30 and 0.70, sum=1.02 >= 0.97
[Ticker] KXSOL15M-26APR030145-45
[Market] YES=0.95 | NO=0.07 | Sum=1.02
==================================================
Balance: $156.72 | Regime: CHOP | Session: 0W/0L (0%) | PnL: $+0.00
[Confidence] Score=4/10 | extreme_edge,coinbase_weak
[Timing] Window 9 min old — skipping
[Cycle] No signal — YES=0.95 is between 0.30 and 0.70, sum=1.02 >= 0.97
[Ticker] KXSOL15M-26APR030145-45
[Market] YES=0.96 | NO=0.07 | Sum=1.03
==================================================
Balance: $156.72 | Regime: CHOP | Session: 0W/0L (0%) | PnL: $+0.00
[Confidence] Score=4/10 | extreme_edge,coinbase_weak
[Timing] Window 10 min old — skipping
[Cycle] No signal — YES=0.96 is between 0.30 and 0.70, sum=1.03 >= 0.97
[Ticker] KXSOL15M-26APR030145-45
[Market] YES=0.98 | NO=0.02 | Sum=1.00
==================================================
Balance: $156.72 | Regime: CHOP | Session: 0W/0L (0%) | PnL: $+0.00
[Confidence] Score=4/10 | extreme_edge,coinbase_weak
[Timing] Window 11 min old — skipping
[Cycle] No signal — YES=0.98 is between 0.30 and 0.70, sum=1.00 >= 0.97
[Ticker] KXSOL15M-26APR030145-45
[Market] YES=1.00 | NO=0.01 | Sum=1.00
==================================================
Balance: $156.72 | Regime: CHOP | Session: 0W/0L (0%) | PnL: $+0.00
[Confidence] Score=4/10 | extreme_edge,coinbase_weak
[Timing] Window 12 min old — skipping
[Cycle] No signal — YES=1.00 is between 0.30 and 0.70, sum=1.00 >= 0.97
[Ticker] KXSOL15M-26APR030145-45
[Market] YES=1.00 | NO=0.00 | Sum=1.00
==================================================
Balance: $156.72 | Regime: CHOP | Session: 0W/0L (0%) | PnL: $+0.00
[Confidence] Score=4/10 | extreme_edge,coinbase_weak
[Timing] Window 13 min old — skipping
[Cycle] No signal — YES=1.00 is between 0.30 and 0.70, sum=1.00 >= 0.97
[Ticker] KXSOL15M-26APR030145-45
[Market] YES=1.00 | NO=0.00 | Sum=1.00
==================================================
Balance: $156.72 | Regime: CHOP | Session: 0W/0L (0%) | PnL: $+0.00
[Confidence] Score=4/10 | extreme_edge,coinbase_weak
[Timing] Window 14 min old — skipping
[Cycle] No signal — YES=1.00 is between 0.30 and 0.70, sum=1.00 >= 0.97
[Ticker] KXSOL15M-26APR030145-45
[Market] YES=1.00 | NO=1.00 | Sum=2.00
==================================================
Balance: $156.72 | Regime: CHOP | Session: 0W/0L (0%) | PnL: $+0.00
[Confidence] Score=4/10 | extreme_edge,coinbase_weak
[Timing] Window 0 min old — skipping
[Cycle] No signal — YES=1.00 is between 0.30 and 0.70, sum=2.00 >= 0.97
[Ticker] KXSOL15M-26APR030200-00
[Market] YES=0.48 | NO=0.55 | Sum=1.03
==================================================
Balance: $156.72 | Regime: CHOP | Session: 0W/0L (0%) | PnL: $+0.00
[Cycle] No signal — YES=0.48 is between 0.30 and 0.70, sum=1.03 >= 0.97
[Ticker] KXSOL15M-26APR030200-00
[Market] YES=0.41 | NO=0.61 | Sum=1.02
==================================================
Balance: $156.72 | Regime: CHOP | Session: 0W/0L (0%) | PnL: $+0.00
[Cycle] No signal — YES=0.41 is between 0.30 and 0.70, sum=1.02 >= 0.97
[Ticker] KXSOL15M-26APR030200-00
[Market] YES=0.39 | NO=0.64 | Sum=1.03
==================================================
Balance: $156.72 | Regime: CHOP | Session: 0W/0L (0%) | PnL: $+0.00
[Cycle] No signal — YES=0.39 is between 0.30 and 0.70, sum=1.03 >= 0.97
[Ticker] KXSOL15M-26APR030200-00
[Market] YES=0.41 | NO=0.62 | Sum=1.03
==================================================
Balance: $156.72 | Regime: CHOP | Session: 0W/0L (0%) | PnL: $+0.00
[Cycle] No signal — YES=0.41 is between 0.30 and 0.70, sum=1.03 >= 0.97
[Ticker] KXSOL15M-26APR030200-00
[Market] YES=0.29 | NO=0.74 | Sum=1.03
==================================================
Balance: $156.72 | Regime: CHOP | Session: 0W/0L (0%) | PnL: $+0.00
[Confidence] Score=4/10 | moderate_edge,coinbase_weak,all3_agree
[Timing] Window 5 min old — skipping
[Cycle] No signal — YES=0.29 is between 0.30 and 0.70, sum=1.03 >= 0.97
[Ticker] KXSOL15M-26APR030200-00
[Market] YES=0.15 | NO=0.88 | Sum=1.03
==================================================
Balance: $156.72 | Regime: CHOP | Session: 0W/0L (0%) | PnL: $+0.00
[Confidence] Score=5/10 | strong_edge,coinbase_weak,all3_agree
[Timing] Window 6 min old — skipping
[Cycle] No signal — YES=0.15 is between 0.30 and 0.70, sum=1.03 >= 0.97
[Ticker] KXSOL15M-26APR030200-00
[Market] YES=0.13 | NO=0.89 | Sum=1.02
==================================================
Balance: $156.72 | Regime: CHOP | Session: 0W/0L (0%) | PnL: $+0.00
[Confidence] Score=4/10 | strong_edge,coinbase_weak,2of3_agree
[Timing] Window 7 min old — skipping
[Cycle] No signal — YES=0.13 is between 0.30 and 0.70, sum=1.02 >= 0.97
[Ticker] KXSOL15M-26APR030200-00
[Market] YES=0.11 | NO=0.92 | Sum=1.03
==================================================
Balance: $156.72 | Regime: CHOP | Session: 0W/0L (0%) | PnL: $+0.00
[Confidence] Score=5/10 | strong_edge,coinbase_weak,all3_agree
[Timing] Window 8 min old — skipping
[Cycle] No signal — YES=0.11 is between 0.30 and 0.70, sum=1.03 >= 0.97
[Ticker] KXSOL15M-26APR030200-00
[Market] YES=0.05 | NO=0.97 | Sum=1.02
==================================================
Balance: $156.72 | Regime: CHOP | Session: 0W/0L (0%) | PnL: $+0.00
[Confidence] Score=6/10 | extreme_edge,coinbase_weak,all3_agree
[Timing] Window 9 min old — skipping
[Cycle] No signal — YES=0.05 is between 0.30 and 0.70, sum=1.02 >= 0.97
[Ticker] KXSOL15M-26APR030200-00
[Market] YES=0.01 | NO=0.99 | Sum=1.00
==================================================
Balance: $156.72 | Regime: CHOP | Session: 0W/0L (0%) | PnL: $+0.00
[Confidence] Score=6/10 | extreme_edge,coinbase_weak,all3_agree
[Timing] Window 10 min old — skipping
[Cycle] No signal — YES=0.01 is between 0.30 and 0.70, sum=1.00 >= 0.97
[Ticker] KXSOL15M-26APR030200-00
[Market] YES=0.02 | NO=1.00 | Sum=1.02
==================================================
Balance: $156.72 | Regime: CHOP | Session: 0W/0L (0%) | PnL: $+0.00
[Confidence] Score=6/10 | extreme_edge,coinbase_weak,all3_agree
[Timing] Window 11 min old — skipping
[Cycle] No signal — YES=0.02 is between 0.30 and 0.70, sum=1.02 >= 0.97
[Ticker] KXSOL15M-26APR030200-00
[Market] YES=0.01 | NO=1.00 | Sum=1.00
==================================================
Balance: $156.72 | Regime: CHOP | Session: 0W/0L (0%) | PnL: $+0.00
[Confidence] Score=6/10 | extreme_edge,coinbase_weak,all3_agree
[Timing] Window 12 min old — skipping
[Cycle] No signal — YES=0.01 is between 0.30 and 0.70, sum=1.00 >= 0.97
[Ticker] KXSOL15M-26APR030200-00
[Market] YES=0.00 | NO=1.00 | Sum=1.00
==================================================
Balance: $156.72 | Regime: CHOP | Session: 0W/0L (0%) | PnL: $+0.00
[Confidence] Score=6/10 | extreme_edge,coinbase_weak,all3_agree
[Timing] Window 13 min old — skipping
[Cycle] No signal — YES=0.00 is between 0.30 and 0.70, sum=1.00 >= 0.97
[Ticker] KXSOL15M-26APR030200-00
[Market] YES=0.00 | NO=1.00 | Sum=1.00
==================================================
Balance: $156.72 | Regime: CHOP | Session: 0W/0L (0%) | PnL: $+0.00
[Confidence] Score=6/10 | extreme_edge,coinbase_weak,all3_agree
[Timing] Window 14 min old — skipping
[Cycle] No signal — YES=0.00 is between 0.30 and 0.70, sum=1.00 >= 0.97
[Ticker] KXSOL15M-26APR030215-15
[Market] YES=0.63 | NO=0.42 | Sum=1.05
==================================================
Balance: $156.72 | Regime: CHOP | Session: 0W/0L (0%) | PnL: $+0.00
[Cycle] No signal — YES=0.63 is between 0.30 and 0.70, sum=1.05 >= 0.97
[Ticker] KXSOL15M-26APR030215-15
[Market] YES=0.41 | NO=0.60 | Sum=1.01
==================================================
Balance: $156.72 | Regime: CHOP | Session: 0W/0L (0%) | PnL: $+0.00
[Cycle] No signal — YES=0.41 is between 0.30 and 0.70, sum=1.01 >= 0.97
[Ticker] KXSOL15M-26APR030215-15
[Market] YES=0.47 | NO=0.57 | Sum=1.04
==================================================
Balance: $156.72 | Regime: CHOP | Session: 0W/0L (0%) | PnL: $+0.00
[Cycle] No signal — YES=0.47 is between 0.30 and 0.70, sum=1.04 >= 0.97
[Ticker] KXSOL15M-26APR030215-15
[Market] YES=0.64 | NO=0.40 | Sum=1.04
==================================================
Balance: $156.72 | Regime: CHOP | Session: 0W/0L (0%) | PnL: $+0.00
[Cycle] No signal — YES=0.64 is between 0.30 and 0.70, sum=1.04 >= 0.97
[Ticker] KXSOL15M-26APR030215-15
[Market] YES=0.55 | NO=0.47 | Sum=1.02
==================================================
Balance: $156.72 | Regime: CHOP | Session: 0W/0L (0%) | PnL: $+0.00
[Cycle] No signal — YES=0.55 is between 0.30 and 0.70, sum=1.02 >= 0.97
[Ticker] KXSOL15M-26APR030215-15
[Market] YES=0.31 | NO=0.73 | Sum=1.04
==================================================
Balance: $156.72 | Regime: CHOP | Session: 0W/0L (0%) | PnL: $+0.00
[Cycle] No signal — YES=0.31 is between 0.30 and 0.70, sum=1.04 >= 0.97
[Ticker] KXSOL15M-26APR030215-15
[Market] YES=0.39 | NO=0.66 | Sum=1.05
==================================================
Balance: $156.72 | Regime: CHOP | Session: 0W/0L (0%) | PnL: $+0.00
[Cycle] No signal — YES=0.39 is between 0.30 and 0.70, sum=1.05 >= 0.97
[Ticker] KXSOL15M-26APR030215-15
[Market] YES=0.42 | NO=0.63 | Sum=1.05
==================================================
Balance: $156.72 | Regime: CHOP | Session: 0W/0L (0%) | PnL: $+0.00
[Cycle] No signal — YES=0.42 is between 0.30 and 0.70, sum=1.05 >= 0.97
[Ticker] KXSOL15M-26APR030215-15
[Market] YES=0.53 | NO=0.51 | Sum=1.04
==================================================
Balance: $156.72 | Regime: CHOP | Session: 0W/0L (0%) | PnL: $+0.00
[Cycle] No signal — YES=0.53 is between 0.30 and 0.70, sum=1.04 >= 0.97
[Ticker] KXSOL15M-26APR030215-15
[Market] YES=0.19 | NO=0.83 | Sum=1.02
==================================================
Balance: $156.72 | Regime: CHOP | Session: 0W/0L (0%) | PnL: $+0.00
[Confidence] Score=6/10 | strong_edge,coinbase_weak,all3_agree,peak_hour
[Timing] Window 9 min old — skipping
[Cycle] No signal — YES=0.19 is between 0.30 and 0.70, sum=1.02 >= 0.97
[Ticker] KXSOL15M-26APR030215-15
[Market] YES=0.28 | NO=0.76 | Sum=1.04
==================================================
Balance: $156.72 | Regime: CHOP | Session: 0W/0L (0%) | PnL: $+0.00
[Confidence] Score=5/10 | moderate_edge,coinbase_weak,all3_agree,peak_hour
[Timing] Window 10 min old — skipping
[Cycle] No signal — YES=0.28 is between 0.30 and 0.70, sum=1.04 >= 0.97
[Ticker] KXSOL15M-26APR030215-15
[Market] YES=0.41 | NO=0.64 | Sum=1.05
==================================================
Balance: $156.72 | Regime: CHOP | Session: 0W/0L (0%) | PnL: $+0.00
[Cycle] No signal — YES=0.41 is between 0.30 and 0.70, sum=1.05 >= 0.97
[Ticker] KXSOL15M-26APR030215-15
[Market] YES=0.62 | NO=0.43 | Sum=1.05
==================================================
Balance: $156.72 | Regime: CHOP | Session: 0W/0L (0%) | PnL: $+0.00
[Cycle] No signal — YES=0.62 is between 0.30 and 0.70, sum=1.05 >= 0.97
[Ticker] KXSOL15M-26APR030215-15
[Market] YES=0.30 | NO=0.75 | Sum=1.05
==================================================
Balance: $156.72 | Regime: CHOP | Session: 0W/0L (0%) | PnL: $+0.00
[Cycle] No signal — YES=0.30 is between 0.30 and 0.70, sum=1.05 >= 0.97
[Ticker] KXSOL15M-26APR030215-15
[Market] YES=0.44 | NO=0.95 | Sum=1.39
==================================================
Balance: $156.72 | Regime: CHOP | Session: 0W/0L (0%) | PnL: $+0.00
[Cycle] No signal — YES=0.44 is between 0.30 and 0.70, sum=1.39 >= 0.97
[Ticker] KXSOL15M-26APR030215-15
[Market] YES=1.00 | NO=0.01 | Sum=1.01
==================================================
Balance: $156.72 | Regime: CHOP | Session: 0W/0L (0%) | PnL: $+0.00
[Confidence] Score=4/10 | extreme_edge,peak_hour
[Timing] Window 0 min old — skipping
[Cycle] No signal — YES=1.00 is between 0.30 and 0.70, sum=1.01 >= 0.97
[Ticker] KXSOL15M-26APR030230-30
[Market] YES=0.42 | NO=0.63 | Sum=1.05
==================================================
Balance: $156.72 | Regime: CHOP | Session: 0W/0L (0%) | PnL: $+0.00
[Cycle] No signal — YES=0.42 is between 0.30 and 0.70, sum=1.05 >= 0.97
[Ticker] KXSOL15M-26APR030230-30
[Market] YES=0.43 | NO=0.58 | Sum=1.01
==================================================
Balance: $156.72 | Regime: CHOP | Session: 0W/0L (0%) | PnL: $+0.00
[Cycle] No signal — YES=0.43 is between 0.30 and 0.70, sum=1.01 >= 0.97
[Ticker] KXSOL15M-26APR030230-30
[Market] YES=0.34 | NO=0.67 | Sum=1.01
==================================================
Balance: $156.72 | Regime: CHOP | Session: 0W/0L (0%) | PnL: $+0.00
[Cycle] No signal — YES=0.34 is between 0.30 and 0.70, sum=1.01 >= 0.97
[Ticker] KXSOL15M-26APR030230-30
[Market] YES=0.37 | NO=0.67 | Sum=1.04
==================================================
Balance: $156.72 | Regime: CHOP | Session: 0W/0L (0%) | PnL: $+0.00
[Cycle] No signal — YES=0.37 is between 0.30 and 0.70, sum=1.04 >= 0.97
[Ticker] KXSOL15M-26APR030230-30
[Market] YES=0.35 | NO=0.69 | Sum=1.04
==================================================
Balance: $156.72 | Regime: CHOP | Session: 0W/0L (0%) | PnL: $+0.00
[Cycle] No signal — YES=0.35 is between 0.30 and 0.70, sum=1.04 >= 0.97
[Ticker] KXSOL15M-26APR030230-30
[Market] YES=0.32 | NO=0.72 | Sum=1.04
==================================================
Balance: $156.72 | Regime: CHOP | Session: 0W/0L (0%) | PnL: $+0.00
[Cycle] No signal — YES=0.32 is between 0.30 and 0.70, sum=1.04 >= 0.97
[Ticker] KXSOL15M-26APR030230-30
[Market] YES=0.32 | NO=0.72 | Sum=1.04
==================================================
Balance: $156.72 | Regime: CHOP | Session: 0W/0L (0%) | PnL: $+0.00
[Cycle] No signal — YES=0.32 is between 0.30 and 0.70, sum=1.04 >= 0.97
[Ticker] KXSOL15M-26APR030230-30
[Market] YES=0.48 | NO=0.55 | Sum=1.03
==================================================
Balance: $156.72 | Regime: CHOP | Session: 0W/0L (0%) | PnL: $+0.00
[Cycle] No signal — YES=0.48 is between 0.30 and 0.70, sum=1.03 >= 0.97
[Ticker] KXSOL15M-26APR030230-30
[Market] YES=0.69 | NO=0.35 | Sum=1.04
==================================================
Balance: $156.72 | Regime: CHOP | Session: 0W/0L (0%) | PnL: $+0.00
[Cycle] No signal — YES=0.69 is between 0.30 and 0.70, sum=1.04 >= 0.97
[Ticker] KXSOL15M-26APR030230-30
[Market] YES=0.78 | NO=0.25 | Sum=1.03
==================================================
Balance: $156.72 | Regime: CHOP | Session: 0W/0L (0%) | PnL: $+0.00
[Confidence] Score=3/10 | moderate_edge,coinbase_weak,peak_hour
[Timing] Window 10 min old — skipping
[Cycle] No signal — YES=0.78 is between 0.30 and 0.70, sum=1.03 >= 0.97
[Ticker] KXSOL15M-26APR030230-30
[Market] YES=0.81 | NO=0.22 | Sum=1.03
==================================================
Balance: $156.72 | Regime: CHOP | Session: 0W/0L (0%) | PnL: $+0.00
[Confidence] Score=4/10 | strong_edge,coinbase_weak,peak_hour
[Timing] Window 11 min old — skipping
[Cycle] No signal — YES=0.81 is between 0.30 and 0.70, sum=1.03 >= 0.97
[Ticker] KXSOL15M-26APR030230-30
[Market] YES=0.63 | NO=0.41 | Sum=1.04
==================================================
Balance: $156.72 | Regime: CHOP | Session: 0W/0L (0%) | PnL: $+0.00
[Cycle] No signal — YES=0.63 is between 0.30 and 0.70, sum=1.04 >= 0.97
[Ticker] KXSOL15M-26APR030230-30
[Market] YES=0.25 | NO=0.79 | Sum=1.04
==================================================
Balance: $156.72 | Regime: CHOP | Session: 0W/0L (0%) | PnL: $+0.00
[Confidence] Score=5/10 | moderate_edge,coinbase_weak,all3_agree,peak_hour
[Timing] Window 13 min old — skipping
[Cycle] No signal — YES=0.25 is between 0.30 and 0.70, sum=1.04 >= 0.97
[Ticker] KXSOL15M-26APR030230-30
[Market] YES=0.03 | NO=0.98 | Sum=1.01
==================================================
Balance: $156.72 | Regime: CHOP | Session: 0W/0L (0%) | PnL: $+0.00
[Confidence] Score=7/10 | extreme_edge,coinbase_weak,all3_agree,peak_hour
[Timing] Window 14 min old — skipping
[Cycle] No signal — YES=0.03 is between 0.30 and 0.70, sum=1.01 >= 0.97
[Ticker] KXSOL15M-26APR030245-45
[Market] YES=0.58 | NO=0.70 | Sum=1.28
==================================================
Balance: $156.72 | Regime: CHOP | Session: 0W/0L (0%) | PnL: $+0.00
[Cycle] No signal — YES=0.58 is between 0.30 and 0.70, sum=1.28 >= 0.97
[Ticker] KXSOL15M-26APR030245-45
[Market] YES=0.40 | NO=0.64 | Sum=1.04
==================================================
Balance: $156.72 | Regime: CHOP | Session: 0W/0L (0%) | PnL: $+0.00
[Cycle] No signal — YES=0.40 is between 0.30 and 0.70, sum=1.04 >= 0.97
[Ticker] KXSOL15M-26APR030245-45
[Market] YES=0.61 | NO=0.44 | Sum=1.05
==================================================
Balance: $156.72 | Regime: CHOP | Session: 0W/0L (0%) | PnL: $+0.00
[Cycle] No signal — YES=0.61 is between 0.30 and 0.70, sum=1.05 >= 0.97
[Ticker] KXSOL15M-26APR030245-45
[Market] YES=0.49 | NO=0.53 | Sum=1.02
==================================================
Balance: $156.72 | Regime: CHOP | Session: 0W/0L (0%) | PnL: $+0.00
[Cycle] No signal — YES=0.49 is between 0.30 and 0.70, sum=1.02 >= 0.97
[Ticker] KXSOL15M-26APR030245-45
[Market] YES=0.53 | NO=0.49 | Sum=1.02
==================================================
Balance: $156.72 | Regime: CHOP | Session: 0W/0L (0%) | PnL: $+0.00
[Cycle] No signal — YES=0.53 is between 0.30 and 0.70, sum=1.02 >= 0.97
[Ticker] KXSOL15M-26APR030245-45
[Market] YES=0.64 | NO=0.40 | Sum=1.04
==================================================
Balance: $156.72 | Regime: CHOP | Session: 0W/0L (0%) | PnL: $+0.00
[Cycle] No signal — YES=0.64 is between 0.30 and 0.70, sum=1.04 >= 0.97
[Ticker] KXSOL15M-26APR030245-45
[Market] YES=0.81 | NO=0.24 | Sum=1.05
==================================================
Balance: $156.72 | Regime: CHOP | Session: 0W/0L (0%) | PnL: $+0.00
[Confidence] Score=4/10 | strong_edge,coinbase_weak,peak_hour
[Timing] Window 6 min old — skipping
[Cycle] No signal — YES=0.81 is between 0.30 and 0.70, sum=1.05 >= 0.97
[Ticker] KXSOL15M-26APR030245-45
[Market] YES=0.96 | NO=0.05 | Sum=1.01
==================================================
Balance: $156.72 | Regime: CHOP | Session: 0W/0L (0%) | PnL: $+0.00
[Confidence] Score=5/10 | extreme_edge,coinbase_weak,peak_hour
[Timing] Window 7 min old — skipping
[Cycle] No signal — YES=0.96 is between 0.30 and 0.70, sum=1.01 >= 0.97
[Ticker] KXSOL15M-26APR030245-45
[Market] YES=0.95 | NO=0.06 | Sum=1.01
==================================================
Balance: $156.72 | Regime: CHOP | Session: 0W/0L (0%) | PnL: $+0.00
[Confidence] Score=4/10 | strong_edge,coinbase_weak,peak_hour
[Timing] Window 8 min old — skipping
[Cycle] No signal — YES=0.95 is between 0.30 and 0.70, sum=1.01 >= 0.97
[Ticker] KXSOL15M-26APR030245-45
[Market] YES=0.94 | NO=0.09 | Sum=1.03
==================================================
Balance: $156.72 | Regime: CHOP | Session: 0W/0L (0%) | PnL: $+0.00
[Confidence] Score=4/10 | strong_edge,coinbase_weak,peak_hour
[Timing] Window 9 min old — skipping
[Cycle] No signal — YES=0.94 is between 0.30 and 0.70, sum=1.03 >= 0.97
[Ticker] KXSOL15M-26APR030245-45
[Market] YES=0.96 | NO=0.04 | Sum=1.00
==================================================
Balance: $156.72 | Regime: CHOP | Session: 0W/0L (0%) | PnL: $+0.00
[Confidence] Score=5/10 | extreme_edge,coinbase_weak,peak_hour
[Timing] Window 10 min old — skipping
[Cycle] No signal — YES=0.96 is between 0.30 and 0.70, sum=1.00 >= 0.97
[Ticker] KXSOL15M-26APR030245-45
[Market] YES=0.97 | NO=0.04 | Sum=1.00
==================================================
Balance: $156.72 | Regime: CHOP | Session: 0W/0L (0%) | PnL: $+0.00
[Confidence] Score=5/10 | extreme_edge,coinbase_weak,peak_hour
[Timing] Window 11 min old — skipping
[Cycle] No signal — YES=0.97 is between 0.30 and 0.70, sum=1.00 >= 0.97
[Ticker] KXSOL15M-26APR030245-45
[Market] YES=1.00 | NO=0.01 | Sum=1.00
==================================================
Balance: $156.72 | Regime: CHOP | Session: 0W/0L (0%) | PnL: $+0.00
[Confidence] Score=5/10 | extreme_edge,coinbase_weak,peak_hour
[Timing] Window 12 min old — skipping
[Cycle] No signal — YES=1.00 is between 0.30 and 0.70, sum=1.00 >= 0.97
[Ticker] KXSOL15M-26APR030245-45
[Market] YES=1.00 | NO=0.00 | Sum=1.00
==================================================
Balance: $156.72 | Regime: CHOP | Session: 0W/0L (0%) | PnL: $+0.00
[Confidence] Score=5/10 | extreme_edge,coinbase_weak,peak_hour
[Timing] Window 13 min old — skipping
[Cycle] No signal — YES=1.00 is between 0.30 and 0.70, sum=1.00 >= 0.97
[Ticker] KXSOL15M-26APR030245-45
[Market] YES=1.00 | NO=0.00 | Sum=1.00
==================================================
Balance: $156.72 | Regime: CHOP | Session: 0W/0L (0%) | PnL: $+0.00
[Confidence] Score=5/10 | extreme_edge,coinbase_weak,peak_hour
[Timing] Window 14 min old — skipping
[Cycle] No signal — YES=1.00 is between 0.30 and 0.70, sum=1.00 >= 0.97
[Ticker] KXSOL15M-26APR030245-45
[Market] YES=1.00 | NO=1.00 | Sum=2.00
==================================================
Balance: $156.72 | Regime: CHOP | Session: 0W/0L (0%) | PnL: $+0.00
[Confidence] Score=5/10 | extreme_edge,coinbase_weak,peak_hour
[Timing] Window 0 min old — skipping
[Cycle] No signal — YES=1.00 is between 0.30 and 0.70, sum=2.00 >= 0.97
[Ticker] KXSOL15M-26APR030300-00
[Market] YES=0.58 | NO=0.43 | Sum=1.01
==================================================
Balance: $156.72 | Regime: CHOP | Session: 0W/0L (0%) | PnL: $+0.00
[Cycle] No signal — YES=0.58 is between 0.30 and 0.70, sum=1.01 >= 0.97
[Ticker] KXSOL15M-26APR030300-00
[Market] YES=0.64 | NO=0.40 | Sum=1.04
==================================================
Balance: $156.72 | Regime: CHOP | Session: 0W/0L (0%) | PnL: $+0.00
[Cycle] No signal — YES=0.64 is between 0.30 and 0.70, sum=1.04 >= 0.97
[Ticker] KXSOL15M-26APR030300-00
[Market] YES=0.54 | NO=0.50 | Sum=1.04
==================================================
Balance: $156.72 | Regime: CHOP | Session: 0W/0L (0%) | PnL: $+0.00
[Cycle] No signal — YES=0.54 is between 0.30 and 0.70, sum=1.04 >= 0.97
[Ticker] KXSOL15M-26APR030300-00
[Market] YES=0.45 | NO=0.57 | Sum=1.02
==================================================
Balance: $156.72 | Regime: CHOP | Session: 0W/0L (0%) | PnL: $+0.00
[Cycle] No signal — YES=0.45 is between 0.30 and 0.70, sum=1.02 >= 0.97
[Ticker] KXSOL15M-26APR030300-00
[Market] YES=0.60 | NO=0.44 | Sum=1.04
==================================================
Balance: $156.72 | Regime: CHOP | Session: 0W/0L (0%) | PnL: $+0.00
[Cycle] No signal — YES=0.60 is between 0.30 and 0.70, sum=1.04 >= 0.97
[Ticker] KXSOL15M-26APR030300-00
[Market] YES=0.65 | NO=0.40 | Sum=1.05
==================================================
Balance: $156.72 | Regime: CHOP | Session: 0W/0L (0%) | PnL: $+0.00
[Cycle] No signal — YES=0.65 is between 0.30 and 0.70, sum=1.05 >= 0.97
[Ticker] KXSOL15M-26APR030300-00
[Market] YES=0.58 | NO=0.47 | Sum=1.05
==================================================
Balance: $156.72 | Regime: CHOP | Session: 0W/0L (0%) | PnL: $+0.00
[Cycle] No signal — YES=0.58 is between 0.30 and 0.70, sum=1.05 >= 0.97
[Ticker] KXSOL15M-26APR030300-00
[Market] YES=0.58 | NO=0.47 | Sum=1.05
==================================================
Balance: $156.72 | Regime: CHOP | Session: 0W/0L (0%) | PnL: $+0.00
[Cycle] No signal — YES=0.58 is between 0.30 and 0.70, sum=1.05 >= 0.97
[Ticker] KXSOL15M-26APR030300-00
[Market] YES=0.67 | NO=0.35 | Sum=1.02
==================================================
Balance: $156.72 | Regime: CHOP | Session: 0W/0L (0%) | PnL: $+0.00
[Cycle] No signal — YES=0.67 is between 0.30 and 0.70, sum=1.02 >= 0.97
[Ticker] KXSOL15M-26APR030300-00
[Market] YES=0.55 | NO=0.49 | Sum=1.04
==================================================
Balance: $156.72 | Regime: CHOP | Session: 0W/0L (0%) | PnL: $+0.00
[Cycle] No signal — YES=0.55 is between 0.30 and 0.70, sum=1.04 >= 0.97
[Ticker] KXSOL15M-26APR030300-00
[Market] YES=0.74 | NO=0.29 | Sum=1.03
==================================================
Balance: $156.72 | Regime: CHOP | Session: 0W/0L (0%) | PnL: $+0.00
[Confidence] Score=3/10 | moderate_edge,coinbase_weak,peak_hour
[Timing] Window 11 min old — skipping
[Cycle] No signal — YES=0.74 is between 0.30 and 0.70, sum=1.03 >= 0.97
[Ticker] KXSOL15M-26APR030300-00
[Market] YES=0.72 | NO=0.32 | Sum=1.04
==================================================
Balance: $156.72 | Regime: CHOP | Session: 0W/0L (0%) | PnL: $+0.00
[Confidence] Score=3/10 | moderate_edge,coinbase_weak,peak_hour
[Timing] Window 12 min old — skipping
[Cycle] No signal — YES=0.72 is between 0.30 and 0.70, sum=1.04 >= 0.97
[Ticker] KXSOL15M-26APR030300-00
[Market] YES=0.60 | NO=0.45 | Sum=1.05
==================================================
Balance: $156.72 | Regime: CHOP | Session: 0W/0L (0%) | PnL: $+0.00
[Cycle] No signal — YES=0.60 is between 0.30 and 0.70, sum=1.05 >= 0.97
[Ticker] KXSOL15M-26APR030300-00
[Market] YES=0.99 | NO=0.03 | Sum=1.02
==================================================
Balance: $156.72 | Regime: CHOP | Session: 0W/0L (0%) | PnL: $+0.00
[Confidence] Score=5/10 | extreme_edge,coinbase_weak,peak_hour
[Timing] Window 14 min old — skipping
[Cycle] No signal — YES=0.99 is between 0.30 and 0.70, sum=1.02 >= 0.97
[Ticker] KXSOL15M-26APR030315-15
[Market] YES=0.47 | NO=0.62 | Sum=1.09
==================================================
Balance: $156.72 | Regime: CHOP | Session: 0W/0L (0%) | PnL: $+0.00
[Cycle] No signal — YES=0.47 is between 0.30 and 0.70, sum=1.09 >= 0.97
[Ticker] KXSOL15M-26APR030315-15
[Market] YES=0.51 | NO=0.53 | Sum=1.04
==================================================
Balance: $156.72 | Regime: CHOP | Session: 0W/0L (0%) | PnL: $+0.00
[Cycle] No signal — YES=0.51 is between 0.30 and 0.70, sum=1.04 >= 0.97
[Ticker] KXSOL15M-26APR030315-15
[Market] YES=0.46 | NO=0.57 | Sum=1.03
==================================================
Balance: $156.72 | Regime: CHOP | Session: 0W/0L (0%) | PnL: $+0.00
[Cycle] No signal — YES=0.46 is between 0.30 and 0.70, sum=1.03 >= 0.97
[Ticker] KXSOL15M-26APR030315-15
[Market] YES=0.53 | NO=0.52 | Sum=1.05
==================================================
Balance: $156.72 | Regime: CHOP | Session: 0W/0L (0%) | PnL: $+0.00
[Cycle] No signal — YES=0.53 is between 0.30 and 0.70, sum=1.05 >= 0.97
[Ticker] KXSOL15M-26APR030315-15
[Market] YES=0.37 | NO=0.67 | Sum=1.04
==================================================
Balance: $156.72 | Regime: CHOP | Session: 0W/0L (0%) | PnL: $+0.00
[Cycle] No signal — YES=0.37 is between 0.30 and 0.70, sum=1.04 >= 0.97
[Ticker] KXSOL15M-26APR030315-15
[Market] YES=0.21 | NO=0.82 | Sum=1.03
==================================================
Balance: $156.72 | Regime: CHOP | Session: 0W/0L (0%) | PnL: $+0.00
[Confidence] Score=5/10 | moderate_edge,coinbase_weak,all3_agree,peak_hour
[Timing] Window 5 min old — skipping
[Cycle] No signal — YES=0.21 is between 0.30 and 0.70, sum=1.03 >= 0.97
[Ticker] KXSOL15M-26APR030315-15
[Market] YES=0.21 | NO=0.83 | Sum=1.04
==================================================
Balance: $156.72 | Regime: CHOP | Session: 0W/0L (0%) | PnL: $+0.00
[Confidence] Score=5/10 | moderate_edge,coinbase_weak,all3_agree,peak_hour
[Timing] Window 6 min old — skipping
[Cycle] No signal — YES=0.21 is between 0.30 and 0.70, sum=1.04 >= 0.97
[Ticker] KXSOL15M-26APR030315-15
[Market] YES=0.38 | NO=0.66 | Sum=1.04
==================================================
Balance: $156.72 | Regime: CHOP | Session: 0W/0L (0%) | PnL: $+0.00
[Cycle] No signal — YES=0.38 is between 0.30 and 0.70, sum=1.04 >= 0.97
[Ticker] KXSOL15M-26APR030315-15
[Market] YES=0.25 | NO=0.76 | Sum=1.01
==================================================
Balance: $156.72 | Regime: CHOP | Session: 0W/0L (0%) | PnL: $+0.00
[Confidence] Score=5/10 | moderate_edge,coinbase_weak,all3_agree,peak_hour
[Timing] Window 8 min old — skipping
[Cycle] No signal — YES=0.25 is between 0.30 and 0.70, sum=1.01 >= 0.97
[Ticker] KXSOL15M-26APR030315-15
[Market] YES=0.33 | NO=0.70 | Sum=1.03
==================================================
Balance: $156.72 | Regime: CHOP | Session: 0W/0L (0%) | PnL: $+0.00
[Cycle] No signal — YES=0.33 is between 0.30 and 0.70, sum=1.03 >= 0.97
[Ticker] KXSOL15M-26APR030315-15
[Market] YES=0.29 | NO=0.74 | Sum=1.03
==================================================
Balance: $156.72 | Regime: CHOP | Session: 0W/0L (0%) | PnL: $+0.00
[Confidence] Score=5/10 | moderate_edge,coinbase_weak,all3_agree,peak_hour
[Timing] Window 10 min old — skipping
[Cycle] No signal — YES=0.29 is between 0.30 and 0.70, sum=1.03 >= 0.97
[Ticker] KXSOL15M-26APR030315-15
[Market] YES=0.19 | NO=0.85 | Sum=1.04
==================================================
Balance: $156.72 | Regime: CHOP | Session: 0W/0L (0%) | PnL: $+0.00
[Confidence] Score=6/10 | strong_edge,coinbase_weak,all3_agree,peak_hour
[Timing] Window 11 min old — skipping
[Cycle] No signal — YES=0.19 is between 0.30 and 0.70, sum=1.04 >= 0.97
[Ticker] KXSOL15M-26APR030315-15
[Market] YES=0.03 | NO=0.98 | Sum=1.01
==================================================
Balance: $156.72 | Regime: CHOP | Session: 0W/0L (0%) | PnL: $+0.00
[Confidence] Score=6/10 | extreme_edge,coinbase_weak,2of3_agree,peak_hour
[Timing] Window 12 min old — skipping
[Cycle] No signal — YES=0.03 is between 0.30 and 0.70, sum=1.01 >= 0.97
[Ticker] KXSOL15M-26APR030315-15
[Market] YES=0.01 | NO=1.00 | Sum=1.00
==================================================
Balance: $156.72 | Regime: CHOP | Session: 0W/0L (0%) | PnL: $+0.00
[Confidence] Score=7/10 | extreme_edge,coinbase_weak,all3_agree,peak_hour
[Timing] Window 13 min old — skipping
[Cycle] No signal — YES=0.01 is between 0.30 and 0.70, sum=1.00 >= 0.97
[Ticker] KXSOL15M-26APR030315-15
[Market] YES=0.00 | NO=1.00 | Sum=1.00
==================================================
Balance: $156.72 | Regime: CHOP | Session: 0W/0L (0%) | PnL: $+0.00
[Confidence] Score=7/10 | extreme_edge,coinbase_weak,all3_agree,peak_hour
[Timing] Window 14 min old — skipping
[Cycle] No signal — YES=0.00 is between 0.30 and 0.70, sum=1.00 >= 0.97
[Ticker] KXSOL15M-26APR030330-30
[Market] YES=0.63 | NO=0.41 | Sum=1.04
==================================================
Balance: $156.72 | Regime: CHOP | Session: 0W/0L (0%) | PnL: $+0.00
[Cycle] No signal — YES=0.63 is between 0.30 and 0.70, sum=1.04 >= 0.97
[Ticker] KXSOL15M-26APR030330-30
[Market] YES=0.53 | NO=0.50 | Sum=1.03
==================================================
Balance: $156.72 | Regime: CHOP | Session: 0W/0L (0%) | PnL: $+0.00
[Cycle] No signal — YES=0.53 is between 0.30 and 0.70, sum=1.03 >= 0.97
[Ticker] KXSOL15M-26APR030330-30
[Market] YES=0.38 | NO=0.66 | Sum=1.04
==================================================
Balance: $156.72 | Regime: CHOP | Session: 0W/0L (0%) | PnL: $+0.00
[Cycle] No signal — YES=0.38 is between 0.30 and 0.70, sum=1.04 >= 0.97
[Ticker] KXSOL15M-26APR030330-30
[Market] YES=0.37 | NO=0.67 | Sum=1.04
==================================================
Balance: $156.72 | Regime: CHOP | Session: 0W/0L (0%) | PnL: $+0.00
[Cycle] No signal — YES=0.37 is between 0.30 and 0.70, sum=1.04 >= 0.97
[Ticker] KXSOL15M-26APR030330-30
[Market] YES=0.44 | NO=0.61 | Sum=1.05
==================================================
Balance: $156.72 | Regime: CHOP | Session: 0W/0L (0%) | PnL: $+0.00
[Cycle] No signal — YES=0.44 is between 0.30 and 0.70, sum=1.05 >= 0.97
[Ticker] KXSOL15M-26APR030330-30
[Market] YES=0.64 | NO=0.40 | Sum=1.04
==================================================
Balance: $156.72 | Regime: CHOP | Session: 0W/0L (0%) | PnL: $+0.00
[Cycle] No signal — YES=0.64 is between 0.30 and 0.70, sum=1.04 >= 0.97
[Ticker] KXSOL15M-26APR030330-30
[Market] YES=0.48 | NO=0.55 | Sum=1.03
==================================================
Balance: $156.72 | Regime: CHOP | Session: 0W/0L (0%) | PnL: $+0.00
[Cycle] No signal — YES=0.48 is between 0.30 and 0.70, sum=1.03 >= 0.97
[Ticker] KXSOL15M-26APR030330-30
[Market] YES=0.62 | NO=0.40 | Sum=1.02
==================================================
Balance: $156.72 | Regime: CHOP | Session: 0W/0L (0%) | PnL: $+0.00
[Cycle] No signal — YES=0.62 is between 0.30 and 0.70, sum=1.02 >= 0.97
[Ticker] KXSOL15M-26APR030330-30
[Market] YES=0.58 | NO=0.47 | Sum=1.05
==================================================
Balance: $156.72 | Regime: CHOP | Session: 0W/0L (0%) | PnL: $+0.00
[Cycle] No signal — YES=0.58 is between 0.30 and 0.70, sum=1.05 >= 0.97
[Ticker] KXSOL15M-26APR030330-30
[Market] YES=0.54 | NO=0.50 | Sum=1.04
==================================================
Balance: $156.72 | Regime: CHOP | Session: 0W/0L (0%) | PnL: $+0.00
[Cycle] No signal — YES=0.54 is between 0.30 and 0.70, sum=1.04 >= 0.97
[Ticker] KXSOL15M-26APR030330-30
[Market] YES=0.55 | NO=0.50 | Sum=1.05
==================================================
Balance: $156.72 | Regime: CHOP | Session: 0W/0L (0%) | PnL: $+0.00
[Cycle] No signal — YES=0.55 is between 0.30 and 0.70, sum=1.05 >= 0.97
[Ticker] KXSOL15M-26APR030330-30
[Market] YES=0.61 | NO=0.44 | Sum=1.05
==================================================
Balance: $156.72 | Regime: CHOP | Session: 0W/0L (0%) | PnL: $+0.00
[Cycle] No signal — YES=0.61 is between 0.30 and 0.70, sum=1.05 >= 0.97
[Ticker] KXSOL15M-26APR030330-30
[Market] YES=0.81 | NO=0.22 | Sum=1.03
==================================================
Balance: $156.72 | Regime: CHOP | Session: 0W/0L (0%) | PnL: $+0.00
[Confidence] Score=4/10 | strong_edge,coinbase_weak,peak_hour
[Timing] Window 12 min old — skipping
[Cycle] No signal — YES=0.81 is between 0.30 and 0.70, sum=1.03 >= 0.97
[Ticker] KXSOL15M-26APR030330-30
[Market] YES=0.82 | NO=0.22 | Sum=1.04
==================================================
Balance: $156.72 | Regime: CHOP | Session: 0W/0L (0%) | PnL: $+0.00
[Confidence] Score=4/10 | strong_edge,coinbase_weak,peak_hour
[Timing] Window 13 min old — skipping
[Cycle] No signal — YES=0.82 is between 0.30 and 0.70, sum=1.04 >= 0.97
[Ticker] KXSOL15M-26APR030330-30
[Market] YES=1.00 | NO=0.01 | Sum=1.01
==================================================
Balance: $156.72 | Regime: CHOP | Session: 0W/0L (0%) | PnL: $+0.00
[Confidence] Score=5/10 | extreme_edge,coinbase_weak,peak_hour
[Timing] Window 14 min old — skipping
[Cycle] No signal — YES=1.00 is between 0.30 and 0.70, sum=1.01 >= 0.97
[Ticker] KXSOL15M-26APR030330-30
[Market] YES=1.00 | NO=1.00 | Sum=2.00
==================================================
Balance: $156.72 | Regime: CHOP | Session: 0W/0L (0%) | PnL: $+0.00
[Confidence] Score=5/10 | extreme_edge,coinbase_weak,peak_hour
[Timing] Window 0 min old — skipping
[Cycle] No signal — YES=1.00 is between 0.30 and 0.70, sum=2.00 >= 0.97
[Ticker] KXSOL15M-26APR030345-45
[Market] YES=0.48 | NO=0.57 | Sum=1.05
==================================================
Balance: $156.72 | Regime: CHOP | Session: 0W/0L (0%) | PnL: $+0.00
[Cycle] No signal — YES=0.48 is between 0.30 and 0.70, sum=1.05 >= 0.97
[Ticker] KXSOL15M-26APR030345-45
[Market] YES=0.38 | NO=0.67 | Sum=1.05
==================================================
Balance: $156.72 | Regime: CHOP | Session: 0W/0L (0%) | PnL: $+0.00
[Cycle] No signal — YES=0.38 is between 0.30 and 0.70, sum=1.05 >= 0.97
[Ticker] KXSOL15M-26APR030345-45
[Market] YES=0.50 | NO=0.55 | Sum=1.05
==================================================
Balance: $156.72 | Regime: CHOP | Session: 0W/0L (0%) | PnL: $+0.00
[Cycle] No signal — YES=0.50 is between 0.30 and 0.70, sum=1.05 >= 0.97
[Ticker] KXSOL15M-26APR030345-45
[Market] YES=0.78 | NO=0.23 | Sum=1.01
==================================================
Balance: $156.72 | Regime: CHOP | Session: 0W/0L (0%) | PnL: $+0.00
[Confidence] Score=3/10 | moderate_edge,coinbase_weak,peak_hour
[Signal] UP candidate | yes=0.78 | waiting (1/2)
[Cycle] No signal — YES=0.78 is between 0.30 and 0.70, sum=1.01 >= 0.97
[Ticker] KXSOL15M-26APR030345-45
[Market] YES=0.95 | NO=0.10 | Sum=1.05
==================================================
Balance: $156.72 | Regime: CHOP | Session: 0W/0L (0%) | PnL: $+0.00
[Confidence] Score=4/10 | strong_edge,coinbase_weak,peak_hour
[Timing] Window 5 min old — skipping
[Cycle] No signal — YES=0.95 is between 0.30 and 0.70, sum=1.05 >= 0.97
[Ticker] KXSOL15M-26APR030345-45
[Market] YES=0.93 | NO=0.09 | Sum=1.02
==================================================
Balance: $156.72 | Regime: CHOP | Session: 0W/0L (0%) | PnL: $+0.00
[Confidence] Score=4/10 | strong_edge,coinbase_weak,peak_hour
[Timing] Window 6 min old — skipping
[Cycle] No signal — YES=0.93 is between 0.30 and 0.70, sum=1.02 >= 0.97
[Ticker] KXSOL15M-26APR030345-45
[Market] YES=0.95 | NO=0.07 | Sum=1.02
==================================================
Balance: $156.72 | Regime: CHOP | Session: 0W/0L (0%) | PnL: $+0.00
[Confidence] Score=4/10 | strong_edge,coinbase_weak,peak_hour
[Timing] Window 7 min old — skipping
[Cycle] No signal — YES=0.95 is between 0.30 and 0.70, sum=1.02 >= 0.97
[Ticker] KXSOL15M-26APR030345-45
[Market] YES=0.98 | NO=0.04 | Sum=1.02
==================================================
Balance: $156.72 | Regime: CHOP | Session: 0W/0L (0%) | PnL: $+0.00
[Confidence] Score=5/10 | extreme_edge,coinbase_weak,peak_hour
[Timing] Window 8 min old — skipping
[Cycle] No signal — YES=0.98 is between 0.30 and 0.70, sum=1.02 >= 0.97
[Ticker] KXSOL15M-26APR030345-45
[Market] YES=0.98 | NO=0.04 | Sum=1.02
==================================================
Balance: $156.72 | Regime: CHOP | Session: 0W/0L (0%) | PnL: $+0.00
[Confidence] Score=5/10 | extreme_edge,coinbase_weak,peak_hour
[Timing] Window 9 min old — skipping
[Cycle] No signal — YES=0.98 is between 0.30 and 0.70, sum=1.02 >= 0.97
[Ticker] KXSOL15M-26APR030345-45
[Market] YES=0.97 | NO=0.04 | Sum=1.01
==================================================
Balance: $156.72 | Regime: CHOP | Session: 0W/0L (0%) | PnL: $+0.00
[Confidence] Score=5/10 | extreme_edge,coinbase_weak,peak_hour
[Timing] Window 10 min old — skipping
[Cycle] No signal — YES=0.97 is between 0.30 and 0.70, sum=1.01 >= 0.97
[Ticker] KXSOL15M-26APR030345-45
[Market] YES=0.99 | NO=0.03 | Sum=1.02
==================================================
Balance: $156.72 | Regime: CHOP | Session: 0W/0L (0%) | PnL: $+0.00
[Confidence] Score=5/10 | extreme_edge,coinbase_weak,peak_hour
[Timing] Window 11 min old — skipping
[Cycle] No signal — YES=0.99 is between 0.30 and 0.70, sum=1.02 >= 0.97
[Ticker] KXSOL15M-26APR030345-45
[Market] YES=1.00 | NO=0.01 | Sum=1.00
==================================================
Balance: $156.72 | Regime: CHOP | Session: 0W/0L (0%) | PnL: $+0.00
[Confidence] Score=5/10 | extreme_edge,coinbase_weak,peak_hour
[Timing] Window 12 min old — skipping
[Cycle] No signal — YES=1.00 is between 0.30 and 0.70, sum=1.00 >= 0.97
[Ticker] KXSOL15M-26APR030345-45
[Market] YES=1.00 | NO=0.01 | Sum=1.00
==================================================
Balance: $156.72 | Regime: CHOP | Session: 0W/0L (0%) | PnL: $+0.00
[Confidence] Score=5/10 | extreme_edge,coinbase_weak,peak_hour
[Timing] Window 13 min old — skipping
[Cycle] No signal — YES=1.00 is between 0.30 and 0.70, sum=1.00 >= 0.97
[Ticker] KXSOL15M-26APR030345-45
[Market] YES=1.00 | NO=0.00 | Sum=1.00
==================================================
Balance: $156.72 | Regime: CHOP | Session: 0W/0L (0%) | PnL: $+0.00
[Confidence] Score=5/10 | extreme_edge,coinbase_weak,peak_hour
[Timing] Window 14 min old — skipping
[Cycle] No signal — YES=1.00 is between 0.30 and 0.70, sum=1.00 >= 0.97
[Ticker] KXSOL15M-26APR030345-45
[Market] YES=1.00 | NO=1.00 | Sum=2.00
==================================================
Balance: $156.72 | Regime: CHOP | Session: 0W/0L (0%) | PnL: $+0.00
[Confidence] Score=5/10 | extreme_edge,coinbase_weak,peak_hour
[Timing] Window 0 min old — skipping
[Cycle] No signal — YES=1.00 is between 0.30 and 0.70, sum=2.00 >= 0.97
[Ticker] KXSOL15M-26APR030400-00
[Market] YES=0.45 | NO=0.56 | Sum=1.01
==================================================
Balance: $156.72 | Regime: CHOP | Session: 0W/0L (0%) | PnL: $+0.00
[Cycle] No signal — YES=0.45 is between 0.30 and 0.70, sum=1.01 >= 0.97
[Ticker] KXSOL15M-26APR030400-00
[Market] YES=0.41 | NO=0.62 | Sum=1.03
==================================================
Balance: $156.72 | Regime: CHOP | Session: 0W/0L (0%) | PnL: $+0.00
[Cycle] No signal — YES=0.41 is between 0.30 and 0.70, sum=1.03 >= 0.97
[Ticker] KXSOL15M-26APR030400-00
[Market] YES=0.41 | NO=0.63 | Sum=1.04
==================================================
Balance: $156.72 | Regime: CHOP | Session: 0W/0L (0%) | PnL: $+0.00
[Cycle] No signal — YES=0.41 is between 0.30 and 0.70, sum=1.04 >= 0.97
[Ticker] KXSOL15M-26APR030400-00
[Market] YES=0.47 | NO=0.55 | Sum=1.02
==================================================
Balance: $156.72 | Regime: CHOP | Session: 0W/0L (0%) | PnL: $+0.00
[Cycle] No signal — YES=0.47 is between 0.30 and 0.70, sum=1.02 >= 0.97
[Ticker] KXSOL15M-26APR030400-00
[Market] YES=0.53 | NO=0.49 | Sum=1.02
==================================================
Balance: $156.72 | Regime: CHOP | Session: 0W/0L (0%) | PnL: $+0.00
[Cycle] No signal — YES=0.53 is between 0.30 and 0.70, sum=1.02 >= 0.97
[Ticker] KXSOL15M-26APR030400-00
[Market] YES=0.44 | NO=0.59 | Sum=1.03
==================================================
Balance: $156.72 | Regime: CHOP | Session: 0W/0L (0%) | PnL: $+0.00
[Cycle] No signal — YES=0.44 is between 0.30 and 0.70, sum=1.03 >= 0.97
[Ticker] KXSOL15M-26APR030400-00
[Market] YES=0.43 | NO=0.61 | Sum=1.04
==================================================
Balance: $156.72 | Regime: CHOP | Session: 0W/0L (0%) | PnL: $+0.00
[Cycle] No signal — YES=0.43 is between 0.30 and 0.70, sum=1.04 >= 0.97
[Ticker] KXSOL15M-26APR030400-00
[Market] YES=0.68 | NO=0.37 | Sum=1.05
==================================================
Balance: $156.72 | Regime: CHOP | Session: 0W/0L (0%) | PnL: $+0.00
[Cycle] No signal — YES=0.68 is between 0.30 and 0.70, sum=1.05 >= 0.97
[Ticker] KXSOL15M-26APR030400-00
[Market] YES=0.69 | NO=0.35 | Sum=1.04
==================================================
Balance: $156.72 | Regime: CHOP | Session: 0W/0L (0%) | PnL: $+0.00
[Cycle] No signal — YES=0.69 is between 0.30 and 0.70, sum=1.04 >= 0.97
[Ticker] KXSOL15M-26APR030400-00
[Market] YES=0.76 | NO=0.25 | Sum=1.01
==================================================
Balance: $156.72 | Regime: CHOP | Session: 0W/0L (0%) | PnL: $+0.00
[Confidence] Score=3/10 | moderate_edge,coinbase_weak,peak_hour
[Timing] Window 10 min old — skipping
[Cycle] No signal — YES=0.76 is between 0.30 and 0.70, sum=1.01 >= 0.97
[Ticker] KXSOL15M-26APR030400-00
[Market] YES=0.73 | NO=0.28 | Sum=1.01
==================================================
Balance: $156.72 | Regime: CHOP | Session: 0W/0L (0%) | PnL: $+0.00
[Confidence] Score=3/10 | moderate_edge,coinbase_weak,peak_hour
[Timing] Window 11 min old — skipping
[Cycle] No signal — YES=0.73 is between 0.30 and 0.70, sum=1.01 >= 0.97
[Ticker] KXSOL15M-26APR030400-00
[Market] YES=0.75 | NO=0.29 | Sum=1.04
==================================================
Balance: $156.72 | Regime: CHOP | Session: 0W/0L (0%) | PnL: $+0.00
[Confidence] Score=3/10 | moderate_edge,coinbase_weak,peak_hour
[Timing] Window 12 min old — skipping
[Cycle] No signal — YES=0.75 is between 0.30 and 0.70, sum=1.04 >= 0.97
[Ticker] KXSOL15M-26APR030400-00
[Market] YES=0.78 | NO=0.25 | Sum=1.03
==================================================
Balance: $156.72 | Regime: CHOP | Session: 0W/0L (0%) | PnL: $+0.00
[Confidence] Score=3/10 | moderate_edge,coinbase_weak,peak_hour
[Timing] Window 13 min old — skipping
[Cycle] No signal — YES=0.78 is between 0.30 and 0.70, sum=1.03 >= 0.97
[Ticker] KXSOL15M-26APR030400-00
[Market] YES=1.00 | NO=0.01 | Sum=1.01
==================================================
Balance: $156.72 | Regime: CHOP | Session: 0W/0L (0%) | PnL: $+0.00
[Confidence] Score=5/10 | extreme_edge,coinbase_weak,peak_hour
[Timing] Window 14 min old — skipping
[Cycle] No signal — YES=1.00 is between 0.30 and 0.70, sum=1.01 >= 0.97
[Ticker] KXSOL15M-26APR030415-15
[Market] YES=0.47 | NO=0.55 | Sum=1.02
==================================================
Balance: $156.72 | Regime: CHOP | Session: 0W/0L (0%) | PnL: $+0.00
[Cycle] No signal — YES=0.47 is between 0.30 and 0.70, sum=1.02 >= 0.97
[Ticker] KXSOL15M-26APR030415-15
[Market] YES=0.45 | NO=0.57 | Sum=1.02
==================================================
Balance: $156.72 | Regime: CHOP | Session: 0W/0L (0%) | PnL: $+0.00
[Cycle] No signal — YES=0.45 is between 0.30 and 0.70, sum=1.02 >= 0.97
[Ticker] KXSOL15M-26APR030415-15
[Market] YES=0.47 | NO=0.57 | Sum=1.04
==================================================
Balance: $156.72 | Regime: CHOP | Session: 0W/0L (0%) | PnL: $+0.00
[Cycle] No signal — YES=0.47 is between 0.30 and 0.70, sum=1.04 >= 0.97
[Ticker] KXSOL15M-26APR030415-15
[Market] YES=0.35 | NO=0.67 | Sum=1.02
==================================================
Balance: $156.72 | Regime: CHOP | Session: 0W/0L (0%) | PnL: $+0.00
[Cycle] No signal — YES=0.35 is between 0.30 and 0.70, sum=1.02 >= 0.97
[Ticker] KXSOL15M-26APR030415-15
[Market] YES=0.44 | NO=0.60 | Sum=1.04
==================================================
Balance: $156.72 | Regime: CHOP | Session: 0W/0L (0%) | PnL: $+0.00
[Cycle] No signal — YES=0.44 is between 0.30 and 0.70, sum=1.04 >= 0.97
[Ticker] KXSOL15M-26APR030415-15
[Market] YES=0.59 | NO=0.46 | Sum=1.05
==================================================
Balance: $156.72 | Regime: CHOP | Session: 0W/0L (0%) | PnL: $+0.00
[Cycle] No signal — YES=0.59 is between 0.30 and 0.70, sum=1.05 >= 0.97
[Ticker] KXSOL15M-26APR030415-15
[Market] YES=0.68 | NO=0.36 | Sum=1.04
==================================================
Balance: $156.72 | Regime: CHOP | Session: 0W/0L (0%) | PnL: $+0.00
[Cycle] No signal — YES=0.68 is between 0.30 and 0.70, sum=1.04 >= 0.97
[Ticker] KXSOL15M-26APR030415-15
[Market] YES=0.75 | NO=0.28 | Sum=1.03
==================================================
Balance: $156.72 | Regime: CHOP | Session: 0W/0L (0%) | PnL: $+0.00
[Confidence] Score=3/10 | moderate_edge,coinbase_weak,peak_hour
[Timing] Window 7 min old — skipping
[Cycle] No signal — YES=0.75 is between 0.30 and 0.70, sum=1.03 >= 0.97
[Ticker] KXSOL15M-26APR030415-15
[Market] YES=0.75 | NO=0.28 | Sum=1.03
==================================================
Balance: $156.72 | Regime: CHOP | Session: 0W/0L (0%) | PnL: $+0.00
[Confidence] Score=3/10 | moderate_edge,coinbase_weak,peak_hour
[Timing] Window 8 min old — skipping
[Cycle] No signal — YES=0.75 is between 0.30 and 0.70, sum=1.03 >= 0.97
[Ticker] KXSOL15M-26APR030415-15
[Market] YES=0.76 | NO=0.27 | Sum=1.03
==================================================
Balance: $156.72 | Regime: CHOP | Session: 0W/0L (0%) | PnL: $+0.00
[Confidence] Score=3/10 | moderate_edge,coinbase_weak,peak_hour
[Timing] Window 9 min old — skipping
[Cycle] No signal — YES=0.76 is between 0.30 and 0.70, sum=1.03 >= 0.97
[Ticker] KXSOL15M-26APR030415-15
[Market] YES=0.93 | NO=0.10 | Sum=1.03
==================================================
Balance: $156.72 | Regime: CHOP | Session: 0W/0L (0%) | PnL: $+0.00
[Confidence] Score=4/10 | strong_edge,coinbase_weak,peak_hour
[Timing] Window 10 min old — skipping
[Cycle] No signal — YES=0.93 is between 0.30 and 0.70, sum=1.03 >= 0.97
[Ticker] KXSOL15M-26APR030415-15
[Market] YES=0.97 | NO=0.06 | Sum=1.02
==================================================
Balance: $156.72 | Regime: CHOP | Session: 0W/0L (0%) | PnL: $+0.00
[Confidence] Score=5/10 | extreme_edge,coinbase_weak,peak_hour
[Timing] Window 11 min old — skipping
[Cycle] No signal — YES=0.97 is between 0.30 and 0.70, sum=1.02 >= 0.97
[Ticker] KXSOL15M-26APR030415-15
[Market] YES=0.99 | NO=0.02 | Sum=1.01
==================================================
Balance: $156.72 | Regime: CHOP | Session: 0W/0L (0%) | PnL: $+0.00
[Confidence] Score=5/10 | extreme_edge,coinbase_weak,peak_hour
[Timing] Window 12 min old — skipping
[Cycle] No signal — YES=0.99 is between 0.30 and 0.70, sum=1.01 >= 0.97
[Ticker] KXSOL15M-26APR030415-15
[Market] YES=1.00 | NO=0.01 | Sum=1.00
==================================================
Balance: $156.72 | Regime: CHOP | Session: 0W/0L (0%) | PnL: $+0.00
[Confidence] Score=5/10 | extreme_edge,coinbase_weak,peak_hour
[Timing] Window 13 min old — skipping
[Cycle] No signal — YES=1.00 is between 0.30 and 0.70, sum=1.00 >= 0.97
[Ticker] KXSOL15M-26APR030415-15
[Market] YES=1.00 | NO=0.00 | Sum=1.00
==================================================
Balance: $156.72 | Regime: CHOP | Session: 0W/0L (0%) | PnL: $+0.00
[Confidence] Score=5/10 | extreme_edge,coinbase_weak,peak_hour
[Timing] Window 14 min old — skipping
[Cycle] No signal — YES=1.00 is between 0.30 and 0.70, sum=1.00 >= 0.97
[Ticker] KXSOL15M-26APR030415-15
[Market] YES=1.00 | NO=1.00 | Sum=2.00
==================================================
Balance: $156.72 | Regime: CHOP | Session: 0W/0L (0%) | PnL: $+0.00
[Confidence] Score=5/10 | extreme_edge,coinbase_weak,peak_hour
[Timing] Window 0 min old — skipping
[Cycle] No signal — YES=1.00 is between 0.30 and 0.70, sum=2.00 >= 0.97
[Ticker] KXSOL15M-26APR030430-30
[Market] YES=0.42 | NO=0.63 | Sum=1.05
==================================================
Balance: $156.72 | Regime: CHOP | Session: 0W/0L (0%) | PnL: $+0.00
[Cycle] No signal — YES=0.42 is between 0.30 and 0.70, sum=1.05 >= 0.97
[Ticker] KXSOL15M-26APR030430-30
[Market] YES=0.46 | NO=0.58 | Sum=1.04
==================================================
Balance: $156.72 | Regime: CHOP | Session: 0W/0L (0%) | PnL: $+0.00
[Cycle] No signal — YES=0.46 is between 0.30 and 0.70, sum=1.04 >= 0.97
[Ticker] KXSOL15M-26APR030430-30
[Market] YES=0.33 | NO=0.71 | Sum=1.04
==================================================
Balance: $156.72 | Regime: CHOP | Session: 0W/0L (0%) | PnL: $+0.00
[Cycle] No signal — YES=0.33 is between 0.30 and 0.70, sum=1.04 >= 0.97
[Ticker] KXSOL15M-26APR030430-30
[Market] YES=0.34 | NO=0.67 | Sum=1.01
==================================================
Balance: $156.72 | Regime: CHOP | Session: 0W/0L (0%) | PnL: $+0.00
[Cycle] No signal — YES=0.34 is between 0.30 and 0.70, sum=1.01 >= 0.97
[Ticker] KXSOL15M-26APR030430-30
[Market] YES=0.30 | NO=0.74 | Sum=1.04
==================================================
Balance: $156.72 | Regime: CHOP | Session: 0W/0L (0%) | PnL: $+0.00
[Cycle] No signal — YES=0.30 is between 0.30 and 0.70, sum=1.04 >= 0.97
[Ticker] KXSOL15M-26APR030430-30
[Market] YES=0.35 | NO=0.69 | Sum=1.04
==================================================
Balance: $156.72 | Regime: CHOP | Session: 0W/0L (0%) | PnL: $+0.00
[Cycle] No signal — YES=0.35 is between 0.30 and 0.70, sum=1.04 >= 0.97
[Ticker] KXSOL15M-26APR030430-30
[Market] YES=0.42 | NO=0.62 | Sum=1.04
==================================================
Balance: $156.72 | Regime: CHOP | Session: 0W/0L (0%) | PnL: $+0.00
[Cycle] No signal — YES=0.42 is between 0.30 and 0.70, sum=1.04 >= 0.97
[Ticker] KXSOL15M-26APR030430-30
[Market] YES=0.26 | NO=0.75 | Sum=1.01
==================================================
Balance: $156.72 | Regime: CHOP | Session: 0W/0L (0%) | PnL: $+0.00
[Confidence] Score=5/10 | moderate_edge,coinbase_weak,all3_agree,peak_hour
[Timing] Window 8 min old — skipping
[Cycle] No signal — YES=0.26 is between 0.30 and 0.70, sum=1.01 >= 0.97
[Ticker] KXSOL15M-26APR030430-30
[Market] YES=0.21 | NO=0.80 | Sum=1.01
==================================================
Balance: $156.72 | Regime: CHOP | Session: 0W/0L (0%) | PnL: $+0.00
[Confidence] Score=5/10 | moderate_edge,coinbase_weak,all3_agree,peak_hour
[Timing] Window 9 min old — skipping
[Cycle] No signal — YES=0.21 is between 0.30 and 0.70, sum=1.01 >= 0.97
[Ticker] KXSOL15M-26APR030430-30
[Market] YES=0.11 | NO=0.92 | Sum=1.03
==================================================
Balance: $156.72 | Regime: CHOP | Session: 0W/0L (0%) | PnL: $+0.00
[Confidence] Score=6/10 | strong_edge,coinbase_weak,all3_agree,peak_hour
[Timing] Window 10 min old — skipping
[Cycle] No signal — YES=0.11 is between 0.30 and 0.70, sum=1.03 >= 0.97
[Ticker] KXSOL15M-26APR030430-30
[Market] YES=0.03 | NO=0.98 | Sum=1.01
==================================================
Balance: $156.72 | Regime: CHOP | Session: 0W/0L (0%) | PnL: $+0.00
[Confidence] Score=7/10 | extreme_edge,coinbase_weak,all3_agree,peak_hour
[Timing] Window 11 min old — skipping
[Cycle] No signal — YES=0.03 is between 0.30 and 0.70, sum=1.01 >= 0.97
[Ticker] KXSOL15M-26APR030430-30
[Market] YES=0.01 | NO=1.00 | Sum=1.01
==================================================
Balance: $156.72 | Regime: CHOP | Session: 0W/0L (0%) | PnL: $+0.00
[Confidence] Score=7/10 | extreme_edge,coinbase_weak,all3_agree,peak_hour
[Timing] Window 12 min old — skipping
[Cycle] No signal — YES=0.01 is between 0.30 and 0.70, sum=1.01 >= 0.97
[Ticker] KXSOL15M-26APR030430-30
[Market] YES=0.00 | NO=1.00 | Sum=1.00
==================================================
Balance: $156.72 | Regime: CHOP | Session: 0W/0L (0%) | PnL: $+0.00
[Confidence] Score=7/10 | extreme_edge,coinbase_weak,all3_agree,peak_hour
[Timing] Window 13 min old — skipping
[Cycle] No signal — YES=0.00 is between 0.30 and 0.70, sum=1.00 >= 0.97
[Ticker] KXSOL15M-26APR030430-30
[Market] YES=0.00 | NO=1.00 | Sum=1.00
==================================================
Balance: $156.72 | Regime: CHOP | Session: 0W/0L (0%) | PnL: $+0.00
[Confidence] Score=7/10 | extreme_edge,coinbase_weak,all3_agree,peak_hour
[Timing] Window 14 min old — skipping
[Cycle] No signal — YES=0.00 is between 0.30 and 0.70, sum=1.00 >= 0.97
[Ticker] KXSOL15M-26APR030445-45
[Market] YES=0.57 | NO=0.44 | Sum=1.01
==================================================
Balance: $156.72 | Regime: CHOP | Session: 0W/0L (0%) | PnL: $+0.00
[Cycle] No signal — YES=0.57 is between 0.30 and 0.70, sum=1.01 >= 0.97
[Ticker] KXSOL15M-26APR030445-45
[Market] YES=0.57 | NO=0.45 | Sum=1.02
==================================================
Balance: $156.72 | Regime: CHOP | Session: 0W/0L (0%) | PnL: $+0.00
[Cycle] No signal — YES=0.57 is between 0.30 and 0.70, sum=1.02 >= 0.97
[Ticker] KXSOL15M-26APR030445-45
[Market] YES=0.79 | NO=0.24 | Sum=1.03
==================================================
Balance: $156.72 | Regime: CHOP | Session: 0W/0L (0%) | PnL: $+0.00
[Confidence] Score=3/10 | moderate_edge,coinbase_weak,peak_hour
[Signal] UP candidate | yes=0.79 | waiting (1/2)
[Cycle] No signal — YES=0.79 is between 0.30 and 0.70, sum=1.03 >= 0.97
[Ticker] KXSOL15M-26APR030445-45
[Market] YES=0.83 | NO=0.20 | Sum=1.03
==================================================
Balance: $156.72 | Regime: CHOP | Session: 0W/0L (0%) | PnL: $+0.00
[Confidence] Score=4/10 | strong_edge,coinbase_weak,peak_hour
[Coinbase] Confirms UP | $80 gap=+0 (0.19%)
[Kraken] Divergence 83851.08% — bet trimmed
[Correlation] 2/3 agree UP
[Signal] CONFIRMED UP | yes=0.83 | edge=0.33 | bet=$4.65
[Safety] Balance $156.72 below floor $175.00
🛑 OpenClaw SOL Bot v4.0 halted: Balance $156.72 below floor $175.00

==================================================
OpenClaw SOL Bot v4.0 — LIVE
[Startup] Live balance synced: $156.72
Balance: $156.72 | MaxBet: $15.67 | Threshold: <0.30 or >0.70
==================================================

[Startup] Resting orders cleared
[Ticker] KXSOL15M-26APR030445-45
[Market] YES=0.78 | NO=0.26 | Sum=1.04
==================================================
Balance: $156.72 | Regime: CHOP | Session: 0W/0L (0%) | PnL: $+0.00
[Confidence] Score=3/10 | moderate_edge,coinbase_weak,peak_hour
[Timing] Window 6 min old — skipping
[Cycle] No signal — YES=0.78 is between 0.30 and 0.70, sum=1.04 >= 0.97
[Ticker] KXSOL15M-26APR030445-45
[Market] YES=0.80 | NO=0.25 | Sum=1.05
==================================================
Balance: $156.72 | Regime: CHOP | Session: 0W/0L (0%) | PnL: $+0.00
[Confidence] Score=4/10 | strong_edge,coinbase_weak,peak_hour
[Timing] Window 7 min old — skipping
[Cycle] No signal — YES=0.80 is between 0.30 and 0.70, sum=1.05 >= 0.97
[Ticker] KXSOL15M-26APR030445-45
[Market] YES=0.86 | NO=0.18 | Sum=1.04
==================================================
Balance: $156.72 | Regime: CHOP | Session: 0W/0L (0%) | PnL: $+0.00
[Confidence] Score=4/10 | strong_edge,coinbase_weak,peak_hour
[Timing] Window 8 min old — skipping
[Cycle] No signal — YES=0.86 is between 0.30 and 0.70, sum=1.04 >= 0.97
[Ticker] KXSOL15M-26APR030445-45
[Market] YES=0.70 | NO=0.33 | Sum=1.03
==================================================
Balance: $156.72 | Regime: CHOP | Session: 0W/0L (0%) | PnL: $+0.00
[Cycle] No signal — YES=0.70 is between 0.30 and 0.70, sum=1.03 >= 0.97
[Ticker] KXSOL15M-26APR030445-45
[Market] YES=0.38 | NO=0.66 | Sum=1.04
==================================================
Balance: $156.72 | Regime: CHOP | Session: 0W/0L (0%) | PnL: $+0.00
[Cycle] No signal — YES=0.38 is between 0.30 and 0.70, sum=1.04 >= 0.97
[Ticker] KXSOL15M-26APR030445-45
[Market] YES=0.26 | NO=0.78 | Sum=1.04
==================================================
Balance: $156.72 | Regime: CHOP | Session: 0W/0L (0%) | PnL: $+0.00
[Confidence] Score=5/10 | moderate_edge,coinbase_weak,all3_agree,peak_hour
[Timing] Window 11 min old — skipping
[Cycle] No signal — YES=0.26 is between 0.30 and 0.70, sum=1.04 >= 0.97
[Ticker] KXSOL15M-26APR030445-45
[Market] YES=0.08 | NO=0.94 | Sum=1.02
==================================================
Balance: $156.72 | Regime: CHOP | Session: 0W/0L (0%) | PnL: $+0.00
[Confidence] Score=6/10 | strong_edge,coinbase_weak,all3_agree,peak_hour
[Timing] Window 12 min old — skipping
[Cycle] No signal — YES=0.08 is between 0.30 and 0.70, sum=1.02 >= 0.97
[Ticker] KXSOL15M-26APR030445-45
[Market] YES=0.01 | NO=1.00 | Sum=1.01
==================================================
Balance: $156.72 | Regime: CHOP | Session: 0W/0L (0%) | PnL: $+0.00
[Confidence] Score=7/10 | extreme_edge,coinbase_weak,all3_agree,peak_hour
[Timing] Window 13 min old — skipping
[Cycle] No signal — YES=0.01 is between 0.30 and 0.70, sum=1.01 >= 0.97
[Ticker] KXSOL15M-26APR030445-45
[Market] YES=0.00 | NO=1.00 | Sum=1.00
==================================================
Balance: $156.72 | Regime: CHOP | Session: 0W/0L (0%) | PnL: $+0.00
[Confidence] Score=7/10 | extreme_edge,coinbase_weak,all3_agree,peak_hour
[Timing] Window 14 min old — skipping
[Cycle] No signal — YES=0.00 is between 0.30 and 0.70, sum=1.00 >= 0.97
[Ticker] KXSOL15M-26APR030445-45
[Market] YES=1.00 | NO=1.00 | Sum=2.00
==================================================
Balance: $156.72 | Regime: CHOP | Session: 0W/0L (0%) | PnL: $+0.00
[Confidence] Score=4/10 | extreme_edge,peak_hour
[Timing] Window 0 min old — skipping
[Cycle] No signal — YES=1.00 is between 0.30 and 0.70, sum=2.00 >= 0.97
[Ticker] KXSOL15M-26APR030500-00
[Market] YES=0.50 | NO=0.54 | Sum=1.04
==================================================
Balance: $156.72 | Regime: CHOP | Session: 0W/0L (0%) | PnL: $+0.00
[Cycle] No signal — YES=0.50 is between 0.30 and 0.70, sum=1.04 >= 0.97
[Ticker] KXSOL15M-26APR030500-00
[Market] YES=0.55 | NO=0.48 | Sum=1.03
==================================================
Balance: $156.72 | Regime: CHOP | Session: 0W/0L (0%) | PnL: $+0.00
[Cycle] No signal — YES=0.55 is between 0.30 and 0.70, sum=1.03 >= 0.97
[Ticker] KXSOL15M-26APR030500-00
[Market] YES=0.63 | NO=0.40 | Sum=1.03
==================================================
Balance: $156.72 | Regime: CHOP | Session: 0W/0L (0%) | PnL: $+0.00
[Cycle] No signal — YES=0.63 is between 0.30 and 0.70, sum=1.03 >= 0.97
[Ticker] KXSOL15M-26APR030500-00
[Market] YES=0.77 | NO=0.28 | Sum=1.05
==================================================
Balance: $156.72 | Regime: CHOP | Session: 0W/0L (0%) | PnL: $+0.00
[Confidence] Score=3/10 | moderate_edge,coinbase_weak,peak_hour
[Signal] UP candidate | yes=0.77 | waiting (1/2)
[Cycle] No signal — YES=0.77 is between 0.30 and 0.70, sum=1.05 >= 0.97
[Ticker] KXSOL15M-26APR030500-00
[Market] YES=0.77 | NO=0.27 | Sum=1.04
==================================================
Balance: $156.72 | Regime: CHOP | Session: 0W/0L (0%) | PnL: $+0.00
[Confidence] Score=3/10 | moderate_edge,coinbase_weak,peak_hour
[Timing] Window 5 min old — skipping
[Cycle] No signal — YES=0.77 is between 0.30 and 0.70, sum=1.04 >= 0.97
[Ticker] KXSOL15M-26APR030500-00
[Market] YES=0.78 | NO=0.26 | Sum=1.04
==================================================
Balance: $156.72 | Regime: CHOP | Session: 0W/0L (0%) | PnL: $+0.00
[Confidence] Score=3/10 | moderate_edge,coinbase_weak,peak_hour
[Timing] Window 6 min old — skipping
[Cycle] No signal — YES=0.78 is between 0.30 and 0.70, sum=1.04 >= 0.97
[Ticker] KXSOL15M-26APR030500-00
[Market] YES=0.85 | NO=0.16 | Sum=1.01
==================================================
Balance: $156.72 | Regime: CHOP | Session: 0W/0L (0%) | PnL: $+0.00
[Confidence] Score=4/10 | strong_edge,coinbase_weak,peak_hour
[Timing] Window 7 min old — skipping
[Cycle] No signal — YES=0.85 is between 0.30 and 0.70, sum=1.01 >= 0.97
[Ticker] KXSOL15M-26APR030500-00
[Market] YES=0.79 | NO=0.26 | Sum=1.05
==================================================
Balance: $156.72 | Regime: CHOP | Session: 0W/0L (0%) | PnL: $+0.00
[Confidence] Score=3/10 | moderate_edge,coinbase_weak,peak_hour
[Timing] Window 8 min old — skipping
[Cycle] No signal — YES=0.79 is between 0.30 and 0.70, sum=1.05 >= 0.97
[Ticker] KXSOL15M-26APR030500-00
[Market] YES=0.77 | NO=0.27 | Sum=1.04
==================================================
Balance: $156.72 | Regime: CHOP | Session: 0W/0L (0%) | PnL: $+0.00
[Confidence] Score=3/10 | moderate_edge,coinbase_weak,peak_hour
[Timing] Window 9 min old — skipping
[Cycle] No signal — YES=0.77 is between 0.30 and 0.70, sum=1.04 >= 0.97
[Ticker] KXSOL15M-26APR030500-00
[Market] YES=0.72 | NO=0.31 | Sum=1.03
==================================================
Balance: $156.72 | Regime: CHOP | Session: 0W/0L (0%) | PnL: $+0.00
[Confidence] Score=3/10 | moderate_edge,coinbase_weak,peak_hour
[Timing] Window 10 min old — skipping
[Cycle] No signal — YES=0.72 is between 0.30 and 0.70, sum=1.03 >= 0.97
[Ticker] KXSOL15M-26APR030500-00
[Market] YES=0.67 | NO=0.35 | Sum=1.02
==================================================
Balance: $156.72 | Regime: CHOP | Session: 0W/0L (0%) | PnL: $+0.00
[Cycle] No signal — YES=0.67 is between 0.30 and 0.70, sum=1.02 >= 0.97
[Ticker] KXSOL15M-26APR030500-00
[Market] YES=0.82 | NO=0.19 | Sum=1.01
==================================================
Balance: $156.72 | Regime: CHOP | Session: 0W/0L (0%) | PnL: $+0.00
[Confidence] Score=4/10 | strong_edge,coinbase_weak,peak_hour
[Timing] Window 12 min old — skipping
[Cycle] No signal — YES=0.82 is between 0.30 and 0.70, sum=1.01 >= 0.97
[Ticker] KXSOL15M-26APR030500-00
[Market] YES=0.98 | NO=0.04 | Sum=1.02
==================================================
Balance: $156.72 | Regime: CHOP | Session: 0W/0L (0%) | PnL: $+0.00
[Confidence] Score=5/10 | extreme_edge,coinbase_weak,peak_hour
[Timing] Window 13 min old — skipping
[Cycle] No signal — YES=0.98 is between 0.30 and 0.70, sum=1.02 >= 0.97
[Ticker] KXSOL15M-26APR030500-00
[Market] YES=1.00 | NO=0.00 | Sum=1.00
==================================================
Balance: $156.72 | Regime: CHOP | Session: 0W/0L (0%) | PnL: $+0.00
[Confidence] Score=5/10 | extreme_edge,coinbase_weak,peak_hour
[Timing] Window 14 min old — skipping
[Cycle] No signal — YES=1.00 is between 0.30 and 0.70, sum=1.00 >= 0.97
[Ticker] KXSOL15M-26APR030500-00
[Market] YES=1.00 | NO=1.00 | Sum=2.00
==================================================
Balance: $156.72 | Regime: CHOP | Session: 0W/0L (0%) | PnL: $+0.00
[Confidence] Score=5/10 | extreme_edge,coinbase_weak,peak_hour
[Timing] Window 0 min old — skipping
[Cycle] No signal — YES=1.00 is between 0.30 and 0.70, sum=2.00 >= 0.97
[Ticker] KXSOL15M-26APR030515-15
[Market] YES=0.48 | NO=0.55 | Sum=1.03
==================================================
Balance: $156.72 | Regime: CHOP | Session: 0W/0L (0%) | PnL: $+0.00
[Cycle] No signal — YES=0.48 is between 0.30 and 0.70, sum=1.03 >= 0.97
[Ticker] KXSOL15M-26APR030515-15
[Market] YES=0.55 | NO=0.50 | Sum=1.05
==================================================
Balance: $156.72 | Regime: CHOP | Session: 0W/0L (0%) | PnL: $+0.00
[Cycle] No signal — YES=0.55 is between 0.30 and 0.70, sum=1.05 >= 0.97
[Ticker] KXSOL15M-26APR030515-15
[Market] YES=0.57 | NO=0.47 | Sum=1.04
==================================================
Balance: $156.72 | Regime: CHOP | Session: 0W/0L (0%) | PnL: $+0.00
[Cycle] No signal — YES=0.57 is between 0.30 and 0.70, sum=1.04 >= 0.97
[Ticker] KXSOL15M-26APR030515-15
[Market] YES=0.60 | NO=0.43 | Sum=1.03
==================================================
Balance: $156.72 | Regime: CHOP | Session: 0W/0L (0%) | PnL: $+0.00
[Cycle] No signal — YES=0.60 is between 0.30 and 0.70, sum=1.03 >= 0.97
[Ticker] KXSOL15M-26APR030515-15
[Market] YES=0.47 | NO=0.55 | Sum=1.02
==================================================
Balance: $156.72 | Regime: CHOP | Session: 0W/0L (0%) | PnL: $+0.00
[Cycle] No signal — YES=0.47 is between 0.30 and 0.70, sum=1.02 >= 0.97
[Ticker] KXSOL15M-26APR030515-15
[Market] YES=0.29 | NO=0.75 | Sum=1.04
==================================================
Balance: $156.72 | Regime: CHOP | Session: 0W/0L (0%) | PnL: $+0.00
[Confidence] Score=5/10 | moderate_edge,coinbase_weak,all3_agree,peak_hour
[Timing] Window 6 min old — skipping
[Cycle] No signal — YES=0.29 is between 0.30 and 0.70, sum=1.04 >= 0.97
[Ticker] KXSOL15M-26APR030515-15
[Market] YES=0.33 | NO=0.68 | Sum=1.01
==================================================
Balance: $156.72 | Regime: CHOP | Session: 0W/0L (0%) | PnL: $+0.00
[Cycle] No signal — YES=0.33 is between 0.30 and 0.70, sum=1.01 >= 0.97
[Ticker] KXSOL15M-26APR030515-15
[Market] YES=0.32 | NO=0.72 | Sum=1.04
==================================================
Balance: $156.72 | Regime: CHOP | Session: 0W/0L (0%) | PnL: $+0.00
[Cycle] No signal — YES=0.32 is between 0.30 and 0.70, sum=1.04 >= 0.97
[Ticker] KXSOL15M-26APR030515-15
[Market] YES=0.26 | NO=0.78 | Sum=1.04
==================================================
Balance: $156.72 | Regime: CHOP | Session: 0W/0L (0%) | PnL: $+0.00
[Confidence] Score=5/10 | moderate_edge,coinbase_weak,all3_agree,peak_hour
[Timing] Window 9 min old — skipping
[Cycle] No signal — YES=0.26 is between 0.30 and 0.70, sum=1.04 >= 0.97
[Ticker] KXSOL15M-26APR030515-15
[Market] YES=0.25 | NO=0.78 | Sum=1.03
==================================================
Balance: $156.72 | Regime: CHOP | Session: 0W/0L (0%) | PnL: $+0.00
[Confidence] Score=3/10 | moderate_edge,coinbase_weak,peak_hour
[Timing] Window 10 min old — skipping
[Cycle] No signal — YES=0.25 is between 0.30 and 0.70, sum=1.03 >= 0.97
[Ticker] KXSOL15M-26APR030515-15
[Market] YES=0.14 | NO=0.90 | Sum=1.04
==================================================
Balance: $156.72 | Regime: CHOP | Session: 0W/0L (0%) | PnL: $+0.00
[Confidence] Score=6/10 | strong_edge,coinbase_weak,all3_agree,peak_hour
[Timing] Window 11 min old — skipping
[Cycle] No signal — YES=0.14 is between 0.30 and 0.70, sum=1.04 >= 0.97
[Ticker] KXSOL15M-26APR030515-15
[Market] YES=0.09 | NO=0.94 | Sum=1.03
==================================================
Balance: $156.72 | Regime: CHOP | Session: 0W/0L (0%) | PnL: $+0.00
[Confidence] Score=5/10 | strong_edge,coinbase_weak,2of3_agree,peak_hour
[Timing] Window 12 min old — skipping
[Cycle] No signal — YES=0.09 is between 0.30 and 0.70, sum=1.03 >= 0.97
[Ticker] KXSOL15M-26APR030515-15
[Market] YES=0.78 | NO=0.23 | Sum=1.01
==================================================
Balance: $156.72 | Regime: CHOP | Session: 0W/0L (0%) | PnL: $+0.00
[Confidence] Score=3/10 | moderate_edge,coinbase_weak,peak_hour
[Timing] Window 13 min old — skipping
[Cycle] No signal — YES=0.78 is between 0.30 and 0.70, sum=1.01 >= 0.97
[Ticker] KXSOL15M-26APR030515-15
[Market] YES=1.00 | NO=0.00 | Sum=1.00
==================================================
Balance: $156.72 | Regime: CHOP | Session: 0W/0L (0%) | PnL: $+0.00
[Confidence] Score=5/10 | extreme_edge,coinbase_weak,peak_hour
[Timing] Window 14 min old — skipping
[Cycle] No signal — YES=1.00 is between 0.30 and 0.70, sum=1.00 >= 0.97
[Ticker] KXSOL15M-26APR030515-15
[Market] YES=1.00 | NO=1.00 | Sum=2.00
==================================================
Balance: $156.72 | Regime: CHOP | Session: 0W/0L (0%) | PnL: $+0.00
[Confidence] Score=5/10 | extreme_edge,coinbase_weak,peak_hour
[Timing] Window 0 min old — skipping
[Cycle] No signal — YES=1.00 is between 0.30 and 0.70, sum=2.00 >= 0.97
[Ticker] KXSOL15M-26APR030530-30
[Market] YES=0.70 | NO=0.34 | Sum=1.04
==================================================
Balance: $156.72 | Regime: CHOP | Session: 0W/0L (0%) | PnL: $+0.00
[Cycle] No signal — YES=0.70 is between 0.30 and 0.70, sum=1.04 >= 0.97
[Ticker] KXSOL15M-26APR030530-30
[Market] YES=0.79 | NO=0.23 | Sum=1.02
==================================================
Balance: $156.72 | Regime: CHOP | Session: 0W/0L (0%) | PnL: $+0.00
[Confidence] Score=3/10 | moderate_edge,coinbase_weak,peak_hour
[Signal] UP candidate | yes=0.79 | waiting (1/2)
[Cycle] No signal — YES=0.79 is between 0.30 and 0.70, sum=1.02 >= 0.97
[Ticker] KXSOL15M-26APR030530-30
[Market] YES=0.75 | NO=0.28 | Sum=1.03
==================================================
Balance: $156.72 | Regime: CHOP | Session: 0W/0L (0%) | PnL: $+0.00
[Confidence] Score=3/10 | moderate_edge,coinbase_weak,peak_hour
[Coinbase] Confirms UP | $80 gap=+0 (0.21%)
[Kraken] Divergence 83348.89% — bet trimmed
[Correlation] 2/3 agree UP
[Signal] CONFIRMED UP | yes=0.75 | edge=0.25 | bet=$3.53
[Safety] Balance $156.72 below floor $175.00
🛑 OpenClaw SOL Bot v4.0 halted: Balance $156.72 below floor $175.00

==================================================
OpenClaw SOL Bot v4.0 — LIVE
[Startup] Live balance synced: $156.72
Balance: $156.72 | MaxBet: $15.67 | Threshold: <0.30 or >0.70
==================================================

[Startup] Resting orders cleared
[Ticker] KXSOL15M-26APR030530-30
[Market] YES=0.20 | NO=0.84 | Sum=1.04
==================================================
Balance: $156.72 | Regime: CHOP | Session: 0W/0L (0%) | PnL: $+0.00
[Confidence] Score=6/10 | strong_edge,coinbase_weak,all3_agree,peak_hour
[Timing] Window 6 min old — skipping
[Cycle] No signal — YES=0.20 is between 0.30 and 0.70, sum=1.04 >= 0.97
[Ticker] KXSOL15M-26APR030530-30
[Market] YES=0.17 | NO=0.87 | Sum=1.04
==================================================
Balance: $156.72 | Regime: CHOP | Session: 0W/0L (0%) | PnL: $+0.00
[Confidence] Score=6/10 | strong_edge,coinbase_weak,all3_agree,peak_hour
[Timing] Window 7 min old — skipping
[Cycle] No signal — YES=0.17 is between 0.30 and 0.70, sum=1.04 >= 0.97
[Ticker] KXSOL15M-26APR030530-30
[Market] YES=0.16 | NO=0.87 | Sum=1.03
==================================================
Balance: $156.72 | Regime: CHOP | Session: 0W/0L (0%) | PnL: $+0.00
[Confidence] Score=6/10 | strong_edge,coinbase_weak,all3_agree,peak_hour
[Timing] Window 8 min old — skipping
[Cycle] No signal — YES=0.16 is between 0.30 and 0.70, sum=1.03 >= 0.97
[Ticker] KXSOL15M-26APR030530-30
[Market] YES=0.11 | NO=0.92 | Sum=1.03
==================================================
Balance: $156.72 | Regime: CHOP | Session: 0W/0L (0%) | PnL: $+0.00
[Confidence] Score=6/10 | strong_edge,coinbase_weak,all3_agree,peak_hour
[Timing] Window 9 min old — skipping
[Cycle] No signal — YES=0.11 is between 0.30 and 0.70, sum=1.03 >= 0.97
[Ticker] KXSOL15M-26APR030530-30
[Market] YES=0.05 | NO=0.95 | Sum=1.00
==================================================
Balance: $156.72 | Regime: CHOP | Session: 0W/0L (0%) | PnL: $+0.00
[Confidence] Score=6/10 | strong_edge,coinbase_weak,all3_agree,peak_hour
[Timing] Window 10 min old — skipping
[Cycle] No signal — YES=0.05 is between 0.30 and 0.70, sum=1.00 >= 0.97
[Ticker] KXSOL15M-26APR030530-30
[Market] YES=0.04 | NO=0.98 | Sum=1.01
==================================================
Balance: $156.72 | Regime: CHOP | Session: 0W/0L (0%) | PnL: $+0.00
[Confidence] Score=7/10 | extreme_edge,coinbase_weak,all3_agree,peak_hour
[Timing] Window 11 min old — skipping
[Cycle] No signal — YES=0.04 is between 0.30 and 0.70, sum=1.01 >= 0.97
[Ticker] KXSOL15M-26APR030530-30
[Market] YES=0.02 | NO=0.99 | Sum=1.00
==================================================
Balance: $156.72 | Regime: CHOP | Session: 0W/0L (0%) | PnL: $+0.00
[Confidence] Score=7/10 | extreme_edge,coinbase_weak,all3_agree,peak_hour
[Timing] Window 12 min old — skipping
[Cycle] No signal — YES=0.02 is between 0.30 and 0.70, sum=1.00 >= 0.97
[Ticker] KXSOL15M-26APR030530-30
[Market] YES=0.00 | NO=1.00 | Sum=1.00
==================================================
Balance: $156.72 | Regime: CHOP | Session: 0W/0L (0%) | PnL: $+0.00
[Confidence] Score=7/10 | extreme_edge,coinbase_weak,all3_agree,peak_hour
[Timing] Window 13 min old — skipping
[Cycle] No signal — YES=0.00 is between 0.30 and 0.70, sum=1.00 >= 0.97
[Ticker] KXSOL15M-26APR030530-30
[Market] YES=0.00 | NO=1.00 | Sum=1.00
==================================================
Balance: $156.72 | Regime: CHOP | Session: 0W/0L (0%) | PnL: $+0.00
[Confidence] Score=7/10 | extreme_edge,coinbase_weak,all3_agree,peak_hour
[Timing] Window 14 min old — skipping
[Cycle] No signal — YES=0.00 is between 0.30 and 0.70, sum=1.00 >= 0.97
[Ticker] KXSOL15M-26APR030545-45
[Market] YES=0.54 | NO=0.48 | Sum=1.02
==================================================
Balance: $156.72 | Regime: CHOP | Session: 0W/0L (0%) | PnL: $+0.00
[Cycle] No signal — YES=0.54 is between 0.30 and 0.70, sum=1.02 >= 0.97
[Ticker] KXSOL15M-26APR030545-45
[Market] YES=0.48 | NO=0.57 | Sum=1.05
==================================================
Balance: $156.72 | Regime: CHOP | Session: 0W/0L (0%) | PnL: $+0.00
[Cycle] No signal — YES=0.48 is between 0.30 and 0.70, sum=1.05 >= 0.97
[Ticker] KXSOL15M-26APR030545-45
[Market] YES=0.60 | NO=0.45 | Sum=1.05
==================================================
Balance: $156.72 | Regime: CHOP | Session: 0W/0L (0%) | PnL: $+0.00
[Cycle] No signal — YES=0.60 is between 0.30 and 0.70, sum=1.05 >= 0.97
[Ticker] KXSOL15M-26APR030545-45
[Market] YES=0.56 | NO=0.49 | Sum=1.05
==================================================
Balance: $156.72 | Regime: CHOP | Session: 0W/0L (0%) | PnL: $+0.00
[Cycle] No signal — YES=0.56 is between 0.30 and 0.70, sum=1.05 >= 0.97
[Ticker] KXSOL15M-26APR030545-45
[Market] YES=0.58 | NO=0.46 | Sum=1.04
==================================================
Balance: $156.72 | Regime: CHOP | Session: 0W/0L (0%) | PnL: $+0.00
[Cycle] No signal — YES=0.58 is between 0.30 and 0.70, sum=1.04 >= 0.97
[Ticker] KXSOL15M-26APR030545-45
[Market] YES=0.52 | NO=0.49 | Sum=1.01
==================================================
Balance: $156.72 | Regime: CHOP | Session: 0W/0L (0%) | PnL: $+0.00
[Cycle] No signal — YES=0.52 is between 0.30 and 0.70, sum=1.01 >= 0.97
[Ticker] KXSOL15M-26APR030545-45
[Market] YES=0.50 | NO=0.55 | Sum=1.05
==================================================
Balance: $156.72 | Regime: CHOP | Session: 0W/0L (0%) | PnL: $+0.00
[Cycle] No signal — YES=0.50 is between 0.30 and 0.70, sum=1.05 >= 0.97
[Ticker] KXSOL15M-26APR030545-45
[Market] YES=0.64 | NO=0.41 | Sum=1.05
==================================================
Balance: $156.72 | Regime: CHOP | Session: 0W/0L (0%) | PnL: $+0.00
[Cycle] No signal — YES=0.64 is between 0.30 and 0.70, sum=1.05 >= 0.97
[Ticker] KXSOL15M-26APR030545-45
[Market] YES=0.64 | NO=0.41 | Sum=1.05
==================================================
Balance: $156.72 | Regime: CHOP | Session: 0W/0L (0%) | PnL: $+0.00
[Cycle] No signal — YES=0.64 is between 0.30 and 0.70, sum=1.05 >= 0.97
[Ticker] KXSOL15M-26APR030545-45
[Market] YES=0.73 | NO=0.31 | Sum=1.04
==================================================
Balance: $156.72 | Regime: CHOP | Session: 0W/0L (0%) | PnL: $+0.00
[Confidence] Score=3/10 | moderate_edge,coinbase_weak,peak_hour
[Timing] Window 9 min old — skipping
[Cycle] No signal — YES=0.73 is between 0.30 and 0.70, sum=1.04 >= 0.97
[Ticker] KXSOL15M-26APR030545-45
[Market] YES=0.89 | NO=0.15 | Sum=1.04
==================================================
Balance: $156.72 | Regime: CHOP | Session: 0W/0L (0%) | PnL: $+0.00
[Confidence] Score=4/10 | strong_edge,coinbase_weak,peak_hour
[Timing] Window 10 min old — skipping
[Cycle] No signal — YES=0.89 is between 0.30 and 0.70, sum=1.04 >= 0.97
[Ticker] KXSOL15M-26APR030545-45
[Market] YES=0.98 | NO=0.03 | Sum=1.01
==================================================
Balance: $156.72 | Regime: CHOP | Session: 0W/0L (0%) | PnL: $+0.00
[Confidence] Score=5/10 | extreme_edge,coinbase_weak,peak_hour
[Timing] Window 11 min old — skipping
[Cycle] No signal — YES=0.98 is between 0.30 and 0.70, sum=1.01 >= 0.97
[Ticker] KXSOL15M-26APR030545-45
[Market] YES=0.99 | NO=0.01 | Sum=1.00
==================================================
Balance: $156.72 | Regime: CHOP | Session: 0W/0L (0%) | PnL: $+0.00
[Confidence] Score=5/10 | extreme_edge,coinbase_weak,peak_hour
[Timing] Window 12 min old — skipping
[Cycle] No signal — YES=0.99 is between 0.30 and 0.70, sum=1.00 >= 0.97
[Ticker] KXSOL15M-26APR030545-45
[Market] YES=1.00 | NO=0.01 | Sum=1.00
==================================================
Balance: $156.72 | Regime: CHOP | Session: 0W/0L (0%) | PnL: $+0.00
[Confidence] Score=5/10 | extreme_edge,coinbase_weak,peak_hour
[Timing] Window 13 min old — skipping
[Cycle] No signal — YES=1.00 is between 0.30 and 0.70, sum=1.00 >= 0.97
[Ticker] KXSOL15M-26APR030545-45
[Market] YES=1.00 | NO=0.00 | Sum=1.00
==================================================
Balance: $156.72 | Regime: CHOP | Session: 0W/0L (0%) | PnL: $+0.00
[Confidence] Score=5/10 | extreme_edge,coinbase_weak,peak_hour
[Timing] Window 14 min old — skipping
[Cycle] No signal — YES=1.00 is between 0.30 and 0.70, sum=1.00 >= 0.97
[Ticker] KXSOL15M-26APR030600-00
[Market] YES=0.46 | NO=0.59 | Sum=1.05
==================================================
Balance: $156.72 | Regime: CHOP | Session: 0W/0L (0%) | PnL: $+0.00
[Cycle] No signal — YES=0.46 is between 0.30 and 0.70, sum=1.05 >= 0.97
[Ticker] KXSOL15M-26APR030600-00
[Market] YES=0.42 | NO=0.60 | Sum=1.02
==================================================
Balance: $156.72 | Regime: CHOP | Session: 0W/0L (0%) | PnL: $+0.00
[Cycle] No signal — YES=0.42 is between 0.30 and 0.70, sum=1.02 >= 0.97
[Ticker] KXSOL15M-26APR030600-00
[Market] YES=0.38 | NO=0.67 | Sum=1.05
==================================================
Balance: $156.72 | Regime: CHOP | Session: 0W/0L (0%) | PnL: $+0.00
[Cycle] No signal — YES=0.38 is between 0.30 and 0.70, sum=1.05 >= 0.97
[Ticker] KXSOL15M-26APR030600-00
[Market] YES=0.27 | NO=0.77 | Sum=1.04
==================================================
Balance: $156.72 | Regime: CHOP | Session: 0W/0L (0%) | PnL: $+0.00
[Confidence] Score=5/10 | moderate_edge,coinbase_weak,all3_agree,peak_hour
[Signal] DOWN candidate | yes=0.27 | waiting (1/2)
[Cycle] No signal — YES=0.27 is between 0.30 and 0.70, sum=1.04 >= 0.97
[Ticker] KXSOL15M-26APR030600-00
[Market] YES=0.36 | NO=0.67 | Sum=1.03
==================================================
Balance: $156.72 | Regime: CHOP | Session: 0W/0L (0%) | PnL: $+0.00
[Cycle] No signal — YES=0.36 is between 0.30 and 0.70, sum=1.03 >= 0.97
[Ticker] KXSOL15M-26APR030600-00
[Market] YES=0.39 | NO=0.65 | Sum=1.04
==================================================
Balance: $156.72 | Regime: CHOP | Session: 0W/0L (0%) | PnL: $+0.00
[Cycle] No signal — YES=0.39 is between 0.30 and 0.70, sum=1.04 >= 0.97
[Ticker] KXSOL15M-26APR030600-00
[Market] YES=0.28 | NO=0.73 | Sum=1.01
==================================================
Balance: $156.72 | Regime: CHOP | Session: 0W/0L (0%) | PnL: $+0.00
[Confidence] Score=5/10 | moderate_edge,coinbase_weak,all3_agree,peak_hour
[Timing] Window 6 min old — skipping
[Cycle] No signal — YES=0.28 is between 0.30 and 0.70, sum=1.01 >= 0.97
[Ticker] KXSOL15M-26APR030600-00
[Market] YES=0.24 | NO=0.80 | Sum=1.04
==================================================
Balance: $156.72 | Regime: CHOP | Session: 0W/0L (0%) | PnL: $+0.00
[Confidence] Score=5/10 | moderate_edge,coinbase_weak,all3_agree,peak_hour
[Timing] Window 7 min old — skipping
[Cycle] No signal — YES=0.24 is between 0.30 and 0.70, sum=1.04 >= 0.97
[Ticker] KXSOL15M-26APR030600-00
[Market] YES=0.17 | NO=0.85 | Sum=1.02
==================================================
Balance: $156.72 | Regime: CHOP | Session: 0W/0L (0%) | PnL: $+0.00
[Confidence] Score=6/10 | strong_edge,coinbase_weak,all3_agree,peak_hour
[Timing] Window 8 min old — skipping
[Cycle] No signal — YES=0.17 is between 0.30 and 0.70, sum=1.02 >= 0.97
[Ticker] KXSOL15M-26APR030600-00
[Market] YES=0.14 | NO=0.90 | Sum=1.04
==================================================
Balance: $156.72 | Regime: CHOP | Session: 0W/0L (0%) | PnL: $+0.00
[Confidence] Score=6/10 | strong_edge,coinbase_weak,all3_agree,peak_hour
[Timing] Window 9 min old — skipping
[Cycle] No signal — YES=0.14 is between 0.30 and 0.70, sum=1.04 >= 0.97
[Ticker] KXSOL15M-26APR030600-00
[Market] YES=0.06 | NO=0.95 | Sum=1.01
==================================================
Balance: $156.72 | Regime: CHOP | Session: 0W/0L (0%) | PnL: $+0.00
[Confidence] Score=6/10 | strong_edge,coinbase_weak,all3_agree,peak_hour
[Timing] Window 10 min old — skipping
[Cycle] No signal — YES=0.06 is between 0.30 and 0.70, sum=1.01 >= 0.97
[Ticker] KXSOL15M-26APR030600-00
[Market] YES=0.03 | NO=0.97 | Sum=1.00
==================================================
Balance: $156.72 | Regime: CHOP | Session: 0W/0L (0%) | PnL: $+0.00
[Confidence] Score=7/10 | extreme_edge,coinbase_weak,all3_agree,peak_hour
[Timing] Window 11 min old — skipping
[Cycle] No signal — YES=0.03 is between 0.30 and 0.70, sum=1.00 >= 0.97
[Ticker] KXSOL15M-26APR030600-00
[Market] YES=0.02 | NO=0.99 | Sum=1.01
==================================================
Balance: $156.72 | Regime: CHOP | Session: 0W/0L (0%) | PnL: $+0.00
[Confidence] Score=7/10 | extreme_edge,coinbase_weak,all3_agree,peak_hour
[Timing] Window 12 min old — skipping
[Cycle] No signal — YES=0.02 is between 0.30 and 0.70, sum=1.01 >= 0.97
[Ticker] KXSOL15M-26APR030600-00
[Market] YES=0.01 | NO=0.99 | Sum=1.00
==================================================
Balance: $156.72 | Regime: CHOP | Session: 0W/0L (0%) | PnL: $+0.00
[Confidence] Score=7/10 | extreme_edge,coinbase_weak,all3_agree,peak_hour
[Timing] Window 13 min old — skipping
[Cycle] No signal — YES=0.01 is between 0.30 and 0.70, sum=1.00 >= 0.97
[Ticker] KXSOL15M-26APR030600-00
[Market] YES=0.00 | NO=1.00 | Sum=1.00
==================================================
Balance: $156.72 | Regime: CHOP | Session: 0W/0L (0%) | PnL: $+0.00
[Confidence] Score=7/10 | extreme_edge,coinbase_weak,all3_agree,peak_hour
[Timing] Window 14 min old — skipping
[Cycle] No signal — YES=0.00 is between 0.30 and 0.70, sum=1.00 >= 0.97
[Ticker] KXSOL15M-26APR030600-00
[Market] YES=1.00 | NO=1.00 | Sum=2.00
==================================================
Balance: $156.72 | Regime: CHOP | Session: 0W/0L (0%) | PnL: $+0.00
[Confidence] Score=4/10 | extreme_edge,peak_hour
[Timing] Window 0 min old — skipping
[Cycle] No signal — YES=1.00 is between 0.30 and 0.70, sum=2.00 >= 0.97
[Ticker] KXSOL15M-26APR030615-15
[Market] YES=0.49 | NO=0.53 | Sum=1.02
==================================================
Balance: $156.72 | Regime: CHOP | Session: 0W/0L (0%) | PnL: $+0.00
[Cycle] No signal — YES=0.49 is between 0.30 and 0.70, sum=1.02 >= 0.97
[Ticker] KXSOL15M-26APR030615-15
[Market] YES=0.42 | NO=0.59 | Sum=1.01
==================================================
Balance: $156.72 | Regime: CHOP | Session: 0W/0L (0%) | PnL: $+0.00
[Cycle] No signal — YES=0.42 is between 0.30 and 0.70, sum=1.01 >= 0.97
[Ticker] KXSOL15M-26APR030615-15
[Market] YES=0.40 | NO=0.63 | Sum=1.03
==================================================
Balance: $156.72 | Regime: CHOP | Session: 0W/0L (0%) | PnL: $+0.00
[Cycle] No signal — YES=0.40 is between 0.30 and 0.70, sum=1.03 >= 0.97
[Ticker] KXSOL15M-26APR030615-15
[Market] YES=0.34 | NO=0.71 | Sum=1.05
==================================================
Balance: $156.72 | Regime: CHOP | Session: 0W/0L (0%) | PnL: $+0.00
[Cycle] No signal — YES=0.34 is between 0.30 and 0.70, sum=1.05 >= 0.97
[Ticker] KXSOL15M-26APR030615-15
[Market] YES=0.37 | NO=0.64 | Sum=1.01
==================================================
Balance: $156.72 | Regime: CHOP | Session: 0W/0L (0%) | PnL: $+0.00
[Cycle] No signal — YES=0.37 is between 0.30 and 0.70, sum=1.01 >= 0.97
[Ticker] KXSOL15M-26APR030615-15
[Market] YES=0.44 | NO=0.57 | Sum=1.01
==================================================
Balance: $156.72 | Regime: CHOP | Session: 0W/0L (0%) | PnL: $+0.00
[Cycle] No signal — YES=0.44 is between 0.30 and 0.70, sum=1.01 >= 0.97
[Ticker] KXSOL15M-26APR030615-15
[Market] YES=0.26 | NO=0.78 | Sum=1.04
==================================================
Balance: $156.72 | Regime: CHOP | Session: 0W/0L (0%) | PnL: $+0.00
[Confidence] Score=5/10 | moderate_edge,coinbase_weak,all3_agree,peak_hour
[Timing] Window 7 min old — skipping
[Cycle] No signal — YES=0.26 is between 0.30 and 0.70, sum=1.04 >= 0.97
[Ticker] KXSOL15M-26APR030615-15
[Market] YES=0.16 | NO=0.87 | Sum=1.03
==================================================
Balance: $156.72 | Regime: CHOP | Session: 0W/0L (0%) | PnL: $+0.00
[Confidence] Score=6/10 | strong_edge,coinbase_weak,all3_agree,peak_hour
[Timing] Window 8 min old — skipping
[Cycle] No signal — YES=0.16 is between 0.30 and 0.70, sum=1.03 >= 0.97
[Ticker] KXSOL15M-26APR030615-15
[Market] YES=0.14 | NO=0.89 | Sum=1.03
==================================================
Balance: $156.72 | Regime: CHOP | Session: 0W/0L (0%) | PnL: $+0.00
[Confidence] Score=6/10 | strong_edge,coinbase_weak,all3_agree,peak_hour
[Timing] Window 9 min old — skipping
[Cycle] No signal — YES=0.14 is between 0.30 and 0.70, sum=1.03 >= 0.97
[Ticker] KXSOL15M-26APR030615-15
[Market] YES=0.14 | NO=0.89 | Sum=1.03
==================================================
Balance: $156.72 | Regime: CHOP | Session: 0W/0L (0%) | PnL: $+0.00
[Confidence] Score=6/10 | strong_edge,coinbase_weak,all3_agree,peak_hour
[Timing] Window 10 min old — skipping
[Cycle] No signal — YES=0.14 is between 0.30 and 0.70, sum=1.03 >= 0.97
[Ticker] KXSOL15M-26APR030615-15
[Market] YES=0.08 | NO=0.93 | Sum=1.01
==================================================
Balance: $156.72 | Regime: CHOP | Session: 0W/0L (0%) | PnL: $+0.00
[Confidence] Score=6/10 | strong_edge,coinbase_weak,all3_agree,peak_hour
[Timing] Window 11 min old — skipping
[Cycle] No signal — YES=0.08 is between 0.30 and 0.70, sum=1.01 >= 0.97
[Ticker] KXSOL15M-26APR030615-15
[Market] YES=0.20 | NO=0.81 | Sum=1.01
==================================================
Balance: $156.72 | Regime: CHOP | Session: 0W/0L (0%) | PnL: $+0.00
[Confidence] Score=6/10 | strong_edge,coinbase_weak,all3_agree,peak_hour
[Timing] Window 12 min old — skipping
[Cycle] No signal — YES=0.20 is between 0.30 and 0.70, sum=1.01 >= 0.97
[Ticker] KXSOL15M-26APR030615-15
[Market] YES=0.10 | NO=0.91 | Sum=1.01
==================================================
Balance: $156.72 | Regime: CHOP | Session: 0W/0L (0%) | PnL: $+0.00
[Confidence] Score=6/10 | strong_edge,coinbase_weak,all3_agree,peak_hour
[Timing] Window 13 min old — skipping
[Cycle] No signal — YES=0.10 is between 0.30 and 0.70, sum=1.01 >= 0.97
[Ticker] KXSOL15M-26APR030615-15
[Market] YES=0.97 | NO=0.05 | Sum=1.02
==================================================
Balance: $156.72 | Regime: CHOP | Session: 0W/0L (0%) | PnL: $+0.00
[Confidence] Score=5/10 | extreme_edge,coinbase_weak,peak_hour
[Timing] Window 14 min old — skipping
[Cycle] No signal — YES=0.97 is between 0.30 and 0.70, sum=1.02 >= 0.97
[Ticker] KXSOL15M-26APR030630-30
[Market] YES=0.72 | NO=0.30 | Sum=1.02
==================================================
Balance: $156.72 | Regime: CHOP | Session: 0W/0L (0%) | PnL: $+0.00
[Confidence] Score=3/10 | moderate_edge,coinbase_weak,peak_hour
[Timing] Window 0 min old — skipping
[Cycle] No signal — YES=0.72 is between 0.30 and 0.70, sum=1.02 >= 0.97
[Ticker] KXSOL15M-26APR030630-30
[Market] YES=0.62 | NO=0.42 | Sum=1.04
==================================================
Balance: $156.72 | Regime: CHOP | Session: 0W/0L (0%) | PnL: $+0.00
[Cycle] No signal — YES=0.62 is between 0.30 and 0.70, sum=1.04 >= 0.97
[Ticker] KXSOL15M-26APR030630-30
[Market] YES=0.75 | NO=0.28 | Sum=1.03
==================================================
Balance: $156.72 | Regime: CHOP | Session: 0W/0L (0%) | PnL: $+0.00
[Confidence] Score=3/10 | moderate_edge,coinbase_weak,peak_hour
[Signal] UP candidate | yes=0.75 | waiting (1/2)
[Cycle] No signal — YES=0.75 is between 0.30 and 0.70, sum=1.03 >= 0.97
[Ticker] KXSOL15M-26APR030630-30
[Market] YES=0.81 | NO=0.22 | Sum=1.03
==================================================
Balance: $156.72 | Regime: CHOP | Session: 0W/0L (0%) | PnL: $+0.00
[Confidence] Score=4/10 | strong_edge,coinbase_weak,peak_hour
[Coinbase] Confirms UP | $80 gap=+0 (0.22%)
[Kraken] Divergence 83284.72% — bet trimmed
[Correlation] Markets diverging — bet trimmed
[Signal] CONFIRMED UP | yes=0.81 | edge=0.31 | bet=$3.93
[Safety] Balance $156.72 below floor $175.00
🛑 OpenClaw SOL Bot v4.0 halted: Balance $156.72 below floor $175.00

==================================================
OpenClaw SOL Bot v4.0 — LIVE
[Startup] Live balance synced: $156.72
Balance: $156.72 | MaxBet: $15.67 | Threshold: <0.30 or >0.70
==================================================

[Startup] Resting orders cleared
[Ticker] KXSOL15M-26APR030630-30
[Market] YES=0.75 | NO=0.30 | Sum=1.05
==================================================
Balance: $156.72 | Regime: CHOP | Session: 0W/0L (0%) | PnL: $+0.00
[Confidence] Score=3/10 | moderate_edge,coinbase_weak,peak_hour
[Timing] Window 7 min old — skipping
[Cycle] No signal — YES=0.75 is between 0.30 and 0.70, sum=1.05 >= 0.97
[Ticker] KXSOL15M-26APR030630-30
[Market] YES=0.70 | NO=0.33 | Sum=1.03
==================================================
Balance: $156.72 | Regime: CHOP | Session: 0W/0L (0%) | PnL: $+0.00
[Cycle] No signal — YES=0.70 is between 0.30 and 0.70, sum=1.03 >= 0.97
[Ticker] KXSOL15M-26APR030630-30
[Market] YES=0.85 | NO=0.17 | Sum=1.02
==================================================
Balance: $156.72 | Regime: CHOP | Session: 0W/0L (0%) | PnL: $+0.00
[Confidence] Score=4/10 | strong_edge,coinbase_weak,peak_hour
[Timing] Window 9 min old — skipping
[Cycle] No signal — YES=0.85 is between 0.30 and 0.70, sum=1.02 >= 0.97
[Ticker] KXSOL15M-26APR030630-30
[Market] YES=0.66 | NO=0.35 | Sum=1.01
==================================================
Balance: $156.72 | Regime: CHOP | Session: 0W/0L (0%) | PnL: $+0.00
[Cycle] No signal — YES=0.66 is between 0.30 and 0.70, sum=1.01 >= 0.97
[Ticker] KXSOL15M-26APR030630-30
[Market] YES=0.51 | NO=0.51 | Sum=1.02
==================================================
Balance: $156.72 | Regime: CHOP | Session: 0W/0L (0%) | PnL: $+0.00
[Cycle] No signal — YES=0.51 is between 0.30 and 0.70, sum=1.02 >= 0.97
[Ticker] KXSOL15M-26APR030630-30
[Market] YES=0.42 | NO=0.63 | Sum=1.05
==================================================
Balance: $156.72 | Regime: CHOP | Session: 0W/0L (0%) | PnL: $+0.00
[Cycle] No signal — YES=0.42 is between 0.30 and 0.70, sum=1.05 >= 0.97
[Ticker] KXSOL15M-26APR030630-30
[Market] YES=0.10 | NO=0.92 | Sum=1.02
==================================================
Balance: $156.72 | Regime: CHOP | Session: 0W/0L (0%) | PnL: $+0.00
[Confidence] Score=6/10 | strong_edge,coinbase_weak,all3_agree,peak_hour
[Timing] Window 13 min old — skipping
[Cycle] No signal — YES=0.10 is between 0.30 and 0.70, sum=1.02 >= 0.97
[Ticker] KXSOL15M-26APR030630-30
[Market] YES=0.00 | NO=1.00 | Sum=1.00
==================================================
Balance: $156.72 | Regime: CHOP | Session: 0W/0L (0%) | PnL: $+0.00
[Confidence] Score=6/10 | extreme_edge,coinbase_weak,2of3_agree,peak_hour
[Timing] Window 14 min old — skipping
[Cycle] No signal — YES=0.00 is between 0.30 and 0.70, sum=1.00 >= 0.97
[Ticker] KXSOL15M-26APR030630-30
[Market] YES=1.00 | NO=1.00 | Sum=2.00
==================================================
Balance: $156.72 | Regime: CHOP | Session: 0W/0L (0%) | PnL: $+0.00
[Confidence] Score=4/10 | extreme_edge,peak_hour
[Timing] Window 0 min old — skipping
[Cycle] No signal — YES=1.00 is between 0.30 and 0.70, sum=2.00 >= 0.97
[Ticker] KXSOL15M-26APR030645-45
[Market] YES=0.27 | NO=0.77 | Sum=1.04
==================================================
Balance: $156.72 | Regime: CHOP | Session: 0W/0L (0%) | PnL: $+0.00
[Confidence] Score=4/10 | moderate_edge,coinbase_weak,2of3_agree,peak_hour
[Signal] DOWN candidate | yes=0.27 | waiting (1/2)
[Cycle] No signal — YES=0.27 is between 0.30 and 0.70, sum=1.04 >= 0.97
[Ticker] KXSOL15M-26APR030645-45
[Market] YES=0.24 | NO=0.79 | Sum=1.03
==================================================
Balance: $156.72 | Regime: CHOP | Session: 0W/0L (0%) | PnL: $+0.00
[Confidence] Score=5/10 | moderate_edge,coinbase_weak,all3_agree,peak_hour
[Coinbase] Confirms DOWN | $80 gap=-0 (0.19%)
[Kraken] Divergence 83556.40% — bet trimmed
[Correlation] 2/3 agree DOWN
[Signal] CONFIRMED DOWN | yes=0.24 | edge=0.26 | bet=$3.66
[Safety] Balance $156.72 below floor $175.00
🛑 OpenClaw SOL Bot v4.0 halted: Balance $156.72 below floor $175.00

==================================================
OpenClaw SOL Bot v4.0 — LIVE
[Startup] Live balance synced: $156.72
Balance: $156.72 | MaxBet: $15.67 | Threshold: <0.30 or >0.70
==================================================

[Startup] Resting orders cleared
[Ticker] KXSOL15M-26APR030645-45
[Market] YES=0.39 | NO=0.65 | Sum=1.04
==================================================
Balance: $156.72 | Regime: CHOP | Session: 0W/0L (0%) | PnL: $+0.00
[Cycle] No signal — YES=0.39 is between 0.30 and 0.70, sum=1.04 >= 0.97
[Ticker] KXSOL15M-26APR030645-45
[Market] YES=0.36 | NO=0.69 | Sum=1.05
==================================================
Balance: $156.72 | Regime: CHOP | Session: 0W/0L (0%) | PnL: $+0.00
[Cycle] No signal — YES=0.36 is between 0.30 and 0.70, sum=1.05 >= 0.97
[Ticker] KXSOL15M-26APR030645-45
[Market] YES=0.28 | NO=0.76 | Sum=1.04
==================================================
Balance: $156.72 | Regime: CHOP | Session: 0W/0L (0%) | PnL: $+0.00
[Confidence] Score=5/10 | moderate_edge,coinbase_weak,all3_agree,peak_hour
[Timing] Window 5 min old — skipping
[Cycle] No signal — YES=0.28 is between 0.30 and 0.70, sum=1.04 >= 0.97
[Ticker] KXSOL15M-26APR030645-45
[Market] YES=0.23 | NO=0.81 | Sum=1.04
==================================================
Balance: $156.72 | Regime: CHOP | Session: 0W/0L (0%) | PnL: $+0.00
[Confidence] Score=5/10 | moderate_edge,coinbase_weak,all3_agree,peak_hour
[Timing] Window 6 min old — skipping
[Cycle] No signal — YES=0.23 is between 0.30 and 0.70, sum=1.04 >= 0.97
[Ticker] KXSOL15M-26APR030645-45
[Market] YES=0.23 | NO=0.81 | Sum=1.04
==================================================
Balance: $156.72 | Regime: CHOP | Session: 0W/0L (0%) | PnL: $+0.00
[Confidence] Score=5/10 | moderate_edge,coinbase_weak,all3_agree,peak_hour
[Timing] Window 7 min old — skipping
[Cycle] No signal — YES=0.23 is between 0.30 and 0.70, sum=1.04 >= 0.97
[Ticker] KXSOL15M-26APR030645-45
[Market] YES=0.12 | NO=0.89 | Sum=1.01
==================================================
Balance: $156.72 | Regime: CHOP | Session: 0W/0L (0%) | PnL: $+0.00
[Confidence] Score=6/10 | strong_edge,coinbase_weak,all3_agree,peak_hour
[Timing] Window 8 min old — skipping
[Cycle] No signal — YES=0.12 is between 0.30 and 0.70, sum=1.01 >= 0.97
[Ticker] KXSOL15M-26APR030645-45
[Market] YES=0.09 | NO=0.92 | Sum=1.01
==================================================
Balance: $156.72 | Regime: CHOP | Session: 0W/0L (0%) | PnL: $+0.00
[Confidence] Score=6/10 | strong_edge,coinbase_weak,all3_agree,peak_hour
[Timing] Window 9 min old — skipping
[Cycle] No signal — YES=0.09 is between 0.30 and 0.70, sum=1.01 >= 0.97
[Ticker] KXSOL15M-26APR030645-45
[Market] YES=0.07 | NO=0.95 | Sum=1.01
==================================================
Balance: $156.72 | Regime: CHOP | Session: 0W/0L (0%) | PnL: $+0.00
[Confidence] Score=6/10 | strong_edge,coinbase_weak,all3_agree,peak_hour
[Timing] Window 10 min old — skipping
[Cycle] No signal — YES=0.07 is between 0.30 and 0.70, sum=1.01 >= 0.97
[Ticker] KXSOL15M-26APR030645-45
[Market] YES=0.04 | NO=0.97 | Sum=1.01
==================================================
Balance: $156.72 | Regime: CHOP | Session: 0W/0L (0%) | PnL: $+0.00
[Confidence] Score=7/10 | extreme_edge,coinbase_weak,all3_agree,peak_hour
[Timing] Window 11 min old — skipping
[Cycle] No signal — YES=0.04 is between 0.30 and 0.70, sum=1.01 >= 0.97
[Ticker] KXSOL15M-26APR030645-45
[Market] YES=0.04 | NO=0.98 | Sum=1.02
==================================================
Balance: $156.72 | Regime: CHOP | Session: 0W/0L (0%) | PnL: $+0.00
[Confidence] Score=7/10 | extreme_edge,coinbase_weak,all3_agree,peak_hour
[Timing] Window 12 min old — skipping
[Cycle] No signal — YES=0.04 is between 0.30 and 0.70, sum=1.02 >= 0.97
[Ticker] KXSOL15M-26APR030645-45
[Market] YES=0.04 | NO=0.97 | Sum=1.01
==================================================
Balance: $156.72 | Regime: CHOP | Session: 0W/0L (0%) | PnL: $+0.00
[Confidence] Score=7/10 | extreme_edge,coinbase_weak,all3_agree,peak_hour
[Timing] Window 13 min old — skipping
[Cycle] No signal — YES=0.04 is between 0.30 and 0.70, sum=1.01 >= 0.97
[Ticker] KXSOL15M-26APR030645-45
[Market] YES=0.03 | NO=0.98 | Sum=1.01
==================================================
Balance: $156.72 | Regime: CHOP | Session: 0W/0L (0%) | PnL: $+0.00
[Confidence] Score=7/10 | extreme_edge,coinbase_weak,all3_agree,peak_hour
[Timing] Window 14 min old — skipping
[Cycle] No signal — YES=0.03 is between 0.30 and 0.70, sum=1.01 >= 0.97
[Ticker] KXSOL15M-26APR030645-45
[Market] YES=0.01 | NO=1.00 | Sum=1.01
==================================================
Balance: $156.72 | Regime: CHOP | Session: 0W/0L (0%) | PnL: $+0.00
[Confidence] Score=7/10 | extreme_edge,coinbase_weak,all3_agree,peak_hour
[Timing] Window 0 min old — skipping
[Cycle] No signal — YES=0.01 is between 0.30 and 0.70, sum=1.01 >= 0.97
[Ticker] KXSOL15M-26APR030700-00
[Market] YES=0.63 | NO=0.41 | Sum=1.04
==================================================
Balance: $156.72 | Regime: CHOP | Session: 0W/0L (0%) | PnL: $+0.00
[Cycle] No signal — YES=0.63 is between 0.30 and 0.70, sum=1.04 >= 0.97
[Ticker] KXSOL15M-26APR030700-00
[Market] YES=0.72 | NO=0.33 | Sum=1.05
==================================================
Balance: $156.72 | Regime: CHOP | Session: 0W/0L (0%) | PnL: $+0.00
[Confidence] Score=3/10 | moderate_edge,coinbase_weak,peak_hour
[Signal] UP candidate | yes=0.72 | waiting (1/2)
[Cycle] No signal — YES=0.72 is between 0.30 and 0.70, sum=1.05 >= 0.97
[Ticker] KXSOL15M-26APR030700-00
[Market] YES=0.79 | NO=0.25 | Sum=1.04
==================================================
Balance: $156.72 | Regime: CHOP | Session: 0W/0L (0%) | PnL: $+0.00
[Confidence] Score=3/10 | moderate_edge,coinbase_weak,peak_hour
[Coinbase] Confirms UP | $80 gap=+0 (0.15%)
[Kraken] Divergence 83461.68% — bet trimmed
[Correlation] 2/3 agree UP
[Signal] CONFIRMED UP | yes=0.79 | edge=0.29 | bet=$4.09
[Safety] Balance $156.72 below floor $175.00
🛑 OpenClaw SOL Bot v4.0 halted: Balance $156.72 below floor $175.00

==================================================
OpenClaw SOL Bot v4.0 — LIVE
[Startup] Live balance synced: $156.72
Balance: $156.72 | MaxBet: $15.67 | Threshold: <0.30 or >0.70
==================================================

[Startup] Resting orders cleared
[Ticker] KXSOL15M-26APR030700-00
[Market] YES=0.83 | NO=0.19 | Sum=1.02
==================================================
Balance: $156.72 | Regime: CHOP | Session: 0W/0L (0%) | PnL: $+0.00
[Confidence] Score=4/10 | strong_edge,coinbase_weak,peak_hour
[Signal] UP candidate | yes=0.83 | waiting (1/2)
[Cycle] No signal — YES=0.83 is between 0.30 and 0.70, sum=1.02 >= 0.97
[Ticker] KXSOL15M-26APR030700-00
[Market] YES=0.77 | NO=0.26 | Sum=1.03
==================================================
Balance: $156.72 | Regime: CHOP | Session: 0W/0L (0%) | PnL: $+0.00
[Confidence] Score=3/10 | moderate_edge,coinbase_weak,peak_hour
[Coinbase] Confirms UP | $80 gap=+0 (0.13%)
[Kraken] Divergence 83518.41% — bet trimmed
[Correlation] Markets diverging — bet trimmed
[Signal] CONFIRMED UP | yes=0.77 | edge=0.27 | bet=$3.43
[Safety] Balance $156.72 below floor $175.00
🛑 OpenClaw SOL Bot v4.0 halted: Balance $156.72 below floor $175.00

==================================================
OpenClaw SOL Bot v4.0 — LIVE
[Startup] Live balance synced: $156.72
Balance: $156.72 | MaxBet: $15.67 | Threshold: <0.30 or >0.70
==================================================

[Startup] Resting orders cleared
[Ticker] KXSOL15M-26APR030715-15
[Market] YES=0.73 | NO=0.30 | Sum=1.03
==================================================
Balance: $156.72 | Regime: CHOP | Session: 0W/0L (0%) | PnL: $+0.00
[Confidence] Score=3/10 | moderate_edge,coinbase_weak,peak_hour
[Signal] UP candidate | yes=0.73 | waiting (1/2)
[Cycle] No signal — YES=0.73 is between 0.30 and 0.70, sum=1.03 >= 0.97
[Ticker] KXSOL15M-26APR030715-15
[Market] YES=0.77 | NO=0.25 | Sum=1.02
==================================================
Balance: $156.72 | Regime: CHOP | Session: 0W/0L (0%) | PnL: $+0.00
[Confidence] Score=3/10 | moderate_edge,coinbase_weak,peak_hour
[Coinbase] Confirms UP | $80 gap=+0 (0.23%)
[Kraken] Divergence 83180.56% — bet trimmed
[Correlation] 2/3 agree UP
[Signal] CONFIRMED UP | yes=0.77 | edge=0.27 | bet=$3.81
[Safety] Balance $156.72 below floor $175.00
🛑 OpenClaw SOL Bot v4.0 halted: Balance $156.72 below floor $175.00

==================================================
OpenClaw SOL Bot v4.0 — LIVE
[Startup] Live balance synced: $156.72
Balance: $156.72 | MaxBet: $15.67 | Threshold: <0.30 or >0.70
==================================================

[Startup] Resting orders cleared
[Ticker] KXSOL15M-26APR030715-15
[Market] YES=0.61 | NO=0.42 | Sum=1.03
==================================================
Balance: $156.72 | Regime: CHOP | Session: 0W/0L (0%) | PnL: $+0.00
[Cycle] No signal — YES=0.61 is between 0.30 and 0.70, sum=1.03 >= 0.97
[Ticker] KXSOL15M-26APR030715-15
[Market] YES=0.61 | NO=0.43 | Sum=1.04
==================================================
Balance: $156.72 | Regime: CHOP | Session: 0W/0L (0%) | PnL: $+0.00
[Cycle] No signal — YES=0.61 is between 0.30 and 0.70, sum=1.04 >= 0.97
[Ticker] KXSOL15M-26APR030715-15
[Market] YES=0.60 | NO=0.44 | Sum=1.04
==================================================
Balance: $156.72 | Regime: CHOP | Session: 0W/0L (0%) | PnL: $+0.00
[Cycle] No signal — YES=0.60 is between 0.30 and 0.70, sum=1.04 >= 0.97
[Ticker] KXSOL15M-26APR030715-15
[Market] YES=0.54 | NO=0.49 | Sum=1.03
==================================================
Balance: $156.72 | Regime: CHOP | Session: 0W/0L (0%) | PnL: $+0.00
[Cycle] No signal — YES=0.54 is between 0.30 and 0.70, sum=1.03 >= 0.97
[Ticker] KXSOL15M-26APR030715-15
[Market] YES=0.62 | NO=0.42 | Sum=1.04
==================================================
Balance: $156.72 | Regime: CHOP | Session: 0W/0L (0%) | PnL: $+0.00
[Cycle] No signal — YES=0.62 is between 0.30 and 0.70, sum=1.04 >= 0.97
[Ticker] KXSOL15M-26APR030715-15
[Market] YES=0.52 | NO=0.53 | Sum=1.05
==================================================
Balance: $156.72 | Regime: CHOP | Session: 0W/0L (0%) | PnL: $+0.00
[Cycle] No signal — YES=0.52 is between 0.30 and 0.70, sum=1.05 >= 0.97
[Ticker] KXSOL15M-26APR030715-15
[Market] YES=0.38 | NO=0.67 | Sum=1.05
==================================================
Balance: $156.72 | Regime: CHOP | Session: 0W/0L (0%) | PnL: $+0.00
[Cycle] No signal — YES=0.38 is between 0.30 and 0.70, sum=1.05 >= 0.97
[Ticker] KXSOL15M-26APR030715-15
[Market] YES=0.25 | NO=0.79 | Sum=1.04
==================================================
Balance: $156.72 | Regime: CHOP | Session: 0W/0L (0%) | PnL: $+0.00
[Confidence] Score=5/10 | moderate_edge,coinbase_weak,all3_agree,peak_hour
[Timing] Window 13 min old — skipping
[Cycle] No signal — YES=0.25 is between 0.30 and 0.70, sum=1.04 >= 0.97
[Ticker] KXSOL15M-26APR030715-15
[Market] YES=0.00 | NO=1.00 | Sum=1.00
==================================================
Balance: $156.72 | Regime: CHOP | Session: 0W/0L (0%) | PnL: $+0.00
[Confidence] Score=7/10 | extreme_edge,coinbase_weak,all3_agree,peak_hour
[Timing] Window 14 min old — skipping
[Cycle] No signal — YES=0.00 is between 0.30 and 0.70, sum=1.00 >= 0.97
[Ticker] KXSOL15M-26APR030730-30
[Market] YES=0.60 | NO=0.45 | Sum=1.05
==================================================
Balance: $156.72 | Regime: CHOP | Session: 0W/0L (0%) | PnL: $+0.00
[Cycle] No signal — YES=0.60 is between 0.30 and 0.70, sum=1.05 >= 0.97
[Ticker] KXSOL15M-26APR030730-30
[Market] YES=0.50 | NO=0.51 | Sum=1.01
==================================================
Balance: $156.72 | Regime: CHOP | Session: 0W/0L (0%) | PnL: $+0.00
[Cycle] No signal — YES=0.50 is between 0.30 and 0.70, sum=1.01 >= 0.97
[Ticker] KXSOL15M-26APR030730-30
[Market] YES=0.50 | NO=0.54 | Sum=1.04
==================================================
Balance: $156.72 | Regime: CHOP | Session: 0W/0L (0%) | PnL: $+0.00
[Cycle] No signal — YES=0.50 is between 0.30 and 0.70, sum=1.04 >= 0.97
[Ticker] KXSOL15M-26APR030730-30
[Market] YES=0.41 | NO=0.60 | Sum=1.01
==================================================
Balance: $156.72 | Regime: CHOP | Session: 0W/0L (0%) | PnL: $+0.00
[Cycle] No signal — YES=0.41 is between 0.30 and 0.70, sum=1.01 >= 0.97
[Ticker] KXSOL15M-26APR030730-30
[Market] YES=0.45 | NO=0.60 | Sum=1.05
==================================================
Balance: $156.72 | Regime: CHOP | Session: 0W/0L (0%) | PnL: $+0.00
[Cycle] No signal — YES=0.45 is between 0.30 and 0.70, sum=1.05 >= 0.97
[Ticker] KXSOL15M-26APR030730-30
[Market] YES=0.54 | NO=0.51 | Sum=1.05
==================================================
Balance: $156.72 | Regime: CHOP | Session: 0W/0L (0%) | PnL: $+0.00
[Cycle] No signal — YES=0.54 is between 0.30 and 0.70, sum=1.05 >= 0.97
[Ticker] KXSOL15M-26APR030730-30
[Market] YES=0.71 | NO=0.33 | Sum=1.04
==================================================
Balance: $156.72 | Regime: CHOP | Session: 0W/0L (0%) | PnL: $+0.00
[Confidence] Score=3/10 | moderate_edge,coinbase_weak,peak_hour
[Timing] Window 6 min old — skipping
[Cycle] No signal — YES=0.71 is between 0.30 and 0.70, sum=1.04 >= 0.97
[Ticker] KXSOL15M-26APR030730-30
[Market] YES=0.75 | NO=0.29 | Sum=1.04
==================================================
Balance: $156.72 | Regime: CHOP | Session: 0W/0L (0%) | PnL: $+0.00
[Confidence] Score=3/10 | moderate_edge,coinbase_weak,peak_hour
[Timing] Window 7 min old — skipping
[Cycle] No signal — YES=0.75 is between 0.30 and 0.70, sum=1.04 >= 0.97
[Ticker] KXSOL15M-26APR030730-30
[Market] YES=0.89 | NO=0.13 | Sum=1.02
==================================================
Balance: $156.72 | Regime: CHOP | Session: 0W/0L (0%) | PnL: $+0.00
[Confidence] Score=4/10 | strong_edge,coinbase_weak,peak_hour
[Timing] Window 8 min old — skipping
[Cycle] No signal — YES=0.89 is between 0.30 and 0.70, sum=1.02 >= 0.97
[Ticker] KXSOL15M-26APR030730-30
[Market] YES=0.87 | NO=0.17 | Sum=1.04
==================================================
Balance: $156.72 | Regime: CHOP | Session: 0W/0L (0%) | PnL: $+0.00
[Confidence] Score=4/10 | strong_edge,coinbase_weak,peak_hour
[Timing] Window 9 min old — skipping
[Cycle] No signal — YES=0.87 is between 0.30 and 0.70, sum=1.04 >= 0.97
[Ticker] KXSOL15M-26APR030730-30
[Market] YES=0.83 | NO=0.18 | Sum=1.01
==================================================
Balance: $156.72 | Regime: CHOP | Session: 0W/0L (0%) | PnL: $+0.00
[Confidence] Score=4/10 | strong_edge,coinbase_weak,peak_hour
[Timing] Window 10 min old — skipping
[Cycle] No signal — YES=0.83 is between 0.30 and 0.70, sum=1.01 >= 0.97
[Ticker] KXSOL15M-26APR030730-30
[Market] YES=0.92 | NO=0.11 | Sum=1.03
==================================================
Balance: $156.72 | Regime: CHOP | Session: 0W/0L (0%) | PnL: $+0.00
[Confidence] Score=4/10 | strong_edge,coinbase_weak,peak_hour
[Timing] Window 11 min old — skipping
[Cycle] No signal — YES=0.92 is between 0.30 and 0.70, sum=1.03 >= 0.97
[Ticker] KXSOL15M-26APR030730-30
[Market] YES=0.90 | NO=0.12 | Sum=1.02
==================================================
Balance: $156.72 | Regime: CHOP | Session: 0W/0L (0%) | PnL: $+0.00
[Confidence] Score=4/10 | strong_edge,coinbase_weak,peak_hour
[Timing] Window 12 min old — skipping
[Cycle] No signal — YES=0.90 is between 0.30 and 0.70, sum=1.02 >= 0.97
[Ticker] KXSOL15M-26APR030730-30
[Market] YES=0.98 | NO=0.03 | Sum=1.01
==================================================
Balance: $156.72 | Regime: CHOP | Session: 0W/0L (0%) | PnL: $+0.00
[Confidence] Score=5/10 | extreme_edge,coinbase_weak,peak_hour
[Timing] Window 13 min old — skipping
[Cycle] No signal — YES=0.98 is between 0.30 and 0.70, sum=1.01 >= 0.97
[Ticker] KXSOL15M-26APR030730-30
[Market] YES=1.00 | NO=0.00 | Sum=1.00
==================================================
Balance: $156.72 | Regime: CHOP | Session: 0W/0L (0%) | PnL: $+0.00
[Confidence] Score=5/10 | extreme_edge,coinbase_weak,peak_hour
[Timing] Window 14 min old — skipping
[Cycle] No signal — YES=1.00 is between 0.30 and 0.70, sum=1.00 >= 0.97
[Ticker] KXSOL15M-26APR030745-45
[Market] YES=0.43 | NO=0.62 | Sum=1.05
==================================================
Balance: $156.72 | Regime: CHOP | Session: 0W/0L (0%) | PnL: $+0.00
[Cycle] No signal — YES=0.43 is between 0.30 and 0.70, sum=1.05 >= 0.97
[Ticker] KXSOL15M-26APR030745-45
[Market] YES=0.37 | NO=0.67 | Sum=1.04
==================================================
Balance: $156.72 | Regime: CHOP | Session: 0W/0L (0%) | PnL: $+0.00
[Cycle] No signal — YES=0.37 is between 0.30 and 0.70, sum=1.04 >= 0.97
[Ticker] KXSOL15M-26APR030745-45
[Market] YES=0.36 | NO=0.69 | Sum=1.05
==================================================
Balance: $156.72 | Regime: CHOP | Session: 0W/0L (0%) | PnL: $+0.00
[Cycle] No signal — YES=0.36 is between 0.30 and 0.70, sum=1.05 >= 0.97
[Ticker] KXSOL15M-26APR030745-45
[Market] YES=0.37 | NO=0.66 | Sum=1.03
==================================================
Balance: $156.72 | Regime: CHOP | Session: 0W/0L (0%) | PnL: $+0.00
[Cycle] No signal — YES=0.37 is between 0.30 and 0.70, sum=1.03 >= 0.97
[Ticker] KXSOL15M-26APR030745-45
[Market] YES=0.32 | NO=0.72 | Sum=1.04
==================================================
Balance: $156.72 | Regime: CHOP | Session: 0W/0L (0%) | PnL: $+0.00
[Cycle] No signal — YES=0.32 is between 0.30 and 0.70, sum=1.04 >= 0.97
[Ticker] KXSOL15M-26APR030745-45
[Market] YES=0.44 | NO=0.60 | Sum=1.04
==================================================
Balance: $156.72 | Regime: CHOP | Session: 0W/0L (0%) | PnL: $+0.00
[Cycle] No signal — YES=0.44 is between 0.30 and 0.70, sum=1.04 >= 0.97
[Ticker] KXSOL15M-26APR030745-45
[Market] YES=0.44 | NO=0.61 | Sum=1.05
==================================================
Balance: $156.72 | Regime: CHOP | Session: 0W/0L (0%) | PnL: $+0.00
[Cycle] No signal — YES=0.44 is between 0.30 and 0.70, sum=1.05 >= 0.97
[Ticker] KXSOL15M-26APR030745-45
[Market] YES=0.40 | NO=0.64 | Sum=1.04
==================================================
Balance: $156.72 | Regime: CHOP | Session: 0W/0L (0%) | PnL: $+0.00
[Cycle] No signal — YES=0.40 is between 0.30 and 0.70, sum=1.04 >= 0.97
[Ticker] KXSOL15M-26APR030745-45
[Market] YES=0.34 | NO=0.70 | Sum=1.04
==================================================
Balance: $156.72 | Regime: CHOP | Session: 0W/0L (0%) | PnL: $+0.00
[Cycle] No signal — YES=0.34 is between 0.30 and 0.70, sum=1.04 >= 0.97
[Ticker] KXSOL15M-26APR030745-45
[Market] YES=0.28 | NO=0.76 | Sum=1.04
==================================================
Balance: $156.72 | Regime: CHOP | Session: 0W/0L (0%) | PnL: $+0.00
[Confidence] Score=5/10 | moderate_edge,coinbase_weak,all3_agree,peak_hour
[Timing] Window 9 min old — skipping
[Cycle] No signal — YES=0.28 is between 0.30 and 0.70, sum=1.04 >= 0.97
[Ticker] KXSOL15M-26APR030745-45
[Market] YES=0.47 | NO=0.58 | Sum=1.05
==================================================
Balance: $156.72 | Regime: CHOP | Session: 0W/0L (0%) | PnL: $+0.00
[Cycle] No signal — YES=0.47 is between 0.30 and 0.70, sum=1.05 >= 0.97
[Ticker] KXSOL15M-26APR030745-45
[Market] YES=0.25 | NO=0.78 | Sum=1.03
==================================================
Balance: $156.72 | Regime: CHOP | Session: 0W/0L (0%) | PnL: $+0.00
[Confidence] Score=5/10 | moderate_edge,coinbase_weak,all3_agree,peak_hour
[Timing] Window 11 min old — skipping
[Cycle] No signal — YES=0.25 is between 0.30 and 0.70, sum=1.03 >= 0.97
[Ticker] KXSOL15M-26APR030745-45
[Market] YES=0.20 | NO=0.82 | Sum=1.02
==================================================
Balance: $156.72 | Regime: CHOP | Session: 0W/0L (0%) | PnL: $+0.00
[Confidence] Score=6/10 | strong_edge,coinbase_weak,all3_agree,peak_hour
[Timing] Window 12 min old — skipping
[Cycle] No signal — YES=0.20 is between 0.30 and 0.70, sum=1.02 >= 0.97
[Ticker] KXSOL15M-26APR030745-45
[Market] YES=0.21 | NO=0.82 | Sum=1.03
==================================================
Balance: $156.72 | Regime: CHOP | Session: 0W/0L (0%) | PnL: $+0.00
[Confidence] Score=5/10 | moderate_edge,coinbase_weak,all3_agree,peak_hour
[Timing] Window 13 min old — skipping
[Cycle] No signal — YES=0.21 is between 0.30 and 0.70, sum=1.03 >= 0.97
[Ticker] KXSOL15M-26APR030745-45
[Market] YES=0.45 | NO=0.98 | Sum=1.43
==================================================
Balance: $156.72 | Regime: CHOP | Session: 0W/0L (0%) | PnL: $+0.00
[Cycle] No signal — YES=0.45 is between 0.30 and 0.70, sum=1.43 >= 0.97
[Ticker] KXSOL15M-26APR030800-00
[Market] YES=0.51 | NO=0.72 | Sum=1.23
==================================================
Balance: $156.73 | Regime: CHOP | Session: 0W/0L (0%) | PnL: $+0.00
[Cycle] No signal — YES=0.51 is between 0.30 and 0.70, sum=1.23 >= 0.97
[Ticker] KXSOL15M-26APR030800-00
[Market] YES=0.53 | NO=0.52 | Sum=1.05
==================================================
Balance: $156.73 | Regime: CHOP | Session: 0W/0L (0%) | PnL: $+0.00
[Cycle] No signal — YES=0.53 is between 0.30 and 0.70, sum=1.05 >= 0.97
[Ticker] KXSOL15M-26APR030800-00
[Market] YES=0.51 | NO=0.53 | Sum=1.04
==================================================
Balance: $156.73 | Regime: CHOP | Session: 0W/0L (0%) | PnL: $+0.00
[Cycle] No signal — YES=0.51 is between 0.30 and 0.70, sum=1.04 >= 0.97
[Ticker] KXSOL15M-26APR030800-00
[Market] YES=0.52 | NO=0.53 | Sum=1.05
==================================================
Balance: $156.73 | Regime: CHOP | Session: 0W/0L (0%) | PnL: $+0.00
[Cycle] No signal — YES=0.52 is between 0.30 and 0.70, sum=1.05 >= 0.97
[Ticker] KXSOL15M-26APR030800-00
[Market] YES=0.45 | NO=0.60 | Sum=1.05
==================================================
Balance: $156.73 | Regime: CHOP | Session: 0W/0L (0%) | PnL: $+0.00
[Cycle] No signal — YES=0.45 is between 0.30 and 0.70, sum=1.05 >= 0.97
[Ticker] KXSOL15M-26APR030800-00
[Market] YES=0.25 | NO=0.79 | Sum=1.04
==================================================
Balance: $156.73 | Regime: CHOP | Session: 0W/0L (0%) | PnL: $+0.00
[Confidence] Score=4/10 | moderate_edge,coinbase_weak,2of3_agree,peak_hour
[Timing] Window 5 min old — skipping
[Cycle] No signal — YES=0.25 is between 0.30 and 0.70, sum=1.04 >= 0.97
[Ticker] KXSOL15M-26APR030800-00
[Market] YES=0.21 | NO=0.83 | Sum=1.04
==================================================
Balance: $156.73 | Regime: CHOP | Session: 0W/0L (0%) | PnL: $+0.00
[Confidence] Score=4/10 | moderate_edge,coinbase_weak,2of3_agree,peak_hour
[Timing] Window 6 min old — skipping
[Cycle] No signal — YES=0.21 is between 0.30 and 0.70, sum=1.04 >= 0.97
[Ticker] KXSOL15M-26APR030800-00
[Market] YES=0.22 | NO=0.82 | Sum=1.04
==================================================
Balance: $156.74 | Regime: CHOP | Session: 0W/0L (0%) | PnL: $+0.00
[Confidence] Score=4/10 | moderate_edge,coinbase_weak,2of3_agree,peak_hour
[Timing] Window 7 min old — skipping
[Cycle] No signal — YES=0.22 is between 0.30 and 0.70, sum=1.04 >= 0.97
[Ticker] KXSOL15M-26APR030800-00
[Market] YES=0.13 | NO=0.90 | Sum=1.03
==================================================
Balance: $156.78 | Regime: CHOP | Session: 0W/0L (0%) | PnL: $+0.00
[Confidence] Score=6/10 | strong_edge,coinbase_weak,all3_agree,peak_hour
[Timing] Window 8 min old — skipping
[Cycle] No signal — YES=0.13 is between 0.30 and 0.70, sum=1.03 >= 0.97
[Ticker] KXSOL15M-26APR030800-00
[Market] YES=0.14 | NO=0.90 | Sum=1.04
==================================================
Balance: $156.78 | Regime: CHOP | Session: 0W/0L (0%) | PnL: $+0.00
[Confidence] Score=6/10 | strong_edge,coinbase_weak,all3_agree,peak_hour
[Timing] Window 9 min old — skipping
[Cycle] No signal — YES=0.14 is between 0.30 and 0.70, sum=1.04 >= 0.97
[Ticker] KXSOL15M-26APR030800-00
[Market] YES=0.07 | NO=0.96 | Sum=1.03
==================================================
Balance: $156.78 | Regime: CHOP | Session: 0W/0L (0%) | PnL: $+0.00
[Confidence] Score=5/10 | strong_edge,coinbase_weak,2of3_agree,peak_hour
[Timing] Window 10 min old — skipping
[Cycle] No signal — YES=0.07 is between 0.30 and 0.70, sum=1.03 >= 0.97
[Ticker] KXSOL15M-26APR030800-00
[Market] YES=0.38 | NO=0.65 | Sum=1.03
==================================================
Balance: $156.78 | Regime: CHOP | Session: 0W/0L (0%) | PnL: $+0.00
[Cycle] No signal — YES=0.38 is between 0.30 and 0.70, sum=1.03 >= 0.97
[Ticker] KXSOL15M-26APR030800-00
[Market] YES=0.51 | NO=0.54 | Sum=1.05
==================================================
Balance: $156.78 | Regime: CHOP | Session: 0W/0L (0%) | PnL: $+0.00
[Cycle] No signal — YES=0.51 is between 0.30 and 0.70, sum=1.05 >= 0.97
[Ticker] KXSOL15M-26APR030800-00
[Market] YES=0.91 | NO=0.13 | Sum=1.04
==================================================
Balance: $156.78 | Regime: CHOP | Session: 0W/0L (0%) | PnL: $+0.00
[Confidence] Score=4/10 | strong_edge,coinbase_weak,peak_hour
[Timing] Window 13 min old — skipping
[Cycle] No signal — YES=0.91 is between 0.30 and 0.70, sum=1.04 >= 0.97
[Ticker] KXSOL15M-26APR030800-00
[Market] YES=0.98 | NO=0.03 | Sum=1.01
==================================================
Balance: $156.78 | Regime: CHOP | Session: 0W/0L (0%) | PnL: $+0.00
[Confidence] Score=5/10 | extreme_edge,coinbase_weak,peak_hour
[Timing] Window 14 min old — skipping
[Cycle] No signal — YES=0.98 is between 0.30 and 0.70, sum=1.01 >= 0.97
[Ticker] KXSOL15M-26APR030815-15
[Market] YES=0.55 | NO=0.49 | Sum=1.04
==================================================
Balance: $156.78 | Regime: CHOP | Session: 0W/0L (0%) | PnL: $+0.00
[Cycle] No signal — YES=0.55 is between 0.30 and 0.70, sum=1.04 >= 0.97
[Ticker] KXSOL15M-26APR030815-15
[Market] YES=0.65 | NO=0.37 | Sum=1.02
==================================================
Balance: $156.78 | Regime: CHOP | Session: 0W/0L (0%) | PnL: $+0.00
[Cycle] No signal — YES=0.65 is between 0.30 and 0.70, sum=1.02 >= 0.97
[Ticker] KXSOL15M-26APR030815-15
[Market] YES=0.70 | NO=0.31 | Sum=1.01
==================================================
Balance: $156.78 | Regime: CHOP | Session: 0W/0L (0%) | PnL: $+0.00
[Cycle] No signal — YES=0.70 is between 0.30 and 0.70, sum=1.01 >= 0.97
[Ticker] KXSOL15M-26APR030815-15
[Market] YES=0.69 | NO=0.35 | Sum=1.04
==================================================
Balance: $156.78 | Regime: CHOP | Session: 0W/0L (0%) | PnL: $+0.00
[Cycle] No signal — YES=0.69 is between 0.30 and 0.70, sum=1.04 >= 0.97
[Ticker] KXSOL15M-26APR030815-15
[Market] YES=0.66 | NO=0.39 | Sum=1.05
==================================================
Balance: $156.78 | Regime: CHOP | Session: 0W/0L (0%) | PnL: $+0.00
[Cycle] No signal — YES=0.66 is between 0.30 and 0.70, sum=1.05 >= 0.97
[Ticker] KXSOL15M-26APR030815-15
[Market] YES=0.57 | NO=0.47 | Sum=1.04
==================================================
Balance: $156.78 | Regime: CHOP | Session: 0W/0L (0%) | PnL: $+0.00
[Cycle] No signal — YES=0.57 is between 0.30 and 0.70, sum=1.04 >= 0.97
[Ticker] KXSOL15M-26APR030815-15
[Market] YES=0.54 | NO=0.47 | Sum=1.01
==================================================
Balance: $156.78 | Regime: CHOP | Session: 0W/0L (0%) | PnL: $+0.00
[Cycle] No signal — YES=0.54 is between 0.30 and 0.70, sum=1.01 >= 0.97
[Ticker] KXSOL15M-26APR030815-15
[Market] YES=0.70 | NO=0.34 | Sum=1.04
==================================================
Balance: $156.78 | Regime: CHOP | Session: 0W/0L (0%) | PnL: $+0.00
[Cycle] No signal — YES=0.70 is between 0.30 and 0.70, sum=1.04 >= 0.97
[Ticker] KXSOL15M-26APR030815-15
[Market] YES=0.56 | NO=0.49 | Sum=1.05
==================================================
Balance: $156.78 | Regime: CHOP | Session: 0W/0L (0%) | PnL: $+0.00
[Cycle] No signal — YES=0.56 is between 0.30 and 0.70, sum=1.05 >= 0.97
[Ticker] KXSOL15M-26APR030815-15
[Market] YES=0.62 | NO=0.41 | Sum=1.03
==================================================
Balance: $156.78 | Regime: CHOP | Session: 0W/0L (0%) | PnL: $+0.00
[Cycle] No signal — YES=0.62 is between 0.30 and 0.70, sum=1.03 >= 0.97
[Ticker] KXSOL15M-26APR030815-15
[Market] YES=0.24 | NO=0.80 | Sum=1.04
==================================================
Balance: $156.78 | Regime: CHOP | Session: 0W/0L (0%) | PnL: $+0.00
[Confidence] Score=4/10 | moderate_edge,coinbase_weak,all3_agree
[Timing] Window 10 min old — skipping
[Cycle] No signal — YES=0.24 is between 0.30 and 0.70, sum=1.04 >= 0.97
[Ticker] KXSOL15M-26APR030815-15
[Market] YES=0.12 | NO=0.90 | Sum=1.02
==================================================
Balance: $156.78 | Regime: CHOP | Session: 0W/0L (0%) | PnL: $+0.00
[Confidence] Score=4/10 | strong_edge,coinbase_weak,2of3_agree
[Timing] Window 11 min old — skipping
[Cycle] No signal — YES=0.12 is between 0.30 and 0.70, sum=1.02 >= 0.97
[Ticker] KXSOL15M-26APR030815-15
[Market] YES=0.11 | NO=0.92 | Sum=1.03
==================================================
Balance: $156.78 | Regime: CHOP | Session: 0W/0L (0%) | PnL: $+0.00
[Confidence] Score=5/10 | strong_edge,coinbase_weak,all3_agree
[Timing] Window 12 min old — skipping
[Cycle] No signal — YES=0.11 is between 0.30 and 0.70, sum=1.03 >= 0.97
[Ticker] KXSOL15M-26APR030815-15
[Market] YES=0.10 | NO=0.91 | Sum=1.01
==================================================
Balance: $156.78 | Regime: CHOP | Session: 0W/0L (0%) | PnL: $+0.00
[Confidence] Score=5/10 | strong_edge,coinbase_weak,all3_agree
[Timing] Window 13 min old — skipping
[Cycle] No signal — YES=0.10 is between 0.30 and 0.70, sum=1.01 >= 0.97
[Ticker] KXSOL15M-26APR030815-15
[Market] YES=0.01 | NO=1.00 | Sum=1.00
==================================================
Balance: $156.78 | Regime: CHOP | Session: 0W/0L (0%) | PnL: $+0.00
[Confidence] Score=6/10 | extreme_edge,coinbase_weak,all3_agree
[Timing] Window 14 min old — skipping
[Cycle] No signal — YES=0.01 is between 0.30 and 0.70, sum=1.00 >= 0.97
[Ticker] KXSOL15M-26APR030830-30
[Market] YES=0.60 | NO=0.44 | Sum=1.04
==================================================
Balance: $156.78 | Regime: CHOP | Session: 0W/0L (0%) | PnL: $+0.00
[Cycle] No signal — YES=0.60 is between 0.30 and 0.70, sum=1.04 >= 0.97
[Ticker] KXSOL15M-26APR030830-30
[Market] YES=0.42 | NO=0.62 | Sum=1.04
==================================================
Balance: $156.78 | Regime: CHOP | Session: 0W/0L (0%) | PnL: $+0.00
[Cycle] No signal — YES=0.42 is between 0.30 and 0.70, sum=1.04 >= 0.97
[Ticker] KXSOL15M-26APR030830-30
[Market] YES=0.36 | NO=0.68 | Sum=1.04
==================================================
Balance: $156.78 | Regime: CHOP | Session: 0W/0L (0%) | PnL: $+0.00
[Cycle] No signal — YES=0.36 is between 0.30 and 0.70, sum=1.04 >= 0.97
[Ticker] KXSOL15M-26APR030830-30
[Market] YES=0.33 | NO=0.70 | Sum=1.03
==================================================
Balance: $156.78 | Regime: CHOP | Session: 0W/0L (0%) | PnL: $+0.00
[Cycle] No signal — YES=0.33 is between 0.30 and 0.70, sum=1.03 >= 0.97
[Ticker] KXSOL15M-26APR030830-30
[Market] YES=0.41 | NO=0.62 | Sum=1.03
==================================================
Balance: $156.78 | Regime: CHOP | Session: 0W/0L (0%) | PnL: $+0.00
[Cycle] No signal — YES=0.41 is between 0.30 and 0.70, sum=1.03 >= 0.97
[Ticker] KXSOL15M-26APR030830-30
[Market] YES=0.46 | NO=0.59 | Sum=1.05
==================================================
Balance: $156.78 | Regime: CHOP | Session: 0W/0L (0%) | PnL: $+0.00
[Cycle] No signal — YES=0.46 is between 0.30 and 0.70, sum=1.05 >= 0.97
[Ticker] KXSOL15M-26APR030830-30
[Market] YES=0.48 | NO=0.55 | Sum=1.03
==================================================
Balance: $156.78 | Regime: CHOP | Session: 0W/0L (0%) | PnL: $+0.00
[Cycle] No signal — YES=0.48 is between 0.30 and 0.70, sum=1.03 >= 0.97
[Ticker] KXSOL15M-26APR030830-30
[Market] YES=0.53 | NO=0.49 | Sum=1.02
==================================================
Balance: $156.78 | Regime: CHOP | Session: 0W/0L (0%) | PnL: $+0.00
[Cycle] No signal — YES=0.53 is between 0.30 and 0.70, sum=1.02 >= 0.97
[Ticker] KXSOL15M-26APR030830-30
[Market] YES=0.32 | NO=0.69 | Sum=1.01
==================================================
Balance: $156.78 | Regime: CHOP | Session: 0W/0L (0%) | PnL: $+0.00
[Cycle] No signal — YES=0.32 is between 0.30 and 0.70, sum=1.01 >= 0.97
[Ticker] KXSOL15M-26APR030830-30
[Market] YES=0.32 | NO=0.72 | Sum=1.04
==================================================
Balance: $156.78 | Regime: CHOP | Session: 0W/0L (0%) | PnL: $+0.00
[Cycle] No signal — YES=0.32 is between 0.30 and 0.70, sum=1.04 >= 0.97
[Ticker] KXSOL15M-26APR030830-30
[Market] YES=0.58 | NO=0.43 | Sum=1.01
==================================================
Balance: $156.78 | Regime: CHOP | Session: 0W/0L (0%) | PnL: $+0.00
[Cycle] No signal — YES=0.58 is between 0.30 and 0.70, sum=1.01 >= 0.97
[Ticker] KXSOL15M-26APR030830-30
[Market] YES=0.69 | NO=0.34 | Sum=1.03
==================================================
Balance: $156.78 | Regime: CHOP | Session: 0W/0L (0%) | PnL: $+0.00
[Cycle] No signal — YES=0.69 is between 0.30 and 0.70, sum=1.03 >= 0.97
[Ticker] KXSOL15M-26APR030830-30
[Market] YES=0.81 | NO=0.23 | Sum=1.04
==================================================
Balance: $156.78 | Regime: CHOP | Session: 0W/0L (0%) | PnL: $+0.00
[Confidence] Score=3/10 | strong_edge,coinbase_weak
[Timing] Window 12 min old — skipping
[Cycle] No signal — YES=0.81 is between 0.30 and 0.70, sum=1.04 >= 0.97
[Ticker] KXSOL15M-26APR030830-30
[Market] YES=0.99 | NO=0.02 | Sum=1.01
==================================================
Balance: $156.78 | Regime: CHOP | Session: 0W/0L (0%) | PnL: $+0.00
[Confidence] Score=5/10 | extreme_edge,coinbase_weak,2of3_agree
[Timing] Window 13 min old — skipping
[Cycle] No signal — YES=0.99 is between 0.30 and 0.70, sum=1.01 >= 0.97
[Ticker] KXSOL15M-26APR030830-30
[Market] YES=1.00 | NO=0.01 | Sum=1.00
==================================================
Balance: $156.78 | Regime: CHOP | Session: 0W/0L (0%) | PnL: $+0.00
[Confidence] Score=4/10 | extreme_edge,coinbase_weak
[Timing] Window 14 min old — skipping
[Cycle] No signal — YES=1.00 is between 0.30 and 0.70, sum=1.00 >= 0.97
[Ticker] KXSOL15M-26APR030845-45
[Market] YES=0.66 | NO=0.58 | Sum=1.24
==================================================
Balance: $156.78 | Regime: CHOP | Session: 0W/0L (0%) | PnL: $+0.00
[Cycle] No signal — YES=0.66 is between 0.30 and 0.70, sum=1.24 >= 0.97
[Ticker] KXSOL15M-26APR030845-45
[Market] YES=0.21 | NO=0.83 | Sum=1.04
==================================================
Balance: $156.71 | Regime: CHOP | Session: 0W/0L (0%) | PnL: $+0.00
[Confidence] Score=4/10 | moderate_edge,coinbase_weak,all3_agree
[Signal] DOWN candidate | yes=0.21 | waiting (1/2)
[Cycle] No signal — YES=0.21 is between 0.30 and 0.70, sum=1.04 >= 0.97
[Ticker] KXSOL15M-26APR030845-45
[Market] YES=0.23 | NO=0.80 | Sum=1.03
==================================================
Balance: $156.35 | Regime: CHOP | Session: 0W/0L (0%) | PnL: $+0.00
[Confidence] Score=3/10 | moderate_edge,coinbase_weak,2of3_agree
[Coinbase] Confirms DOWN | $80 gap=-0 (0.34%)
[Correlation] All 3 agree — bet boosted
[Signal] CONFIRMED DOWN | yes=0.23 | edge=0.27 | bet=$3.12
[Order] KXSOL15M-26APR030845-45 | no | count=6 | $3.12
[Order] status=resting remaining=-1 filled=False
[Order] Not filled: order=Order(order_id='59a61366-ad2e-4b3a-8357-fca84f15263f', client_order_id='', ticker='KXSOL15M-26APR030845-45', side='no', action='buy', type='limit', status='resting', yes_price=None, no_price=None, count=None, remaining_count=None, expiration_time=None, created_time=datetime.datetime(2026, 4, 3, 12, 32, 39, 243196, tzinfo=TzInfo(0)), updated_time=None)
[Cycle] No signal — YES=0.23 is between 0.30 and 0.70, sum=1.03 >= 0.97
[Cooldown] 2 cycles remaining
[Cooldown] 1 cycles remaining
[Ticker] KXSOL15M-26APR030845-45
[Market] YES=0.16 | NO=0.87 | Sum=1.03
==================================================
Balance: $156.89 | Regime: CHOP | Session: 0W/0L (0%) | PnL: $+0.00
[Confidence] Score=5/10 | strong_edge,coinbase_weak,all3_agree
[Timing] Window 5 min old — skipping
[Cycle] No signal — YES=0.16 is between 0.30 and 0.70, sum=1.03 >= 0.97
[Ticker] KXSOL15M-26APR030845-45
[Market] YES=0.09 | NO=0.94 | Sum=1.03
==================================================
Balance: $157.98 | Regime: CHOP | Session: 0W/0L (0%) | PnL: $+0.00
[Confidence] Score=5/10 | strong_edge,coinbase_weak,all3_agree
[Timing] Window 6 min old — skipping
[Cycle] No signal — YES=0.09 is between 0.30 and 0.70, sum=1.03 >= 0.97
[Ticker] KXSOL15M-26APR030845-45
[Market] YES=0.04 | NO=0.96 | Sum=1.00
==================================================
Balance: $158.49 | Regime: CHOP | Session: 0W/0L (0%) | PnL: $+0.00
[Confidence] Score=7/10 | extreme_edge,coinbase_strong,all3_agree
[Timing] Window 7 min old — skipping
[Cycle] No signal — YES=0.04 is between 0.30 and 0.70, sum=1.00 >= 0.97
[Ticker] KXSOL15M-26APR030845-45
[Market] YES=0.05 | NO=0.97 | Sum=1.01
==================================================
Balance: $158.51 | Regime: CHOP | Session: 0W/0L (0%) | PnL: $+0.00
[Confidence] Score=6/10 | extreme_edge,coinbase_weak,all3_agree
[Timing] Window 8 min old — skipping
[Cycle] No signal — YES=0.05 is between 0.30 and 0.70, sum=1.01 >= 0.97
[Ticker] KXSOL15M-26APR030845-45
[Market] YES=0.03 | NO=0.98 | Sum=1.01
==================================================
Balance: $158.70 | Regime: CHOP | Session: 0W/0L (0%) | PnL: $+0.00
[Confidence] Score=6/10 | extreme_edge,coinbase_strong,2of3_agree
[Timing] Window 9 min old — skipping
[Cycle] No signal — YES=0.03 is between 0.30 and 0.70, sum=1.01 >= 0.97
[Ticker] KXSOL15M-26APR030845-45
[Market] YES=0.03 | NO=0.98 | Sum=1.01
==================================================
Balance: $158.79 | Regime: CHOP | Session: 0W/0L (0%) | PnL: $+0.00
[Confidence] Score=7/10 | extreme_edge,coinbase_strong,all3_agree
[Timing] Window 10 min old — skipping
[Cycle] No signal — YES=0.03 is between 0.30 and 0.70, sum=1.01 >= 0.97
[Ticker] KXSOL15M-26APR030845-45
[Market] YES=0.00 | NO=1.00 | Sum=1.00
==================================================
Balance: $158.93 | Regime: CHOP | Session: 0W/0L (0%) | PnL: $+0.00
[Confidence] Score=6/10 | extreme_edge,coinbase_strong,2of3_agree
[Timing] Window 11 min old — skipping
[Cycle] No signal — YES=0.00 is between 0.30 and 0.70, sum=1.00 >= 0.97
[Ticker] KXSOL15M-26APR030845-45
[Market] YES=0.00 | NO=1.00 | Sum=1.00
==================================================
Balance: $158.97 | Regime: CHOP | Session: 0W/0L (0%) | PnL: $+0.00
[Confidence] Score=7/10 | extreme_edge,coinbase_strong,all3_agree
[Timing] Window 12 min old — skipping
[Cycle] No signal — YES=0.00 is between 0.30 and 0.70, sum=1.00 >= 0.97
[Ticker] KXSOL15M-26APR030845-45
[Market] YES=0.00 | NO=1.00 | Sum=1.00
==================================================
Balance: $158.96 | Regime: CHOP | Session: 0W/0L (0%) | PnL: $+0.00
[Confidence] Score=5/10 | extreme_edge,coinbase_weak,2of3_agree
[Timing] Window 13 min old — skipping
[Cycle] No signal — YES=0.00 is between 0.30 and 0.70, sum=1.00 >= 0.97
[Ticker] KXSOL15M-26APR030845-45
[Market] YES=0.00 | NO=1.00 | Sum=1.00
==================================================
Balance: $158.97 | Regime: CHOP | Session: 0W/0L (0%) | PnL: $+0.00
[Confidence] Score=7/10 | extreme_edge,coinbase_strong,all3_agree
[Timing] Window 14 min old — skipping
[Cycle] No signal — YES=0.00 is between 0.30 and 0.70, sum=1.00 >= 0.97
[Ticker] KXSOL15M-26APR030900-00
[Market] YES=0.67 | NO=0.40 | Sum=1.07
==================================================
Balance: $158.99 | Regime: CHOP | Session: 0W/0L (0%) | PnL: $+0.00
[Cycle] No signal — YES=0.67 is between 0.30 and 0.70, sum=1.07 >= 0.97
[Ticker] KXSOL15M-26APR030900-00
[Market] YES=0.65 | NO=0.39 | Sum=1.04
==================================================
Balance: $158.99 | Regime: CHOP | Session: 0W/0L (0%) | PnL: $+0.00
[Cycle] No signal — YES=0.65 is between 0.30 and 0.70, sum=1.04 >= 0.97
[Ticker] KXSOL15M-26APR030900-00
[Market] YES=0.57 | NO=0.47 | Sum=1.04
==================================================
Balance: $158.99 | Regime: CHOP | Session: 0W/0L (0%) | PnL: $+0.00
[Cycle] No signal — YES=0.57 is between 0.30 and 0.70, sum=1.04 >= 0.97
[Ticker] KXSOL15M-26APR030900-00
[Market] YES=0.56 | NO=0.48 | Sum=1.04
==================================================
Balance: $158.99 | Regime: CHOP | Session: 0W/0L (0%) | PnL: $+0.00
[Cycle] No signal — YES=0.56 is between 0.30 and 0.70, sum=1.04 >= 0.97
[Ticker] KXSOL15M-26APR030900-00
[Market] YES=0.26 | NO=0.78 | Sum=1.04
==================================================
Balance: $158.99 | Regime: CHOP | Session: 0W/0L (0%) | PnL: $+0.00
[Confidence] Score=4/10 | moderate_edge,coinbase_weak,all3_agree
[Signal] DOWN candidate | yes=0.26 | waiting (1/2)
[Cycle] No signal — YES=0.26 is between 0.30 and 0.70, sum=1.04 >= 0.97
[Ticker] KXSOL15M-26APR030900-00
[Market] YES=0.09 | NO=0.93 | Sum=1.02
==================================================
Balance: $158.99 | Regime: CHOP | Session: 0W/0L (0%) | PnL: $+0.00
[Confidence] Score=5/10 | strong_edge,coinbase_strong,2of3_agree
[Timing] Window 5 min old — skipping
[Cycle] No signal — YES=0.09 is between 0.30 and 0.70, sum=1.02 >= 0.97
[Ticker] KXSOL15M-26APR030900-00
[Market] YES=0.07 | NO=0.95 | Sum=1.02
==================================================
Balance: $158.99 | Regime: CHOP | Session: 0W/0L (0%) | PnL: $+0.00
[Confidence] Score=5/10 | strong_edge,coinbase_weak,all3_agree
[Timing] Window 6 min old — skipping
[Cycle] No signal — YES=0.07 is between 0.30 and 0.70, sum=1.02 >= 0.97
[Ticker] KXSOL15M-26APR030900-00
[Market] YES=0.04 | NO=0.97 | Sum=1.01
==================================================
Balance: $158.99 | Regime: CHOP | Session: 0W/0L (0%) | PnL: $+0.00
[Confidence] Score=7/10 | extreme_edge,coinbase_strong,all3_agree
[Timing] Window 7 min old — skipping
[Cycle] No signal — YES=0.04 is between 0.30 and 0.70, sum=1.01 >= 0.97
[Ticker] KXSOL15M-26APR030900-00
[Market] YES=0.04 | NO=0.98 | Sum=1.02
==================================================
Balance: $158.99 | Regime: CHOP | Session: 0W/0L (0%) | PnL: $+0.00
[Confidence] Score=6/10 | extreme_edge,coinbase_weak,all3_agree
[Timing] Window 8 min old — skipping
[Cycle] No signal — YES=0.04 is between 0.30 and 0.70, sum=1.02 >= 0.97
[Ticker] KXSOL15M-26APR030900-00
[Market] YES=0.04 | NO=0.98 | Sum=1.02
==================================================
Balance: $158.99 | Regime: CHOP | Session: 0W/0L (0%) | PnL: $+0.00
[Confidence] Score=6/10 | extreme_edge,coinbase_strong,2of3_agree
[Timing] Window 9 min old — skipping
[Cycle] No signal — YES=0.04 is between 0.30 and 0.70, sum=1.02 >= 0.97
[Ticker] KXSOL15M-26APR030900-00
[Market] YES=0.02 | NO=0.99 | Sum=1.01
==================================================
Balance: $158.99 | Regime: CHOP | Session: 0W/0L (0%) | PnL: $+0.00
[Confidence] Score=7/10 | extreme_edge,coinbase_strong,all3_agree
[Timing] Window 10 min old — skipping
[Cycle] No signal — YES=0.02 is between 0.30 and 0.70, sum=1.01 >= 0.97
[Ticker] KXSOL15M-26APR030900-00
[Market] YES=0.01 | NO=1.00 | Sum=1.01
==================================================
Balance: $158.99 | Regime: CHOP | Session: 0W/0L (0%) | PnL: $+0.00
[Confidence] Score=6/10 | extreme_edge,coinbase_strong,2of3_agree
[Timing] Window 11 min old — skipping
[Cycle] No signal — YES=0.01 is between 0.30 and 0.70, sum=1.01 >= 0.97
[Ticker] KXSOL15M-26APR030900-00
[Market] YES=0.00 | NO=1.00 | Sum=1.00
==================================================
Balance: $158.99 | Regime: CHOP | Session: 0W/0L (0%) | PnL: $+0.00
[Confidence] Score=7/10 | extreme_edge,coinbase_strong,all3_agree
[Timing] Window 12 min old — skipping
[Cycle] No signal — YES=0.00 is between 0.30 and 0.70, sum=1.00 >= 0.97
[Ticker] KXSOL15M-26APR030900-00
[Market] YES=0.00 | NO=1.00 | Sum=1.00
==================================================
Balance: $158.99 | Regime: CHOP | Session: 0W/0L (0%) | PnL: $+0.00
[Confidence] Score=7/10 | extreme_edge,coinbase_strong,all3_agree
[Timing] Window 13 min old — skipping
[Cycle] No signal — YES=0.00 is between 0.30 and 0.70, sum=1.00 >= 0.97
[Ticker] KXSOL15M-26APR030900-00
[Market] YES=0.00 | NO=1.00 | Sum=1.00
==================================================
Balance: $158.99 | Regime: CHOP | Session: 0W/0L (0%) | PnL: $+0.00
[Confidence] Score=7/10 | extreme_edge,coinbase_strong,all3_agree
[Timing] Window 14 min old — skipping
[Cycle] No signal — YES=0.00 is between 0.30 and 0.70, sum=1.00 >= 0.97
[Ticker] KXSOL15M-26APR030900-00
[Market] YES=1.00 | NO=1.00 | Sum=2.00
==================================================
Balance: $158.99 | Regime: CHOP | Session: 0W/0L (0%) | PnL: $+0.00
[Confidence] Score=3/10 | extreme_edge
[Timing] Window 0 min old — skipping
[Cycle] No signal — YES=1.00 is between 0.30 and 0.70, sum=2.00 >= 0.97
[Ticker] KXSOL15M-26APR030915-15
[Market] YES=0.44 | NO=0.60 | Sum=1.04
==================================================
Balance: $158.99 | Regime: CHOP | Session: 0W/0L (0%) | PnL: $+0.00
[Cycle] No signal — YES=0.44 is between 0.30 and 0.70, sum=1.04 >= 0.97
[Ticker] KXSOL15M-26APR030915-15
[Market] YES=0.43 | NO=0.60 | Sum=1.03
==================================================
Balance: $158.99 | Regime: CHOP | Session: 0W/0L (0%) | PnL: $+0.00
[Cycle] No signal — YES=0.43 is between 0.30 and 0.70, sum=1.03 >= 0.97
[Ticker] KXSOL15M-26APR030915-15
[Market] YES=0.50 | NO=0.55 | Sum=1.05
==================================================
Balance: $158.99 | Regime: CHOP | Session: 0W/0L (0%) | PnL: $+0.00
[Cycle] No signal — YES=0.50 is between 0.30 and 0.70, sum=1.05 >= 0.97
[Ticker] KXSOL15M-26APR030915-15
[Market] YES=0.37 | NO=0.67 | Sum=1.04
==================================================
Balance: $158.99 | Regime: CHOP | Session: 0W/0L (0%) | PnL: $+0.00
[Cycle] No signal — YES=0.37 is between 0.30 and 0.70, sum=1.04 >= 0.97
[Ticker] KXSOL15M-26APR030915-15
[Market] YES=0.45 | NO=0.59 | Sum=1.04
==================================================
Balance: $158.99 | Regime: CHOP | Session: 0W/0L (0%) | PnL: $+0.00
[Cycle] No signal — YES=0.45 is between 0.30 and 0.70, sum=1.04 >= 0.97
[Ticker] KXSOL15M-26APR030915-15
[Market] YES=0.51 | NO=0.54 | Sum=1.05
==================================================
Balance: $158.99 | Regime: CHOP | Session: 0W/0L (0%) | PnL: $+0.00
[Cycle] No signal — YES=0.51 is between 0.30 and 0.70, sum=1.05 >= 0.97
[Ticker] KXSOL15M-26APR030915-15
[Market] YES=0.32 | NO=0.72 | Sum=1.04
==================================================
Balance: $158.99 | Regime: CHOP | Session: 0W/0L (0%) | PnL: $+0.00
[Cycle] No signal — YES=0.32 is between 0.30 and 0.70, sum=1.04 >= 0.97
[Ticker] KXSOL15M-26APR030915-15
[Market] YES=0.51 | NO=0.51 | Sum=1.02
==================================================
Balance: $158.99 | Regime: CHOP | Session: 0W/0L (0%) | PnL: $+0.00
[Cycle] No signal — YES=0.51 is between 0.30 and 0.70, sum=1.02 >= 0.97
[Ticker] KXSOL15M-26APR030915-15
[Market] YES=0.29 | NO=0.75 | Sum=1.04
==================================================
Balance: $158.99 | Regime: CHOP | Session: 0W/0L (0%) | PnL: $+0.00
[Confidence] Score=4/10 | moderate_edge,coinbase_weak,all3_agree
[Timing] Window 9 min old — skipping
[Cycle] No signal — YES=0.29 is between 0.30 and 0.70, sum=1.04 >= 0.97
[Ticker] KXSOL15M-26APR030915-15
[Market] YES=0.25 | NO=0.77 | Sum=1.02
==================================================
Balance: $158.99 | Regime: CHOP | Session: 0W/0L (0%) | PnL: $+0.00
[Confidence] Score=4/10 | moderate_edge,coinbase_weak,all3_agree
[Timing] Window 10 min old — skipping
[Cycle] No signal — YES=0.25 is between 0.30 and 0.70, sum=1.02 >= 0.97
[Ticker] KXSOL15M-26APR030915-15
[Market] YES=0.22 | NO=0.81 | Sum=1.03
==================================================
Balance: $158.99 | Regime: CHOP | Session: 0W/0L (0%) | PnL: $+0.00
[Confidence] Score=4/10 | moderate_edge,coinbase_weak,all3_agree
[Timing] Window 11 min old — skipping
[Cycle] No signal — YES=0.22 is between 0.30 and 0.70, sum=1.03 >= 0.97
[Ticker] KXSOL15M-26APR030915-15
[Market] YES=0.23 | NO=0.80 | Sum=1.03
==================================================
Balance: $158.99 | Regime: CHOP | Session: 0W/0L (0%) | PnL: $+0.00
[Confidence] Score=4/10 | moderate_edge,coinbase_weak,all3_agree
[Timing] Window 12 min old — skipping
[Cycle] No signal — YES=0.23 is between 0.30 and 0.70, sum=1.03 >= 0.97
[Ticker] KXSOL15M-26APR030915-15
[Market] YES=0.25 | NO=0.79 | Sum=1.04
==================================================
Balance: $158.99 | Regime: CHOP | Session: 0W/0L (0%) | PnL: $+0.00
[Confidence] Score=4/10 | moderate_edge,coinbase_weak,all3_agree
[Timing] Window 13 min old — skipping
[Cycle] No signal — YES=0.25 is between 0.30 and 0.70, sum=1.04 >= 0.97
[Ticker] KXSOL15M-26APR030915-15
[Market] YES=0.02 | NO=1.00 | Sum=1.02
==================================================
Balance: $158.99 | Regime: CHOP | Session: 0W/0L (0%) | PnL: $+0.00
[Confidence] Score=6/10 | extreme_edge,coinbase_weak,all3_agree
[Timing] Window 14 min old — skipping
[Cycle] No signal — YES=0.02 is between 0.30 and 0.70, sum=1.02 >= 0.97
[Ticker] KXSOL15M-26APR030930-30
[Market] YES=0.56 | NO=0.46 | Sum=1.02
==================================================
Balance: $158.99 | Regime: CHOP | Session: 0W/0L (0%) | PnL: $+0.00
[Cycle] No signal — YES=0.56 is between 0.30 and 0.70, sum=1.02 >= 0.97
[Ticker] KXSOL15M-26APR030930-30
[Market] YES=0.50 | NO=0.55 | Sum=1.05
==================================================
Balance: $158.99 | Regime: CHOP | Session: 0W/0L (0%) | PnL: $+0.00
[Cycle] No signal — YES=0.50 is between 0.30 and 0.70, sum=1.05 >= 0.97
[Ticker] KXSOL15M-26APR030930-30
[Market] YES=0.43 | NO=0.62 | Sum=1.05
==================================================
Balance: $158.99 | Regime: CHOP | Session: 0W/0L (0%) | PnL: $+0.00
[Cycle] No signal — YES=0.43 is between 0.30 and 0.70, sum=1.05 >= 0.97
[Ticker] KXSOL15M-26APR030930-30
[Market] YES=0.40 | NO=0.64 | Sum=1.04
==================================================
Balance: $158.99 | Regime: CHOP | Session: 0W/0L (0%) | PnL: $+0.00
[Cycle] No signal — YES=0.40 is between 0.30 and 0.70, sum=1.04 >= 0.97
[Ticker] KXSOL15M-26APR030930-30
[Market] YES=0.49 | NO=0.56 | Sum=1.05
==================================================
Balance: $158.99 | Regime: CHOP | Session: 0W/0L (0%) | PnL: $+0.00
[Cycle] No signal — YES=0.49 is between 0.30 and 0.70, sum=1.05 >= 0.97
[Ticker] KXSOL15M-26APR030930-30
[Market] YES=0.45 | NO=0.60 | Sum=1.05
==================================================
Balance: $158.99 | Regime: CHOP | Session: 0W/0L (0%) | PnL: $+0.00
[Cycle] No signal — YES=0.45 is between 0.30 and 0.70, sum=1.05 >= 0.97
[Ticker] KXSOL15M-26APR030930-30
[Market] YES=0.65 | NO=0.36 | Sum=1.01
==================================================
Balance: $158.99 | Regime: CHOP | Session: 0W/0L (0%) | PnL: $+0.00
[Cycle] No signal — YES=0.65 is between 0.30 and 0.70, sum=1.01 >= 0.97
[Ticker] KXSOL15M-26APR030930-30
[Market] YES=0.66 | NO=0.38 | Sum=1.04
==================================================
Balance: $158.99 | Regime: CHOP | Session: 0W/0L (0%) | PnL: $+0.00
[Cycle] No signal — YES=0.66 is between 0.30 and 0.70, sum=1.04 >= 0.97
[Ticker] KXSOL15M-26APR030930-30
[Market] YES=0.76 | NO=0.26 | Sum=1.02
==================================================
Balance: $158.99 | Regime: CHOP | Session: 0W/0L (0%) | PnL: $+0.00
[Confidence] Score=2/10 | moderate_edge,coinbase_weak
[Timing] Window 8 min old — skipping
[Cycle] No signal — YES=0.76 is between 0.30 and 0.70, sum=1.02 >= 0.97
[Ticker] KXSOL15M-26APR030930-30
[Market] YES=0.79 | NO=0.25 | Sum=1.04
==================================================
Balance: $158.99 | Regime: CHOP | Session: 0W/0L (0%) | PnL: $+0.00
[Confidence] Score=2/10 | moderate_edge,coinbase_weak
[Timing] Window 9 min old — skipping
[Cycle] No signal — YES=0.79 is between 0.30 and 0.70, sum=1.04 >= 0.97
[Ticker] KXSOL15M-26APR030930-30
[Market] YES=0.80 | NO=0.22 | Sum=1.02
==================================================
Balance: $158.99 | Regime: CHOP | Session: 0W/0L (0%) | PnL: $+0.00
[Confidence] Score=3/10 | strong_edge,coinbase_weak
[Timing] Window 10 min old — skipping
[Cycle] No signal — YES=0.80 is between 0.30 and 0.70, sum=1.02 >= 0.97
[Ticker] KXSOL15M-26APR030930-30
[Market] YES=0.95 | NO=0.07 | Sum=1.02
==================================================
Balance: $158.99 | Regime: CHOP | Session: 0W/0L (0%) | PnL: $+0.00
[Confidence] Score=4/10 | strong_edge,coinbase_weak,2of3_agree
[Timing] Window 11 min old — skipping
[Cycle] No signal — YES=0.95 is between 0.30 and 0.70, sum=1.02 >= 0.97
[Ticker] KXSOL15M-26APR030930-30
[Market] YES=0.93 | NO=0.09 | Sum=1.02
==================================================
Balance: $158.99 | Regime: CHOP | Session: 0W/0L (0%) | PnL: $+0.00
[Confidence] Score=3/10 | strong_edge,coinbase_weak
[Timing] Window 12 min old — skipping
[Cycle] No signal — YES=0.93 is between 0.30 and 0.70, sum=1.02 >= 0.97
[Ticker] KXSOL15M-26APR030930-30
[Market] YES=0.99 | NO=0.01 | Sum=1.00
==================================================
Balance: $158.99 | Regime: CHOP | Session: 0W/0L (0%) | PnL: $+0.00
[Confidence] Score=4/10 | extreme_edge,coinbase_weak
[Timing] Window 13 min old — skipping
[Cycle] No signal — YES=0.99 is between 0.30 and 0.70, sum=1.00 >= 0.97
[Ticker] KXSOL15M-26APR030930-30
[Market] YES=1.00 | NO=0.00 | Sum=1.00
==================================================
Balance: $158.99 | Regime: CHOP | Session: 0W/0L (0%) | PnL: $+0.00
[Confidence] Score=4/10 | extreme_edge,coinbase_weak
[Timing] Window 14 min old — skipping
[Cycle] No signal — YES=1.00 is between 0.30 and 0.70, sum=1.00 >= 0.97
[Ticker] KXSOL15M-26APR030945-45
[Market] YES=0.62 | NO=0.43 | Sum=1.05
==================================================
Balance: $158.99 | Regime: CHOP | Session: 0W/0L (0%) | PnL: $+0.00
[Cycle] No signal — YES=0.62 is between 0.30 and 0.70, sum=1.05 >= 0.97
[Ticker] KXSOL15M-26APR030945-45
[Market] YES=0.55 | NO=0.49 | Sum=1.04
==================================================
Balance: $158.99 | Regime: CHOP | Session: 0W/0L (0%) | PnL: $+0.00
[Cycle] No signal — YES=0.55 is between 0.30 and 0.70, sum=1.04 >= 0.97
[Ticker] KXSOL15M-26APR030945-45
[Market] YES=0.54 | NO=0.50 | Sum=1.04
==================================================
Balance: $158.99 | Regime: CHOP | Session: 0W/0L (0%) | PnL: $+0.00
[Cycle] No signal — YES=0.54 is between 0.30 and 0.70, sum=1.04 >= 0.97
[Ticker] KXSOL15M-26APR030945-45
[Market] YES=0.45 | NO=0.57 | Sum=1.02
==================================================
Balance: $158.99 | Regime: CHOP | Session: 0W/0L (0%) | PnL: $+0.00
[Cycle] No signal — YES=0.45 is between 0.30 and 0.70, sum=1.02 >= 0.97
[Ticker] KXSOL15M-26APR030945-45
[Market] YES=0.47 | NO=0.57 | Sum=1.04
==================================================
Balance: $158.73 | Regime: CHOP | Session: 0W/0L (0%) | PnL: $+0.00
[Cycle] No signal — YES=0.47 is between 0.30 and 0.70, sum=1.04 >= 0.97
[Ticker] KXSOL15M-26APR030945-45
[Market] YES=0.62 | NO=0.43 | Sum=1.05
==================================================
Balance: $158.05 | Regime: CHOP | Session: 0W/0L (0%) | PnL: $+0.00
[Cycle] No signal — YES=0.62 is between 0.30 and 0.70, sum=1.05 >= 0.97
[Ticker] KXSOL15M-26APR030945-45
[Market] YES=0.66 | NO=0.39 | Sum=1.05
==================================================
Balance: $157.89 | Regime: CHOP | Session: 0W/0L (0%) | PnL: $+0.00
[Cycle] No signal — YES=0.66 is between 0.30 and 0.70, sum=1.05 >= 0.97
[Ticker] KXSOL15M-26APR030945-45
[Market] YES=0.64 | NO=0.40 | Sum=1.04
==================================================
Balance: $159.05 | Regime: CHOP | Session: 0W/0L (0%) | PnL: $+0.00
[Cycle] No signal — YES=0.64 is between 0.30 and 0.70, sum=1.04 >= 0.97
[Ticker] KXSOL15M-26APR030945-45
[Market] YES=0.59 | NO=0.46 | Sum=1.05
==================================================
Balance: $158.17 | Regime: CHOP | Session: 0W/0L (0%) | PnL: $+0.00
[Cycle] No signal — YES=0.59 is between 0.30 and 0.70, sum=1.05 >= 0.97
[Ticker] KXSOL15M-26APR030945-45
[Market] YES=0.50 | NO=0.54 | Sum=1.04
==================================================
Balance: $159.05 | Regime: CHOP | Session: 0W/0L (0%) | PnL: $+0.00
[Cycle] No signal — YES=0.50 is between 0.30 and 0.70, sum=1.04 >= 0.97
[Ticker] KXSOL15M-26APR030945-45
[Market] YES=0.50 | NO=0.54 | Sum=1.04
==================================================
Balance: $159.21 | Regime: CHOP | Session: 0W/0L (0%) | PnL: $+0.00
[Cycle] No signal — YES=0.50 is between 0.30 and 0.70, sum=1.04 >= 0.97
[Ticker] KXSOL15M-26APR030945-45
[Market] YES=0.34 | NO=0.68 | Sum=1.02
==================================================
Balance: $159.45 | Regime: CHOP | Session: 0W/0L (0%) | PnL: $+0.00
[Cycle] No signal — YES=0.34 is between 0.30 and 0.70, sum=1.02 >= 0.97
[Ticker] KXSOL15M-26APR030945-45
[Market] YES=0.47 | NO=0.57 | Sum=1.04
==================================================
Balance: $159.21 | Regime: CHOP | Session: 0W/0L (0%) | PnL: $+0.00
[Cycle] No signal — YES=0.47 is between 0.30 and 0.70, sum=1.04 >= 0.97
[Ticker] KXSOL15M-26APR030945-45
[Market] YES=0.36 | NO=0.68 | Sum=1.04
==================================================
Balance: $159.33 | Regime: CHOP | Session: 0W/0L (0%) | PnL: $+0.00
[Cycle] No signal — YES=0.36 is between 0.30 and 0.70, sum=1.04 >= 0.97
[Ticker] KXSOL15M-26APR030945-45
[Market] YES=0.37 | NO=0.95 | Sum=1.32
==================================================
Balance: $160.05 | Regime: CHOP | Session: 0W/0L (0%) | PnL: $+0.00
[Cycle] No signal — YES=0.37 is between 0.30 and 0.70, sum=1.32 >= 0.97
[Ticker] KXSOL15M-26APR030945-45
[Market] YES=1.00 | NO=1.00 | Sum=2.00
==================================================
Balance: $160.09 | Regime: CHOP | Session: 0W/0L (0%) | PnL: $+0.00
[Confidence] Score=3/10 | extreme_edge
[Timing] Window 0 min old — skipping
[Cycle] No signal — YES=1.00 is between 0.30 and 0.70, sum=2.00 >= 0.97
[Ticker] KXSOL15M-26APR031000-00
[Market] YES=0.60 | NO=0.45 | Sum=1.05
==================================================
Balance: $160.09 | Regime: CHOP | Session: 0W/0L (0%) | PnL: $+0.00
[Cycle] No signal — YES=0.60 is between 0.30 and 0.70, sum=1.05 >= 0.97
[Ticker] KXSOL15M-26APR031000-00
[Market] YES=0.60 | NO=0.44 | Sum=1.04
==================================================
Balance: $160.09 | Regime: CHOP | Session: 0W/0L (0%) | PnL: $+0.00
[Cycle] No signal — YES=0.60 is between 0.30 and 0.70, sum=1.04 >= 0.97
[Ticker] KXSOL15M-26APR031000-00
[Market] YES=0.34 | NO=0.70 | Sum=1.04
==================================================
Balance: $160.09 | Regime: CHOP | Session: 0W/0L (0%) | PnL: $+0.00
[Cycle] No signal — YES=0.34 is between 0.30 and 0.70, sum=1.04 >= 0.97
[Ticker] KXSOL15M-26APR031000-00
[Market] YES=0.22 | NO=0.82 | Sum=1.04
==================================================
Balance: $160.06 | Regime: CHOP | Session: 0W/0L (0%) | PnL: $+0.00
[Confidence] Score=4/10 | moderate_edge,coinbase_weak,all3_agree
[Signal] DOWN candidate | yes=0.22 | waiting (1/2)
[Cycle] No signal — YES=0.22 is between 0.30 and 0.70, sum=1.04 >= 0.97
[Ticker] KXSOL15M-26APR031000-00
[Market] YES=0.23 | NO=0.81 | Sum=1.04
==================================================
Balance: $159.86 | Regime: CHOP | Session: 0W/0L (0%) | PnL: $+0.00
[Confidence] Score=2/10 | moderate_edge,coinbase_weak
[Timing] Window 5 min old — skipping
[Cycle] No signal — YES=0.23 is between 0.30 and 0.70, sum=1.04 >= 0.97
[Ticker] KXSOL15M-26APR031000-00
[Market] YES=0.18 | NO=0.85 | Sum=1.03
==================================================
Balance: $159.98 | Regime: CHOP | Session: 0W/0L (0%) | PnL: $+0.00
[Confidence] Score=5/10 | strong_edge,coinbase_weak,all3_agree
[Timing] Window 6 min old — skipping
[Cycle] No signal — YES=0.18 is between 0.30 and 0.70, sum=1.03 >= 0.97
[Ticker] KXSOL15M-26APR031000-00
[Market] YES=0.25 | NO=0.79 | Sum=1.04
==================================================
Balance: $159.58 | Regime: CHOP | Session: 0W/0L (0%) | PnL: $+0.00
[Confidence] Score=3/10 | moderate_edge,coinbase_weak,2of3_agree
[Timing] Window 7 min old — skipping
[Cycle] No signal — YES=0.25 is between 0.30 and 0.70, sum=1.04 >= 0.97
[Ticker] KXSOL15M-26APR031000-00
[Market] YES=0.38 | NO=0.66 | Sum=1.04
==================================================
Balance: $157.50 | Regime: CHOP | Session: 0W/0L (0%) | PnL: $+0.00
[Cycle] No signal — YES=0.38 is between 0.30 and 0.70, sum=1.04 >= 0.97
[Ticker] KXSOL15M-26APR031000-00
[Market] YES=0.72 | NO=0.30 | Sum=1.02
==================================================
Balance: $154.70 | Regime: CHOP | Session: 0W/0L (0%) | PnL: $+0.00
[Confidence] Score=2/10 | moderate_edge,coinbase_weak
[Timing] Window 9 min old — skipping
[Cycle] No signal — YES=0.72 is between 0.30 and 0.70, sum=1.02 >= 0.97
[Ticker] KXSOL15M-26APR031000-00
[Market] YES=0.93 | NO=0.09 | Sum=1.02
==================================================
Balance: $154.55 | Regime: CHOP | Session: 0W/0L (0%) | PnL: $+0.00
[Confidence] Score=3/10 | strong_edge,coinbase_weak
[Timing] Window 10 min old — skipping
[Cycle] No signal — YES=0.93 is between 0.30 and 0.70, sum=1.02 >= 0.97
[Ticker] KXSOL15M-26APR031000-00
[Market] YES=0.92 | NO=0.12 | Sum=1.04
==================================================
Balance: $154.90 | Regime: CHOP | Session: 0W/0L (0%) | PnL: $+0.00
[Confidence] Score=3/10 | strong_edge,coinbase_weak
[Timing] Window 11 min old — skipping
[Cycle] No signal — YES=0.92 is between 0.30 and 0.70, sum=1.04 >= 0.97
[Ticker] KXSOL15M-26APR031000-00
[Market] YES=0.94 | NO=0.08 | Sum=1.02
==================================================
Balance: $155.58 | Regime: CHOP | Session: 0W/0L (0%) | PnL: $+0.00
[Confidence] Score=3/10 | strong_edge,coinbase_weak
[Timing] Window 12 min old — skipping
[Cycle] No signal — YES=0.94 is between 0.30 and 0.70, sum=1.02 >= 0.97
[Ticker] KXSOL15M-26APR031000-00
[Market] YES=1.00 | NO=0.01 | Sum=1.01
==================================================
Balance: $153.30 | Regime: CHOP | Session: 0W/0L (0%) | PnL: $+0.00
[Confidence] Score=4/10 | extreme_edge,coinbase_weak
[Timing] Window 13 min old — skipping
[Cycle] No signal — YES=1.00 is between 0.30 and 0.70, sum=1.01 >= 0.97
[Ticker] KXSOL15M-26APR031000-00
[Market] YES=1.00 | NO=0.00 | Sum=1.00
==================================================
Balance: $153.14 | Regime: CHOP | Session: 0W/0L (0%) | PnL: $+0.00
[Confidence] Score=4/10 | extreme_edge,coinbase_weak
[Timing] Window 14 min old — skipping
[Cycle] No signal — YES=1.00 is between 0.30 and 0.70, sum=1.00 >= 0.97
[Ticker] KXSOL15M-26APR031015-15
[Market] YES=0.56 | NO=0.68 | Sum=1.24
==================================================
Balance: $153.10 | Regime: CHOP | Session: 0W/0L (0%) | PnL: $+0.00
[Cycle] No signal — YES=0.56 is between 0.30 and 0.70, sum=1.24 >= 0.97
[Ticker] KXSOL15M-26APR031015-15
[Market] YES=0.38 | NO=0.67 | Sum=1.05
==================================================
Balance: $153.10 | Regime: CHOP | Session: 0W/0L (0%) | PnL: $+0.00
[Cycle] No signal — YES=0.38 is between 0.30 and 0.70, sum=1.05 >= 0.97
[Ticker] KXSOL15M-26APR031015-15
[Market] YES=0.38 | NO=0.64 | Sum=1.02
==================================================
Balance: $153.10 | Regime: CHOP | Session: 0W/0L (0%) | PnL: $+0.00
[Cycle] No signal — YES=0.38 is between 0.30 and 0.70, sum=1.02 >= 0.97
[Ticker] KXSOL15M-26APR031015-15
[Market] YES=0.42 | NO=0.60 | Sum=1.02
==================================================
Balance: $153.10 | Regime: CHOP | Session: 0W/0L (0%) | PnL: $+0.00
[Cycle] No signal — YES=0.42 is between 0.30 and 0.70, sum=1.02 >= 0.97
[Ticker] KXSOL15M-26APR031015-15
[Market] YES=0.78 | NO=0.27 | Sum=1.05
==================================================
Balance: $153.10 | Regime: CHOP | Session: 0W/0L (0%) | PnL: $+0.00
[Confidence] Score=4/10 | moderate_edge,coinbase_weak,2of3_agree,peak_hour
[Signal] UP candidate | yes=0.78 | waiting (1/2)
[Cycle] No signal — YES=0.78 is between 0.30 and 0.70, sum=1.05 >= 0.97
[Ticker] KXSOL15M-26APR031015-15
[Market] YES=0.83 | NO=0.19 | Sum=1.02
==================================================
Balance: $153.10 | Regime: CHOP | Session: 0W/0L (0%) | PnL: $+0.00
[Confidence] Score=4/10 | strong_edge,coinbase_weak,peak_hour
[Timing] Window 5 min old — skipping
[Cycle] No signal — YES=0.83 is between 0.30 and 0.70, sum=1.02 >= 0.97
[Ticker] KXSOL15M-26APR031015-15
[Market] YES=0.91 | NO=0.12 | Sum=1.03
==================================================
Balance: $153.10 | Regime: CHOP | Session: 0W/0L (0%) | PnL: $+0.00
[Confidence] Score=4/10 | strong_edge,coinbase_weak,peak_hour
[Timing] Window 6 min old — skipping
[Cycle] No signal — YES=0.91 is between 0.30 and 0.70, sum=1.03 >= 0.97
[Ticker] KXSOL15M-26APR031015-15
[Market] YES=0.91 | NO=0.11 | Sum=1.02
==================================================
Balance: $153.10 | Regime: CHOP | Session: 0W/0L (0%) | PnL: $+0.00
[Confidence] Score=4/10 | strong_edge,coinbase_weak,peak_hour
[Timing] Window 7 min old — skipping
[Cycle] No signal — YES=0.91 is between 0.30 and 0.70, sum=1.02 >= 0.97
[Ticker] KXSOL15M-26APR031015-15
[Market] YES=0.90 | NO=0.12 | Sum=1.02
==================================================
Balance: $153.10 | Regime: CHOP | Session: 0W/0L (0%) | PnL: $+0.00
[Confidence] Score=4/10 | strong_edge,coinbase_weak,peak_hour
[Timing] Window 8 min old — skipping
[Cycle] No signal — YES=0.90 is between 0.30 and 0.70, sum=1.02 >= 0.97
[Ticker] KXSOL15M-26APR031015-15
[Market] YES=0.93 | NO=0.10 | Sum=1.03
==================================================
Balance: $153.10 | Regime: CHOP | Session: 0W/0L (0%) | PnL: $+0.00
[Confidence] Score=4/10 | strong_edge,coinbase_weak,peak_hour
[Timing] Window 9 min old — skipping
[Cycle] No signal — YES=0.93 is between 0.30 and 0.70, sum=1.03 >= 0.97
[Ticker] KXSOL15M-26APR031015-15
[Market] YES=0.95 | NO=0.07 | Sum=1.02
==================================================
Balance: $153.10 | Regime: CHOP | Session: 0W/0L (0%) | PnL: $+0.00
[Confidence] Score=4/10 | strong_edge,coinbase_weak,peak_hour
[Timing] Window 10 min old — skipping
[Cycle] No signal — YES=0.95 is between 0.30 and 0.70, sum=1.02 >= 0.97
[Ticker] KXSOL15M-26APR031015-15
[Market] YES=0.96 | NO=0.06 | Sum=1.02
==================================================
Balance: $153.10 | Regime: CHOP | Session: 0W/0L (0%) | PnL: $+0.00
[Confidence] Score=5/10 | extreme_edge,coinbase_weak,peak_hour
[Timing] Window 11 min old — skipping
[Cycle] No signal — YES=0.96 is between 0.30 and 0.70, sum=1.02 >= 0.97
[Ticker] KXSOL15M-26APR031015-15
[Market] YES=0.98 | NO=0.03 | Sum=1.01
==================================================
Balance: $153.10 | Regime: CHOP | Session: 0W/0L (0%) | PnL: $+0.00
[Confidence] Score=5/10 | extreme_edge,coinbase_weak,peak_hour
[Timing] Window 12 min old — skipping
[Cycle] No signal — YES=0.98 is between 0.30 and 0.70, sum=1.01 >= 0.97
[Ticker] KXSOL15M-26APR031015-15
[Market] YES=1.00 | NO=0.01 | Sum=1.00
==================================================
Balance: $153.10 | Regime: CHOP | Session: 0W/0L (0%) | PnL: $+0.00
[Confidence] Score=5/10 | extreme_edge,coinbase_weak,peak_hour
[Timing] Window 13 min old — skipping
[Cycle] No signal — YES=1.00 is between 0.30 and 0.70, sum=1.00 >= 0.97
[Ticker] KXSOL15M-26APR031015-15
[Market] YES=1.00 | NO=0.00 | Sum=1.00
==================================================
Balance: $153.10 | Regime: CHOP | Session: 0W/0L (0%) | PnL: $+0.00
[Confidence] Score=5/10 | extreme_edge,coinbase_weak,peak_hour
[Timing] Window 14 min old — skipping
[Cycle] No signal — YES=1.00 is between 0.30 and 0.70, sum=1.00 >= 0.97
[Ticker] KXSOL15M-26APR031030-30
[Market] YES=0.45 | NO=0.60 | Sum=1.05
==================================================
Balance: $153.10 | Regime: CHOP | Session: 0W/0L (0%) | PnL: $+0.00
[Cycle] No signal — YES=0.45 is between 0.30 and 0.70, sum=1.05 >= 0.97
[Ticker] KXSOL15M-26APR031030-30
[Market] YES=0.29 | NO=0.74 | Sum=1.03
==================================================
Balance: $153.10 | Regime: CHOP | Session: 0W/0L (0%) | PnL: $+0.00
[Confidence] Score=4/10 | moderate_edge,coinbase_weak,2of3_agree,peak_hour
[Signal] DOWN candidate | yes=0.29 | waiting (1/2)
[Cycle] No signal — YES=0.29 is between 0.30 and 0.70, sum=1.03 >= 0.97
[Ticker] KXSOL15M-26APR031030-30
[Market] YES=0.43 | NO=0.59 | Sum=1.02
==================================================
Balance: $153.10 | Regime: CHOP | Session: 0W/0L (0%) | PnL: $+0.00
[Cycle] No signal — YES=0.43 is between 0.30 and 0.70, sum=1.02 >= 0.97
[Ticker] KXSOL15M-26APR031030-30
[Market] YES=0.42 | NO=0.61 | Sum=1.03
==================================================
Balance: $153.10 | Regime: CHOP | Session: 0W/0L (0%) | PnL: $+0.00
[Cycle] No signal — YES=0.42 is between 0.30 and 0.70, sum=1.03 >= 0.97
[Ticker] KXSOL15M-26APR031030-30
[Market] YES=0.31 | NO=0.73 | Sum=1.04
==================================================
Balance: $153.10 | Regime: CHOP | Session: 0W/0L (0%) | PnL: $+0.00
[Cycle] No signal — YES=0.31 is between 0.30 and 0.70, sum=1.04 >= 0.97
[Ticker] KXSOL15M-26APR031030-30
[Market] YES=0.51 | NO=0.54 | Sum=1.05
==================================================
Balance: $153.10 | Regime: CHOP | Session: 0W/0L (0%) | PnL: $+0.00
[Cycle] No signal — YES=0.51 is between 0.30 and 0.70, sum=1.05 >= 0.97
[Ticker] KXSOL15M-26APR031030-30
[Market] YES=0.75 | NO=0.30 | Sum=1.05
==================================================
Balance: $153.10 | Regime: CHOP | Session: 0W/0L (0%) | PnL: $+0.00
[Confidence] Score=3/10 | moderate_edge,coinbase_weak,peak_hour
[Timing] Window 6 min old — skipping
[Cycle] No signal — YES=0.75 is between 0.30 and 0.70, sum=1.05 >= 0.97
[Ticker] KXSOL15M-26APR031030-30
[Market] YES=0.63 | NO=0.42 | Sum=1.05
==================================================
Balance: $153.10 | Regime: CHOP | Session: 0W/0L (0%) | PnL: $+0.00
[Cycle] No signal — YES=0.63 is between 0.30 and 0.70, sum=1.05 >= 0.97
[Ticker] KXSOL15M-26APR031030-30
[Market] YES=0.70 | NO=0.31 | Sum=1.01
==================================================
Balance: $153.10 | Regime: CHOP | Session: 0W/0L (0%) | PnL: $+0.00
[Cycle] No signal — YES=0.70 is between 0.30 and 0.70, sum=1.01 >= 0.97
[Ticker] KXSOL15M-26APR031030-30
[Market] YES=0.88 | NO=0.14 | Sum=1.02
==================================================
Balance: $153.10 | Regime: CHOP | Session: 0W/0L (0%) | PnL: $+0.00
[Confidence] Score=4/10 | strong_edge,coinbase_weak,peak_hour
[Timing] Window 9 min old — skipping
[Cycle] No signal — YES=0.88 is between 0.30 and 0.70, sum=1.02 >= 0.97
[Ticker] KXSOL15M-26APR031030-30
[Market] YES=0.89 | NO=0.13 | Sum=1.02
==================================================
Balance: $153.10 | Regime: CHOP | Session: 0W/0L (0%) | PnL: $+0.00
[Confidence] Score=4/10 | strong_edge,coinbase_weak,peak_hour
[Timing] Window 10 min old — skipping
[Cycle] No signal — YES=0.89 is between 0.30 and 0.70, sum=1.02 >= 0.97
[Ticker] KXSOL15M-26APR031030-30
[Market] YES=0.98 | NO=0.03 | Sum=1.01
==================================================
Balance: $153.10 | Regime: CHOP | Session: 0W/0L (0%) | PnL: $+0.00
[Confidence] Score=5/10 | extreme_edge,coinbase_weak,peak_hour
[Timing] Window 11 min old — skipping
[Cycle] No signal — YES=0.98 is between 0.30 and 0.70, sum=1.01 >= 0.97
[Ticker] KXSOL15M-26APR031030-30
[Market] YES=0.98 | NO=0.02 | Sum=1.00
==================================================
Balance: $153.10 | Regime: CHOP | Session: 0W/0L (0%) | PnL: $+0.00
[Confidence] Score=5/10 | extreme_edge,coinbase_weak,peak_hour
[Timing] Window 12 min old — skipping
[Cycle] No signal — YES=0.98 is between 0.30 and 0.70, sum=1.00 >= 0.97
[Ticker] KXSOL15M-26APR031030-30
[Market] YES=1.00 | NO=0.01 | Sum=1.00
==================================================
Balance: $153.10 | Regime: CHOP | Session: 0W/0L (0%) | PnL: $+0.00
[Confidence] Score=5/10 | extreme_edge,coinbase_weak,peak_hour
[Timing] Window 13 min old — skipping
[Cycle] No signal — YES=1.00 is between 0.30 and 0.70, sum=1.00 >= 0.97
[Ticker] KXSOL15M-26APR031030-30
[Market] YES=1.00 | NO=0.01 | Sum=1.01
==================================================
Balance: $153.10 | Regime: CHOP | Session: 0W/0L (0%) | PnL: $+0.00
[Confidence] Score=5/10 | extreme_edge,coinbase_weak,peak_hour
[Timing] Window 14 min old — skipping
[Cycle] No signal — YES=1.00 is between 0.30 and 0.70, sum=1.01 >= 0.97
[Ticker] KXSOL15M-26APR031030-30
[Market] YES=1.00 | NO=0.01 | Sum=1.01
==================================================
Balance: $153.10 | Regime: CHOP | Session: 0W/0L (0%) | PnL: $+0.00
[Confidence] Score=5/10 | extreme_edge,coinbase_weak,peak_hour
[Timing] Window 0 min old — skipping
[Cycle] No signal — YES=1.00 is between 0.30 and 0.70, sum=1.01 >= 0.97
[Ticker] KXSOL15M-26APR031045-45
[Market] YES=0.43 | NO=0.60 | Sum=1.03
==================================================
Balance: $153.10 | Regime: CHOP | Session: 0W/0L (0%) | PnL: $+0.00
[Cycle] No signal — YES=0.43 is between 0.30 and 0.70, sum=1.03 >= 0.97
[Ticker] KXSOL15M-26APR031045-45
[Market] YES=0.41 | NO=0.63 | Sum=1.04
==================================================
Balance: $153.10 | Regime: CHOP | Session: 0W/0L (0%) | PnL: $+0.00
[Cycle] No signal — YES=0.41 is between 0.30 and 0.70, sum=1.04 >= 0.97
[Ticker] KXSOL15M-26APR031045-45
[Market] YES=0.33 | NO=0.70 | Sum=1.03
==================================================
Balance: $153.10 | Regime: CHOP | Session: 0W/0L (0%) | PnL: $+0.00
[Cycle] No signal — YES=0.33 is between 0.30 and 0.70, sum=1.03 >= 0.97
[Ticker] KXSOL15M-26APR031045-45
[Market] YES=0.25 | NO=0.78 | Sum=1.03
==================================================
Balance: $153.10 | Regime: CHOP | Session: 0W/0L (0%) | PnL: $+0.00
[Confidence] Score=5/10 | moderate_edge,coinbase_weak,all3_agree,peak_hour
[Signal] DOWN candidate | yes=0.25 | waiting (1/2)
[Cycle] No signal — YES=0.25 is between 0.30 and 0.70, sum=1.03 >= 0.97
[Ticker] KXSOL15M-26APR031045-45
[Market] YES=0.25 | NO=0.76 | Sum=1.01
==================================================
Balance: $153.10 | Regime: CHOP | Session: 0W/0L (0%) | PnL: $+0.00
[Confidence] Score=5/10 | moderate_edge,coinbase_weak,all3_agree,peak_hour
[Timing] Window 5 min old — skipping
[Cycle] No signal — YES=0.25 is between 0.30 and 0.70, sum=1.01 >= 0.97
[Ticker] KXSOL15M-26APR031045-45
[Market] YES=0.06 | NO=0.95 | Sum=1.01
==================================================
Balance: $153.10 | Regime: CHOP | Session: 0W/0L (0%) | PnL: $+0.00
[Confidence] Score=6/10 | strong_edge,coinbase_weak,all3_agree,peak_hour
[Timing] Window 6 min old — skipping
[Cycle] No signal — YES=0.06 is between 0.30 and 0.70, sum=1.01 >= 0.97
[Ticker] KXSOL15M-26APR031045-45
[Market] YES=0.08 | NO=0.93 | Sum=1.01
==================================================
Balance: $153.10 | Regime: CHOP | Session: 0W/0L (0%) | PnL: $+0.00
[Confidence] Score=5/10 | strong_edge,coinbase_weak,2of3_agree,peak_hour
[Timing] Window 7 min old — skipping
[Cycle] No signal — YES=0.08 is between 0.30 and 0.70, sum=1.01 >= 0.97
[Ticker] KXSOL15M-26APR031045-45
[Market] YES=0.07 | NO=0.94 | Sum=1.01
==================================================
Balance: $153.10 | Regime: CHOP | Session: 0W/0L (0%) | PnL: $+0.00
[Confidence] Score=6/10 | strong_edge,coinbase_weak,all3_agree,peak_hour
[Timing] Window 8 min old — skipping
[Cycle] No signal — YES=0.07 is between 0.30 and 0.70, sum=1.01 >= 0.97
[Ticker] KXSOL15M-26APR031045-45
[Market] YES=0.10 | NO=0.93 | Sum=1.03
==================================================
Balance: $153.10 | Regime: CHOP | Session: 0W/0L (0%) | PnL: $+0.00
[Confidence] Score=6/10 | strong_edge,coinbase_weak,all3_agree,peak_hour
[Timing] Window 9 min old — skipping
[Cycle] No signal — YES=0.10 is between 0.30 and 0.70, sum=1.03 >= 0.97
[Ticker] KXSOL15M-26APR031045-45
[Market] YES=0.07 | NO=0.95 | Sum=1.02
==================================================
Balance: $153.10 | Regime: CHOP | Session: 0W/0L (0%) | PnL: $+0.00
[Confidence] Score=6/10 | strong_edge,coinbase_weak,all3_agree,peak_hour
[Timing] Window 10 min old — skipping
[Cycle] No signal — YES=0.07 is between 0.30 and 0.70, sum=1.02 >= 0.97
[Ticker] KXSOL15M-26APR031045-45
[Market] YES=0.05 | NO=0.98 | Sum=1.03
==================================================
Balance: $153.10 | Regime: CHOP | Session: 0W/0L (0%) | PnL: $+0.00
[Confidence] Score=7/10 | extreme_edge,coinbase_weak,all3_agree,peak_hour
[Timing] Window 11 min old — skipping
[Cycle] No signal — YES=0.05 is between 0.30 and 0.70, sum=1.03 >= 0.97
[Ticker] KXSOL15M-26APR031045-45
[Market] YES=0.01 | NO=0.99 | Sum=1.00
==================================================
Balance: $153.10 | Regime: CHOP | Session: 0W/0L (0%) | PnL: $+0.00
[Confidence] Score=7/10 | extreme_edge,coinbase_weak,all3_agree,peak_hour
[Timing] Window 12 min old — skipping
[Cycle] No signal — YES=0.01 is between 0.30 and 0.70, sum=1.00 >= 0.97
[Ticker] KXSOL15M-26APR031045-45
[Market] YES=0.00 | NO=1.00 | Sum=1.00
==================================================
Balance: $153.10 | Regime: CHOP | Session: 0W/0L (0%) | PnL: $+0.00
[Confidence] Score=7/10 | extreme_edge,coinbase_weak,all3_agree,peak_hour
[Timing] Window 13 min old — skipping
[Cycle] No signal — YES=0.00 is between 0.30 and 0.70, sum=1.00 >= 0.97
[Ticker] KXSOL15M-26APR031045-45
[Market] YES=0.00 | NO=1.00 | Sum=1.00
==================================================
Balance: $153.10 | Regime: CHOP | Session: 0W/0L (0%) | PnL: $+0.00
[Confidence] Score=6/10 | extreme_edge,coinbase_weak,2of3_agree,peak_hour
[Timing] Window 14 min old — skipping
[Cycle] No signal — YES=0.00 is between 0.30 and 0.70, sum=1.00 >= 0.97
[Ticker] KXSOL15M-26APR031100-00
[Market] YES=0.57 | NO=0.47 | Sum=1.04
==================================================
Balance: $153.10 | Regime: CHOP | Session: 0W/0L (0%) | PnL: $+0.00
[Cycle] No signal — YES=0.57 is between 0.30 and 0.70, sum=1.04 >= 0.97
[Ticker] KXSOL15M-26APR031100-00
[Market] YES=0.51 | NO=0.51 | Sum=1.02
==================================================
Balance: $153.10 | Regime: CHOP | Session: 0W/0L (0%) | PnL: $+0.00
[Cycle] No signal — YES=0.51 is between 0.30 and 0.70, sum=1.02 >= 0.97
[Ticker] KXSOL15M-26APR031100-00
[Market] YES=0.59 | NO=0.45 | Sum=1.04
==================================================
Balance: $153.10 | Regime: CHOP | Session: 0W/0L (0%) | PnL: $+0.00
[Cycle] No signal — YES=0.59 is between 0.30 and 0.70, sum=1.04 >= 0.97
[Ticker] KXSOL15M-26APR031100-00
[Market] YES=0.71 | NO=0.31 | Sum=1.02
==================================================
Balance: $153.10 | Regime: CHOP | Session: 0W/0L (0%) | PnL: $+0.00
[Confidence] Score=3/10 | moderate_edge,coinbase_weak,peak_hour
[Signal] UP candidate | yes=0.71 | waiting (1/2)
[Cycle] No signal — YES=0.71 is between 0.30 and 0.70, sum=1.02 >= 0.97
[Ticker] KXSOL15M-26APR031100-00
[Market] YES=0.81 | NO=0.20 | Sum=1.01
==================================================
Balance: $152.44 | Regime: CHOP | Session: 0W/0L (0%) | PnL: $+0.00
[Confidence] Score=4/10 | strong_edge,coinbase_weak,peak_hour
[Coinbase] Confirms UP | $80 gap=+0 (0.13%)
[Correlation] 2/3 agree UP
[Signal] CONFIRMED UP | yes=0.81 | edge=0.31 | bet=$4.72
[Order] KXSOL15M-26APR031100-00 | yes | count=9 | $4.72
[Order] status=executed remaining=-1 filled=True
✅ SOL DIRECTIONAL: UP $4.72 on KXSOL15M-26APR031100-00
[Positions] 1 still open
[Ticker] KXSOL15M-26APR031100-00
[Market] YES=0.87 | NO=0.15 | Sum=1.02
==================================================
Balance: $154.39 | Regime: CHOP | Session: 0W/0L (0%) | PnL: $+0.00
[Confidence] Score=4/10 | strong_edge,coinbase_weak,peak_hour
[Timing] Window 5 min old — skipping
[Cycle] No signal — YES=0.87 is between 0.30 and 0.70, sum=1.02 >= 0.97
[Positions] 1 still open
[Ticker] KXSOL15M-26APR031100-00
[Market] YES=0.92 | NO=0.11 | Sum=1.03
==================================================
Balance: $154.82 | Regime: CHOP | Session: 0W/0L (0%) | PnL: $+0.00
[Confidence] Score=4/10 | strong_edge,coinbase_weak,peak_hour
[Timing] Window 6 min old — skipping
[Cycle] No signal — YES=0.92 is between 0.30 and 0.70, sum=1.03 >= 0.97
[Positions] 1 still open
[Ticker] KXSOL15M-26APR031100-00
[Market] YES=0.92 | NO=0.11 | Sum=1.03
==================================================
Balance: $155.33 | Regime: CHOP | Session: 0W/0L (0%) | PnL: $+0.00
[Confidence] Score=4/10 | strong_edge,coinbase_weak,peak_hour
[Timing] Window 7 min old — skipping
[Cycle] No signal — YES=0.92 is between 0.30 and 0.70, sum=1.03 >= 0.97
[Positions] 1 still open
[Ticker] KXSOL15M-26APR031100-00
[Market] YES=0.99 | NO=0.03 | Sum=1.02
==================================================
Balance: $157.40 | Regime: CHOP | Session: 0W/0L (0%) | PnL: $+0.00
[Confidence] Score=5/10 | extreme_edge,coinbase_weak,peak_hour
[Timing] Window 8 min old — skipping
[Cycle] No signal — YES=0.99 is between 0.30 and 0.70, sum=1.02 >= 0.97
[Positions] 1 still open
[Ticker] KXSOL15M-26APR031100-00
[Market] YES=0.99 | NO=0.01 | Sum=1.00
==================================================
Balance: $157.45 | Regime: CHOP | Session: 0W/0L (0%) | PnL: $+0.00
[Confidence] Score=5/10 | extreme_edge,coinbase_weak,peak_hour
[Timing] Window 9 min old — skipping
[Cycle] No signal — YES=0.99 is between 0.30 and 0.70, sum=1.00 >= 0.97
[Positions] 1 still open
[Ticker] KXSOL15M-26APR031100-00
[Market] YES=0.99 | NO=0.02 | Sum=1.01
==================================================
Balance: $157.48 | Regime: CHOP | Session: 0W/0L (0%) | PnL: $+0.00
[Confidence] Score=5/10 | extreme_edge,coinbase_weak,peak_hour
[Timing] Window 10 min old — skipping
[Cycle] No signal — YES=0.99 is between 0.30 and 0.70, sum=1.01 >= 0.97
[Positions] 1 still open
[Ticker] KXSOL15M-26APR031100-00
[Market] YES=1.00 | NO=0.01 | Sum=1.01
==================================================
Balance: $157.63 | Regime: CHOP | Session: 0W/0L (0%) | PnL: $+0.00
[Confidence] Score=5/10 | extreme_edge,coinbase_weak,peak_hour
[Timing] Window 11 min old — skipping
[Cycle] No signal — YES=1.00 is between 0.30 and 0.70, sum=1.01 >= 0.97
[Positions] 1 still open
[Ticker] KXSOL15M-26APR031100-00
[Market] YES=1.00 | NO=0.00 | Sum=1.00
==================================================
Balance: $157.76 | Regime: CHOP | Session: 0W/0L (0%) | PnL: $+0.00
[Confidence] Score=6/10 | extreme_edge,coinbase_strong,peak_hour
[Timing] Window 12 min old — skipping
[Cycle] No signal — YES=1.00 is between 0.30 and 0.70, sum=1.00 >= 0.97
[Positions] 1 still open
[Ticker] KXSOL15M-26APR031100-00
[Market] YES=1.00 | NO=0.00 | Sum=1.00
==================================================
Balance: $157.78 | Regime: CHOP | Session: 0W/0L (0%) | PnL: $+0.00
[Confidence] Score=5/10 | extreme_edge,coinbase_weak,peak_hour
[Timing] Window 13 min old — skipping
[Cycle] No signal — YES=1.00 is between 0.30 and 0.70, sum=1.00 >= 0.97
[Positions] 1 still open
[Ticker] KXSOL15M-26APR031100-00
[Market] YES=1.00 | NO=0.00 | Sum=1.00
==================================================
Balance: $157.78 | Regime: CHOP | Session: 0W/0L (0%) | PnL: $+0.00
[Confidence] Score=5/10 | extreme_edge,coinbase_weak,peak_hour
[Timing] Window 14 min old — skipping
[Cycle] No signal — YES=1.00 is between 0.30 and 0.70, sum=1.00 >= 0.97
[Positions] 1 still open
[Ticker] KXSOL15M-26APR031115-15
[Market] YES=0.40 | NO=0.67 | Sum=1.07
==================================================
Balance: $157.81 | Regime: CHOP | Session: 0W/0L (0%) | PnL: $+0.00
[Cycle] No signal — YES=0.40 is between 0.30 and 0.70, sum=1.07 >= 0.97
[Positions] 1 still open
[Ticker] KXSOL15M-26APR031115-15
[Market] YES=0.45 | NO=0.58 | Sum=1.03
==================================================
Balance: $157.81 | Regime: CHOP | Session: 0W/0L (0%) | PnL: $+0.00
[Cycle] No signal — YES=0.45 is between 0.30 and 0.70, sum=1.03 >= 0.97
[Positions] 1 still open
[Ticker] KXSOL15M-26APR031115-15
[Market] YES=0.41 | NO=0.63 | Sum=1.04
==================================================
Balance: $157.81 | Regime: CHOP | Session: 0W/0L (0%) | PnL: $+0.00
[Cycle] No signal — YES=0.41 is between 0.30 and 0.70, sum=1.04 >= 0.97
[Positions] 1 still open
[Ticker] KXSOL15M-26APR031115-15
[Market] YES=0.63 | NO=0.40 | Sum=1.03
==================================================
Balance: $157.81 | Regime: CHOP | Session: 0W/0L (0%) | PnL: $+0.00
[Cycle] No signal — YES=0.63 is between 0.30 and 0.70, sum=1.03 >= 0.97
[Positions] 1 still open
[Ticker] KXSOL15M-26APR031115-15
[Market] YES=0.73 | NO=0.29 | Sum=1.02
==================================================
Balance: $157.81 | Regime: CHOP | Session: 0W/0L (0%) | PnL: $+0.00
[Confidence] Score=3/10 | moderate_edge,coinbase_weak,peak_hour
[Signal] UP candidate | yes=0.73 | waiting (1/2)
[Cycle] No signal — YES=0.73 is between 0.30 and 0.70, sum=1.02 >= 0.97
[Positions] 1 still open
[Ticker] KXSOL15M-26APR031115-15
[Market] YES=0.82 | NO=0.20 | Sum=1.02
==================================================
Balance: $157.81 | Regime: CHOP | Session: 0W/0L (0%) | PnL: $+0.00
[Confidence] Score=4/10 | strong_edge,coinbase_weak,peak_hour
[Timing] Window 5 min old — skipping
[Cycle] No signal — YES=0.82 is between 0.30 and 0.70, sum=1.02 >= 0.97
[Positions] 1 still open
[Ticker] KXSOL15M-26APR031115-15
[Market] YES=0.76 | NO=0.27 | Sum=1.03
==================================================
Balance: $157.81 | Regime: CHOP | Session: 0W/0L (0%) | PnL: $+0.00
[Confidence] Score=3/10 | moderate_edge,coinbase_weak,peak_hour
[Timing] Window 6 min old — skipping
[Cycle] No signal — YES=0.76 is between 0.30 and 0.70, sum=1.03 >= 0.97
[Settled] WIN: UP $4.72 on KXSOL15M-26APR031100-00 | pnl=$+4.28 | 1W/0L (100%)
[Ticker] KXSOL15M-26APR031115-15
[Market] YES=0.82 | NO=0.20 | Sum=1.02
==================================================
Balance: $157.81 | Regime: CHOP | Session: 1W/0L (100%) | PnL: $+4.28
[Confidence] Score=4/10 | strong_edge,coinbase_weak,peak_hour
[Timing] Window 7 min old — skipping
[Cycle] No signal — YES=0.82 is between 0.30 and 0.70, sum=1.02 >= 0.97
[Ticker] KXSOL15M-26APR031115-15
[Market] YES=0.88 | NO=0.13 | Sum=1.01
==================================================
Balance: $157.81 | Regime: CHOP | Session: 1W/0L (100%) | PnL: $+4.28
[Confidence] Score=4/10 | strong_edge,coinbase_weak,peak_hour
[Timing] Window 8 min old — skipping
[Cycle] No signal — YES=0.88 is between 0.30 and 0.70, sum=1.01 >= 0.97
[Ticker] KXSOL15M-26APR031115-15
[Market] YES=0.93 | NO=0.09 | Sum=1.02
==================================================
Balance: $157.81 | Regime: CHOP | Session: 1W/0L (100%) | PnL: $+4.28
[Confidence] Score=4/10 | strong_edge,coinbase_weak,peak_hour
[Timing] Window 9 min old — skipping
[Cycle] No signal — YES=0.93 is between 0.30 and 0.70, sum=1.02 >= 0.97
[Ticker] KXSOL15M-26APR031115-15
[Market] YES=0.96 | NO=0.05 | Sum=1.01
==================================================
Balance: $157.81 | Regime: CHOP | Session: 1W/0L (100%) | PnL: $+4.28
[Confidence] Score=5/10 | extreme_edge,coinbase_weak,peak_hour
[Timing] Window 10 min old — skipping
[Cycle] No signal — YES=0.96 is between 0.30 and 0.70, sum=1.01 >= 0.97
[Ticker] KXSOL15M-26APR031115-15
[Market] YES=0.98 | NO=0.03 | Sum=1.01
==================================================
Balance: $157.81 | Regime: CHOP | Session: 1W/0L (100%) | PnL: $+4.28
[Confidence] Score=5/10 | extreme_edge,coinbase_weak,peak_hour
[Timing] Window 11 min old — skipping
[Cycle] No signal — YES=0.98 is between 0.30 and 0.70, sum=1.01 >= 0.97
[Ticker] KXSOL15M-26APR031115-15
[Market] YES=1.00 | NO=0.00 | Sum=1.00
==================================================
Balance: $157.81 | Regime: CHOP | Session: 1W/0L (100%) | PnL: $+4.28
[Confidence] Score=5/10 | extreme_edge,coinbase_weak,peak_hour
[Timing] Window 12 min old — skipping
[Cycle] No signal — YES=1.00 is between 0.30 and 0.70, sum=1.00 >= 0.97
[Ticker] KXSOL15M-26APR031115-15
[Market] YES=1.00 | NO=0.01 | Sum=1.00
==================================================
Balance: $157.81 | Regime: CHOP | Session: 1W/0L (100%) | PnL: $+4.28
[Confidence] Score=5/10 | extreme_edge,coinbase_weak,peak_hour
[Timing] Window 13 min old — skipping
[Cycle] No signal — YES=1.00 is between 0.30 and 0.70, sum=1.00 >= 0.97
[Ticker] KXSOL15M-26APR031115-15
[Market] YES=1.00 | NO=0.00 | Sum=1.00
==================================================
Balance: $157.81 | Regime: CHOP | Session: 1W/0L (100%) | PnL: $+4.28
[Confidence] Score=5/10 | extreme_edge,coinbase_weak,peak_hour
[Timing] Window 14 min old — skipping
[Cycle] No signal — YES=1.00 is between 0.30 and 0.70, sum=1.00 >= 0.97
[Ticker] KXSOL15M-26APR031130-30
[Market] YES=0.56 | NO=0.49 | Sum=1.05
==================================================
Balance: $157.81 | Regime: CHOP | Session: 1W/0L (100%) | PnL: $+4.28
[Cycle] No signal — YES=0.56 is between 0.30 and 0.70, sum=1.05 >= 0.97
[Ticker] KXSOL15M-26APR031130-30
[Market] YES=0.41 | NO=0.62 | Sum=1.03
==================================================
Balance: $157.81 | Regime: CHOP | Session: 1W/0L (100%) | PnL: $+4.28
[Cycle] No signal — YES=0.41 is between 0.30 and 0.70, sum=1.03 >= 0.97
[Ticker] KXSOL15M-26APR031130-30
[Market] YES=0.36 | NO=0.68 | Sum=1.04
==================================================
Balance: $157.81 | Regime: CHOP | Session: 1W/0L (100%) | PnL: $+4.28
[Cycle] No signal — YES=0.36 is between 0.30 and 0.70, sum=1.04 >= 0.97
[Ticker] KXSOL15M-26APR031130-30
[Market] YES=0.32 | NO=0.70 | Sum=1.02
==================================================
Balance: $157.81 | Regime: CHOP | Session: 1W/0L (100%) | PnL: $+4.28
[Cycle] No signal — YES=0.32 is between 0.30 and 0.70, sum=1.02 >= 0.97
[Ticker] KXSOL15M-26APR031130-30
[Market] YES=0.28 | NO=0.75 | Sum=1.03
==================================================
Balance: $156.94 | Regime: CHOP | Session: 1W/0L (100%) | PnL: $+4.28
[Confidence] Score=5/10 | moderate_edge,coinbase_weak,all3_agree,peak_hour
[Signal] DOWN candidate | yes=0.28 | waiting (1/2)
[Cycle] No signal — YES=0.28 is between 0.30 and 0.70, sum=1.03 >= 0.97
[Ticker] KXSOL15M-26APR031130-30
[Market] YES=0.29 | NO=0.73 | Sum=1.02
==================================================
Balance: $157.20 | Regime: CHOP | Session: 1W/0L (100%) | PnL: $+4.28
[Confidence] Score=5/10 | moderate_edge,coinbase_weak,all3_agree,peak_hour
[Timing] Window 5 min old — skipping
[Cycle] No signal — YES=0.29 is between 0.30 and 0.70, sum=1.02 >= 0.97
[Ticker] KXSOL15M-26APR031130-30
[Market] YES=0.27 | NO=0.75 | Sum=1.02
==================================================
Balance: $157.59 | Regime: CHOP | Session: 1W/0L (100%) | PnL: $+4.28
[Confidence] Score=5/10 | moderate_edge,coinbase_weak,all3_agree,peak_hour
[Timing] Window 6 min old — skipping
[Cycle] No signal — YES=0.27 is between 0.30 and 0.70, sum=1.02 >= 0.97
[Ticker] KXSOL15M-26APR031130-30
[Market] YES=0.11 | NO=0.90 | Sum=1.01
==================================================
Balance: $158.50 | Regime: CHOP | Session: 1W/0L (100%) | PnL: $+4.28
[Confidence] Score=6/10 | strong_edge,coinbase_weak,all3_agree,peak_hour
[Timing] Window 7 min old — skipping
[Cycle] No signal — YES=0.11 is between 0.30 and 0.70, sum=1.01 >= 0.97
[Ticker] KXSOL15M-26APR031130-30
[Market] YES=0.18 | NO=0.84 | Sum=1.02
==================================================
Balance: $158.50 | Regime: CHOP | Session: 1W/0L (100%) | PnL: $+4.28
[Confidence] Score=6/10 | strong_edge,coinbase_weak,all3_agree,peak_hour
[Timing] Window 8 min old — skipping
[Cycle] No signal — YES=0.18 is between 0.30 and 0.70, sum=1.02 >= 0.97
[Ticker] KXSOL15M-26APR031130-30
[Market] YES=0.32 | NO=0.70 | Sum=1.02
==================================================
Balance: $158.59 | Regime: CHOP | Session: 1W/0L (100%) | PnL: $+4.28
[Cycle] No signal — YES=0.32 is between 0.30 and 0.70, sum=1.02 >= 0.97
[Ticker] KXSOL15M-26APR031130-30
[Market] YES=0.84 | NO=0.18 | Sum=1.02
==================================================
Balance: $157.99 | Regime: CHOP | Session: 1W/0L (100%) | PnL: $+4.28
[Confidence] Score=4/10 | strong_edge,coinbase_weak,peak_hour
[Timing] Window 10 min old — skipping
[Cycle] No signal — YES=0.84 is between 0.30 and 0.70, sum=1.02 >= 0.97
[Ticker] KXSOL15M-26APR031130-30
[Market] YES=0.85 | NO=0.17 | Sum=1.02
==================================================
Balance: $158.63 | Regime: CHOP | Session: 1W/0L (100%) | PnL: $+4.28
[Confidence] Score=4/10 | strong_edge,coinbase_weak,peak_hour
[Timing] Window 11 min old — skipping
[Cycle] No signal — YES=0.85 is between 0.30 and 0.70, sum=1.02 >= 0.97
[Ticker] KXSOL15M-26APR031130-30
[Market] YES=0.91 | NO=0.11 | Sum=1.02
==================================================
Balance: $158.90 | Regime: CHOP | Session: 1W/0L (100%) | PnL: $+4.28
[Confidence] Score=4/10 | strong_edge,coinbase_weak,peak_hour
[Timing] Window 12 min old — skipping
[Cycle] No signal — YES=0.91 is between 0.30 and 0.70, sum=1.02 >= 0.97
[Ticker] KXSOL15M-26APR031130-30
[Market] YES=0.86 | NO=0.16 | Sum=1.02
==================================================
Balance: $158.95 | Regime: CHOP | Session: 1W/0L (100%) | PnL: $+4.28
[Confidence] Score=4/10 | strong_edge,coinbase_weak,peak_hour
[Timing] Window 13 min old — skipping
[Cycle] No signal — YES=0.86 is between 0.30 and 0.70, sum=1.02 >= 0.97
[Ticker] KXSOL15M-26APR031130-30
[Market] YES=0.66 | NO=0.53 | Sum=1.19
==================================================
Balance: $159.00 | Regime: CHOP | Session: 1W/0L (100%) | PnL: $+4.28
[Cycle] No signal — YES=0.66 is between 0.30 and 0.70, sum=1.19 >= 0.97
[Ticker] KXSOL15M-26APR031145-45
[Market] YES=0.47 | NO=0.57 | Sum=1.04
==================================================
Balance: $159.02 | Regime: CHOP | Session: 1W/0L (100%) | PnL: $+4.28
[Cycle] No signal — YES=0.47 is between 0.30 and 0.70, sum=1.04 >= 0.97
[Ticker] KXSOL15M-26APR031145-45
[Market] YES=0.42 | NO=0.59 | Sum=1.01
==================================================
Balance: $159.02 | Regime: CHOP | Session: 1W/0L (100%) | PnL: $+4.28
[Cycle] No signal — YES=0.42 is between 0.30 and 0.70, sum=1.01 >= 0.97
[Ticker] KXSOL15M-26APR031145-45
[Market] YES=0.44 | NO=0.58 | Sum=1.02
==================================================
Balance: $159.02 | Regime: CHOP | Session: 1W/0L (100%) | PnL: $+4.28
[Cycle] No signal — YES=0.44 is between 0.30 and 0.70, sum=1.02 >= 0.97
[Ticker] KXSOL15M-26APR031145-45
[Market] YES=0.39 | NO=0.64 | Sum=1.03
==================================================
Balance: $159.02 | Regime: CHOP | Session: 1W/0L (100%) | PnL: $+4.28
[Cycle] No signal — YES=0.39 is between 0.30 and 0.70, sum=1.03 >= 0.97
[Ticker] KXSOL15M-26APR031145-45
[Market] YES=0.53 | NO=0.48 | Sum=1.01
==================================================
Balance: $159.02 | Regime: CHOP | Session: 1W/0L (100%) | PnL: $+4.28
[Cycle] No signal — YES=0.53 is between 0.30 and 0.70, sum=1.01 >= 0.97
[Ticker] KXSOL15M-26APR031145-45
[Market] YES=0.18 | NO=0.83 | Sum=1.01
==================================================
Balance: $159.02 | Regime: CHOP | Session: 1W/0L (100%) | PnL: $+4.28
[Confidence] Score=6/10 | strong_edge,coinbase_weak,all3_agree,peak_hour
[Timing] Window 5 min old — skipping
[Cycle] No signal — YES=0.18 is between 0.30 and 0.70, sum=1.01 >= 0.97
[Ticker] KXSOL15M-26APR031145-45
[Market] YES=0.24 | NO=0.79 | Sum=1.03
==================================================
Balance: $159.02 | Regime: CHOP | Session: 1W/0L (100%) | PnL: $+4.28
[Confidence] Score=5/10 | moderate_edge,coinbase_weak,all3_agree,peak_hour
[Timing] Window 6 min old — skipping
[Cycle] No signal — YES=0.24 is between 0.30 and 0.70, sum=1.03 >= 0.97
[Ticker] KXSOL15M-26APR031145-45
[Market] YES=0.21 | NO=0.81 | Sum=1.02
==================================================
Balance: $159.02 | Regime: CHOP | Session: 1W/0L (100%) | PnL: $+4.28
[Confidence] Score=5/10 | moderate_edge,coinbase_weak,all3_agree,peak_hour
[Timing] Window 7 min old — skipping
[Cycle] No signal — YES=0.21 is between 0.30 and 0.70, sum=1.02 >= 0.97
[Ticker] KXSOL15M-26APR031145-45
[Market] YES=0.21 | NO=0.82 | Sum=1.03
==================================================
Balance: $159.02 | Regime: CHOP | Session: 1W/0L (100%) | PnL: $+4.28
[Confidence] Score=5/10 | moderate_edge,coinbase_weak,all3_agree,peak_hour
[Timing] Window 8 min old — skipping
[Cycle] No signal — YES=0.21 is between 0.30 and 0.70, sum=1.03 >= 0.97
[Ticker] KXSOL15M-26APR031145-45
[Market] YES=0.35 | NO=0.68 | Sum=1.03
==================================================
Balance: $159.02 | Regime: CHOP | Session: 1W/0L (100%) | PnL: $+4.28
[Cycle] No signal — YES=0.35 is between 0.30 and 0.70, sum=1.03 >= 0.97
[Ticker] KXSOL15M-26APR031145-45
[Market] YES=0.72 | NO=0.30 | Sum=1.02
==================================================
Balance: $159.02 | Regime: CHOP | Session: 1W/0L (100%) | PnL: $+4.28
[Confidence] Score=3/10 | moderate_edge,coinbase_weak,peak_hour
[Timing] Window 10 min old — skipping
[Cycle] No signal — YES=0.72 is between 0.30 and 0.70, sum=1.02 >= 0.97
[Ticker] KXSOL15M-26APR031145-45
[Market] YES=0.79 | NO=0.24 | Sum=1.03
==================================================
Balance: $159.02 | Regime: CHOP | Session: 1W/0L (100%) | PnL: $+4.28
[Confidence] Score=3/10 | moderate_edge,coinbase_weak,peak_hour
[Timing] Window 11 min old — skipping
[Cycle] No signal — YES=0.79 is between 0.30 and 0.70, sum=1.03 >= 0.97
[Ticker] KXSOL15M-26APR031145-45
[Market] YES=0.95 | NO=0.08 | Sum=1.03
==================================================
Balance: $159.02 | Regime: CHOP | Session: 1W/0L (100%) | PnL: $+4.28
[Confidence] Score=4/10 | strong_edge,coinbase_weak,peak_hour
[Timing] Window 12 min old — skipping
[Cycle] No signal — YES=0.95 is between 0.30 and 0.70, sum=1.03 >= 0.97
[Ticker] KXSOL15M-26APR031145-45
[Market] YES=0.99 | NO=0.01 | Sum=1.00
==================================================
Balance: $159.02 | Regime: CHOP | Session: 1W/0L (100%) | PnL: $+4.28
[Confidence] Score=5/10 | extreme_edge,coinbase_weak,peak_hour
[Timing] Window 13 min old — skipping
[Cycle] No signal — YES=0.99 is between 0.30 and 0.70, sum=1.00 >= 0.97
[Ticker] KXSOL15M-26APR031145-45
[Market] YES=1.00 | NO=0.01 | Sum=1.01
==================================================
Balance: $159.02 | Regime: CHOP | Session: 1W/0L (100%) | PnL: $+4.28
[Confidence] Score=5/10 | extreme_edge,coinbase_weak,peak_hour
[Timing] Window 14 min old — skipping
[Cycle] No signal — YES=1.00 is between 0.30 and 0.70, sum=1.01 >= 0.97
[Ticker] KXSOL15M-26APR031200-00
[Market] YES=0.45 | NO=0.58 | Sum=1.03
==================================================
Balance: $159.02 | Regime: CHOP | Session: 1W/0L (100%) | PnL: $+4.28
[Cycle] No signal — YES=0.45 is between 0.30 and 0.70, sum=1.03 >= 0.97
[Ticker] KXSOL15M-26APR031200-00
[Market] YES=0.40 | NO=0.64 | Sum=1.04
==================================================
Balance: $159.02 | Regime: CHOP | Session: 1W/0L (100%) | PnL: $+4.28
[Cycle] No signal — YES=0.40 is between 0.30 and 0.70, sum=1.04 >= 0.97
[Ticker] KXSOL15M-26APR031200-00
[Market] YES=0.58 | NO=0.43 | Sum=1.01
==================================================
Balance: $159.02 | Regime: CHOP | Session: 1W/0L (100%) | PnL: $+4.28
[Cycle] No signal — YES=0.58 is between 0.30 and 0.70, sum=1.01 >= 0.97
[Ticker] KXSOL15M-26APR031200-00
[Market] YES=0.55 | NO=0.50 | Sum=1.05
==================================================
Balance: $159.02 | Regime: CHOP | Session: 1W/0L (100%) | PnL: $+4.28
[Cycle] No signal — YES=0.55 is between 0.30 and 0.70, sum=1.05 >= 0.97
[Ticker] KXSOL15M-26APR031200-00
[Market] YES=0.43 | NO=0.60 | Sum=1.03
==================================================
Balance: $159.02 | Regime: CHOP | Session: 1W/0L (100%) | PnL: $+4.28
[Cycle] No signal — YES=0.43 is between 0.30 and 0.70, sum=1.03 >= 0.97
[Ticker] KXSOL15M-26APR031200-00
[Market] YES=0.45 | NO=0.59 | Sum=1.04
==================================================
Balance: $159.02 | Regime: CHOP | Session: 1W/0L (100%) | PnL: $+4.28
[Cycle] No signal — YES=0.45 is between 0.30 and 0.70, sum=1.04 >= 0.97
[Ticker] KXSOL15M-26APR031200-00
[Market] YES=0.52 | NO=0.53 | Sum=1.05
==================================================
Balance: $159.02 | Regime: CHOP | Session: 1W/0L (100%) | PnL: $+4.28
[Cycle] No signal — YES=0.52 is between 0.30 and 0.70, sum=1.05 >= 0.97
[Ticker] KXSOL15M-26APR031200-00
[Market] YES=0.75 | NO=0.26 | Sum=1.01
==================================================
Balance: $159.02 | Regime: CHOP | Session: 1W/0L (100%) | PnL: $+4.28
[Confidence] Score=3/10 | moderate_edge,coinbase_weak,peak_hour
[Timing] Window 7 min old — skipping
[Cycle] No signal — YES=0.75 is between 0.30 and 0.70, sum=1.01 >= 0.97
[Ticker] KXSOL15M-26APR031200-00
[Market] YES=0.78 | NO=0.26 | Sum=1.04
==================================================
Balance: $159.02 | Regime: CHOP | Session: 1W/0L (100%) | PnL: $+4.28
[Confidence] Score=3/10 | moderate_edge,coinbase_weak,peak_hour
[Timing] Window 8 min old — skipping
[Cycle] No signal — YES=0.78 is between 0.30 and 0.70, sum=1.04 >= 0.97
[Ticker] KXSOL15M-26APR031200-00
[Market] YES=0.66 | NO=0.36 | Sum=1.02
==================================================
Balance: $159.02 | Regime: CHOP | Session: 1W/0L (100%) | PnL: $+4.28
[Cycle] No signal — YES=0.66 is between 0.30 and 0.70, sum=1.02 >= 0.97
[Ticker] KXSOL15M-26APR031200-00
[Market] YES=0.58 | NO=0.46 | Sum=1.04
==================================================
Balance: $159.02 | Regime: CHOP | Session: 1W/0L (100%) | PnL: $+4.28
[Cycle] No signal — YES=0.58 is between 0.30 and 0.70, sum=1.04 >= 0.97
[Ticker] KXSOL15M-26APR031200-00
[Market] YES=0.63 | NO=0.40 | Sum=1.03
==================================================
Balance: $159.02 | Regime: CHOP | Session: 1W/0L (100%) | PnL: $+4.28
[Cycle] No signal — YES=0.63 is between 0.30 and 0.70, sum=1.03 >= 0.97
[Ticker] KXSOL15M-26APR031200-00
[Market] YES=0.62 | NO=0.42 | Sum=1.04
==================================================
Balance: $159.02 | Regime: CHOP | Session: 1W/0L (100%) | PnL: $+4.28
[Cycle] No signal — YES=0.62 is between 0.30 and 0.70, sum=1.04 >= 0.97
[Ticker] KXSOL15M-26APR031200-00
[Market] YES=0.15 | NO=0.86 | Sum=1.01
==================================================
Balance: $159.02 | Regime: CHOP | Session: 1W/0L (100%) | PnL: $+4.28
[Confidence] Score=6/10 | strong_edge,coinbase_weak,all3_agree,peak_hour
[Timing] Window 13 min old — skipping
[Cycle] No signal — YES=0.15 is between 0.30 and 0.70, sum=1.01 >= 0.97
[Ticker] KXSOL15M-26APR031200-00
[Market] YES=0.00 | NO=1.00 | Sum=1.00
==================================================
Balance: $159.02 | Regime: CHOP | Session: 1W/0L (100%) | PnL: $+4.28
[Confidence] Score=7/10 | extreme_edge,coinbase_weak,all3_agree,peak_hour
[Timing] Window 14 min old — skipping
[Cycle] No signal — YES=0.00 is between 0.30 and 0.70, sum=1.00 >= 0.97
[Ticker] KXSOL15M-26APR031215-15
[Market] YES=0.41 | NO=0.74 | Sum=1.15
==================================================
Balance: $159.02 | Regime: CHOP | Session: 1W/0L (100%) | PnL: $+4.28
[Cycle] No signal — YES=0.41 is between 0.30 and 0.70, sum=1.15 >= 0.97
[Ticker] KXSOL15M-26APR031215-15
[Market] YES=0.43 | NO=0.60 | Sum=1.03
==================================================
Balance: $159.02 | Regime: CHOP | Session: 1W/0L (100%) | PnL: $+4.28
[Cycle] No signal — YES=0.43 is between 0.30 and 0.70, sum=1.03 >= 0.97
[Ticker] KXSOL15M-26APR031215-15
[Market] YES=0.49 | NO=0.53 | Sum=1.02
==================================================
Balance: $159.02 | Regime: CHOP | Session: 1W/0L (100%) | PnL: $+4.28
[Cycle] No signal — YES=0.49 is between 0.30 and 0.70, sum=1.02 >= 0.97
[Ticker] KXSOL15M-26APR031215-15
[Market] YES=0.60 | NO=0.44 | Sum=1.04
==================================================
Balance: $159.02 | Regime: CHOP | Session: 1W/0L (100%) | PnL: $+4.28
[Cycle] No signal — YES=0.60 is between 0.30 and 0.70, sum=1.04 >= 0.97
[Ticker] KXSOL15M-26APR031215-15
[Market] YES=0.55 | NO=0.49 | Sum=1.04
==================================================
Balance: $159.02 | Regime: CHOP | Session: 1W/0L (100%) | PnL: $+4.28
[Cycle] No signal — YES=0.55 is between 0.30 and 0.70, sum=1.04 >= 0.97
[Ticker] KXSOL15M-26APR031215-15
[Market] YES=0.61 | NO=0.44 | Sum=1.05
==================================================
Balance: $159.02 | Regime: CHOP | Session: 1W/0L (100%) | PnL: $+4.28
[Cycle] No signal — YES=0.61 is between 0.30 and 0.70, sum=1.05 >= 0.97
[Ticker] KXSOL15M-26APR031215-15
[Market] YES=0.69 | NO=0.34 | Sum=1.03
==================================================
Balance: $159.02 | Regime: CHOP | Session: 1W/0L (100%) | PnL: $+4.28
[Cycle] No signal — YES=0.69 is between 0.30 and 0.70, sum=1.03 >= 0.97
[Ticker] KXSOL15M-26APR031215-15
[Market] YES=0.60 | NO=0.45 | Sum=1.05
==================================================
Balance: $159.02 | Regime: CHOP | Session: 1W/0L (100%) | PnL: $+4.28
[Cycle] No signal — YES=0.60 is between 0.30 and 0.70, sum=1.05 >= 0.97
[Ticker] KXSOL15M-26APR031215-15
[Market] YES=0.69 | NO=0.35 | Sum=1.04
==================================================
Balance: $159.02 | Regime: CHOP | Session: 1W/0L (100%) | PnL: $+4.28
[Cycle] No signal — YES=0.69 is between 0.30 and 0.70, sum=1.04 >= 0.97
[Ticker] KXSOL15M-26APR031215-15
[Market] YES=0.50 | NO=0.55 | Sum=1.05
==================================================
Balance: $159.02 | Regime: CHOP | Session: 1W/0L (100%) | PnL: $+4.28
[Cycle] No signal — YES=0.50 is between 0.30 and 0.70, sum=1.05 >= 0.97
[Ticker] KXSOL15M-26APR031215-15
[Market] YES=0.37 | NO=0.66 | Sum=1.03
==================================================
Balance: $159.02 | Regime: CHOP | Session: 1W/0L (100%) | PnL: $+4.28
[Cycle] No signal — YES=0.37 is between 0.30 and 0.70, sum=1.03 >= 0.97

==================================================
OpenClaw SOL Bot v4.0 — LIVE
[Startup] Live balance synced: $159.02
Balance: $159.02 | MaxBet: $15.90 | Threshold: <0.30 or >0.70
==================================================

[Startup] Resting orders cleared
[Ticker] KXSOL15M-26APR031215-15
[Market] YES=0.11 | NO=0.92 | Sum=1.03
==================================================
Balance: $159.02 | Regime: CHOP | Session: 0W/0L (0%) | PnL: $+0.00
[Confidence] Score=6/10 | strong_edge,coinbase_weak,all3_agree,peak_hour
[Timing] Window 11 min old — skipping
[Cycle] No signal — YES=0.11 is between 0.30 and 0.70, sum=1.03 >= 0.97
[Ticker] KXSOL15M-26APR031215-15
[Market] YES=0.34 | NO=0.70 | Sum=1.04
==================================================
Balance: $159.02 | Regime: CHOP | Session: 0W/0L (0%) | PnL: $+0.00
[Cycle] No signal — YES=0.34 is between 0.30 and 0.70, sum=1.04 >= 0.97
[Ticker] KXSOL15M-26APR031215-15
[Market] YES=0.36 | NO=0.67 | Sum=1.03
==================================================
Balance: $159.02 | Regime: CHOP | Session: 0W/0L (0%) | PnL: $+0.00
[Cycle] No signal — YES=0.36 is between 0.30 and 0.70, sum=1.03 >= 0.97
[Ticker] KXSOL15M-26APR031215-15
[Market] YES=0.02 | NO=0.99 | Sum=1.01
==================================================
Balance: $159.02 | Regime: CHOP | Session: 0W/0L (0%) | PnL: $+0.00
[Confidence] Score=7/10 | extreme_edge,coinbase_weak,all3_agree,peak_hour
[Timing] Window 14 min old — skipping
[Cycle] No signal — YES=0.02 is between 0.30 and 0.70, sum=1.01 >= 0.97
[Ticker] KXSOL15M-26APR031230-30
[Market] YES=0.55 | NO=0.47 | Sum=1.02
==================================================
Balance: $159.02 | Regime: CHOP | Session: 0W/0L (0%) | PnL: $+0.00
[Cycle] No signal — YES=0.55 is between 0.30 and 0.70, sum=1.02 >= 0.97
[Ticker] KXSOL15M-26APR031230-30
[Market] YES=0.64 | NO=0.38 | Sum=1.02
==================================================
Balance: $159.02 | Regime: CHOP | Session: 0W/0L (0%) | PnL: $+0.00
[Cycle] No signal — YES=0.64 is between 0.30 and 0.70, sum=1.02 >= 0.97
[Ticker] KXSOL15M-26APR031230-30
[Market] YES=0.62 | NO=0.43 | Sum=1.05
==================================================
Balance: $159.02 | Regime: CHOP | Session: 0W/0L (0%) | PnL: $+0.00
[Cycle] No signal — YES=0.62 is between 0.30 and 0.70, sum=1.05 >= 0.97
[Ticker] KXSOL15M-26APR031230-30
[Market] YES=0.71 | NO=0.33 | Sum=1.04
==================================================
Balance: $159.02 | Regime: CHOP | Session: 0W/0L (0%) | PnL: $+0.00
[Confidence] Score=4/10 | moderate_edge,coinbase_weak,2of3_agree,peak_hour
[Signal] UP candidate | yes=0.71 | waiting (1/2)
[Cycle] No signal — YES=0.71 is between 0.30 and 0.70, sum=1.04 >= 0.97
[Ticker] KXSOL15M-26APR031230-30
[Market] YES=0.75 | NO=0.29 | Sum=1.04
==================================================
Balance: $159.02 | Regime: CHOP | Session: 0W/0L (0%) | PnL: $+0.00
[Confidence] Score=3/10 | moderate_edge,coinbase_weak,peak_hour
[Coinbase] Confirms UP | $80 gap=+0 (0.11%)
[Correlation] Markets diverging — bet trimmed
[Signal] CONFIRMED UP | yes=0.75 | edge=0.25 | bet=$3.58
[Order] KXSOL15M-26APR031230-30 | yes | count=7 | $3.58
[Order] Failed: (400)
Reason: Bad Request
HTTP response headers: HTTPHeaderDict({'Content-Type': 'application/json; charset=utf-8', 'Content-Length': '166', 'Connection': 'keep-alive', 'Date': 'Fri, 03 Apr 2026 16:19:45 GMT', 'x-content-type-options': 'nosniff', 'content-security-policy': "default-src 'none';", 'strict-transport-security': 'max-age=31536000; includeSubDomains', 'X-Cache': 'Error from cloudfront', 'Via': '1.1 e82b8f8953c90f58ae3b2feee6b64b70.cloudfront.net (CloudFront)', 'X-Amz-Cf-Pop': 'JFK50-P1', 'X-Amz-Cf-Id': 'Cu3rYpr6W6hT3lz1hwexOyhaNPgwvJ_NuTDIjBnFCIcWSqytYwcpIQ=='})
HTTP response body: {"error":{"code":"invalid_order","message":"invalid order","details":"exactly one of yes_price, no_price, yes_price_dollars, or no_price_dollars should be provided"}}

[Cycle] No signal — YES=0.75 is between 0.30 and 0.70, sum=1.04 >= 0.97
[Cooldown] 2 cycles remaining
[Cooldown] 1 cycles remaining
[Ticker] KXSOL15M-26APR031230-30
[Market] YES=0.88 | NO=0.14 | Sum=1.02
==================================================
Balance: $159.02 | Regime: CHOP | Session: 0W/0L (0%) | PnL: $+0.00
[Confidence] Score=4/10 | strong_edge,coinbase_weak,peak_hour
[Timing] Window 7 min old — skipping
[Cycle] No signal — YES=0.88 is between 0.30 and 0.70, sum=1.02 >= 0.97
[Ticker] KXSOL15M-26APR031230-30
[Market] YES=0.92 | NO=0.11 | Sum=1.03
==================================================
Balance: $159.02 | Regime: CHOP | Session: 0W/0L (0%) | PnL: $+0.00
[Confidence] Score=4/10 | strong_edge,coinbase_weak,peak_hour
[Timing] Window 8 min old — skipping
[Cycle] No signal — YES=0.92 is between 0.30 and 0.70, sum=1.03 >= 0.97
[Ticker] KXSOL15M-26APR031230-30
[Market] YES=0.93 | NO=0.09 | Sum=1.02
==================================================
Balance: $159.02 | Regime: CHOP | Session: 0W/0L (0%) | PnL: $+0.00
[Confidence] Score=4/10 | strong_edge,coinbase_weak,peak_hour
[Timing] Window 9 min old — skipping
[Cycle] No signal — YES=0.93 is between 0.30 and 0.70, sum=1.02 >= 0.97
[Ticker] KXSOL15M-26APR031230-30
[Market] YES=0.98 | NO=0.04 | Sum=1.02
==================================================
Balance: $159.02 | Regime: CHOP | Session: 0W/0L (0%) | PnL: $+0.00
[Confidence] Score=5/10 | extreme_edge,coinbase_weak,peak_hour
[Timing] Window 10 min old — skipping
[Cycle] No signal — YES=0.98 is between 0.30 and 0.70, sum=1.02 >= 0.97
[Ticker] KXSOL15M-26APR031230-30
[Market] YES=0.99 | NO=0.01 | Sum=1.00
==================================================
Balance: $159.02 | Regime: CHOP | Session: 0W/0L (0%) | PnL: $+0.00
[Confidence] Score=5/10 | extreme_edge,coinbase_weak,peak_hour
[Timing] Window 11 min old — skipping
[Cycle] No signal — YES=0.99 is between 0.30 and 0.70, sum=1.00 >= 0.97
[Ticker] KXSOL15M-26APR031230-30
[Market] YES=1.00 | NO=0.01 | Sum=1.00
==================================================
Balance: $159.02 | Regime: CHOP | Session: 0W/0L (0%) | PnL: $+0.00
[Confidence] Score=5/10 | extreme_edge,coinbase_weak,peak_hour
[Timing] Window 12 min old — skipping
[Cycle] No signal — YES=1.00 is between 0.30 and 0.70, sum=1.00 >= 0.97
[Ticker] KXSOL15M-26APR031230-30
[Market] YES=1.00 | NO=0.01 | Sum=1.00
==================================================
Balance: $159.02 | Regime: CHOP | Session: 0W/0L (0%) | PnL: $+0.00
[Confidence] Score=5/10 | extreme_edge,coinbase_weak,peak_hour
[Timing] Window 13 min old — skipping
[Cycle] No signal — YES=1.00 is between 0.30 and 0.70, sum=1.00 >= 0.97
[Ticker] KXSOL15M-26APR031230-30
[Market] YES=1.00 | NO=0.00 | Sum=1.00
==================================================
Balance: $159.02 | Regime: CHOP | Session: 0W/0L (0%) | PnL: $+0.00
[Confidence] Score=5/10 | extreme_edge,coinbase_weak,peak_hour
[Timing] Window 14 min old — skipping
[Cycle] No signal — YES=1.00 is between 0.30 and 0.70, sum=1.00 >= 0.97
[Ticker] KXSOL15M-26APR031245-45
[Market] YES=0.64 | NO=0.41 | Sum=1.05
==================================================
Balance: $159.02 | Regime: CHOP | Session: 0W/0L (0%) | PnL: $+0.00
[Cycle] No signal — YES=0.64 is between 0.30 and 0.70, sum=1.05 >= 0.97
[Ticker] KXSOL15M-26APR031245-45
[Market] YES=0.78 | NO=0.23 | Sum=1.01
==================================================
Balance: $159.02 | Regime: CHOP | Session: 0W/0L (0%) | PnL: $+0.00
[Confidence] Score=3/10 | moderate_edge,coinbase_weak,peak_hour
[Signal] UP candidate | yes=0.78 | waiting (1/2)
[Cycle] No signal — YES=0.78 is between 0.30 and 0.70, sum=1.01 >= 0.97
[Ticker] KXSOL15M-26APR031245-45
[Market] YES=0.79 | NO=0.22 | Sum=1.01
==================================================
Balance: $159.02 | Regime: CHOP | Session: 0W/0L (0%) | PnL: $+0.00
[Confidence] Score=3/10 | moderate_edge,coinbase_weak,peak_hour
[Coinbase] Confirms UP | $81 gap=+0 (0.21%)
[Correlation] 2/3 agree UP
[Signal] CONFIRMED UP | yes=0.79 | edge=0.29 | bet=$4.61
[Order] KXSOL15M-26APR031245-45 | yes | count=9 | $4.61
[Order] Failed: (400)
Reason: Bad Request
HTTP response headers: HTTPHeaderDict({'Content-Type': 'application/json; charset=utf-8', 'Content-Length': '166', 'Connection': 'keep-alive', 'Date': 'Fri, 03 Apr 2026 16:32:45 GMT', 'x-content-type-options': 'nosniff', 'content-security-policy': "default-src 'none';", 'strict-transport-security': 'max-age=31536000; includeSubDomains', 'X-Cache': 'Error from cloudfront', 'Via': '1.1 b4d4149b3eab97748926fd7af4eba404.cloudfront.net (CloudFront)', 'X-Amz-Cf-Pop': 'JFK50-P1', 'X-Amz-Cf-Id': 'qX8urvJw4Yw0JtrJ0TbZrZztoMjFZMAwkwL7F6KiDwSvLL1JbKRw_g=='})
HTTP response body: {"error":{"code":"invalid_order","message":"invalid order","details":"exactly one of yes_price, no_price, yes_price_dollars, or no_price_dollars should be provided"}}

[Cycle] No signal — YES=0.79 is between 0.30 and 0.70, sum=1.01 >= 0.97
[Cooldown] 2 cycles remaining
[Cooldown] 1 cycles remaining
[Ticker] KXSOL15M-26APR031245-45
[Market] YES=0.68 | NO=0.33 | Sum=1.01
==================================================
Balance: $159.02 | Regime: CHOP | Session: 0W/0L (0%) | PnL: $+0.00
[Cycle] No signal — YES=0.68 is between 0.30 and 0.70, sum=1.01 >= 0.97
[Ticker] KXSOL15M-26APR031245-45
[Market] YES=0.84 | NO=0.19 | Sum=1.03
==================================================
Balance: $159.02 | Regime: CHOP | Session: 0W/0L (0%) | PnL: $+0.00
[Confidence] Score=4/10 | strong_edge,coinbase_weak,peak_hour
[Timing] Window 6 min old — skipping
[Cycle] No signal — YES=0.84 is between 0.30 and 0.70, sum=1.03 >= 0.97
[Ticker] KXSOL15M-26APR031245-45
[Market] YES=0.61 | NO=0.43 | Sum=1.04
==================================================
Balance: $159.02 | Regime: CHOP | Session: 0W/0L (0%) | PnL: $+0.00
[Cycle] No signal — YES=0.61 is between 0.30 and 0.70, sum=1.04 >= 0.97
[Ticker] KXSOL15M-26APR031245-45
[Market] YES=0.68 | NO=0.36 | Sum=1.04
==================================================
Balance: $159.02 | Regime: CHOP | Session: 0W/0L (0%) | PnL: $+0.00
[Cycle] No signal — YES=0.68 is between 0.30 and 0.70, sum=1.04 >= 0.97
[Ticker] KXSOL15M-26APR031245-45
[Market] YES=0.70 | NO=0.35 | Sum=1.05
==================================================
Balance: $159.02 | Regime: CHOP | Session: 0W/0L (0%) | PnL: $+0.00
[Cycle] No signal — YES=0.70 is between 0.30 and 0.70, sum=1.05 >= 0.97
[Ticker] KXSOL15M-26APR031245-45
[Market] YES=0.51 | NO=0.50 | Sum=1.01
==================================================
Balance: $159.02 | Regime: CHOP | Session: 0W/0L (0%) | PnL: $+0.00
[Cycle] No signal — YES=0.51 is between 0.30 and 0.70, sum=1.01 >= 0.97
[Ticker] KXSOL15M-26APR031245-45
[Market] YES=0.83 | NO=0.18 | Sum=1.01
==================================================
Balance: $159.02 | Regime: CHOP | Session: 0W/0L (0%) | PnL: $+0.00
[Confidence] Score=4/10 | strong_edge,coinbase_weak,peak_hour
[Timing] Window 11 min old — skipping
[Cycle] No signal — YES=0.83 is between 0.30 and 0.70, sum=1.01 >= 0.97
[Ticker] KXSOL15M-26APR031245-45
[Market] YES=0.57 | NO=0.48 | Sum=1.05
==================================================
Balance: $159.02 | Regime: CHOP | Session: 0W/0L (0%) | PnL: $+0.00
[Cycle] No signal — YES=0.57 is between 0.30 and 0.70, sum=1.05 >= 0.97
[Ticker] KXSOL15M-26APR031245-45
[Market] YES=0.22 | NO=0.81 | Sum=1.03
==================================================
Balance: $159.02 | Regime: CHOP | Session: 0W/0L (0%) | PnL: $+0.00
[Confidence] Score=4/10 | moderate_edge,coinbase_weak,2of3_agree,peak_hour
[Timing] Window 13 min old — skipping
[Cycle] No signal — YES=0.22 is between 0.30 and 0.70, sum=1.03 >= 0.97
[Ticker] KXSOL15M-26APR031245-45
[Market] YES=0.01 | NO=1.00 | Sum=1.00
==================================================
Balance: $159.02 | Regime: CHOP | Session: 0W/0L (0%) | PnL: $+0.00
[Confidence] Score=7/10 | extreme_edge,coinbase_weak,all3_agree,peak_hour
[Timing] Window 14 min old — skipping
[Cycle] No signal — YES=0.01 is between 0.30 and 0.70, sum=1.00 >= 0.97
[Ticker] KXSOL15M-26APR031300-00
[Market] YES=0.68 | NO=0.48 | Sum=1.16
==================================================
Balance: $159.02 | Regime: CHOP | Session: 0W/0L (0%) | PnL: $+0.00
[Cycle] No signal — YES=0.68 is between 0.30 and 0.70, sum=1.16 >= 0.97
[Ticker] KXSOL15M-26APR031300-00
[Market] YES=0.62 | NO=0.42 | Sum=1.04
==================================================
Balance: $159.02 | Regime: CHOP | Session: 0W/0L (0%) | PnL: $+0.00
[Cycle] No signal — YES=0.62 is between 0.30 and 0.70, sum=1.04 >= 0.97
[Ticker] KXSOL15M-26APR031300-00
[Market] YES=0.62 | NO=0.39 | Sum=1.01
==================================================
Balance: $159.02 | Regime: CHOP | Session: 0W/0L (0%) | PnL: $+0.00
[Cycle] No signal — YES=0.62 is between 0.30 and 0.70, sum=1.01 >= 0.97
