nohup: ignoring input
🐋 OpenClaw Whale Scanner v3 starting...
Alert >= $2,000 | Scan every 15s
[18:00:37] 🐋 YES $2,680.00 | KXMLBGAME-26APR031305LADWSH-LAD
[18:03:09] 🐋 YES $2,067.56 | KXMLBGAME-26APR031335MIANYY-NYY
[18:04] Whales: 2 | Vol: $4,748
[18:05:25] 🐋 YES $5,757.90 | KXATPMATCH-26APR03TIEBUR-BUR
[18:05:25] 🐋 YES $5,817.90 | KXATPMATCH-26APR03TIEBUR-BUR
[18:06:25] 🐋 YES $2,461.68 | KXLIGUE1GAME-26APR03PSGTFC-PSG
[18:06:55] 🐋 YES $6,580.53 | KXWTAMATCH-26APR03ORTRIE-ORT
[18:07:26] 🐋 NO $4,516.28 | KXMLBGAME-26APR031305LADWSH-WSH
[18:08:11] 🐋 YES $3,024.56 | KXATPMATCH-26APR03TIEBUR-BUR
[18:09:57] 🐋 NO $3,600.00 | KXMLBGAME-26APR031305LADWSH-WSH
[18:09:57] 🐋 NO $2,945.70 | KXMLBGAME-26APR031305LADWSH-WSH
[18:09] Whales: 10 | Vol: $39,452
[18:10:57] 🐋 YES $5,270.94 | KXATPMATCH-26APR03TIEBUR-BUR
[18:12:43] 🐋 YES $2,785.38 | KXMLBGAME-26APR031335MIANYY-NYY
[18:14] Whales: 12 | Vol: $47,508
[18:15:14] 🐋 YES $2,031.26 | KXLIGUE1GAME-26APR03PSGTFC-PSG
[18:17:15] 🐋 YES $3,560.97 | KXMLBGAME-26APR031305LADWSH-LAD
[18:18:16] 🐋 YES $6,396.00 | KXMLBGAME-26APR031335MIANYY-NYY
[18:19:31] 🐋 YES $7,700.00 | KXNCAAWBGAME-26APR03SCARCONN-CONN
[18:19:31] 🐋 YES $2,310.00 | KXNCAAWBGAME-26APR03SCARCONN-CONN
[18:19:31] 🐋 YES $5,558.63 | KXNCAAWBGAME-26APR03SCARCONN-CONN
[18:19:46] 🐋 NO $3,555.20 | KXATPMATCH-26APR03TIEBUR-TIE
[18:19:46] 🐋 YES $2,450.00 | KXMLBGAME-26APR031305LADWSH-LAD
[18:19:46] 🐋 YES $5,353.92 | KXATPMATCH-26APR03TIEBUR-BUR
[18:19:46] 🐋 YES $2,478.96 | KXATPMATCH-26APR03TIEBUR-BUR
[18:20:02] 🐋 YES $3,989.92 | KXATPMATCH-26APR03TIEBUR-BUR
[18:20] Whales: 23 | Vol: $92,893
[18:20:47] 🐋 NO $4,950.00 | KXMLBGAME-26APR031305LADWSH-WSH
[18:21:32] 🐋 NO $48,000.00 | KXPGATOUR-VATO26-TFLE
[18:21:32] 🐋 NO $9,600.00 | KXPGATOUR-VATO26-TFLE
[18:21:32] 🐋 NO $19,400.00 | KXPGATOUR-VATO26-TFLE
[18:21:32] 🐋 NO $7,505.86 | KXPGATOUR-VATO26-TFLE
[18:21:32] 🐋 NO $5,516.16 | KXPGATOUR-VATO26-TFLE
[18:22:03] 🐋 YES $6,622.56 | KXMLBGAME-26APR031410SDBOS-BOS
[18:22:18] 🐋 YES $2,003.22 | KXNBAGAME-26APR03MINPHI-PHI
[18:22:33] 🐋 NO $4,683.84 | KXAAAGASW-26APR06-4.140
[18:23:03] 🐋 YES $2,447.28 | KXMLBGAME-26APR031305LADWSH-LAD
[18:23:18] 🐋 NO $2,954.00 | KXMLBGAME-26APR021610TORCWS-TOR
[18:23:18] 🐋 YES $4,843.44 | KXNBAGAME-26APR03MINPHI-PHI
[18:23:48] 🐋 NO $5,499.45 | KXAAAGASW-26APR06-4.200
[18:23:48] 🐋 NO $8,799.12 | KXAAAGASW-26APR06-4.200
[18:23:48] 🐋 NO $2,132.00 | KXMLBGAME-26APR021610TORCWS-TOR
[18:24:34] 🐋 YES $2,490.00 | KXMLBGAME-26APR031310STLDET-DET
[18:24:34] 🐋 YES $2,490.00 | KXMLBGAME-26APR031310STLDET-DET
[18:24:34] 🐋 YES $2,443.52 | KXMLBGAME-26APR031310STLDET-DET
[18:24:34] 🐋 YES $3,320.00 | KXMLBGAME-26APR031310STLDET-DET
[18:24:34] 🐋 YES $2,490.00 | KXMLBGAME-26APR031310STLDET-DET
[18:24:34] 🐋 YES $3,528.91 | KXLIGUE1GAME-26APR03PSGTFC-PSG
[18:25:04] 🐋 YES $2,542.32 | KXMLBGAME-26APR031305LADWSH-LAD
[18:25:04] 🐋 NO $2,292.68 | KXMVECROSSCATEGORY-S2026561C865BF5A-132948C80A8
[18:25] Whales: 46 | Vol: $249,448
[18:25:34] 🐋 YES $2,360.12 | KXMVESPORTSMULTIGAMEEXTENDED-S2026ECF6F5EABAE-341C5AC7D72
[18:26:20] 🐋 YES $4,401.54 | KXPGATOUR-VATO26-RMAC
[18:27:35] 🐋 YES $4,031.10 | KXPGATOUR-VATO26-RMAC
[18:27:35] 🐋 YES $2,722.16 | KXPGATOUR-VATO26-RMAC
[18:27:50] 🐋 NO $2,341.18 | KXMLBSPREAD-26APR031310STLDET-DET3
[18:28:21] 🐋 YES $19,800.00 | KXMLBGAME-26APR031305LADWSH-LAD
[18:28:51] 🐋 NO $2,300.00 | KXATPMATCH-26APR03TIEBUR-TIE
[18:30:07] 🐋 YES $4,396.59 | KXMLBGAME-26APR031305LADWSH-LAD
[18:30] Whales: 54 | Vol: $291,800
[18:30:37] 🐋 NO $3,858.45 | KXATPMATCH-26APR03TIEBUR-TIE
[18:31:07] 🐋 YES $2,277.88 | KXMLBGAME-26APR021610TORCWS-TOR
[18:31:22] 🐋 YES $2,803.68 | KXATPMATCH-26APR03TIEBUR-BUR
[18:33:39] 🐋 YES $2,540.76 | KXATPMATCH-26APR03TIEBUR-BUR
[18:34:54] 🐋 YES $3,427.60 | KXWTAMATCH-26APR03KEYBEN-BEN
[18:35] Whales: 59 | Vol: $306,709
[18:39:11] 🐋 YES $3,093.14 | KXMLBGAME-26APR031410SDBOS-BOS
[18:39:42] 🐋 YES $2,350.00 | KXATPMATCH-26APR03TIEBUR-BUR
[18:39:42] 🐋 YES $3,773.01 | KXATPMATCH-26APR03TIEBUR-BUR
[18:39:42] 🐋 YES $6,435.60 | KXATPMATCH-26APR03TIEBUR-BUR
[18:39:42] 🐋 YES $5,654.40 | KXATPMATCH-26APR03TIEBUR-BUR
[18:39:57] 🐋 YES $4,498.95 | KXATPCHALLENGERMATCH-26APR03DEVSAR-SAR
[18:40] Whales: 65 | Vol: $332,514
[18:40:27] 🐋 YES $3,809.88 | KXWTAMATCH-26APR03JOVKAL-KAL
[18:41:43] 🐋 YES $2,220.00 | KXWTAMATCH-26APR03BOUSEM-BOU
[18:41:43] 🐋 YES $5,550.00 | KXWTAMATCH-26APR03BOUSEM-BOU
[18:42:13] 🐋 YES $3,680.00 | KXMLBGAME-26APR031335MIANYY-NYY
[18:43:13] 🐋 NO $2,910.00 | KXATPMATCH-26APR03TIEBUR-TIE
[18:43:28] 🐋 YES $3,541.20 | KXWTAMATCH-26APR03KEYBEN-BEN
[18:44:14] 🐋 YES $4,825.77 | KXATPCHALLENGERMATCH-26APR03DEVSAR-SAR
[18:44:14] 🐋 YES $2,497.98 | KXATPCHALLENGERMATCH-26APR03DEVSAR-SAR
[18:44:29] 🐋 YES $2,262.26 | KXATPCHALLENGERMATCH-26APR03DEVSAR-SAR
[18:44:44] 🐋 YES $6,072.40 | KXATPCHALLENGERMATCH-26APR03DEVSAR-SAR
[18:44:44] 🐋 YES $6,574.00 | KXATPCHALLENGERMATCH-26APR03DEVSAR-SAR
[18:44:44] 🐋 YES $6,504.80 | KXATPCHALLENGERMATCH-26APR03DEVSAR-SAR
[18:44:44] 🐋 YES $6,667.42 | KXATPCHALLENGERMATCH-26APR03DEVSAR-SAR
[18:44:44] 🐋 YES $2,496.42 | KXATPMATCH-26APR03ALTMAR-MAR
[18:44:44] 🐋 NO $2,610.00 | KXMARMAD-26-CONN
[18:45:14] 🐋 YES $2,120.00 | KXMLBGAME-26APR031410SDBOS-BOS
[18:45:14] 🐋 YES $4,017.64 | KXNBAGAME-26APR03INDCHA-CHA
[18:45] Whales: 82 | Vol: $400,874
[18:46:45] 🐋 YES $3,180.60 | KXATPCHALLENGERMATCH-26APR03DEVSAR-SAR
[18:47:31] 🐋 NO $2,409.20 | KXATPCHALLENGERMATCH-26APR03DEVSAR-DEV
[18:47:46] 🐋 YES $3,760.00 | KXMLBGAME-26APR031310STLDET-DET
[18:47:46] 🐋 YES $2,820.00 | KXMLBGAME-26APR031310STLDET-DET
[18:47:46] 🐋 YES $7,520.00 | KXMLBGAME-26APR031310STLDET-DET
[18:47:46] 🐋 YES $2,035.10 | KXMLBGAME-26APR031310STLDET-DET
[18:47:46] 🐋 YES $2,820.00 | KXMLBGAME-26APR031310STLDET-DET
[18:47:46] 🐋 YES $2,820.00 | KXMLBGAME-26APR031310STLDET-DET
[18:48:46] 🐋 YES $5,515.70 | KXATPCHALLENGERMATCH-26APR03DEVSAR-SAR
[18:50:02] 🐋 YES $4,611.87 | KXWTAMATCH-26APR03KEYBEN-BEN
[18:50] Whales: 92 | Vol: $438,366
[18:53:19] 🐋 NO $3,577.36 | KXSAUDIPLGAME-26APR03ALNNAJ-NAJ
[18:53:49] 🐋 YES $6,316.95 | KXATPMATCH-26APR03SHETIR-SHE
[18:54:04] 🐋 YES $4,082.80 | KXWTAMATCH-26APR03KEYBEN-BEN
[18:54:49] 🐋 YES $2,564.56 | KXLAYOFFSYINFO-26-494000
[18:54:49] 🐋 YES $2,265.98 | KXLAYOFFSYINFO-26-494000
[18:54:49] 🐋 YES $2,295.02 | KXMLBGAME-26APR031335MIANYY-NYY
[18:54:49] 🐋 YES $3,640.00 | KXMLBGAME-26APR031335MIANYY-NYY
[18:54:49] 🐋 YES $3,640.00 | KXMLBGAME-26APR031335MIANYY-NYY
[18:55:04] 🐋 YES $2,419.20 | KXWTAMATCH-26APR03KEYBEN-BEN
[18:55:20] 🐋 YES $4,738.41 | KXMLBGAME-26APR031410SDBOS-BOS
[18:55] Whales: 102 | Vol: $473,906
[18:57:21] 🐋 YES $2,037.75 | KXLAYOFFSYINFO-26-494000
[18:58:06] 🐋 YES $2,447.76 | KXMLBGAME-26APR031310STLDET-DET
[18:58:21] 🐋 YES $2,845.92 | KXMVESPORTSMULTIGAMEEXTENDED-S2026DBF1BBF9A5E-33D9938F507
[18:58:36] 🐋 YES $2,466.24 | KXBTCD-26APR0315-T66799.99
[18:59:22] 🐋 YES $2,458.60 | KXLIGUE1GAME-26APR03PSGTFC-PSG
[18:59:52] 🐋 YES $4,620.00 | KXNCAAWBGAME-26APR03SCARCONN-CONN
[19:00:07] 🐋 NO $2,055.24 | KXWTAMATCH-26APR03KEYBEN-KEY
[19:00] Whales: 109 | Vol: $492,838
[19:00:53] 🐋 YES $2,044.00 | KXATPMATCH-26APR03SHETIR-SHE
[19:01:08] 🐋 YES $3,428.00 | KXLAYOFFSYINFO-26-494000
[19:01:38] 🐋 YES $9,679.07 | KXMVECROSSCATEGORY-S202680A9F63F2C1-97FFCF63A9C
[19:03:24] 🐋 YES $3,428.00 | KXLAYOFFSYINFO-26-494000
[19:03:39] 🐋 NO $19,900.00 | KXMVESPORTSMULTIGAMEEXTENDED-S20263054FF9F8CE-F258EFC5350
[19:05] Whales: 114 | Vol: $531,317
[19:06:25] 🐋 YES $3,125.85 | KXWTAMATCH-26APR03BOUSEM-BOU
[19:08:42] 🐋 YES $2,571.00 | KXLAYOFFSYINFO-26-494000
[19:08:42] 🐋 YES $3,906.21 | KXLAYOFFSYINFO-26-494000
[19:08:42] 🐋 YES $2,956.65 | KXLAYOFFSYINFO-26-494000
[19:09:57] 🐋 YES $2,469.75 | KXLIGUE1GAME-26APR03PSGTFC-PSG
[19:10] Whales: 119 | Vol: $546,346
[19:11:28] 🐋 YES $2,647.80 | KXMLBGAME-26APR031335MIANYY-NYY
[19:12:59] 🐋 YES $2,720.24 | KXLIGUE1GAME-26APR03PSGTFC-PSG
[19:15] Whales: 121 | Vol: $551,714
[19:16:15] 🐋 YES $2,614.80 | KXLAYOFFSYINFO-26-494000
[19:17:01] 🐋 YES $2,289.84 | KXMLBGAME-26APR031410SDBOS-SD
[19:17:46] 🐋 YES $4,810.83 | KXMLBGAME-26APR031945MILKC-MIL
[19:19:17] 🐋 NO $2,372.22 | KXNCAAWBSPREAD-26APR03SCARCONN-CONN6
[19:20] Whales: 125 | Vol: $563,802
[19:20:48] 🐋 YES $2,048.76 | KXWTAMATCH-26APR03KEYBEN-BEN
[19:21:48] 🐋 NO $3,080.00 | KXMLBTOTAL-26APR031335MIANYY-11
[19:22:49] 🐋 YES $2,039.83 | KXMLBSPREAD-26APR031310STLDET-DET4
[19:24:19] 🐋 YES $12,060.00 | KXMVECROSSCATEGORY-S20261073E8C0972-DADA28EE70F
[19:24:50] 🐋 YES $4,171.86 | KXATPMATCH-26APR03SHETIR-SHE
[19:25:05] 🐋 YES $2,925.00 | KXMLBGAME-26APR031410SDBOS-BOS
[19:25] Whales: 131 | Vol: $590,128
[19:26:20] 🐋 NO $2,666.08 | KXWTAMATCH-26APR03KEYBEN-BEN
[19:27:51] 🐋 YES $11,640.00 | KXMVECROSSCATEGORY-S20261073E8C0972-DADA28EE70F
[19:27:51] 🐋 NO $5,136.55 | KXWTAMATCH-26APR03KEYBEN-BEN
[19:29:07] 🐋 YES $3,670.70 | KXMLBGAME-26APR031310STLDET-DET
[19:29:52] 🐋 YES $3,205.08 | KXWTAMATCH-26APR03BOUSEM-BOU
[19:30:22] 🐋 YES $5,767.25 | KXWTAMATCH-26APR03BOUSEM-BOU
[19:30] Whales: 137 | Vol: $622,213
[19:31:23] 🐋 NO $4,616.48 | KXWTAMATCH-26APR03KEYBEN-BEN
[19:31:23] 🐋 NO $5,518.62 | KXWTAMATCH-26APR03KEYBEN-BEN
[19:31:53] 🐋 NO $2,148.46 | KXWTAMATCH-26APR03KEYBEN-BEN
[19:32:54] 🐋 YES $4,950.00 | KXMLBGAME-26APR031310STLDET-DET
[19:32:54] 🐋 YES $4,950.00 | KXMLBGAME-26APR031310STLDET-DET
[19:32:54] 🐋 YES $2,603.36 | KXNCAAMBGAME-26APR04MICHARIZ-MICH
[19:33:09] 🐋 YES $2,022.88 | KXMLBGAME-26APR031335MIANYY-NYY
[19:33:24] 🐋 YES $3,760.00 | KXMLBGAME-26APR031335MIANYY-NYY
[19:33:24] 🐋 YES $2,820.00 | KXMLBGAME-26APR031335MIANYY-NYY
[19:33:24] 🐋 YES $3,421.60 | KXMLBGAME-26APR031335MIANYY-NYY
[19:33:24] 🐋 YES $2,820.00 | KXMLBGAME-26APR031335MIANYY-NYY
[19:33:24] 🐋 YES $2,820.00 | KXMLBGAME-26APR031335MIANYY-NYY
[19:33:24] 🐋 YES $2,820.00 | KXMLBGAME-26APR031335MIANYY-NYY
[19:33:24] 🐋 YES $2,820.00 | KXMLBGAME-26APR031335MIANYY-NYY
[19:33:24] 🐋 YES $3,760.00 | KXMLBGAME-26APR031335MIANYY-NYY
[19:33:24] 🐋 NO $2,350.00 | KXMLBGAME-26APR031335MIANYY-MIA
[19:33:24] 🐋 NO $7,440.00 | KXMLBGAME-26APR031335MIANYY-MIA
[19:33:24] 🐋 NO $3,800.00 | KXMLBGAME-26APR031335MIANYY-MIA
[19:33:24] 🐋 NO $3,760.00 | KXMLBGAME-26APR031335MIANYY-MIA
[19:33:24] 🐋 YES $3,760.00 | KXMLBGAME-26APR031335MIANYY-NYY
[19:33:24] 🐋 YES $7,520.00 | KXMLBGAME-26APR031335MIANYY-NYY
[19:33:24] 🐋 YES $6,367.56 | KXMLBGAME-26APR031335MIANYY-NYY
[19:33:24] 🐋 YES $2,011.60 | KXMLBGAME-26APR031335MIANYY-NYY
[19:33:24] 🐋 YES $2,350.00 | KXMLBGAME-26APR031335MIANYY-NYY
[19:33:24] 🐋 YES $2,820.00 | KXMLBGAME-26APR031335MIANYY-NYY
[19:35] Whales: 162 | Vol: $716,244
[19:36:26] 🐋 YES $6,568.80 | KXMARMAD-26-MICH
[19:36:56] 🐋 YES $2,011.95 | KXWTAMATCH-26APR03KEYBEN-KEY
[19:37:26] 🐋 YES $4,040.10 | KXWTAMATCH-26APR03KEYBEN-KEY
[19:39:42] 🐋 YES $4,008.90 | KXWTAMATCH-26APR03BOUSEM-BOU
[19:40] Whales: 166 | Vol: $732,874
[19:41:28] 🐋 YES $2,113.63 | KXWTAMATCH-26APR03KEYBEN-KEY
[19:41:58] 🐋 YES $3,349.44 | KXWTAMATCH-26APR03KEYBEN-KEY
[19:41:58] 🐋 YES $5,047.68 | KXWTAMATCH-26APR03KEYBEN-KEY
[19:43:44] 🐋 NO $14,400.00 | KXWTAMATCH-26APR03KEYBEN-BEN
[19:43:44] 🐋 NO $11,008.69 | KXMLBGAME-26APR021610TORCWS-TOR
[19:43:44] 🐋 NO $2,512.95 | KXWTAMATCH-26APR03KEYBEN-KEY
[19:45] Whales: 172 | Vol: $771,306
[19:47:31] 🐋 YES $2,850.25 | KXNCAAWBGAME-26APR03SCARCONN-SCAR
[19:48:16] 🐋 YES $4,912.05 | KXLAYOFFSYINFO-26-494000
[19:48:31] 🐋 YES $2,397.94 | KXMLBTOTAL-26APR031605CINTEX-9
[19:50:48] 🐋 YES $2,334.07 | KXMVECROSSCATEGORY-S202671273C00A6E-0BCE2316AC2
[19:50] Whales: 176 | Vol: $783,800
[19:52:03] 🐋 NO $3,960.00 | KXHIGHLAX-26APR03-B76.5
[19:52:33] 🐋 YES $2,987.32 | KXWTAMATCH-26APR03KEYBEN-KEY
[19:55] Whales: 178 | Vol: $790,748
[19:56:05] 🐋 YES $2,420.58 | KXMVECROSSCATEGORY-S2026A795EED7FF5-1FCC3DFC103
[19:56:05] 🐋 YES $2,365.23 | KXMLBGAME-26APR031610CHCCLE-CLE
[19:56:20] 🐋 YES $3,857.69 | KXWTAMATCH-26APR03KEYBEN-KEY
[19:56:35] 🐋 YES $8,760.82 | KXMLBGAME-26APR031605CINTEX-TEX
[19:57:36] 🐋 YES $3,388.55 | KXMLBGAME-26APR031605CINTEX-TEX
[20:00:07] 🐋 YES $2,250.12 | KXMLBGAME-26APR031610TBMIN-MIN
[20:00:52] 🐋 YES $3,065.48 | KXMLBSPREAD-26APR031605CINTEX-TEX2
[20:00] Whales: 185 | Vol: $816,856
[20:01:38] 🐋 NO $3,578.40 | KXMLBGAME-26APR021610TORCWS-TOR
[20:05:40] 🐋 YES $2,896.39 | KXMLBGAME-26APR031610CHCCLE-CLE
[20:05:40] 🐋 NO $4,308.48 | KXHMONTH-26MAR
[20:05] Whales: 188 | Vol: $827,639
[20:06:25] 🐋 YES $4,515.36 | KXMLBGAME-26APR031410SDBOS-BOS
[20:06:25] 🐋 YES $3,680.00 | KXMLBGAME-26APR031410SDBOS-BOS
[20:06:25] 🐋 YES $3,680.00 | KXMLBGAME-26APR031410SDBOS-BOS
[20:06:25] 🐋 YES $3,680.00 | KXMLBGAME-26APR031410SDBOS-BOS
[20:06:25] 🐋 YES $3,680.00 | KXMLBGAME-26APR031410SDBOS-BOS
[20:06:25] 🐋 YES $2,588.12 | KXLIGUE1GAME-26APR03PSGTFC-PSG
[20:07:41] 🐋 YES $4,257.00 | KXMLBGAME-26APR031610TBMIN-MIN
[20:08:57] 🐋 YES $2,940.80 | KXMVESPORTSMULTIGAMEEXTENDED-S2026BC80A741DD9-FD0A6C63A6A
[20:09:27] 🐋 YES $23,779.70 | KXMLBGAME-26APR031610CHCCLE-CLE
[20:10:43] 🐋 NO $2,097.00 | KXCITRINI-28JUL01
[20:10] Whales: 198 | Vol: $882,537
[20:12:44] 🐋 YES $3,549.91 | KXLIGUE1GAME-26APR03PSGTFC-PSG
[20:12:44] 🐋 YES $2,063.88 | KXLIGUE1GAME-26APR03PSGTFC-PSG
[20:15:00] 🐋 NO $2,851.86 | KXMLBTOTAL-26APR031335MIANYY-11
[20:16] Whales: 201 | Vol: $891,003
[20:18:16] 🐋 YES $4,736.59 | KXMVECROSSCATEGORY-S2026584779CC222-23390F2AE31
[20:19:47] 🐋 YES $4,845.15 | KXEUROLEAGUEGAME-26APR031430RMABVG-BVG
[20:21] Whales: 203 | Vol: $900,585
[20:22:18] 🐋 NO $4,120.38 | KXMVESPORTSMULTIGAMEEXTENDED-S20262A6475C08A7-6097ED71CC5
[20:24:50] 🐋 YES $2,140.35 | KXMLBGAME-26APR031610CHCCLE-CHC
[20:24:50] 🐋 YES $2,676.15 | KXMLBGAME-26APR031610CHCCLE-CHC
[20:25:05] 🐋 YES $3,042.90 | KXATPMATCH-26APR03SHETIR-SHE
[20:26] Whales: 207 | Vol: $912,564
[20:26:36] 🐋 YES $31,000.00 | KXNBAGAME-26APR03MINPHI-PHI
[20:27:21] 🐋 NO $3,458.76 | KXWTAMATCH-26APR03JOVKAL-KAL
[20:29:07] 🐋 NO $3,085.32 | KXCS2GAME-26APR041200EYEFAZE-FAZE
[20:29:52] 🐋 YES $3,880.00 | KXMLBGAME-26APR031610PHICOL-PHI
[20:29:52] 🐋 YES $3,880.00 | KXMLBGAME-26APR031610PHICOL-PHI
[20:29:52] 🐋 YES $3,880.00 | KXMLBGAME-26APR031610PHICOL-PHI
[20:30:07] 🐋 YES $2,888.66 | KXMLBGAME-26APR031610PHICOL-PHI
[20:30:53] 🐋 YES $2,046.80 | KXEFLCHAMPIONSHIPGAME-26APR03COVDER-COV
[20:31] Whales: 215 | Vol: $966,684
[20:31:23] 🐋 NO $4,840.96 | KXNBATOTAL-26APR03BOSMIL-221
[20:32:39] 🐋 NO $2,850.00 | KXMOVVAREDISTRICT-26APR21-NO-P1
[20:32:54] 🐋 YES $5,880.00 | KXMLBGAME-26APR031410SDBOS-BOS
[20:33:09] 🐋 YES $9,454.05 | KXNBASPREAD-26APR03ATLBKN-ATL18
[20:33:09] 🐋 YES $2,760.00 | KXNBASPREAD-26APR03ATLBKN-ATL18
[20:33:54] 🐋 YES $3,005.43 | KXWTAMATCH-26APR03JOVKAL-JOV
[20:35:25] 🐋 YES $4,896.54 | KXMLBGAME-26APR031410SDBOS-BOS
[20:35:25] 🐋 YES $2,520.00 | KXMLBGAME-26APR031605CINTEX-CIN
[20:36] Whales: 223 | Vol: $1,002,891
[20:37:11] 🐋 YES $2,092.35 | KXMLBGAME-26APR031605CINTEX-CIN
[20:38:12] 🐋 YES $3,370.08 | KXWTAMATCH-26APR03UDVKAW-KAW
[20:38:42] 🐋 YES $2,157.77 | KXMLBGAME-26APR031612BALPIT-BAL
[20:39:42] 🐋 YES $4,838.75 | KXLAYOFFSYINFO-26-494000
[20:40:28] 🐋 YES $2,395.12 | KXLALIGAGAME-26APR03RVCELC-RVC
[20:41:13] 🐋 YES $2,418.52 | KXATPMATCH-26APR03SHETIR-SHE
[20:41] Whales: 229 | Vol: $1,020,164
[20:42:59] 🐋 YES $5,867.76 | KXLALIGAGAME-26APR03RVCELC-RVC
[20:44:30] 🐋 NO $2,385.00 | KXMLBTOTAL-26APR031612BALPIT-9
[20:44:45] 🐋 YES $9,749.98 | KXMVECROSSCATEGORY-S20262AAF78A8122-56CFB8001EE
[20:46:01] 🐋 YES $2,120.00 | KXMLBGAME-26APR031610CHCCLE-CLE
[20:46:01] 🐋 YES $2,104.10 | KXMLBGAME-26APR031610CHCCLE-CLE
[20:46:01] 🐋 YES $2,120.00 | KXMLBGAME-26APR031610CHCCLE-CLE
[20:46] Whales: 235 | Vol: $1,044,510
[20:50:18] 🐋 YES $2,198.30 | KXMLBGAME-26APR031612BALPIT-PIT
[20:51:03] 🐋 NO $2,075.04 | KXCS2MAP-26APR031700BSTAHWGA-1-HWGA
[20:51] Whales: 237 | Vol: $1,048,784
[20:53:19] 🐋 NO $2,480.38 | KXCS2GAME-26APR041200EYEFAZE-FAZE
[20:54:04] 🐋 YES $3,798.48 | KXFACUPGAME-26APR04MCILFC-MCI
[20:54:04] 🐋 YES $6,596.61 | KXFACUPGAME-26APR04MCILFC-MCI
[20:54:19] 🐋 YES $3,540.00 | KXMLBGAME-26APR031610CHCCLE-CHC
[20:54:35] 🐋 NO $2,805.00 | KXPRESNOMD-28-JOSS
[20:56:20] 🐋 YES $2,568.06 | KXLIGAPORTUGALGAME-26APR03SPOSCL-SPO
[20:56] Whales: 243 | Vol: $1,070,572
[20:57:06] 🐋 NO $9,590.00 | KXBTCY-27JAN0100-B37500
[20:57:21] 🐋 YES $2,006.73 | KXLIGAPORTUGALGAME-26APR03SPOSCL-SPO
[20:57:51] 🐋 YES $4,450.00 | KXWTAMATCH-26APR03ARALEP-ARA
[20:57:51] 🐋 NO $2,320.00 | KXMLBGAME-26APR031605CINTEX-CIN
[20:59:22] 🐋 YES $2,119.32 | KXNBAGAME-26APR03MINPHI-PHI
[20:59:22] 🐋 YES $3,150.00 | KXNBAGAME-26APR03MINPHI-PHI
[20:59:22] 🐋 YES $4,902.66 | KXNBAGAME-26APR03MINPHI-PHI
[20:59:22] 🐋 YES $3,150.00 | KXNBAGAME-26APR03MINPHI-PHI
[21:00:38] 🐋 YES $3,132.52 | KXMLBGAME-26APR021610TORCWS-TOR
[21:00:53] 🐋 NO $4,537.44 | KXPGATOUR-VATO26-RMAC
[21:00:53] 🐋 NO $4,649.24 | KXPGATOUR-VATO26-RMAC
[21:01:08] 🐋 NO $10,654.16 | KXPGATOUR-VATO26-LABE
[21:01:08] 🐋 NO $7,235.36 | KXPGATOUR-VATO26-LABE
[21:01] Whales: 256 | Vol: $1,132,470
[21:02:24] 🐋 YES $2,074.58 | KXNBAGAME-26APR03UTAHOU-HOU
[21:03:54] 🐋 NO $2,046.33 | KXNBAMVP-26-LDON
[21:05:10] 🐋 YES $2,705.68 | KXMLBGAME-26APR031605CINTEX-TEX
[21:06] Whales: 259 | Vol: $1,139,296
[21:08:27] 🐋 YES $2,013.58 | KXWTAMATCH-26APR03ARALEP-ARA
[21:09:12] 🐋 YES $2,240.00 | KXMLBGAME-26APR031610CHCCLE-CHC
[21:09:12] 🐋 YES $2,436.28 | KXNCAAWBGAME-26APR03SCARCONN-CONN
[21:09:42] 🐋 NO $2,342.40 | KXWTAMATCH-26APR03ARALEP-LEP
[21:10:27] 🐋 YES $2,616.30 | KXMLBGAME-26APR031612BALPIT-PIT
[21:10:27] 🐋 YES $2,274.30 | KXMLBGAME-26APR031612BALPIT-PIT
[21:11] Whales: 265 | Vol: $1,153,219
[21:12:28] 🐋 YES $2,320.00 | KXMLBGAME-26APR031605CINTEX-TEX
[21:16] Whales: 266 | Vol: $1,155,539
[21:16:45] 🐋 YES $2,382.21 | KXMVESPORTSMULTIGAMEEXTENDED-S2026C9ED8593CC7-A1996CF5737
[21:16:45] 🐋 NO $3,959.01 | KXALBUMSALES-BUL-60000
[21:17:01] 🐋 NO $2,400.00 | KXNCAAWBGAME-26APR03SCARCONN-CONN
[21:21] Whales: 269 | Vol: $1,164,280
[21:22:48] 🐋 NO $2,040.78 | KXWTAMATCH-26APR03JOVKAL-JOV
[21:23:34] 🐋 NO $18,027.33 | KXMLBGAME-26APR031610TBMIN-MIN
[21:23:49] 🐋 YES $2,904.60 | KXWTAMATCH-26APR03JOVKAL-JOV
[21:24:19] 🐋 YES $4,278.69 | KXMLBGAME-26APR031610CHCCLE-CLE
[21:24:19] 🐋 YES $7,800.00 | KXMLBGAME-26APR031610CHCCLE-CLE
[21:24:19] 🐋 YES $3,120.00 | KXMLBGAME-26APR031610CHCCLE-CLE
[21:24:49] 🐋 NO $2,323.60 | KXATPMATCH-26APR03SHETIR-SHE
[21:26] Whales: 276 | Vol: $1,204,775
[21:29:52] 🐋 NO $2,246.09 | KXMVESPORTSMULTIGAMEEXTENDED-S2026F32A2C4AE6B-22BC2C03854
[21:30:37] 🐋 NO $4,446.26 | KXATPMATCH-26APR03SHETIR-SHE
[21:31] Whales: 278 | Vol: $1,211,468
[21:31:53] 🐋 YES $2,934.75 | KXATPMATCH-26APR03SHETIR-TIR
[21:31:53] 🐋 NO $5,887.70 | KXATPMATCH-26APR03SHETIR-SHE
[21:33:38] 🐋 NO $36,091.44 | KXATPMATCH-26APR03SHETIR-SHE
[21:34:54] 🐋 YES $2,850.00 | KXNCAAWBGAME-26APR03TEXUCLA-TEX
[21:35:09] 🐋 YES $5,468.92 | KXWTAMATCH-26APR03JOVKAL-JOV
[21:35:09] 🐋 YES $2,820.00 | KXWTAMATCH-26APR03JOVKAL-JOV
[21:35:39] 🐋 YES $2,949.75 | KXWTAMATCH-26APR03KESSTA-KES
[21:36:25] 🐋 YES $2,518.45 | KXWTAMATCH-26APR03JOVKAL-JOV
[21:36:25] 🐋 YES $6,854.25 | KXWTAMATCH-26APR03JOVKAL-JOV
[21:36] Whales: 287 | Vol: $1,279,843
[21:36:55] 🐋 YES $4,781.70 | KXWTAMATCH-26APR03JOVKAL-JOV
[21:36:55] 🐋 YES $5,670.72 | KXWTAMATCH-26APR03JOVKAL-JOV
[21:36:55] 🐋 YES $3,072.96 | KXWTAMATCH-26APR03JOVKAL-JOV
[21:37:10] 🐋 YES $2,546.88 | KXWTAMATCH-26APR03JOVKAL-JOV
[21:37:25] 🐋 YES $6,643.20 | KXWTAMATCH-26APR03JOVKAL-JOV
[21:37:41] 🐋 NO $2,370.57 | KXWTAMATCH-26APR03ARALEP-LEP
[21:38:11] 🐋 NO $2,952.78 | KXNBASPREAD-26APR03CHINYK-NYK16
[21:38:11] 🐋 NO $2,895.36 | KXNBASPREAD-26APR03CHINYK-NYK16
[21:38:41] 🐋 YES $2,320.00 | KXMLBGAME-26APR031610CHCCLE-CHC
[21:38:41] 🐋 YES $2,320.00 | KXMLBGAME-26APR031610CHCCLE-CHC
[21:39:42] 🐋 YES $3,452.06 | KXMVESPORTSMULTIGAMEEXTENDED-S2026F32A2C4AE6B-DADBE344B63
[21:40:12] 🐋 YES $13,779.92 | KXNCAAWBGAME-26APR03SCARCONN-CONN
[21:40:27] 🐋 YES $2,100.00 | KXMLBGAME-26APR031610CHCCLE-CHC
[21:40:27] 🐋 YES $4,421.90 | KXMLBGAME-26APR031610CHCCLE-CHC
[21:40:27] 🐋 YES $2,100.00 | KXMLBGAME-26APR031610CHCCLE-CHC
[21:40:27] 🐋 YES $2,081.80 | KXMLBGAME-26APR031610CHCCLE-CHC
[21:41] Whales: 303 | Vol: $1,343,353
[21:44:44] 🐋 YES $6,250.24 | KXBTCD-26APR0318-T66899.99
[21:44:59] 🐋 YES $2,460.15 | KXNCAAWBGAME-26APR03SCARCONN-CONN
[21:45:59] 🐋 NO $4,980.00 | KXMVESPORTSMULTIGAMEEXTENDED-S20263054FF9F8CE-F258EFC5350
[21:46:30] 🐋 NO $9,960.00 | KXMVESPORTSMULTIGAMEEXTENDED-S20263054FF9F8CE-F258EFC5350
[21:46] Whales: 307 | Vol: $1,367,003
[21:47:15] 🐋 NO $2,597.00 | KXCHESSCANDIDATES-26-AGIR
[21:48:01] 🐋 YES $2,334.02 | KXWTAMATCH-26APR03ARALEP-ARA
[21:50:17] 🐋 YES $2,500.00 | KXMLBGAME-26APR032140HOUATH-HOU
[21:50:47] 🐋 YES $7,609.68 | KXIPLGAME-26APR04MIDC-DC
[21:51:17] 🐋 YES $3,121.20 | KXMLBGAME-26APR031610CHCCLE-CLE
[21:51:17] 🐋 YES $6,546.87 | KXMLBGAME-26APR031610CHCCLE-CLE
[21:51] Whales: 313 | Vol: $1,391,712
[21:52:18] 🐋 YES $2,036.03 | KXWTAMATCH-26APR03ARALEP-ARA
[21:52:33] 🐋 NO $2,988.00 | KXMVESPORTSMULTIGAMEEXTENDED-S20263054FF9F8CE-F258EFC5350
[21:53:18] 🐋 NO $5,205.76 | KXWTAMATCH-26APR03ARALEP-LEP
[21:54:18] 🐋 YES $4,890.60 | KXWTAMATCH-26APR03ARALEP-ARA
[21:54:34] 🐋 YES $2,821.50 | KXEOWEEK-26APR04-1
[21:56] Whales: 318 | Vol: $1,409,654
[21:57:05] 🐋 NO $5,931.00 | KXMVECROSSCATEGORY-S2026B385940E711-0F250CB7FD7
[21:57:35] 🐋 YES $3,173.94 | KXNCAAWBGAME-26APR03SCARCONN-CONN
[21:57:35] 🐋 YES $11,587.73 | KXNCAAWBGAME-26APR03SCARCONN-CONN
[22:00:37] 🐋 YES $2,447.90 | KXATPMATCH-26APR03ETCPAU-PAU
[22:01:37] 🐋 YES $9,549.12 | KXRANKLIST1SONG-26APR25-CHO
[22:01] Whales: 323 | Vol: $1,442,344
[22:02:07] 🐋 YES $2,850.00 | KXWTAMATCH-26APR03KESSTA-KES
[22:02:38] 🐋 YES $2,207.10 | KXATPMATCH-26APR03ETCPAU-PAU
[22:03:08] 🐋 YES $2,400.00 | KXNCAAWBGAME-26APR03SCARCONN-SCAR
[22:03:08] 🐋 YES $24,000.00 | KXNCAAWBGAME-26APR03SCARCONN-SCAR
[22:03:08] 🐋 YES $24,000.00 | KXNCAAWBGAME-26APR03SCARCONN-SCAR
[22:03:08] 🐋 YES $4,800.00 | KXNCAAWBGAME-26APR03SCARCONN-SCAR
[22:03:08] 🐋 YES $4,800.00 | KXNCAAWBGAME-26APR03SCARCONN-SCAR
[22:03:08] 🐋 YES $12,000.00 | KXNCAAWBGAME-26APR03SCARCONN-SCAR
[22:03:08] 🐋 YES $24,000.00 | KXNCAAWBGAME-26APR03SCARCONN-SCAR
[22:03:08] 🐋 YES $2,400.00 | KXNCAAWBGAME-26APR03SCARCONN-SCAR
[22:03:08] 🐋 YES $4,800.00 | KXNCAAWBGAME-26APR03SCARCONN-SCAR
[22:03:08] 🐋 YES $4,800.00 | KXNCAAWBGAME-26APR03SCARCONN-SCAR
[22:03:08] 🐋 YES $20,703.60 | KXNCAAWBGAME-26APR03SCARCONN-SCAR
[22:04:23] 🐋 YES $4,810.96 | KXNCAAWBGAME-26APR03TEXUCLA-UCLA
[22:06:55] 🐋 YES $2,259.20 | KXMLBGAME-26APR031610CHCCLE-CLE
[22:06] Whales: 338 | Vol: $1,583,174
[22:07:10] 🐋 YES $2,360.00 | KXMLBGAME-26APR031605CINTEX-TEX
[22:09:11] 🐋 YES $2,902.80 | KXWMARMAD-26-CONN
[22:10:57] 🐋 YES $7,307.52 | KXMLBGAME-26APR031605CINTEX-TEX
[22:10:57] 🐋 YES $4,424.64 | KXMLBGAME-26APR031605CINTEX-TEX
[22:10:57] 🐋 YES $5,014.95 | KXMLBGAME-26APR031605CINTEX-TEX
[22:11:27] 🐋 NO $3,231.90 | KXNBATOTAL-26APR03INDCHA-239
[22:11] Whales: 344 | Vol: $1,608,416
[22:12:12] 🐋 YES $3,062.22 | KXWTAMATCH-26APR03KESSTA-STA
[22:13:43] 🐋 YES $2,495.04 | KXMLBGAME-26APR031610CHCCLE-CLE
[22:13:43] 🐋 YES $4,893.66 | KXMVESPORTSMULTIGAMEEXTENDED-S2026BC80A741DD9-FD0A6C63A6A
[22:13:58] 🐋 YES $3,914.51 | KXMVESPORTSMULTIGAMEEXTENDED-S2026BC80A741DD9-FD0A6C63A6A
[22:15:14] 🐋 YES $2,610.00 | KXMLBGAME-26APR031612BALPIT-PIT
[22:16] Whales: 349 | Vol: $1,625,392
[22:18:00] 🐋 YES $4,648.90 | KXMVECROSSCATEGORY-S2026749561E91B1-41547A17E50
[22:18:45] 🐋 YES $3,531.50 | KXNBA1STTEAM-26-LDON
[22:21:01] 🐋 YES $2,880.00 | KXMLBGAME-26APR031610CHCCLE-CLE
[22:21:01] 🐋 YES $2,880.00 | KXMLBGAME-26APR031610CHCCLE-CLE
[22:21:01] 🐋 YES $2,880.00 | KXMLBGAME-26APR031610CHCCLE-CLE
[22:21:01] 🐋 YES $2,880.00 | KXMLBGAME-26APR031610CHCCLE-CLE
[22:21:01] 🐋 YES $2,880.00 | KXMLBGAME-26APR031610CHCCLE-CLE
[22:21:01] 🐋 YES $3,840.00 | KXMLBGAME-26APR031610CHCCLE-CLE
[22:21:01] 🐋 YES $3,840.00 | KXMLBGAME-26APR031610CHCCLE-CLE
[22:21:01] 🐋 YES $11,824.32 | KXMLBGAME-26APR031610CHCCLE-CLE
[22:21:01] 🐋 YES $3,840.00 | KXMLBGAME-26APR031610CHCCLE-CLE
[22:21:47] 🐋 NO $4,950.00 | KXNBA-26-LAL
[22:21:47] 🐋 YES $2,700.00 | KXMLBTOTAL-26APR031605CINTEX-8
[22:22] Whales: 362 | Vol: $1,678,966
[22:22:32] 🐋 YES $2,143.83 | KXATPMATCH-26APR03ETCPAU-PAU
[22:24:03] 🐋 YES $2,773.68 | KXMLBGAME-26APR031605CINTEX-CIN
[22:24:03] 🐋 NO $2,834.64 | KXMLBGAME-26APR031605CINTEX-TEX
[22:24:18] 🐋 YES $2,228.64 | KXMLBGAME-26APR031610TBMIN-TB
[22:24:33] 🐋 YES $2,127.06 | KXNBATOTAL-26APR03MINPHI-221
[22:25:49] 🐋 NO $5,502.77 | KXMLBGAME-26APR031605CINTEX-TEX
[22:26:19] 🐋 YES $2,264.80 | KXNCAAWBGAME-26APR03SCARCONN-CONN
[22:26:34] 🐋 YES $2,484.30 | KXMLBGAME-26APR031605CINTEX-CIN
[22:27:04] 🐋 YES $2,999.92 | KXMLBSPREAD-26APR031610CHCCLE-CLE3
[22:27] Whales: 371 | Vol: $1,704,326
[22:30:06] 🐋 YES $2,834.50 | KXMVECROSSCATEGORY-S20263D01B0AED33-84E0B16F7C4
[22:30:51] 🐋 YES $16,595.70 | KXNBAGAME-26APR03BOSMIL-BOS
[22:30:51] 🐋 YES $14,100.00 | KXNBAGAME-26APR03BOSMIL-BOS
[22:30:51] 🐋 YES $3,760.00 | KXNBAGAME-26APR03BOSMIL-BOS
[22:30:51] 🐋 YES $5,640.00 | KXNBAGAME-26APR03BOSMIL-BOS
[22:31:06] 🐋 NO $7,876.00 | KXPGATOUR-VATO26-LABE
[22:31:52] 🐋 NO $2,029.44 | KXMLBGAME-26APR031605CINTEX-TEX
[22:32] Whales: 378 | Vol: $1,757,162
[22:32:22] 🐋 YES $3,457.00 | KXNBATOTAL-26APR03CHINYK-237
[22:32:22] 🐋 YES $3,257.50 | KXNBATOTAL-26APR03CHINYK-237
[22:32:37] 🐋 YES $2,994.56 | KXATPCHALLENGERMATCH-26APR03MENSCH-SCH
[22:36:24] 🐋 YES $17,860.76 | KXNCAAWBGAME-26APR03SCARCONN-CONN
[22:36:54] 🐋 NO $2,402.79 | KXATPMATCH-26APR03ETCPAU-ETC
[22:37:09] 🐋 YES $2,055.35 | KXMLBGAME-26APR031610TBMIN-MIN
[22:37] Whales: 384 | Vol: $1,789,190
[22:37:55] 🐋 YES $2,319.33 | KXPGATOUR-VATO26-LABE
[22:38:10] 🐋 YES $4,777.44 | KXMVESPORTSMULTIGAMEEXTENDED-S202652C7A95ECCA-1EC08A49A24
[22:38:25] 🐋 YES $3,464.56 | KXMLBGAME-26APR031612BALPIT-PIT
[22:39:40] 🐋 YES $2,179.58 | KXSURVIVOR-26DEC31-AUB
[22:39:56] 🐋 YES $2,760.00 | KXMLBGAME-26APR031612BALPIT-PIT
[22:39:56] 🐋 YES $7,138.28 | KXMLBGAME-26APR031612BALPIT-PIT
[22:42] Whales: 390 | Vol: $1,811,829
[22:42:42] 🐋 NO $27,440.00 | KXCHESSCANDIDATES-26-AGIR
[22:43:27] 🐋 YES $2,419.98 | KXMLBGAME-26APR031945MILKC-MIL
[22:45:13] 🐋 YES $2,595.40 | KXMLBGAME-26APR031612BALPIT-PIT
[22:45:28] 🐋 YES $3,600.50 | KXMLBGAME-26APR031612BALPIT-PIT
[22:46:59] 🐋 NO $2,460.00 | KXATPMATCH-26APR03ETCPAU-ETC
[22:46:59] 🐋 YES $4,337.06 | KXATPCHALLENGERMATCH-26APR03MENSCH-SCH
[22:47] Whales: 396 | Vol: $1,854,682
[22:47:59] 🐋 YES $2,865.08 | KXATPMATCH-26APR03ETCPAU-PAU
[22:48:15] 🐋 YES $4,987.24 | KXATPMATCH-26APR03ETCPAU-PAU
[22:48:15] 🐋 YES $3,321.03 | KXATPCHALLENGERMATCH-26APR03MENSCH-SCH
[22:48:30] 🐋 YES $9,648.65 | KXNCAAMBGAME-26APR04ILLCONN-ILL
[22:48:30] 🐋 YES $2,189.90 | KXNBAGAME-26APR03MINPHI-PHI
[22:48:30] 🐋 YES $4,802.40 | KXWTAMATCH-26APR03KESSTA-STA
[22:48:45] 🐋 NO $2,150.00 | KXNCAAWBGAME-26APR03TEXUCLA-TEX
[22:51:01] 🐋 NO $2,785.35 | KXNBAGAME-26APR03ATLBKN-BKN
[22:52] Whales: 404 | Vol: $1,887,431
[22:52:47] 🐋 YES $2,177.18 | KXNCAAMBGAME-26APR04ILLCONN-CONN
[22:55:03] 🐋 YES $3,825.00 | KXMLBGAME-26APR032140HOUATH-ATH
[22:56:04] 🐋 YES $6,428.40 | KXNBAGAME-26APR03MINPHI-MIN
[22:56:04] 🐋 YES $13,684.80 | KXNBAGAME-26APR03MINPHI-MIN
[22:56:04] 🐋 YES $6,428.40 | KXNBAGAME-26APR03MINPHI-MIN
[22:56:04] 🐋 YES $6,428.40 | KXNBAGAME-26APR03MINPHI-MIN
[22:56:04] 🐋 YES $2,744.40 | KXNBAGAME-26APR03MINPHI-MIN
[22:56:04] 🐋 YES $6,428.40 | KXNBAGAME-26APR03MINPHI-MIN
[22:56:04] 🐋 YES $6,428.40 | KXNBAGAME-26APR03MINPHI-MIN
[22:56:49] 🐋 YES $2,429.62 | KXMVECROSSCATEGORY-S20265D3F6AF31F3-0C7FAFA2754
[22:57] Whales: 414 | Vol: $1,944,434
[22:58:35] 🐋 NO $3,311.31 | KXATPCHALLENGERMATCH-26APR03MENSCH-MEN
[22:59:05] 🐋 YES $2,477.02 | KXMVESPORTSMULTIGAMEEXTENDED-S202660A595B5799-97FFCF63A9C
[22:59:05] 🐋 NO $2,914.08 | KXNCAAWBTOTAL-26APR03SCARCONN-136
[22:59:51] 🐋 NO $3,102.50 | KXNBASPREAD-26APR03MINPHI-PHI3
[22:59:51] 🐋 NO $10,000.00 | KXNBASPREAD-26APR03MINPHI-PHI3
[22:59:51] 🐋 NO $2,582.50 | KXNBASPREAD-26APR03MINPHI-PHI3
[22:59:51] 🐋 NO $4,000.00 | KXNBATOTAL-26APR03INDCHA-248
[23:00:21] 🐋 YES $2,358.52 | KXMVECROSSCATEGORY-S20266343BB4F204-2C7C309ADB8
[23:02:07] 🐋 YES $2,783.41 | KXMVESPORTSMULTIGAMEEXTENDED-S20266C8D23198EF-88C4C790337
[23:02] Whales: 423 | Vol: $1,977,964
[23:02:52] 🐋 YES $9,400.00 | KXNBASPREAD-26APR03INDCHA-CHA16
[23:02:52] 🐋 YES $2,348.59 | KXNBASPREAD-26APR03INDCHA-CHA16
[23:02:52] 🐋 YES $4,387.60 | KXWTAMATCH-26APR03KESSTA-STA
[23:03:07] 🐋 YES $2,659.49 | KXMLBGAME-26APR031610TBMIN-TB
[23:03:07] 🐋 YES $3,013.13 | KXNHLGAME-26APR03PHINYI-NYI
[23:04:08] 🐋 YES $4,000.00 | KXNBAGAME-26APR03MINPHI-MIN
[23:05:23] 🐋 YES $9,630.56 | KXNBAGAME-26APR03INDCHA-CHA
[23:05:23] 🐋 YES $2,760.00 | KXNBAGAME-26APR03INDCHA-CHA
[23:06:54] 🐋 YES $2,420.48 | KXNBAGAME-26APR03MINPHI-PHI
[23:07] Whales: 432 | Vol: $2,018,584
[23:08:25] 🐋 YES $4,496.04 | KXNBAGAME-26APR03INDCHA-CHA
[23:08:25] 🐋 YES $5,106.92 | KXNBAGAME-26APR03INDCHA-CHA
[23:09:10] 🐋 NO $2,750.00 | KXNBASPREAD-26APR03INDCHA-CHA16
[23:10:26] 🐋 YES $4,121.32 | KXNBAGAME-26APR03MINPHI-MIN
[23:10:56] 🐋 YES $2,160.00 | KXNBATOTAL-26APR03BOSMIL-215
[23:12:12] 🐋 YES $2,407.46 | KXNBAGAME-26APR03MINPHI-PHI
[23:12] Whales: 438 | Vol: $2,039,625
[23:12:57] 🐋 YES $7,481.40 | KXNCAAWBGAME-26APR03SCARCONN-CONN
[23:13:57] 🐋 YES $2,908.16 | KXMVECROSSCATEGORY-S2026F3AC9558BFA-E7F27494619
[23:16:13] 🐋 YES $3,134.58 | KXNCAAWBGAME-26APR03SCARCONN-CONN
[23:16:44] 🐋 YES $2,475.08 | KXWTAMATCH-26APR03KESSTA-STA
[23:17] Whales: 442 | Vol: $2,055,625
[23:17:44] 🐋 NO $2,200.00 | KXWTAMATCH-26APR03KESSTA-KES
[23:18:14] 🐋 NO $2,418.49 | KXATPCHALLENGERMATCH-26APR03MENSCH-MEN
[23:19:30] 🐋 YES $2,006.68 | KXNBAGAME-26APR03MINPHI-PHI
[23:19:45] 🐋 YES $2,261.13 | KXNCAAWBGAME-26APR03SCARCONN-CONN
[23:21:31] 🐋 YES $2,371.38 | KXNBAGAME-26APR03MINPHI-PHI
[23:21:31] 🐋 NO $3,649.14 | KXATPMATCH-26APR03ETCPAU-ETC
[23:22] Whales: 448 | Vol: $2,070,531
[23:23:17] 🐋 NO $3,471.20 | KXNBASPREAD-26APR03CHINYK-NYK25
[23:24:33] 🐋 YES $3,356.50 | KXNBAGAME-26APR03INDCHA-CHA
[23:25:03] 🐋 YES $2,046.00 | KXMLBGAME-26APR032215NYMSF-NYM
[23:25:18] 🐋 YES $2,970.00 | KXNBAGAME-26APR03INDCHA-CHA
[23:25:33] 🐋 YES $4,489.65 | KXNBAGAME-26APR03INDCHA-CHA
[23:27] Whales: 453 | Vol: $2,086,865
[23:27:49] 🐋 NO $3,203.82 | KXMLBGAME-26APR031945MILKC-MIL
[23:28:04] 🐋 YES $2,573.01 | KXATPMATCH-26APR03ETCPAU-PAU
[23:29:50] 🐋 YES $2,349.06 | KXNBAGAME-26APR03BOSMIL-BOS
[23:31:36] 🐋 YES $2,279.25 | KXMVECROSSCATEGORY-S2026313E42A909C-16AAE99FAF7
[23:31:36] 🐋 YES $3,293.01 | KXMVESPORTSMULTIGAMEEXTENDED-S202648473C7FAA0-2650EF353A2
[23:32] Whales: 458 | Vol: $2,100,563
[23:32:52] 🐋 NO $8,250.00 | KXNBAGAME-26APR03MINPHI-PHI
[23:33:52] 🐋 YES $2,500.00 | KXNBASPREAD-26APR03CHINYK-NYK13
[23:34:23] 🐋 YES $3,661.30 | KXWTAMATCH-26APR03UDVKAW-UDV
[23:34:23] 🐋 YES $6,574.00 | KXWTAMATCH-26APR03UDVKAW-UDV
[23:35:23] 🐋 YES $2,446.91 | KXMVESPORTSMULTIGAMEEXTENDED-S2026BB0B2A29C69-E943B84BD81
[23:36:39] 🐋 YES $4,592.64 | KXATPMATCH-26APR04ARNCOM-COM
[23:37] Whales: 464 | Vol: $2,128,588
[23:38:09] 🐋 YES $4,413.20 | KXMLBGAME-26APR032138SEALAA-SEA
[23:40:10] 🐋 NO $3,189.12 | KXMLBGAME-26APR031610TBMIN-TB
[23:41:11] 🐋 YES $3,194.80 | KXNBAGAME-26APR03INDCHA-CHA
[23:41:56] 🐋 NO $3,097.64 | KXNCAAWBGAME-26APR03SCARCONN-SCAR
[23:42:11] 🐋 YES $3,650.00 | KXNCAAWBGAME-26APR03SCARCONN-CONN
[23:42:41] 🐋 YES $27,000.00 | KXNBASPREAD-26APR03TORMEM-TOR13
[23:42:41] 🐋 YES $5,423.76 | KXNBASPREAD-26APR03TORMEM-TOR13
[23:42:41] 🐋 YES $10,800.00 | KXNBASPREAD-26APR03TORMEM-TOR13
[23:42:41] 🐋 YES $3,698.46 | KXNBASPREAD-26APR03TORMEM-TOR13
[23:42:41] 🐋 YES $2,160.00 | KXNBASPREAD-26APR03TORMEM-TOR13
[23:42] Whales: 474 | Vol: $2,195,215
[23:43:27] 🐋 YES $4,995.54 | KXWTAMATCH-26APR03KESSTA-STA
[23:43:27] 🐋 YES $4,818.40 | KXNBAGAME-26APR03ATLBKN-ATL
[23:43:27] 🐋 YES $5,742.75 | KXNBAGAME-26APR03ATLBKN-ATL
[23:43:27] 🐋 YES $6,750.00 | KXNBAGAME-26APR03CHINYK-NYK
[23:43:27] 🐋 YES $3,561.32 | KXNBAGAME-26APR03CHINYK-NYK
[23:43:27] 🐋 YES $2,900.17 | KXNBAGAME-26APR03CHINYK-NYK
[23:43:27] 🐋 YES $3,633.30 | KXNBAGAME-26APR03CHINYK-NYK
[23:44:12] 🐋 YES $4,680.53 | KXMVECROSSCATEGORY-S2026BEE5569E9B8-07D2A037898
[23:44:12] 🐋 NO $4,676.19 | KXNBATOTAL-26APR03BOSMIL-218
[23:44:12] 🐋 NO $4,863.81 | KXNBATOTAL-26APR03BOSMIL-218
[23:44:12] 🐋 YES $6,750.00 | KXNBAGAME-26APR03CHINYK-NYK
[23:46:58] 🐋 YES $2,888.60 | KXNBAGAME-26APR03MINPHI-PHI
[23:47:14] 🐋 YES $3,945.36 | KXNBAGAME-26APR03MINPHI-PHI
[23:47:14] 🐋 YES $3,252.40 | KXNBAGAME-26APR03CHINYK-NYK
[23:47:14] 🐋 YES $2,329.32 | KXNBAGAME-26APR03CHINYK-NYK
[23:47:44] 🐋 YES $3,321.60 | KXNBAGAME-26APR03ATLBKN-ATL
[23:47] Whales: 490 | Vol: $2,264,324
[23:48:29] 🐋 NO $2,002.65 | KXNBATOTAL-26APR03MINPHI-227
[23:52] Whales: 491 | Vol: $2,266,327
[23:53:02] 🐋 YES $2,861.50 | KXNBAGAME-26APR03CHINYK-NYK
[23:55:33] 🐋 NO $3,014.55 | KXPGATOUR-MAST26-SSCH
[23:55:33] 🐋 NO $2,450.00 | KXNBAGAME-26APR03ATLBKN-BKN
[23:56:33] 🐋 YES $2,450.00 | KXNBAGAME-26APR03ATLBKN-ATL
[23:57:04] 🐋 YES $2,021.76 | KXNBASPREAD-26APR03BOSMIL-BOS17
[23:57:19] 🐋 YES $3,060.00 | KXNBASPREAD-26APR03UTAHOU-HOU18
[23:57] Whales: 497 | Vol: $2,282,184
[23:58:04] 🐋 NO $4,003.46 | KXNBAGAME-26APR03INDCHA-IND
[23:59:20] 🐋 YES $2,859.20 | KXMVESPORTSMULTIGAMEEXTENDED-S2026A04482B5CCE-3B6600991D1
[00:00:50] 🐋 NO $2,411.75 | KXNBASPREAD-26APR03MINPHI-MIN3
[00:01:21] 🐋 YES $2,482.20 | KXNBAGAME-26APR03TORMEM-TOR
[00:01:51] 🐋 YES $2,419.98 | KXNCAAWBSPREAD-26APR03SCARCONN-CONN6
[00:02] Whales: 502 | Vol: $2,296,361
[00:03:06] 🐋 YES $4,520.64 | KXNBAGAME-26APR03INDCHA-CHA
[00:03:52] 🐋 YES $12,039.06 | KXMLBGAME-26APR032145ATLAZ-ATL
[00:03:52] 🐋 YES $12,017.13 | KXMLBGAME-26APR032145ATLAZ-ATL
[00:04:53] 🐋 YES $4,013.50 | KXNCAAWBGAME-26APR03SCARCONN-SCAR
[00:05:08] 🐋 YES $3,384.00 | KXNBAGAME-26APR03UTAHOU-HOU
[00:05:53] 🐋 YES $11,850.06 | KXMLBGAME-26APR032215NYMSF-SF
[00:05:53] 🐋 YES $11,149.94 | KXMLBGAME-26APR032215NYMSF-SF
[00:06:39] 🐋 NO $5,100.00 | KXNBATOTAL-26APR03BOSMIL-218
[00:07:39] 🐋 YES $5,841.99 | KXNBAGAME-26APR03INDCHA-CHA
[00:07] Whales: 511 | Vol: $2,366,277
[00:08:39] 🐋 YES $3,412.50 | KXNCAAWBGAME-26APR03SCARCONN-CONN
[00:09:10] 🐋 YES $13,175.12 | KXNBAGAME-26APR03INDCHA-CHA
[00:10:40] 🐋 YES $2,950.00 | KXNBAGAME-26APR03MINPHI-MIN
[00:11:56] 🐋 NO $5,557.86 | KXNBAGAME-26APR03MINPHI-MIN
[00:11:56] 🐋 NO $2,409.54 | KXNBAGAME-26APR03MINPHI-MIN
[00:12:11] 🐋 NO $5,203.43 | KXNBAGAME-26APR03MINPHI-MIN
[00:12] Whales: 517 | Vol: $2,398,986
[00:13:12] 🐋 NO $2,400.00 | KXNBAGAME-26APR03BOSMIL-MIL
[00:13:12] 🐋 NO $2,400.00 | KXNBAGAME-26APR03BOSMIL-MIL
[00:14:58] 🐋 YES $2,184.64 | KXATPCHALLENGERMATCH-26APR03SOTMEJ-SOT
[00:15:13] 🐋 YES $2,114.80 | KXNCAAWBGAME-26APR03SCARCONN-SCAR
[00:15:28] 🐋 YES $2,625.00 | KXMARMAD-26-MICH
[00:15:58] 🐋 YES $2,303.70 | KXNBAGAME-26APR03MINPHI-PHI
[00:15:58] 🐋 YES $3,423.42 | KXNBAGAME-26APR03MINPHI-PHI
[00:15:58] 🐋 YES $4,500.00 | KXNCAAWBGAME-26APR03SCARCONN-CONN
[00:16:13] 🐋 NO $5,490.54 | KXNCAAWBGAME-26APR03SCARCONN-SCAR
[00:17:59] 🐋 NO $2,250.00 | KXNCAAWBGAME-26APR03SCARCONN-SCAR
[00:17] Whales: 527 | Vol: $2,428,678
[00:19:30] 🐋 YES $6,820.97 | KXNBAGAME-26APR03ORLDAL-ORL
[00:19:30] 🐋 YES $4,147.82 | KXNBAGAME-26APR03ORLDAL-ORL
[00:19:30] 🐋 YES $35,500.00 | KXNBAGAME-26APR03ORLDAL-ORL
[00:19:30] 🐋 YES $7,668.71 | KXNBAGAME-26APR03ORLDAL-ORL
[00:19:30] 🐋 YES $36,189.41 | KXNBAGAME-26APR03ORLDAL-ORL
[00:19:30] 🐋 YES $7,668.71 | KXNBAGAME-26APR03ORLDAL-ORL
[00:20:15] 🐋 YES $5,140.80 | KXNCAAWBGAME-26APR03SCARCONN-SCAR
[00:20:30] 🐋 YES $4,653.12 | KXNBASPREAD-26APR03CHINYK-NYK19
[00:20:45] 🐋 YES $5,067.28 | KXNBAGAME-26APR03ATLBKN-ATL
[00:21:16] 🐋 NO $9,321.06 | KXNBAGAME-26APR03MINPHI-MIN
[00:21:31] 🐋 YES $4,316.95 | KXNCAAWBGAME-26APR03SCARCONN-SCAR
[00:23] Whales: 538 | Vol: $2,555,173
[00:23:17] 🐋 YES $2,576.91 | KXNBASPREAD-26APR03INDCHA-CHA25
[00:23:32] 🐋 NO $2,680.34 | KXNBAGAME-26APR03MINPHI-PHI
[00:23:32] 🐋 YES $2,680.34 | KXNBAGAME-26APR03MINPHI-MIN
[00:23:47] 🐋 YES $2,892.78 | KXMLBTOTAL-26APR032138SEALAA-8
[00:23:47] 🐋 YES $3,750.99 | KXNBAGAME-26APR03ATLBKN-ATL
[00:23:47] 🐋 YES $3,750.99 | KXNBAGAME-26APR03ATLBKN-ATL
[00:23:47] 🐋 YES $7,275.00 | KXNBAGAME-26APR03ATLBKN-ATL
[00:23:47] 🐋 YES $5,590.11 | KXNBAGAME-26APR03ATLBKN-ATL
[00:26:33] 🐋 NO $2,804.32 | KXNBATOTAL-26APR03BOSMIL-230
[00:27:19] 🐋 YES $2,424.80 | KXMLBGAME-26APR032215NYMSF-NYM
[00:27:49] 🐋 YES $2,112.80 | KXNBAGAME-26APR03UTAHOU-HOU
[00:28] Whales: 549 | Vol: $2,593,712
[00:28:34] 🐋 YES $9,324.63 | KXNBAGAME-26APR03MINPHI-MIN
[00:29:50] 🐋 NO $2,608.27 | KXMLBGAME-26APR032145ATLAZ-ATL
[00:29:50] 🐋 NO $12,250.00 | KXMLBGAME-26APR032145ATLAZ-ATL
[00:32:06] 🐋 YES $4,782.36 | KXNBAGAME-26APR03MINPHI-MIN
[00:32:21] 🐋 NO $4,172.97 | KXNBAGAME-26APR03MINPHI-MIN
[00:33] Whales: 554 | Vol: $2,626,850
[00:34:22] 🐋 YES $2,397.94 | KXNCAAWBGAME-26APR03SCARCONN-SCAR
[00:34:52] 🐋 YES $2,564.94 | KXNBAGAME-26APR03TORMEM-TOR
[00:34:52] 🐋 YES $3,217.80 | KXNBAGAME-26APR03TORMEM-TOR
[00:34:52] 🐋 YES $2,826.27 | KXNBAGAME-26APR03TORMEM-TOR
[00:35:53] 🐋 YES $2,681.25 | KXNCAAWBGAME-26APR03SCARCONN-CONN
[00:36:23] 🐋 YES $3,550.72 | KXNBAGAME-26APR03MINPHI-PHI
[00:38] Whales: 560 | Vol: $2,644,089
[00:38:39] 🐋 YES $2,886.60 | KXMLBGAME-26APR032140HOUATH-ATH
[00:41:25] 🐋 NO $2,277.56 | KXPGATOUR-VATO26-TFLE
[00:43] Whales: 562 | Vol: $2,649,253
[00:45:12] 🐋 YES $2,250.00 | KXNBAGAME-26APR03ORLDAL-DAL
[00:45:27] 🐋 YES $2,900.37 | KXMLBGAME-26APR032140HOUATH-ATH
[00:45:27] 🐋 YES $7,716.52 | KXNBAGAME-26APR03ATLBKN-ATL
[00:46:13] 🐋 YES $4,201.72 | KXNBAGAME-26APR03ORLDAL-ORL
[00:46:13] 🐋 YES $2,644.52 | KXNBAGAME-26APR03ORLDAL-ORL
[00:47:28] 🐋 NO $2,100.00 | KXNCAAWBGAME-26APR03SCARCONN-CONN
[00:47:28] 🐋 NO $4,632.21 | KXNBAGAME-26APR03BOSMIL-MIL
[00:47:28] 🐋 YES $2,592.33 | KXNCAAWBGAME-26APR03SCARCONN-SCAR
[00:48:14] 🐋 NO $4,374.60 | KXNCAAWBGAME-26APR03SCARCONN-CONN
[00:48:14] 🐋 NO $26,851.35 | KXNCAAWBGAME-26APR03SCARCONN-CONN
[00:48:14] 🐋 NO $2,468.82 | KXNCAAWBGAME-26APR03SCARCONN-CONN
[00:48] Whales: 573 | Vol: $2,711,986
[00:48:44] 🐋 NO $3,338.22 | KXNCAAWBGAME-26APR03SCARCONN-CONN
[00:48:59] 🐋 NO $3,400.00 | KXNCAAWBGAME-26APR03SCARCONN-CONN
[00:49:45] 🐋 YES $3,146.78 | KXNBAGAME-26APR03ATLBKN-ATL
[00:50:30] 🐋 YES $2,037.22 | KXNBAGAME-26APR03MINPHI-MIN
[00:51:46] 🐋 NO $28,411.68 | KXNBAGAME-26APR03MINPHI-MIN
[00:52:31] 🐋 YES $2,433.09 | KXNBAGAME-26APR03ORLDAL-ORL
[00:53:01] 🐋 NO $3,854.07 | KXNBAGAME-26APR03UTAHOU-UTA
[00:53:01] 🐋 YES $2,742.09 | KXNHLGAME-26APR03PHINYI-PHI
[00:53:16] 🐋 NO $3,672.24 | KXMEDIARELEASEST-27JAN01
[00:53:16] 🐋 NO $6,019.96 | KXMEDIARELEASEST-27JAN01
[00:53:16] 🐋 NO $3,673.12 | KXMEDIARELEASEST-27JAN01
[00:53] Whales: 584 | Vol: $2,774,714
[00:54:17] 🐋 YES $2,501.73 | KXWMARMADROUND-26T2-SCAR
[00:55:17] 🐋 YES $2,848.32 | KXNCAAWBGAME-26APR03SCARCONN-SCAR
[00:55:32] 🐋 NO $2,164.50 | KXNBAGAME-26APR03MINPHI-MIN
[00:56:18] 🐋 YES $3,891.00 | KXMLBGAME-26APR032138SEALAA-SEA
[00:56:18] 🐋 NO $3,920.00 | KXNCAAWBGAME-26APR03SCARCONN-CONN
[00:56:33] 🐋 YES $2,432.76 | KXNCAAWBGAME-26APR03SCARCONN-SCAR
[00:57:03] 🐋 NO $2,883.50 | KXNBASPREAD-26APR03MINPHI-PHI9
[00:57:18] 🐋 YES $4,410.00 | KXNCAAWBGAME-26APR03SCARCONN-SCAR
[00:57:18] 🐋 YES $4,900.00 | KXNCAAWBGAME-26APR03SCARCONN-SCAR
[00:57:18] 🐋 YES $2,067.00 | KXMLBGAME-26APR032140HOUATH-HOU
[00:57:48] 🐋 YES $2,500.00 | KXMLBGAME-26APR032140HOUATH-HOU
[00:58:04] 🐋 YES $5,782.59 | KXNCAAWBGAME-26APR03SCARCONN-SCAR
[00:58:04] 🐋 YES $3,045.24 | KXATPMATCH-26APR03POPTIA-TIA
[00:58] Whales: 597 | Vol: $2,818,061
[00:58:34] 🐋 YES $3,123.30 | KXNCAAWBGAME-26APR03TEXUCLA-TEX
[00:58:49] 🐋 YES $4,964.40 | KXNBAGAME-26APR03MINPHI-PHI
[00:59:04] 🐋 YES $2,455.83 | KXMVESPORTSMULTIGAMEEXTENDED-S2026D820A6A875E-EF2ACEA9315
[00:59:19] 🐋 YES $3,306.60 | KXNBAGAME-26APR03MINPHI-PHI
[00:59:19] 🐋 YES $7,033.37 | KXNBAGAME-26APR03ORLDAL-ORL
[00:59:19] 🐋 YES $2,616.48 | KXNBAGAME-26APR03ORLDAL-ORL
[00:59:34] 🐋 YES $2,416.28 | KXNCAAWBGAME-26APR03TEXUCLA-TEX
[00:59:34] 🐋 YES $2,316.80 | KXNBAGAME-26APR03ORLDAL-ORL
[00:59:50] 🐋 YES $14,433.76 | KXNCAAWBGAME-26APR03TEXUCLA-UCLA
[01:03] Whales: 606 | Vol: $2,860,728
[01:03:51] 🐋 YES $3,046.40 | KXNBAGAME-26APR03MINPHI-PHI
[01:04:22] 🐋 YES $5,800.00 | KXNCAAWBGAME-26APR03TEXUCLA-TEX
[01:05:07] 🐋 YES $2,303.95 | KXNCAAMBGAME-26APR04ILLCONN-ILL
[01:05:22] 🐋 NO $2,610.00 | KXNBAGAME-26APR03MINPHI-MIN
[01:05:22] 🐋 NO $3,323.87 | KXMLBSPREAD-26APR032140HOUATH-ATH2
[01:05:22] 🐋 NO $2,850.00 | KXNCAAWBGAME-26APR03TEXUCLA-UCLA
[01:06:23] 🐋 YES $3,510.25 | KXNBAGAME-26APR03MINPHI-PHI
[01:06:23] 🐋 NO $4,771.85 | KXNBAGAME-26APR03MINPHI-MIN
[01:06:38] 🐋 YES $2,988.70 | KXNBAGAME-26APR03MINPHI-PHI
[01:06:38] 🐋 NO $2,935.50 | KXNBAGAME-26APR03MINPHI-MIN
[01:06:38] 🐋 NO $2,850.00 | KXNBAGAME-26APR03MINPHI-MIN
[01:07:38] 🐋 YES $8,520.78 | KXNCAAWBGAME-26APR03TEXUCLA-TEX
[01:07:38] 🐋 YES $5,800.00 | KXNCAAWBGAME-26APR03TEXUCLA-TEX
[01:08] Whales: 619 | Vol: $2,912,039
[01:08:39] 🐋 NO $3,112.20 | KXNBAGAME-26APR03MINPHI-MIN
[01:10:09] 🐋 NO $2,499.98 | KXNBASPREAD-26APR03MINPHI-MIN3
[01:10:09] 🐋 YES $2,695.00 | KXNBAGAME-26APR03MINPHI-PHI
[01:10:09] 🐋 NO $3,960.00 | KXNBAGAME-26APR03MINPHI-MIN
[01:10:09] 🐋 NO $3,933.27 | KXNBAGAME-26APR03MINPHI-MIN
[01:10:09] 🐋 NO $5,940.00 | KXNBAGAME-26APR03MINPHI-MIN
[01:10:09] 🐋 NO $3,476.88 | KXNBAGAME-26APR03MINPHI-MIN
[01:11:40] 🐋 NO $4,553.08 | KXNBAGAME-26APR03MINPHI-MIN
[01:11:55] 🐋 NO $3,068.38 | KXNBAGAME-26APR03MINPHI-MIN
[01:13] Whales: 628 | Vol: $2,945,278
[01:14:11] 🐋 YES $3,384.83 | KXNCAAWBGAME-26APR03TEXUCLA-TEX
[01:14:42] 🐋 YES $2,104.12 | KXNBAGAME-26APR03ORLDAL-ORL
[01:16:43] 🐋 YES $2,635.34 | KXMLBGAME-26APR032215NYMSF-SF
[01:16:58] 🐋 YES $3,399.85 | KXNBASPREAD-26APR03CHINYK-NYK10
[01:17:13] 🐋 NO $2,213.40 | KXATPMATCH-26APR03POPTIA-TIA
[01:18] Whales: 633 | Vol: $2,959,015
[01:19:29] 🐋 YES $2,679.00 | KXNCAAWBSPREAD-26APR03TEXUCLA-TEX1
[01:19:29] 🐋 YES $4,351.76 | KXNCAAWBSPREAD-26APR03TEXUCLA-TEX1
[01:19:29] 🐋 YES $6,712.32 | KXNHLGAME-26APR03STLANA-ANA
[01:19:29] 🐋 YES $2,473.23 | KXNHLGAME-26APR03STLANA-ANA
[01:19:44] 🐋 YES $2,939.70 | KXNCAAWBGAME-26APR03TEXUCLA-UCLA
[01:20:44] 🐋 YES $2,933.15 | KXNBASPREAD-26APR03ORLDAL-ORL10
[01:20:59] 🐋 NO $2,450.00 | KXNBAGAME-26APR03TORMEM-MEM
[01:21:45] 🐋 YES $14,600.96 | KXNCAAWBGAME-26APR03TEXUCLA-TEX
[01:22:00] 🐋 YES $4,659.42 | KXMVESPORTSMULTIGAMEEXTENDED-S2026A7456D78C75-75116C277E4
[01:22:45] 🐋 NO $2,042.50 | KXNBAGAME-26APR03MINPHI-MIN
[01:22:45] 🐋 NO $6,041.28 | KXNBAGAME-26APR03ATLBKN-BKN
[01:23:16] 🐋 YES $3,570.24 | KXNBAGAME-26APR03MINPHI-PHI
[01:23:16] 🐋 YES $3,667.00 | KXNBAGAME-26APR03MINPHI-PHI
[01:23] Whales: 646 | Vol: $3,018,136
[01:24:16] 🐋 YES $4,950.00 | KXNBAGAME-26APR03MINPHI-PHI
[01:24:31] 🐋 YES $7,666.36 | KXNCAAMBGAME-26APR04ILLCONN-CONN
[01:25:17] 🐋 YES $2,440.52 | KXNBAGAME-26APR03MINPHI-PHI
[01:25:17] 🐋 YES $4,593.92 | KXNBAGAME-26APR03MINPHI-PHI
[01:26:32] 🐋 YES $3,400.80 | KXMLBGAME-26APR032138SEALAA-SEA
[01:27:18] 🐋 YES $2,227.20 | KXNCAAWBGAME-26APR03TEXUCLA-UCLA
[01:27:18] 🐋 YES $2,124.40 | KXNCAAWBGAME-26APR03TEXUCLA-UCLA
[01:28] Whales: 653 | Vol: $3,045,539
[01:29:03] 🐋 YES $10,418.76 | KXNBAGAME-26APR03UTAHOU-HOU
[01:30:04] 🐋 YES $9,596.80 | KXNCAAWBGAME-26APR03TEXUCLA-UCLA
[01:31:04] 🐋 YES $24,877.80 | KXNBAGAME-26APR03NOPSAC-NOP
[01:31:04] 🐋 YES $24,450.76 | KXNBAGAME-26APR03NOPSAC-NOP
[01:31:19] 🐋 YES $3,785.98 | KXMVESPORTSMULTIGAMEEXTENDED-S2026946DB5BAD2E-76B6C847296
[01:31:35] 🐋 YES $2,462.46 | KXNBAGAME-26APR03ORLDAL-ORL
[01:32:50] 🐋 YES $4,841.69 | KXMVESPORTSMULTIGAMEEXTENDED-S2026A9423B793AF-8F65687DBEE
[01:33:05] 🐋 YES $2,535.44 | KXNBAGAME-26APR03ORLDAL-ORL
[01:33:05] 🐋 YES $3,280.00 | KXNBAGAME-26APR03ORLDAL-ORL
[01:33:36] 🐋 YES $9,040.84 | KXNCAAWBGAME-26APR03TEXUCLA-TEX
[01:33] Whales: 663 | Vol: $3,140,830
[01:34:06] 🐋 YES $2,864.16 | KXNBAGAME-26APR03ORLDAL-ORL
[01:34:51] 🐋 YES $12,339.18 | KXNBAGAME-26APR03TORMEM-TOR
[01:34:51] 🐋 YES $28,058.38 | KXNBAGAME-26APR03TORMEM-TOR
[01:34:51] 🐋 YES $13,395.62 | KXNBAGAME-26APR03TORMEM-TOR
[01:36:07] 🐋 YES $6,580.70 | KXNBAGAME-26APR03TORMEM-TOR
[01:37:38] 🐋 NO $4,078.93 | KXMVESPORTSMULTIGAMEEXTENDED-S2026932F165A125-7164C29D83E
[01:37:53] 🐋 YES $3,000.00 | KXNCAAWBSPREAD-26APR03TEXUCLA-TEX1
[01:38:08] 🐋 NO $39,600.00 | KXFEDDECISION-26APR-C25
[01:38:08] 🐋 YES $2,040.00 | KXNBAGAME-26APR03NOPSAC-NOP
[01:38:38] 🐋 YES $5,500.00 | KXMLBGAME-26APR032215NYMSF-NYM
[01:38:38] 🐋 YES $4,087.05 | KXMLBGAME-26APR032215NYMSF-NYM
[01:38] Whales: 674 | Vol: $3,262,374
[01:40:54] 🐋 YES $2,325.00 | KXNBATOTAL-26APR03ATLBKN-240
[01:42:40] 🐋 YES $4,730.18 | KXMLBTOTAL-26APR032145ATLAZ-10
[01:43] Whales: 676 | Vol: $3,269,429
[01:43:56] 🐋 YES $4,845.00 | KXNBAGAME-26APR03NOPSAC-NOP
[01:44:11] 🐋 YES $8,522.22 | KXMLBSPREAD-26APR032215NYMSF-NYM2
[01:44:11] 🐋 YES $10,129.14 | KXMLBSPREAD-26APR032215NYMSF-NYM2
[01:44:11] 🐋 YES $2,304.96 | KXMLBSPREAD-26APR032215NYMSF-NYM2
[01:44:56] 🐋 NO $3,068.36 | KXMLBSPREAD-26APR032145ATLAZ-ATL4
[01:44:56] 🐋 NO $6,320.00 | KXMLBSPREAD-26APR032145ATLAZ-ATL4
[01:45:26] 🐋 YES $4,964.40 | KXNBAGAME-26APR03ORLDAL-ORL
[01:46:12] 🐋 YES $2,700.00 | KXNBAGAME-26APR03ORLDAL-ORL
[01:46:42] 🐋 YES $2,552.50 | KXNCAAWBGAME-26APR03TEXUCLA-UCLA
[01:46:42] 🐋 YES $2,174.00 | KXNCAAWBGAME-26APR03TEXUCLA-UCLA
[01:48:28] 🐋 NO $3,914.46 | KXNBA-26-PHI
[01:48:43] 🐋 YES $7,388.52 | KXNBAGAME-26APR03ORLDAL-ORL
[01:48] Whales: 688 | Vol: $3,328,312
[01:49:58] 🐋 NO $3,171.85 | KXNBATOTAL-26APR03ORLDAL-246
[01:50:29] 🐋 YES $4,351.20 | KXNHLGAME-26APR03STLANA-ANA
[01:50:29] 🐋 YES $11,200.00 | KXNHLGAME-26APR03STLANA-ANA
[01:51:14] 🐋 YES $2,894.65 | KXMLBGAME-26APR032215NYMSF-NYM
[01:51:44] 🐋 YES $4,778.43 | KXMVESPORTSMULTIGAMEEXTENDED-S2026DE60D76D056-412BC0A800E
[01:53:00] 🐋 YES $2,060.10 | KXNHLGAME-26APR03STLANA-STL
[01:53] Whales: 694 | Vol: $3,356,769
[01:54:00] 🐋 YES $4,743.40 | KXNCAAWBGAME-26APR03TEXUCLA-TEX
[01:54:16] 🐋 YES $2,577.05 | KXNCAAWBGAME-26APR03TEXUCLA-TEX
[01:56:16] 🐋 YES $6,867.00 | KXNCAAWBGAME-26APR03TEXUCLA-UCLA
[01:58] Whales: 697 | Vol: $3,370,956
[01:59:18] 🐋 YES $2,990.46 | KXNBAGAME-26APR03NOPSAC-NOP
[02:00:33] 🐋 YES $2,813.16 | KXATPMATCH-26APR03POPTIA-POP
[02:01:19] 🐋 YES $4,013.04 | KXNBAGAME-26APR03NOPSAC-NOP
[02:03] Whales: 700 | Vol: $3,380,773
[02:04:51] 🐋 YES $16,000.00 | KXNBAGAME-26APR03NOPSAC-SAC
[02:05:06] 🐋 YES $3,640.32 | KXMLBGAME-26APR032140HOUATH-HOU
[02:05:06] 🐋 YES $7,125.00 | KXNBAGAME-26APR03ORLDAL-ORL
[02:06:22] 🐋 YES $3,432.00 | KXLAYOFFSYINFO-26-494000
[02:07:07] 🐋 YES $3,225.00 | KXNCAAWBGAME-26APR03TEXUCLA-TEX
[02:07:37] 🐋 YES $2,818.65 | KXNBAGAME-26APR03ORLDAL-ORL
[02:07:52] 🐋 YES $3,432.00 | KXLAYOFFSYINFO-26-494000
[02:08:53] 🐋 YES $2,080.00 | KXMLBGAME-26APR032140HOUATH-HOU
[02:08:53] 🐋 YES $2,080.00 | KXMLBGAME-26APR032140HOUATH-HOU
[02:08:53] 🐋 YES $2,080.00 | KXMLBGAME-26APR032140HOUATH-HOU
[02:08:53] 🐋 YES $3,875.04 | KXMLBGAME-26APR032140HOUATH-HOU
[02:08:53] 🐋 YES $4,160.00 | KXMLBGAME-26APR032140HOUATH-HOU
[02:08] Whales: 712 | Vol: $3,434,721
[02:09:23] 🐋 YES $4,449.73 | KXMVESPORTSMULTIGAMEEXTENDED-S202652B1DB7CFA3-C9089F7D220
[02:11:09] 🐋 YES $3,295.01 | KXMLBGAME-26APR032145ATLAZ-ATL
[02:12:40] 🐋 NO $6,203.70 | KXMLBGAME-26APR032145ATLAZ-ATL
[02:13:10] 🐋 YES $4,840.96 | KXNCAAWBGAME-26APR03TEXUCLA-UCLA
[02:13] Whales: 716 | Vol: $3,453,510
[02:14:10] 🐋 YES $5,405.23 | KXNBAGAME-26APR03NOPSAC-NOP
[02:14:25] 🐋 NO $3,796.95 | KXUFLGAME-26APR03DCCLB-CLB
[02:14:56] 🐋 YES $2,940.00 | KXNBAGAME-26APR03ORLDAL-ORL
[02:14:56] 🐋 YES $2,450.00 | KXNBAGAME-26APR03ORLDAL-ORL
[02:15:11] 🐋 NO $3,045.20 | KXMVESPORTSMULTIGAMEEXTENDED-S2026CC62120630E-63686FDCBB3
[02:18:12] 🐋 YES $2,994.88 | KXNBAGAME-26APR03ORLDAL-ORL
[02:18] Whales: 722 | Vol: $3,474,142
[02:19:13] 🐋 YES $2,007.68 | KXNBAGAME-26APR03NOPSAC-SAC
[02:24] Whales: 723 | Vol: $3,476,150
[02:24:15] 🐋 YES $3,329.04 | KXNBAGAME-26APR03ORLDAL-ORL
[02:25:16] 🐋 YES $2,434.50 | KXNBAGAME-26APR03NOPSAC-NOP
[02:27:17] 🐋 YES $4,787.20 | KXNBAGAME-26APR03NOPSAC-NOP
[02:29:02] 🐋 YES $2,176.64 | KXNBAGAME-26APR03NOPSAC-SAC
[02:29] Whales: 727 | Vol: $3,488,878
[02:30:48] 🐋 YES $7,316.45 | KXNBAGAME-26APR03NOPSAC-NOP
[02:31:18] 🐋 YES $2,712.96 | KXNCAAWBGAME-26APR03TEXUCLA-TEX
[02:31:49] 🐋 YES $2,235.12 | KXNBAPTS-26APR03ORLDAL-ORLFWAGNER22-15
[02:32:04] 🐋 YES $2,431.17 | KXMVECROSSCATEGORY-S202665E5C486BE1-8D4D27C7C16
[02:34] Whales: 731 | Vol: $3,503,573
[02:34:50] 🐋 YES $2,280.00 | KXMLBGAME-26APR032215NYMSF-NYM
[02:34:50] 🐋 YES $2,280.00 | KXMLBGAME-26APR032215NYMSF-NYM
[02:34:50] 🐋 YES $3,040.00 | KXMLBGAME-26APR032215NYMSF-NYM
[02:34:50] 🐋 YES $3,040.00 | KXMLBGAME-26APR032215NYMSF-NYM
[02:34:50] 🐋 YES $6,080.00 | KXMLBGAME-26APR032215NYMSF-NYM
[02:34:50] 🐋 YES $3,040.00 | KXMLBGAME-26APR032215NYMSF-NYM
[02:34:50] 🐋 YES $2,280.00 | KXMLBGAME-26APR032215NYMSF-NYM
[02:34:50] 🐋 YES $2,310.00 | KXMLBGAME-26APR032215NYMSF-NYM
[02:34:50] 🐋 YES $2,280.00 | KXMLBGAME-26APR032215NYMSF-NYM
[02:34:50] 🐋 YES $2,310.00 | KXMLBGAME-26APR032215NYMSF-NYM
[02:34:50] 🐋 YES $2,971.60 | KXMLBGAME-26APR032215NYMSF-NYM
[02:34:50] 🐋 YES $3,080.00 | KXMLBGAME-26APR032215NYMSF-NYM
[02:34:50] 🐋 YES $2,280.00 | KXMLBGAME-26APR032215NYMSF-NYM
[02:34:50] 🐋 YES $2,568.72 | KXMLBGAME-26APR032215NYMSF-NYM
[02:35:05] 🐋 YES $4,121.60 | KXNCAAWBGAME-26APR03TEXUCLA-UCLA
[02:35:51] 🐋 NO $4,600.00 | KXNCAAWBTOTAL-26APR03TEXUCLA-119
[02:37:21] 🐋 YES $2,684.68 | KXNBAGAME-26APR03NOPSAC-NOP
[02:39] Whales: 748 | Vol: $3,554,820
[02:41:38] 🐋 YES $2,791.80 | KXATPMATCH-26APR03POPTIA-TIA
[02:43:09] 🐋 YES $2,231.46 | KXNBASPREAD-26APR03ORLDAL-ORL7
[02:43:09] 🐋 YES $2,897.37 | KXNBAGAME-26APR03NOPSAC-NOP
[02:43:09] 🐋 YES $2,802.60 | KXNBAGAME-26APR03NOPSAC-NOP
[02:44] Whales: 752 | Vol: $3,565,543
[02:44:40] 🐋 NO $2,124.86 | KXMVESPORTSMULTIGAMEEXTENDED-S202656F2A916768-5CD22CC1B12
[02:47:26] 🐋 YES $2,686.00 | KXMLBGAME-26APR032145ATLAZ-ATL
[02:47:41] 🐋 YES $7,407.30 | KXMVESPORTSMULTIGAMEEXTENDED-S2026963C5BCD99E-FD82F44B6E0
[02:47:41] 🐋 YES $3,270.69 | KXMVECROSSCATEGORY-S20263CE335C734B-BC6A7C4C60E
[02:47:56] 🐋 YES $2,079.07 | KXNCAAWBGAME-26APR03TEXUCLA-UCLA
[02:49:12] 🐋 NO $3,471.00 | KXNBATOTAL-26APR03NOPSAC-231
[02:49] Whales: 758 | Vol: $3,586,582
[02:49:57] 🐋 NO $2,153.70 | KXNCAAWBSPREAD-26APR03TEXUCLA-TEX7
[02:51:43] 🐋 YES $2,405.16 | KXNCAAWBGAME-26APR03TEXUCLA-TEX
[02:52:13] 🐋 NO $3,100.00 | KXATPCHALLENGERMATCH-26APR03FICPAC-PAC
[02:52:28] 🐋 YES $9,008.10 | KXNBAGAME-26APR03NOPSAC-NOP
[02:52:44] 🐋 YES $2,602.80 | KXNBAGAME-26APR03NOPSAC-NOP
[02:54] Whales: 763 | Vol: $3,605,852
[02:55:15] 🐋 YES $3,800.00 | KXNHLGAME-26APR03STLANA-ANA
[02:56:31] 🐋 YES $4,892.16 | KXNBAGAME-26APR03NOPSAC-NOP
[02:58:47] 🐋 YES $4,650.00 | KXNCAAWBGAME-26APR03TEXUCLA-UCLA
[02:59] Whales: 766 | Vol: $3,619,194
[02:59:47] 🐋 NO $4,079.28 | KXNBAGAME-26APR03NOPSAC-SAC
[02:59:47] 🐋 YES $3,632.85 | KXNCAAWBGAME-26APR03TEXUCLA-UCLA
[03:01:18] 🐋 YES $2,202.24 | KXNBAGAME-26APR03NOPSAC-NOP
[03:02:48] 🐋 YES $2,057.14 | KXNCAAWBGAME-26APR03TEXUCLA-UCLA
[03:04:19] 🐋 YES $4,659.27 | KXNCAAWBGAME-26APR03TEXUCLA-UCLA
[03:04] Whales: 771 | Vol: $3,635,825
[03:04:34] 🐋 YES $4,871.60 | KXNCAAWBGAME-26APR03TEXUCLA-UCLA
[03:05:35] 🐋 YES $5,860.80 | KXNCAAWBGAME-26APR03TEXUCLA-UCLA
[03:07:51] 🐋 NO $2,362.56 | KXCITRINI-28JUL01
[03:09] Whales: 774 | Vol: $3,648,920
[03:10:37] 🐋 YES $3,300.00 | KXNCAAWBGAME-26APR03TEXUCLA-UCLA
[03:12:08] 🐋 YES $2,761.92 | KXNCAAWBGAME-26APR03TEXUCLA-UCLA
[03:12:23] 🐋 NO $3,450.00 | KXCITRINI-28JUL01
[03:12:23] 🐋 NO $2,217.66 | KXCITRINI-28JUL01
[03:12:38] 🐋 YES $2,859.30 | KXNCAAWBGAME-26APR03TEXUCLA-TEX
[03:13:23] 🐋 YES $2,119.04 | KXNBAGAME-26APR03NOPSAC-NOP
[03:13:54] 🐋 NO $3,707.17 | KXMVESPORTSMULTIGAMEEXTENDED-S20265A9F357AF44-95DB14B882C
[03:14] Whales: 781 | Vol: $3,669,335
[03:15:39] 🐋 YES $2,907.45 | KXIPLGAME-26APR04MIDC-MI
[03:16:10] 🐋 YES $21,231.80 | KXNCAAMBGAME-26APR04MICHARIZ-MICH
[03:17:56] 🐋 YES $6,141.64 | KXMLBGAME-26APR032145ATLAZ-ATL
[03:19:26] 🐋 NO $7,856.64 | KXNCAAWBGAME-26APR03TEXUCLA-TEX
[03:19:26] 🐋 YES $4,238.08 | KXNCAAWBGAME-26APR03TEXUCLA-UCLA
[03:19] Whales: 786 | Vol: $3,711,710
[03:19:57] 🐋 NO $2,670.00 | KXNCAAWBGAME-26APR03TEXUCLA-TEX
[03:19:57] 🐋 NO $7,281.98 | KXNCAAWBGAME-26APR03TEXUCLA-TEX
[03:19:57] 🐋 NO $2,399.44 | KXNCAAWBGAME-26APR03TEXUCLA-TEX
[03:19:57] 🐋 YES $2,670.00 | KXNCAAWBGAME-26APR03TEXUCLA-UCLA
[03:19:57] 🐋 YES $2,219.66 | KXNCAAWBGAME-26APR03TEXUCLA-UCLA
[03:20:12] 🐋 NO $2,452.84 | KXNCAAWBGAME-26APR03TEXUCLA-TEX
[03:20:12] 🐋 NO $3,281.40 | KXNCAAWBGAME-26APR03TEXUCLA-TEX
[03:20:42] 🐋 YES $2,933.04 | KXNBAGAME-26APR03NOPSAC-NOP
[03:22:58] 🐋 NO $2,450.00 | KXNHL-26-CBJ
[03:23:43] 🐋 NO $3,138.09 | KXMARMAD-26-CONN
[03:23:59] 🐋 NO $2,074.17 | KXNBASPREAD-26APR03NOPSAC-NOP11
[03:23:59] 🐋 YES $9,265.52 | KXNBAGAME-26APR03NOPSAC-NOP
[03:23:59] 🐋 YES $4,480.00 | KXMLBGAME-26APR032138SEALAA-SEA
[03:23:59] 🐋 YES $2,064.72 | KXMLBGAME-26APR032138SEALAA-SEA
[03:24:14] 🐋 YES $2,275.44 | KXMLBGAME-26APR032138SEALAA-SEA
[03:24:14] 🐋 YES $2,280.00 | KXMLBGAME-26APR032138SEALAA-SEA
[03:24:14] 🐋 YES $2,280.00 | KXMLBGAME-26APR032138SEALAA-SEA
[03:24:14] 🐋 YES $3,528.30 | KXMLBGAME-26APR032138SEALAA-SEA
[03:24:14] 🐋 YES $2,280.00 | KXMLBGAME-26APR032138SEALAA-SEA
[03:24:14] 🐋 YES $2,320.00 | KXMLBGAME-26APR032138SEALAA-SEA
[03:24:14] 🐋 YES $2,280.00 | KXMLBGAME-26APR032138SEALAA-SEA
[03:24:14] 🐋 YES $4,560.00 | KXMLBGAME-26APR032138SEALAA-SEA
[03:24:14] 🐋 YES $2,291.75 | KXNCAAWBGAME-26APR03TEXUCLA-UCLA
[03:24] Whales: 809 | Vol: $3,785,187
[03:24:44] 🐋 YES $2,528.49 | KXNBAGAME-26APR03NOPSAC-NOP
[03:24:59] 🐋 YES $2,050.00 | KXNBATOTAL-26APR03NOPSAC-237
[03:24:59] 🐋 NO $2,940.00 | KXMLBGAME-26APR032138SEALAA-SEA
[03:26:00] 🐋 YES $5,396.54 | KXNCAAWBGAME-26APR03TEXUCLA-UCLA
[03:26:30] 🐋 NO $4,900.00 | KXWMARMAD-26-TEX
[03:26:45] 🐋 YES $5,500.00 | KXATPCHALLENGERMATCH-26APR03FICPAC-PAC
[03:27:15] 🐋 YES $7,752.36 | KXNBAGAME-26APR03NOPSAC-NOP
[03:29] Whales: 816 | Vol: $3,816,254
[03:29:46] 🐋 YES $4,850.00 | KXNCAAWBGAME-26APR03TEXUCLA-UCLA
[03:29:46] 🐋 YES $4,850.00 | KXNCAAWBGAME-26APR03TEXUCLA-UCLA
[03:30:17] 🐋 YES $2,146.20 | KXNCAAWBGAME-26APR03TEXUCLA-UCLA
[03:32:18] 🐋 YES $12,600.00 | KXNBAGAME-26APR03NOPSAC-NOP
[03:32:18] 🐋 NO $2,514.12 | KXNBAGAME-26APR03NOPSAC-SAC
[03:32:48] 🐋 YES $4,996.53 | KXNCAAWBGAME-26APR03TEXUCLA-UCLA
[03:32:48] 🐋 YES $2,295.81 | KXNCAAWBGAME-26APR03TEXUCLA-UCLA
[03:34:03] 🐋 NO $3,860.60 | KXMLBGAME-26APR032215NYMSF-SF
[03:34:34] 🐋 YES $4,611.30 | KXNCAAWBGAME-26APR03TEXUCLA-UCLA
[03:34:34] 🐋 YES $4,717.79 | KXMVECROSSCATEGORY-S202631524BFF622-CE45A2BC70B
[03:34] Whales: 826 | Vol: $3,863,696
[03:34:49] 🐋 YES $16,337.15 | KXNCAAWBGAME-26APR03TEXUCLA-UCLA
[03:34:49] 🐋 YES $5,700.00 | KXNCAAWBGAME-26APR03TEXUCLA-UCLA
[03:35:49] 🐋 YES $9,791.04 | KXNCAAWBGAME-26APR03TEXUCLA-UCLA
[03:36:04] 🐋 YES $2,494.70 | KXNCAAWBGAME-26APR03TEXUCLA-UCLA
[03:36:50] 🐋 YES $2,972.79 | KXNBAGAME-26APR03NOPSAC-NOP
[03:37:50] 🐋 NO $3,960.00 | KXNCAAWBGAME-26APR03TEXUCLA-TEX
[03:38:36] 🐋 NO $3,179.88 | KXNCAAWBGAME-26APR03TEXUCLA-TEX
[03:38:36] 🐋 NO $2,576.97 | KXNCAAWBGAME-26APR03TEXUCLA-TEX
[03:38:36] 🐋 NO $4,313.96 | KXNCAAWBGAME-26APR03TEXUCLA-TEX
[03:39] Whales: 835 | Vol: $3,915,023
[03:44:08] 🐋 YES $8,730.00 | KXNCAAWBGAME-26APR03TEXUCLA-UCLA
[03:44:08] 🐋 YES $8,612.63 | KXNCAAWBGAME-26APR03TEXUCLA-UCLA
[03:44:08] 🐋 YES $5,062.43 | KXNCAAWBGAME-26APR03TEXUCLA-UCLA
[03:44:23] 🐋 NO $3,335.31 | KXNCAAWBGAME-26APR03TEXUCLA-TEX
[03:44] Whales: 839 | Vol: $3,940,763
[03:45:54] 🐋 YES $2,425.14 | KXNBAGAME-26APR03NOPSAC-NOP
[03:46:54] 🐋 YES $2,836.80 | KXNCAAWBGAME-26APR03TEXUCLA-UCLA
[03:47:10] 🐋 YES $7,708.80 | KXMLBGAME-26APR041310STLDET-DET
[03:47:55] 🐋 NO $2,557.50 | KXMLBGAME-26APR032145ATLAZ-AZ
[03:48:40] 🐋 YES $3,300.00 | KXNBAGAME-26APR03NOPSAC-SAC
[03:48:55] 🐋 YES $6,918.75 | KXRT-DRA-77
[03:49] Whales: 845 | Vol: $3,966,510
[03:50:26] 🐋 NO $12,872.04 | KXMLBSPREAD-26APR032215NYMSF-NYM4
[03:50:26] 🐋 NO $3,350.00 | KXMLBSPREAD-26APR032215NYMSF-NYM4
[03:50:26] 🐋 NO $2,680.00 | KXMLBSPREAD-26APR032215NYMSF-NYM4
[03:51:42] 🐋 NO $3,735.00 | KXMARMAD-26-ILL
[03:51:57] 🐋 NO $2,340.05 | KXNBAGAME-26APR03NOPSAC-SAC
[03:53:58] 🐋 YES $3,202.92 | KXMLBGAME-26APR032145ATLAZ-ATL
[03:53:58] 🐋 YES $2,085.79 | KXATPCHALLENGERMATCH-26APR03FICPAC-PAC
[03:53:58] 🐋 YES $5,678.03 | KXATPCHALLENGERMATCH-26APR03FICPAC-PAC
[03:53:58] 🐋 YES $3,318.84 | KXATPCHALLENGERMATCH-26APR03FICPAC-PAC
[03:53:58] 🐋 YES $3,612.50 | KXATPCHALLENGERMATCH-26APR03FICPAC-PAC
[03:53:58] 🐋 YES $4,116.80 | KXATPCHALLENGERMATCH-26APR03FICPAC-PAC
[03:54:28] 🐋 YES $4,924.00 | KXNBAGAME-26APR03NOPSAC-NOP
[03:54:43] 🐋 YES $2,417.56 | KXNBAGAME-26APR03NOPSAC-NOP
[03:54] Whales: 858 | Vol: $4,020,844
[03:54:58] 🐋 YES $2,639.78 | KXNBAGAME-26APR03NOPSAC-NOP
[03:54:58] 🐋 YES $3,877.31 | KXNBAGAME-26APR03NOPSAC-NOP
[03:55:13] 🐋 NO $4,895.47 | KXNBAGAME-26APR03NOPSAC-NOP
[03:55:13] 🐋 YES $4,895.47 | KXNBAGAME-26APR03NOPSAC-SAC
[03:55:13] 🐋 NO $2,067.00 | KXMLBGAME-26APR032138SEALAA-SEA
[03:56:44] 🐋 YES $5,813.85 | KXMVECROSSCATEGORY-S2026EBCAD3591D8-5C6D8FB0D3E
[03:57:14] 🐋 NO $5,346.24 | KXMLBGAME-26APR032138SEALAA-LAA
[03:58:29] 🐋 YES $4,800.00 | KXNBAGAME-26APR03NOPSAC-SAC
[03:58:45] 🐋 NO $2,144.15 | KXMLBGAME-26APR032215NYMSF-SF
[03:59:00] 🐋 NO $3,960.00 | KXNBATOTAL-26APR03NOPSAC-237
[03:59:30] 🐋 YES $9,333.24 | KXNBAGAME-26APR03NOPSAC-SAC
[03:59] Whales: 869 | Vol: $4,070,616
[04:00:00] 🐋 YES $9,733.09 | KXNBAGAME-26APR03NOPSAC-NOP
[04:00:31] 🐋 YES $2,548.47 | KXMLBGAME-26APR032138SEALAA-SEA
[04:00:31] 🐋 YES $4,907.06 | KXNBAGAME-26APR03NOPSAC-NOP
[04:01:46] 🐋 NO $2,970.00 | KXMLBGAME-26APR032145ATLAZ-AZ
[04:01:46] 🐋 NO $4,950.00 | KXMLBGAME-26APR032145ATLAZ-AZ
[04:02:01] 🐋 YES $4,950.00 | KXMLBGAME-26APR032145ATLAZ-ATL
[04:02:47] 🐋 NO $2,300.00 | KXPGAMAJORWIN-26-SSCH
[04:04] Whales: 876 | Vol: $4,102,975
[04:05:18] 🐋 YES $2,414.23 | KXNBAGAME-26APR03NOPSAC-NOP
[04:06:18] 🐋 YES $2,064.48 | KXNBAGAME-26APR03NOPSAC-NOP
[04:07:19] 🐋 YES $2,506.68 | KXNBATOTAL-26APR03NOPSAC-219
[04:09:05] 🐋 YES $2,201.92 | KXMLBSPREAD-26APR032215NYMSF-NYM6
[04:09:50] 🐋 YES $2,697.75 | KXMLBGAME-26APR032215NYMSF-NYM
[04:09] Whales: 881 | Vol: $4,114,860
[04:10:05] 🐋 YES $6,154.10 | KXNBATOTAL-26APR03NOPSAC-228
[04:10:35] 🐋 NO $8,840.88 | KXNBAGAME-26APR03NOPSAC-NOP
[04:11:21] 🐋 YES $3,920.00 | KXMLBGAME-26APR032215NYMSF-NYM
[04:11:21] 🐋 YES $3,920.00 | KXMLBGAME-26APR032215NYMSF-NYM
[04:11:21] 🐋 YES $2,940.00 | KXMLBGAME-26APR032215NYMSF-NYM
[04:11:21] 🐋 YES $3,920.00 | KXMLBGAME-26APR032215NYMSF-NYM
[04:11:21] 🐋 YES $2,940.00 | KXMLBGAME-26APR032215NYMSF-NYM
[04:11:21] 🐋 YES $2,940.00 | KXMLBGAME-26APR032215NYMSF-NYM
[04:11:36] 🐋 NO $2,597.85 | KXMLBGAME-26APR032138SEALAA-LAA
[04:11:36] 🐋 NO $2,010.00 | KXNBAGAME-26APR03NOPSAC-SAC
[04:12:06] 🐋 NO $5,045.12 | KXNBAGAME-26APR03NOPSAC-SAC
[04:12:06] 🐋 NO $2,068.48 | KXNBAGAME-26APR03NOPSAC-SAC
[04:13:37] 🐋 NO $2,647.84 | KXNBASPREAD-26APR03NOPSAC-NOP2
[04:13:37] 🎯 NO $2,198.72 | KXBTC15M-26APR040015-15
[04:14:07] 🐋 YES $4,858.84 | KXNBASPREAD-26APR03NOPSAC-NOP2
[04:14] Whales: 896 | Vol: $4,171,862
[04:15:23] 🐋 NO $2,152.40 | KXNBAGAME-26APR03NOPSAC-SAC
[04:15:23] 🐋 YES $2,861.30 | KXNBAGAME-26APR03NOPSAC-SAC
[04:16:53] 🐋 YES $2,168.32 | KXNBAGAME-26APR03NOPSAC-SAC
[04:17:39] 🐋 YES $3,202.32 | KXNBAGAME-26APR03NOPSAC-NOP
[04:17:39] 🐋 YES $2,460.78 | KXNBAGAME-26APR03NOPSAC-NOP
[04:17:54] 🐋 YES $2,345.70 | KXNBAGAME-26APR03NOPSAC-SAC
[04:17:54] 🐋 YES $3,207.40 | KXNBAGAME-26APR03NOPSAC-SAC
[04:19:39] 🐋 YES $3,391.92 | KXNBAGAME-26APR03NOPSAC-SAC
[04:19] Whales: 904 | Vol: $4,193,652
[04:20:10] 🐋 YES $3,700.00 | KXNBAGAME-26APR03NOPSAC-NOP
[04:22:26] 🐋 YES $7,327.00 | KXNBAGAME-26APR03NOPSAC-SAC
[04:22:41] 🐋 NO $11,196.64 | KXNBAGAME-26APR03NOPSAC-NOP
[04:23:26] 🐋 YES $3,358.30 | KXNBAGAME-26APR03NOPSAC-SAC
[04:24] Whales: 908 | Vol: $4,219,234
[04:25:57] 🐋 YES $7,400.00 | KXNBAGAME-26APR03NOPSAC-SAC
[04:26:58] 🐋 NO $2,474.50 | KXNBAGAME-26APR03NOPSAC-NOP
[04:27:13] 🐋 NO $2,009.98 | KXNBAGAME-26APR03NOPSAC-NOP
[04:27:28] 🐋 YES $4,951.02 | KXATPCHALLENGERMATCH-26APR03DUCZHU-DUC
[04:28:44] 🐋 YES $3,810.24 | KXNBAGAME-26APR03NOPSAC-SAC
[04:28:59] 🐋 YES $2,240.00 | KXMLBGAME-26APR032138SEALAA-LAA
[04:29:14] 🐋 YES $2,030.56 | KXMLBGAME-26APR032138SEALAA-LAA
[04:29:44] 🐋 YES $6,298.11 | KXATPCHALLENGERMATCH-26APR03DUCZHU-DUC
[04:29:44] 🐋 YES $6,546.54 | KXATPCHALLENGERMATCH-26APR03DUCZHU-DUC
[04:29] Whales: 917 | Vol: $4,256,995
[04:30:29] 🐋 YES $2,280.00 | KXMLBGAME-26APR032138SEALAA-LAA
[04:32:30] 🐋 YES $3,444.00 | KXLAYOFFSYINFO-26-494000
[04:35] Whales: 919 | Vol: $4,262,719
[04:37:48] 🐋 YES $2,040.00 | KXMLBGAME-26APR032138SEALAA-SEA
[04:37:48] 🐋 YES $2,040.00 | KXMLBGAME-26APR032138SEALAA-SEA
[04:38:48] 🐋 YES $2,240.00 | KXMLBGAME-26APR032138SEALAA-SEA
[04:38:48] 🐋 YES $2,240.00 | KXMLBGAME-26APR032138SEALAA-SEA
[04:39:19] 🐋 YES $3,829.96 | KXMLBGAME-26APR032138SEALAA-LAA
[04:39:34] 🐋 YES $4,415.60 | KXMLBGAME-26APR032138SEALAA-SEA
[04:39:34] 🐋 YES $2,525.25 | KXATPCHALLENGERMATCH-26APR03DUCZHU-DUC
[04:39:49] 🐋 YES $2,381.50 | KXMVECROSSCATEGORY-S2026ECC752F6D0F-3D32CFA8274
[04:40] Whales: 927 | Vol: $4,284,431
[04:42:50] 🐋 YES $2,706.82 | KXNBAGAME-26APR05TORBOS-BOS
[04:43:20] 🐋 NO $3,412.50 | KXMLBGAME-26APR032138SEALAA-LAA
[04:44:51] 🐋 YES $3,108.28 | KXMVECROSSCATEGORY-S2026629D0A03190-4438A4A5C60
[04:45] Whales: 930 | Vol: $4,293,659
[04:46:07] 🐋 YES $4,779.04 | KXMARMAD-26-ARIZ
[04:47:22] 🐋 YES $2,800.00 | KXNBAGAME-26APR04SASDEN-SAS
[04:47:53] 🐋 YES $4,580.62 | KXMLBGAME-26APR032138SEALAA-SEA
[04:50:09] 🐋 YES $6,720.00 | KXMLBGAME-26APR032138SEALAA-SEA
[04:50:09] 🐋 YES $2,658.24 | KXMLBGAME-26APR032138SEALAA-SEA
[04:50:09] 🐋 YES $6,953.28 | KXMLBGAME-26APR032138SEALAA-SEA
[04:50:09] 🐋 YES $2,106.24 | KXMLBGAME-26APR032138SEALAA-SEA
[04:50] Whales: 937 | Vol: $4,324,256
[04:51:24] 🐋 YES $3,840.00 | KXMLBGAME-26APR032138SEALAA-SEA
[04:51:24] 🐋 YES $3,840.00 | KXMLBGAME-26APR032138SEALAA-SEA
[04:51:24] 🐋 YES $2,880.00 | KXMLBGAME-26APR032138SEALAA-SEA
[04:51:24] 🐋 YES $3,840.00 | KXMLBGAME-26APR032138SEALAA-SEA
[04:51:24] 🐋 YES $2,880.00 | KXMLBGAME-26APR032138SEALAA-SEA
[04:51:24] 🐋 YES $2,880.00 | KXMLBGAME-26APR032138SEALAA-SEA
[04:51:24] 🐋 YES $2,880.00 | KXMLBGAME-26APR032138SEALAA-SEA
[04:51:24] 🐋 YES $2,880.00 | KXMLBGAME-26APR032138SEALAA-SEA
[04:51:24] 🐋 YES $3,840.00 | KXMLBGAME-26APR032138SEALAA-SEA
[04:51:24] 🐋 YES $3,840.00 | KXMLBGAME-26APR032138SEALAA-SEA
[04:52:25] 🐋 YES $4,583.26 | KXMVECROSSCATEGORY-S20266343BB4F204-9D702354AD0
[04:55] Whales: 948 | Vol: $4,362,439
[04:57:27] 🐋 YES $2,912.58 | KXMLBGAME-26APR032138SEALAA-SEA
[04:57:27] 🐋 YES $2,498.76 | KXMLBGAME-26APR032138SEALAA-SEA
[04:57:27] 🐋 NO $2,030.49 | KXMLBGAME-26APR032138SEALAA-LAA
[04:57:57] 🐋 YES $4,361.49 | KXIPLGAME-26APR04MIDC-MI
[05:00] Whales: 952 | Vol: $4,374,243
[05:01:44] 🐋 YES $2,808.00 | KXNCAAMBGAME-26APR04MICHARIZ-ARIZ
[05:04:00] 🐋 YES $3,150.00 | KXIPLGAME-26APR04MIDC-MI
[05:05:00] 🐋 YES $7,651.70 | KXMARMAD-26-MICH
[05:05] Whales: 955 | Vol: $4,387,852
[05:10] Whales: 955 | Vol: $4,387,852
[05:11:03] 🐋 YES $2,896.55 | KXATPCHALLENGERMATCH-26APR03DUCZHU-DUC
[05:11:33] 🐋 YES $6,839.47 | KXATPCHALLENGERMATCH-26APR03DUCZHU-DUC
[05:11:33] 🐋 YES $6,713.37 | KXATPCHALLENGERMATCH-26APR03DUCZHU-DUC
[05:11:33] 🐋 YES $2,450.00 | KXATPCHALLENGERMATCH-26APR03DUCZHU-DUC
[05:11:48] 🐋 YES $19,309.92 | KXNBAGAME-26APR04SASDEN-SAS
[05:12:34] 🐋 YES $8,616.60 | KXNBAGAME-26APR04DETPHI-PHI
[05:14:05] 🐋 YES $3,062.53 | KXMVESPORTSMULTIGAMEEXTENDED-S20266BACB46E7DC-32042EAD4B8
[05:14:50] 🐋 YES $5,470.55 | KXMVECROSSCATEGORY-S2026F62EC8C6A16-4495CE36297
[05:15] Whales: 963 | Vol: $4,443,211
[05:16:21] 🐋 YES $2,366.40 | KXMLBGAME-26APR041310STLDET-DET
[05:16:51] 🐋 NO $2,394.99 | KXJLEAGUEGAME-26APR04JEFVER-VER
[05:18:06] 🐋 YES $2,554.40 | KXATPCHALLENGERMATCH-26APR04BROELL-BRO
[05:18:52] 🐋 YES $22,968.90 | KXNBAGAME-26APR04WASMIA-MIA
[05:20:07] 🎯 YES $2,975.38 | KXBTC15M-26APR040130-30
[05:20] Whales: 968 | Vol: $4,476,472
[05:20:53] 🐋 YES $2,152.80 | KXNCAAMBGAME-26APR04ILLCONN-CONN
[05:22:53] 🐋 YES $2,894.65 | KXNCAAMBGAME-26APR04ILLCONN-ILL
[05:23:24] 🐋 YES $2,860.16 | KXNBAGAME-26APR05TORBOS-BOS
[05:24:39] 🐋 YES $2,473.50 | KXATPCHALLENGERMATCH-26APR03DUCZHU-DUC
[05:25:25] 🐋 YES $2,855.24 | KXATPCHALLENGERMATCH-26APR03DUCZHU-DUC
[05:25:25] 🐋 YES $5,420.20 | KXATPCHALLENGERMATCH-26APR03DUCZHU-DUC
[05:25:25] 🐋 YES $6,101.62 | KXATPCHALLENGERMATCH-26APR03DUCZHU-DUC
[05:25:25] 🐋 YES $5,948.28 | KXATPCHALLENGERMATCH-26APR03DUCZHU-DUC
[05:25] Whales: 976 | Vol: $4,507,178
[05:27:41] 🎯 NO $2,476.80 | KXBTC15M-26APR040130-30
[05:30] Whales: 977 | Vol: $4,509,655
[05:32:28] 🐋 NO $2,281.44 | KXATPCHALLENGERMATCH-26APR03DUCZHU-ZHU
[05:32:58] 🐋 YES $2,197.80 | KXATPCHALLENGERMATCH-26APR03DUCZHU-DUC
[05:33:28] 🐋 NO $2,325.00 | KXATPCHALLENGERMATCH-26APR04BROELL-ELL
[05:33:28] 🐋 NO $2,312.68 | KXATPCHALLENGERMATCH-26APR04BROELL-ELL
[05:33:59] 🐋 YES $2,271.64 | KXATPCHALLENGERMATCH-26APR04BROELL-BRO
[05:33:59] 🐋 YES $2,038.50 | KXATPCHALLENGERMATCH-26APR04BROELL-BRO
[05:33:59] 🐋 YES $3,442.04 | KXATPCHALLENGERMATCH-26APR04BROELL-BRO
[05:35] Whales: 984 | Vol: $4,526,524
[05:35:45] 🐋 YES $2,442.16 | KXNBAGAME-26APR04SASDEN-SAS
[05:40:32] 🐋 YES $4,462.08 | KXNBAGAME-26APR04SASDEN-SAS
[05:40] Whales: 986 | Vol: $4,533,428
[05:41:32] 🐋 YES $2,691.36 | KXATPCHALLENGERMATCH-26APR04BROELL-BRO
[05:43:33] 🐋 YES $11,780.01 | KXAAAGASW-26APR06-4.080
[05:45] Whales: 988 | Vol: $4,547,900
[05:46:50] 🎯 YES $3,061.62 | KXBTC15M-26APR040200-00
[05:47:20] 🐋 NO $3,888.72 | KXBTCD-26APR0402-T67099.99
[05:50:36] 🐋 YES $4,190.34 | KXATPCHALLENGERMATCH-26APR04BROELL-BRO
[05:50] Whales: 991 | Vol: $4,559,040
[05:55] Whales: 991 | Vol: $4,559,040
[05:55:54] 🐋 YES $2,408.56 | KXNCAAMBGAME-26APR04ILLCONN-CONN
[06:00] Whales: 992 | Vol: $4,561,449
[06:05:28] 🎯 YES $2,068.95 | KXBTC15M-26APR040215-15
[06:05:43] 🐋 YES $2,237.79 | KXKBLGAME-26APR040100THUWON-WON
[06:05] Whales: 994 | Vol: $4,565,755
[06:07:44] 🐋 YES $9,700.88 | KXNBAGAME-26APR04SASDEN-SAS
[06:07:59] 🐋 YES $2,345.66 | KXMVECROSSCATEGORY-S2026EE228504DE4-F7056358B0D
[06:09:30] 🐋 NO $2,389.80 | KXMVESPORTSMULTIGAMEEXTENDED-S20264742DEF0C9B-C8FEFA1BE55
[06:09:30] 🐋 NO $2,110.99 | KXMLBGAME-26APR031945MILKC-MIL
[06:10] Whales: 998 | Vol: $4,582,303
[06:11:16] 🐋 YES $2,084.88 | KXJLEAGUEGAME-26APR04MITKAS-MIT
[06:12:16] 🐋 YES $6,737.89 | KXNCAAMBGAME-26APR04MICHARIZ-MICH
[06:13:32] 🐋 YES $3,882.84 | KXNHLGAME-26APR04DETNYR-DET
[06:15] Whales: 1001 | Vol: $4,595,008
[06:17:19] 🐋 NO $2,200.55 | KXNCAAMBSPREAD-26APR04ILLCONN-ILL2
[06:18:50] 🐋 YES $6,360.00 | KXNCAAMBGAME-26APR04MICHARIZ-MICH
[06:18:50] 🐋 YES $11,276.82 | KXNCAAMBGAME-26APR04MICHARIZ-MICH
[06:18:50] 🐋 YES $15,900.00 | KXNCAAMBGAME-26APR04MICHARIZ-MICH
[06:19:20] 🐋 YES $2,985.30 | KXATPCHALLENGERMATCH-26APR04BROELL-BRO
[06:20:05] 🎯 YES $2,444.40 | KXBTC15M-26APR040230-30
[06:20:51] 🐋 YES $3,757.20 | KXATPCHALLENGERMATCH-26APR04BROELL-BRO
[06:20] Whales: 1008 | Vol: $4,639,933
[06:23:22] 🐋 YES $7,967.12 | KXNBAGAME-26APR04SASDEN-SAS
[06:23:22] 🐋 YES $2,350.32 | KXNBAGAME-26APR04SASDEN-SAS
[06:25:08] 🐋 YES $2,496.00 | KXNCAAMBGAME-26APR04MICHARIZ-ARIZ
[06:25:38] 🐋 YES $2,229.65 | KXATPCHALLENGERMATCH-26APR04BROELL-BRO
[06:25] Whales: 1012 | Vol: $4,654,976
[06:26:08] 🐋 YES $23,965.90 | KXATPCHALLENGERMATCH-26APR04BROELL-BRO
[06:26:08] 🐋 NO $2,642.08 | KXATPCHALLENGERMATCH-26APR04BROELL-ELL
[06:27:39] 🐋 YES $4,096.62 | KXATPCHALLENGERMATCH-26APR04BROELL-BRO
[06:28:54] 🐋 YES $3,384.90 | KXIPL-26-MI
[06:29:25] 🎯 NO $4,724.17 | KXBTC15M-26APR040230-30
[06:30] Whales: 1017 | Vol: $4,693,789
[06:31:26] 🐋 YES $22,221.54 | KXATPCHALLENGERMATCH-26APR04BROELL-BRO
[06:31:26] 🐋 YES $7,161.66 | KXATPCHALLENGERMATCH-26APR04BROELL-BRO
[06:32:41] 🐋 YES $2,401.70 | KXKBLGAME-26APR040100THUWON-WON
[06:33:57] 🐋 YES $4,995.54 | KXATPCHALLENGERMATCH-26APR04BROELL-BRO
[06:35:12] 🐋 YES $4,696.56 | KXATPCHALLENGERMATCH-26APR04BROELL-BRO
[06:35] Whales: 1022 | Vol: $4,735,266
[06:37:28] 🐋 NO $3,167.01 | KXATPCHALLENGERMATCH-26APR04BROELL-ELL
[06:38:29] 🐋 YES $2,955.63 | KXKBLGAME-26APR040100THUWON-WON
[06:39:44] 🐋 YES $2,970.65 | KXJBLEAGUEGAME-26APR040105JETDRA-DRA
[06:40:45] 🐋 NO $3,250.80 | KXALEAGUEGAME-26APR04CCMPER-CCM
[06:41] Whales: 1026 | Vol: $4,747,611
[06:44:47] 🎯 YES $4,295.70 | KXBTC15M-26APR040245-45
[06:46] Whales: 1027 | Vol: $4,751,906
[06:51] Whales: 1027 | Vol: $4,751,906
[06:55:22] 🐋 YES $2,495.70 | KXNCAAMBSPREAD-26APR04ILLCONN-ILL2
[06:55:37] 🐋 NO $2,563.47 | KXCS2GAME-26APR041200EYEFAZE-FAZE
[06:56] Whales: 1029 | Vol: $4,756,965
[06:56:22] 🐋 NO $2,644.04 | KXNBA-26-MIN
[06:56:22] 🐋 NO $2,695.00 | KXNBA-26-MIN
[06:57:07] 🐋 YES $2,409.60 | KXKBLGAME-26APR040100THUWON-WON
[06:58:38] 🐋 YES $2,478.45 | KXMLBGAME-26APR041905MIANYY-NYY
[07:00:54] 🐋 YES $4,848.00 | KXIPLGAME-26APR04MIDC-MI
[07:01] Whales: 1034 | Vol: $4,772,041
[07:06] Whales: 1034 | Vol: $4,772,041
[07:11] Whales: 1034 | Vol: $4,772,041
[07:16] Whales: 1034 | Vol: $4,772,041
[07:18:48] 🐋 YES $9,564.80 | KXMARMAD-26-MICH
[07:20:34] 🐋 YES $6,993.00 | KXCS2GAME-26APR040600VOCNRG-NRG
[07:21] Whales: 1036 | Vol: $4,788,598
[07:22:34] 🐋 YES $4,185.08 | KXJLEAGUEGAME-26APR04NGECER-NGE
[07:26] Whales: 1037 | Vol: $4,792,783
[07:27:37] 🐋 YES $2,592.80 | KXATPCHALLENGERMATCH-26APR04WENTUN-WEN
[07:29:23] 🐋 YES $4,853.55 | KXNBAGAME-26APR04SASDEN-SAS
[07:31] Whales: 1039 | Vol: $4,800,230
[07:33:39] 🐋 NO $2,932.00 | KXALEAGUEGAME-26APR04CCMPER-PER
[07:35:40] 🐋 NO $2,930.16 | KXPGATOUR-VATO26-LABE
[07:36] Whales: 1041 | Vol: $4,806,092
[07:41] Whales: 1041 | Vol: $4,806,092
[07:41:58] 🐋 YES $5,316.75 | KXATPCHALLENGERMATCH-26APR04WENTUN-WEN
[07:46:30] 🐋 YES $2,914.07 | KXMVESPORTSMULTIGAMEEXTENDED-S2026071F6073672-2EF331764DA
[07:46] Whales: 1043 | Vol: $4,814,323
[07:51] Whales: 1043 | Vol: $4,814,323
[07:56] Whales: 1043 | Vol: $4,814,323
[07:57:35] 🐋 YES $2,316.02 | KXJBLEAGUEGAME-26APR040405SEMSRS-SEM
[07:59:06] 🐋 YES $2,026.80 | KXMVESPORTSMULTIGAMEEXTENDED-S2026AA46DF84259-6F482E47557
[08:01] Whales: 1045 | Vol: $4,818,666
[08:06] Whales: 1045 | Vol: $4,818,666
[08:09:56] 🐋 YES $2,071.76 | KXATPCHALLENGERMATCH-26APR04WENTUN-WEN
[08:11] Whales: 1046 | Vol: $4,820,737
[08:13:58] 🐋 NO $2,820.00 | KXJLEAGUEGAME-26APR04GAMKYO-KYO
[08:16] Whales: 1047 | Vol: $4,823,557
[08:19:15] 🐋 NO $2,850.00 | KXJLEAGUEGAME-26APR04GAMKYO-KYO
[08:21] Whales: 1048 | Vol: $4,826,407
[08:24:03] 🐋 YES $2,866.50 | KXATPCHALLENGERMATCH-26APR04WENTUN-WEN
[08:26] Whales: 1049 | Vol: $4,829,274
[08:29:35] 🐋 YES $2,047.68 | KXJLEAGUEGAME-26APR04GAMKYO-GAM
[08:31:51] 🎯 NO $2,442.87 | KXBTC15M-26APR040445-45
[08:31] Whales: 1051 | Vol: $4,833,764
[08:32:22] 🐋 NO $4,377.33 | KXNCAAMBSPREAD-26APR04MICHARIZ-MICH1
[08:32:37] 🐋 NO $2,453.49 | KXLOLGAME-26APR040400HLET1-HLE
[08:36] Whales: 1053 | Vol: $4,840,595
[08:41] Whales: 1053 | Vol: $4,840,595
[08:42:27] 🎯 NO $3,775.24 | KXBTC15M-26APR040445-45
[08:46] Whales: 1054 | Vol: $4,844,370
[08:47:29] 🐋 YES $23,243.15 | KXNCAAMBGAME-26APR04MICHARIZ-MICH
[08:48:29] 🐋 NO $4,718.08 | KXATPCHALLENGERMATCH-26APR04WENTUN-WEN
[08:49:30] 🐋 YES $14,354.50 | KXNBAGAME-26APR04WASMIA-MIA
[08:52] Whales: 1057 | Vol: $4,886,686
[08:57] Whales: 1057 | Vol: $4,886,686
[09:02] Whales: 1057 | Vol: $4,886,686
[09:04:21] 🐋 NO $5,300.00 | KXNCAAMBGAME-26APR04MICHARIZ-ARIZ
[09:05:07] 🐋 YES $2,303.76 | KXATPCHALLENGERMATCH-26APR04WENTUN-WEN
[09:06:22] 🐋 YES $18,904.05 | KXATPCHALLENGERMATCH-26APR04WENTUN-WEN
[09:07] Whales: 1060 | Vol: $4,913,194
[09:07:23] 🐋 YES $2,761.11 | KXATPCHALLENGERMATCH-26APR04WENTUN-WEN
[09:12] Whales: 1061 | Vol: $4,915,955
[09:15:57] 🐋 YES $2,250.00 | KXBTCD-26APR0417-T66499.99
[09:15:57] 🐋 NO $5,292.63 | KXATPMATCH-26APR04NAVHAL-HAL
[09:17] Whales: 1063 | Vol: $4,923,498
[09:17:43] 🐋 YES $2,051.05 | KXKBLGAME-26APR040330DAEKNI-KNI
[09:17:58] 🐋 YES $4,092.36 | KXATPMATCH-26APR04MARVUK-MAR
[09:18:28] 🐋 YES $2,894.65 | KXNCAAMBGAME-26APR04ILLCONN-ILL
[09:20:14] 🐋 YES $2,304.70 | KXATPMATCH-26APR04CERNYS-CER
[09:20:14] 🐋 YES $6,223.74 | KXATPMATCH-26APR04CERNYS-CER
[09:20:29] 🐋 NO $6,231.93 | KXATPMATCH-26APR04CERNYS-NYS
[09:20:59] 🐋 NO $3,202.92 | KXATPMATCH-26APR04CERNYS-NYS
[09:20:59] 🐋 YES $2,712.81 | KXATPMATCH-26APR04CERNYS-CER
[09:21:14] 🐋 YES $2,298.78 | KXKBLGAME-26APR040330DAEKNI-KNI
[09:22] Whales: 1072 | Vol: $4,955,511
[09:24:46] 🐋 YES $2,140.30 | KXATPCHALLENGERMATCH-26APR04COPSAC-SAC
[09:26:01] 🐋 YES $3,210.38 | KXATPCHALLENGERMATCH-26APR04COPSAC-SAC
[09:26:01] 🐋 NO $3,971.70 | KXBTCMINMON-BTC-26APR30-5000000
[09:27] Whales: 1075 | Vol: $4,964,833
[09:28:02] 🐋 NO $3,900.00 | KXBTCD-26APR0417-T67249.99
[09:31:49] 🐋 YES $3,414.26 | KXATPMATCH-26APR04NAVHAL-NAV
[09:32] Whales: 1077 | Vol: $4,972,147
[09:35:21] 🐋 NO $2,291.24 | KXATPMATCH-26APR04CERNYS-NYS
[09:35:21] 🐋 NO $2,112.88 | KXATPMATCH-26APR04CERNYS-NYS
[09:35:51] 🐋 YES $2,386.48 | KXALEAGUEGAME-26APR04MELWES-MEL
[09:36:06] 🐋 YES $5,100.00 | KXATPCHALLENGERMATCH-26APR04DALNEU-NEU
[09:37] Whales: 1081 | Vol: $4,984,038
[09:37:37] 🐋 YES $2,702.40 | KXIPLGAME-26APR04MIDC-DC
[09:37:37] 🐋 YES $2,499.90 | KXATPMATCH-26APR04MARVUK-MAR
[09:42] Whales: 1083 | Vol: $4,989,240
[09:47] Whales: 1083 | Vol: $4,989,240
[09:48:42] 🐋 YES $2,389.94 | KXATPCHALLENGERMATCH-26APR04DALNEU-NEU
[09:52] Whales: 1084 | Vol: $4,991,630
[09:52:43] 🐋 YES $2,220.00 | KXLOLGAME-26APR040600DKDRX-DK
[09:53:14] 🐋 NO $5,202.12 | KXATPMATCH-26APR04NAVHAL-HAL
[09:53:59] 🐋 YES $3,481.37 | KXATPMATCH-26APR04NAVHAL-NAV
[09:55:14] 🐋 YES $2,259.84 | KXATPMATCH-26APR04CERNYS-CER
[09:56:00] 🐋 YES $2,610.00 | KXATPMATCH-26APR04MARVUK-MAR
[09:56:45] 🐋 NO $4,900.00 | KXATPMATCH-26APR04CERNYS-NYS
[09:57] Whales: 1090 | Vol: $5,012,303
[10:02] Whales: 1090 | Vol: $5,012,303
[10:05:49] 🐋 YES $9,568.64 | KXMVECROSSCATEGORY-S2026B6D609F8805-59C27C72C88
[10:06:35] 🐋 YES $9,283.08 | KXMVECROSSCATEGORY-S2026DC8914A6CA6-32042EAD4B8
[10:06:50] 🐋 YES $3,284.34 | KXNBAGAME-26APR04SASDEN-SAS
[10:07] Whales: 1093 | Vol: $5,034,439
[10:08:36] 🐋 YES $4,854.82 | KXIPLGAME-26APR04MIDC-MI
[10:09:51] 🐋 YES $4,853.55 | KXNBAGAME-26APR04SASDEN-SAS
[10:11:37] 🎯 NO $4,248.86 | KXBTC15M-26APR040615-15
[10:11:37] 🐋 NO $6,010.33 | KXNCAAMBTOTAL-26APR04MICHARIZ-160
[10:11:37] 🐋 NO $2,320.00 | KXNCAAMBTOTAL-26APR04MICHARIZ-160
[10:11:37] 🐋 NO $4,505.24 | KXNCAAMBTOTAL-26APR04MICHARIZ-160
[10:12:23] 🐋 YES $2,012.60 | KXATPMATCH-26APR04NAVVAN-NAV
[10:12] Whales: 1100 | Vol: $5,063,245
[10:13:08] 🐋 YES $2,117.48 | KXMVECROSSCATEGORY-S2026D7E51263A2A-D4D8E2E8263
[10:13:38] 🐋 NO $2,167.11 | KXATPMATCH-26APR04CERNYS-NYS
[10:13:38] 🐋 NO $9,900.00 | KXATPMATCH-26APR04CERNYS-NYS
[10:14:54] 🐋 YES $2,248.00 | KXIPLGAME-26APR04MIDC-DC
[10:14:54] 🐋 NO $2,250.00 | KXIPLGAME-26APR04MIDC-MI
[10:15:09] 🐋 YES $2,747.46 | KXIPLGAME-26APR04MIDC-DC
[10:16:39] 🐋 YES $3,285.01 | KXATPCHALLENGERMATCH-26APR04COPSAC-COP
[10:17] Whales: 1107 | Vol: $5,087,960
[10:21:11] 🐋 YES $6,093.36 | KXBUNDESLIGAGAME-26APR04HSVFCA-HSV
[10:22] Whales: 1108 | Vol: $5,094,053
[10:23:27] 🐋 YES $3,463.68 | KXIPLGAME-26APR04MIDC-MI
[10:23:42] 🐋 YES $3,403.08 | KXATPCHALLENGERMATCH-26APR04MARRIN-RIN
[10:24:43] 🐋 YES $3,600.22 | KXIPLGAME-26APR04MIDC-DC
[10:25:28] 🐋 YES $2,917.39 | KXWTAMATCH-26APR04PEGJOV-PEG
[10:27] Whales: 1112 | Vol: $5,107,438
[10:31:01] 🐋 YES $2,101.61 | KXATPMATCH-26APR04NAVVAN-NAV
[10:31:01] 🐋 YES $2,964.50 | KXATPMATCH-26APR04NAVVAN-NAV
[10:32] Whales: 1114 | Vol: $5,112,504
[10:34:17] 🐋 NO $2,110.71 | KXATPCHALLENGERMATCH-26APR04COPSAC-SAC
[10:34:17] 🐋 NO $2,049.53 | KXATPCHALLENGERMATCH-26APR04COPSAC-SAC
[10:34:17] 🐋 NO $2,171.89 | KXATPCHALLENGERMATCH-26APR04COPSAC-SAC
[10:34:17] 🐋 NO $2,080.12 | KXATPCHALLENGERMATCH-26APR04COPSAC-SAC
[10:34:17] 🐋 NO $2,141.30 | KXATPCHALLENGERMATCH-26APR04COPSAC-SAC
[10:35:18] 🐋 YES $2,107.35 | KXATPCHALLENGERMATCH-26APR04COPSAC-SAC
[10:36:34] 🐋 YES $2,135.42 | KXATPMATCH-26APR04NAVHAL-NAV
[10:37] Whales: 1121 | Vol: $5,127,300
[10:39:35] 🐋 YES $7,128.00 | KXATPMATCH-26APR04NAVHAL-NAV
[10:41:36] 🐋 YES $6,782.58 | KXATPMATCH-26APR04MARVUK-MAR
[10:42:06] 🐋 YES $2,098.56 | KXIPLGAME-26APR04MIDC-MI
[10:42] Whales: 1124 | Vol: $5,143,309
[10:44:22] 🐋 YES $3,342.72 | KXATPMATCH-26APR04NAVHAL-NAV
[10:46:08] 🐋 NO $2,571.84 | KXIPLGAME-26APR04MIDC-DC
[10:46:08] 🐋 NO $2,202.86 | KXIPLGAME-26APR04MIDC-DC
[10:46:08] 🐋 NO $2,611.83 | KXIPLGAME-26APR04MIDC-DC
[10:47:39] 🐋 YES $3,040.90 | KXSERIEAGAME-26APR04SASCAG-SAS
[10:47] Whales: 1129 | Vol: $5,157,079
[10:50:55] 🐋 YES $4,935.25 | KXATPCHALLENGERMATCH-26APR04COPSAC-SAC
[10:52] Whales: 1130 | Vol: $5,162,015
[10:53:57] 🐋 YES $2,831.04 | KXATPMATCH-26APR04MARVUK-MAR
[10:55:58] 🐋 NO $2,856.70 | KXATPMATCH-26APR04MARVUK-VUK
[10:55:58] 🐋 YES $4,910.75 | KXIPLGAME-26APR04MIDC-DC
[10:57:28] 🐋 YES $2,138.88 | KXATPMATCH-26APR04MARVUK-MAR
[10:57:58] 🐋 YES $2,405.16 | KXATPMATCH-26APR04BONBAU-BON
[10:57] Whales: 1135 | Vol: $5,177,157
[10:58:59] 🐋 NO $10,900.86 | KXATPMATCH-26APR04MARVUK-VUK
[10:59:59] 🐋 YES $2,316.72 | KXFACUPGAME-26APR04MCILFC-LFC
[11:00:14] 🐋 NO $2,402.96 | KXATPMATCH-26APR04MARVUK-VUK
[11:01:15] 🐋 YES $2,862.00 | KXNBAGAME-26APR04DETPHI-PHI
[11:01:45] 🐋 YES $4,791.36 | KXNCAAMBGAME-26APR04ILLCONN-CONN
[11:02:00] 🐋 YES $4,888.62 | KXMVECROSSCATEGORY-S202648360A97836-83055910B08
[11:03] Whales: 1141 | Vol: $5,205,320
[11:03:16] 🐋 NO $3,438.75 | KXIPLGAME-26APR04MIDC-DC
[11:03:31] 🐋 YES $2,015.55 | KXNBAGAME-26APR04DETPHI-PHI
[11:06:17] 🐋 YES $2,034.56 | KXATPMATCH-26APR04BUSGOF-BUS
[11:06:17] 🐋 YES $2,422.35 | KXATPCHALLENGERMATCH-26APR04MARRIN-RIN
[11:06:17] 🐋 YES $2,049.95 | KXATPCHALLENGERMATCH-26APR04MARRIN-RIN
[11:06:32] 🐋 YES $5,408.70 | KXIPLGAME-26APR04MIDC-DC
[11:07:33] 🐋 YES $3,175.90 | KXIPLGAME-26APR04MIDC-MI
[11:08] Whales: 1148 | Vol: $5,225,865
[11:08:48] 🐋 YES $3,747.79 | KXBUNDESLIGATOTAL-26APR04SCFBMU-1
[11:09:34] 🐋 YES $5,664.56 | KXATPMATCH-26APR04BUSGOF-BUS
[11:13] Whales: 1150 | Vol: $5,235,278
[11:15:07] 🐋 YES $3,797.76 | KXFACUPGAME-26APR04MCILFC-LFC
[11:18] Whales: 1151 | Vol: $5,239,076
[11:21:09] 🐋 YES $3,313.05 | KXIPLGAME-26APR04MIDC-DC
[11:22:55] 🐋 YES $2,558.52 | KXIPLGAME-26APR04MIDC-DC
[11:23] Whales: 1153 | Vol: $5,244,947
[11:28:13] 🐋 NO $3,083.52 | KXATPMATCH-26APR04NAVVAN-NAV
[11:28] Whales: 1154 | Vol: $5,248,031
[11:28:58] 🐋 YES $3,927.92 | KXATPMATCH-26APR04NAVVAN-VAN
[11:33] Whales: 1155 | Vol: $5,251,959
[11:34:00] 🐋 YES $2,281.62 | KXBUNDESLIGA2GAME-26APR04FCKF95-FCK
[11:36:17] 🐋 YES $3,450.00 | KXATPMATCH-26APR04NAVVAN-VAN
[11:37:48] 🐋 YES $3,650.00 | KXATPMATCH-26APR04NAVVAN-VAN
[11:38] Whales: 1158 | Vol: $5,261,340
[11:39:03] 🐋 NO $3,282.08 | KXIPLGAME-26APR04MIDC-MI
[11:43] Whales: 1159 | Vol: $5,264,622
[11:47:07] 🐋 NO $2,196.80 | KXATPMATCH-26APR04SHEPEL-SHE
[11:48] Whales: 1160 | Vol: $5,266,819
[11:50:39] 🐋 YES $3,550.71 | KXWTAMATCH-26APR04PEGJOV-PEG
[11:50:54] 🐋 YES $3,405.60 | KXRT-SUP-35
[11:50:54] 🐋 YES $3,325.00 | KXNBAGAME-26APR04WASMIA-MIA
[11:53] Whales: 1163 | Vol: $5,277,100
[11:55:41] 🐋 YES $2,333.25 | KXATPMATCH-26APR04BONBAU-BAU
[11:58:27] 🐋 YES $2,560.77 | KXATPCHALLENGERMATCH-26APR04GILKRU-KRU
[11:58] Whales: 1165 | Vol: $5,281,994
[12:01:13] 🐋 NO $3,055.50 | KXATPMATCH-26APR04NAVVAN-NAV
[12:02:44] 🐋 YES $2,024.00 | KXATPMATCH-26APR04NAVVAN-VAN
[12:03] Whales: 1167 | Vol: $5,287,074
[12:05:00] 🐋 NO $4,556.16 | KXIPLGAME-26APR04MIDC-MI
[12:05:00] 🐋 NO $4,198.95 | KXIPLGAME-26APR04MIDC-MI
[12:05:30] 🐋 YES $4,971.68 | KXATPMATCH-26APR04NAVVAN-VAN
[12:06:31] 🐋 NO $2,828.40 | KXIPLGAME-26APR04MIDC-DC
[12:08] Whales: 1171 | Vol: $5,303,629
[12:09:02] 🐋 NO $2,301.79 | KXNBATOTAL-26APR04WASMIA-247
[12:13] Whales: 1172 | Vol: $5,305,931
[12:13:49] 🐋 YES $2,059.46 | KXATPMATCH-26APR04DARTRU-DAR
[12:15:50] 🐋 YES $2,232.75 | KXATPMATCH-26APR04NAVVAN-VAN
[12:16:20] 🐋 YES $2,918.88 | KXMLBGAME-26APR041605LADWSH-LAD
[12:18] Whales: 1175 | Vol: $5,313,142
[12:19:22] 🐋 YES $2,405.60 | KXATPCHALLENGERMATCH-26APR04GILKRU-KRU
[12:20:07] 🐋 YES $2,329.32 | KXFACUPGAME-26APR04MCILFC-MCI
[12:21:53] 🐋 YES $2,034.65 | KXMVESPORTSMULTIGAMEEXTENDED-S2026AF13E028F57-296EFE8C6A9
[12:22:08] 🐋 YES $4,846.50 | KXATPMATCH-26APR04NAVVAN-VAN
[12:23] Whales: 1179 | Vol: $5,324,758
[12:25:09] 🐋 NO $3,130.20 | KXFACUPGAME-26APR04MCILFC-LFC
[12:25:40] 🐋 NO $2,299.08 | KXATPCHALLENGERMATCH-26APR04GILKRU-GIL
[12:28] Whales: 1181 | Vol: $5,330,187
[12:29:11] 🐋 YES $2,169.00 | KXATPMATCH-26APR04GARDEJ-DEJ
[12:29:57] 🐋 NO $3,960.00 | KXHIGHNY-26APR04-T75
[12:30:27] 🐋 YES $2,040.00 | KXATPMATCH-26APR04NAVVAN-NAV
[12:31:43] 🐋 NO $5,185.99 | KXIPLGAME-26APR04MIDC-DC
[12:32:58] 🐋 YES $3,732.52 | KXIPLGAME-26APR04MIDC-DC
[12:32:58] 🐋 YES $2,012.60 | KXATPCHALLENGERMATCH-26APR04GILKRU-KRU
[12:33:13] 🐋 YES $2,937.60 | KXFACUPGAME-26APR04MCILFC-MCI
[12:33] Whales: 1188 | Vol: $5,352,225
[12:36:15] 🐋 YES $6,546.87 | KXATPMATCH-26APR04BONBAU-BAU
[12:38] Whales: 1189 | Vol: $5,358,772
[12:41:02] 🐋 YES $4,378.32 | KXIPLGAME-26APR04MIDC-DC
[12:41:47] 🐋 NO $4,299.57 | KXBTC-26APR0417-T56750
[12:42:17] 🐋 YES $3,221.27 | KXIPLGAME-26APR04MIDC-DC
[12:43:48] 🐋 NO $2,160.00 | KXIPLGAME-26APR04MIDC-MI
[12:43] Whales: 1193 | Vol: $5,372,831
[12:46:04] 🐋 YES $5,250.00 | KXIPLGAME-26APR04MIDC-DC
[12:47:50] 🐋 YES $2,513.84 | KXATPMATCH-26APR04NAVVAN-VAN
[12:48] Whales: 1195 | Vol: $5,380,595
[12:52:37] 🐋 NO $3,195.39 | KXIPLGAME-26APR04MIDC-DC
[12:53:38] 🐋 NO $2,590.64 | KXMLBSPREAD-26APR041410TORCWS-TOR2
[12:53:38] 🐋 YES $2,077.32 | KXATPMATCH-26APR04NAVVAN-VAN
[12:53:53] 🐋 YES $2,569.68 | KXIPLGAME-26APR04MIDC-DC
[12:53:53] 🐋 YES $2,736.52 | KXIPLGAME-26APR04MIDC-DC
[12:53:53] 🐋 YES $6,644.16 | KXATPMATCH-26APR04GARDEJ-GAR
[12:53:53] 🐋 YES $2,193.60 | KXATPMATCH-26APR04GARDEJ-GAR
[12:53] Whales: 1202 | Vol: $5,402,602
[12:54:23] 🐋 YES $5,125.00 | KXMLBGAME-26APR041410TORCWS-CWS
[12:54:53] 🐋 YES $2,550.94 | KXFACUPGAME-26APR04MCILFC-MCI
[12:55:23] 🐋 YES $3,740.52 | KXATPMATCH-26APR04NAVVAN-VAN
[12:55:23] 🐋 YES $2,067.24 | KXATPMATCH-26APR04NAVVAN-VAN
[12:55:23] 🐋 NO $3,324.72 | KXIPLGAME-26APR04MIDC-MI
[12:55:54] 🐋 NO $4,668.30 | KXIPLGAME-26APR04MIDC-MI
[12:56:39] 🐋 NO $3,450.30 | KXIPLGAME-26APR04MIDC-MI
[12:57:09] 🐋 YES $5,018.75 | KXATPMATCH-26APR04NAVVAN-VAN
[12:57:09] 🐋 YES $5,019.48 | KXATPMATCH-26APR04NAVVAN-VAN
[12:57:09] 🐋 NO $2,230.62 | KXIPLGAME-26APR04MIDC-MI
[12:58] Whales: 1212 | Vol: $5,439,798
[12:59:56] 🐋 NO $2,407.34 | KXATPCHALLENGERMATCH-26APR04GILKRU-KRU
[13:00:26] 🐋 YES $3,991.55 | KXATPCHALLENGERMATCH-26APR04GILKRU-GIL
[13:01:42] 🐋 NO $4,043.70 | KXIPLGAME-26APR04MIDC-MI
[13:03:43] 🐋 YES $2,907.45 | KXLALIGAGAME-26APR04MALRMA-RMA
[13:03:43] 🐋 NO $3,996.63 | KXBTCD-26APR0410-T68399.99
[13:03] Whales: 1217 | Vol: $5,457,145
[13:05:44] 🐋 YES $4,689.95 | KXIPLGAME-26APR04MIDC-DC
[13:06:14] 🐋 NO $2,910.00 | KXIPLGAME-26APR04MIDC-MI
[13:06:14] 🐋 NO $2,910.00 | KXIPLGAME-26APR04MIDC-MI
[13:06:14] 🐋 NO $4,920.81 | KXIPLGAME-26APR04MIDC-MI
[13:06:29] 🐋 YES $9,459.45 | KXMARMAD-26-MICH
[13:06:44] 🐋 YES $3,641.28 | KXIPLGAME-26APR04MIDC-DC
[13:08:15] 🐋 NO $11,134.08 | KXIPLGAME-26APR04MIDC-MI
[13:09] Whales: 1224 | Vol: $5,496,810
[13:09:46] 🐋 YES $7,489.16 | KXIPLGAME-26APR04MIDC-DC
[13:10:31] 🐋 YES $3,659.76 | KXATPMATCH-26APR04SHEPEL-SHE
[13:10:46] 🐋 YES $2,246.88 | KXNCAAMBGAME-26APR04MICHARIZ-ARIZ
[13:12:02] 🐋 YES $2,030.00 | KXPGATOP20-VATO26-HMAT
[13:12:47] 🐋 YES $3,457.08 | KXIPLGAME-26APR04MIDC-DC
[13:12:47] 🐋 YES $2,407.08 | KXIPLGAME-26APR04RRGT-RR
[13:13:48] 🐋 YES $2,303.08 | KXATPMATCH-26APR04TIRBUR-BUR
[13:14] Whales: 1231 | Vol: $5,520,403
[13:16:19] 🐋 YES $2,725.18 | KXATPMATCH-26APR04SHEPEL-SHE
[13:17:34] 🐋 NO $4,135.11 | KXATPMATCH-26APR04SHEPEL-PEL
[13:19] Whales: 1233 | Vol: $5,527,264
[13:19:35] 🐋 NO $4,028.31 | KXBTCMAX100-26-APR
[13:22:52] 🐋 YES $2,750.00 | KXATPMATCH-26APR04NAVVAN-NAV
[13:24] Whales: 1235 | Vol: $5,534,042
[13:25:08] 🐋 YES $2,394.08 | KXIPLGAME-26APR04RRGT-RR
[13:25:23] 🐋 YES $2,221.80 | KXPGATOP10-VATO26-APUT
[13:25:23] 🐋 NO $3,241.50 | KXATPMATCH-26APR04NAVVAN-VAN
[13:25:23] 🐋 NO $4,544.25 | KXATPMATCH-26APR04DARTRU-DAR
[13:25:23] 🐋 NO $2,014.00 | KXATPMATCH-26APR04DARTRU-DAR
[13:27:39] 🐋 YES $2,431.80 | KXATPMATCH-26APR04NAVVAN-NAV
[13:28:09] 🐋 NO $4,581.31 | KXAAAGASW-26APR06-4.160
[13:28:09] 🐋 YES $2,463.50 | KXBUNDESLIGAGAME-26APR04SCFBMU-BMU
[13:29] Whales: 1243 | Vol: $5,557,934
[13:30:25] 🐋 YES $5,071.50 | KXNBAGAME-26APR04SASDEN-DEN
[13:30:25] 🐋 YES $4,542.96 | KXNBAGAME-26APR04SASDEN-DEN
[13:30:40] 🐋 NO $4,062.20 | KXATPMATCH-26APR04NAVVAN-VAN
[13:33:27] 🐋 YES $11,563.54 | KXIPLGAME-26APR04RRGT-RR
[13:34] Whales: 1247 | Vol: $5,583,174
[13:34:27] 🐋 YES $2,100.00 | KXMARMAD-26-MICH
[13:34:42] 🐋 YES $2,075.37 | KXNHLGAME-26APR04DETNYR-DET
[13:34:42] 🐋 YES $2,023.08 | KXNCAAMBGAME-26APR04ILLCONN-CONN
[13:37:44] 🐋 YES $2,649.60 | KXBTCD-26APR0410-T67099.99
[13:37:44] 🐋 YES $4,180.48 | KXBTCD-26APR0410-T67099.99
[13:39] Whales: 1252 | Vol: $5,596,203
[13:42:01] 🐋 YES $2,907.85 | KXIPLGAME-26APR04RRGT-RR
[13:44] Whales: 1253 | Vol: $5,599,111
[13:46:18] 🐋 YES $2,040.00 | KXATPMATCH-26APR04PAUTIA-PAU
[13:46:48] 🐋 NO $2,072.28 | KXLALIGAGAME-26APR04MALRMA-MAL
[13:46:48] 🐋 YES $2,005.60 | KXIPLGAME-26APR04RRGT-GT
[13:47:03] 🐋 YES $2,053.75 | KXATPMATCH-26APR04DARTRU-DAR
[13:48:49] 🐋 YES $2,399.20 | KXATPMATCH-26APR04QUIVIR-QUI
[13:49:04] 🐋 YES $3,945.60 | KXATPMATCH-26APR04QUIVIR-QUI
[13:49] Whales: 1259 | Vol: $5,613,627
[13:54:22] 🐋 YES $2,432.02 | KXBUNDESLIGAGAME-26APR04LEVWOB-LEV
[13:54] Whales: 1260 | Vol: $5,616,059
[13:55:07] 🐋 YES $3,651.50 | KXATPMATCH-26APR04QUIVIR-QUI
[13:57:23] 🐋 YES $2,475.00 | KXBUNDESLIGAGAME-26APR04TSGM05-TSG
[13:57:23] 🐋 YES $2,896.32 | KXIPLGAME-26APR04RRGT-RR
[13:59] Whales: 1263 | Vol: $5,625,082
[14:03:11] 🐋 YES $2,224.06 | KXIPLGAME-26APR04RRGT-RR
[14:03:11] 🐋 YES $4,586.92 | KXMLBGAME-26APR041610MILKC-MIL
[14:04] Whales: 1265 | Vol: $5,631,893
[14:04:41] 🐋 YES $2,395.68 | KXNCAAMBGAME-26APR04ILLCONN-CONN
[14:04:41] 🐋 YES $2,714.20 | KXATPCHALLENGERMATCH-26APR04BLABRA-BLA
[14:04:41] 🐋 YES $3,717.06 | KXATPCHALLENGERMATCH-26APR04BLABRA-BLA
[14:04:56] 🐋 NO $2,410.56 | KXNCAAMBSPREAD-26APR04ILLCONN-ILL2
[14:09:29] 🐋 YES $2,895.03 | KXBUNDESLIGAGAME-26APR04SCFBMU-BMU
[14:09:29] 🐋 YES $2,671.59 | KXBUNDESLIGAGAME-26APR04SCFBMU-BMU
[14:09] Whales: 1271 | Vol: $5,648,697
[14:09:44] 🐋 YES $4,824.05 | KXNCAAMBGAME-26APR04ILLCONN-ILL
[14:12:15] 🐋 YES $4,334.74 | KXMVECROSSCATEGORY-S2026524792B5E86-7B24F808FCD
[14:14:31] 🐋 YES $2,908.14 | KXMVESPORTSMULTIGAMEEXTENDED-S2026D1214339C5A-9D702354AD0
[14:14] Whales: 1274 | Vol: $5,660,764
[14:16:17] 🐋 YES $2,183.72 | KXBUNDESLIGAGAME-26APR04LEVWOB-WOB
[14:17:02] 🐋 YES $2,910.05 | KXLALIGAGAME-26APR04MALRMA-RMA
[14:18:02] 🐋 YES $4,850.30 | KXLALIGAGAME-26APR04MALRMA-RMA
[14:18:33] 🐋 YES $2,034.01 | KXMLBSPREAD-26APR041610MILKC-MIL2
[14:19] Whales: 1278 | Vol: $5,672,742
[14:21:19] 🐋 YES $3,934.26 | KXATPMATCH-26APR04QUIVIR-QUI
[14:23:20] 🐋 NO $17,490.00 | KXMARMAD-26-MICH
[14:23:35] 🐋 YES $3,232.88 | KXMVECROSSCATEGORY-S20266343BB4F204-D2B329BDC8D
[14:23:35] 🐋 NO $16,800.00 | KXNCAAMBGAME-26APR04MICHARIZ-MICH
[14:24] Whales: 1282 | Vol: $5,714,199
[14:26:36] 🐋 YES $2,219.25 | KXBUNDESLIGAGAME-26APR04SCFBMU-BMU
[14:27:52] 🐋 YES $2,269.46 | KXATPMATCH-26APR04CHOMUL-CHO
[14:27:52] 🐋 YES $2,263.56 | KXMLBGAME-26APR041610MILKC-MIL
[14:28:07] 🐋 YES $4,821.93 | KXATPMATCH-26APR04MARMER-MAR
[14:29:23] 🎯 YES $2,319.79 | KXBTC15M-26APR041030-30
[14:29] Whales: 1287 | Vol: $5,728,093
[14:30:23] 🐋 YES $9,517.17 | KXIPLGAME-26APR04RRGT-RR
[14:33:55] 🐋 YES $3,696.08 | KXNBAGAME-26APR04WASMIA-MIA
[14:34:10] 🐋 YES $4,856.56 | KXIPLGAME-26APR04RRGT-RR
[14:34] Whales: 1290 | Vol: $5,746,163
[14:35:41] 🐋 YES $2,061.92 | KXNBA-26-MIN
[14:37:27] 🐋 YES $2,118.00 | KXIPLGAME-26APR04RRGT-GT
[14:38:12] 🐋 YES $4,670.61 | KXATPMATCH-26APR04MARMER-MAR
[14:38:12] 🐋 NO $2,782.40 | KXBUNDESLIGAGAME-26APR04LEVWOB-LEV
[14:38:27] 🐋 NO $3,875.24 | KXBUNDESLIGAGAME-26APR04LEVWOB-LEV
[14:39] Whales: 1295 | Vol: $5,761,671
[14:39:58] 🐋 YES $2,407.08 | KXMLBGAME-26APR041610MILKC-MIL
[14:41:13] 🐋 NO $7,720.79 | KXNHLTOTAL-26APR04DETNYR-7
[14:42:29] 🐋 NO $2,536.38 | KXATPMATCH-26APR04MARMER-MAR
[14:43:45] 🐋 YES $4,680.44 | KXATPMATCH-26APR04JODUGO-JOD
[14:44:45] 🐋 NO $2,047.65 | KXBUNDESLIGAGAME-26APR04SCFBMU-BMU
[14:44] Whales: 1300 | Vol: $5,781,064
[14:47:16] 🐋 YES $2,444.12 | KXBUNDESLIGAGAME-26APR04LEVWOB-LEV
[14:48:17] 🐋 NO $2,263.83 | KXATPMATCH-26APR04KOPARN-ARN
[14:49:17] 🐋 YES $2,508.68 | KXATPMATCH-26APR04KOPARN-KOP
[14:49] Whales: 1303 | Vol: $5,788,280
[14:50:03] 🐋 YES $11,097.06 | KXATPMATCH-26APR04JODUGO-JOD
[14:50:03] 🐋 YES $10,976.94 | KXATPMATCH-26APR04JODUGO-JOD
[14:50:03] 🐋 YES $10,530.00 | KXATPMATCH-26APR04JODUGO-JOD
[14:50:18] 🐋 NO $2,257.96 | KXBUNDESLIGAGAME-26APR04HSVFCA-FCA
[14:50:18] 🐋 NO $2,015.02 | KXBUNDESLIGAGAME-26APR04HSVFCA-FCA
[14:50:18] 🐋 NO $2,539.25 | KXBUNDESLIGAGAME-26APR04HSVFCA-FCA
[14:50:18] 🐋 NO $2,471.40 | KXBUNDESLIGAGAME-26APR04HSVFCA-FCA
[14:53:34] 🐋 YES $4,288.90 | KXATPMATCH-26APR04MARMER-MAR
[14:53:34] 🐋 YES $2,866.20 | KXATPMATCH-26APR04JODUGO-JOD
[14:53:34] 🐋 YES $5,882.85 | KXATPMATCH-26APR04JODUGO-JOD
[14:54] Whales: 1313 | Vol: $5,843,206
[14:55:20] 🐋 YES $2,027.68 | KXFACUPGAME-26APR04CFCPVA-CFC
[14:56:36] 🐋 NO $2,140.38 | KXMARMAD-26-MICH
[14:57:06] 🐋 NO $27,500.00 | KXNCAAMBGAME-26APR04ILLCONN-CONN
[14:59:22] 🐋 NO $2,490.00 | KXBUNDESLIGAGAME-26APR04SCFBMU-BMU
[14:59] Whales: 1317 | Vol: $5,877,364
[15:01:54] 🐋 NO $3,155.52 | KXBUNDESLIGAGAME-26APR04SVWRBL-TIE
[15:02:24] 🐋 NO $2,522.88 | KXBUNDESLIGAGAME-26APR04SCFBMU-BMU
[15:04:25] 🐋 YES $3,005.14 | KXATPMATCH-26APR04KOPARN-ARN
[15:04] Whales: 1320 | Vol: $5,886,047
[15:05:10] 🎯 YES $2,188.75 | KXBTC15M-26APR041115-15
[15:05:55] 🐋 YES $3,400.00 | KXIPLGAME-26APR04RRGT-RR
[15:07:11] 🐋 YES $4,442.90 | KXIPLGAME-26APR04RRGT-GT
[15:07:26] 🐋 YES $2,659.84 | KXIPLGAME-26APR04RRGT-RR
[15:07:26] 🐋 YES $7,761.00 | KXIPLGAME-26APR04RRGT-RR
[15:07:56] 🐋 NO $4,950.00 | KXBUNDESLIGAGAME-26APR04SCFBMU-BMU
[15:07:56] 🐋 NO $3,713.22 | KXBUNDESLIGAGAME-26APR04SCFBMU-BMU
[15:08:11] 🐋 YES $2,846.04 | KXIPLGAME-26APR04RRGT-GT
[15:08:27] 🐋 NO $2,091.00 | KXATPMATCH-26APR04KOPARN-ARN
[15:09:27] 🐋 YES $4,134.14 | KXBUNDESLIGAGAME-26APR04SVWRBL-RBL
[15:09] Whales: 1330 | Vol: $5,924,234
[15:10:43] 🐋 YES $2,226.51 | KXBUNDESLIGAGAME-26APR04LEVWOB-LEV
[15:12:28] 🐋 YES $4,000.00 | KXNCAAMBGAME-26APR04OKLABAY-OKLA
[15:13:44] 🐋 YES $3,062.68 | KXBONDIOUT-APR09
[15:14:29] 🐋 YES $4,824.05 | KXNCAAMBGAME-26APR04ILLCONN-ILL
[15:14:29] 🐋 YES $6,596.37 | KXBUNDESLIGAGAME-26APR04SVWRBL-RBL
[15:14:44] 🐋 NO $8,054.40 | KXPGATOUR-VATO26-RHIS
[15:15] Whales: 1336 | Vol: $5,952,998
[15:15:15] 🐋 NO $2,707.20 | KXBTCD-26APR0412-T67799.99
[15:16:15] 🐋 YES $3,484.58 | KXATPMATCH-26APR04KOPARN-ARN
[15:18:31] 🐋 YES $4,819.46 | KXMVESPORTSMULTIGAMEEXTENDED-S202665E41F1976D-7D3F2868EA9
[15:19:17] 🐋 YES $9,733.09 | KXIPLGAME-26APR04RRGT-RR
[15:20] Whales: 1340 | Vol: $5,973,743
[15:20:48] 🐋 YES $2,740.25 | KXATPCHALLENGERMATCH-26APR04SARDIA-DIA
[15:22:34] 🐋 YES $8,422.38 | KXWTAMATCH-26APR04KEYSTA-KEY
[15:22:49] 🐋 YES $5,300.00 | KXATPMATCH-26APR04TIRBUR-BUR
[15:25] Whales: 1343 | Vol: $5,990,205
[15:27:06] 🐋 YES $2,433.09 | KXMLBGAME-26APR041605LADWSH-LAD
[15:27:36] 🐋 NO $9,891.09 | KXATPMATCH-26APR04KOPARN-KOP
[15:28:06] 🎯 NO $2,253.76 | KXBTC15M-26APR041130-30
[15:29:07] 🐋 NO $3,855.72 | KXLALIGAGAME-26APR04MALRMA-RMA
[15:29:07] 🎯 NO $2,707.20 | KXBTC15M-26APR041130-30
[15:30:07] 🐋 NO $5,400.00 | KXNCAAMBSPREAD-26APR04ILLCONN-ILL2
[15:30:07] 🐋 YES $2,101.84 | KXATPMATCH-26APR04CHOMUL-MUL
[15:30:07] 🐋 YES $6,354.69 | KXATPMATCH-26APR04CHOMUL-MUL
[15:30:07] 🐋 YES $6,436.53 | KXATPMATCH-26APR04CHOMUL-MUL
[15:30] Whales: 1352 | Vol: $6,031,639
[15:30:38] 🐋 NO $4,800.00 | KXPGATOUR-VATO26-RMAC
[15:31:08] 🐋 NO $2,797.05 | KXMARMAD-26-CONN
[15:32:08] 🐋 YES $2,274.58 | KXATPMATCH-26APR04TIRBUR-TIR
[15:32:23] 🐋 NO $3,313.80 | KXLALIGAGAME-26APR04MALRMA-RMA
[15:33:09] 🐋 NO $8,296.20 | KXATPMATCH-26APR04JODUGO-UGO
[15:34:55] 🐋 NO $5,700.00 | KXRECSSNBER-26
[15:35] Whales: 1358 | Vol: $6,058,821
[15:35:55] 🐋 NO $4,294.61 | KXMLBGAME-26APR041410TORCWS-CWS
[15:35:55] 🐋 NO $8,755.60 | KXMLBGAME-26APR041410TORCWS-CWS
[15:35:55] 🐋 YES $14,102.12 | KXMLBGAME-26APR041410TORCWS-TOR
[15:35:55] 🐋 NO $5,800.00 | KXMLBGAME-26APR041410TORCWS-CWS
[15:35:55] 🐋 NO $2,433.10 | KXMLBGAME-26APR041410TORCWS-CWS
[15:35:55] 🐋 NO $7,250.00 | KXMLBGAME-26APR041410TORCWS-CWS
[15:35:55] 🐋 YES $14,500.00 | KXMLBGAME-26APR041410TORCWS-TOR
[15:35:55] 🐋 NO $3,169.12 | KXMLBGAME-26APR041410TORCWS-CWS
[15:35:55] 🐋 NO $4,688.14 | KXMLBGAME-26APR041410TORCWS-CWS
[15:38:41] 🐋 NO $2,521.54 | KXNEXTAG-29-HDHI
[15:40] Whales: 1368 | Vol: $6,126,335
[15:43:29] 🐋 YES $2,562.04 | KXLALIGATOTAL-26APR04RBBESP-2
[15:43:29] 🐋 YES $2,073.76 | KXLALIGATOTAL-26APR04RBBESP-2
[15:43:29] 🐋 NO $2,745.00 | KXETHY-27JAN0100-B1125
[15:43:59] 🐋 NO $2,736.00 | KXETHY-27JAN0100-B1375
[15:44:14] 🐋 NO $2,664.62 | KXPGATOUR-VATO26-RMAC
[15:44:44] 🐋 NO $2,503.46 | KXATPMATCH-26APR04MARMER-MAR
[15:45] Whales: 1374 | Vol: $6,141,620
[15:46:15] 🐋 YES $2,789.67 | KXIPLGAME-26APR04RRGT-RR
[15:47:16] 🐋 YES $2,506.75 | KXNHLTOTAL-26APR04DETNYR-7
[15:47:31] 🐋 YES $5,100.00 | KXNCAAMBGAME-26APR04OKLABAY-BAY
[15:47:31] 🐋 YES $5,100.00 | KXNCAAMBGAME-26APR04OKLABAY-BAY
[15:47:31] 🐋 YES $3,060.00 | KXNCAAMBGAME-26APR04OKLABAY-BAY
[15:47:46] 🐋 NO $4,035.24 | KXIPLGAME-26APR04RRGT-GT
[15:50] Whales: 1380 | Vol: $6,164,212
[15:50:47] 🐋 NO $3,285.20 | KXLALIGAGAME-26APR04MALRMA-RMA
[15:51:18] 🐋 NO $2,018.70 | KXUCL-26-RMA
[15:51:48] 🐋 YES $11,034.90 | KXIPLGAME-26APR04RRGT-RR
[15:51:48] 🐋 YES $7,380.72 | KXIPLGAME-26APR04RRGT-RR
[15:53:34] 🐋 YES $2,059.95 | KXATPMATCH-26APR04CHOMUL-MUL
[15:55] Whales: 1385 | Vol: $6,189,991
[15:56:35] 🐋 YES $3,693.25 | KXNCAAMBGAME-26APR04ILLCONN-ILL
[15:57:05] 🐋 YES $4,920.30 | KXATPMATCH-26APR04MARMER-MER
[15:57:20] 🐋 YES $3,080.00 | KXATPMATCH-26APR04MARMER-MER
[16:00:07] 🐋 YES $3,840.00 | KXATPMATCH-26APR04MARMER-MER
[16:00] Whales: 1389 | Vol: $6,205,525
[16:00:37] 🐋 YES $2,550.00 | KXATPMATCH-26APR04TIRBUR-BUR
[16:01:23] 🐋 YES $6,700.00 | KXIPLGAME-26APR04RRGT-RR
[16:01:23] 🐋 NO $2,541.14 | KXFACUPGAME-26APR04CFCPVA-PVA
[16:01:23] 🐋 NO $7,060.02 | KXIPLGAME-26APR04RRGT-GT
[16:01:38] 🐋 YES $21,000.00 | KXNBAGAME-26APR04DETPHI-PHI
[16:02:38] 🐋 YES $4,300.00 | KXPGATOUR-VATO26-RMAC
[16:02:38] 🐋 YES $4,400.00 | KXPGATOUR-VATO26-RMAC
[16:05] Whales: 1396 | Vol: $6,254,076
[16:07:10] 🐋 YES $2,419.20 | KXNBASPREAD-26APR04WASMIA-MIA15
[16:08:26] 🐋 YES $4,384.38 | KXLALIGAGAME-26APR04MALRMA-MAL
[16:08:41] 🐋 YES $4,807.50 | KXMLBTOTAL-26APR041310STLDET-8
[16:09:27] 🐋 YES $5,703.39 | KXIPLGAME-26APR04RRGT-RR
[16:09:27] 🐋 NO $2,714.50 | KXLALIGAGAME-26APR04MALRMA-TIE
[16:10:12] 🐋 YES $2,325.00 | KXBONDIOUT-26APR-APR05
[16:10:12] 🐋 YES $3,720.00 | KXBONDIOUT-26APR-APR05
[16:10:12] 🐋 YES $5,640.00 | KXBONDIOUT-26APR-APR05
[16:10] Whales: 1404 | Vol: $6,285,790
[16:11:12] 🐋 YES $3,393.00 | KXPGATOUR-VATO26-LABE
[16:14:44] 🐋 YES $9,583.18 | KXLALIGAGAME-26APR04ATMBAR-BAR
[16:15] Whales: 1406 | Vol: $6,298,766
[16:19:01] 🐋 YES $4,160.20 | KXMLBGAME-26APR041310STLDET-DET
[16:20] Whales: 1407 | Vol: $6,302,926
[16:23:49] 🐋 YES $2,208.00 | KXATPMATCH-26APR04TIRBUR-BUR
[16:24:19] 🐋 NO $9,409.68 | KXMLBRFI-26APR041310STLDET
[16:25] Whales: 1409 | Vol: $6,314,544
[16:27:05] 🐋 NO $3,250.00 | KXATPMATCH-26APR04TIRBUR-TIR
[16:27:20] 🐋 YES $2,879.10 | KXATPCHALLENGERMATCH-26APR04HEIDEL-DEL
[16:28:06] 🐋 YES $3,442.04 | KXATPMATCH-26APR04DZUBUD-DZU
[16:28:51] 🐋 NO $2,026.83 | KXMVECROSSCATEGORY-S2026A1A1C837185-8E5FCE12E1D
[16:29:51] 🐋 YES $4,186.65 | KXIPLGAME-26APR04RRGT-GT
[16:29:51] 🐋 YES $2,204.82 | KXPSLGAME-26APR04ISLRAW-ISL
[16:30] Whales: 1415 | Vol: $6,332,533
[16:32:08] 🐋 NO $3,506.58 | KXMARMAD-26-MICH
[16:32:53] 🐋 YES $2,268.90 | KXMVECROSSCATEGORY-S2026BC2184CE9D2-7C1FD22B762
[16:33:08] 🐋 YES $2,417.82 | KXMLBGAME-26APR041410TORCWS-TOR
[16:34:24] 🐋 YES $5,447.41 | KXMVECROSSCATEGORY-S2026B0F95197983-F6C9447FA7C
[16:35] Whales: 1419 | Vol: $6,346,174
[16:36:24] 🐋 YES $4,720.05 | KXMARMAD-26-CONN
[16:36:40] 🐋 NO $2,838.15 | KXATPMATCH-26APR04DZUBUD-DZU
[16:36:55] 🐋 YES $2,984.94 | KXMLBSPREAD-26APR041310STLDET-DET2
[16:37:10] 🐋 YES $2,377.95 | KXATPMATCH-26APR04TIRBUR-BUR
[16:37:40] 🐋 YES $2,303.64 | KXMVESPORTSMULTIGAMEEXTENDED-S2026D33F8E809D7-EEEF2362F90
[16:38:10] 🐋 YES $4,476.06 | KXIPLGAME-26APR04RRGT-RR
[16:38:56] 🐋 NO $4,764.20 | KXATPMATCH-26APR04TIRBUR-TIR
[16:39:41] 🐋 NO $2,699.60 | KXATPMATCH-26APR04TIRBUR-TIR
[16:40] Whales: 1427 | Vol: $6,373,339
[16:40:57] 🐋 NO $3,316.50 | KXNBA-26-CHA
[16:43:43] 🐋 YES $2,401.49 | KXMLBGAME-26APR041605BALPIT-BAL
[16:43:43] 🐋 YES $7,236.35 | KXNCAAMBGAME-26APR04ILLCONN-ILL
[16:44:13] 🐋 YES $2,097.50 | KXATPMATCH-26APR04DZUBUD-BUD
[16:44:13] 🐋 YES $3,500.64 | KXATPMATCH-26APR04DZUBUD-BUD
[16:45:14] 🐋 YES $2,844.92 | KXMLBGAME-26APR041605BALPIT-PIT
[16:45] Whales: 1433 | Vol: $6,394,736
[16:47:00] 🐋 YES $2,890.62 | KXNCAAMBGAME-26APR04MICHARIZ-MICH
[16:47:30] 🐋 YES $3,889.45 | KXMVECROSSCATEGORY-S20261EC51949CCD-C6D7A8567D0
[16:47:45] 🐋 YES $2,900.00 | KXMLBGAME-26APR041905CINTEX-TEX
[16:50:01] 🐋 YES $2,300.00 | KXIPLGAME-26APR04RRGT-RR
[16:50] Whales: 1437 | Vol: $6,406,716
[16:53:48] 🐋 NO $4,157.01 | KXIPLGAME-26APR04RRGT-RR
[16:55:04] 🐋 YES $2,372.89 | KXMVECROSSCATEGORY-S2026961C8285A80-916593C8987
[16:55:49] 🐋 NO $2,406.54 | KXIPLGAME-26APR04RRGT-GT
[16:55] Whales: 1440 | Vol: $6,415,652
[16:57:20] 🐋 NO $8,000.00 | KXIPLGAME-26APR04RRGT-GT
[16:57:20] 🐋 NO $8,000.00 | KXIPLGAME-26APR04RRGT-GT
[16:57:20] 🐋 YES $4,600.00 | KXNHLGAME-26APR04MINOTT-MIN
[16:59:06] 🐋 YES $4,177.36 | KXBTCD-26APR0413-T67399.99
[16:59:06] 🐋 YES $4,271.36 | KXBTCD-26APR0413-T67399.99
[16:59:06] 🐋 YES $2,613.20 | KXBTCD-26APR0413-T67399.99
[17:00] Whales: 1446 | Vol: $6,447,314
[17:01:37] 🎯 NO $2,686.00 | KXBTC15M-26APR041315-15
[17:01:37] 🐋 NO $6,441.93 | KXATPCHALLENGERMATCH-26APR04NEUGIL-GIL
[17:01:52] 🐋 NO $5,360.52 | KXIPLGAME-26APR04RRGT-RR
[17:02:22] 🐋 NO $3,213.00 | KXIPLGAME-26APR04RRGT-RR
[17:03:23] 🐋 YES $3,450.00 | KXNBACOY-26-JBIC
[17:05] Whales: 1451 | Vol: $6,468,466
[17:06:39] 🐋 YES $6,716.00 | KXMLBTOTAL-26APR041410TORCWS-9
[17:06:39] 🐋 YES $5,682.00 | KXMLBTOTAL-26APR041410TORCWS-9
[17:06:55] 🐋 NO $2,579.82 | KXIPLGAME-26APR04RRGT-RR
[17:07:10] 🐋 NO $2,797.48 | KXATPMATCH-26APR04TIRBUR-TIR
[17:09:26] 🐋 NO $2,007.38 | KXMLBTOTAL-26APR041310STLDET-9
[17:10] Whales: 1456 | Vol: $6,488,249
[17:11:42] 🐋 YES $2,422.98 | KXNBATOTAL-26APR04SASDEN-237
[17:14:13] 🐋 YES $4,875.88 | KXIPLGAME-26APR04RRGT-RR
[17:15:29] 🐋 YES $2,600.00 | KXWTAMATCH-26APR04PEGJOV-JOV
[17:15:29] 🐋 NO $7,840.00 | KXGBLGAME-26APR041115KARPAO-KAR
[17:15:29] 🐋 NO $4,950.00 | KXGBLGAME-26APR041115KARPAO-KAR
[17:15] Whales: 1461 | Vol: $6,510,937
[17:16:29] 🐋 YES $3,738.35 | KXMLBGAME-26APR041310STLDET-DET
[17:17:15] 🐋 YES $3,840.00 | KXMLBGAME-26APR041310STLDET-STL
[17:18:30] 🐋 NO $2,096.42 | KXBUNDESLIGAGAME-26APR04VFBBVB-BVB
[17:19:01] 🐋 YES $3,666.08 | KXMLBTOTAL-26APR041310STLDET-5
[17:19:16] 🐋 YES $2,000.00 | KXNHLGAME-26APR04DETNYR-DET
[17:19:16] 🐋 YES $3,465.00 | KXHNLGAME-26APR04SLARIJ-RIJ
[17:20:16] 🐋 YES $3,091.90 | KXIPLGAME-26APR04RRGT-RR
[17:20:31] 🐋 NO $2,342.90 | KXIPLGAME-26APR04RRGT-GT
[17:21] Whales: 1469 | Vol: $6,535,178
[17:21:17] 🐋 NO $3,785.40 | KXIPLGAME-26APR04RRGT-RR
[17:21:47] 🐋 YES $6,513.84 | KXMLBGAME-26APR041310STLDET-STL
[17:21:47] 🐋 YES $3,322.08 | KXMLBGAME-26APR041310STLDET-STL
[17:21:47] 🐋 YES $4,244.76 | KXMLBGAME-26APR041310STLDET-STL
[17:22:32] 🐋 NO $3,245.10 | KXATPMATCH-26APR04DZUBUD-BUD
[17:24:18] 🐋 NO $9,510.30 | KXIPLGAME-26APR04RRGT-GT
[17:24:33] 🐋 YES $4,747.60 | KXATPCHALLENGERMATCH-26APR04HEIDEL-DEL
[17:25:04] 🐋 YES $4,344.30 | KXIPLGAME-26APR04RRGT-RR
[17:25:19] 🐋 NO $4,394.82 | KXIPLGAME-26APR04RRGT-GT
[17:25:19] 🐋 YES $2,570.12 | KXMLBGAME-26APR041310STLDET-DET
[17:25:34] 🐋 YES $2,450.17 | KXIPLGAME-26APR04RRGT-RR
[17:26] Whales: 1480 | Vol: $6,584,307
[17:26:34] 🐋 YES $10,374.73 | KXIPLGAME-26APR04RRGT-RR
[17:29:36] 🐋 YES $2,147.28 | KXATPCHALLENGERMATCH-26APR04HEIDEL-DEL
[17:29:36] 🐋 YES $6,111.96 | KXATPCHALLENGERMATCH-26APR04HEIDEL-DEL
[17:29:36] 🐋 YES $5,771.16 | KXATPCHALLENGERMATCH-26APR04HEIDEL-DEL
[17:29:36] 🐋 YES $5,875.94 | KXATPCHALLENGERMATCH-26APR04HEIDEL-DEL
[17:29:51] 🐋 NO $2,370.00 | KXIPLGAME-26APR04RRGT-GT
[17:29:51] 🐋 YES $3,165.72 | KXATPCHALLENGERMATCH-26APR04HEIDEL-DEL
[17:30:06] 🐋 NO $2,350.25 | KXIPLGAME-26APR04RRGT-GT
[17:31] Whales: 1488 | Vol: $6,622,474
[17:33:23] 🐋 YES $2,842.66 | KXMLBGAME-26APR041310STLDET-DET
[17:33:53] 🐋 YES $2,384.31 | KXMLBGAME-26APR041310STLDET-DET
[17:34:38] 🐋 YES $6,645.47 | KXATPCHALLENGERMATCH-26APR04HEIDEL-DEL
[17:34:38] 🐋 YES $6,194.42 | KXATPCHALLENGERMATCH-26APR04HEIDEL-DEL
[17:35:09] 🐋 YES $2,900.00 | KXMLBGAME-26APR041410TORCWS-TOR
[17:35:39] 🐋 YES $2,137.12 | KXFACUPTOTAL-26APR04CFCPVA-4
[17:36] Whales: 1494 | Vol: $6,645,578
[17:37:40] 🐋 YES $2,588.56 | KXNBATOTAL-26APR04SASDEN-231
[17:37:55] 🐋 NO $2,150.16 | KXIPLGAME-26APR04RRGT-RR
[17:38:10] 🐋 YES $4,841.42 | KXIPLGAME-26APR04RRGT-GT
[17:39:56] 🐋 YES $2,228.74 | KXNBAGAME-26APR04WASMIA-MIA
[17:41:12] 🐋 NO $2,925.00 | KXIPLGAME-26APR04RRGT-RR
[17:41] Whales: 1499 | Vol: $6,660,311
[17:43:28] 🐋 YES $2,106.54 | KXATPMATCH-26APR04DZUBUD-DZU
[17:43:28] 🐋 NO $5,199.12 | KXIPLGAME-26APR04RRGT-RR
[17:46] Whales: 1501 | Vol: $6,667,617
[17:46:44] 🐋 YES $2,604.80 | KXNCAAMBGAME-26APR04ILLCONN-ILL
[17:47:45] 🐋 NO $5,136.19 | KXATPMATCH-26APR04PAUTIA-PAU
[17:49:00] 🐋 NO $4,402.68 | KXNBAGAME-26APR04DETPHI-PHI
[17:49:00] 🐋 NO $4,442.01 | KXNBAGAME-26APR04DETPHI-PHI
[17:49:30] 🐋 NO $4,359.60 | KXMLBGAME-26APR041310STLDET-STL
[17:51] Whales: 1506 | Vol: $6,688,562
[17:52:02] 🐋 YES $2,682.90 | KXIPLGAME-26APR04RRGT-RR
[17:52:17] 🐋 YES $3,955.05 | KXIPLGAME-26APR04RRGT-RR
[17:52:17] 🐋 YES $2,139.34 | KXIPLGAME-26APR04RRGT-RR
[17:52:17] 🐋 YES $3,942.54 | KXIPLGAME-26APR04RRGT-RR
[17:52:17] 🐋 YES $3,943.52 | KXIPLGAME-26APR04RRGT-RR
[17:52:17] 🐋 YES $3,933.72 | KXIPLGAME-26APR04RRGT-RR
[17:52:17] 🐋 YES $3,933.72 | KXIPLGAME-26APR04RRGT-RR
[17:52:32] 🐋 YES $2,949.76 | KXNCAAMBGAME-26APR04OKLABAY-BAY
[17:56] Whales: 1514 | Vol: $6,716,043
[17:59:50] 🐋 YES $5,000.00 | KXMLBTOTAL-26APR041410TORCWS-9
[18:01:06] 🐋 YES $2,150.00 | KXMLBGAME-26APR041410TORCWS-CWS
[18:01] Whales: 1516 | Vol: $6,723,193
[18:02:06] 🐋 YES $4,900.00 | KXNBASPREAD-26APR04WASMIA-MIA18
[18:02:21] 🐋 NO $24,007.50 | KXNBAGAME-26APR04SASDEN-DEN
[18:02:21] 🐋 YES $13,008.24 | KXMLBGAME-26APR041410TORCWS-TOR
[18:03:07] 🐋 YES $2,085.60 | KXIPLGAME-26APR05LSGSRH-SRH
[18:03:37] 🐋 YES $2,408.32 | KXBUNDESLIGAGAME-26APR04VFBBVB-TIE
[18:03:52] 🐋 YES $6,648.84 | KXBBLGAME-26APR041230BAYMBC-MBC
[18:04:53] 🐋 YES $2,764.54 | KXGOVTSHUTLENGTH-26FEB07-G55
[18:05:08] 🐋 NO $9,687.60 | KXMLBRFI-26APR041610MILKC
[18:05:08] 🐋 YES $2,236.80 | KXMVESPORTSMULTIGAMEEXTENDED-S2026459C32BB80B-6FE33FAC75A
[18:05:23] 🐋 YES $3,400.00 | KXATPMATCH-26APR05NAVMER-NAV
[18:06:23] 🐋 NO $2,425.50 | KXCITRINI-28JUL01
[18:06] Whales: 1527 | Vol: $6,796,766
[18:06:39] 🐋 YES $2,372.15 | KXNBAGAME-26APR04SASDEN-SAS
[18:06:54] 🐋 NO $3,327.47 | KXWTAMATCH-26APR04PEGJOV-JOV
[18:07:09] 🐋 YES $3,740.62 | KXLAYOFFSYINFO-26-494000
[18:07:09] 🐋 YES $3,324.24 | KXLAYOFFSYINFO-26-494000
[18:08:39] 🐋 NO $2,184.50 | KXNCAAMBGAME-26APR04OKLABAY-BAY
[18:09:25] 🐋 YES $2,920.00 | KXMLBGAME-26APR041605LADWSH-LAD
[18:10:25] 🐋 NO $2,245.50 | KXNHLTOTAL-26APR04DETNYR-4
[18:10:55] 🐋 YES $2,647.32 | KXLOLGAME-26APR041600LYC9-LY
[18:11] Whales: 1535 | Vol: $6,819,528
[18:12:41] 🐋 YES $5,159.10 | KXMEDIACOVERMADDEN-27-CAL
[18:12:56] 🐋 NO $2,747.20 | KXBUNDESLIGAGAME-26APR04VFBBVB-BVB
[18:14:27] 🐋 NO $2,181.75 | KXLALIGAGAME-26APR04RBBESP-RBB
[18:14:27] 🐋 YES $2,365.00 | KXNHLGAME-26APR04CGYANA-CGY
[18:16] Whales: 1539 | Vol: $6,831,981
[18:17:14] 🐋 NO $2,287.80 | KXLIGUE1TOTAL-26APR04STBREN-4
[18:17:59] 🐋 NO $3,048.95 | KXBUNDESLIGAGAME-26APR04VFBBVB-VFB
[18:18:14] 🐋 NO $4,249.08 | KXEREDIVISIEGAME-26APR04AZAFOR-FOR
[18:18:14] 🐋 NO $3,383.82 | KXEREDIVISIEGAME-26APR04AZAFOR-FOR
[18:18:14] 🐋 NO $12,167.10 | KXEREDIVISIEGAME-26APR04AZAFOR-FOR
[18:18:44] 🐋 NO $2,075.00 | KXLALIGAGAME-26APR04RBBESP-RBB
[18:18:59] 🐋 YES $9,600.00 | KXNCAAMBGAME-26APR04MICHARIZ-ARIZ
[18:20:45] 🐋 YES $2,582.28 | KXWTAMATCH-26APR04KEYSTA-KEY
[18:21] Whales: 1547 | Vol: $6,871,375
[18:21:46] 🐋 YES $2,175.80 | KXNBAGAME-26APR04SASDEN-SAS
[18:24:02] 🐋 NO $10,829.74 | KXNBAGAME-26APR04WASMIA-WAS
[18:24:02] 🐋 NO $13,606.50 | KXNBAGAME-26APR04WASMIA-WAS
[18:24:02] 🐋 NO $10,829.74 | KXNBAGAME-26APR04WASMIA-WAS
[18:24:47] 🐋 YES $9,308.39 | KXBUNDESLIGAGAME-26APR04VFBBVB-BVB
[18:24:47] 🐋 YES $12,013.82 | KXBUNDESLIGAGAME-26APR04VFBBVB-BVB
[18:25:48] 🐋 YES $2,561.73 | KXMLBGAME-26APR041410TORCWS-CWS
[18:26] Whales: 1554 | Vol: $6,932,700
[18:27:19] 🐋 NO $2,888.74 | KXATPMATCH-26APR04PAUTIA-TIA
[18:27:19] 🐋 YES $2,750.00 | KXNBAGAME-26APR04SASDEN-SAS
[18:28:19] 🐋 YES $16,401.76 | KXMLBGAME-26APR041310STLDET-DET
[18:28:34] 🐋 YES $2,894.65 | KXNBAGAME-26APR04SASDEN-SAS
[18:29:04] 🐋 NO $8,582.35 | KXMVECROSSCATEGORY-S2026796820260E4-6582AA046E0
[18:29:20] 🐋 YES $4,900.00 | KXMLBGAME-26APR041310STLDET-DET
[18:29:20] 🐋 YES $2,450.00 | KXMLBGAME-26APR041310STLDET-DET
[18:29:35] 🐋 YES $3,430.70 | KXWTAMATCH-26APR04UDVARA-ARA
[18:29:50] 🐋 YES $2,040.00 | KXMLBGAME-26APR041410TORCWS-CWS
[18:31:36] 🐋 NO $6,145.75 | KXMVESPORTSMULTIGAMEEXTENDED-S2026642338C43DF-6582AA046E0
[18:31:36] 🐋 NO $4,065.64 | KXMVESPORTSMULTIGAMEEXTENDED-S2026642338C43DF-6582AA046E0
[18:31] Whales: 1565 | Vol: $6,989,250
[18:32:06] 🐋 YES $4,125.00 | KXNCAAMBGAME-26APR04ILLCONN-ILL
[18:32:06] 🐋 YES $3,269.46 | KXATPMATCH-26APR04PAUTIA-PAU
[18:32:21] 🐋 YES $3,440.00 | KXMLSGAME-26APR04TORCOL-COL
[18:35:07] 🐋 YES $2,024.50 | KXNBASPREAD-26APR04WASMIA-MIA18
[18:36:08] 🐋 YES $9,381.01 | KXMVECROSSCATEGORY-S20267E2018ADFCC-29FF8145A2C
[18:36] Whales: 1570 | Vol: $7,011,490
[18:36:53] 🐋 YES $2,292.00 | KXWTAMATCH-26APR04PEGJOV-PEG
[18:37:54] 🐋 YES $2,406.80 | KXNBAGAME-26APR04SASDEN-SAS
[18:39:25] 🐋 YES $2,359.80 | KXNCAAMBGAME-26APR04OKLABAY-OKLA
[18:39:25] 🐋 YES $2,163.72 | KXMLBSPREAD-26APR041310STLDET-DET6
[18:39:55] 🐋 YES $2,707.59 | KXWTAMATCH-26APR04UDVARA-UDV
[18:40:25] 🐋 NO $5,020.38 | KXWTAMATCH-26APR04PEGJOV-JOV
[18:40:25] 🐋 NO $5,685.88 | KXWTAMATCH-26APR04PEGJOV-JOV
[18:41] Whales: 1577 | Vol: $7,034,126
[18:43:41] 🐋 YES $2,300.00 | KXNHLTOTAL-26APR04COLDAL-6
[18:43:57] 🐋 YES $3,100.90 | KXNBAGAME-26APR04SASDEN-SAS
[18:44:12] 🐋 YES $4,824.05 | KXNCAAMBGAME-26APR04ILLCONN-ILL
[18:44:42] 🐋 NO $2,877.98 | KXBTC-26APR0415-B67350
[18:45:12] 🐋 YES $2,633.07 | KXBTC-26APR0415-B67250
[18:46:13] 🐋 YES $2,415.14 | KXMLBGAME-26APR041310STLDET-DET
[18:46:13] 🐋 YES $2,730.00 | KXMLBGAME-26APR041310STLDET-DET
[18:46:13] 🐋 YES $2,730.00 | KXMLBGAME-26APR041310STLDET-DET
[18:46:13] 🐋 YES $3,640.00 | KXMLBGAME-26APR041310STLDET-DET
[18:46:13] 🐋 YES $2,730.00 | KXMLBGAME-26APR041310STLDET-DET
[18:46] Whales: 1587 | Vol: $7,064,107
[18:48:29] 🐋 YES $2,340.60 | KXNCAAMBGAME-26APR04OKLABAY-OKLA
[18:48:29] 🐋 YES $2,379.61 | KXNCAAMBGAME-26APR04OKLABAY-OKLA
[18:50:29] 🐋 NO $2,675.96 | KXMLBGAME-26APR041310STLDET-STL
[18:51:30] 🐋 NO $2,851.41 | KXWTAMATCH-26APR04UDVARA-UDV
[18:51] Whales: 1591 | Vol: $7,074,355
[18:53:46] 🐋 YES $3,500.00 | KXLALIGAGAME-26APR04ATMBAR-BAR
[18:54:31] 🐋 YES $2,176.80 | KXNCAAMBSPREAD-26APR04ILLCONN-ILL2
[18:56] Whales: 1593 | Vol: $7,080,032
[18:58:33] 🐋 NO $3,180.00 | KXNBASPREAD-26APR04SASDEN-SAS2
[18:58:33] 🐋 NO $3,622.04 | KXMLBGAME-26APR041610MILKC-KC
[18:59:34] 🐋 YES $2,451.60 | KXFACUPGAME-26APR04SOUARS-ARS
[19:00:19] 🐋 YES $3,905.45 | KXNBAGAME-26APR04WASMIA-MIA
[19:00:34] 🐋 YES $2,604.80 | KXNBAGAME-26APR04SASDEN-SAS
[19:01] Whales: 1598 | Vol: $7,095,796
[19:04:36] 🐋 NO $4,279.86 | KXLALIGAGAME-26APR04ATMBAR-TIE
[19:06] Whales: 1599 | Vol: $7,100,075
[19:07:38] 🐋 YES $2,139.36 | KXNCAAMBGAME-26APR04OKLABAY-BAY
[19:07:38] 🐋 YES $3,360.00 | KXNCAAMBGAME-26APR04OKLABAY-BAY
[19:07:38] 🐋 YES $2,779.20 | KXNCAAMBGAME-26APR04OKLABAY-BAY
[19:08:08] 🐋 NO $3,547.51 | KXCITRINI-28JUL01
[19:08:23] 🐋 YES $7,195.50 | KXMLBGAME-26APR041610MILKC-MIL
[19:08:53] 🐋 YES $2,935.19 | KXMLBGAME-26APR041410TORCWS-CWS
[19:09:39] 🐋 YES $2,882.18 | KXNHLGAME-26APR04COLDAL-DAL
[19:10:09] 🐋 NO $2,707.20 | KXBTCD-26APR0416-T67599.99
[19:10:24] 🐋 NO $2,326.50 | KXNCAAMBGAME-26APR04OKLABAY-BAY
[19:11:09] 🐋 NO $2,630.32 | KXBOXING-26APR04MHARFIGN-FIGN
[19:11] Whales: 1609 | Vol: $7,132,578
[19:12:40] 🐋 YES $2,750.00 | KXNBAGAME-26APR04SASDEN-SAS
[19:12:40] 🐋 YES $2,347.20 | KXMLBGAME-26APR041610MILKC-MIL
[19:16:42] 🐋 YES $8,194.20 | KXNBAGAME-26APR04SASDEN-SAS
[19:16] Whales: 1612 | Vol: $7,145,870
[19:18:43] 🐋 YES $2,548.00 | KXNBAGAME-26APR04SASDEN-SAS
[19:18:43] 🐋 YES $2,249.00 | KXNBAGAME-26APR04SASDEN-SAS
[19:19:44] 🐋 YES $2,727.57 | KXNCAAMBGAME-26APR04OKLABAY-OKLA
[19:20:44] 🐋 YES $2,004.23 | KXNCAAMBGAME-26APR04OKLABAY-OKLA
[19:21:29] 🐋 YES $2,376.00 | KXWTAMATCH-26APR04UDVARA-UDV
[19:21:45] 🐋 YES $4,845.96 | KXNBAGAME-26APR04SASDEN-SAS
[19:22] Whales: 1618 | Vol: $7,162,621
[19:23:15] 🐋 YES $18,800.00 | KXNHLTOTAL-26APR04MINOTT-3
[19:23:45] 🐋 NO $3,996.80 | KXSERIEAGAME-26APR04LAZPAR-LAZ
[19:24:01] 🐋 YES $3,111.44 | KXNCAAMBGAME-26APR04OKLABAY-OKLA
[19:24:01] 🐋 YES $4,340.00 | KXNCAAMB2ML-26APR04ILLCONNMICHARIZ-CONNARIZ
[19:24:31] 🐋 YES $5,728.50 | KXMLBGAME-26APR041610MILKC-MIL
[19:24:31] 🐋 YES $2,816.75 | KXMLBGAME-26APR041610MILKC-MIL
[19:24:31] 🐋 YES $5,684.67 | KXWTAMATCH-26APR04PEGJOV-PEG
[19:25:31] 🐋 YES $2,183.68 | KXMVECROSSCATEGORY-S20269EAC78BA742-377F18E51E0
[19:27] Whales: 1626 | Vol: $7,209,282
[19:28:48] 🐋 YES $4,640.09 | KXWTAMATCH-26APR04PEGJOV-PEG
[19:28:48] 🐋 YES $2,840.00 | KXNBAROY-26-KKNU
[19:29:48] 🐋 YES $3,523.12 | KXWTAMATCH-26APR04PEGJOV-PEG
[19:31:49] 🐋 YES $2,212.12 | KXMLBGAME-26APR041410TORCWS-CWS
[19:31:49] 🐋 YES $4,002.58 | KXMLBGAME-26APR041410TORCWS-CWS
[19:32] Whales: 1631 | Vol: $7,226,500
[19:32:20] 🐋 NO $3,069.00 | KXNBAGAME-26APR04SASDEN-DEN
[19:34:21] 🐋 YES $4,388.16 | KXMVESPORTSMULTIGAMEEXTENDED-S2026B677A2C1DBB-2F6DB69CE1F
[19:34:36] 🐋 NO $2,249.10 | KXSAUDIPLGAME-26APR04HILALT-HIL
[19:35:51] 🐋 NO $2,043.25 | KXMLBRFI-26APR041610SDBOS
[19:36:06] 🐋 YES $7,182.59 | KXMVESPORTSMULTIGAMEEXTENDED-S2026C761AF4156C-D283F0DC155
[19:37] Whales: 1636 | Vol: $7,245,432
[19:39:08] 🐋 NO $3,080.00 | KXMLBGAME-26APR041410TORCWS-CWS
[19:41:24] 🐋 YES $2,850.00 | KXWTAMATCH-26APR04PEGJOV-PEG
[19:42] Whales: 1638 | Vol: $7,251,362
[19:42:54] 🐋 NO $2,342.48 | KXMLBGAME-26APR041310STLDET-STL
[19:42:54] 🐋 NO $2,293.60 | KXMLBGAME-26APR041310STLDET-STL
[19:44:10] 🐋 NO $3,052.07 | KXFACUPGAME-26APR04SOUARS-ARS
[19:46:41] 🐋 NO $3,529.59 | KXMARMAD-26-CONN
[19:47] Whales: 1642 | Vol: $7,262,580
[19:47:42] 🐋 YES $2,258.75 | KXNBATOTAL-26APR04WASMIA-244
[19:48:12] 🐋 YES $2,712.06 | KXNBATOTAL-26APR04SASDEN-258
[19:48:12] 🐋 YES $2,408.85 | KXMLBTOTAL-26APR041605HOUATH-10
[19:48:27] 🐋 NO $3,984.96 | KXNBAGAME-26APR04WASMIA-WAS
[19:48:27] 🐋 NO $5,615.04 | KXNBAGAME-26APR04WASMIA-WAS
[19:48:27] 🐋 NO $2,098.56 | KXNBAGAME-26APR04WASMIA-WAS
[19:50:13] 🐋 YES $2,904.40 | KXMLBTOTAL-26APR041605HOUATH-10
[19:51:59] 🐋 YES $2,028.50 | KXMLBGAME-26APR041605HOUATH-HOU
[19:52] Whales: 1650 | Vol: $7,286,591
[19:53:14] 🐋 YES $2,889.30 | KXMLBGAME-26APR041410TORCWS-TOR
[19:53:14] 🐋 YES $2,407.68 | KXNBAGAME-26APR04SASDEN-SAS
[19:53:14] 🐋 NO $2,061.90 | KXLALIGAGAME-26APR04ATMBAR-ATM
[19:53:29] 🐋 YES $3,897.63 | KXMLBGAME-26APR041310STLDET-DET
[19:53:29] 🐋 YES $4,950.00 | KXMLBGAME-26APR041310STLDET-DET
[19:53:29] 🐋 YES $2,808.63 | KXMLBGAME-26APR041310STLDET-DET
[19:54:15] 🐋 YES $3,897.28 | KXNBAGAME-26APR04SASDEN-SAS
[19:55:15] 🐋 NO $4,715.76 | KXNBAGAME-26APR04WASMIA-WAS
[19:55:30] 🐋 YES $2,456.80 | KXMLBGAME-26APR041410TORCWS-CWS
[19:56:31] 🐋 YES $5,753.28 | KXMVESPORTSMULTIGAMEEXTENDED-S20269FD14B41889-F887059A7DD
[19:57] Whales: 1660 | Vol: $7,322,430
[19:59:17] 🐋 NO $3,210.48 | KXSPACEXSTARSHIP-12-26APR30
[19:59:32] 🐋 NO $6,240.00 | KXMLBGAME-26APR041410TORCWS-TOR
[20:00:03] 🐋 YES $2,249.25 | KXNBAGAME-26APR04SASDEN-SAS
[20:00:48] 🐋 YES $9,674.60 | KXMLBGAME-26APR041605HOUATH-ATH
[20:01:18] 🐋 NO $2,483.76 | KXMLBGAME-26APR041410TORCWS-TOR
[20:01:18] 🐋 NO $2,169.96 | KXMLBGAME-26APR041410TORCWS-TOR
[20:01:18] 🐋 NO $2,340.00 | KXMLBGAME-26APR041410TORCWS-TOR
[20:02] Whales: 1667 | Vol: $7,350,798
[20:03:19] 🐋 YES $3,829.60 | KXWTAMATCH-26APR04KEYSTA-KEY
[20:03:34] 🐋 NO $2,251.50 | KXPGATOUR-MAST26-LABE
[20:04:20] 🐋 YES $2,300.66 | KXMLBGAME-26APR041605LADWSH-LAD
[20:04:50] 🐋 YES $4,383.72 | KXNBAGAME-26APR04WASMIA-MIA
[20:05:35] 🐋 YES $4,331.25 | KXNBAGAME-26APR04WASMIA-MIA
[20:05:35] 🐋 YES $8,636.76 | KXNBAGAME-26APR04WASMIA-MIA
[20:06:21] 🐋 NO $6,003.00 | KXNBAGAME-26APR04SASDEN-DEN
[20:07:06] 🐋 NO $2,750.00 | KXNCAAMBGAME-26APR04ILLCONN-CONN
[20:07:21] 🐋 YES $5,369.76 | KXMLBRFI-26APR041605HOUATH
[20:07:21] 🐋 YES $5,500.00 | KXMLBRFI-26APR041605HOUATH
[20:07] Whales: 1677 | Vol: $7,396,154
[20:07:36] 🐋 NO $4,800.00 | KXMLBRFI-26APR041605LADWSH
[20:07:36] 🐋 YES $2,720.00 | KXNBAGAME-26APR04SASDEN-SAS
[20:07:36] 🐋 YES $19,985.13 | KXNBAGAME-26APR04WASMIA-MIA
[20:08:07] 🐋 YES $15,840.00 | KXNBAGAME-26APR04WASMIA-MIA
[20:08:37] 🐋 YES $3,382.00 | KXMLBGAME-26APR041610MILKC-MIL
[20:08:37] 🐋 YES $3,800.00 | KXMLBGAME-26APR041610MILKC-MIL
[20:08:52] 🐋 YES $4,711.35 | KXMLBGAME-26APR041910TBMIN-MIN
[20:08:52] 🐋 NO $8,300.00 | KXMARMAD-26-ILL
[20:12:09] 🐋 YES $3,316.68 | KXMLBGAME-26APR041410TORCWS-CWS
[20:12:09] 🐋 NO $2,913.30 | KXUCLGAME-26APR08BARATM-ATM
[20:12] Whales: 1687 | Vol: $7,465,922
[20:12:39] 🐋 NO $2,995.74 | KXLIGAPORTUGALGAME-26APR04FCPFAM-FAM
[20:12:39] 🐋 NO $2,022.45 | KXLIGAPORTUGALGAME-26APR04FCPFAM-FAM
[20:12:39] 🐋 NO $3,528.00 | KXLIGAPORTUGALGAME-26APR04FCPFAM-FAM
[20:12:54] 🐋 YES $2,904.69 | KXMVECROSSCATEGORY-S2026A8FC8C10280-4069A822128
[20:13:24] 🐋 YES $2,038.32 | KXNCAAMBGAME-26APR04WVUCREI-WVU
[20:15:10] 🐋 YES $2,005.36 | KXNCAAMBGAME-26APR04WVUCREI-WVU
[20:15:25] 🐋 YES $3,730.32 | KXMLBKS-26APR041910TBMIN-MINMABEL20-5
[20:15:25] 🐋 NO $2,078.69 | KXBTCY-27JAN0100-B52500
[20:15:55] 🐋 YES $5,120.50 | KXNCAAMBGAME-26APR04ILLCONN-ILL
[20:15:55] 🐋 YES $2,411.75 | KXNCAAMBGAME-26APR04ILLCONN-ILL
[20:16:56] 🐋 YES $2,814.56 | KXNCAAMBSPREAD-26APR04ILLCONN-ILL2
[20:16:56] 🐋 YES $20,580.00 | KXNCAAMBSPREAD-26APR04ILLCONN-ILL2
[20:17] Whales: 1699 | Vol: $7,518,153
[20:17:56] 🐋 YES $10,409.36 | KXWTAMATCH-26APR04UDVARA-ARA
[20:19:57] 🐋 NO $6,447.76 | KXSERIEAGAME-26APR04LAZPAR-PAR
[20:20:12] 🐋 NO $2,328.48 | KXLIGUE1GAME-26APR04LILRCL-RCL
[20:20:27] 🐋 YES $3,600.00 | KXMLSGAME-26APR04MIAATX-MIA
[20:20:42] 🐋 YES $3,600.00 | KXMLSGAME-26APR04MIAATX-MIA
[20:20:58] 🐋 YES $3,600.00 | KXMLSGAME-26APR04MIAATX-MIA
[20:21:13] 🐋 YES $2,713.15 | KXNCAAMBGAME-26APR04ILLCONN-ILL
[20:22:13] 🐋 NO $2,795.10 | KXUFCMOV-26APR04COSNIC-COSDEC
[20:22] Whales: 1707 | Vol: $7,553,647
[20:22:58] 🐋 YES $4,418.10 | KXLIGUE1GAME-26APR04LILRCL-LIL
[20:22:58] 🐋 NO $3,200.00 | KXNBAGAME-26APR04SASDEN-SAS
[20:26:00] 🐋 NO $2,153.76 | KXMLBGAME-26APR041410TORCWS-TOR
[20:26:30] 🐋 NO $2,955.60 | KXMLBGAME-26APR041610MILKC-KC
[20:26:45] 🐋 YES $2,164.82 | KXFACUPGAME-26APR04SOUARS-ARS
[20:27] Whales: 1712 | Vol: $7,568,539
[20:29:32] 🐋 YES $2,400.00 | KXNBATOTAL-26APR04WASMIA-241
[20:29:32] 🐋 YES $2,850.00 | KXNBATOTAL-26APR04WASMIA-241
[20:30:02] 🐋 YES $4,878.18 | KXMLBGAME-26APR041410TORCWS-CWS
[20:31:48] 🐋 YES $4,250.00 | KXPGATOP20-VATO26-MWAL
[20:32] Whales: 1716 | Vol: $7,582,917
[20:37] Whales: 1716 | Vol: $7,582,917
[20:39:06] 🐋 YES $4,824.05 | KXNCAAMBGAME-26APR04ILLCONN-ILL
[20:39:51] 🐋 YES $3,886.77 | KXMLBGAME-26APR041605HOUATH-HOU
[20:40:37] 🐋 YES $4,791.36 | KXNCAAMBGAME-26APR04ILLCONN-CONN
[20:40:52] 🐋 NO $2,090.00 | KXNCAAMBGAME-26APR04ILLCONN-CONN
[20:42:07] 🐋 NO $2,080.00 | KXNCAAMBSPREAD-26APR04ILLCONN-ILL2
[20:42] Whales: 1721 | Vol: $7,600,589
[20:43:08] 🐋 YES $4,791.36 | KXNCAAMBGAME-26APR04ILLCONN-CONN
[20:43:23] 🐋 YES $7,285.55 | KXMLBGAME-26APR041610MILKC-MIL
[20:47:10] 🐋 NO $2,160.00 | KXNBAGAME-26APR04SASDEN-SAS
[20:47:10] 🐋 YES $10,800.00 | KXNBAGAME-26APR04SASDEN-DEN
[20:47:10] 🐋 YES $2,473.20 | KXNBAGAME-26APR04SASDEN-DEN
[20:47] Whales: 1726 | Vol: $7,628,099
[20:48:25] 🐋 YES $2,096.57 | KXUFCFIGHT-26APR04KAMHOP-KAM
[20:48:25] 🐋 YES $4,487.16 | KXUFCFIGHT-26APR04KAMHOP-KAM
[20:49:11] 🐋 YES $2,026.40 | KXMLBGAME-26APR041605HOUATH-HOU
[20:49:26] 🐋 YES $10,500.00 | KXNBAGAME-26APR04SASDEN-SAS
[20:49:41] 🐋 NO $2,286.90 | KXETHY-27JAN0100-T1000.00
[20:49:41] 🐋 NO $5,400.54 | KXMLBTOTAL-26APR041905MIANYY-8
[20:50:11] 🐋 YES $4,065.39 | KXNBAGAME-26APR04SASDEN-SAS
[20:51:12] 🐋 YES $2,423.30 | KXNCAAMBGAME-26APR04ILLCONN-ILL
[20:52:42] 🐋 NO $3,275.16 | KXLALIGAGAME-26APR04ATMBAR-TIE
[20:52] Whales: 1735 | Vol: $7,664,661
[20:53:13] 🐋 NO $2,812.00 | KXUCLGAME-26APR07SPOARS-TIE
[20:53:28] 🐋 YES $2,940.00 | KXFACUPGAME-26APR04SOUARS-SOU
[20:53:28] 🐋 NO $12,640.00 | KXNBAGAME-26APR04SASDEN-DEN
[20:54:13] 🐋 YES $4,186.65 | KXATPMATCH-26APR04PAUTIA-PAU
[20:54:13] 🐋 YES $4,436.25 | KXATPMATCH-26APR04PAUTIA-PAU
[20:54:28] 🐋 NO $2,444.35 | KXLALIGAGAME-26APR04ATMBAR-TIE
[20:55:14] 🐋 NO $2,531.52 | KXMLBGAME-26APR041410TORCWS-TOR
[20:55:14] 🐋 NO $7,068.48 | KXMLBGAME-26APR041410TORCWS-TOR
[20:57:14] 🐋 NO $4,220.80 | KXNBAGAME-26APR04SASDEN-DEN
[20:57:30] 🐋 YES $2,362.56 | KXLALIGAGAME-26APR04ATMBAR-BAR
[20:57] Whales: 1745 | Vol: $7,710,303
[20:58:30] 🐋 NO $8,795.05 | KXNCAAMBGAME-26APR04ILLCONN-CONN
[20:58:30] 🐋 NO $2,162.16 | GTA6-26MAY31
[20:58:45] 🐋 YES $3,270.38 | KXLAYOFFSYINFO-26-494000
[20:59:15] 🐋 NO $3,567.20 | KXMLBGAME-26APR041610MILKC-KC
[21:00:01] 🐋 YES $3,440.00 | KXMLBGAME-26APR041605HOUATH-HOU
[21:00:31] 🐋 YES $5,324.90 | KXNCAAMBGAME-26APR04WVUCREI-WVU
[21:00:31] 🐋 YES $3,663.10 | KXNCAAMBGAME-26APR04WVUCREI-WVU
[21:00:46] 🐋 NO $2,344.98 | KXNCAAMBGAME-26APR04MICHARIZ-ARIZ
[21:00:46] 🐋 NO $5,068.38 | KXNCAAMBGAME-26APR04MICHARIZ-ARIZ
[21:01:01] 🐋 YES $2,240.48 | KXNBAGAME-26APR04SASDEN-DEN
[21:02:17] 🐋 YES $2,195.45 | KXWTAMATCH-26APR04KEYSTA-STA
[21:02:47] 🐋 YES $2,407.92 | KXNBAGAME-26APR04SASDEN-SAS
[21:02] Whales: 1757 | Vol: $7,754,783
[21:03:17] 🐋 YES $2,280.00 | KXNBASPREAD-26APR04SASDEN-DEN13
[21:03:17] 🐋 YES $2,473.12 | KXNBASPREAD-26APR04SASDEN-DEN13
[21:03:17] 🐋 YES $3,389.79 | KXNBASPREAD-26APR04SASDEN-DEN13
[21:03:32] 🐋 YES $3,872.18 | KXNHLGAME-26APR04COLDAL-COL
[21:03:48] 🐋 YES $4,593.26 | KXMLBGAME-26APR041605LADWSH-LAD
[21:04:48] 🐋 YES $2,603.40 | KXMLBGAME-26APR041610SDBOS-SD
[21:04:48] 🐋 YES $2,230.20 | KXMLBGAME-26APR041610SDBOS-SD
[21:04:48] 🐋 NO $3,668.00 | KXNBASPREAD-26APR04SASDEN-SAS8
[21:05:03] 🐋 YES $2,411.96 | KXNBAGAME-26APR04SASDEN-SAS
[21:05:33] 🐋 NO $3,006.64 | KXMLBGAME-26APR041610MILKC-KC
[21:06:19] 🐋 YES $10,400.00 | KXNHLGAME-26APR04BUFWSH-BUF
[21:07:35] 🐋 YES $9,648.65 | KXNCAAMBGAME-26APR04ILLCONN-ILL
[21:07] Whales: 1769 | Vol: $7,805,361
[21:08:35] 🐋 YES $2,008.08 | KXMLSGAME-26APR04MIAATX-MIA
[21:09:36] 🐋 YES $2,521.92 | KXMLBGAME-26APR041605BALPIT-BAL
[21:09:36] 🐋 NO $2,590.00 | KXMLBGAME-26APR041605BALPIT-PIT
[21:10:06] 🐋 YES $4,756.96 | KXNCAAMBFIRST10-26APR04ILLCONN-ILL
[21:10:06] 🐋 YES $6,201.52 | KXNCAAMBFIRST10-26APR04ILLCONN-ILL
[21:10:51] 🐋 YES $2,279.90 | KXNCAAMBGAME-26APR04WVUCREI-WVU
[21:12:07] 🐋 YES $6,720.00 | KXNBAGAME-26APR04SASDEN-SAS
[21:12:52] 🐋 NO $2,493.56 | KXNBAGAME-26APR04SASDEN-SAS
[21:12] Whales: 1777 | Vol: $7,834,932
[21:13:22] 🐋 YES $6,526.80 | KXNBAGAME-26APR04SASDEN-SAS
[21:13:53] 🐋 NO $2,542.20 | KXWTAMATCH-26APR04UDVARA-ARA
[21:14:23] 🐋 YES $2,428.84 | KXNBATOTAL-26APR04SASDEN-240
[21:15:38] 🐋 YES $4,426.02 | KXATPMATCH-26APR04PAUTIA-PAU
[21:15:38] 🐋 YES $2,982.00 | KXNBAGAME-26APR04SASDEN-SAS
[21:16:39] 🐋 YES $4,947.85 | KXNBAGAME-26APR04SASDEN-SAS
[21:17:09] 🐋 NO $5,777.59 | KXNBAGAME-26APR04SASDEN-DEN
[21:17:54] 🐋 NO $2,273.60 | KXMVESPORTSMULTIGAMEEXTENDED-S2026F1C7F0542ED-CD848AF3234
[21:17:54] 🐋 YES $11,744.10 | KXNBAGAME-26APR04SASDEN-SAS
[21:17] Whales: 1786 | Vol: $7,878,581
[21:18:40] 🐋 NO $2,350.00 | KXALPRIMARY-04R26-TBAR
[21:18:55] 🐋 YES $4,344.22 | KXNBAGAME-26APR04SASDEN-SAS
[21:22:12] 🐋 YES $8,493.00 | KXNBAGAME-26APR04SASDEN-SAS
[21:22:27] 🐋 NO $13,750.00 | KXNCAAMBGAME-26APR04ILLCONN-CONN
[21:22:42] 🐋 YES $4,929.60 | KXNBAGAME-26APR04SASDEN-SAS
[21:22] Whales: 1791 | Vol: $7,912,448
[21:23:12] 🐋 NO $7,779.85 | KXATPMATCH-26APR04PAUTIA-TIA
[21:24:12] 🐋 NO $4,278.09 | KXNHLGAME-26APR04BOSTB-BOS
[21:24:43] 🐋 YES $2,305.47 | KXMVESPORTSMULTIGAMEEXTENDED-S20266DB02792C83-5720DF30DA7
[21:27:14] 🐋 YES $2,993.42 | KXLIGAPORTUGALGAME-26APR04FCPFAM-FCP
[21:27:14] 🐋 YES $2,347.84 | KXNCAAMBGAME-26APR04ILLCONN-CONN
[21:27:44] 🐋 NO $2,450.00 | KXMLBGAME-26APR041605HOUATH-ATH
[21:27:59] 🐋 YES $2,250.00 | KXNBAGAME-26APR04SASDEN-SAS
[21:27] Whales: 1798 | Vol: $7,936,853
[21:28:14] 🐋 YES $2,970.00 | KXMLBGAME-26APR041605HOUATH-HOU
[21:30:00] 🐋 NO $2,316.33 | KXNBAGAME-26APR04SASDEN-DEN
[21:30:15] 🐋 YES $9,900.00 | KXMLBGAME-26APR041605LADWSH-LAD
[21:30:15] 🐋 NO $2,593.02 | KXNBAGAME-26APR04SASDEN-DEN
[21:30:15] 🐋 YES $2,935.95 | KXNBAGAME-26APR04SASDEN-SAS
[21:31:16] 🐋 NO $10,225.92 | KXNBAGAME-26APR04SASDEN-DEN
[21:31:46] 🐋 YES $4,244.85 | KXNBAGAME-26APR04SASDEN-SAS
[21:33] Whales: 1805 | Vol: $7,972,039
[21:33:47] 🐋 NO $5,497.05 | KXNBAGAME-26APR04SASDEN-DEN
[21:35:18] 🐋 YES $5,952.69 | KXNBAGAME-26APR04SASDEN-SAS
[21:35:33] 🐋 YES $2,439.59 | KXMVECROSSCATEGORY-S202648360A97836-83055910B08
[21:36:48] 🐋 NO $2,163.20 | KXNCAAMBSPREAD-26APR04ILLCONN-ILL2
[21:37:04] 🐋 YES $3,620.20 | KXNCAAMBGAME-26APR04ILLCONN-CONN
[21:38:04] 🐋 NO $2,755.78 | KXMVESPORTSMULTIGAMEEXTENDED-S2026ADA4FDDD4A2-520D1DC4D14
[21:38] Whales: 1811 | Vol: $7,994,468
[21:38:34] 🐋 NO $2,970.00 | KXNBAGAME-26APR04SASDEN-SAS
[21:39:04] 🐋 NO $2,561.28 | KXCITRINI-28JUL01
[21:39:04] 🐋 NO $3,480.00 | KXCITRINI-28JUL01
[21:39:35] 🐋 NO $2,440.00 | KXMLBGAME-26APR041605BALPIT-PIT
[21:40:20] 🐋 YES $4,835.37 | KXNBAGAME-26APR04SASDEN-SAS
[21:40:20] 🐋 YES $3,075.84 | KXNBAGAME-26APR04SASDEN-SAS
[21:40:20] 🐋 YES $2,629.98 | KXATPMATCH-26APR04PAUTIA-TIA
[21:40:35] 🐋 YES $2,367.40 | KXNBAGAME-26APR04SASDEN-SAS
[21:41:05] 🐋 NO $2,224.42 | KXCITRINI-28JUL01
[21:41:05] 🐋 NO $3,480.00 | KXCITRINI-28JUL01
[21:42:06] 🐋 YES $4,791.36 | KXNCAAMBGAME-26APR04ILLCONN-CONN
[21:42:06] 🐋 NO $2,242.81 | KXNBAGAME-26APR04SASDEN-DEN
[21:43] Whales: 1823 | Vol: $8,031,566
[21:44:07] 🐋 YES $26,353.86 | KXNCAAMBGAME-26APR04ILLCONN-CONN
[21:44:37] 🐋 YES $4,249.48 | KXNBAGAME-26APR04SASDEN-SAS
[21:44:52] 🐋 NO $4,836.00 | KXNBAGAME-26APR04SASDEN-DEN
[21:44:52] 🐋 NO $2,750.94 | KXNBAGAME-26APR04SASDEN-DEN
[21:44:52] 🐋 NO $4,690.30 | KXNBAGAME-26APR04SASDEN-DEN
[21:44:52] 🐋 NO $3,720.00 | KXNBAGAME-26APR04SASDEN-DEN
[21:45:37] 🐋 YES $2,440.10 | KXNBAGAME-26APR04SASDEN-SAS
[21:45:37] 🐋 NO $2,406.95 | KXNBAGAME-26APR04SASDEN-DEN
[21:45:53] 🐋 YES $2,128.00 | KXCITRINI-28JUL01
[21:46:23] 🐋 YES $2,750.00 | KXNBAGAME-26APR04SASDEN-SAS
[21:46:38] 🐋 YES $13,800.00 | KXNBAGAME-26APR04SASDEN-DEN
[21:46:38] 🐋 YES $7,150.11 | KXNBAGAME-26APR04SASDEN-DEN
[21:48] Whales: 1835 | Vol: $8,108,842
[21:48:24] 🐋 YES $2,247.85 | KXNBAGAME-26APR04DETPHI-DET
[21:48:24] 🐋 YES $2,625.44 | KXNBAGAME-26APR04DETPHI-DET
[21:48:54] 🐋 YES $4,791.36 | KXNCAAMBGAME-26APR04ILLCONN-CONN
[21:48:54] 🐋 YES $3,446.32 | KXNBAGAME-26APR04SASDEN-DEN
[21:49:39] 🐋 YES $4,555.35 | KXNBAGAME-26APR04SASDEN-SAS
[21:51:10] 🐋 NO $3,232.50 | KXPGATOUR-VATO26-RMAC
[21:52:41] 🐋 YES $4,716.50 | KXNCAAMBGAME-26APR04MICHARIZ-ARIZ
[21:53] Whales: 1842 | Vol: $8,134,457
[21:53:26] 🐋 NO $3,907.34 | KXNBAGAME-26APR04SASDEN-SAS
[21:54:42] 🐋 YES $2,006.24 | KXLAYOFFSYINFO-26-494000
[21:55:57] 🐋 YES $2,875.00 | KXNCAAMBGAME-26APR04ILLCONN-CONN
[21:56:43] 🐋 YES $3,999.60 | KXNBAGAME-26APR04SASDEN-DEN
[21:57:43] 🐋 YES $2,256.80 | KXNBAGAME-26APR04SASDEN-DEN
[21:58] Whales: 1847 | Vol: $8,149,502
[21:58:59] 🐋 YES $3,377.00 | KXNCAAMBGAME-26APR04ILLCONN-ILL
[21:59:14] 🐋 YES $2,100.00 | KXATPMATCH-26APR04PAUTIA-PAU
[21:59:29] 🐋 NO $3,130.38 | KXNBAGAME-26APR04SASDEN-SAS
[22:02:30] 🐋 YES $2,250.00 | KXWTAMATCH-26APR04UDVARA-UDV
[22:02:30] 🐋 YES $3,200.00 | KXMLBGAME-26APR041610SDBOS-BOS
[22:03] Whales: 1852 | Vol: $8,163,559
[22:04:01] 🐋 YES $4,784.67 | KXMVESPORTSMULTIGAMEEXTENDED-S2026F11A30FAE46-AD9F21BBEDE
[22:04:01] 🐋 YES $2,773.10 | KXMVECROSSCATEGORY-S20266343BB4F204-1A73D43212F
[22:04:31] 🐋 YES $3,285.15 | KXNCAAMBGAME-26APR04ILLCONN-ILL
[22:04:31] 🐋 YES $3,804.75 | KXMVESPORTSMULTIGAMEEXTENDED-S20264C503673BE9-DB4CBCD1A5F
[22:05:17] 🐋 NO $2,408.85 | KXNCAAMBSPREAD-26APR04ILLCONN-ILL2
[22:05:17] 🐋 YES $2,840.00 | KXMLBGAME-26APR041610SDBOS-SD
[22:05:32] 🐋 YES $2,520.10 | KXNCAAMBGAME-26APR04ILLCONN-ILL
[22:05:47] 🐋 YES $3,181.20 | KXNCAAMBGAME-26APR04ILLCONN-ILL
[22:05:47] 🐋 YES $9,848.14 | KXNCAAMBGAME-26APR04ILLCONN-CONN
[22:05:47] 🐋 YES $8,512.30 | KXNCAAMBGAME-26APR04ILLCONN-CONN
[22:07:03] 🐋 YES $2,875.00 | KXNCAAMBGAME-26APR04ILLCONN-CONN
[22:07:03] 🐋 YES $2,434.74 | KXNBAGAME-26APR04DETPHI-DET
[22:07:33] 🐋 YES $3,583.33 | KXNCAAMB2ML-26APR04ILLCONNMICHARIZ-ILLMICH
[22:08] Whales: 1865 | Vol: $8,216,411
[22:12:50] 🐋 YES $3,846.00 | KXNCAAMBGAME-26APR04MICHARIZ-ARIZ
[22:13] Whales: 1866 | Vol: $8,220,257
[22:13:51] 🐋 YES $2,095.24 | KXNCAAMBGAME-26APR04ILLCONN-CONN
[22:15:22] 🐋 YES $9,591.76 | KXNCAAMBGAME-26APR04ILLCONN-ILL
[22:15:22] 🐋 YES $7,330.75 | KXMARMAD-26-MICH
[22:15:37] 🐋 YES $20,769.48 | KXNCAAMBGAME-26APR04ILLCONN-CONN
[22:15:37] 🐋 YES $4,610.52 | KXNCAAMBGAME-26APR04ILLCONN-CONN
[22:15:37] 🐋 YES $10,545.84 | KXNCAAMB2ML-26APR04ILLCONNMICHARIZ-CONNARIZ
[22:16:22] 🐋 YES $2,379.50 | KXNCAAMBSPREAD-26APR04ILLCONN-CONN1
[22:17:22] 🐋 YES $4,611.39 | KXNCAAMBSPREAD-26APR04ILLCONN-CONN1
[22:17:22] 🐋 NO $5,638.20 | KXNCAAMBSPREAD-26APR04ILLCONN-ILL2
[22:18:08] 🐋 YES $2,412.00 | KXNCAAMBGAME-26APR04ILLCONN-ILL
[22:18] Whales: 1876 | Vol: $8,290,241
[22:21:39] 🐋 YES $3,360.00 | KXNCAAMBGAME-26APR04ILLCONN-ILL
[22:23] Whales: 1877 | Vol: $8,293,601
[22:23:55] 🐋 YES $2,006.40 | KXNCAAMBGAME-26APR04ILLCONN-CONN
[22:23:55] 🐋 YES $4,163.20 | KXNCAAMBGAME-26APR04ILLCONN-CONN
[22:23:55] 🐋 YES $4,163.20 | KXNCAAMBGAME-26APR04ILLCONN-CONN
[22:23:55] 🐋 YES $4,163.20 | KXNCAAMBGAME-26APR04ILLCONN-CONN
[22:24:56] 🐋 YES $13,338.88 | KXNCAAMBGAME-26APR04ILLCONN-CONN
[22:24:56] 🐋 YES $5,642.24 | KXNCAAMBGAME-26APR04ILLCONN-CONN
[22:25:56] 🐋 NO $3,527.04 | KXNCAAMBGAME-26APR04ILLCONN-ILL
[22:25:56] 🐋 YES $13,839.84 | KXNCAAMBSPREAD-26APR04ILLCONN-CONN4
[22:25:56] 🐋 YES $3,608.16 | KXNCAAMBSPREAD-26APR04ILLCONN-CONN4
[22:26:42] 🐋 YES $32,000.00 | KXNCAAMBGAME-26APR04ILLCONN-CONN
[22:27:12] 🐋 YES $4,565.12 | KXNCAAMBGAME-26APR04ILLCONN-CONN
[22:28:27] 🐋 NO $2,296.80 | KXMARMAD-26-ILL
[22:28] Whales: 1889 | Vol: $8,386,915
[22:28:43] 🐋 YES $2,360.96 | KXMARMAD-26-ARIZ
[22:30:59] 🐋 YES $2,561.94 | KXNCAAMBGAME-26APR04ILLCONN-ILL
[22:32:14] 🐋 YES $2,350.00 | KXNCAAMBSPREAD-26APR04MICHARIZ-MICH1
[22:33] Whales: 1892 | Vol: $8,394,188
[22:35:00] 🐋 NO $6,651.44 | KXNCAAMBGAME-26APR04ILLCONN-ILL
[22:35:00] 🐋 NO $3,060.66 | KXNCAAMBGAME-26APR04ILLCONN-ILL
[22:35:00] 🐋 NO $2,792.70 | KXNCAAMBGAME-26APR04ILLCONN-ILL
[22:37:16] 🐋 NO $2,240.00 | KXUFCFIGHT-26APR04MOIDUN-MOI
[22:37:16] 🐋 YES $2,022.15 | KXNCAAMBGAME-26APR04ILLCONN-ILL
[22:37:31] 🐋 NO $2,414.35 | KXBTCY-27JAN0100-B57500
[22:37:31] 🐋 NO $5,607.45 | KXNCAAMBGAME-26APR04ILLCONN-CONN
[22:37:31] 🐋 NO $7,099.20 | KXNCAAMBGAME-26APR04ILLCONN-CONN
[22:38] Whales: 1900 | Vol: $8,426,076
[22:42:04] 🐋 YES $4,726.04 | KXNCAAMBGAME-26APR04ILLCONN-CONN
[22:42:49] 🐋 YES $2,400.00 | KXNCAAMBSPREAD-26APR04ILLCONN-ILL2
[22:42:49] 🐋 YES $2,353.56 | KXNCAAMBGAME-26APR04ILLCONN-CONN
[22:43:19] 🐋 NO $2,015.00 | KXATPCHALLENGERMATCH-26APR04MEJSCH-SCH
[22:43] Whales: 1904 | Vol: $8,437,571
[22:45:05] 🐋 YES $5,079.84 | KXNCAAMBGAME-26APR04ILLCONN-ILL
[22:45:05] 🐋 YES $4,180.38 | KXNCAAMBGAME-26APR04ILLCONN-ILL
[22:46:06] 🐋 NO $3,247.40 | KXNCAAMBTOTAL-26APR04ILLCONN-136
[22:47:36] 🐋 YES $4,448.00 | KXMLBGAME-26APR041605BALPIT-BAL
[22:48:22] 🐋 NO $3,510.09 | KXNCAAMBGAME-26APR04ILLCONN-ILL
[22:48] Whales: 1909 | Vol: $8,458,037
[22:48:52] 🐋 YES $2,881.20 | KXMLBGAME-26APR041610SDBOS-SD
[22:49:22] 🐋 YES $3,733.00 | KXNCAAMBGAME-26APR04ILLCONN-CONN
[22:49:52] 🐋 YES $3,745.04 | KXNHLGAME-26APR04MTLNJ-MTL
[22:50:38] 🐋 YES $2,552.72 | KXMARMAD-26-CONN
[22:51:23] 🐋 NO $3,648.12 | KXNCAAMBGAME-26APR04ILLCONN-CONN
[22:52:08] 🎯 NO $3,400.00 | KXBTC15M-26APR041900-00
[22:53] Whales: 1915 | Vol: $8,477,997
[22:54:39] 🐋 NO $2,176.32 | KXNBAMVP-26-VWEM
[22:54:39] 🐋 YES $5,159.44 | KXNBAGAME-26APR05TORBOS-BOS
[22:54:55] 🐋 YES $6,971.76 | KXMLBSPREAD-26APR041905MIANYY-NYY2
[22:54:55] 🐋 NO $2,760.00 | KXMLBGAME-26APR041605BALPIT-BAL
[22:54:55] 🐋 YES $2,760.00 | KXMLBGAME-26APR041605BALPIT-PIT
[22:55:25] 🐋 YES $2,760.00 | KXNCAAMBGAME-26APR04ILLCONN-CONN
[22:55:25] 🐋 YES $3,450.00 | KXNCAAMBGAME-26APR04ILLCONN-CONN
[22:55:25] 🐋 YES $2,720.00 | KXNCAAMBGAME-26APR04ILLCONN-CONN
[22:55:25] 🐋 YES $2,390.88 | KXNCAAMBGAME-26APR04ILLCONN-CONN
[22:55:40] 🐋 YES $7,224.77 | KXNCAAMBGAME-26APR04ILLCONN-ILL
[22:55:40] 🐋 YES $4,766.40 | KXNCAAMBGAME-26APR04ILLCONN-ILL
[22:56:40] 🐋 YES $2,496.60 | KXNCAAMBGAME-26APR04ILLCONN-ILL
[22:57:26] 🐋 YES $2,912.49 | KXNCAAMBGAME-26APR04ILLCONN-CONN
[22:57:56] 🐋 YES $2,004.24 | KXMLBGAME-26APR041610SDBOS-SD
[22:58] Whales: 1929 | Vol: $8,528,550
[22:59:11] 🐋 NO $4,721.40 | KXMLBGAME-26APR041605BALPIT-BAL
[22:59:27] 🐋 YES $2,610.00 | KXMLBGAME-26APR041610SDBOS-SD
[22:59:27] 🐋 YES $2,610.00 | KXMLBGAME-26APR041610SDBOS-SD
[23:00:12] 🐋 YES $6,199.69 | KXNCAAMBGAME-26APR04ILLCONN-ILL
[23:00:27] 🐋 YES $2,553.92 | KXMLBGAME-26APR041610SDBOS-SD
[23:00:27] 🐋 YES $2,010.20 | KXMLBGAME-26APR041610SDBOS-SD
[23:00:27] 🐋 YES $3,680.00 | KXMLBGAME-26APR041610SDBOS-SD
[23:02:13] 🐋 NO $7,687.25 | KXMLBGAME-26APR041610SDBOS-BOS
[23:02:43] 🎯 NO $3,250.00 | KXBTC15M-26APR041915-15
[23:02:58] 🐋 YES $2,400.75 | KXMLBGAME-26APR041610SDBOS-SD
[23:02:58] 🐋 YES $2,970.00 | KXMLBGAME-26APR041610SDBOS-SD
[23:02:58] 🐋 NO $8,053.50 | KXNCAAMBGAME-26APR04ILLCONN-ILL
[23:02:58] 🐋 NO $2,970.00 | KXMLBGAME-26APR041610SDBOS-BOS
[23:02:58] 🐋 NO $3,778.83 | KXMLBGAME-26APR041610SDBOS-BOS
[23:03] Whales: 1943 | Vol: $8,584,045
[23:04:14] 🐋 YES $2,725.80 | KXNCAAMBGAME-26APR04ILLCONN-CONN
[23:05:15] 🐋 YES $3,029.94 | KXVIRGINIAREDISTRICTING-26
[23:06:45] 🐋 YES $2,515.80 | KXNCAAMBGAME-26APR04ILLCONN-CONN
[23:07:00] 🐋 YES $2,619.97 | KXMLBGAME-26APR041605BALPIT-BAL
[23:07:15] 🐋 YES $5,127.40 | KXNBAGAME-26APR04DETPHI-DET
[23:07:15] 🐋 YES $10,372.60 | KXNBAGAME-26APR04DETPHI-DET
[23:07:46] 🐋 YES $2,840.50 | KXNCAAMBGAME-26APR04MICHARIZ-ARIZ
[23:08:16] 🐋 NO $4,118.10 | KXNCAAMBGAME-26APR04ILLCONN-ILL
[23:08] Whales: 1951 | Vol: $8,617,395
[23:09:01] 🐋 YES $6,016.11 | KXMVECROSSCATEGORY-S202649B8328988D-159765D1534
[23:10:17] 🐋 NO $15,077.16 | KXNCAAMBGAME-26APR04ILLCONN-CONN
[23:10:17] 🐋 NO $2,080.00 | KXNCAAMBTOTAL-26APR04ILLCONN-139
[23:10:32] 🐋 YES $2,240.70 | KXNCAAMBGAME-26APR04ILLCONN-CONN
[23:12:03] 🐋 YES $3,841.76 | KXMVESPORTSMULTIGAMEEXTENDED-S2026FB1998474C5-8F0625F01EB
[23:13] Whales: 1956 | Vol: $8,646,651
[23:14:19] 🐋 YES $6,200.00 | KXNCAAMBGAME-26APR04ILLCONN-ILL
[23:14:19] 🐋 YES $5,300.00 | KXNHLGAME-26APR04MTLNJ-MTL
[23:15:04] 🐋 NO $2,600.00 | KXNCAAMBSPREAD-26APR04ILLCONN-CONN4
[23:15:04] 🐋 NO $3,084.20 | KXNCAAMBGAME-26APR04ILLCONN-ILL
[23:16:20] 🐋 YES $3,204.60 | KXNBAGAME-26APR04DETPHI-DET
[23:18:51] 🐋 YES $3,500.00 | KXNCAAMBGAME-26APR04ILLCONN-CONN
[23:18] Whales: 1962 | Vol: $8,670,540
[23:19:06] 🐋 YES $3,911.36 | KXMVECROSSCATEGORY-S20263C24A253256-5FC65BD23FA
[23:21:07] 🐋 YES $3,893.76 | KXNBAGAME-26APR04DETPHI-DET
[23:21:37] 🐋 YES $2,520.00 | KXMLBGAME-26APR041905CINTEX-CIN
[23:21:37] 🐋 YES $2,520.00 | KXMLBGAME-26APR041905CINTEX-CIN
[23:21:37] 🐋 YES $2,520.00 | KXMLBGAME-26APR041905CINTEX-CIN
[23:23:08] 🐋 NO $2,325.54 | KXMLBGAME-26APR041905MIANYY-MIA
[23:23] Whales: 1968 | Vol: $8,688,230
[23:24:23] 🐋 YES $3,320.67 | KXNCAAMBGAME-26APR04ILLCONN-CONN
[23:24:38] 🐋 YES $2,916.20 | KXNCAAMBGAME-26APR04ILLCONN-CONN
[23:24:54] 🐋 YES $2,917.39 | KXNCAAMBGAME-26APR04ILLCONN-CONN
[23:24:54] 🐋 NO $2,282.27 | KXMVECROSSCATEGORY-S2026E7E27C50711-F7488D7DD28
[23:24:54] 🐋 YES $2,290.46 | KXNCAAMBGAME-26APR04ILLCONN-CONN
[23:26:09] 🐋 NO $2,291.04 | KXNCAAMBGAME-26APR04ILLCONN-ILL
[23:26:24] 🐋 YES $2,173.94 | KXNCAAMBGAME-26APR04ILLCONN-CONN
[23:26:54] 🐋 YES $4,168.92 | KXMLBGAME-26APR041905MIANYY-MIA
[23:26:54] 🐋 YES $2,264.29 | KXMLBGAME-26APR041905MIANYY-MIA
[23:28:55] 🐋 NO $2,344.50 | KXNCAAMBGAME-26APR04ILLCONN-ILL
[23:28] Whales: 1978 | Vol: $8,715,200
[23:32:42] 🐋 YES $6,571.75 | KXTOPALBUM-26APR11-ARIR
[23:33:12] 🐋 NO $3,727.08 | KXMVESPORTSMULTIGAMEEXTENDED-S202693A4DFA7C4A-5190AA02304
[23:33:28] 🐋 NO $5,403.30 | KXNCAAMBSPREAD-26APR04ILLCONN-ILL2
[23:33] Whales: 1981 | Vol: $8,730,902
[23:34:13] 🐋 YES $2,421.09 | KXMLBGAME-26APR041905MIANYY-MIA
[23:34:28] 🐋 NO $2,214.08 | KXNCAAMBTOTAL-26APR04ILLCONN-148
[23:34:28] 🐋 YES $4,884.95 | KXNCAAMBGAME-26APR04ILLCONN-CONN
[23:34:28] 🐋 YES $4,884.95 | KXNCAAMBGAME-26APR04ILLCONN-CONN
[23:34:28] 🐋 YES $2,550.00 | KXNCAAMBGAME-26APR04ILLCONN-CONN
[23:35:13] 🐋 NO $2,653.70 | KXNCAAMBGAME-26APR04ILLCONN-ILL
[23:35:44] 🐋 YES $4,882.06 | KXNCAAMBGAME-26APR04ILLCONN-CONN
[23:36:14] 🐋 YES $2,550.00 | KXMARMAD-26-MICH
[23:38:00] 🐋 NO $2,476.00 | KXNCAAMBGAME-26APR04ILLCONN-ILL
[23:38:00] 🐋 NO $2,222.16 | KXMLBGAME-26APR041915ATLAZ-ATL
[23:38:15] 🐋 YES $2,000.13 | KXMARMAD-26-CONN
[23:38:15] 🐋 YES $2,430.00 | KXNCAAMBGAME-26APR04ILLCONN-CONN
[23:39:00] 🐋 NO $2,269.50 | KXNCAAMBGAME-26APR04ILLCONN-CONN
[23:39] Whales: 1994 | Vol: $8,769,341
[23:39:30] 🐋 YES $4,539.94 | KXNCAAMBGAME-26APR04ILLCONN-CONN
[23:40:31] 🐋 NO $3,796.73 | KXPGATOUR-VATO26-LABE
[23:41:16] 🐋 YES $2,029.90 | KXUFCFIGHT-26APR04PATPET-PAT
[23:44] Whales: 1997 | Vol: $8,779,707
[23:45:03] 🐋 YES $2,428.11 | KXMLBGAME-26APR041905MIANYY-MIA
[23:47:49] 🐋 YES $3,219.32 | KXMVESPORTSMULTIGAMEEXTENDED-S2026D9174C22D13-941607FA709
[23:47:49] 🐋 NO $5,009.91 | KXNCAAMBGAME-26APR04ILLCONN-ILL
[23:48:35] 🐋 YES $4,539.89 | KXNCAAMBGAME-26APR04ILLCONN-CONN
[23:49] Whales: 2001 | Vol: $8,794,905
[23:49:35] 🐋 YES $4,889.66 | KXNCAAMBGAME-26APR04ILLCONN-CONN
[23:50:05] 🐋 NO $2,487.98 | KXNCAAMBGAME-26APR04ILLCONN-ILL
[23:50:05] 🐋 NO $6,472.36 | KXNCAAMBGAME-26APR04ILLCONN-ILL
[23:50:05] 🐋 NO $6,472.36 | KXNCAAMBGAME-26APR04ILLCONN-ILL
[23:50:20] 🐋 YES $6,242.88 | KXNCAAMBGAME-26APR04ILLCONN-CONN
[23:51:36] 🐋 NO $2,490.00 | KXNCAAMBGAME-26APR04ILLCONN-ILL
[23:51:36] 🐋 YES $2,928.24 | KXNCAAMBGAME-26APR04ILLCONN-CONN
[23:51:36] 🐋 YES $12,450.00 | KXNCAAMBGAME-26APR04ILLCONN-CONN
[23:53:22] 🐋 YES $2,562.12 | KXNBAGAME-26APR04DETPHI-DET
[23:53:37] 🐋 YES $2,663.64 | KXNCAAMBGAME-26APR04ILLCONN-CONN
[23:54:07] 🐋 YES $3,343.54 | KXMVESPORTSMULTIGAMEEXTENDED-S2026D32A0703CCB-A84A911FE14
[23:54] Whales: 2012 | Vol: $8,847,907
[23:54:52] 🐋 NO $3,009.24 | KXNCAAMBSPREAD-26APR04ILLCONN-CONN4
[23:55:08] 🐋 YES $2,520.00 | KXNBAGAME-26APR04DETPHI-DET
[23:55:23] 🐋 YES $2,089.50 | KXMVESPORTSMULTIGAMEEXTENDED-S20269409F3CA433-F3C1DFD6B77
[23:57:24] 🐋 YES $2,754.67 | KXNCAAMBSPREAD-26APR04MICHARIZ-MICH1
[23:58:39] 🐋 YES $4,368.00 | KXNCAAMBGAME-26APR04ILLCONN-CONN
[23:58:39] 🐋 YES $2,166.75 | KXNHLSPREAD-26APR04WPGCBJ-CBJ1
[23:58:54] 🐋 YES $2,333.76 | KXNCAAMBTOTAL-26APR04ILLCONN-130
[23:58:54] 🐋 YES $2,310.00 | KXNCAAMBTOTAL-26APR04ILLCONN-130
[23:59] Whales: 2020 | Vol: $8,869,459
[00:01:26] 🐋 YES $2,040.00 | KXNBAGAME-26APR04DETPHI-PHI
[00:04] Whales: 2021 | Vol: $8,871,499
[00:06:13] 🐋 NO $3,355.59 | KXNCAAMBGAME-26APR04ILLCONN-ILL
[00:06:13] 🐋 NO $2,857.36 | KXNCAAMBGAME-26APR04ILLCONN-ILL
[00:06:43] 🐋 YES $2,442.96 | KXNCAAMBGAME-26APR04ILLCONN-CONN
[00:06:43] 🐋 YES $2,577.90 | KXNBAGAME-26APR04DETPHI-DET
[00:06:43] 🐋 NO $2,642.08 | KXBTCY-27JAN0100-B77500
[00:07:29] 🐋 NO $2,482.98 | KXNCAAMBGAME-26APR04ILLCONN-ILL
[00:07:29] 🐋 NO $2,306.37 | KXNCAAMBGAME-26APR04ILLCONN-ILL
[00:07:44] 🐋 NO $2,213.20 | KXNCAAMBGAME-26APR04ILLCONN-ILL
[00:07:44] 🐋 NO $2,335.36 | KXNBAGAME-26APR04DETPHI-PHI
[00:07:59] 🐋 NO $3,056.24 | KXNCAAMBGAME-26APR04ILLCONN-ILL
[00:08:29] 🐋 NO $5,598.45 | KXNCAAMBGAME-26APR04ILLCONN-ILL
[00:08:29] 🐋 NO $43,500.00 | KXNCAAMBGAME-26APR04ILLCONN-ILL
[00:08:29] 🐋 NO $2,175.00 | KXNCAAMBGAME-26APR04ILLCONN-ILL
[00:08:29] 🐋 NO $5,598.45 | KXNCAAMBGAME-26APR04ILLCONN-ILL
[00:08:29] 🐋 NO $5,220.00 | KXNCAAMBGAME-26APR04ILLCONN-ILL
[00:08:29] 🐋 NO $3,060.66 | KXNCAAMBGAME-26APR04ILLCONN-ILL
[00:08:29] 🐋 NO $5,598.45 | KXNCAAMBGAME-26APR04ILLCONN-ILL
[00:08:29] 🐋 NO $2,346.39 | KXNCAAMBGAME-26APR04ILLCONN-ILL
[00:08:44] 🐋 YES $2,406.18 | KXNCAAMBGAME-26APR04MICHARIZ-MICH
[00:09:00] 🐋 YES $2,092.79 | KXNCAAMBTOTAL-26APR04MICHARIZ-157
[00:09] Whales: 2041 | Vol: $8,975,366
[00:13:31] 🐋 YES $3,442.64 | KXNCAAMBGAME-26APR04ILLCONN-CONN
[00:13:31] 🐋 YES $5,731.60 | KXNCAAMBGAME-26APR04ILLCONN-CONN
[00:13:31] 🐋 YES $4,138.16 | KXNCAAMBGAME-26APR04ILLCONN-CONN
[00:14] Whales: 2044 | Vol: $8,988,678
[00:15:48] 🐋 YES $3,362.48 | KXNCAAMBGAME-26APR04ILLCONN-CONN
[00:15:48] 🐋 YES $2,834.57 | KXNCAAMBSPREAD-26APR04MICHARIZ-MICH1
[00:16:03] 🐋 YES $19,547.92 | KXUFCFIGHT-26APR04DELRUC-DEL
[00:16:48] 🐋 YES $3,570.00 | KXNCAAMBGAME-26APR04MICHARIZ-ARIZ
[00:17:03] 🐋 YES $3,382.02 | KXNBAGAME-26APR04DETPHI-PHI
[00:17:03] 🐋 NO $4,821.25 | KXNCAAMBGAME-26APR04ILLCONN-ILL
[00:17:03] 🐋 YES $2,511.52 | KXMLBGAME-26APR041910TBMIN-TB
[00:17:18] 🐋 NO $7,429.95 | KXNCAAMBGAME-26APR04ILLCONN-ILL
[00:17:33] 🐋 NO $13,257.25 | KXNCAAMBGAME-26APR04ILLCONN-ILL
[00:18:34] 🐋 YES $8,968.00 | KXNCAAMBGAME-26APR04ILLCONN-CONN
[00:18:49] 🐋 YES $2,590.65 | KXNCAAMBGAME-26APR04ILLCONN-CONN
[00:19:04] 🐋 NO $2,087.04 | KXNCAAMBGAME-26APR04ILLCONN-ILL
[00:19:04] 🐋 NO $2,106.24 | KXNCAAMBGAME-26APR04ILLCONN-ILL
[00:19] Whales: 2057 | Vol: $9,065,147
[00:19:50] 🐋 NO $7,636.81 | KXNCAAMBGAME-26APR04ILLCONN-ILL
[00:19:50] 🐋 NO $4,784.04 | KXNCAAMBGAME-26APR04ILLCONN-ILL
[00:19:50] 🐋 NO $4,676.37 | KXNCAAMBGAME-26APR04ILLCONN-ILL
[00:20:20] 🐋 NO $4,950.00 | KXNCAAMBGAME-26APR04ILLCONN-ILL
[00:20:20] 🐋 NO $2,409.66 | KXNCAAMBGAME-26APR04ILLCONN-ILL
[00:20:20] 🐋 NO $4,882.68 | KXNCAAMBGAME-26APR04ILLCONN-ILL
[00:20:20] 🐋 NO $4,950.00 | KXNCAAMBGAME-26APR04ILLCONN-ILL
[00:20:20] 🐋 NO $4,882.68 | KXNCAAMBGAME-26APR04ILLCONN-ILL
[00:20:20] 🐋 YES $3,206.88 | KXNCAAMBGAME-26APR04MICHARIZ-ARIZ
[00:20:20] 🐋 YES $3,662.01 | KXNCAAMBGAME-26APR04ILLCONN-CONN
[00:22:51] 🐋 YES $17,307.50 | KXNCAAMBGAME-26APR04MICHARIZ-MICH
[00:23:06] 🐋 NO $6,414.80 | KXNCAAMBSPREAD-26APR04MICHARIZ-ARIZ2
[00:23:06] 🐋 NO $8,085.20 | KXNCAAMBSPREAD-26APR04MICHARIZ-ARIZ2
[00:23:21] 🐋 YES $2,416.89 | KXNCAAMBGAME-26APR04MICHARIZ-ARIZ
[00:23:51] 🐋 YES $5,657.00 | KXNCAAMBGAME-26APR04MICHARIZ-MICH
[00:24] Whales: 2072 | Vol: $9,151,070
[00:24:37] 🐋 YES $4,734.00 | KXNCAAMBGAME-26APR04MICHARIZ-MICH
[00:25:22] 🐋 NO $2,391.28 | KXMARMAD-26-CONN
[00:25:22] 🐋 YES $10,613.28 | KXNCAAMBSPREAD-26APR04MICHARIZ-MICH1
[00:25:52] 🐋 YES $2,602.50 | KXNCAAMBGAME-26APR04MICHARIZ-MICH
[00:25:52] 🐋 YES $9,404.00 | KXNCAAMBGAME-26APR04MICHARIZ-MICH
[00:25:52] 🐋 YES $5,003.00 | KXNCAAMBGAME-26APR04MICHARIZ-MICH
[00:26:23] 🐋 YES $2,640.06 | KXMLBGAME-26APR041905MIANYY-NYY
[00:26:23] 🐋 YES $21,573.00 | KXNCAAMBGAME-26APR04MICHARIZ-ARIZ
[00:27:23] 🐋 NO $2,377.05 | KXNCAAMBSPREAD-26APR04MICHARIZ-MICH1
[00:27:38] 🐋 YES $4,832.06 | KXMVECROSSCATEGORY-S20264A4D4EBB6B6-444371AA207
[00:29:09] 🐋 YES $6,189.36 | KXNBAGAME-26APR04DETPHI-DET
[00:29:24] 🐋 YES $3,864.50 | KXNCAAMBGAME-26APR04MICHARIZ-MICH
[00:29] Whales: 2084 | Vol: $9,227,294
[00:30:55] 🐋 NO $9,629.36 | KXNCAAMBTOTAL-26APR04MICHARIZ-157
[00:30:55] 🐋 YES $3,000.00 | KXNCAAMBGAME-26APR04MICHARIZ-MICH
[00:31:40] 🐋 YES $4,403.50 | KXNCAAMBGAME-26APR04MICHARIZ-MICH
[00:31:40] 🐋 YES $2,997.19 | KXNCAAMBSPREAD-26APR04MICHARIZ-MICH1
[00:32:25] 🐋 YES $2,884.50 | KXNCAAMBGAME-26APR04MICHARIZ-MICH
[00:32:56] 🐋 NO $2,407.44 | KXMLBGAME-26APR041905MIANYY-NYY
[00:33:26] 🐋 NO $2,097.36 | KXATPCHALLENGERMATCH-26APR04MEJSCH-SCH
[00:33:26] 🐋 NO $2,542.94 | KXATPCHALLENGERMATCH-26APR04MEJSCH-SCH
[00:33:56] 🐋 YES $4,583.00 | KXNCAAMBTOTAL-26APR04MICHARIZ-157
[00:33:56] 🐋 YES $10,077.83 | KXNCAAMBTOTAL-26APR04MICHARIZ-157
[00:33:56] 🐋 YES $5,000.00 | KXNCAAMBTOTAL-26APR04MICHARIZ-157
[00:33:56] 🐋 YES $3,302.50 | KXNCAAMBTOTAL-26APR04MICHARIZ-157
[00:34:26] 🐋 YES $3,115.50 | KXNBAGAME-26APR04DETPHI-DET
[00:34] Whales: 2097 | Vol: $9,283,335
[00:34:41] 🐋 YES $4,830.50 | KXNCAAMBGAME-26APR04MICHARIZ-MICH
[00:34:57] 🐋 YES $2,184.81 | KXUFCMOV-26APR04YAKRIB-YAKKOTKODQ
[00:36:42] 🐋 NO $2,601.10 | KXNBAGAME-26APR04DETPHI-PHI
[00:36:42] 🐋 YES $2,002.50 | KXNCAAMBGAME-26APR04MICHARIZ-MICH
[00:36:57] 🐋 YES $19,245.36 | KXNCAAMBGAME-26APR04MICHARIZ-ARIZ
[00:37:58] 🐋 YES $14,433.51 | KXNCAAMBGAME-26APR04MICHARIZ-ARIZ
[00:38:43] 🐋 YES $5,875.75 | KXNBAGAME-26APR04DETPHI-DET
[00:38:43] 🐋 YES $19,029.12 | KXNCAAMBGAME-26APR04MICHARIZ-ARIZ
[00:38:43] 🐋 YES $4,430.88 | KXNCAAMBGAME-26APR04MICHARIZ-ARIZ
[00:39] Whales: 2106 | Vol: $9,357,968
[00:39:59] 🐋 YES $2,296.02 | KXNCAAMBGAME-26APR04MICHARIZ-ARIZ
[00:40:29] 🐋 NO $3,800.76 | KXNCAAMBSPREAD-26APR04MICHARIZ-MICH7
[00:40:59] 🐋 NO $2,621.64 | KXMLBGAME-26APR041905MIANYY-NYY
[00:41:30] 🐋 YES $2,800.92 | KXNCAAMBGAME-26APR04MICHARIZ-ARIZ
[00:42:30] 🐋 YES $7,301.67 | KXNCAAMBGAME-26APR04MICHARIZ-ARIZ
[00:44:01] 🐋 YES $6,492.81 | KXMLBGAME-26APR031945MILKC-KC
[00:44:01] 🐋 NO $2,700.00 | KXNCAAMBSPREAD-26APR04MICHARIZ-MICH1
[00:44:16] 🐋 YES $2,160.36 | KXNCAAMBGAME-26APR04MICHARIZ-ARIZ
[00:44] Whales: 2114 | Vol: $9,388,143
[00:44:46] 🐋 NO $2,640.47 | KXNBASPREAD-26APR04DETPHI-DET16
[00:45:32] 🐋 YES $4,930.20 | KXBTCD-26APR0421-T66999.99
[00:46:47] 🐋 YES $3,412.00 | KXMLBGAME-26APR041905CINTEX-CIN
[00:47:48] 🐋 YES $2,875.00 | KXNBAGAME-26APR04DETPHI-DET
[00:48:03] 🐋 YES $5,100.00 | KXNCAAMBTOTAL-26APR04MICHARIZ-157
[00:48:03] 🐋 YES $5,100.00 | KXNCAAMBTOTAL-26APR04MICHARIZ-157
[00:48:18] 🐋 NO $2,454.20 | KXMARMAD-26-CONN
[00:48:48] 🐋 NO $2,845.48 | KXMLBTOTAL-26APR042138SEALAA-11
[00:49] Whales: 2122 | Vol: $9,417,500
[00:50:19] 🐋 YES $2,405.16 | KXNCAAMBGAME-26APR04MICHARIZ-ARIZ
[00:51:19] 🐋 YES $2,272.00 | KXMLBGAME-26APR041915ATLAZ-AZ
[00:53:51] 🐋 YES $5,981.28 | KXNCAAMBGAME-26APR04MICHARIZ-ARIZ
[00:54:21] 🐋 YES $2,674.25 | KXNBAGAME-26APR04DETPHI-DET
[00:54:21] 🐋 YES $5,144.25 | KXNBAGAME-26APR04DETPHI-DET
[00:54] Whales: 2127 | Vol: $9,435,977
[00:55:21] 🐋 NO $2,130.00 | KXMARMAD-26-CONN
[00:56:52] 🐋 YES $2,900.37 | KXNCAAMBGAME-26APR04MICHARIZ-ARIZ
[00:56:52] 🐋 YES $5,089.29 | KXNCAAMBGAME-26APR04MICHARIZ-ARIZ
[00:59] Whales: 2130 | Vol: $9,446,096
[01:01:39] 🐋 YES $8,178.87 | KXNCAAMBGAME-26APR04MICHARIZ-ARIZ
[01:01:55] 🐋 YES $2,755.17 | KXNBAGAME-26APR04DETPHI-DET
[01:01:55] 🐋 YES $2,970.00 | KXNBAGAME-26APR04DETPHI-DET
[01:03:25] 🐋 YES $4,810.83 | KXNCAAMBGAME-26APR04MICHARIZ-ARIZ
[01:04:11] 🐋 YES $3,071.00 | KXNCAAMBGAME-26APR04MICHARIZ-MICH
[01:04:26] 🐋 YES $9,481.31 | KXNCAAMBSPREAD-26APR04MICHARIZ-MICH1
[01:04] Whales: 2136 | Vol: $9,477,364
[01:05:41] 🐋 YES $2,884.50 | KXNCAAMBGAME-26APR04MICHARIZ-MICH
[01:06:12] 🐋 YES $2,452.07 | KXMLBGAME-26APR041905MIANYY-MIA
[01:06:12] 🐋 YES $2,886.60 | KXNCAAMBTOTAL-26APR04MICHARIZ-157
[01:06:27] 🐋 NO $2,700.00 | KXNCAAMBSPREAD-26APR04MICHARIZ-MICH1
[01:08:13] 🐋 YES $2,000.00 | KXNCAAMBGAME-26APR04MICHARIZ-MICH
[01:08:43] 🐋 YES $4,300.32 | KXNCAAMBGAME-26APR04MICHARIZ-ARIZ
[01:08:43] 🐋 YES $9,070.86 | KXNCAAMBGAME-26APR04MICHARIZ-ARIZ
[01:09] Whales: 2143 | Vol: $9,503,658
[01:09:58] 🐋 YES $2,884.50 | KXNCAAMBGAME-26APR04MICHARIZ-MICH
[01:10:14] 🐋 YES $9,646.28 | KXNCAAMBSPREAD-26APR04MICHARIZ-MICH1
[01:10:44] 🐋 YES $3,367.02 | KXNCAAMBGAME-26APR04MICHARIZ-ARIZ
[01:10:59] 🐋 YES $2,600.00 | KXNCAAMBGAME-26APR04MICHARIZ-MICH
[01:12:30] 🐋 YES $13,340.00 | KXNCAAMBGAME-26APR04MICHARIZ-MICH
[01:13:15] 🐋 YES $7,658.52 | KXMVECROSSCATEGORY-S20264A4D4EBB6B6-F8CFBB49A75
[01:14:30] 🐋 YES $2,520.00 | KXMLBGAME-26APR042010PHICOL-PHI
[01:14] Whales: 2150 | Vol: $9,545,674
[01:15:01] 🐋 YES $2,368.44 | KXNCAAMBGAME-26APR04MICHARIZ-ARIZ
[01:15:01] 🐋 NO $15,154.65 | KXNCAAMBGAME-26APR04MICHARIZ-MICH
[01:15:16] 🐋 NO $3,440.00 | KXMLBGAME-26APR041915ATLAZ-ATL
[01:15:31] 🐋 YES $15,545.40 | KXNHLTOTAL-26APR04BUFWSH-7
[01:16:16] 🐋 NO $3,960.00 | KXMLBGAME-26APR041915ATLAZ-ATL
[01:17:17] 🐋 NO $4,569.12 | KXNCAAMBSPREAD-26APR04MICHARIZ-ARIZ2
[01:17:47] 🐋 NO $3,942.12 | KXMLBSPREAD-26APR041915ATLAZ-AZ2
[01:17:47] 🐋 NO $7,333.05 | KXMLBSPREAD-26APR041915ATLAZ-AZ2
[01:18:32] 🐋 YES $5,372.34 | KXNCAAMBGAME-26APR04MICHARIZ-ARIZ
[01:19] Whales: 2159 | Vol: $9,607,359
[01:21:49] 🐋 YES $5,800.74 | KXNCAAMBGAME-26APR04MICHARIZ-ARIZ
[01:22:34] 🐋 YES $2,970.00 | KXMLBGAME-26APR041910TBMIN-TB
[01:22:34] 🐋 YES $4,950.00 | KXMLBGAME-26APR041910TBMIN-TB
[01:22:50] 🐋 NO $3,225.75 | KXNCAAMBGAME-26APR04MICHARIZ-ARIZ
[01:22:50] 🐋 YES $3,366.51 | KXNCAAMBGAME-26APR04MICHARIZ-MICH
[01:23:50] 🐋 NO $2,012.01 | KXNCAAMBGAME-26APR04MICHARIZ-MICH
[01:24:05] 🐋 YES $2,714.67 | KXNCAAMBGAME-26APR04MICHARIZ-MICH
[01:24:05] 🐋 YES $2,583.01 | KXLAYOFFSYINFO-26-494000
[01:24:05] 🐋 NO $2,020.41 | KXNCAAMBGAME-26APR04MICHARIZ-ARIZ
[01:24:50] 🐋 YES $3,883.99 | KXNCAAMBGAME-26APR04MICHARIZ-MICH
[01:24] Whales: 2169 | Vol: $9,640,887
[01:27:37] 🐋 YES $2,520.00 | KXNCAAMBGAME-26APR04MICHARIZ-MICH
[01:27:52] 🐋 YES $4,250.61 | KXNCAAMBGAME-26APR04MICHARIZ-ARIZ
[01:28:07] 🐋 NO $3,072.30 | KXNCAAMBGAME-26APR04MICHARIZ-MICH
[01:28:22] 🐋 YES $2,400.00 | KXNCAAMBSPREAD-26APR04MICHARIZ-MICH4
[01:29] Whales: 2173 | Vol: $9,653,129
[01:30:08] 🐋 YES $3,778.20 | KXNCAAMBTOTAL-26APR04MICHARIZ-157
[01:30:38] 🐋 YES $2,902.39 | KXNCAAMBGAME-26APR04MICHARIZ-ARIZ
[01:30:53] 🐋 YES $2,792.63 | KXUFCFIGHT-26APR04EWIEST-EWI
[01:31:39] 🐋 YES $2,359.32 | KXLAYOFFSYINFO-26-494000
[01:31:54] 🐋 NO $2,130.72 | KXNCAAMBSPREAD-26APR04MICHARIZ-MICH16
[01:33:40] 🐋 NO $6,499.74 | KXMARMAD-26-ARIZ
[01:34] Whales: 2179 | Vol: $9,673,592
[01:35:10] 🐋 YES $8,021.96 | KXNCAAMBGAME-26APR04MICHARIZ-MICH
[01:35:55] 🐋 YES $2,934.20 | KXNCAAMBGAME-26APR04MICHARIZ-MICH
[01:36:11] 🐋 YES $2,280.00 | KXNHLGAME-26APR04CGYANA-ANA
[01:36:41] 🐋 YES $3,319.76 | KXNCAAMBGAME-26APR04MICHARIZ-MICH
[01:37:11] 🐋 NO $3,600.00 | KXMARMAD-26-CONN
[01:38:42] 🐋 YES $2,259.18 | KXBTCD-26APR0422-T66799.99
[01:38:57] 🐋 NO $2,370.00 | KXMLBGAME-26APR041905MIANYY-MIA
[01:39] Whales: 2186 | Vol: $9,698,378
[01:40:43] 🐋 NO $2,553.41 | KXUFCFIGHT-26APR04YAKRIB-RIB
[01:41:13] 🐋 NO $5,400.00 | KXNCAAMBSPREAD-26APR04MICHARIZ-MICH7
[01:43:44] 🐋 YES $3,352.72 | KXNCAAMBGAME-26APR04MICHARIZ-ARIZ
[01:43:44] 🐋 YES $3,317.44 | KXNCAAMBGAME-26APR04MICHARIZ-ARIZ
[01:44:45] 🐋 NO $2,464.00 | KXNCAAMBTOTAL-26APR04MICHARIZ-172
[01:45:00] 🐋 YES $4,873.33 | KXNCAAMBGAME-26APR04MICHARIZ-MICH
[01:45] Whales: 2192 | Vol: $9,720,338
[01:45:45] 🐋 YES $2,802.12 | KXNCAAMBGAME-26APR04MICHARIZ-MICH
[01:45:45] 🐋 YES $4,560.00 | KXNCAAMBGAME-26APR04MICHARIZ-MICH
[01:48:16] 🐋 NO $2,225.00 | KXNCAAMBTOTAL-26APR04MICHARIZ-172
[01:48:16] 🐋 NO $2,670.00 | KXNCAAMBTOTAL-26APR04MICHARIZ-172
[01:50] Whales: 2196 | Vol: $9,732,596
[01:50:33] 🐋 YES $24,000.00 | KXNCAAMBGAME-26APR04MICHARIZ-ARIZ
[01:52:49] 🐋 NO $7,015.12 | KXMLBGAME-26APR042138SEALAA-SEA
[01:53:49] 🐋 NO $4,644.42 | KXNCAAMBGAME-26APR04MICHARIZ-ARIZ
[01:55:05] 🐋 YES $8,000.00 | KXNHLGAME-26APR04CHISEA-CHI
[01:55:05] 🐋 YES $8,000.00 | KXNHLGAME-26APR04CHISEA-CHI
[01:55:05] 🐋 YES $8,000.00 | KXNHLGAME-26APR04CHISEA-CHI
[01:55:05] 🐋 YES $4,000.00 | KXNHLGAME-26APR04CHISEA-CHI
[01:55:05] 🐋 YES $4,000.00 | KXNHLGAME-26APR04CHISEA-CHI
[01:55:05] 🐋 YES $4,000.00 | KXNHLGAME-26APR04CHISEA-CHI
[01:55:05] 🐋 YES $2,666.40 | KXNHLGAME-26APR04CHISEA-CHI
[01:55:05] 🐋 YES $4,000.00 | KXNHLGAME-26APR04CHISEA-CHI
[01:55:05] 🐋 YES $3,000.00 | KXNHLGAME-26APR04CHISEA-CHI
[01:55:05] 🐋 YES $4,000.00 | KXNHLGAME-26APR04CHISEA-CHI
[01:55:05] 🐋 YES $8,000.00 | KXNHLGAME-26APR04CHISEA-CHI
[01:55:05] 🐋 YES $4,000.00 | KXNHLGAME-26APR04CHISEA-CHI
[01:55:05] 🐋 YES $8,000.00 | KXNHLGAME-26APR04CHISEA-CHI
[01:55:05] 🐋 YES $8,000.00 | KXNHLGAME-26APR04CHISEA-CHI
[01:55:05] 🐋 YES $8,000.00 | KXNHLGAME-26APR04CHISEA-CHI
[01:55:05] 🐋 YES $2,168.40 | KXNHLGAME-26APR04CHISEA-CHI
[01:55:05] 🐋 YES $2,000.00 | KXNHLGAME-26APR04CHISEA-CHI
[01:55:05] 🐋 YES $4,000.00 | KXNHLGAME-26APR04CHISEA-CHI
[01:55:05] 🐋 YES $4,000.00 | KXNHLGAME-26APR04CHISEA-CHI
[01:55:05] 🐋 YES $4,000.00 | KXNHLGAME-26APR04CHISEA-CHI
[01:55:05] 🐋 YES $4,000.00 | KXNHLGAME-26APR04CHISEA-CHI
[01:55:05] 🐋 YES $12,000.00 | KXNHLGAME-26APR04CHISEA-CHI
[01:55] Whales: 2221 | Vol: $9,886,090
[01:55:20] 🐋 YES $4,927.23 | KXMLBGAME-26APR042105NYMSF-NYM
[01:55:50] 🐋 YES $3,655.44 | KXNCAAMBGAME-26APR04MICHARIZ-ARIZ
[01:55:50] 🐋 NO $3,684.24 | KXNCAAMBGAME-26APR04MICHARIZ-MICH
[01:59:22] 🐋 NO $4,219.20 | KXNCAAMBGAME-26APR04MICHARIZ-ARIZ
[01:59:52] 🐋 YES $2,063.12 | KXNCAAMBGAME-26APR04MICHARIZ-ARIZ
[02:00] Whales: 2226 | Vol: $9,904,639
[02:01:38] 🐋 YES $3,565.10 | KXATPCHALLENGERMATCH-26APR04DUCPAC-PAC
[02:02:23] 🐋 YES $4,786.48 | KXNCAAMBGAME-26APR04MICHARIZ-MICH
[02:02:23] 🐋 YES $4,772.41 | KXNCAAMBGAME-26APR04MICHARIZ-MICH
[02:02:53] 🐋 NO $2,200.00 | KXMLBGAME-26APR042138SEALAA-LAA
[02:02:53] 🐋 NO $2,888.16 | KXMLBGAME-26APR042138SEALAA-LAA
[02:03:08] 🐋 YES $3,967.92 | KXNHLGAME-26APR04TORLA-LA
[02:03:08] 🐋 YES $3,299.67 | KXNHLGAME-26APR04TORLA-LA
[02:03:39] 🐋 YES $5,932.08 | KXMLBGAME-26APR041905MIANYY-NYY
[02:03:39] 🐋 NO $3,831.52 | KXMLBGAME-26APR041905MIANYY-MIA
[02:04:39] 🐋 YES $2,629.22 | KXNCAAMBGAME-26APR04MICHARIZ-MICH
[02:04:39] 🐋 YES $2,190.40 | KXNCAAMBGAME-26APR04MICHARIZ-MICH
[02:05] Whales: 2237 | Vol: $9,944,702
[02:05:40] 🐋 YES $10,683.55 | KXNCAAMBGAME-26APR04MICHARIZ-MICH
[02:05:40] 🐋 YES $2,920.00 | KXNCAAMBGAME-26APR04MICHARIZ-MICH
[02:05:40] 🐋 NO $2,033.78 | KXNCAAMBGAME-26APR04MICHARIZ-ARIZ
[02:06:25] 🐋 NO $3,939.79 | KXNCAAMBGAME-26APR04MICHARIZ-ARIZ
[02:06:25] 🎯 NO $2,103.92 | KXBTC15M-26APR042215-15
[02:06:40] 🐋 NO $7,350.63 | KXNCAAMBGAME-26APR04MICHARIZ-ARIZ
[02:06:40] 🐋 YES $7,359.86 | KXNCAAMBGAME-26APR04MICHARIZ-MICH
[02:08:41] 🐋 NO $4,700.00 | KXNCAAMBSPREAD-26APR04MICHARIZ-MICH7
[02:09:11] 🐋 NO $29,855.20 | KXNCAAMBGAME-26APR04MICHARIZ-ARIZ
[02:09:11] 🐋 NO $4,232.80 | KXNCAAMBGAME-26APR04MICHARIZ-ARIZ
[02:09:11] 🐋 NO $4,800.00 | KXNCAAMBGAME-26APR04MICHARIZ-ARIZ
[02:10] Whales: 2248 | Vol: $10,024,682
[02:10:27] 🐋 YES $2,048.91 | KXMVESPORTSMULTIGAMEEXTENDED-S2026D14B800AABF-DBD35FBEB6F
[02:12:43] 🐋 NO $2,187.50 | KXMARMAD-26-CONN
[02:14:14] 🐋 NO $2,705.12 | KXNCAAMBGAME-26APR04MICHARIZ-ARIZ
[02:14:44] 🐋 YES $2,080.00 | KXMLBGAME-26APR042138SEALAA-LAA
[02:14:44] 🐋 NO $4,855.20 | KXMARMAD-26-CONN
[02:14:44] 🐋 NO $2,922.50 | KXMARMAD-26-CONN
[02:15] Whales: 2254 | Vol: $10,041,481
[02:16:00] 🐋 YES $2,689.58 | KXNCAAMBGAME-26APR04MICHARIZ-MICH
[02:16:15] 🐋 YES $4,070.82 | KXMLBGAME-26APR042138SEALAA-SEA
[02:16:15] 🐋 YES $4,954.65 | KXNCAAMBGAME-26APR04MICHARIZ-MICH
[02:16:45] 🐋 NO $6,086.22 | KXNCAAMBGAME-26APR04MICHARIZ-ARIZ
[02:17:15] 🐋 NO $3,260.26 | KXNCAAMBGAME-26APR04MICHARIZ-ARIZ
[02:17:45] 🐋 NO $9,122.08 | KXNCAAMBGAME-26APR04MICHARIZ-ARIZ
[02:18:01] 🐋 NO $2,201.00 | KXNCAAMBTOTAL-26APR04MICHARIZ-166
[02:18:16] 🐋 YES $2,187.50 | KXNCAAMBGAME-26APR04MICHARIZ-ARIZ
[02:18:31] 🐋 NO $2,750.00 | KXMLBGAME-26APR041905MIANYY-MIA
[02:18:46] 🐋 NO $3,807.12 | KXNCAAMBGAME-26APR04MICHARIZ-ARIZ
[02:18:46] 🐋 YES $2,190.87 | KXUFCFIGHT-26APR04JANRIC-JAN
[02:19:01] 🐋 YES $2,610.00 | KXNCAAMBGAME-26APR04MICHARIZ-MICH
[02:19:16] 🐋 NO $4,700.00 | KXMARMAD-26-ARIZ
[02:19:16] 🐋 NO $75,312.80 | KXMARMAD-26-ARIZ
[02:19:16] 🐋 NO $5,640.00 | KXMARMAD-26-ARIZ
[02:19:16] 🐋 NO $13,106.42 | KXMARMAD-26-ARIZ
[02:19:31] 🐋 YES $3,064.52 | KXMLBGAME-26APR042105NYMSF-NYM
[02:19:31] 🐋 YES $2,081.96 | KXMLBGAME-26APR042105NYMSF-NYM
[02:20] Whales: 2272 | Vol: $10,191,317
[02:20:47] 🐋 YES $2,353.28 | KXMARMAD-26-MICH
[02:20:47] 🐋 NO $10,569.63 | KXNCAAMBGAME-26APR04MICHARIZ-ARIZ
[02:21:32] 🐋 YES $4,480.00 | KXMARMAD-26-MICH
[02:21:47] 🐋 YES $2,629.36 | KXMLBGAME-26APR042105NYMSF-NYM
[02:22:02] 🐋 NO $2,175.00 | KXNCAAMBGAME-26APR04MICHARIZ-ARIZ
[02:22:17] 🐋 YES $12,707.22 | KXNCAAMBGAME-26APR04MICHARIZ-MICH
[02:24:18] 🐋 YES $2,831.81 | KXMVECROSSCATEGORY-S20263F6660AA73F-191C46E871C
[02:24:49] 🐋 YES $5,100.00 | KXMLSGAME-26APR04LAGMIN-LAG
[02:24:49] 🐋 YES $11,826.90 | KXMLSGAME-26APR04LAGMIN-LAG
[02:25] Whales: 2281 | Vol: $10,245,990
[02:26:19] 🐋 NO $2,345.00 | KXBTCY-27JAN0100-T149999.99
[02:26:34] 🐋 YES $2,889.27 | KXNCAAMBGAME-26APR04MICHARIZ-MICH
[02:27:50] 🐋 NO $2,184.00 | KXMLBSPREAD-26APR042010PHICOL-PHI2
[02:27:50] 🐋 NO $5,200.00 | KXNCAAMBSPREAD-26APR04MICHARIZ-MICH10
[02:29:51] 🐋 NO $2,407.08 | KXNCAAMBSPREAD-26APR04MICHARIZ-MICH10
[02:29:51] 🐋 YES $2,856.32 | KXMARMAD-26-MICH
[02:29:51] 🐋 YES $2,379.52 | KXMARMAD-26-MICH
[02:30:06] 🐋 YES $3,666.18 | KXNCAAMBGAME-26APR04MICHARIZ-MICH
[02:30] Whales: 2289 | Vol: $10,269,917
[02:31:07] 🐋 YES $3,851.10 | KXMLBGAME-26APR042105NYMSF-NYM
[02:32:37] 🐋 YES $2,101.48 | KXLAYOFFSYINFO-26-494000
[02:33:08] 🐋 NO $2,888.60 | KXNCAAMBSPREAD-26APR04MICHARIZ-MICH10
[02:33:53] 🐋 YES $3,909.78 | KXNCAAMBGAME-26APR04MICHARIZ-MICH
[02:34:38] 🐋 YES $2,163.72 | KXUFCFIGHT-26APR04MOIDUN-DUN
[02:34:53] 🐋 YES $6,286.50 | KXMLBGAME-26APR042105NYMSF-NYM
[02:34:53] 🐋 YES $2,475.00 | KXMLBGAME-26APR042105NYMSF-NYM
[02:35:24] 🐋 YES $43,500.00 | KXNCAAMBGAME-26APR04MICHARIZ-MICH
[02:35] Whales: 2297 | Vol: $10,337,093
[02:35:54] 🐋 YES $2,737.02 | KXNCAAMBGAME-26APR04MICHARIZ-MICH
[02:36:09] 🐋 YES $3,017.40 | KXLAYOFFSYINFO-26-494000
[02:36:24] 🐋 NO $2,190.00 | KXMLBGAME-26APR042010PHICOL-COL
[02:36:24] 🐋 NO $2,920.00 | KXMLBGAME-26APR042010PHICOL-COL
[02:39:10] 🐋 YES $4,827.48 | KXNCAAMBSPREAD-26APR04MICHARIZ-MICH10
[02:39:25] 🐋 NO $12,967.35 | KXNCAAMBGAME-26APR04MICHARIZ-ARIZ
[02:40:26] 🐋 YES $3,494.68 | KXMLBGAME-26APR041905MIANYY-NYY
[02:40:26] 🐋 YES $4,809.36 | KXNCAAMBGAME-26APR04MICHARIZ-MICH
[02:40] Whales: 2305 | Vol: $10,374,057
[02:40:56] 🐋 YES $19,832.56 | KXNCAAMBGAME-26APR04MICHARIZ-MICH
[02:41:26] 🐋 YES $2,366.80 | KXNCAAMBTOTAL-26APR04MICHARIZ-142
[02:45] Whales: 2307 | Vol: $10,396,256
[02:45:43] 🐋 YES $4,792.32 | KXNCAAMBGAME-26APR04MICHARIZ-MICH
[02:45:43] 🐋 YES $28,099.20 | KXNCAAMBGAME-26APR04MICHARIZ-MICH
[02:45:43] 🐋 YES $7,994.88 | KXNCAAMBGAME-26APR04MICHARIZ-MICH
[02:45:43] 🐋 YES $7,748.16 | KXNCAAMBGAME-26APR04MICHARIZ-MICH
[02:45:43] 🐋 YES $7,994.88 | KXNCAAMBGAME-26APR04MICHARIZ-MICH
[02:45:43] 🐋 YES $7,994.88 | KXNCAAMBGAME-26APR04MICHARIZ-MICH
[02:45:58] 🐋 YES $2,987.60 | KXNCAAMBGAME-26APR04MICHARIZ-MICH
[02:46:14] 🐋 NO $3,367.53 | KXMARMAD-26-MICH
[02:46:14] 🐋 NO $6,818.88 | KXNCAAMBGAME-26APR04MICHARIZ-ARIZ
[02:46:59] 🐋 NO $13,872.52 | KXNCAAMBGAME-26APR04MICHARIZ-ARIZ
[02:48:45] 🐋 NO $2,100.92 | KXNCAAMBSPREAD-26APR04MICHARIZ-MICH13
[02:49:15] 🐋 YES $2,874.34 | KXNCAAMBSPREAD-26APR04MICHARIZ-MICH13
[02:49:30] 🐋 NO $48,500.00 | KXMARMAD-26-ARIZ
[02:50:00] 🐋 YES $4,895.52 | KXNCAAMBGAME-26APR04MICHARIZ-MICH
[02:50] Whales: 2321 | Vol: $10,546,298
[02:50:46] 🐋 YES $4,236.12 | KXNBAGAME-26APR05TORBOS-BOS
[02:53:02] 🐋 YES $2,205.72 | KXNCAAMBGAME-26APR04MICHARIZ-MICH
[02:53:02] 🐋 YES $4,026.33 | KXNCAAMBGAME-26APR04MICHARIZ-MICH
[02:53:17] 🐋 YES $2,480.00 | KXNCAAMBSPREAD-26APR04MICHARIZ-MICH16
[02:53:47] 🐋 YES $4,522.32 | KXNCAAMBGAME-26APR04MICHARIZ-MICH
[02:54:17] 🐋 YES $5,170.77 | KXNCAAMBGAME-26APR04MICHARIZ-MICH
[02:54:17] 🐋 YES $3,566.97 | KXNCAAMBGAME-26APR04MICHARIZ-MICH
[02:54:47] 🐋 YES $7,466.58 | KXNCAAMBGAME-26APR04MICHARIZ-MICH
[02:55:03] 🐋 NO $8,549.76 | KXMARMAD-26-CONN
[02:55] Whales: 2330 | Vol: $10,588,522
[02:56:03] 🐋 YES $3,170.93 | KXMLBGAME-26APR041905MIANYY-NYY
[02:56:03] 🐋 YES $3,619.07 | KXMLBGAME-26APR041905MIANYY-NYY
[02:56:03] 🐋 YES $2,910.00 | KXMLBGAME-26APR041905MIANYY-NYY
[02:56:33] 🐋 NO $2,033.50 | KXNCAAMBTOTAL-26APR04MICHARIZ-172
[02:56:33] 🐋 YES $3,385.80 | KXNCAAMBSPREAD-26APR04MICHARIZ-MICH7
[02:57:03] 🐋 YES $10,950.00 | KXMARMAD-26-MICH
[02:57:49] 🐋 NO $7,765.68 | KXNCAAMBTOTAL-26APR04MICHARIZ-169
[02:58:19] 🐋 YES $2,687.43 | KXNCAAMBTOTAL-26APR04MICHARIZ-157
[02:58:49] 🐋 YES $5,353.09 | KXMARMAD-26-MICH
[02:59:04] 🐋 YES $9,814.12 | KXMARMAD-26-MICH
[02:59:20] 🐋 YES $2,246.40 | KXMARMAD-26-MICH
[02:59:20] 🐋 YES $3,164.40 | KXMARMAD-26-MICH
[02:59:20] 🐋 YES $2,417.67 | KXLAYOFFSYINFO-26-494000
[02:59:50] 🐋 YES $2,456.10 | KXLAYOFFSYINFO-26-494000
[03:00:35] 🐋 YES $3,306.69 | KXLAYOFFSYINFO-26-494000
[03:00:35] 🐋 YES $2,148.66 | KXLAYOFFSYINFO-26-494000
[03:00:35] 🐋 YES $2,148.66 | KXLAYOFFSYINFO-26-494000
[03:00] Whales: 2347 | Vol: $10,658,100
[03:02:06] 🐋 YES $4,907.06 | KXMARMAD-26-MICH
[03:03:52] 🐋 YES $2,008.59 | KXMLBGAME-26APR042138SEALAA-LAA
[03:05:07] 🐋 YES $4,375.24 | KXNCAAMBTOTAL-26APR04MICHARIZ-157
[03:05] Whales: 2350 | Vol: $10,669,391
[03:06:38] 🐋 YES $2,306.51 | KXLAYOFFSYINFO-26-494000
[03:06:38] 🐋 YES $3,564.69 | KXLAYOFFSYINFO-26-494000
[03:07:53] 🐋 NO $17,954.88 | KXMARMAD-26-MICH
[03:07:53] 🐋 NO $28,000.00 | KXMARMAD-26-MICH
[03:07:53] 🐋 NO $14,500.00 | KXMARMAD-26-MICH
[03:07:53] 🐋 NO $14,500.00 | KXMARMAD-26-MICH
[03:07:53] 🐋 NO $25,532.92 | KXMARMAD-26-MICH
[03:10:25] 🐋 YES $6,770.25 | KXMLBGAME-26APR051335SDBOS-BOS
[03:10] Whales: 2358 | Vol: $10,782,521
[03:11:25] 🐋 NO $3,878.55 | KXMLBGAME-26APR042138SEALAA-SEA
[03:13:11] 🐋 YES $2,436.00 | KXMLSGAME-26APR04SJSD-SJ
[03:15] Whales: 2360 | Vol: $10,788,835
[03:16:58] 🐋 YES $2,619.90 | KXLAYOFFSYINFO-26-494000
[03:17:28] 🐋 YES $4,032.52 | KXLAYOFFSYINFO-26-494000
[03:17:28] 🐋 YES $2,597.75 | KXLAYOFFSYINFO-26-494000
[03:17:28] 🐋 YES $2,362.10 | KXNCAAMBSPREAD-26APR04MICHARIZ-MICH16
[03:17:58] 🐋 YES $3,408.00 | KXLAYOFFSYINFO-26-494000
[03:18:13] 🐋 YES $2,556.00 | KXLAYOFFSYINFO-26-494000
[03:18:28] 🐋 YES $3,408.00 | KXLAYOFFSYINFO-26-494000
[03:20] Whales: 2367 | Vol: $10,809,819
[03:21:15] 🐋 NO $2,160.00 | KXMLBGAME-26APR042138SEALAA-SEA
[03:22:15] 🐋 YES $2,311.92 | KXATPCHALLENGERMATCH-26APR04DUCPAC-PAC
[03:22:30] 🐋 YES $2,089.16 | KXATPCHALLENGERMATCH-26APR04DUCPAC-PAC
[03:23:46] 🐋 YES $2,926.07 | KXCITRINI-28JUL01
[03:24:46] 🐋 NO $4,352.68 | KXMARMAD-26-CONN
[03:25] Whales: 2372 | Vol: $10,823,659
[03:26:47] 🐋 NO $2,415.72 | KXNCAAMBTOTAL-26APR04MICHARIZ-169
[03:30] Whales: 2373 | Vol: $10,826,075
[03:32:05] 🐋 YES $2,520.00 | KXNCAAMBSPREAD-26APR04MICHARIZ-MICH16
[03:32:05] 🐋 YES $5,720.03 | KXNCAAMBSPREAD-26APR04MICHARIZ-MICH16
[03:33:05] 🐋 YES $3,060.00 | KXMLBGAME-26APR042138SEALAA-LAA
[03:35:06] 🐋 NO $5,394.48 | KXATPCHALLENGERMATCH-26APR04DUCPAC-DUC
[03:35:21] 🐋 NO $4,039.27 | KXMVECROSSCATEGORY-S2026EA67F75C712-BBED0DBCD39
[03:35] Whales: 2378 | Vol: $10,846,809
[03:40] Whales: 2378 | Vol: $10,846,809
[03:41:54] 🐋 YES $3,922.56 | KXMLBGAME-26APR042138SEALAA-LAA
[03:45:11] 🐋 NO $3,236.02 | KXMARMAD-26-CONN
[03:45] Whales: 2380 | Vol: $10,853,967
[03:46:27] 🐋 YES $2,551.35 | KXMARMAD-26-MICH
[03:47:27] 🐋 NO $2,312.50 | KXMARMAD-26-CONN
[03:49:43] 🐋 YES $6,185.74 | KXWMARMAD-26-SCAR
[03:50] Whales: 2383 | Vol: $10,865,017
[03:51:59] 🐋 YES $2,920.00 | KXMARMAD-26-MICH
[03:56] Whales: 2384 | Vol: $10,867,937
[03:56:16] 🐋 NO $5,535.94 | KXMARMAD-26-CONN
[03:57:17] 🐋 YES $2,982.18 | KXATPCHALLENGERMATCH-26APR04BROWEN-WEN
[03:57:17] 🐋 NO $2,155.77 | KXNHLTOTAL-26APR04CHISEA-4
[03:57:32] 🐋 YES $2,057.84 | KXNHLGAME-26APR04NSHSJ-SJ
[03:58:02] 🐋 YES $2,180.22 | KXMLBGAME-26APR042138SEALAA-LAA
[03:59:02] 🐋 YES $2,436.87 | KXMLBGAME-26APR042138SEALAA-LAA
[03:59:48] 🐋 YES $6,029.10 | KXMLBGAME-26APR042138SEALAA-LAA
[03:59:48] 🐋 YES $3,480.00 | KXMLBGAME-26APR042138SEALAA-LAA
[04:01] Whales: 2392 | Vol: $10,894,795
[04:01:34] 🐋 NO $2,101.00 | KXMLBGAME-26APR042138SEALAA-SEA
[04:02:34] 🐋 YES $2,879.10 | KXMLBGAME-26APR042138SEALAA-LAA
[04:03:34] 🐋 YES $4,700.00 | KXNBAGAME-26APR05CHAMIN-MIN
[04:03:34] 🐋 YES $2,111.71 | KXNBAGAME-26APR05CHAMIN-MIN
[04:04:05] 🐋 YES $2,858.44 | KXMLBGAME-26APR042138SEALAA-LAA
[04:04:05] 🐋 YES $3,720.00 | KXMLBGAME-26APR042138SEALAA-LAA
[04:05:20] 🐋 NO $3,680.00 | KXMLBGAME-26APR042138SEALAA-SEA
[04:06] Whales: 2399 | Vol: $10,916,845
[04:07:21] 🐋 YES $4,950.00 | KXMLBGAME-26APR042138SEALAA-LAA
[04:07:21] 🐋 YES $3,920.00 | KXMLBGAME-26APR042138SEALAA-LAA
[04:07:21] 🐋 YES $2,940.00 | KXMLBGAME-26APR042138SEALAA-LAA
[04:07:21] 🐋 YES $2,940.00 | KXMLBGAME-26APR042138SEALAA-LAA
[04:07:21] 🐋 YES $2,970.00 | KXMLBGAME-26APR042138SEALAA-LAA
[04:07:21] 🐋 YES $2,970.00 | KXMLBGAME-26APR042138SEALAA-LAA
[04:07:21] 🐋 YES $3,920.00 | KXMLBGAME-26APR042138SEALAA-LAA
[04:07:21] 🐋 YES $3,960.00 | KXMLBGAME-26APR042138SEALAA-LAA
[04:07:21] 🐋 YES $3,960.00 | KXMLBGAME-26APR042138SEALAA-LAA
[04:07:21] 🐋 YES $3,960.00 | KXMLBGAME-26APR042138SEALAA-LAA
[04:07:21] 🐋 YES $2,940.00 | KXMLBGAME-26APR042138SEALAA-LAA
[04:07:21] 🐋 YES $2,940.00 | KXMLBGAME-26APR042138SEALAA-LAA
[04:07:21] 🐋 YES $3,960.00 | KXMLBGAME-26APR042138SEALAA-LAA
[04:07:21] 🐋 YES $3,920.00 | KXMLBGAME-26APR042138SEALAA-LAA
[04:07:36] 🐋 YES $7,818.20 | KXWMARMAD-26-SCAR
[04:11] Whales: 2414 | Vol: $10,974,913
[04:15:55] 🐋 YES $2,725.27 | KXMVESPORTSMULTIGAMEEXTENDED-S202698B9045F72A-84B506A6DD5
[04:16:10] 🐋 YES $3,090.98 | KXMARMAD-26-MICH
[04:16] Whales: 2416 | Vol: $10,980,730
[04:18:11] 🐋 YES $2,689.20 | KXNHLGAME-26APR04CGYANA-CGY
[04:21] Whales: 2417 | Vol: $10,983,419
[04:25:45] 🐋 NO $2,320.50 | KXNHLGAME-26APR04CGYANA-ANA
[04:26] Whales: 2418 | Vol: $10,985,739
[04:29:47] 🐋 NO $2,580.50 | KXNHLTOTAL-26APR04CGYANA-8
[04:30:02] 🐋 NO $2,084.15 | KXNHLTOTAL-26APR04CGYANA-8
[04:31] Whales: 2420 | Vol: $10,990,404
[04:32:03] 🐋 YES $4,250.28 | KXMVECROSSCATEGORY-S2026A8813E1DF42-D35A85424D6
[04:36] Whales: 2421 | Vol: $10,994,654
[04:38:06] 🐋 YES $3,469.22 | KXJLEAGUEGAME-26APR05VVNSHI-SHI
[04:39:36] 🐋 NO $2,243.67 | KXNHLTOTAL-26APR04CHISEA-5
[04:41:07] 🐋 NO $3,967.44 | KXWMARMAD-26-UCLA
[04:41] Whales: 2424 | Vol: $11,004,335
[04:42:07] 🐋 NO $10,999.89 | KXNHLGAME-26APR04CHISEA-SEA
[04:42:53] 🐋 YES $3,799.25 | KXMVECROSSCATEGORY-S20263D74CC65CB8-73DC928A30A
[04:43:38] 🐋 YES $6,576.96 | KXWMARMAD-26-SCAR
[04:46] Whales: 2427 | Vol: $11,025,711
[04:48:10] 🐋 NO $40,910.76 | KXNHLGAME-26APR04NSHSJ-SJ
[04:48:10] 🐋 NO $6,260.76 | KXNHLGAME-26APR04NSHSJ-SJ
[04:48:10] 🐋 NO $8,589.24 | KXNHLGAME-26APR04NSHSJ-SJ
[04:49:26] 🐋 YES $4,867.72 | KXMARMAD-26-MICH
[04:50:56] 🐋 NO $2,857.14 | KXMARMAD-26-MICH
[04:51] Whales: 2432 | Vol: $11,089,196
[04:51:42] 🐋 YES $2,742.56 | KXIPLGAME-26APR05LSGSRH-SRH
[04:52:27] 🐋 YES $3,465.00 | KXJLEAGUEGAME-26APR05VVNSHI-SHI
[04:52:57] 🐋 YES $5,443.02 | KXJLEAGUEGAME-26APR05VVNSHI-SHI
[04:56:14] 🐋 YES $3,044.36 | KXMARMAD-26-MICH
[04:56] Whales: 2436 | Vol: $11,103,891
[04:57:29] 🐋 YES $3,774.39 | KXMVESPORTSMULTIGAMEEXTENDED-S202611916184939-3AE1B72C351
[04:57:44] 🐋 YES $7,820.55 | KXMARMAD-26-CONN
[05:01] Whales: 2438 | Vol: $11,115,486
[05:06] Whales: 2438 | Vol: $11,115,486
[05:10:50] 🐋 YES $4,436.32 | KXPGATOUR-VATO26-LABE
[05:11] Whales: 2439 | Vol: $11,119,922
[05:13:22] 🐋 YES $2,780.80 | KXNHLGAME-26APR05BOSPHI-BOS
[05:13:22] 🐋 NO $4,900.00 | KXATPCHALLENGERMATCH-26APR05CHELEO-CHE
[05:14:22] 🐋 NO $2,504.70 | KXATPCHALLENGERMATCH-26APR04BROWEN-WEN
[05:14:52] 🐋 YES $3,809.20 | KXWMARMAD-26-UCLA
[05:16] Whales: 2443 | Vol: $11,133,917
[05:17:23] 🐋 YES $4,950.00 | KXATPCHALLENGERMATCH-26APR04BROWEN-BRO
[05:19:09] 🐋 YES $2,034.18 | KXMLBGAME-26APR051605HOUATH-HOU
[05:21] Whales: 2445 | Vol: $11,140,901
[05:23:11] 🐋 YES $2,520.00 | KXATPCHALLENGERMATCH-26APR05OVECHA-OVE
[05:26:12] 🐋 YES $2,675.40 | KXATPCHALLENGERMATCH-26APR05PEABOB-PEA
[05:26] Whales: 2447 | Vol: $11,146,097
[05:31] Whales: 2447 | Vol: $11,146,097
[05:33:15] 🐋 NO $3,722.40 | KXMVECROSSCATEGORY-S202695268D2E3ED-3A4CE343744
[05:36:17] 🐋 YES $2,500.00 | KXUCLGAME-26APR07RMABMU-TIE
[05:36] Whales: 2449 | Vol: $11,152,319
[05:40:19] 🐋 YES $3,387.69 | KXMARMAD-26-CONN
[05:41] Whales: 2450 | Vol: $11,155,707
[05:42:04] 🐋 YES $30,161.52 | KXMLBGAME-26APR051335MIANYY-NYY
[05:44:05] 🐋 YES $41,000.00 | KXNBAGAME-26APR05TORBOS-BOS
[05:44:35] 🐋 YES $4,682.02 | KXMVECROSSCATEGORY-S20268DB29A8715B-01A46267C6B
[05:46] Whales: 2453 | Vol: $11,231,550
[05:51:39] 🐋 YES $2,743.50 | KXMLBTOTAL-26APR051340CHCCLE-7
[05:51] Whales: 2454 | Vol: $11,234,294
[05:53:24] 🐋 YES $2,484.72 | KXPGATOUR-VATO26-LABE
[05:56] Whales: 2455 | Vol: $11,236,779
[05:57:26] 🐋 YES $2,569.49 | KXCS2GAME-26APR050300NRGFUT-FUT
[05:57:41] 🐋 YES $2,200.00 | KXNBAGAME-26APR05LALDAL-LAL
[06:00:58] 🐋 YES $38,800.00 | KXNBAGAME-26APR05UTAOKC-OKC
[06:01] Whales: 2458 | Vol: $11,280,348
[06:07] Whales: 2458 | Vol: $11,280,348
[06:07:46] 🐋 NO $4,869.62 | KXATPCHALLENGERMATCH-26APR05OVECHA-OVE
[06:08:01] 🐋 YES $4,823.28 | KXATPCHALLENGERMATCH-26APR05OVECHA-CHA
[06:09:16] 🐋 NO $3,700.00 | KXMARMAD-26-CONN
[06:09:32] 🐋 NO $2,509.65 | KXJLEAGUEGAME-26APR05REYMAR-MAR
[06:09:32] 🐋 NO $2,739.33 | KXJLEAGUEGAME-26APR05REYMAR-MAR
[06:10:32] 🐋 NO $2,360.00 | KXALEAGUEGAME-26APR05VICWPH-VIC
[06:11:02] 🐋 YES $2,311.46 | KXJLEAGUEGAME-26APR05FAGVIK-VIK
[06:11:02] 🐋 NO $2,673.00 | KXAAAGASW-26APR06-4.140
[06:12] Whales: 2466 | Vol: $11,306,334
[06:12:48] 🐋 YES $2,350.38 | KXNBLGAME-26APR050030A36SYD-A36
[06:17] Whales: 2467 | Vol: $11,308,685
[06:19:51] 🐋 YES $2,250.00 | KXNBLGAME-26APR050030A36SYD-A36
[06:19:51] 🐋 YES $3,750.00 | KXNBLGAME-26APR050030A36SYD-A36
[06:22] Whales: 2469 | Vol: $11,314,685
[06:23:08] 🐋 YES $3,206.70 | KXNBLGAME-26APR050030A36SYD-A36
[06:24:53] 🐋 YES $3,845.56 | KXMVESPORTSMULTIGAMEEXTENDED-S2026CD270E4AF71-16079F9E575
[06:26:24] 🐋 YES $2,815.15 | KXATPCHALLENGERMATCH-26APR05JONMOC-JON
[06:27] Whales: 2472 | Vol: $11,324,552
[06:29:10] 🐋 YES $3,268.80 | KXJLEAGUEGAME-26APR05FAGVIK-VIK
[06:32] Whales: 2473 | Vol: $11,327,821
[06:32:27] 🐋 YES $2,420.48 | KXNBAGAME-26APR05HOUGSW-HOU
[06:36:44] 🐋 YES $2,829.54 | KXPGATOUR-MAST26-SSCH
[06:36:59] 🐋 YES $3,958.22 | KXJLEAGUEGAME-26APR05FAGVIK-VIK
[06:36:59] 🐋 YES $2,959.60 | KXJLEAGUEGAME-26APR05FAGVIK-VIK
[06:37] Whales: 2477 | Vol: $11,339,989
[06:37:29] 🎯 YES $3,093.74 | KXBTC15M-26APR050245-45
[06:42:16] 🐋 YES $2,080.69 | KXCS2GAME-26APR050600MIBRBCG-BCG
[06:42] Whales: 2479 | Vol: $11,345,163
[06:42:31] 🐋 YES $8,250.00 | KXMLBGAME-26APR051335BALPIT-PIT
[06:45:33] 🐋 YES $2,014.28 | KXALEAGUEGAME-26APR05VICWPH-TIE
[06:47] Whales: 2481 | Vol: $11,355,428
[06:52] Whales: 2481 | Vol: $11,355,428
[06:55:37] 🐋 NO $2,475.00 | KXALEAGUEGAME-26APR05VICWPH-TIE
[06:57:08] 🐋 YES $2,007.44 | KXBTCD-26APR0503-T66799.99
[06:57] Whales: 2483 | Vol: $11,359,910
[06:58:23] 🐋 YES $2,537.37 | KXJLEAGUEGAME-26APR05SANAVI-AVI
[06:58:23] 🐋 YES $2,412.63 | KXJLEAGUEGAME-26APR05SANAVI-AVI
[06:59:09] 🐋 NO $2,538.80 | KXWMARMAD-26-SCAR
[07:01:10] 🐋 YES $3,868.63 | KXMLBGAME-26APR051335SDBOS-BOS
[07:02] Whales: 2487 | Vol: $11,371,267
[07:04:26] 🐋 NO $5,195.82 | KXRT-DRA-77
[07:04:26] 🐋 YES $2,413.60 | KXMLBGAME-26APR051340CHCCLE-CHC
[07:07] Whales: 2489 | Vol: $11,378,877
[07:09:28] 🐋 NO $5,434.00 | KXNBAMVP-26-VWEM
[07:09:28] 🐋 NO $3,647.05 | KXNBAMVP-26-VWEM
[07:11:44] 🐋 YES $2,088.00 | KXMLBGAME-26APR051335MIANYY-NYY
[07:12] Whales: 2492 | Vol: $11,390,046
[07:17] Whales: 2492 | Vol: $11,390,046
[07:22:20] 🐋 NO $2,637.36 | KXJBLEAGUEGAME-26APR050105JETDRA-DRA
[07:22] Whales: 2493 | Vol: $11,392,683
[07:26:21] 🐋 YES $4,386.00 | KXLOLGAME-26APR050600FOXGEN-GEN
[07:27] Whales: 2494 | Vol: $11,397,069
[07:32] Whales: 2494 | Vol: $11,397,069
[07:33:55] 🐋 YES $3,192.00 | KXLOLGAME-26APR050400DNFNS-NS
[07:37] Whales: 2495 | Vol: $11,400,261
[07:41:43] 🐋 NO $2,447.06 | KXAFLGAME-26APR050115GCSMEL-GCS
[07:42] Whales: 2496 | Vol: $11,402,708
[07:46:00] 🐋 YES $2,935.30 | KXMVECROSSCATEGORY-S2026439C79269ED-C62C003BF3E
[07:47] Whales: 2497 | Vol: $11,405,644
[07:50:17] 🐋 YES $2,631.30 | KXMVECROSSCATEGORY-S20260978FA63EDD-2AA2A72BA6D
[07:52] Whales: 2498 | Vol: $11,408,275
[07:57] Whales: 2498 | Vol: $11,408,275
[07:59:37] 🐋 YES $4,476.31 | KXNCAAMB2ML-26APR03ILLCONNMICHARIZSCARCONNTEXUCLA-MICHSCAR
[08:02] Whales: 2499 | Vol: $11,412,751
[08:03:24] 🐋 YES $2,233.92 | KXNBATOTAL-26APR05WASBKN-230
[08:03:54] 🐋 YES $2,002.80 | KXMLBGAME-26APR051410TORCWS-TOR
[08:07] Whales: 2501 | Vol: $11,416,988
[08:08:41] 🐋 NO $2,145.44 | KXPGATOUR-VATO26-RMAC
[08:08:41] 🐋 NO $2,500.00 | KXPGATOUR-VATO26-RMAC
[08:09:57] 🐋 YES $8,718.44 | KXWMARMAD-26-SCAR
[08:10:57] 🐋 YES $21,775.02 | KXWMARMAD-26-SCAR
[08:10:57] 🐋 YES $7,984.98 | KXWMARMAD-26-SCAR
[08:12] Whales: 2506 | Vol: $11,460,112
[08:18] Whales: 2506 | Vol: $11,460,112
[08:19:01] 🐋 YES $2,960.55 | KXNBAGAME-26APR05TORBOS-BOS
[08:23:02] 🐋 YES $2,921.60 | KXATPCHALLENGERMATCH-26APR05GOMVAS-GOM
[08:23] Whales: 2508 | Vol: $11,465,994
[08:28] Whales: 2508 | Vol: $11,465,994
[08:31:36] 🐋 YES $4,130.49 | KXMVESPORTSMULTIGAMEEXTENDED-S2026037697393C7-7D9103CC349
[08:32:37] 🐋 YES $2,024.70 | KXBONDIOUT-APR09
[08:32:37] 🐋 YES $3,440.00 | KXBONDIOUT-APR09
[08:33] Whales: 2511 | Vol: $11,475,589
[08:36:08] 🐋 YES $3,561.60 | KXATPCHALLENGERMATCH-26APR05MOLCAN-CAN
[08:36:08] 🐋 YES $5,687.99 | KXATPCHALLENGERMATCH-26APR05MOLCAN-CAN
[08:36:23] 🐋 YES $2,184.84 | KXATPCHALLENGERMATCH-26APR05BONYEV-BON
[08:38] Whales: 2514 | Vol: $11,487,024
[08:40:40] 🐋 YES $2,011.80 | KXATPCHALLENGERMATCH-26APR05MOLCAN-CAN
[08:43] Whales: 2515 | Vol: $11,489,035
[08:43:27] 🎯 NO $4,350.78 | KXBTC15M-26APR050445-45
[08:48] Whales: 2516 | Vol: $11,493,386
[08:53] Whales: 2516 | Vol: $11,493,386
[08:58:03] 🐋 YES $17,919.30 | KXCS2GAME-26APR050600B8AST-AST
[08:58] Whales: 2517 | Vol: $11,511,305
[08:59:34] 🐋 YES $2,842.98 | KXIPLGAME-26APR05LSGSRH-LSG
[09:03] Whales: 2518 | Vol: $11,514,148
[09:05:52] 🐋 YES $3,000.00 | KXATPCHALLENGERMATCH-26APR05MOLCAN-MOL
[09:06:37] 🐋 YES $3,450.00 | KXMLBGAME-26APR051340CHCCLE-CLE
[09:06:37] 🐋 YES $8,905.14 | KXMLBGAME-26APR051340CHCCLE-CLE
[09:07:07] 🐋 YES $3,054.50 | KXATPCHALLENGERMATCH-26APR05MOLCAN-MOL
[09:07:53] 🐋 YES $3,340.68 | KXIPLGAME-26APR05LSGSRH-LSG
[09:07:53] 🐋 YES $2,305.16 | KXATPCHALLENGERMATCH-26APR05MOLCAN-MOL
[09:08] Whales: 2524 | Vol: $11,538,204
[09:11:24] 🐋 YES $2,970.00 | KXATPCHALLENGERMATCH-26APR05DEDMEN-DED
[09:13] Whales: 2525 | Vol: $11,541,174
[09:18] Whales: 2525 | Vol: $11,541,174
[09:18:58] 🐋 NO $2,185.23 | KXATPCHALLENGERMATCH-26APR05GOMVAS-GOM
[09:22:29] 🐋 YES $4,361.28 | KXATPCHALLENGERMATCH-26APR05BONYEV-YEV
[09:22:29] 🐋 YES $2,238.72 | KXATPCHALLENGERMATCH-26APR05BONYEV-YEV
[09:23] Whales: 2528 | Vol: $11,549,959
[09:28] Whales: 2528 | Vol: $11,549,959
[09:29:02] 🐋 YES $2,293.20 | KXWTAMATCH-26APR05TIMCHA-CHA
[09:30:18] 🐋 NO $2,677.08 | KXATPCHALLENGERMATCH-26APR05GOMVAS-GOM
[09:31:33] 🐋 NO $4,343.20 | KXATPCHALLENGERMATCH-26APR05GOMVAS-GOM
[09:32:19] 🐋 NO $3,343.96 | KXATPCHALLENGERMATCH-26APR05GOMVAS-GOM
[09:33:34] 🐋 YES $3,280.00 | KXWTAMATCH-26APR05TIMCHA-CHA
[09:33] Whales: 2533 | Vol: $11,565,897
[09:37:51] 🐋 YES $3,335.15 | KXWTAMATCH-26APR05VOLDOD-VOL
[09:38:36] 🐋 YES $2,892.96 | KXMLBSPREAD-26APR051335LADWSH-LAD2
[09:38] Whales: 2535 | Vol: $11,572,125
[09:41:38] 🐋 YES $2,100.00 | KXLIGUE1GAME-26APR05ANGOL-OL
[09:42:23] 🐋 YES $2,466.45 | KXNBAGAME-26APR05TORBOS-BOS
[09:43] Whales: 2537 | Vol: $11,576,691
[09:45:55] 🐋 NO $2,200.00 | KXMLBGAME-26APR051340CHCCLE-CLE
[09:48:11] 🐋 YES $2,433.86 | KXMARMAD-26-MICH
[09:48] Whales: 2539 | Vol: $11,581,325
[09:50:12] 🐋 YES $2,250.00 | KXMLBSPREAD-26APR051335LADWSH-LAD3
[09:52:12] 🐋 YES $3,480.00 | KXLOLGAME-26APR050600FOXGEN-GEN
[09:53] Whales: 2541 | Vol: $11,587,055
[09:54:44] 🐋 YES $2,077.62 | KXIPLGAME-26APR05LSGSRH-SRH
[09:56:14] 🐋 YES $2,182.40 | KXATPMATCH-26APR05ARNMUL-MUL
[09:56:14] 🐋 YES $10,623.88 | KXBUNDESLIGAGAME-26APR05UNISTP-UNI
[09:56:14] 🐋 YES $2,400.00 | KXBUNDESLIGAGAME-26APR05UNISTP-UNI
[09:56:14] 🐋 YES $2,350.00 | KXBUNDESLIGAGAME-26APR05UNISTP-UNI
[09:56:29] 🐋 NO $2,397.78 | KXWTACHALLENGERMATCH-26APR05CORTON-COR
[09:57:15] 🐋 YES $3,758.30 | KXWTAMATCH-26APR05VOLDOD-VOL
[09:57:30] 🐋 YES $4,225.92 | KXBTCD-26APR0506-T66999.99
[09:57:45] 🐋 YES $2,707.20 | KXBTCD-26APR0506-T66999.99
[09:58:45] 🐋 YES $3,050.00 | KXIPLGAME-26APR05LSGSRH-SRH
[09:58] Whales: 2551 | Vol: $11,622,828
[10:03] Whales: 2551 | Vol: $11,622,828
[10:04:33] 🐋 YES $2,937.55 | KXIPLGAME-26APR05LSGSRH-SRH
[10:06:49] 🐋 YES $3,086.10 | KXBTCD-26APR0517-T66249.99
[10:06:49] 🐋 YES $2,467.50 | KXIPLGAME-26APR05LSGSRH-SRH
[10:08:20] 🐋 YES $2,134.31 | KXIPLGAME-26APR05LSGSRH-LSG
[10:08:35] 🐋 YES $2,285.13 | KXMLBKS-26APR051410MILKC-MILKHARRISON52-5
[10:08] Whales: 2556 | Vol: $11,635,739
[10:10:05] 🐋 YES $7,589.09 | KXIPLGAME-26APR05LSGSRH-SRH
[10:12:21] 🐋 YES $2,396.88 | KXIPLGAME-26APR05LSGSRH-SRH
[10:12:51] 🐋 YES $2,878.85 | KXIPLGAME-26APR05LSGSRH-LSG
[10:13:22] 🐋 NO $3,300.00 | KXIPLGAME-26APR05LSGSRH-SRH
[10:13:37] 🐋 YES $4,857.48 | KXIPLGAME-26APR05LSGSRH-SRH
[10:13] Whales: 2561 | Vol: $11,656,761
[10:16:38] 🐋 YES $18,054.40 | KXIPLGAME-26APR05CSKRCB-RCB
[10:16:38] 🐋 YES $8,485.94 | KXIPLGAME-26APR05CSKRCB-RCB
[10:18:54] 🐋 YES $2,382.60 | KXATPMATCH-26APR05CERMAR-MAR
[10:18:54] 🐋 YES $2,157.45 | KXATPMATCH-26APR05CERMAR-MAR
[10:18] Whales: 2565 | Vol: $11,687,841
[10:19:24] 🐋 YES $3,120.00 | KXIPLGAME-26APR05LSGSRH-LSG
[10:19:24] 🐋 YES $4,419.28 | KXMARMAD-26-MICH
[10:20:10] 🐋 YES $2,488.64 | KXIPLGAME-26APR05LSGSRH-LSG
[10:20:10] 🐋 YES $2,039.52 | KXIPLGAME-26APR05LSGSRH-SRH
[10:20:40] 🐋 NO $5,055.21 | KXIPLGAME-26APR05LSGSRH-SRH
[10:20:55] 🐋 YES $2,668.45 | KXCS2GAME-26APR050900FOKPRV-PRV
[10:21:55] 🐋 YES $2,026.44 | KXIPLGAME-26APR05LSGSRH-LSG
[10:23:11] 🐋 YES $3,543.20 | KXIPLGAME-26APR05LSGSRH-LSG
[10:23] Whales: 2573 | Vol: $11,713,202
[10:24:42] 🐋 YES $3,775.40 | KXATPMATCH-26APR05GOFNAV-NAV
[10:24:42] 🐋 YES $5,135.70 | KXATPMATCH-26APR05GOFNAV-NAV
[10:24:42] 🐋 YES $12,669.08 | KXWMARMAD-26-SCAR
[10:28] Whales: 2576 | Vol: $11,734,782
[10:30:14] 🐋 YES $8,718.44 | KXWMARMAD-26-SCAR
[10:31:29] 🐋 YES $2,017.00 | KXATPMATCH-26APR05CERMAR-CER
[10:32:45] 🐋 YES $2,464.80 | KXIPLGAME-26APR05LSGSRH-LSG
[10:33:00] 🐋 YES $2,249.36 | KXLAYOFFSYINFO-26-494000
[10:34] Whales: 2580 | Vol: $11,750,232
[10:35:31] 🐋 YES $2,634.66 | KXATPMATCH-26APR05CERMAR-MAR
[10:36:01] 🎯 YES $2,224.88 | KXBTC15M-26APR050645-45
[10:36:01] 🎯 YES $4,176.89 | KXBTC15M-26APR050645-45
[10:36:47] 🐋 YES $3,446.50 | KXATPMATCH-26APR05CERMAR-CER
[10:36:47] 🐋 NO $2,424.24 | KXATPCHALLENGERMATCH-26APR05GOMVAS-VAS
[10:37:47] 🐋 NO $4,750.00 | KXAAAGASW-26APR06-4.140
[10:38:02] 🐋 YES $4,496.80 | KXIPLGAME-26APR05LSGSRH-LSG
[10:38:17] 🐋 YES $2,245.47 | KXIPLGAME-26APR05LSGSRH-LSG
[10:39] Whales: 2588 | Vol: $11,776,631
[10:40:18] 🐋 NO $4,361.00 | KXIPLGAME-26APR05LSGSRH-SRH
[10:40:18] 🐋 NO $11,649.21 | KXIPLGAME-26APR05LSGSRH-SRH
[10:40:33] 🐋 YES $2,225.00 | KXIPLGAME-26APR05LSGSRH-LSG
[10:40:33] 🐋 YES $9,949.50 | KXWTACHALLENGERMATCH-26APR05SAILOP-SAI
[10:41:49] 🐋 NO $3,217.35 | KXIPLGAME-26APR05LSGSRH-SRH
[10:42:19] 🐋 YES $2,513.16 | KXATPMATCH-26APR05CERMAR-MAR
[10:44] Whales: 2594 | Vol: $11,810,547
[10:44:35] 🐋 YES $3,447.82 | KXWMARMAD-26-SCAR
[10:47:06] 🐋 YES $5,707.26 | KXIPLGAME-26APR05CSKRCB-CSK
[10:49] Whales: 2596 | Vol: $11,819,702
[10:50:53] 🐋 NO $3,053.96 | KXIPLGAME-26APR05LSGSRH-SRH
[10:53:24] 🐋 NO $2,880.36 | KXWTAMATCH-26APR05TIMCHA-CHA
[10:53:24] 🐋 NO $2,946.10 | KXWTAMATCH-26APR05TIMCHA-CHA
[10:54] Whales: 2599 | Vol: $11,828,582
[10:55:40] 🐋 YES $4,975.50 | KXWTAMATCH-26APR05TIMCHA-TIM
[10:56:10] 🐋 YES $2,394.93 | KXWTAMATCH-26APR05TIMCHA-TIM
[10:57:11] 🐋 YES $2,362.75 | KXMVESPORTSMULTIGAMEEXTENDED-S20269B824A0A103-C607E13A724
[10:59] Whales: 2602 | Vol: $11,838,315
[11:00:42] 🐋 NO $2,456.02 | KXATPMATCH-26APR05GOFNAV-GOF
[11:02:28] 🐋 NO $8,131.20 | KXIPLGAME-26APR05LSGSRH-SRH
[11:04:14] 🐋 YES $5,039.76 | KXATPMATCH-26APR05CERMAR-CER
[11:04] Whales: 2605 | Vol: $11,853,942
[11:06:00] 🐋 YES $3,181.68 | KXMLBGAME-26APR051410MILKC-KC
[11:06:30] 🐋 YES $3,963.72 | KXATPMATCH-26APR05CERMAR-CER
[11:07:00] 🐋 NO $2,092.50 | KXWTACHALLENGERMATCH-26APR05HERCAV-CAV
[11:09] Whales: 2608 | Vol: $11,863,180
[11:09:31] 🐋 YES $2,307.60 | KXIPLGAME-26APR05LSGSRH-SRH
[11:09:31] 🐋 NO $2,068.00 | KXATPMATCH-26APR05CERMAR-MAR
[11:09:46] 🐋 YES $2,860.87 | KXATPMATCH-26APR05NAVMER-NAV
[11:10:47] 🐋 YES $9,855.00 | KXATPMATCH-26APR05NAVMER-NAV
[11:14:19] 🐋 YES $4,360.11 | KXIPLGAME-26APR05LSGSRH-LSG
[11:14] Whales: 2613 | Vol: $11,884,632
[11:14:49] 🐋 YES $2,528.60 | KXATPMATCH-26APR05CERMAR-CER
[11:15:04] 🐋 NO $3,838.47 | KXIPLGAME-26APR05LSGSRH-SRH
[11:16:20] 🐋 YES $2,901.12 | KXIPLGAME-26APR05LSGSRH-SRH
[11:16:35] 🐋 YES $4,705.36 | KXATPMATCH-26APR05NAVMER-NAV
[11:16:50] 🐋 NO $3,182.00 | KXMARMAD-26-CONN
[11:17:35] 🐋 YES $2,855.20 | KXNBAGAME-26APR05TORBOS-BOS
[11:19] Whales: 2619 | Vol: $11,904,642
[11:22:53] 🐋 NO $2,336.60 | KXIPLGAME-26APR05LSGSRH-SRH
[11:22:53] 🐋 NO $2,798.60 | KXIPLGAME-26APR05LSGSRH-SRH
[11:23:23] 🐋 NO $2,790.15 | KXATPMATCH-26APR05GOFNAV-GOF
[11:24] Whales: 2622 | Vol: $11,912,568
[11:27:10] 🐋 YES $2,960.00 | KXWTAMATCH-26APR05BOUUDV-BOU
[11:28:25] 🐋 YES $2,334.36 | KXATPCHALLENGERMATCH-26APR05BRUARN-ARN
[11:29] Whales: 2624 | Vol: $11,917,862
[11:30:26] 🐋 YES $3,002.18 | KXWTAMATCH-26APR05BOUUDV-BOU
[11:30:41] 🐋 YES $2,434.60 | KXWTAMATCH-26APR05BOUUDV-BOU
[11:31:41] 🐋 YES $2,111.96 | KXIPLGAME-26APR05LSGSRH-LSG
[11:31:41] 🐋 YES $12,437.18 | KXIPLGAME-26APR05LSGSRH-LSG
[11:34:13] 🐋 YES $4,831.44 | KXIPLGAME-26APR05LSGSRH-LSG
[11:34] Whales: 2629 | Vol: $11,942,680
[11:36:29] 🐋 YES $9,895.70 | KXIPLGAME-26APR05LSGSRH-LSG
[11:39] Whales: 2630 | Vol: $11,952,575
[11:41:46] 🐋 NO $3,511.20 | KXIPLGAME-26APR05LSGSRH-SRH
[11:42:01] 🐋 NO $3,558.95 | KXIPLGAME-26APR05LSGSRH-LSG
[11:42:01] 🐋 NO $5,292.00 | KXATPMATCH-26APR05GOFNAV-GOF
[11:42:31] 🐋 NO $4,200.00 | KXIPLGAME-26APR05LSGSRH-SRH
[11:44] Whales: 2634 | Vol: $11,969,137
[11:46:03] 🐋 YES $6,538.56 | KXIPLGAME-26APR05LSGSRH-LSG
[11:47:34] 🐋 NO $3,079.44 | KXIPLGAME-26APR05LSGSRH-SRH
[11:48:19] 🐋 NO $5,250.30 | KXATPMATCH-26APR05GOFNAV-GOF
[11:48:49] 🐋 YES $3,586.00 | KXSERIEAGAME-26APR05CREBFC-BFC
[11:49:20] 🐋 YES $5,257.70 | KXMARMAD-26-MICH
[11:49:20] 🐋 NO $3,325.44 | KXATPMATCH-26APR05GOFNAV-GOF
[11:49] Whales: 2640 | Vol: $11,996,175
[11:51:20] 🐋 YES $3,993.50 | KXATPMATCH-26APR05GOFNAV-NAV
[11:52:06] 🐋 YES $3,100.00 | KXIPLGAME-26APR05CSKRCB-RCB
[11:54] Whales: 2642 | Vol: $12,003,268
[11:56:23] 🐋 YES $6,168.28 | KXWTAMATCH-26APR05BRESAL-SAL
[11:56:53] 🐋 NO $2,424.96 | KXATPMATCH-26APR05NORKEC-KEC
[11:57:08] 🐋 NO $3,718.50 | KXMARMAD-26-CONN
[11:59] Whales: 2645 | Vol: $12,015,580
[12:00:25] 🐋 YES $4,203.54 | KXATPMATCH-26APR05NAVMER-NAV
[12:00:25] 🐋 YES $2,250.00 | KXSERIEAGAME-26APR05CREBFC-BFC
[12:00:55] 🐋 YES $4,519.45 | KXATPMATCH-26APR05NAVMER-NAV
[12:01:25] 🐋 YES $8,652.15 | KXIPLGAME-26APR05LSGSRH-LSG
[12:04:11] 🐋 YES $4,915.35 | KXWTAMATCH-26APR05BRESAL-SAL
[12:04] Whales: 2650 | Vol: $12,040,121
[12:05:42] 🐋 NO $2,500.56 | KXATPMATCH-26APR05NAVMER-MER
[12:05:57] 🐋 NO $14,800.00 | KXMARMAD-26-CONN
[12:06:12] 🐋 NO $5,067.12 | KXIPLGAME-26APR05LSGSRH-SRH
[12:07:12] 🐋 YES $4,124.56 | KXIPLGAME-26APR05LSGSRH-LSG
[12:07:28] 🐋 YES $4,888.40 | KXIPLGAME-26APR05LSGSRH-LSG
[12:07:43] 🐋 YES $2,980.80 | KXATPMATCH-26APR05NAVMER-NAV
[12:07:58] 🐋 NO $2,070.00 | KXATPMATCH-26APR05QUICOM-QUI
[12:07:58] 🐋 NO $3,715.88 | KXATPMATCH-26APR05QUICOM-QUI
[12:08:13] 🐋 NO $2,499.64 | KXATPMATCH-26APR05QUICOM-QUI
[12:08:13] 🐋 NO $2,139.00 | KXATPMATCH-26APR05QUICOM-QUI
[12:09:13] 🐋 NO $2,027.13 | KXNBASPREAD-26APR05CHAMIN-CHA1
[12:09] Whales: 2661 | Vol: $12,086,934
[12:09:59] 🐋 YES $9,772.18 | KXNBAGAME-26APR05LACSAC-LAC
[12:09:59] 🎯 NO $4,830.00 | KXBTC15M-26APR050815-15
[12:09:59] 🐋 YES $5,591.04 | KXIPLGAME-26APR05LSGSRH-LSG
[12:10:14] 🐋 YES $9,682.53 | KXNBAGAME-26APR05HOUGSW-HOU
[12:10:14] 🐋 NO $7,198.20 | KXIPLGAME-26APR05LSGSRH-SRH
[12:10:14] 🐋 NO $2,499.30 | KXIPLGAME-26APR05LSGSRH-SRH
[12:12:15] 🐋 NO $2,212.21 | KXBUNDESLIGA2GAME-26APR05EBSFCN-TIE
[12:12:15] 🐋 YES $8,409.31 | KXIPLGAME-26APR05LSGSRH-LSG
[12:12:45] 🐋 YES $5,274.36 | KXPGATOP20-VATO26-LABE
[12:13:15] 🐋 NO $4,253.82 | KXIPLGAME-26APR05LSGSRH-SRH
[12:13:46] 🐋 YES $2,998.32 | KXIPLGAME-26APR05LSGSRH-LSG
[12:13:46] 🐋 YES $7,656.69 | KXIPLGAME-26APR05LSGSRH-LSG
[12:13:46] 🐋 NO $9,789.18 | KXIPLGAME-26APR05LSGSRH-SRH
[12:14] Whales: 2674 | Vol: $12,167,101
[12:15:01] 🐋 NO $4,650.00 | KXIPLGAME-26APR05LSGSRH-SRH
[12:15:16] 🐋 NO $2,127.84 | KXIPLGAME-26APR05LSGSRH-SRH
[12:16:02] 🐋 YES $2,509.14 | KXIPLGAME-26APR05LSGSRH-LSG
[12:18:33] 🐋 YES $3,612.06 | KXLALIGAGAME-26APR05GETATH-GET
[12:18:33] 🐋 YES $3,676.86 | KXLALIGAGAME-26APR05GETATH-GET
[12:19] Whales: 2679 | Vol: $12,183,677
[12:21:34] 🐋 NO $2,153.06 | KXATPCHALLENGERMATCH-26APR05MANNEG-MAN
[12:21:49] 🐋 NO $10,556.16 | KXATPMATCH-26APR05QUICOM-QUI
[12:21:49] 🐋 NO $2,163.84 | KXATPMATCH-26APR05QUICOM-QUI
[12:21:49] 🐋 YES $2,366.65 | KXLALIGAGAME-26APR05GETATH-GET
[12:21:49] 🐋 NO $19,692.48 | KXATPMATCH-26APR05QUICOM-QUI
[12:22:20] 🐋 YES $4,964.40 | KXIPLGAME-26APR05LSGSRH-LSG
[12:23:35] 🐋 YES $11,540.70 | KXIPLGAME-26APR05LSGSRH-LSG
[12:24:36] 🐋 YES $4,683.84 | KXATPMATCH-26APR05NAVMER-NAV
[12:24:36] 🐋 YES $3,818.33 | KXATPMATCH-26APR05NAVMER-NAV
[12:24:51] 🐋 NO $4,935.00 | KXPRESPERSON-28-JPRI
[12:24] Whales: 2689 | Vol: $12,250,551
[12:25:06] 🐋 YES $2,594.40 | KXATPCHALLENGERMATCH-26APR05SHEDON-SHE
[12:26:06] 🐋 YES $3,609.33 | KXIPLGAME-26APR05LSGSRH-LSG
[12:26:21] 🐋 YES $2,934.20 | KXATPMATCH-26APR05NAVMER-NAV
[12:26:51] 🐋 YES $6,934.04 | KXIPLGAME-26APR05LSGSRH-LSG
[12:26:51] 🐋 YES $9,200.00 | KXIPLGAME-26APR05LSGSRH-LSG
[12:27:37] 🐋 NO $3,484.00 | KXATPMATCH-26APR05SHEBAU-BAU
[12:27:37] 🐋 YES $2,484.00 | KXIPLGAME-26APR05LSGSRH-LSG
[12:27:52] 🐋 YES $12,346.68 | KXIPLGAME-26APR05LSGSRH-LSG
[12:29:38] 🐋 YES $2,969.28 | KXATPCHALLENGERMATCH-26APR05SHEDON-SHE
[12:29] Whales: 2698 | Vol: $12,297,107
[12:31:54] 🐋 YES $4,147.74 | KXMLBGAME-26APR051605HOUATH-HOU
[12:32:24] 🐋 YES $31,000.00 | KXWMARMAD-26-SCAR
[12:34:10] 🐋 YES $4,207.50 | KXATPMATCH-26APR05NAVMER-NAV
[12:34:10] 🐋 NO $5,028.66 | KXATPMATCH-26APR05DZUBLO-DZU
[12:34:25] 🐋 NO $2,796.36 | KXATPMATCH-26APR05NAVMER-MER
[12:34:25] 🐋 NO $5,062.60 | KXATPMATCH-26APR05NAVMER-MER
[12:34:40] 🐋 YES $2,800.00 | KXMLBSPREAD-26APR051335LADWSH-LAD2
[12:34:40] 🐋 YES $2,246.16 | KXMLBSPREAD-26APR051335LADWSH-LAD2
[12:34:40] 🐋 YES $13,708.24 | KXMLBSPREAD-26APR051335LADWSH-LAD2
[12:34] Whales: 2707 | Vol: $12,368,104
[12:35:56] 🐋 YES $2,205.00 | KXIPLGAME-26APR05CSKRCB-RCB
[12:36:11] 🐋 NO $4,410.00 | KXMLBHR-26APR051335MIANYY-NYYTGRISHAM12-2
[12:38:27] 🐋 YES $2,400.00 | KXMLBGAME-26APR051410MILKC-MIL
[12:38:27] 🐋 YES $15,713.46 | KXIPLGAME-26APR05CSKRCB-RCB
[12:39:58] 🐋 NO $2,859.48 | KXATPMATCH-26APR05NAVMER-NAV
[12:39] Whales: 2712 | Vol: $12,395,692
[12:42:14] 🐋 NO $2,315.61 | KXPGATOUR-MAST26-JSPI
[12:44:45] 🐋 YES $3,415.50 | KXATPMATCH-26APR05NAVMER-MER
[12:45] Whales: 2714 | Vol: $12,401,423
[12:46:01] 🐋 YES $3,780.00 | KXIPLGAME-26APR05CSKRCB-RCB
[12:47:16] 🐋 YES $5,577.10 | KXATPMATCH-26APR05ARNMUL-MUL
[12:49:32] 🐋 YES $2,579.46 | KXATPCHALLENGERMATCH-26APR05DEPAL-DE
[12:50] Whales: 2717 | Vol: $12,413,360
[12:51:48] 🐋 YES $2,254.94 | KXLAYOFFSYINFO-26-494000
[12:52:04] 🐋 YES $4,896.30 | KXIPLGAME-26APR05LSGSRH-LSG
[12:53:34] 🐋 YES $2,550.00 | KXATPMATCH-26APR05NAVMER-NAV
[12:55] Whales: 2720 | Vol: $12,423,061
[12:56:05] 🎯 YES $4,755.00 | KXBTC15M-26APR050900-00
[12:56:05] 🎯 YES $4,236.17 | KXBTC15M-26APR050900-00
[12:56:36] 🐋 NO $2,113.65 | KXWTAMATCH-26APR05MONVEK-MON
[12:57:36] 🎯 YES $3,886.80 | KXBTC15M-26APR050900-00
[12:57:36] 🐋 NO $2,926.70 | KXATPMATCH-26APR05NAVMER-MER
[12:57:51] 🐋 YES $3,465.66 | KXATPMATCH-26APR05ARNMUL-MUL
[12:58:21] 🐋 YES $3,548.26 | KXIPLGAME-26APR05LSGSRH-LSG
[12:59:52] 🐋 YES $2,277.60 | KXWTACHALLENGERMATCH-26APR05HODDIA-DIA
[13:00] Whales: 2728 | Vol: $12,450,271
[13:01:23] 🐋 YES $2,450.00 | KXWTACHALLENGERMATCH-26APR05KAZAVA-AVA
[13:02:23] 🐋 NO $3,302.20 | KXIPLGAME-26APR05LSGSRH-SRH
[13:02:23] 🐋 YES $4,243.33 | KXATPMATCH-26APR05NAVMER-NAV
[13:02:23] 🐋 YES $4,328.87 | KXATPMATCH-26APR05NAVMER-NAV
[13:04:24] 🐋 YES $4,089.54 | KXATPMATCH-26APR05NAVMER-NAV
[13:05] Whales: 2733 | Vol: $12,468,685
[13:05:25] 🐋 YES $4,685.90 | KXATPMATCH-26APR05NAVMER-NAV
[13:05:40] 🐋 YES $4,400.00 | KXIPLGAME-26APR05LSGSRH-LSG
[13:05:40] 🐋 NO $3,550.00 | KXMLBTOTAL-26APR051340CHCCLE-10
[13:05:55] 🐋 YES $13,500.00 | KXMARMAD-26-CONN
[13:06:10] 🐋 NO $2,456.96 | KXATPMATCH-26APR05ARNMUL-ARN
[13:06:10] 🐋 YES $9,627.01 | KXMVECROSSCATEGORY-S20264034E2014F0-1C3145FE22C
[13:08:26] 🐋 YES $4,729.14 | KXIPLGAME-26APR05LSGSRH-LSG
[13:08:26] 🐋 YES $3,160.71 | KXIPLGAME-26APR05LSGSRH-LSG
[13:08:26] 🐋 YES $5,093.44 | KXIPLGAME-26APR05LSGSRH-LSG
[13:09:26] 🐋 NO $2,013.00 | KXEREDIVISIEGAME-26APR05HEEHER-TIE
[13:09:41] 🐋 YES $2,427.84 | KXATPMATCH-26APR05SHEBAU-BAU
[13:09:41] 🐋 YES $2,730.00 | KXATPMATCH-26APR05SHEBAU-BAU
[13:10:12] 🐋 YES $3,840.30 | KXMLBGAME-26APR051410TBMIN-MIN
[13:10:12] 🐋 NO $3,787.11 | KXEREDIVISIEGAME-26APR05HEEHER-HER
[13:10] Whales: 2747 | Vol: $12,534,686
[13:10:27] 🐋 YES $2,833.92 | KXATPMATCH-26APR05SHEBAU-BAU
[13:11:27] 🐋 YES $5,673.24 | KXATPCHALLENGERMATCH-26APR05DHAROM-DHA
[13:11:27] 🐋 YES $5,550.93 | KXATPCHALLENGERMATCH-26APR05DHAROM-DHA
[13:11:42] 🐋 YES $3,385.90 | KXATPMATCH-26APR05SHEBAU-BAU
[13:14:13] 🐋 YES $2,920.00 | KXMLBGAME-26APR051335MIANYY-NYY
[13:15] Whales: 2752 | Vol: $12,555,050
[13:16:45] 🐋 NO $2,796.80 | KXIPLGAME-26APR05LSGSRH-SRH
[13:17:45] 🐋 NO $2,886.00 | KXMARMAD-26-CONN
[13:18:00] 🐋 YES $5,093.42 | KXATPMATCH-26APR05NAVMER-NAV
[13:19:31] 🐋 YES $4,286.97 | KXATPMATCH-26APR05NAVMER-NAV
[13:19:31] 🐋 YES $4,763.50 | KXATPMATCH-26APR05NAVMER-NAV
[13:20] Whales: 2757 | Vol: $12,574,877
[13:20:31] 🐋 YES $2,648.52 | KXIPLGAME-26APR05CSKRCB-RCB
[13:20:31] 🐋 YES $2,417.94 | KXIPLGAME-26APR05CSKRCB-RCB
[13:20:47] 🐋 NO $2,732.26 | KXATPMATCH-26APR05SHEBAU-BAU
[13:22:32] 🐋 YES $4,978.00 | KXATPMATCH-26APR05NAVMER-NAV
[13:23:03] 🐋 YES $2,685.05 | KXATPMATCH-26APR05SHEBAU-SHE
[13:23:48] 🐋 YES $6,013.44 | KXATPCHALLENGERMATCH-26APR05DHAROM-ROM
[13:25] Whales: 2763 | Vol: $12,596,352
[13:27:04] 🐋 YES $3,001.86 | KXATPMATCH-26APR05SHEBAU-SHE
[13:27:50] 🐋 NO $2,700.00 | KXMARMAD-26-MICH
[13:28:05] 🐋 YES $2,699.97 | KXATPMATCH-26APR05NORKEC-NOR
[13:28:05] 🐋 YES $2,695.68 | KXATPMATCH-26APR05NORKEC-NOR
[13:28:05] 🐋 YES $2,521.20 | KXATPMATCH-26APR05NORKEC-NOR
[13:30] Whales: 2768 | Vol: $12,609,971
[13:34:38] 🐋 YES $2,122.56 | KXMTPMENTION-26APR05B-EPST
[13:35:08] 🐋 YES $2,004.24 | KXIPLGAME-26APR05CSKRCB-CSK
[13:35:08] 🐋 YES $3,501.52 | KXIPLGAME-26APR05LSGSRH-LSG
[13:35] Whales: 2771 | Vol: $12,617,599
[13:36:54] 🐋 NO $2,425.92 | KXIPLGAME-26APR05LSGSRH-SRH
[13:36:54] 🐋 NO $2,562.84 | KXIPLGAME-26APR05LSGSRH-SRH
[13:37:09] 🐋 NO $2,736.00 | KXEREDIVISIEGAME-26APR05HEEHER-HER
[13:37:09] 🐋 NO $3,429.75 | KXIPLGAME-26APR05LSGSRH-SRH
[13:37:39] 🐋 YES $3,044.66 | KXATPMATCH-26APR05SHEBAU-SHE
[13:37:54] 🐋 YES $4,050.00 | KXATPMATCH-26APR05SHEBAU-SHE
[13:39:10] 🐋 YES $14,684.67 | KXIPLGAME-26APR05LSGSRH-LSG
[13:39:10] 🐋 YES $2,395.68 | KXATPMATCH-26APR05NORKEC-KEC
[13:40] Whales: 2779 | Vol: $12,652,929
[13:40:41] 🐋 YES $2,455.80 | KXMLBGAME-26APR051335SDBOS-BOS
[13:41:11] 🐋 YES $4,352.43 | KXIPLGAME-26APR05CSKRCB-RCB
[13:41:26] 🐋 NO $5,920.00 | KXMARMAD-26-CONN
[13:41:41] 🐋 YES $3,444.00 | KXNBATOTAL-26APR05TORBOS-205
[13:43:27] 🐋 NO $2,970.00 | KXPGATOUR-VATO26-MWAL
[13:43:42] 🐋 YES $2,752.38 | KXATPMATCH-26APR05ARNMUL-MUL
[13:43:57] 🐋 NO $2,398.81 | KXATPCHALLENGERMATCH-26APR05LARHEM-LAR
[13:44:12] 🐋 YES $5,182.45 | KXATPMATCH-26APR05SHEBAU-SHE
[13:44:12] 🐋 YES $5,806.08 | KXATPMATCH-26APR05SHEBAU-SHE
[13:44:12] 🐋 YES $5,391.12 | KXATPMATCH-26APR05SHEBAU-SHE
[13:44:27] 🐋 YES $5,706.48 | KXWMARMAD-26-UCLA
[13:45:28] 🐋 YES $3,246.72 | KXATPMATCH-26APR05SHEBAU-SHE
[13:45:28] 🐋 YES $4,741.03 | KXLALIGAGAME-26APR05GETATH-GET
[13:45] Whales: 2792 | Vol: $12,707,296
[13:45:43] 🐋 NO $2,137.50 | KXPGATOUR-VATO26-LABE
[13:45:43] 🐋 NO $22,237.44 | KXPGATOUR-VATO26-LABE
[13:45:43] 🐋 NO $28,200.00 | KXPGATOUR-VATO26-LABE
[13:47:44] 🐋 YES $4,078.98 | KXATPCHALLENGERMATCH-26APR05LOKKAS-KAS
[13:47:44] 🐋 YES $2,456.16 | KXATPCHALLENGERMATCH-26APR05LOKKAS-KAS
[13:47:44] 🐋 YES $2,389.08 | KXATPCHALLENGERMATCH-26APR05LOKKAS-KAS
[13:47:59] 🐋 YES $2,764.80 | KXATPMATCH-26APR05ARNMUL-ARN
[13:48:29] 🐋 NO $4,220.91 | KXWTAMATCH-26APR05JIMSHY-JIM
[13:48:29] 🐋 NO $4,263.03 | KXWTAMATCH-26APR05JIMSHY-JIM
[13:48:44] 🐋 NO $19,400.00 | KXPGATOUR-VATO26-ASMA
[13:49:30] 🐋 YES $2,786.63 | KXATPCHALLENGERMATCH-26APR05RIBNEU-RIB
[13:50] Whales: 2803 | Vol: $12,802,231
[13:50:45] 🐋 YES $3,217.20 | KXIPLGAME-26APR05CSKRCB-RCB
[13:51:00] 🐋 YES $4,660.98 | KXMVECROSSCATEGORY-S20260A138DE112F-53B0C77ABEF
[13:52:01] 🐋 YES $3,700.00 | KXATPMATCH-26APR05TRUJOD-JOD
[13:52:46] 🐋 YES $4,951.37 | KXIPLGAME-26APR05CSKRCB-RCB
[13:55:02] 🐋 YES $8,718.44 | KXWMARMAD-26-SCAR
[13:55:33] 🐋 NO $7,176.30 | KXPGATOUR-MAST26-XSCH
[13:55:33] 🐋 NO $3,392.45 | KXPGATOUR-MAST26-XSCH
[13:55:33] 🐋 NO $8,329.60 | KXPGATOUR-MAST26-XSCH
[13:55:33] 🐋 NO $19,000.00 | KXPGATOUR-MAST26-XSCH
[13:55:33] 🐋 NO $9,500.00 | KXPGATOUR-MAST26-XSCH
[13:55] Whales: 2813 | Vol: $12,874,877
[13:55:48] 🐋 YES $2,880.24 | KXATPMATCH-26APR05MONGRI-GRI
[13:56:18] 🐋 YES $4,596.85 | KXATPCHALLENGERMATCH-26APR05LOKKAS-KAS
[13:57:03] 🐋 YES $6,100.00 | KXIPLGAME-26APR05CSKRCB-RCB
[13:57:03] 🎯 YES $3,742.02 | KXBTC15M-26APR051000-00
[13:58:34] 🐋 YES $2,158.18 | KXIPLGAME-26APR05CSKRCB-RCB
[13:58:34] 🐋 YES $6,100.00 | KXIPLGAME-26APR05CSKRCB-RCB
[13:58:34] 🐋 YES $6,100.00 | KXIPLGAME-26APR05CSKRCB-RCB
[13:58:34] 🐋 YES $2,638.25 | KXIPLGAME-26APR05CSKRCB-RCB
[13:58:34] 🐋 YES $3,965.00 | KXIPLGAME-26APR05CSKRCB-RCB
[13:59:19] 🐋 YES $5,446.08 | KXIPLGAME-26APR05CSKRCB-RCB
[13:59:50] 🐋 YES $2,724.89 | KXBUNDESLIGAGAME-26APR05UNISTP-STP
[14:00:20] 🐋 YES $12,007.05 | KXPGATOUR-VATO26-RMAC
[14:00:20] 🐋 YES $3,795.00 | KXPGATOUR-VATO26-RMAC
[14:00] Whales: 2826 | Vol: $12,937,131
[14:02:06] 🐋 YES $3,280.95 | KXUCL-26-BMU
[14:02:21] 🐋 YES $5,050.11 | KXWMARMAD-26-UCLA
[14:05] Whales: 2828 | Vol: $12,945,462
[14:10] Whales: 2828 | Vol: $12,945,462
[14:12:10] 🐋 YES $2,388.65 | KXIPLGAME-26APR05CSKRCB-CSK
[14:12:25] 🐋 YES $2,166.75 | KXATPMATCH-26APR05TRUJOD-JOD
[14:15:27] 🐋 NO $2,460.30 | KXATPMATCH-26APR05NORKEC-KEC
[14:15:27] 🐋 NO $3,409.02 | KXATPMATCH-26APR05NORKEC-KEC
[14:15] Whales: 2832 | Vol: $12,955,886
[14:16:27] 🐋 YES $2,950.00 | KXATPMATCH-26APR05NORKEC-KEC
[14:16:27] 🐋 YES $9,649.20 | KXMLBGAME-26APR051335BALPIT-PIT
[14:17:28] 🐋 YES $4,499.44 | KXATPCHALLENGERMATCH-26APR05LOKKAS-KAS
[14:18:58] 🐋 YES $3,410.40 | KXIPLGAME-26APR05CSKRCB-RCB
[14:18:58] 🐋 YES $15,874.80 | KXIPLGAME-26APR05CSKRCB-RCB
[14:19:14] 🐋 YES $2,428.14 | KXPGATOUR-VATO26-RHIS
[14:19:29] 🐋 YES $3,875.00 | KXWMARMAD-26-SCAR
[14:20:29] 🐋 NO $3,700.00 | KXMARMAD-26-CONN
[14:20] Whales: 2840 | Vol: $13,002,273
[14:20:59] 🐋 YES $2,730.00 | KXIPLGAME-26APR05CSKRCB-CSK
[14:21:30] 🐋 NO $3,269.26 | KXLALIGAGAME-26APR05VCFRCC-VCF
[14:21:30] 🐋 NO $3,662.96 | KXLALIGAGAME-26APR05VCFRCC-VCF
[14:22:00] 🐋 YES $3,342.24 | KXATPCHALLENGERMATCH-26APR05LOKKAS-KAS
[14:22:00] 🐋 YES $2,303.73 | KXATPCHALLENGERMATCH-26APR05LOKKAS-KAS
[14:23:00] 🐋 YES $2,207.77 | KXPGATOUR-VATO26-RHIS
[14:23:00] 🐋 YES $2,408.85 | KXIPLGAME-26APR05CSKRCB-RCB
[14:23:15] 🐋 YES $2,900.00 | KXPGATOUR-VATO26-RHIS
[14:24:01] 🐋 YES $5,385.60 | KXPGATOUR-VATO26-RMAC
[14:24:16] 🐋 YES $3,192.36 | KXCBAGAME-26APR060800LEOXIN-LEO
[14:25:01] 🐋 YES $4,918.04 | KXATPMATCH-26APR05ARNMUL-MUL
[14:25] Whales: 2851 | Vol: $13,038,594
[14:27:32] 🐋 NO $2,963.84 | KXATPMATCH-26APR05TRUJOD-TRU
[14:27:48] 🐋 YES $6,094.62 | KXATPMATCH-26APR05NORKEC-NOR
[14:30:04] 🐋 YES $7,469.56 | KXSERIEAGAME-26APR05CREBFC-BFC
[14:30:04] 🐋 YES $6,528.76 | KXSERIEAGAME-26APR05CREBFC-BFC
[14:30:04] 🐋 YES $2,475.00 | KXSERIEAGAME-26APR05CREBFC-BFC
[14:30] Whales: 2856 | Vol: $13,064,126
[14:32:20] 🐋 YES $3,209.44 | KXBUNDESLIGAGAME-26APR05UNISTP-STP
[14:32:50] 🐋 YES $2,385.81 | KXMLBTOTAL-26APR051610ATLAZ-10
[14:33:05] 🐋 YES $4,822.36 | KXMVECROSSCATEGORY-S20260D11FB99437-2026787909F
[14:33:35] 🐋 YES $2,493.87 | KXNBAGAME-26APR05UTAOKC-OKC
[14:35:21] 🐋 NO $2,047.92 | KXATPMATCH-26APR05ARNMUL-MUL
[14:35] Whales: 2861 | Vol: $13,079,085
[14:38:53] 🐋 YES $8,196.60 | KXIPLGAME-26APR05CSKRCB-RCB
[14:40:24] 🐋 YES $2,969.33 | KXATPCHALLENGERMATCH-26APR05RIBNEU-NEU
[14:40] Whales: 2863 | Vol: $13,090,251
[14:41:09] 🐋 YES $3,072.96 | KXWTACHALLENGERMATCH-26APR05WERKOB-WER
[14:41:24] 🐋 NO $5,603.72 | KXWTAMATCH-26APR05FRIKAL-FRI
[14:42:25] 🐋 NO $4,100.00 | KXPGATOUR-VATO26-RMAC
[14:45:56] 🐋 NO $20,786.13 | KXNBAGAME-26APR05UTAOKC-UTA
[14:45] Whales: 2867 | Vol: $13,123,814
[14:48:12] 🐋 YES $4,050.00 | KXBTCD-26APR0517-T66499.99
[14:48:58] 🐋 NO $2,515.50 | KXLALIGAGAME-26APR05VCFRCC-VCF
[14:49:43] 🐋 YES $4,824.00 | KXMLBGAME-26APR051410MILKC-MIL
[14:50] Whales: 2870 | Vol: $13,135,204
[14:51:14] 🐋 YES $5,544.07 | KXNBAGAME-26APR05INDCLE-IND
[14:51:29] 🐋 NO $2,237.58 | KXWMARMAD-26-UCLA
[14:51:29] 🐋 NO $4,057.90 | KXWMARMAD-26-UCLA
[14:53:15] 🐋 NO $2,495.50 | KXIPLGAME-26APR05CSKRCB-RCB
[14:53:15] 🐋 NO $2,952.50 | KXIPLGAME-26APR05CSKRCB-RCB
[14:54:00] 🐋 YES $21,218.26 | KXMLBGAME-26APR051410TORCWS-TOR
[14:54:00] 🐋 YES $3,000.18 | KXMLBGAME-26APR051410TORCWS-TOR
[14:54:15] 🐋 NO $2,118.20 | KXATPMATCH-26APR05TRUJOD-TRU
[14:56] Whales: 2878 | Vol: $13,178,828
[14:56:31] 🐋 YES $2,326.17 | KXPGATOUR-VATO26-RMAC
[14:56:31] 🐋 YES $3,860.08 | KXPGATOUR-VATO26-RMAC
[14:59:17] 🐋 YES $2,428.28 | KXATPMATCH-26APR05MONGRI-GRI
[14:59:32] 🐋 YES $2,426.16 | KXATPMATCH-26APR05FUCTAB-TAB
[15:00:03] 🐋 YES $3,282.84 | KXBTC-26APR0511-B66950
[15:01] Whales: 2883 | Vol: $13,193,151
[15:01:18] 🐋 YES $6,484.32 | KXMLBGAME-26APR051605HOUATH-HOU
[15:01:18] 🐋 YES $2,921.40 | KXMLBGAME-26APR051605HOUATH-HOU
[15:01:18] 🐋 NO $31,920.39 | KXPGATOUR-VATO26-MKIM
[15:01:34] 🐋 NO $3,840.00 | KXIPLGAME-26APR05CSKRCB-CSK
[15:03:50] 🐋 YES $2,410.16 | KXMLBGAME-26APR051335BALPIT-BAL
[15:04:05] 🐋 YES $9,619.92 | KXIPLGAME-26APR05CSKRCB-RCB
[15:04:35] 🐋 YES $3,302.74 | KXATPMATCH-26APR05MONGRI-MON
[15:05:20] 🐋 YES $2,786.14 | KXATPCHALLENGERMATCH-26APR05RIBNEU-NEU
[15:06] Whales: 2891 | Vol: $13,256,436
[15:11] Whales: 2891 | Vol: $13,256,436
[15:11:23] 🐋 YES $4,993.38 | KXMLBGAME-26APR051335LADWSH-LAD
[15:12:24] 🐋 YES $2,696.11 | KXNBASPREAD-26APR05CHAMIN-CHA1
[15:14:25] 🐋 YES $2,192.40 | KXATPMATCH-26APR05MONGRI-GRI
[15:14:40] 🐋 YES $2,672.01 | KXATPCHALLENGERMATCH-26APR05RIBNEU-NEU
[15:15:40] 🐋 NO $3,141.85 | KXIPLGAME-26APR05CSKRCB-RCB
[15:16] Whales: 2896 | Vol: $13,272,132
[15:16:41] 🐋 YES $2,737.14 | KXPGATOUR-VATO26-RMAC
[15:21] Whales: 2897 | Vol: $13,274,869
[15:21:43] 🐋 YES $2,492.16 | KXWTAMATCH-26APR05FRIKAL-KAL
[15:21:43] 🐋 YES $2,881.69 | KXMVESPORTSMULTIGAMEEXTENDED-S20265CF4E3EC84C-E9F49D31057
[15:26:15] 🐋 YES $4,345.60 | KXATPMATCH-26APR05FUCTAB-TAB
[15:26:15] 🐋 YES $4,423.68 | KXATPMATCH-26APR05FUCTAB-TAB
[15:26] Whales: 2901 | Vol: $13,289,012
[15:27:46] 🐋 YES $18,090.60 | KXNHLGAME-26APR05MINDET-MIN
[15:28:16] 🐋 YES $2,087.92 | KXNBAGAME-26APR05INDCLE-IND
[15:28:16] 🐋 NO $2,399.44 | KXNBAGAME-26APR05INDCLE-CLE
[15:28:46] 🐋 YES $6,566.40 | KXATPCHALLENGERMATCH-26APR05FERGAV-FER
[15:28:46] 🐋 YES $4,900.50 | KXWTAMATCH-26APR05FRIKAL-KAL
[15:29:01] 🐋 NO $2,160.00 | KXIPLGAME-26APR05CSKRCB-CSK
[15:30:32] 🐋 YES $2,250.00 | KXPGATOUR-VATO26-RMAC
[15:30:32] 🐋 NO $2,750.00 | KXPGATOUR-VATO26-RMAC
[15:31] Whales: 2909 | Vol: $13,330,217
[15:31:33] 🐋 YES $2,896.32 | KXMLBGAME-26APR051340CHCCLE-CHC
[15:36:05] 🐋 YES $2,871.90 | KXMLBSPREAD-26APR051335MIANYY-NYY3
[15:36] Whales: 2911 | Vol: $13,335,985
[15:41:22] 🐋 NO $2,392.06 | KXIPLGAME-26APR05CSKRCB-CSK
[15:41] Whales: 2912 | Vol: $13,338,377
[15:41:53] 🐋 NO $9,907.92 | KXFEDDECISION-26APR-C25
[15:42:08] 🐋 YES $2,475.00 | KXSUPERLIGGAME-26APR05ANTEYU-ANT
[15:43:08] 🐋 NO $3,550.00 | KXFACUPGAME-26APR05WHULEE-TIE
[15:43:23] 🐋 YES $9,302.62 | KXIPLGAME-26APR05CSKRCB-RCB
[15:43:54] 🐋 NO $2,342.04 | KXIPLGAME-26APR05CSKRCB-CSK
[15:45:24] 🐋 YES $2,966.37 | KXAAAGASW-26APR06-4.110
[15:45:39] 🐋 NO $2,158.83 | KXMLBTOTAL-26APR051340CHCCLE-8
[15:46:10] 🐋 YES $4,858.98 | KXNCAAMBNIT-26-AUB
[15:46] Whales: 2920 | Vol: $13,375,939
[15:47:10] 🐋 YES $3,969.40 | KXIPLGAME-26APR05CSKRCB-RCB
[15:47:10] 🐋 YES $2,896.32 | KXMLBGAME-26APR051340CHCCLE-CHC
[15:48:26] 🐋 NO $2,169.68 | KXMARMAD-26-CONN
[15:48:41] 🐋 YES $2,316.52 | KXNHLGAME-26APR05BOSPHI-PHI
[15:49:41] 🐋 YES $2,048.78 | KXIPLGAME-26APR05CSKRCB-RCB
[15:50:12] 🐋 NO $2,792.79 | KXLALIGA2GAME-26APR05ANDSAN-SAN
[15:50:57] 🐋 YES $2,815.65 | KXMVESPORTSMULTIGAMEEXTENDED-S2026E09D3D6CC24-0FBB5B8A7F4
[15:51:27] 🐋 YES $4,811.89 | KXATPMATCH-26APR05MONGRI-GRI
[15:51:27] 🐋 YES $5,467.17 | KXMVECROSSCATEGORY-S20260D11FB99437-2026787909F
[15:51] Whales: 2929 | Vol: $13,405,227
[15:52:28] 🐋 YES $2,560.11 | KXLALIGAGAME-26APR05VCFRCC-RCC
[15:52:28] 🐋 YES $4,900.95 | KXMLBSPREAD-26APR051335MIANYY-NYY3
[15:52:43] 🐋 YES $4,787.10 | KXMLBSPREAD-26APR051335MIANYY-NYY3
[15:53:13] 🐋 YES $2,907.45 | KXMLBGAME-26APR051335LADWSH-LAD
[15:53:58] 🐋 NO $2,768.38 | KXPGATOUR-MAST26-CYOU
[15:53:58] 🐋 NO $81,863.15 | KXPGATOUR-MAST26-CYOU
[15:53:58] 🐋 NO $9,700.00 | KXPGATOUR-MAST26-CYOU
[15:53:58] 🐋 NO $2,425.00 | KXPGATOUR-MAST26-CYOU
[15:55:14] 🐋 YES $2,896.32 | KXMLBGAME-26APR051605HOUATH-HOU
[15:55:29] 🐋 YES $4,836.56 | KXMVESPORTSMULTIGAMEEXTENDED-S2026AD3392D8ECB-3F8A12B7E07
[15:55:29] 🐋 NO $4,800.00 | KXPGATOUR-MAST26-XSCH
[15:55:29] 🐋 NO $7,134.72 | KXPGATOUR-MAST26-XSCH
[15:55:29] 🐋 NO $5,760.00 | KXPGATOUR-MAST26-XSCH
[15:55:29] 🐋 NO $6,407.04 | KXPGATOUR-MAST26-XSCH
[15:55:29] 🐋 NO $4,800.00 | KXPGATOUR-MAST26-XSCH
[15:56] Whales: 2944 | Vol: $13,553,774
[15:57:30] 🐋 YES $3,465.00 | KXLALIGA2GAME-26APR05ANDSAN-AND
[15:57:45] 🐋 NO $4,440.00 | KXMARMAD-26-CONN
[16:00:32] 🐋 NO $3,580.05 | KXIPLGAME-26APR05CSKRCB-CSK
[16:01] Whales: 2947 | Vol: $13,565,259
[16:02:02] 🐋 YES $2,424.20 | KXATPCHALLENGERMATCH-26APR05BERAND-AND
[16:05:19] 🐋 YES $3,136.80 | KXNBAGAME-26APR05TORBOS-BOS
[16:05:19] 🐋 YES $5,656.80 | KXNBAGAME-26APR05TORBOS-BOS
[16:05:19] 🐋 YES $7,206.40 | KXNBAGAME-26APR05TORBOS-BOS
[16:06] Whales: 2951 | Vol: $13,583,683
[16:07:35] 🐋 NO $9,000.00 | KXIPLGAME-26APR05CSKRCB-CSK
[16:10:06] 🐋 YES $4,356.60 | KXMLBGAME-26APR051410MILKC-KC
[16:11] Whales: 2953 | Vol: $13,597,040
[16:12:52] 🐋 YES $2,205.00 | KXATPMATCH-26APR05MONGRI-MON
[16:13:53] 🐋 YES $2,667.20 | KXNBAGAME-26APR05TORBOS-BOS
[16:13:53] 🐋 YES $19,015.20 | KXNBAGAME-26APR05TORBOS-BOS
[16:14:23] 🐋 YES $3,566.40 | KXMVESPORTSMULTIGAMEEXTENDED-S2026616F18DFFEF-D409BD14450
[16:16:09] 🐋 YES $2,827.52 | KXIPLGAME-26APR05CSKRCB-RCB
[16:16] Whales: 2958 | Vol: $13,627,321
[16:17:39] 🐋 YES $2,389.24 | KXIPLGAME-26APR05CSKRCB-RCB
[16:17:39] 🐋 YES $28,000.00 | KXMLBGAME-26APR051605HOUATH-HOU
[16:18:25] 🐋 YES $4,119.16 | KXATPMATCH-26APR05MONGRI-MON
[16:18:25] 🐋 NO $4,381.44 | KXIPLGAME-26APR05CSKRCB-CSK
[16:18:40] 🐋 YES $16,139.52 | KXIPLGAME-26APR05CSKRCB-RCB
[16:18:55] 🐋 NO $12,518.82 | KXIPLGAME-26APR05CSKRCB-CSK
[16:18:55] 🐋 NO $12,132.76 | KXIPLGAME-26APR05CSKRCB-CSK
[16:21:26] 🐋 YES $7,071.57 | KXATPMATCH-26APR05FUCTAB-TAB
[16:21:41] 🐋 NO $4,169.70 | KXFACUPGAME-26APR05WHULEE-WHU
[16:21] Whales: 2967 | Vol: $13,718,244
[16:22:27] 🐋 YES $2,796.75 | KXATPMATCH-26APR05FUCTAB-TAB
[16:22:27] 🐋 NO $3,913.14 | KXATPMATCH-26APR05FUCTAB-FUC
[16:22:57] 🐋 YES $4,560.00 | KXWMARMAD-26-UCLA
[16:24:28] 🐋 NO $6,039.22 | KXIPLGAME-26APR05CSKRCB-CSK
[16:25:13] 🐋 YES $3,211.46 | KXIPLGAME-26APR05CSKRCB-RCB
[16:26] Whales: 2972 | Vol: $13,738,764
[16:28:15] 🐋 NO $6,175.95 | KXIPLGAME-26APR05CSKRCB-CSK
[16:29:15] 🐋 NO $5,600.00 | KXMLBGAME-26APR051340CHCCLE-CLE
[16:30:00] 🎯 YES $2,334.06 | KXBTC15M-26APR051230-30
[16:31:46] 🐋 YES $4,388.40 | KXATPCHALLENGERMATCH-26APR05NAGDAL-NAG
[16:31] Whales: 2976 | Vol: $13,757,263
[16:32:47] 🐋 NO $4,054.40 | KXBUNDESLIGAGAME-26APR05SGEKOE-SGE
[16:33:17] 🐋 YES $22,654.45 | KXIPLGAME-26APR05CSKRCB-RCB
[16:36:03] 🐋 YES $2,202.66 | KXMARMAD-26-CONN
[16:36] Whales: 2979 | Vol: $13,786,174
[16:38:49] 🐋 NO $3,960.00 | KXATPCHALLENGERMATCH-26APR05NEDKAR-KAR
[16:38:49] 🐋 NO $3,960.00 | KXNBAWEST-26-LAL
[16:38:49] 🐋 NO $3,321.45 | KXNBAWEST-26-LAL
[16:40:20] 🐋 YES $2,234.40 | KXIPLGAME-26APR05CSKRCB-RCB
[16:41:36] 🐋 YES $4,095.00 | KXWMARMAD-26-SCAR
[16:41:36] 🐋 YES $2,800.00 | KXMLBGAME-26APR051340CHCCLE-CHC
[16:41:36] 🐋 NO $2,020.64 | KXATPCHALLENGERMATCH-26APR05DIADEL-DIA
[16:41:36] 🐋 NO $4,521.60 | KXATPCHALLENGERMATCH-26APR05DIADEL-DIA
[16:41] Whales: 2987 | Vol: $13,813,087
[16:42:21] 🐋 YES $3,120.80 | KXMVESPORTSMULTIGAMEEXTENDED-S202613D3F2BE42A-5BC49424071
[16:45:53] 🐋 YES $3,540.78 | KXMLBGAME-26APR051435CINTEX-TEX
[16:46:53] 🐋 YES $2,124.08 | KXNHLGAME-26APR05MINDET-MIN
[16:46] Whales: 2990 | Vol: $13,821,873
[16:47:08] 🐋 NO $51,480.00 | KXNBA-26-LAL
[16:47:39] 🐋 YES $3,965.76 | KXIPLGAME-26APR05CSKRCB-RCB
[16:49:09] 🐋 NO $2,292.11 | KXIPLGAME-26APR05CSKRCB-CSK
[16:49:39] 🐋 YES $2,145.48 | KXMLBSPREAD-26APR051335MIANYY-NYY2
[16:50:10] 🐋 YES $4,346.32 | KXATPCHALLENGERMATCH-26APR05DIADEL-DEL
[16:51:10] 🐋 NO $2,110.90 | KXIPLGAME-26APR05CSKRCB-CSK
[16:51:55] 🐋 YES $3,424.75 | KXIPLGAME-26APR05CSKRCB-RCB
[16:51] Whales: 2997 | Vol: $13,891,638
[16:52:56] 🐋 YES $2,030.00 | KXMLBGAME-26APR051340CHCCLE-CHC
[16:55:12] 🐋 NO $2,761.20 | KXPGATOUR-VATO26-RMAC
[16:55:42] 🐋 YES $5,843.97 | KXIPLGAME-26APR05CSKRCB-RCB
[16:55:42] 🐋 YES $9,693.09 | KXIPLGAME-26APR05CSKRCB-RCB
[16:55:42] 🐋 YES $10,989.00 | KXIPLGAME-26APR05CSKRCB-RCB
[16:55:42] 🐋 YES $3,093.75 | KXIPLGAME-26APR05CSKRCB-RCB
[16:55:42] 🐋 YES $7,895.25 | KXIPLGAME-26APR05CSKRCB-RCB
[16:55:42] 🐋 YES $10,989.00 | KXIPLGAME-26APR05CSKRCB-RCB
[16:55:42] 🐋 YES $10,989.00 | KXIPLGAME-26APR05CSKRCB-RCB
[16:55:57] 🐋 YES $2,773.98 | KXIPLGAME-26APR05CSKRCB-RCB
[16:56:12] 🐋 NO $5,940.00 | KXIPLGAME-26APR05CSKRCB-CSK
[16:56:12] 🐋 NO $2,439.36 | KXIPLGAME-26APR05CSKRCB-CSK
[16:56:12] 🐋 NO $3,500.64 | KXIPLGAME-26APR05CSKRCB-CSK
[16:56:43] 🐋 NO $4,462.20 | KXFACUPGAME-26APR05WHULEE-WHU
[16:56] Whales: 3011 | Vol: $13,975,039
[16:57:13] 🐋 NO $3,557.33 | KXATPMATCH-26APR05MONGRI-GRI
[16:57:28] 🐋 YES $2,420.48 | KXMLBGAME-26APR051410TORCWS-TOR
[16:58:13] 🐋 YES $2,320.23 | KXATPMATCH-26APR05MONGRI-MON
[16:59:29] 🐋 YES $4,245.00 | KXLAYOFFSYINFO-26-494000
[17:01:00] 🐋 YES $2,259.00 | KXCBAGAME-26APR060735NINTIA-NIN
[17:02:00] 🐋 YES $2,056.56 | KXLIGUE1GAME-26APR05FCLPAR-TIE
[17:02] Whales: 3017 | Vol: $13,991,897
[17:02:46] 🐋 NO $11,173.14 | KXMLBGAME-26APR051335LADWSH-LAD
[17:02:46] 🐋 YES $4,750.00 | KXMLBGAME-26APR051335LADWSH-WSH
[17:02:46] 🐋 YES $8,809.56 | KXMLBSPREAD-26APR051335BALPIT-PIT2
[17:03:16] 🐋 NO $3,479.13 | KXFACUPGAME-26APR05WHULEE-WHU
[17:05:17] 🐋 NO $2,784.18 | KXBUNDESLIGAGAME-26APR05SGEKOE-KOE
[17:06:47] 🐋 NO $2,970.00 | KXIPLGAME-26APR05CSKRCB-CSK
[17:07] Whales: 3023 | Vol: $14,025,863
[17:07:48] 🐋 NO $2,344.16 | KXATPCHALLENGERMATCH-26APR05DIADEL-DEL
[17:07:48] 🐋 NO $3,268.76 | KXATPCHALLENGERMATCH-26APR05DIADEL-DEL
[17:09:34] 🐋 NO $2,702.70 | KXIPLGAME-26APR05CSKRCB-CSK
[17:10:34] 🐋 YES $3,894.62 | KXMARMAD-26-MICH
[17:12] Whales: 3027 | Vol: $14,038,073
[17:13:21] 🐋 NO $4,838.36 | KXFACUPGAME-26APR05WHULEE-TIE
[17:13:51] 🐋 NO $11,270.98 | KXIPLGAME-26APR05CSKRCB-CSK
[17:14:21] 🐋 NO $2,145.22 | KXIPLGAME-26APR05CSKRCB-CSK
[17:14:36] 🐋 YES $5,099.71 | KXWTAMATCH-26APR05PEGSTA-PEG
[17:14:36] 🐋 YES $2,101.74 | KXBUNDESLIGAGAME-26APR05SGEKOE-TIE
[17:15:52] 🐋 YES $3,331.00 | KXMVESPORTSMULTIGAMEEXTENDED-S202663D02FF6D5B-F905D005BF0
[17:17] Whales: 3033 | Vol: $14,066,860
[17:18:53] 🐋 YES $2,850.00 | KXMLBSPREAD-26APR051335MIANYY-NYY2
[17:18:53] 🐋 YES $5,700.00 | KXMLBSPREAD-26APR051335MIANYY-NYY2
[17:18:53] 🐋 YES $3,414.30 | KXMLBSPREAD-26APR051335MIANYY-NYY2
[17:18:53] 🐋 YES $2,479.50 | KXMLBSPREAD-26APR051335MIANYY-NYY2
[17:18:53] 🐋 NO $3,261.14 | KXIPLGAME-26APR05CSKRCB-CSK
[17:18:53] 🐋 YES $2,650.00 | KXMLBGAME-26APR051340CHCCLE-CHC
[17:19:54] 🐋 NO $4,950.00 | KXBTCD-26APR0514-T67799.99
[17:19:54] 🐋 NO $4,900.00 | KXIPLGAME-26APR05CSKRCB-CSK
[17:21:09] 🐋 NO $5,912.64 | KXLALIGAGAME-26APR05OVISEV-SEV
[17:22:10] 🐋 YES $2,377.83 | KXMLBGAME-26APR051335LADWSH-WSH
[17:22] Whales: 3043 | Vol: $14,105,356
[17:23:25] 🐋 YES $8,781.30 | KXAAAGASW-26APR06-4.100
[17:23:25] 🐋 YES $10,999.89 | KXAAAGASW-26APR06-4.100
[17:23:25] 🐋 NO $2,668.05 | KXBTCD-26APR0514-T67799.99
[17:23:41] 🐋 NO $2,378.64 | KXMLBRFI-26APR051340CHCCLE
[17:23:41] 🐋 NO $4,537.05 | KXMLBRFI-26APR051340CHCCLE
[17:23:56] 🐋 NO $3,073.65 | KXMLBRFI-26APR051340CHCCLE
[17:23:56] 🐋 NO $2,486.76 | KXMLBRFI-26APR051340CHCCLE
[17:23:56] 🐋 NO $2,459.73 | KXMLBRFI-26APR051340CHCCLE
[17:26:42] 🐋 YES $6,189.48 | KXIPLGAME-26APR05CSKRCB-RCB
[17:26:42] 🐋 YES $11,979.99 | KXIPLGAME-26APR05CSKRCB-RCB
[17:27:12] 🐋 YES $3,850.00 | KXWTAMATCH-26APR05PEGSTA-PEG
[17:27] Whales: 3054 | Vol: $14,164,760
[17:27:27] 🐋 YES $3,562.02 | KXIPLGAME-26APR05CSKRCB-RCB
[17:27:27] 🐋 YES $3,960.00 | KXIPLGAME-26APR05CSKRCB-RCB
[17:27:58] 🐋 YES $2,000.00 | KXWTAMATCH-26APR05PEGSTA-PEG
[17:28:13] 🐋 NO $8,238.78 | KXIPLGAME-26APR05CSKRCB-CSK
[17:29:28] 🐋 NO $4,419.84 | KXATPCHALLENGERMATCH-26APR05FELBIA-BIA
[17:32] Whales: 3059 | Vol: $14,186,941
[17:32:45] 🐋 YES $2,061.60 | KXMLBTOTAL-26APR051335SDBOS-10
[17:33:45] 🐋 NO $11,880.00 | KXNBA-26-HOU
[17:37] Whales: 3061 | Vol: $14,200,883
[17:38:47] 🐋 NO $4,000.00 | KXMLBGAME-26APR051335BALPIT-PIT
[17:39:33] 🐋 YES $2,947.65 | KXWTAMATCH-26APR05BOUUDV-UDV
[17:41:49] 🐋 NO $2,513.44 | KXWTAMATCH-26APR05PEGSTA-STA
[17:42] Whales: 3064 | Vol: $14,210,344
[17:45:21] 🐋 YES $2,160.00 | KXLALIGAGAME-26APR05ALAOSA-ALA
[17:46:36] 🐋 NO $2,389.86 | KXBTCD-26APR0514-T67599.99
[17:47:07] 🐋 YES $4,587.30 | KXSERIEAGAME-26APR05PISTOR-TOR
[17:47:07] 🐋 YES $2,070.00 | KXSERIEAGAME-26APR05PISTOR-TOR
[17:47] Whales: 3068 | Vol: $14,221,551
[17:47:37] 🐋 YES $4,404.60 | KXSERIEAGAME-26APR05PISTOR-TOR
[17:48:37] 🐋 YES $3,797.72 | KXWMARMAD-26-UCLA
[17:49:22] 🐋 NO $2,581.44 | KXWTAMATCH-26APR05PEGSTA-STA
[17:50:08] 🐋 NO $2,011.46 | KXBTCY-27JAN0100-B62500
[17:52:24] 🐋 YES $2,568.49 | KXMVESPORTSMULTIGAMEEXTENDED-S2026CD9E43C1EF5-C6C3FE3FDB1
[17:52] Whales: 3073 | Vol: $14,236,915
[17:54:10] 🐋 NO $5,688.08 | KXLALIGAGAME-26APR05OVISEV-SEV
[17:54:55] 🐋 YES $13,500.00 | KXPGATOUR-VATO26-LABE
[17:57] Whales: 3075 | Vol: $14,256,103
[18:00:27] 🐋 YES $2,470.08 | KXNBAGAME-26APR05PHXCHI-PHX
[18:00:27] 🐋 YES $5,290.99 | KXMLBGAME-26APR051340CHCCLE-CLE
[18:02] Whales: 3077 | Vol: $14,263,864
[18:02:43] 🐋 NO $3,900.00 | KXMLBGAME-26APR051335BALPIT-BAL
[18:03:44] 🎯 NO $3,475.65 | KXBTC15M-26APR051415-15
[18:04:14] 🐋 YES $2,477.60 | KXNBAGAME-26APR05TORBOS-BOS
[18:05:30] 🐋 NO $2,114.16 | KXPGATOUR-VATO26-MKIM
[18:06:15] 🐋 YES $2,279.62 | KXPGATOUR-VATO26-LABE
[18:07:31] 🐋 YES $4,097.70 | KXATPCHALLENGERMATCH-26APR05AVEHER-AVE
[18:07:31] 🐋 YES $4,826.70 | KXATPCHALLENGERMATCH-26APR05AVEHER-AVE
[18:07] Whales: 3084 | Vol: $14,287,035
[18:08:46] 🐋 YES $2,160.50 | KXMLBGAME-26APR051340CHCCLE-CLE
[18:08:46] 🐋 YES $2,432.04 | KXMLBGAME-26APR051340CHCCLE-CHC
[18:08:46] 🐋 YES $2,213.64 | KXMLBGAME-26APR051340CHCCLE-CHC
[18:09:16] 🐋 YES $5,331.42 | KXMLBTOTAL-26APR051410TORCWS-8
[18:09:47] 🐋 YES $5,500.00 | KXMLBTOTAL-26APR051410TORCWS-8
[18:09:47] 🐋 NO $3,085.12 | KXPGATOUR-VATO26-LABE
[18:10:32] 🐋 YES $5,250.00 | KXNBAGAME-26APR05TORBOS-TOR
[18:11:32] 🐋 NO $2,014.26 | KXMLBTOTAL-26APR051335SDBOS-8
[18:11:32] 🐋 YES $2,236.57 | KXATPMATCH-26APR05KOUHUM-HUM
[18:12:03] 🐋 YES $2,194.80 | KXMLBGAME-26APR051335BALPIT-PIT
[18:12:18] 🐋 YES $2,863.56 | KXNBAGAME-26APR05WASBKN-WAS
[18:12] Whales: 3095 | Vol: $14,322,317
[18:13:33] 🐋 NO $2,497.44 | KXPGATOUR-VATO26-LABE
[18:14:04] 🐋 YES $2,376.66 | KXPGATOUR-VATO26-RHIS
[18:17] Whales: 3097 | Vol: $14,327,191
[18:18:20] 🐋 YES $4,798.59 | KXMLBGAME-26APR051335BALPIT-PIT
[18:21:22] 🐋 NO $3,411.29 | KXWTAMATCH-26APR05BOUUDV-UDV
[18:22] Whales: 3099 | Vol: $14,335,401
[18:22:52] 🐋 NO $2,547.32 | KXNBASPREAD-26APR05TORBOS-BOS7
[18:22:52] 🐋 YES $3,084.00 | KXMVECROSSCATEGORY-S2026DBC71ECC6FE-2B4FB9FC6D7
[18:23:23] 🐋 YES $2,210.32 | KXMLBGAME-26APR051410TORCWS-TOR
[18:23:53] 🐋 YES $2,300.00 | KXNBASPREAD-26APR05TORBOS-BOS10
[18:24:53] 🐋 YES $4,360.66 | KXNBASPREAD-26APR05CHAMIN-CHA4
[18:25:24] 🐋 YES $3,162.93 | KXLALIGAGAME-26APR05OVISEV-OVI
[18:25:24] 🐋 YES $3,395.43 | KXLALIGAGAME-26APR05OVISEV-OVI
[18:26:54] 🐋 YES $3,152.01 | KXMVECROSSCATEGORY-S2026430AC765613-D52083EFEEE
[18:27] Whales: 3107 | Vol: $14,359,614
[18:27:55] 🐋 YES $3,475.98 | KXMLBGAME-26APR051335SDBOS-BOS
[18:27:55] 🐋 YES $2,255.00 | KXMLBGAME-26APR051335SDBOS-BOS
[18:30:41] 🐋 YES $2,399.46 | KXNBASPREAD-26APR05CHAMIN-CHA1
[18:32:42] 🐋 NO $7,360.00 | KXMLBGAME-26APR051335SDBOS-SD
[18:32] Whales: 3111 | Vol: $14,375,104
[18:34:12] 🐋 YES $2,700.72 | KXSERIEAGAME-26APR05INTROM-INT
[18:37] Whales: 3112 | Vol: $14,377,805
[18:39:15] 🐋 YES $2,480.00 | KXMLBGAME-26APR051340CHCCLE-CLE
[18:41:46] 🐋 NO $2,808.00 | KXETHY-27JAN0100-B2625
[18:42:16] 🐋 NO $3,222.52 | KXPGATOUR-VATO26-LABE
[18:42] Whales: 3115 | Vol: $14,386,315
[18:43:17] 🐋 YES $13,787.77 | KXMVESPORTSMULTIGAMEEXTENDED-S20261A972E41049-2453655E455
[18:43:47] 🐋 YES $3,545.35 | KXATPMATCH-26APR05KOUHUM-HUM
[18:44:02] 🐋 YES $3,268.58 | KXMVECROSSCATEGORY-S202640D11270EC1-DF599D9ABBD
[18:44:32] 🐋 YES $3,325.14 | KXATPCHALLENGERMATCH-26APR05KIESHE-SHE
[18:46:18] 🐋 YES $2,249.10 | KXATPMATCH-26APR05KOUHUM-HUM
[18:47:19] 🐋 YES $2,351.31 | KXLAYOFFSYINFO-26-494000
[18:47:19] 🐋 YES $2,345.36 | KXLAYOFFSYINFO-26-494000
[18:47:49] 🐋 YES $3,240.00 | KXNBASPREAD-26APR05PHXCHI-PHX10
[18:47] Whales: 3123 | Vol: $14,420,428
[18:48:34] 🐋 YES $3,477.50 | KXWTAMATCH-26APR05BOUUDV-BOU
[18:49:50] 🐋 YES $5,841.56 | KXMARMAD-26-MICH
[18:52:21] 🐋 YES $2,068.64 | KXMLBSPREAD-26APR051410MILKC-MIL3
[18:52:51] 🐋 YES $3,784.73 | KXMLBGAME-26APR051340CHCCLE-CHC
[18:52] Whales: 3127 | Vol: $14,435,600
[18:55:53] 🐋 NO $2,318.58 | KXNBA-26-LAL
[18:56:23] 🐋 YES $2,827.20 | KXWMARMAD-26-UCLA
[18:56:53] 🐋 YES $4,167.20 | KXMLBGAME-26APR051410MILKC-MIL
[18:57:24] 🐋 YES $3,036.00 | KXNBAGAME-26APR05TORBOS-BOS
[18:57:24] 🐋 YES $3,623.76 | KXNBAGAME-26APR05PHXCHI-PHX
[18:57:24] 🐋 YES $2,015.20 | KXMLBGAME-26APR051335SDBOS-SD
[18:57] Whales: 3133 | Vol: $14,453,588
[18:58:39] 🐋 NO $3,830.02 | KXWMARMAD-26-SCAR
[18:59:09] 🎯 NO $2,071.92 | KXBTC15M-26APR051500-00
[19:02] Whales: 3135 | Vol: $14,459,490
[19:03:11] 🐋 YES $3,722.40 | KXNBAGAME-26APR05TORBOS-BOS
[19:03:11] 🐋 NO $3,485.00 | KXCITRINI-28JUL01
[19:03:26] 🐋 YES $4,814.55 | KXMLBSPREAD-26APR051605HOUATH-HOU2
[19:05:57] 🐋 NO $3,564.00 | KXMLBGAME-26APR051335SDBOS-BOS
[19:05:57] 🐋 NO $4,182.00 | KXCITRINI-28JUL01
[19:05:57] 🐋 NO $2,639.54 | KXCITRINI-28JUL01
[19:06:43] 🐋 NO $2,616.08 | KXMLBTOTAL-26APR051510PHICOL-12
[19:07:13] 🐋 YES $2,121.00 | KXCITRINI-28JUL01
[19:07:13] 🐋 YES $3,725.90 | KXWMARMAD-26-UCLA
[19:07] Whales: 3144 | Vol: $14,490,361
[19:08:59] 🐋 NO $3,520.89 | KXMLBTOTAL-26APR051607SEALAA-10
[19:08:59] 🐋 NO $2,850.00 | KXMLBTOTAL-26APR051607SEALAA-10
[19:08:59] 🐋 NO $11,400.00 | KXMLBTOTAL-26APR051607SEALAA-10
[19:08:59] 🐋 NO $4,478.49 | KXMLBTOTAL-26APR051607SEALAA-10
[19:08:59] 🐋 NO $5,700.00 | KXMLBTOTAL-26APR051607SEALAA-10
[19:10:00] 🐋 YES $2,121.00 | KXCITRINI-28JUL01
[19:10:30] 🐋 YES $2,121.00 | KXCITRINI-28JUL01
[19:11:00] 🐋 YES $4,824.96 | KXNBAGAME-26APR05LALDAL-DAL
[19:11:30] 🐋 NO $4,879.00 | KXCITRINI-28JUL01
[19:11:30] 🐋 NO $2,639.54 | KXCITRINI-28JUL01
[19:13:01] 🐋 NO $4,879.00 | KXCITRINI-28JUL01
[19:13:01] 🐋 NO $2,355.86 | KXCITRINI-28JUL01
[19:13] Whales: 3156 | Vol: $14,542,131
[19:13:31] 🐋 YES $2,348.02 | KXWMARMAD-26-UCLA
[19:14:32] 🎯 YES $9,697.09 | KXBTC15M-26APR051515-15
[19:16:02] 🐋 YES $2,406.64 | KXNCAAMB2ML-26APR03ILLCONNMICHARIZSCARCONNTEXUCLA-MICHSCAR
[19:17:03] 🐋 YES $2,970.00 | KXMLBGAME-26APR051335BALPIT-PIT
[19:17:03] 🐋 YES $3,659.04 | KXMLBGAME-26APR051335BALPIT-PIT
[19:17:03] 🐋 YES $2,970.00 | KXMLBGAME-26APR051335BALPIT-PIT
[19:17:03] 🐋 YES $4,950.00 | KXMLBGAME-26APR051335BALPIT-PIT
[19:17:18] 🐋 YES $2,240.00 | KXMLBGAME-26APR051410TBMIN-MIN
[19:18:03] 🐋 YES $3,800.00 | KXWMARMAD-26-UCLA
[19:18:03] 🐋 NO $3,456.00 | KXNHLGAME-26APR05MINDET-DET
[19:18] Whales: 3166 | Vol: $14,580,627
[19:18:34] 🐋 YES $12,400.00 | KXNHLTOTAL-26APR05MINDET-7
[19:20:35] 🐋 YES $5,166.15 | KXMLBSPREAD-26APR051335BALPIT-PIT2
[19:20:50] 🐋 NO $4,522.40 | KXNCAAMB2ML-26APR03ILLCONNMICHARIZSCARCONNTEXUCLA-CONNUCLA
[19:22:36] 🐋 YES $5,950.00 | KXNHLGAME-26APR05MINDET-MIN
[19:23:06] 🐋 NO $3,346.02 | KXPGATOUR-VATO26-LABE
[19:23] Whales: 3171 | Vol: $14,612,012
[19:25:07] 🐋 YES $3,240.00 | KXNBASPREAD-26APR05MEMMIL-MIL6
[19:25:37] 🐋 YES $4,906.44 | KXWMARMAD-26-SCAR
[19:27:08] 🐋 YES $2,375.00 | KXWMARMAD-26-UCLA
[19:28:08] 🐋 YES $2,436.84 | KXWMARMAD-26-SCAR
[19:28] Whales: 3175 | Vol: $14,624,970
[19:29:09] 🐋 YES $2,440.00 | KXMLBGAME-26APR051435CINTEX-CIN
[19:29:24] 🐋 YES $4,812.61 | KXMVECROSSCATEGORY-S2026D2A63DCE607-2907B65DDF3
[19:29:24] 🐋 NO $3,216.85 | KXNBASPREAD-26APR05TORBOS-BOS25
[19:31:40] 🐋 NO $2,236.78 | KXWTAMATCH-26APR05BOUUDV-UDV
[19:31:55] 🐋 YES $2,730.00 | KXWTAMATCH-26APR05BOUUDV-BOU
[19:32:25] 🐋 YES $4,548.46 | KXMLBGAME-26APR051605NYMSF-SF
[19:32:25] 🐋 YES $9,879.73 | KXMLBGAME-26APR051605NYMSF-SF
[19:32:25] 🐋 YES $12,069.16 | KXMLBGAME-26APR051605NYMSF-SF
[19:32:40] 🐋 YES $10,661.49 | KXWMARMAD-26-SCAR
[19:32:40] 🐋 YES $11,025.00 | KXWMARMAD-26-SCAR
[19:33] Whales: 3185 | Vol: $14,688,590
[19:33:25] 🐋 NO $2,374.62 | KXWMARMAD-26-SCAR
[19:34:41] 🐋 YES $4,739.04 | KXNBAGAME-26APR05LALDAL-DAL
[19:36:27] 🐋 YES $4,782.40 | KXSERIEAGAME-26APR05INTROM-INT
[19:36:27] 🐋 YES $4,446.40 | KXSERIEAGAME-26APR05INTROM-INT
[19:37:27] 🐋 YES $3,270.96 | KXWMARMAD-26-SCAR
[19:38] Whales: 3190 | Vol: $14,708,204
[19:38:43] 🐋 YES $5,100.00 | KXMLBGAME-26APR051610ATLAZ-ATL
[19:40:44] 🐋 YES $2,647.84 | KXMLBGAME-26APR051435CINTEX-TEX
[19:40:44] 🐋 YES $3,063.28 | KXMLBGAME-26APR051340CHCCLE-CHC
[19:40:44] 🐋 YES $5,280.00 | KXMLBGAME-26APR051340CHCCLE-CHC
[19:40:59] 🐋 YES $4,855.20 | KXMVECROSSCATEGORY-S2026F8D08A459C5-ADDAD5EE843
[19:41:29] 🐋 NO $3,600.00 | KXMLBGAME-26APR051340CHCCLE-CLE
[19:43] Whales: 3196 | Vol: $14,732,750
[19:43:30] 🐋 YES $2,323.56 | KXNBAGAME-26APR05MEMMIL-MIL
[19:44:16] 🐋 YES $2,465.55 | KXMVESPORTSMULTIGAMEEXTENDED-S202602E7E666430-947897B1618
[19:45:46] 🐋 NO $3,505.32 | KXWMARMAD-26-SCAR
[19:46:32] 🐋 YES $3,075.00 | KXWMARMAD-26-UCLA
[19:48] Whales: 3200 | Vol: $14,744,119
[19:48:33] 🐋 YES $8,813.15 | KXMLBGAME-26APR051340CHCCLE-CHC
[19:49:03] 🐋 NO $2,892.78 | KXNCAAMBSPREAD-26APR06CONNMICH-MICH7
[19:49:18] 🐋 YES $2,744.85 | KXNBAGAME-26APR05TORBOS-BOS
[19:50:49] 🐋 YES $2,089.75 | KXMLBGAME-26APR051335SDBOS-BOS
[19:51:19] 🐋 YES $2,940.00 | KXMLBGAME-26APR051335SDBOS-SD
[19:52:35] 🐋 NO $7,488.34 | KXMLBSPREAD-26APR051605HOUATH-HOU4
[19:53:05] 🐋 YES $37,050.09 | KXNBAGAME-26APR05TORBOS-BOS
[19:53:05] 🐋 YES $7,472.85 | KXNBAGAME-26APR05TORBOS-BOS
[19:53:05] 🐋 NO $4,013.56 | KXNBAGAME-26APR05TORBOS-TOR
[19:53] Whales: 3209 | Vol: $14,819,625
[19:54:51] 🐋 YES $2,852.44 | KXMLBGAME-26APR051335LADWSH-LAD
[19:56:36] 🐋 YES $2,415.87 | KXMLBGAME-26APR051610ATLAZ-ATL
[19:57:22] 🐋 NO $4,900.00 | KXSERIEAGAME-26APR05INTROM-ROM
[19:58] Whales: 3212 | Vol: $14,829,793
[19:59:53] 🐋 YES $2,441.03 | KXNBAGAME-26APR05WASBKN-BKN
[20:00:08] 🐋 YES $6,041.18 | KXMLBGAME-26APR051605HOUATH-ATH
[20:01:09] 🐋 YES $2,251.65 | KXWMARMAD-26-UCLA
[20:03:25] 🐋 YES $9,652.94 | KXSERIEAGAME-26APR06LECATA-ATA
[20:03:25] 🐋 YES $5,740.93 | KXSERIEAGAME-26APR06LECATA-ATA
[20:03:25] 🐋 YES $2,900.00 | KXSERIEAGAME-26APR06LECATA-ATA
[20:03:25] 🐋 YES $2,850.00 | KXSERIEAGAME-26APR06LECATA-ATA
[20:03] Whales: 3219 | Vol: $14,861,671
[20:03:40] 🐋 YES $2,775.74 | KXWMARMAD-26-UCLA
[20:04:10] 🐋 YES $3,650.00 | KXSERIEAGAME-26APR06JUVGEN-JUV
[20:04:10] 🐋 YES $2,590.00 | KXSERIEAGAME-26APR06JUVGEN-JUV
[20:04:10] 🐋 YES $24,307.54 | KXSERIEAGAME-26APR06JUVGEN-JUV
[20:04:10] 🐋 YES $8,882.96 | KXSERIEAGAME-26APR06JUVGEN-JUV
[20:04:10] 🐋 YES $2,520.00 | KXSERIEAGAME-26APR06JUVGEN-JUV
[20:04:10] 🐋 YES $3,700.00 | KXSERIEAGAME-26APR06JUVGEN-JUV
[20:04:10] 🐋 YES $5,812.50 | KXWMARMAD-26-UCLA
[20:04:25] 🐋 YES $2,185.00 | KXNBAGAME-26APR05TORBOS-BOS
[20:04:56] 🐋 YES $3,578.64 | KXNBASPREAD-26APR05INDCLE-CLE12
[20:07:27] 🐋 NO $2,200.00 | KXPGATOUR-VATO26-MWAL
[20:08:27] 🐋 YES $5,638.68 | KXNBASPREAD-26APR05UTAOKC-OKC25
[20:08] Whales: 3231 | Vol: $14,929,512
[20:11:44] 🐋 NO $2,802.00 | KXBTCY-27JAN0100-B67500
[20:11:59] 🐋 NO $2,805.00 | KXBTCY-27JAN0100-B62500
[20:12:29] 🐋 NO $2,775.36 | KXPGATOUR-VATO26-RHIS
[20:13:14] 🐋 NO $2,857.71 | KXBTCY-27JAN0100-B37500
[20:13] Whales: 3235 | Vol: $14,940,752
[20:14:00] 🐋 YES $3,498.88 | KXNBAGAME-26APR05TORBOS-BOS
[20:15:00] 🐋 YES $2,302.02 | KXMLBGAME-26APR051410TORCWS-CWS
[20:15:00] 🐋 YES $2,165.40 | KXNBAGAME-26APR05MEMMIL-MIL
[20:16:01] 🐋 YES $2,051.14 | KXPGATOUR-VATO26-RMAC
[20:17:46] 🐋 YES $2,108.16 | KXNBAGAME-26APR05TORBOS-BOS
[20:18:02] 🐋 NO $2,177.56 | KXATPCHALLENGERMATCH-26APR05CATSCH-SCH
[20:18:02] 🐋 YES $2,589.60 | KXMLBGAME-26APR051335LADWSH-LAD
[20:18] Whales: 3242 | Vol: $14,957,645
[20:18:47] 🐋 YES $3,160.00 | KXWMARMAD-26-UCLA
[20:20:33] 🐋 YES $9,238.48 | KXNBAGAME-26APR05TORBOS-BOS
[20:21:18] 🐋 YES $2,179.20 | KXLIGUE1GAME-26APR05ASMOM-ASM
[20:22:03] 🐋 YES $2,902.80 | KXNCAAMB2ML-26APR03ILLCONNMICHARIZSCARCONNTEXUCLA-MICHUCLA
[20:22:34] 🐋 NO $2,419.68 | KXNBAGAME-26APR05TORBOS-TOR
[20:23:19] 🐋 YES $3,465.00 | KXURYPDGAME-26APR05CERDEF-CER
[20:23] Whales: 3248 | Vol: $14,981,010
[20:24:04] 🐋 NO $6,219.00 | KXATPMATCH-26APR05BURPAU-BUR
[20:24:50] 🐋 NO $2,226.86 | KXPGATOUR-VATO26-LABE
[20:26:05] 🐋 YES $2,590.79 | KXNBAGAME-26APR05TORBOS-BOS
[20:27:51] 🐋 YES $3,465.00 | KXLIGUE1GAME-26APR05ASMOM-ASM
[20:27:51] 🐋 YES $3,798.48 | KXLIGUE1GAME-26APR05ASMOM-ASM
[20:28:22] 🐋 YES $2,774.06 | KXMVECROSSCATEGORY-S202678A71467CFA-C5E9152E680
[20:28] Whales: 3254 | Vol: $15,002,084
[20:29:52] 🐋 NO $2,370.00 | KXATPMATCH-26APR05BURPAU-BUR
[20:29:52] 🐋 NO $12,582.90 | KXLIGUE1GAME-26APR05ASMOM-OM
[20:33] Whales: 3256 | Vol: $15,017,037
[20:34:39] 🐋 NO $2,633.07 | KXPGATOUR-VATO26-RMAC
[20:34:39] 🐋 NO $2,599.74 | KXPGATOUR-VATO26-RMAC
[20:34:39] 🐋 NO $2,666.40 | KXPGATOUR-VATO26-RMAC
[20:35:10] 🐋 NO $2,265.07 | KXNBAGAME-26APR05PHXCHI-CHI
[20:35:40] 🐋 YES $2,675.00 | KXPGATOUR-VATO26-RMAC
[20:38:11] 🐋 NO $4,779.72 | KXPGATOUR-VATO26-LABE
[20:38:11] 🐋 NO $3,580.83 | KXPGATOUR-VATO26-LABE
[20:38] Whales: 3263 | Vol: $15,038,237
[20:38:56] 🐋 YES $2,090.56 | KXMLBGAME-26APR051410TBMIN-TB
[20:38:56] 🐋 YES $2,589.70 | KXMLBGAME-26APR051410TBMIN-TB
[20:39:11] 🐋 NO $4,554.28 | KXNBAGAME-26APR05MEMMIL-MEM
[20:39:27] 🐋 NO $3,386.91 | KXNBAGAME-26APR05PHXCHI-CHI
[20:39:57] 🐋 NO $3,243.92 | KXMLBGAME-26APR051510PHICOL-PHI
[20:42:13] 🐋 NO $4,396.84 | KXWMARMAD-26-SCAR
[20:42:58] 🐋 NO $3,480.00 | KXBTCD-26APR0517-T67749.99
[20:43] Whales: 3270 | Vol: $15,061,979
[20:44:14] 🐋 NO $3,905.76 | KXATPCHALLENGERMATCH-26APR05VANMAR-VAN
[20:44:44] 🐋 YES $3,150.00 | KXMLBTOTAL-26APR051435CINTEX-5
[20:44:59] 🐋 YES $3,160.54 | KXBTCD-26APR0517-T67499.99
[20:46:45] 🐋 YES $2,900.00 | KXPGATOUR-VATO26-JSPA
[20:46:45] 🐋 YES $3,658.00 | KXPGATOUR-VATO26-JSPA
[20:47:30] 🐋 YES $3,950.00 | KXWMARMAD-26-UCLA
[20:47:30] 🐋 NO $2,236.02 | KXWMARMAD-26-SCAR
[20:47:30] 🐋 NO $4,100.00 | KXWMARMAD-26-SCAR
[20:47:46] 🐋 NO $2,641.32 | KXMLBTOTAL-26APR051410TBMIN-7
[20:48:46] 🐋 NO $2,328.30 | KXPGATOUR-VATO26-JSPA
[20:48] Whales: 3280 | Vol: $15,094,009
[20:50:32] 🐋 NO $4,700.00 | KXWMARMAD-26-SCAR
[20:50:47] 🐋 YES $2,940.30 | KXNHLGAME-26APR05CAROTT-CAR
[20:51:32] 🐋 YES $2,866.56 | KXWMARMAD-26-UCLA
[20:51:47] 🐋 YES $5,389.80 | KXATPMATCH-26APR05BURPAU-PAU
[20:53:03] 🐋 NO $9,162.37 | KXNBASPREAD-26APR05PHXCHI-PHX19
[20:53] Whales: 3285 | Vol: $15,119,068
[20:54:34] 🐋 YES $17,857.70 | KXWMARMAD-26-UCLA
[20:54:34] 🐋 YES $3,847.02 | KXWMARMAD-26-UCLA
[20:56:04] 🐋 NO $4,785.34 | KXWMARMAD-26-SCAR
[20:56:20] 🐋 YES $3,317.76 | KXMLBGAME-26APR051335LADWSH-LAD
[20:56:35] 🐋 YES $3,124.24 | KXWMARMAD-26-UCLA
[20:56:35] 🐋 NO $8,293.74 | KXWMARMAD-26-SCAR
[20:57:05] 🐋 YES $2,413.44 | KXMLBGAME-26APR051335LADWSH-LAD
[20:57:05] 🐋 YES $2,201.76 | KXMLBGAME-26APR051335LADWSH-LAD
[20:57:35] 🐋 YES $4,272.80 | KXWMARMAD-26-UCLA
[20:58:05] 🐋 NO $2,940.00 | KXWMARMAD-26-SCAR
[20:58:05] 🐋 NO $9,800.00 | KXWMARMAD-26-SCAR
[20:58:20] 🐋 YES $8,374.10 | KXWMARMAD-26-UCLA
[20:58] Whales: 3297 | Vol: $15,190,296
[20:59:06] 🐋 NO $4,807.62 | KXPGATOUR-VATO26-JSPA
[21:00:22] 🐋 YES $4,882.92 | KXNBAGAME-26APR05TORBOS-BOS
[21:00:22] 🐋 NO $2,813.76 | KXMVESPORTSMULTIGAMEEXTENDED-S2026D634CAFDD7F-69C465C8974
[21:01:07] 🐋 YES $2,200.00 | KXLALIGAGAME-26APR06GIRVIL-VIL
[21:01:07] 🐋 YES $7,943.32 | KXLALIGAGAME-26APR06GIRVIL-VIL
[21:02:07] 🐋 YES $3,579.38 | KXATPMATCH-26APR05BURPAU-PAU
[21:02:22] 🐋 YES $4,688.30 | KXMVESPORTSMULTIGAMEEXTENDED-S2026840D96F391F-B03781752E5
[21:03:08] 🐋 YES $2,994.23 | KXNCAAMBCBC-26-WVU
[21:03:23] 🐋 YES $7,680.00 | KXMLBGAME-26APR051410MILKC-MIL
[21:03:23] 🐋 YES $2,772.48 | KXMLBGAME-26APR051410MILKC-MIL
[21:03:53] 🐋 YES $2,574.62 | KXNBAGAME-26APR05TORBOS-TOR
[21:03] Whales: 3308 | Vol: $15,237,233
[21:04:39] 🐋 YES $2,727.64 | KXMLBGAME-26APR051410MILKC-MIL
[21:04:54] 🐋 YES $3,613.98 | KXMLBGAME-26APR051510PHICOL-COL
[21:06:09] 🐋 NO $2,564.80 | KXNBASPREAD-26APR05TORBOS-BOS10
[21:06:09] 🐋 NO $4,435.20 | KXNBASPREAD-26APR05TORBOS-BOS10
[21:06:24] 🐋 NO $2,337.16 | KXATPMATCH-26APR05BURPAU-BUR
[21:06:55] 🐋 NO $2,516.20 | KXNBAGAME-26APR05PHXCHI-CHI
[21:08:10] 🐋 YES $2,168.64 | KXNCAAWBSPREAD-26APR05SCARUCLA-UCLA6
[21:08:25] 🐋 NO $2,097.41 | KXMVESPORTSMULTIGAMEEXTENDED-S202622D79481A5B-2D483C8620C
[21:08] Whales: 3316 | Vol: $15,259,694
[21:09:11] 🐋 NO $2,323.76 | KXPGATOUR-VATO26-JSPA
[21:10:41] 🐋 NO $2,400.00 | KXPGATOUR-VATO26-RMAC
[21:10:41] 🐋 NO $4,791.36 | KXPGATOUR-VATO26-RMAC
[21:10:57] 🐋 NO $4,697.42 | KXMVESPORTSMULTIGAMEEXTENDED-S2026B8C07EE778E-0F9DB4DC340
[21:10:57] 🐋 NO $3,742.62 | KXATPCHALLENGERMATCH-26APR05BROBIG-BRO
[21:12:12] 🐋 YES $3,537.45 | KXATPMATCH-26APR05BURPAU-PAU
[21:12:42] 🐋 YES $2,432.16 | KXMLBGAME-26APR051435CINTEX-CIN
[21:13:13] 🐋 NO $3,544.39 | KXMVESPORTSMULTIGAMEEXTENDED-S20267C39118C3B1-FF91A11CB61
[21:13:43] 🐋 NO $2,910.00 | KXPGATOUR-VATO26-RMAC
[21:13:43] 🐋 YES $3,894.62 | KXMLBGAME-26APR051335MIANYY-NYY
[21:13] Whales: 3326 | Vol: $15,293,967
[21:14:28] 🐋 YES $2,627.80 | KXMLBGAME-26APR051605NYMSF-NYM
[21:15:44] 🐋 YES $2,373.14 | KXMVECROSSCATEGORY-S202660902FBB452-FC2EB1640D6
[21:16:14] 🐋 YES $4,285.44 | KXATPMATCH-26APR05BURPAU-PAU
[21:16:14] 🐋 YES $21,863.80 | KXNBAGAME-26APR05UTAOKC-OKC
[21:16:14] 🐋 YES $38,051.44 | KXNBAGAME-26APR05UTAOKC-OKC
[21:19:00] 🐋 YES $2,412.48 | KXMLBGAME-26APR051605HOUATH-HOU
[21:19] Whales: 3332 | Vol: $15,365,581
[21:19:16] 🐋 YES $5,380.00 | KXNCAAMBSPREAD-26APR05OKLAWVU-OKLA3
[21:19:16] 🐋 YES $3,605.00 | KXNCAAMBSPREAD-26APR05OKLAWVU-OKLA3
[21:19:16] 🐋 YES $9,418.00 | KXNCAAMBSPREAD-26APR05OKLAWVU-OKLA3
[21:20:01] 🐋 YES $3,480.00 | KXMLBGAME-26APR051435CINTEX-CIN
[21:20:16] 🐋 NO $4,965.08 | KXNBASPREAD-26APR05TORBOS-BOS10
[21:20:46] 🐋 NO $4,675.44 | KXPGATOUR-VATO26-APUT
[21:20:46] 🐋 YES $2,580.60 | KXNBAGAME-26APR05WASBKN-BKN
[21:21:32] 🐋 NO $2,432.32 | KXMLBGAME-26APR051920STLDET-DET
[21:21:32] 🐋 NO $3,594.36 | KXMLBGAME-26APR051920STLDET-DET
[21:21:32] 🐋 NO $5,500.00 | KXMLBGAME-26APR051920STLDET-DET
[21:22:02] 🐋 YES $2,800.00 | KXMLBGAME-26APR051920STLDET-DET
[21:23:18] 🐋 YES $2,592.00 | KXATPMATCH-26APR05BURPAU-BUR
[21:24:03] 🐋 YES $4,655.07 | KXMARMAD-26-CONN
[21:24] Whales: 3345 | Vol: $15,421,259
[21:25:03] 🐋 YES $2,600.00 | KXNBAGAME-26APR05LALDAL-LAL
[21:26:19] 🐋 YES $27,943.72 | KXNBAGAME-26APR05UTAOKC-OKC
[21:26:19] 🐋 NO $2,953.48 | KXNBAGAME-26APR05TORBOS-TOR
[21:28:35] 🐋 NO $3,526.62 | KXMLBTOTAL-26APR051920STLDET-9
[21:28:35] 🐋 NO $3,700.46 | KXMLBTOTAL-26APR051920STLDET-9
[21:29] Whales: 3350 | Vol: $15,461,984
[21:31:21] 🐋 YES $2,727.20 | KXPGATOUR-VATO26-RMAC
[21:33:07] 🐋 YES $2,490.00 | KXNBAGAME-26APR05PHXCHI-PHX
[21:33:37] 🐋 NO $2,050.00 | KXNBAGAME-26APR05PHXCHI-CHI
[21:34:08] 🐋 YES $2,220.00 | KXATPMATCH-26APR05BURPAU-BUR
[21:34] Whales: 3354 | Vol: $15,471,471
[21:35:08] 🐋 YES $3,989.58 | KXNBAGAME-26APR05LALDAL-DAL
[21:35:08] 🐋 YES $3,989.58 | KXNBAGAME-26APR05LALDAL-DAL
[21:35:08] 🐋 YES $11,700.22 | KXNBAGAME-26APR05LALDAL-DAL
[21:35:08] 🐋 YES $3,989.58 | KXNBAGAME-26APR05LALDAL-DAL
[21:35:08] 🐋 YES $3,989.58 | KXNBAGAME-26APR05LALDAL-DAL
[21:35:08] 🐋 YES $3,989.58 | KXNBAGAME-26APR05LALDAL-DAL
[21:36:24] 🐋 YES $2,449.92 | KXNBAGAME-26APR05WASBKN-WAS
[21:37:09] 🐋 YES $2,259.80 | KXLAYOFFSYINFO-26-494000
[21:37:24] 🐋 NO $4,050.00 | KXMLBGAME-26APR051605HOUATH-ATH
[21:37:54] 🐋 YES $38,352.60 | KXNBAGAME-26APR05TORBOS-BOS
[21:37:54] 🐋 YES $5,671.71 | KXNBAGAME-26APR05TORBOS-BOS
[21:38:25] 🐋 YES $2,133.66 | KXMLBGAME-26APR051335MIANYY-NYY
[21:38:40] 🐋 YES $6,300.00 | KXNBAGAME-26APR05PHXCHI-PHX
[21:39] Whales: 3367 | Vol: $15,564,337
[21:39:25] 🐋 YES $2,125.00 | KXPGATOUR-VATO26-JSPA
[21:40:41] 🐋 NO $2,856.00 | KXBTCY-27JAN0100-B82500
[21:41:41] 🐋 NO $4,859.44 | KXCPI-26MAR-T1.1
[21:42:11] 🐋 NO $3,130.38 | KXNBAGAME-26APR05TORBOS-TOR
[21:42:26] 🐋 NO $2,458.17 | KXSURVIVOR-26DEC31-JOE
[21:43:27] 🐋 YES $3,641.04 | KXMLBGAME-26APR051605HOUATH-HOU
[21:44] Whales: 3373 | Vol: $15,583,407
[21:45:43] 🐋 YES $2,497.77 | KXBTCD-26APR0617-T62999.99
[21:45:43] 🐋 YES $6,168.88 | KXMLBGAME-26APR051610ATLAZ-AZ
[21:45:43] 🐋 YES $2,320.00 | KXMLBGAME-26APR051610ATLAZ-AZ
[21:45:43] 🐋 YES $2,032.90 | KXMLBGAME-26APR051610ATLAZ-AZ
[21:45:43] 🐋 YES $2,320.00 | KXMLBGAME-26APR051610ATLAZ-AZ
[21:45:43] 🐋 YES $2,320.00 | KXMLBGAME-26APR051610ATLAZ-AZ
[21:45:58] 🐋 NO $2,971.80 | KXATPMATCH-26APR05BURPAU-PAU
[21:47:44] 🐋 NO $3,317.92 | KXMLBGAME-26APR051335LADWSH-LAD
[21:47:44] 🐋 NO $3,000.00 | KXNBAGAME-26APR05PHXCHI-PHX
[21:49] Whales: 3382 | Vol: $15,610,356
[21:50:15] 🐋 NO $2,551.52 | KXMARMAD-26-CONN
[21:51:01] 🐋 NO $2,360.60 | KXMLBTOTAL-26APR051607SEALAA-9
[21:51:16] 🐋 YES $2,035.46 | KXBTCD-26APR0518-T67399.99
[21:52:01] 🐋 YES $2,654.22 | KXNBAGAME-26APR05INDCLE-CLE
[21:52:31] 🐋 YES $10,939.13 | KXNBAGAME-26APR05CHAMIN-CHA
[21:52:31] 🐋 YES $3,582.60 | KXNBAGAME-26APR05CHAMIN-CHA
[21:52:31] 🐋 YES $2,068.56 | KXNBAGAME-26APR05ORLNOP-ORL
[21:53:02] 🐋 NO $4,250.00 | KXPGATOUR-VATO26-RMAC
[21:54:02] 🐋 YES $4,716.60 | KXPGATOUR-VATO26-RMAC
[21:54] Whales: 3391 | Vol: $15,645,515
[21:58:19] 🐋 NO $2,730.00 | KXNBAGAME-26APR05WASBKN-WAS
[21:59] Whales: 3392 | Vol: $15,648,245
[22:00:05] 🐋 NO $5,653.89 | KXNBAGAME-26APR05WASBKN-WAS
[22:00:05] 🐋 YES $2,733.06 | KXMLBGAME-26APR051605NYMSF-SF
[22:00:50] 🐋 NO $8,295.85 | KXPGATOUR-VATO26-RMAC
[22:00:50] 🐋 YES $6,426.25 | KXATPMATCH-26APR05BURPAU-BUR
[22:00:50] 🐋 YES $5,969.28 | KXATPMATCH-26APR05BURPAU-BUR
[22:00:50] 🐋 YES $5,691.45 | KXATPMATCH-26APR05BURPAU-BUR
[22:00:50] 🐋 YES $6,975.64 | KXATPMATCH-26APR05BURPAU-BUR
[22:00:50] 🐋 YES $3,894.72 | KXATPMATCH-26APR05BURPAU-BUR
[22:03:07] 🐋 YES $4,955.58 | KXMLBGAME-26APR051605NYMSF-NYM
[22:03:37] 🐋 YES $2,831.98 | KXATPMATCH-26APR05BURPAU-BUR
[22:04:07] 🐋 NO $3,670.82 | KXMLBGAME-26APR051605NYMSF-NYM
[22:04:22] 🐋 NO $2,360.00 | KXMLBGAME-26APR051605NYMSF-NYM
[22:04] Whales: 3404 | Vol: $15,707,703
[22:06:38] 🐋 YES $5,627.19 | KXMVECROSSCATEGORY-S202633FDB6BC6EB-8D6B7EDD071
[22:07:39] 🐋 YES $4,762.51 | KXMVESPORTSMULTIGAMEEXTENDED-S20261ED60541E10-5C579225C41
[22:09:25] 🐋 NO $3,833.18 | KXNBASPREAD-26APR05INDCLE-CLE15
[22:09] Whales: 3407 | Vol: $15,721,926
[22:12:26] 🐋 YES $3,840.00 | KXMLBGAME-26APR051605NYMSF-NYM
[22:13:42] 🐋 NO $4,500.00 | KXPGATOUR-VATO26-RMAC
[22:13:42] 🐋 NO $4,500.00 | KXPGATOUR-VATO26-RMAC
[22:13:42] 🐋 NO $4,500.00 | KXPGATOUR-VATO26-RMAC
[22:14:12] 🐋 NO $3,500.00 | KXMLBGAME-26APR051335LADWSH-WSH
[22:14:12] 🐋 NO $3,752.00 | KXMLBGAME-26APR051335LADWSH-WSH
[22:14] Whales: 3413 | Vol: $15,746,518
[22:15:12] 🐋 YES $2,226.60 | KXNBAGAME-26APR05INDCLE-CLE
[22:15:28] 🐋 NO $3,153.17 | KXMLBGAME-26APR051335LADWSH-WSH
[22:15:43] 🐋 YES $2,464.80 | KXMLBGAME-26APR051610ATLAZ-ATL
[22:16:43] 🐋 YES $2,629.77 | KXNBATOTAL-26APR05INDCLE-252
[22:18:44] 🐋 YES $3,880.00 | KXMLBGAME-26APR051605NYMSF-NYM
[22:19] Whales: 3418 | Vol: $15,760,872
[22:21:00] 🐋 YES $7,054.72 | KXMLBGAME-26APR051335LADWSH-LAD
[22:21:00] 🐋 YES $3,173.76 | KXMLBGAME-26APR051335LADWSH-LAD
[22:21:15] 🐋 YES $4,900.00 | KXNBAGAME-26APR05LALDAL-DAL
[22:24] Whales: 3421 | Vol: $15,776,001
[22:25:33] 🐋 NO $2,655.77 | KXETHY-27JAN0100-T1000.00
[22:26:03] 🐋 YES $4,988.71 | KXATPCHALLENGERMATCH-26APR05WISMCK-WIS
[22:27:03] 🐋 NO $2,488.20 | KXATPCHALLENGERMATCH-26APR05BROBIG-BRO
[22:29] Whales: 3424 | Vol: $15,786,133
[22:30:20] 🐋 YES $8,705.25 | KXMLBGAME-26APR041915CHCCLE-CLE
[22:31:05] 🐋 NO $4,856.40 | KXPGATOUR-MAST26-LABE
[22:31:35] 🐋 YES $3,304.40 | KXNBAGAME-26APR05INDCLE-CLE
[22:31:51] 🐋 NO $2,102.36 | KXMLBGAME-26APR041915CHCCLE-CHC
[22:32:06] 🐋 YES $3,880.00 | KXMLBGAME-26APR051335LADWSH-LAD
[22:32:06] 🐋 YES $2,880.00 | KXMLBGAME-26APR051335LADWSH-LAD
[22:33:21] 🐋 NO $2,443.14 | KXNCAAMBNEXTCOACH-UNC26-DMAY
[22:34] Whales: 3431 | Vol: $15,814,305
[22:35:52] 🐋 YES $2,858.33 | KXMVESPORTSMULTIGAMEEXTENDED-S2026D8BD1A84025-DE5224A27F3
[22:36:23] 🐋 YES $3,511.53 | KXATPCHALLENGERMATCH-26APR05BROBIG-BIG
[22:36:38] 🐋 NO $3,237.30 | KXATPCHALLENGERMATCH-26APR05BROBIG-BRO
[22:37:08] 🐋 YES $5,186.25 | KXATPCHALLENGERMATCH-26APR05DUCMEJ-MEJ
[22:37:38] 🐋 YES $4,800.00 | KXMLBGAME-26APR041915CHCCLE-CLE
[22:37:38] 🐋 YES $2,184.96 | KXMLBGAME-26APR051605NYMSF-NYM
[22:38:08] 🐋 YES $3,560.00 | KXNBAGAME-26APR05INDCLE-CLE
[22:38:23] 🐋 NO $4,546.32 | KXMLBGAME-26APR051605HOUATH-HOU
[22:38:23] 🐋 NO $9,349.71 | KXMLBGAME-26APR051605HOUATH-HOU
[22:38:39] 🐋 YES $4,810.83 | KXNHLGAME-26APR05WSHNYR-WSH
[22:38:54] 🐋 NO $3,466.90 | KXMARMAD-26-CONN
[22:39] Whales: 3442 | Vol: $15,861,817
[22:40:40] 🐋 NO $3,513.29 | KXMVECROSSCATEGORY-S2026634EB684D74-D4490ABDCB7
[22:41:10] 🐋 NO $2,201.16 | KXNCAAMBCBC-26-WVU
[22:41:10] 🐋 YES $2,553.00 | KXMARMAD-26-MICH
[22:41:40] 🐋 YES $2,760.00 | KXMLBGAME-26APR041915CHCCLE-CHC
[22:41:40] 🐋 YES $7,496.94 | KXMARMAD-26-MICH
[22:42:10] 🐋 YES $2,360.00 | KXMLBGAME-26APR051610ATLAZ-AZ
[22:42:25] 🐋 YES $3,218.98 | KXNBAGAME-26APR05INDCLE-CLE
[22:42:25] 🐋 YES $2,644.50 | KXNBAGAME-26APR05INDCLE-CLE
[22:42:40] 🐋 YES $2,065.38 | KXNCAAMBCBC-26-OKLA
[22:42:40] 🐋 YES $7,709.07 | KXNCAAMBCBC-26-OKLA
[22:42:40] 🐋 YES $2,632.14 | KXNBAGAME-26APR05CHAMIN-CHA
[22:43:26] 🐋 YES $4,810.83 | KXNBASPREAD-26APR05ORLNOP-ORL6
[22:44:26] 🐋 YES $4,161.08 | KXMLBGAME-26APR051335LADWSH-LAD
[22:44:26] 🐋 YES $3,720.00 | KXMLBGAME-26APR051605HOUATH-ATH
[22:44:41] 🐋 YES $2,538.36 | KXMLBGAME-26APR051335LADWSH-LAD
[22:44] Whales: 3457 | Vol: $15,916,202
[22:46:27] 🐋 YES $4,397.74 | KXNCAAMBNIT-26-AUB
[22:46:57] 🐋 NO $4,399.71 | KXNBAGAME-26APR05LALDAL-LAL
[22:46:57] 🐋 NO $11,871.23 | KXNBAGAME-26APR05LALDAL-LAL
[22:46:57] 🐋 NO $3,267.81 | KXNBAGAME-26APR05LALDAL-LAL
[22:46:57] 🐋 YES $3,120.00 | KXMLBGAME-26APR041915CHCCLE-CHC
[22:47:43] 🐋 NO $3,053.05 | KXNBAGAME-26APR05INDCLE-IND
[22:48:13] 🐋 YES $21,730.68 | KXMLBGAME-26APR051920STLDET-DET
[22:48:13] 🐋 YES $2,183.67 | KXMLBGAME-26APR051920STLDET-DET
[22:48:13] 🐋 YES $4,309.20 | KXMLBGAME-26APR051920STLDET-DET
[22:48:28] 🐋 YES $2,764.80 | KXNBASPREAD-26APR05INDCLE-CLE9
[22:49] Whales: 3467 | Vol: $15,977,300
[22:51:00] 🐋 YES $3,080.00 | KXNBAGAME-26APR05INDCLE-CLE
[22:52:30] 🐋 NO $2,692.30 | KXMLBGAME-26APR051610ATLAZ-ATL
[22:52:45] 🐋 YES $2,135.64 | KXNBAGAME-26APR05INDCLE-CLE
[22:54:16] 🐋 YES $2,350.60 | KXNBAGAME-26APR05ORLNOP-ORL
[22:54:31] 🐋 YES $2,921.10 | KXMLBGAME-26APR051335MIANYY-NYY
[22:54:46] 🐋 YES $3,490.20 | KXNBAGAME-26APR05CHAMIN-CHA
[22:54] Whales: 3473 | Vol: $15,993,970
[22:56:32] 🐋 YES $6,891.84 | KXATPCHALLENGERMATCH-26APR05BROBIG-BIG
[22:56:32] 🐋 YES $2,603.00 | KXATPCHALLENGERMATCH-26APR05BROBIG-BIG
[22:56:32] 🐋 YES $6,600.85 | KXATPCHALLENGERMATCH-26APR05BROBIG-BIG
[22:56:32] 🐋 YES $2,354.10 | KXATPCHALLENGERMATCH-26APR05BROBIG-BIG
[22:57:17] 🐋 NO $2,881.92 | KXMLBGAME-26APR051607SEALAA-SEA
[22:58:18] 🐋 YES $4,305.92 | KXATPCHALLENGERMATCH-26APR05HAYDEL-DEL
[22:58:18] 🐋 YES $4,643.60 | KXNBAGAME-26APR05LALDAL-LAL
[22:58:18] 🐋 YES $10,200.00 | KXNHLGAME-26APR05WSHNYR-WSH
[22:58:18] 🐋 YES $4,471.68 | KXNHLGAME-26APR05WSHNYR-WSH
[22:59:03] 🐋 YES $4,046.68 | KXNBAGAME-26APR05INDCLE-CLE
[22:59:03] 🐋 YES $2,760.00 | KXNBAGAME-26APR05INDCLE-CLE
[22:59:03] 🐋 YES $2,021.98 | KXNBAGAME-26APR05INDCLE-IND
[22:59:48] 🐋 YES $14,307.38 | KXMVESPORTSMULTIGAMEEXTENDED-S202654955C15E20-F9EA455179D
[22:59] Whales: 3486 | Vol: $16,062,059
[23:00:19] 🐋 YES $2,682.68 | KXMLBGAME-26APR051607SEALAA-LAA
[23:01:04] 🐋 YES $5,469.93 | KXATPCHALLENGERMATCH-26APR05HAYDEL-DEL
[23:01:50] 🐋 YES $2,422.98 | KXNBAGAME-26APR05CHAMIN-CHA
[23:02:35] 🐋 YES $5,817.60 | KXNBAGAME-26APR05CHAMIN-CHA
[23:03:05] 🐋 YES $2,397.00 | KXMLBGAME-26APR051605HOUATH-ATH
[23:04] Whales: 3491 | Vol: $16,080,849
[23:06:07] 🐋 NO $4,107.20 | KXMLBGAME-26APR051610ATLAZ-ATL
[23:06:52] 🐋 NO $2,567.07 | KXMLBGAME-26APR051610ATLAZ-ATL
[23:06:52] 🐋 YES $2,088.87 | KXNCAAMBCBC-26-OKLA
[23:07:52] 🐋 YES $3,412.14 | KXNBAGAME-26APR05CHAMIN-MIN
[23:07:52] 🐋 YES $5,402.74 | KXNBAGAME-26APR05CHAMIN-MIN
[23:08:08] 🐋 YES $3,240.00 | KXMLBGAME-26APR051335MIANYY-NYY
[23:08:23] 🐋 YES $2,985.60 | KXNBAGAME-26APR05CHAMIN-CHA
[23:09:08] 🐋 YES $2,231.20 | KXMLBGAME-26APR051335MIANYY-NYY
[23:09] Whales: 3499 | Vol: $16,106,884
[23:10:08] 🐋 YES $3,952.95 | KXMLBGAME-26APR051920STLDET-DET
[23:11:54] 🐋 NO $3,189.69 | KXNBAGAME-26APR05INDCLE-IND
[23:14:10] 🐋 YES $2,401.49 | KXMLBGAME-26APR051607SEALAA-SEA
[23:14:56] 🐋 NO $5,600.00 | KXMLBGAME-26APR051605HOUATH-HOU
[23:14:56] 🐋 YES $2,023.01 | KXMLBGAME-26APR051607SEALAA-SEA
[23:14] Whales: 3504 | Vol: $16,124,051
[23:15:26] 🐋 YES $2,005.31 | KXNBAGAME-26APR05ORLNOP-ORL
[23:16:26] 🐋 YES $2,853.90 | KXMARMAD-26-CONN
[23:18:58] 🐋 YES $5,083.65 | KXNBAGAME-26APR05UTAOKC-OKC
[23:19] Whales: 3507 | Vol: $16,133,994
[23:20:28] 🐋 YES $2,737.30 | KXNBAGAME-26APR05CHAMIN-CHA
[23:24:00] 🐋 NO $2,992.20 | KXMLBGAME-26APR051605HOUATH-HOU
[23:24:15] 🐋 NO $5,857.46 | KXNBAGAME-26APR05INDCLE-IND
[23:25:00] 🐋 YES $4,300.00 | KXMLBGAME-26APR051605HOUATH-HOU
[23:25] Whales: 3511 | Vol: $16,149,881
[23:25:31] 🐋 YES $3,259.20 | KXNBAGAME-26APR05INDCLE-CLE
[23:25:31] 🐋 YES $2,661.96 | KXNBAGAME-26APR05INDCLE-CLE
[23:25:31] 🐋 YES $2,100.00 | KXMLBGAME-26APR051920STLDET-DET
[23:26:01] 🐋 YES $3,360.00 | KXNBAGAME-26APR05INDCLE-CLE
[23:27:31] 🐋 YES $4,970.00 | KXMLBGAME-26APR051607SEALAA-SEA
[23:27:31] 🐋 YES $4,970.00 | KXMLBGAME-26APR051607SEALAA-SEA
[23:27:31] 🐋 NO $2,130.00 | KXMLBGAME-26APR051607SEALAA-LAA
[23:27:31] 🐋 NO $2,104.44 | KXMLBGAME-26APR051607SEALAA-LAA
[23:27:31] 🐋 NO $2,712.96 | KXNBAGAME-26APR05CHAMIN-MIN
[23:27:31] 🐋 NO $7,200.00 | KXNBAGAME-26APR05CHAMIN-MIN
[23:27:31] 🐋 NO $7,200.00 | KXNBAGAME-26APR05CHAMIN-MIN
[23:30] Whales: 3522 | Vol: $16,192,549
[23:32:34] 🐋 NO $2,531.20 | KXNBAGAME-26APR05INDCLE-IND
[23:35] Whales: 3523 | Vol: $16,195,080
[23:37:36] 🐋 NO $2,827.62 | KXNCAAMBCBC-26-WVU
[23:38:52] 🐋 YES $2,770.56 | KXNBAGAME-26APR05INDCLE-CLE
[23:40:08] 🐋 YES $2,095.32 | KXNBAGAME-26APR05INDCLE-CLE
[23:40:08] 🐋 YES $3,040.00 | KXNBAGAME-26APR05INDCLE-CLE
[23:40] Whales: 3527 | Vol: $16,205,814
[23:40:23] 🐋 YES $2,282.50 | KXMLBGAME-26APR051607SEALAA-LAA
[23:45] Whales: 3528 | Vol: $16,208,096
[23:45:55] 🐋 YES $5,066.56 | KXNBAGAME-26APR05INDCLE-CLE
[23:46:11] 🐋 YES $19,097.28 | KXIPLGAME-26APR06PBKSKKR-PBKS
[23:46:41] 🐋 YES $2,210.85 | KXNCAAMBSPREAD-26APR05TLSAAUB-AUB5
[23:49:57] 🐋 YES $4,951.80 | KXNBAGAME-26APR05CHAMIN-CHA
[23:50] Whales: 3532 | Vol: $16,239,423
[23:52:28] 🐋 YES $4,855.80 | KXNCAAMBNIT-26-TLSA
[23:52:28] 🐋 YES $4,436.70 | KXNCAAMBNIT-26-TLSA
[23:53:59] 🐋 YES $2,000.00 | KXMLBGAME-26APR051605HOUATH-ATH
[23:54:14] 🐋 NO $3,792.40 | KXBTCD-26APR0520-T69099.99
[23:54:59] 🐋 NO $2,849.25 | KXMLBGAME-26APR051335MIANYY-NYY
[23:54:59] 🐋 NO $4,100.00 | KXMLBGAME-26APR051605HOUATH-ATH
[23:55] Whales: 3538 | Vol: $16,261,457
[23:55:30] 🐋 NO $2,426.04 | KXMLBGAME-26APR051335MIANYY-NYY
[23:59:31] 🐋 YES $2,033.44 | KXNCAAMBNIT-26-AUB
[23:59:31] 🐋 YES $2,343.00 | KXNCAAMBNIT-26-AUB
[23:59:46] 🐋 YES $2,100.00 | KXNBATOTAL-26APR05UTAOKC-247
[00:00] Whales: 3542 | Vol: $16,270,359
[00:01:02] 🎯 YES $3,889.16 | KXBTC15M-26APR052015-15
[00:01:32] 🐋 NO $2,371.50 | KXNBAGAME-26APR05INDCLE-IND
[00:02:03] 🐋 NO $7,668.08 | KXNBAGAME-26APR05CHAMIN-MIN
[00:02:03] 🎯 YES $4,850.00 | KXBTC15M-26APR052015-15
[00:02:03] 🎯 YES $4,193.31 | KXBTC15M-26APR052015-15
[00:02:33] 🐋 NO $2,219.58 | KXATPCHALLENGERMATCH-26APR05DUCMEJ-DUC
[00:03:18] 🐋 YES $3,142.80 | KXNBAGAME-26APR05INDCLE-CLE
[00:03:18] 🐋 YES $6,292.80 | KXNBAGAME-26APR05INDCLE-CLE
[00:03:49] 🐋 YES $20,575.02 | KXMLBGAME-26APR051335MIANYY-MIA
[00:05] Whales: 3551 | Vol: $16,325,562
[00:05:50] 🐋 NO $3,528.00 | KXNBAGAME-26APR05INDCLE-IND
[00:05:50] 🐋 YES $3,477.30 | KXNBAGAME-26APR05LALDAL-DAL
[00:06:50] 🐋 NO $4,402.20 | KXMLBSPREAD-26APR061845MILBOS-BOS2
[00:07:05] 🐋 YES $2,938.56 | KXNBAGAME-26APR05INDCLE-CLE
[00:08:21] 🐋 YES $6,528.60 | KXNCAAMBNIT-26-AUB
[00:09:06] 🐋 YES $3,760.00 | KXNBAGAME-26APR05INDCLE-CLE
[00:09:36] 🐋 YES $5,314.14 | KXNCAAMBNIT-26-AUB
[00:10] Whales: 3558 | Vol: $16,355,510
[00:10:37] 🐋 YES $2,438.40 | KXNCAAMBNIT-26-AUB
[00:13:08] 🐋 YES $6,854.12 | KXNBAGAME-26APR05INDCLE-CLE
[00:13:23] 🐋 YES $2,015.24 | KXNBAGAME-26APR05LALDAL-DAL
[00:13:53] 🐋 YES $2,166.32 | KXNBAGAME-26APR05CHAMIN-CHA
[00:14:23] 🐋 NO $4,989.82 | KXMARMAD-26-CONN
[00:15:24] 🐋 YES $2,286.16 | KXNCAAMBNIT-26-AUB
[00:15:24] 🐋 YES $2,913.30 | KXNBAGAME-26APR05LALDAL-DAL
[00:15:24] 🐋 YES $3,800.00 | KXMLBGAME-26APR051335MIANYY-MIA
[00:15:24] 🐋 YES $3,249.95 | KXMLBGAME-26APR051335MIANYY-MIA
[00:15:24] 🐋 YES $3,800.00 | KXMLBGAME-26APR051335MIANYY-MIA
[00:15:24] 🐋 YES $3,800.00 | KXMLBGAME-26APR051335MIANYY-MIA
[00:15:24] 🐋 YES $2,025.40 | KXMLBGAME-26APR051335MIANYY-MIA
[00:15] Whales: 3570 | Vol: $16,395,849
[00:17:10] 🐋 YES $2,449.10 | KXMLBGAME-26APR051335MIANYY-MIA
[00:17:10] 🐋 YES $2,112.00 | KXNBAGAME-26APR05LALDAL-DAL
[00:17:10] 🐋 YES $5,278.28 | KXNBAGAME-26APR05CHAMIN-MIN
[00:17:10] 🐋 YES $2,271.64 | KXNBAGAME-26APR05CHAMIN-MIN
[00:17:25] 🐋 NO $2,640.00 | KXNBAGAME-26APR05LALDAL-LAL
[00:17:25] 🐋 NO $11,692.33 | KXNBAGAME-26APR05ORLNOP-ORL
[00:17:55] 🐋 YES $2,273.20 | KXMLBTOTAL-26APR051920STLDET-8
[00:18:10] 🐋 YES $9,600.00 | KXNBAGAME-26APR05ORLNOP-ORL
[00:18:56] 🐋 YES $8,737.74 | KXNBATOTAL-26APR05UTAOKC-223
[00:19:41] 🐋 NO $6,133.20 | KXAAAGASW-26APR06-4.120
[00:20] Whales: 3580 | Vol: $16,449,037
[00:20:41] 🐋 YES $8,228.62 | KXNBAGAME-26APR05LALDAL-DAL
[00:20:41] 🐋 YES $2,630.27 | KXNBAGAME-26APR05LALDAL-DAL
[00:21:42] 🐋 YES $4,740.76 | KXNCAAMBNIT-26-AUB
[00:24:58] 🐋 YES $2,333.58 | KXNBAGAME-26APR05LALDAL-LAL
[00:25] Whales: 3584 | Vol: $16,466,970
[00:25:59] 🐋 YES $2,185.65 | KXNBAGAME-26APR05CHAMIN-MIN
[00:26:14] 🐋 YES $2,749.97 | KXNBASPREAD-26APR05LACSAC-LAC14
[00:26:14] 🐋 YES $2,943.61 | KXNBASPREAD-26APR05LACSAC-LAC14
[00:28:00] 🐋 YES $2,205.00 | KXNBAGAME-26APR05CHAMIN-CHA
[00:28:00] 🐋 YES $2,348.02 | KXNHLGAME-26APR05STLCOL-STL
[00:29:16] 🐋 NO $5,940.00 | KXTRUMPMENTIONB-26APR06B-NQE
[00:30:16] 🐋 NO $11,252.36 | KXNBASPREAD-26APR05HOUGSW-HOU3
[00:30] Whales: 3591 | Vol: $16,496,595
[00:31:02] 🐋 YES $3,129.30 | KXNBAGAME-26APR05ORLNOP-ORL
[00:31:32] 🐋 NO $2,763.18 | KXBTCY-27JAN0100-B47500
[00:35:18] 🐋 YES $3,114.83 | KXNBAGAME-26APR05ORLNOP-NOP
[00:35] Whales: 3594 | Vol: $16,505,602
[00:36:19] 🐋 YES $3,648.00 | KXNBAGAME-26APR05LALDAL-DAL
[00:37:04] 🐋 NO $2,391.68 | KXNBAGAME-26APR05ORLNOP-ORL
[00:37:04] 🐋 YES $6,168.16 | KXNBAGAME-26APR05LALDAL-DAL
[00:37:04] 🐋 NO $2,280.00 | KXNBAGAME-26APR05LALDAL-LAL
[00:38:05] 🐋 YES $2,352.58 | KXMVESPORTSMULTIGAMEEXTENDED-S2026AF6FDA4E48C-A6FA35332F1
[00:38:20] 🐋 YES $6,063.26 | KXNCAAMBNIT-26-AUB
[00:38:20] 🐋 YES $3,920.98 | KXNCAAMBNIT-26-AUB
[00:39:05] 🐋 YES $3,331.20 | KXMLBGAME-26APR051920STLDET-DET
[00:39:05] 🐋 NO $3,331.20 | KXMLBGAME-26APR051920STLDET-STL
[00:40:06] 🐋 YES $3,829.64 | KXMVESPORTSMULTIGAMEEXTENDED-S202611530B6083D-7FDE4099D39
[00:40:06] 🐋 NO $2,323.44 | KXMLBTOTAL-26APR051920STLDET-10
[00:40] Whales: 3605 | Vol: $16,545,242
[00:41:51] 🐋 YES $2,199.42 | KXMLBGAME-26APR051920STLDET-DET
[00:41:51] 🐋 YES $2,120.00 | KXMLBGAME-26APR051920STLDET-DET
[00:41:51] 🐋 YES $2,160.00 | KXMLBGAME-26APR051920STLDET-DET
[00:43:07] 🐋 NO $4,316.14 | KXNBAGAME-26APR05LALDAL-LAL
[00:43:52] 🐋 YES $2,279.11 | KXNBAGAME-26APR05CHAMIN-MIN
[00:44:07] 🐋 NO $36,500.00 | KXNBAGAME-26APR05CHAMIN-MIN
[00:44:53] 🐋 YES $9,705.30 | KXNBAGAME-26APR05LALDAL-DAL
[00:45] Whales: 3612 | Vol: $16,604,522
[00:46:38] 🐋 YES $3,090.15 | KXNBAGAME-26APR05ORLNOP-NOP
[00:47:09] 🐋 YES $2,800.00 | KXMLBGAME-26APR051920STLDET-STL
[00:48:09] 🐋 NO $5,450.68 | KXMVESPORTSMULTIGAMEEXTENDED-S2026822773A4BCD-A9F902673D1
[00:49:55] 🐋 NO $7,000.00 | KXNBAGAME-26APR05LALDAL-DAL
[00:49:55] 🐋 YES $4,498.25 | KXNCAAMBNIT-26-AUB
[00:49:55] 🐋 YES $4,498.25 | KXNCAAMBNIT-26-AUB
[00:49:55] 🐋 YES $4,498.25 | KXNCAAMBNIT-26-AUB
[00:49:55] 🐋 YES $4,498.25 | KXNCAAMBNIT-26-AUB
[00:49:55] 🐋 YES $4,498.25 | KXNCAAMBNIT-26-AUB
[00:49:55] 🐋 YES $4,498.25 | KXNCAAMBNIT-26-AUB
[00:50:10] 🐋 YES $2,460.00 | KXNBAGAME-26APR05CHAMIN-CHA
[00:50:40] 🐋 YES $6,600.00 | KXNBAGAME-26APR05LALDAL-DAL
[00:50] Whales: 3624 | Vol: $16,658,912
[00:51:11] 🐋 YES $8,702.40 | KXNBAGAME-26APR05LALDAL-LAL
[00:51:26] 🐋 YES $2,214.00 | KXNBASPREAD-26APR05UTAOKC-OKC31
[00:53:12] 🐋 NO $13,350.00 | KXNBAGAME-26APR05CHAMIN-MIN
[00:53:27] 🐋 YES $2,420.48 | KXNBATOTAL-26APR05LACSAC-224
[00:53:57] 🐋 YES $3,804.84 | KXNBAGAME-26APR05ORLNOP-ORL
[00:53:57] 🐋 YES $10,253.16 | KXNBAGAME-26APR05LALDAL-LAL
[00:54:57] 🐋 YES $2,392.56 | KXNBAGAME-26APR05LALDAL-LAL
[00:55:43] 🐋 YES $7,020.54 | KXNBATOTAL-26APR05LALDAL-241
[00:55] Whales: 3632 | Vol: $16,709,070
[00:58:59] 🐋 NO $2,880.00 | KXNBAGAME-26APR05CHAMIN-MIN
[00:58:59] 🐋 NO $2,264.64 | KXNBAGAME-26APR05CHAMIN-MIN
[00:59:14] 🐋 YES $4,350.00 | KXNBAGAME-26APR05LACSAC-LAC
[00:59:14] 🐋 YES $4,418.35 | KXNBAGAME-26APR05CHAMIN-CHA
[01:00:00] 🐋 YES $2,144.64 | KXNBAGAME-26APR05CHAMIN-CHA
[01:00] Whales: 3637 | Vol: $16,725,128
[01:03:01] 🐋 YES $2,939.76 | KXNBAGAME-26APR05LALDAL-LAL
[01:04:47] 🐋 NO $3,380.24 | KXNBATOTAL-26APR05CHAMIN-228
[01:04:47] 🐋 NO $2,098.70 | KXNBATOTAL-26APR05CHAMIN-228
[01:05:17] 🐋 YES $2,799.84 | KXMLBTOTAL-26APR051920STLDET-9
[01:05] Whales: 3641 | Vol: $16,736,346
[01:06:18] 🐋 YES $2,260.66 | KXNBAGAME-26APR05HOUGSW-HOU
[01:08:34] 🐋 NO $4,440.00 | KXMARMAD-26-CONN
[01:09:19] 🐋 YES $3,611.20 | KXNBAGAME-26APR05HOUGSW-HOU
[01:10:50] 🐋 YES $4,856.56 | KXNBAGAME-26APR05ORLNOP-ORL
[01:10] Whales: 3645 | Vol: $16,751,515
[01:11:20] 🐋 YES $52,172.28 | KXNBAGAME-26APR05ORLNOP-ORL
[01:11:35] 🐋 YES $7,058.56 | KXNBAGAME-26APR05ORLNOP-NOP
[01:11:50] 🐋 NO $2,960.00 | KXMARMAD-26-CONN
[01:12:06] 🐋 YES $4,175.19 | KXNBAGAME-26APR05ORLNOP-ORL
[01:13:21] 🐋 YES $4,830.50 | KXNBAGAME-26APR06NYKATL-NYK
[01:14:21] 🐋 YES $14,537.88 | KXNHLGAME-26APR05STLCOL-COL
[01:15] Whales: 3651 | Vol: $16,837,249
[01:17:53] 🐋 NO $2,033.10 | KXMLBGAME-26APR051920STLDET-STL
[01:18:08] 🐋 YES $3,058.30 | KXNBAGAME-26APR05ORLNOP-ORL
[01:18:54] 🐋 NO $2,300.00 | KXNHL-26-EDM
[01:18:54] 🐋 YES $2,639.70 | KXNBAGAME-26APR05ORLNOP-ORL
[01:19:39] 🐋 YES $3,574.50 | KXNBAGAME-26APR06NYKATL-NYK
[01:20] Whales: 3656 | Vol: $16,850,855
[01:21:10] 🐋 NO $20,578.40 | KXMVECROSSCATEGORY-S202633FDB6BC6EB-8D6B7EDD071
[01:23:56] 🐋 YES $3,800.00 | KXNBAGAME-26APR05ORLNOP-ORL
[01:24:11] 🐋 YES $2,880.00 | KXNBAGAME-26APR05ORLNOP-ORL
[01:24:41] 🐋 YES $11,850.00 | KXNBAGAME-26APR05LALDAL-DAL
[01:24:41] 🐋 YES $2,370.00 | KXNBAGAME-26APR05LALDAL-DAL
[01:25:27] 🐋 NO $3,600.62 | KXNBATOTAL-26APR05ORLNOP-219
[01:25:57] 🐋 YES $4,875.99 | KXNBAGAME-26APR05ORLNOP-ORL
[01:25] Whales: 3663 | Vol: $16,900,810
[01:26:42] 🐋 YES $3,854.85 | KXNBAGAME-26APR05ORLNOP-ORL
[01:27:12] 🐋 YES $2,274.17 | KXMVECROSSCATEGORY-S202614F97BC194D-EE7323AC886
[01:28:28] 🐋 NO $2,307.53 | KXNBAGAME-26APR05LALDAL-LAL
[01:29:59] 🐋 YES $14,537.88 | KXNHLGAME-26APR05STLCOL-COL
[01:29:59] 🐋 NO $2,793.78 | KXNBAGAME-26APR05ORLNOP-NOP
[01:30:14] 🐋 NO $3,496.92 | KXNBAGAME-26APR05LALDAL-LAL
[01:30:59] 🐋 YES $4,728.42 | KXNBAGAME-26APR05LALDAL-LAL
[01:30:59] 🐋 YES $3,456.96 | KXNBATOTAL-26APR05HOUGSW-226
[01:30] Whales: 3671 | Vol: $16,938,260
[01:32:00] 🐋 YES $3,767.50 | KXNCAAMBTOTAL-26APR06CONNMICH-159
[01:33:46] 🐋 YES $4,557.68 | KXNCAAMBNIT-26-AUB
[01:35:47] 🐋 NO $2,670.00 | KXNBAGAME-26APR05LALDAL-LAL
[01:35:47] 🐋 NO $4,861.18 | KXNBAGAME-26APR05LALDAL-LAL
[01:36] Whales: 3675 | Vol: $16,954,117
[01:37:02] 🐋 NO $3,768.93 | KXNBAGAME-26APR05ORLNOP-NOP
[01:37:17] 🐋 YES $3,141.61 | CONTROLS-2026-R
[01:37:17] 🐋 YES $5,030.00 | CONTROLS-2026-R
[01:41] Whales: 3678 | Vol: $16,966,057
[01:41:34] 🐋 YES $2,336.00 | KXNCAAMBNIT-26-TLSA
[01:41:49] 🐋 YES $2,180.00 | KXNBAGAME-26APR05HOUGSW-GSW
[01:43:05] 🐋 YES $4,900.00 | KXNBAGAME-26APR05LACSAC-LAC
[01:43:05] 🐋 NO $13,186.56 | KXNCAAMBNIT-26-TLSA
[01:43:50] 🐋 YES $2,720.00 | KXNCAAMBNIT-26-AUB
[01:43:50] 🐋 YES $4,926.60 | KXNCAAMBNIT-26-AUB
[01:43:50] 🐋 YES $4,097.00 | KXNCAAMBNIT-26-AUB
[01:44:05] 🐋 NO $2,559.40 | KXNCAAMBNIT-26-TLSA
[01:44:21] 🐋 NO $2,511.18 | KXNBASPREAD-26APR05LACSAC-LAC26
[01:44:36] 🐋 YES $9,893.07 | KXNBAGAME-26APR05LACSAC-LAC
[01:45:51] 🐋 YES $4,590.60 | KXNBAGAME-26APR05LALDAL-DAL
[01:46:06] 🐋 NO $11,801.40 | KXNBAGAME-26APR05LALDAL-DAL
[01:46] Whales: 3690 | Vol: $17,031,759
[01:47:22] 🐋 YES $5,381.48 | KXNBATOTAL-26APR05HOUGSW-226
[01:47:37] 🐋 YES $2,931.74 | KXNBAGAME-26APR05LALDAL-DAL
[01:48:22] 🐋 NO $2,024.44 | KXNBAGAME-26APR05LALDAL-LAL
[01:48:22] 🐋 NO $5,837.28 | KXNBAGAME-26APR05LALDAL-DAL
[01:48:37] 🐋 YES $4,527.04 | KXNBAGAME-26APR05LALDAL-DAL
[01:48:37] 🐋 YES $5,001.05 | KXMVESPORTSMULTIGAMEEXTENDED-S2026BEF0EA58B00-BDEF8A5A446
[01:49:53] 🐋 YES $7,491.25 | KXMVESPORTSMULTIGAMEEXTENDED-S2026070C20BC5D0-68BA6CAE4CD
[01:49:53] 🐋 YES $3,750.00 | KXNCAAMBNIT-26-TLSA
[01:50:08] 🐋 YES $2,089.88 | KXNBASPREAD-26APR05HOUGSW-HOU3
[01:50:08] 🐋 YES $22,499.88 | KXNBASPREAD-26APR05HOUGSW-HOU3
[01:50:08] 🐋 YES $2,080.00 | KXNBASPREAD-26APR05HOUGSW-HOU3
[01:50:08] 🐋 YES $20,517.64 | KXNBASPREAD-26APR05HOUGSW-HOU3
[01:50:08] 🐋 YES $4,772.84 | KXMVECROSSCATEGORY-S2026B92027A592B-A2BBF827973
[01:51] Whales: 3703 | Vol: $17,120,664
[01:51:39] 🐋 YES $5,400.00 | KXNBATOTAL-26APR05HOUGSW-226
[01:51:39] 🐋 YES $5,400.00 | KXNBATOTAL-26APR05HOUGSW-226
[01:51:39] 🐋 YES $4,924.80 | KXNBATOTAL-26APR05HOUGSW-226
[01:51:39] 🐋 YES $11,005.20 | KXNBATOTAL-26APR05HOUGSW-226
[01:51:54] 🐋 YES $2,011.58 | KXNCAAMBNIT-26-AUB
[01:52:09] 🐋 YES $2,892.38 | KXNCAAMBNIT-26-AUB
[01:52:24] 🐋 YES $2,870.14 | KXNBAGAME-26APR05LALDAL-DAL
[01:52:24] 🐋 NO $2,038.40 | KXNBAGAME-26APR05LALDAL-LAL
[01:53:25] 🐋 YES $4,756.05 | KXNBAGAME-26APR05HOUGSW-GSW
[01:53:25] 🐋 NO $8,490.08 | KXNBAGAME-26APR05LALDAL-LAL
[01:54:25] 🐋 YES $14,572.08 | KXMVESPORTSMULTIGAMEEXTENDED-S2026070C20BC5D0-68BA6CAE4CD
[01:55:41] 🐋 NO $2,356.00 | KXNBAGAME-26APR05LACSAC-SAC
[01:55:41] 🐋 NO $2,850.00 | KXNBAGAME-26APR05LACSAC-SAC
[01:55:41] 🐋 NO $2,646.60 | KXNBATOTAL-26APR05HOUGSW-229
[01:55:56] 🐋 YES $5,392.75 | KXNCAAMBNIT-26-AUB
[01:56:11] 🐋 NO $2,700.00 | KXNBAGAME-26APR05LALDAL-LAL
[01:56:11] 🐋 NO $2,556.90 | KXNBAGAME-26APR05LALDAL-LAL
[01:56] Whales: 3720 | Vol: $17,203,527
[01:56:26] 🐋 YES $2,529.45 | KXHIGHTLV-26APR05-B83.5
[01:57:12] 🐋 NO $3,927.36 | KXNBAGAME-26APR05LALDAL-LAL
[01:57:27] 🐋 YES $2,450.00 | KXNBAGAME-26APR05LALDAL-DAL
[01:58:57] 🐋 YES $19,000.36 | KXNBAGAME-26APR05LALDAL-DAL
[01:59:12] 🐋 NO $3,838.29 | KXNBAGAME-26APR05LALDAL-LAL
[01:59:12] 🐋 YES $6,066.38 | KXNBAGAME-26APR05LALDAL-DAL
[01:59:43] 🐋 YES $4,970.87 | KXMVESPORTSMULTIGAMEEXTENDED-S2026E03BBD7E80A-DF420B05D19
[02:00:28] 🐋 NO $2,081.62 | KXNBAGAME-26APR05LALDAL-LAL
[02:00:43] 🐋 YES $5,044.80 | KXNBAGAME-26APR05LALDAL-DAL
[02:01] Whales: 3729 | Vol: $17,253,436
[02:02:14] 🐋 YES $3,478.75 | KXNBA1HSPREAD-26APR05HOUGSW-HOU1
[02:02:29] 🐋 NO $2,275.02 | KXNBAGAME-26APR05LALDAL-LAL
[02:02:29] 🐋 NO $4,950.00 | KXNBAGAME-26APR05LALDAL-LAL
[02:02:29] 🐋 NO $4,950.00 | KXNBAGAME-26APR05LALDAL-LAL
[02:02:29] 🐋 NO $4,950.00 | KXNBAGAME-26APR05LALDAL-LAL
[02:02:29] 🐋 NO $5,940.00 | KXNBAGAME-26APR05LALDAL-LAL
[02:02:44] 🐋 YES $4,037.22 | KXNBAGAME-26APR05LALDAL-DAL
[02:02:44] 🐋 YES $10,141.20 | KXNCAAMBNIT-26-AUB
[02:04:00] 🐋 YES $3,746.54 | KXNBATOTAL-26APR05HOUGSW-229
[02:04:00] 🐋 YES $7,817.95 | KXNBATOTAL-26APR05HOUGSW-229
[02:04:30] 🐋 YES $2,856.96 | KXNBAGAME-26APR05LACSAC-LAC
[02:04:30] 🐋 NO $2,716.56 | KXNBASPREAD-26APR05LALDAL-DAL12
[02:06:01] 🐋 YES $9,400.00 | KXNBAGAME-26APR05LACSAC-LAC
[02:06:01] 🐋 NO $2,264.73 | KXNBAGAME-26APR05HOUGSW-HOU
[02:06] Whales: 3743 | Vol: $17,322,961
[02:07:31] 🐋 YES $5,244.48 | KXLAYOFFSYINFO-26-494000
[02:07:31] 🐋 YES $3,200.85 | KXLAYOFFSYINFO-26-494000
[02:07:31] 🐋 YES $9,963.13 | KXNBAGAME-26APR05HOUGSW-HOU
[02:07:31] 🐋 YES $9,401.93 | KXNBAGAME-26APR05HOUGSW-HOU
[02:08:17] 🐋 YES $3,329.04 | KXNBAGAME-26APR05HOUGSW-GSW
[02:08:17] 🐋 YES $4,386.66 | KXLAYOFFSYINFO-26-494000
[02:08:17] 🐋 YES $4,182.29 | KXLAYOFFSYINFO-26-494000
[02:09:32] 🐋 YES $7,696.15 | KXNBAGAME-26APR06PHISAS-SAS
[02:09:32] 🐋 YES $22,993.74 | KXNBAGAME-26APR06PHISAS-SAS
[02:10:18] 🐋 YES $3,518.50 | KXNBAGAME-26APR05HOUGSW-HOU
[02:11] Whales: 3753 | Vol: $17,396,877
[02:11:33] 🐋 NO $2,550.00 | KXNCAAMBNIT-26-AUB
[02:11:48] 🐋 YES $2,853.63 | KXNBAGAME-26APR05HOUGSW-GSW
[02:13:19] 🐋 YES $2,832.20 | KXMLBGAME-26APR051920STLDET-STL
[02:13:19] 🐋 NO $2,126.52 | KXMLBGAME-26APR051920STLDET-DET
[02:13:19] 🐋 NO $3,890.60 | KXMLBGAME-26APR051920STLDET-DET
[02:15:20] 🐋 YES $2,328.88 | KXNBAGAME-26APR05HOUGSW-GSW
[02:16:06] 🐋 NO $2,170.52 | KXNCAAMBNIT-26-AUB
[02:16] Whales: 3760 | Vol: $17,415,630
[02:17:21] 🐋 YES $3,861.76 | KXNCAAMBNIT-26-AUB
[02:20:07] 🐋 YES $9,164.65 | KXNBAGAME-26APR05LACSAC-LAC
[02:20:53] 🐋 YES $2,070.00 | KXNCAAMBNIT-26-AUB
[02:21] Whales: 3763 | Vol: $17,430,726
[02:22:39] 🐋 YES $3,362.05 | KXNCAAMBNIT-26-AUB
[02:23:09] 🐋 NO $9,109.27 | KXNBAGAME-26APR05LACSAC-SAC
[02:23:24] 🐋 YES $2,150.00 | KXNBAGAME-26APR05HOUGSW-GSW
[02:23:24] 🐋 YES $2,200.00 | KXNBAGAME-26APR05HOUGSW-GSW
[02:23:39] 🐋 YES $3,847.99 | KXNBAGAME-26APR05LACSAC-LAC
[02:23:39] 🐋 YES $4,633.69 | KXNBAGAME-26APR05LACSAC-LAC
[02:24:40] 🐋 YES $4,405.50 | KXNCAAMBNIT-26-AUB
[02:24:40] 🐋 YES $3,380.40 | KXNCAAMBNIT-26-AUB
[02:26:25] 🐋 YES $3,237.60 | KXNCAAMBNIT-26-AUB
[02:26] Whales: 3772 | Vol: $17,467,053
[02:26:40] 🐋 YES $2,603.95 | KXNCAAMBNIT-26-AUB
[02:27:11] 🐋 YES $4,749.92 | KXMVESPORTSMULTIGAMEEXTENDED-S2026BF5CA22AA8C-A371612AD97
[02:27:56] 🐋 YES $3,725.55 | KXMVESPORTSMULTIGAMEEXTENDED-S202648E33203E04-459ED1BA3C4
[02:28:57] 🐋 YES $2,170.08 | KXNBAGAME-26APR05LACSAC-LAC
[02:28:57] 🐋 YES $2,593.70 | KXNHLGAME-26APR05STLCOL-STL
[02:30:57] 🐋 YES $3,630.60 | KXBTCD-26APR0523-T68999.99
[02:31] Whales: 3778 | Vol: $17,486,526
[02:34:29] 🐋 YES $2,357.52 | KXNBAGAME-26APR05HOUGSW-GSW
[02:36] Whales: 3779 | Vol: $17,488,884
[02:39:16] 🐋 NO $4,596.57 | KXNBA-26-LAL
[02:39:31] 🐋 YES $4,715.10 | KXMVECROSSCATEGORY-S20266F1B78F28AB-F972C7EE764
[02:40:02] 🐋 YES $2,350.00 | KXNBAGAME-26APR05HOUGSW-GSW
[02:41] Whales: 3782 | Vol: $17,500,546
[02:44:19] 🐋 YES $2,209.68 | KXNCAAMBSPREAD-26APR06CONNMICH-MICH4
[02:45:04] 🐋 YES $3,166.56 | KXNBAGAME-26APR05HOUGSW-HOU
[02:45:19] 🐋 YES $2,126.70 | KXNEXTAG-29-LZEL
[02:46:05] 🐋 YES $2,102.40 | KXNBAGAME-26APR05HOUGSW-HOU
[02:46] Whales: 3786 | Vol: $17,510,151
[02:47:05] 🐋 YES $2,160.00 | KXNBAGAME-26APR05HOUGSW-HOU
[02:47:50] 🐋 YES $3,267.84 | KXNBASPREAD-26APR05LACSAC-LAC8
[02:49:36] 🐋 YES $2,843.55 | KXNBAGAME-26APR05HOUGSW-HOU
[02:49:36] 🐋 YES $2,421.10 | KXNCAAMBSPREAD-26APR06CONNMICH-MICH1
[02:49:51] 🐋 NO $2,284.78 | KXNBAGAME-26APR05HOUGSW-GSW
[02:49:51] 🐋 NO $2,130.00 | KXNBAGAME-26APR05HOUGSW-GSW
[02:51] Whales: 3792 | Vol: $17,525,258
[02:56:39] 🐋 NO $2,090.88 | KXBTCD-26APR0523-T69299.99
[02:56] Whales: 3793 | Vol: $17,527,349
[02:58:10] 🐋 NO $4,730.00 | KXBTCY-27JAN0100-B77500
[02:58:41] 🐋 NO $2,814.56 | KXNBAGAME-26APR05HOUGSW-GSW
[02:58:56] 🐋 NO $2,996.16 | KXNCAAMBMOP-26-AKAR
[02:59:56] 🐋 NO $2,058.41 | KXNBAGAME-26APR05HOUGSW-HOU
[03:00:26] 🐋 NO $9,115.73 | KXMVECROSSCATEGORY-S20266F1B78F28AB-CB6F0A4B6BB
[03:01] Whales: 3798 | Vol: $17,549,064
[03:02:58] 🐋 YES $3,075.00 | KXNBAGAME-26APR05HOUGSW-GSW
[03:02:58] 🐋 NO $2,824.80 | KXATPCHALLENGERMATCH-26APR05LIUPEA-PEA
[03:03:28] 🐋 NO $2,831.56 | KXNHLTOTAL-26APR05STLCOL-7
[03:04:58] 🐋 YES $2,484.04 | KXNBAGAME-26APR05HOUGSW-HOU
[03:06] Whales: 3802 | Vol: $17,560,279
[03:06:59] 🐋 YES $3,423.12 | KXNBAGAME-26APR05HOUGSW-HOU
[03:09:15] 🐋 YES $3,910.00 | KXAAAGASW-26APR06-4.110
[03:09:15] 🐋 YES $2,588.25 | KXAAAGASW-26APR06-4.110
[03:09:31] 🐋 YES $2,865.18 | KXLAYOFFSYINFO-26-494000
[03:09:31] 🐋 YES $3,886.25 | KXLAYOFFSYINFO-26-494000
[03:11:47] 🐋 YES $7,551.00 | KXLAYOFFSYINFO-26-494000
[03:11] Whales: 3808 | Vol: $17,584,503
[03:13:33] 🐋 NO $3,450.00 | KXBTCD-26APR0617-T69749.99
[03:14:03] 🐋 NO $2,764.80 | KXNBASPREAD-26APR05HOUGSW-HOU3
[03:16:49] 🐋 NO $4,819.80 | KXNHLGAME-26APR05STLCOL-STL
[03:16] Whales: 3811 | Vol: $17,595,538
[03:18:20] 🐋 NO $2,600.03 | KXPRESNOMD-28-PB
[03:20:51] 🐋 YES $4,838.40 | KXNHLGAME-26APR05STLCOL-COL
[03:21] Whales: 3813 | Vol: $17,602,976
[03:22:22] 🐋 YES $5,000.00 | KXNBATOTAL-26APR05HOUGSW-226
[03:24:38] 🐋 YES $8,815.25 | KXNBAGAME-26APR05HOUGSW-GSW
[03:24:38] 🐋 YES $2,654.40 | KXNBASPREAD-26APR05HOUGSW-HOU3
[03:26] Whales: 3816 | Vol: $17,619,446
[03:28:55] 🐋 YES $2,499.84 | KXNBAGAME-26APR05HOUGSW-HOU
[03:31] Whales: 3817 | Vol: $17,621,946
[03:35:58] 🐋 NO $3,760.73 | KXNBATOTAL-26APR05HOUGSW-238
[03:36:28] 🐋 NO $4,694.69 | KXNBAGAME-26APR05HOUGSW-GSW
[03:36:58] 🐋 YES $2,928.31 | KXNBAGAME-26APR05HOUGSW-HOU
[03:36] Whales: 3820 | Vol: $17,633,329
[03:38:14] 🐋 YES $3,939.00 | KXNBAGAME-26APR05HOUGSW-HOU
[03:40:30] 🐋 YES $4,764.42 | KXNBAGAME-26APR05HOUGSW-HOU
[03:41:15] 🐋 YES $3,094.00 | KXNBAGAME-26APR05HOUGSW-HOU
[03:41:15] 🐋 YES $4,867.72 | KXMARMAD-26-MICH
[03:41:30] 🐋 YES $2,681.75 | KXNBAGAME-26APR05HOUGSW-HOU
[03:41:45] 🐋 YES $3,101.65 | KXNBAGAME-26APR05HOUGSW-HOU
[03:41:45] 🐋 YES $4,250.00 | KXNBAGAME-26APR05HOUGSW-HOU
[03:42:01] 🐋 YES $3,420.22 | KXNBAGAME-26APR05HOUGSW-HOU
[03:42] Whales: 3828 | Vol: $17,663,448
[03:42:16] 🐋 YES $5,150.15 | KXNBAGAME-26APR05HOUGSW-HOU
[03:42:16] 🐋 YES $4,590.85 | KXNBAGAME-26APR05HOUGSW-HOU
[03:42:16] 🐋 YES $5,150.15 | KXNBAGAME-26APR05HOUGSW-HOU
[03:42:16] 🐋 YES $12,750.00 | KXNBAGAME-26APR05HOUGSW-HOU
[03:45:02] 🐋 YES $9,261.35 | KXNCAAMBSPREAD-26APR06CONNMICH-MICH7
[03:45:02] 🐋 YES $13,634.40 | KXNCAAMBSPREAD-26APR06CONNMICH-MICH7
[03:45:02] 🐋 YES $5,018.18 | KXNBAGAME-26APR05HOUGSW-HOU
[03:46:18] 🐋 YES $3,249.79 | KXLAYOFFSYINFO-26-494000
[03:46:18] 🐋 YES $4,470.60 | KXMVECROSSCATEGORY-S20266FF7D45F17D-A24FEF9CB1E
[03:47:03] 🐋 YES $2,934.75 | KXNBAGAME-26APR05HOUGSW-HOU
[03:47] Whales: 3838 | Vol: $17,729,658
[03:47:33] 🐋 NO $2,659.72 | KXNBAGAME-26APR05HOUGSW-GSW
[03:48:49] 🐋 YES $4,363.20 | KXNBAGAME-26APR05HOUGSW-HOU
[03:49:49] 🐋 NO $2,194.74 | KXNBAGAME-26APR05HOUGSW-GSW
[03:52] Whales: 3841 | Vol: $17,738,876
[03:53:51] 🐋 YES $2,807.89 | KXNBAGAME-26APR05HOUGSW-HOU
[03:54:06] 🐋 YES $3,590.23 | KXNBATOTAL-26APR05HOUGSW-229
[03:54:21] 🐋 YES $4,646.94 | KXNBAGAME-26APR05HOUGSW-HOU
[03:55:37] 🐋 NO $2,042.37 | KXTRUMPSAY-26APR06-CRYP
[03:57] Whales: 3845 | Vol: $17,751,964
[04:00:39] 🐋 NO $2,447.96 | KXNBAGAME-26APR05HOUGSW-GSW
[04:02] Whales: 3846 | Vol: $17,754,411
[04:03:26] 🐋 YES $8,500.24 | KXNBAGAME-26APR05HOUGSW-HOU
[04:07] Whales: 3847 | Vol: $17,762,912
[04:08:13] 🐋 YES $3,717.56 | KXNBAGAME-26APR05HOUGSW-HOU
[04:08:13] 🐋 YES $6,346.34 | KXNBAGAME-26APR05HOUGSW-HOU
[04:08:13] 🐋 YES $5,126.66 | KXNBAGAME-26APR05HOUGSW-HOU
[04:08:58] 🐋 NO $5,786.43 | KXMVECROSSCATEGORY-S20260426CEFF914-30A70318156
[04:09:59] 🐋 YES $4,211.67 | KXNBAGAME-26APR05HOUGSW-HOU
[04:09:59] 🐋 YES $13,050.00 | KXNBAGAME-26APR05HOUGSW-HOU
[04:09:59] 🐋 YES $5,787.60 | KXNBA-26-OKC
[04:12] Whales: 3854 | Vol: $17,806,938
[04:13:30] 🐋 YES $2,021.58 | KXNHLGAME-26APR05STLCOL-STL
[04:13:30] 🐋 NO $2,580.00 | KXMOVVAREDISTRICT-26APR21-YES-P1
[04:13:45] 🐋 YES $5,586.24 | KXNBAGAME-26APR05HOUGSW-HOU
[04:15:16] 🐋 NO $2,137.41 | KXLIGAMXGAME-26APR05CDGPUM-CDG
[04:15:46] 🐋 NO $8,450.62 | KXMVESPORTSMULTIGAMEEXTENDED-S2026E740EF6FCC4-7349EEDB2C1
[04:17] Whales: 3859 | Vol: $17,827,714
[04:17:32] 🐋 NO $2,011.59 | KXNBAGAME-26APR05HOUGSW-GSW
[04:17:32] 🐋 YES $4,533.75 | KXNBAGAME-26APR05HOUGSW-HOU
[04:17:47] 🐋 YES $3,395.30 | KXNBAGAME-26APR05HOUGSW-HOU
[04:17:47] 🐋 NO $2,086.20 | KXNBAGAME-26APR05HOUGSW-GSW
[04:17:47] 🐋 NO $3,767.70 | KXNBAGAME-26APR05HOUGSW-GSW
[04:18:03] 🐋 YES $8,741.45 | KXMVECROSSCATEGORY-S20269660576123C-B0EEB8B423D
[04:19:03] 🐋 YES $2,648.10 | KXNBAGAME-26APR05HOUGSW-HOU
[04:19:03] 🐋 YES $3,952.75 | KXNBAGAME-26APR05HOUGSW-HOU
[04:20:04] 🐋 YES $3,825.65 | KXNBAGAME-26APR05HOUGSW-HOU
[04:20:19] 🐋 YES $18,888.70 | KXATPCHALLENGERMATCH-26APR05TAKCOO-TAK
[04:21:04] 🐋 NO $2,463.30 | KXMVECROSSCATEGORY-S2026894F0A57E0B-9B5A3799416
[04:22] Whales: 3870 | Vol: $17,884,028
[04:22:50] 🐋 NO $2,728.55 | KXNBATOTAL-26APR05HOUGSW-235
[04:23:20] 🐋 YES $6,606.00 | KXNBAGAME-26APR05HOUGSW-HOU
[04:25:21] 🐋 YES $3,091.70 | KXNBAGAME-26APR05HOUGSW-HOU
[04:25:51] 🐋 YES $2,366.10 | KXNBAGAME-26APR05HOUGSW-HOU
[04:26:06] 🐋 YES $8,882.10 | KXNBAGAME-26APR05HOUGSW-HOU
[04:27] Whales: 3875 | Vol: $17,907,703
[04:27:37] 🐋 YES $9,295.68 | KXNCAAMBSPREAD-26APR06CONNMICH-MICH7
[04:28:07] 🐋 NO $2,475.94 | KXNBAGAME-26APR05HOUGSW-GSW
[04:28:53] 🐋 NO $2,460.00 | KXNBAGAME-26APR05HOUGSW-GSW
[04:29:08] 🐋 YES $2,520.00 | KXNBAGAME-26APR05HOUGSW-HOU
[04:29:53] 🐋 NO $30,029.94 | KXNBAGAME-26APR05HOUGSW-GSW
[04:31:09] 🐋 YES $9,800.84 | KXNBAGAME-26APR05HOUGSW-HOU
[04:32:24] 🐋 YES $2,134.89 | KXMVECROSSCATEGORY-S20264B1F708027E-1E18DED4C4C
[04:32] Whales: 3882 | Vol: $17,966,420
[04:33:10] 🐋 NO $2,989.54 | KXNBAGAME-26APR05HOUGSW-GSW
[04:33:25] 🐋 NO $2,579.50 | KXNBAGAME-26APR05HOUGSW-GSW
[04:33:55] 🐋 NO $2,757.14 | KXNBAGAME-26APR05HOUGSW-GSW
[04:34:25] 🐋 NO $2,440.00 | KXNBAGAME-26APR05HOUGSW-GSW
[04:34:40] 🐋 NO $2,275.40 | KXNBAGAME-26APR05HOUGSW-GSW
[04:34:55] 🐋 NO $2,000.00 | KXNBAGAME-26APR05HOUGSW-HOU
[04:35:10] 🐋 NO $6,767.52 | KXNBAGAME-26APR05HOUGSW-GSW
[04:35:10] 🐋 YES $3,501.05 | KXNBAGAME-26APR05HOUGSW-HOU
[04:35:26] 🐋 NO $4,689.33 | KXNBAGAME-26APR05HOUGSW-HOU
[04:35:56] 🐋 YES $3,635.58 | KXNBAGAME-26APR05HOUGSW-GSW
[04:35:56] 🐋 YES $3,635.58 | KXNBAGAME-26APR05HOUGSW-GSW
[04:35:56] 🐋 YES $8,397.60 | KXNBAGAME-26APR05HOUGSW-GSW
[04:35:56] 🐋 NO $3,093.37 | KXNBAGAME-26APR05HOUGSW-HOU
[04:36:26] 🐋 NO $3,259.90 | KXNBATOTAL-26APR05HOUGSW-235
[04:36:41] 🐋 NO $3,100.00 | KXNBAGAME-26APR05HOUGSW-HOU
[04:36:41] 🐋 YES $3,100.00 | KXNBAGAME-26APR05HOUGSW-GSW
[04:37:11] 🐋 NO $3,720.00 | KXNBAGAME-26APR05HOUGSW-HOU
[04:37] Whales: 3899 | Vol: $18,028,362
[04:39:27] 🐋 YES $3,384.15 | KXNBAGAME-26APR06PHISAS-SAS
[04:39:43] 🐋 YES $3,160.00 | KXATPMATCH-26APR05RUBBOR-RUB
[04:39:43] 🐋 YES $3,190.88 | KXATPMATCH-26APR05RUBBOR-RUB
[04:40:28] 🐋 YES $19,200.00 | KXNCAAMBSPREAD-26APR06CONNMICH-MICH7
[04:41:44] 🐋 YES $2,880.00 | KXNCAAMBSPREAD-26APR06CONNMICH-MICH7
[04:42] Whales: 3904 | Vol: $18,060,177
[04:44:00] 🐋 YES $5,892.62 | KXMARMAD-26-MICH
[04:44:00] 🐋 NO $2,254.98 | KXATPCHALLENGERMATCH-26APR05LIUPEA-LIU
[04:47] Whales: 3906 | Vol: $18,068,324
[04:50:48] 🐋 YES $9,746.66 | KXNBAGAME-26APR06PHISAS-SAS
[04:52:03] 🐋 YES $7,365.22 | KXMARMAD-26-MICH
[04:52] Whales: 3908 | Vol: $18,085,436
[04:57] Whales: 3908 | Vol: $18,085,436
[04:57:51] 🐋 YES $4,050.00 | KXMARMAD-26-CONN
[05:02] Whales: 3909 | Vol: $18,089,486
[05:06:55] 🐋 YES $2,906.28 | KXAFLGAME-26APR060115GEEHAW-HAW
[05:07] Whales: 3910 | Vol: $18,092,392
[05:07:56] 🐋 NO $4,900.00 | KXATPCHALLENGERMATCH-26APR06STRMAN-MAN
[05:08:41] 🐋 YES $2,810.82 | KXATPCHALLENGERMATCH-26APR05SEKMOC-SEK
[05:09:57] 🐋 YES $2,671.72 | KXATPCHALLENGERMATCH-26APR06PARSIM-SIM
[05:11:12] 🐋 NO $4,827.20 | KXUCLGAME-26APR07RMABMU-BMU
[05:12:13] 🐋 YES $2,778.57 | KXNHLGAME-26APR06SEAWPG-SEA
[05:12] Whales: 3915 | Vol: $18,110,381
[05:12:58] 🐋 YES $16,402.56 | KXNCAAMBSPREAD-26APR06CONNMICH-MICH7
[05:17] Whales: 3916 | Vol: $18,126,783
[05:20:31] 🐋 YES $3,370.05 | KXIPLGAME-26APR06PBKSKKR-KKR
[05:22:47] 🐋 YES $2,800.00 | KXMVECROSSCATEGORY-S2026E4A26C46E6D-27649BF83F9
[05:22] Whales: 3918 | Vol: $18,132,953
[05:24:33] 🐋 YES $2,700.00 | KXATPCHALLENGERMATCH-26APR05SEKMOC-SEK
[05:27] Whales: 3919 | Vol: $18,135,653
[05:30:21] 🐋 YES $2,418.52 | KXMLBGAME-26APR061845MILBOS-MIL
[05:32:06] 🐋 YES $3,238.62 | KXNBAGAME-26APR06PORDEN-DEN
[05:32] Whales: 3921 | Vol: $18,141,310
[05:33:52] 🐋 YES $4,756.86 | KXMARMAD-26-CONN
[05:35:08] 🐋 YES $2,319.42 | KXATPCHALLENGERMATCH-26APR05SEKMOC-SEK
[05:37] Whales: 3923 | Vol: $18,148,387
[05:42] Whales: 3923 | Vol: $18,148,387
[05:44:42] 🐋 YES $3,233.70 | KXATPCHALLENGERMATCH-26APR06BINUCH-UCH
[05:47] Whales: 3924 | Vol: $18,151,620
[05:48:44] 🐋 NO $2,571.66 | KXATPCHALLENGERMATCH-26APR06BINUCH-BIN
[05:53:01] 🐋 NO $2,892.78 | KXNCAAMBSPREAD-26APR06CONNMICH-MICH7
[05:53] Whales: 3926 | Vol: $18,157,085
[05:54:16] 🐋 YES $3,604.43 | KXMVECROSSCATEGORY-S20262FB6D8DD004-933C633839F
[05:58] Whales: 3927 | Vol: $18,160,689
[05:59:19] 🐋 YES $3,138.96 | KXMVESPORTSMULTIGAMEEXTENDED-S2026D9219B07B13-913F230F616
[06:03] Whales: 3928 | Vol: $18,163,828
[06:08] Whales: 3928 | Vol: $18,163,828
[06:09:38] 🐋 YES $3,217.50 | KXATPCHALLENGERMATCH-26APR05SEKMOC-SEK
[06:11:39] 🐋 NO $2,461.14 | KXATPCHALLENGERMATCH-26APR05SEKMOC-MOC
[06:11:54] 🐋 YES $5,814.35 | KXMVECROSSCATEGORY-S202625F4992085A-07B0A66008A
[06:12:10] 🐋 YES $3,596.67 | KXATPCHALLENGERMATCH-26APR05SEKMOC-SEK
[06:13] Whales: 3932 | Vol: $18,178,918
[06:18] Whales: 3932 | Vol: $18,178,918
[06:18:58] 🐋 YES $2,880.00 | KXNCAAMBSPREAD-26APR06CONNMICH-MICH7
[06:23] Whales: 3933 | Vol: $18,181,798
[06:26:01] 🐋 YES $2,150.00 | KXATPCHALLENGERMATCH-26APR05CHAMAR-MAR
[06:26:01] 🐋 YES $2,150.00 | KXATPCHALLENGERMATCH-26APR05CHAMAR-MAR
[06:28] Whales: 3935 | Vol: $18,186,098
[06:33] Whales: 3935 | Vol: $18,186,098
[06:34:20] 🐋 YES $3,469.07 | KXNBASPREAD-26APR06PHISAS-SAS9
[06:35:05] 🐋 YES $5,139.45 | KXATPMATCH-26APR05RUBBOR-RUB
[06:38] Whales: 3937 | Vol: $18,194,706
[06:38:37] 🐋 YES $7,430.28 | KXMLBGAME-26APR061845MILBOS-MIL
[06:38:37] 🐋 YES $4,009.72 | KXMLBGAME-26APR061845MILBOS-MIL
[06:43:09] 🐋 YES $2,433.29 | KXNBAGAME-26APR06DETORL-DET
[06:43] Whales: 3940 | Vol: $18,208,580
[06:43:39] 🐋 NO $3,896.64 | KXATPCHALLENGERMATCH-26APR06BINUCH-BIN
[06:43:39] 🐋 YES $3,774.87 | KXATPCHALLENGERMATCH-26APR06BINUCH-UCH
[06:48] Whales: 3942 | Vol: $18,216,251
[06:50:27] 🐋 YES $2,853.90 | KXMARMAD-26-CONN
[06:53] Whales: 3943 | Vol: $18,219,105
[06:57:16] 🐋 YES $3,962.88 | KXATPCHALLENGERMATCH-26APR05CHAMAR-MAR
[06:58:16] 🐋 YES $14,932.80 | KXATPCHALLENGERMATCH-26APR05CHAMAR-MAR
[06:58:16] 🐋 YES $3,840.00 | KXATPCHALLENGERMATCH-26APR05CHAMAR-MAR
[06:58] Whales: 3946 | Vol: $18,241,841
[06:59:01] 🐋 YES $4,090.77 | KXMARMAD-26-CONN
[07:01:33] 🐋 YES $16,991.24 | KXATPCHALLENGERMATCH-26APR05CHAMAR-MAR
[07:01:33] 🐋 YES $3,760.00 | KXATPCHALLENGERMATCH-26APR05CHAMAR-MAR
[07:02:03] 🐋 YES $8,911.82 | KXMARMAD-26-MICH
[07:03:18] 🐋 YES $3,532.52 | KXATPCHALLENGERMATCH-26APR05CHAMAR-MAR
[07:03] Whales: 3951 | Vol: $18,279,127
[07:08] Whales: 3951 | Vol: $18,279,127
[07:09:52] 🐋 YES $2,575.94 | KXMARMAD-26-MICH
[07:13:08] 🐋 NO $2,725.47 | KXATPCHALLENGERMATCH-26APR05CHAMAR-CHA
[07:13] Whales: 3953 | Vol: $18,284,429
[07:16:55] 🐋 YES $2,925.00 | KXMLBGAME-26APR062138ATLLAA-LAA
[07:16:55] 🐋 NO $4,555.48 | KXMLBGAME-26APR062138ATLLAA-LAA
[07:18] Whales: 3955 | Vol: $18,291,909
[07:19:26] 🐋 YES $3,528.00 | KXIPLGAME-26APR06PBKSKKR-KKR
[07:23:28] 🐋 YES $2,433.86 | KXMARMAD-26-MICH
[07:23] Whales: 3957 | Vol: $18,297,871
[07:25:14] 🐋 YES $6,616.80 | KXATPCHALLENGERMATCH-26APR06PARSIM-SIM
[07:28] Whales: 3958 | Vol: $18,304,488
[07:31:31] 🐋 YES $2,748.45 | KXWTAMATCH-26APR06VOLSAL-VOL
[07:33] Whales: 3959 | Vol: $18,307,236
[07:38] Whales: 3959 | Vol: $18,307,236
[07:43] Whales: 3959 | Vol: $18,307,236
[07:44:07] 🐋 YES $9,225.60 | KXNBAGAME-26APR07OKCLAL-OKC
[07:48:24] 🐋 YES $11,938.08 | KXNBAGAME-26APR06PHISAS-SAS
[07:48:24] 🐋 YES $15,400.00 | KXNBAGAME-26APR06PHISAS-SAS
[07:48] Whales: 3962 | Vol: $18,343,800
[07:53] Whales: 3962 | Vol: $18,343,800
[07:59] Whales: 3962 | Vol: $18,343,800
[07:59:15] 🐋 NO $2,080.72 | KXETHD-26APR1017-T2169.99
[07:59:30] 🐋 YES $2,005.64 | KXATPCHALLENGERMATCH-26APR06PARSIM-SIM
[08:03:47] 🐋 YES $2,408.85 | KXNBAGAME-26APR06NYKATL-ATL
[08:04:02] 🐋 YES $4,655.07 | KXMARMAD-26-CONN
[08:04] Whales: 3966 | Vol: $18,354,950
[08:04:17] 🐋 NO $6,267.78 | KXNCAAMBSPREAD-26APR06CONNMICH-MICH7
[08:07:04] 🐋 YES $2,273.60 | KXNBATOTAL-26APR06NYKATL-227
[08:09] Whales: 3968 | Vol: $18,363,491
[08:14] Whales: 3968 | Vol: $18,363,491
[08:19] Whales: 3968 | Vol: $18,363,491
[08:24] Whales: 3968 | Vol: $18,363,491
[08:26:42] 🎯 YES $4,404.96 | KXBTC15M-26APR060430-30
[08:27:13] 🐋 YES $2,803.41 | KXATPMATCH-26APR05RUBBOR-RUB
[08:29] Whales: 3970 | Vol: $18,370,700
[08:31:14] 🐋 YES $2,407.08 | KXMLBGAME-26APR061845MILBOS-MIL
[08:34] Whales: 3971 | Vol: $18,373,107
[08:35:46] 🐋 YES $2,444.60 | KXATPCHALLENGERMATCH-26APR06BONGUE-BON
[08:39:18] 🐋 YES $3,030.28 | KXATPCHALLENGERMATCH-26APR06KOPROM-ROM
[08:39] Whales: 3973 | Vol: $18,378,582
[08:40:49] 🐋 YES $2,950.00 | KXSERIEAGAME-26APR06UDICOM-COM
[08:40:49] 🐋 YES $2,341.12 | KXSERIEAGAME-26APR06UDICOM-COM
[08:41:49] 🐋 NO $2,643.57 | KXMARMAD-26-MICH
[08:44] Whales: 3976 | Vol: $18,386,516
[08:47:37] 🐋 YES $2,024.20 | KXSERIEAGAME-26APR06UDICOM-COM
[08:48:37] 🐋 YES $4,387.50 | KXNBAGAME-26APR06PHISAS-SAS
[08:49:07] 🐋 YES $3,499.76 | KXWTACHALLENGERMATCH-26APR06HERMAR-HER
[08:49] Whales: 3979 | Vol: $18,396,428
[08:51:23] 🐋 YES $4,800.00 | KXNCAAMBSPREAD-26APR06CONNMICH-MICH7
[08:53:24] 🐋 NO $2,220.00 | KXMARMAD-26-CONN
[08:53:54] 🐋 YES $3,537.81 | KXMARMAD-26-CONN
[08:54] Whales: 3982 | Vol: $18,406,986
[08:55:40] 🐋 YES $3,093.14 | KXMLBGAME-26APR061907LADTOR-LAD
[08:59:12] 🐋 NO $3,406.48 | KXMVECROSSCATEGORY-S20267DC74A955DF-06F0D014BEC
[08:59] Whales: 3984 | Vol: $18,413,485
[09:02:28] 🐋 YES $6,673.75 | KXWTACHALLENGERMATCH-26APR06JANAVA-AVA
[09:02:28] 🐋 YES $6,566.40 | KXWTACHALLENGERMATCH-26APR06JANAVA-AVA
[09:02:28] 🐋 YES $6,021.12 | KXWTACHALLENGERMATCH-26APR06JANAVA-AVA
[09:03:14] 🐋 YES $2,001.24 | KXCS2GAME-26APR060300MIBRLGC-LGC
[09:04] Whales: 3988 | Vol: $18,434,748
[09:06:30] 🐋 YES $2,402.55 | KXWTACHALLENGERMATCH-26APR06JANAVA-AVA
[09:09] Whales: 3989 | Vol: $18,437,150
[09:11:18] 🐋 YES $4,107.16 | KXLAYOFFSYINFO-26-494000
[09:11:18] 🐋 YES $2,427.30 | KXLAYOFFSYINFO-26-494000
[09:12:33] 🐋 YES $2,100.00 | KXBTCD-26APR0606-T69499.99
[09:13:49] 🐋 NO $3,780.00 | KXNCAAMBSPREAD-26APR06CONNMICH-MICH7
[09:14:19] 🐋 YES $2,274.66 | KXMVESPORTSMULTIGAMEEXTENDED-S2026F9118824A0B-4A9F6C83350
[09:14] Whales: 3994 | Vol: $18,451,840
[09:15:50] 🐋 YES $6,543.46 | KXWTACHALLENGERMATCH-26APR06JANAVA-AVA
[09:17:51] 🐋 NO $2,737.68 | KXATPMATCH-26APR05RUBBOR-RUB
[09:17:51] 🐋 YES $7,168.20 | KXATPMATCH-26APR05RUBBOR-RUB
[09:17:51] 🐋 YES $5,391.36 | KXATPMATCH-26APR05RUBBOR-RUB
[09:17:51] 🐋 YES $2,051.40 | KXATPMATCH-26APR05RUBBOR-RUB
[09:18:21] 🐋 YES $4,790.61 | KXWTACHALLENGERMATCH-26APR06JANAVA-AVA
[09:18:51] 🐋 YES $2,972.79 | KXWTACHALLENGERMATCH-26APR06HERMAR-HER
[09:19] Whales: 4001 | Vol: $18,483,495
[09:24] Whales: 4001 | Vol: $18,483,495
[09:26:09] 🐋 YES $2,147.20 | KXSPACEXSTARSHIP-12-26MAY31
[09:29] Whales: 4002 | Vol: $18,485,642
[09:33:43] 🐋 NO $5,173.34 | KXMARMAD-26-CONN
[09:33:58] 🐋 YES $9,225.60 | KXNBAGAME-26APR07OKCLAL-OKC
[09:33:58] 🐋 YES $2,435.67 | KXNBAGAME-26APR07OKCLAL-OKC
[09:34] Whales: 4005 | Vol: $18,502,477
[09:36:29] 🐋 YES $4,962.48 | KXATPMATCH-26APR05RUBBOR-RUB
[09:36:29] 🐋 YES $2,034.06 | KXATPMATCH-26APR05RUBBOR-RUB
[09:39] Whales: 4007 | Vol: $18,509,473
[09:41:01] 🐋 YES $9,000.00 | KXATPMATCH-26APR05RUBBOR-RUB
[09:44] Whales: 4008 | Vol: $18,518,473
[09:49] Whales: 4008 | Vol: $18,518,473
[09:54] Whales: 4008 | Vol: $18,518,473
[09:56:08] 🐋 YES $6,376.89 | KXATPMATCH-26APR05RUBBOR-RUB
[09:56:38] 🐋 YES $2,036.70 | KXATPMATCH-26APR05RUBBOR-RUB
[09:56:38] 🐋 YES $2,192.40 | KXATPMATCH-26APR05RUBBOR-RUB
[09:56:38] 🐋 YES $2,185.20 | KXATPMATCH-26APR05RUBBOR-RUB
[09:56:53] 🐋 YES $6,309.90 | KXATPMATCH-26APR05RUBBOR-RUB
[09:57:24] 🐋 YES $2,783.88 | KXWTACHALLENGERMATCH-26APR06HERMAR-HER
[09:59:24] 🐋 YES $3,643.12 | KXMLBGAME-26APR061845MILBOS-MIL
[09:59:24] 🐋 YES $2,600.00 | KXMLBGAME-26APR061845MILBOS-MIL
[09:59:24] 🐋 YES $3,900.00 | KXMLBGAME-26APR061845MILBOS-MIL
[09:59:40] 🐋 YES $2,643.66 | KXATPMATCH-26APR05RINKHA-RIN
[09:59] Whales: 4018 | Vol: $18,553,145
[10:02:41] 🐋 NO $2,839.29 | KXATPCHALLENGERMATCH-26APR06GOMCAN-CAN
[10:02:41] 🐋 NO $3,835.48 | KXATPCHALLENGERMATCH-26APR06GOMCAN-CAN
[10:03:26] 🐋 YES $5,909.60 | KXATPMATCH-26APR05RUBBOR-RUB
[10:03:26] 🐋 YES $2,040.77 | KXATPMATCH-26APR05RUBBOR-RUB
[10:04] Whales: 4022 | Vol: $18,567,770
[10:09] Whales: 4022 | Vol: $18,567,770
[10:12:15] 🐋 YES $7,276.73 | KXMVECROSSCATEGORY-S2026F809625BB2A-20CEBA00688
[10:13:31] 🐋 YES $2,408.56 | KXATPMATCH-26APR05RINKHA-KHA
[10:14:16] 🐋 YES $2,398.28 | KXMVESPORTSMULTIGAMEEXTENDED-S2026629DF466D37-2A825CBDE9D
[10:15] Whales: 4025 | Vol: $18,579,854
[10:16:02] 🐋 YES $4,729.92 | KXMVECROSSCATEGORY-S2026219AF2B1009-DA4BC30F641
[10:20] Whales: 4026 | Vol: $18,584,584
[10:21:50] 🐋 YES $2,569.68 | KXETHD-26APR1017-T2089.99
[10:22:50] 🐋 YES $2,419.20 | KXATPMATCH-26APR05RUBBOR-RUB
[10:23:21] 🐋 NO $5,397.21 | KXATPMATCH-26APR05RINKHA-KHA
[10:25] Whales: 4029 | Vol: $18,594,970
[10:25:52] 🐋 YES $3,811.56 | KXATPMATCH-26APR05RINKHA-RIN
[10:28:08] 🐋 NO $2,301.75 | KXCS2MAP-26APR060700MEGOME-2-MEG
[10:28:08] 🐋 YES $2,317.59 | KXCS2MAP-26APR060700MEGOME-2-OME
[10:28:08] 🐋 NO $2,876.84 | KXCS2MAP-26APR060700MEGOME-1-MEG
[10:28:08] 🐋 YES $2,568.54 | KXCS2MAP-26APR060700MEGOME-1-OME
[10:28:08] 🐋 NO $2,817.75 | KXCS2GAME-26APR060700MEGOME-MEG
[10:28:08] 🐋 YES $2,092.80 | KXCS2GAME-26APR060700MEGOME-OME
[10:30] Whales: 4036 | Vol: $18,613,757
[10:35] Whales: 4036 | Vol: $18,613,757
[10:36:41] 🐋 YES $3,531.15 | KXATPMATCH-26APR05RINKHA-RIN
[10:39:12] 🐋 NO $3,044.82 | KXATPMATCH-26APR05RUBBOR-BOR
[10:40] Whales: 4038 | Vol: $18,620,333
[10:40:43] 🐋 NO $4,562.88 | KXATPMATCH-26APR05RINKHA-KHA
[10:40:58] 🐋 YES $4,027.32 | KXATPMATCH-26APR05RINKHA-RIN
[10:40:58] 🐋 YES $6,215.22 | KXATPMATCH-26APR05RINKHA-RIN
[10:40:58] 🐋 YES $3,947.44 | KXATPMATCH-26APR05RINKHA-RIN
[10:40:58] 🐋 YES $6,773.76 | KXATPMATCH-26APR05RINKHA-RIN
[10:45] Whales: 4043 | Vol: $18,645,859
[10:45:45] 🐋 YES $5,288.79 | KXNCAAMBSGP-26APR06CONNMICH-MICHO144
[10:50] Whales: 4044 | Vol: $18,651,148
[10:51:48] 🐋 YES $6,704.64 | KXATPCHALLENGERMATCH-26APR06SHEROC-ROC
[10:55] Whales: 4045 | Vol: $18,657,853
[10:56:50] 🐋 YES $2,334.42 | KXATPMATCH-26APR06LEHNAV-LEH
[11:00] Whales: 4046 | Vol: $18,660,187
[11:05] Whales: 4046 | Vol: $18,660,187
[11:06:40] 🐋 YES $2,920.78 | KXMARMAD-26-MICH
[11:10] Whales: 4047 | Vol: $18,663,108
[11:12:12] 🐋 YES $2,661.00 | KXBTCD-26APR0617-T69499.99
[11:12:43] 🐋 YES $5,314.76 | KXWTAMATCH-26APR06VOLSAL-VOL
[11:12:43] 🐋 YES $2,136.10 | KXATPMATCH-26APR06LEHNAV-LEH
[11:15:14] 🐋 YES $2,601.90 | KXATPMATCH-26APR05BAEWAW-BAE
[11:15] Whales: 4051 | Vol: $18,675,822
[11:18:30] 🐋 YES $3,950.00 | KXATPMATCH-26APR06LEHNAV-LEH
[11:19:46] 🐋 YES $2,991.36 | KXWTACHALLENGERMATCH-26APR06BRAPON-PON
[11:20] Whales: 4053 | Vol: $18,682,763
[11:25] Whales: 4053 | Vol: $18,682,763
[11:26:19] 🐋 YES $2,833.92 | KXWTAMATCH-26APR06SASKAL-SAS
[11:27:19] 🐋 NO $3,444.00 | KXSERIEATOTAL-26APR06UDICOM-2
[11:27:49] 🐋 YES $3,228.23 | KXATPMATCH-26APR05BAEWAW-WAW
[11:27:49] 🐋 YES $3,663.36 | KXATPMATCH-26APR05BAEWAW-WAW
[11:29:05] 🐋 NO $3,265.54 | KXATPMATCH-26APR05BAEWAW-WAW
[11:29:05] 🐋 YES $3,309.24 | KXATPMATCH-26APR05BAEWAW-BAE
[11:30] Whales: 4059 | Vol: $18,702,507
[11:34:53] 🐋 YES $2,922.28 | KXWTAMATCH-26APR06SASKAL-KAL
[11:34:53] 🐋 YES $2,722.80 | KXWTAMATCH-26APR06SASKAL-KAL
[11:35] Whales: 4061 | Vol: $18,708,152
[11:36:08] 🐋 YES $2,833.92 | KXWTAMATCH-26APR06SASKAL-KAL
[11:36:08] 🐋 YES $2,949.37 | KXWTAMATCH-26APR06SASKAL-KAL
[11:36:24] 🐋 YES $2,833.92 | KXWTAMATCH-26APR06SASKAL-KAL
[11:36:24] 🐋 YES $2,556.78 | KXWTAMATCH-26APR06SASKAL-KAL
[11:40] Whales: 4065 | Vol: $18,719,326
[11:44:58] 🐋 NO $2,446.44 | KXWTAMATCH-26APR06SASKAL-KAL
[11:45] Whales: 4066 | Vol: $18,721,773
[11:50:00] 🐋 YES $4,924.14 | KXWTAMATCH-26APR06SASKAL-SAS
[11:50] Whales: 4067 | Vol: $18,726,697
[11:52:46] 🐋 YES $2,158.60 | KXWTAMATCH-26APR06SASKAL-SAS
[11:54:47] 🐋 YES $2,259.84 | KXATPMATCH-26APR05BAEWAW-BAE
[11:54:47] 🐋 YES $6,082.56 | KXATPMATCH-26APR05BAEWAW-BAE
[11:55] Whales: 4070 | Vol: $18,737,198
[11:58:04] 🐋 NO $3,603.01 | KXETHY-27JAN0100-B2125
[11:59:19] 🐋 YES $6,574.59 | KXATPMATCH-26APR05BERMAN-BER
[11:59:19] 🐋 YES $3,939.21 | KXATPMATCH-26APR05BERMAN-BER
[11:59:19] 🐋 YES $6,773.76 | KXATPMATCH-26APR05BERMAN-BER
[11:59:19] 🐋 YES $5,896.66 | KXATPMATCH-26APR05BERMAN-BER
[11:59:19] 🐋 YES $3,591.54 | KXSERIEAGAME-26APR06UDICOM-TIE
[12:00] Whales: 4076 | Vol: $18,767,577
[12:01:05] 🐋 NO $2,121.60 | KXWTACHALLENGERMATCH-26APR06KUDSHE-SHE
[12:02:21] 🐋 YES $2,386.20 | KXWTACHALLENGERMATCH-26APR06KUDSHE-KUD
[12:04:22] 🐋 YES $2,040.00 | KXNCAAMBTOTAL-26APR06CONNMICH-144
[12:05] Whales: 4079 | Vol: $18,774,125
[12:09:24] 🐋 NO $2,172.81 | KXLALIGAGAME-26APR06GIRVIL-GIR
[12:09:54] 🐋 YES $2,051.46 | KXCBAGAME-26APR060735BRFJIA-BRF
[12:09:54] 🐋 YES $2,306.00 | KXNBASPREAD-26APR06DETORL-DET3
[12:10:55] 🐋 NO $4,984.21 | KXSERIEAGAME-26APR06UDICOM-COM
[12:10] Whales: 4083 | Vol: $18,785,639
[12:11:25] 🐋 NO $4,443.32 | KXATPMATCH-26APR05BAEWAW-WAW
[12:12:41] 🐋 YES $5,790.58 | KXMVECROSSCATEGORY-S2026253B4E9A8A6-13BC6E1A5A2
[12:12:56] 🐋 YES $3,996.63 | KXATPMATCH-26APR05BERMAN-BER
[12:13:11] 🐋 YES $2,458.17 | KXATPMATCH-26APR05BERMAN-BER
[12:13:56] 🐋 YES $2,898.58 | KXMARMAD-26-MICH
[12:15] Whales: 4088 | Vol: $18,805,226
[12:16:12] 🐋 YES $2,784.87 | KXATPMATCH-26APR05BERMAN-BER
[12:20:45] 🐋 YES $2,079.00 | KXATPCHALLENGERMATCH-26APR06NAGKAS-KAS
[12:21] Whales: 4090 | Vol: $18,810,090
[12:22:46] 🐋 YES $3,456.00 | KXATPCHALLENGERMATCH-26APR06LAJBEL-BEL
[12:24:47] 🐋 YES $3,835.44 | KXATPCHALLENGERMATCH-26APR06LAJBEL-BEL
[12:26] Whales: 4092 | Vol: $18,817,382
[12:31] Whales: 4092 | Vol: $18,817,382
[12:35:52] 🐋 NO $3,123.62 | KXBTCD-26APR0609-T69699.99
[12:36:07] 🐋 YES $2,333.22 | KXMARMAD-26-MICH
[12:36:07] 🐋 YES $2,796.99 | KXCS2GAME-26APR060900MGLZAST-MGLZ
[12:36] Whales: 4095 | Vol: $18,825,635
[12:37:08] 🐋 YES $4,424.72 | KXWTAMATCH-26APR06PARGAL-GAL
[12:38:38] 🐋 YES $2,085.32 | KXMARMAD-26-MICH
[12:41] Whales: 4097 | Vol: $18,832,145
[12:44:11] 🐋 YES $2,933.04 | KXATPMATCH-26APR06LEHNAV-LEH
[12:44:57] 🐋 YES $3,619.56 | KXNBAGAME-26APR06DETORL-DET
[12:46] Whales: 4099 | Vol: $18,838,698
[12:46:27] 🐋 YES $2,650.00 | KXMLBGAME-26APR061610CHCTB-TB
[12:51] Whales: 4100 | Vol: $18,841,348
[12:52:00] 🐋 YES $4,051.10 | KXATPMATCH-26APR06LEHNAV-LEH
[12:53:46] 🐋 NO $2,222.64 | KXATPMATCH-26APR05BAEWAW-WAW
[12:56] Whales: 4102 | Vol: $18,847,622
[12:57:18] 🐋 NO $3,557.95 | KXETHY-27JAN0100-B2625
[12:57:48] 🐋 NO $2,216.80 | KXEFLCHAMPIONSHIPGAME-26APR06POROXU-POR
[13:01] Whales: 4104 | Vol: $18,853,397
[13:02:51] 🐋 YES $3,437.28 | KXNBAGAME-26APR06NYKATL-NYK
[13:03:36] 🐋 NO $9,190.80 | KXPRESNOMR-28-KNOE
[13:03:36] 🐋 NO $9,990.00 | KXPRESNOMR-28-KNOE
[13:03:36] 🐋 YES $2,426.16 | KXMVECROSSCATEGORY-S2026E0EF3816561-5389112ACC1
[13:05:37] 🐋 NO $2,476.00 | KXNCAAMBTOTAL-26APR06CONNMICH-144
[13:05:37] 🐋 NO $2,500.00 | KXNCAAMBTOTAL-26APR06CONNMICH-144
[13:06:22] 🐋 YES $4,896.50 | KXATPMATCH-26APR06LEHNAV-LEH
[13:06] Whales: 4111 | Vol: $18,888,313
[13:07:23] 🐋 YES $3,635.38 | KXLAYOFFSYINFO-26-494000
[13:08:08] 🐋 YES $2,513.94 | KXATPMATCH-26APR06LEHNAV-LEH
[13:08:39] 🐋 YES $2,700.00 | KXMARMAD-26-CONN
[13:11] Whales: 4114 | Vol: $18,897,163
[13:11:40] 🐋 NO $3,706.85 | KXATPMATCH-26APR06LEHNAV-NAV
[13:13:41] 🐋 YES $3,942.70 | KXATPMATCH-26APR06LEHNAV-LEH
[13:13:41] 🐋 YES $4,833.90 | KXATPMATCH-26APR06LEHNAV-LEH
[13:14:57] 🐋 YES $12,581.67 | KXNBAGAME-26APR06NYKATL-ATL
[13:16:27] 🐋 YES $2,748.46 | KXNCAAMBSPREAD-26APR06CONNMICH-MICH4
[13:16] Whales: 4119 | Vol: $18,924,976
[13:17:13] 🐋 YES $2,818.80 | KXEFLCHAMPIONSHIPGAME-26APR06POROXU-OXU
[13:20:59] 🐋 YES $19,493.32 | KXNBAGAME-26APR06PORDEN-DEN
[13:21] Whales: 4121 | Vol: $18,947,288
[13:26] Whales: 4121 | Vol: $18,947,288
[13:27:33] 🐋 NO $2,383.28 | KXATPMATCH-26APR05CERTSI-TSI
[13:28:03] 🐋 YES $2,977.05 | KXATPMATCH-26APR06LEHNAV-LEH
[13:31] Whales: 4123 | Vol: $18,952,649
[13:35:07] 🐋 YES $2,318.47 | KXATPMATCH-26APR05CERTSI-CER
[13:35:37] 🐋 YES $4,950.00 | KXIPLGAME-26APR06PBKSKKR-PBKS
[13:36:07] 🐋 YES $2,414.50 | KXIPLGAME-26APR06PBKSKKR-PBKS
[13:36] Whales: 4126 | Vol: $18,962,332
[13:38:53] 🐋 YES $2,598.06 | KXIPLGAME-26APR06PBKSKKR-PBKS
[13:40:54] 🐋 YES $2,814.09 | KXIPLGAME-26APR06PBKSKKR-PBKS
[13:41] Whales: 4128 | Vol: $18,967,744
[13:42:56] 🐋 YES $2,438.46 | KXIPLGAME-26APR06PBKSKKR-PBKS
[13:43:56] 🐋 NO $2,160.00 | KXNCAAMBSPREAD-26APR06CONNMICH-MICH7
[13:46] Whales: 4130 | Vol: $18,972,342
[13:47:13] 🐋 YES $2,173.98 | KXIPLGAME-26APR06PBKSKKR-PBKS
[13:49:59] 🐋 YES $5,710.45 | KXWTAMATCH-26APR06PARGAL-GAL
[13:49:59] 🐋 YES $2,198.30 | KXWTAMATCH-26APR06PARGAL-GAL
[13:49:59] 🐋 YES $6,620.25 | KXWTAMATCH-26APR06PARGAL-GAL
[13:49:59] 🐋 YES $6,412.80 | KXWTAMATCH-26APR06PARGAL-GAL
[13:49:59] 🐋 YES $6,510.14 | KXWTAMATCH-26APR06PARGAL-GAL
[13:50:45] 🐋 YES $3,815.14 | KXWTAMATCH-26APR06PARGAL-GAL
[13:50:45] 🐋 YES $6,805.52 | KXWTAMATCH-26APR06PARGAL-GAL
[13:51] Whales: 4138 | Vol: $19,012,589
[13:53:01] 🐋 YES $2,958.40 | KXWTAMATCH-26APR06SHYVEK-SHY
[13:53:31] 🐋 NO $3,106.70 | KXATPMATCH-26APR06LEHNAV-NAV
[13:56] Whales: 4140 | Vol: $19,018,654
[13:57:48] 🐋 NO $2,323.23 | KXATPMATCH-26APR06LEHNAV-NAV
[13:58:03] 🐋 YES $5,568.00 | KXBTCD-26APR0610-T69299.99
[14:00:04] 🐋 YES $2,802.60 | KXATPMATCH-26APR06GARARN-GAR
[14:00:34] 🐋 YES $4,919.70 | KXATPMATCH-26APR06LEHNAV-LEH
[14:01] Whales: 4144 | Vol: $19,034,267
[14:05:37] 🐋 YES $2,393.38 | KXATPCHALLENGERMATCH-26APR06ARNAND-ARN
[14:06] Whales: 4145 | Vol: $19,036,661
[14:07:08] 🐋 YES $2,904.00 | KXWTACHALLENGERMATCH-26APR06JONMAN-JON
[14:07:23] 🐋 YES $4,024.20 | KXATPCHALLENGERMATCH-26APR06PERGEA-PER
[14:07:38] 🐋 YES $2,467.34 | KXWTACHALLENGERMATCH-26APR06JONMAN-JON
[14:08:08] 🐋 NO $5,037.12 | KXIPLGAME-26APR06PBKSKKR-KKR
[14:08:08] 🐋 NO $5,078.70 | KXIPLGAME-26APR06PBKSKKR-KKR
[14:08:08] 🐋 NO $5,078.70 | KXIPLGAME-26APR06PBKSKKR-KKR
[14:08:08] 🐋 NO $5,078.70 | KXIPLGAME-26APR06PBKSKKR-KKR
[14:08:08] 🐋 NO $5,078.70 | KXIPLGAME-26APR06PBKSKKR-KKR
[14:08:08] 🐋 NO $2,368.60 | KXIPLGAME-26APR06PBKSKKR-KKR
[14:08:08] 🐋 NO $3,149.37 | KXIPLGAME-26APR06PBKSKKR-KKR
[14:08:38] 🐋 YES $3,021.12 | KXWTAMATCH-26APR06SHYVEK-VEK
[14:09:24] 🐋 NO $2,031.00 | KXWTAMATCH-26APR06SHYVEK-SHY
[14:09:54] 🐋 NO $2,301.42 | KXIPLGAME-26APR06PBKSKKR-KKR
[14:09:54] 🐋 YES $2,680.00 | KXIPLGAME-26APR06PBKSKKR-PBKS
[14:11:10] 🐋 YES $3,159.52 | KXATPCHALLENGERMATCH-26APR06PERGEA-PER
[14:11] Whales: 4160 | Vol: $19,090,119
[14:12:41] 🐋 NO $49,500.00 | KXPGATOUR-MAST26-ASCO
[14:16] Whales: 4161 | Vol: $19,139,619
[14:18:59] 🐋 NO $9,585.18 | KXTRUMPMENTIONB-26APR01-NQE
[14:18:59] 🐋 NO $2,353.80 | KXIPLGAME-26APR06PBKSKKR-KKR
[14:19:44] 🐋 YES $5,566.34 | KXATPMATCH-26APR05ALTMAC-MAC
[14:19:44] 🐋 YES $5,656.56 | KXATPMATCH-26APR05ALTMAC-MAC
[14:19:59] 🐋 NO $2,671.56 | KXWTACHALLENGERMATCH-26APR06JONMAN-JON
[14:19:59] 🐋 NO $2,432.43 | KXWTACHALLENGERMATCH-26APR06JONMAN-JON
[14:19:59] 🐋 NO $2,942.35 | KXWTACHALLENGERMATCH-26APR06JONMAN-JON
[14:19:59] 🐋 NO $2,017.66 | KXWTACHALLENGERMATCH-26APR06JONMAN-JON
[14:19:59] 🐋 NO $2,194.40 | KXWTACHALLENGERMATCH-26APR06JONMAN-JON
[14:20:14] 🐋 YES $4,850.00 | KXSERIEAGAME-26APR06LECATA-ATA
[14:22] Whales: 4171 | Vol: $19,179,890
[14:23:01] 🐋 YES $2,260.83 | KXPSLGAME-26APR06RAWMUS-RAW
[14:23:16] 🐋 NO $2,503.71 | KXXRP-26APR0611-B1.3499500
[14:27] Whales: 4173 | Vol: $19,184,654
[14:28:04] 🐋 YES $4,478.88 | KXATPMATCH-26APR05CERTSI-CER
[14:28:19] 🐋 YES $59,811.24 | KXMARMAD-26-MICH
[14:29:04] 🐋 YES $2,384.00 | KXATPMATCH-26APR05ALTMAC-MAC
[14:30:35] 🐋 YES $2,665.56 | KXATPMATCH-26APR05CERTSI-CER
[14:30:50] 🐋 YES $3,148.53 | KXATPCHALLENGERMATCH-26APR06GAUTRA-GAU
[14:32] Whales: 4178 | Vol: $19,257,142
[14:32:21] 🐋 YES $5,246.20 | KXATPMATCH-26APR06VACCER-VAC
[14:32:21] 🐋 YES $2,806.92 | KXATPMATCH-26APR06VACCER-VAC
[14:33:51] 🐋 YES $6,773.76 | KXATPCHALLENGERMATCH-26APR06FERVIL-FER
[14:34:37] 🐋 YES $6,409.26 | KXATPMATCH-26APR05CERTSI-CER
[14:34:37] 🐋 YES $6,842.88 | KXATPMATCH-26APR05CERTSI-CER
[14:35:22] 🐋 YES $19,473.10 | KXMARMAD-26-MICH
[14:35:22] 🐋 NO $3,094.55 | KXLALIGAGAME-26APR06GIRVIL-VIL
[14:35:37] 🐋 YES $6,842.88 | KXATPMATCH-26APR05CERTSI-CER
[14:35:37] 🐋 YES $6,541.92 | KXATPMATCH-26APR05CERTSI-CER
[14:35:37] 🐋 YES $7,095.33 | KXATPMATCH-26APR05CERTSI-CER
[14:35:37] 🐋 YES $6,773.76 | KXATPMATCH-26APR05CERTSI-CER
[14:35:37] 🐋 YES $4,029.30 | KXATPMATCH-26APR05CERTSI-CER
[14:37:08] 🎯 YES $3,301.25 | KXBTC15M-26APR061045-45
[14:37] Whales: 4191 | Vol: $19,342,373
[14:38:08] 🐋 YES $2,311.50 | KXATPMATCH-26APR06SHABLO-SHA
[14:40:25] 🐋 YES $2,400.00 | KXMLBSPREAD-26APR062138ATLLAA-ATL2
[14:42] Whales: 4193 | Vol: $19,347,085
[14:43:41] 🐋 YES $2,419.98 | KXMLBGAME-26APR061610CHCTB-TB
[14:46:12] 🐋 YES $3,082.44 | KXATPMATCH-26APR05ALTMAC-MAC
[14:46:43] 🐋 YES $2,349.50 | KXMARMAD-26-MICH
[14:47:13] 🐋 YES $3,950.00 | KXNCAAMBTOTAL-26APR06CONNMICH-132
[14:47] Whales: 4197 | Vol: $19,358,887
[14:47:58] 🐋 YES $2,430.21 | KXNBAGAME-26APR06DETORL-DET
[14:48:13] 🐋 NO $3,789.18 | KXNCAAMBSPREAD-26APR06CONNMICH-MICH7
[14:48:28] 🐋 YES $5,423.55 | KXATPMATCH-26APR05CERTSI-CER
[14:48:28] 🐋 YES $6,566.40 | KXATPMATCH-26APR05CERTSI-CER
[14:52] Whales: 4201 | Vol: $19,377,096
[14:53:01] 🐋 YES $2,340.92 | KXATPMATCH-26APR05ALTMAC-ALT
[14:53:31] 🐋 YES $2,112.80 | KXPSLGAME-26APR06RAWMUS-MUS
[14:54:01] 🐋 YES $2,421.90 | KXMVECROSSCATEGORY-S2026E2E801FFDFB-28E84A5E84C
[14:54:32] 🐋 YES $2,102.36 | KXNCAAMBTOTAL-26APR06CONNMICH-144
[14:54:47] 🎯 YES $4,157.60 | KXBTC15M-26APR061100-00
[14:55:02] 🐋 YES $2,709.84 | KXATPMATCH-26APR06SHABLO-SHA
[14:55:02] 🐋 NO $5,200.00 | KXNHLGAME-26APR06TBBUF-BUF
[14:55:17] 🐋 YES $2,256.64 | KXATPMATCH-26APR06SHABLO-SHA
[14:55:17] 🐋 NO $4,102.46 | KXATPCHALLENGERMATCH-26APR06GAUTRA-GAU
[14:56:18] 🐋 NO $3,344.00 | KXINXU-26APR06H1100-T6604.9999
[14:56:48] 🐋 YES $2,278.12 | KXNCAAMBSGP-26APR06CONNMICHSPREADS-CONNU144
[14:57] Whales: 4212 | Vol: $19,410,123
[14:57:49] 🐋 NO $4,483.05 | KXTRUMPMENTIONB-26APR01-OIL
[14:58:34] 🐋 YES $2,877.34 | KXNBASPREAD-26APR06NYKATL-ATL2
[15:00:20] 🐋 YES $5,637.06 | KXWICOURT-26-CTAY
[15:01:05] 🐋 NO $3,388.92 | KXATPMATCH-26APR05CERTSI-TSI
[15:01:05] 🐋 NO $3,720.00 | KXATPMATCH-26APR06SHABLO-SHA
[15:01:05] 🐋 YES $2,494.44 | KXATPMATCH-26APR06SHABLO-BLO
[15:01:51] 🐋 YES $2,112.50 | KXNCAAMB1HWINNER-26APR06CONNMICH-MICH
[15:02] Whales: 4219 | Vol: $19,434,836
[15:02:51] 🐋 YES $3,133.55 | KXATPMATCH-26APR05ALTMAC-MAC
[15:03:37] 🐋 YES $2,188.50 | KXATPMATCH-26APR05ALTMAC-MAC
[15:03:52] 🐋 NO $2,607.36 | KXEFLCHAMPIONSHIPGAME-26APR06IPSBC-BC
[15:05:53] 🐋 YES $4,767.18 | KXSERIEAGAME-26APR06NAPACM-ACM
[15:07:08] 🐋 YES $6,773.76 | KXATPMATCH-26APR05CERTSI-CER
[15:07] Whales: 4224 | Vol: $19,454,307
[15:08:24] 🐋 YES $8,600.00 | KXAAAGASD-26APR07-4.140
[15:09:24] 🐋 YES $2,700.00 | KXNCAAMBSGP-26APR06CONNMICHSPREADS-CONNU144
[15:09:24] 🐋 YES $2,833.92 | KXNCAAMBSGP-26APR06CONNMICHSPREADS-CONNU144
[15:09:24] 🐋 NO $3,091.90 | KXATPMATCH-26APR05CERTSI-TSI
[15:10:25] 🐋 YES $2,798.01 | KXMARMAD-26-CONN
[15:11:41] 🐋 YES $2,396.61 | KXATPMATCH-26APR05FONDIA-FON
[15:11:41] 🐋 YES $2,578.89 | KXATPMATCH-26APR05FONDIA-FON
[15:12] Whales: 4231 | Vol: $19,479,306
[15:17:28] 🐋 YES $3,851.08 | KXPSLGAME-26APR06RAWMUS-MUS
[15:17] Whales: 4232 | Vol: $19,483,157
[15:18:14] 🐋 YES $3,440.80 | KXATPCHALLENGERMATCH-26APR06LLAFER-LLA
[15:18:29] 🐋 YES $2,454.24 | KXNCAAMBSPREAD-26APR06CONNMICH-MICH7
[15:22:00] 🐋 YES $6,624.00 | KXATPCHALLENGERMATCH-26APR06LLAFER-LLA
[15:22:00] 🐋 YES $6,704.64 | KXATPCHALLENGERMATCH-26APR06GAUTRA-TRA
[15:22] Whales: 4236 | Vol: $19,502,381
[15:27] Whales: 4236 | Vol: $19,502,381
[15:29:34] 🐋 YES $3,906.38 | KXLAYOFFSYINFO-26-494000
[15:29:34] 🐋 YES $3,709.22 | KXLAYOFFSYINFO-26-494000
[15:30:50] 🐋 YES $3,481.92 | KXNCAAMBSPREAD-26APR06CONNMICH-MICH4
[15:32] Whales: 4239 | Vol: $19,513,478
[15:35:37] 🐋 NO $4,670.84 | KXATPCHALLENGERMATCH-26APR06GAUTRA-GAU
[15:35:37] 🐋 YES $6,359.04 | KXATPCHALLENGERMATCH-26APR06GAUTRA-TRA
[15:37] Whales: 4241 | Vol: $19,524,508
[15:42] Whales: 4241 | Vol: $19,524,508
[15:43:27] 🐋 YES $5,978.35 | KXATPMATCH-26APR05ALTMAC-MAC
[15:45:43] 🐋 YES $2,003.12 | KXSURVIVORMENTION-26APR09-BLOO
[15:47] Whales: 4243 | Vol: $19,532,489
[15:49:45] 🐋 NO $2,299.77 | KXSERIEATOTAL-26APR06JUVGEN-3
[15:50:00] 🐋 NO $8,214.03 | KXATPMATCH-26APR05ALTMAC-ALT
[15:50:15] 🐋 YES $2,475.08 | KXATPCHALLENGERMATCH-26APR06GAUTRA-TRA
[15:52:16] 🐋 NO $2,027.88 | KXATPMATCH-26APR06SHABLO-SHA
[15:52:46] 🐋 YES $2,136.00 | KXATPCHALLENGERMATCH-26APR06ECHBER-BER
[15:52] Whales: 4248 | Vol: $19,549,642
[15:53:32] 🐋 YES $3,443.48 | KXATPMATCH-26APR06COBCOM-COB
[15:53:47] 🐋 YES $3,216.40 | KXATPMATCH-26APR06SHABLO-BLO
[15:54:02] 🐋 YES $4,564.81 | KXATPMATCH-26APR06SHABLO-BLO
[15:54:32] 🐋 YES $2,202.75 | KXATPCHALLENGERMATCH-26APR06ECHBER-BER
[15:54:32] 🐋 NO $4,957.44 | KXATPCHALLENGERMATCH-26APR06GAUTRA-GAU
[15:54:32] 🐋 NO $6,644.50 | KXATPCHALLENGERMATCH-26APR06GAUTRA-GAU
[15:57:19] 🐋 NO $12,332.84 | KXMARMAD-26-CONN
[15:57] Whales: 4255 | Vol: $19,587,004
[15:58:04] 🐋 YES $5,460.48 | KXMLBGAME-26APR061610CHCTB-CHC
[15:58:04] 🐋 YES $24,341.56 | KXMARMAD-26-MICH
[15:58:19] 🐋 YES $2,333.83 | KXLAYOFFSYINFO-26-494000
[16:02:06] 🐋 YES $2,326.96 | KXIPLGAME-26APR06PBKSKKR-PBKS
[16:02] Whales: 4259 | Vol: $19,621,467
[16:03:52] 🐋 YES $4,549.97 | KXATPMATCH-26APR06VACCER-VAC
[16:04:52] 🐋 YES $7,829.20 | KXNBAGAME-26APR06CLEMEM-CLE
[16:05:08] 🐋 YES $4,526.34 | KXATPCHALLENGERMATCH-26APR06DLFTOR-DLF
[16:06:54] 🐋 YES $14,619.99 | KXNBAGAME-26APR06PHISAS-SAS
[16:07:09] 🐋 YES $2,846.88 | KXMLBSPREAD-26APR061610CHCTB-CHC2
[16:07] Whales: 4264 | Vol: $19,655,840
[16:09:10] 🐋 YES $2,912.49 | KXBTCD-26APR0613-T69799.99
[16:10:26] 🐋 YES $4,294.32 | KXSERIEAGAME-26APR06JUVGEN-JUV
[16:11:11] 🐋 YES $3,258.36 | KXMARMAD-26-CONN
[16:11:27] 🐋 YES $3,051.76 | KXMARMAD-26-MICH
[16:11:42] 🐋 YES $3,742.56 | KXNCAAMBTOTAL-26APR06CONNMICH-147
[16:12] Whales: 4269 | Vol: $19,673,099
[16:13:43] 🐋 NO $2,094.66 | KXATPMATCH-26APR06VACCER-CER
[16:15:13] 🐋 YES $3,065.04 | KXLALIGAGAME-26APR06GIRVIL-VIL
[16:16:44] 🐋 NO $3,451.31 | KXLEAVESTARMER-26JUL01
[16:17:29] 🐋 YES $2,742.80 | KXATPMATCH-26APR06COBCOM-COM
[16:18:00] 🐋 YES $2,883.60 | KXATPMATCH-26APR06COBCOM-COB
[16:18] Whales: 4274 | Vol: $19,687,337
[16:19:00] 🐋 YES $6,675.54 | KXSERIEAGAME-26APR06JUVGEN-JUV
[16:19:30] 🐋 YES $2,648.94 | KXATPCHALLENGERMATCH-26APR06LANKIR-LAN
[16:20:31] 🐋 YES $2,100.00 | KXBSLGAME-26APR041100MANBAH-BAH
[16:22:02] 🐋 YES $3,594.78 | KXATPMATCH-26APR06COBCOM-COB
[16:22:17] 🐋 YES $4,354.56 | KXATPMATCH-26APR06COBCOM-COB
[16:23] Whales: 4279 | Vol: $19,706,710
[16:23:32] 🐋 YES $3,700.00 | KXMARMAD-26-MICH
[16:24:03] 🐋 YES $2,424.80 | KXATPMATCH-26APR06COBCOM-COB
[16:24:18] 🐋 YES $2,776.29 | KXATPMATCH-26APR06COBCOM-COM
[16:24:33] 🐋 YES $2,400.00 | KXNCAAMBTOTAL-26APR06CONNMICH-147
[16:24:33] 🐋 YES $7,740.48 | KXNCAAMBTOTAL-26APR06CONNMICH-147
[16:25:18] 🐋 YES $4,814.24 | KXMVECROSSCATEGORY-S2026C244E053049-7D92AC7CAD9
[16:28] Whales: 4285 | Vol: $19,730,566
[16:28:35] 🐋 NO $5,073.60 | KXSERIEATOTAL-26APR06JUVGEN-4
[16:32:37] 🐋 YES $2,266.56 | KXATPCHALLENGERMATCH-26APR06DRABIG-DRA
[16:33] Whales: 4287 | Vol: $19,737,906
[16:34:23] 🐋 YES $2,561.73 | KXATPMATCH-26APR06VACCER-VAC
[16:38] Whales: 4288 | Vol: $19,740,468
[16:39:41] 🐋 NO $14,560.84 | KXPGATOUR-MAST26-PREE
[16:43:12] 🐋 YES $2,200.00 | KXNBASIXTH-26-JJAQ
[16:43] Whales: 4290 | Vol: $19,757,229
[16:47:14] 🐋 YES $2,249.40 | KXATPMATCH-26APR06VACCER-CER
[16:47:14] 🐋 YES $2,882.88 | KXATPMATCH-26APR06VACCER-CER
[16:47:14] 🐋 YES $2,853.57 | KXATPMATCH-26APR06VACCER-CER
[16:48] Whales: 4293 | Vol: $19,765,215
[16:48:30] 🐋 YES $4,824.00 | KXNCAAMBSPREAD-26APR06CONNMICH-MICH7
[16:50:31] 🐋 YES $4,729.36 | KXPGATOP20-MAST26-XSCH
[16:51:47] 🐋 NO $3,480.00 | KXLALIGAGAME-26APR06GIRVIL-VIL
[16:53] Whales: 4296 | Vol: $19,778,248
[16:56:19] 🐋 NO $16,980.00 | KXIPLGAME-26APR06PBKSKKR-PBKS
[16:58] Whales: 4297 | Vol: $19,795,228
[16:58:50] 🐋 YES $2,460.50 | KXATPMATCH-26APR06VACCER-CER
[16:58:50] 🐋 YES $2,521.92 | KXATPMATCH-26APR06VACCER-CER
[17:00:51] 🐋 YES $5,437.52 | KXMARMAD-26-MICH
[17:01:21] 🐋 NO $2,300.00 | KXBTCD-26APR0614-T69699.99
[17:02:52] 🐋 YES $2,650.00 | KXMLBGAME-26APR061845MILBOS-MIL
[17:03] Whales: 4302 | Vol: $19,810,598
[17:03:53] 🐋 YES $2,592.20 | KXATPCHALLENGERMATCH-26APR06ZINSMI-SMI
[17:05:08] 🐋 YES $4,737.12 | KXNBAGAME-26APR07MIATOR-MIA
[17:05:08] 🐋 YES $2,318.51 | KXNBAGAME-26APR07MIATOR-MIA
[17:06:24] 🐋 YES $2,774.70 | KXATPCHALLENGERMATCH-26APR06DRABIG-DRA
[17:06:24] 🐋 YES $6,220.80 | KXATPCHALLENGERMATCH-26APR06DRABIG-DRA
[17:07:09] 🐋 NO $3,019.68 | KXATPMATCH-26APR06VACCER-CER
[17:08] Whales: 4308 | Vol: $19,832,261
[17:08:40] 🐋 NO $3,700.00 | KXMARMAD-26-CONN
[17:08:55] 🐋 YES $4,710.70 | KXATPMATCH-26APR06COBCOM-COB
[17:08:55] 🐋 YES $5,764.08 | KXATPMATCH-26APR06COBCOM-COB
[17:08:55] 🐋 YES $5,908.10 | KXATPMATCH-26APR06COBCOM-COB
[17:08:55] 🐋 YES $5,667.84 | KXATPMATCH-26APR06COBCOM-COB
[17:08:55] 🐋 YES $5,266.64 | KXATPMATCH-26APR06COBCOM-COB
[17:08:55] 🐋 YES $5,899.47 | KXATPMATCH-26APR06COBCOM-COB
[17:08:55] 🐋 YES $2,602.68 | KXATPMATCH-26APR06COBCOM-COB
[17:08:55] 🐋 YES $2,187.64 | KXATPMATCH-26APR06COBCOM-COB
[17:08:55] 🐋 YES $3,722.04 | KXATPMATCH-26APR06COBCOM-COB
[17:08:55] 🐋 YES $4,719.10 | KXATPMATCH-26APR06COBCOM-COB
[17:12:42] 🐋 YES $2,580.00 | KXATPMATCH-26APR06COBCOM-COB
[17:13] Whales: 4320 | Vol: $19,884,989
[17:15:28] 🐋 YES $3,340.80 | KXATPCHALLENGERMATCH-26APR06DRABIG-DRA
[17:15:28] 🐋 YES $2,000.00 | KXIPLGAME-26APR06PBKSKKR-KKR
[17:15:43] 🐋 YES $3,348.18 | KXTRUMPMENTIONB-26APR06B-HEGS
[17:17:29] 🐋 NO $2,933.96 | KXATPCHALLENGERMATCH-26APR06LANKIR-KIR
[17:18] Whales: 4324 | Vol: $19,896,612
[17:19:00] 🐋 NO $2,182.88 | KXMLBTOTAL-26APR061610CHCTB-9
[17:21:31] 🐋 YES $4,147.13 | KXATPMATCH-26APR06VACCER-VAC
[17:21:46] 🐋 YES $3,326.40 | KXATPCHALLENGERMATCH-26APR06LANKIR-LAN
[17:23] Whales: 4327 | Vol: $19,906,269
[17:28:04] 🐋 YES $4,134.24 | KXWTAMATCH-26APR06STEMAR-MAR
[17:28:04] 🐋 YES $3,003.84 | KXIPLGAME-26APR06PBKSKKR-KKR
[17:28:19] 🐋 YES $2,633.40 | KXATPMATCH-26APR06VACCER-VAC
[17:28] Whales: 4330 | Vol: $19,916,040
[17:30:51] 🐋 NO $2,425.97 | KXWTACHALLENGERMATCH-26APR06YUAGAL-GAL
[17:33] Whales: 4331 | Vol: $19,918,466
[17:33:52] 🐋 NO $4,500.00 | KXATPMATCH-26APR06VACCER-CER
[17:34:53] 🐋 YES $4,704.98 | KXSERIEAGAME-26APR06JUVGEN-JUV
[17:34:53] 🐋 YES $3,724.11 | KXMARMAD-26-CONN
[17:36:23] 🐋 NO $6,224.00 | KXIPLGAME-26APR06PBKSKKR-PBKS
[17:38] Whales: 4335 | Vol: $19,937,619
[17:40:40] 🐋 YES $3,696.66 | KXATPMATCH-26APR06VACCER-VAC
[17:41:56] 🐋 NO $2,592.84 | KXBTCD-26APR0614-T69599.99
[17:43] Whales: 4337 | Vol: $19,943,909
[17:46:43] 🐋 YES $2,850.00 | KXMLBGAME-26APR061840SDPIT-PIT
[17:47:14] 🐋 YES $2,242.75 | KXMVECROSSCATEGORY-S20264748615F7B4-EC3F3C6F885
[17:47:44] 🐋 YES $3,494.10 | KXMVESPORTSMULTIGAMEEXTENDED-S2026A1F473F595F-EAC347F8754
[17:48] Whales: 4340 | Vol: $19,952,496
[17:51:46] 🐋 NO $4,586.26 | KXNCAAMBNEXTCOACH-UNC26-BDON
[17:51:46] 🐋 NO $3,038.00 | KXNCAAMBNEXTCOACH-UNC26-BDON
[17:52:01] 🐋 YES $4,843.44 | KXNCAAMBTOTAL-26APR06CONNMICH-141
[17:52:01] 🐋 YES $2,178.96 | KXNCAAMBNEXTCOACH-UNC26-MMAL
[17:52:01] 🐋 YES $2,612.88 | KXNCAAMBNEXTCOACH-UNC26-MMAL
[17:52:16] 🐋 YES $2,220.00 | KXATPMATCH-26APR06COBCOM-COB
[17:53] Whales: 4346 | Vol: $19,971,975
[17:55:02] 🐋 YES $24,703.91 | KXNBAGAME-26APR06PHISAS-SAS
[17:55:02] 🐋 YES $4,950.00 | KXNCAAMBNEXTCOACH-UNC26-MMAL
[17:56:03] 🐋 YES $4,950.00 | KXNCAAMBNEXTCOACH-UNC26-MMAL
[17:58:49] 🐋 YES $4,873.33 | KXNBAGAME-26APR06PHISAS-SAS
[17:58] Whales: 4350 | Vol: $20,011,452
[18:00:05] 🐋 YES $2,836.96 | KXATPMATCH-26APR06COBCOM-COB
[18:00:20] 🐋 YES $3,366.16 | KXATPMATCH-26APR06COBCOM-COB
[18:01:20] 🐋 NO $9,700.00 | KXNBA-26-DET
[18:01:36] 🎯 NO $3,210.44 | KXBTC15M-26APR061415-15
[18:03] Whales: 4354 | Vol: $20,030,566
[18:04:07] 🐋 YES $4,517.04 | KXIPLGAME-26APR07MIRR-MI
[18:04:37] 🐋 YES $2,180.16 | KXATPMATCH-26APR06COBCOM-COM
[18:08] Whales: 4356 | Vol: $20,037,263
[18:09:55] 🐋 YES $2,850.00 | KXBTCD-26APR0615-T69499.99
[18:12:41] 🐋 NO $3,333.36 | KXPREMIERLEAGUE-26-MCI
[18:13] Whales: 4358 | Vol: $20,043,447
[18:14:42] 🐋 YES $2,560.50 | KXATPMATCH-26APR06COBCOM-COB
[18:15:43] 🐋 YES $8,128.62 | KXMLBGAME-26APR061845MILBOS-MIL
[18:16:43] 🐋 YES $3,345.59 | KXWTAMATCH-26APR06BOURUS-RUS
[18:16:43] 🐋 YES $2,007.36 | KXATPMATCH-26APR06COBCOM-COB
[18:16:58] 🐋 YES $5,904.36 | KXNBAGAME-26APR06PHISAS-SAS
[18:18:29] 🐋 YES $3,018.64 | KXTRUMPMENTIONB-26APR06B-VENE
[18:18] Whales: 4364 | Vol: $20,068,412
[18:19:14] 🐋 YES $2,430.40 | KXATPCHALLENGERMATCH-26APR06AVECOL-COL
[18:19:14] 🐋 YES $5,631.08 | KXATPCHALLENGERMATCH-26APR06AVECOL-COL
[18:20:45] 🐋 YES $5,045.76 | KXWTAMATCH-26APR06BOURUS-RUS
[18:21:30] 🐋 YES $2,405.52 | KXWTAMATCH-26APR06BOURUS-RUS
[18:22:31] 🐋 NO $2,655.12 | KXLALIGAGAME-26APR06GIRVIL-GIR
[18:24:02] 🐋 YES $3,257.10 | KXATPMATCH-26APR06COBCOM-COB
[18:24] Whales: 4370 | Vol: $20,089,837
[18:26:18] 🐋 NO $4,300.00 | KXPGATOUR-MAST26-SSCH
[18:29] Whales: 4371 | Vol: $20,094,137
[18:34] Whales: 4371 | Vol: $20,094,137
[18:37:08] 🐋 NO $2,018.00 | KXWTAMATCH-26APR06STEMAR-STE
[18:37:53] 🐋 YES $2,449.00 | KXWTAMATCH-26APR06STEMAR-STE
[18:37:53] 🐋 YES $3,253.60 | KXWTAMATCH-26APR06STEMAR-STE
[18:38:09] 🐋 YES $2,433.86 | KXMARMAD-26-MICH
[18:39] Whales: 4375 | Vol: $20,104,291
[18:39:40] 🐋 YES $2,208.51 | KXSERIEABTTS-26APR06NAPACM
[18:40:25] 🐋 NO $3,960.00 | KXNBAMVP-26-LDON
[18:42:56] 🐋 NO $2,743.44 | KXSERIEAGAME-26APR06NAPACM-TIE
[18:44] Whales: 4378 | Vol: $20,113,203
[18:45:27] 🐋 YES $2,410.56 | KXNBAGAME-26APR06DETORL-DET
[18:47:13] 🎯 NO $3,000.00 | KXBTC15M-26APR061500-00
[18:47:13] 🎯 NO $3,000.00 | KXBTC15M-26APR061500-00
[18:49] Whales: 4381 | Vol: $20,121,614
[18:50:15] 🐋 NO $2,850.00 | KXBTCY-27JAN0100-B82500
[18:50:45] 🐋 NO $2,157.40 | KXBTCY-27JAN0100-B72500
[18:51:01] 🐋 NO $2,814.00 | KXBTCY-27JAN0100-B67500
[18:51:01] 🐋 YES $2,525.60 | KXWTAMATCH-26APR06STEMAR-STE
[18:51:46] 🐋 YES $2,819.45 | KXWTAMATCH-26APR06STEMAR-STE
[18:52:01] 🐋 YES $2,460.12 | KXWTAMATCH-26APR06STEMAR-STE
[18:52:01] 🐋 YES $2,490.00 | KXWTAMATCH-26APR06STEMAR-STE
[18:52:01] 🐋 NO $2,844.00 | KXBTCY-27JAN0100-B47500
[18:52:31] 🐋 YES $2,007.90 | KXWTAMATCH-26APR06STEMAR-STE
[18:52:46] 🐋 NO $4,138.20 | KXWTAMATCH-26APR06STEMAR-MAR
[18:54] Whales: 4391 | Vol: $20,148,720
[18:58:04] 🐋 YES $6,874.60 | KXMARMAD-26-MICH
[18:59] Whales: 4392 | Vol: $20,155,595
[19:04] Whales: 4392 | Vol: $20,155,595
[19:07:09] 🐋 NO $4,100.00 | KXWTAMATCH-26APR06STEMAR-MAR
[19:08:40] 🎯 NO $4,407.93 | KXBTC15M-26APR061515-15
[19:09:25] 🐋 YES $5,020.92 | KXNBAGAME-26APR06DETORL-DET
[19:09] Whales: 4395 | Vol: $20,169,124
[19:10:11] 🐋 NO $2,975.76 | KXSERIEAGAME-26APR06NAPACM-ACM
[19:10:11] 🐋 NO $4,625.00 | KXMARMAD-26-CONN
[19:13:58] 🐋 YES $2,189.26 | KXATPCHALLENGERMATCH-26APR06TORAMB-AMB
[19:13:58] 🐋 NO $2,209.00 | KXATPCHALLENGERMATCH-26APR06TORAMB-TOR
[19:14] Whales: 4399 | Vol: $20,181,123
[19:16:14] 🐋 YES $2,759.13 | KXSERIEBGAME-26APR06CARSPE-CAR
[19:17:44] 🐋 YES $2,005.87 | KXMVESPORTSMULTIGAMEEXTENDED-S20262E5F3439ED5-2CA6BE6B973
[19:19:15] 🐋 YES $2,893.70 | KXWTAMATCH-26APR06STEMAR-STE
[19:19:15] 🐋 YES $2,091.90 | KXWTAMATCH-26APR06STEMAR-STE
[19:19] Whales: 4403 | Vol: $20,190,873
[19:19:45] 🐋 YES $7,670.52 | KXABAGAME-26APR061300KRKMEGA-MEGA
[19:22:02] 🐋 YES $2,538.36 | KXATPCHALLENGERMATCH-26APR06NUNREM-NUN
[19:22:47] 🐋 YES $3,205.44 | KXWTAMATCH-26APR06STEMAR-STE
[19:23:02] 🐋 YES $3,136.56 | KXWTAMATCH-26APR06STEMAR-STE
[19:23:17] 🐋 YES $2,200.00 | KXATPCHALLENGERMATCH-26APR06BOSROD-BOS
[19:24] Whales: 4408 | Vol: $20,209,624
[19:27:19] 🐋 YES $3,560.00 | KXWTAMATCH-26APR06STEMAR-STE
[19:28:35] 🐋 YES $3,667.50 | KXWTAMATCH-26APR06STEMAR-STE
[19:28:35] 🐋 YES $8,382.60 | KXWTAMATCH-26APR06STEMAR-STE
[19:28:35] 🐋 YES $2,482.20 | KXWTAMATCH-26APR06STEMAR-STE
[19:29:35] 🐋 NO $6,183.24 | KXLIGAPORTUGALGAME-26APR06CASBEN-TIE
[19:29] Whales: 4413 | Vol: $20,233,900
[19:34:38] 🐋 YES $8,345.79 | KXNCAAMBSPREAD-26APR06CONNMICH-MICH7
[19:34] Whales: 4414 | Vol: $20,242,246
[19:36:39] 🐋 NO $2,949.24 | KXLIGAPORTUGALGAME-26APR06CASBEN-TIE
[19:36:39] 🐋 NO $5,854.80 | KXLIGAPORTUGALGAME-26APR06CASBEN-TIE
[19:37:24] 🐋 YES $2,078.23 | KXNBAGAME-26APR06PHISAS-SAS
[19:37:24] 🐋 YES $3,836.61 | KXMLBGAME-26APR061610CHCTB-CHC
[19:38:25] 🐋 YES $7,659.50 | KXMVESPORTSMULTIGAMEEXTENDED-S202678928FEA51F-B8C29B73698
[19:39] Whales: 4419 | Vol: $20,264,624
[19:40:26] 🐋 YES $2,776.85 | KXMVECROSSCATEGORY-S2026BB188024AFA-997B9BAA064
[19:41:57] 🐋 YES $3,016.46 | KXBTCD-26APR0616-T69499.99
[19:43:58] 🐋 YES $3,083.58 | KXMARMAD-26-MICH
[19:44] Whales: 4422 | Vol: $20,273,501
[19:47:45] 🐋 YES $2,411.75 | KXMLBGAME-26APR061610CHCTB-TB
[19:48:00] 🐋 YES $5,966.88 | KXNCAAMBSPREAD-26APR06CONNMICH-MICH4
[19:48:00] 🐋 YES $2,467.60 | KXNCAAMBSPREAD-26APR06CONNMICH-MICH4
[19:48:30] 🐋 YES $4,286.70 | KXLIGAPORTUGALGAME-26APR06AROEST-ARO
[19:48:30] 🐋 YES $3,712.50 | KXLIGAPORTUGALGAME-26APR06AROEST-ARO
[19:49] Whales: 4427 | Vol: $20,292,346
[19:50:16] 🐋 YES $18,500.00 | KXMARMAD-26-MICH
[19:53:32] 🐋 NO $4,010.62 | KXNCAAMBSPREAD-26APR06CONNMICH-MICH16
[19:53:48] 🐋 YES $9,900.00 | KXATPCHALLENGERMATCH-26APR06GLIWOL-GLI
[19:53:48] 🐋 NO $2,940.00 | KXATPCHALLENGERMATCH-26APR06GLIWOL-WOL
[19:54:18] 🐋 NO $3,350.00 | KXMLBSPREAD-26APR061610CHCTB-CHC2
[19:54:18] 🐋 NO $5,360.00 | KXMLBSPREAD-26APR061610CHCTB-CHC2
[19:54:18] 🐋 NO $2,436.12 | KXMLBSPREAD-26APR061610CHCTB-CHC2
[19:54] Whales: 4434 | Vol: $20,338,843
[19:57:04] 🐋 YES $5,764.08 | KXMLBGAME-26APR061610CHCTB-CHC
[19:57:04] 🐋 YES $6,329.49 | KXMLBGAME-26APR061610CHCTB-CHC
[19:57:04] 🐋 YES $2,289.84 | KXMLBGAME-26APR061610CHCTB-CHC
[19:59] Whales: 4437 | Vol: $20,353,226
[20:00:36] 🐋 NO $2,106.00 | KXCITRINI-28JUL01
[20:00:36] 🐋 NO $2,683.75 | KXCITRINI-28JUL01
[20:00:36] 🐋 NO $6,880.30 | KXCITRINI-28JUL01
[20:02:22] 🐋 YES $2,000.00 | KXMLBHRR-26APR061845STLWSH-WSHJYOUNG30-2
[20:04] Whales: 4441 | Vol: $20,366,896
[20:05:09] 🐋 YES $4,900.00 | KXNBAGAME-26APR06NYKATL-NYK
[20:05:39] 🐋 YES $2,907.85 | KXMLBGAME-26APR061610CHCTB-TB
[20:07:25] 🐋 NO $5,512.22 | KXCITRINI-28JUL01
[20:08:40] 🐋 YES $9,591.76 | KXNCAAMBSPREAD-26APR06CONNMICH-MICH7
[20:08:55] 🐋 NO $2,762.48 | KXMLBTOTAL-26APR061610CHCTB-9
[20:09:41] 🐋 YES $10,927.40 | KXMLBGAME-26APR061610CHCTB-TB
[20:09:41] 🐋 NO $3,382.15 | KXMLBSPREAD-26APR061610CHCTB-CHC4
[20:09:56] 🐋 YES $3,335.29 | KXMVECROSSCATEGORY-S202602DA0FF9F17-CBC263D2C3D
[20:09] Whales: 4449 | Vol: $20,410,216
[20:13:43] 🐋 YES $8,340.00 | KXLAYOFFSYINFO-26-494000
[20:13:43] 🐋 YES $4,818.85 | KXLAYOFFSYINFO-26-494000
[20:14:43] 🐋 YES $4,660.39 | KXLAYOFFSYINFO-26-494000
[20:14:43] 🐋 YES $8,340.00 | KXLAYOFFSYINFO-26-494000
[20:14] Whales: 4453 | Vol: $20,436,375
[20:16:29] 🐋 YES $3,772.80 | KXATPCHALLENGERMATCH-26APR06WISHAY-WIS
[20:17:45] 🐋 YES $2,073.60 | KXATPCHALLENGERMATCH-26APR06CATPOL-CAT
[20:18:15] 🐋 YES $2,502.00 | KXLAYOFFSYINFO-26-494000
[20:18:15] 🐋 YES $6,362.59 | KXLAYOFFSYINFO-26-494000
[20:18:30] 🐋 NO $11,256.88 | KXMARMAD-26-CONN
[20:19:46] 🐋 YES $5,142.12 | KXBTCD-26APR0617-T69749.99
[20:20] Whales: 4459 | Vol: $20,467,485
[20:23:18] 🐋 YES $2,625.35 | KXLALIGAGAME-26APR06GIRVIL-GIR
[20:24:48] 🐋 YES $2,958.00 | KXMLBTOTAL-26APR061610CHCTB-8
[20:25] Whales: 4461 | Vol: $20,473,068
[20:26:49] 🐋 NO $2,593.80 | KXSERIEAGAME-26APR06NAPACM-ACM
[20:27:05] 🐋 NO $2,072.07 | KXSERIEAGAME-26APR06NAPACM-ACM
[20:29:36] 🐋 YES $2,287.74 | KXATPCHALLENGERMATCH-26APR06WISHAY-WIS
[20:30] Whales: 4464 | Vol: $20,480,022
[20:31:37] 🐋 NO $3,967.60 | KXSERIEATOTAL-26APR06NAPACM-1
[20:31:52] 🐋 YES $5,019.56 | KXATPCHALLENGERMATCH-26APR06TORAMB-AMB
[20:32:07] 🐋 YES $3,075.72 | KXMVESPORTSMULTIGAMEEXTENDED-S20260BC9070CC2E-0F5CF85D6FB
[20:34:08] 🐋 YES $3,172.32 | KXLALIGAGAME-26APR06GIRVIL-GIR
[20:35] Whales: 4468 | Vol: $20,495,257
[20:37:55] 🐋 NO $2,546.10 | KXMLBGAME-26APR061610CHCTB-TB
[20:37:55] 🐋 YES $2,500.56 | KXMLBGAME-26APR061610CHCTB-CHC
[20:39:10] 🐋 YES $4,738.24 | KXMLBGAME-26APR061610CHCTB-CHC
[20:39:25] 🐋 YES $10,101.98 | KXNHLGAME-26APR06CHISJ-SJ
[20:39:56] 🐋 YES $4,502.16 | KXMARMAD-26-MICH
[20:40] Whales: 4473 | Vol: $20,519,646
[20:42:27] 🐋 YES $2,277.76 | KXMLBGAME-26APR061610CHCTB-CHC
[20:44:43] 🐋 NO $3,284.82 | KXLALIGATOTAL-26APR06GIRVIL-3
[20:44:43] 🐋 NO $5,675.18 | KXLALIGAGAME-26APR06GIRVIL-VIL
[20:45:13] 🐋 YES $2,415.09 | KXMLBGAME-26APR061840SDPIT-PIT
[20:45] Whales: 4477 | Vol: $20,533,299
[20:45:43] 🐋 YES $2,450.00 | KXMLBTOTAL-26APR062005SEATEX-8
[20:45:43] 🐋 YES $2,400.00 | KXMLBTOTAL-26APR062005SEATEX-8
[20:45:43] 🐋 YES $2,643.00 | KXMLBTOTAL-26APR062005SEATEX-8
[20:45:43] 🐋 YES $4,415.52 | KXMLBTOTAL-26APR062005SEATEX-8
[20:45:43] 🐋 YES $5,866.56 | KXMLBTOTAL-26APR062005SEATEX-8
[20:45:59] 🐋 NO $2,684.64 | KXMLBGAME-26APR061610CHCTB-TB
[20:45:59] 🐋 NO $2,158.20 | KXNCAAMBSPREAD-26APR06CONNMICH-MICH7
[20:45:59] 🐋 NO $17,134.15 | KXNCAAMBSPREAD-26APR06CONNMICH-MICH7
[20:47:14] 🐋 NO $3,083.58 | KXMARMAD-26-CONN
[20:50] Whales: 4486 | Vol: $20,576,134
[20:52:02] 🐋 YES $3,701.01 | KXMLBGAME-26APR061940BALCWS-BAL
[20:52:32] 🐋 NO $2,135.22 | KXNBASPREAD-26APR06DETORL-DET3
[20:54:33] 🐋 YES $9,262.29 | KXNCAAMBSPREAD-26APR06CONNMICH-MICH7
[20:54:48] 🐋 YES $3,471.94 | KXLAYOFFSYINFO-26-494000
[20:54:48] 🐋 YES $2,502.00 | KXLAYOFFSYINFO-26-494000
[20:55] Whales: 4491 | Vol: $20,597,207
[20:56:49] 🐋 YES $2,723.40 | KXATPCHALLENGERMATCH-26APR06WISHAY-HAY
[20:57:04] 🐋 YES $2,480.43 | KXNBAGAME-26APR06CLEMEM-CLE
[20:57:19] 🐋 YES $5,044.90 | KXMLBGAME-26APR061610CHCTB-TB
[20:57:49] 🐋 YES $2,054.46 | KXATPCHALLENGERMATCH-26APR06WISHAY-HAY
[20:57:49] 🐋 YES $4,648.24 | KXATPCHALLENGERMATCH-26APR06WISHAY-HAY
[21:00] Whales: 4496 | Vol: $20,614,158
[21:00:36] 🐋 YES $6,497.28 | KXATPCHALLENGERMATCH-26APR06WISHAY-HAY
[21:01:37] 🐋 NO $3,160.00 | KXMLBGAME-26APR061610CHCTB-CHC
[21:01:37] 🐋 NO $3,120.00 | KXMLBGAME-26APR061610CHCTB-CHC
[21:01:52] 🐋 YES $2,245.62 | KXMLBGAME-26APR061610CHCTB-TB
[21:05] Whales: 4500 | Vol: $20,629,181
[21:08:25] 🐋 YES $2,314.65 | KXATPCHALLENGERMATCH-26APR06WISHAY-WIS
[21:08:25] 🐋 NO $2,940.00 | KXPGATOUR-MAST26-CMOR
[21:10] Whales: 4502 | Vol: $20,634,436
[21:11:11] 🐋 YES $2,259.22 | KXATPCHALLENGERMATCH-26APR06CATPOL-POL
[21:11:11] 🐋 YES $2,700.40 | KXATPCHALLENGERMATCH-26APR06CATPOL-POL
[21:11:27] 🐋 YES $2,060.32 | KXATPCHALLENGERMATCH-26APR06WISHAY-HAY
[21:11:57] 🐋 NO $2,422.98 | KXNCAAMBSPREAD-26APR06CONNMICH-MICH10
[21:13:28] 🐋 YES $2,655.30 | KXMVESPORTSMULTIGAMEEXTENDED-S20269B492DC27F3-C6DF0F41122
[21:15] Whales: 4507 | Vol: $20,646,534
[21:15:44] 🐋 NO $7,272.25 | KXATPCHALLENGERMATCH-26APR06WISHAY-WIS
[21:15:44] 🐋 NO $9,500.00 | KXATPCHALLENGERMATCH-26APR06WISHAY-WIS
[21:15:44] 🐋 NO $2,194.80 | KXATPCHALLENGERMATCH-26APR06WISHAY-WIS
[21:15:44] 🐋 NO $2,341.74 | KXATPCHALLENGERMATCH-26APR06WISHAY-WIS
[21:19:00] 🐋 YES $2,056.12 | KXIPLGAME-26APR07MIRR-RR
[21:20] Whales: 4512 | Vol: $20,669,899
[21:25] Whales: 4512 | Vol: $20,669,899
[21:26:34] 🐋 NO $6,277.18 | KXATPCHALLENGERMATCH-26APR06LACAM-CAM
[21:30] Whales: 4513 | Vol: $20,676,176
[21:33:08] 🐋 YES $2,383.33 | KXNCAAMBSGP-26APR06CONNMICH-MICHO144
[21:33:23] 🐋 YES $4,157.40 | KXMVESPORTSMULTIGAMEEXTENDED-S2026150AB1FAFC1-5ACFA383490
[21:34:38] 🐋 YES $5,713.92 | KXATPCHALLENGERMATCH-26APR06CATPOL-POL
[21:34:38] 🐋 YES $2,037.00 | KXATPCHALLENGERMATCH-26APR06CATPOL-POL
[21:34:38] 🐋 YES $9,505.65 | KXNBAGAME-26APR06PHISAS-SAS
[21:34:38] 🐋 YES $4,357.60 | KXMLBGAME-26APR062145PHISF-PHI
[21:34:53] 🐋 NO $2,969.32 | KXMLBGAME-26APR061610CHCTB-CHC
[21:35] Whales: 4520 | Vol: $20,707,300
[21:35:54] 🐋 YES $6,229.30 | KXNBAGAME-26APR06PHISAS-SAS
[21:35:54] 🐋 NO $2,401.00 | KXATPCHALLENGERMATCH-26APR06CATPOL-CAT
[21:36:09] 🐋 NO $2,337.50 | KXPRESPERSON-28-GNEWS
[21:36:09] 🐋 NO $5,273.14 | KXPRESPERSON-28-GNEWS
[21:36:09] 🐋 NO $4,245.00 | KXPRESPERSON-28-GNEWS
[21:36:39] 🐋 NO $3,046.24 | KXBTC-26APR0618-B69750
[21:36:54] 🐋 YES $2,220.00 | KXMARMAD-26-MICH
[21:38:25] 🐋 YES $2,253.02 | KXATPCHALLENGERMATCH-26APR06CATPOL-POL
[21:39:56] 🐋 YES $5,036.25 | KXATPCHALLENGERMATCH-26APR06KRUBAR-BAR
[21:40] Whales: 4529 | Vol: $20,740,342
[21:41:57] 🐋 NO $2,800.00 | KXMLBGAME-26APR061610CHCTB-CHC
[21:44:13] 🐋 YES $2,657.54 | KXGOVTSHUTLENGTH-26FEB07-G60
[21:45:29] 🎯 YES $2,123.01 | KXBTC15M-26APR061800-00
[21:45] Whales: 4532 | Vol: $20,747,922
[21:47:14] 🐋 YES $10,195.37 | KXMVECROSSCATEGORY-S202646C968F3B42-01BAC174042
[21:47:14] 🐋 NO $6,794.85 | KXATPCHALLENGERMATCH-26APR06LACAM-CAM
[21:48:45] 🐋 YES $2,555.88 | KXATPCHALLENGERMATCH-26APR06SAKSCH-SAK
[21:48:45] 🐋 YES $4,014.57 | KXNCAAMB1HSPREAD-26APR06CONNMICH-MICH4
[21:49:00] 🐋 YES $3,120.00 | KXMLBGAME-26APR061610CHCTB-TB
[21:49:30] 🐋 NO $4,237.77 | KXMLBHR-26APR061845STLWSH-WSHJWOOD29-1
[21:50] Whales: 4538 | Vol: $20,778,841
[21:52:02] 🐋 YES $9,530.46 | KXMARMAD-26-MICH
[21:54:18] 🐋 NO $3,138.27 | KXMARMAD-26-CONN
[21:54:33] 🐋 NO $3,706.90 | KXATPCHALLENGERMATCH-26APR06LACAM-CAM
[21:54:48] 🐋 YES $3,437.30 | KXMARMAD-26-MICH
[21:55:18] 🐋 YES $3,263.61 | KXMVESPORTSMULTIGAMEEXTENDED-S2026DF8BAB884D7-D12602C6F69
[21:55] Whales: 4543 | Vol: $20,801,917
[21:56:19] 🐋 YES $5,395.39 | KXNCAAMB1HSPREAD-26APR06CONNMICH-MICH4
[21:56:19] 🐋 YES $9,087.54 | KXNCAAMB1HSPREAD-26APR06CONNMICH-MICH4
[21:56:49] 🐋 YES $2,072.85 | KXNBA-26-BOS
[21:57:19] 🐋 NO $9,555.00 | KXNCAAMBSPREAD-26APR06CONNMICH-MICH4
[21:59:05] 🐋 NO $3,800.00 | KXMLBGAME-26APR061610CHCTB-CHC
[22:00:51] 🐋 NO $7,125.00 | KXPGATOUR-MAST26-LABE
[22:00] Whales: 4549 | Vol: $20,838,953
[22:01:06] 🐋 NO $3,396.69 | KXMARMAD-26-CONN
[22:01:36] 🐋 YES $4,571.49 | KXNBAGAME-26APR06PHISAS-SAS
[22:02:37] 🐋 YES $3,699.30 | KXMLBGAME-26APR061610CHCTB-TB
[22:03:07] 🐋 YES $2,414.86 | KXATPCHALLENGERMATCH-26APR06LACAM-LA
[22:04:38] 🐋 YES $3,716.02 | KXNBAGAME-26APR06PHISAS-SAS
[22:04:53] 🐋 NO $3,150.00 | KXMLBSPREAD-26APR061810KCCLE-CLE2
[22:05:08] 🐋 YES $2,970.00 | KXMLBGAME-26APR061610CHCTB-TB
[22:05:08] 🐋 YES $2,940.00 | KXMLBGAME-26APR061610CHCTB-TB
[22:05:08] 🐋 NO $2,422.44 | KXNBASPREAD-26APR06NYKATL-ATL2
[22:05] Whales: 4558 | Vol: $20,868,234
[22:06:08] 🐋 YES $2,868.60 | KXMVESPORTSMULTIGAMEEXTENDED-S2026960F1D9B4CC-56650B11F94
[22:06:38] 🐋 NO $3,377.00 | KXNCAAMBSPREAD-26APR06CONNMICH-MICH7
[22:08:39] 🐋 YES $2,352.48 | KXMLBTOTAL-26APR061840CINMIA-9
[22:10:10] 🐋 YES $2,715.03 | KXATPCHALLENGERMATCH-26APR06KRUBAR-BAR
[22:10:40] 🐋 YES $2,715.03 | KXATPCHALLENGERMATCH-26APR06KRUBAR-BAR
[22:10:40] 🐋 YES $5,869.47 | KXATPCHALLENGERMATCH-26APR06KRUBAR-BAR
[22:10:40] 🐋 YES $3,777.18 | KXATPCHALLENGERMATCH-26APR06KRUBAR-BAR
[22:10] Whales: 4565 | Vol: $20,891,909
[22:11:41] 🐋 YES $2,106.45 | KXMLBTOTAL-26APR061907LADTOR-10
[22:11:41] 🐋 YES $2,250.00 | KXMLBTOTAL-26APR061907LADTOR-10
[22:11:56] 🐋 YES $2,718.03 | KXNHLGAME-26APR06TBBUF-BUF
[22:14:42] 🐋 YES $3,764.23 | KXMLBTOTAL-26APR061810KCCLE-8
[22:15] Whales: 4569 | Vol: $20,902,748
[22:16:28] 🐋 NO $3,150.00 | KXNCAAMBSPREAD-26APR06CONNMICH-MICH10
[22:16:28] 🐋 NO $3,150.00 | KXNCAAMBSPREAD-26APR06CONNMICH-MICH10
[22:21] Whales: 4571 | Vol: $20,909,048
[22:26] Whales: 4571 | Vol: $20,909,048
[22:27:19] 🐋 YES $2,499.00 | KXLAYOFFSYINFO-26-494000
[22:27:19] 🐋 YES $3,840.00 | KXNHLGAME-26APR06TBBUF-BUF
[22:27:34] 🐋 YES $3,583.20 | KXMLBGAME-26APR061940DETMIN-DET
[22:27:49] 🐋 YES $2,242.44 | KXLAYOFFSYINFO-26-494000
[22:27:49] 🐋 YES $2,499.00 | KXLAYOFFSYINFO-26-494000
[22:28:04] 🐋 YES $2,123.32 | KXLAYOFFSYINFO-26-494000
[22:28:19] 🐋 YES $2,499.00 | KXLAYOFFSYINFO-26-494000
[22:28:19] 🐋 YES $2,397.37 | KXLAYOFFSYINFO-26-494000
[22:29:05] 🐋 YES $2,460.68 | KXLAYOFFSYINFO-26-494000
[22:29:05] 🐋 YES $2,499.00 | KXLAYOFFSYINFO-26-494000
[22:29:35] 🐋 YES $2,430.69 | KXLAYOFFSYINFO-26-494000
[22:30:50] 🐋 YES $15,084.52 | KXNBASPREAD-26APR06DETORL-DET3
[22:30:50] 🐋 YES $2,640.00 | KXNBASPREAD-26APR06DETORL-DET3
[22:30:50] 🐋 YES $3,330.80 | KXNBASPREAD-26APR06DETORL-DET3
[22:31:06] 🐋 YES $2,943.00 | KXNBAGAME-26APR06DETORL-DET
[22:31] Whales: 4586 | Vol: $20,962,120
[22:32:06] 🐋 NO $7,300.00 | KXMARMAD-26-CONN
[22:32:06] 🐋 YES $2,499.00 | KXLAYOFFSYINFO-26-494000
[22:32:06] 🐋 YES $2,426.53 | KXLAYOFFSYINFO-26-494000
[22:32:51] 🐋 YES $3,300.00 | KXMLBGAME-26APR061840SDPIT-SD
[22:33:07] 🐋 YES $2,350.00 | KXMLBGAME-26APR061845MILBOS-BOS
[22:34:07] 🐋 NO $4,200.00 | KXMLBGAME-26APR061940BALCWS-CWS
[22:35:07] 🐋 NO $2,720.52 | KXMLBRFI-26APR061845STLWSH
[22:35:53] 🐋 YES $3,385.45 | KXMVESPORTSMULTIGAMEEXTENDED-S20269AA3574BF85-653BB624B77
[22:36] Whales: 4594 | Vol: $20,990,301
[22:36:53] 🐋 YES $2,199.13 | KXMVECROSSCATEGORY-S20266D8D3DD9E44-2CA6BE6B973
[22:37:24] 🐋 NO $8,884.85 | KXMVECROSSCATEGORY-S2026622BC327DE6-D84A10920D7
[22:38:09] 🐋 YES $2,676.11 | KXMVECROSSCATEGORY-S2026ECFE92D037A-A4901382A16
[22:39:09] 🐋 YES $2,200.00 | KXMLBGAME-26APR061810KCCLE-CLE
[22:39:09] 🐋 YES $2,131.80 | KXMLBGAME-26APR061810KCCLE-CLE
[22:39:40] 🐋 YES $2,316.57 | KXLAYOFFSYINFO-26-494000
[22:40:10] 🐋 YES $2,187.46 | KXLAYOFFSYINFO-26-494000
[22:41] Whales: 4601 | Vol: $21,012,897
[22:42:56] 🐋 NO $2,622.00 | KXATPCHALLENGERMATCH-26APR06SAKSCH-SCH
[22:43:11] 🐋 NO $2,123.52 | KXATPCHALLENGERMATCH-26APR06SAKSCH-SCH
[22:43:42] 🐋 YES $6,555.66 | KXMARMAD-26-MICH
[22:43:42] 🐋 NO $2,100.14 | KXATPCHALLENGERMATCH-26APR06SAKSCH-SCH
[22:44:42] 🐋 YES $2,103.32 | KXLAYOFFSYINFO-26-494000
[22:45:58] 🐋 YES $4,762.56 | KXMLBTOTAL-26APR061845MILBOS-9
[22:46:13] 🐋 YES $6,817.50 | KXNBAGAME-26APR06PORDEN-DEN
[22:46] Whales: 4608 | Vol: $21,039,982
[22:47:28] 🐋 YES $2,952.18 | KXNBAGAME-26APR06PHISAS-SAS
[22:48:44] 🐋 NO $19,031.68 | KXMLBSPREAD-26APR061840CINMIA-CIN2
[22:49:44] 🐋 YES $4,439.16 | KXATPCHALLENGERMATCH-26APR06SAKSCH-SAK
[22:49:44] 🐋 YES $3,934.70 | KXATPCHALLENGERMATCH-26APR06SAKSCH-SAK
[22:51:15] 🎯 NO $4,785.21 | KXBTC15M-26APR061900-00
[22:51] Whales: 4613 | Vol: $21,075,125
[22:52:01] 🐋 YES $3,089.45 | KXNBATOTAL-26APR06NYKATL-227
[22:52:46] 🐋 YES $2,239.30 | KXCS2GAME-26APR062030INCREGAIN-REGAIN
[22:53:16] 🐋 YES $4,726.80 | KXMVESPORTSMULTIGAMEEXTENDED-S2026D29F37D62CD-12E0B96E495
[22:53:31] 🐋 YES $9,682.53 | KXNCAAMBFIRST10-26APR06CONNMICH-MICH
[22:54:02] 🐋 YES $2,556.82 | KXNHLGAME-26APR06TBBUF-BUF
[22:54:02] 🐋 YES $2,246.65 | KXNHLGAME-26APR06TBBUF-BUF
[22:56] Whales: 4619 | Vol: $21,099,666
[22:56:33] 🐋 YES $4,204.32 | KXMLBGAME-26APR061840SDPIT-PIT
[22:56:33] 🐋 YES $2,280.00 | KXMLBGAME-26APR061840SDPIT-PIT
[22:57:49] 🐋 NO $2,016.53 | KXLAYOFFSYINFO-26-494000
[22:58:34] 🐋 YES $2,103.97 | KXMLBGAME-26APR061810KCCLE-KC
[22:58:49] 🐋 YES $2,872.14 | KXMVECROSSCATEGORY-S20261F254548F63-9C0DB841700
[22:59:34] 🐋 YES $2,120.40 | KXMLBGAME-26APR061810KCCLE-CLE
[23:00:20] 🐋 NO $9,137.40 | KXETHY-27JAN0100-B2875
[23:01:05] 🐋 YES $2,340.00 | KXMLBGAME-26APR062145PHISF-PHI
[23:01] Whales: 4627 | Vol: $21,126,741
[23:03:21] 🐋 NO $5,303.34 | KXNCAAMBSPREAD-26APR06CONNMICH-MICH7
[23:05:07] 🐋 YES $4,867.72 | KXMARMAD-26-MICH
[23:05:37] 🐋 NO $4,300.00 | KXATPCHALLENGERMATCH-26APR06RYBDAM-RYB
[23:05:52] 🐋 NO $9,980.00 | KXPGAR1LEAD-MAST26-EFAN
[23:06] Whales: 4631 | Vol: $21,151,192
[23:11] Whales: 4631 | Vol: $21,151,192
[23:11:55] 🐋 YES $2,869.42 | KXNBAGAME-26APR06DETORL-DET
[23:12:41] 🐋 YES $2,212.22 | KXNBAGAME-26APR06NYKATL-ATL
[23:12:56] 🐋 NO $2,917.82 | KXMARMAD-26-CONN
[23:16] Whales: 4634 | Vol: $21,159,191
[23:16:43] 🐋 YES $3,731.82 | KXNBAGAME-26APR06DETORL-DET
[23:17:58] 🐋 YES $9,522.80 | KXNBAGAME-26APR06DETORL-DET
[23:18:13] 🐋 YES $9,820.54 | KXMARMAD-26-MICH
[23:18:43] 🐋 YES $4,073.86 | KXATPCHALLENGERMATCH-26APR06PERKOZ-KOZ
[23:19:14] 🐋 YES $2,768.28 | KXMLBGAME-26APR061907LADTOR-LAD
[23:20:14] 🐋 YES $3,398.64 | KXATPCHALLENGERMATCH-26APR06RYBDAM-DAM
[23:20:44] 🐋 YES $2,000.00 | KXNBAGAME-26APR06DETORL-ORL
[23:20:44] 🐋 YES $4,803.84 | KXNBAGAME-26APR06DETORL-ORL
[23:21] Whales: 4642 | Vol: $21,199,311
[23:21:45] 🐋 YES $4,830.18 | KXNCAAMBSPREAD-26APR06CONNMICH-MICH5
[23:22:00] 🐋 YES $63,551.39 | KXNCAAMBSPREAD-26APR06CONNMICH-MICH1
[23:22:00] 🐋 YES $7,448.61 | KXNCAAMBSPREAD-26APR06CONNMICH-MICH1
[23:22:00] 🐋 YES $71,000.00 | KXNCAAMBSPREAD-26APR06CONNMICH-MICH1
[23:22:30] 🐋 YES $26,416.52 | KXMARMAD-26-MICH
[23:22:30] 🐋 YES $53,242.26 | KXMARMAD-26-MICH
[23:24:01] 🐋 YES $2,369.92 | KXNBAGAME-26APR06NYKATL-ATL
[23:26:02] 🐋 YES $8,107.32 | KXNCAAMBSPREAD-26APR06CONNMICH-MICH6
[23:26:02] 🐋 YES $17,357.60 | KXNCAAMBSPREAD-26APR06CONNMICH-MICH6
[23:26:02] 🐋 YES $3,044.36 | KXMARMAD-26-MICH
[23:26] Whales: 4652 | Vol: $21,456,679
[23:27:18] 🐋 YES $3,044.36 | KXMARMAD-26-MICH
[23:27:33] 🐋 YES $7,265.70 | KXNBAGAME-26APR06NYKATL-NYK
[23:28:03] 🐋 YES $4,782.36 | KXNCAAMBSPREAD-26APR06CONNMICH-MICH8
[23:29:03] 🐋 NO $2,040.00 | KXMLBGAME-26APR061810KCCLE-KC
[23:31:34] 🐋 YES $2,157.12 | KXMARMAD-26-CONN
[23:31] Whales: 4657 | Vol: $21,475,969
[23:35:06] 🐋 YES $2,551.05 | KXMLBGAME-26APR061940BALCWS-CWS
[23:35:52] 🐋 YES $2,234.40 | KXNBAGAME-26APR06NYKATL-NYK
[23:35:52] 🐋 YES $3,815.84 | KXNBAGAME-26APR06NYKATL-NYK
[23:36] Whales: 4660 | Vol: $21,484,570
[23:37:07] 🐋 YES $3,449.14 | KXMARMAD-26-MICH
[23:38:38] 🐋 YES $6,719.52 | KXMLBGAME-26APR061810KCCLE-KC
[23:41] Whales: 4662 | Vol: $21,494,739
[23:43:25] 🐋 NO $2,920.00 | KXMLBGAME-26APR061845MILBOS-MIL
[23:43:25] 🐋 YES $6,170.40 | KXMLBGAME-26APR061940BALCWS-CWS
[23:43:25] 🐋 NO $6,170.40 | KXMLBGAME-26APR061940BALCWS-BAL
[23:44:56] 🐋 YES $3,146.85 | KXMLBGAME-26APR061810KCCLE-CLE
[23:45:26] 🐋 YES $6,697.35 | KXNBAGAME-26APR06DETORL-DET
[23:45:26] 🐋 YES $2,173.05 | KXNBAGAME-26APR06DETORL-DET
[23:45:26] 🐋 YES $3,518.10 | KXNBAGAME-26APR06DETORL-DET
[23:45:26] 🐋 YES $3,518.10 | KXNBAGAME-26APR06DETORL-DET
[23:45:26] 🐋 YES $2,412.45 | KXNBAGAME-26APR06DETORL-DET
[23:45:56] 🐋 YES $3,444.00 | KXATPCHALLENGERMATCH-26APR06DENHUE-DEN
[23:46] Whales: 4672 | Vol: $21,534,910
[23:46:57] 🐋 NO $8,850.40 | KXBTCY-27JAN0100-B92500
[23:48:28] 🐋 YES $2,594.06 | KXNBAGAME-26APR06DETORL-DET
[23:48:43] 🐋 YES $3,347.52 | KXNBAGAME-26APR06DETORL-DET
[23:48:58] 🐋 YES $2,717.44 | KXNBAGAME-26APR06DETORL-DET
[23:49:13] 🐋 YES $2,884.14 | KXATPCHALLENGERMATCH-26APR06DENHUE-DEN
[23:51] Whales: 4677 | Vol: $21,555,303
[23:52:14] 🐋 YES $2,249.24 | KXMVECROSSCATEGORY-S2026077546FBF68-749378B8A8D
[23:52:45] 🐋 YES $4,792.20 | KXATPCHALLENGERMATCH-26APR06RYBDAM-DAM
[23:54:30] 🐋 YES $2,470.08 | KXMLBGAME-26APR061907LADTOR-LAD
[23:55:31] 🐋 YES $2,000.00 | KXNBATOTAL-26APR06CLEMEM-231
[23:56] Whales: 4681 | Vol: $21,566,815
[23:57:02] 🐋 YES $4,814.68 | KXNCAAMBSPREAD-26APR06CONNMICH-MICH6
[00:00:19] 🐋 YES $2,119.60 | KXNCAAMBTOTAL-26APR06CONNMICH-144
[00:01:34] 🐋 YES $4,381.54 | KXMARMAD-26-MICH
[00:01] Whales: 4684 | Vol: $21,578,130
[00:03:20] 🐋 NO $2,326.35 | KXNBAGAME-26APR06DETORL-DET
[00:04:06] 🐋 YES $2,714.56 | KXMLBGAME-26APR061810KCCLE-KC
[00:05:06] 🐋 YES $2,100.00 | KXMARMAD-26-CONN
[00:06:22] 🐋 NO $2,100.00 | KXNBAGAME-26APR06DETORL-DET
[00:06] Whales: 4688 | Vol: $21,587,371
[00:07:07] 🐋 NO $2,112.89 | KXCITRINI-28JUL01
[00:09:38] 🐋 NO $2,920.00 | KXMARMAD-26-CONN
[00:10:09] 🐋 YES $2,433.12 | KXMARMAD-26-MICH
[00:10:24] 🐋 YES $3,899.28 | KXNBAGAME-26APR06PHISAS-SAS
[00:10:54] 🐋 YES $4,814.68 | KXNCAAMBSPREAD-26APR06CONNMICH-MICH6
[00:11:54] 🐋 YES $11,200.00 | KXMARMAD-26-CONN
[00:11] Whales: 4694 | Vol: $21,614,751
[00:12:40] 🐋 YES $3,280.00 | KXMLBGAME-26APR061840SDPIT-SD
[00:12:40] 🐋 YES $9,736.18 | KXMARMAD-26-MICH
[00:13:55] 🐋 YES $4,866.90 | KXMVECROSSCATEGORY-S202627151CE03B9-D296BDCC53C
[00:13:55] 🐋 YES $4,666.48 | KXMARMAD-26-CONN
[00:14:56] 🐋 YES $2,338.80 | KXNBAGAME-26APR06NYKATL-NYK
[00:16:27] 🐋 YES $2,155.34 | KXNBATOTAL-26APR06DETORL-210
[00:16:42] 🐋 YES $3,474.72 | KXNBAGAME-26APR06PHISAS-SAS
[00:16] Whales: 4701 | Vol: $21,645,270
[00:18:13] 🐋 YES $3,040.00 | KXMLBGAME-26APR061810KCCLE-KC
[00:18:43] 🐋 NO $2,640.00 | KXMLBGAME-26APR061840SDPIT-PIT
[00:18:43] 🐋 YES $3,024.52 | KXNBAGAME-26APR06CLEMEM-CLE
[00:19:13] 🐋 NO $16,883.30 | KXMLBGAME-26APR061840SDPIT-PIT
[00:19:13] 🐋 NO $3,317.03 | KXMLBGAME-26APR061840SDPIT-PIT
[00:19:13] 🐋 NO $2,670.00 | KXMLBGAME-26APR061840SDPIT-PIT
[00:19:28] 🐋 YES $2,407.08 | KXNCAAMBSPREAD-26APR06CONNMICH-MICH6
[00:20:29] 🐋 YES $2,825.68 | KXATPCHALLENGERMATCH-26APR06RYBDAM-RYB
[00:20:59] 🐋 YES $2,146.36 | KXNBAGAME-26APR06CLEMEM-MEM
[00:21:14] 🐋 NO $2,069.25 | KXATPCHALLENGERMATCH-26APR06POLALU-ALU
[00:21:29] 🐋 YES $3,197.92 | KXNBAGAME-26APR06PHISAS-SAS
[00:21:59] 🐋 YES $3,174.00 | KXNBAGAME-26APR06NYKATL-NYK
[00:21] Whales: 4713 | Vol: $21,692,665
[00:24:15] 🐋 YES $2,433.86 | KXMARMAD-26-MICH
[00:24:30] 🐋 YES $2,800.00 | KXMARMAD-26-CONN
[00:26:16] 🐋 NO $3,084.81 | KXMLBGAME-26APR061810KCCLE-CLE
[00:26:47] 🐋 YES $3,677.44 | KXNCAAMBSPREAD-26APR06CONNMICH-MICH6
[00:27:02] 🐋 NO $3,421.44 | KXNCAAMBSPREAD-26APR06CONNMICH-MICH7
[00:27] Whales: 4718 | Vol: $21,708,082
[00:28:02] 🐋 YES $2,128.36 | KXMLBTOTAL-26APR062040HOUCOL-11
[00:28:33] 🐋 YES $2,407.08 | KXNCAAMBSPREAD-26APR06CONNMICH-MICH6
[00:28:48] 🐋 YES $2,800.00 | KXMARMAD-26-CONN
[00:29:18] 🐋 NO $2,658.60 | KXNBAGAME-26APR06DETORL-DET
[00:29:33] 🐋 NO $3,120.00 | KXNBASPREAD-26APR06PORDEN-DEN7
[00:29:33] 🐋 NO $6,240.00 | KXNBASPREAD-26APR06PORDEN-DEN7
[00:29:33] 🐋 NO $17,036.76 | KXNBASPREAD-26APR06PORDEN-DEN7
[00:29:33] 🐋 NO $3,079.96 | KXNBASPREAD-26APR06PORDEN-DEN7
[00:29:33] 🐋 NO $19,048.64 | KXNBASPREAD-26APR06PORDEN-DEN7
[00:31:49] 🐋 YES $2,449.40 | KXMARMAD-26-MICH
[00:31:49] 🐋 NO $4,150.05 | KXMARMAD-26-CONN
[00:32] Whales: 4729 | Vol: $21,773,201
[00:32:50] 🐋 YES $2,407.08 | KXNCAAMBSPREAD-26APR06CONNMICH-MICH6
[00:33:05] 🐋 YES $2,035.20 | KXNBAGAME-26APR06NYKATL-ATL
[00:33:20] 🐋 YES $13,999.72 | KXMARMAD-26-CONN
[00:34:21] 🐋 YES $2,838.05 | KXMVECROSSCATEGORY-S202683142850C07-8FE1D99C87B
[00:34:36] 🐋 YES $4,700.00 | KXNCAAMBSPREAD-26APR06CONNMICH-MICH7
[00:34:36] 🐋 YES $4,912.44 | KXNCAAMBSPREAD-26APR06CONNMICH-MICH6
[00:36:22] 🐋 NO $2,404.92 | KXMVECROSSCATEGORY-S2026E6CB01C7F62-643BC3EAC9A
[00:36:37] 🐋 YES $2,080.00 | KXMLBGAME-26APR061845STLWSH-WSH
[00:36:37] 🐋 YES $2,120.00 | KXMLBGAME-26APR061845STLWSH-WSH
[00:36:52] 🐋 YES $9,313.07 | KXNCAAMBSGP-26APR06CONNMICH-CONNU144
[00:36:52] 🐋 YES $3,900.00 | KXNCAAMBSGP-26APR06CONNMICH-CONNU144
[00:36:52] 🐋 YES $4,550.00 | KXNCAAMBSGP-26APR06CONNMICH-CONNU144
[00:37:07] 🐋 YES $2,979.00 | KXNBAGAME-26APR06DETORL-ORL
[00:37] Whales: 4742 | Vol: $21,831,441
[00:38:22] 🐋 NO $4,264.55 | KXNBAGAME-26APR06DETORL-DET
[00:38:22] 🐋 NO $2,820.00 | KXNBAGAME-26APR06DETORL-DET
[00:38:38] 🐋 YES $5,440.00 | KXMLBGAME-26APR061845MILBOS-BOS
[00:39:38] 🐋 YES $2,920.78 | KXMARMAD-26-MICH
[00:39:38] 🐋 NO $2,450.00 | KXNCAAMBSPREAD-26APR06CONNMICH-MICH6
[00:41:09] 🐋 NO $5,907.93 | KXNCAAMBSPREAD-26APR06CONNMICH-MICH6
[00:41:09] 🐋 YES $3,121.74 | KXNCAAMBSPREAD-26APR06CONNMICH-MICH7
[00:41:24] 🐋 NO $2,010.96 | KXNCAAMBSPREAD-26APR06CONNMICH-MICH6
[00:42] Whales: 4750 | Vol: $21,860,377
[00:42:39] 🐋 YES $3,478.02 | KXNBAGAME-26APR06DETORL-ORL
[00:43:55] 🐋 YES $3,909.45 | KXNCAAMBSPREAD-26APR06CONNMICH-MICH2
[00:44:10] 🐋 YES $3,520.00 | KXMLBGAME-26APR061845STLWSH-STL
[00:44:55] 🐋 NO $5,495.16 | KXMLBGAME-26APR061845STLWSH-WSH
[00:47] Whales: 4754 | Vol: $21,876,779
[00:47:42] 🐋 YES $2,283.12 | KXMARMAD-26-CONN
[00:47:57] 🐋 YES $4,928.82 | KXNBAGAME-26APR06PHISAS-SAS
[00:48:27] 🐋 YES $2,327.40 | KXMARMAD-26-CONN
[00:49:12] 🐋 NO $4,054.08 | KXNBAGAME-26APR06CLEMEM-CLE
[00:50:28] 🐋 YES $3,800.00 | KXMLBGAME-26APR061840SDPIT-SD
[00:51:13] 🐋 YES $2,850.00 | KXMLBGAME-26APR061840SDPIT-SD
[00:51:13] 🐋 YES $3,800.00 | KXMLBGAME-26APR061840SDPIT-SD
[00:51:13] 🐋 YES $2,850.00 | KXMLBGAME-26APR061840SDPIT-SD
[00:51:13] 🐋 YES $3,800.00 | KXMLBGAME-26APR061840SDPIT-SD
[00:51:13] 🐋 YES $2,150.00 | KXNCAAMBTOTAL-26APR06CONNMICH-150
[00:51:13] 🐋 NO $2,054.70 | KXNBATOTAL-26APR06NYKATL-227
[00:51:13] 🐋 YES $3,424.43 | KXMARMAD-26-MICH
[00:51:44] 🐋 YES $3,000.00 | KXNBAGAME-26APR06NYKATL-NYK
[00:52] Whales: 4767 | Vol: $21,918,102
[00:53:14] 🐋 YES $2,785.64 | KXMARMAD-26-CONN
[00:53:45] 🐋 YES $2,321.28 | KXMARMAD-26-CONN
[00:55:30] 🐋 NO $8,646.55 | KXMARMAD-26-CONN
[00:55:30] 🐋 NO $3,611.09 | KXMARMAD-26-CONN
[00:55:46] 🐋 YES $3,242.71 | KXMLBGAME-26APR061840CINMIA-CIN
[00:56:16] 🐋 YES $2,650.86 | KXNBASPREAD-26APR07OKCLAL-OKC14
[00:56:46] 🐋 YES $7,000.00 | KXNBAGAME-26APR06CLEMEM-CLE
[00:56:46] 🐋 NO $4,950.00 | KXNBAGAME-26APR06DETORL-DET
[00:57:01] 🐋 NO $4,778.73 | KXNBAGAME-26APR06DETORL-DET
[00:57] Whales: 4776 | Vol: $21,958,089
[00:58:02] 🐋 YES $20,250.00 | KXMARMAD-26-MICH
[00:58:17] 🐋 NO $2,450.91 | KXNBAGAME-26APR06CLEMEM-MEM
[00:58:47] 🐋 NO $10,179.85 | KXNHLGAME-26APR06TBBUF-TB
[00:58:47] 🐋 YES $3,947.13 | KXMARMAD-26-MICH
[00:58:47] 🐋 YES $12,945.82 | KXNHLGAME-26APR06TBBUF-BUF
[00:58:47] 🐋 YES $3,187.54 | KXNBAGAME-26APR06NYKATL-ATL
[00:59:17] 🐋 YES $2,254.80 | KXMARMAD-26-CONN
[00:59:32] 🐋 YES $5,004.99 | KXMARMAD-26-MICH
[00:59:48] 🐋 YES $4,037.85 | KXMARMAD-26-MICH
[00:59:48] 🐋 YES $2,305.26 | KXMARMAD-26-MICH
[01:00:48] 🐋 YES $9,758.88 | KXMARMAD-26-MICH
[01:02] Whales: 4787 | Vol: $22,034,412
[01:02:34] 🐋 YES $4,604.53 | KXNBATOTAL-26APR06PORDEN-236
[01:03:20] 🐋 NO $2,392.00 | KXNBAGAME-26APR06NYKATL-NYK
[01:03:20] 🐋 NO $3,612.48 | KXNBAGAME-26APR06NYKATL-NYK
[01:03:50] 🐋 YES $7,047.18 | KXNBAGAME-26APR06NYKATL-NYK
[01:04:05] 🐋 YES $4,472.64 | KXNBAGAME-26APR06NYKATL-NYK
[01:04:20] 🐋 NO $3,381.95 | KXNBAGAME-26APR06NYKATL-NYK
[01:04:35] 🐋 YES $2,880.00 | KXNBAGAME-26APR06NYKATL-NYK
[01:04:35] 🐋 NO $2,576.00 | KXMLBF5TOTAL-26APR062040HOUCOL-7
[01:04:50] 🐋 NO $2,430.00 | KXMARMAD-26-CONN
[01:05:05] 🐋 NO $3,550.00 | KXNCAAMBTOTAL-26APR06CONNMICH-150
[01:05:21] 🐋 YES $2,928.25 | KXNBAGAME-26APR06NYKATL-ATL
[01:05:51] 🐋 NO $9,166.08 | KXNBAGAME-26APR06CLEMEM-MEM
[01:06:51] 🐋 YES $2,000.00 | KXNCAAMBTOTAL-26APR06CONNMICH-144
[01:07] Whales: 4800 | Vol: $22,085,453
[01:07:37] 🐋 NO $12,324.82 | KXNBAGAME-26APR06DETORL-DET
[01:07:37] 🐋 NO $5,440.73 | KXNBAGAME-26APR06DETORL-DET
[01:07:37] 🐋 YES $9,722.02 | KXMARMAD-26-MICH
[01:08:52] 🐋 YES $2,800.00 | KXMARMAD-26-CONN
[01:09:07] 🐋 NO $2,723.63 | KXMARMAD-26-CONN
[01:09:22] 🐋 NO $4,750.00 | KXNBAGAME-26APR06DETORL-DET
[01:10:08] 🐋 NO $2,910.00 | KXNBAGAME-26APR06DETORL-DET
[01:10:08] 🐋 YES $2,369.50 | KXMLBTEAMTOTAL-26APR062138ATLLAA-ATL5
[01:10:08] 🐋 NO $2,625.80 | KXPRESNOMR-28-MTG
[01:12:24] 🐋 YES $2,600.00 | KXNBAGAME-26APR06NYKATL-ATL
[01:12] Whales: 4810 | Vol: $22,133,719
[01:13:09] 🐋 NO $2,138.36 | KXMARMAD-26-MICH
[01:13:09] 🐋 NO $2,138.36 | KXMARMAD-26-MICH
[01:14:10] 🐋 NO $4,020.00 | KXNCAAMBTOTAL-26APR06CONNMICH-147
[01:14:25] 🐋 YES $3,424.80 | KXMARMAD-26-CONN
[01:14:40] 🐋 YES $3,424.80 | KXMARMAD-26-CONN
[01:14:40] 🐋 YES $3,424.80 | KXMARMAD-26-CONN
[01:15:41] 🐋 YES $2,934.20 | KXMARMAD-26-MICH
[01:15:56] 🐋 YES $4,553.58 | KXATPCHALLENGERMATCH-26APR06MARNAP-NAP
[01:15:56] 🐋 YES $4,501.24 | KXATPCHALLENGERMATCH-26APR06MARNAP-NAP
[01:16:26] 🐋 NO $3,410.30 | KXMARMAD-26-CONN
[01:17] Whales: 4820 | Vol: $22,167,690
[01:18:12] 🐋 YES $7,080.00 | KXNBAGAME-26APR06NYKATL-ATL
[01:18:57] 🐋 NO $2,436.39 | KXMARMAD-26-CONN
[01:18:57] 🐋 YES $2,482.62 | KXMARMAD-26-MICH
[01:18:57] 🐋 YES $2,376.36 | KXMARMAD-26-MICH
[01:20:13] 🐋 YES $3,303.72 | KXMARMAD-26-MICH
[01:20:13] 🐋 YES $2,070.00 | KXMARMAD-26-MICH
[01:21:28] 🐋 NO $2,040.00 | KXMARMAD-26-CONN
[01:21:28] 🐋 NO $2,190.75 | KXMARMAD-26-CONN
[01:21:59] 🐋 YES $3,898.43 | KXNBAGAME-26APR06DETORL-ORL
[01:21:59] 🐋 NO $3,311.60 | KXNBAGAME-26APR06PORDEN-POR
[01:22] Whales: 4830 | Vol: $22,198,880
[01:22:44] 🐋 YES $2,983.16 | KXNBAGAME-26APR06NYKATL-ATL
[01:22:59] 🐋 NO $5,480.15 | KXNBAGAME-26APR06NYKATL-NYK
[01:23:44] 🐋 YES $5,760.00 | KXNBAGAME-26APR06NYKATL-ATL
[01:24:15] 🐋 NO $23,797.98 | KXNBAGAME-26APR06DETORL-DET
[01:24:15] 🐋 NO $2,515.44 | KXNBAGAME-26APR06DETORL-DET
[01:24:15] 🐋 NO $5,640.00 | KXNBAGAME-26APR06DETORL-DET
[01:24:45] 🐋 NO $2,082.08 | KXMLBTOTAL-26APR061845MILBOS-13
[01:24:45] 🐋 NO $3,227.84 | KXMLBTOTAL-26APR061845MILBOS-13
[01:25:15] 🐋 NO $2,400.00 | KXNCAAMBTOTAL-26APR06CONNMICH-147
[01:27:01] 🐋 NO $2,567.00 | KXMARMAD-26-CONN
[01:27:16] 🐋 NO $3,496.68 | KXMARMAD-26-CONN
[01:27:31] 🐋 YES $6,091.64 | KXMARMAD-26-MICH
[01:27:31] 🐋 YES $6,091.64 | KXMARMAD-26-MICH
[01:27:31] 🐋 YES $6,091.64 | KXMARMAD-26-MICH
[01:27] Whales: 4844 | Vol: $22,277,105
[01:27:46] 🐋 NO $3,880.00 | KXNBAGAME-26APR06NYKATL-ATL
[01:28:17] 🐋 YES $2,945.89 | KXNBAGAME-26APR06NYKATL-NYK
[01:28:47] 🐋 NO $2,311.32 | KXMARMAD-26-CONN
[01:31:18] 🐋 NO $2,475.00 | KXNBASPREAD-26APR06NYKATL-ATL2
[01:31:33] 🐋 YES $3,360.00 | KXMLBGAME-26APR062040HOUCOL-HOU
[01:31:33] 🐋 YES $3,320.00 | KXMLBGAME-26APR062040HOUCOL-HOU
[01:31:33] 🐋 YES $2,087.72 | KXMLBGAME-26APR062040HOUCOL-HOU
[01:32:34] 🐋 YES $4,880.64 | KXNBAGAME-26APR06PHISAS-SAS
[01:32] Whales: 4852 | Vol: $22,302,366
[01:33:19] 🐋 NO $25,235.98 | KXNBAGAME-26APR06NYKATL-ATL
[01:33:19] 🐋 YES $2,560.74 | KXMARMAD-26-MICH
[01:34:04] 🐋 YES $4,000.00 | KXNBADPOY-26-VWEM
[01:34:19] 🐋 YES $4,100.00 | KXNBADPOY-26-VWEM
[01:35:05] 🐋 YES $4,532.81 | KXNBAGAME-26APR06NYKATL-NYK
[01:35:05] 🐋 NO $3,546.82 | KXNBATOTAL-26APR06PORDEN-251
[01:36:20] 🐋 YES $3,950.00 | KXNBADPOY-26-VWEM
[01:36:35] 🐋 YES $3,903.90 | KXNBAGAME-26APR06PORDEN-DEN
[01:37:06] 🐋 NO $3,205.85 | KXNBAGAME-26APR06CLEMEM-MEM
[01:37:06] 🐋 YES $3,227.15 | KXNBAGAME-26APR06NYKATL-NYK
[01:37:21] 🐋 YES $2,400.00 | KXNBASPREAD-26APR06PHISAS-SAS9
[01:37] Whales: 4863 | Vol: $22,363,029
[01:38:21] 🐋 YES $2,008.20 | KXMLBTOTAL-26APR061845MILBOS-13
[01:39:37] 🐋 NO $4,861.80 | KXMARMAD-26-CONN
[01:40:53] 🐋 YES $6,843.72 | KXMARMAD-26-MICH
[01:40:53] 🐋 NO $4,307.94 | KXMARMAD-26-CONN
[01:41:08] 🐋 YES $2,340.00 | KXMARMAD-26-MICH
[01:42:08] 🐋 YES $2,119.92 | KXMLBGAME-26APR061845MILBOS-MIL
[01:42:38] 🐋 YES $4,240.00 | KXMLBGAME-26APR062005SEATEX-SEA
[01:42:38] 🐋 YES $2,014.53 | KXMLBGAME-26APR062005SEATEX-SEA
[01:42] Whales: 4871 | Vol: $22,391,765
[01:42:53] 🐋 YES $2,401.38 | KXMVECROSSCATEGORY-S20265F0AD8AEECA-BC485DC8CDA
[01:46:55] 🐋 YES $3,300.00 | KXMARMAD-26-CONN
[01:47:10] 🐋 YES $3,043.86 | KXNBAGAME-26APR06CLEMEM-CLE
[01:47] Whales: 4874 | Vol: $22,400,510
[01:49:57] 🐋 NO $2,944.00 | KXNCAAMBTOTAL-26APR06CONNMICH-153
[01:49:57] 🐋 NO $3,450.00 | KXNCAAMBTOTAL-26APR06CONNMICH-153
[01:51:12] 🐋 NO $2,748.90 | KXNBAGAME-26APR06PORDEN-DEN
[01:51:12] 🐋 NO $3,874.47 | KXNBAGAME-26APR06PORDEN-DEN
[01:51:12] 🐋 NO $11,923.00 | KXNCAAMBSPREAD-26APR06CONNMICH-MICH7
[01:51:12] 🐋 NO $2,368.00 | KXNCAAMBSPREAD-26APR06CONNMICH-MICH7
[01:51:58] 🐋 YES $2,884.50 | KXNBAGAME-26APR06PORDEN-DEN
[01:52:43] 🐋 NO $6,591.00 | KXNBAGAME-26APR06PORDEN-DEN
[01:52] Whales: 4882 | Vol: $22,437,294
[01:53:13] 🐋 NO $2,190.00 | KXNBAGAME-26APR06PHISAS-PHI
[01:53:13] 🐋 NO $2,435.28 | KXNBAGAME-26APR06PHISAS-PHI
[01:54:14] 🐋 YES $2,493.00 | KXLAYOFFSYINFO-26-494000
[01:54:44] 🐋 YES $2,493.00 | KXLAYOFFSYINFO-26-494000
[01:54:44] 🐋 NO $2,088.65 | KXNBAGAME-26APR06PORDEN-DEN
[01:56:15] 🐋 YES $2,057.04 | KXNBAGAME-26APR06PHISAS-SAS
[01:56:15] 🐋 YES $2,280.00 | KXNCAAMBTOTAL-26APR06CONNMICH-129
[01:56:30] 🐋 YES $2,440.00 | KXMLBGAME-26APR062138ATLLAA-ATL
[01:56:30] 🐋 YES $4,836.69 | KXMLBGAME-26APR062138ATLLAA-ATL
[01:56:30] 🐋 YES $2,440.00 | KXMLBGAME-26APR062138ATLLAA-ATL
[01:57:00] 🐋 NO $2,750.55 | KXNCAAMBTOTAL-26APR06CONNMICH-138
[01:57] Whales: 4893 | Vol: $22,465,798
[01:58:15] 🐋 NO $2,250.00 | KXMLBTOTAL-26APR061940BALCWS-3
[02:01:02] 🐋 NO $13,179.39 | KXMLBTOTAL-26APR061940BALCWS-5
[02:02] Whales: 4895 | Vol: $22,481,228
[02:04:03] 🐋 YES $3,343.86 | KXMARMAD-26-MICH
[02:04:18] 🐋 NO $6,123.39 | KXMLBGAME-26APR061940BALCWS-CWS
[02:04:18] 🐋 YES $7,280.00 | KXMLBGAME-26APR061940BALCWS-BAL
[02:04:34] 🐋 YES $3,020.68 | KXMLBGAME-26APR062145PHISF-PHI
[02:05:19] 🐋 YES $4,333.44 | KXNCAAMBTOTAL-26APR06CONNMICH-138
[02:05:19] 🐋 YES $4,452.96 | KXNCAAMBTOTAL-26APR06CONNMICH-138
[02:05:34] 🐋 YES $2,183.17 | KXNBAGAME-26APR06PHISAS-SAS
[02:06:04] 🐋 YES $2,145.79 | KXNBAGAME-26APR06PHISAS-SAS
[02:06:35] 🐋 YES $2,104.40 | KXMLBSPREAD-26APR061940DETMIN-MIN2
[02:06:50] 🐋 YES $2,933.44 | KXNBAGAME-26APR06PHISAS-SAS
[02:07:50] 🐋 NO $2,043.60 | KXMARMAD-26-CONN
[02:07] Whales: 4906 | Vol: $22,521,192
[02:08:05] 🐋 NO $3,233.61 | KXNBAGAME-26APR06PHISAS-PHI
[02:08:05] 🐋 YES $3,697.68 | KXNBAGAME-26APR06PHISAS-SAS
[02:08:05] 🐋 YES $2,953.86 | KXMARMAD-26-MICH
[02:08:51] 🐋 YES $21,992.52 | KXNBAGAME-26APR06PORDEN-POR
[02:08:51] 🐋 NO $2,233.44 | KXNBAGAME-26APR06PORDEN-DEN
[02:08:51] 🐋 NO $5,500.00 | KXNBAGAME-26APR06PORDEN-DEN
[02:10:06] 🐋 NO $9,126.00 | KXNBAGAME-26APR06PORDEN-DEN
[02:10:06] 🐋 YES $12,000.00 | KXNBAGAME-26APR06PORDEN-DEN
[02:10:06] 🐋 YES $10,158.24 | KXNBAGAME-26APR06PORDEN-DEN
[02:12] Whales: 4915 | Vol: $22,592,088
[02:16:54] 🐋 YES $4,961.70 | KXNBAGAME-26APR06PHISAS-SAS
[02:16:54] 🐋 NO $2,312.85 | KXNCAAMBTOTAL-26APR06CONNMICH-141
[02:16:54] 🐋 YES $2,222.08 | KXMARMAD-26-CONN
[02:17] Whales: 4918 | Vol: $22,601,584
[02:18:10] 🐋 NO $5,468.76 | KXNBAGAME-26APR06PORDEN-DEN
[02:18:55] 🐋 NO $3,267.72 | KXNBADPOY-26-CHOL
[02:19:26] 🐋 YES $7,664.64 | KXNBAGAME-26APR06PHISAS-SAS
[02:19:56] 🐋 YES $3,043.04 | KXMARMAD-26-MICH
[02:20:11] 🐋 YES $3,500.00 | KXNBAGAME-26APR06PORDEN-DEN
[02:20:11] 🐋 YES $3,932.16 | KXNBAGAME-26APR06PHISAS-SAS
[02:20:11] 🐋 YES $7,680.00 | KXNBAGAME-26APR06PHISAS-SAS
[02:20:11] 🐋 YES $3,914.88 | KXNBAGAME-26APR06PHISAS-SAS
[02:20:56] 🐋 NO $2,063.55 | KXMVESPORTSMULTIGAMEEXTENDED-S2026696CDD53522-4D848BB0B03
[02:22:12] 🐋 YES $3,453.78 | KXNBAGAME-26APR06PORDEN-POR
[02:22:27] 🐋 NO $2,136.00 | KXNCAAMBTOTAL-26APR06CONNMICH-138
[02:22:57] 🐋 YES $6,096.50 | KXMARMAD-26-MICH
[02:22:57] 🐋 YES $5,984.36 | KXMARMAD-26-MICH
[02:22:57] 🐋 YES $7,220.57 | KXMARMAD-26-MICH
[02:22:57] 🐋 YES $6,096.50 | KXMARMAD-26-MICH
[02:22:57] 🐋 NO $6,096.50 | KXMARMAD-26-CONN
[02:22:57] 🐋 NO $5,849.97 | KXMARMAD-26-CONN
[02:22] Whales: 4935 | Vol: $22,685,053
[02:23:58] 🐋 NO $2,640.00 | KXMARMAD-26-CONN
[02:23:58] 🐋 NO $6,059.68 | KXMARMAD-26-CONN
[02:25:13] 🐋 NO $18,720.00 | KXBTCY-27JAN0100-B62500
[02:25:59] 🐋 YES $3,213.15 | KXMARMAD-26-MICH
[02:25:59] 🐋 YES $16,749.30 | KXMARMAD-26-MICH
[02:25:59] 🐋 NO $4,594.20 | KXMARMAD-26-CONN
[02:25:59] 🐋 NO $4,650.00 | KXMARMAD-26-CONN
[02:26:14] 🐋 YES $2,838.80 | KXMARMAD-26-MICH
[02:26:14] 🐋 YES $6,589.40 | KXMARMAD-26-MICH
[02:26:14] 🐋 YES $3,201.64 | KXMARMAD-26-MICH
[02:27:29] 🐋 YES $3,431.94 | KXMARMAD-26-MICH
[02:27:29] 🐋 YES $2,208.06 | KXMARMAD-26-MICH
[02:27:44] 🐋 NO $18,364.32 | KXBTCY-27JAN0100-B67500
[02:27] Whales: 4948 | Vol: $22,778,314
[02:28:30] 🐋 YES $6,137.95 | KXNBAGAME-26APR06PORDEN-POR
[02:28:30] 🐋 YES $2,600.00 | KXNBAGAME-26APR06PORDEN-POR
[02:28:30] 🐋 YES $6,710.05 | KXNBAGAME-26APR06PORDEN-POR
[02:28:30] 🐋 YES $9,750.00 | KXNBAGAME-26APR06PORDEN-POR
[02:28:30] 🐋 YES $2,640.00 | KXNBAGAME-26APR06PORDEN-POR
[02:28:30] 🐋 NO $11,328.36 | KXNBAGAME-26APR06PORDEN-DEN
[02:28:30] 🐋 NO $11,467.72 | KXNBAGAME-26APR06PORDEN-DEN
[02:28:30] 🐋 NO $5,261.10 | KXNBAGAME-26APR06PORDEN-DEN
[02:28:45] 🐋 YES $2,082.96 | KXNCAAMBTOTAL-26APR06CONNMICH-123
[02:28:45] 🐋 YES $2,378.78 | KXMLBGAME-26APR062005SEATEX-TEX
[02:29:00] 🎯 YES $5,549.44 | KXSOL15M-26APR062230-30
[02:29:00] 🐋 NO $5,640.00 | KXMARMAD-26-CONN
[02:29:15] 🐋 YES $6,105.30 | KXMARMAD-26-MICH
[02:30:00] 🐋 NO $2,228.36 | KXNBAGAME-26APR06PORDEN-DEN
[02:30:31] 🐋 NO $18,760.00 | KXBTCY-27JAN0100-B72500
[02:32:47] 🐋 NO $20,227.09 | KXBTCY-27JAN0100-B77500
[02:32:47] 🐋 YES $9,403.67 | KXNBAGAME-26APR06PORDEN-DEN
[02:33] Whales: 4965 | Vol: $22,906,585
[02:35:03] 🐋 NO $19,200.00 | KXBTCY-27JAN0100-B87500
[02:35:18] 🐋 YES $2,218.95 | KXNHLGAME-26APR06CHISJ-SJ
[02:35:48] 🐋 NO $14,779.26 | KXNCAAMBSPREAD-26APR06CONNMICH-MICH10
[02:36:03] 🐋 YES $6,003.94 | KXMARMAD-26-MICH
[02:36:34] 🐋 YES $2,164.95 | KXNBAGAME-26APR06PORDEN-POR
[02:36:49] 🐋 NO $2,216.16 | KXNBAGAME-26APR06PORDEN-DEN
[02:36:49] 🐋 YES $2,248.95 | KXNBAGAME-26APR06PORDEN-POR
[02:37:34] 🐋 YES $2,247.52 | KXMARMAD-26-MICH
[02:37:49] 🐋 NO $2,486.88 | KXNCAAMBMOP-26-TIE
[02:38] Whales: 4974 | Vol: $22,960,151
[02:38:50] 🐋 YES $21,130.20 | KXMARMAD-26-MICH
[02:39:20] 🐋 YES $3,975.42 | KXNBAGAME-26APR06PORDEN-POR
[02:39:35] 🐋 NO $6,764.89 | KXMARMAD-26-CONN
[02:40:20] 🐋 NO $2,427.30 | KXNCAAMBSPREAD-26APR06CONNMICH-MICH8
[02:40:20] 🐋 YES $5,230.26 | KXCITRINI-28JUL01
[02:40:35] 🐋 NO $3,083.20 | KXMLBGAME-26APR062040HOUCOL-HOU
[02:41:21] 🐋 YES $4,879.44 | KXMARMAD-26-MICH
[02:41:21] 🐋 NO $2,792.92 | KXMARMAD-26-CONN
[02:41:36] 🐋 YES $8,144.94 | KXMARMAD-26-MICH
[02:41:36] 🐋 YES $6,451.05 | KXMARMAD-26-MICH
[02:43] Whales: 4984 | Vol: $23,025,031
[02:43:22] 🐋 NO $8,900.00 | KXMARMAD-26-CONN
[02:43:22] 🐋 NO $7,032.78 | KXMARMAD-26-CONN
[02:44:22] 🐋 YES $5,885.96 | KXCITRINI-28JUL01
[02:44:37] 🐋 NO $2,372.74 | KXMARMAD-26-CONN
[02:45:53] 🐋 NO $3,732.51 | KXNBAGAME-26APR06PORDEN-DEN
[02:45:53] 🐋 NO $2,424.43 | KXNBAGAME-26APR06PORDEN-DEN
[02:46:23] 🐋 NO $2,143.06 | KXNBAGAME-26APR06PORDEN-DEN
[02:46:38] 🐋 NO $2,977.14 | KXMLBGAME-26APR062145PHISF-PHI
[02:46:38] 🐋 NO $2,259.84 | KXNCAAMBSPREAD-26APR06CONNMICH-MICH13
[02:46:38] 🐋 NO $3,520.00 | KXNCAAMBSPREAD-26APR06CONNMICH-MICH13
[02:46:53] 🐋 NO $5,953.20 | KXNBAGAME-26APR06PORDEN-DEN
[02:47:08] 🐋 YES $2,050.56 | KXMARMAD-26-MICH
[02:47:08] 🐋 NO $2,250.00 | KXMARMAD-26-CONN
[02:48] Whales: 4997 | Vol: $23,076,533
[02:49:09] 🐋 NO $4,735.64 | KXMARMAD-26-CONN
[02:49:09] 🐋 NO $4,050.41 | KXMARMAD-26-CONN
[02:49:09] 🐋 NO $4,689.82 | KXMVECROSSCATEGORY-S202683142850C07-8FE1D99C87B
[02:49:39] 🐋 YES $9,021.00 | KXMARMAD-26-MICH
[02:50:25] 🐋 YES $2,604.32 | KXNBAGAME-26APR06PORDEN-POR
[02:50:55] 🐋 YES $3,908.79 | KXMARMAD-26-MICH
[02:51:25] 🐋 NO $5,363.64 | KXMARMAD-26-CONN
[02:53] Whales: 5004 | Vol: $23,110,907
[02:54:27] 🐋 YES $2,150.00 | KXMVECROSSCATEGORY-S2026A7079A2AFEC-85ECB51A93A
[02:55:12] 🐋 NO $4,261.70 | KXMARMAD-26-CONN
[02:55:42] 🐋 NO $3,920.74 | KXMARMAD-26-CONN
[02:55:42] 🐋 NO $6,467.60 | KXMARMAD-26-CONN
[02:55:42] 🐋 NO $6,467.60 | KXMARMAD-26-CONN
[02:55:42] 🐋 NO $4,463.10 | KXMARMAD-26-CONN
[02:55:42] 🐋 NO $6,467.60 | KXMARMAD-26-CONN
[02:55:42] 🐋 NO $2,375.00 | KXMARMAD-26-CONN
[02:55:57] 🐋 NO $10,903.15 | KXMARMAD-26-CONN
[02:56:12] 🐋 YES $3,049.50 | KXCITRINI-28JUL01
[02:56:12] 🐋 YES $2,950.00 | KXCITRINI-28JUL01
[02:56:27] 🐋 NO $7,568.42 | KXMVESPORTSMULTIGAMEEXTENDED-S20269B9D7069B30-A87A5392C34
[02:57:28] 🐋 NO $16,941.05 | KXNHLTOTAL-26APR06NSHLA-5
[02:57:58] 🐋 YES $6,205.91 | KXNBAGAME-26APR06PORDEN-POR
[02:58:13] 🐋 YES $2,506.00 | KXNCAAMBSPREAD-26APR06CONNMICH-MICH6
[02:58] Whales: 5019 | Vol: $23,197,604
[02:58:28] 🐋 NO $2,640.05 | KXMARMAD-26-CONN
[02:59:29] 🐋 NO $3,741.20 | KXNCAAMBTOTAL-26APR06CONNMICH-141
[02:59:29] 🐋 NO $2,119.45 | KXMARMAD-26-CONN
[02:59:44] 🐋 NO $4,304.45 | KXMARMAD-26-CONN
[02:59:44] 🐋 NO $2,258.15 | KXMARMAD-26-CONN
[02:59:44] 🐋 YES $2,797.75 | KXMARMAD-26-MICH
[03:00:29] 🐋 YES $7,520.00 | KXMLBGAME-26APR062138ATLLAA-LAA
[03:00:29] 🐋 NO $2,477.76 | KXNBAGAME-26APR06PORDEN-DEN
[03:00:59] 🐋 NO $2,790.00 | KXMARMAD-26-CONN
[03:01:45] 🐋 YES $3,988.80 | KXMARMAD-26-MICH
[03:01:45] 🐋 NO $2,413.00 | KXMARMAD-26-CONN
[03:01:45] 🐋 NO $2,760.00 | KXNBAGAME-26APR06PORDEN-DEN
[03:02:30] 🐋 NO $3,732.48 | KXMARMAD-26-CONN
[03:02:30] 🐋 NO $2,183.04 | KXMARMAD-26-CONN
[03:02:45] 🐋 NO $3,690.85 | KXMARMAD-26-CONN
[03:03:00] 🐋 NO $2,400.00 | KXNCAAMBSPREAD-26APR06CONNMICH-MICH8
[03:03:00] 🐋 NO $2,111.90 | KXMARMAD-26-CONN
[03:03:00] 🐋 NO $3,396.68 | KXMARMAD-26-CONN
[03:03:00] 🐋 NO $4,397.98 | KXMARMAD-26-CONN
[03:03:15] 🐋 YES $2,492.16 | KXMARMAD-26-MICH
[03:03] Whales: 5039 | Vol: $23,261,820
[03:03:31] 🐋 YES $2,516.58 | KXNBAGAME-26APR06PORDEN-POR
[03:03:31] 🐋 YES $2,869.98 | KXNBAGAME-26APR06PORDEN-POR
[03:03:31] 🐋 YES $2,516.58 | KXNBAGAME-26APR06PORDEN-POR
[03:03:31] 🐋 YES $2,516.58 | KXNBAGAME-26APR06PORDEN-POR
[03:03:31] 🐋 YES $2,516.58 | KXNBAGAME-26APR06PORDEN-POR
[03:03:46] 🐋 NO $2,703.69 | KXMARMAD-26-CONN
[03:03:46] 🐋 NO $2,970.00 | KXMARMAD-26-CONN
[03:03:46] 🐋 NO $2,475.00 | KXMARMAD-26-CONN
[03:03:46] 🐋 NO $2,144.34 | KXMARMAD-26-CONN
[03:03:46] 🐋 NO $2,819.52 | KXMARMAD-26-CONN
[03:03:46] 🐋 NO $2,003.76 | KXMARMAD-26-CONN
[03:03:46] 🐋 NO $9,900.00 | KXMARMAD-26-CONN
[03:04:01] 🐋 YES $2,739.33 | KXMARMAD-26-MICH
[03:04:31] 🐋 YES $6,581.61 | KXNBAGAME-26APR06PORDEN-POR
[03:04:31] 🐋 YES $3,120.15 | KXNBAGAME-26APR06PORDEN-POR
[03:04:31] 🐋 YES $2,516.58 | KXNBAGAME-26APR06PORDEN-POR
[03:04:31] 🐋 YES $2,525.88 | KXNBAGAME-26APR06PORDEN-POR
[03:04:46] 🐋 NO $2,315.61 | KXMARMAD-26-CONN
[03:04:46] 🐋 YES $2,516.58 | KXNBAGAME-26APR06PORDEN-POR
[03:04:46] 🐋 YES $2,516.58 | KXNBAGAME-26APR06PORDEN-POR
[03:04:46] 🐋 YES $2,175.27 | KXNBAGAME-26APR06PORDEN-POR
[03:05:01] 🐋 NO $3,979.80 | KXMARMAD-26-CONN
[03:05:32] 🐋 NO $3,487.77 | KXMARMAD-26-CONN
[03:06:02] 🐋 YES $3,690.24 | KXNBAGAME-26APR06PORDEN-POR
[03:06:17] 🐋 NO $5,000.00 | KXMARMAD-26-MICH
[03:06:47] 🐋 NO $2,626.47 | KXMARMAD-26-CONN
[03:07:02] 🐋 NO $7,330.95 | KXMARMAD-26-CONN
[03:07:17] 🐋 YES $2,553.60 | KXNCAAMBTOTAL-26APR06CONNMICH-126
[03:07:33] 🐋 YES $65,508.30 | KXMARMAD-26-MICH
[03:07:33] 🐋 YES $17,584.38 | KXMARMAD-26-MICH
[03:07:48] 🐋 NO $7,177.50 | KXMARMAD-26-CONN
[03:08] Whales: 5070 | Vol: $23,445,719
[03:09:33] 🐋 YES $2,099.88 | KXMVESPORTSMULTIGAMEEXTENDED-S2026A53046D8109-7CC073C658B
[03:10:34] 🐋 NO $3,320.00 | KXNCAAMBTOTAL-26APR06CONNMICH-135
[03:11:34] 🐋 NO $3,360.00 | KXNCAAMBTOTAL-26APR06CONNMICH-135
[03:12:05] 🐋 YES $2,970.00 | KXMARMAD-26-MICH
[03:12:50] 🐋 YES $2,080.26 | KXNBAGAME-26APR06PORDEN-POR
[03:13:05] 🐋 YES $3,920.00 | KXNCAAMBTOTAL-26APR06CONNMICH-129
[03:13] Whales: 5076 | Vol: $23,463,469
[03:13:35] 🐋 NO $2,181.53 | KXMARMAD-26-CONN
[03:14:21] 🐋 NO $2,277.56 | KXMARMAD-26-CONN
[03:14:36] 🐋 NO $6,730.10 | KXNCAAMBSPREAD-26APR06CONNMICH-MICH6
[03:14:51] 🐋 NO $4,307.94 | KXNBAGAME-26APR06PORDEN-DEN
[03:15:06] 🐋 YES $2,034.90 | KXNCAAMBTOTAL-26APR06CONNMICH-135
[03:15:21] 🐋 YES $2,094.13 | KXNHLGAME-26APR06CHISJ-SJ
[03:15:36] 🐋 NO $5,575.55 | KXMARMAD-26-CONN
[03:15:36] 🐋 NO $3,924.45 | KXMARMAD-26-CONN
[03:15:36] 🐋 NO $3,097.95 | KXMARMAD-26-CONN
[03:15:36] 🐋 NO $2,850.00 | KXMARMAD-26-CONN
[03:16:06] 🐋 YES $3,050.00 | KXNHLGAME-26APR06CHISJ-SJ
[03:16:21] 🐋 YES $5,880.00 | KXMARMAD-26-MICH
[03:17:22] 🐋 NO $2,655.18 | KXMARMAD-26-CONN
[03:17:52] 🐋 NO $2,315.61 | KXMARMAD-26-CONN
[03:17:52] 🐋 NO $51,425.55 | KXMARMAD-26-CONN
[03:18] Whales: 5091 | Vol: $23,563,869
[03:19:23] 🐋 YES $3,920.00 | KXNCAAMBSPREAD-26APR06CONNMICH-MICH5
[03:23:25] 🐋 YES $2,702.88 | KXMLBGAME-26APR062145PHISF-PHI
[03:23] Whales: 5093 | Vol: $23,570,492
[03:24:55] 🐋 NO $12,103.00 | KXETHY-27JAN0100-B1875
[03:26:26] 🐋 YES $4,759.46 | KXMVESPORTSMULTIGAMEEXTENDED-S202607B724FE4C5-E43618E708A
[03:28:12] 🐋 NO $18,240.00 | KXETHY-27JAN0100-B2125
[03:28] Whales: 5096 | Vol: $23,605,595
[03:28:42] 🐋 NO $7,623.85 | KXNBAGAME-26APR06PORDEN-DEN
[03:28:42] 🐋 NO $3,099.49 | KXNBAGAME-26APR06PORDEN-DEN
[03:28:57] 🐋 YES $2,317.20 | KXMLBGAME-26APR062145PHISF-SF
[03:30:13] 🐋 NO $18,420.00 | KXETHY-27JAN0100-B2375
[03:30:28] 🐋 NO $2,952.00 | KXNBAGAME-26APR06PORDEN-POR
[03:30:58] 🐋 NO $3,024.00 | KXNBAGAME-26APR06PORDEN-POR
[03:31:13] 🐋 YES $6,640.00 | KXNBAGAME-26APR06PORDEN-DEN
[03:31:13] 🐋 YES $2,599.80 | KXNBAGAME-26APR06PORDEN-DEN
[03:31:13] 🐋 YES $4,283.63 | KXNBAGAME-26APR06PORDEN-DEN
[03:31:13] 🐋 YES $4,833.36 | KXNBAGAME-26APR06PORDEN-DEN
[03:31:13] 🐋 YES $4,027.30 | KXNBAGAME-26APR06PORDEN-DEN
[03:31:13] 🐋 YES $9,872.80 | KXNBAGAME-26APR06PORDEN-DEN
[03:31:13] 🐋 YES $3,933.37 | KXNBAGAME-26APR06PORDEN-DEN
[03:31:13] 🐋 YES $4,740.32 | KXNBAGAME-26APR06PORDEN-DEN
[03:31:43] 🐋 YES $3,574.62 | KXMLBGAME-26APR062145PHISF-SF
[03:31:43] 🐋 YES $2,410.38 | KXMLBGAME-26APR062145PHISF-SF
[03:31:58] 🐋 YES $2,560.00 | KXNBAGAME-26APR06PORDEN-POR
[03:32:44] 🐋 YES $2,425.00 | KXNBATOTAL-26APR06PORDEN-251
[03:33] Whales: 5114 | Vol: $23,694,932
[03:35:45] 🐋 YES $4,848.00 | KXNBAGAME-26APR06PORDEN-DEN
[03:35:45] 🐋 YES $3,901.44 | KXNBAGAME-26APR06PORDEN-DEN
[03:36:46] 🐋 YES $7,272.32 | KXNBAGAME-26APR06PORDEN-DEN
[03:38] Whales: 5117 | Vol: $23,710,954
[03:40:02] 🐋 YES $4,913.28 | KXNHLGAME-26APR06CHISJ-SJ
[03:40:32] 🐋 YES $3,363.45 | KXNBAGAME-26APR06PORDEN-DEN
[03:42:03] 🐋 YES $6,998.64 | KXNBAGAME-26APR06PORDEN-DEN
[03:42:18] 🐋 YES $2,388.24 | KXNBAGAME-26APR06PORDEN-DEN
[03:42:33] 🐋 YES $2,776.98 | KXNBAGAME-26APR06PORDEN-DEN
[03:42:33] 🐋 NO $2,694.21 | KXNBAGAME-26APR06PORDEN-POR
[03:42:33] 🐋 NO $3,477.06 | KXNBAGAME-26APR06PORDEN-POR
[03:42:48] 🐋 NO $2,275.00 | KXNBAGAME-26APR06PORDEN-POR
[03:42:48] 🐋 NO $2,257.71 | KXNBAGAME-26APR06PORDEN-POR
[03:43] Whales: 5126 | Vol: $23,742,098
[03:44:19] 🐋 YES $3,126.66 | KXNBAGAME-26APR06PORDEN-DEN
[03:44:49] 🐋 NO $11,440.78 | KXNHLGAME-26APR06CHISJ-CHI
[03:45:04] 🐋 YES $2,413.60 | KXNHLGAME-26APR06NSHLA-LA
[03:45:04] 🐋 YES $2,971.92 | KXNHLGAME-26APR06NSHLA-LA
[03:45:04] 🐋 YES $2,910.32 | KXNHLGAME-26APR06NSHLA-LA
[03:45:35] 🐋 YES $4,700.00 | KXNBAGAME-26APR06PORDEN-DEN
[03:46:20] 🐋 YES $2,068.15 | KXNBAGAME-26APR06PORDEN-DEN
[03:46:20] 🐋 YES $2,778.75 | KXNBAGAME-26APR06PORDEN-DEN
[03:46:50] 🐋 NO $2,442.16 | KXNBAGAME-26APR06PORDEN-POR
[03:46:50] 🐋 NO $3,668.14 | KXNBAGAME-26APR06PORDEN-POR
[03:47:05] 🐋 NO $5,167.80 | KXNBAGAME-26APR06PORDEN-POR
[03:47:05] 🐋 YES $2,493.00 | KXLAYOFFSYINFO-26-494000
[03:47:35] 🐋 YES $4,950.00 | KXNBAGAME-26APR06PORDEN-DEN
[03:47:35] 🐋 YES $2,456.19 | KXNBAGAME-26APR06PORDEN-DEN
[03:47:35] 🐋 YES $2,456.19 | KXNBAGAME-26APR06PORDEN-DEN
[03:47:35] 🐋 YES $2,456.19 | KXNBAGAME-26APR06PORDEN-DEN
[03:47:35] 🐋 YES $9,800.01 | KXNBAGAME-26APR06PORDEN-DEN
[03:47:35] 🐋 YES $4,950.00 | KXNBAGAME-26APR06PORDEN-DEN
[03:47:35] 🐋 YES $2,456.19 | KXNBAGAME-26APR06PORDEN-DEN
[03:47:35] 🐋 YES $3,046.23 | KXNBAGAME-26APR06PORDEN-DEN
[03:47:35] 🐋 YES $2,356.20 | KXNBAGAME-26APR06PORDEN-DEN
[03:48:36] 🐋 YES $32,212.62 | KXNBAGAME-26APR06PORDEN-DEN
[03:48] Whales: 5148 | Vol: $23,855,419
[03:51:22] 🐋 YES $3,360.00 | KXMLBGAME-26APR062145PHISF-PHI
[03:51:22] 🐋 YES $2,520.00 | KXMLBGAME-26APR062145PHISF-PHI
[03:51:22] 🐋 YES $3,360.00 | KXMLBGAME-26APR062145PHISF-PHI
[03:51:22] 🐋 YES $2,520.00 | KXMLBGAME-26APR062145PHISF-PHI
[03:51:22] 🐋 YES $3,360.00 | KXMLBGAME-26APR062145PHISF-PHI
[03:51:22] 🐋 YES $2,520.00 | KXMLBGAME-26APR062145PHISF-PHI
[03:51:22] 🐋 YES $2,520.00 | KXMLBGAME-26APR062145PHISF-PHI
[03:53] Whales: 5155 | Vol: $23,875,579
[03:54:54] 🐋 YES $2,587.20 | KXNHLGAME-26APR06NSHLA-LA
[03:54:54] 🐋 YES $2,185.00 | KXMLBTOTAL-26APR062145PHISF-12
[03:55:54] 🐋 NO $3,104.92 | KXMLBGAME-26APR062145PHISF-SF
[03:56:39] 🐋 YES $2,482.20 | KXMLBGAME-26APR062145PHISF-PHI
[03:57:10] 🐋 NO $2,489.85 | KXBTCD-26APR0700-T68899.99
[03:58] Whales: 5160 | Vol: $23,888,429
[04:00:26] 🐋 YES $3,400.00 | KXNBAGAME-26APR07CHABOS-BOS
[04:03] Whales: 5161 | Vol: $23,891,829
[04:05:43] 🐋 NO $9,980.00 | KXPGAR1LEAD-MAST26-ACAB
[04:06:59] 🐋 YES $2,481.60 | KXATPMATCH-26APR07HUMSIN-SIN
[04:07:14] 🐋 NO $17,200.00 | KXPGATOUR-MAST26-SSCH
[04:07:14] 🐋 NO $2,580.00 | KXPGATOUR-MAST26-SSCH
[04:07:14] 🐋 NO $16,071.68 | KXPGATOUR-MAST26-SSCH
[04:07:44] 🐋 YES $3,600.00 | KXMLBGAME-26APR062145PHISF-PHI
[04:07:44] 🐋 YES $3,505.50 | KXMLBGAME-26APR062145PHISF-PHI
[04:07:44] 🐋 YES $5,400.00 | KXMLBGAME-26APR062145PHISF-PHI
[04:08:45] 🐋 YES $2,147.40 | KXMLBGAME-26APR062145PHISF-PHI
[04:08:45] 🐋 YES $2,700.00 | KXMLBGAME-26APR062145PHISF-PHI
[04:08:45] 🐋 YES $2,382.30 | KXMLBGAME-26APR062145PHISF-PHI
[04:08:45] 🐋 YES $2,700.00 | KXMLBGAME-26APR062145PHISF-PHI
[04:08] Whales: 5173 | Vol: $23,962,577
[04:12:01] 🐋 NO $2,128.29 | KXBTCD-26APR0701-T68699.99
[04:13] Whales: 5174 | Vol: $23,964,705
[04:16:33] 🐋 YES $2,724.25 | KXNHLGAME-26APR06CHISJ-SJ
[04:17:19] 🐋 NO $4,846.92 | KXMVESPORTSMULTIGAMEEXTENDED-S20261FDB2AAB8F6-4DF1619FDC2
[04:17:34] 🐋 YES $3,840.00 | KXMLBGAME-26APR062145PHISF-PHI
[04:18:19] 🐋 YES $4,931.64 | KXMVESPORTSMULTIGAMEEXTENDED-S202605720D0B479-2F32476FFB8
[04:18] Whales: 5178 | Vol: $23,981,048
[04:20:50] 🐋 NO $3,799.05 | KXMLBGAME-26APR062145PHISF-SF
[04:23:21] 🐋 NO $3,482.40 | KXNHLTOTAL-26APR06NSHLA-6
[04:23] Whales: 5180 | Vol: $23,988,330
[04:25:37] 🐋 YES $2,377.83 | KXATPCHALLENGERMATCH-26APR06CUIHOL-HOL
[04:26:23] 🐋 NO $2,000.00 | KXATPCHALLENGERMATCH-26APR06CUIHOL-HOL
[04:27:08] 🐋 YES $3,160.80 | KXATPMATCH-26APR05ETCDIM-DIM
[04:27:23] 🐋 YES $3,147.53 | KXMVECROSSCATEGORY-S2026E790A1EA091-D405FEADC20
[04:28] Whales: 5184 | Vol: $23,999,016
[04:33:26] 🐋 NO $3,745.50 | KXMLBTOTAL-26APR062145PHISF-11
[04:33:26] 🐋 NO $4,000.00 | KXMLBTOTAL-26APR062145PHISF-11
[04:33:26] 🐋 NO $4,000.00 | KXMLBTOTAL-26APR062145PHISF-11
[04:33] Whales: 5187 | Vol: $24,010,761
[04:38] Whales: 5187 | Vol: $24,010,761
[04:39:28] 🐋 YES $2,991.36 | KXATPMATCH-26APR07ALCBAE-ALC
[04:42:30] 🐋 YES $3,819.27 | KXMVECROSSCATEGORY-S2026E3CCF31D713-7B204E751BE
[04:44] Whales: 5189 | Vol: $24,017,572
[04:48:02] 🐋 YES $2,847.52 | KXATPCHALLENGERMATCH-26APR06CUIHOL-HOL
[04:49] Whales: 5190 | Vol: $24,020,419
[04:51:34] 🐋 NO $2,430.21 | KXMLBTOTAL-26APR071310KCCLE-8
[04:52:04] 🐋 NO $2,133.12 | KXNHLTOTAL-26APR06NSHLA-6
[04:54] Whales: 5192 | Vol: $24,024,983
[04:55:35] 🐋 YES $2,182.71 | KXATPCHALLENGERMATCH-26APR06CUIHOL-HOL
[04:56:06] 🎯 YES $2,984.29 | KXBTC15M-26APR070100-00
[04:57:06] 🐋 NO $2,142.36 | KXBTC-26APR0701-B69050
[04:57:06] 🐋 NO $2,150.28 | KXBTC-26APR0701-B69050
[04:58:07] 🐋 NO $2,393.82 | KXATPCHALLENGERMATCH-26APR06CUIHOL-CUI
[04:58:52] 🐋 YES $2,118.01 | KXMVECROSSCATEGORY-S20266DBD0A93B4D-9BD8587685A
[04:59] Whales: 5198 | Vol: $24,038,954
[05:03:24] 🐋 YES $2,900.37 | KXMVESPORTSMULTIGAMEEXTENDED-S20261FEBEFA34A0-589F9C222A2
[05:04] Whales: 5199 | Vol: $24,041,855
[05:09] Whales: 5199 | Vol: $24,041,855
[05:10:28] 🐋 YES $4,781.00 | KXNHLGAME-26APR06NSHLA-LA
[05:14] Whales: 5200 | Vol: $24,046,636
[05:14:45] 🐋 NO $14,973.00 | KXNBAGAME-26APR07HOUPHX-HOU
[05:14:45] 🐋 NO $8,876.50 | KXNBAGAME-26APR07HOUPHX-HOU
[05:16:46] 🐋 NO $3,173.04 | KXMVESPORTSMULTIGAMEEXTENDED-S2026317F86A7268-177EA3C87DC
[05:19] Whales: 5203 | Vol: $24,073,658
[05:22:03] 🐋 YES $3,268.51 | KXMVECROSSCATEGORY-S2026B258EE0146F-DD583C46D3D
[05:24] Whales: 5204 | Vol: $24,076,927
[05:26:05] 🐋 NO $4,145.40 | KXATPCHALLENGERMATCH-26APR07SUNCOO-COO
[05:26:20] 🐋 YES $3,466.58 | KXATPCHALLENGERMATCH-26APR07SUNCOO-COO
[05:27:50] 🐋 YES $2,183.94 | KXATPCHALLENGERMATCH-26APR07MARTUL-TUL
[05:29] Whales: 5207 | Vol: $24,086,722
[05:29:36] 🐋 YES $2,400.00 | KXATPMATCH-26APR07ALCBAE-ALC
[05:32:23] 🐋 YES $4,129.11 | KXNBA-26-OKC
[05:32:38] 🐋 YES $3,980.76 | KXATPCHALLENGERMATCH-26APR07MARTUL-TUL
[05:34] Whales: 5210 | Vol: $24,097,232
[05:34:54] 🐋 YES $2,720.00 | KXNBAGAME-26APR07CHABOS-BOS
[05:35:09] 🐋 YES $9,707.67 | KXMLBGAME-26APR071940BALCWS-BAL
[05:39] Whales: 5212 | Vol: $24,109,660
[05:44] Whales: 5212 | Vol: $24,109,660
[05:49:00] 🐋 YES $3,840.93 | KXMVESPORTSMULTIGAMEEXTENDED-S2026B78E8EB202D-C34BB8A9C7D
[05:49] Whales: 5213 | Vol: $24,113,501
[05:50:01] 🐋 YES $4,160.00 | KXMLBGAME-26APR071810KCCLE-CLE
[05:50:46] 🐋 YES $3,845.43 | KXMVECROSSCATEGORY-S202638203D1CEFF-94B326E5EEE
[05:51:01] 🐋 YES $3,871.20 | KXATPCHALLENGERMATCH-26APR07SUNCOO-COO
[05:51:46] 🐋 YES $3,885.12 | KXATPMATCH-26APR07HUMSIN-SIN
[05:53:47] 🐋 YES $3,314.52 | KXATPCHALLENGERMATCH-26APR07JONSEK-SEK
[05:54:33] 🐋 YES $3,324.19 | KXATPCHALLENGERMATCH-26APR07JONSEK-SEK
[05:54] Whales: 5219 | Vol: $24,135,901
[05:57:19] 🐋 YES $3,247.20 | KXATPCHALLENGERMATCH-26APR07JONSEK-SEK
[05:59] Whales: 5220 | Vol: $24,139,149
[06:04] Whales: 5220 | Vol: $24,139,149
[06:05:23] 🐋 YES $5,626.97 | KXATPMATCH-26APR07HUMSIN-SIN
[06:06:23] 🐋 YES $3,408.90 | KXUCLRO4-26-PSG
[06:06:53] 🐋 YES $4,700.00 | KXNBAGAME-26APR07OKCLAL-OKC
[06:07:24] 🐋 YES $2,195.12 | KXATPCHALLENGERMATCH-26APR07JONSEK-SEK
[06:08:09] 🐋 YES $2,982.62 | KXATPCHALLENGERMATCH-26APR07JONSEK-SEK
[06:08:39] 🐋 YES $2,053.44 | KXATPCHALLENGERMATCH-26APR07JONSEK-SEK
[06:09] Whales: 5226 | Vol: $24,160,116
[06:11:55] 🐋 YES $2,357.80 | KXMVESPORTSMULTIGAMEEXTENDED-S2026191D2483D14-7CF28A347A9
[06:12:11] 🐋 YES $4,988.71 | KXATPMATCH-26APR07HUMSIN-SIN
[06:13:26] 🐋 YES $8,799.12 | KXAAAGASW-26APR13-4.140
[06:14:27] 🐋 YES $3,890.74 | KXMVECROSSCATEGORY-S2026F9E1C5AAF70-202BD8AD701
[06:14] Whales: 5230 | Vol: $24,180,152
[06:16:28] 🐋 NO $4,395.18 | KXATPCHALLENGERMATCH-26APR07JONSEK-JON
[06:19] Whales: 5231 | Vol: $24,184,547
[06:21:45] 🐋 NO $8,400.00 | KXATPCHALLENGERMATCH-26APR07JONSEK-JON
[06:24:31] 🐋 YES $4,300.00 | KXUCLGAME-26APR07RMABMU-BMU
[06:24] Whales: 5233 | Vol: $24,197,247
[06:25:47] 🐋 NO $2,327.20 | KXBTCD-26APR0717-T69749.99
[06:26:17] 🐋 YES $4,003.20 | KXLAYOFFSYINFO-26-494000
[06:26:47] 🐋 YES $6,255.00 | KXLAYOFFSYINFO-26-494000
[06:27:02] 🎯 YES $3,121.80 | KXBTC15M-26APR070230-30
[06:27:02] 🐋 YES $6,155.75 | KXLAYOFFSYINFO-26-494000
[06:28:48] 🐋 YES $6,646.98 | KXLAYOFFSYINFO-26-494000
[06:29:03] 🐋 YES $6,505.20 | KXLAYOFFSYINFO-26-494000
[06:29] Whales: 5240 | Vol: $24,232,262
[06:30:49] 🐋 YES $6,488.52 | KXLAYOFFSYINFO-26-494000
[06:31:04] 🐋 YES $6,504.37 | KXLAYOFFSYINFO-26-494000
[06:31:50] 🐋 YES $2,653.29 | KXATPCHALLENGERMATCH-26APR07JONSEK-SEK
[06:32:05] 🐋 YES $6,672.00 | KXLAYOFFSYINFO-26-494000
[06:32:05] 🐋 YES $3,088.26 | KXUCLGAME-26APR07SPOARS-ARS
[06:34] Whales: 5245 | Vol: $24,257,669
[06:36:22] 🐋 YES $2,892.78 | KXUCLGAME-26APR07SPOARS-ARS
[06:37:37] 🐋 NO $3,365.00 | KXCITRINI-28JUL01
[06:39] Whales: 5247 | Vol: $24,263,927
[06:40:54] 🐋 NO $3,557.48 | KXCITRINI-28JUL01
[06:41:39] 🎯 NO $2,725.75 | KXBTC15M-26APR070245-45
[06:41:54] 🐋 YES $2,040.00 | KXNBAGAME-26APR07CHABOS-CHA
[06:43:55] 🐋 NO $2,184.56 | KXCITRINI-28JUL01
[06:44:25] 🐋 NO $3,661.12 | KXCITRINI-28JUL01
[06:44:25] 🐋 NO $3,469.99 | KXCITRINI-28JUL01
[06:44] Whales: 5253 | Vol: $24,281,565
[06:45:11] 🐋 NO $2,547.98 | KXCITRINI-28JUL01
[06:46:41] 🐋 NO $3,557.48 | KXCITRINI-28JUL01
[06:46:56] 🐋 NO $4,038.00 | KXCITRINI-28JUL01
[06:47:42] 🐋 NO $4,038.00 | KXCITRINI-28JUL01
[06:49] Whales: 5257 | Vol: $24,295,747
[06:52:29] 🐋 YES $8,486.40 | KXATPCHALLENGERMATCH-26APR07JONSEK-JON
[06:53:29] 🐋 YES $3,005.80 | KXBTCD-26APR0703-T68499.99
[06:55] Whales: 5259 | Vol: $24,307,239
[06:57:16] 🐋 YES $3,080.00 | KXIPLGAME-26APR07MIRR-RR
[06:58:47] 🐋 NO $2,362.42 | KXBTCD-26APR0703-T68599.99
[07:00] Whales: 5261 | Vol: $24,312,682
[07:01:33] 🐋 YES $4,717.72 | KXMVECROSSCATEGORY-S202601560215834-0C7A06065E0
[07:05] Whales: 5262 | Vol: $24,317,399
[07:05:50] 🐋 NO $3,568.18 | KXNBAMVP-26-VWEM
[07:10] Whales: 5263 | Vol: $24,320,967
[07:11:38] 🐋 YES $2,419.20 | KXMLBGAME-26APR071907LADTOR-LAD
[07:15] Whales: 5264 | Vol: $24,323,387
[07:20] Whales: 5264 | Vol: $24,323,387
[07:21:58] 🐋 YES $3,756.48 | KXATPMATCH-26APR07ALCBAE-ALC
[07:22:43] 🐋 YES $2,339.22 | KXATPCHALLENGERMATCH-26APR07JONSEK-JON
[07:25] Whales: 5266 | Vol: $24,329,482
[07:30] Whales: 5266 | Vol: $24,329,482
[07:35] Whales: 5266 | Vol: $24,329,482
[07:38:05] 🐋 NO $2,446.99 | KXATPCHALLENGERMATCH-26APR07ZHOHUS-HUS
[07:40] Whales: 5267 | Vol: $24,331,929
[07:45] Whales: 5267 | Vol: $24,331,929
[07:45:53] 🐋 YES $3,983.35 | KXATPCHALLENGERMATCH-26APR07ZHOHUS-ZHO
[07:47:09] 🐋 NO $2,450.00 | KXATPCHALLENGERMATCH-26APR07ZHOHUS-HUS
[07:48:09] 🐋 YES $2,662.66 | KXATPCHALLENGERMATCH-26APR07ZHOHUS-ZHO
[07:48:55] 🐋 YES $4,845.96 | KXATPMATCH-26APR05ETCDIM-ETC
[07:50:10] 🐋 YES $3,307.50 | KXMLBGAME-26APR071810KCCLE-KC
[07:50] Whales: 5272 | Vol: $24,349,179
[07:52:57] 🐋 YES $3,200.00 | KXATPCHALLENGERMATCH-26APR07FOMBOU-FOM
[07:55] Whales: 5273 | Vol: $24,352,379
[07:55:58] 🐋 YES $3,232.04 | KXATPCHALLENGERMATCH-26APR07ZHOHUS-ZHO
[07:55:58] 🐋 NO $2,450.00 | KXATPCHALLENGERMATCH-26APR07ZHOHUS-HUS
[07:57:44] 🐋 YES $2,972.35 | KXMVESPORTSMULTIGAMEEXTENDED-S2026AD9710BA7E1-D06E0B550A9
[08:00] Whales: 5276 | Vol: $24,361,033
[08:04:32] 🐋 NO $3,627.36 | KXNPBGAME-26APR070100SAIFUK-FUK
[08:05] Whales: 5277 | Vol: $24,364,661
[08:10] Whales: 5277 | Vol: $24,364,661
[08:10:50] 🎯 YES $4,003.87 | KXBTC15M-26APR070415-15
[08:10:50] 🎯 YES $2,737.46 | KXBTC15M-26APR070415-15
[08:15] Whales: 5279 | Vol: $24,371,402
[08:20:40] 🐋 NO $2,475.00 | KXATPCHALLENGERMATCH-26APR07ZHOHUS-HUS
[08:20] Whales: 5280 | Vol: $24,373,877
[08:20:55] 🐋 YES $2,475.00 | KXATPCHALLENGERMATCH-26APR07ZHOHUS-ZHO
[08:23:41] 🎯 YES $3,216.96 | KXBTC15M-26APR070430-30
[08:23:56] 🎯 YES $3,341.26 | KXBTC15M-26APR070430-30
[08:24:11] 🎯 YES $2,645.82 | KXBTC15M-26APR070430-30
[08:25] Whales: 5284 | Vol: $24,385,556
[08:30] Whales: 5284 | Vol: $24,385,556
[08:35:02] 🎯 YES $4,073.84 | KXBTC15M-26APR070445-45
[08:35:02] 🐋 YES $3,800.00 | KXBTCD-26APR0717-T67999.99
[08:35] Whales: 5286 | Vol: $24,393,430
[08:36:17] 🐋 YES $3,850.00 | KXBTCD-26APR0717-T67999.99
[08:38:03] 🎯 YES $2,757.16 | KXBTC15M-26APR070445-45
[08:38:03] 🎯 YES $2,136.70 | KXBTC15M-26APR070445-45
[08:38:03] 🎯 YES $2,223.98 | KXBTC15M-26APR070445-45
[08:40:19] 🐋 YES $2,872.32 | KXATPMATCH-26APR07ALCBAE-ALC
[08:40] Whales: 5291 | Vol: $24,407,270
[08:41:05] 🐋 YES $6,636.48 | KXATPCHALLENGERMATCH-26APR07GADJAS-GAD
[08:45] Whales: 5292 | Vol: $24,413,906
[08:50] Whales: 5292 | Vol: $24,413,906
[08:51:39] 🎯 YES $3,715.22 | KXBTC15M-26APR070500-00
[08:54:41] 🎯 YES $2,426.16 | KXBTC15M-26APR070500-00
[08:55:56] 🐋 YES $2,481.28 | KXATPCHALLENGERMATCH-26APR07FOMBOU-FOM
[08:55] Whales: 5295 | Vol: $24,422,529
[08:57:27] 🐋 YES $2,454.58 | KXWTACHALLENGERMATCH-26APR07WERBAR-BAR
[08:57:57] 🎯 YES $2,340.55 | KXBTC15M-26APR070500-00
[09:00] Whales: 5297 | Vol: $24,427,324
[09:06] Whales: 5297 | Vol: $24,427,324
[09:10:18] 🐋 YES $2,434.97 | KXATPMATCH-26APR05ETCDIM-DIM
[09:10:18] 🐋 YES $2,719.66 | KXATPMATCH-26APR05ETCDIM-DIM
[09:10:18] 🐋 YES $2,561.96 | KXATPMATCH-26APR05ETCDIM-DIM
[09:11] Whales: 5300 | Vol: $24,435,041
[09:13:04] 🐋 YES $2,487.00 | KXMLBGAME-26APR071907LADTOR-LAD
[09:13:49] 🐋 YES $3,902.40 | KXATPMATCH-26APR06BAUBER-BER
[09:14:50] 🐋 YES $2,436.84 | KXATPMATCH-26APR05ETCDIM-ETC
[09:16] Whales: 5303 | Vol: $24,443,867
[09:16:51] 🐋 YES $2,782.08 | KXATPCHALLENGERMATCH-26APR07DENGUE-GUE
[09:21] Whales: 5304 | Vol: $24,446,649
[09:24:09] 🐋 YES $2,592.00 | KXATPCHALLENGERMATCH-26APR07DENGUE-GUE
[09:26] Whales: 5305 | Vol: $24,449,241
[09:27:26] 🐋 YES $4,254.20 | KXCS2MAP-26APR070600ICEB8-1-B8
[09:29:42] 🐋 YES $3,396.18 | KXATPMATCH-26APR05HURDAR-DAR
[09:29:42] 🐋 YES $2,487.45 | KXATPMATCH-26APR05HURDAR-DAR
[09:29:42] 🐋 YES $4,202.10 | KXATPMATCH-26APR05HURDAR-DAR
[09:29:42] 🐋 YES $3,396.18 | KXATPMATCH-26APR05HURDAR-DAR
[09:30:12] 🐋 YES $4,839.10 | KXATPMATCH-26APR05HURDAR-DAR
[09:31] Whales: 5311 | Vol: $24,471,816
[09:36] Whales: 5311 | Vol: $24,471,816
[09:41] Whales: 5311 | Vol: $24,471,816
[09:46:05] 🐋 NO $3,777.16 | KXDHSFUND-26APR15
[09:46] Whales: 5312 | Vol: $24,475,593
[09:48:51] 🐋 YES $2,296.22 | KXATPMATCH-26APR05HURDAR-HUR
[09:50:22] 🐋 NO $2,932.65 | KXATPMATCH-26APR05HURDAR-HUR
[09:50:22] 🐋 NO $5,525.10 | KXATPMATCH-26APR05HURDAR-HUR
[09:50:22] 🐋 NO $2,228.31 | KXATPMATCH-26APR05HURDAR-HUR
[09:50:22] 🐋 NO $4,847.22 | KXATPMATCH-26APR05HURDAR-HUR
[09:51:08] 🐋 YES $4,247.88 | KXATPMATCH-26APR05ETCDIM-ETC
[09:51:23] 🐋 YES $6,659.05 | KXWTACHALLENGERMATCH-26APR07SAMPRI-SAM
[09:51] Whales: 5319 | Vol: $24,504,330
[09:51:53] 🐋 YES $3,861.05 | KXATPMATCH-26APR05HURDAR-DAR
[09:51:53] 🐋 YES $6,325.55 | KXATPMATCH-26APR05HURDAR-DAR
[09:51:53] 🐋 YES $9,937.50 | KXATPMATCH-26APR05HURDAR-DAR
[09:51:53] 🐋 YES $2,579.51 | KXATPMATCH-26APR05HURDAR-DAR
[09:55:55] 🐋 NO $2,928.00 | KXATPCHALLENGERMATCH-26APR07CINROD-CIN
[09:56] Whales: 5324 | Vol: $24,529,962
[09:56:40] 🎯 NO $4,880.00 | KXBTC15M-26APR070600-00
[09:57:25] 🐋 YES $3,290.42 | KXATPMATCH-26APR07COBBLO-BLO
[09:59:11] 🐋 YES $3,960.00 | KXWTACHALLENGERMATCH-26APR07SAMPRI-SAM
[09:59:11] 🐋 YES $5,940.00 | KXWTACHALLENGERMATCH-26APR07SAMPRI-SAM
[10:01] Whales: 5328 | Vol: $24,548,032
[10:05:59] 🐋 YES $4,930.40 | KXATPCHALLENGERMATCH-26APR07CECKOP-CEC
[10:06:30] 🐋 YES $2,327.25 | KXATPCHALLENGERMATCH-26APR07CECKOP-CEC
[10:06] Whales: 5330 | Vol: $24,555,290
[10:06:45] 🐋 YES $2,332.64 | KXATPMATCH-26APR05HURDAR-HUR
[10:06:45] 🐋 YES $6,636.48 | KXATPCHALLENGERMATCH-26APR07PEAZHA-ZHA
[10:07:30] 🐋 YES $2,362.72 | KXLAYOFFSYINFO-26-494000
[10:08:46] 🐋 NO $2,862.75 | KXATPCHALLENGERMATCH-26APR07CECKOP-CEC
[10:08:46] 🐋 NO $2,216.16 | KXATPCHALLENGERMATCH-26APR07CECKOP-CEC
[10:11] Whales: 5335 | Vol: $24,571,700
[10:14:18] 🐋 YES $2,143.03 | KXATPMATCH-26APR05HURDAR-DAR
[10:14:48] 🐋 YES $2,212.16 | KXATPMATCH-26APR05HURDAR-DAR
[10:16] Whales: 5337 | Vol: $24,576,056
[10:19:20] 🐋 YES $6,138.72 | KXWTACHALLENGERMATCH-26APR07WERBAR-BAR
[10:21:21] 🐋 YES $4,777.73 | KXUCLGAME-26APR07RMABMU-BMU
[10:21] Whales: 5339 | Vol: $24,586,972
[10:21:52] 🐋 YES $3,606.20 | KXWTACHALLENGERMATCH-26APR07WERBAR-BAR
[10:22:07] 🐋 YES $3,645.00 | KXUCLGAME-26APR07SPOARS-ARS
[10:22:07] 🐋 YES $3,161.76 | KXATPMATCH-26APR05ETCDIM-DIM
[10:26] Whales: 5342 | Vol: $24,597,385
[10:27:09] 🐋 YES $3,651.48 | KXATPCHALLENGERMATCH-26APR07PEAZHA-ZHA
[10:27:54] 🐋 YES $6,209.08 | KXWTACHALLENGERMATCH-26APR07WERBAR-BAR
[10:29:10] 🐋 YES $6,282.68 | KXWTACHALLENGERMATCH-26APR07WERBAR-BAR
[10:29:10] 🐋 YES $2,839.55 | KXATPMATCH-26APR05ETCDIM-ETC
[10:29:40] 🐋 YES $4,777.73 | KXUCLGAME-26APR07RMABMU-BMU
[10:29:55] 🐋 NO $2,477.93 | KXATPMATCH-26APR05ETCDIM-ETC
[10:31] Whales: 5348 | Vol: $24,623,623
[10:33:42] 🐋 YES $4,927.68 | KXATPMATCH-26APR07HUMSIN-SIN
[10:36] Whales: 5349 | Vol: $24,628,551
[10:39:14] 🐋 YES $2,388.96 | KXATPMATCH-26APR05ETCDIM-ETC
[10:39:45] 🐋 YES $2,428.46 | KXATPMATCH-26APR05HURDAR-HUR
[10:40:30] 🐋 NO $2,836.78 | KXATPMATCH-26APR05HURDAR-DAR
[10:41] Whales: 5352 | Vol: $24,636,205
[10:42:16] 🐋 YES $3,663.89 | KXATPMATCH-26APR05ETCDIM-ETC
[10:46:18] 🐋 YES $3,017.87 | KXWTAMATCH-26APR06YASANN-ANN
[10:46] Whales: 5354 | Vol: $24,642,887
[10:48:19] 🐋 NO $2,370.60 | KXATPMATCH-26APR06CILSHE-SHE
[10:51:05] 🐋 YES $2,462.40 | KXATPMATCH-26APR05ETCDIM-ETC
[10:51:05] 🐋 YES $5,082.75 | KXATPMATCH-26APR05ETCDIM-ETC
[10:51] Whales: 5357 | Vol: $24,652,803
[10:52:05] 🐋 NO $4,900.00 | KXATPMATCH-26APR07HUMSIN-HUM
[10:52:36] 🐋 YES $2,765.20 | KXATPMATCH-26APR05HURDAR-DAR
[10:54:06] 🐋 YES $3,136.14 | KXUCLGAME-26APR07RMABMU-BMU
[10:56:22] 🐋 YES $3,606.72 | KXATPMATCH-26APR05ETCDIM-ETC
[10:56:37] 🐋 YES $3,358.25 | KXATPMATCH-26APR05ETCDIM-ETC
[10:56] Whales: 5362 | Vol: $24,670,569
[10:58:08] 🎯 NO $9,786.20 | KXBTC15M-26APR070700-00
[10:59:24] 🐋 YES $3,240.00 | KXNBASPREAD-26APR07MILBKN-MIL1
[11:00:54] 🐋 YES $2,986.99 | KXNBACOY-26-JBIC
[11:01] Whales: 5365 | Vol: $24,686,582
[11:02:10] 🐋 YES $5,669.10 | KXMVECROSSCATEGORY-S20264EC39363164-919715AADB3
[11:04:56] 🐋 YES $19,800.00 | KXATPMATCH-26APR07HUMSIN-SIN
[11:04:56] 🐋 YES $6,788.43 | KXATPMATCH-26APR07HUMSIN-SIN
[11:04:56] 🐋 YES $6,527.07 | KXATPMATCH-26APR07HUMSIN-SIN
[11:04:56] 🐋 YES $5,770.71 | KXATPMATCH-26APR07HUMSIN-SIN
[11:04:56] 🐋 YES $4,950.00 | KXATPMATCH-26APR07HUMSIN-SIN
[11:06] Whales: 5371 | Vol: $24,736,088
[11:10:44] 🐋 YES $4,083.00 | KXATPMATCH-26APR05HURDAR-HUR
[11:10:44] 🐋 YES $2,275.00 | KXDEMOCRACYUS-28-7.70
[11:12] Whales: 5373 | Vol: $24,742,446
[11:12:30] 🐋 YES $2,722.08 | KXMLBGAME-26APR071810KCCLE-CLE
[11:14:31] 🐋 YES $4,875.00 | KXATPMATCH-26APR05HURDAR-HUR
[11:15:01] 🐋 YES $2,138.36 | KXATPCHALLENGERMATCH-26APR07COLOCO-COL
[11:15:16] 🐋 YES $4,980.00 | KXATPCHALLENGERMATCH-26APR06SHEPIR-PIR
[11:17] Whales: 5377 | Vol: $24,757,161
[11:20:49] 🐋 NO $4,950.00 | KXATPMATCH-26APR05HURDAR-DAR
[11:21:34] 🐋 YES $2,749.44 | KXATPMATCH-26APR05HURDAR-HUR
[11:21:34] 🐋 YES $4,992.00 | KXATPMATCH-26APR05HURDAR-HUR
[11:22] Whales: 5380 | Vol: $24,769,852
[11:22:50] 🐋 YES $2,916.54 | KXDEMOCRACYUS-28-7.70
[11:24:51] 🐋 YES $2,721.51 | KXATPMATCH-26APR05HURDAR-HUR
[11:26:52] 🐋 YES $2,317.92 | KXATPCHALLENGERMATCH-26APR07VASBRA-VAS
[11:27] Whales: 5383 | Vol: $24,777,808
[11:28:07] 🐋 YES $3,268.23 | KXATPMATCH-26APR06CILSHE-CIL
[11:28:22] 🐋 NO $2,250.00 | KXBTCMAXY-26DEC31-139999.99
[11:29:08] 🐋 YES $2,695.67 | KXATPCHALLENGERMATCH-26APR07VASBRA-VAS
[11:29:53] 🐋 YES $14,387.52 | KXATPMATCH-26APR07ALCBAE-ALC
[11:29:53] 🐋 YES $2,860.80 | KXATPMATCH-26APR07ALCBAE-ALC
[11:29:53] 🐋 YES $2,801.28 | KXATPMATCH-26APR07ALCBAE-ALC
[11:30:54] 🐋 YES $3,366.55 | KXWTAMATCH-26APR06YASANN-YAS
[11:32] Whales: 5390 | Vol: $24,809,439
[11:33:10] 🐋 YES $3,142.95 | KXATPMATCH-26APR07DZUMAR-MAR
[11:33:40] 🐋 YES $2,458.88 | KXATPMATCH-26APR07DZUMAR-MAR
[11:33:40] 🐋 YES $4,631.71 | KXATPMATCH-26APR07DZUMAR-MAR
[11:33:40] 🐋 YES $2,065.61 | KXATPMATCH-26APR07DZUMAR-MAR
[11:34:40] 🐋 YES $26,607.60 | KXUCLGAME-26APR08PSGLFC-PSG
[11:35:56] 🐋 NO $2,036.00 | KXWTAMATCH-26APR06YASANN-ANN
[11:37] Whales: 5396 | Vol: $24,850,381
[11:39:27] 🐋 YES $2,802.60 | KXATPMATCH-26APR06CILSHE-CIL
[11:39:58] 🐋 NO $2,267.46 | KXMVECROSSCATEGORY-S2026128C9867FF9-1354DE921B4
[11:41:59] 🐋 YES $2,530.92 | KXATPMATCH-26APR07DZUMAR-MAR
[11:42] Whales: 5399 | Vol: $24,857,982
[11:44:45] 🐋 YES $2,696.07 | KXATPCHALLENGERMATCH-26APR07VASBRA-VAS
[11:45:15] 🐋 YES $2,696.07 | KXATPCHALLENGERMATCH-26APR07HEMMAR-MAR
[11:45:30] 🐋 YES $2,696.07 | KXATPCHALLENGERMATCH-26APR07HEMMAR-MAR
[11:46:16] 🐋 YES $2,063.14 | KXATPCHALLENGERMATCH-26APR07HEMMAR-MAR
[11:46:16] 🐋 NO $5,888.80 | KXATPMATCH-26APR07DZUMAR-DZU
[11:46:16] 🐋 NO $2,081.20 | KXATPMATCH-26APR07DZUMAR-DZU
[11:46:16] 🐋 NO $2,023.85 | KXATPMATCH-26APR07DZUMAR-DZU
[11:47] Whales: 5406 | Vol: $24,878,127
[11:49:17] 🐋 YES $6,567.35 | KXATPMATCH-26APR07ALCBAE-ALC
[11:49:17] 🐋 YES $2,045.76 | KXATPMATCH-26APR07ALCBAE-ALC
[11:49:17] 🐋 YES $2,047.25 | KXATPMATCH-26APR07ALCBAE-ALC
[11:50:33] 🐋 NO $2,267.46 | KXMVECROSSCATEGORY-S2026128C9867FF9-1354DE921B4
[11:51:03] 🐋 YES $4,060.68 | KXATPMATCH-26APR06CILSHE-CIL
[11:52] Whales: 5411 | Vol: $24,895,116
[11:52:34] 🐋 NO $2,267.46 | KXMVECROSSCATEGORY-S2026128C9867FF9-1354DE921B4
[11:53:04] 🐋 YES $3,224.67 | KXWTAMATCH-26APR06YASANN-YAS
[11:53:04] 🐋 YES $5,806.92 | KXATPMATCH-26APR07DZUMAR-MAR
[11:54:50] 🐋 YES $5,837.86 | KXATPMATCH-26APR07ALCBAE-ALC
[11:54:50] 🐋 YES $6,036.03 | KXATPMATCH-26APR07ALCBAE-ALC
[11:57:06] 🐋 YES $2,656.50 | KXVANCEMENTION-26APR07-AI
[11:57:21] 🐋 YES $4,674.78 | KXWTAMATCH-26APR06YASANN-ANN
[11:57] Whales: 5418 | Vol: $24,925,620
[11:57:51] 🐋 YES $2,860.46 | KXATPMATCH-26APR06CILSHE-CIL
[11:59:06] 🐋 YES $4,096.80 | KXWTAMATCH-26APR06YASANN-ANN
[11:59:22] 🐋 NO $2,334.08 | KXUCLGAME-26APR07RMABMU-RMA
[12:01:23] 🐋 NO $4,081.82 | KXMVECROSSCATEGORY-S2026128C9867FF9-1354DE921B4
[12:01:53] 🐋 YES $2,883.28 | KXATPMATCH-26APR06CILSHE-CIL
[12:02] Whales: 5423 | Vol: $24,941,877
[12:04:24] 🐋 NO $11,885.45 | KXATPMATCH-26APR06CILSHE-SHE
[12:04:39] 🐋 YES $2,350.68 | KXWTAMATCH-26APR06YASANN-YAS
[12:06:55] 🐋 YES $3,900.00 | KXATPMATCH-26APR05POPRUU-RUU
[12:07] Whales: 5426 | Vol: $24,960,013
[12:08:11] 🐋 NO $3,450.00 | KXBTCD-26APR0709-T68399.99
[12:10:12] 🐋 NO $3,667.81 | KXSENATETXR-26-KP
[12:12:28] 🐋 NO $2,204.30 | KXWTAMATCH-26APR06YASANN-ANN
[12:12] Whales: 5429 | Vol: $24,969,335
[12:13:28] 🐋 YES $2,934.20 | KXNBAGAME-26APR07CHABOS-BOS
[12:13:43] 🐋 YES $4,286.06 | KXATPCHALLENGERMATCH-26APR07LANARN-LAN
[12:13:43] 🐋 YES $6,843.87 | KXWTAMATCH-26APR06YASANN-YAS
[12:13:43] 🐋 YES $2,221.56 | KXWTAMATCH-26APR06YASANN-YAS
[12:13:43] 🐋 YES $2,221.56 | KXWTAMATCH-26APR06YASANN-YAS
[12:14:29] 🎯 NO $3,377.62 | KXBTC15M-26APR070815-15
[12:14:29] 🐋 YES $2,073.90 | KXATPCHALLENGERMATCH-26APR07HEMMAR-MAR
[12:14:29] 🎯 NO $4,222.77 | KXBTC15M-26APR070815-15
[12:14:59] 🐋 NO $2,222.05 | KXWTAMATCH-26APR06YASANN-ANN
[12:14:59] 🐋 YES $2,221.10 | KXWTAMATCH-26APR06YASANN-YAS
[12:15:29] 🐋 YES $2,147.75 | KXATPMATCH-26APR07ATMQUI-ATM
[12:17:00] 🐋 NO $2,450.00 | KXMLBTOTAL-26APR071310KCCLE-7
[12:17:30] 🐋 YES $4,824.06 | KXATPMATCH-26APR07ATMQUI-ATM
[12:17:30] 🐋 YES $2,205.94 | KXATPMATCH-26APR07ATMQUI-ATM
[12:17] Whales: 5443 | Vol: $25,013,587
[12:17:45] 🐋 YES $2,563.42 | KXATPCHALLENGERMATCH-26APR07LANARN-LAN
[12:17:45] 🐋 YES $2,737.62 | KXATPCHALLENGERMATCH-26APR07LANARN-LAN
[12:18:31] 🐋 YES $2,523.96 | KXMLBKS-26APR072005SEATEX-TEXNEOVALDI17-6
[12:20:32] 🐋 YES $2,483.02 | KXATPMATCH-26APR07MONBUB-BUB
[12:20:32] 🐋 YES $2,371.80 | KXATPMATCH-26APR07MONBUB-BUB
[12:21:47] 🐋 NO $5,283.04 | KXNHLGAME-26APR07PHINJ-PHI
[12:22:02] 🐋 YES $3,590.22 | KXNHLGAME-26APR07PHINJ-NJ
[12:22:33] 🐋 YES $4,769.97 | KXATPMATCH-26APR07ATMQUI-ATM
[12:22] Whales: 5451 | Vol: $25,039,910
[12:25:19] 🐋 YES $2,698.76 | KXWTAMATCH-26APR07CRIKOR-CRI
[12:26:19] 🐋 YES $9,666.86 | KXIPLGAME-26APR07MIRR-MI
[12:26:50] 🐋 YES $2,010.00 | KXATPMATCH-26APR07MONBUB-BUB
[12:27:20] 🐋 YES $3,350.00 | KXATPMATCH-26APR07MONBUB-BUB
[12:27:35] 🐋 YES $6,470.96 | KXATPCHALLENGERMATCH-26APR07PELWEN-WEN
[12:27] Whales: 5456 | Vol: $25,064,107
[12:32] Whales: 5456 | Vol: $25,064,107
[12:37] Whales: 5456 | Vol: $25,064,107
[12:39:56] 🐋 YES $2,319.84 | KXATPCHALLENGERMATCH-26APR07LANARN-LAN
[12:40:41] 🐋 NO $2,185.30 | KXATPCHALLENGERMATCH-26APR07LANARN-ARN
[12:40:41] 🐋 NO $4,481.73 | KXATPCHALLENGERMATCH-26APR07LANARN-ARN
[12:40:41] 🐋 NO $2,248.00 | KXATPCHALLENGERMATCH-26APR07LANARN-ARN
[12:40:41] 🐋 NO $4,380.00 | KXATPCHALLENGERMATCH-26APR07LANARN-ARN
[12:40:41] 🐋 YES $4,697.60 | KXATPMATCH-26APR07ATMQUI-ATM
[12:41:26] 🐋 YES $2,189.44 | KXATPMATCH-26APR07ATMQUI-ATM
[12:41:42] 🐋 YES $5,461.27 | KXWTAMATCH-26APR06KRACIR-CIR
[12:42:27] 🐋 NO $2,500.50 | KXMLBTOTAL-26APR071310KCCLE-7
[12:42:27] 🐋 NO $2,500.00 | KXMLBTOTAL-26APR071310KCCLE-7
[12:42:42] 🐋 NO $2,795.00 | KXMLBTOTAL-26APR071310KCCLE-7
[12:42] Whales: 5467 | Vol: $25,099,866
[12:44:28] 🐋 NO $2,824.25 | KXBTCD-26APR0709-T68399.99
[12:44:58] 🐋 NO $6,024.96 | KXATPMATCH-26APR07ATMQUI-QUI
[12:44:58] 🐋 NO $16,724.16 | KXATPMATCH-26APR07ATMQUI-QUI
[12:46:14] 🐋 YES $2,184.93 | KXATPCHALLENGERMATCH-26APR06SHEPIR-PIR
[12:46:14] 🐋 YES $2,965.00 | KXATPCHALLENGERMATCH-26APR07CADGAS-CAD
[12:47] Whales: 5472 | Vol: $25,130,589
[12:48:45] 🐋 NO $2,188.80 | KXBTCD-26APR0709-T68399.99
[12:48:45] 🐋 NO $2,918.40 | KXBTCD-26APR0709-T68399.99
[12:52:32] 🐋 YES $3,440.00 | KXWTAMATCH-26APR06KRACIR-CIR
[12:52:47] 🐋 YES $3,711.42 | KXWTAMATCH-26APR06KRACIR-CIR
[12:52] Whales: 5476 | Vol: $25,142,848
[12:53:02] 🐋 YES $3,161.60 | KXWTAMATCH-26APR07CRIKOR-CRI
[12:53:47] 🐋 YES $3,266.88 | KXATPCHALLENGERMATCH-26APR07LANARN-LAN
[12:54:48] 🐋 NO $5,722.86 | KXATPCHALLENGERMATCH-26APR07LANARN-ARN
[12:56:34] 🐋 YES $4,464.29 | KXATPMATCH-26APR05POPRUU-RUU
[12:56:34] 🐋 YES $3,399.00 | KXATPCHALLENGERMATCH-26APR07FERSAC-SAC
[12:57] Whales: 5481 | Vol: $25,162,862
[12:59:35] 🐋 YES $2,334.72 | KXATPMATCH-26APR05POPRUU-RUU
[13:00:20] 🐋 YES $2,960.55 | KXWTACHALLENGERMATCH-26APR07MONKAL-KAL
[13:00:50] 🐋 YES $3,110.85 | KXWTACHALLENGERMATCH-26APR07MONKAL-KAL
[13:01:36] 🐋 YES $3,046.50 | KXWTACHALLENGERMATCH-26APR07MONKAL-KAL
[13:02] Whales: 5485 | Vol: $25,174,315
[13:03:22] 🐋 YES $3,038.44 | KXATPCHALLENGERMATCH-26APR07CADGAS-GAS
[13:06:38] 🐋 YES $2,734.88 | KXNBA-26-BOS
[13:07] Whales: 5487 | Vol: $25,180,088
[13:11:26] 🐋 YES $5,547.85 | KXATPMATCH-26APR05POPRUU-RUU
[13:12:11] 🐋 YES $12,405.51 | KXATPMATCH-26APR07MONBUB-BUB
[13:12] Whales: 5489 | Vol: $25,198,041
[13:13:11] 🐋 YES $2,672.67 | KXGOVTSHUTLENGTH-26FEB07-G60
[13:13:26] 🐋 YES $4,700.85 | KXATPMATCH-26APR05POPRUU-RUU
[13:15:12] 🐋 YES $2,075.18 | KXNBASPREAD-26APR07MILBKN-MIL4
[13:15:12] 🐋 YES $2,148.84 | KXATPCHALLENGERMATCH-26APR07LANARN-LAN
[13:15:12] 🐋 YES $2,373.28 | KXWTAMATCH-26APR06KRACIR-CIR
[13:16:28] 🐋 YES $2,480.08 | KXIPLGAME-26APR07MIRR-MI
[13:17] Whales: 5495 | Vol: $25,214,492
[13:18:14] 🐋 YES $2,097.16 | KXATPMATCH-26APR05POPRUU-RUU
[13:18:14] 🐋 NO $2,553.54 | KXWTAMATCH-26APR07CRIKOR-CRI
[13:21:46] 🐋 YES $2,166.78 | KXATPMATCH-26APR07MONBUB-BUB
[13:21:46] 🐋 YES $2,117.66 | KXMVECROSSCATEGORY-S2026E2809868FEF-8F9AF98AFA5
[13:23] Whales: 5499 | Vol: $25,223,427
[13:26:33] 🐋 NO $2,203.52 | KXATPCHALLENGERMATCH-26APR07FERSAC-SAC
[13:27:48] 🐋 YES $3,579.57 | KXATPCHALLENGERMATCH-26APR07KOLSAK-SAK
[13:27:48] 🐋 NO $2,782.60 | KXETHY-27JAN0100-B2375
[13:28] Whales: 5502 | Vol: $25,231,993
[13:28:49] 🐋 YES $2,638.57 | KXATPCHALLENGERMATCH-26APR07LANARN-LAN
[13:30:35] 🐋 YES $4,550.00 | KXBTCD-26APR0710-T68099.99
[13:32:51] 🐋 NO $2,203.52 | KXATPMATCH-26APR05POPRUU-POP
[13:33] Whales: 5505 | Vol: $25,241,385
[13:34:21] 🐋 NO $4,749.24 | KXMLBSPREAD-26APR072145PHISF-PHI2
[13:34:52] 🐋 YES $2,040.12 | KXATPMATCH-26APR07MONBUB-MON
[13:35:07] 🐋 YES $3,221.99 | KXIPLGAME-26APR07MIRR-RR
[13:35:07] 🐋 YES $2,114.70 | KXWTACHALLENGERMATCH-26APR07SEMPIG-PIG
[13:35:37] 🐋 YES $4,816.12 | KXWTAMATCH-26APR07CRIKOR-KOR
[13:35:52] 🐋 YES $4,964.40 | KXATPMATCH-26APR05POPRUU-RUU
[13:38:08] 🐋 YES $5,573.84 | KXNBAEAST-26-BOS
[13:38] Whales: 5512 | Vol: $25,268,866
[13:39:24] 🐋 YES $2,305.45 | KXMVECROSSCATEGORY-S2026C02DE6BD804-A1465BD7FBF
[13:39:24] 🐋 YES $5,143.05 | KXBONDIOUT-26MAY01
[13:40:24] 🐋 YES $3,740.22 | KXATPCHALLENGERMATCH-26APR07CADGAS-GAS
[13:41:10] 🐋 NO $2,600.00 | KXBTCD-26APR0710-T68399.99
[13:41:40] 🐋 NO $3,206.58 | KXUCLGAME-26APR07RMABMU-TIE
[13:42:56] 🐋 NO $2,004.68 | KXWTAMATCH-26APR07CRIKOR-CRI
[13:42:56] 🐋 YES $6,088.74 | KXATPCHALLENGERMATCH-26APR07FERSAC-FER
[13:42:56] 🐋 YES $2,380.42 | KXATPCHALLENGERMATCH-26APR07FERSAC-FER
[13:43] Whales: 5520 | Vol: $25,296,335
[13:45:27] 🐋 YES $4,791.36 | KXIPLGAME-26APR07MIRR-RR
[13:48:13] 🐋 YES $2,125.00 | KXWTI-26APR07-T112.99
[13:48] Whales: 5522 | Vol: $25,303,251
[13:49:59] 🐋 YES $2,175.00 | KXATPMATCH-26APR05POPRUU-RUU
[13:49:59] 🐋 NO $2,959.32 | KXATPMATCH-26APR07MONBUB-MON
[13:49:59] 🐋 YES $2,180.16 | KXWTAMATCH-26APR07CRIKOR-KOR
[13:51:15] 🐋 YES $4,736.28 | KXATPMATCH-26APR05POPRUU-RUU
[13:51:30] 🐋 YES $2,040.60 | KXWTAMATCH-26APR06KRACIR-CIR
[13:53] Whales: 5527 | Vol: $25,317,343
[13:58] Whales: 5527 | Vol: $25,317,343
[13:59:19] 🐋 YES $2,856.21 | KXPREMIERLEAGUE-26-ARS
[13:59:34] 🐋 NO $8,536.04 | KXMLBSPREAD-26APR071310KCCLE-CLE2
[13:59:34] 🐋 NO $2,935.08 | KXPGATOUR-MAST26-JRAH
[13:59:49] 🐋 NO $2,696.40 | KXWTAMATCH-26APR07CRIKOR-CRI
[14:03] Whales: 5531 | Vol: $25,334,366
[14:04:21] 🐋 NO $2,222.05 | KXWTAMATCH-26APR07CRIKOR-CRI
[14:04:51] 🐋 YES $2,221.56 | KXWTAMATCH-26APR07CRIKOR-KOR
[14:04:51] 🐋 YES $5,928.12 | KXWTAMATCH-26APR07CRIKOR-KOR
[14:04:51] 🐋 YES $6,843.87 | KXWTAMATCH-26APR07CRIKOR-KOR
[14:04:51] 🐋 YES $2,221.56 | KXWTAMATCH-26APR07CRIKOR-KOR
[14:04:51] 🐋 YES $2,221.56 | KXWTAMATCH-26APR07CRIKOR-KOR
[14:05:37] 🐋 YES $4,830.18 | KXMLBGAME-26APR071940BALCWS-BAL
[14:06:22] 🐋 YES $2,944.09 | KXATPCHALLENGERMATCH-26APR07LANARN-LAN
[14:07:07] 🐋 YES $2,077.49 | KXATPMATCH-26APR07MONBUB-BUB
[14:07:07] 🐋 YES $4,502.75 | KXATPMATCH-26APR07MONBUB-BUB
[14:08] Whales: 5541 | Vol: $25,370,379
[14:08:38] 🐋 NO $2,006.98 | KXMVECROSSCATEGORY-S2026128C9867FF9-1354DE921B4
[14:08:38] 🐋 YES $2,916.20 | KXATPMATCH-26APR06NORDE-DE
[14:09:39] 🐋 NO $2,267.46 | KXMVECROSSCATEGORY-S2026128C9867FF9-1354DE921B4
[14:10:39] 🐋 YES $4,815.72 | KXMVESPORTSMULTIGAMEEXTENDED-S20267EE6BC27C37-BE8E29093CA
[14:10:39] 🐋 NO $3,628.73 | KXMVECROSSCATEGORY-S2026128C9867FF9-1354DE921B4
[14:10:54] 🐋 NO $2,263.80 | KXNBAPLAYOFF-26-CHA
[14:12:10] 🐋 NO $5,418.16 | KXATPMATCH-26APR07MONBUB-MON
[14:12:25] 🐋 YES $2,865.20 | KXATPCHALLENGERMATCH-26APR07LANARN-LAN
[14:12:55] 🐋 YES $2,607.78 | KXATPMATCH-26APR05POPRUU-RUU
[14:12:55] 🐋 YES $2,089.24 | KXATPCHALLENGERMATCH-26APR07LANARN-LAN
[14:13] Whales: 5551 | Vol: $25,401,259
[14:13:56] 🐋 YES $8,876.00 | KXINXU-26APR07H1100-T6549.9999
[14:15:57] 🐋 YES $2,876.00 | KXMVECROSSCATEGORY-S20260889A3312CB-B8EFFE3CB0B
[14:17:12] 🐋 NO $5,759.46 | KXNBAMVP-26-VWEM
[14:18:13] 🐋 NO $2,850.00 | KXBTCD-26APR0717-T67999.99
[14:18] Whales: 5555 | Vol: $25,421,620
[14:20:44] 🐋 NO $4,540.45 | KXMVECROSSCATEGORY-S2026128C9867FF9-1354DE921B4
[14:23] Whales: 5556 | Vol: $25,426,161
[14:25:46] 🐋 YES $2,450.21 | KXATPMATCH-26APR06NORDE-DE
[14:27:02] 🐋 NO $2,769.03 | KXCPIYOY-26MAR-T3.6
[14:28] Whales: 5558 | Vol: $25,431,380
[14:28:48] 🐋 YES $2,493.07 | KXATPCHALLENGERMATCH-26APR07RIBHAR-HAR
[14:33:05] 🐋 YES $4,069.26 | KXATPMATCH-26APR07MONBUB-BUB
[14:33:05] 🐋 YES $4,892.70 | KXATPMATCH-26APR07MONBUB-BUB
[14:33:35] 🐋 YES $6,290.83 | KXATPMATCH-26APR07MONBUB-BUB
[14:33:35] 🐋 YES $3,985.80 | KXATPMATCH-26APR07MONBUB-BUB
[14:33] Whales: 5563 | Vol: $25,453,112
[14:36:21] 🐋 YES $2,318.40 | KXATPMATCH-26APR06NORDE-DE
[14:36:21] 🐋 YES $2,906.23 | KXMVESPORTSMULTIGAMEEXTENDED-S2026466FD6387BE-638758CFD77
[14:36:52] 🐋 YES $2,020.76 | KXATPCHALLENGERMATCH-26APR07PRIFEL-PRI
[14:38:07] 🐋 YES $3,450.00 | KXATPMATCH-26APR06NORDE-DE
[14:38] Whales: 5567 | Vol: $25,463,807
[14:40:08] 🐋 YES $4,843.80 | KXMLBGAME-26APR071810KCCLE-CLE
[14:43:25] 🐋 YES $2,884.87 | KXMLBSPREAD-26APR071510BALCWS-BAL2
[14:43:25] 🐋 NO $4,535.91 | KXMVECROSSCATEGORY-S2026128C9867FF9-1354DE921B4
[14:43:25] 🐋 YES $9,900.00 | KXATPCHALLENGERMATCH-26APR07LANARN-LAN
[14:43] Whales: 5571 | Vol: $25,485,972
[14:44:10] 🐋 YES $4,276.61 | KXATPMATCH-26APR06NORDE-DE
[14:44:10] 🐋 YES $2,128.59 | KXATPMATCH-26APR06NORDE-DE
[14:45:56] 🐋 NO $2,277.51 | KXATPCHALLENGERMATCH-26APR07RIBHAR-RIB
[14:45:56] 🐋 YES $2,968.42 | KXWTACHALLENGERMATCH-26APR07MONKAL-KAL
[14:45:56] 🐋 YES $3,310.58 | KXWTACHALLENGERMATCH-26APR07MONKAL-KAL
[14:47:57] 🐋 YES $3,366.59 | KXNBASPREAD-26APR07OKCLAL-OKC14
[14:48:12] 🐋 YES $2,578.89 | KXNBAGAME-26APR07OKCLAL-OKC
[14:48:27] 🐋 YES $6,774.74 | KXATPCHALLENGERMATCH-26APR07NIKABO-NIK
[14:48] Whales: 5579 | Vol: $25,513,653
[14:50:59] 🐋 YES $5,781.20 | KXATPCHALLENGERMATCH-26APR07STRNED-STR
[14:50:59] 🐋 YES $4,478.54 | KXMVECROSSCATEGORY-S2026B6CAAC5E023-4ECDC8DFCBD
[14:53] Whales: 5581 | Vol: $25,523,913
[14:54:15] 🐋 YES $2,440.10 | KXATPMATCH-26APR06NORDE-DE
[14:54:45] 🐋 YES $3,322.90 | KXWTACHALLENGERMATCH-26APR07AVALAZ-AVA
[14:54:45] 🐋 YES $4,324.45 | KXATPMATCH-26APR06NORDE-DE
[14:57:17] 🐋 YES $4,839.10 | KXATPMATCH-26APR06NORDE-DE
[14:58:32] 🐋 YES $3,985.55 | KXATPCHALLENGERMATCH-26APR07RINSAM-SAM
[14:58:47] 🐋 NO $2,021.74 | KXBTCD-26APR0711-T67999.99
[14:58] Whales: 5587 | Vol: $25,544,847
[15:02:19] 🐋 YES $2,896.48 | KXWTAMATCH-26APR06BADTAG-TAG
[15:02:19] 🐋 YES $2,928.73 | KXWTAMATCH-26APR06BADTAG-TAG
[15:02:19] 🐋 YES $2,969.82 | KXWTAMATCH-26APR06BADTAG-TAG
[15:02:19] 🐋 YES $2,717.44 | KXWTAMATCH-26APR06BADTAG-TAG
[15:03:35] 🐋 YES $2,267.52 | KXMLBGAME-26APR071810KCCLE-KC
[15:03] Whales: 5592 | Vol: $25,558,627
[15:04:05] 🐋 YES $4,097.58 | KXATPCHALLENGERMATCH-26APR07RINSAM-SAM
[15:04:50] 🐋 NO $2,923.69 | KXUCLGAME-26APR07RMABMU-TIE
[15:05:05] 🐋 YES $3,474.24 | KXMLBGAME-26APR071810KCCLE-KC
[15:05:36] 🐋 NO $2,859.00 | KXETHY-27JAN0100-B3125
[15:05:36] 🐋 NO $3,166.82 | KXETHY-27JAN0100-B3125
[15:06:36] 🐋 YES $2,055.24 | KXWTACHALLENGERMATCH-26APR07AVALAZ-AVA
[15:08:37] 🐋 YES $3,948.12 | KXATPCHALLENGERMATCH-26APR07RINSAM-SAM
[15:08] Whales: 5599 | Vol: $25,581,152
[15:11:39] 🐋 YES $4,375.00 | KXPGATOUR-MAST26-SSCH
[15:11:39] 🐋 YES $3,034.57 | KXWTAMATCH-26APR06BADTAG-BAD
[15:11:39] 🐋 YES $3,179.98 | KXWTAMATCH-26APR06BADTAG-BAD
[15:11:39] 🐋 YES $3,061.92 | KXWTAMATCH-26APR06BADTAG-BAD
[15:11:39] 🐋 YES $2,914.10 | KXWTAMATCH-26APR06BADTAG-BAD
[15:11:39] 🐋 YES $3,091.66 | KXWTAMATCH-26APR06BADTAG-BAD
[15:13:55] 🐋 YES $2,626.94 | KXWTAMATCH-26APR06BADTAG-BAD
[15:13:55] 🐋 YES $2,659.41 | KXWTAMATCH-26APR06BADTAG-BAD
[15:13] Whales: 5607 | Vol: $25,606,095
[15:14:40] 🐋 NO $2,914.31 | KXUCLGAME-26APR07SPOARS-SPO
[15:14:55] 🐋 YES $5,618.23 | KXUCLTOTAL-26APR07RMABMU-2
[15:18:42] 🐋 NO $3,566.72 | KXATPMATCH-26APR06NORDE-NOR
[15:18:42] 🐋 NO $3,992.94 | KXATPMATCH-26APR06NORDE-NOR
[15:18:42] 🐋 NO $4,056.04 | KXATPMATCH-26APR06NORDE-NOR
[15:18:42] 🐋 NO $4,249.20 | KXATPMATCH-26APR06NORDE-NOR
[15:18:42] 🐋 NO $3,787.49 | KXATPMATCH-26APR06NORDE-NOR
[15:18] Whales: 5614 | Vol: $25,634,280
[15:22:44] 🐋 YES $3,131.22 | KXATPMATCH-26APR06NORDE-DE
[15:22:59] 🐋 NO $2,267.46 | KXMVECROSSCATEGORY-S2026128C9867FF9-1354DE921B4
[15:23:14] 🐋 NO $2,267.46 | KXMVECROSSCATEGORY-S2026128C9867FF9-1354DE921B4
[15:23:14] 🐋 YES $3,604.56 | KXATPMATCH-26APR06NORDE-DE
[15:23:59] 🐋 NO $2,028.60 | KXUSAIRANAGREEMENT-27-26MAY
[15:23] Whales: 5619 | Vol: $25,647,580
[15:26:00] 🐋 YES $3,040.45 | KXNEWTARIFFS-26-MAY01
[15:27:01] 🐋 YES $3,465.00 | KXDEMOCRACYUS-28-7.80
[15:29] Whales: 5621 | Vol: $25,654,085
[15:29:32] 🐋 YES $2,234.91 | KXMLBGAME-26APR071905ATHNYY-NYY
[15:29:47] 🐋 NO $7,084.00 | KXATPCHALLENGERMATCH-26APR07NARROY-NAR
[15:33:34] 🐋 YES $2,211.66 | KXNBAGAME-26APR07CHABOS-BOS
[15:33:34] 🐋 YES $2,408.34 | KXNBAGAME-26APR07CHABOS-BOS
[15:34:04] 🐋 YES $3,855.88 | KXWTAMATCH-26APR06BADTAG-TAG
[15:34] Whales: 5626 | Vol: $25,671,880
[15:39] Whales: 5626 | Vol: $25,671,880
[15:39:37] 🐋 NO $24,500.00 | KXPGATOUR-MAST26-PREE
[15:39:37] 🐋 NO $4,900.00 | KXPGATOUR-MAST26-PREE
[15:39:37] 🐋 NO $2,450.00 | KXPGATOUR-MAST26-PREE
[15:39:37] 🐋 YES $5,182.56 | KXATPMATCH-26APR06NORDE-DE
[15:39:37] 🐋 YES $4,908.23 | KXATPMATCH-26APR06NORDE-DE
[15:40:07] 🐋 NO $9,900.00 | KXPGATOUR-MAST26-JBRI
[15:40:07] 🐋 NO $5,499.45 | KXPGATOUR-MAST26-JBRI
[15:40:07] 🐋 NO $9,900.00 | KXPGATOUR-MAST26-JBRI
[15:40:07] 🐋 NO $2,475.00 | KXPGATOUR-MAST26-JBRI
[15:40:07] 🐋 NO $4,950.00 | KXPGATOUR-MAST26-JBRI
[15:40:07] 🐋 NO $2,970.00 | KXPGATOUR-MAST26-JBRI
[15:40:07] 🐋 NO $27,992.25 | KXPGATOUR-MAST26-JBRI
[15:40:07] 🐋 YES $5,996.24 | KXNBAGAME-26APR07CHIWAS-CHI
[15:43:24] 🐋 YES $8,865.38 | KXATPMATCH-26APR06NORDE-DE
[15:44:09] 🐋 NO $4,526.61 | KXATPCHALLENGERMATCH-26APR07BUTSCH-BUT
[15:44] Whales: 5641 | Vol: $25,796,895
[15:49] Whales: 5641 | Vol: $25,796,895
[15:49:26] 🐋 NO $2,649.92 | KXPRESNOMD-28-MK
[15:49:57] 🐋 YES $2,159.34 | KXATPMATCH-26APR06NORDE-DE
[15:50:12] 🐋 YES $9,909.30 | KXATPMATCH-26APR06NORDE-DE
[15:53:59] 🐋 YES $2,704.52 | KXWTAMATCH-26APR07VOLVEK-VEK
[15:54] Whales: 5645 | Vol: $25,814,319
[15:55:29] 🐋 NO $2,790.00 | KXWTAMATCH-26APR06BADTAG-BAD
[15:56:15] 🐋 YES $2,896.92 | KXATPCHALLENGERMATCH-26APR07NARROY-ROY
[15:56:15] 🐋 YES $5,339.10 | KXATPCHALLENGERMATCH-26APR07NARROY-ROY
[15:59] Whales: 5648 | Vol: $25,825,345
[16:04] Whales: 5648 | Vol: $25,825,345
[16:04:49] 🐋 YES $2,200.00 | KXALIENS-27
[16:06:20] 🐋 NO $2,422.55 | KXWTAMATCH-26APR06BADTAG-BAD
[16:06:50] 🐋 YES $3,997.62 | KXATPCHALLENGERMATCH-26APR07VILDLF-VIL
[16:09] Whales: 5651 | Vol: $25,833,965
[16:10:07] 🐋 YES $2,444.04 | KXMLBGAME-26APR071810KCCLE-CLE
[16:10:22] 🐋 NO $2,267.46 | KXMVECROSSCATEGORY-S2026128C9867FF9-1354DE921B4
[16:11:53] 🐋 NO $5,600.00 | KXNHLGAME-26APR07TBOTT-TB
[16:12:38] 🐋 NO $2,267.46 | KXMVECROSSCATEGORY-S2026128C9867FF9-1354DE921B4
[16:12:53] 🐋 YES $5,386.28 | KXWTAMATCH-26APR06BADTAG-TAG
[16:12:53] 🐋 YES $2,908.80 | KXWTAMATCH-26APR06BADTAG-TAG
[16:14] Whales: 5657 | Vol: $25,854,839
[16:15:24] 🐋 YES $6,020.08 | KXWTAMATCH-26APR06BADTAG-TAG
[16:16:40] 🐋 NO $2,094.00 | KXCITRINI-28JUL01
[16:17:10] 🐋 YES $2,310.00 | KXWTAMATCH-26APR07VOLVEK-VEK
[16:17:10] 🐋 YES $5,323.01 | KXWTAMATCH-26APR07VOLVEK-VEK
[16:17:55] 🐋 NO $2,094.00 | KXCITRINI-28JUL01
[16:17:55] 🐋 NO $2,648.91 | KXCITRINI-28JUL01
[16:19:26] 🐋 NO $2,030.48 | KXCITRINI-28JUL01
[16:19] Whales: 5664 | Vol: $25,877,359
[16:20:12] 🐋 YES $2,652.40 | KXWTACHALLENGERMATCH-26APR07OSUWAL-OSU
[16:20:57] 🐋 NO $2,451.80 | KXWTAMATCH-26APR07VOLVEK-VOL
[16:21:12] 🐋 YES $2,445.55 | KXMLBGAME-26APR071940BALCWS-BAL
[16:21:27] 🐋 YES $2,875.04 | KXNBAGAME-26APR07CHIWAS-CHI
[16:21:42] 🐋 NO $2,424.15 | KXCITRINI-28JUL01
[16:21:42] 🐋 NO $2,094.00 | KXCITRINI-28JUL01
[16:22:28] 🐋 NO $2,094.00 | KXCITRINI-28JUL01
[16:22:28] 🐋 NO $2,524.67 | KXCITRINI-28JUL01
[16:23:43] 🐋 NO $2,900.00 | KXUCLTOTAL-26APR07RMABMU-2
[16:24:29] 🐋 YES $2,482.48 | KXPGAMASTERS-26-CMOR
[16:24:29] 🐋 YES $2,366.10 | KXWTAMATCH-26APR07VOLVEK-VEK
[16:24] Whales: 5675 | Vol: $25,904,669
[16:26:14] 🐋 YES $2,720.67 | KXWTAMATCH-26APR06BADTAG-TAG
[16:26:29] 🐋 YES $2,221.12 | KXWTAMATCH-26APR07VOLVEK-VEK
[16:26:29] 🐋 NO $2,993.07 | KXWTAMATCH-26APR07VOLVEK-VOL
[16:27:00] 🐋 YES $2,968.56 | KXWTAMATCH-26APR07VOLVEK-VEK
[16:28:45] 🐋 YES $2,147.19 | KXMLBGAME-26APR071840CINMIA-MIA
[16:29:01] 🐋 YES $3,096.04 | KXMLBSPREAD-26APR071310KCCLE-CLE2
[16:29] Whales: 5681 | Vol: $25,920,816
[16:33:33] 🐋 YES $5,864.34 | KXWTAMATCH-26APR07VOLVEK-VEK
[16:33:48] 🐋 YES $2,403.00 | KXAAAGASM-26APR30-4.20
[16:34:03] 🐋 NO $2,446.25 | KXWTAMATCH-26APR07VOLVEK-VOL
[16:34:18] 🐋 NO $10,360.40 | KXMLBGAME-26APR071840SDPIT-SD
[16:34:18] 🐋 NO $4,150.65 | KXMLBGAME-26APR071840SDPIT-SD
[16:34:18] 🐋 NO $14,521.67 | KXMLBGAME-26APR071840SDPIT-SD
[16:34:34] 🐋 YES $3,100.14 | KXMLBGAME-26APR071810KCCLE-CLE
[16:34] Whales: 5688 | Vol: $25,963,663
[16:36:04] 🐋 YES $48,020.12 | KXUCLGAME-26APR07SPOARS-ARS
[16:37:50] 🐋 YES $3,749.94 | KXPGATOUR-MAST26-LABE
[16:38:05] 🐋 NO $3,324.48 | KXIMPEACH-26-JUN01
[16:39] Whales: 5691 | Vol: $26,018,757
[16:40:21] 🐋 YES $2,340.00 | KXPGATOP20-MAST26-SSCH
[16:40:21] 🐋 YES $2,669.68 | KXGOVTSHUTLENGTH-26FEB07-G70
[16:44] Whales: 5693 | Vol: $26,023,767
[16:45:24] 🐋 YES $2,582.28 | KXWTACHALLENGERMATCH-26APR07SELJAN-SEL
[16:46:24] 🐋 YES $5,742.87 | KXATPMATCH-26APR06NORDE-DE
[16:48:10] 🐋 YES $2,574.38 | KXATPCHALLENGERMATCH-26APR07NARROY-ROY
[16:48:25] 🐋 YES $3,170.93 | KXATPCHALLENGERMATCH-26APR07NARROY-ROY
[16:49:26] 🐋 YES $2,088.03 | KXCITRINI-28JUL01
[16:49] Whales: 5698 | Vol: $26,039,925
[16:50:26] 🐋 YES $2,416.00 | KXCITRINI-28JUL01
[16:50:41] 🐋 NO $2,097.49 | KXCITRINI-28JUL01
[16:50:41] 🐋 NO $2,409.50 | KXCITRINI-28JUL01
[16:50:41] 🐋 NO $2,094.00 | KXCITRINI-28JUL01
[16:52:42] 🐋 YES $2,987.32 | KXATPMATCH-26APR06NORDE-DE
[16:53:12] 🐋 NO $3,650.00 | KXIPLGAME-26APR07MIRR-MI
[16:53:12] 🐋 NO $4,473.46 | KXATPMATCH-26APR06NORDE-NOR
[16:54] Whales: 5705 | Vol: $26,060,053
[16:59:30] 🐋 NO $2,046.66 | KXMLBSPREAD-26APR071510BALCWS-CWS2
[16:59] Whales: 5706 | Vol: $26,062,100
[17:00:01] 🐋 YES $2,280.00 | KXWTAMATCH-26APR06GRAEAL-EAL
[17:00:01] 🐋 YES $2,400.00 | KXMLBGAME-26APR071810KCCLE-KC
[17:01:01] 🐋 YES $6,554.88 | KXATPMATCH-26APR06NORDE-DE
[17:01:16] 🐋 YES $3,833.18 | KXMLBTOTAL-26APR071310KCCLE-7
[17:01:31] 🐋 YES $3,418.56 | KXATPMATCH-26APR06NORDE-DE
[17:01:31] 🐋 YES $3,258.24 | KXATPMATCH-26APR06NORDE-DE
[17:01:46] 🐋 YES $3,430.68 | KXATPCHALLENGERMATCH-26APR07NARROY-ROY
[17:02:47] 🐋 YES $2,090.34 | KXATPCHALLENGERMATCH-26APR07NARROY-ROY
[17:03:47] 🐋 YES $2,665.92 | KXATPMATCH-26APR06NORDE-DE
[17:04:33] 🐋 YES $2,437.29 | KXMLBGAME-26APR071940BALCWS-BAL
[17:04:33] 🐋 YES $2,365.92 | KXMLBGAME-26APR071810KCCLE-KC
[17:04:33] 🐋 NO $2,600.00 | KXIPLGAME-26APR07MIRR-RR
[17:04:48] 🐋 YES $2,700.00 | KXIPLGAME-26APR07MIRR-MI
[17:04] Whales: 5719 | Vol: $26,102,135
[17:07:34] 🐋 NO $3,019.84 | KXIPLGAME-26APR07MIRR-RR
[17:09:51] 🐋 YES $2,315.46 | KXATPCHALLENGERMATCH-26APR07DEVSAR-DEV
[17:09] Whales: 5721 | Vol: $26,107,470
[17:14] Whales: 5721 | Vol: $26,107,470
[17:19] Whales: 5721 | Vol: $26,107,470
[17:20:41] 🐋 YES $7,298.28 | KXBONDIOUT-26APR16
[17:22:11] 🐋 YES $2,765.45 | KXATPCHALLENGERMATCH-26APR07DEVSAR-SAR
[17:22:11] 🐋 YES $26,980.00 | KXUCLTOTAL-26APR07RMABMU-2
[17:22:26] 🐋 YES $2,851.40 | KXMLBGAME-26APR071810KCCLE-CLE
[17:22:57] 🐋 NO $3,606.68 | KXMLBF5-26APR071840CINMIA-MIA
[17:23:27] 🐋 YES $2,970.00 | KXATPCHALLENGERMATCH-26APR07BUEFER-BUE
[17:23:27] 🐋 YES $2,495.43 | KXMVESPORTSMULTIGAMEEXTENDED-S20260D4100E797E-FA3B11C6063
[17:24:12] 🐋 YES $2,629.42 | KXATPCHALLENGERMATCH-26APR07DEVSAR-SAR
[17:24:58] 🐋 YES $9,200.00 | KXMLBGAME-26APR071810KCCLE-CLE
[17:24] Whales: 5730 | Vol: $26,168,267
[17:26:13] 🐋 YES $4,203.36 | KXWTAMATCH-26APR06GRAEAL-EAL
[17:26:28] 🐋 NO $2,267.46 | KXMVECROSSCATEGORY-S2026128C9867FF9-1354DE921B4
[17:27:44] 🐋 YES $2,660.00 | KXUCLGAME-26APR07RMABMU-RMA
[17:27:59] 🐋 YES $2,255.22 | KXWTAMATCH-26APR06GRAEAL-EAL
[17:28:29] 🐋 YES $3,747.15 | KXATPCHALLENGERMATCH-26APR07BICSCH-SCH
[17:29:15] 🐋 YES $3,813.82 | KXNBA-26-OKC
[17:30] Whales: 5736 | Vol: $26,187,214
[17:31:31] 🐋 YES $2,400.00 | KXWTAMATCH-26APR07PLISAS-PLI
[17:33:47] 🐋 YES $5,264.49 | KXATPCHALLENGERMATCH-26APR07DEVSAR-SAR
[17:35:03] 🐋 YES $2,252.64 | KXMLBGAME-26APR071810KCCLE-CLE
[17:35] Whales: 5739 | Vol: $26,197,131
[17:35:18] 🐋 YES $10,638.88 | KXMLBGAME-26APR071940BALCWS-BAL
[17:36:03] 🐋 NO $19,960.00 | KXMVECROSSCATEGORY-S2026128C9867FF9-1354DE921B4
[17:36:18] 🐋 YES $4,959.00 | KXWTAMATCH-26APR06GRAEAL-EAL
[17:36:18] 🐋 YES $2,844.56 | KXWTAMATCH-26APR06GRAEAL-EAL
[17:36:18] 🐋 YES $5,077.14 | KXWTAMATCH-26APR06GRAEAL-EAL
[17:36:18] 🐋 YES $6,998.92 | KXWTAMATCH-26APR06GRAEAL-EAL
[17:36:18] 🐋 YES $9,999.00 | KXWTAMATCH-26APR06GRAEAL-EAL
[17:36:18] 🐋 YES $2,200.02 | KXWTAMATCH-26APR06GRAEAL-EAL
[17:37:49] 🐋 YES $8,499.15 | KXEUROLEAGUEGAME-26APR071200FENHTA-HTA
[17:38:04] 🐋 YES $3,174.52 | KXWTAMATCH-26APR06GRAEAL-EAL
[17:38:04] 🐋 YES $2,223.76 | KXWTAMATCH-26APR06GRAEAL-EAL
[17:38:04] 🐋 YES $9,981.08 | KXWTAMATCH-26APR06GRAEAL-EAL
[17:38:04] 🐋 YES $5,184.75 | KXWTAMATCH-26APR06GRAEAL-EAL
[17:38:04] 🐋 YES $7,777.84 | KXWTAMATCH-26APR06GRAEAL-EAL
[17:38:04] 🐋 YES $5,217.00 | KXWTAMATCH-26APR06GRAEAL-EAL
[17:39:35] 🐋 YES $2,335.80 | KXMLBGAME-26APR071810KCCLE-KC
[17:40] Whales: 5755 | Vol: $26,304,202
[17:40:35] 🐋 YES $2,164.50 | KXATPCHALLENGERMATCH-26APR07DEVSAR-SAR
[17:42:06] 🐋 YES $4,039.27 | KXWTAMATCH-26APR06GRAEAL-EAL
[17:42:51] 🐋 YES $2,599.92 | KXIPLGAME-26APR07MIRR-RR
[17:43:06] 🐋 YES $2,229.18 | KXLAYOFFSYINFO-26-494000
[17:44:37] 🐋 YES $2,415.00 | KXATPMATCH-26APR08AUGCIL-AUG
[17:45] Whales: 5760 | Vol: $26,317,650
[17:45:38] 🐋 YES $2,400.00 | KXMLBGAME-26APR071810KCCLE-KC
[17:45:38] 🐋 YES $3,117.60 | KXMLBGAME-26APR071810KCCLE-KC
[17:45:38] 🐋 YES $2,400.00 | KXMLBGAME-26APR071810KCCLE-KC
[17:46:08] 🐋 YES $3,385.14 | KXIPLGAME-26APR07MIRR-RR
[17:46:23] 🐋 YES $4,364.49 | KXIPLGAME-26APR07MIRR-MI
[17:50] Whales: 5765 | Vol: $26,333,317
[17:50:55] 🐋 YES $2,843.47 | KXLAYOFFSYINFO-26-494000
[17:50:55] 🐋 YES $3,508.33 | KXLAYOFFSYINFO-26-494000
[17:52:11] 🐋 NO $39,920.00 | KXMVECROSSCATEGORY-S2026128C9867FF9-1354DE921B4
[17:53:26] 🐋 YES $2,454.67 | KXLAYOFFSYINFO-26-494000
[17:55] Whales: 5769 | Vol: $26,382,044
[17:57:13] 🐋 YES $9,000.00 | KXNEWTARIFFS-26-MAY01
[17:57:13] 🐋 YES $2,241.92 | KXMLBGAME-26APR071810KCCLE-KC
[18:00] Whales: 5771 | Vol: $26,393,286
[18:02:15] 🐋 YES $2,403.50 | KXNBATOTAL-26APR07MILBKN-220
[18:02:31] 🐋 YES $8,590.50 | KXMLBSPREAD-26APR072145PHISF-PHI2
[18:03:46] 🐋 NO $30,000.00 | KXUCLTOTAL-26APR07RMABMU-2
[18:04:32] 🐋 YES $2,446.28 | KXBTCD-26APR0717-T67999.99
[18:05] Whales: 5775 | Vol: $26,436,726
[18:05:47] 🐋 YES $2,167.50 | KXIPLGAME-26APR07MIRR-RR
[18:05:47] 🐋 YES $16,512.95 | KXIPLGAME-26APR07MIRR-RR
[18:06:17] 🐋 YES $6,636.48 | KXWTAMATCH-26APR06GRAEAL-EAL
[18:08:18] 🐋 YES $2,940.00 | KXWTAMATCH-26APR06GRAEAL-EAL
[18:08:18] 🐋 YES $4,787.30 | KXWTAMATCH-26APR06GRAEAL-EAL
[18:09:34] 🐋 NO $9,300.00 | KXIPLGAME-26APR07MIRR-MI
[18:10:04] 🐋 NO $9,248.66 | KXIPLGAME-26APR07MIRR-MI
[18:10] Whales: 5782 | Vol: $26,488,319
[18:11:20] 🐋 YES $8,820.00 | KXWTAMATCH-26APR06GRAEAL-EAL
[18:11:35] 🐋 YES $2,430.40 | KXMLBGAME-26APR071905ATHNYY-NYY
[18:13:06] 🐋 YES $2,937.50 | KXIPLGAME-26APR07MIRR-RR
[18:13:36] 🐋 YES $5,970.75 | KXIPLGAME-26APR07MIRR-RR
[18:15] Whales: 5786 | Vol: $26,508,478
[18:16:07] 🐋 YES $9,791.04 | KXIPLGAME-26APR07MIRR-RR
[18:16:23] 🐋 YES $3,452.16 | KXWTAMATCH-26APR06GRAEAL-EAL
[18:16:38] 🐋 YES $2,732.58 | KXIPLGAME-26APR07MIRR-RR
[18:19:09] 🐋 YES $2,103.08 | KXBTCD-26APR0717-T67749.99
[18:19:54] 🐋 NO $9,100.00 | KXWTAMATCH-26APR06GRAEAL-GRA
[18:20:25] 🐋 YES $2,295.04 | KXMLBGAME-26APR071810KCCLE-KC
[18:20] Whales: 5792 | Vol: $26,537,951
[18:20:55] 🐋 YES $4,634.88 | KXATPCHALLENGERMATCH-26APR07DEVSAR-DEV
[18:20:55] 🐋 YES $2,445.50 | KXATPCHALLENGERMATCH-26APR07DEVSAR-DEV
[18:21:10] 🐋 NO $4,753.00 | KXIPLGAME-26APR07MIRR-MI
[18:21:25] 🐋 NO $3,463.87 | KXIPLGAME-26APR07MIRR-MI
[18:21:25] 🐋 YES $2,441.48 | KXATPMATCH-26APR08MEDBER-MED
[18:21:25] 🐋 YES $2,680.00 | KXATPMATCH-26APR08MEDBER-MED
[18:22:26] 🐋 NO $3,332.00 | KXIPLGAME-26APR07MIRR-MI
[18:22:41] 🐋 NO $2,046.00 | KXMLBGAME-26APR071810KCCLE-CLE
[18:22:56] 🐋 YES $3,451.84 | KXATPCHALLENGERMATCH-26APR07MIDPER-MID
[18:23:11] 🐋 YES $2,177.56 | KXIPLGAME-26APR07MIRR-RR
[18:23:41] 🐋 YES $2,485.84 | KXWTAMATCH-26APR06GRAEAL-EAL
[18:24:57] 🐋 YES $2,139.27 | KXMLBGAME-26APR071810KCCLE-KC
[18:25] Whales: 5804 | Vol: $26,574,003
[18:25:42] 🐋 YES $3,378.80 | KXMVECROSSCATEGORY-S2026A799FB0E372-1B8361AB2B8
[18:25:57] 🐋 YES $2,333.08 | KXBTCD-26APR0715-T68299.99
[18:27:28] 🐋 YES $4,163.94 | KXIPLGAME-26APR07MIRR-RR
[18:28:28] 🐋 NO $3,357.09 | KXIPLGAME-26APR07MIRR-MI
[18:28:43] 🐋 YES $3,641.22 | KXIPLGAME-26APR07MIRR-RR
[18:30] Whales: 5809 | Vol: $26,590,877
[18:31:15] 🐋 YES $6,705.61 | KXATPCHALLENGERMATCH-26APR07BICSCH-SCH
[18:32:15] 🐋 YES $2,263.66 | KXATPCHALLENGERMATCH-26APR07PAVMEN-PAV
[18:32:15] 🐋 YES $4,338.62 | KXATPCHALLENGERMATCH-26APR07PAVMEN-PAV
[18:34:16] 🐋 YES $6,533.41 | KXMVESPORTSMULTIGAMEEXTENDED-S2026B84CEC133B9-F2FE759CC3A
[18:35] Whales: 5813 | Vol: $26,610,718
[18:36:32] 🐋 YES $2,164.08 | KXATPCHALLENGERMATCH-26APR07MIDPER-MID
[18:37:48] 🐋 NO $5,700.00 | KXIPLGAME-26APR07MIRR-MI
[18:38:03] 🐋 YES $15,666.98 | KXIPLGAME-26APR07MIRR-RR
[18:38:03] 🐋 YES $3,760.00 | KXIPLGAME-26APR07MIRR-RR
[18:38:03] 🐋 YES $5,015.84 | KXIPLGAME-26APR07MIRR-RR
[18:39:18] 🐋 NO $2,940.00 | KXIPLGAME-26APR07MIRR-MI
[18:39:18] 🐋 NO $2,940.00 | KXIPLGAME-26APR07MIRR-MI
[18:39:18] 🐋 NO $2,940.00 | KXIPLGAME-26APR07MIRR-MI
[18:40:04] 🐋 YES $3,701.61 | KXIPLGAME-26APR07MIRR-RR
[18:40:04] 🐋 YES $2,795.76 | KXIPLGAME-26APR07MIRR-RR
[18:40:04] 🐋 YES $2,571.03 | KXIPLGAME-26APR07MIRR-RR
[18:40:04] 🐋 YES $4,871.79 | KXIPLGAME-26APR07MIRR-RR
[18:40:34] 🐋 NO $4,413.24 | KXATPCHALLENGERMATCH-26APR07MIDPER-PER
[18:40] Whales: 5826 | Vol: $26,670,198
[18:41:19] 🐋 YES $4,216.93 | KXATPCHALLENGERMATCH-26APR07BASDRA-BAS
[18:43:36] 🐋 NO $2,382.93 | KXIPLGAME-26APR07MIRR-MI
[18:43:36] 🐋 NO $2,970.00 | KXIPLGAME-26APR07MIRR-MI
[18:45:06] 🐋 YES $6,647.00 | KXMLBGAME-26APR071840CHCTB-CHC
[18:45:06] 🐋 YES $9,197.70 | KXMLBGAME-26APR071840CHCTB-CHC
[18:45:06] 🐋 YES $6,900.46 | KXMLBGAME-26APR071840CHCTB-CHC
[18:45] Whales: 5832 | Vol: $26,702,513
[18:46:52] 🐋 YES $2,700.00 | KXUCLGAME-26APR07SPOARS-ARS
[18:47:38] 🐋 YES $2,450.00 | KXEUROLEAGUEGAME-26APR071300DUBZAL-DUB
[18:47:53] 🐋 YES $2,580.00 | KXUCLGAME-26APR07RMABMU-BMU
[18:48:23] 🐋 YES $2,027.00 | KXUCLTOTAL-26APR07SPOARS-2
[18:50] Whales: 5836 | Vol: $26,712,270
[18:51:09] 🐋 YES $2,002.50 | KXUCLTOTAL-26APR07SPOARS-2
[18:52:25] 🐋 NO $3,943.10 | KXATPCHALLENGERMATCH-26APR07DEVSAR-SAR
[18:52:25] 🐋 NO $2,730.00 | KXPGATOUR-MAST26-JROS
[18:55] Whales: 5839 | Vol: $26,720,946
[18:57:42] 🐋 YES $3,931.20 | KXUCLTOTAL-26APR07RMABMU-1
[18:57:42] 🐋 YES $4,193.28 | KXUCLTOTAL-26APR07RMABMU-1
[18:58:58] 🐋 YES $2,120.00 | KXMLBGAME-26APR071810KCCLE-CLE
[18:58:58] 🐋 YES $4,511.89 | KXMLBGAME-26APR071810KCCLE-CLE
[18:58:58] 🐋 YES $2,120.00 | KXMLBGAME-26APR071810KCCLE-CLE
[19:00:44] 🐋 NO $9,990.00 | KXPGATOUR-MAST26-STHE
[19:00] Whales: 5845 | Vol: $26,747,812
[19:03:00] 🐋 NO $2,694.22 | KXMLBGAME-26APR071840CHCTB-TB
[19:05:46] 🐋 YES $4,873.33 | KXATPCHALLENGERMATCH-26APR07PAVMEN-PAV
[19:05] Whales: 5847 | Vol: $26,755,380
[19:07:17] 🐋 YES $3,474.51 | KXMLBGAME-26APR071940BALCWS-BAL
[19:10:49] 🐋 YES $4,863.60 | KXMLBGAME-26APR071940BALCWS-BAL
[19:10] Whales: 5849 | Vol: $26,763,718
[19:11:04] 🐋 YES $6,276.60 | KXMLBGAME-26APR071940BALCWS-BAL
[19:13:20] 🐋 YES $10,773.24 | KXNBAGAME-26APR07CHIWAS-CHI
[19:13:20] 🐋 YES $6,800.00 | KXNBAGAME-26APR07CHIWAS-CHI
[19:15] Whales: 5852 | Vol: $26,787,568
[19:17:37] 🐋 YES $2,319.29 | KXATPCHALLENGERMATCH-26APR07DUCMMO-DUC
[19:18:07] 🐋 NO $2,900.00 | KXUCLGAME-26APR07RMABMU-BMU
[19:18:23] 🐋 NO $3,997.44 | KXUCLGAME-26APR07RMABMU-RMA
[19:19:23] 🐋 YES $2,650.00 | KXMLBTOTAL-26APR071310KCCLE-4
[19:19:23] 🐋 YES $2,120.00 | KXMLBTOTAL-26APR071310KCCLE-4
[19:20] Whales: 5857 | Vol: $26,801,555
[19:24:41] 🐋 NO $4,697.37 | KXUCLGAME-26APR07RMABMU-RMA
[19:25] Whales: 5858 | Vol: $26,806,252
[19:27:57] 🐋 NO $11,751.30 | KXATPCHALLENGERMATCH-26APR07PAVMEN-MEN
[19:27:57] 🐋 YES $2,609.64 | KXATPCHALLENGERMATCH-26APR07PAVMEN-PAV
[19:28:27] 🐋 YES $3,829.92 | KXATPCHALLENGERMATCH-26APR07BASDRA-BAS
[19:28:27] 🐋 YES $3,803.28 | KXATPCHALLENGERMATCH-26APR07BASDRA-BAS
[19:28:58] 🐋 YES $2,250.16 | KXWTAMATCH-26APR07PLISAS-SAS
[19:28:58] 🐋 YES $2,972.59 | KXWTAMATCH-26APR07PLISAS-SAS
[19:28:58] 🐋 YES $2,199.02 | KXWTAMATCH-26APR07PLISAS-SAS
[19:30] Whales: 5865 | Vol: $26,835,668
[19:36] Whales: 5865 | Vol: $26,835,668
[19:36:16] 🐋 NO $49,500.00 | KXNBA-26-LAL
[19:37:47] 🐋 YES $2,296.49 | KXMLBGAME-26APR071810KCCLE-CLE
[19:38:17] 🐋 YES $2,374.72 | KXATPCHALLENGERMATCH-26APR07BASDRA-BAS
[19:39:48] 🐋 YES $2,250.00 | KXWTAMATCH-26APR07PLISAS-SAS
[19:40:03] 🐋 YES $5,461.27 | KXATPCHALLENGERMATCH-26APR07BASDRA-BAS
[19:41] Whales: 5870 | Vol: $26,897,550
[19:41:19] 🐋 YES $2,759.68 | KXMLBTOTAL-26APR071610AZNYM-8
[19:41:19] 🐋 NO $2,972.45 | KXUCLGAME-26APR07RMABMU-RMA
[19:41:19] 🐋 YES $6,025.36 | KXATPCHALLENGERMATCH-26APR07BASDRA-BAS
[19:41:49] 🐋 YES $2,926.80 | KXWTAMATCH-26APR07PLISAS-SAS
[19:43:20] 🐋 YES $4,860.16 | KXMLBGAME-26APR071810KCCLE-CLE
[19:44:51] 🐋 YES $2,431.46 | KXUCLGAME-26APR07RMABMU-BMU
[19:45:06] 🐋 NO $9,311.21 | KXPRESNOMD-28-SAS
[19:46:06] 🐋 YES $2,418.52 | KXNBASPREAD-26APR07OKCLAL-OKC17
[19:46] Whales: 5878 | Vol: $26,931,256
[19:49:38] 🐋 YES $2,477.20 | KXATPCHALLENGERMATCH-26APR07MEJORL-MEJ
[19:50:54] 🐋 NO $2,320.00 | KXMLBGAME-26APR071940BALCWS-CWS
[19:51:09] 🐋 NO $9,990.00 | KXPGATOUR-MAST26-FLAO
[19:51] Whales: 5881 | Vol: $26,946,043
[19:52:24] 🐋 YES $2,571.12 | KXMLBGAME-26APR071810KCCLE-CLE
[19:52:40] 🐋 YES $3,271.24 | KXATPCHALLENGERMATCH-26APR07JUSREM-JUS
[19:52:40] 🐋 YES $2,840.00 | KXMLBGAME-26APR071810KCCLE-CLE
[19:52:40] 🐋 YES $2,515.10 | KXMLBGAME-26APR071810KCCLE-CLE
[19:52:40] 🐋 YES $2,880.00 | KXMLBGAME-26APR071810KCCLE-CLE
[19:55:41] 🐋 YES $2,416.28 | KXMLBGAME-26APR071940BALCWS-BAL
[19:56] Whales: 5887 | Vol: $26,962,537
[19:57:12] 🐋 NO $2,132.00 | KXUCLTOTAL-26APR07RMABMU-3
[19:57:12] 🐋 YES $2,814.68 | KXWTAMATCH-26APR07PLISAS-SAS
[19:57:12] 🐋 YES $2,175.80 | KXWTAMATCH-26APR07PLISAS-SAS
[19:57:12] 🐋 NO $2,303.40 | KXWTAMATCH-26APR07PLISAS-PLI
[19:57:42] 🐋 YES $3,810.60 | KXMVESPORTSMULTIGAMEEXTENDED-S202622F07E6794F-00A688A288D
[19:58:58] 🐋 YES $12,056.96 | KXUCLGAME-26APR07RMABMU-BMU
[19:58:58] 🐋 YES $3,258.88 | KXUCLGAME-26APR07RMABMU-BMU
[19:58:58] 🐋 NO $2,697.80 | KXBTCD-26APR0716-T68999.99
[19:59:28] 🐋 YES $3,046.17 | KXMLBGAME-26APR071845MILBOS-BOS
[19:59:43] 🐋 NO $2,194.08 | KXWTAMATCH-26APR07PLISAS-PLI
[19:59:43] 🐋 YES $11,531.52 | KXMLBGAME-26APR071910AZNYM-AZ
[20:00:44] 🐋 YES $4,333.05 | KXNBAGAME-26APR07MILBKN-BKN
[20:01] Whales: 5899 | Vol: $27,014,892
[20:01:29] 🐋 YES $6,694.08 | KXBTCD-26APR1017-T61499.99
[20:02:14] 🐋 YES $2,088.83 | KXATPCHALLENGERMATCH-26APR07BASDRA-BAS
[20:02:14] 🐋 YES $2,381.50 | KXMLBGAME-26APR071940BALCWS-BAL
[20:03:15] 🐋 NO $2,950.00 | KXBTCD-26APR1017-T69999.99
[20:03:45] 🐋 NO $2,695.26 | KXMLBRFI-26APR071910AZNYM
[20:03:45] 🐋 NO $2,161.66 | KXMLBRFI-26APR071910AZNYM
[20:04:30] 🐋 YES $3,285.71 | KXMLBGAME-26APR071940BALCWS-BAL
[20:05:16] 🐋 YES $6,487.88 | KXATPCHALLENGERMATCH-26APR07BASDRA-BAS
[20:05:16] 🐋 YES $2,089.62 | KXATPCHALLENGERMATCH-26APR07BASDRA-BAS
[20:06] Whales: 5908 | Vol: $27,045,726
[20:11] Whales: 5908 | Vol: $27,045,726
[20:11:34] 🐋 YES $2,320.00 | KXMLBGAME-26APR071940BALCWS-CWS
[20:11:34] 🐋 YES $2,320.00 | KXMLBGAME-26APR071940BALCWS-CWS
[20:12:04] 🐋 YES $3,225.15 | KXMLBGAME-26APR071940BALCWS-BAL
[20:12:19] 🐋 YES $2,210.76 | KXBTCD-26APR0717-T68999.99
[20:12:19] 🐋 YES $3,295.16 | KXMLBGAME-26APR071940BALCWS-BAL
[20:12:19] 🐋 YES $7,720.38 | KXUCLGAME-26APR07RMABMU-BMU
[20:12:19] 🐋 YES $4,350.00 | KXUCLGAME-26APR07RMABMU-BMU
[20:12:49] 🐋 YES $4,886.79 | KXUCLGAME-26APR07RMABMU-BMU
[20:14:50] 🐋 YES $2,448.79 | KXMLBGAME-26APR071940BALCWS-CWS
[20:16] Whales: 5917 | Vol: $27,078,504
[20:17:22] 🐋 NO $2,100.00 | KXUCLGAME-26APR07SPOARS-SPO
[20:17:22] 🐋 NO $2,100.00 | KXUCLGAME-26APR07SPOARS-SPO
[20:17:22] 🐋 YES $2,266.44 | KXUCLGAME-26APR07SPOARS-TIE
[20:17:22] 🐋 NO $8,387.82 | KXUCLGAME-26APR07RMABMU-RMA
[20:17:22] 🐋 NO $4,900.00 | KXUCLGAME-26APR07RMABMU-RMA
[20:17:22] 🐋 NO $4,900.00 | KXUCLGAME-26APR07RMABMU-RMA
[20:18:07] 🐋 YES $7,356.74 | KXUCLGAME-26APR07RMABMU-BMU
[20:18:07] 🐋 YES $4,923.48 | KXUCLGAME-26APR07RMABMU-BMU
[20:18:52] 🐋 YES $2,956.50 | KXUCLGAME-26APR07RMABMU-BMU
[20:19:08] 🐋 YES $7,439.40 | KXUCLGAME-26APR07RMABMU-BMU
[20:19:08] 🐋 YES $2,263.50 | KXUCLGAME-26APR07RMABMU-BMU
[20:19:08] 🐋 YES $4,845.60 | KXUCLGAME-26APR07RMABMU-BMU
[20:21] Whales: 5929 | Vol: $27,132,943
[20:23:40] 🐋 YES $2,641.32 | KXUCLGAME-26APR07RMABMU-BMU
[20:26] Whales: 5930 | Vol: $27,135,584
[20:30:58] 🐋 NO $2,248.90 | KXATPCHALLENGERMATCH-26APR07HEIREI-REI
[20:31:29] 🐋 YES $2,800.00 | KXMLBGAME-26APR071910AZNYM-NYM
[20:31:29] 🐋 YES $4,140.00 | KXMLBGAME-26APR071910AZNYM-NYM
[20:31] Whales: 5933 | Vol: $27,144,773
[20:33:00] 🐋 YES $54,118.62 | KXNBAGAME-26APR07OKCLAL-OKC
[20:36] Whales: 5934 | Vol: $27,198,892
[20:41:19] 🐋 YES $3,663.89 | KXATPCHALLENGERMATCH-26APR07ALVRAT-RAT
[20:41] Whales: 5935 | Vol: $27,202,556
[20:42:34] 🐋 YES $3,972.28 | KXMVESPORTSMULTIGAMEEXTENDED-S2026C8C05059F37-776001A889F
[20:42:49] 🐋 YES $3,503.05 | KXMVESPORTSMULTIGAMEEXTENDED-S20263F39BD4E7D4-09F01251385
[20:43:04] 🐋 YES $2,751.06 | KXUCLGAME-26APR07RMABMU-BMU
[20:43:50] 🐋 NO $5,098.65 | KXMVESPORTSMULTIGAMEEXTENDED-S2026B18CC8F2E1A-82D04BC426A
[20:44:05] 🐋 NO $3,246.48 | KXUCLGAME-26APR07RMABMU-TIE
[20:44:35] 🐋 YES $4,170.00 | KXLAYOFFSYINFO-26-494000
[20:44:35] 🐋 YES $3,158.36 | KXLAYOFFSYINFO-26-494000
[20:44:35] 🐋 NO $4,985.00 | KXMVECROSSCATEGORY-S2026128C9867FF9-1354DE921B4
[20:45:21] 🐋 YES $5,207.49 | KXUCLGAME-26APR07RMABMU-BMU
[20:45:36] 🐋 NO $2,485.00 | KXPGATOUR-MAST26-HENG
[20:46:36] 🐋 NO $4,777.74 | KXUCLGAME-26APR07RMABMU-RMA
[20:46:36] 🐋 NO $6,439.95 | KXUCLGAME-26APR07RMABMU-RMA
[20:46] Whales: 5947 | Vol: $27,252,351
[20:48:52] 🐋 NO $4,611.64 | KXIPL-26-SRH
[20:49:07] 🐋 NO $9,970.00 | KXMVECROSSCATEGORY-S2026128C9867FF9-1354DE921B4
[20:49:23] 🐋 NO $14,850.00 | KXMLBF5SPREAD-26APR071510BALCWS-CWS2
[20:49:53] 🐋 YES $19,619.10 | KXUCLGAME-26APR07RMABMU-BMU
[20:50:23] 🐋 NO $2,487.50 | KXPGATOUR-MAST26-KKIT
[20:50:23] 🐋 NO $11,340.27 | KXMVECROSSCATEGORY-S2026128C9867FF9-1354DE921B4
[20:50:23] 🐋 YES $2,100.00 | KXMLBGAME-26APR071905ATHNYY-NYY
[20:50:23] 🐋 YES $2,839.43 | KXMVECROSSCATEGORY-S2026DE1C648D5EC-3E84303DFC7
[20:50:38] 🐋 YES $3,525.76 | KXMLBGAME-26APR071940BALCWS-BAL
[20:50:38] 🐋 YES $2,281.28 | KXMLBGAME-26APR071940BALCWS-BAL
[20:50:38] 🐋 YES $2,112.96 | KXMLBGAME-26APR071940BALCWS-BAL
[20:50:53] 🐋 YES $4,803.47 | KXNBASPREAD-26APR07CHABOS-BOS4
[20:51] Whales: 5959 | Vol: $27,332,892
[20:52:09] 🐋 YES $2,714.60 | KXATPCHALLENGERMATCH-26APR07KIRFAU-KIR
[20:52:24] 🐋 YES $4,844.33 | KXATPCHALLENGERMATCH-26APR07KUZAND-AND
[20:52:39] 🐋 YES $4,442.20 | KXUCLGAME-26APR07SPOARS-ARS
[20:52:39] 🐋 YES $9,277.08 | KXUCLGAME-26APR07SPOARS-ARS
[20:52:54] 🐋 YES $2,850.00 | KXUCLGAME-26APR07SPOARS-ARS
[20:53:09] 🐋 YES $3,878.40 | KXNBAGAME-26APR07CHABOS-BOS
[20:54:25] 🐋 NO $2,492.50 | KXPGATOUR-MAST26-ANOR
[20:56] Whales: 5966 | Vol: $27,363,391
[20:59:27] 🐋 YES $2,082.50 | KXLAYOFFSYINFO-26-494000
[20:59:42] 🐋 YES $3,881.78 | KXLAYOFFSYINFO-26-494000
[21:00:43] 🐋 YES $4,789.75 | KXLAYOFFSYINFO-26-494000
[21:00:43] 🐋 YES $2,082.50 | KXLAYOFFSYINFO-26-494000
[21:00:43] 🐋 YES $2,357.09 | KXMVESPORTSMULTIGAMEEXTENDED-S2026F03EBEDE2FF-C9BAF633AA1
[21:01] Whales: 5971 | Vol: $27,378,585
[21:04:14] 🐋 YES $3,328.00 | KXLAYOFFSYINFO-26-494000
[21:04:14] 🐋 YES $2,080.00 | KXLAYOFFSYINFO-26-494000
[21:06] Whales: 5973 | Vol: $27,383,993
[21:07:01] 🐋 YES $2,403.65 | KXLAYOFFSYINFO-26-494000
[21:07:16] 🐋 YES $2,160.00 | KXATPCHALLENGERMATCH-26APR07GALJOH-GAL
[21:10:48] 🐋 YES $2,611.34 | KXMLBGAME-26APR071907LADTOR-LAD
[21:11] Whales: 5976 | Vol: $27,391,168
[21:12:03] 🐋 YES $2,213.12 | KXLAYOFFSYINFO-26-494000
[21:12:33] 🐋 YES $4,381.31 | KXLAYOFFSYINFO-26-494000
[21:12:33] 🐋 YES $2,675.71 | KXLAYOFFSYINFO-26-494000
[21:12:33] 🐋 YES $3,961.15 | KXLAYOFFSYINFO-26-494000
[21:12:49] 🐋 YES $2,968.20 | KXNBAGAME-26APR07DALLAC-LAC
[21:13:34] 🐋 YES $2,030.91 | KXLAYOFFSYINFO-26-494000
[21:14:34] 🐋 YES $3,403.68 | KXMLBGAME-26APR071940BALCWS-BAL
[21:15:05] 🐋 NO $4,480.84 | KXMVESPORTSMULTIGAMEEXTENDED-S202656D214C33F9-CC1BEDF3E0D
[21:15:50] 🐋 YES $2,921.15 | KXLAYOFFSYINFO-26-494000
[21:16] Whales: 5985 | Vol: $27,420,204
[21:18:21] 🐋 YES $2,220.00 | KXMLBGAME-26APR071940BALCWS-CWS
[21:18:21] 🐋 YES $2,220.00 | KXMLBGAME-26APR071940BALCWS-CWS
[21:18:21] 🐋 YES $2,960.00 | KXMLBGAME-26APR071940BALCWS-CWS
[21:18:21] 🐋 YES $2,937.80 | KXMLBGAME-26APR071940BALCWS-CWS
[21:18:21] 🐋 YES $2,960.00 | KXMLBGAME-26APR071940BALCWS-CWS
[21:18:21] 🐋 YES $2,244.42 | KXMLBGAME-26APR071940BALCWS-CWS
[21:18:51] 🐋 YES $4,621.76 | KXLAYOFFSYINFO-26-494000
[21:19:21] 🐋 YES $6,223.05 | KXNBAGAME-26APR07MILBKN-BKN
[21:19:37] 🐋 NO $2,520.00 | KXLAYOFFSYINFO-26-494000
[21:20:07] 🐋 YES $3,196.03 | KXLAYOFFSYINFO-26-494000
[21:20:07] 🐋 YES $3,901.25 | KXLAYOFFSYINFO-26-494000
[21:20:07] 🐋 YES $4,732.55 | KXLAYOFFSYINFO-26-494000
[21:21:22] 🐋 YES $2,868.30 | KXMVESPORTSMULTIGAMEEXTENDED-S2026F02F8F6F26A-C4066C476DA
[21:21:53] 🐋 YES $5,824.00 | KXLAYOFFSYINFO-26-494000
[21:21:53] 🐋 YES $2,754.75 | KXLAYOFFSYINFO-26-494000
[21:21:53] 🐋 YES $3,940.92 | KXLAYOFFSYINFO-26-494000
[21:21:53] 🐋 YES $2,080.00 | KXLAYOFFSYINFO-26-494000
[21:21] Whales: 6002 | Vol: $27,478,409
[21:26] Whales: 6002 | Vol: $27,478,409
[21:28:25] 🐋 YES $3,632.64 | KXATPCHALLENGERMATCH-26APR07MARMAY-MAY
[21:28:56] 🐋 NO $6,880.00 | KXMLBGAME-26APR071910AZNYM-AZ
[21:29:26] 🐋 NO $2,031.69 | KXMVESPORTSMULTIGAMEEXTENDED-S20260463F33314B-A75C78DE9FF
[21:30:57] 🐋 YES $4,050.00 | KXMLBGAME-26APR071940BALCWS-CWS
[21:30:57] 🐋 YES $8,010.90 | KXMLBGAME-26APR071940BALCWS-CWS
[21:30:57] 🐋 YES $4,050.00 | KXMLBGAME-26APR071940BALCWS-CWS
[21:31] Whales: 6008 | Vol: $27,507,064
[21:32:12] 🐋 NO $2,623.43 | KXPGATOUR-MAST26-XSCH
[21:32:58] 🐋 NO $2,493.90 | KXMLBGAME-26APR071910AZNYM-AZ
[21:34:13] 🐋 NO $4,234.75 | KXMVECROSSCATEGORY-S202612D3C0DC211-5E32F49766A
[21:34:28] 🐋 NO $9,830.00 | KXPGAR1LEAD-MAST26-VHOV
[21:35:44] 🐋 NO $2,259.09 | KXMLBGAME-26APR071910AZNYM-AZ
[21:36] Whales: 6013 | Vol: $27,528,505
[21:39:31] 🐋 NO $2,794.32 | KXMLBGAME-26APR071940BALCWS-BAL
[21:41:01] 🐋 YES $2,280.00 | KXMLBGAME-26APR071940BALCWS-BAL
[21:41:16] 🐋 YES $2,871.99 | KXLOLGAME-26APR071700NERDRMD-NERD
[21:42] Whales: 6016 | Vol: $27,536,452
[21:47] Whales: 6016 | Vol: $27,536,452
[21:50:05] 🐋 YES $2,644.00 | KXMLBTOTAL-26APR071840CHCTB-9
[21:51:36] 🐋 YES $2,100.00 | KXNHLGAME-26APR07SEAMIN-MIN
[21:52] Whales: 6018 | Vol: $27,541,196
[21:52:37] 🐋 YES $2,520.00 | KXMLBGAME-26APR071910AZNYM-AZ
[21:52:37] 🐋 YES $2,520.00 | KXMLBGAME-26APR071910AZNYM-AZ
[21:52:37] 🐋 YES $2,325.96 | KXMLBGAME-26APR071910AZNYM-AZ
[21:53:07] 🐋 YES $2,184.00 | KXMLBGAME-26APR071940BALCWS-BAL
[21:54:22] 🐋 NO $4,950.00 | KXPGATOUR-MAST26-MMCN
[21:54:22] 🐋 NO $2,970.00 | KXPGATOUR-MAST26-MMCN
[21:55:08] 🐋 YES $2,391.90 | KXMVECROSSCATEGORY-S20264E2BC6B2979-39A900786F1
[21:56:08] 🐋 NO $2,626.14 | KXMLBGAME-26APR071910AZNYM-NYM
[21:57] Whales: 6026 | Vol: $27,563,684
[21:57:39] 🐋 NO $2,707.79 | KXNHLSPREAD-26APR07BOSCAR-CAR1
[22:00:56] 🐋 YES $4,200.50 | KXNHLGAME-26APR07CBJDET-CBJ
[22:02] Whales: 6028 | Vol: $27,570,592
[22:03:57] 🐋 YES $2,081.50 | KXATPCHALLENGERMATCH-26APR07RIBDIA-DIA
[22:04:27] 🐋 YES $9,475.70 | KXNBAGAME-26APR07CHABOS-BOS
[22:07] Whales: 6030 | Vol: $27,582,149
[22:07:59] 🐋 YES $2,528.64 | KXMLBGAME-26APR071940BALCWS-BAL
[22:08:44] 🐋 YES $2,991.36 | KXMLBGAME-26APR071940BALCWS-BAL
[22:12] Whales: 6032 | Vol: $27,587,669
[22:12:31] 🐋 YES $2,419.55 | KXATPCHALLENGERMATCH-26APR07RIBDIA-DIA
[22:15:02] 🐋 YES $2,582.45 | KXNBAGAME-26APR07CHABOS-BOS
[22:16:18] 🐋 NO $2,210.40 | KXNBATOTAL-26APR07CHIWAS-248
[22:17] Whales: 6035 | Vol: $27,594,881
[22:18:49] 🐋 YES $2,018.94 | KXATPCHALLENGERMATCH-26APR07RIBDIA-RIB
[22:20:20] 🐋 YES $4,129.23 | KXMVECROSSCATEGORY-S20262980395FAFB-09CDAF54A29
[22:20:35] 🐋 NO $5,753.22 | KXPGATOP20-MAST26-JAB
[22:22] Whales: 6038 | Vol: $27,606,783
[22:25:37] 🐋 YES $20,333.13 | KXMLBGAME-26APR071940DETMIN-DET
[22:25:37] 🐋 YES $6,100.00 | KXMLBGAME-26APR071940DETMIN-DET
[22:25:37] 🐋 YES $46,317.91 | KXMLBGAME-26APR071940DETMIN-DET
[22:25:37] 🐋 YES $3,498.96 | KXMLBGAME-26APR071940DETMIN-DET
[22:25:52] 🐋 YES $2,122.68 | KXMLBGAME-26APR071910AZNYM-AZ
[22:27] Whales: 6043 | Vol: $27,685,155
[22:27:38] 🐋 YES $3,041.45 | KXMLBGAME-26APR071907LADTOR-LAD
[22:27:38] 🐋 YES $4,210.83 | KXMLBGAME-26APR071907LADTOR-LAD
[22:27:53] 🐋 YES $4,437.87 | KXNBAGAME-26APR07MININD-MIN
[22:27:53] 🐋 YES $5,336.58 | KXNBAGAME-26APR07MININD-MIN
[22:28:08] 🐋 NO $2,923.83 | KXMLBRFI-26APR071840SDPIT
[22:28:38] 🐋 YES $4,592.50 | KXMLBGAME-26APR072138ATLLAA-ATL
[22:28:53] 🐋 NO $2,504.96 | KXPGATOP20-MAST26-SAS
[22:29:39] 🐋 YES $6,986.33 | KXMLBGAME-26APR081507LADTOR-LAD
[22:29:54] 🐋 YES $8,547.00 | KXMLBGAME-26APR071840CHCTB-CHC
[22:29:54] 🐋 YES $2,649.00 | KXMLBGAME-26APR071840CHCTB-CHC
[22:29:54] 🐋 YES $3,399.96 | KXMLBGAME-26APR071840CINMIA-MIA
[22:30:54] 🐋 YES $3,120.00 | KXMLBGAME-26APR071910AZNYM-AZ
[22:32:25] 🐋 YES $4,958.74 | KXMLBGAME-26APR071910AZNYM-AZ
[22:32] Whales: 6056 | Vol: $27,741,865
[22:32:40] 🎯 YES $3,535.65 | KXBTC15M-26APR071845-45
[22:33:56] 🐋 NO $2,562.75 | KXECONSTATCPIYOY-26MAR-T3.4
[22:34:11] 🐋 YES $7,781.64 | KXMLBGAME-26APR071840SDPIT-PIT
[22:35:11] 🐋 YES $4,405.05 | KXNBATOTAL-26APR07CHABOS-223
[22:35:26] 🐋 NO $2,802.24 | KXMLBGAME-26APR071910AZNYM-NYM
[22:35:42] 🐋 NO $2,649.22 | KXMVECROSSCATEGORY-S202669833164DB9-EA77DEAC792
[22:35:42] 🐋 YES $3,888.56 | KXNBASPREAD-26APR07UTANOP-NOP9
[22:36:12] 🐋 YES $11,400.00 | KXMLBGAME-26APR071840SDPIT-PIT
[22:36:12] 🐋 YES $12,885.42 | KXMLBGAME-26APR071840SDPIT-PIT
[22:36:12] 🐋 YES $16,089.96 | KXMLBGAME-26APR071840SDPIT-PIT
[22:37:12] 🐋 YES $4,886.79 | KXNBAGAME-26APR07MININD-MIN
[22:37] Whales: 6067 | Vol: $27,814,752
[22:37:42] 🎯 YES $2,796.28 | KXBTC15M-26APR071845-45
[22:37:58] 🐋 YES $4,457.88 | KXNBAGAME-26APR07UTANOP-UTA
[22:38:13] 🐋 NO $24,975.00 | KXPRESNOMD-28-HBID
[22:38:28] 🐋 YES $2,200.00 | KXMLBGAME-26APR071910AZNYM-AZ
[22:38:58] 🐋 YES $10,130.40 | KXMLBGAME-26APR071905ATHNYY-NYY
[22:39:58] 🐋 NO $2,904.40 | KXMLBRFI-26APR071840CHCTB
[22:41:29] 🐋 YES $2,069.10 | KXMLBGAME-26APR071840CINMIA-MIA
[22:42:15] 🐋 YES $2,854.50 | KXMVESPORTSMULTIGAMEEXTENDED-S2026EC2F04CD2FB-900E95DC15B
[22:42] Whales: 6075 | Vol: $27,867,139
[22:42:45] 🐋 YES $3,401.94 | KXMLBGAME-26APR071907LADTOR-LAD
[22:44:00] 🐋 YES $4,166.40 | KXMLBGAME-26APR071845MILBOS-MIL
[22:44:46] 🐋 NO $3,671.20 | KXNBASPREAD-26APR07UTANOP-NOP9
[22:47] Whales: 6078 | Vol: $27,878,379
[22:48:48] 🐋 YES $2,080.00 | KXMLBGAME-26APR071910AZNYM-NYM
[22:50:03] 🐋 YES $2,385.00 | KXMLBGAME-26APR072005SEATEX-SEA
[22:50:33] 🐋 YES $2,884.14 | KXMVESPORTSMULTIGAMEEXTENDED-S2026BF287323A6A-CEA217D2D1A
[22:50:49] 🐋 YES $2,250.57 | KXNBATOTAL-26APR07MININD-234
[22:52:19] 🐋 YES $2,907.85 | KXMLBGAME-26APR072138ATLLAA-ATL
[22:52] Whales: 6083 | Vol: $27,890,886
[22:53:35] 🐋 NO $2,862.58 | KXATPCHALLENGERMATCH-26APR07YIBBEN-BEN
[22:55:36] 🐋 YES $4,089.60 | KXMLBGAME-26APR071910AZNYM-NYM
[22:55:51] 🐋 NO $2,177.50 | KXMLBGAME-26APR071910AZNYM-AZ
[22:55:51] 🐋 NO $5,200.00 | KXMLBGAME-26APR071910AZNYM-AZ
[22:56:21] 🐋 YES $7,391.52 | KXMLBGAME-26APR071910AZNYM-NYM
[22:57] Whales: 6088 | Vol: $27,912,608
[22:57:52] 🐋 YES $2,564.76 | KXMLBGAME-26APR071910AZNYM-NYM
[22:59:38] 🐋 YES $4,138.31 | KXLAYOFFSYINFO-26-494000
[23:00:23] 🐋 YES $8,778.64 | KXNBATOTAL-26APR07CHABOS-220
[23:00:23] 🐋 YES $2,830.88 | KXNBATOTAL-26APR07CHABOS-220
[23:01:09] 🐋 YES $2,580.60 | KXMLBGAME-26APR071840SDPIT-PIT
[23:02] Whales: 6093 | Vol: $27,933,501
[23:03:10] 🐋 NO $2,322.24 | KXMLBGAME-26APR071910AZNYM-NYM
[23:03:10] 🐋 YES $2,483.04 | KXUCLGAME-26APR08PSGLFC-PSG
[23:03:25] 🐋 YES $2,417.82 | KXNBATOTAL-26APR07MIATOR-238
[23:03:55] 🐋 NO $19,980.00 | KXPRESNOMD-28-LJAM
[23:04:40] 🐋 NO $9,990.00 | KXPRESNOMD-28-PHI
[23:06:26] 🐋 NO $2,183.07 | KXMLBTOTAL-26APR071610AZNYM-8
[23:06:56] 🐋 YES $2,656.80 | KXNBAGAME-26APR07MIATOR-MIA
[23:07:42] 🐋 YES $12,370.41 | KXMVECROSSCATEGORY-S2026E107F3A5233-606B00690D7
[23:07] Whales: 6101 | Vol: $27,987,904
[23:07:57] 🐋 YES $2,003.95 | KXNBAGAME-26APR07CHABOS-BOS
[23:08:12] 🐋 YES $4,835.64 | KXMLBGAME-26APR071907LADTOR-LAD
[23:08:27] 🐋 NO $4,995.00 | KXPRESPERSON-28-TWAL
[23:08:27] 🐋 NO $9,990.00 | KXPRESPERSON-28-TWAL
[23:09:58] 🐋 YES $7,791.75 | KXNBAGAME-26APR07MILBKN-BKN
[23:09:58] 🐋 YES $9,000.00 | KXNBAGAME-26APR07MILBKN-BKN
[23:10:13] 🐋 NO $3,167.00 | KXMLBTOTAL-26APR071907LADTOR-8
[23:10:13] 🐋 YES $2,428.16 | KXNBAGAME-26APR07MIATOR-TOR
[23:12] Whales: 6109 | Vol: $28,032,116
[23:12:59] 🐋 YES $14,641.25 | KXNBAGAME-26APR07CHABOS-BOS
[23:14:45] 🐋 YES $3,902.92 | KXMLBGAME-26APR072005SEATEX-SEA
[23:14:45] 🐋 YES $4,040.72 | KXMLBGAME-26APR072005SEATEX-SEA
[23:14:45] 🐋 YES $4,240.00 | KXMLBGAME-26APR072005SEATEX-SEA
[23:17:01] 🐋 YES $3,798.00 | KXNBAGAME-26APR07MININD-MIN
[23:17] Whales: 6114 | Vol: $28,062,739
[23:19:17] 🐋 NO $2,970.00 | KXMLBGAME-26APR071910AZNYM-AZ
[23:19:17] 🐋 NO $2,970.00 | KXMLBGAME-26APR071910AZNYM-AZ
[23:19:48] 🐋 YES $2,884.50 | KXNBASPREAD-26APR07CHABOS-BOS4
[23:20:03] 🐋 YES $3,685.00 | KXBTCD-26APR1017-T70999.99
[23:22] Whales: 6118 | Vol: $28,075,248
[23:23:49] 🐋 YES $7,178.40 | KXNBAGAME-26APR07CHABOS-CHA
[23:25:20] 🐋 YES $2,741.70 | KXATPCHALLENGERMATCH-26APR07RIBDIA-DIA
[23:25:20] 🐋 YES $3,672.00 | KXATPCHALLENGERMATCH-26APR07RIBDIA-DIA
[23:25:35] 🐋 YES $5,537.60 | KXNBAGAME-26APR07CHIWAS-CHI
[23:25:35] 🐋 YES $3,123.64 | KXMVESPORTSMULTIGAMEEXTENDED-S202669628096658-B890783ED66
[23:26:05] 🐋 YES $7,125.00 | KXNBAGAME-26APR07MININD-MIN
[23:27] Whales: 6124 | Vol: $28,104,626
[23:30:07] 🐋 YES $2,894.65 | KXMLBGAME-26APR072138ATLLAA-ATL
[23:30:52] 🐋 NO $2,386.02 | KXNBATOTAL-26APR07CHIWAS-248
[23:31:08] 🐋 NO $4,655.03 | KXATPCHALLENGERMATCH-26APR07RIBDIA-RIB
[23:31:08] 🐋 NO $2,619.97 | KXATPCHALLENGERMATCH-26APR07RIBDIA-RIB
[23:31:23] 🐋 YES $2,320.00 | KXMLBGAME-26APR071840SDPIT-PIT
[23:31:23] 🐋 YES $2,320.00 | KXMLBGAME-26APR071840SDPIT-PIT
[23:32] Whales: 6130 | Vol: $28,121,822
[23:33:08] 🐋 YES $4,240.00 | KXMLBGAME-26APR071907LADTOR-LAD
[23:33:08] 🐋 YES $6,048.89 | KXMLBGAME-26APR071907LADTOR-LAD
[23:33:23] 🐋 YES $47,000.00 | KXNBAGAME-26APR07OKCLAL-OKC
[23:33:23] 🐋 NO $3,039.02 | KXNBAGAME-26APR07OKCLAL-LAL
[23:33:23] 🐋 YES $4,782.36 | KXNBAGAME-26APR07MIATOR-MIA
[23:33:39] 🐋 NO $7,905.66 | KXCPI-26MAR-T1.1
[23:33:39] 🐋 NO $3,395.00 | KXCPI-26MAR-T1.1
[23:33:54] 🐋 YES $2,297.98 | KXNBAGAME-26APR07CHIWAS-CHI
[23:34:09] 🐋 YES $2,615.62 | KXLAYOFFSYINFO-26-494000
[23:34:09] 🐋 YES $2,842.20 | KXLAYOFFSYINFO-26-494000
[23:34:54] 🐋 NO $2,744.00 | KXATPCHALLENGERMATCH-26APR07RIBDIA-RIB
[23:35:09] 🐋 YES $2,700.28 | KXMLBGAME-26APR071840CINMIA-MIA
[23:35:39] 🐋 NO $8,536.50 | KXMLBGAME-26APR071840CINMIA-CIN
[23:35:39] 🐋 NO $3,000.00 | KXMLBGAME-26APR071840CINMIA-CIN
[23:37] Whales: 6144 | Vol: $28,222,970
[23:40:12] 🐋 YES $7,775.04 | KXNBAGAME-26APR07CHIWAS-CHI
[23:41:42] 🐋 NO $2,014.12 | KXGA14SMOV-26APR07-CFUL-P7
[23:42:28] 🐋 YES $2,934.75 | KXNBAGAME-26APR07MININD-MIN
[23:42:58] 🐋 YES $3,200.00 | KXMLBGAME-26APR081905ATHNYY-NYY
[23:42] Whales: 6148 | Vol: $28,238,894
[23:43:28] 🐋 YES $3,788.40 | KXMLBGAME-26APR071907LADTOR-LAD
[23:43:28] 🐋 YES $3,094.68 | KXMLBGAME-26APR071907LADTOR-LAD
[23:43:28] 🐋 YES $3,280.00 | KXMLBGAME-26APR071907LADTOR-LAD
[23:43:28] 🐋 YES $3,280.00 | KXMLBGAME-26APR071907LADTOR-LAD
[23:43:28] 🐋 YES $3,280.00 | KXMLBGAME-26APR071907LADTOR-LAD
[23:44:14] 🐋 YES $6,173.44 | KXNBAGAME-26APR07MININD-MIN
[23:45:44] 🐋 YES $2,850.11 | KXMVECROSSCATEGORY-S20266C71F6D08EF-EA6D78F6C5A
[23:45:44] 🐋 YES $3,882.84 | KXMLBGAME-26APR071907LADTOR-LAD
[23:46:30] 🐋 YES $2,035.24 | KXATPCHALLENGERMATCH-26APR07RIBDIA-DIA
[23:46:45] 🐋 YES $7,700.48 | KXNBAGAME-26APR07CHABOS-BOS
[23:47:15] 🐋 YES $2,866.50 | KXATPCHALLENGERMATCH-26APR07RIBDIA-DIA
[23:48] Whales: 6159 | Vol: $28,281,125
[23:51:17] 🐋 YES $3,840.00 | KXNBASPREAD-26APR07OKCLAL-OKC14
[23:51:17] 🐋 YES $3,200.00 | KXNBASPREAD-26APR07OKCLAL-OKC14
[23:51:47] 🐋 YES $16,826.70 | KXNBAGAME-26APR07MILBKN-MIL
[23:52:17] 🐋 YES $4,650.00 | KXNBAGAME-26APR07MILBKN-MIL
[23:52:17] 🐋 YES $3,021.26 | KXNBAGAME-26APR07MILBKN-MIL
[23:53] Whales: 6164 | Vol: $28,312,663
[23:54:48] 🐋 YES $3,150.00 | KXNBAGAME-26APR07MILBKN-MIL
[23:55:04] 🐋 YES $7,517.50 | KXNBAGAME-26APR07MIATOR-TOR
[23:55:04] 🐋 YES $4,650.00 | KXNBAGAME-26APR07MIATOR-TOR
[23:55:49] 🐋 NO $2,491.20 | KXWTIMAX-26DEC31-T150
[23:56:49] 🐋 YES $3,088.26 | KXNBAGAME-26APR07MIATOR-TOR
[23:57:35] 🐋 NO $3,538.92 | KXNBAGAME-26APR07MIATOR-TOR
[23:58] Whales: 6170 | Vol: $28,337,099
[23:58:20] 🐋 YES $2,243.88 | KXNBAGAME-26APR07MININD-MIN
[23:59:06] 🐋 YES $4,950.00 | KXNBAGAME-26APR07MILBKN-MIL
[23:59:36] 🎯 NO $2,799.39 | KXBTC15M-26APR072000-00
[23:59:36] 🐋 YES $5,156.85 | KXNBAGAME-26APR07MININD-MIN
[00:02:07] 🐋 NO $5,213.75 | KXNBAGAME-26APR07MIATOR-TOR
[00:02:07] 🐋 YES $3,225.00 | KXNBAGAME-26APR07MIATOR-MIA
[00:02:07] 🐋 YES $5,213.75 | KXNBAGAME-26APR07MIATOR-MIA
[00:03] Whales: 6177 | Vol: $28,365,902
[00:03:38] 🐋 NO $2,165.90 | KXMLBGAME-26APR071845MILBOS-MIL
[00:04:23] 🐋 YES $2,585.59 | KXNHLGAME-26APR07TBOTT-TB
[00:05:08] 🐋 NO $2,361.28 | KXCS2MAP-26APR072030TAIP-2-IP
[00:05:38] 🐋 YES $7,346.50 | KXNHLGAME-26APR07CGYDAL-DAL
[00:06:09] 🐋 YES $2,200.00 | KXMLBGAME-26APR071940DETMIN-DET
[00:06:09] 🐋 YES $2,200.00 | KXMLBGAME-26APR071940DETMIN-DET
[00:06:09] 🐋 YES $3,479.30 | KXMLBGAME-26APR071940DETMIN-DET
[00:08:10] 🐋 YES $2,012.00 | KXNHLSPREAD-26APR07SEAMIN-MIN1
[00:08] Whales: 6185 | Vol: $28,390,252
[00:08:40] 🐋 NO $5,208.12 | KXNBAGAME-26APR07MILBKN-MIL
[00:09:55] 🐋 YES $2,475.00 | KXNBAGAME-26APR07CHIWAS-CHI
[00:10:26] 🐋 NO $3,688.72 | KXMVESPORTSMULTIGAMEEXTENDED-S2026F3DCDFE235A-7D2AFD03650
[00:11:26] 🐋 NO $2,369.64 | KXNBATOTAL-26APR07CHIWAS-233
[00:11:26] 🐋 YES $2,056.32 | KXMLBGAME-26APR071840CHCTB-CHC
[00:12:27] 🐋 YES $7,638.75 | KXNBAGAME-26APR07MIATOR-TOR
[00:12:57] 🐋 NO $7,261.45 | KXGA14S-26-SHAR
[00:13:12] 🐋 NO $55,891.05 | KXGA14S-26-SHAR
[00:13:12] 🐋 NO $13,422.56 | KXGA14S-26-SHAR
[00:13] Whales: 6194 | Vol: $28,490,264
[00:15:13] 🐋 YES $2,585.94 | KXNBAGAME-26APR07MININD-MIN
[00:15:13] 🐋 YES $2,020.06 | KXNBAGAME-26APR07MININD-MIN
[00:16:29] 🐋 YES $4,884.10 | KXMVECROSSCATEGORY-S20266615DB4CDF9-10F8C1ECD8C
[00:16:29] 🐋 YES $2,278.00 | KXNBAGAME-26APR07CHABOS-BOS
[00:17:59] 🐋 YES $4,349.48 | KXNBAGAME-26APR07CHABOS-BOS
[00:18] Whales: 6199 | Vol: $28,506,381
[00:18:45] 🐋 YES $4,835.64 | KXNBAGAME-26APR07CHABOS-BOS
[00:19:30] 🐋 NO $4,900.00 | KXMLBGAME-26APR071840CHCTB-TB
[00:19:30] 🐋 NO $2,450.00 | KXMLBGAME-26APR071840CHCTB-TB
[00:19:30] 🐋 NO $7,840.00 | KXMLBGAME-26APR071840CHCTB-TB
[00:20:00] 🐋 YES $3,779.64 | KXNBAGAME-26APR07MIATOR-MIA
[00:20:00] 🐋 NO $4,600.00 | KXMLBGAME-26APR071840SDPIT-SD
[00:22:01] 🐋 NO $2,286.90 | KXATPCHALLENGERMATCH-26APR07PACMCD-MCD
[00:23] Whales: 6206 | Vol: $28,537,074
[00:26:48] 🐋 NO $3,328.29 | KXNBAGAME-26APR07MIATOR-MIA
[00:27:19] 🐋 YES $2,419.62 | KXNBAGAME-26APR07MININD-MIN
[00:27:19] 🐋 YES $4,933.71 | KXNBAGAME-26APR07MIATOR-TOR
[00:27:49] 🐋 NO $8,657.37 | KXMLBGAME-26APR071845MILBOS-MIL
[00:27:49] 🐋 NO $2,996.46 | KXMLBGAME-26APR071845MILBOS-MIL
[00:28] Whales: 6211 | Vol: $28,559,409
[00:29:04] 🐋 NO $4,250.00 | KXNBATOTAL-26APR07CHIWAS-242
[00:29:35] 🐋 NO $2,676.96 | KXMLBGAME-26APR071840CHCTB-TB
[00:31:20] 🐋 YES $2,402.40 | KXMLBGAME-26APR071905ATHNYY-ATH
[00:31:20] 🐋 NO $6,177.92 | KXNBAGAME-26APR07MININD-IND
[00:31:20] 🐋 YES $2,941.68 | KXNBASPREAD-26APR07CHABOS-BOS1
[00:31:51] 🐋 YES $3,327.75 | KXNBAGAME-26APR07DALLAC-LAC
[00:32:36] 🐋 YES $4,898.50 | KXMLBGAME-26APR071840CINMIA-MIA
[00:32:36] 🐋 YES $2,041.53 | KXNBAGAME-26APR07CHABOS-BOS
[00:33] Whales: 6219 | Vol: $28,588,126
[00:35:22] 🐋 NO $2,160.00 | KXMLBTOTAL-26APR071840CINMIA-3
[00:36:23] 🐋 YES $2,877.68 | KXNBASPREAD-26APR07CHABOS-CHA5
[00:36:23] 🐋 YES $2,215.20 | KXNBASPREAD-26APR07CHABOS-CHA5
[00:37:53] 🐋 NO $5,114.11 | KXMLBGAME-26APR071845STLWSH-STL
[00:37:53] 🐋 YES $5,356.65 | KXMLBGAME-26APR071845STLWSH-WSH
[00:38:23] 🐋 YES $2,911.75 | KXATPCHALLENGERMATCH-26APR07NISKIC-NIS
[00:38] Whales: 6225 | Vol: $28,608,761
[00:39:39] 🐋 YES $2,684.64 | KXNBAGAME-26APR07UTANOP-UTA
[00:40:09] 🐋 YES $5,415.84 | KXNBASPREAD-26APR07CHIWAS-CHI20
[00:42:55] 🐋 NO $7,120.00 | KXMLBGAME-26APR071840SDPIT-SD
[00:42:55] 🐋 NO $3,560.00 | KXMLBGAME-26APR071840SDPIT-SD
[00:42:55] 🐋 NO $2,670.00 | KXMLBGAME-26APR071840SDPIT-SD
[00:43:11] 🐋 YES $2,894.65 | KXMLBGAME-26APR072138ATLLAA-ATL
[00:43] Whales: 6231 | Vol: $28,633,106
[00:44:11] 🐋 NO $2,450.00 | KXNBAGAME-26APR07UTANOP-NOP
[00:44:26] 🐋 YES $3,944.16 | KXNBAGAME-26APR07MININD-MIN
[00:44:56] 🐋 YES $2,792.16 | KXMLBGAME-26APR072040HOUCOL-COL
[00:45:57] 🐋 YES $2,286.90 | KXNBAGAME-26APR07UTANOP-NOP
[00:47:13] 🐋 NO $4,985.00 | KXPGATOUR-MAST26-MHOM
[00:47:13] 🐋 YES $3,463.27 | KXMVESPORTSMULTIGAMEEXTENDED-S20267E389CEBCC2-D829366810A
[00:48:28] 🐋 NO $2,097.16 | KXMLBGAME-26APR071845MILBOS-MIL
[00:48] Whales: 6238 | Vol: $28,655,125
[00:48:43] 🐋 YES $5,499.45 | KXNBAGAME-26APR07MININD-MIN
[00:48:58] 🐋 YES $4,992.12 | KXMLBGAME-26APR071840CINMIA-MIA
[00:51:30] 🐋 YES $2,506.68 | KXNBAGAME-26APR07CHABOS-BOS
[00:52:00] 🐋 YES $5,833.55 | KXNBAGAME-26APR07MIATOR-TOR
[00:52:15] 🐋 NO $2,535.61 | KXNBATOTAL-26APR07MININD-246
[00:52:30] 🐋 YES $3,225.00 | KXNBAGAME-26APR07UTANOP-UTA
[00:53:15] 🐋 YES $5,640.00 | KXNBAGAME-26APR07CHABOS-BOS
[00:53:30] 🐋 NO $4,095.90 | KXNHLGAME-26APR07BOSCAR-BOS
[00:53:30] 🐋 NO $3,075.00 | KXNHLGAME-26APR07BOSCAR-BOS
[00:53] Whales: 6247 | Vol: $28,692,528
[00:55:01] 🐋 YES $7,327.00 | KXNBAGAME-26APR07DALLAC-LAC
[00:55:16] 🐋 NO $2,885.99 | KXMVESPORTSMULTIGAMEEXTENDED-S202688E946A5F70-548AC6C75BD
[00:56:17] 🐋 YES $2,852.48 | KXNBAGAME-26APR07MILBKN-BKN
[00:56:47] 🐋 NO $2,341.92 | KXNBAGAME-26APR07UTANOP-NOP
[00:56:47] 🐋 YES $2,341.92 | KXNBAGAME-26APR07UTANOP-UTA
[00:57:02] 🐋 YES $6,365.67 | KXNBAGAME-26APR07MILBKN-BKN
[00:57:17] 🐋 YES $11,456.72 | KXNBAGAME-26APR07OKCLAL-OKC
[00:57:47] 🐋 NO $2,760.00 | KXMLBGAME-26APR071907LADTOR-TOR
[00:57:47] 🐋 NO $4,600.00 | KXMLBGAME-26APR071907LADTOR-TOR
[00:57:47] 🐋 NO $2,341.74 | KXMLBGAME-26APR071907LADTOR-TOR
[00:58:03] 🐋 NO $2,449.33 | KXMLBGAME-26APR071845MILBOS-MIL
[00:58] Whales: 6258 | Vol: $28,740,251
[00:59:03] 🐋 NO $3,639.52 | KXMLBGAME-26APR071845STLWSH-STL
[00:59:03] 🐋 NO $2,760.00 | KXMLBGAME-26APR071845STLWSH-STL
[00:59:48] 🐋 YES $2,449.34 | KXNBASPREAD-26APR07MININD-MIN24
[01:00:04] 🐋 NO $2,036.72 | KXNHLTOTAL-26APR07FLAMTL-5
[01:02:05] 🐋 YES $8,798.40 | KXNHLTOTAL-26APR07CGYDAL-3
[01:02:50] 🐋 YES $7,821.02 | KXNBAGAME-26APR07CHABOS-CHA
[01:03:05] 🐋 NO $2,280.08 | KXNBAGAME-26APR07MILBKN-MIL
[01:03] Whales: 6265 | Vol: $28,770,036
[01:05:06] 🐋 YES $2,307.00 | KXMLBGAME-26APR071905ATHNYY-NYY
[01:05:06] 🐋 YES $2,643.66 | KXMLBGAME-26APR071840CINMIA-CIN
[01:06:21] 🐋 YES $5,730.56 | KXNBAGAME-26APR07MILBKN-BKN
[01:07:37] 🐋 YES $2,963.70 | KXNBASPREAD-26APR07MININD-MIN18
[01:07:37] 🐋 YES $4,307.52 | KXMLBGAME-26APR071840CINMIA-CIN
[01:08:22] 🐋 NO $4,950.00 | KXATPCHALLENGERMATCH-26APR07MILFIC-MIL
[01:08:38] 🐋 NO $2,173.38 | KXNBATOTAL-26APR07MININD-237
[01:08] Whales: 6272 | Vol: $28,795,112
[01:09:23] 🐋 YES $3,080.00 | KXMLBGAME-26APR071905ATHNYY-ATH
[01:11:39] 🐋 YES $2,612.26 | KXNBAGAME-26APR07MIATOR-TOR
[01:13:10] 🐋 NO $2,325.00 | KXNBAGAME-26APR07MIATOR-MIA
[01:13:40] 🐋 NO $3,196.41 | KXNBAGAME-26APR07MIATOR-MIA
[01:13:40] 🐋 NO $2,208.75 | KXNBAGAME-26APR07MIATOR-MIA
[01:13:40] 🐋 NO $11,276.25 | KXNBAGAME-26APR07MIATOR-MIA
[01:13] Whales: 6278 | Vol: $28,819,811
[01:15:11] 🐋 YES $2,920.00 | KXMLBGAME-26APR071840CINMIA-MIA
[01:15:11] 🐋 YES $2,920.00 | KXMLBGAME-26APR071840CINMIA-MIA
[01:15:11] 🐋 YES $2,190.00 | KXMLBGAME-26APR071840CINMIA-MIA
[01:15:41] 🐋 NO $8,868.77 | KXMLBGAME-26APR071905ATHNYY-NYY
[01:15:41] 🐋 NO $2,874.01 | KXMLBGAME-26APR071905ATHNYY-NYY
[01:15:41] 🐋 NO $2,419.22 | KXMLBGAME-26APR071905ATHNYY-NYY
[01:16:11] 🐋 NO $2,061.99 | KXNBATOTAL-26APR07MININD-234
[01:16:41] 🐋 YES $2,880.00 | KXMLBGAME-26APR071907LADTOR-LAD
[01:16:41] 🐋 YES $2,920.00 | KXMLBGAME-26APR071907LADTOR-LAD
[01:18:27] 🐋 YES $2,290.86 | KXNBAGAME-26APR07MILBKN-BKN
[01:18:42] 🐋 NO $52,554.42 | KXNBAGAME-26APR07CHABOS-BOS
[01:18] Whales: 6289 | Vol: $28,904,710
[01:18:57] 🐋 NO $2,839.06 | KXNBATOTAL-26APR07MININD-237
[01:19:58] 🐋 YES $4,948.53 | KXNBAGAME-26APR07MIATOR-TOR
[01:19:58] 🐋 YES $3,820.44 | KXNBAGAME-26APR07MIATOR-TOR
[01:21:14] 🐋 NO $4,750.00 | KXNBAGAME-26APR07MILBKN-MIL
[01:21:14] 🐋 NO $3,604.80 | KXNBAGAME-26APR07MILBKN-MIL
[01:21:14] 🐋 NO $4,650.00 | KXNBAGAME-26APR07MILBKN-MIL
[01:22:14] 🐋 YES $2,909.03 | KXNBAGAME-26APR07MIATOR-TOR
[01:22:29] 🐋 NO $2,640.00 | KXMLBGAME-26APR071840CINMIA-MIA
[01:23:30] 🐋 NO $27,703.50 | KXNBAGAME-26APR07CHABOS-CHA
[01:23:30] 🐋 YES $2,283.40 | KXNBAGAME-26APR07MIATOR-TOR
[01:23:30] 🐋 YES $2,376.50 | KXNBAGAME-26APR07MIATOR-TOR
[01:23] Whales: 6300 | Vol: $28,967,235
[01:24:15] 🐋 YES $2,640.00 | KXNBAGAME-26APR07MILBKN-BKN
[01:24:30] 🐋 YES $2,193.66 | KXLAYOFFSYINFO-26-494000
[01:25:15] 🐋 NO $4,150.00 | KXNBAGAME-26APR07UTANOP-UTA
[01:25:46] 🐋 NO $2,375.00 | KXNBAGAME-26APR07MILBKN-MIL
[01:26:01] 🐋 NO $2,375.00 | KXNBAGAME-26APR07MILBKN-MIL
[01:26:16] 🐋 YES $3,344.00 | KXLAYOFFSYINFO-26-494000
[01:26:16] 🐋 YES $2,383.92 | KXNBAGAME-26APR07MIATOR-TOR
[01:26:16] 🐋 YES $2,613.60 | KXNBAGAME-26APR07MIATOR-TOR
[01:26:31] 🐋 NO $4,365.20 | KXMLBSPREAD-26APR072145PHISF-PHI2
[01:26:31] 🐋 YES $4,352.09 | KXMVECROSSCATEGORY-S2026EA7939C5512-59FBB727D54
[01:26:46] 🐋 NO $4,016.37 | KXMLBGAME-26APR071905ATHNYY-NYY
[01:26:46] 🐋 YES $5,266.59 | KXNBAGAME-26APR07MILBKN-BKN
[01:27:16] 🐋 YES $3,066.36 | KXNBAGAME-26APR07CHABOS-BOS
[01:27:16] 🐋 YES $2,068.11 | KXNBAGAME-26APR07MIATOR-TOR
[01:28:17] 🐋 YES $3,287.15 | KXLAYOFFSYINFO-26-494000
[01:28:47] 🐋 YES $5,885.70 | KXNBAGAME-26APR07CHABOS-BOS
[01:28] Whales: 6316 | Vol: $29,021,618
[01:29:48] 🐋 NO $5,636.16 | KXNBAGAME-26APR07MILBKN-BKN
[01:29:48] 🐋 YES $3,904.11 | KXNBAGAME-26APR07MILBKN-MIL
[01:30:03] 🐋 YES $3,151.49 | KXNBAGAME-26APR07MILBKN-BKN
[01:30:03] 🐋 YES $2,244.66 | KXLAYOFFSYINFO-26-494000
[01:30:48] 🐋 YES $2,820.33 | KXPGATOP5-MAST26-CHG
[01:30:48] 🐋 YES $2,072.00 | KXNBAGAME-26APR07MILBKN-BKN
[01:32:04] 🐋 YES $2,103.68 | KXNBAGAME-26APR07MILBKN-BKN
[01:32:04] 🐋 YES $4,560.00 | KXNBAGAME-26APR07MILBKN-BKN
[01:32:19] 🐋 YES $2,730.97 | KXMVESPORTSMULTIGAMEEXTENDED-S20266659961214D-DC7CAA78015
[01:32:34] 🐋 YES $3,344.00 | KXLAYOFFSYINFO-26-494000
[01:33:04] 🐋 NO $14,545.08 | KXPGATOUR-MAST26-PCAN
[01:33:04] 🐋 NO $19,800.00 | KXPGATOUR-MAST26-PCAN
[01:33:04] 🐋 NO $9,900.00 | KXPGATOUR-MAST26-PCAN
[01:33:04] 🐋 NO $9,900.00 | KXPGATOUR-MAST26-PCAN
[01:33:04] 🐋 NO $9,900.00 | KXPGATOUR-MAST26-PCAN
[01:33:04] 🐋 NO $9,900.00 | KXPGATOUR-MAST26-PCAN
[01:33:04] 🐋 NO $11,414.70 | KXPGATOUR-MAST26-PCAN
[01:33:04] 🐋 NO $13,640.22 | KXPGATOUR-MAST26-PCAN
[01:33:05] 🐋 NO $6,132.06 | KXPGATOUR-MAST26-PCAN
[01:33:05] 🐋 NO $16,032.06 | KXPGATOUR-MAST26-PCAN
[01:33:05] 🐋 NO $3,767.94 | KXPGATOUR-MAST26-PCAN
[01:33:05] 🐋 NO $9,900.00 | KXPGATOUR-MAST26-PCAN
[01:33:05] 🐋 NO $6,132.06 | KXPGATOUR-MAST26-PCAN
[01:33:05] 🐋 NO $3,767.94 | KXPGATOUR-MAST26-PCAN
[01:33:05] 🐋 NO $5,940.00 | KXPGATOUR-MAST26-PCAN
[01:33:05] 🐋 NO $13,667.94 | KXPGATOUR-MAST26-PCAN
[01:33:05] 🐋 YES $2,880.40 | KXNBAGAME-26APR07UTANOP-NOP
[01:33:50] 🐋 YES $5,596.90 | KXMLBGAME-26APR071840CINMIA-CIN
[01:33] Whales: 6344 | Vol: $29,227,003
[01:34:35] 🐋 YES $3,459.04 | KXNBAGAME-26APR07CHABOS-BOS
[01:38:37] 🐋 YES $3,344.00 | KXLAYOFFSYINFO-26-494000
[01:38] Whales: 6346 | Vol: $29,233,806
[01:39:38] 🐋 NO $49,850.00 | KXPGATOUR-MAST26-KBRA
[01:39:38] 🐋 NO $2,155.51 | KXPGATOUR-MAST26-KBRA
[01:40:08] 🐋 NO $3,840.00 | KXMLBGAME-26APR071907LADTOR-TOR
[01:40:38] 🐋 YES $3,240.90 | KXMVESPORTSMULTIGAMEEXTENDED-S2026B42B5943739-6161D3B4B47
[01:41:23] 🐋 NO $3,454.20 | KXNBAGAME-26APR07CHABOS-BOS
[01:41:54] 🐋 YES $2,041.66 | KXNBAGAME-26APR07CHABOS-BOS
[01:42:09] 🐋 NO $2,240.00 | KXMLBSPREAD-26APR072145PHISF-PHI2
[01:42:54] 🐋 YES $4,341.86 | KXNBAGAME-26APR07MILBKN-BKN
[01:42:54] 🐋 NO $2,459.55 | KXNBAGAME-26APR07MILBKN-MIL
[01:43:09] 🐋 YES $2,991.36 | KXMLBGAME-26APR071907LADTOR-LAD
[01:43:24] 🐋 YES $13,500.00 | KXNBASPREAD-26APR07SACGSW-GSW13
[01:43:39] 🐋 YES $3,964.59 | KXNBAGAME-26APR07MILBKN-BKN
[01:43] Whales: 6358 | Vol: $29,327,885
[01:44:10] 🐋 YES $4,248.80 | KXNBAGAME-26APR07MILBKN-BKN
[01:44:25] 🐋 YES $4,895.52 | KXNBAGAME-26APR07MILBKN-BKN
[01:44:25] 🐋 NO $41,502.31 | KXMLBGAME-26APR071905ATHNYY-NYY
[01:44:40] 🐋 NO $4,577.37 | KXATPCHALLENGERMATCH-26APR07COLTOB-COL
[01:44:40] 🐋 NO $5,051.65 | KXATPCHALLENGERMATCH-26APR07COLTOB-COL
[01:44:55] 🐋 NO $2,256.00 | KXNBAGAME-26APR07MILBKN-MIL
[01:44:55] 🐋 YES $5,164.36 | KXNBAGAME-26APR07MILBKN-BKN
[01:44:55] 🐋 NO $3,992.00 | KXPGATOUR-MAST26-RFOX
[01:44:55] 🐋 NO $4,990.00 | KXPGATOUR-MAST26-RFOX
[01:45:25] 🐋 YES $3,836.24 | KXMVESPORTSMULTIGAMEEXTENDED-S2026C1B33853882-2974E3B3C72
[01:46:26] 🐋 NO $9,115.20 | KXNBAGAME-26APR07UTANOP-UTA
[01:46:26] 🐋 NO $2,400.00 | KXNBAGAME-26APR07UTANOP-UTA
[01:47:11] 🐋 YES $5,785.60 | KXNBAGAME-26APR07CHABOS-BOS
[01:48:12] 🐋 NO $2,113.86 | KXNBAGAME-26APR07MILBKN-MIL
[01:48:57] 🐋 YES $6,596.52 | KXNBAGAME-26APR07CHABOS-BOS
[01:48] Whales: 6373 | Vol: $29,434,411
[01:49:12] 🐋 YES $4,128.45 | KXNBAGAME-26APR07DALLAC-LAC
[01:50:28] 🐋 NO $4,300.45 | KXNBAGAME-26APR07CHABOS-BOS
[01:50:58] 🐋 YES $2,397.94 | KXNBAGAME-26APR07CHABOS-BOS
[01:51:58] 🐋 YES $2,553.60 | KXNBAGAME-26APR07OKCLAL-OKC
[01:52:59] 🐋 YES $4,950.00 | KXMLBGAME-26APR071907LADTOR-LAD
[01:53:59] 🐋 YES $2,050.00 | KXNBAGAME-26APR07CHABOS-BOS
[01:53] Whales: 6379 | Vol: $29,454,791
[01:54:30] 🐋 YES $2,917.08 | KXMLBGAME-26APR072040HOUCOL-COL
[01:54:30] 🐋 YES $2,920.00 | KXMLBGAME-26APR072040HOUCOL-COL
[01:54:30] 🐋 YES $2,920.00 | KXMLBGAME-26APR072040HOUCOL-COL
[01:54:30] 🐋 YES $2,190.00 | KXMLBGAME-26APR072040HOUCOL-COL
[01:54:30] 🐋 YES $2,190.00 | KXMLBGAME-26APR072040HOUCOL-COL
[01:54:30] 🐋 YES $2,920.00 | KXMLBGAME-26APR072040HOUCOL-COL
[01:56:15] 🐋 NO $3,008.94 | KXMLBGAME-26APR071940DETMIN-DET
[01:56:46] 🐋 YES $2,482.73 | KXNBAGAME-26APR07CHABOS-BOS
[01:56:46] 🐋 YES $3,107.61 | KXNBAGAME-26APR07CHABOS-BOS
[01:59] Whales: 6388 | Vol: $29,479,448
[01:59:17] 🐋 YES $2,515.50 | KXMLBGAME-26APR071845STLWSH-STL
[01:59:17] 🐋 YES $3,400.00 | KXMLBGAME-26APR071845STLWSH-STL
[01:59:17] 🐋 YES $3,825.80 | KXNBASPREAD-26APR07SACGSW-GSW16
[02:00:18] 🐋 YES $2,357.86 | KXMVECROSSCATEGORY-S20260CF8BED54A9-7A3FA8953E3
[02:01:18] 🐋 NO $8,725.92 | KXNBASPREAD-26APR07OKCLAL-OKC17
[02:03:49] 🐋 YES $6,529.61 | KXMVESPORTSMULTIGAMEEXTENDED-S2026577460349BC-A574BCF9108
[02:04] Whales: 6394 | Vol: $29,506,802
[02:04:50] 🐋 NO $3,964.95 | KXINXY-26DEC31H1600-B4700
[02:05:05] 🐋 YES $2,415.16 | KXMVESPORTSMULTIGAMEEXTENDED-S202691A0B046ED4-6F30C7586B4
[02:05:05] 🐋 NO $2,160.00 | KXNBAGAME-26APR07CHABOS-CHA
[02:05:35] 🐋 YES $3,920.00 | KXMLBGAME-26APR071905ATHNYY-NYY
[02:05:35] 🐋 YES $2,940.00 | KXMLBGAME-26APR071905ATHNYY-NYY
[02:05:50] 🐋 YES $10,201.52 | KXNBASPREAD-26APR07SACGSW-GSW13
[02:06:20] 🐋 YES $3,550.00 | KXNBAROY-26-CFLA
[02:06:51] 🐋 YES $2,445.30 | KXNBAGAME-26APR07SACGSW-GSW
[02:07:36] 🐋 NO $2,455.30 | KXNBAGAME-26APR07CHABOS-CHA
[02:08:21] 🐋 YES $3,204.36 | KXNBAGAME-26APR07CHABOS-BOS
[02:08:21] 🐋 YES $2,296.98 | KXNBASPREAD-26APR07OKCLAL-OKC20
[02:09] Whales: 6405 | Vol: $29,546,356
[02:10:53] 🐋 YES $2,520.00 | KXMLBGAME-26APR072005SEATEX-TEX
[02:11:53] 🐋 YES $2,948.57 | KXNBAGAME-26APR07CHABOS-BOS
[02:11:53] 🐋 YES $3,060.90 | KXNBAGAME-26APR07CHABOS-BOS
[02:11:53] 🐋 YES $3,026.89 | KXNBAGAME-26APR07CHABOS-BOS
[02:11:53] 🐋 YES $8,954.10 | KXNBAGAME-26APR07CHABOS-BOS
[02:11:53] 🐋 YES $15,134.45 | KXNBAGAME-26APR07CHABOS-BOS
[02:12:08] 🐋 NO $3,929.62 | KXMVESPORTSMULTIGAMEEXTENDED-S2026CB7CE1FE169-76694A5953A
[02:12:08] 🐋 YES $3,264.62 | KXNBAGAME-26APR07CHABOS-BOS
[02:12:08] 🐋 YES $3,196.94 | KXNBAGAME-26APR07CHABOS-BOS
[02:12:08] 🐋 NO $4,148.22 | KXNBAGAME-26APR07CHABOS-CHA
[02:12:54] 🐋 NO $11,477.04 | KXNBAGAME-26APR07CHABOS-CHA
[02:13:24] 🐋 YES $5,934.46 | KXNBAGAME-26APR07CHABOS-BOS
[02:13:24] 🐋 YES $5,626.97 | KXNBAGAME-26APR07CHABOS-BOS
[02:13:24] 🐋 NO $3,278.60 | KXNBAGAME-26APR07CHABOS-CHA
[02:13:24] 🐋 YES $3,327.10 | KXNBAGAME-26APR07CHABOS-BOS
[02:14] Whales: 6420 | Vol: $29,626,184
[02:14:54] 🐋 YES $2,493.78 | KXNBAGAME-26APR07SACGSW-GSW
[02:14:54] 🐋 NO $2,381.35 | KXNBAGAME-26APR07CHABOS-CHA
[02:15:55] 🐋 YES $3,492.00 | KXNBAGAME-26APR07CHABOS-BOS
[02:15:55] 🐋 YES $2,400.15 | KXMVECROSSCATEGORY-S2026BF4FD5B5E1D-903DD532218
[02:16:40] 🐋 YES $2,018.57 | KXNBAGAME-26APR07CHABOS-BOS
[02:17:10] 🐋 YES $2,457.00 | KXMLBGAME-26APR072005SEATEX-TEX
[02:18:26] 🐋 YES $2,609.65 | KXNBAGAME-26APR07CHABOS-BOS
[02:18:26] 🐋 YES $3,697.92 | KXNBAGAME-26APR07CHABOS-BOS
[02:18:26] 🐋 YES $3,131.20 | KXNBAGAME-26APR07CHABOS-BOS
[02:18:41] 🐋 YES $9,674.60 | KXNBATOTAL-26APR07HOUPHX-221
[02:18:56] 🐋 YES $9,540.48 | KXNBAGAME-26APR07CHABOS-BOS
[02:19] Whales: 6431 | Vol: $29,670,081
[02:20:12] 🐋 YES $8,273.13 | KXNBAGAME-26APR07CHABOS-BOS
[02:21:27] 🐋 NO $4,750.00 | KXUCL-26-RMA
[02:21:58] 🐋 YES $2,251.50 | KXNBAGAME-26APR07OKCLAL-OKC
[02:22:13] 🐋 YES $3,780.00 | KXNBASPREAD-26APR07OKCLAL-OKC17
[02:24] Whales: 6435 | Vol: $29,689,136
[02:25:14] 🐋 YES $3,365.20 | KXMLBGAME-26APR071940DETMIN-MIN
[02:25:44] 🐋 NO $2,721.82 | KXMLBTOTAL-26APR072138ATLLAA-9
[02:26:30] 🐋 YES $2,728.88 | KXNHLGAME-26APR07EDMUTA-EDM
[02:26:45] 🐋 YES $13,500.00 | KXNBASPREAD-26APR07OKCLAL-OKC17
[02:27:30] 🐋 YES $2,278.80 | KXNBASPREAD-26APR07OKCLAL-OKC17
[02:28:46] 🐋 YES $2,500.00 | KXNBATOTAL-26APR07OKCLAL-221
[02:28:46] 🐋 YES $2,389.94 | KXNBASPREAD-26APR07OKCLAL-OKC20
[02:28:46] 🐋 YES $3,707.70 | KXNBAGAME-26APR07DALLAC-LAC
[02:28:46] 🐋 YES $3,456.76 | KXMVECROSSCATEGORY-S2026AE9CAD69517-8D859B790AB
[02:29] Whales: 6444 | Vol: $29,725,785
[02:30:01] 🐋 YES $2,041.55 | KXMLBGAME-26APR071940DETMIN-MIN
[02:30:47] 🐋 YES $2,876.12 | KXNBATOTAL-26APR07HOUPHX-221
[02:31:02] 🐋 YES $3,456.50 | KXATPCHALLENGERMATCH-26APR07COLTOB-COL
[02:31:17] 🐋 YES $7,932.12 | KXNBAGAME-26APR07HOUPHX-PHX
[02:31:32] 🐋 YES $5,968.16 | KXNBAGAME-26APR07SACGSW-GSW
[02:31:47] 🐋 YES $3,360.00 | KXATPCHALLENGERMATCH-26APR07COLTOB-COL
[02:34:03] 🐋 YES $4,947.04 | KXNBAGAME-26APR07DALLAC-DAL
[02:34] Whales: 6451 | Vol: $29,756,366
[02:35:04] 🐋 YES $3,471.00 | KXNBATOTAL-26APR07OKCLAL-221
[02:36:34] 🐋 YES $2,400.00 | KXATPMATCH-26APR07LEHTAB-TAB
[02:36:49] 🐋 NO $7,654.40 | KXNBAGAME-26APR07HOUPHX-PHX
[02:36:49] 🐋 NO $5,200.00 | KXNBAGAME-26APR07HOUPHX-PHX
[02:36:49] 🐋 NO $5,168.80 | KXNBAGAME-26APR07HOUPHX-PHX
[02:38:35] 🐋 NO $6,440.64 | KXMLBGAME-26APR072040HOUCOL-HOU
[02:39:20] 🐋 NO $4,983.55 | KXMVECROSSCATEGORY-S202677995CE57AE-1C7AA227185
[02:39] Whales: 6458 | Vol: $29,791,685
[02:40:06] 🐋 YES $2,607.80 | KXNBAGAME-26APR07DALLAC-LAC
[02:40:36] 🐋 NO $4,363.85 | KXETHY-27JAN0100-B1875
[02:41:22] 🐋 YES $2,276.68 | KXMLBGAME-26APR072138ATLLAA-ATL
[02:42:07] 🐋 YES $2,871.90 | KXATPCHALLENGERMATCH-26APR07FELKIN-FEL
[02:42:22] 🐋 YES $5,384.64 | KXNBAGAME-26APR07OKCLAL-OKC
[02:42:37] 🐋 YES $2,443.76 | KXNBAGAME-26APR07SACGSW-GSW
[02:43:38] 🐋 YES $5,986.84 | KXNBAGAME-26APR07OKCLAL-OKC
[02:44] Whales: 6465 | Vol: $29,817,620
[02:45:39] 🐋 YES $3,000.21 | KXNBAGAME-26APR07OKCLAL-OKC
[02:45:54] 🐋 YES $3,439.80 | KXNBATOTAL-26APR07HOUPHX-221
[02:46:24] 🐋 NO $3,980.60 | KXMLBSPREAD-26APR072145PHISF-SF2
[02:46:54] 🐋 YES $2,444.60 | KXNHLGAME-26APR07VGKVAN-VGK
[02:46:54] 🐋 YES $2,863.12 | KXNBAGAME-26APR07HOUPHX-HOU
[02:48:25] 🐋 NO $2,139.40 | KXATPCHALLENGERMATCH-26APR07COLTOB-COL
[02:48:25] 🐋 YES $3,922.10 | KXMLBGAME-26APR072145PHISF-PHI
[02:48:40] 🐋 YES $2,954.77 | KXNBAGAME-26APR07SACGSW-GSW
[02:49:25] 🐋 YES $5,300.00 | KXNBAGAME-26APR07HOUPHX-HOU
[02:49:25] 🐋 YES $3,939.49 | KXNBAGAME-26APR07HOUPHX-HOU
[02:49:25] 🐋 YES $5,358.30 | KXNBAGAME-26APR07HOUPHX-HOU
[02:49:25] 🐋 YES $4,249.01 | KXNBAGAME-26APR07HOUPHX-HOU
[02:49:25] 🐋 YES $2,650.00 | KXNBAGAME-26APR07HOUPHX-HOU
[02:49] Whales: 6478 | Vol: $29,863,861
[02:50:26] 🐋 NO $2,275.00 | KXNBAGAME-26APR07SACGSW-SAC
[02:51:56] 🐋 YES $2,303.04 | KXNBAMENTION-26APR09BOSNYK-INJU
[02:53:27] 🐋 YES $2,650.00 | KXNBAGAME-26APR07HOUPHX-HOU
[02:53:42] 🐋 YES $22,695.36 | KXNBAGAME-26APR07OKCLAL-OKC
[02:53:57] 🐋 YES $5,087.47 | KXNBAGAME-26APR07HOUPHX-HOU
[02:54] Whales: 6483 | Vol: $29,898,872
[02:54:58] 🐋 NO $3,957.70 | KXNBAGAME-26APR07SACGSW-SAC
[02:55:13] 🐋 NO $8,682.24 | KXNBATOTAL-26APR07HOUPHX-224
[02:55:13] 🐋 NO $5,800.48 | KXNBATOTAL-26APR07HOUPHX-224
[02:57:29] 🐋 YES $9,000.00 | KXNEWTARIFFS-26-MAY01
[02:57:44] 🐋 YES $2,387.70 | KXNHLSPREAD-26APR07VGKVAN-VGK1
[02:57:44] 🐋 YES $2,235.70 | KXNHLGAME-26APR07EDMUTA-EDM
[02:57:59] 🐋 NO $2,088.90 | KXMLBGAME-26APR072040HOUCOL-HOU
[02:59:00] 🐋 NO $6,771.09 | KXNBATOTAL-26APR07DALLAC-250
[02:59:15] 🐋 YES $2,195.26 | KXNBAGAME-26APR07HOUPHX-HOU
[02:59] Whales: 6492 | Vol: $29,941,991
[03:00:00] 🐋 NO $6,771.09 | KXNBATOTAL-26APR07DALLAC-250
[03:01:46] 🐋 NO $2,942.81 | KXMVECROSSCATEGORY-S20260D89A066C37-3169177F08D
[03:02:01] 🐋 YES $6,960.00 | KXNBAGAME-26APR07HOUPHX-PHX
[03:02:01] 🐋 YES $2,379.91 | KXATPCHALLENGERMATCH-26APR07ARTMAG-MAG
[03:02:01] 🐋 NO $2,947.56 | KXATPCHALLENGERMATCH-26APR07ARTMAG-MAG
[03:02:31] 🐋 NO $13,407.35 | KXNBAGAME-26APR07OKCLAL-LAL
[03:02:46] 🐋 YES $6,986.70 | KXMLBGAME-26APR072145PHISF-PHI
[03:03:01] 🐋 NO $4,642.38 | KXMVESPORTSMULTIGAMEEXTENDED-S20260CE52271D4D-6F4E933B4E4
[03:03:01] 🐋 YES $2,100.00 | KXNHLGAME-26APR07EDMUTA-EDM
[03:03:47] 🐋 YES $4,800.00 | KXNBAGAME-26APR07HOUPHX-PHX
[03:04:02] 🐋 YES $2,091.90 | KXNBAGAME-26APR07OKCLAL-OKC
[03:04:17] 🐋 YES $4,650.00 | KXMLBGAME-26APR072145PHISF-PHI
[03:04:32] 🐋 NO $3,266.96 | KXNBAGAME-26APR07SACGSW-SAC
[03:04] Whales: 6505 | Vol: $30,005,938
[03:05:33] 🐋 YES $2,446.82 | KXNBAGAME-26APR07OKCLAL-OKC
[03:05:48] 🐋 YES $2,214.90 | KXATPCHALLENGERMATCH-26APR07ARTMAG-ART
[03:06:03] 🐋 YES $6,963.50 | KXNBAGAME-26APR07OKCLAL-OKC
[03:07:49] 🐋 YES $3,487.45 | KXNBAGAME-26APR07OKCLAL-OKC
[03:08:19] 🐋 YES $3,391.52 | KXNBAGAME-26APR07DALLAC-LAC
[03:08:49] 🐋 NO $2,370.00 | KXMLBGAME-26APR072145PHISF-PHI
[03:08:49] 🐋 NO $3,160.00 | KXMLBGAME-26APR072145PHISF-PHI
[03:08:49] 🐋 NO $6,320.00 | KXMLBGAME-26APR072145PHISF-PHI
[03:09] Whales: 6513 | Vol: $30,036,292
[03:10:05] 🐋 NO $2,031.36 | KXNBAGAME-26APR07DALLAC-DAL
[03:10:20] 🐋 NO $2,220.54 | KXNBASPREAD-26APR07HOUPHX-HOU1
[03:10:20] 🐋 YES $3,929.95 | KXNBATOTAL-26APR07OKCLAL-227
[03:12:51] 🐋 YES $19,930.05 | KXNBAGAME-26APR07OKCLAL-OKC
[03:14] Whales: 6517 | Vol: $30,064,404
[03:17:08] 🐋 YES $2,884.87 | KXPGAH2H-MAST26JRAHBDEC-BDEC
[03:17:23] 🐋 YES $2,250.00 | KXNBAGAME-26APR07DALLAC-LAC
[03:18:09] 🐋 YES $6,511.60 | KXNBAGAME-26APR07HOUPHX-HOU
[03:19] Whales: 6520 | Vol: $30,076,051
[03:20:09] 🐋 YES $10,715.60 | KXMVESPORTSMULTIGAMEEXTENDED-S2026D312964646B-B0445BE1ADC
[03:20:55] 🐋 YES $22,313.20 | KXNBAGAME-26APR07OKCLAL-OKC
[03:21:55] 🐋 YES $3,680.00 | KXMLBGAME-26APR072145PHISF-SF
[03:21:55] 🐋 YES $3,680.00 | KXMLBGAME-26APR072145PHISF-SF
[03:21:55] 🐋 YES $3,646.88 | KXMLBGAME-26APR072145PHISF-SF
[03:21:55] 🐋 YES $3,680.00 | KXMLBGAME-26APR072145PHISF-SF
[03:21:55] 🐋 YES $2,333.12 | KXMLBGAME-26APR072145PHISF-SF
[03:22:56] 🐋 NO $5,170.00 | KXNHLGAME-26APR07EDMUTA-UTA
[03:23:41] 🐋 YES $5,714.28 | KXMVECROSSCATEGORY-S2026591D8BED361-AE6791BBAA7
[03:24:26] 🐋 YES $4,787.10 | KXNHLGAME-26APR07EDMUTA-EDM
[03:24:41] 🐋 YES $3,214.35 | KXNHLGAME-26APR07EDMUTA-EDM
[03:24] Whales: 6531 | Vol: $30,144,985
[03:25:57] 🐋 NO $7,800.00 | KXMLBGAME-26APR072138ATLLAA-LAA
[03:25:57] 🐋 NO $6,240.00 | KXMLBGAME-26APR072138ATLLAA-LAA
[03:25:57] 🐋 YES $3,035.07 | KXNBAGAME-26APR07HOUPHX-PHX
[03:25:57] 🐋 YES $2,203.20 | KXNBAGAME-26APR07HOUPHX-PHX
[03:26:12] 🐋 YES $3,025.80 | KXNBAGAME-26APR07HOUPHX-PHX
[03:26:27] 🐋 YES $2,400.00 | KXNHLGAME-26APR07VGKVAN-VGK
[03:26:58] 🐋 YES $4,282.83 | KXNBAGAME-26APR07HOUPHX-HOU
[03:28:44] 🐋 NO $9,495.26 | KXNBAGAME-26APR07DALLAC-DAL
[03:28:59] 🐋 YES $3,280.00 | KXMLBSPREAD-26APR072145PHISF-SF3
[03:29:29] 🐋 YES $2,200.00 | KXNBAGAME-26APR07HOUPHX-HOU
[03:29:29] 🐋 NO $2,363.16 | KXNBAGAME-26APR07OKCLAL-LAL
[03:29] Whales: 6542 | Vol: $30,191,310
[03:30:45] 🐋 NO $2,812.00 | KXMLBGAME-26APR072145PHISF-PHI
[03:31:30] 🐋 NO $2,200.50 | KXATPCHALLENGERMATCH-26APR07BOUUCH-BOU
[03:32:00] 🐋 NO $2,400.00 | KXNBAGAME-26APR07SACGSW-SAC
[03:32:00] 🐋 YES $2,088.35 | KXNHLGAME-26APR07EDMUTA-UTA
[03:32:15] 🐋 YES $4,687.50 | KXATPCHALLENGERMATCH-26APR07BOUUCH-UCH
[03:34:31] 🐋 NO $2,104.85 | KXNBASPREAD-26APR07HOUPHX-PHX11
[03:34:31] 🐋 YES $2,847.36 | KXNBAGAME-26APR07OKCLAL-OKC
[03:34:31] 🐋 YES $4,800.00 | KXNBAGAME-26APR07OKCLAL-OKC
[03:34:31] 🐋 YES $4,800.00 | KXNBAGAME-26APR07OKCLAL-OKC
[03:34] Whales: 6551 | Vol: $30,220,051
[03:35:32] 🐋 YES $4,498.20 | KXNBAGAME-26APR07OKCLAL-OKC
[03:35:32] 🐋 NO $2,940.00 | KXNBAGAME-26APR07OKCLAL-LAL
[03:36:02] 🐋 YES $2,448.27 | KXNBAGAME-26APR07OKCLAL-OKC
[03:36:02] 🐋 YES $3,550.14 | KXNBAGAME-26APR07OKCLAL-OKC
[03:36:02] 🐋 NO $2,400.00 | KXNBAGAME-26APR07HOUPHX-HOU
[03:36:17] 🐋 YES $12,443.20 | KXNBAGAME-26APR07HOUPHX-PHX
[03:36:17] 🐋 YES $2,768.00 | KXNBAGAME-26APR07HOUPHX-PHX
[03:36:17] 🐋 YES $11,988.80 | KXNBAGAME-26APR07HOUPHX-PHX
[03:37:18] 🐋 NO $4,900.00 | KXNBAGAME-26APR07OKCLAL-LAL
[03:37:18] 🐋 NO $4,900.00 | KXNBAGAME-26APR07OKCLAL-LAL
[03:38:48] 🐋 YES $4,003.56 | KXNBAGAME-26APR07OKCLAL-OKC
[03:39:34] 🐋 NO $16,653.87 | KXBTCY-27JAN0100-B37500
[03:39] Whales: 6563 | Vol: $30,293,545
[03:40:49] 🐋 YES $4,814.03 | KXMVESPORTSMULTIGAMEEXTENDED-S2026B6C35905591-3FD97BBF8E0
[03:40:49] 🐋 NO $4,868.73 | KXNBASPREAD-26APR07OKCLAL-OKC23
[03:41:19] 🐋 YES $3,600.00 | KXNBAGAME-26APR07HOUPHX-HOU
[03:41:35] 🐋 YES $5,915.91 | KXNBAGAME-26APR07HOUPHX-PHX
[03:41:35] 🐋 YES $12,807.41 | KXNBAGAME-26APR07HOUPHX-PHX
[03:41:35] 🐋 NO $5,184.63 | KXNBAGAME-26APR07OKCLAL-LAL
[03:41:50] 🐋 YES $14,850.00 | KXNBAGAME-26APR07OKCLAL-OKC
[03:43:05] 🐋 NO $17,955.00 | KXBTCY-27JAN0100-B47500
[03:43:20] 🐋 NO $2,842.96 | KXBTCY-27JAN0100-B52500
[03:44:21] 🐋 NO $9,900.00 | KXPGATOUR-MAST26-SLOW
[03:44:21] 🐋 NO $49,500.00 | KXPGATOUR-MAST26-SLOW
[03:44:21] 🐋 NO $9,900.00 | KXPGATOUR-MAST26-SLOW
[03:44:21] 🐋 NO $9,900.00 | KXPGATOUR-MAST26-SLOW
[03:44:21] 🐋 NO $4,950.00 | KXPGATOUR-MAST26-SLOW
[03:44:21] 🐋 YES $9,289.80 | KXMLBGAME-26APR081507LADTOR-LAD
[03:44] Whales: 6578 | Vol: $30,459,824
[03:45:21] 🐋 NO $19,543.59 | KXNBAGAME-26APR07OKCLAL-LAL
[03:45:21] 🐋 NO $12,562.11 | KXNBAGAME-26APR07OKCLAL-LAL
[03:46:22] 🐋 NO $4,750.00 | KXNHLGAME-26APR07NSHANA-ANA
[03:46:52] 🐋 NO $2,250.00 | KXNBATOTAL-26APR07SACGSW-219
[03:47:07] 🐋 NO $2,107.80 | KXMLBTOTAL-26APR081607ATLLAA-10
[03:48:08] 🐋 YES $19,517.76 | KXNBAGAME-26APR07HOUPHX-PHX
[03:49:53] 🐋 YES $6,724.89 | KXNBAGAME-26APR07HOUPHX-HOU
[03:49:53] 🐋 YES $6,750.00 | KXNBAGAME-26APR07HOUPHX-HOU
[03:49] Whales: 6586 | Vol: $30,534,030
[03:50:39] 🐋 NO $2,868.03 | KXNBAGAME-26APR07OKCLAL-LAL
[03:51:24] 🐋 YES $4,677.41 | KXNBAGAME-26APR07HOUPHX-HOU
[03:52:09] 🐋 NO $2,200.00 | KXNBAGAME-26APR07SACGSW-SAC
[03:52:09] 🐋 YES $9,789.18 | KXNBAGAME-26APR07DALLAC-LAC
[03:52:39] 🐋 YES $2,190.00 | KXNBAGAME-26APR07HOUPHX-PHX
[03:53:10] 🐋 NO $5,818.59 | KXMVECROSSCATEGORY-S202629CD7E13D53-D48482B75E7
[03:53:55] 🐋 NO $2,373.34 | KXMLBTOTAL-26APR072145PHISF-6
[03:54:40] 🐋 YES $4,852.32 | KXNHLGAME-26APR07VGKVAN-VGK
[03:54:56] 🐋 NO $2,756.48 | KXMLBTOTAL-26APR072145PHISF-6
[03:54] Whales: 6595 | Vol: $30,571,555
[03:55:11] 🐋 NO $2,936.94 | KXMLBTOTAL-26APR072145PHISF-6
[03:55:26] 🐋 YES $7,033.39 | KXNBAGAME-26APR07DALLAC-LAC
[03:55:26] 🐋 YES $2,009.28 | KXNBAGAME-26APR07DALLAC-LAC
[03:55:56] 🐋 NO $4,583.16 | KXNBAGAME-26APR07HOUPHX-PHX
[03:56:41] 🐋 YES $3,954.12 | KXMLBGAME-26APR072138ATLLAA-ATL
[03:56:41] 🐋 NO $9,936.90 | KXNBAGAME-26APR07DALLAC-DAL
[03:58:12] 🐋 NO $3,906.50 | KXMLBTOTAL-26APR072145PHISF-6
[03:59:28] 🐋 YES $2,505.60 | KXMLBTOTAL-26APR072145PHISF-6
[03:59] Whales: 6603 | Vol: $30,608,421
[04:00:58] 🐋 NO $2,670.00 | KXNBAGAME-26APR07DALLAC-DAL
[04:01:44] 🐋 YES $2,426.62 | KXMVECROSSCATEGORY-S2026031CBDF04DD-854D829A3D2
[04:01:59] 🐋 NO $4,846.47 | KXNBAGAME-26APR07SACGSW-SAC
[04:02:29] 🐋 NO $2,285.67 | KXNBAGAME-26APR07HOUPHX-HOU
[04:03:14] 🐋 NO $5,195.20 | KXNBAGAME-26APR07SACGSW-SAC
[04:03:14] 🐋 YES $2,672.63 | KXNBAGAME-26APR07SACGSW-GSW
[04:05] Whales: 6609 | Vol: $30,628,518
[04:05:30] 🐋 NO $11,192.56 | KXMVECROSSCATEGORY-S20265209C292A75-E069A71841F
[04:05:30] 🐋 NO $2,640.00 | KXMLBTOTAL-26APR072145PHISF-6
[04:05:30] 🐋 NO $3,310.08 | KXMLBTOTAL-26APR072145PHISF-6
[04:05:30] 🐋 NO $3,300.00 | KXMLBTOTAL-26APR072145PHISF-6
[04:06:01] 🐋 NO $2,040.00 | KXDEMSWINGSTATEGOVSWEEP-26NOV03
[04:06:16] 🐋 NO $2,560.00 | KXMLBTOTAL-26APR072145PHISF-6
[04:06:16] 🐋 NO $3,198.08 | KXMLBTOTAL-26APR072145PHISF-6
[04:06:16] 🐋 YES $2,099.79 | KXNBASPREAD-26APR07OKCLAL-OKC20
[04:07:16] 🐋 NO $7,595.23 | KXMVESPORTSMULTIGAMEEXTENDED-S20265A97B1C47A7-A852A8C0B2F
[04:07:46] 🐋 YES $4,444.80 | KXNBAGAME-26APR07SACGSW-GSW
[04:10] Whales: 6619 | Vol: $30,670,898
[04:10:48] 🐋 YES $2,742.48 | KXNBAGAME-26APR07DALLAC-DAL
[04:11:03] 🐋 YES $3,093.93 | KXNBAGAME-26APR07SACGSW-GSW
[04:12:04] 🐋 NO $4,560.00 | KXNBASPREAD-26APR07OKCLAL-OKC29
[04:12:04] 🐋 YES $3,100.95 | KXNBAGAME-26APR07HOUPHX-HOU
[04:12:19] 🐋 YES $3,640.02 | KXNBAGAME-26APR07SACGSW-GSW
[04:13:49] 🐋 NO $3,440.50 | KXNBAGAME-26APR07SACGSW-SAC
[04:14:50] 🐋 YES $3,343.08 | KXNBAGAME-26APR07DALLAC-LAC
[04:15] Whales: 6626 | Vol: $30,694,819
[04:15:50] 🐋 NO $3,040.00 | KXMLBTOTAL-26APR072145PHISF-6
[04:16:36] 🐋 NO $3,599.55 | KXNBAGAME-26APR07SACGSW-GSW
[04:17:06] 🐋 NO $4,235.79 | KXNBAGAME-26APR07HOUPHX-PHX
[04:17:06] 🐋 YES $2,413.42 | KXMVECROSSCATEGORY-S2026A7182F4FAAF-09EFECF932B
[04:17:06] 🐋 YES $9,673.41 | KXNBASPREAD-26APR07OKCLAL-OKC17
[04:18:36] 🐋 NO $5,105.14 | KXNBAGAME-26APR07SACGSW-SAC
[04:18:36] 🐋 NO $2,786.16 | KXNBAGAME-26APR07SACGSW-SAC
[04:19:52] 🐋 YES $2,967.44 | KXNBAGAME-26APR07SACGSW-GSW
[04:20] Whales: 6634 | Vol: $30,728,640
[04:21:23] 🐋 YES $9,786.96 | KXNBASPREAD-26APR07OKCLAL-OKC17
[04:22:39] 🐋 NO $78,309.00 | KXNBATOTAL-26APR07SACGSW-219
[04:22:54] 🐋 YES $7,049.43 | KXNBAGAME-26APR07DALLAC-LAC
[04:23:09] 🐋 YES $4,795.88 | KXNBAGAME-26APR07HOUPHX-HOU
[04:23:39] 🐋 YES $4,821.12 | KXNBAGAME-26APR07HOUPHX-PHX
[04:24:09] 🐋 YES $2,931.74 | KXNBAGAME-26APR07DALLAC-LAC
[04:24:09] 🐋 YES $3,753.00 | KXNBAGAME-26APR07HOUPHX-PHX
[04:24:39] 🐋 YES $3,136.69 | KXMVECROSSCATEGORY-S2026E2809868FEF-814CBAC41E6
[04:24:55] 🐋 YES $3,945.60 | KXATPCHALLENGERMATCH-26APR07BOUUCH-BOU
[04:24:55] 🐋 YES $3,005.18 | KXNBAGAME-26APR07HOUPHX-HOU
[04:25] Whales: 6644 | Vol: $30,850,175
[04:26:40] 🐋 YES $2,488.20 | KXPGATOUR-MAST26-PREE
[04:26:55] 🐋 YES $4,200.00 | KXNBASPREAD-26APR07DALLAC-LAC9
[04:27:41] 🐋 YES $2,023.38 | KXNBAGAME-26APR07HOUPHX-PHX
[04:27:41] 🐋 YES $2,023.38 | KXNBAGAME-26APR07HOUPHX-PHX
[04:27:41] 🐋 YES $2,023.38 | KXNBAGAME-26APR07HOUPHX-PHX
[04:27:41] 🐋 YES $2,466.72 | KXNBAGAME-26APR07HOUPHX-PHX
[04:27:41] 🐋 YES $2,023.38 | KXNBAGAME-26APR07HOUPHX-PHX
[04:27:41] 🐋 YES $2,023.38 | KXNBAGAME-26APR07HOUPHX-PHX
[04:27:56] 🐋 NO $2,100.00 | KXNBASPREAD-26APR07DALLAC-LAC6
[04:28:26] 🐋 YES $2,867.17 | KXMVESPORTSMULTIGAMEEXTENDED-S2026C4DD87FBF54-DD61EF6E4CC
[04:28:56] 🐋 YES $2,784.32 | KXNBAGAME-26APR07DALLAC-LAC
[04:28:56] 🐋 NO $2,563.44 | KXNBAGAME-26APR07DALLAC-DAL
[04:29:11] 🐋 YES $3,359.84 | KXNBAGAME-26APR07DALLAC-LAC
[04:29:11] 🐋 YES $3,240.16 | KXNBAGAME-26APR07DALLAC-LAC
[04:30] Whales: 6658 | Vol: $30,886,361
[04:31:28] 🐋 YES $2,734.41 | KXNBAGAME-26APR07DALLAC-LAC
[04:31:43] 🐋 NO $7,363.44 | KXNBAGAME-26APR07HOUPHX-HOU
[04:32:13] 🐋 YES $4,281.19 | KXMVECROSSCATEGORY-S2026600DC669667-9BB5F336A54
[04:32:58] 🐋 YES $2,301.59 | KXNBAGAME-26APR07HOUPHX-HOU
[04:33:29] 🐋 NO $2,158.17 | KXMLBTOTAL-26APR072138ATLLAA-9
[04:33:44] 🐋 NO $4,450.00 | KXNBAGAME-26APR07DALLAC-DAL
[04:35:15] 🐋 YES $12,085.31 | KXNBAGAME-26APR07DALLAC-LAC
[04:35:15] 🐋 NO $4,345.87 | KXNBAGAME-26APR07DALLAC-DAL
[04:35] Whales: 6666 | Vol: $30,926,081
[04:35:30] 🐋 NO $2,261.76 | KXMLBTOTAL-26APR072138ATLLAA-9
[04:36:15] 🐋 YES $2,013.60 | KXNBASPREAD-26APR07OKCLAL-OKC32
[04:37:46] 🐋 NO $40,054.34 | KXNBAGAME-26APR07DALLAC-DAL
[04:38:01] 🐋 NO $2,139.45 | KXNBATOTAL-26APR07OKCLAL-215
[04:40:02] 🐋 NO $2,214.00 | KXMVECROSSCATEGORY-S20268BC515BBA4C-9984945FC59
[04:40:02] 🐋 YES $4,840.49 | KXNBAGAME-26APR07HOUPHX-HOU
[04:40] Whales: 6672 | Vol: $30,979,605
[04:40:32] 🐋 NO $2,238.32 | KXNBAGAME-26APR07DALLAC-DAL
[04:40:47] 🐋 YES $5,388.35 | KXNBAGAME-26APR07DALLAC-LAC
[04:41:17] 🐋 NO $2,141.76 | KXNBAGAME-26APR07DALLAC-DAL
[04:41:17] 🐋 YES $6,467.79 | KXNBAGAME-26APR07HOUPHX-HOU
[04:41:17] 🐋 YES $10,632.21 | KXNBAGAME-26APR07HOUPHX-HOU
[04:43:34] 🐋 NO $3,823.38 | KXNBAGAME-26APR07DALLAC-DAL
[04:43:49] 🐋 NO $9,900.00 | KXNBAGAME-26APR07DALLAC-DAL
[04:43:49] 🐋 NO $5,940.00 | KXNBAGAME-26APR07DALLAC-DAL
[04:43:49] 🐋 NO $4,950.00 | KXNBAGAME-26APR07DALLAC-DAL
[04:43:49] 🐋 NO $2,970.00 | KXNBAGAME-26APR07DALLAC-DAL
[04:44:34] 🐋 NO $2,164.26 | KXNBAGAME-26APR07HOUPHX-HOU
[04:45] Whales: 6683 | Vol: $31,036,221
[04:46:35] 🐋 NO $2,583.90 | KXNBAGAME-26APR07HOUPHX-HOU
[04:47:20] 🐋 YES $2,042.88 | KXNBAGAME-26APR07HOUPHX-HOU
[04:47:20] 🐋 NO $2,253.24 | KXNBAGAME-26APR07HOUPHX-PHX
[04:47:20] 🎯 YES $2,659.59 | KXBTC15M-26APR080100-00
[04:47:51] 🐋 YES $4,756.05 | KXNBAGAME-26APR07HOUPHX-HOU
[04:47:51] 🐋 YES $13,702.26 | KXNBAGAME-26APR07HOUPHX-HOU
[04:48:06] 🐋 YES $3,411.03 | KXNBAGAME-26APR07HOUPHX-HOU
[04:48:21] 🐋 NO $2,340.81 | KXNBATOTAL-26APR07OKCLAL-212
[04:48:36] 🐋 NO $4,950.00 | KXMLBGAME-26APR072138ATLLAA-LAA
[04:48:36] 🐋 NO $2,970.00 | KXMLBGAME-26APR072138ATLLAA-LAA
[04:48:36] 🐋 YES $2,261.16 | KXMLBGAME-26APR072138ATLLAA-ATL
[04:48:36] 🐋 YES $5,445.00 | KXMLBGAME-26APR072138ATLLAA-ATL
[04:50] Whales: 6695 | Vol: $31,085,597
[04:51:07] 🐋 YES $3,385.20 | KXMVESPORTSMULTIGAMEEXTENDED-S2026B17C78B4AD9-69E50B84C9F
[04:52:53] 🐋 YES $6,141.02 | KXNBAGAME-26APR07HOUPHX-HOU
[04:54:54] 🐋 YES $7,538.31 | KXNBAGAME-26APR07HOUPHX-HOU
[04:55] Whales: 6698 | Vol: $31,102,661
[04:56:10] 🐋 YES $6,513.60 | KXNBAGAME-26APR07HOUPHX-HOU
[04:57:56] 🐋 YES $2,000.00 | KXNBAGAME-26APR07HOUPHX-HOU
[04:59:11] 🐋 NO $5,940.00 | KXNBA-26-CHA
[04:59:41] 🐋 YES $6,580.32 | KXNBAGAME-26APR07HOUPHX-PHX
[05:00:27] 🐋 YES $4,824.05 | KXNBAGAME-26APR07HOUPHX-PHX
[05:00] Whales: 6703 | Vol: $31,128,519
[05:01:12] 🐋 NO $2,750.00 | KXNBAGAME-26APR07HOUPHX-HOU
[05:03:43] 🐋 NO $2,759.90 | KXNBAGAME-26APR07HOUPHX-HOU
[05:03:43] 🐋 YES $2,060.85 | KXNBAGAME-26APR07HOUPHX-PHX
[05:03:58] 🐋 NO $17,633.64 | KXNBAGAME-26APR07HOUPHX-PHX
[05:03:58] 🐋 YES $16,845.66 | KXNBAGAME-26APR07HOUPHX-HOU
[05:04:29] 🐋 YES $2,700.00 | KXMLBTOTAL-26APR081507LADTOR-8
[05:04:44] 🐋 NO $2,023.38 | KXNBAGAME-26APR07HOUPHX-PHX
[05:04:44] 🐋 NO $9,930.61 | KXNBAGAME-26APR07HOUPHX-PHX
[05:04:44] 🐋 YES $2,060.85 | KXNBAGAME-26APR07HOUPHX-HOU
[05:05] Whales: 6712 | Vol: $31,187,284
[05:06:15] 🐋 YES $2,001.75 | KXNBAGAME-26APR07HOUPHX-HOU
[05:06:30] 🐋 NO $6,990.31 | KXNBAGAME-26APR07HOUPHX-HOU
[05:07:15] 🐋 YES $2,252.26 | KXMVECROSSCATEGORY-S20263FECBAD5700-B4551541347
[05:10:32] 🐋 NO $2,255.15 | KXNBASPREAD-26APR07HOUPHX-PHX2
[05:10:32] 🐋 NO $5,000.00 | KXNBATOTAL-26APR07HOUPHX-221
[05:10] Whales: 6717 | Vol: $31,205,784
[05:10:47] 🐋 YES $5,922.04 | KXATPCHALLENGERMATCH-26APR08OSTSIM-SIM
[05:11:17] 🐋 NO $8,352.00 | KXNBAGAME-26APR08MEMDEN-MEM
[05:12:02] 🐋 NO $2,230.28 | KXNBAGAME-26APR07HOUPHX-HOU
[05:12:48] 🐋 NO $3,109.03 | KXNBAGAME-26APR07HOUPHX-HOU
[05:12:48] 🐋 NO $2,280.01 | KXNBAGAME-26APR07HOUPHX-HOU
[05:13:03] 🐋 NO $6,932.69 | KXNBAGAME-26APR07HOUPHX-HOU
[05:13:33] 🐋 YES $4,889.88 | KXNBAGAME-26APR07HOUPHX-HOU
[05:14:19] 🐋 NO $38,500.00 | KXNBAGAME-26APR07HOUPHX-PHX
[05:14:34] 🐋 NO $3,044.26 | KXMVECROSSCATEGORY-S20267BFC0EE804C-FEF569DF9D7
[05:14:34] 🐋 YES $4,873.33 | KXNBAGAME-26APR07HOUPHX-HOU
[05:15] Whales: 6727 | Vol: $31,285,917
🐋 OpenClaw Whale Scanner v3 starting...
Alert >= $2,000 | Scan every 15s
[14:34:56] 🐋 NO $2,327.04 | KXATPMATCH-26APR08AUGCIL-CIL
[14:35:58] 🐋 YES $2,629.98 | KXWTAMATCH-26APR08KALUDV-UDV
[14:39] Whales: 2 | Vol: $4,957
[14:42:06] 🐋 YES $17,503.20 | KXNBAMIMP-26-NALE
[14:42:06] 🐋 YES $2,957.73 | KXATPMATCH-26APR08ETCATM-ATM
[14:42:06] 🐋 NO $18,920.88 | KXNBAMIMP-26-JDUR
[14:42:21] 🐋 YES $3,542.77 | KXWTAMATCH-26APR08KALUDV-KAL
[14:42:51] 🐋 YES $3,611.30 | KXWTAMATCH-26APR08KALUDV-KAL
[14:42:51] 🐋 YES $5,269.11 | KXWTAMATCH-26APR08KALUDV-KAL
[14:43:06] 🐋 YES $5,259.96 | KXWTAMATCH-26APR08KALUDV-KAL
[14:43:06] 🐋 YES $3,312.84 | KXWTAMATCH-26APR08KALUDV-KAL
[14:43:37] 🐋 YES $2,861.20 | KXATPMATCH-26APR08MOURUU-RUU
[14:44:08] 🐋 YES $3,146.50 | KXBTCD-26APR0811-T70999.99
[14:44:39] 🐋 YES $5,157.36 | KXATPCHALLENGERMATCH-26APR08BASBAR-BAS
[14:44] Whales: 13 | Vol: $76,500
[14:45:10] 🐋 YES $6,163.43 | KXATPMATCH-26APR08MOURUU-RUU
[14:45:40] 🐋 YES $9,600.00 | KXIPLGAME-26APR08GTDC-DC
[14:45:55] 🐋 YES $4,824.05 | KXUCLGAME-26APR08PSGLFC-PSG
[14:47:57] 🐋 YES $5,831.19 | KXWTAMATCH-26APR08KALUDV-KAL
[14:47:57] 🐋 YES $5,606.01 | KXWTAMATCH-26APR08KALUDV-KAL
[14:49:14] 🐋 YES $3,572.19 | KXATPMATCH-26APR08ETCATM-ATM
[14:49:14] 🐋 YES $2,134.08 | KXATPMATCH-26APR08ETCATM-ATM
[14:50] Whales: 20 | Vol: $114,231
[14:53:50] 🐋 YES $6,338.64 | KXATPCHALLENGERMATCH-26APR08DELOLI-DEL
[14:54:05] 🐋 YES $2,830.95 | KXATPMATCH-26APR08ETCATM-ETC
[14:54:20] 🐋 NO $2,650.00 | KXMLBTOTAL-26APR081335MILBOS-8
[14:54:20] 🐋 NO $2,700.00 | KXMLBTOTAL-26APR081335MILBOS-8
[14:54:20] 🐋 NO $6,053.40 | KXMLBTOTAL-26APR081335MILBOS-8
[14:54:20] 🐋 YES $2,589.90 | KXATPCHALLENGERMATCH-26APR08DELOLI-DEL
[14:55:06] 🐋 YES $3,320.10 | KXWTAMATCH-26APR08KALUDV-KAL
[14:55] Whales: 27 | Vol: $140,714
[14:57:54] 🐋 NO $2,444.31 | KXHMONTH-26MAR
[14:57:54] 🐋 NO $5,809.44 | KXHMONTH-26MAR
[15:00:12] 🐋 YES $12,500.00 | KXMLBGAME-26APR081235SDPIT-PIT
[15:00:12] 🐋 NO $4,935.00 | KXPGATOUR-MAST26-ABHA
[15:00] Whales: 31 | Vol: $166,403
[15:01:13] 🐋 YES $2,556.18 | KXATPMATCH-26APR08MOURUU-RUU
[15:01:59] 🐋 YES $2,169.09 | KXATPCHALLENGERMATCH-26APR07AJDGUE-GUE
[15:03:00] 🐋 NO $3,557.08 | KXIPLGAME-26APR08GTDC-DC
[15:03:30] 🐋 YES $4,777.00 | KXIPLGAME-26APR08GTDC-GT
[15:04:01] 🐋 YES $4,721.92 | KXIPLGAME-26APR08GTDC-DC
[15:04:01] 🐋 YES $4,971.68 | KXATPMATCH-26APR08MOURUU-RUU
[15:05:03] 🐋 NO $4,145.00 | KXMENWORLDCUP-26-ES
[15:05:18] 🐋 YES $2,630.60 | KXIPLGAME-26APR08GTDC-GT
[15:05] Whales: 39 | Vol: $195,931
[15:07:35] 🐋 YES $2,420.68 | KXATPCHALLENGERMATCH-26APR08BASBAR-BAS
[15:08:36] 🐋 YES $4,848.00 | KXUCLRO4-26-PSG
[15:09:53] 🐋 NO $3,557.10 | KXIPLGAME-26APR08GTDC-GT
[15:10] Whales: 42 | Vol: $206,757
[15:13:42] 🎯 YES $2,397.60 | KXBTC15M-26APR081115-15
[15:15:14] 🐋 NO $2,436.28 | KXUCLGAME-26APR08PSGLFC-LFC
[15:15] Whales: 44 | Vol: $211,591
[15:16:00] 🐋 NO $3,528.00 | KXATPMATCH-26APR08AUGCIL-CIL
[15:17:47] 🐋 YES $2,634.72 | KXMLBSPREAD-26APR081507LADTOR-LAD2
[15:18:32] 🐋 YES $2,093.52 | KXMLBGAME-26APR081507LADTOR-LAD
[15:19:03] 🐋 NO $7,025.04 | KXATPMATCH-26APR08AUGCIL-CIL
[15:19:03] 🐋 YES $2,970.00 | KXATPMATCH-26APR08AUGCIL-AUG
[15:20] Whales: 49 | Vol: $229,842
[15:21:20] 🐋 YES $2,172.80 | KXATPMATCH-26APR07COBBLO-COB
[15:22:21] 🐋 YES $4,705.60 | KXIPLGAME-26APR08GTDC-DC
[15:25:24] 🐋 YES $5,940.00 | KXATPMATCH-26APR08AUGCIL-AUG
[15:25] Whales: 52 | Vol: $242,660
[15:25:55] 🐋 YES $2,695.14 | KXIPLGAME-26APR08GTDC-GT
[15:26:56] 🐋 NO $2,594.13 | KXMLBSPREAD-26APR081507LADTOR-TOR2
[15:26:56] 🐋 NO $2,941.74 | KXMLBTOTAL-26APR081435SEATEX-9
[15:27:11] 🐋 YES $3,158.40 | KXATPMATCH-26APR08ETCATM-ETC
[15:28:12] 🐋 YES $3,781.36 | KXATPCHALLENGERMATCH-26APR08BASBAR-BAS
[15:28:28] 🐋 YES $4,083.39 | KXATPMATCH-26APR08ETCATM-ETC
[15:29:14] 🐋 YES $9,807.12 | KXIPLGAME-26APR08GTDC-GT
[15:29:29] 🐋 YES $20,160.00 | KXIPLGAME-26APR08GTDC-GT
[15:30:00] 🐋 YES $3,466.20 | KXMLBGAME-26APR081410BALCWS-BAL
[15:30:00] 🐋 YES $2,400.00 | KXMLBGAME-26APR081410BALCWS-BAL
[15:30] Whales: 62 | Vol: $297,748
[15:31:17] 🐋 YES $2,133.95 | KXATPMATCH-26APR07COBBLO-COB
[15:33:03] 🐋 YES $3,601.62 | KXATPMATCH-26APR08AUGCIL-AUG
[15:34:20] 🐋 YES $2,565.09 | KXATPMATCH-26APR08AUGCIL-AUG
[15:35:21] 🐋 YES $5,709.48 | KXATPCHALLENGERMATCH-26APR08BASBAR-BAS
[15:35:51] 🐋 NO $3,103.87 | KXUCLGAME-26APR08PSGLFC-LFC
[15:35] Whales: 67 | Vol: $314,862
[15:40] Whales: 67 | Vol: $314,862
[15:41:11] 🐋 YES $2,351.25 | KXATPCHALLENGERMATCH-26APR07AJDGUE-AJD
[15:41:11] 🐋 YES $6,508.45 | KXATPCHALLENGERMATCH-26APR07AJDGUE-AJD
[15:41:11] 🐋 NO $2,340.31 | KXPRESNOMR-28-RFK
[15:41:27] 🐋 YES $2,000.00 | KXIPLGAME-26APR08GTDC-DC
[15:45:01] 🐋 NO $2,060.24 | KXATPMATCH-26APR08ETCATM-ATM
[15:45:16] 🐋 YES $2,727.57 | KXATPMATCH-26APR07COBBLO-COB
[15:46] Whales: 73 | Vol: $332,850
[15:47:03] 🐋 YES $3,183.66 | KXATPCHALLENGERMATCH-26APR08LLAMOR-LLA
[15:48:19] 🐋 YES $2,588.85 | KXATPMATCH-26APR08ETCATM-ETC
[15:48:50] 🐋 YES $4,429.44 | KXATPMATCH-26APR07COBBLO-COB
[15:49:20] 🐋 YES $2,013.26 | KXATPCHALLENGERMATCH-26APR08DELOLI-DEL
[15:49:36] 🐋 YES $2,429.46 | KXATPMATCH-26APR08ETCATM-ETC
[15:49:51] 🐋 YES $2,945.92 | KXATPMATCH-26APR07COBBLO-COB
[15:50:37] 🐋 YES $5,015.04 | KXMLBGAME-26APR081235SDPIT-PIT
[15:51:07] 🐋 YES $2,175.60 | KXATPMATCH-26APR08ETCATM-ETC
[15:51] Whales: 81 | Vol: $357,631
[15:51:38] 🐋 YES $2,244.80 | KXATPCHALLENGERMATCH-26APR08DELOLI-DEL
[15:52:08] 🐋 YES $5,481.00 | KXWTAMATCH-26APR06POTZHA-POT
[15:52:08] 🐋 YES $3,073.71 | KXWTAMATCH-26APR06POTZHA-POT
[15:52:08] 🐋 YES $2,798.79 | KXWTAMATCH-26APR06POTZHA-POT
[15:52:24] 🐋 YES $2,473.77 | KXMVESPORTSMULTIGAMEEXTENDED-S2026FE105835021-99F19EECDFE
[15:53:40] 🐋 YES $2,397.85 | KXATPCHALLENGERMATCH-26APR08DELOLI-DEL
[15:54:10] 🐋 NO $2,042.81 | KXUCLGAME-26APR08PSGLFC-LFC
[15:55:42] 🐋 NO $2,108.85 | KXLOLMAP-26APR081100UCAMFLK-2-FLK
[15:56] Whales: 89 | Vol: $380,253
[15:56:43] 🐋 YES $5,997.78 | KXWTAMATCH-26APR06POTZHA-POT
[15:57:14] 🐋 YES $2,375.00 | KXNASDAQ100U-26APR08H1200-T24879.99
[15:57:44] 🐋 YES $6,137.95 | KXATPCHALLENGERMATCH-26APR08DELOLI-DEL
[15:58:15] 🐋 YES $2,314.72 | KXATPMATCH-26APR07MUSVAC-MUS
[15:58:30] 🐋 YES $2,815.70 | KXATPMATCH-26APR07MUSVAC-MUS
[16:00:32] 🐋 YES $2,800.00 | KXMLBGAME-26APR081545PHISF-PHI
[16:01] Whales: 95 | Vol: $402,694
[16:02:49] 🐋 YES $2,393.55 | KXMLBTOTAL-26APR081235SDPIT-8
[16:06] Whales: 96 | Vol: $405,087
[16:06:39] 🐋 YES $2,207.14 | KXLAYOFFSYINFO-26-494000
[16:08:11] 🐋 YES $3,598.92 | KXATPMATCH-26APR07COBBLO-COB
[16:08:41] 🐋 NO $5,455.68 | KXIPLGAME-26APR08GTDC-DC
[16:11] Whales: 99 | Vol: $416,349
[16:12:30] 🐋 NO $2,362.14 | KXATPMATCH-26APR08ETCATM-ATM
[16:13:01] 🐋 YES $2,405.16 | KXIPLGAME-26APR08GTDC-DC
[16:15:03] 🐋 YES $3,410.76 | KXATPCHALLENGERMATCH-26APR08VILVAR-VAR
[16:15:33] 🐋 YES $3,223.58 | KXMVECROSSCATEGORY-S2026A347214C34C-2B20CA72714
[16:16] Whales: 103 | Vol: $427,751
[16:16:50] 🐋 YES $2,005.28 | KXLAYOFFSYINFO-26-494000
[16:17:51] 🐋 YES $8,633.60 | KXNBAGAME-26APR08OKCLAC-OKC
[16:18:36] 🐋 NO $2,054.46 | KXPSLGAME-26APR08PZAHYD-HYD
[16:18:36] 🐋 YES $3,575.00 | KXPGAMAKECUT-MAST26-SIM
[16:18:52] 🐋 YES $3,116.25 | KXLAYOFFSYINFO-26-494000
[16:18:52] 🐋 YES $3,151.15 | KXLAYOFFSYINFO-26-494000
[16:18:52] 🐋 YES $2,496.00 | KXLAYOFFSYINFO-26-494000
[16:21] Whales: 110 | Vol: $452,782
[16:23:27] 🐋 YES $2,932.80 | KXATPMATCH-26APR07MUSVAC-MUS
[16:23:27] 🐋 YES $4,360.23 | KXATPMATCH-26APR07MUSVAC-MUS
[16:23:27] 🐋 NO $2,061.80 | KXATPMATCH-26APR07COBBLO-COB
[16:23:27] 🐋 NO $4,097.60 | KXATPMATCH-26APR07COBBLO-COB
[16:23:42] 🐋 NO $2,128.00 | KXMLBTOTAL-26APR081235SDPIT-8
[16:23:57] 🐋 YES $3,013.64 | KXWTAMATCH-26APR06POTZHA-POT
[16:26] Whales: 116 | Vol: $471,376
[16:27:01] 🐋 YES $3,859.20 | KXMLBGAME-26APR081235SDPIT-PIT
[16:27:01] 🐋 YES $5,703.36 | KXWTAMATCH-26APR06POTZHA-POT
[16:27:16] 🐋 YES $5,760.00 | KXMLBGAME-26APR081235SDPIT-PIT
[16:31] Whales: 119 | Vol: $486,699
[16:33:39] 🐋 YES $3,165.89 | KXATPCHALLENGERMATCH-26APR07FELKIN-FEL
[16:33:39] 🐋 YES $5,591.04 | KXATPCHALLENGERMATCH-26APR07FELKIN-FEL
[16:33:54] 🐋 NO $4,950.00 | KXWTAMATCH-26APR06POTZHA-ZHA
[16:34:56] 🐋 NO $3,780.05 | KXMLBHR-26APR081235SDPIT-SDXBOGAERTS2-1
[16:35:11] 🐋 YES $10,767.60 | KXMLBGAME-26APR081235SDPIT-SD
[16:36] Whales: 124 | Vol: $514,954
[16:38:30] 🐋 NO $9,610.00 | KXPGATOUR-MAST26-CYOU
[16:38:30] 🐋 NO $5,285.50 | KXPGATOUR-MAST26-CYOU
[16:42] Whales: 126 | Vol: $529,849
[16:44:36] 🐋 NO $2,360.18 | KXPGATOUR-MAST26-CMOR
[16:44:36] 🐋 NO $22,952.07 | KXPGATOUR-MAST26-CMOR
[16:44:36] 🐋 NO $4,249.11 | KXPGATOUR-MAST26-CMOR
[16:44:36] 🐋 NO $15,606.24 | KXPGATOUR-MAST26-CMOR
[16:45:07] 🐋 YES $2,972.45 | KXUCLGAME-26APR08BARATM-BAR
[16:45:22] 🐋 YES $4,815.00 | KXNBADPOY-26-VWEM
[16:47] Whales: 132 | Vol: $582,804
[16:47:40] 🐋 YES $4,439.86 | KXNBAGAME-26APR08MINORL-ORL
[16:48:41] 🐋 YES $5,646.96 | KXATPMATCH-26APR07COBBLO-BLO
[16:49:26] 🐋 YES $4,797.00 | KXNBADPOY-26-VWEM
[16:52:02] 🐋 YES $23,838.72 | KXNBAGAME-26APR08ATLCLE-ATL
[16:52] Whales: 136 | Vol: $621,527
[16:53:19] 🐋 NO $5,208.00 | KXIPLGAME-26APR08GTDC-DC
[16:53:35] 🐋 YES $5,483.25 | KXIPLGAME-26APR08GTDC-GT
[16:53:35] 🐋 YES $2,495.04 | KXIPLGAME-26APR08GTDC-GT
[16:53:50] 🐋 YES $5,967.81 | KXATPMATCH-26APR07COBBLO-BLO
[16:56:09] 🐋 YES $2,242.00 | KXATPMATCH-26APR07COBBLO-BLO
[16:57:26] 🐋 NO $2,141.64 | KXIPLGAME-26APR08GTDC-GT
[16:57] Whales: 142 | Vol: $645,064
[16:58:44] 🐋 YES $3,572.00 | KXBTCD-26APR1017-T69999.99
[16:59:45] 🐋 YES $2,440.91 | KXMVECROSSCATEGORY-S2026C89B187C2D4-0AF81F171AA
[17:00:00] 🐋 YES $3,720.00 | KXATPMATCH-26APR07MUSVAC-MUS
[17:01:02] 🐋 YES $4,029.76 | KXATPMATCH-26APR07COBBLO-BLO
[17:01:33] 🐋 YES $3,880.00 | KXATPMATCH-26APR07COBBLO-BLO
[17:02] Whales: 147 | Vol: $662,707
[17:06:40] 🐋 NO $2,300.00 | KXUCLGAME-26APR08PSGLFC-PSG
[17:06:40] 🐋 NO $9,065.68 | KXUCLGAME-26APR08PSGLFC-PSG
[17:06:40] 🐋 NO $2,555.30 | KXUCLGAME-26APR08PSGLFC-PSG
[17:06:40] 🐋 NO $4,600.00 | KXUCLGAME-26APR08PSGLFC-PSG
[17:07] Whales: 151 | Vol: $681,228
[17:08:28] 🐋 YES $2,700.00 | KXIPLGAME-26APR08GTDC-GT
[17:10:45] 🐋 NO $2,450.00 | KXWTAMATCH-26APR08ANDSTE-STE
[17:11:31] 🐋 NO $2,875.00 | KXIPLGAME-26APR08GTDC-GT
[17:11:46] 🐋 YES $12,526.26 | KXATPMATCH-26APR07MUSVAC-MUS
[17:12] Whales: 155 | Vol: $701,779
[17:14:34] 🐋 YES $4,447.76 | KXNBASPREAD-26APR08OKCLAC-OKC6
[17:15:35] 🐋 YES $3,762.88 | KXMVECROSSCATEGORY-S2026BAC7616A48F-2F68F9B5F63
[17:16:20] 🐋 NO $3,853.69 | KXUCLGAME-26APR08BARATM-ATM
[17:16:35] 🐋 NO $10,999.89 | KXAAAGASW-26APR13-4.220
[17:16:35] 🐋 NO $4,950.00 | KXAAAGASW-26APR13-4.220
[17:17:06] 🐋 NO $3,465.49 | KXIPLGAME-26APR08GTDC-GT
[17:17] Whales: 161 | Vol: $733,259
[17:18:06] 🐋 YES $3,641.40 | KXMLBGAME-26APR081310KCCLE-CLE
[17:18:52] 🐋 NO $5,753.48 | KXPGAR1LEAD-MAST26-JRAH
[17:18:52] 🐋 NO $8,266.57 | KXPGAR1LEAD-MAST26-JRAH
[17:21:23] 🐋 YES $2,514.00 | KXMLBTOTAL-26APR081335MILBOS-7
[17:21:23] 🐋 YES $4,465.20 | KXMLBTOTAL-26APR081335MILBOS-7
[17:21:23] 🐋 YES $2,055.30 | KXUCLGAME-26APR08BARATM-BAR
[17:21:53] 🐋 NO $2,776.33 | KXMVECROSSCATEGORY-S2026C6456ADAAF1-3FBD524D12F
[17:22:24] 🐋 NO $3,320.00 | KXMLBAL-26-SEA
[17:22:54] 🐋 YES $2,115.09 | KXIPLGAME-26APR08GTDC-GT
[17:22:54] 🐋 YES $2,130.00 | KXIPLGAME-26APR08GTDC-GT
[17:22] Whales: 171 | Vol: $770,296
[17:24:25] 🐋 NO $3,600.00 | KXBTCD-26APR0814-T71699.99
[17:24:25] 🐋 YES $3,332.03 | KXIPLGAME-26APR08GTDC-GT
[17:25:56] 🐋 YES $2,410.08 | KXMLBGAME-26APR081235SDPIT-SD
[17:27] Whales: 174 | Vol: $779,639
[17:28:27] 🐋 YES $6,006.42 | KXIPLGAME-26APR08GTDC-GT
[17:28:27] 🐋 YES $5,142.90 | KXIPLGAME-26APR08GTDC-GT
[17:28:27] 🐋 YES $4,699.20 | KXIPLGAME-26APR08GTDC-GT
[17:29:13] 🐋 NO $3,994.20 | KXSAUDIPLGAME-26APR08FAYAAS-AAS
[17:29:28] 🐋 YES $2,454.58 | KXMLBGAME-26APR081310KCCLE-CLE
[17:30:28] 🐋 YES $3,532.33 | KXATPMATCH-26APR07MUSVAC-VAC
[17:30:28] 🐋 NO $2,063.16 | KXSUPERLIGGAME-26APR08GOZGAL-GOZ
[17:31:29] 🐋 YES $3,103.70 | KXMLBGAME-26APR081310KCCLE-CLE
[17:32:14] 🐋 YES $5,687.46 | KXIPLGAME-26APR08GTDC-GT
[17:33] Whales: 183 | Vol: $816,322
[17:33:30] 🐋 YES $7,779.33 | KXIPLGAME-26APR08GTDC-GT
[17:33:30] 🐋 YES $3,810.67 | KXIPLGAME-26APR08GTDC-GT
[17:34:16] 🐋 YES $3,996.63 | KXPSLGAME-26APR08PZAHYD-PZA
[17:35:16] 🐋 NO $2,241.47 | KXIPLGAME-26APR08GTDC-DC
[17:35:31] 🐋 NO $3,480.00 | KXATPMATCH-26APR08MARHUR-MAR
[17:36:32] 🐋 YES $18,005.85 | KXMLBGAME-26APR081335MILBOS-MIL
[17:38:03] 🐋 NO $14,572.24 | KXIPLGAME-26APR08GTDC-DC
[17:38] Whales: 190 | Vol: $870,209
[17:38:33] 🐋 YES $2,375.50 | KXMLBHR-26APR081507LADTOR-LADSOHTANI17-1
[17:39:34] 🐋 NO $2,602.36 | KXIPLGAME-26APR08GTDC-DC
[17:40:20] 🐋 YES $3,789.36 | KXATPMATCH-26APR07MUSVAC-MUS
[17:40:20] 🐋 YES $2,206.16 | KXIPLGAME-26APR08GTDC-GT
[17:41:05] 🐋 NO $2,733.30 | KXIPLGAME-26APR08GTDC-DC
[17:41:20] 🐋 YES $2,394.14 | KXATPMATCH-26APR08MARHUR-HUR
[17:41:35] 🐋 YES $4,305.21 | KXIPLGAME-26APR08GTDC-GT
[17:43:06] 🐋 NO $4,800.00 | KXATPMATCH-26APR08MARHUR-MAR
[17:43] Whales: 198 | Vol: $895,415
[17:43:21] 🐋 YES $5,884.30 | KXATPMATCH-26APR08MARHUR-HUR
[17:43:21] 🐋 YES $5,658.24 | KXATPMATCH-26APR08MARHUR-HUR
[17:43:37] 🐋 NO $2,584.00 | KXIPLGAME-26APR08GTDC-DC
[17:43:37] 🐋 NO $2,531.75 | KXIPLGAME-26APR08GTDC-DC
[17:43:37] 🐋 YES $4,896.30 | KXIPLGAME-26APR08GTDC-GT
[17:45:53] 🐋 YES $3,875.76 | KXATPCHALLENGERMATCH-26APR08ZHUDEN-ZHU
[17:47:09] 🐋 NO $13,987.60 | KXATPMATCH-26APR07MUSVAC-MUS
[17:47:54] 🐋 YES $8,400.90 | KXIPLGAME-26APR08GTDC-GT
[17:47:54] 🐋 YES $4,900.00 | KXIPLGAME-26APR08GTDC-GT
[17:47:54] 🐋 NO $5,005.60 | KXIPLGAME-26APR08GTDC-DC
[17:47:54] 🐋 YES $4,276.00 | KXIPLGAME-26APR08GTDC-GT
[17:48:09] 🐋 YES $3,150.00 | KXMLBGAME-26APR081507LADTOR-TOR
[17:48] Whales: 210 | Vol: $960,565
[17:50:55] 🐋 YES $7,601.82 | KXATPMATCH-26APR07MUSVAC-VAC
[17:50:55] 🐋 NO $5,821.80 | KXATPMATCH-26APR07MUSVAC-MUS
[17:51:26] 🐋 NO $2,350.00 | KXMLBGAME-26APR081235SDPIT-PIT
[17:52:26] 🐋 YES $2,431.44 | KXSECPRESSMENTION-26APR30-CUBA
[17:52:41] 🐋 YES $2,268.83 | KXWTAMATCH-26APR08ANDSTE-AND
[17:53] Whales: 215 | Vol: $981,039
[17:54:27] 🐋 NO $2,250.00 | KXATPMATCH-26APR07MUSVAC-MUS
[17:55:43] 🐋 YES $6,605.44 | KXIPLGAME-26APR08GTDC-DC
[17:55:43] 🐋 YES $12,688.00 | KXIPLGAME-26APR08GTDC-DC
[17:55:58] 🐋 YES $3,542.77 | KXIPLGAME-26APR08GTDC-DC
[17:56:13] 🐋 YES $2,456.32 | KXIPLGAME-26APR08GTDC-DC
[17:57:29] 🐋 NO $2,364.80 | KXIPLGAME-26APR08GTDC-DC
[17:57:29] 🐋 YES $2,894.08 | KXIPLGAME-26APR08GTDC-DC
[17:58] Whales: 222 | Vol: $1,013,840
[18:00:46] 🐋 NO $2,056.40 | KXIPLGAME-26APR08GTDC-GT
[18:02:32] 🐋 YES $3,014.55 | KXWTAMATCH-26APR08ANDSTE-AND
[18:03] Whales: 224 | Vol: $1,018,911
[18:04:33] 🐋 NO $3,739.68 | KXATPMATCH-26APR07MUSVAC-MUS
[18:05:04] 🐋 YES $4,292.47 | KXIPLGAME-26APR08GTDC-GT
[18:08:05] 🐋 YES $3,000.69 | KXWTAMATCH-26APR08ANDSTE-AND
[18:08] Whales: 227 | Vol: $1,029,944
[18:08:51] 🐋 NO $5,220.00 | KXMLBRFI-26APR081410BALCWS
[18:09:51] 🐋 NO $10,966.58 | KXMLBSPREAD-26APR081435SEATEX-SEA2
[18:09:51] 🐋 NO $4,880.00 | KXMLBSPREAD-26APR081435SEATEX-SEA2
[18:11:07] 🐋 YES $2,403.70 | KXMLBGAME-26APR081410BALCWS-CWS
[18:11:23] 🐋 YES $2,040.00 | KXMLBGAME-26APR081235SDPIT-PIT
[18:12:23] 🐋 YES $2,728.44 | KXWTAMATCH-26APR08ANDSTE-AND
[18:12:23] 🐋 YES $4,123.35 | KXWTAMATCH-26APR08ANDSTE-AND
[18:13:24] 🐋 NO $3,438.27 | KXNHLADAMS-26-JCOO
[18:13] Whales: 235 | Vol: $1,065,745
[18:13:54] 🐋 YES $2,854.48 | KXLAYOFFSYINFO-26-494000
[18:13:54] 🐋 YES $4,484.91 | KXLAYOFFSYINFO-26-494000
[18:13:54] 🐋 YES $4,608.73 | KXLAYOFFSYINFO-26-494000
[18:14:09] 🐋 YES $3,411.10 | KXETHD-26APR0815-T2219.99
[18:15:40] 🐋 YES $3,400.00 | KXMLBGAME-26APR081310KCCLE-CLE
[18:15:40] 🐋 YES $3,521.82 | KXNBAGAME-26APR08MINORL-ORL
[18:15:40] 🐋 YES $2,840.05 | KXNBAGAME-26APR08MINORL-ORL
[18:15:40] 🐋 YES $13,447.38 | KXNBAGAME-26APR08MINORL-ORL
[18:15:40] 🐋 YES $2,319.44 | KXNBAGAME-26APR08MINORL-ORL
[18:15:40] 🐋 YES $3,750.92 | KXNBAGAME-26APR08MINORL-ORL
[18:16:40] 🐋 NO $3,640.00 | KXMLBGAME-26APR081235SDPIT-PIT
[18:16:40] 🐋 NO $2,730.00 | KXMLBGAME-26APR081235SDPIT-PIT
[18:16:40] 🐋 NO $2,614.43 | KXMLBGAME-26APR081235SDPIT-PIT
[18:16:55] 🐋 NO $5,551.52 | KXATPCHALLENGERMATCH-26APR08ANDZIN-ZIN
[18:17:11] 🐋 NO $2,685.41 | KXMLBGAME-26APR081235SDPIT-PIT
[18:17:41] 🐋 YES $4,306.71 | KXMLBGAME-26APR081235SDPIT-SD
[18:18] Whales: 251 | Vol: $1,131,911
[18:18:41] 🐋 YES $4,187.00 | KXWTAMATCH-26APR08GALCIR-CIR
[18:19:57] 🐋 NO $2,848.25 | KXBTCY-27JAN0100-B67500
[18:20:58] 🐋 YES $2,613.27 | KXMLBGAME-26APR081335MILBOS-MIL
[18:22:13] 🐋 NO $2,323.79 | KXMLBGAME-26APR081310KCCLE-KC
[18:23] Whales: 255 | Vol: $1,143,884
[18:23:44] 🐋 YES $3,101.76 | KXMLBGAME-26APR081235SDPIT-SD
[18:23:59] 🐋 YES $2,686.05 | KXMLBGAME-26APR081435SEATEX-TEX
[18:25:30] 🐋 YES $3,801.60 | KXMLBGAME-26APR081235SDPIT-SD
[18:28] Whales: 258 | Vol: $1,153,473
[18:29:17] 🐋 YES $3,376.32 | KXATPMATCH-26APR09MACSIN-SIN
[18:29:17] 🐋 YES $5,356.80 | KXATPMATCH-26APR09MACSIN-SIN
[18:29:32] 🐋 YES $2,680.00 | KXATPCHALLENGERMATCH-26APR08ANDZIN-AND
[18:29:32] 🐋 YES $2,000.00 | KXMLBTOTAL-26APR081235SDPIT-8
[18:30:18] 🐋 YES $4,357.80 | KXHOCHULMENTION-26APR08-BUFF
[18:32:04] 🐋 NO $6,474.60 | KXMLBGAME-26APR081235SDPIT-PIT
[18:32:04] 🐋 NO $3,600.00 | KXMLBGAME-26APR081235SDPIT-PIT
[18:32:49] 🐋 YES $2,213.12 | KXMLBRFI-26APR081435SEATEX
[18:33] Whales: 266 | Vol: $1,183,532
[18:36:37] 🐋 YES $2,124.15 | KXMLBTOTAL-26APR081235SDPIT-8
[18:38] Whales: 267 | Vol: $1,185,656
[18:39:54] 🐋 YES $2,904.40 | KXUCLGAME-26APR08PSGLFC-PSG
[18:40:39] 🐋 YES $5,100.35 | KXWTAMATCH-26APR08GALCIR-CIR
[18:40:39] 🐋 YES $5,744.43 | KXWTAMATCH-26APR08GALCIR-CIR
[18:41:40] 🐋 YES $2,320.00 | KXMLBGAME-26APR081435SEATEX-SEA
[18:42:25] 🐋 YES $3,542.65 | KXMVESPORTSMULTIGAMEEXTENDED-S2026A671C560032-DA1949D8575
[18:43] Whales: 272 | Vol: $1,205,268
[18:48:13] 🐋 YES $4,840.49 | KXUCLGAME-26APR08PSGLFC-PSG
[18:48] Whales: 273 | Vol: $1,210,108
[18:51:31] 🐋 NO $2,880.80 | KXMLBTOTAL-26APR081235SDPIT-7
[18:52:31] 🎯 NO $2,472.61 | KXBTC15M-26APR081500-00
[18:53:01] 🐋 YES $2,288.90 | KXBTCD-26APR0815-T71099.99
[18:53:47] 🐋 YES $2,300.41 | KXMLBGAME-26APR081507LADTOR-LAD
[18:53:47] 🐋 YES $6,845.09 | KXMVESPORTSMULTIGAMEEXTENDED-S2026A06A45EBE8F-4A2DD2565BB
[18:53] Whales: 278 | Vol: $1,226,896
[18:55:03] 🐋 NO $4,995.00 | KXPGATOUR-MAST26-ARAI
[18:55:18] 🐋 YES $3,533.76 | KXWTAMATCH-26APR08GALCIR-CIR
[18:55:18] 🐋 YES $7,334.40 | KXWTAMATCH-26APR08GALCIR-CIR
[18:55:48] 🐋 NO $4,995.00 | KXPGATOUR-MAST26-MGRE
[18:55:48] 🐋 YES $2,939.04 | KXNBAGAME-26APR08MINORL-ORL
[18:56:04] 🎯 NO $2,852.43 | KXBTC15M-26APR081500-00
[18:57:50] 🐋 NO $2,340.00 | KXUCLTOTAL-26APR08PSGLFC-2
[18:58] Whales: 285 | Vol: $1,255,886
[18:59:21] 🐋 NO $4,900.00 | KXWTAMATCH-26APR08GALCIR-GAL
[18:59:21] 🐋 NO $9,900.00 | KXWTAMATCH-26APR08GALCIR-GAL
[18:59:21] 🐋 NO $6,112.26 | KXWTAMATCH-26APR08GALCIR-GAL
[18:59:21] 🐋 NO $6,348.44 | KXWTAMATCH-26APR08GALCIR-GAL
[18:59:21] 🐋 NO $3,465.00 | KXWTAMATCH-26APR08GALCIR-GAL
[18:59:21] 🐋 NO $9,900.00 | KXWTAMATCH-26APR08GALCIR-GAL
[18:59:21] 🐋 NO $2,989.00 | KXWTAMATCH-26APR08GALCIR-GAL
[19:01:06] 🐋 YES $2,475.00 | KXUCLGAME-26APR08PSGLFC-PSG
[19:01:06] 🐋 YES $2,290.00 | KXPGATOP20-MAST26-PREE
[19:02:07] 🐋 YES $2,288.46 | KXATPCHALLENGERMATCH-26APR08ZHUDEN-ZHU
[19:02:53] 🐋 YES $3,817.00 | KXUCLGAME-26APR08PSGLFC-PSG
[19:02:53] 🐋 YES $2,241.25 | KXUCLGAME-26APR08PSGLFC-PSG
[19:03:08] 🐋 NO $4,995.00 | KXPGATOUR-MAST26-TMCK
[19:03] Whales: 298 | Vol: $1,317,607
[19:05:24] 🐋 YES $4,603.89 | KXUCLGAME-26APR08PSGLFC-PSG
[19:05:54] 🐋 YES $2,370.82 | KXMVESPORTSMULTIGAMEEXTENDED-S202686183A375E9-3AF1A0685F3
[19:07:10] 🐋 YES $2,298.78 | KXMVECROSSCATEGORY-S2026F78B765F96D-AAA592FEB52
[19:08:11] 🐋 YES $2,948.25 | KXATPCHALLENGERMATCH-26APR08POLSCH-SCH
[19:08] Whales: 302 | Vol: $1,329,829
[19:12:14] 🐋 YES $4,100.00 | KXBTCD-26APR0816-T70999.99
[19:12:44] 🐋 YES $3,680.00 | KXMLBGAME-26APR081335MILBOS-BOS
[19:12:59] 🐋 YES $3,180.24 | KXNBAGAME-26APR08ATLCLE-CLE
[19:13:29] 🐋 NO $2,825.40 | KXMLBTOTAL-26APR081507LADTOR-9
[19:13:29] 🐋 NO $3,800.00 | KXMLBGAME-26APR081310KCCLE-KC
[19:13:45] 🐋 YES $3,350.70 | KXMLBGAME-26APR081910AZNYM-AZ
[19:14] Whales: 308 | Vol: $1,350,765
[19:14:45] 🐋 NO $3,840.10 | KXMLBGAME-26APR081410BALCWS-CWS
[19:18:02] 🐋 YES $2,240.00 | KXMLBGAME-26APR081507LADTOR-LAD
[19:19] Whales: 310 | Vol: $1,356,845
[19:20:34] 🐋 YES $2,884.50 | KXMLBGAME-26APR081410BALCWS-BAL
[19:24] Whales: 311 | Vol: $1,359,730
[19:25:38] 🐋 YES $2,454.99 | KXUCLGAME-26APR08PSGLFC-TIE
[19:25:38] 🐋 YES $2,451.60 | KXUCLGAME-26APR08PSGLFC-TIE
[19:25:53] 🐋 YES $3,880.00 | KXMLBGAME-26APR081310KCCLE-CLE
[19:25:53] 🐋 YES $3,164.94 | KXMLBGAME-26APR081507LADTOR-LAD
[19:26:23] 🐋 YES $2,493.87 | KXMLBGAME-26APR081310KCCLE-CLE
[19:27:09] 🐋 NO $2,356.68 | KXMLBTOTAL-26APR081435SEATEX-4
[19:28:24] 🐋 YES $7,886.18 | KXUCLGAME-26APR08PSGLFC-PSG
[19:28:24] 🐋 YES $5,036.44 | KXUCLGAME-26APR08PSGLFC-PSG
[19:29:10] 🐋 YES $2,121.12 | KXMLBGAME-26APR081507LADTOR-TOR
[19:29] Whales: 320 | Vol: $1,391,576
[19:30:26] 🐋 NO $2,475.00 | KXTRUMPMENTION-26APR08-CRYP
[19:30:41] 🐋 YES $2,120.00 | KXMLBGAME-26APR081507LADTOR-LAD
[19:32:27] 🐋 YES $2,422.98 | KXUCLGAME-26APR08BARATM-BAR
[19:33:28] 🐋 YES $2,894.65 | KXMLBGAME-26APR081510HOUCOL-HOU
[19:34] Whales: 324 | Vol: $1,401,488
[19:34:59] 🐋 YES $3,829.80 | KXMLBGAME-26APR081410BALCWS-BAL
[19:35:14] 🐋 YES $2,058.36 | KXATPCHALLENGERMATCH-26APR08SAKGUI-GUI
[19:37:15] 🐋 YES $2,040.00 | KXMLBGAME-26APR081410BALCWS-BAL
[19:37:15] 🐋 YES $4,000.00 | KXMLBGAME-26APR081410BALCWS-BAL
[19:38:46] 🐋 YES $4,080.00 | KXMLBGAME-26APR081410BALCWS-BAL
[19:39] Whales: 329 | Vol: $1,417,496
[19:39:32] 🎯 YES $3,560.58 | KXBTC15M-26APR081545-45
[19:43:35] 🐋 YES $3,120.15 | KXMLBGAME-26APR081545PHISF-PHI
[19:44:20] 🐋 YES $2,253.24 | KXEUROLEAGUEGAME-26APR081330KPBEFS-EFS
[19:44] Whales: 332 | Vol: $1,426,430
[19:44:51] 🐋 YES $3,346.47 | KXMLBGAME-26APR081507LADTOR-LAD
[19:46:06] 🐋 NO $2,276.40 | KXUCLGAME-26APR08BARATM-TIE
[19:46:06] 🐋 YES $6,413.44 | KXUCLGAME-26APR08BARATM-ATM
[19:46:06] 🐋 NO $4,983.00 | KXUCLGAME-26APR08BARATM-BAR
[19:46:06] 🐋 NO $3,446.92 | KXUCLGAME-26APR08BARATM-BAR
[19:46:37] 🐋 NO $2,451.24 | KXUCL1H-26APR08BARATM-BAR
[19:47:22] 🐋 YES $2,240.00 | KXMLBGAME-26APR081410BALCWS-CWS
[19:48:22] 🐋 YES $2,115.00 | KXMLBSPREAD-26APR081905ATHNYY-NYY2
[19:49:08] 🐋 YES $2,533.14 | KXMLBGAME-26APR081510HOUCOL-HOU
[19:49:23] 🐋 YES $2,809.30 | KXATPCHALLENGERMATCH-26APR08POLSCH-SCH
[19:49] Whales: 342 | Vol: $1,459,045
[19:50:24] 🐋 NO $3,633.50 | KXUCLGAME-26APR08BARATM-BAR
[19:53:56] 🐋 YES $24,150.36 | KXUCLGAME-26APR08PSGLFC-PSG
[19:54] Whales: 344 | Vol: $1,486,829
[19:55:57] 🐋 YES $2,440.00 | KXMLBGAME-26APR081510HOUCOL-COL
[19:55:57] 🐋 YES $2,440.00 | KXMLBGAME-26APR081510HOUCOL-COL
[19:55:57] 🐋 YES $2,440.00 | KXMLBGAME-26APR081510HOUCOL-COL
[19:56:12] 🐋 YES $2,410.56 | KXMLBGAME-26APR081545PHISF-PHI
[19:57:43] 🐋 NO $6,240.00 | KXMLBSPREAD-26APR081605STLWSH-STL4
[19:57:58] 🐋 YES $24,944.50 | KXMLBGAME-26APR081510HOUCOL-HOU
[19:59:30] 🐋 YES $2,299.99 | KXMLBGAME-26APR081510HOUCOL-COL
[19:59] Whales: 351 | Vol: $1,530,044
[20:00:15] 🐋 YES $9,306.27 | KXIPLGAME-26APR09LSGKKR-LSG
[20:00:15] 🐋 YES $6,593.20 | KXIPLGAME-26APR09LSGKKR-LSG
[20:00:15] 🐋 YES $10,600.00 | KXIPLGAME-26APR09LSGKKR-LSG
[20:01:31] 🐋 NO $2,126.70 | KXMLBRFI-26APR081605STLWSH
[20:01:46] 🐋 NO $2,088.35 | KXNBAGAME-26APR08ATLCLE-ATL
[20:02:01] 🐋 NO $3,320.00 | KXMLBTOTAL-26APR081507LADTOR-9
[20:02:01] 🐋 NO $3,661.88 | KXMLBTOTAL-26APR081507LADTOR-9
[20:02:31] 🐋 NO $4,082.19 | KXNHLGAME-26APR08EDMSJ-EDM
[20:04:02] 🐋 YES $4,725.32 | KXUCLGAME-26APR08PSGLFC-TIE
[20:04:17] 🐋 NO $4,401.76 | KXMLBGAME-26APR081435SEATEX-SEA
[20:04:17] 🐋 YES $4,405.28 | KXMLBGAME-26APR081435SEATEX-TEX
[20:04] Whales: 362 | Vol: $1,585,355
[20:06:04] 🐋 YES $2,241.36 | KXFIBACHAMPLEAGUEGAME-26APR081400MALALBA-MAL
Traceback (most recent call last):
  File "/root/whale_scanner.py", line 97, in <module>
    time.sleep(SCAN_INTERVAL)
KeyboardInterrupt
