2026-04-03 17:22:55,KXATPMATCH-26APR03TIEBUR-TIE,YES,1627.40,OTHER
2026-04-03 17:22:55,KXATPMATCH-26APR03TIEBUR-TIE,YES,1940.24,OTHER
2026-04-03 17:22:55,KXUSAIRANAGREEMENT-27-26JUN,NO,566.04,OTHER
2026-04-03 17:23:10,KXBTCD-26APR0314-T66499.99,YES,742.50,OTHER
2026-04-03 17:23:25,KXIPLGAME-26APR03PBKSCSK-CSK,YES,916.52,OTHER
2026-04-03 17:23:25,KXATPMATCH-26APR03DROMER-MER,YES,752.50,OTHER
2026-04-03 17:25:43,KXIPLGAME-26APR03PBKSCSK-PBKS,NO,1547.67,OTHER
2026-04-03 17:25:43,KXATPMATCH-26APR03DROMER-DRO,YES,820.00,OTHER
2026-04-03 17:26:13,KXBONDIOUT-26APR-APR05,YES,789.42,OTHER
2026-04-03 17:26:13,KXNBAMVP-26-VWEM,NO,2802.50,OTHER
2026-04-03 17:26:13,KXMLBRFI-26APR031335MIANYY,NO,959.84,OTHER
2026-04-03 17:26:13,KXLIGUE1GAME-26APR03PSGTFC-PSG,YES,957.84,OTHER
2026-04-03 17:26:44,KXMLBGAME-26APR031310STLDET-DET,YES,541.07,OTHER
2026-04-03 17:26:44,KXNCAAMBNEXTCOACH-UNC26-TLLO,NO,2393.82,OTHER
2026-04-03 17:26:59,KXMVECROSSCATEGORY-S20265688BD0082B-9BBD4611F8B,YES,924.10,OTHER
2026-04-03 17:27:14,KXIPLGAME-26APR03PBKSCSK-PBKS,NO,985.32,OTHER
2026-04-03 17:27:14,KXATPMATCH-26APR03DROMER-DRO,YES,659.28,OTHER
2026-04-03 17:27:29,KXIPLGAME-26APR03PBKSCSK-CSK,NO,1637.59,OTHER
2026-04-03 17:27:44,KXMLBSPREAD-26APR031305LADWSH-WSH2,NO,510.00,OTHER
2026-04-03 17:27:44,KXMLBSPREAD-26APR031305LADWSH-WSH2,NO,1919.84,OTHER
2026-04-03 17:27:59,KXIPLGAME-26APR03PBKSCSK-CSK,NO,1763.58,OTHER
2026-04-03 17:28:14,KXATPMATCH-26APR03DROMER-DRO,YES,625.60,OTHER
2026-04-03 17:28:14,KXATPMATCH-26APR03DROMER-DRO,YES,850.00,OTHER
2026-04-03 17:28:14,KXMLBGAME-26APR031310STLDET-DET,YES,540.46,OTHER
2026-04-03 17:28:29,KXATPMATCH-26APR03TIEBUR-TIE,YES,1446.49,OTHER
2026-04-03 17:28:29,KXMVESPORTSMULTIGAMEEXTENDED-S2026A5D404BABB7-BE15ED81A16,NO,533.17,OTHER
2026-04-03 17:28:29,KXIPLGAME-26APR03PBKSCSK-PBKS,YES,567.64,OTHER
2026-04-03 17:28:45,KXCS2GAME-26APR031330HEROBB-BB,YES,600.00,OTHER
2026-04-03 17:29:15,KXMLBSPREAD-26APR031305LADWSH-WSH2,YES,500.00,OTHER
2026-04-03 17:29:45,KXMLBGAME-26APR031310STLDET-STL,YES,960.22,OTHER
2026-04-03 17:30:00,KXWTAMATCH-26APR03ORTRIE-RIE,YES,530.00,OTHER
2026-04-03 17:30:00,KXWTAMATCH-26APR03ORTRIE-RIE,YES,530.00,OTHER
2026-04-03 17:30:00,KXWTAMATCH-26APR03ORTRIE-RIE,YES,530.00,OTHER
2026-04-03 17:30:00,KXWTAMATCH-26APR03ORTRIE-RIE,YES,540.00,OTHER
2026-04-03 17:30:00,KXWTAMATCH-26APR03ORTRIE-RIE,YES,530.00,OTHER
2026-04-03 17:30:00,KXWTAMATCH-26APR03ORTRIE-RIE,YES,1998.00,OTHER
2026-04-03 17:30:00,KXWTAMATCH-26APR03ORTRIE-RIE,YES,530.00,OTHER
2026-04-03 17:30:00,KXWTAMATCH-26APR03ORTRIE-RIE,YES,530.00,OTHER
2026-04-03 17:30:00,KXWTAMATCH-26APR03ORTRIE-RIE,YES,540.00,OTHER
2026-04-03 17:30:15,KXIPLGAME-26APR03PBKSCSK-PBKS,YES,697.30,OTHER
2026-04-03 17:30:15,KXMVESPORTSMULTIGAMEEXTENDED-S20264AF5B2F678C-EBC7AC1BB42,NO,523.21,OTHER
2026-04-03 17:30:15,KXIPLGAME-26APR03PBKSCSK-CSK,NO,1739.45,OTHER
2026-04-03 17:30:15,KXIPLGAME-26APR03PBKSCSK-CSK,NO,855.00,OTHER
2026-04-03 17:30:31,KXMVESPORTSMULTIGAMEEXTENDED-S2026B477E023103-7ABD951DE20,YES,594.45,OTHER
2026-04-03 17:30:31,KXNCAAMBNEXTCOACH-UNC26-TLLO,NO,649.44,OTHER
2026-04-03 17:30:31,KXIPLGAME-26APR03PBKSCSK-PBKS,YES,648.60,OTHER
2026-04-03 17:30:46,KXIPLGAME-26APR03PBKSCSK-PBKS,YES,854.05,OTHER
2026-04-03 17:30:46,KXIPLGAME-26APR03PBKSCSK-PBKS,YES,845.06,OTHER
2026-04-03 17:30:46,KXIPLGAME-26APR03PBKSCSK-PBKS,YES,1157.76,OTHER
2026-04-03 17:30:46,KXIPLGAME-26APR03PBKSCSK-PBKS,YES,854.05,OTHER
2026-04-03 17:30:46,KXIPLGAME-26APR03PBKSCSK-PBKS,YES,2880.00,OTHER
2026-04-03 17:31:01,KXBTC15M-26APR031345-45,YES,1079.20,OUR
2026-04-03 17:31:01,KXBTC15M-26APR031345-45,YES,675.00,OUR
2026-04-03 17:31:01,KXBTCD-26APR0314-T66799.99,YES,1371.05,OTHER
2026-04-03 17:31:16,KXEUROCUPGAME-26APR031200BJKBAH-BJK,YES,623.00,OTHER
2026-04-03 17:31:16,KXEUROCUPGAME-26APR031200BJKBAH-BJK,YES,528.36,OTHER
2026-04-03 17:31:16,KXEUROCUPGAME-26APR031200BJKBAH-BJK,YES,615.00,OTHER
2026-04-03 17:31:16,KXPRESNOMD-28-JBP,NO,681.10,OTHER
2026-04-03 17:31:16,KXMVESPORTSMULTIGAMEEXTENDED-S2026F96719E8DA8-7ACCA614308,YES,1917.30,OTHER
2026-04-03 17:31:31,KXIPLGAME-26APR03PBKSCSK-CSK,NO,2293.20,OTHER
2026-04-03 17:31:31,KXEUROCUPGAME-26APR031200BJKBAH-BJK,YES,622.50,OTHER
2026-04-03 17:31:31,KXEUROCUPGAME-26APR031200BJKBAH-BJK,YES,615.00,OTHER
2026-04-03 17:31:31,KXIPLGAME-26APR03PBKSCSK-CSK,NO,1145.62,OTHER
2026-04-03 17:31:31,KXPGATOUR-VATO26-LABE,NO,562.32,OTHER
2026-04-03 17:32:32,KXEUROLEAGUEGAME-26APR031400OPIASV-OPI,YES,801.09,OTHER
2026-04-03 17:32:32,KXEUROLEAGUEGAME-26APR031400OPIASV-OPI,YES,615.60,OTHER
2026-04-03 17:32:47,KXMLBGAME-26APR031335MIANYY-NYY,YES,580.72,OTHER
2026-04-03 17:33:02,KXMVESPORTSMULTIGAMEEXTENDED-S2026305772B232E-6D0ADCB0AAD,YES,539.26,OTHER
2026-04-03 17:33:17,KXMLBTOTAL-26APR031335MIANYY-8,YES,1260.05,OTHER
2026-04-03 17:33:32,KXIPLGAME-26APR03PBKSCSK-PBKS,YES,4395.07,OTHER
2026-04-03 17:33:47,KXIPLGAME-26APR03PBKSCSK-PBKS,YES,4072.06,OTHER
2026-04-03 17:33:47,KXIPLGAME-26APR03PBKSCSK-PBKS,YES,872.03,OTHER
2026-04-03 17:33:47,KXMLBRFI-26APR031335MIANYY,NO,759.22,OTHER
2026-04-03 17:34:02,KXMLBRFI-26APR031335MIANYY,NO,743.56,OTHER
2026-04-03 17:34:02,KXIPLGAME-26APR03PBKSCSK-CSK,NO,4979.01,OTHER
2026-04-03 17:34:18,KXMVECROSSCATEGORY-S202671B266B4641-C9F18063169,YES,1119.08,OTHER
2026-04-03 17:34:18,KXMVESPORTSMULTIGAMEEXTENDED-S20269B274D0E43A-DFC84D92178,YES,845.82,OTHER
2026-04-03 17:34:33,KXMLBRFI-26APR031335MIANYY,NO,967.01,OTHER
2026-04-03 17:34:33,KXMLBGAME-26APR031410SDBOS-SD,YES,651.89,OTHER
2026-04-03 17:34:33,KXMLBGAME-26APR031410SDBOS-SD,YES,859.63,OTHER
2026-04-03 17:34:33,KXIPLGAME-26APR03PBKSCSK-PBKS,YES,829.35,OTHER
2026-04-03 17:34:48,KXMLBGAME-26APR031410SDBOS-SD,YES,2880.00,OTHER
2026-04-03 17:34:48,KXIPLGAME-26APR03PBKSCSK-PBKS,YES,872.03,OTHER
2026-04-03 17:34:48,KXIPLGAME-26APR03PBKSCSK-PBKS,YES,937.99,OTHER
2026-04-03 17:34:48,KXIPLGAME-26APR03PBKSCSK-PBKS,YES,872.03,OTHER
2026-04-03 17:34:48,KXIPLGAME-26APR03PBKSCSK-PBKS,YES,970.00,OTHER
2026-04-03 17:35:18,KXBTC15M-26APR031345-45,YES,513.00,OUR
2026-04-03 17:35:33,KXATPMATCH-26APR03TIEBUR-TIE,YES,1837.44,OTHER
2026-04-03 17:35:48,KXBONDIOUT-26APR-APR05,YES,1220.00,OTHER
2026-04-03 17:35:48,KXBONDIOUT-26APR-APR05,YES,1202.31,OTHER
2026-04-03 17:35:48,KXBTC15M-26APR031345-45,NO,650.00,OUR
2026-04-03 17:36:03,KXIPLGAME-26APR03PBKSCSK-CSK,NO,970.00,OTHER
2026-04-03 17:36:03,KXMLBGAME-26APR031305LADWSH-WSH,YES,1011.20,OTHER
2026-04-03 17:36:19,KXATPCHALLENGERMATCH-26APR03SANBRA-SAN,YES,586.00,OTHER
2026-04-03 17:36:19,KXWTAMATCH-26APR03KEYBEN-KEY,NO,550.00,OTHER
2026-04-03 17:36:49,KXATPMATCH-26APR03TIEBUR-TIE,NO,1829.88,OTHER
2026-04-03 17:36:49,KXMLBTOTAL-26APR031305LADWSH-11,NO,774.33,OTHER
2026-04-03 17:36:49,KXIPLGAME-26APR03PBKSCSK-PBKS,YES,8687.70,OTHER
2026-04-03 17:36:49,KXCS2GAME-26APR041200EYEFAZE-FAZE,NO,940.00,OTHER
2026-04-03 17:37:19,KXLIGAPORTUGALGAME-26APR03SPOSCL-SPO,YES,1181.70,OTHER
2026-04-03 17:37:19,KXWTAMATCH-26APR03KEYBEN-BEN,YES,620.00,OTHER
2026-04-03 17:37:19,KXMLBGAME-26APR031305LADWSH-WSH,YES,2560.00,OTHER
2026-04-03 17:37:19,KXMLBGAME-26APR031305LADWSH-WSH,YES,1524.48,OTHER
2026-04-03 17:37:19,KXMLBGAME-26APR031305LADWSH-WSH,YES,782.72,OTHER
2026-04-03 17:37:34,KXPGATOUR-VATO26-RMAC,YES,740.00,OTHER
2026-04-03 17:37:34,KXPGATOUR-VATO26-RMAC,YES,520.45,OTHER
2026-04-03 17:37:34,KXPGATOUR-VATO26-RMAC,YES,3700.00,OTHER
2026-04-03 17:37:34,KXPGATOUR-VATO26-RMAC,YES,3600.00,OTHER
2026-04-03 17:38:04,KXMLBRFI-26APR021610TORCWS,NO,610.65,OTHER
2026-04-03 17:38:04,KXPGAR2LEAD-VATO26-LABE,NO,820.00,OTHER
2026-04-03 17:38:04,KXPGAR2LEAD-VATO26-LABE,NO,2142.26,OTHER
2026-04-03 17:38:04,KXPGAR2LEAD-VATO26-LABE,NO,502.85,OTHER
2026-04-03 17:38:20,KXSAUDIPLGAME-26APR03ITJHAZ-HAZ,NO,559.45,OTHER
2026-04-03 17:38:35,KXIPLGAME-26APR03PBKSCSK-PBKS,YES,997.16,OTHER
2026-04-03 17:38:35,KXLIGAPORTUGALGAME-26APR03VITTON-TON,NO,979.11,OTHER
2026-04-03 17:38:35,KXIPLGAME-26APR03PBKSCSK-PBKS,YES,712.95,OTHER
2026-04-03 17:38:50,KXIPLGAME-26APR03PBKSCSK-CSK,NO,872.03,OTHER
2026-04-03 17:38:50,KXLLM1-26APR04-ANTH,YES,959.31,OTHER
2026-04-03 17:39:05,KXMLBGAME-26APR031305LADWSH-LAD,YES,1717.80,OTHER
2026-04-03 17:39:05,KXPGAR2LEAD-VATO26-LABE,NO,707.55,OTHER
2026-04-03 17:39:20,KXPGAR2LEAD-VATO26-LABE,NO,500.52,OTHER
2026-04-03 17:39:20,KXMARMAD-26-MICH,YES,5355.00,OTHER
2026-04-03 17:39:20,KXMLBSPREAD-26APR031335MIANYY-NYY2,NO,675.55,OTHER
2026-04-03 17:39:35,KXIPLGAME-26APR03PBKSCSK-CSK,NO,572.22,OTHER
2026-04-03 17:39:35,KXATPMATCH-26APR03DROMER-DRO,YES,890.00,OTHER
2026-04-03 17:39:35,KXATPMATCH-26APR03DROMER-DRO,YES,880.00,OTHER
2026-04-03 17:39:35,KXATPMATCH-26APR03DROMER-DRO,YES,880.00,OTHER
2026-04-03 17:39:35,KXATPMATCH-26APR03DROMER-DRO,YES,880.00,OTHER
2026-04-03 17:39:35,KXATPMATCH-26APR03DROMER-DRO,YES,880.00,OTHER
2026-04-03 17:39:35,KXATPMATCH-26APR03DROMER-DRO,YES,880.00,OTHER
2026-04-03 17:39:35,KXATPMATCH-26APR03DROMER-DRO,YES,1317.18,OTHER
2026-04-03 17:39:50,KXNCAAMBTOTAL-26APR04OKLABAY-157,YES,742.53,OTHER
2026-04-03 17:39:50,KXIPLGAME-26APR03PBKSCSK-PBKS,YES,1838.43,OTHER
2026-04-03 17:39:50,KXIPLGAME-26APR03PBKSCSK-PBKS,YES,690.03,OTHER
2026-04-03 17:39:50,KXATPMATCH-26APR03DROMER-DRO,YES,920.00,OTHER
2026-04-03 17:39:50,KXATPMATCH-26APR03DROMER-DRO,YES,920.00,OTHER
2026-04-03 17:39:50,KXATPMATCH-26APR03DROMER-DRO,YES,5123.30,OTHER
2026-04-03 17:39:50,KXATPMATCH-26APR03DROMER-DRO,YES,5154.76,OTHER
2026-04-03 17:39:50,KXATPMATCH-26APR03DROMER-DRO,YES,6207.24,OTHER
2026-04-03 17:39:50,KXATPMATCH-26APR03DROMER-DRO,YES,920.00,OTHER
2026-04-03 17:39:50,KXATPMATCH-26APR03DROMER-DRO,YES,910.00,OTHER
2026-04-03 17:39:50,KXATPMATCH-26APR03DROMER-DRO,YES,920.00,OTHER
2026-04-03 17:39:50,KXATPMATCH-26APR03DROMER-DRO,YES,920.00,OTHER
2026-04-03 17:39:50,KXATPMATCH-26APR03DROMER-DRO,YES,920.00,OTHER
2026-04-03 17:39:50,KXIPLGAME-26APR03PBKSCSK-PBKS,YES,792.00,OTHER
2026-04-03 17:39:50,KXIPLGAME-26APR03PBKSCSK-PBKS,YES,1862.19,OTHER
2026-04-03 17:39:50,KXMLBTOTAL-26APR031310STLDET-7,NO,1425.05,OTHER
2026-04-03 17:39:50,KXPGAR2LEAD-VATO26-LABE,NO,1526.58,OTHER
2026-04-03 17:39:50,KXPGAR2LEAD-VATO26-LABE,NO,978.04,OTHER
2026-04-03 17:40:06,KXATPMATCH-26APR03DROMER-DRO,YES,894.24,OTHER
2026-04-03 17:40:06,KXATPMATCH-26APR03DROMER-MER,NO,1390.48,OTHER
2026-04-03 17:40:21,KXMLBTOTAL-26APR031310STLDET-4,YES,520.41,OTHER
2026-04-03 17:40:21,KXBONDIOUT-26MAY01,YES,1530.00,OTHER
2026-04-03 17:40:36,KXNBAGAME-26APR03CHINYK-CHI,YES,676.00,OTHER
2026-04-03 17:40:36,KXLIGUE1GAME-26APR03PSGTFC-PSG,YES,1755.00,OTHER
2026-04-03 17:40:51,KXMLBGAME-26APR031305LADWSH-LAD,YES,1048.11,OTHER
2026-04-03 17:41:06,KXNBAGAME-26APR03BOSMIL-MIL,YES,800.00,OTHER
2026-04-03 17:41:06,KXIPLGAME-26APR03PBKSCSK-CSK,NO,1764.15,OTHER
2026-04-03 17:41:21,KXMVESPORTSMULTIGAMEEXTENDED-S2026309DE7D433E-B211428A80B,NO,522.70,OTHER
2026-04-03 17:41:21,KXIPLGAME-26APR03PBKSCSK-PBKS,YES,1195.10,OTHER
2026-04-03 17:41:21,KXNBAGAME-26APR03MINPHI-PHI,YES,1260.00,OTHER
2026-04-03 17:41:51,KXLIGUE1GAME-26APR03PSGTFC-TFC,NO,1228.53,OTHER
2026-04-03 17:41:51,KXLIGUE1GAME-26APR03PSGTFC-TFC,NO,890.94,OTHER
2026-04-03 17:41:51,KXLIGUE1GAME-26APR03PSGTFC-TFC,NO,926.28,OTHER
2026-04-03 17:41:51,KXLIGUE1GAME-26APR03PSGTFC-TFC,NO,677.97,OTHER
2026-04-03 17:41:51,KXLIGUE1GAME-26APR03PSGTFC-TFC,NO,929.07,OTHER
2026-04-03 17:42:07,KXIPLGAME-26APR03PBKSCSK-PBKS,YES,978.54,OTHER
2026-04-03 17:42:07,KXATPCHALLENGERMATCH-26APR03SANBRA-BRA,YES,840.00,OTHER
2026-04-03 17:42:22,KXMVESPORTSMULTIGAMEEXTENDED-S2026B75CA82629B-7A8594629DD,NO,755.12,OTHER
2026-04-03 17:42:22,KXIPLGAME-26APR03PBKSCSK-PBKS,YES,977.60,OTHER
2026-04-03 17:42:22,KXETH15M-26APR031345-45,YES,795.26,OUR
2026-04-03 17:42:37,KXIPLGAME-26APR03PBKSCSK-PBKS,NO,1369.10,OTHER
2026-04-03 17:42:37,KXATPMATCH-26APR03TIEBUR-TIE,YES,1253.72,OTHER
2026-04-03 17:42:37,KXATPMATCH-26APR03TIEBUR-TIE,YES,916.76,OTHER
2026-04-03 17:42:37,KXWTAMATCH-26APR03KEYBEN-BEN,YES,700.00,OTHER
2026-04-03 17:42:37,KXWTAMATCH-26APR03KEYBEN-BEN,YES,700.00,OTHER
2026-04-03 17:42:52,KXIPLGAME-26APR03PBKSCSK-PBKS,YES,576.20,OTHER
2026-04-03 17:42:52,KXIPLGAME-26APR03PBKSCSK-PBKS,YES,773.14,OTHER
2026-04-03 17:42:52,KXBTC15M-26APR031345-45,YES,639.00,OUR
2026-04-03 17:43:07,KXIPLGAME-26APR03PBKSCSK-PBKS,YES,747.12,OTHER
2026-04-03 17:43:07,KXIPLGAME-26APR03PBKSCSK-PBKS,YES,791.12,OTHER
2026-04-03 17:43:07,KXIPLGAME-26APR03PBKSCSK-PBKS,YES,791.12,OTHER
2026-04-03 17:43:07,KXIPLGAME-26APR03PBKSCSK-PBKS,YES,791.12,OTHER
2026-04-03 17:43:07,KXIPLGAME-26APR03PBKSCSK-PBKS,YES,791.12,OTHER
2026-04-03 17:43:07,KXIPLGAME-26APR03PBKSCSK-PBKS,YES,791.12,OTHER
2026-04-03 17:43:22,KXBTC15M-26APR031345-45,NO,737.50,OUR
2026-04-03 17:43:22,KXMLBGAME-26APR031305LADWSH-WSH,YES,1425.00,OTHER
2026-04-03 17:43:37,KXATPMATCH-26APR03DROMER-DRO,YES,596.90,OTHER
2026-04-03 17:43:53,KXBTCD-26APR0314-T66699.99,YES,598.78,OTHER
2026-04-03 17:44:08,KXMLBGAME-26APR031305LADWSH-WSH,NO,603.00,OTHER
2026-04-03 17:44:23,KXMLBGAME-26APR031305LADWSH-WSH,NO,663.00,OTHER
2026-04-03 17:44:53,KXBTC15M-26APR031345-45,NO,1237.50,OUR
2026-04-03 17:45:08,KXSAUDIPLTOTAL-26APR03AKHKHA-3,NO,3207.10,OTHER
2026-04-03 17:45:08,KXATPMATCH-26APR03DROMER-DRO,YES,672.06,OTHER
2026-04-03 17:45:23,KXMLBTOTAL-26APR031310STLDET-6,NO,510.00,OTHER
2026-04-03 17:45:23,KXIPLGAME-26APR03PBKSCSK-PBKS,YES,763.80,OTHER
2026-04-03 17:46:09,KXMLBTOTAL-26APR031310STLDET-8,NO,720.00,OTHER
2026-04-03 17:46:09,KXMLBGAME-26APR031610CHCCLE-CHC,YES,629.11,OTHER
2026-04-03 17:46:09,KXMVECROSSCATEGORY-S2026A416A5A57D6-635202AED46,YES,1895.50,OTHER
2026-04-03 17:46:24,KXMLBRFI-26APR031410SDBOS,NO,1460.80,OTHER
2026-04-03 17:46:24,KXMLBRFI-26APR031410SDBOS,NO,997.70,OTHER
2026-04-03 17:46:24,KXATPMATCH-26APR03DROMER-MER,NO,855.83,OTHER
2026-04-03 17:46:24,KXATPMATCH-26APR03DROMER-MER,NO,1076.04,OTHER
2026-04-03 17:46:39,KXATPCHALLENGERMATCH-26APR03SANBRA-SAN,NO,935.39,OTHER
2026-04-03 17:46:39,KXIPLGAME-26APR03PBKSCSK-PBKS,YES,960.00,OTHER
2026-04-03 17:46:39,KXIPLGAME-26APR03PBKSCSK-PBKS,YES,863.04,OTHER
2026-04-03 17:46:39,KXMARMAD-26-CONN,YES,1050.00,OTHER
2026-04-03 17:46:39,KXMLBTOTAL-26APR031610PHICOL-8,YES,760.00,OTHER
2026-04-03 17:46:54,KXMLBGAME-26APR031305LADWSH-LAD,YES,798.84,OTHER
2026-04-03 17:46:54,KXIPLGAME-26APR03PBKSCSK-PBKS,YES,881.02,OTHER
2026-04-03 17:46:54,KXIPLGAME-26APR03PBKSCSK-PBKS,YES,881.02,OTHER
2026-04-03 17:46:54,KXIPLGAME-26APR03PBKSCSK-PBKS,YES,881.02,OTHER
2026-04-03 17:47:39,KXMLBGAME-26APR031335MIANYY-NYY,YES,550.00,OTHER
2026-04-03 17:47:54,KXWTAMATCH-26APR03KEYBEN-BEN,YES,580.00,OTHER
2026-04-03 17:47:54,KXWTAMATCH-26APR03KEYBEN-BEN,YES,2205.74,OTHER
2026-04-03 17:47:54,KXMLBWINS-NYM-26-T90,NO,753.00,OTHER
2026-04-03 17:48:10,KXMVESPORTSMULTIGAMEEXTENDED-S202625384115E33-56DC5EEBE85,YES,565.71,OTHER
2026-04-03 17:48:10,KXWTAMATCH-26APR03ORTRIE-ORT,YES,1223.60,OTHER
2026-04-03 17:48:10,KXMLBGAME-26APR031305LADWSH-LAD,YES,1564.92,OTHER
2026-04-03 17:48:10,KXMLBGAME-26APR031305LADWSH-LAD,YES,1895.88,OTHER
2026-04-03 17:48:55,KXBTCD-26APR0317-T66299.99,YES,564.94,OTHER
2026-04-03 17:48:55,KXBTCD-26APR0317-T66299.99,YES,574.34,OTHER
2026-04-03 17:49:10,KXATPMATCH-26APR03ALTMAR-ALT,NO,572.75,OTHER
2026-04-03 17:49:25,KXMLBGAME-26APR031335MIANYY-MIA,YES,860.57,OTHER
2026-04-03 17:49:25,KXATPMATCH-26APR03DROMER-MER,NO,696.01,OTHER
2026-04-03 17:49:40,KXATPMATCH-26APR03DROMER-DRO,NO,820.00,OTHER
2026-04-03 17:50:11,KXMLBGAME-26APR031305LADWSH-LAD,YES,2520.00,OTHER
2026-04-03 17:50:11,KXMLBGAME-26APR031305LADWSH-LAD,YES,2520.00,OTHER
2026-04-03 17:50:11,KXMLBGAME-26APR031305LADWSH-LAD,YES,6578.88,OTHER
2026-04-03 17:50:11,KXWTAMATCH-26APR03KEYBEN-BEN,YES,550.00,OTHER
2026-04-03 17:50:11,KXWTAMATCH-26APR03KEYBEN-BEN,YES,550.00,OTHER
2026-04-03 17:50:11,KXNBAGAME-26APR03MINPHI-MIN,YES,868.53,OTHER
2026-04-03 17:50:11,KXMLBGAME-26APR031310STLDET-STL,YES,525.00,OTHER
2026-04-03 17:50:26,KXATPCHALLENGERMATCH-26APR03MIDDEL-DEL,YES,770.50,OTHER
2026-04-03 17:50:26,KXATPCHALLENGERMATCH-26APR03MIDDEL-DEL,YES,610.37,OTHER
2026-04-03 17:50:41,KXWTAMATCH-26APR03ORTRIE-RIE,YES,1613.86,OTHER
2026-04-03 17:50:56,KXMARMAD-26-ARIZ,YES,764.66,OTHER
2026-04-03 17:51:26,KXKYPRIMARY-01R26-DSIM,NO,753.69,OTHER
2026-04-03 17:51:26,KXWTAMATCH-26APR03KEYBEN-BEN,YES,3783.83,OTHER
2026-04-03 17:51:26,KXWTAMATCH-26APR03KEYBEN-BEN,YES,5428.22,OTHER
2026-04-03 17:51:26,KXMLBSPREAD-26APR031410SDBOS-SD2,NO,859.30,OTHER
2026-04-03 17:51:41,KXMLBGAME-26APR031310STLDET-DET,YES,2057.22,OTHER
2026-04-03 17:51:41,KXMLBSPREAD-26APR031612BALPIT-BAL2,NO,1265.40,OTHER
2026-04-03 17:51:41,KXATPMATCH-26APR03ALTMAR-ALT,NO,776.80,OTHER
2026-04-03 17:51:41,KXATPMATCH-26APR03TIEBUR-TIE,YES,579.04,OTHER
2026-04-03 17:51:56,KXSAUDIPLGAME-26APR03ITJHAZ-HAZ,NO,1244.16,OTHER
2026-04-03 17:51:56,KXWTAMATCH-26APR03KEYBEN-BEN,YES,580.00,OTHER
2026-04-03 17:51:56,KXWTAMATCH-26APR03KEYBEN-BEN,YES,580.00,OTHER
2026-04-03 17:51:56,KXWTAMATCH-26APR03KEYBEN-BEN,YES,580.00,OTHER
2026-04-03 17:51:56,KXWTAMATCH-26APR03KEYBEN-BEN,YES,580.00,OTHER
2026-04-03 17:51:56,KXWTAMATCH-26APR03KEYBEN-BEN,YES,580.00,OTHER
2026-04-03 17:51:57,KXWTAMATCH-26APR03KEYBEN-BEN,YES,580.00,OTHER
2026-04-03 17:51:57,KXMLBGAME-26APR031335MIANYY-MIA,NO,1971.52,OTHER
2026-04-03 17:51:57,KXMLBGAME-26APR031335MIANYY-NYY,YES,2006.90,OTHER
2026-04-03 17:52:12,KXMVECROSSCATEGORY-S20261073E8C0972-ED1CD0E4BB4,YES,761.12,OTHER
2026-04-03 17:52:12,KXLEADERNBASTL-26-KLEO,NO,2912.91,OTHER
2026-04-03 17:52:12,KXMVECROSSCATEGORY-S20263C1F801893B-AB4B8030D10,YES,1427.19,OTHER
2026-04-03 17:52:27,KXMLBGAME-26APR031335MIANYY-MIA,NO,760.00,OTHER
2026-04-03 17:52:42,KXMLBTOTAL-26APR031335MIANYY-10,YES,590.00,OTHER
2026-04-03 17:52:57,KXWTAMATCH-26APR03ORTRIE-ORT,YES,620.00,OTHER
2026-04-03 17:52:57,KXWTAMATCH-26APR03ORTRIE-ORT,YES,620.00,OTHER
2026-04-03 17:52:57,KXWTAMATCH-26APR03ORTRIE-ORT,YES,620.00,OTHER
2026-04-03 17:52:57,KXWTAMATCH-26APR03ORTRIE-ORT,YES,620.00,OTHER
2026-04-03 17:52:57,KXPGATOUR-VATO26-RMAC,NO,504.21,OTHER
2026-04-03 17:52:57,KXNCAAMBNEXTCOACH-UNC26-GMCC,NO,910.00,OTHER
2026-04-03 17:53:27,KXATPMATCH-26APR03TIEBUR-TIE,NO,2847.65,OTHER
2026-04-03 17:53:27,KXATPMATCH-26APR03TIEBUR-TIE,NO,713.05,OTHER
2026-04-03 17:53:42,KXATPMATCH-26APR03DROMER-DRO,NO,1193.70,OTHER
2026-04-03 17:53:42,KXLIGUE1GAME-26APR03PSGTFC-PSG,YES,529.62,OTHER
2026-04-03 17:53:42,KXLIGUE1GAME-26APR03PSGTFC-PSG,YES,1298.70,OTHER
2026-04-03 17:53:42,KXMLBGAME-26APR031335MIANYY-NYY,NO,1295.04,OTHER
2026-04-03 17:53:58,KXMLBGAME-26APR031335MIANYY-NYY,YES,1155.00,OTHER
2026-04-03 17:53:58,KXMLBGAME-26APR031335MIANYY-NYY,YES,1925.00,OTHER
2026-04-03 17:53:58,KXMLBGAME-26APR031335MIANYY-NYY,YES,1540.00,OTHER
2026-04-03 17:54:13,KXATPMATCH-26APR03TIEBUR-BUR,NO,1181.41,OTHER
2026-04-03 17:54:43,KXATPMATCH-26APR03DROMER-MER,NO,866.50,OTHER
2026-04-03 17:54:43,KXIPLGAME-26APR04RRGT-RR,YES,510.00,OTHER
2026-04-03 17:54:43,KXATPMATCH-26APR03TIEBUR-TIE,YES,1392.48,OTHER
2026-04-03 17:54:43,KXATPMATCH-26APR03TIEBUR-TIE,YES,502.20,OTHER
2026-04-03 17:54:43,KXMLBGAME-26APR031410SDBOS-BOS,YES,649.62,OTHER
2026-04-03 17:54:58,KXATPMATCH-26APR03DROMER-MER,YES,991.34,OTHER
2026-04-03 17:55:13,KXBTC-26APR0314-B66950,NO,610.61,OTHER
2026-04-03 17:55:13,KXBTC-26APR0314-B66950,NO,518.70,OTHER
2026-04-03 17:55:28,KXATPMATCH-26APR03DROMER-DRO,NO,620.62,OTHER
2026-04-03 17:55:43,KXATPMATCH-26APR03TIEBUR-TIE,YES,612.00,OTHER
2026-04-03 17:55:43,KXSAUDIPLGAME-26APR03ITJHAZ-ITJ,YES,665.34,OTHER
2026-04-03 17:55:43,KXSAUDIPLGAME-26APR03ITJHAZ-TIE,NO,733.58,OTHER
2026-04-03 17:55:43,KXATPMATCH-26APR03DROMER-MER,YES,790.00,OTHER
2026-04-03 17:55:43,KXATPMATCH-26APR03DROMER-MER,YES,790.00,OTHER
2026-04-03 17:55:59,KXATPMATCH-26APR03DROMER-MER,YES,1200.00,OTHER
2026-04-03 17:56:14,KXNBAMIMP-26-JDUR,YES,1900.00,OTHER
2026-04-03 17:56:29,KXMLBGAME-26APR031410SDBOS-SD,YES,745.92,OTHER
2026-04-03 17:56:59,KXWTAMATCH-26APR03KEYBEN-BEN,NO,1404.20,OTHER
2026-04-03 17:57:14,KXWTAMATCH-26APR03KEYBEN-BEN,YES,1309.18,OTHER
2026-04-03 17:57:14,KXMLBTOTAL-26APR031335MIANYY-8,YES,760.00,OTHER
2026-04-03 17:57:29,KXMVECROSSCATEGORY-S2026766CF1F22F4-18DFB8AE47D,NO,712.91,OTHER
2026-04-03 17:57:29,KXATPMATCH-26APR03TIEBUR-TIE,NO,6800.00,OTHER
2026-04-03 17:57:29,KXNCAAMBGAME-26APR04ILLCONN-ILL,NO,588.80,OTHER
2026-04-03 17:57:29,KXNCAAMBGAME-26APR04ILLCONN-ILL,NO,1671.18,OTHER
2026-04-03 17:57:29,KXNCAAMBGAME-26APR04ILLCONN-ILL,NO,1748.00,OTHER
2026-04-03 17:57:29,KXNCAAMBGAME-26APR04ILLCONN-ILL,NO,1867.14,OTHER
2026-04-03 17:57:45,KXPGATOUR-VATO26-RMAC,YES,963.54,OTHER
2026-04-03 17:58:00,KXEUROCUPGAME-26APR031200BJKBAH-BJK,YES,500.78,OTHER
2026-04-03 17:58:00,KXWTAMATCH-26APR03ORTRIE-ORT,YES,760.00,OTHER
2026-04-03 17:58:00,KXWTAMATCH-26APR03ORTRIE-ORT,YES,760.00,OTHER
2026-04-03 17:58:00,KXWTAMATCH-26APR03ORTRIE-ORT,YES,608.00,OTHER
2026-04-03 17:58:00,KXWTAMATCH-26APR03ORTRIE-ORT,YES,770.00,OTHER
2026-04-03 17:58:00,KXWTAMATCH-26APR03ORTRIE-ORT,YES,770.00,OTHER
2026-04-03 17:58:00,KXWTAMATCH-26APR03ORTRIE-ORT,YES,760.00,OTHER
2026-04-03 17:58:00,KXWTAMATCH-26APR03ORTRIE-ORT,YES,760.00,OTHER
2026-04-03 17:58:00,KXWTAMATCH-26APR03ORTRIE-ORT,YES,760.00,OTHER
2026-04-03 17:58:00,KXWTAMATCH-26APR03ORTRIE-RIE,NO,2002.91,OTHER
2026-04-03 17:58:15,KXWTAMATCH-26APR03KEYBEN-BEN,NO,2753.15,OTHER
2026-04-03 17:58:15,KXATPMATCH-26APR03TIEBUR-TIE,YES,722.10,OTHER
2026-04-03 17:58:15,KXNBAGAME-26APR03ATLBKN-ATL,YES,978.36,OTHER
2026-04-03 17:58:15,KXWTAMATCH-26APR03ORTRIE-ORT,YES,985.13,OTHER
2026-04-03 17:58:30,KXMLBTOTAL-26APR031335MIANYY-8,YES,740.00,OTHER
2026-04-03 17:59:15,KXATPMATCH-26APR03DROMER-MER,YES,815.19,OTHER
2026-04-03 17:59:15,KXATPMATCH-26APR03DROMER-MER,YES,752.55,OTHER
2026-04-03 17:59:15,KXATPMATCH-26APR03DROMER-MER,YES,1199.52,OTHER
2026-04-03 17:59:31,KXWTAMATCH-26APR03ORTRIE-ORT,YES,1020.82,OTHER
2026-04-03 17:59:46,KXPGATOUR-VATO26-LABE,NO,504.60,OTHER
2026-04-03 18:00:01,KXMVESPORTSMULTIGAMEEXTENDED-S202698603E2B5B3-CAFD164BC0E,NO,636.87,OTHER
2026-04-03 18:00:01,KXWTAMATCH-26APR03ORTRIE-RIE,NO,625.50,OTHER
2026-04-03 18:00:37,KXMLBGAME-26APR031305LADWSH-LAD,YES,2680.00,OTHER
2026-04-03 18:03:09,KXMLBGAME-26APR031335MIANYY-NYY,YES,2067.56,OTHER
2026-04-03 18:05:25,KXATPMATCH-26APR03TIEBUR-BUR,YES,5757.90,OTHER
2026-04-03 18:05:25,KXATPMATCH-26APR03TIEBUR-BUR,YES,5817.90,OTHER
2026-04-03 18:06:25,KXLIGUE1GAME-26APR03PSGTFC-PSG,YES,2461.68,OTHER
2026-04-03 18:06:55,KXWTAMATCH-26APR03ORTRIE-ORT,YES,6580.53,OTHER
2026-04-03 18:07:26,KXMLBGAME-26APR031305LADWSH-WSH,NO,4516.28,OTHER
2026-04-03 18:08:11,KXATPMATCH-26APR03TIEBUR-BUR,YES,3024.56,OTHER
2026-04-03 18:09:57,KXMLBGAME-26APR031305LADWSH-WSH,NO,3600.00,OTHER
2026-04-03 18:09:57,KXMLBGAME-26APR031305LADWSH-WSH,NO,2945.70,OTHER
2026-04-03 18:10:57,KXATPMATCH-26APR03TIEBUR-BUR,YES,5270.94,OTHER
2026-04-03 18:12:43,KXMLBGAME-26APR031335MIANYY-NYY,YES,2785.38,OTHER
2026-04-03 18:15:14,KXLIGUE1GAME-26APR03PSGTFC-PSG,YES,2031.26,OTHER
2026-04-03 18:17:15,KXMLBGAME-26APR031305LADWSH-LAD,YES,3560.97,OTHER
2026-04-03 18:18:16,KXMLBGAME-26APR031335MIANYY-NYY,YES,6396.00,OTHER
2026-04-03 18:19:31,KXNCAAWBGAME-26APR03SCARCONN-CONN,YES,7700.00,OTHER
2026-04-03 18:19:31,KXNCAAWBGAME-26APR03SCARCONN-CONN,YES,2310.00,OTHER
2026-04-03 18:19:31,KXNCAAWBGAME-26APR03SCARCONN-CONN,YES,5558.63,OTHER
2026-04-03 18:19:46,KXATPMATCH-26APR03TIEBUR-TIE,NO,3555.20,OTHER
2026-04-03 18:19:46,KXMLBGAME-26APR031305LADWSH-LAD,YES,2450.00,OTHER
2026-04-03 18:19:46,KXATPMATCH-26APR03TIEBUR-BUR,YES,5353.92,OTHER
2026-04-03 18:19:46,KXATPMATCH-26APR03TIEBUR-BUR,YES,2478.96,OTHER
2026-04-03 18:20:02,KXATPMATCH-26APR03TIEBUR-BUR,YES,3989.92,OTHER
2026-04-03 18:20:47,KXMLBGAME-26APR031305LADWSH-WSH,NO,4950.00,OTHER
2026-04-03 18:21:32,KXPGATOUR-VATO26-TFLE,NO,48000.00,OTHER
2026-04-03 18:21:32,KXPGATOUR-VATO26-TFLE,NO,9600.00,OTHER
2026-04-03 18:21:32,KXPGATOUR-VATO26-TFLE,NO,19400.00,OTHER
2026-04-03 18:21:32,KXPGATOUR-VATO26-TFLE,NO,7505.86,OTHER
2026-04-03 18:21:32,KXPGATOUR-VATO26-TFLE,NO,5516.16,OTHER
2026-04-03 18:22:03,KXMLBGAME-26APR031410SDBOS-BOS,YES,6622.56,OTHER
2026-04-03 18:22:18,KXNBAGAME-26APR03MINPHI-PHI,YES,2003.22,OTHER
2026-04-03 18:22:33,KXAAAGASW-26APR06-4.140,NO,4683.84,OTHER
2026-04-03 18:23:03,KXMLBGAME-26APR031305LADWSH-LAD,YES,2447.28,OTHER
2026-04-03 18:23:18,KXMLBGAME-26APR021610TORCWS-TOR,NO,2954.00,OTHER
2026-04-03 18:23:18,KXNBAGAME-26APR03MINPHI-PHI,YES,4843.44,OTHER
2026-04-03 18:23:48,KXAAAGASW-26APR06-4.200,NO,5499.45,OTHER
2026-04-03 18:23:48,KXAAAGASW-26APR06-4.200,NO,8799.12,OTHER
2026-04-03 18:23:48,KXMLBGAME-26APR021610TORCWS-TOR,NO,2132.00,OTHER
2026-04-03 18:24:34,KXMLBGAME-26APR031310STLDET-DET,YES,2490.00,OTHER
2026-04-03 18:24:34,KXMLBGAME-26APR031310STLDET-DET,YES,2490.00,OTHER
2026-04-03 18:24:34,KXMLBGAME-26APR031310STLDET-DET,YES,2443.52,OTHER
2026-04-03 18:24:34,KXMLBGAME-26APR031310STLDET-DET,YES,3320.00,OTHER
2026-04-03 18:24:34,KXMLBGAME-26APR031310STLDET-DET,YES,2490.00,OTHER
2026-04-03 18:24:34,KXLIGUE1GAME-26APR03PSGTFC-PSG,YES,3528.91,OTHER
2026-04-03 18:25:04,KXMLBGAME-26APR031305LADWSH-LAD,YES,2542.32,OTHER
2026-04-03 18:25:04,KXMVECROSSCATEGORY-S2026561C865BF5A-132948C80A8,NO,2292.68,OTHER
2026-04-03 18:25:34,KXMVESPORTSMULTIGAMEEXTENDED-S2026ECF6F5EABAE-341C5AC7D72,YES,2360.12,OTHER
2026-04-03 18:26:20,KXPGATOUR-VATO26-RMAC,YES,4401.54,OTHER
2026-04-03 18:27:35,KXPGATOUR-VATO26-RMAC,YES,4031.10,OTHER
2026-04-03 18:27:35,KXPGATOUR-VATO26-RMAC,YES,2722.16,OTHER
2026-04-03 18:27:50,KXMLBSPREAD-26APR031310STLDET-DET3,NO,2341.18,OTHER
2026-04-03 18:28:21,KXMLBGAME-26APR031305LADWSH-LAD,YES,19800.00,OTHER
2026-04-03 18:28:51,KXATPMATCH-26APR03TIEBUR-TIE,NO,2300.00,OTHER
2026-04-03 18:30:07,KXMLBGAME-26APR031305LADWSH-LAD,YES,4396.59,OTHER
2026-04-03 18:30:37,KXATPMATCH-26APR03TIEBUR-TIE,NO,3858.45,OTHER
2026-04-03 18:31:07,KXMLBGAME-26APR021610TORCWS-TOR,YES,2277.88,OTHER
2026-04-03 18:31:22,KXATPMATCH-26APR03TIEBUR-BUR,YES,2803.68,OTHER
2026-04-03 18:33:39,KXATPMATCH-26APR03TIEBUR-BUR,YES,2540.76,OTHER
2026-04-03 18:34:54,KXWTAMATCH-26APR03KEYBEN-BEN,YES,3427.60,OTHER
2026-04-03 18:39:11,KXMLBGAME-26APR031410SDBOS-BOS,YES,3093.14,OTHER
2026-04-03 18:39:42,KXATPMATCH-26APR03TIEBUR-BUR,YES,2350.00,OTHER
2026-04-03 18:39:42,KXATPMATCH-26APR03TIEBUR-BUR,YES,3773.01,OTHER
2026-04-03 18:39:42,KXATPMATCH-26APR03TIEBUR-BUR,YES,6435.60,OTHER
2026-04-03 18:39:42,KXATPMATCH-26APR03TIEBUR-BUR,YES,5654.40,OTHER
2026-04-03 18:39:57,KXATPCHALLENGERMATCH-26APR03DEVSAR-SAR,YES,4498.95,OTHER
2026-04-03 18:40:27,KXWTAMATCH-26APR03JOVKAL-KAL,YES,3809.88,OTHER
2026-04-03 18:41:43,KXWTAMATCH-26APR03BOUSEM-BOU,YES,2220.00,OTHER
2026-04-03 18:41:43,KXWTAMATCH-26APR03BOUSEM-BOU,YES,5550.00,OTHER
2026-04-03 18:42:13,KXMLBGAME-26APR031335MIANYY-NYY,YES,3680.00,OTHER
2026-04-03 18:43:13,KXATPMATCH-26APR03TIEBUR-TIE,NO,2910.00,OTHER
2026-04-03 18:43:28,KXWTAMATCH-26APR03KEYBEN-BEN,YES,3541.20,OTHER
2026-04-03 18:44:14,KXATPCHALLENGERMATCH-26APR03DEVSAR-SAR,YES,4825.77,OTHER
2026-04-03 18:44:14,KXATPCHALLENGERMATCH-26APR03DEVSAR-SAR,YES,2497.98,OTHER
2026-04-03 18:44:29,KXATPCHALLENGERMATCH-26APR03DEVSAR-SAR,YES,2262.26,OTHER
2026-04-03 18:44:44,KXATPCHALLENGERMATCH-26APR03DEVSAR-SAR,YES,6072.40,OTHER
2026-04-03 18:44:44,KXATPCHALLENGERMATCH-26APR03DEVSAR-SAR,YES,6574.00,OTHER
2026-04-03 18:44:44,KXATPCHALLENGERMATCH-26APR03DEVSAR-SAR,YES,6504.80,OTHER
2026-04-03 18:44:44,KXATPCHALLENGERMATCH-26APR03DEVSAR-SAR,YES,6667.42,OTHER
2026-04-03 18:44:44,KXATPMATCH-26APR03ALTMAR-MAR,YES,2496.42,OTHER
2026-04-03 18:44:44,KXMARMAD-26-CONN,NO,2610.00,OTHER
2026-04-03 18:45:14,KXMLBGAME-26APR031410SDBOS-BOS,YES,2120.00,OTHER
2026-04-03 18:45:14,KXNBAGAME-26APR03INDCHA-CHA,YES,4017.64,OTHER
2026-04-03 18:46:45,KXATPCHALLENGERMATCH-26APR03DEVSAR-SAR,YES,3180.60,OTHER
2026-04-03 18:47:31,KXATPCHALLENGERMATCH-26APR03DEVSAR-DEV,NO,2409.20,OTHER
2026-04-03 18:47:46,KXMLBGAME-26APR031310STLDET-DET,YES,3760.00,OTHER
2026-04-03 18:47:46,KXMLBGAME-26APR031310STLDET-DET,YES,2820.00,OTHER
2026-04-03 18:47:46,KXMLBGAME-26APR031310STLDET-DET,YES,7520.00,OTHER
2026-04-03 18:47:46,KXMLBGAME-26APR031310STLDET-DET,YES,2035.10,OTHER
2026-04-03 18:47:46,KXMLBGAME-26APR031310STLDET-DET,YES,2820.00,OTHER
2026-04-03 18:47:46,KXMLBGAME-26APR031310STLDET-DET,YES,2820.00,OTHER
2026-04-03 18:48:46,KXATPCHALLENGERMATCH-26APR03DEVSAR-SAR,YES,5515.70,OTHER
2026-04-03 18:50:02,KXWTAMATCH-26APR03KEYBEN-BEN,YES,4611.87,OTHER
2026-04-03 18:53:19,KXSAUDIPLGAME-26APR03ALNNAJ-NAJ,NO,3577.36,OTHER
2026-04-03 18:53:49,KXATPMATCH-26APR03SHETIR-SHE,YES,6316.95,OTHER
2026-04-03 18:54:04,KXWTAMATCH-26APR03KEYBEN-BEN,YES,4082.80,OTHER
2026-04-03 18:54:49,KXLAYOFFSYINFO-26-494000,YES,2564.56,OTHER
2026-04-03 18:54:49,KXLAYOFFSYINFO-26-494000,YES,2265.98,OTHER
2026-04-03 18:54:49,KXMLBGAME-26APR031335MIANYY-NYY,YES,2295.02,OTHER
2026-04-03 18:54:49,KXMLBGAME-26APR031335MIANYY-NYY,YES,3640.00,OTHER
2026-04-03 18:54:49,KXMLBGAME-26APR031335MIANYY-NYY,YES,3640.00,OTHER
2026-04-03 18:55:04,KXWTAMATCH-26APR03KEYBEN-BEN,YES,2419.20,OTHER
2026-04-03 18:55:20,KXMLBGAME-26APR031410SDBOS-BOS,YES,4738.41,OTHER
2026-04-03 18:57:21,KXLAYOFFSYINFO-26-494000,YES,2037.75,OTHER
2026-04-03 18:58:06,KXMLBGAME-26APR031310STLDET-DET,YES,2447.76,OTHER
2026-04-03 18:58:21,KXMVESPORTSMULTIGAMEEXTENDED-S2026DBF1BBF9A5E-33D9938F507,YES,2845.92,OTHER
2026-04-03 18:58:36,KXBTCD-26APR0315-T66799.99,YES,2466.24,OTHER
2026-04-03 18:59:22,KXLIGUE1GAME-26APR03PSGTFC-PSG,YES,2458.60,OTHER
2026-04-03 18:59:52,KXNCAAWBGAME-26APR03SCARCONN-CONN,YES,4620.00,OTHER
2026-04-03 19:00:07,KXWTAMATCH-26APR03KEYBEN-KEY,NO,2055.24,OTHER
2026-04-03 19:00:53,KXATPMATCH-26APR03SHETIR-SHE,YES,2044.00,OTHER
2026-04-03 19:01:08,KXLAYOFFSYINFO-26-494000,YES,3428.00,OTHER
2026-04-03 19:01:38,KXMVECROSSCATEGORY-S202680A9F63F2C1-97FFCF63A9C,YES,9679.07,OTHER
2026-04-03 19:03:24,KXLAYOFFSYINFO-26-494000,YES,3428.00,OTHER
2026-04-03 19:03:39,KXMVESPORTSMULTIGAMEEXTENDED-S20263054FF9F8CE-F258EFC5350,NO,19900.00,OTHER
2026-04-03 19:06:25,KXWTAMATCH-26APR03BOUSEM-BOU,YES,3125.85,OTHER
2026-04-03 19:08:42,KXLAYOFFSYINFO-26-494000,YES,2571.00,OTHER
2026-04-03 19:08:42,KXLAYOFFSYINFO-26-494000,YES,3906.21,OTHER
2026-04-03 19:08:42,KXLAYOFFSYINFO-26-494000,YES,2956.65,OTHER
2026-04-03 19:09:57,KXLIGUE1GAME-26APR03PSGTFC-PSG,YES,2469.75,OTHER
2026-04-03 19:11:28,KXMLBGAME-26APR031335MIANYY-NYY,YES,2647.80,OTHER
2026-04-03 19:12:59,KXLIGUE1GAME-26APR03PSGTFC-PSG,YES,2720.24,OTHER
2026-04-03 19:16:15,KXLAYOFFSYINFO-26-494000,YES,2614.80,OTHER
2026-04-03 19:17:01,KXMLBGAME-26APR031410SDBOS-SD,YES,2289.84,OTHER
2026-04-03 19:17:46,KXMLBGAME-26APR031945MILKC-MIL,YES,4810.83,OTHER
2026-04-03 19:19:17,KXNCAAWBSPREAD-26APR03SCARCONN-CONN6,NO,2372.22,OTHER
2026-04-03 19:20:48,KXWTAMATCH-26APR03KEYBEN-BEN,YES,2048.76,OTHER
2026-04-03 19:21:48,KXMLBTOTAL-26APR031335MIANYY-11,NO,3080.00,OTHER
2026-04-03 19:22:49,KXMLBSPREAD-26APR031310STLDET-DET4,YES,2039.83,OTHER
2026-04-03 19:24:19,KXMVECROSSCATEGORY-S20261073E8C0972-DADA28EE70F,YES,12060.00,OTHER
2026-04-03 19:24:50,KXATPMATCH-26APR03SHETIR-SHE,YES,4171.86,OTHER
2026-04-03 19:25:05,KXMLBGAME-26APR031410SDBOS-BOS,YES,2925.00,OTHER
2026-04-03 19:26:20,KXWTAMATCH-26APR03KEYBEN-BEN,NO,2666.08,OTHER
2026-04-03 19:27:51,KXMVECROSSCATEGORY-S20261073E8C0972-DADA28EE70F,YES,11640.00,OTHER
2026-04-03 19:27:51,KXWTAMATCH-26APR03KEYBEN-BEN,NO,5136.55,OTHER
2026-04-03 19:29:07,KXMLBGAME-26APR031310STLDET-DET,YES,3670.70,OTHER
2026-04-03 19:29:52,KXWTAMATCH-26APR03BOUSEM-BOU,YES,3205.08,OTHER
2026-04-03 19:30:22,KXWTAMATCH-26APR03BOUSEM-BOU,YES,5767.25,OTHER
2026-04-03 19:31:23,KXWTAMATCH-26APR03KEYBEN-BEN,NO,4616.48,OTHER
2026-04-03 19:31:23,KXWTAMATCH-26APR03KEYBEN-BEN,NO,5518.62,OTHER
2026-04-03 19:31:53,KXWTAMATCH-26APR03KEYBEN-BEN,NO,2148.46,OTHER
2026-04-03 19:32:54,KXMLBGAME-26APR031310STLDET-DET,YES,4950.00,OTHER
2026-04-03 19:32:54,KXMLBGAME-26APR031310STLDET-DET,YES,4950.00,OTHER
2026-04-03 19:32:54,KXNCAAMBGAME-26APR04MICHARIZ-MICH,YES,2603.36,OTHER
2026-04-03 19:33:09,KXMLBGAME-26APR031335MIANYY-NYY,YES,2022.88,OTHER
2026-04-03 19:33:24,KXMLBGAME-26APR031335MIANYY-NYY,YES,3760.00,OTHER
2026-04-03 19:33:24,KXMLBGAME-26APR031335MIANYY-NYY,YES,2820.00,OTHER
2026-04-03 19:33:24,KXMLBGAME-26APR031335MIANYY-NYY,YES,3421.60,OTHER
2026-04-03 19:33:24,KXMLBGAME-26APR031335MIANYY-NYY,YES,2820.00,OTHER
2026-04-03 19:33:24,KXMLBGAME-26APR031335MIANYY-NYY,YES,2820.00,OTHER
2026-04-03 19:33:24,KXMLBGAME-26APR031335MIANYY-NYY,YES,2820.00,OTHER
2026-04-03 19:33:24,KXMLBGAME-26APR031335MIANYY-NYY,YES,2820.00,OTHER
2026-04-03 19:33:24,KXMLBGAME-26APR031335MIANYY-NYY,YES,3760.00,OTHER
2026-04-03 19:33:24,KXMLBGAME-26APR031335MIANYY-MIA,NO,2350.00,OTHER
2026-04-03 19:33:24,KXMLBGAME-26APR031335MIANYY-MIA,NO,7440.00,OTHER
2026-04-03 19:33:24,KXMLBGAME-26APR031335MIANYY-MIA,NO,3800.00,OTHER
2026-04-03 19:33:24,KXMLBGAME-26APR031335MIANYY-MIA,NO,3760.00,OTHER
2026-04-03 19:33:24,KXMLBGAME-26APR031335MIANYY-NYY,YES,3760.00,OTHER
2026-04-03 19:33:24,KXMLBGAME-26APR031335MIANYY-NYY,YES,7520.00,OTHER
2026-04-03 19:33:24,KXMLBGAME-26APR031335MIANYY-NYY,YES,6367.56,OTHER
2026-04-03 19:33:24,KXMLBGAME-26APR031335MIANYY-NYY,YES,2011.60,OTHER
2026-04-03 19:33:24,KXMLBGAME-26APR031335MIANYY-NYY,YES,2350.00,OTHER
2026-04-03 19:33:24,KXMLBGAME-26APR031335MIANYY-NYY,YES,2820.00,OTHER
2026-04-03 19:36:26,KXMARMAD-26-MICH,YES,6568.80,OTHER
2026-04-03 19:36:56,KXWTAMATCH-26APR03KEYBEN-KEY,YES,2011.95,OTHER
2026-04-03 19:37:26,KXWTAMATCH-26APR03KEYBEN-KEY,YES,4040.10,OTHER
2026-04-03 19:39:42,KXWTAMATCH-26APR03BOUSEM-BOU,YES,4008.90,OTHER
2026-04-03 19:41:28,KXWTAMATCH-26APR03KEYBEN-KEY,YES,2113.63,OTHER
2026-04-03 19:41:58,KXWTAMATCH-26APR03KEYBEN-KEY,YES,3349.44,OTHER
2026-04-03 19:41:58,KXWTAMATCH-26APR03KEYBEN-KEY,YES,5047.68,OTHER
2026-04-03 19:43:44,KXWTAMATCH-26APR03KEYBEN-BEN,NO,14400.00,OTHER
2026-04-03 19:43:44,KXMLBGAME-26APR021610TORCWS-TOR,NO,11008.69,OTHER
2026-04-03 19:43:44,KXWTAMATCH-26APR03KEYBEN-KEY,NO,2512.95,OTHER
2026-04-03 19:47:31,KXNCAAWBGAME-26APR03SCARCONN-SCAR,YES,2850.25,OTHER
2026-04-03 19:48:16,KXLAYOFFSYINFO-26-494000,YES,4912.05,OTHER
2026-04-03 19:48:31,KXMLBTOTAL-26APR031605CINTEX-9,YES,2397.94,OTHER
2026-04-03 19:50:48,KXMVECROSSCATEGORY-S202671273C00A6E-0BCE2316AC2,YES,2334.07,OTHER
2026-04-03 19:52:03,KXHIGHLAX-26APR03-B76.5,NO,3960.00,OTHER
2026-04-03 19:52:33,KXWTAMATCH-26APR03KEYBEN-KEY,YES,2987.32,OTHER
2026-04-03 19:56:05,KXMVECROSSCATEGORY-S2026A795EED7FF5-1FCC3DFC103,YES,2420.58,OTHER
2026-04-03 19:56:05,KXMLBGAME-26APR031610CHCCLE-CLE,YES,2365.23,OTHER
2026-04-03 19:56:20,KXWTAMATCH-26APR03KEYBEN-KEY,YES,3857.69,OTHER
2026-04-03 19:56:35,KXMLBGAME-26APR031605CINTEX-TEX,YES,8760.82,OTHER
2026-04-03 19:57:36,KXMLBGAME-26APR031605CINTEX-TEX,YES,3388.55,OTHER
2026-04-03 20:00:07,KXMLBGAME-26APR031610TBMIN-MIN,YES,2250.12,OTHER
2026-04-03 20:00:52,KXMLBSPREAD-26APR031605CINTEX-TEX2,YES,3065.48,OTHER
2026-04-03 20:01:38,KXMLBGAME-26APR021610TORCWS-TOR,NO,3578.40,OTHER
2026-04-03 20:05:40,KXMLBGAME-26APR031610CHCCLE-CLE,YES,2896.39,OTHER
2026-04-03 20:05:40,KXHMONTH-26MAR,NO,4308.48,OTHER
2026-04-03 20:06:25,KXMLBGAME-26APR031410SDBOS-BOS,YES,4515.36,OTHER
2026-04-03 20:06:25,KXMLBGAME-26APR031410SDBOS-BOS,YES,3680.00,OTHER
2026-04-03 20:06:25,KXMLBGAME-26APR031410SDBOS-BOS,YES,3680.00,OTHER
2026-04-03 20:06:25,KXMLBGAME-26APR031410SDBOS-BOS,YES,3680.00,OTHER
2026-04-03 20:06:25,KXMLBGAME-26APR031410SDBOS-BOS,YES,3680.00,OTHER
2026-04-03 20:06:25,KXLIGUE1GAME-26APR03PSGTFC-PSG,YES,2588.12,OTHER
2026-04-03 20:07:41,KXMLBGAME-26APR031610TBMIN-MIN,YES,4257.00,OTHER
2026-04-03 20:08:57,KXMVESPORTSMULTIGAMEEXTENDED-S2026BC80A741DD9-FD0A6C63A6A,YES,2940.80,OTHER
2026-04-03 20:09:27,KXMLBGAME-26APR031610CHCCLE-CLE,YES,23779.70,OTHER
2026-04-03 20:10:43,KXCITRINI-28JUL01,NO,2097.00,OTHER
2026-04-03 20:12:44,KXLIGUE1GAME-26APR03PSGTFC-PSG,YES,3549.91,OTHER
2026-04-03 20:12:44,KXLIGUE1GAME-26APR03PSGTFC-PSG,YES,2063.88,OTHER
2026-04-03 20:15:00,KXMLBTOTAL-26APR031335MIANYY-11,NO,2851.86,OTHER
2026-04-03 20:18:16,KXMVECROSSCATEGORY-S2026584779CC222-23390F2AE31,YES,4736.59,OTHER
2026-04-03 20:19:47,KXEUROLEAGUEGAME-26APR031430RMABVG-BVG,YES,4845.15,OTHER
2026-04-03 20:22:18,KXMVESPORTSMULTIGAMEEXTENDED-S20262A6475C08A7-6097ED71CC5,NO,4120.38,OTHER
2026-04-03 20:24:50,KXMLBGAME-26APR031610CHCCLE-CHC,YES,2140.35,OTHER
2026-04-03 20:24:50,KXMLBGAME-26APR031610CHCCLE-CHC,YES,2676.15,OTHER
2026-04-03 20:25:05,KXATPMATCH-26APR03SHETIR-SHE,YES,3042.90,OTHER
2026-04-03 20:26:36,KXNBAGAME-26APR03MINPHI-PHI,YES,31000.00,OTHER
2026-04-03 20:27:21,KXWTAMATCH-26APR03JOVKAL-KAL,NO,3458.76,OTHER
2026-04-03 20:29:07,KXCS2GAME-26APR041200EYEFAZE-FAZE,NO,3085.32,OTHER
2026-04-03 20:29:52,KXMLBGAME-26APR031610PHICOL-PHI,YES,3880.00,OTHER
2026-04-03 20:29:52,KXMLBGAME-26APR031610PHICOL-PHI,YES,3880.00,OTHER
2026-04-03 20:29:52,KXMLBGAME-26APR031610PHICOL-PHI,YES,3880.00,OTHER
2026-04-03 20:30:07,KXMLBGAME-26APR031610PHICOL-PHI,YES,2888.66,OTHER
2026-04-03 20:30:53,KXEFLCHAMPIONSHIPGAME-26APR03COVDER-COV,YES,2046.80,OTHER
2026-04-03 20:31:23,KXNBATOTAL-26APR03BOSMIL-221,NO,4840.96,OTHER
2026-04-03 20:32:39,KXMOVVAREDISTRICT-26APR21-NO-P1,NO,2850.00,OTHER
2026-04-03 20:32:54,KXMLBGAME-26APR031410SDBOS-BOS,YES,5880.00,OTHER
2026-04-03 20:33:09,KXNBASPREAD-26APR03ATLBKN-ATL18,YES,9454.05,OTHER
2026-04-03 20:33:09,KXNBASPREAD-26APR03ATLBKN-ATL18,YES,2760.00,OTHER
2026-04-03 20:33:54,KXWTAMATCH-26APR03JOVKAL-JOV,YES,3005.43,OTHER
2026-04-03 20:35:25,KXMLBGAME-26APR031410SDBOS-BOS,YES,4896.54,OTHER
2026-04-03 20:35:25,KXMLBGAME-26APR031605CINTEX-CIN,YES,2520.00,OTHER
2026-04-03 20:37:11,KXMLBGAME-26APR031605CINTEX-CIN,YES,2092.35,OTHER
2026-04-03 20:38:12,KXWTAMATCH-26APR03UDVKAW-KAW,YES,3370.08,OTHER
2026-04-03 20:38:42,KXMLBGAME-26APR031612BALPIT-BAL,YES,2157.77,OTHER
2026-04-03 20:39:42,KXLAYOFFSYINFO-26-494000,YES,4838.75,OTHER
2026-04-03 20:40:28,KXLALIGAGAME-26APR03RVCELC-RVC,YES,2395.12,OTHER
2026-04-03 20:41:13,KXATPMATCH-26APR03SHETIR-SHE,YES,2418.52,OTHER
2026-04-03 20:42:59,KXLALIGAGAME-26APR03RVCELC-RVC,YES,5867.76,OTHER
2026-04-03 20:44:30,KXMLBTOTAL-26APR031612BALPIT-9,NO,2385.00,OTHER
2026-04-03 20:44:45,KXMVECROSSCATEGORY-S20262AAF78A8122-56CFB8001EE,YES,9749.98,OTHER
2026-04-03 20:46:01,KXMLBGAME-26APR031610CHCCLE-CLE,YES,2120.00,OTHER
2026-04-03 20:46:01,KXMLBGAME-26APR031610CHCCLE-CLE,YES,2104.10,OTHER
2026-04-03 20:46:01,KXMLBGAME-26APR031610CHCCLE-CLE,YES,2120.00,OTHER
2026-04-03 20:50:18,KXMLBGAME-26APR031612BALPIT-PIT,YES,2198.30,OTHER
2026-04-03 20:51:03,KXCS2MAP-26APR031700BSTAHWGA-1-HWGA,NO,2075.04,OTHER
2026-04-03 20:53:19,KXCS2GAME-26APR041200EYEFAZE-FAZE,NO,2480.38,OTHER
2026-04-03 20:54:04,KXFACUPGAME-26APR04MCILFC-MCI,YES,3798.48,OTHER
2026-04-03 20:54:04,KXFACUPGAME-26APR04MCILFC-MCI,YES,6596.61,OTHER
2026-04-03 20:54:19,KXMLBGAME-26APR031610CHCCLE-CHC,YES,3540.00,OTHER
2026-04-03 20:54:35,KXPRESNOMD-28-JOSS,NO,2805.00,OTHER
2026-04-03 20:56:20,KXLIGAPORTUGALGAME-26APR03SPOSCL-SPO,YES,2568.06,OTHER
2026-04-03 20:57:06,KXBTCY-27JAN0100-B37500,NO,9590.00,OTHER
2026-04-03 20:57:21,KXLIGAPORTUGALGAME-26APR03SPOSCL-SPO,YES,2006.73,OTHER
2026-04-03 20:57:51,KXWTAMATCH-26APR03ARALEP-ARA,YES,4450.00,OTHER
2026-04-03 20:57:51,KXMLBGAME-26APR031605CINTEX-CIN,NO,2320.00,OTHER
2026-04-03 20:59:22,KXNBAGAME-26APR03MINPHI-PHI,YES,2119.32,OTHER
2026-04-03 20:59:22,KXNBAGAME-26APR03MINPHI-PHI,YES,3150.00,OTHER
2026-04-03 20:59:22,KXNBAGAME-26APR03MINPHI-PHI,YES,4902.66,OTHER
2026-04-03 20:59:22,KXNBAGAME-26APR03MINPHI-PHI,YES,3150.00,OTHER
2026-04-03 21:00:38,KXMLBGAME-26APR021610TORCWS-TOR,YES,3132.52,OTHER
2026-04-03 21:00:53,KXPGATOUR-VATO26-RMAC,NO,4537.44,OTHER
2026-04-03 21:00:53,KXPGATOUR-VATO26-RMAC,NO,4649.24,OTHER
2026-04-03 21:01:08,KXPGATOUR-VATO26-LABE,NO,10654.16,OTHER
2026-04-03 21:01:08,KXPGATOUR-VATO26-LABE,NO,7235.36,OTHER
2026-04-03 21:02:24,KXNBAGAME-26APR03UTAHOU-HOU,YES,2074.58,OTHER
2026-04-03 21:03:54,KXNBAMVP-26-LDON,NO,2046.33,OTHER
2026-04-03 21:05:10,KXMLBGAME-26APR031605CINTEX-TEX,YES,2705.68,OTHER
2026-04-03 21:08:27,KXWTAMATCH-26APR03ARALEP-ARA,YES,2013.58,OTHER
2026-04-03 21:09:12,KXMLBGAME-26APR031610CHCCLE-CHC,YES,2240.00,OTHER
2026-04-03 21:09:12,KXNCAAWBGAME-26APR03SCARCONN-CONN,YES,2436.28,OTHER
2026-04-03 21:09:42,KXWTAMATCH-26APR03ARALEP-LEP,NO,2342.40,OTHER
2026-04-03 21:10:27,KXMLBGAME-26APR031612BALPIT-PIT,YES,2616.30,OTHER
2026-04-03 21:10:27,KXMLBGAME-26APR031612BALPIT-PIT,YES,2274.30,OTHER
2026-04-03 21:12:28,KXMLBGAME-26APR031605CINTEX-TEX,YES,2320.00,OTHER
2026-04-03 21:16:45,KXMVESPORTSMULTIGAMEEXTENDED-S2026C9ED8593CC7-A1996CF5737,YES,2382.21,OTHER
2026-04-03 21:16:45,KXALBUMSALES-BUL-60000,NO,3959.01,OTHER
2026-04-03 21:17:01,KXNCAAWBGAME-26APR03SCARCONN-CONN,NO,2400.00,OTHER
2026-04-03 21:22:48,KXWTAMATCH-26APR03JOVKAL-JOV,NO,2040.78,OTHER
2026-04-03 21:23:34,KXMLBGAME-26APR031610TBMIN-MIN,NO,18027.33,OTHER
2026-04-03 21:23:49,KXWTAMATCH-26APR03JOVKAL-JOV,YES,2904.60,OTHER
2026-04-03 21:24:19,KXMLBGAME-26APR031610CHCCLE-CLE,YES,4278.69,OTHER
2026-04-03 21:24:19,KXMLBGAME-26APR031610CHCCLE-CLE,YES,7800.00,OTHER
2026-04-03 21:24:19,KXMLBGAME-26APR031610CHCCLE-CLE,YES,3120.00,OTHER
2026-04-03 21:24:49,KXATPMATCH-26APR03SHETIR-SHE,NO,2323.60,OTHER
2026-04-03 21:29:52,KXMVESPORTSMULTIGAMEEXTENDED-S2026F32A2C4AE6B-22BC2C03854,NO,2246.09,OTHER
2026-04-03 21:30:37,KXATPMATCH-26APR03SHETIR-SHE,NO,4446.26,OTHER
2026-04-03 21:31:53,KXATPMATCH-26APR03SHETIR-TIR,YES,2934.75,OTHER
2026-04-03 21:31:53,KXATPMATCH-26APR03SHETIR-SHE,NO,5887.70,OTHER
2026-04-03 21:33:38,KXATPMATCH-26APR03SHETIR-SHE,NO,36091.44,OTHER
2026-04-03 21:34:54,KXNCAAWBGAME-26APR03TEXUCLA-TEX,YES,2850.00,OTHER
2026-04-03 21:35:09,KXWTAMATCH-26APR03JOVKAL-JOV,YES,5468.92,OTHER
2026-04-03 21:35:09,KXWTAMATCH-26APR03JOVKAL-JOV,YES,2820.00,OTHER
2026-04-03 21:35:39,KXWTAMATCH-26APR03KESSTA-KES,YES,2949.75,OTHER
2026-04-03 21:36:25,KXWTAMATCH-26APR03JOVKAL-JOV,YES,2518.45,OTHER
2026-04-03 21:36:25,KXWTAMATCH-26APR03JOVKAL-JOV,YES,6854.25,OTHER
2026-04-03 21:36:55,KXWTAMATCH-26APR03JOVKAL-JOV,YES,4781.70,OTHER
2026-04-03 21:36:55,KXWTAMATCH-26APR03JOVKAL-JOV,YES,5670.72,OTHER
2026-04-03 21:36:55,KXWTAMATCH-26APR03JOVKAL-JOV,YES,3072.96,OTHER
2026-04-03 21:37:10,KXWTAMATCH-26APR03JOVKAL-JOV,YES,2546.88,OTHER
2026-04-03 21:37:25,KXWTAMATCH-26APR03JOVKAL-JOV,YES,6643.20,OTHER
2026-04-03 21:37:41,KXWTAMATCH-26APR03ARALEP-LEP,NO,2370.57,OTHER
2026-04-03 21:38:11,KXNBASPREAD-26APR03CHINYK-NYK16,NO,2952.78,OTHER
2026-04-03 21:38:11,KXNBASPREAD-26APR03CHINYK-NYK16,NO,2895.36,OTHER
2026-04-03 21:38:41,KXMLBGAME-26APR031610CHCCLE-CHC,YES,2320.00,OTHER
2026-04-03 21:38:41,KXMLBGAME-26APR031610CHCCLE-CHC,YES,2320.00,OTHER
2026-04-03 21:39:42,KXMVESPORTSMULTIGAMEEXTENDED-S2026F32A2C4AE6B-DADBE344B63,YES,3452.06,OTHER
2026-04-03 21:40:12,KXNCAAWBGAME-26APR03SCARCONN-CONN,YES,13779.92,OTHER
2026-04-03 21:40:27,KXMLBGAME-26APR031610CHCCLE-CHC,YES,2100.00,OTHER
2026-04-03 21:40:27,KXMLBGAME-26APR031610CHCCLE-CHC,YES,4421.90,OTHER
2026-04-03 21:40:27,KXMLBGAME-26APR031610CHCCLE-CHC,YES,2100.00,OTHER
2026-04-03 21:40:27,KXMLBGAME-26APR031610CHCCLE-CHC,YES,2081.80,OTHER
2026-04-03 21:44:44,KXBTCD-26APR0318-T66899.99,YES,6250.24,OTHER
2026-04-03 21:44:59,KXNCAAWBGAME-26APR03SCARCONN-CONN,YES,2460.15,OTHER
2026-04-03 21:45:59,KXMVESPORTSMULTIGAMEEXTENDED-S20263054FF9F8CE-F258EFC5350,NO,4980.00,OTHER
2026-04-03 21:46:30,KXMVESPORTSMULTIGAMEEXTENDED-S20263054FF9F8CE-F258EFC5350,NO,9960.00,OTHER
2026-04-03 21:47:15,KXCHESSCANDIDATES-26-AGIR,NO,2597.00,OTHER
2026-04-03 21:48:01,KXWTAMATCH-26APR03ARALEP-ARA,YES,2334.02,OTHER
2026-04-03 21:50:17,KXMLBGAME-26APR032140HOUATH-HOU,YES,2500.00,OTHER
2026-04-03 21:50:47,KXIPLGAME-26APR04MIDC-DC,YES,7609.68,OTHER
2026-04-03 21:51:17,KXMLBGAME-26APR031610CHCCLE-CLE,YES,3121.20,OTHER
2026-04-03 21:51:17,KXMLBGAME-26APR031610CHCCLE-CLE,YES,6546.87,OTHER
2026-04-03 21:52:18,KXWTAMATCH-26APR03ARALEP-ARA,YES,2036.03,OTHER
2026-04-03 21:52:33,KXMVESPORTSMULTIGAMEEXTENDED-S20263054FF9F8CE-F258EFC5350,NO,2988.00,OTHER
2026-04-03 21:53:18,KXWTAMATCH-26APR03ARALEP-LEP,NO,5205.76,OTHER
2026-04-03 21:54:18,KXWTAMATCH-26APR03ARALEP-ARA,YES,4890.60,OTHER
2026-04-03 21:54:34,KXEOWEEK-26APR04-1,YES,2821.50,OTHER
2026-04-03 21:57:05,KXMVECROSSCATEGORY-S2026B385940E711-0F250CB7FD7,NO,5931.00,OTHER
2026-04-03 21:57:35,KXNCAAWBGAME-26APR03SCARCONN-CONN,YES,3173.94,OTHER
2026-04-03 21:57:35,KXNCAAWBGAME-26APR03SCARCONN-CONN,YES,11587.73,OTHER
2026-04-03 22:00:37,KXATPMATCH-26APR03ETCPAU-PAU,YES,2447.90,OTHER
2026-04-03 22:01:37,KXRANKLIST1SONG-26APR25-CHO,YES,9549.12,OTHER
2026-04-03 22:02:07,KXWTAMATCH-26APR03KESSTA-KES,YES,2850.00,OTHER
2026-04-03 22:02:38,KXATPMATCH-26APR03ETCPAU-PAU,YES,2207.10,OTHER
2026-04-03 22:03:08,KXNCAAWBGAME-26APR03SCARCONN-SCAR,YES,2400.00,OTHER
2026-04-03 22:03:08,KXNCAAWBGAME-26APR03SCARCONN-SCAR,YES,24000.00,OTHER
2026-04-03 22:03:08,KXNCAAWBGAME-26APR03SCARCONN-SCAR,YES,24000.00,OTHER
2026-04-03 22:03:08,KXNCAAWBGAME-26APR03SCARCONN-SCAR,YES,4800.00,OTHER
2026-04-03 22:03:08,KXNCAAWBGAME-26APR03SCARCONN-SCAR,YES,4800.00,OTHER
2026-04-03 22:03:08,KXNCAAWBGAME-26APR03SCARCONN-SCAR,YES,12000.00,OTHER
2026-04-03 22:03:08,KXNCAAWBGAME-26APR03SCARCONN-SCAR,YES,24000.00,OTHER
2026-04-03 22:03:08,KXNCAAWBGAME-26APR03SCARCONN-SCAR,YES,2400.00,OTHER
2026-04-03 22:03:08,KXNCAAWBGAME-26APR03SCARCONN-SCAR,YES,4800.00,OTHER
2026-04-03 22:03:08,KXNCAAWBGAME-26APR03SCARCONN-SCAR,YES,4800.00,OTHER
2026-04-03 22:03:08,KXNCAAWBGAME-26APR03SCARCONN-SCAR,YES,20703.60,OTHER
2026-04-03 22:04:23,KXNCAAWBGAME-26APR03TEXUCLA-UCLA,YES,4810.96,OTHER
2026-04-03 22:06:55,KXMLBGAME-26APR031610CHCCLE-CLE,YES,2259.20,OTHER
2026-04-03 22:07:10,KXMLBGAME-26APR031605CINTEX-TEX,YES,2360.00,OTHER
2026-04-03 22:09:11,KXWMARMAD-26-CONN,YES,2902.80,OTHER
2026-04-03 22:10:57,KXMLBGAME-26APR031605CINTEX-TEX,YES,7307.52,OTHER
2026-04-03 22:10:57,KXMLBGAME-26APR031605CINTEX-TEX,YES,4424.64,OTHER
2026-04-03 22:10:57,KXMLBGAME-26APR031605CINTEX-TEX,YES,5014.95,OTHER
2026-04-03 22:11:27,KXNBATOTAL-26APR03INDCHA-239,NO,3231.90,OTHER
2026-04-03 22:12:12,KXWTAMATCH-26APR03KESSTA-STA,YES,3062.22,OTHER
2026-04-03 22:13:43,KXMLBGAME-26APR031610CHCCLE-CLE,YES,2495.04,OTHER
2026-04-03 22:13:43,KXMVESPORTSMULTIGAMEEXTENDED-S2026BC80A741DD9-FD0A6C63A6A,YES,4893.66,OTHER
2026-04-03 22:13:58,KXMVESPORTSMULTIGAMEEXTENDED-S2026BC80A741DD9-FD0A6C63A6A,YES,3914.51,OTHER
2026-04-03 22:15:14,KXMLBGAME-26APR031612BALPIT-PIT,YES,2610.00,OTHER
2026-04-03 22:18:00,KXMVECROSSCATEGORY-S2026749561E91B1-41547A17E50,YES,4648.90,OTHER
2026-04-03 22:18:45,KXNBA1STTEAM-26-LDON,YES,3531.50,OTHER
2026-04-03 22:21:01,KXMLBGAME-26APR031610CHCCLE-CLE,YES,2880.00,OTHER
2026-04-03 22:21:01,KXMLBGAME-26APR031610CHCCLE-CLE,YES,2880.00,OTHER
2026-04-03 22:21:01,KXMLBGAME-26APR031610CHCCLE-CLE,YES,2880.00,OTHER
2026-04-03 22:21:01,KXMLBGAME-26APR031610CHCCLE-CLE,YES,2880.00,OTHER
2026-04-03 22:21:01,KXMLBGAME-26APR031610CHCCLE-CLE,YES,2880.00,OTHER
2026-04-03 22:21:01,KXMLBGAME-26APR031610CHCCLE-CLE,YES,3840.00,OTHER
2026-04-03 22:21:01,KXMLBGAME-26APR031610CHCCLE-CLE,YES,3840.00,OTHER
2026-04-03 22:21:01,KXMLBGAME-26APR031610CHCCLE-CLE,YES,11824.32,OTHER
2026-04-03 22:21:01,KXMLBGAME-26APR031610CHCCLE-CLE,YES,3840.00,OTHER
2026-04-03 22:21:47,KXNBA-26-LAL,NO,4950.00,OTHER
2026-04-03 22:21:47,KXMLBTOTAL-26APR031605CINTEX-8,YES,2700.00,OTHER
2026-04-03 22:22:32,KXATPMATCH-26APR03ETCPAU-PAU,YES,2143.83,OTHER
2026-04-03 22:24:03,KXMLBGAME-26APR031605CINTEX-CIN,YES,2773.68,OTHER
2026-04-03 22:24:03,KXMLBGAME-26APR031605CINTEX-TEX,NO,2834.64,OTHER
2026-04-03 22:24:18,KXMLBGAME-26APR031610TBMIN-TB,YES,2228.64,OTHER
2026-04-03 22:24:33,KXNBATOTAL-26APR03MINPHI-221,YES,2127.06,OTHER
2026-04-03 22:25:49,KXMLBGAME-26APR031605CINTEX-TEX,NO,5502.77,OTHER
2026-04-03 22:26:19,KXNCAAWBGAME-26APR03SCARCONN-CONN,YES,2264.80,OTHER
2026-04-03 22:26:34,KXMLBGAME-26APR031605CINTEX-CIN,YES,2484.30,OTHER
2026-04-03 22:27:04,KXMLBSPREAD-26APR031610CHCCLE-CLE3,YES,2999.92,OTHER
2026-04-03 22:30:06,KXMVECROSSCATEGORY-S20263D01B0AED33-84E0B16F7C4,YES,2834.50,OTHER
2026-04-03 22:30:51,KXNBAGAME-26APR03BOSMIL-BOS,YES,16595.70,OTHER
2026-04-03 22:30:51,KXNBAGAME-26APR03BOSMIL-BOS,YES,14100.00,OTHER
2026-04-03 22:30:51,KXNBAGAME-26APR03BOSMIL-BOS,YES,3760.00,OTHER
2026-04-03 22:30:51,KXNBAGAME-26APR03BOSMIL-BOS,YES,5640.00,OTHER
2026-04-03 22:31:06,KXPGATOUR-VATO26-LABE,NO,7876.00,OTHER
2026-04-03 22:31:52,KXMLBGAME-26APR031605CINTEX-TEX,NO,2029.44,OTHER
2026-04-03 22:32:22,KXNBATOTAL-26APR03CHINYK-237,YES,3457.00,OTHER
2026-04-03 22:32:22,KXNBATOTAL-26APR03CHINYK-237,YES,3257.50,OTHER
2026-04-03 22:32:37,KXATPCHALLENGERMATCH-26APR03MENSCH-SCH,YES,2994.56,OTHER
2026-04-03 22:36:24,KXNCAAWBGAME-26APR03SCARCONN-CONN,YES,17860.76,OTHER
2026-04-03 22:36:54,KXATPMATCH-26APR03ETCPAU-ETC,NO,2402.79,OTHER
2026-04-03 22:37:09,KXMLBGAME-26APR031610TBMIN-MIN,YES,2055.35,OTHER
2026-04-03 22:37:55,KXPGATOUR-VATO26-LABE,YES,2319.33,OTHER
2026-04-03 22:38:10,KXMVESPORTSMULTIGAMEEXTENDED-S202652C7A95ECCA-1EC08A49A24,YES,4777.44,OTHER
2026-04-03 22:38:25,KXMLBGAME-26APR031612BALPIT-PIT,YES,3464.56,OTHER
2026-04-03 22:39:40,KXSURVIVOR-26DEC31-AUB,YES,2179.58,OTHER
2026-04-03 22:39:56,KXMLBGAME-26APR031612BALPIT-PIT,YES,2760.00,OTHER
2026-04-03 22:39:56,KXMLBGAME-26APR031612BALPIT-PIT,YES,7138.28,OTHER
2026-04-03 22:42:42,KXCHESSCANDIDATES-26-AGIR,NO,27440.00,OTHER
2026-04-03 22:43:27,KXMLBGAME-26APR031945MILKC-MIL,YES,2419.98,OTHER
2026-04-03 22:45:13,KXMLBGAME-26APR031612BALPIT-PIT,YES,2595.40,OTHER
2026-04-03 22:45:28,KXMLBGAME-26APR031612BALPIT-PIT,YES,3600.50,OTHER
2026-04-03 22:46:59,KXATPMATCH-26APR03ETCPAU-ETC,NO,2460.00,OTHER
2026-04-03 22:46:59,KXATPCHALLENGERMATCH-26APR03MENSCH-SCH,YES,4337.06,OTHER
2026-04-03 22:47:59,KXATPMATCH-26APR03ETCPAU-PAU,YES,2865.08,OTHER
2026-04-03 22:48:15,KXATPMATCH-26APR03ETCPAU-PAU,YES,4987.24,OTHER
2026-04-03 22:48:15,KXATPCHALLENGERMATCH-26APR03MENSCH-SCH,YES,3321.03,OTHER
2026-04-03 22:48:30,KXNCAAMBGAME-26APR04ILLCONN-ILL,YES,9648.65,OTHER
2026-04-03 22:48:30,KXNBAGAME-26APR03MINPHI-PHI,YES,2189.90,OTHER
2026-04-03 22:48:30,KXWTAMATCH-26APR03KESSTA-STA,YES,4802.40,OTHER
2026-04-03 22:48:45,KXNCAAWBGAME-26APR03TEXUCLA-TEX,NO,2150.00,OTHER
2026-04-03 22:51:01,KXNBAGAME-26APR03ATLBKN-BKN,NO,2785.35,OTHER
2026-04-03 22:52:47,KXNCAAMBGAME-26APR04ILLCONN-CONN,YES,2177.18,OTHER
2026-04-03 22:55:03,KXMLBGAME-26APR032140HOUATH-ATH,YES,3825.00,OTHER
2026-04-03 22:56:04,KXNBAGAME-26APR03MINPHI-MIN,YES,6428.40,OTHER
2026-04-03 22:56:04,KXNBAGAME-26APR03MINPHI-MIN,YES,13684.80,OTHER
2026-04-03 22:56:04,KXNBAGAME-26APR03MINPHI-MIN,YES,6428.40,OTHER
2026-04-03 22:56:04,KXNBAGAME-26APR03MINPHI-MIN,YES,6428.40,OTHER
2026-04-03 22:56:04,KXNBAGAME-26APR03MINPHI-MIN,YES,2744.40,OTHER
2026-04-03 22:56:04,KXNBAGAME-26APR03MINPHI-MIN,YES,6428.40,OTHER
2026-04-03 22:56:04,KXNBAGAME-26APR03MINPHI-MIN,YES,6428.40,OTHER
2026-04-03 22:56:49,KXMVECROSSCATEGORY-S20265D3F6AF31F3-0C7FAFA2754,YES,2429.62,OTHER
2026-04-03 22:58:35,KXATPCHALLENGERMATCH-26APR03MENSCH-MEN,NO,3311.31,OTHER
2026-04-03 22:59:05,KXMVESPORTSMULTIGAMEEXTENDED-S202660A595B5799-97FFCF63A9C,YES,2477.02,OTHER
2026-04-03 22:59:05,KXNCAAWBTOTAL-26APR03SCARCONN-136,NO,2914.08,OTHER
2026-04-03 22:59:51,KXNBASPREAD-26APR03MINPHI-PHI3,NO,3102.50,OTHER
2026-04-03 22:59:51,KXNBASPREAD-26APR03MINPHI-PHI3,NO,10000.00,OTHER
2026-04-03 22:59:51,KXNBASPREAD-26APR03MINPHI-PHI3,NO,2582.50,OTHER
2026-04-03 22:59:51,KXNBATOTAL-26APR03INDCHA-248,NO,4000.00,OTHER
2026-04-03 23:00:21,KXMVECROSSCATEGORY-S20266343BB4F204-2C7C309ADB8,YES,2358.52,OTHER
2026-04-03 23:02:07,KXMVESPORTSMULTIGAMEEXTENDED-S20266C8D23198EF-88C4C790337,YES,2783.41,OTHER
2026-04-03 23:02:52,KXNBASPREAD-26APR03INDCHA-CHA16,YES,9400.00,OTHER
2026-04-03 23:02:52,KXNBASPREAD-26APR03INDCHA-CHA16,YES,2348.59,OTHER
2026-04-03 23:02:52,KXWTAMATCH-26APR03KESSTA-STA,YES,4387.60,OTHER
2026-04-03 23:03:07,KXMLBGAME-26APR031610TBMIN-TB,YES,2659.49,OTHER
2026-04-03 23:03:07,KXNHLGAME-26APR03PHINYI-NYI,YES,3013.13,OTHER
2026-04-03 23:04:08,KXNBAGAME-26APR03MINPHI-MIN,YES,4000.00,OTHER
2026-04-03 23:05:23,KXNBAGAME-26APR03INDCHA-CHA,YES,9630.56,OTHER
2026-04-03 23:05:23,KXNBAGAME-26APR03INDCHA-CHA,YES,2760.00,OTHER
2026-04-03 23:06:54,KXNBAGAME-26APR03MINPHI-PHI,YES,2420.48,OTHER
2026-04-03 23:08:25,KXNBAGAME-26APR03INDCHA-CHA,YES,4496.04,OTHER
2026-04-03 23:08:25,KXNBAGAME-26APR03INDCHA-CHA,YES,5106.92,OTHER
2026-04-03 23:09:10,KXNBASPREAD-26APR03INDCHA-CHA16,NO,2750.00,OTHER
2026-04-03 23:10:26,KXNBAGAME-26APR03MINPHI-MIN,YES,4121.32,OTHER
2026-04-03 23:10:56,KXNBATOTAL-26APR03BOSMIL-215,YES,2160.00,OTHER
2026-04-03 23:12:12,KXNBAGAME-26APR03MINPHI-PHI,YES,2407.46,OTHER
2026-04-03 23:12:57,KXNCAAWBGAME-26APR03SCARCONN-CONN,YES,7481.40,OTHER
2026-04-03 23:13:57,KXMVECROSSCATEGORY-S2026F3AC9558BFA-E7F27494619,YES,2908.16,OTHER
2026-04-03 23:16:13,KXNCAAWBGAME-26APR03SCARCONN-CONN,YES,3134.58,OTHER
2026-04-03 23:16:44,KXWTAMATCH-26APR03KESSTA-STA,YES,2475.08,OTHER
2026-04-03 23:17:44,KXWTAMATCH-26APR03KESSTA-KES,NO,2200.00,OTHER
2026-04-03 23:18:14,KXATPCHALLENGERMATCH-26APR03MENSCH-MEN,NO,2418.49,OTHER
2026-04-03 23:19:30,KXNBAGAME-26APR03MINPHI-PHI,YES,2006.68,OTHER
2026-04-03 23:19:45,KXNCAAWBGAME-26APR03SCARCONN-CONN,YES,2261.13,OTHER
2026-04-03 23:21:31,KXNBAGAME-26APR03MINPHI-PHI,YES,2371.38,OTHER
2026-04-03 23:21:31,KXATPMATCH-26APR03ETCPAU-ETC,NO,3649.14,OTHER
2026-04-03 23:23:17,KXNBASPREAD-26APR03CHINYK-NYK25,NO,3471.20,OTHER
2026-04-03 23:24:33,KXNBAGAME-26APR03INDCHA-CHA,YES,3356.50,OTHER
2026-04-03 23:25:03,KXMLBGAME-26APR032215NYMSF-NYM,YES,2046.00,OTHER
2026-04-03 23:25:18,KXNBAGAME-26APR03INDCHA-CHA,YES,2970.00,OTHER
2026-04-03 23:25:33,KXNBAGAME-26APR03INDCHA-CHA,YES,4489.65,OTHER
2026-04-03 23:27:49,KXMLBGAME-26APR031945MILKC-MIL,NO,3203.82,OTHER
2026-04-03 23:28:04,KXATPMATCH-26APR03ETCPAU-PAU,YES,2573.01,OTHER
2026-04-03 23:29:50,KXNBAGAME-26APR03BOSMIL-BOS,YES,2349.06,OTHER
2026-04-03 23:31:36,KXMVECROSSCATEGORY-S2026313E42A909C-16AAE99FAF7,YES,2279.25,OTHER
2026-04-03 23:31:36,KXMVESPORTSMULTIGAMEEXTENDED-S202648473C7FAA0-2650EF353A2,YES,3293.01,OTHER
2026-04-03 23:32:52,KXNBAGAME-26APR03MINPHI-PHI,NO,8250.00,OTHER
2026-04-03 23:33:52,KXNBASPREAD-26APR03CHINYK-NYK13,YES,2500.00,OTHER
2026-04-03 23:34:23,KXWTAMATCH-26APR03UDVKAW-UDV,YES,3661.30,OTHER
2026-04-03 23:34:23,KXWTAMATCH-26APR03UDVKAW-UDV,YES,6574.00,OTHER
2026-04-03 23:35:23,KXMVESPORTSMULTIGAMEEXTENDED-S2026BB0B2A29C69-E943B84BD81,YES,2446.91,OTHER
2026-04-03 23:36:39,KXATPMATCH-26APR04ARNCOM-COM,YES,4592.64,OTHER
2026-04-03 23:38:09,KXMLBGAME-26APR032138SEALAA-SEA,YES,4413.20,OTHER
2026-04-03 23:40:10,KXMLBGAME-26APR031610TBMIN-TB,NO,3189.12,OTHER
2026-04-03 23:41:11,KXNBAGAME-26APR03INDCHA-CHA,YES,3194.80,OTHER
2026-04-03 23:41:56,KXNCAAWBGAME-26APR03SCARCONN-SCAR,NO,3097.64,OTHER
2026-04-03 23:42:11,KXNCAAWBGAME-26APR03SCARCONN-CONN,YES,3650.00,OTHER
2026-04-03 23:42:41,KXNBASPREAD-26APR03TORMEM-TOR13,YES,27000.00,OTHER
2026-04-03 23:42:41,KXNBASPREAD-26APR03TORMEM-TOR13,YES,5423.76,OTHER
2026-04-03 23:42:41,KXNBASPREAD-26APR03TORMEM-TOR13,YES,10800.00,OTHER
2026-04-03 23:42:41,KXNBASPREAD-26APR03TORMEM-TOR13,YES,3698.46,OTHER
2026-04-03 23:42:41,KXNBASPREAD-26APR03TORMEM-TOR13,YES,2160.00,OTHER
2026-04-03 23:43:27,KXWTAMATCH-26APR03KESSTA-STA,YES,4995.54,OTHER
2026-04-03 23:43:27,KXNBAGAME-26APR03ATLBKN-ATL,YES,4818.40,OTHER
2026-04-03 23:43:27,KXNBAGAME-26APR03ATLBKN-ATL,YES,5742.75,OTHER
2026-04-03 23:43:27,KXNBAGAME-26APR03CHINYK-NYK,YES,6750.00,OTHER
2026-04-03 23:43:27,KXNBAGAME-26APR03CHINYK-NYK,YES,3561.32,OTHER
2026-04-03 23:43:27,KXNBAGAME-26APR03CHINYK-NYK,YES,2900.17,OTHER
2026-04-03 23:43:27,KXNBAGAME-26APR03CHINYK-NYK,YES,3633.30,OTHER
2026-04-03 23:44:12,KXMVECROSSCATEGORY-S2026BEE5569E9B8-07D2A037898,YES,4680.53,OTHER
2026-04-03 23:44:12,KXNBATOTAL-26APR03BOSMIL-218,NO,4676.19,OTHER
2026-04-03 23:44:12,KXNBATOTAL-26APR03BOSMIL-218,NO,4863.81,OTHER
2026-04-03 23:44:12,KXNBAGAME-26APR03CHINYK-NYK,YES,6750.00,OTHER
2026-04-03 23:46:58,KXNBAGAME-26APR03MINPHI-PHI,YES,2888.60,OTHER
2026-04-03 23:47:14,KXNBAGAME-26APR03MINPHI-PHI,YES,3945.36,OTHER
2026-04-03 23:47:14,KXNBAGAME-26APR03CHINYK-NYK,YES,3252.40,OTHER
2026-04-03 23:47:14,KXNBAGAME-26APR03CHINYK-NYK,YES,2329.32,OTHER
2026-04-03 23:47:44,KXNBAGAME-26APR03ATLBKN-ATL,YES,3321.60,OTHER
2026-04-03 23:48:29,KXNBATOTAL-26APR03MINPHI-227,NO,2002.65,OTHER
2026-04-03 23:53:02,KXNBAGAME-26APR03CHINYK-NYK,YES,2861.50,OTHER
2026-04-03 23:55:33,KXPGATOUR-MAST26-SSCH,NO,3014.55,OTHER
2026-04-03 23:55:33,KXNBAGAME-26APR03ATLBKN-BKN,NO,2450.00,OTHER
2026-04-03 23:56:33,KXNBAGAME-26APR03ATLBKN-ATL,YES,2450.00,OTHER
2026-04-03 23:57:04,KXNBASPREAD-26APR03BOSMIL-BOS17,YES,2021.76,OTHER
2026-04-03 23:57:19,KXNBASPREAD-26APR03UTAHOU-HOU18,YES,3060.00,OTHER
2026-04-03 23:58:04,KXNBAGAME-26APR03INDCHA-IND,NO,4003.46,OTHER
2026-04-03 23:59:20,KXMVESPORTSMULTIGAMEEXTENDED-S2026A04482B5CCE-3B6600991D1,YES,2859.20,OTHER
2026-04-04 00:00:50,KXNBASPREAD-26APR03MINPHI-MIN3,NO,2411.75,OTHER
2026-04-04 00:01:21,KXNBAGAME-26APR03TORMEM-TOR,YES,2482.20,OTHER
2026-04-04 00:01:51,KXNCAAWBSPREAD-26APR03SCARCONN-CONN6,YES,2419.98,OTHER
2026-04-04 00:03:06,KXNBAGAME-26APR03INDCHA-CHA,YES,4520.64,OTHER
2026-04-04 00:03:52,KXMLBGAME-26APR032145ATLAZ-ATL,YES,12039.06,OTHER
2026-04-04 00:03:52,KXMLBGAME-26APR032145ATLAZ-ATL,YES,12017.13,OTHER
2026-04-04 00:04:53,KXNCAAWBGAME-26APR03SCARCONN-SCAR,YES,4013.50,OTHER
2026-04-04 00:05:08,KXNBAGAME-26APR03UTAHOU-HOU,YES,3384.00,OTHER
2026-04-04 00:05:53,KXMLBGAME-26APR032215NYMSF-SF,YES,11850.06,OTHER
2026-04-04 00:05:53,KXMLBGAME-26APR032215NYMSF-SF,YES,11149.94,OTHER
2026-04-04 00:06:39,KXNBATOTAL-26APR03BOSMIL-218,NO,5100.00,OTHER
2026-04-04 00:07:39,KXNBAGAME-26APR03INDCHA-CHA,YES,5841.99,OTHER
2026-04-04 00:08:39,KXNCAAWBGAME-26APR03SCARCONN-CONN,YES,3412.50,OTHER
2026-04-04 00:09:10,KXNBAGAME-26APR03INDCHA-CHA,YES,13175.12,OTHER
2026-04-04 00:10:40,KXNBAGAME-26APR03MINPHI-MIN,YES,2950.00,OTHER
2026-04-04 00:11:56,KXNBAGAME-26APR03MINPHI-MIN,NO,5557.86,OTHER
2026-04-04 00:11:56,KXNBAGAME-26APR03MINPHI-MIN,NO,2409.54,OTHER
2026-04-04 00:12:11,KXNBAGAME-26APR03MINPHI-MIN,NO,5203.43,OTHER
2026-04-04 00:13:12,KXNBAGAME-26APR03BOSMIL-MIL,NO,2400.00,OTHER
2026-04-04 00:13:12,KXNBAGAME-26APR03BOSMIL-MIL,NO,2400.00,OTHER
2026-04-04 00:14:58,KXATPCHALLENGERMATCH-26APR03SOTMEJ-SOT,YES,2184.64,OTHER
2026-04-04 00:15:13,KXNCAAWBGAME-26APR03SCARCONN-SCAR,YES,2114.80,OTHER
2026-04-04 00:15:28,KXMARMAD-26-MICH,YES,2625.00,OTHER
2026-04-04 00:15:58,KXNBAGAME-26APR03MINPHI-PHI,YES,2303.70,OTHER
2026-04-04 00:15:58,KXNBAGAME-26APR03MINPHI-PHI,YES,3423.42,OTHER
2026-04-04 00:15:58,KXNCAAWBGAME-26APR03SCARCONN-CONN,YES,4500.00,OTHER
2026-04-04 00:16:13,KXNCAAWBGAME-26APR03SCARCONN-SCAR,NO,5490.54,OTHER
2026-04-04 00:17:59,KXNCAAWBGAME-26APR03SCARCONN-SCAR,NO,2250.00,OTHER
2026-04-04 00:19:30,KXNBAGAME-26APR03ORLDAL-ORL,YES,6820.97,OTHER
2026-04-04 00:19:30,KXNBAGAME-26APR03ORLDAL-ORL,YES,4147.82,OTHER
2026-04-04 00:19:30,KXNBAGAME-26APR03ORLDAL-ORL,YES,35500.00,OTHER
2026-04-04 00:19:30,KXNBAGAME-26APR03ORLDAL-ORL,YES,7668.71,OTHER
2026-04-04 00:19:30,KXNBAGAME-26APR03ORLDAL-ORL,YES,36189.41,OTHER
2026-04-04 00:19:30,KXNBAGAME-26APR03ORLDAL-ORL,YES,7668.71,OTHER
2026-04-04 00:20:15,KXNCAAWBGAME-26APR03SCARCONN-SCAR,YES,5140.80,OTHER
2026-04-04 00:20:30,KXNBASPREAD-26APR03CHINYK-NYK19,YES,4653.12,OTHER
2026-04-04 00:20:45,KXNBAGAME-26APR03ATLBKN-ATL,YES,5067.28,OTHER
2026-04-04 00:21:16,KXNBAGAME-26APR03MINPHI-MIN,NO,9321.06,OTHER
2026-04-04 00:21:31,KXNCAAWBGAME-26APR03SCARCONN-SCAR,YES,4316.95,OTHER
2026-04-04 00:23:17,KXNBASPREAD-26APR03INDCHA-CHA25,YES,2576.91,OTHER
2026-04-04 00:23:32,KXNBAGAME-26APR03MINPHI-PHI,NO,2680.34,OTHER
2026-04-04 00:23:32,KXNBAGAME-26APR03MINPHI-MIN,YES,2680.34,OTHER
2026-04-04 00:23:47,KXMLBTOTAL-26APR032138SEALAA-8,YES,2892.78,OTHER
2026-04-04 00:23:47,KXNBAGAME-26APR03ATLBKN-ATL,YES,3750.99,OTHER
2026-04-04 00:23:47,KXNBAGAME-26APR03ATLBKN-ATL,YES,3750.99,OTHER
2026-04-04 00:23:47,KXNBAGAME-26APR03ATLBKN-ATL,YES,7275.00,OTHER
2026-04-04 00:23:47,KXNBAGAME-26APR03ATLBKN-ATL,YES,5590.11,OTHER
2026-04-04 00:26:33,KXNBATOTAL-26APR03BOSMIL-230,NO,2804.32,OTHER
2026-04-04 00:27:19,KXMLBGAME-26APR032215NYMSF-NYM,YES,2424.80,OTHER
2026-04-04 00:27:49,KXNBAGAME-26APR03UTAHOU-HOU,YES,2112.80,OTHER
2026-04-04 00:28:34,KXNBAGAME-26APR03MINPHI-MIN,YES,9324.63,OTHER
2026-04-04 00:29:50,KXMLBGAME-26APR032145ATLAZ-ATL,NO,2608.27,OTHER
2026-04-04 00:29:50,KXMLBGAME-26APR032145ATLAZ-ATL,NO,12250.00,OTHER
2026-04-04 00:32:06,KXNBAGAME-26APR03MINPHI-MIN,YES,4782.36,OTHER
2026-04-04 00:32:21,KXNBAGAME-26APR03MINPHI-MIN,NO,4172.97,OTHER
2026-04-04 00:34:22,KXNCAAWBGAME-26APR03SCARCONN-SCAR,YES,2397.94,OTHER
2026-04-04 00:34:52,KXNBAGAME-26APR03TORMEM-TOR,YES,2564.94,OTHER
2026-04-04 00:34:52,KXNBAGAME-26APR03TORMEM-TOR,YES,3217.80,OTHER
2026-04-04 00:34:52,KXNBAGAME-26APR03TORMEM-TOR,YES,2826.27,OTHER
2026-04-04 00:35:53,KXNCAAWBGAME-26APR03SCARCONN-CONN,YES,2681.25,OTHER
2026-04-04 00:36:23,KXNBAGAME-26APR03MINPHI-PHI,YES,3550.72,OTHER
2026-04-04 00:38:39,KXMLBGAME-26APR032140HOUATH-ATH,YES,2886.60,OTHER
2026-04-04 00:41:25,KXPGATOUR-VATO26-TFLE,NO,2277.56,OTHER
2026-04-04 00:45:12,KXNBAGAME-26APR03ORLDAL-DAL,YES,2250.00,OTHER
2026-04-04 00:45:27,KXMLBGAME-26APR032140HOUATH-ATH,YES,2900.37,OTHER
2026-04-04 00:45:27,KXNBAGAME-26APR03ATLBKN-ATL,YES,7716.52,OTHER
2026-04-04 00:46:13,KXNBAGAME-26APR03ORLDAL-ORL,YES,4201.72,OTHER
2026-04-04 00:46:13,KXNBAGAME-26APR03ORLDAL-ORL,YES,2644.52,OTHER
2026-04-04 00:47:28,KXNCAAWBGAME-26APR03SCARCONN-CONN,NO,2100.00,OTHER
2026-04-04 00:47:28,KXNBAGAME-26APR03BOSMIL-MIL,NO,4632.21,OTHER
2026-04-04 00:47:28,KXNCAAWBGAME-26APR03SCARCONN-SCAR,YES,2592.33,OTHER
2026-04-04 00:48:14,KXNCAAWBGAME-26APR03SCARCONN-CONN,NO,4374.60,OTHER
2026-04-04 00:48:14,KXNCAAWBGAME-26APR03SCARCONN-CONN,NO,26851.35,OTHER
2026-04-04 00:48:14,KXNCAAWBGAME-26APR03SCARCONN-CONN,NO,2468.82,OTHER
2026-04-04 00:48:44,KXNCAAWBGAME-26APR03SCARCONN-CONN,NO,3338.22,OTHER
2026-04-04 00:48:59,KXNCAAWBGAME-26APR03SCARCONN-CONN,NO,3400.00,OTHER
2026-04-04 00:49:45,KXNBAGAME-26APR03ATLBKN-ATL,YES,3146.78,OTHER
2026-04-04 00:50:30,KXNBAGAME-26APR03MINPHI-MIN,YES,2037.22,OTHER
2026-04-04 00:51:46,KXNBAGAME-26APR03MINPHI-MIN,NO,28411.68,OTHER
2026-04-04 00:52:31,KXNBAGAME-26APR03ORLDAL-ORL,YES,2433.09,OTHER
2026-04-04 00:53:01,KXNBAGAME-26APR03UTAHOU-UTA,NO,3854.07,OTHER
2026-04-04 00:53:01,KXNHLGAME-26APR03PHINYI-PHI,YES,2742.09,OTHER
2026-04-04 00:53:16,KXMEDIARELEASEST-27JAN01,NO,3672.24,OTHER
2026-04-04 00:53:16,KXMEDIARELEASEST-27JAN01,NO,6019.96,OTHER
2026-04-04 00:53:16,KXMEDIARELEASEST-27JAN01,NO,3673.12,OTHER
2026-04-04 00:54:17,KXWMARMADROUND-26T2-SCAR,YES,2501.73,OTHER
2026-04-04 00:55:17,KXNCAAWBGAME-26APR03SCARCONN-SCAR,YES,2848.32,OTHER
2026-04-04 00:55:32,KXNBAGAME-26APR03MINPHI-MIN,NO,2164.50,OTHER
2026-04-04 00:56:18,KXMLBGAME-26APR032138SEALAA-SEA,YES,3891.00,OTHER
2026-04-04 00:56:18,KXNCAAWBGAME-26APR03SCARCONN-CONN,NO,3920.00,OTHER
2026-04-04 00:56:33,KXNCAAWBGAME-26APR03SCARCONN-SCAR,YES,2432.76,OTHER
2026-04-04 00:57:03,KXNBASPREAD-26APR03MINPHI-PHI9,NO,2883.50,OTHER
2026-04-04 00:57:18,KXNCAAWBGAME-26APR03SCARCONN-SCAR,YES,4410.00,OTHER
2026-04-04 00:57:18,KXNCAAWBGAME-26APR03SCARCONN-SCAR,YES,4900.00,OTHER
2026-04-04 00:57:18,KXMLBGAME-26APR032140HOUATH-HOU,YES,2067.00,OTHER
2026-04-04 00:57:48,KXMLBGAME-26APR032140HOUATH-HOU,YES,2500.00,OTHER
2026-04-04 00:58:04,KXNCAAWBGAME-26APR03SCARCONN-SCAR,YES,5782.59,OTHER
2026-04-04 00:58:04,KXATPMATCH-26APR03POPTIA-TIA,YES,3045.24,OTHER
2026-04-04 00:58:34,KXNCAAWBGAME-26APR03TEXUCLA-TEX,YES,3123.30,OTHER
2026-04-04 00:58:49,KXNBAGAME-26APR03MINPHI-PHI,YES,4964.40,OTHER
2026-04-04 00:59:04,KXMVESPORTSMULTIGAMEEXTENDED-S2026D820A6A875E-EF2ACEA9315,YES,2455.83,OTHER
2026-04-04 00:59:19,KXNBAGAME-26APR03MINPHI-PHI,YES,3306.60,OTHER
2026-04-04 00:59:19,KXNBAGAME-26APR03ORLDAL-ORL,YES,7033.37,OTHER
2026-04-04 00:59:19,KXNBAGAME-26APR03ORLDAL-ORL,YES,2616.48,OTHER
2026-04-04 00:59:34,KXNCAAWBGAME-26APR03TEXUCLA-TEX,YES,2416.28,OTHER
2026-04-04 00:59:34,KXNBAGAME-26APR03ORLDAL-ORL,YES,2316.80,OTHER
2026-04-04 00:59:50,KXNCAAWBGAME-26APR03TEXUCLA-UCLA,YES,14433.76,OTHER
2026-04-04 01:03:51,KXNBAGAME-26APR03MINPHI-PHI,YES,3046.40,OTHER
2026-04-04 01:04:22,KXNCAAWBGAME-26APR03TEXUCLA-TEX,YES,5800.00,OTHER
2026-04-04 01:05:07,KXNCAAMBGAME-26APR04ILLCONN-ILL,YES,2303.95,OTHER
2026-04-04 01:05:22,KXNBAGAME-26APR03MINPHI-MIN,NO,2610.00,OTHER
2026-04-04 01:05:22,KXMLBSPREAD-26APR032140HOUATH-ATH2,NO,3323.87,OTHER
2026-04-04 01:05:22,KXNCAAWBGAME-26APR03TEXUCLA-UCLA,NO,2850.00,OTHER
2026-04-04 01:06:23,KXNBAGAME-26APR03MINPHI-PHI,YES,3510.25,OTHER
2026-04-04 01:06:23,KXNBAGAME-26APR03MINPHI-MIN,NO,4771.85,OTHER
2026-04-04 01:06:38,KXNBAGAME-26APR03MINPHI-PHI,YES,2988.70,OTHER
2026-04-04 01:06:38,KXNBAGAME-26APR03MINPHI-MIN,NO,2935.50,OTHER
2026-04-04 01:06:38,KXNBAGAME-26APR03MINPHI-MIN,NO,2850.00,OTHER
2026-04-04 01:07:38,KXNCAAWBGAME-26APR03TEXUCLA-TEX,YES,8520.78,OTHER
2026-04-04 01:07:38,KXNCAAWBGAME-26APR03TEXUCLA-TEX,YES,5800.00,OTHER
2026-04-04 01:08:39,KXNBAGAME-26APR03MINPHI-MIN,NO,3112.20,OTHER
2026-04-04 01:10:09,KXNBASPREAD-26APR03MINPHI-MIN3,NO,2499.98,OTHER
2026-04-04 01:10:09,KXNBAGAME-26APR03MINPHI-PHI,YES,2695.00,OTHER
2026-04-04 01:10:09,KXNBAGAME-26APR03MINPHI-MIN,NO,3960.00,OTHER
2026-04-04 01:10:09,KXNBAGAME-26APR03MINPHI-MIN,NO,3933.27,OTHER
2026-04-04 01:10:09,KXNBAGAME-26APR03MINPHI-MIN,NO,5940.00,OTHER
2026-04-04 01:10:09,KXNBAGAME-26APR03MINPHI-MIN,NO,3476.88,OTHER
2026-04-04 01:11:40,KXNBAGAME-26APR03MINPHI-MIN,NO,4553.08,OTHER
2026-04-04 01:11:55,KXNBAGAME-26APR03MINPHI-MIN,NO,3068.38,OTHER
2026-04-04 01:14:11,KXNCAAWBGAME-26APR03TEXUCLA-TEX,YES,3384.83,OTHER
2026-04-04 01:14:42,KXNBAGAME-26APR03ORLDAL-ORL,YES,2104.12,OTHER
2026-04-04 01:16:43,KXMLBGAME-26APR032215NYMSF-SF,YES,2635.34,OTHER
2026-04-04 01:16:58,KXNBASPREAD-26APR03CHINYK-NYK10,YES,3399.85,OTHER
2026-04-04 01:17:13,KXATPMATCH-26APR03POPTIA-TIA,NO,2213.40,OTHER
2026-04-04 01:19:29,KXNCAAWBSPREAD-26APR03TEXUCLA-TEX1,YES,2679.00,OTHER
2026-04-04 01:19:29,KXNCAAWBSPREAD-26APR03TEXUCLA-TEX1,YES,4351.76,OTHER
2026-04-04 01:19:29,KXNHLGAME-26APR03STLANA-ANA,YES,6712.32,OTHER
2026-04-04 01:19:29,KXNHLGAME-26APR03STLANA-ANA,YES,2473.23,OTHER
2026-04-04 01:19:44,KXNCAAWBGAME-26APR03TEXUCLA-UCLA,YES,2939.70,OTHER
2026-04-04 01:20:44,KXNBASPREAD-26APR03ORLDAL-ORL10,YES,2933.15,OTHER
2026-04-04 01:20:59,KXNBAGAME-26APR03TORMEM-MEM,NO,2450.00,OTHER
2026-04-04 01:21:45,KXNCAAWBGAME-26APR03TEXUCLA-TEX,YES,14600.96,OTHER
2026-04-04 01:22:00,KXMVESPORTSMULTIGAMEEXTENDED-S2026A7456D78C75-75116C277E4,YES,4659.42,OTHER
2026-04-04 01:22:45,KXNBAGAME-26APR03MINPHI-MIN,NO,2042.50,OTHER
2026-04-04 01:22:45,KXNBAGAME-26APR03ATLBKN-BKN,NO,6041.28,OTHER
2026-04-04 01:23:16,KXNBAGAME-26APR03MINPHI-PHI,YES,3570.24,OTHER
2026-04-04 01:23:16,KXNBAGAME-26APR03MINPHI-PHI,YES,3667.00,OTHER
2026-04-04 01:24:16,KXNBAGAME-26APR03MINPHI-PHI,YES,4950.00,OTHER
2026-04-04 01:24:31,KXNCAAMBGAME-26APR04ILLCONN-CONN,YES,7666.36,OTHER
2026-04-04 01:25:17,KXNBAGAME-26APR03MINPHI-PHI,YES,2440.52,OTHER
2026-04-04 01:25:17,KXNBAGAME-26APR03MINPHI-PHI,YES,4593.92,OTHER
2026-04-04 01:26:32,KXMLBGAME-26APR032138SEALAA-SEA,YES,3400.80,OTHER
2026-04-04 01:27:18,KXNCAAWBGAME-26APR03TEXUCLA-UCLA,YES,2227.20,OTHER
2026-04-04 01:27:18,KXNCAAWBGAME-26APR03TEXUCLA-UCLA,YES,2124.40,OTHER
2026-04-04 01:29:03,KXNBAGAME-26APR03UTAHOU-HOU,YES,10418.76,OTHER
2026-04-04 01:30:04,KXNCAAWBGAME-26APR03TEXUCLA-UCLA,YES,9596.80,OTHER
2026-04-04 01:31:04,KXNBAGAME-26APR03NOPSAC-NOP,YES,24877.80,OTHER
2026-04-04 01:31:04,KXNBAGAME-26APR03NOPSAC-NOP,YES,24450.76,OTHER
2026-04-04 01:31:19,KXMVESPORTSMULTIGAMEEXTENDED-S2026946DB5BAD2E-76B6C847296,YES,3785.98,OTHER
2026-04-04 01:31:35,KXNBAGAME-26APR03ORLDAL-ORL,YES,2462.46,OTHER
2026-04-04 01:32:50,KXMVESPORTSMULTIGAMEEXTENDED-S2026A9423B793AF-8F65687DBEE,YES,4841.69,OTHER
2026-04-04 01:33:05,KXNBAGAME-26APR03ORLDAL-ORL,YES,2535.44,OTHER
2026-04-04 01:33:05,KXNBAGAME-26APR03ORLDAL-ORL,YES,3280.00,OTHER
2026-04-04 01:33:36,KXNCAAWBGAME-26APR03TEXUCLA-TEX,YES,9040.84,OTHER
2026-04-04 01:34:06,KXNBAGAME-26APR03ORLDAL-ORL,YES,2864.16,OTHER
2026-04-04 01:34:51,KXNBAGAME-26APR03TORMEM-TOR,YES,12339.18,OTHER
2026-04-04 01:34:51,KXNBAGAME-26APR03TORMEM-TOR,YES,28058.38,OTHER
2026-04-04 01:34:51,KXNBAGAME-26APR03TORMEM-TOR,YES,13395.62,OTHER
2026-04-04 01:36:07,KXNBAGAME-26APR03TORMEM-TOR,YES,6580.70,OTHER
2026-04-04 01:37:38,KXMVESPORTSMULTIGAMEEXTENDED-S2026932F165A125-7164C29D83E,NO,4078.93,OTHER
2026-04-04 01:37:53,KXNCAAWBSPREAD-26APR03TEXUCLA-TEX1,YES,3000.00,OTHER
2026-04-04 01:38:08,KXFEDDECISION-26APR-C25,NO,39600.00,OTHER
2026-04-04 01:38:08,KXNBAGAME-26APR03NOPSAC-NOP,YES,2040.00,OTHER
2026-04-04 01:38:38,KXMLBGAME-26APR032215NYMSF-NYM,YES,5500.00,OTHER
2026-04-04 01:38:38,KXMLBGAME-26APR032215NYMSF-NYM,YES,4087.05,OTHER
2026-04-04 01:40:54,KXNBATOTAL-26APR03ATLBKN-240,YES,2325.00,OTHER
2026-04-04 01:42:40,KXMLBTOTAL-26APR032145ATLAZ-10,YES,4730.18,OTHER
2026-04-04 01:43:56,KXNBAGAME-26APR03NOPSAC-NOP,YES,4845.00,OTHER
2026-04-04 01:44:11,KXMLBSPREAD-26APR032215NYMSF-NYM2,YES,8522.22,OTHER
2026-04-04 01:44:11,KXMLBSPREAD-26APR032215NYMSF-NYM2,YES,10129.14,OTHER
2026-04-04 01:44:11,KXMLBSPREAD-26APR032215NYMSF-NYM2,YES,2304.96,OTHER
2026-04-04 01:44:56,KXMLBSPREAD-26APR032145ATLAZ-ATL4,NO,3068.36,OTHER
2026-04-04 01:44:56,KXMLBSPREAD-26APR032145ATLAZ-ATL4,NO,6320.00,OTHER
2026-04-04 01:45:26,KXNBAGAME-26APR03ORLDAL-ORL,YES,4964.40,OTHER
2026-04-04 01:46:12,KXNBAGAME-26APR03ORLDAL-ORL,YES,2700.00,OTHER
2026-04-04 01:46:42,KXNCAAWBGAME-26APR03TEXUCLA-UCLA,YES,2552.50,OTHER
2026-04-04 01:46:42,KXNCAAWBGAME-26APR03TEXUCLA-UCLA,YES,2174.00,OTHER
2026-04-04 01:48:28,KXNBA-26-PHI,NO,3914.46,OTHER
2026-04-04 01:48:43,KXNBAGAME-26APR03ORLDAL-ORL,YES,7388.52,OTHER
2026-04-04 01:49:58,KXNBATOTAL-26APR03ORLDAL-246,NO,3171.85,OTHER
2026-04-04 01:50:29,KXNHLGAME-26APR03STLANA-ANA,YES,4351.20,OTHER
2026-04-04 01:50:29,KXNHLGAME-26APR03STLANA-ANA,YES,11200.00,OTHER
2026-04-04 01:51:14,KXMLBGAME-26APR032215NYMSF-NYM,YES,2894.65,OTHER
2026-04-04 01:51:44,KXMVESPORTSMULTIGAMEEXTENDED-S2026DE60D76D056-412BC0A800E,YES,4778.43,OTHER
2026-04-04 01:53:00,KXNHLGAME-26APR03STLANA-STL,YES,2060.10,OTHER
2026-04-04 01:54:00,KXNCAAWBGAME-26APR03TEXUCLA-TEX,YES,4743.40,OTHER
2026-04-04 01:54:16,KXNCAAWBGAME-26APR03TEXUCLA-TEX,YES,2577.05,OTHER
2026-04-04 01:56:16,KXNCAAWBGAME-26APR03TEXUCLA-UCLA,YES,6867.00,OTHER
2026-04-04 01:59:18,KXNBAGAME-26APR03NOPSAC-NOP,YES,2990.46,OTHER
2026-04-04 02:00:33,KXATPMATCH-26APR03POPTIA-POP,YES,2813.16,OTHER
2026-04-04 02:01:19,KXNBAGAME-26APR03NOPSAC-NOP,YES,4013.04,OTHER
2026-04-04 02:04:51,KXNBAGAME-26APR03NOPSAC-SAC,YES,16000.00,OTHER
2026-04-04 02:05:06,KXMLBGAME-26APR032140HOUATH-HOU,YES,3640.32,OTHER
2026-04-04 02:05:06,KXNBAGAME-26APR03ORLDAL-ORL,YES,7125.00,OTHER
2026-04-04 02:06:22,KXLAYOFFSYINFO-26-494000,YES,3432.00,OTHER
2026-04-04 02:07:07,KXNCAAWBGAME-26APR03TEXUCLA-TEX,YES,3225.00,OTHER
2026-04-04 02:07:37,KXNBAGAME-26APR03ORLDAL-ORL,YES,2818.65,OTHER
2026-04-04 02:07:52,KXLAYOFFSYINFO-26-494000,YES,3432.00,OTHER
2026-04-04 02:08:53,KXMLBGAME-26APR032140HOUATH-HOU,YES,2080.00,OTHER
2026-04-04 02:08:53,KXMLBGAME-26APR032140HOUATH-HOU,YES,2080.00,OTHER
2026-04-04 02:08:53,KXMLBGAME-26APR032140HOUATH-HOU,YES,2080.00,OTHER
2026-04-04 02:08:53,KXMLBGAME-26APR032140HOUATH-HOU,YES,3875.04,OTHER
2026-04-04 02:08:53,KXMLBGAME-26APR032140HOUATH-HOU,YES,4160.00,OTHER
2026-04-04 02:09:23,KXMVESPORTSMULTIGAMEEXTENDED-S202652B1DB7CFA3-C9089F7D220,YES,4449.73,OTHER
2026-04-04 02:11:09,KXMLBGAME-26APR032145ATLAZ-ATL,YES,3295.01,OTHER
2026-04-04 02:12:40,KXMLBGAME-26APR032145ATLAZ-ATL,NO,6203.70,OTHER
2026-04-04 02:13:10,KXNCAAWBGAME-26APR03TEXUCLA-UCLA,YES,4840.96,OTHER
2026-04-04 02:14:10,KXNBAGAME-26APR03NOPSAC-NOP,YES,5405.23,OTHER
2026-04-04 02:14:25,KXUFLGAME-26APR03DCCLB-CLB,NO,3796.95,OTHER
2026-04-04 02:14:56,KXNBAGAME-26APR03ORLDAL-ORL,YES,2940.00,OTHER
2026-04-04 02:14:56,KXNBAGAME-26APR03ORLDAL-ORL,YES,2450.00,OTHER
2026-04-04 02:15:11,KXMVESPORTSMULTIGAMEEXTENDED-S2026CC62120630E-63686FDCBB3,NO,3045.20,OTHER
2026-04-04 02:18:12,KXNBAGAME-26APR03ORLDAL-ORL,YES,2994.88,OTHER
2026-04-04 02:19:13,KXNBAGAME-26APR03NOPSAC-SAC,YES,2007.68,OTHER
2026-04-04 02:24:15,KXNBAGAME-26APR03ORLDAL-ORL,YES,3329.04,OTHER
2026-04-04 02:25:16,KXNBAGAME-26APR03NOPSAC-NOP,YES,2434.50,OTHER
2026-04-04 02:27:17,KXNBAGAME-26APR03NOPSAC-NOP,YES,4787.20,OTHER
2026-04-04 02:29:02,KXNBAGAME-26APR03NOPSAC-SAC,YES,2176.64,OTHER
2026-04-04 02:30:48,KXNBAGAME-26APR03NOPSAC-NOP,YES,7316.45,OTHER
2026-04-04 02:31:18,KXNCAAWBGAME-26APR03TEXUCLA-TEX,YES,2712.96,OTHER
2026-04-04 02:31:49,KXNBAPTS-26APR03ORLDAL-ORLFWAGNER22-15,YES,2235.12,OTHER
2026-04-04 02:32:04,KXMVECROSSCATEGORY-S202665E5C486BE1-8D4D27C7C16,YES,2431.17,OTHER
2026-04-04 02:34:50,KXMLBGAME-26APR032215NYMSF-NYM,YES,2280.00,OTHER
2026-04-04 02:34:50,KXMLBGAME-26APR032215NYMSF-NYM,YES,2280.00,OTHER
2026-04-04 02:34:50,KXMLBGAME-26APR032215NYMSF-NYM,YES,3040.00,OTHER
2026-04-04 02:34:50,KXMLBGAME-26APR032215NYMSF-NYM,YES,3040.00,OTHER
2026-04-04 02:34:50,KXMLBGAME-26APR032215NYMSF-NYM,YES,6080.00,OTHER
2026-04-04 02:34:50,KXMLBGAME-26APR032215NYMSF-NYM,YES,3040.00,OTHER
2026-04-04 02:34:50,KXMLBGAME-26APR032215NYMSF-NYM,YES,2280.00,OTHER
2026-04-04 02:34:50,KXMLBGAME-26APR032215NYMSF-NYM,YES,2310.00,OTHER
2026-04-04 02:34:50,KXMLBGAME-26APR032215NYMSF-NYM,YES,2280.00,OTHER
2026-04-04 02:34:50,KXMLBGAME-26APR032215NYMSF-NYM,YES,2310.00,OTHER
2026-04-04 02:34:50,KXMLBGAME-26APR032215NYMSF-NYM,YES,2971.60,OTHER
2026-04-04 02:34:50,KXMLBGAME-26APR032215NYMSF-NYM,YES,3080.00,OTHER
2026-04-04 02:34:50,KXMLBGAME-26APR032215NYMSF-NYM,YES,2280.00,OTHER
2026-04-04 02:34:50,KXMLBGAME-26APR032215NYMSF-NYM,YES,2568.72,OTHER
2026-04-04 02:35:05,KXNCAAWBGAME-26APR03TEXUCLA-UCLA,YES,4121.60,OTHER
2026-04-04 02:35:51,KXNCAAWBTOTAL-26APR03TEXUCLA-119,NO,4600.00,OTHER
2026-04-04 02:37:21,KXNBAGAME-26APR03NOPSAC-NOP,YES,2684.68,OTHER
2026-04-04 02:41:38,KXATPMATCH-26APR03POPTIA-TIA,YES,2791.80,OTHER
2026-04-04 02:43:09,KXNBASPREAD-26APR03ORLDAL-ORL7,YES,2231.46,OTHER
2026-04-04 02:43:09,KXNBAGAME-26APR03NOPSAC-NOP,YES,2897.37,OTHER
2026-04-04 02:43:09,KXNBAGAME-26APR03NOPSAC-NOP,YES,2802.60,OTHER
2026-04-04 02:44:40,KXMVESPORTSMULTIGAMEEXTENDED-S202656F2A916768-5CD22CC1B12,NO,2124.86,OTHER
2026-04-04 02:47:26,KXMLBGAME-26APR032145ATLAZ-ATL,YES,2686.00,OTHER
2026-04-04 02:47:41,KXMVESPORTSMULTIGAMEEXTENDED-S2026963C5BCD99E-FD82F44B6E0,YES,7407.30,OTHER
2026-04-04 02:47:41,KXMVECROSSCATEGORY-S20263CE335C734B-BC6A7C4C60E,YES,3270.69,OTHER
2026-04-04 02:47:56,KXNCAAWBGAME-26APR03TEXUCLA-UCLA,YES,2079.07,OTHER
2026-04-04 02:49:12,KXNBATOTAL-26APR03NOPSAC-231,NO,3471.00,OTHER
2026-04-04 02:49:57,KXNCAAWBSPREAD-26APR03TEXUCLA-TEX7,NO,2153.70,OTHER
2026-04-04 02:51:43,KXNCAAWBGAME-26APR03TEXUCLA-TEX,YES,2405.16,OTHER
2026-04-04 02:52:13,KXATPCHALLENGERMATCH-26APR03FICPAC-PAC,NO,3100.00,OTHER
2026-04-04 02:52:28,KXNBAGAME-26APR03NOPSAC-NOP,YES,9008.10,OTHER
2026-04-04 02:52:44,KXNBAGAME-26APR03NOPSAC-NOP,YES,2602.80,OTHER
2026-04-04 02:55:15,KXNHLGAME-26APR03STLANA-ANA,YES,3800.00,OTHER
2026-04-04 02:56:31,KXNBAGAME-26APR03NOPSAC-NOP,YES,4892.16,OTHER
2026-04-04 02:58:47,KXNCAAWBGAME-26APR03TEXUCLA-UCLA,YES,4650.00,OTHER
2026-04-04 02:59:47,KXNBAGAME-26APR03NOPSAC-SAC,NO,4079.28,OTHER
2026-04-04 02:59:47,KXNCAAWBGAME-26APR03TEXUCLA-UCLA,YES,3632.85,OTHER
2026-04-04 03:01:18,KXNBAGAME-26APR03NOPSAC-NOP,YES,2202.24,OTHER
2026-04-04 03:02:48,KXNCAAWBGAME-26APR03TEXUCLA-UCLA,YES,2057.14,OTHER
2026-04-04 03:04:19,KXNCAAWBGAME-26APR03TEXUCLA-UCLA,YES,4659.27,OTHER
2026-04-04 03:04:34,KXNCAAWBGAME-26APR03TEXUCLA-UCLA,YES,4871.60,OTHER
2026-04-04 03:05:35,KXNCAAWBGAME-26APR03TEXUCLA-UCLA,YES,5860.80,OTHER
2026-04-04 03:07:51,KXCITRINI-28JUL01,NO,2362.56,OTHER
2026-04-04 03:10:37,KXNCAAWBGAME-26APR03TEXUCLA-UCLA,YES,3300.00,OTHER
2026-04-04 03:12:08,KXNCAAWBGAME-26APR03TEXUCLA-UCLA,YES,2761.92,OTHER
2026-04-04 03:12:23,KXCITRINI-28JUL01,NO,3450.00,OTHER
2026-04-04 03:12:23,KXCITRINI-28JUL01,NO,2217.66,OTHER
2026-04-04 03:12:38,KXNCAAWBGAME-26APR03TEXUCLA-TEX,YES,2859.30,OTHER
2026-04-04 03:13:23,KXNBAGAME-26APR03NOPSAC-NOP,YES,2119.04,OTHER
2026-04-04 03:13:54,KXMVESPORTSMULTIGAMEEXTENDED-S20265A9F357AF44-95DB14B882C,NO,3707.17,OTHER
2026-04-04 03:15:39,KXIPLGAME-26APR04MIDC-MI,YES,2907.45,OTHER
2026-04-04 03:16:10,KXNCAAMBGAME-26APR04MICHARIZ-MICH,YES,21231.80,OTHER
2026-04-04 03:17:56,KXMLBGAME-26APR032145ATLAZ-ATL,YES,6141.64,OTHER
2026-04-04 03:19:26,KXNCAAWBGAME-26APR03TEXUCLA-TEX,NO,7856.64,OTHER
2026-04-04 03:19:26,KXNCAAWBGAME-26APR03TEXUCLA-UCLA,YES,4238.08,OTHER
2026-04-04 03:19:57,KXNCAAWBGAME-26APR03TEXUCLA-TEX,NO,2670.00,OTHER
2026-04-04 03:19:57,KXNCAAWBGAME-26APR03TEXUCLA-TEX,NO,7281.98,OTHER
2026-04-04 03:19:57,KXNCAAWBGAME-26APR03TEXUCLA-TEX,NO,2399.44,OTHER
2026-04-04 03:19:57,KXNCAAWBGAME-26APR03TEXUCLA-UCLA,YES,2670.00,OTHER
2026-04-04 03:19:57,KXNCAAWBGAME-26APR03TEXUCLA-UCLA,YES,2219.66,OTHER
2026-04-04 03:20:12,KXNCAAWBGAME-26APR03TEXUCLA-TEX,NO,2452.84,OTHER
2026-04-04 03:20:12,KXNCAAWBGAME-26APR03TEXUCLA-TEX,NO,3281.40,OTHER
2026-04-04 03:20:42,KXNBAGAME-26APR03NOPSAC-NOP,YES,2933.04,OTHER
2026-04-04 03:22:58,KXNHL-26-CBJ,NO,2450.00,OTHER
2026-04-04 03:23:43,KXMARMAD-26-CONN,NO,3138.09,OTHER
2026-04-04 03:23:59,KXNBASPREAD-26APR03NOPSAC-NOP11,NO,2074.17,OTHER
2026-04-04 03:23:59,KXNBAGAME-26APR03NOPSAC-NOP,YES,9265.52,OTHER
2026-04-04 03:23:59,KXMLBGAME-26APR032138SEALAA-SEA,YES,4480.00,OTHER
2026-04-04 03:23:59,KXMLBGAME-26APR032138SEALAA-SEA,YES,2064.72,OTHER
2026-04-04 03:24:14,KXMLBGAME-26APR032138SEALAA-SEA,YES,2275.44,OTHER
2026-04-04 03:24:14,KXMLBGAME-26APR032138SEALAA-SEA,YES,2280.00,OTHER
2026-04-04 03:24:14,KXMLBGAME-26APR032138SEALAA-SEA,YES,2280.00,OTHER
2026-04-04 03:24:14,KXMLBGAME-26APR032138SEALAA-SEA,YES,3528.30,OTHER
2026-04-04 03:24:14,KXMLBGAME-26APR032138SEALAA-SEA,YES,2280.00,OTHER
2026-04-04 03:24:14,KXMLBGAME-26APR032138SEALAA-SEA,YES,2320.00,OTHER
2026-04-04 03:24:14,KXMLBGAME-26APR032138SEALAA-SEA,YES,2280.00,OTHER
2026-04-04 03:24:14,KXMLBGAME-26APR032138SEALAA-SEA,YES,4560.00,OTHER
2026-04-04 03:24:14,KXNCAAWBGAME-26APR03TEXUCLA-UCLA,YES,2291.75,OTHER
2026-04-04 03:24:44,KXNBAGAME-26APR03NOPSAC-NOP,YES,2528.49,OTHER
2026-04-04 03:24:59,KXNBATOTAL-26APR03NOPSAC-237,YES,2050.00,OTHER
2026-04-04 03:24:59,KXMLBGAME-26APR032138SEALAA-SEA,NO,2940.00,OTHER
2026-04-04 03:26:00,KXNCAAWBGAME-26APR03TEXUCLA-UCLA,YES,5396.54,OTHER
2026-04-04 03:26:30,KXWMARMAD-26-TEX,NO,4900.00,OTHER
2026-04-04 03:26:45,KXATPCHALLENGERMATCH-26APR03FICPAC-PAC,YES,5500.00,OTHER
2026-04-04 03:27:15,KXNBAGAME-26APR03NOPSAC-NOP,YES,7752.36,OTHER
2026-04-04 03:29:46,KXNCAAWBGAME-26APR03TEXUCLA-UCLA,YES,4850.00,OTHER
2026-04-04 03:29:46,KXNCAAWBGAME-26APR03TEXUCLA-UCLA,YES,4850.00,OTHER
2026-04-04 03:30:17,KXNCAAWBGAME-26APR03TEXUCLA-UCLA,YES,2146.20,OTHER
2026-04-04 03:32:18,KXNBAGAME-26APR03NOPSAC-NOP,YES,12600.00,OTHER
2026-04-04 03:32:18,KXNBAGAME-26APR03NOPSAC-SAC,NO,2514.12,OTHER
2026-04-04 03:32:48,KXNCAAWBGAME-26APR03TEXUCLA-UCLA,YES,4996.53,OTHER
2026-04-04 03:32:48,KXNCAAWBGAME-26APR03TEXUCLA-UCLA,YES,2295.81,OTHER
2026-04-04 03:34:03,KXMLBGAME-26APR032215NYMSF-SF,NO,3860.60,OTHER
2026-04-04 03:34:34,KXNCAAWBGAME-26APR03TEXUCLA-UCLA,YES,4611.30,OTHER
2026-04-04 03:34:34,KXMVECROSSCATEGORY-S202631524BFF622-CE45A2BC70B,YES,4717.79,OTHER
2026-04-04 03:34:49,KXNCAAWBGAME-26APR03TEXUCLA-UCLA,YES,16337.15,OTHER
2026-04-04 03:34:49,KXNCAAWBGAME-26APR03TEXUCLA-UCLA,YES,5700.00,OTHER
2026-04-04 03:35:49,KXNCAAWBGAME-26APR03TEXUCLA-UCLA,YES,9791.04,OTHER
2026-04-04 03:36:04,KXNCAAWBGAME-26APR03TEXUCLA-UCLA,YES,2494.70,OTHER
2026-04-04 03:36:50,KXNBAGAME-26APR03NOPSAC-NOP,YES,2972.79,OTHER
2026-04-04 03:37:50,KXNCAAWBGAME-26APR03TEXUCLA-TEX,NO,3960.00,OTHER
2026-04-04 03:38:36,KXNCAAWBGAME-26APR03TEXUCLA-TEX,NO,3179.88,OTHER
2026-04-04 03:38:36,KXNCAAWBGAME-26APR03TEXUCLA-TEX,NO,2576.97,OTHER
2026-04-04 03:38:36,KXNCAAWBGAME-26APR03TEXUCLA-TEX,NO,4313.96,OTHER
2026-04-04 03:44:08,KXNCAAWBGAME-26APR03TEXUCLA-UCLA,YES,8730.00,OTHER
2026-04-04 03:44:08,KXNCAAWBGAME-26APR03TEXUCLA-UCLA,YES,8612.63,OTHER
2026-04-04 03:44:08,KXNCAAWBGAME-26APR03TEXUCLA-UCLA,YES,5062.43,OTHER
2026-04-04 03:44:23,KXNCAAWBGAME-26APR03TEXUCLA-TEX,NO,3335.31,OTHER
2026-04-04 03:45:54,KXNBAGAME-26APR03NOPSAC-NOP,YES,2425.14,OTHER
2026-04-04 03:46:54,KXNCAAWBGAME-26APR03TEXUCLA-UCLA,YES,2836.80,OTHER
2026-04-04 03:47:10,KXMLBGAME-26APR041310STLDET-DET,YES,7708.80,OTHER
2026-04-04 03:47:55,KXMLBGAME-26APR032145ATLAZ-AZ,NO,2557.50,OTHER
2026-04-04 03:48:40,KXNBAGAME-26APR03NOPSAC-SAC,YES,3300.00,OTHER
2026-04-04 03:48:55,KXRT-DRA-77,YES,6918.75,OTHER
2026-04-04 03:50:26,KXMLBSPREAD-26APR032215NYMSF-NYM4,NO,12872.04,OTHER
2026-04-04 03:50:26,KXMLBSPREAD-26APR032215NYMSF-NYM4,NO,3350.00,OTHER
2026-04-04 03:50:26,KXMLBSPREAD-26APR032215NYMSF-NYM4,NO,2680.00,OTHER
2026-04-04 03:51:42,KXMARMAD-26-ILL,NO,3735.00,OTHER
2026-04-04 03:51:57,KXNBAGAME-26APR03NOPSAC-SAC,NO,2340.05,OTHER
2026-04-04 03:53:58,KXMLBGAME-26APR032145ATLAZ-ATL,YES,3202.92,OTHER
2026-04-04 03:53:58,KXATPCHALLENGERMATCH-26APR03FICPAC-PAC,YES,2085.79,OTHER
2026-04-04 03:53:58,KXATPCHALLENGERMATCH-26APR03FICPAC-PAC,YES,5678.03,OTHER
2026-04-04 03:53:58,KXATPCHALLENGERMATCH-26APR03FICPAC-PAC,YES,3318.84,OTHER
2026-04-04 03:53:58,KXATPCHALLENGERMATCH-26APR03FICPAC-PAC,YES,3612.50,OTHER
2026-04-04 03:53:58,KXATPCHALLENGERMATCH-26APR03FICPAC-PAC,YES,4116.80,OTHER
2026-04-04 03:54:28,KXNBAGAME-26APR03NOPSAC-NOP,YES,4924.00,OTHER
2026-04-04 03:54:43,KXNBAGAME-26APR03NOPSAC-NOP,YES,2417.56,OTHER
2026-04-04 03:54:58,KXNBAGAME-26APR03NOPSAC-NOP,YES,2639.78,OTHER
2026-04-04 03:54:58,KXNBAGAME-26APR03NOPSAC-NOP,YES,3877.31,OTHER
2026-04-04 03:55:13,KXNBAGAME-26APR03NOPSAC-NOP,NO,4895.47,OTHER
2026-04-04 03:55:13,KXNBAGAME-26APR03NOPSAC-SAC,YES,4895.47,OTHER
2026-04-04 03:55:13,KXMLBGAME-26APR032138SEALAA-SEA,NO,2067.00,OTHER
2026-04-04 03:56:44,KXMVECROSSCATEGORY-S2026EBCAD3591D8-5C6D8FB0D3E,YES,5813.85,OTHER
2026-04-04 03:57:14,KXMLBGAME-26APR032138SEALAA-LAA,NO,5346.24,OTHER
2026-04-04 03:58:29,KXNBAGAME-26APR03NOPSAC-SAC,YES,4800.00,OTHER
2026-04-04 03:58:45,KXMLBGAME-26APR032215NYMSF-SF,NO,2144.15,OTHER
2026-04-04 03:59:00,KXNBATOTAL-26APR03NOPSAC-237,NO,3960.00,OTHER
2026-04-04 03:59:30,KXNBAGAME-26APR03NOPSAC-SAC,YES,9333.24,OTHER
2026-04-04 04:00:00,KXNBAGAME-26APR03NOPSAC-NOP,YES,9733.09,OTHER
2026-04-04 04:00:31,KXMLBGAME-26APR032138SEALAA-SEA,YES,2548.47,OTHER
2026-04-04 04:00:31,KXNBAGAME-26APR03NOPSAC-NOP,YES,4907.06,OTHER
2026-04-04 04:01:46,KXMLBGAME-26APR032145ATLAZ-AZ,NO,2970.00,OTHER
2026-04-04 04:01:46,KXMLBGAME-26APR032145ATLAZ-AZ,NO,4950.00,OTHER
2026-04-04 04:02:01,KXMLBGAME-26APR032145ATLAZ-ATL,YES,4950.00,OTHER
2026-04-04 04:02:47,KXPGAMAJORWIN-26-SSCH,NO,2300.00,OTHER
2026-04-04 04:05:18,KXNBAGAME-26APR03NOPSAC-NOP,YES,2414.23,OTHER
2026-04-04 04:06:18,KXNBAGAME-26APR03NOPSAC-NOP,YES,2064.48,OTHER
2026-04-04 04:07:19,KXNBATOTAL-26APR03NOPSAC-219,YES,2506.68,OTHER
2026-04-04 04:09:05,KXMLBSPREAD-26APR032215NYMSF-NYM6,YES,2201.92,OTHER
2026-04-04 04:09:50,KXMLBGAME-26APR032215NYMSF-NYM,YES,2697.75,OTHER
2026-04-04 04:10:05,KXNBATOTAL-26APR03NOPSAC-228,YES,6154.10,OTHER
2026-04-04 04:10:35,KXNBAGAME-26APR03NOPSAC-NOP,NO,8840.88,OTHER
2026-04-04 04:11:21,KXMLBGAME-26APR032215NYMSF-NYM,YES,3920.00,OTHER
2026-04-04 04:11:21,KXMLBGAME-26APR032215NYMSF-NYM,YES,3920.00,OTHER
2026-04-04 04:11:21,KXMLBGAME-26APR032215NYMSF-NYM,YES,2940.00,OTHER
2026-04-04 04:11:21,KXMLBGAME-26APR032215NYMSF-NYM,YES,3920.00,OTHER
2026-04-04 04:11:21,KXMLBGAME-26APR032215NYMSF-NYM,YES,2940.00,OTHER
2026-04-04 04:11:21,KXMLBGAME-26APR032215NYMSF-NYM,YES,2940.00,OTHER
2026-04-04 04:11:36,KXMLBGAME-26APR032138SEALAA-LAA,NO,2597.85,OTHER
2026-04-04 04:11:36,KXNBAGAME-26APR03NOPSAC-SAC,NO,2010.00,OTHER
2026-04-04 04:12:06,KXNBAGAME-26APR03NOPSAC-SAC,NO,5045.12,OTHER
2026-04-04 04:12:06,KXNBAGAME-26APR03NOPSAC-SAC,NO,2068.48,OTHER
2026-04-04 04:13:37,KXNBASPREAD-26APR03NOPSAC-NOP2,NO,2647.84,OTHER
2026-04-04 04:13:37,KXBTC15M-26APR040015-15,NO,2198.72,OUR
2026-04-04 04:14:07,KXNBASPREAD-26APR03NOPSAC-NOP2,YES,4858.84,OTHER
2026-04-04 04:15:23,KXNBAGAME-26APR03NOPSAC-SAC,NO,2152.40,OTHER
2026-04-04 04:15:23,KXNBAGAME-26APR03NOPSAC-SAC,YES,2861.30,OTHER
2026-04-04 04:16:53,KXNBAGAME-26APR03NOPSAC-SAC,YES,2168.32,OTHER
2026-04-04 04:17:39,KXNBAGAME-26APR03NOPSAC-NOP,YES,3202.32,OTHER
2026-04-04 04:17:39,KXNBAGAME-26APR03NOPSAC-NOP,YES,2460.78,OTHER
2026-04-04 04:17:54,KXNBAGAME-26APR03NOPSAC-SAC,YES,2345.70,OTHER
2026-04-04 04:17:54,KXNBAGAME-26APR03NOPSAC-SAC,YES,3207.40,OTHER
2026-04-04 04:19:39,KXNBAGAME-26APR03NOPSAC-SAC,YES,3391.92,OTHER
2026-04-04 04:20:10,KXNBAGAME-26APR03NOPSAC-NOP,YES,3700.00,OTHER
2026-04-04 04:22:26,KXNBAGAME-26APR03NOPSAC-SAC,YES,7327.00,OTHER
2026-04-04 04:22:41,KXNBAGAME-26APR03NOPSAC-NOP,NO,11196.64,OTHER
2026-04-04 04:23:26,KXNBAGAME-26APR03NOPSAC-SAC,YES,3358.30,OTHER
2026-04-04 04:25:57,KXNBAGAME-26APR03NOPSAC-SAC,YES,7400.00,OTHER
2026-04-04 04:26:58,KXNBAGAME-26APR03NOPSAC-NOP,NO,2474.50,OTHER
2026-04-04 04:27:13,KXNBAGAME-26APR03NOPSAC-NOP,NO,2009.98,OTHER
2026-04-04 04:27:28,KXATPCHALLENGERMATCH-26APR03DUCZHU-DUC,YES,4951.02,OTHER
2026-04-04 04:28:44,KXNBAGAME-26APR03NOPSAC-SAC,YES,3810.24,OTHER
2026-04-04 04:28:59,KXMLBGAME-26APR032138SEALAA-LAA,YES,2240.00,OTHER
2026-04-04 04:29:14,KXMLBGAME-26APR032138SEALAA-LAA,YES,2030.56,OTHER
2026-04-04 04:29:44,KXATPCHALLENGERMATCH-26APR03DUCZHU-DUC,YES,6298.11,OTHER
2026-04-04 04:29:44,KXATPCHALLENGERMATCH-26APR03DUCZHU-DUC,YES,6546.54,OTHER
2026-04-04 04:30:29,KXMLBGAME-26APR032138SEALAA-LAA,YES,2280.00,OTHER
2026-04-04 04:32:30,KXLAYOFFSYINFO-26-494000,YES,3444.00,OTHER
2026-04-04 04:37:48,KXMLBGAME-26APR032138SEALAA-SEA,YES,2040.00,OTHER
2026-04-04 04:37:48,KXMLBGAME-26APR032138SEALAA-SEA,YES,2040.00,OTHER
2026-04-04 04:38:48,KXMLBGAME-26APR032138SEALAA-SEA,YES,2240.00,OTHER
2026-04-04 04:38:48,KXMLBGAME-26APR032138SEALAA-SEA,YES,2240.00,OTHER
2026-04-04 04:39:19,KXMLBGAME-26APR032138SEALAA-LAA,YES,3829.96,OTHER
2026-04-04 04:39:34,KXMLBGAME-26APR032138SEALAA-SEA,YES,4415.60,OTHER
2026-04-04 04:39:34,KXATPCHALLENGERMATCH-26APR03DUCZHU-DUC,YES,2525.25,OTHER
2026-04-04 04:39:49,KXMVECROSSCATEGORY-S2026ECC752F6D0F-3D32CFA8274,YES,2381.50,OTHER
2026-04-04 04:42:50,KXNBAGAME-26APR05TORBOS-BOS,YES,2706.82,OTHER
2026-04-04 04:43:20,KXMLBGAME-26APR032138SEALAA-LAA,NO,3412.50,OTHER
2026-04-04 04:44:51,KXMVECROSSCATEGORY-S2026629D0A03190-4438A4A5C60,YES,3108.28,OTHER
2026-04-04 04:46:07,KXMARMAD-26-ARIZ,YES,4779.04,OTHER
2026-04-04 04:47:22,KXNBAGAME-26APR04SASDEN-SAS,YES,2800.00,OTHER
2026-04-04 04:47:53,KXMLBGAME-26APR032138SEALAA-SEA,YES,4580.62,OTHER
2026-04-04 04:50:09,KXMLBGAME-26APR032138SEALAA-SEA,YES,6720.00,OTHER
2026-04-04 04:50:09,KXMLBGAME-26APR032138SEALAA-SEA,YES,2658.24,OTHER
2026-04-04 04:50:09,KXMLBGAME-26APR032138SEALAA-SEA,YES,6953.28,OTHER
2026-04-04 04:50:09,KXMLBGAME-26APR032138SEALAA-SEA,YES,2106.24,OTHER
2026-04-04 04:51:24,KXMLBGAME-26APR032138SEALAA-SEA,YES,3840.00,OTHER
2026-04-04 04:51:24,KXMLBGAME-26APR032138SEALAA-SEA,YES,3840.00,OTHER
2026-04-04 04:51:24,KXMLBGAME-26APR032138SEALAA-SEA,YES,2880.00,OTHER
2026-04-04 04:51:24,KXMLBGAME-26APR032138SEALAA-SEA,YES,3840.00,OTHER
2026-04-04 04:51:24,KXMLBGAME-26APR032138SEALAA-SEA,YES,2880.00,OTHER
2026-04-04 04:51:24,KXMLBGAME-26APR032138SEALAA-SEA,YES,2880.00,OTHER
2026-04-04 04:51:24,KXMLBGAME-26APR032138SEALAA-SEA,YES,2880.00,OTHER
2026-04-04 04:51:24,KXMLBGAME-26APR032138SEALAA-SEA,YES,2880.00,OTHER
2026-04-04 04:51:24,KXMLBGAME-26APR032138SEALAA-SEA,YES,3840.00,OTHER
2026-04-04 04:51:24,KXMLBGAME-26APR032138SEALAA-SEA,YES,3840.00,OTHER
2026-04-04 04:52:25,KXMVECROSSCATEGORY-S20266343BB4F204-9D702354AD0,YES,4583.26,OTHER
2026-04-04 04:57:27,KXMLBGAME-26APR032138SEALAA-SEA,YES,2912.58,OTHER
2026-04-04 04:57:27,KXMLBGAME-26APR032138SEALAA-SEA,YES,2498.76,OTHER
2026-04-04 04:57:27,KXMLBGAME-26APR032138SEALAA-LAA,NO,2030.49,OTHER
2026-04-04 04:57:57,KXIPLGAME-26APR04MIDC-MI,YES,4361.49,OTHER
2026-04-04 05:01:44,KXNCAAMBGAME-26APR04MICHARIZ-ARIZ,YES,2808.00,OTHER
2026-04-04 05:04:00,KXIPLGAME-26APR04MIDC-MI,YES,3150.00,OTHER
2026-04-04 05:05:00,KXMARMAD-26-MICH,YES,7651.70,OTHER
2026-04-04 05:11:03,KXATPCHALLENGERMATCH-26APR03DUCZHU-DUC,YES,2896.55,OTHER
2026-04-04 05:11:33,KXATPCHALLENGERMATCH-26APR03DUCZHU-DUC,YES,6839.47,OTHER
2026-04-04 05:11:33,KXATPCHALLENGERMATCH-26APR03DUCZHU-DUC,YES,6713.37,OTHER
2026-04-04 05:11:33,KXATPCHALLENGERMATCH-26APR03DUCZHU-DUC,YES,2450.00,OTHER
2026-04-04 05:11:48,KXNBAGAME-26APR04SASDEN-SAS,YES,19309.92,OTHER
2026-04-04 05:12:34,KXNBAGAME-26APR04DETPHI-PHI,YES,8616.60,OTHER
2026-04-04 05:14:05,KXMVESPORTSMULTIGAMEEXTENDED-S20266BACB46E7DC-32042EAD4B8,YES,3062.53,OTHER
2026-04-04 05:14:50,KXMVECROSSCATEGORY-S2026F62EC8C6A16-4495CE36297,YES,5470.55,OTHER
2026-04-04 05:16:21,KXMLBGAME-26APR041310STLDET-DET,YES,2366.40,OTHER
2026-04-04 05:16:51,KXJLEAGUEGAME-26APR04JEFVER-VER,NO,2394.99,OTHER
2026-04-04 05:18:06,KXATPCHALLENGERMATCH-26APR04BROELL-BRO,YES,2554.40,OTHER
2026-04-04 05:18:52,KXNBAGAME-26APR04WASMIA-MIA,YES,22968.90,OTHER
2026-04-04 05:20:07,KXBTC15M-26APR040130-30,YES,2975.38,OUR
2026-04-04 05:20:53,KXNCAAMBGAME-26APR04ILLCONN-CONN,YES,2152.80,OTHER
2026-04-04 05:22:53,KXNCAAMBGAME-26APR04ILLCONN-ILL,YES,2894.65,OTHER
2026-04-04 05:23:24,KXNBAGAME-26APR05TORBOS-BOS,YES,2860.16,OTHER
2026-04-04 05:24:39,KXATPCHALLENGERMATCH-26APR03DUCZHU-DUC,YES,2473.50,OTHER
2026-04-04 05:25:25,KXATPCHALLENGERMATCH-26APR03DUCZHU-DUC,YES,2855.24,OTHER
2026-04-04 05:25:25,KXATPCHALLENGERMATCH-26APR03DUCZHU-DUC,YES,5420.20,OTHER
2026-04-04 05:25:25,KXATPCHALLENGERMATCH-26APR03DUCZHU-DUC,YES,6101.62,OTHER
2026-04-04 05:25:25,KXATPCHALLENGERMATCH-26APR03DUCZHU-DUC,YES,5948.28,OTHER
2026-04-04 05:27:41,KXBTC15M-26APR040130-30,NO,2476.80,OUR
2026-04-04 05:32:28,KXATPCHALLENGERMATCH-26APR03DUCZHU-ZHU,NO,2281.44,OTHER
2026-04-04 05:32:58,KXATPCHALLENGERMATCH-26APR03DUCZHU-DUC,YES,2197.80,OTHER
2026-04-04 05:33:28,KXATPCHALLENGERMATCH-26APR04BROELL-ELL,NO,2325.00,OTHER
2026-04-04 05:33:28,KXATPCHALLENGERMATCH-26APR04BROELL-ELL,NO,2312.68,OTHER
2026-04-04 05:33:59,KXATPCHALLENGERMATCH-26APR04BROELL-BRO,YES,2271.64,OTHER
2026-04-04 05:33:59,KXATPCHALLENGERMATCH-26APR04BROELL-BRO,YES,2038.50,OTHER
2026-04-04 05:33:59,KXATPCHALLENGERMATCH-26APR04BROELL-BRO,YES,3442.04,OTHER
2026-04-04 05:35:45,KXNBAGAME-26APR04SASDEN-SAS,YES,2442.16,OTHER
2026-04-04 05:40:32,KXNBAGAME-26APR04SASDEN-SAS,YES,4462.08,OTHER
2026-04-04 05:41:32,KXATPCHALLENGERMATCH-26APR04BROELL-BRO,YES,2691.36,OTHER
2026-04-04 05:43:33,KXAAAGASW-26APR06-4.080,YES,11780.01,OTHER
2026-04-04 05:46:50,KXBTC15M-26APR040200-00,YES,3061.62,OUR
2026-04-04 05:47:20,KXBTCD-26APR0402-T67099.99,NO,3888.72,OTHER
2026-04-04 05:50:36,KXATPCHALLENGERMATCH-26APR04BROELL-BRO,YES,4190.34,OTHER
2026-04-04 05:55:54,KXNCAAMBGAME-26APR04ILLCONN-CONN,YES,2408.56,OTHER
2026-04-04 06:05:28,KXBTC15M-26APR040215-15,YES,2068.95,OUR
2026-04-04 06:05:43,KXKBLGAME-26APR040100THUWON-WON,YES,2237.79,OTHER
2026-04-04 06:07:44,KXNBAGAME-26APR04SASDEN-SAS,YES,9700.88,OTHER
2026-04-04 06:07:59,KXMVECROSSCATEGORY-S2026EE228504DE4-F7056358B0D,YES,2345.66,OTHER
2026-04-04 06:09:30,KXMVESPORTSMULTIGAMEEXTENDED-S20264742DEF0C9B-C8FEFA1BE55,NO,2389.80,OTHER
2026-04-04 06:09:30,KXMLBGAME-26APR031945MILKC-MIL,NO,2110.99,OTHER
2026-04-04 06:11:16,KXJLEAGUEGAME-26APR04MITKAS-MIT,YES,2084.88,OTHER
2026-04-04 06:12:16,KXNCAAMBGAME-26APR04MICHARIZ-MICH,YES,6737.89,OTHER
2026-04-04 06:13:32,KXNHLGAME-26APR04DETNYR-DET,YES,3882.84,OTHER
2026-04-04 06:17:19,KXNCAAMBSPREAD-26APR04ILLCONN-ILL2,NO,2200.55,OTHER
2026-04-04 06:18:50,KXNCAAMBGAME-26APR04MICHARIZ-MICH,YES,6360.00,OTHER
2026-04-04 06:18:50,KXNCAAMBGAME-26APR04MICHARIZ-MICH,YES,11276.82,OTHER
2026-04-04 06:18:50,KXNCAAMBGAME-26APR04MICHARIZ-MICH,YES,15900.00,OTHER
2026-04-04 06:19:20,KXATPCHALLENGERMATCH-26APR04BROELL-BRO,YES,2985.30,OTHER
2026-04-04 06:20:05,KXBTC15M-26APR040230-30,YES,2444.40,OUR
2026-04-04 06:20:51,KXATPCHALLENGERMATCH-26APR04BROELL-BRO,YES,3757.20,OTHER
2026-04-04 06:23:22,KXNBAGAME-26APR04SASDEN-SAS,YES,7967.12,OTHER
2026-04-04 06:23:22,KXNBAGAME-26APR04SASDEN-SAS,YES,2350.32,OTHER
2026-04-04 06:25:08,KXNCAAMBGAME-26APR04MICHARIZ-ARIZ,YES,2496.00,OTHER
2026-04-04 06:25:38,KXATPCHALLENGERMATCH-26APR04BROELL-BRO,YES,2229.65,OTHER
2026-04-04 06:26:08,KXATPCHALLENGERMATCH-26APR04BROELL-BRO,YES,23965.90,OTHER
2026-04-04 06:26:08,KXATPCHALLENGERMATCH-26APR04BROELL-ELL,NO,2642.08,OTHER
2026-04-04 06:27:39,KXATPCHALLENGERMATCH-26APR04BROELL-BRO,YES,4096.62,OTHER
2026-04-04 06:28:54,KXIPL-26-MI,YES,3384.90,OTHER
2026-04-04 06:29:25,KXBTC15M-26APR040230-30,NO,4724.17,OUR
2026-04-04 06:31:26,KXATPCHALLENGERMATCH-26APR04BROELL-BRO,YES,22221.54,OTHER
2026-04-04 06:31:26,KXATPCHALLENGERMATCH-26APR04BROELL-BRO,YES,7161.66,OTHER
2026-04-04 06:32:41,KXKBLGAME-26APR040100THUWON-WON,YES,2401.70,OTHER
2026-04-04 06:33:57,KXATPCHALLENGERMATCH-26APR04BROELL-BRO,YES,4995.54,OTHER
2026-04-04 06:35:12,KXATPCHALLENGERMATCH-26APR04BROELL-BRO,YES,4696.56,OTHER
2026-04-04 06:37:28,KXATPCHALLENGERMATCH-26APR04BROELL-ELL,NO,3167.01,OTHER
2026-04-04 06:38:29,KXKBLGAME-26APR040100THUWON-WON,YES,2955.63,OTHER
2026-04-04 06:39:44,KXJBLEAGUEGAME-26APR040105JETDRA-DRA,YES,2970.65,OTHER
2026-04-04 06:40:45,KXALEAGUEGAME-26APR04CCMPER-CCM,NO,3250.80,OTHER
2026-04-04 06:44:47,KXBTC15M-26APR040245-45,YES,4295.70,OUR
2026-04-04 06:55:22,KXNCAAMBSPREAD-26APR04ILLCONN-ILL2,YES,2495.70,OTHER
2026-04-04 06:55:37,KXCS2GAME-26APR041200EYEFAZE-FAZE,NO,2563.47,OTHER
2026-04-04 06:56:22,KXNBA-26-MIN,NO,2644.04,OTHER
2026-04-04 06:56:22,KXNBA-26-MIN,NO,2695.00,OTHER
2026-04-04 06:57:07,KXKBLGAME-26APR040100THUWON-WON,YES,2409.60,OTHER
2026-04-04 06:58:38,KXMLBGAME-26APR041905MIANYY-NYY,YES,2478.45,OTHER
2026-04-04 07:00:54,KXIPLGAME-26APR04MIDC-MI,YES,4848.00,OTHER
2026-04-04 07:18:48,KXMARMAD-26-MICH,YES,9564.80,OTHER
2026-04-04 07:20:34,KXCS2GAME-26APR040600VOCNRG-NRG,YES,6993.00,OTHER
2026-04-04 07:22:34,KXJLEAGUEGAME-26APR04NGECER-NGE,YES,4185.08,OTHER
2026-04-04 07:27:37,KXATPCHALLENGERMATCH-26APR04WENTUN-WEN,YES,2592.80,OTHER
2026-04-04 07:29:23,KXNBAGAME-26APR04SASDEN-SAS,YES,4853.55,OTHER
2026-04-04 07:33:39,KXALEAGUEGAME-26APR04CCMPER-PER,NO,2932.00,OTHER
2026-04-04 07:35:40,KXPGATOUR-VATO26-LABE,NO,2930.16,OTHER
2026-04-04 07:41:58,KXATPCHALLENGERMATCH-26APR04WENTUN-WEN,YES,5316.75,OTHER
2026-04-04 07:46:30,KXMVESPORTSMULTIGAMEEXTENDED-S2026071F6073672-2EF331764DA,YES,2914.07,OTHER
2026-04-04 07:57:35,KXJBLEAGUEGAME-26APR040405SEMSRS-SEM,YES,2316.02,OTHER
2026-04-04 07:59:06,KXMVESPORTSMULTIGAMEEXTENDED-S2026AA46DF84259-6F482E47557,YES,2026.80,OTHER
2026-04-04 08:09:56,KXATPCHALLENGERMATCH-26APR04WENTUN-WEN,YES,2071.76,OTHER
2026-04-04 08:13:58,KXJLEAGUEGAME-26APR04GAMKYO-KYO,NO,2820.00,OTHER
2026-04-04 08:19:15,KXJLEAGUEGAME-26APR04GAMKYO-KYO,NO,2850.00,OTHER
2026-04-04 08:24:03,KXATPCHALLENGERMATCH-26APR04WENTUN-WEN,YES,2866.50,OTHER
2026-04-04 08:29:35,KXJLEAGUEGAME-26APR04GAMKYO-GAM,YES,2047.68,OTHER
2026-04-04 08:31:51,KXBTC15M-26APR040445-45,NO,2442.87,OUR
2026-04-04 08:32:22,KXNCAAMBSPREAD-26APR04MICHARIZ-MICH1,NO,4377.33,OTHER
2026-04-04 08:32:37,KXLOLGAME-26APR040400HLET1-HLE,NO,2453.49,OTHER
2026-04-04 08:42:27,KXBTC15M-26APR040445-45,NO,3775.24,OUR
2026-04-04 08:47:29,KXNCAAMBGAME-26APR04MICHARIZ-MICH,YES,23243.15,OTHER
2026-04-04 08:48:29,KXATPCHALLENGERMATCH-26APR04WENTUN-WEN,NO,4718.08,OTHER
2026-04-04 08:49:30,KXNBAGAME-26APR04WASMIA-MIA,YES,14354.50,OTHER
2026-04-04 09:04:21,KXNCAAMBGAME-26APR04MICHARIZ-ARIZ,NO,5300.00,OTHER
2026-04-04 09:05:07,KXATPCHALLENGERMATCH-26APR04WENTUN-WEN,YES,2303.76,OTHER
2026-04-04 09:06:22,KXATPCHALLENGERMATCH-26APR04WENTUN-WEN,YES,18904.05,OTHER
2026-04-04 09:07:23,KXATPCHALLENGERMATCH-26APR04WENTUN-WEN,YES,2761.11,OTHER
2026-04-04 09:15:57,KXBTCD-26APR0417-T66499.99,YES,2250.00,OTHER
2026-04-04 09:15:57,KXATPMATCH-26APR04NAVHAL-HAL,NO,5292.63,OTHER
2026-04-04 09:17:43,KXKBLGAME-26APR040330DAEKNI-KNI,YES,2051.05,OTHER
2026-04-04 09:17:58,KXATPMATCH-26APR04MARVUK-MAR,YES,4092.36,OTHER
2026-04-04 09:18:28,KXNCAAMBGAME-26APR04ILLCONN-ILL,YES,2894.65,OTHER
2026-04-04 09:20:14,KXATPMATCH-26APR04CERNYS-CER,YES,2304.70,OTHER
2026-04-04 09:20:14,KXATPMATCH-26APR04CERNYS-CER,YES,6223.74,OTHER
2026-04-04 09:20:29,KXATPMATCH-26APR04CERNYS-NYS,NO,6231.93,OTHER
2026-04-04 09:20:59,KXATPMATCH-26APR04CERNYS-NYS,NO,3202.92,OTHER
2026-04-04 09:20:59,KXATPMATCH-26APR04CERNYS-CER,YES,2712.81,OTHER
2026-04-04 09:21:14,KXKBLGAME-26APR040330DAEKNI-KNI,YES,2298.78,OTHER
2026-04-04 09:24:46,KXATPCHALLENGERMATCH-26APR04COPSAC-SAC,YES,2140.30,OTHER
2026-04-04 09:26:01,KXATPCHALLENGERMATCH-26APR04COPSAC-SAC,YES,3210.38,OTHER
2026-04-04 09:26:01,KXBTCMINMON-BTC-26APR30-5000000,NO,3971.70,OTHER
2026-04-04 09:28:02,KXBTCD-26APR0417-T67249.99,NO,3900.00,OTHER
2026-04-04 09:31:49,KXATPMATCH-26APR04NAVHAL-NAV,YES,3414.26,OTHER
2026-04-04 09:35:21,KXATPMATCH-26APR04CERNYS-NYS,NO,2291.24,OTHER
2026-04-04 09:35:21,KXATPMATCH-26APR04CERNYS-NYS,NO,2112.88,OTHER
2026-04-04 09:35:51,KXALEAGUEGAME-26APR04MELWES-MEL,YES,2386.48,OTHER
2026-04-04 09:36:06,KXATPCHALLENGERMATCH-26APR04DALNEU-NEU,YES,5100.00,OTHER
2026-04-04 09:37:37,KXIPLGAME-26APR04MIDC-DC,YES,2702.40,OTHER
2026-04-04 09:37:37,KXATPMATCH-26APR04MARVUK-MAR,YES,2499.90,OTHER
2026-04-04 09:48:42,KXATPCHALLENGERMATCH-26APR04DALNEU-NEU,YES,2389.94,OTHER
2026-04-04 09:52:43,KXLOLGAME-26APR040600DKDRX-DK,YES,2220.00,OTHER
2026-04-04 09:53:14,KXATPMATCH-26APR04NAVHAL-HAL,NO,5202.12,OTHER
2026-04-04 09:53:59,KXATPMATCH-26APR04NAVHAL-NAV,YES,3481.37,OTHER
2026-04-04 09:55:14,KXATPMATCH-26APR04CERNYS-CER,YES,2259.84,OTHER
2026-04-04 09:56:00,KXATPMATCH-26APR04MARVUK-MAR,YES,2610.00,OTHER
2026-04-04 09:56:45,KXATPMATCH-26APR04CERNYS-NYS,NO,4900.00,OTHER
2026-04-04 10:05:49,KXMVECROSSCATEGORY-S2026B6D609F8805-59C27C72C88,YES,9568.64,OTHER
2026-04-04 10:06:35,KXMVECROSSCATEGORY-S2026DC8914A6CA6-32042EAD4B8,YES,9283.08,OTHER
2026-04-04 10:06:50,KXNBAGAME-26APR04SASDEN-SAS,YES,3284.34,OTHER
2026-04-04 10:08:36,KXIPLGAME-26APR04MIDC-MI,YES,4854.82,OTHER
2026-04-04 10:09:51,KXNBAGAME-26APR04SASDEN-SAS,YES,4853.55,OTHER
2026-04-04 10:11:37,KXBTC15M-26APR040615-15,NO,4248.86,OUR
2026-04-04 10:11:37,KXNCAAMBTOTAL-26APR04MICHARIZ-160,NO,6010.33,OTHER
2026-04-04 10:11:37,KXNCAAMBTOTAL-26APR04MICHARIZ-160,NO,2320.00,OTHER
2026-04-04 10:11:37,KXNCAAMBTOTAL-26APR04MICHARIZ-160,NO,4505.24,OTHER
2026-04-04 10:12:23,KXATPMATCH-26APR04NAVVAN-NAV,YES,2012.60,OTHER
2026-04-04 10:13:08,KXMVECROSSCATEGORY-S2026D7E51263A2A-D4D8E2E8263,YES,2117.48,OTHER
2026-04-04 10:13:38,KXATPMATCH-26APR04CERNYS-NYS,NO,2167.11,OTHER
2026-04-04 10:13:38,KXATPMATCH-26APR04CERNYS-NYS,NO,9900.00,OTHER
2026-04-04 10:14:54,KXIPLGAME-26APR04MIDC-DC,YES,2248.00,OTHER
2026-04-04 10:14:54,KXIPLGAME-26APR04MIDC-MI,NO,2250.00,OTHER
2026-04-04 10:15:09,KXIPLGAME-26APR04MIDC-DC,YES,2747.46,OTHER
2026-04-04 10:16:39,KXATPCHALLENGERMATCH-26APR04COPSAC-COP,YES,3285.01,OTHER
2026-04-04 10:21:11,KXBUNDESLIGAGAME-26APR04HSVFCA-HSV,YES,6093.36,OTHER
2026-04-04 10:23:27,KXIPLGAME-26APR04MIDC-MI,YES,3463.68,OTHER
2026-04-04 10:23:42,KXATPCHALLENGERMATCH-26APR04MARRIN-RIN,YES,3403.08,OTHER
2026-04-04 10:24:43,KXIPLGAME-26APR04MIDC-DC,YES,3600.22,OTHER
2026-04-04 10:25:28,KXWTAMATCH-26APR04PEGJOV-PEG,YES,2917.39,OTHER
2026-04-04 10:31:01,KXATPMATCH-26APR04NAVVAN-NAV,YES,2101.61,OTHER
2026-04-04 10:31:01,KXATPMATCH-26APR04NAVVAN-NAV,YES,2964.50,OTHER
2026-04-04 10:34:17,KXATPCHALLENGERMATCH-26APR04COPSAC-SAC,NO,2110.71,OTHER
2026-04-04 10:34:17,KXATPCHALLENGERMATCH-26APR04COPSAC-SAC,NO,2049.53,OTHER
2026-04-04 10:34:17,KXATPCHALLENGERMATCH-26APR04COPSAC-SAC,NO,2171.89,OTHER
2026-04-04 10:34:17,KXATPCHALLENGERMATCH-26APR04COPSAC-SAC,NO,2080.12,OTHER
2026-04-04 10:34:17,KXATPCHALLENGERMATCH-26APR04COPSAC-SAC,NO,2141.30,OTHER
2026-04-04 10:35:18,KXATPCHALLENGERMATCH-26APR04COPSAC-SAC,YES,2107.35,OTHER
2026-04-04 10:36:34,KXATPMATCH-26APR04NAVHAL-NAV,YES,2135.42,OTHER
2026-04-04 10:39:35,KXATPMATCH-26APR04NAVHAL-NAV,YES,7128.00,OTHER
2026-04-04 10:41:36,KXATPMATCH-26APR04MARVUK-MAR,YES,6782.58,OTHER
2026-04-04 10:42:06,KXIPLGAME-26APR04MIDC-MI,YES,2098.56,OTHER
2026-04-04 10:44:22,KXATPMATCH-26APR04NAVHAL-NAV,YES,3342.72,OTHER
2026-04-04 10:46:08,KXIPLGAME-26APR04MIDC-DC,NO,2571.84,OTHER
2026-04-04 10:46:08,KXIPLGAME-26APR04MIDC-DC,NO,2202.86,OTHER
2026-04-04 10:46:08,KXIPLGAME-26APR04MIDC-DC,NO,2611.83,OTHER
2026-04-04 10:47:39,KXSERIEAGAME-26APR04SASCAG-SAS,YES,3040.90,OTHER
2026-04-04 10:50:55,KXATPCHALLENGERMATCH-26APR04COPSAC-SAC,YES,4935.25,OTHER
2026-04-04 10:53:57,KXATPMATCH-26APR04MARVUK-MAR,YES,2831.04,OTHER
2026-04-04 10:55:58,KXATPMATCH-26APR04MARVUK-VUK,NO,2856.70,OTHER
2026-04-04 10:55:58,KXIPLGAME-26APR04MIDC-DC,YES,4910.75,OTHER
2026-04-04 10:57:28,KXATPMATCH-26APR04MARVUK-MAR,YES,2138.88,OTHER
2026-04-04 10:57:58,KXATPMATCH-26APR04BONBAU-BON,YES,2405.16,OTHER
2026-04-04 10:58:59,KXATPMATCH-26APR04MARVUK-VUK,NO,10900.86,OTHER
2026-04-04 10:59:59,KXFACUPGAME-26APR04MCILFC-LFC,YES,2316.72,OTHER
2026-04-04 11:00:14,KXATPMATCH-26APR04MARVUK-VUK,NO,2402.96,OTHER
2026-04-04 11:01:15,KXNBAGAME-26APR04DETPHI-PHI,YES,2862.00,OTHER
2026-04-04 11:01:45,KXNCAAMBGAME-26APR04ILLCONN-CONN,YES,4791.36,OTHER
2026-04-04 11:02:00,KXMVECROSSCATEGORY-S202648360A97836-83055910B08,YES,4888.62,OTHER
2026-04-04 11:03:16,KXIPLGAME-26APR04MIDC-DC,NO,3438.75,OTHER
2026-04-04 11:03:31,KXNBAGAME-26APR04DETPHI-PHI,YES,2015.55,OTHER
2026-04-04 11:06:17,KXATPMATCH-26APR04BUSGOF-BUS,YES,2034.56,OTHER
2026-04-04 11:06:17,KXATPCHALLENGERMATCH-26APR04MARRIN-RIN,YES,2422.35,OTHER
2026-04-04 11:06:17,KXATPCHALLENGERMATCH-26APR04MARRIN-RIN,YES,2049.95,OTHER
2026-04-04 11:06:32,KXIPLGAME-26APR04MIDC-DC,YES,5408.70,OTHER
2026-04-04 11:07:33,KXIPLGAME-26APR04MIDC-MI,YES,3175.90,OTHER
2026-04-04 11:08:48,KXBUNDESLIGATOTAL-26APR04SCFBMU-1,YES,3747.79,OTHER
2026-04-04 11:09:34,KXATPMATCH-26APR04BUSGOF-BUS,YES,5664.56,OTHER
2026-04-04 11:15:07,KXFACUPGAME-26APR04MCILFC-LFC,YES,3797.76,OTHER
2026-04-04 11:21:09,KXIPLGAME-26APR04MIDC-DC,YES,3313.05,OTHER
2026-04-04 11:22:55,KXIPLGAME-26APR04MIDC-DC,YES,2558.52,OTHER
2026-04-04 11:28:13,KXATPMATCH-26APR04NAVVAN-NAV,NO,3083.52,OTHER
2026-04-04 11:28:58,KXATPMATCH-26APR04NAVVAN-VAN,YES,3927.92,OTHER
2026-04-04 11:34:00,KXBUNDESLIGA2GAME-26APR04FCKF95-FCK,YES,2281.62,OTHER
2026-04-04 11:36:17,KXATPMATCH-26APR04NAVVAN-VAN,YES,3450.00,OTHER
2026-04-04 11:37:48,KXATPMATCH-26APR04NAVVAN-VAN,YES,3650.00,OTHER
2026-04-04 11:39:03,KXIPLGAME-26APR04MIDC-MI,NO,3282.08,OTHER
2026-04-04 11:47:07,KXATPMATCH-26APR04SHEPEL-SHE,NO,2196.80,OTHER
2026-04-04 11:50:39,KXWTAMATCH-26APR04PEGJOV-PEG,YES,3550.71,OTHER
2026-04-04 11:50:54,KXRT-SUP-35,YES,3405.60,OTHER
2026-04-04 11:50:54,KXNBAGAME-26APR04WASMIA-MIA,YES,3325.00,OTHER
2026-04-04 11:55:41,KXATPMATCH-26APR04BONBAU-BAU,YES,2333.25,OTHER
2026-04-04 11:58:27,KXATPCHALLENGERMATCH-26APR04GILKRU-KRU,YES,2560.77,OTHER
2026-04-04 12:01:13,KXATPMATCH-26APR04NAVVAN-NAV,NO,3055.50,OTHER
2026-04-04 12:02:44,KXATPMATCH-26APR04NAVVAN-VAN,YES,2024.00,OTHER
2026-04-04 12:05:00,KXIPLGAME-26APR04MIDC-MI,NO,4556.16,OTHER
2026-04-04 12:05:00,KXIPLGAME-26APR04MIDC-MI,NO,4198.95,OTHER
2026-04-04 12:05:30,KXATPMATCH-26APR04NAVVAN-VAN,YES,4971.68,OTHER
2026-04-04 12:06:31,KXIPLGAME-26APR04MIDC-DC,NO,2828.40,OTHER
2026-04-04 12:09:02,KXNBATOTAL-26APR04WASMIA-247,NO,2301.79,OTHER
2026-04-04 12:13:49,KXATPMATCH-26APR04DARTRU-DAR,YES,2059.46,OTHER
2026-04-04 12:15:50,KXATPMATCH-26APR04NAVVAN-VAN,YES,2232.75,OTHER
2026-04-04 12:16:20,KXMLBGAME-26APR041605LADWSH-LAD,YES,2918.88,OTHER
2026-04-04 12:19:22,KXATPCHALLENGERMATCH-26APR04GILKRU-KRU,YES,2405.60,OTHER
2026-04-04 12:20:07,KXFACUPGAME-26APR04MCILFC-MCI,YES,2329.32,OTHER
2026-04-04 12:21:53,KXMVESPORTSMULTIGAMEEXTENDED-S2026AF13E028F57-296EFE8C6A9,YES,2034.65,OTHER
2026-04-04 12:22:08,KXATPMATCH-26APR04NAVVAN-VAN,YES,4846.50,OTHER
2026-04-04 12:25:09,KXFACUPGAME-26APR04MCILFC-LFC,NO,3130.20,OTHER
2026-04-04 12:25:40,KXATPCHALLENGERMATCH-26APR04GILKRU-GIL,NO,2299.08,OTHER
2026-04-04 12:29:11,KXATPMATCH-26APR04GARDEJ-DEJ,YES,2169.00,OTHER
2026-04-04 12:29:57,KXHIGHNY-26APR04-T75,NO,3960.00,OTHER
2026-04-04 12:30:27,KXATPMATCH-26APR04NAVVAN-NAV,YES,2040.00,OTHER
2026-04-04 12:31:43,KXIPLGAME-26APR04MIDC-DC,NO,5185.99,OTHER
2026-04-04 12:32:58,KXIPLGAME-26APR04MIDC-DC,YES,3732.52,OTHER
2026-04-04 12:32:58,KXATPCHALLENGERMATCH-26APR04GILKRU-KRU,YES,2012.60,OTHER
2026-04-04 12:33:13,KXFACUPGAME-26APR04MCILFC-MCI,YES,2937.60,OTHER
2026-04-04 12:36:15,KXATPMATCH-26APR04BONBAU-BAU,YES,6546.87,OTHER
2026-04-04 12:41:02,KXIPLGAME-26APR04MIDC-DC,YES,4378.32,OTHER
2026-04-04 12:41:47,KXBTC-26APR0417-T56750,NO,4299.57,OTHER
2026-04-04 12:42:17,KXIPLGAME-26APR04MIDC-DC,YES,3221.27,OTHER
2026-04-04 12:43:48,KXIPLGAME-26APR04MIDC-MI,NO,2160.00,OTHER
2026-04-04 12:46:04,KXIPLGAME-26APR04MIDC-DC,YES,5250.00,OTHER
2026-04-04 12:47:50,KXATPMATCH-26APR04NAVVAN-VAN,YES,2513.84,OTHER
2026-04-04 12:52:37,KXIPLGAME-26APR04MIDC-DC,NO,3195.39,OTHER
2026-04-04 12:53:38,KXMLBSPREAD-26APR041410TORCWS-TOR2,NO,2590.64,OTHER
2026-04-04 12:53:38,KXATPMATCH-26APR04NAVVAN-VAN,YES,2077.32,OTHER
2026-04-04 12:53:53,KXIPLGAME-26APR04MIDC-DC,YES,2569.68,OTHER
2026-04-04 12:53:53,KXIPLGAME-26APR04MIDC-DC,YES,2736.52,OTHER
2026-04-04 12:53:53,KXATPMATCH-26APR04GARDEJ-GAR,YES,6644.16,OTHER
2026-04-04 12:53:53,KXATPMATCH-26APR04GARDEJ-GAR,YES,2193.60,OTHER
2026-04-04 12:54:23,KXMLBGAME-26APR041410TORCWS-CWS,YES,5125.00,OTHER
2026-04-04 12:54:53,KXFACUPGAME-26APR04MCILFC-MCI,YES,2550.94,OTHER
2026-04-04 12:55:23,KXATPMATCH-26APR04NAVVAN-VAN,YES,3740.52,OTHER
2026-04-04 12:55:23,KXATPMATCH-26APR04NAVVAN-VAN,YES,2067.24,OTHER
2026-04-04 12:55:23,KXIPLGAME-26APR04MIDC-MI,NO,3324.72,OTHER
2026-04-04 12:55:54,KXIPLGAME-26APR04MIDC-MI,NO,4668.30,OTHER
2026-04-04 12:56:39,KXIPLGAME-26APR04MIDC-MI,NO,3450.30,OTHER
2026-04-04 12:57:09,KXATPMATCH-26APR04NAVVAN-VAN,YES,5018.75,OTHER
2026-04-04 12:57:09,KXATPMATCH-26APR04NAVVAN-VAN,YES,5019.48,OTHER
2026-04-04 12:57:09,KXIPLGAME-26APR04MIDC-MI,NO,2230.62,OTHER
2026-04-04 12:59:56,KXATPCHALLENGERMATCH-26APR04GILKRU-KRU,NO,2407.34,OTHER
2026-04-04 13:00:26,KXATPCHALLENGERMATCH-26APR04GILKRU-GIL,YES,3991.55,OTHER
2026-04-04 13:01:42,KXIPLGAME-26APR04MIDC-MI,NO,4043.70,OTHER
2026-04-04 13:03:43,KXLALIGAGAME-26APR04MALRMA-RMA,YES,2907.45,OTHER
2026-04-04 13:03:43,KXBTCD-26APR0410-T68399.99,NO,3996.63,OTHER
2026-04-04 13:05:44,KXIPLGAME-26APR04MIDC-DC,YES,4689.95,OTHER
2026-04-04 13:06:14,KXIPLGAME-26APR04MIDC-MI,NO,2910.00,OTHER
2026-04-04 13:06:14,KXIPLGAME-26APR04MIDC-MI,NO,2910.00,OTHER
2026-04-04 13:06:14,KXIPLGAME-26APR04MIDC-MI,NO,4920.81,OTHER
2026-04-04 13:06:29,KXMARMAD-26-MICH,YES,9459.45,OTHER
2026-04-04 13:06:44,KXIPLGAME-26APR04MIDC-DC,YES,3641.28,OTHER
2026-04-04 13:08:15,KXIPLGAME-26APR04MIDC-MI,NO,11134.08,OTHER
2026-04-04 13:09:46,KXIPLGAME-26APR04MIDC-DC,YES,7489.16,OTHER
2026-04-04 13:10:31,KXATPMATCH-26APR04SHEPEL-SHE,YES,3659.76,OTHER
2026-04-04 13:10:46,KXNCAAMBGAME-26APR04MICHARIZ-ARIZ,YES,2246.88,OTHER
2026-04-04 13:12:02,KXPGATOP20-VATO26-HMAT,YES,2030.00,OTHER
2026-04-04 13:12:47,KXIPLGAME-26APR04MIDC-DC,YES,3457.08,OTHER
2026-04-04 13:12:47,KXIPLGAME-26APR04RRGT-RR,YES,2407.08,OTHER
2026-04-04 13:13:48,KXATPMATCH-26APR04TIRBUR-BUR,YES,2303.08,OTHER
2026-04-04 13:16:19,KXATPMATCH-26APR04SHEPEL-SHE,YES,2725.18,OTHER
2026-04-04 13:17:34,KXATPMATCH-26APR04SHEPEL-PEL,NO,4135.11,OTHER
2026-04-04 13:19:35,KXBTCMAX100-26-APR,NO,4028.31,OTHER
2026-04-04 13:22:52,KXATPMATCH-26APR04NAVVAN-NAV,YES,2750.00,OTHER
2026-04-04 13:25:08,KXIPLGAME-26APR04RRGT-RR,YES,2394.08,OTHER
2026-04-04 13:25:23,KXPGATOP10-VATO26-APUT,YES,2221.80,OTHER
2026-04-04 13:25:23,KXATPMATCH-26APR04NAVVAN-VAN,NO,3241.50,OTHER
2026-04-04 13:25:23,KXATPMATCH-26APR04DARTRU-DAR,NO,4544.25,OTHER
2026-04-04 13:25:23,KXATPMATCH-26APR04DARTRU-DAR,NO,2014.00,OTHER
2026-04-04 13:27:39,KXATPMATCH-26APR04NAVVAN-NAV,YES,2431.80,OTHER
2026-04-04 13:28:09,KXAAAGASW-26APR06-4.160,NO,4581.31,OTHER
2026-04-04 13:28:09,KXBUNDESLIGAGAME-26APR04SCFBMU-BMU,YES,2463.50,OTHER
2026-04-04 13:30:25,KXNBAGAME-26APR04SASDEN-DEN,YES,5071.50,OTHER
2026-04-04 13:30:25,KXNBAGAME-26APR04SASDEN-DEN,YES,4542.96,OTHER
2026-04-04 13:30:40,KXATPMATCH-26APR04NAVVAN-VAN,NO,4062.20,OTHER
2026-04-04 13:33:27,KXIPLGAME-26APR04RRGT-RR,YES,11563.54,OTHER
2026-04-04 13:34:27,KXMARMAD-26-MICH,YES,2100.00,OTHER
2026-04-04 13:34:42,KXNHLGAME-26APR04DETNYR-DET,YES,2075.37,OTHER
2026-04-04 13:34:42,KXNCAAMBGAME-26APR04ILLCONN-CONN,YES,2023.08,OTHER
2026-04-04 13:37:44,KXBTCD-26APR0410-T67099.99,YES,2649.60,OTHER
2026-04-04 13:37:44,KXBTCD-26APR0410-T67099.99,YES,4180.48,OTHER
2026-04-04 13:42:01,KXIPLGAME-26APR04RRGT-RR,YES,2907.85,OTHER
2026-04-04 13:46:18,KXATPMATCH-26APR04PAUTIA-PAU,YES,2040.00,OTHER
2026-04-04 13:46:48,KXLALIGAGAME-26APR04MALRMA-MAL,NO,2072.28,OTHER
2026-04-04 13:46:48,KXIPLGAME-26APR04RRGT-GT,YES,2005.60,OTHER
2026-04-04 13:47:03,KXATPMATCH-26APR04DARTRU-DAR,YES,2053.75,OTHER
2026-04-04 13:48:49,KXATPMATCH-26APR04QUIVIR-QUI,YES,2399.20,OTHER
2026-04-04 13:49:04,KXATPMATCH-26APR04QUIVIR-QUI,YES,3945.60,OTHER
2026-04-04 13:54:22,KXBUNDESLIGAGAME-26APR04LEVWOB-LEV,YES,2432.02,OTHER
2026-04-04 13:55:07,KXATPMATCH-26APR04QUIVIR-QUI,YES,3651.50,OTHER
2026-04-04 13:57:23,KXBUNDESLIGAGAME-26APR04TSGM05-TSG,YES,2475.00,OTHER
2026-04-04 13:57:23,KXIPLGAME-26APR04RRGT-RR,YES,2896.32,OTHER
2026-04-04 14:03:11,KXIPLGAME-26APR04RRGT-RR,YES,2224.06,OTHER
2026-04-04 14:03:11,KXMLBGAME-26APR041610MILKC-MIL,YES,4586.92,OTHER
2026-04-04 14:04:41,KXNCAAMBGAME-26APR04ILLCONN-CONN,YES,2395.68,OTHER
2026-04-04 14:04:41,KXATPCHALLENGERMATCH-26APR04BLABRA-BLA,YES,2714.20,OTHER
2026-04-04 14:04:41,KXATPCHALLENGERMATCH-26APR04BLABRA-BLA,YES,3717.06,OTHER
2026-04-04 14:04:56,KXNCAAMBSPREAD-26APR04ILLCONN-ILL2,NO,2410.56,OTHER
2026-04-04 14:09:29,KXBUNDESLIGAGAME-26APR04SCFBMU-BMU,YES,2895.03,OTHER
2026-04-04 14:09:29,KXBUNDESLIGAGAME-26APR04SCFBMU-BMU,YES,2671.59,OTHER
2026-04-04 14:09:44,KXNCAAMBGAME-26APR04ILLCONN-ILL,YES,4824.05,OTHER
2026-04-04 14:12:15,KXMVECROSSCATEGORY-S2026524792B5E86-7B24F808FCD,YES,4334.74,OTHER
2026-04-04 14:14:31,KXMVESPORTSMULTIGAMEEXTENDED-S2026D1214339C5A-9D702354AD0,YES,2908.14,OTHER
2026-04-04 14:16:17,KXBUNDESLIGAGAME-26APR04LEVWOB-WOB,YES,2183.72,OTHER
2026-04-04 14:17:02,KXLALIGAGAME-26APR04MALRMA-RMA,YES,2910.05,OTHER
2026-04-04 14:18:02,KXLALIGAGAME-26APR04MALRMA-RMA,YES,4850.30,OTHER
2026-04-04 14:18:33,KXMLBSPREAD-26APR041610MILKC-MIL2,YES,2034.01,OTHER
2026-04-04 14:21:19,KXATPMATCH-26APR04QUIVIR-QUI,YES,3934.26,OTHER
2026-04-04 14:23:20,KXMARMAD-26-MICH,NO,17490.00,OTHER
2026-04-04 14:23:35,KXMVECROSSCATEGORY-S20266343BB4F204-D2B329BDC8D,YES,3232.88,OTHER
2026-04-04 14:23:35,KXNCAAMBGAME-26APR04MICHARIZ-MICH,NO,16800.00,OTHER
2026-04-04 14:26:36,KXBUNDESLIGAGAME-26APR04SCFBMU-BMU,YES,2219.25,OTHER
2026-04-04 14:27:52,KXATPMATCH-26APR04CHOMUL-CHO,YES,2269.46,OTHER
2026-04-04 14:27:52,KXMLBGAME-26APR041610MILKC-MIL,YES,2263.56,OTHER
2026-04-04 14:28:07,KXATPMATCH-26APR04MARMER-MAR,YES,4821.93,OTHER
2026-04-04 14:29:23,KXBTC15M-26APR041030-30,YES,2319.79,OUR
2026-04-04 14:30:23,KXIPLGAME-26APR04RRGT-RR,YES,9517.17,OTHER
2026-04-04 14:33:55,KXNBAGAME-26APR04WASMIA-MIA,YES,3696.08,OTHER
2026-04-04 14:34:10,KXIPLGAME-26APR04RRGT-RR,YES,4856.56,OTHER
2026-04-04 14:35:41,KXNBA-26-MIN,YES,2061.92,OTHER
2026-04-04 14:37:27,KXIPLGAME-26APR04RRGT-GT,YES,2118.00,OTHER
2026-04-04 14:38:12,KXATPMATCH-26APR04MARMER-MAR,YES,4670.61,OTHER
2026-04-04 14:38:12,KXBUNDESLIGAGAME-26APR04LEVWOB-LEV,NO,2782.40,OTHER
2026-04-04 14:38:27,KXBUNDESLIGAGAME-26APR04LEVWOB-LEV,NO,3875.24,OTHER
2026-04-04 14:39:58,KXMLBGAME-26APR041610MILKC-MIL,YES,2407.08,OTHER
2026-04-04 14:41:13,KXNHLTOTAL-26APR04DETNYR-7,NO,7720.79,OTHER
2026-04-04 14:42:29,KXATPMATCH-26APR04MARMER-MAR,NO,2536.38,OTHER
2026-04-04 14:43:45,KXATPMATCH-26APR04JODUGO-JOD,YES,4680.44,OTHER
2026-04-04 14:44:45,KXBUNDESLIGAGAME-26APR04SCFBMU-BMU,NO,2047.65,OTHER
2026-04-04 14:47:16,KXBUNDESLIGAGAME-26APR04LEVWOB-LEV,YES,2444.12,OTHER
2026-04-04 14:48:17,KXATPMATCH-26APR04KOPARN-ARN,NO,2263.83,OTHER
2026-04-04 14:49:17,KXATPMATCH-26APR04KOPARN-KOP,YES,2508.68,OTHER
2026-04-04 14:50:03,KXATPMATCH-26APR04JODUGO-JOD,YES,11097.06,OTHER
2026-04-04 14:50:03,KXATPMATCH-26APR04JODUGO-JOD,YES,10976.94,OTHER
2026-04-04 14:50:03,KXATPMATCH-26APR04JODUGO-JOD,YES,10530.00,OTHER
2026-04-04 14:50:18,KXBUNDESLIGAGAME-26APR04HSVFCA-FCA,NO,2257.96,OTHER
2026-04-04 14:50:18,KXBUNDESLIGAGAME-26APR04HSVFCA-FCA,NO,2015.02,OTHER
2026-04-04 14:50:18,KXBUNDESLIGAGAME-26APR04HSVFCA-FCA,NO,2539.25,OTHER
2026-04-04 14:50:18,KXBUNDESLIGAGAME-26APR04HSVFCA-FCA,NO,2471.40,OTHER
2026-04-04 14:53:34,KXATPMATCH-26APR04MARMER-MAR,YES,4288.90,OTHER
2026-04-04 14:53:34,KXATPMATCH-26APR04JODUGO-JOD,YES,2866.20,OTHER
2026-04-04 14:53:34,KXATPMATCH-26APR04JODUGO-JOD,YES,5882.85,OTHER
2026-04-04 14:55:20,KXFACUPGAME-26APR04CFCPVA-CFC,YES,2027.68,OTHER
2026-04-04 14:56:36,KXMARMAD-26-MICH,NO,2140.38,OTHER
2026-04-04 14:57:06,KXNCAAMBGAME-26APR04ILLCONN-CONN,NO,27500.00,OTHER
2026-04-04 14:59:22,KXBUNDESLIGAGAME-26APR04SCFBMU-BMU,NO,2490.00,OTHER
2026-04-04 15:01:54,KXBUNDESLIGAGAME-26APR04SVWRBL-TIE,NO,3155.52,OTHER
2026-04-04 15:02:24,KXBUNDESLIGAGAME-26APR04SCFBMU-BMU,NO,2522.88,OTHER
2026-04-04 15:04:25,KXATPMATCH-26APR04KOPARN-ARN,YES,3005.14,OTHER
2026-04-04 15:05:10,KXBTC15M-26APR041115-15,YES,2188.75,OUR
2026-04-04 15:05:55,KXIPLGAME-26APR04RRGT-RR,YES,3400.00,OTHER
2026-04-04 15:07:11,KXIPLGAME-26APR04RRGT-GT,YES,4442.90,OTHER
2026-04-04 15:07:26,KXIPLGAME-26APR04RRGT-RR,YES,2659.84,OTHER
2026-04-04 15:07:26,KXIPLGAME-26APR04RRGT-RR,YES,7761.00,OTHER
2026-04-04 15:07:56,KXBUNDESLIGAGAME-26APR04SCFBMU-BMU,NO,4950.00,OTHER
2026-04-04 15:07:56,KXBUNDESLIGAGAME-26APR04SCFBMU-BMU,NO,3713.22,OTHER
2026-04-04 15:08:11,KXIPLGAME-26APR04RRGT-GT,YES,2846.04,OTHER
2026-04-04 15:08:27,KXATPMATCH-26APR04KOPARN-ARN,NO,2091.00,OTHER
2026-04-04 15:09:27,KXBUNDESLIGAGAME-26APR04SVWRBL-RBL,YES,4134.14,OTHER
2026-04-04 15:10:43,KXBUNDESLIGAGAME-26APR04LEVWOB-LEV,YES,2226.51,OTHER
2026-04-04 15:12:28,KXNCAAMBGAME-26APR04OKLABAY-OKLA,YES,4000.00,OTHER
2026-04-04 15:13:44,KXBONDIOUT-APR09,YES,3062.68,OTHER
2026-04-04 15:14:29,KXNCAAMBGAME-26APR04ILLCONN-ILL,YES,4824.05,OTHER
2026-04-04 15:14:29,KXBUNDESLIGAGAME-26APR04SVWRBL-RBL,YES,6596.37,OTHER
2026-04-04 15:14:44,KXPGATOUR-VATO26-RHIS,NO,8054.40,OTHER
2026-04-04 15:15:15,KXBTCD-26APR0412-T67799.99,NO,2707.20,OTHER
2026-04-04 15:16:15,KXATPMATCH-26APR04KOPARN-ARN,YES,3484.58,OTHER
2026-04-04 15:18:31,KXMVESPORTSMULTIGAMEEXTENDED-S202665E41F1976D-7D3F2868EA9,YES,4819.46,OTHER
2026-04-04 15:19:17,KXIPLGAME-26APR04RRGT-RR,YES,9733.09,OTHER
2026-04-04 15:20:48,KXATPCHALLENGERMATCH-26APR04SARDIA-DIA,YES,2740.25,OTHER
2026-04-04 15:22:34,KXWTAMATCH-26APR04KEYSTA-KEY,YES,8422.38,OTHER
2026-04-04 15:22:49,KXATPMATCH-26APR04TIRBUR-BUR,YES,5300.00,OTHER
2026-04-04 15:27:06,KXMLBGAME-26APR041605LADWSH-LAD,YES,2433.09,OTHER
2026-04-04 15:27:36,KXATPMATCH-26APR04KOPARN-KOP,NO,9891.09,OTHER
2026-04-04 15:28:06,KXBTC15M-26APR041130-30,NO,2253.76,OUR
2026-04-04 15:29:07,KXLALIGAGAME-26APR04MALRMA-RMA,NO,3855.72,OTHER
2026-04-04 15:29:07,KXBTC15M-26APR041130-30,NO,2707.20,OUR
2026-04-04 15:30:07,KXNCAAMBSPREAD-26APR04ILLCONN-ILL2,NO,5400.00,OTHER
2026-04-04 15:30:07,KXATPMATCH-26APR04CHOMUL-MUL,YES,2101.84,OTHER
2026-04-04 15:30:07,KXATPMATCH-26APR04CHOMUL-MUL,YES,6354.69,OTHER
2026-04-04 15:30:07,KXATPMATCH-26APR04CHOMUL-MUL,YES,6436.53,OTHER
2026-04-04 15:30:38,KXPGATOUR-VATO26-RMAC,NO,4800.00,OTHER
2026-04-04 15:31:08,KXMARMAD-26-CONN,NO,2797.05,OTHER
2026-04-04 15:32:08,KXATPMATCH-26APR04TIRBUR-TIR,YES,2274.58,OTHER
2026-04-04 15:32:23,KXLALIGAGAME-26APR04MALRMA-RMA,NO,3313.80,OTHER
2026-04-04 15:33:09,KXATPMATCH-26APR04JODUGO-UGO,NO,8296.20,OTHER
2026-04-04 15:34:55,KXRECSSNBER-26,NO,5700.00,OTHER
2026-04-04 15:35:55,KXMLBGAME-26APR041410TORCWS-CWS,NO,4294.61,OTHER
2026-04-04 15:35:55,KXMLBGAME-26APR041410TORCWS-CWS,NO,8755.60,OTHER
2026-04-04 15:35:55,KXMLBGAME-26APR041410TORCWS-TOR,YES,14102.12,OTHER
2026-04-04 15:35:55,KXMLBGAME-26APR041410TORCWS-CWS,NO,5800.00,OTHER
2026-04-04 15:35:55,KXMLBGAME-26APR041410TORCWS-CWS,NO,2433.10,OTHER
2026-04-04 15:35:55,KXMLBGAME-26APR041410TORCWS-CWS,NO,7250.00,OTHER
2026-04-04 15:35:55,KXMLBGAME-26APR041410TORCWS-TOR,YES,14500.00,OTHER
2026-04-04 15:35:55,KXMLBGAME-26APR041410TORCWS-CWS,NO,3169.12,OTHER
2026-04-04 15:35:55,KXMLBGAME-26APR041410TORCWS-CWS,NO,4688.14,OTHER
2026-04-04 15:38:41,KXNEXTAG-29-HDHI,NO,2521.54,OTHER
2026-04-04 15:43:29,KXLALIGATOTAL-26APR04RBBESP-2,YES,2562.04,OTHER
2026-04-04 15:43:29,KXLALIGATOTAL-26APR04RBBESP-2,YES,2073.76,OTHER
2026-04-04 15:43:29,KXETHY-27JAN0100-B1125,NO,2745.00,OTHER
2026-04-04 15:43:59,KXETHY-27JAN0100-B1375,NO,2736.00,OTHER
2026-04-04 15:44:14,KXPGATOUR-VATO26-RMAC,NO,2664.62,OTHER
2026-04-04 15:44:44,KXATPMATCH-26APR04MARMER-MAR,NO,2503.46,OTHER
2026-04-04 15:46:15,KXIPLGAME-26APR04RRGT-RR,YES,2789.67,OTHER
2026-04-04 15:47:16,KXNHLTOTAL-26APR04DETNYR-7,YES,2506.75,OTHER
2026-04-04 15:47:31,KXNCAAMBGAME-26APR04OKLABAY-BAY,YES,5100.00,OTHER
2026-04-04 15:47:31,KXNCAAMBGAME-26APR04OKLABAY-BAY,YES,5100.00,OTHER
2026-04-04 15:47:31,KXNCAAMBGAME-26APR04OKLABAY-BAY,YES,3060.00,OTHER
2026-04-04 15:47:46,KXIPLGAME-26APR04RRGT-GT,NO,4035.24,OTHER
2026-04-04 15:50:47,KXLALIGAGAME-26APR04MALRMA-RMA,NO,3285.20,OTHER
2026-04-04 15:51:18,KXUCL-26-RMA,NO,2018.70,OTHER
2026-04-04 15:51:48,KXIPLGAME-26APR04RRGT-RR,YES,11034.90,OTHER
2026-04-04 15:51:48,KXIPLGAME-26APR04RRGT-RR,YES,7380.72,OTHER
2026-04-04 15:53:34,KXATPMATCH-26APR04CHOMUL-MUL,YES,2059.95,OTHER
2026-04-04 15:56:35,KXNCAAMBGAME-26APR04ILLCONN-ILL,YES,3693.25,OTHER
2026-04-04 15:57:05,KXATPMATCH-26APR04MARMER-MER,YES,4920.30,OTHER
2026-04-04 15:57:20,KXATPMATCH-26APR04MARMER-MER,YES,3080.00,OTHER
2026-04-04 16:00:07,KXATPMATCH-26APR04MARMER-MER,YES,3840.00,OTHER
2026-04-04 16:00:37,KXATPMATCH-26APR04TIRBUR-BUR,YES,2550.00,OTHER
2026-04-04 16:01:23,KXIPLGAME-26APR04RRGT-RR,YES,6700.00,OTHER
2026-04-04 16:01:23,KXFACUPGAME-26APR04CFCPVA-PVA,NO,2541.14,OTHER
2026-04-04 16:01:23,KXIPLGAME-26APR04RRGT-GT,NO,7060.02,OTHER
2026-04-04 16:01:38,KXNBAGAME-26APR04DETPHI-PHI,YES,21000.00,OTHER
2026-04-04 16:02:38,KXPGATOUR-VATO26-RMAC,YES,4300.00,OTHER
2026-04-04 16:02:38,KXPGATOUR-VATO26-RMAC,YES,4400.00,OTHER
2026-04-04 16:07:10,KXNBASPREAD-26APR04WASMIA-MIA15,YES,2419.20,OTHER
2026-04-04 16:08:26,KXLALIGAGAME-26APR04MALRMA-MAL,YES,4384.38,OTHER
2026-04-04 16:08:41,KXMLBTOTAL-26APR041310STLDET-8,YES,4807.50,OTHER
2026-04-04 16:09:27,KXIPLGAME-26APR04RRGT-RR,YES,5703.39,OTHER
2026-04-04 16:09:27,KXLALIGAGAME-26APR04MALRMA-TIE,NO,2714.50,OTHER
2026-04-04 16:10:12,KXBONDIOUT-26APR-APR05,YES,2325.00,OTHER
2026-04-04 16:10:12,KXBONDIOUT-26APR-APR05,YES,3720.00,OTHER
2026-04-04 16:10:12,KXBONDIOUT-26APR-APR05,YES,5640.00,OTHER
2026-04-04 16:11:12,KXPGATOUR-VATO26-LABE,YES,3393.00,OTHER
2026-04-04 16:14:44,KXLALIGAGAME-26APR04ATMBAR-BAR,YES,9583.18,OTHER
2026-04-04 16:19:01,KXMLBGAME-26APR041310STLDET-DET,YES,4160.20,OTHER
2026-04-04 16:23:49,KXATPMATCH-26APR04TIRBUR-BUR,YES,2208.00,OTHER
2026-04-04 16:24:19,KXMLBRFI-26APR041310STLDET,NO,9409.68,OTHER
2026-04-04 16:27:05,KXATPMATCH-26APR04TIRBUR-TIR,NO,3250.00,OTHER
2026-04-04 16:27:20,KXATPCHALLENGERMATCH-26APR04HEIDEL-DEL,YES,2879.10,OTHER
2026-04-04 16:28:06,KXATPMATCH-26APR04DZUBUD-DZU,YES,3442.04,OTHER
2026-04-04 16:28:51,KXMVECROSSCATEGORY-S2026A1A1C837185-8E5FCE12E1D,NO,2026.83,OTHER
2026-04-04 16:29:51,KXIPLGAME-26APR04RRGT-GT,YES,4186.65,OTHER
2026-04-04 16:29:51,KXPSLGAME-26APR04ISLRAW-ISL,YES,2204.82,OTHER
2026-04-04 16:32:08,KXMARMAD-26-MICH,NO,3506.58,OTHER
2026-04-04 16:32:53,KXMVECROSSCATEGORY-S2026BC2184CE9D2-7C1FD22B762,YES,2268.90,OTHER
2026-04-04 16:33:08,KXMLBGAME-26APR041410TORCWS-TOR,YES,2417.82,OTHER
2026-04-04 16:34:24,KXMVECROSSCATEGORY-S2026B0F95197983-F6C9447FA7C,YES,5447.41,OTHER
2026-04-04 16:36:24,KXMARMAD-26-CONN,YES,4720.05,OTHER
2026-04-04 16:36:40,KXATPMATCH-26APR04DZUBUD-DZU,NO,2838.15,OTHER
2026-04-04 16:36:55,KXMLBSPREAD-26APR041310STLDET-DET2,YES,2984.94,OTHER
2026-04-04 16:37:10,KXATPMATCH-26APR04TIRBUR-BUR,YES,2377.95,OTHER
2026-04-04 16:37:40,KXMVESPORTSMULTIGAMEEXTENDED-S2026D33F8E809D7-EEEF2362F90,YES,2303.64,OTHER
2026-04-04 16:38:10,KXIPLGAME-26APR04RRGT-RR,YES,4476.06,OTHER
2026-04-04 16:38:56,KXATPMATCH-26APR04TIRBUR-TIR,NO,4764.20,OTHER
2026-04-04 16:39:41,KXATPMATCH-26APR04TIRBUR-TIR,NO,2699.60,OTHER
2026-04-04 16:40:57,KXNBA-26-CHA,NO,3316.50,OTHER
2026-04-04 16:43:43,KXMLBGAME-26APR041605BALPIT-BAL,YES,2401.49,OTHER
2026-04-04 16:43:43,KXNCAAMBGAME-26APR04ILLCONN-ILL,YES,7236.35,OTHER
2026-04-04 16:44:13,KXATPMATCH-26APR04DZUBUD-BUD,YES,2097.50,OTHER
2026-04-04 16:44:13,KXATPMATCH-26APR04DZUBUD-BUD,YES,3500.64,OTHER
2026-04-04 16:45:14,KXMLBGAME-26APR041605BALPIT-PIT,YES,2844.92,OTHER
2026-04-04 16:47:00,KXNCAAMBGAME-26APR04MICHARIZ-MICH,YES,2890.62,OTHER
2026-04-04 16:47:30,KXMVECROSSCATEGORY-S20261EC51949CCD-C6D7A8567D0,YES,3889.45,OTHER
2026-04-04 16:47:45,KXMLBGAME-26APR041905CINTEX-TEX,YES,2900.00,OTHER
2026-04-04 16:50:01,KXIPLGAME-26APR04RRGT-RR,YES,2300.00,OTHER
2026-04-04 16:53:48,KXIPLGAME-26APR04RRGT-RR,NO,4157.01,OTHER
2026-04-04 16:55:04,KXMVECROSSCATEGORY-S2026961C8285A80-916593C8987,YES,2372.89,OTHER
2026-04-04 16:55:49,KXIPLGAME-26APR04RRGT-GT,NO,2406.54,OTHER
2026-04-04 16:57:20,KXIPLGAME-26APR04RRGT-GT,NO,8000.00,OTHER
2026-04-04 16:57:20,KXIPLGAME-26APR04RRGT-GT,NO,8000.00,OTHER
2026-04-04 16:57:20,KXNHLGAME-26APR04MINOTT-MIN,YES,4600.00,OTHER
2026-04-04 16:59:06,KXBTCD-26APR0413-T67399.99,YES,4177.36,OTHER
2026-04-04 16:59:06,KXBTCD-26APR0413-T67399.99,YES,4271.36,OTHER
2026-04-04 16:59:06,KXBTCD-26APR0413-T67399.99,YES,2613.20,OTHER
2026-04-04 17:01:37,KXBTC15M-26APR041315-15,NO,2686.00,OUR
2026-04-04 17:01:37,KXATPCHALLENGERMATCH-26APR04NEUGIL-GIL,NO,6441.93,OTHER
2026-04-04 17:01:52,KXIPLGAME-26APR04RRGT-RR,NO,5360.52,OTHER
2026-04-04 17:02:22,KXIPLGAME-26APR04RRGT-RR,NO,3213.00,OTHER
2026-04-04 17:03:23,KXNBACOY-26-JBIC,YES,3450.00,OTHER
2026-04-04 17:06:39,KXMLBTOTAL-26APR041410TORCWS-9,YES,6716.00,OTHER
2026-04-04 17:06:39,KXMLBTOTAL-26APR041410TORCWS-9,YES,5682.00,OTHER
2026-04-04 17:06:55,KXIPLGAME-26APR04RRGT-RR,NO,2579.82,OTHER
2026-04-04 17:07:10,KXATPMATCH-26APR04TIRBUR-TIR,NO,2797.48,OTHER
2026-04-04 17:09:26,KXMLBTOTAL-26APR041310STLDET-9,NO,2007.38,OTHER
2026-04-04 17:11:42,KXNBATOTAL-26APR04SASDEN-237,YES,2422.98,OTHER
2026-04-04 17:14:13,KXIPLGAME-26APR04RRGT-RR,YES,4875.88,OTHER
2026-04-04 17:15:29,KXWTAMATCH-26APR04PEGJOV-JOV,YES,2600.00,OTHER
2026-04-04 17:15:29,KXGBLGAME-26APR041115KARPAO-KAR,NO,7840.00,OTHER
2026-04-04 17:15:29,KXGBLGAME-26APR041115KARPAO-KAR,NO,4950.00,OTHER
2026-04-04 17:16:29,KXMLBGAME-26APR041310STLDET-DET,YES,3738.35,OTHER
2026-04-04 17:17:15,KXMLBGAME-26APR041310STLDET-STL,YES,3840.00,OTHER
2026-04-04 17:18:30,KXBUNDESLIGAGAME-26APR04VFBBVB-BVB,NO,2096.42,OTHER
2026-04-04 17:19:01,KXMLBTOTAL-26APR041310STLDET-5,YES,3666.08,OTHER
2026-04-04 17:19:16,KXNHLGAME-26APR04DETNYR-DET,YES,2000.00,OTHER
2026-04-04 17:19:16,KXHNLGAME-26APR04SLARIJ-RIJ,YES,3465.00,OTHER
2026-04-04 17:20:16,KXIPLGAME-26APR04RRGT-RR,YES,3091.90,OTHER
2026-04-04 17:20:31,KXIPLGAME-26APR04RRGT-GT,NO,2342.90,OTHER
2026-04-04 17:21:17,KXIPLGAME-26APR04RRGT-RR,NO,3785.40,OTHER
2026-04-04 17:21:47,KXMLBGAME-26APR041310STLDET-STL,YES,6513.84,OTHER
2026-04-04 17:21:47,KXMLBGAME-26APR041310STLDET-STL,YES,3322.08,OTHER
2026-04-04 17:21:47,KXMLBGAME-26APR041310STLDET-STL,YES,4244.76,OTHER
2026-04-04 17:22:32,KXATPMATCH-26APR04DZUBUD-BUD,NO,3245.10,OTHER
2026-04-04 17:24:18,KXIPLGAME-26APR04RRGT-GT,NO,9510.30,OTHER
2026-04-04 17:24:33,KXATPCHALLENGERMATCH-26APR04HEIDEL-DEL,YES,4747.60,OTHER
2026-04-04 17:25:04,KXIPLGAME-26APR04RRGT-RR,YES,4344.30,OTHER
2026-04-04 17:25:19,KXIPLGAME-26APR04RRGT-GT,NO,4394.82,OTHER
2026-04-04 17:25:19,KXMLBGAME-26APR041310STLDET-DET,YES,2570.12,OTHER
2026-04-04 17:25:34,KXIPLGAME-26APR04RRGT-RR,YES,2450.17,OTHER
2026-04-04 17:26:34,KXIPLGAME-26APR04RRGT-RR,YES,10374.73,OTHER
2026-04-04 17:29:36,KXATPCHALLENGERMATCH-26APR04HEIDEL-DEL,YES,2147.28,OTHER
2026-04-04 17:29:36,KXATPCHALLENGERMATCH-26APR04HEIDEL-DEL,YES,6111.96,OTHER
2026-04-04 17:29:36,KXATPCHALLENGERMATCH-26APR04HEIDEL-DEL,YES,5771.16,OTHER
2026-04-04 17:29:36,KXATPCHALLENGERMATCH-26APR04HEIDEL-DEL,YES,5875.94,OTHER
2026-04-04 17:29:51,KXIPLGAME-26APR04RRGT-GT,NO,2370.00,OTHER
2026-04-04 17:29:51,KXATPCHALLENGERMATCH-26APR04HEIDEL-DEL,YES,3165.72,OTHER
2026-04-04 17:30:06,KXIPLGAME-26APR04RRGT-GT,NO,2350.25,OTHER
2026-04-04 17:33:23,KXMLBGAME-26APR041310STLDET-DET,YES,2842.66,OTHER
2026-04-04 17:33:53,KXMLBGAME-26APR041310STLDET-DET,YES,2384.31,OTHER
2026-04-04 17:34:38,KXATPCHALLENGERMATCH-26APR04HEIDEL-DEL,YES,6645.47,OTHER
2026-04-04 17:34:38,KXATPCHALLENGERMATCH-26APR04HEIDEL-DEL,YES,6194.42,OTHER
2026-04-04 17:35:09,KXMLBGAME-26APR041410TORCWS-TOR,YES,2900.00,OTHER
2026-04-04 17:35:39,KXFACUPTOTAL-26APR04CFCPVA-4,YES,2137.12,OTHER
2026-04-04 17:37:40,KXNBATOTAL-26APR04SASDEN-231,YES,2588.56,OTHER
2026-04-04 17:37:55,KXIPLGAME-26APR04RRGT-RR,NO,2150.16,OTHER
2026-04-04 17:38:10,KXIPLGAME-26APR04RRGT-GT,YES,4841.42,OTHER
2026-04-04 17:39:56,KXNBAGAME-26APR04WASMIA-MIA,YES,2228.74,OTHER
2026-04-04 17:41:12,KXIPLGAME-26APR04RRGT-RR,NO,2925.00,OTHER
2026-04-04 17:43:28,KXATPMATCH-26APR04DZUBUD-DZU,YES,2106.54,OTHER
2026-04-04 17:43:28,KXIPLGAME-26APR04RRGT-RR,NO,5199.12,OTHER
2026-04-04 17:46:44,KXNCAAMBGAME-26APR04ILLCONN-ILL,YES,2604.80,OTHER
2026-04-04 17:47:45,KXATPMATCH-26APR04PAUTIA-PAU,NO,5136.19,OTHER
2026-04-04 17:49:00,KXNBAGAME-26APR04DETPHI-PHI,NO,4402.68,OTHER
2026-04-04 17:49:00,KXNBAGAME-26APR04DETPHI-PHI,NO,4442.01,OTHER
2026-04-04 17:49:30,KXMLBGAME-26APR041310STLDET-STL,NO,4359.60,OTHER
2026-04-04 17:52:02,KXIPLGAME-26APR04RRGT-RR,YES,2682.90,OTHER
2026-04-04 17:52:17,KXIPLGAME-26APR04RRGT-RR,YES,3955.05,OTHER
2026-04-04 17:52:17,KXIPLGAME-26APR04RRGT-RR,YES,2139.34,OTHER
2026-04-04 17:52:17,KXIPLGAME-26APR04RRGT-RR,YES,3942.54,OTHER
2026-04-04 17:52:17,KXIPLGAME-26APR04RRGT-RR,YES,3943.52,OTHER
2026-04-04 17:52:17,KXIPLGAME-26APR04RRGT-RR,YES,3933.72,OTHER
2026-04-04 17:52:17,KXIPLGAME-26APR04RRGT-RR,YES,3933.72,OTHER
2026-04-04 17:52:32,KXNCAAMBGAME-26APR04OKLABAY-BAY,YES,2949.76,OTHER
2026-04-04 17:59:50,KXMLBTOTAL-26APR041410TORCWS-9,YES,5000.00,OTHER
2026-04-04 18:01:06,KXMLBGAME-26APR041410TORCWS-CWS,YES,2150.00,OTHER
2026-04-04 18:02:06,KXNBASPREAD-26APR04WASMIA-MIA18,YES,4900.00,OTHER
2026-04-04 18:02:21,KXNBAGAME-26APR04SASDEN-DEN,NO,24007.50,OTHER
2026-04-04 18:02:21,KXMLBGAME-26APR041410TORCWS-TOR,YES,13008.24,OTHER
2026-04-04 18:03:07,KXIPLGAME-26APR05LSGSRH-SRH,YES,2085.60,OTHER
2026-04-04 18:03:37,KXBUNDESLIGAGAME-26APR04VFBBVB-TIE,YES,2408.32,OTHER
2026-04-04 18:03:52,KXBBLGAME-26APR041230BAYMBC-MBC,YES,6648.84,OTHER
2026-04-04 18:04:53,KXGOVTSHUTLENGTH-26FEB07-G55,YES,2764.54,OTHER
2026-04-04 18:05:08,KXMLBRFI-26APR041610MILKC,NO,9687.60,OTHER
2026-04-04 18:05:08,KXMVESPORTSMULTIGAMEEXTENDED-S2026459C32BB80B-6FE33FAC75A,YES,2236.80,OTHER
2026-04-04 18:05:23,KXATPMATCH-26APR05NAVMER-NAV,YES,3400.00,OTHER
2026-04-04 18:06:23,KXCITRINI-28JUL01,NO,2425.50,OTHER
2026-04-04 18:06:39,KXNBAGAME-26APR04SASDEN-SAS,YES,2372.15,OTHER
2026-04-04 18:06:54,KXWTAMATCH-26APR04PEGJOV-JOV,NO,3327.47,OTHER
2026-04-04 18:07:09,KXLAYOFFSYINFO-26-494000,YES,3740.62,OTHER
2026-04-04 18:07:09,KXLAYOFFSYINFO-26-494000,YES,3324.24,OTHER
2026-04-04 18:08:39,KXNCAAMBGAME-26APR04OKLABAY-BAY,NO,2184.50,OTHER
2026-04-04 18:09:25,KXMLBGAME-26APR041605LADWSH-LAD,YES,2920.00,OTHER
2026-04-04 18:10:25,KXNHLTOTAL-26APR04DETNYR-4,NO,2245.50,OTHER
2026-04-04 18:10:55,KXLOLGAME-26APR041600LYC9-LY,YES,2647.32,OTHER
2026-04-04 18:12:41,KXMEDIACOVERMADDEN-27-CAL,YES,5159.10,OTHER
2026-04-04 18:12:56,KXBUNDESLIGAGAME-26APR04VFBBVB-BVB,NO,2747.20,OTHER
2026-04-04 18:14:27,KXLALIGAGAME-26APR04RBBESP-RBB,NO,2181.75,OTHER
2026-04-04 18:14:27,KXNHLGAME-26APR04CGYANA-CGY,YES,2365.00,OTHER
2026-04-04 18:17:14,KXLIGUE1TOTAL-26APR04STBREN-4,NO,2287.80,OTHER
2026-04-04 18:17:59,KXBUNDESLIGAGAME-26APR04VFBBVB-VFB,NO,3048.95,OTHER
2026-04-04 18:18:14,KXEREDIVISIEGAME-26APR04AZAFOR-FOR,NO,4249.08,OTHER
2026-04-04 18:18:14,KXEREDIVISIEGAME-26APR04AZAFOR-FOR,NO,3383.82,OTHER
2026-04-04 18:18:14,KXEREDIVISIEGAME-26APR04AZAFOR-FOR,NO,12167.10,OTHER
2026-04-04 18:18:44,KXLALIGAGAME-26APR04RBBESP-RBB,NO,2075.00,OTHER
2026-04-04 18:18:59,KXNCAAMBGAME-26APR04MICHARIZ-ARIZ,YES,9600.00,OTHER
2026-04-04 18:20:45,KXWTAMATCH-26APR04KEYSTA-KEY,YES,2582.28,OTHER
2026-04-04 18:21:46,KXNBAGAME-26APR04SASDEN-SAS,YES,2175.80,OTHER
2026-04-04 18:24:02,KXNBAGAME-26APR04WASMIA-WAS,NO,10829.74,OTHER
2026-04-04 18:24:02,KXNBAGAME-26APR04WASMIA-WAS,NO,13606.50,OTHER
2026-04-04 18:24:02,KXNBAGAME-26APR04WASMIA-WAS,NO,10829.74,OTHER
2026-04-04 18:24:47,KXBUNDESLIGAGAME-26APR04VFBBVB-BVB,YES,9308.39,OTHER
2026-04-04 18:24:47,KXBUNDESLIGAGAME-26APR04VFBBVB-BVB,YES,12013.82,OTHER
2026-04-04 18:25:48,KXMLBGAME-26APR041410TORCWS-CWS,YES,2561.73,OTHER
2026-04-04 18:27:19,KXATPMATCH-26APR04PAUTIA-TIA,NO,2888.74,OTHER
2026-04-04 18:27:19,KXNBAGAME-26APR04SASDEN-SAS,YES,2750.00,OTHER
2026-04-04 18:28:19,KXMLBGAME-26APR041310STLDET-DET,YES,16401.76,OTHER
2026-04-04 18:28:34,KXNBAGAME-26APR04SASDEN-SAS,YES,2894.65,OTHER
2026-04-04 18:29:04,KXMVECROSSCATEGORY-S2026796820260E4-6582AA046E0,NO,8582.35,OTHER
2026-04-04 18:29:20,KXMLBGAME-26APR041310STLDET-DET,YES,4900.00,OTHER
2026-04-04 18:29:20,KXMLBGAME-26APR041310STLDET-DET,YES,2450.00,OTHER
2026-04-04 18:29:35,KXWTAMATCH-26APR04UDVARA-ARA,YES,3430.70,OTHER
2026-04-04 18:29:50,KXMLBGAME-26APR041410TORCWS-CWS,YES,2040.00,OTHER
2026-04-04 18:31:36,KXMVESPORTSMULTIGAMEEXTENDED-S2026642338C43DF-6582AA046E0,NO,6145.75,OTHER
2026-04-04 18:31:36,KXMVESPORTSMULTIGAMEEXTENDED-S2026642338C43DF-6582AA046E0,NO,4065.64,OTHER
2026-04-04 18:32:06,KXNCAAMBGAME-26APR04ILLCONN-ILL,YES,4125.00,OTHER
2026-04-04 18:32:06,KXATPMATCH-26APR04PAUTIA-PAU,YES,3269.46,OTHER
2026-04-04 18:32:21,KXMLSGAME-26APR04TORCOL-COL,YES,3440.00,OTHER
2026-04-04 18:35:07,KXNBASPREAD-26APR04WASMIA-MIA18,YES,2024.50,OTHER
2026-04-04 18:36:08,KXMVECROSSCATEGORY-S20267E2018ADFCC-29FF8145A2C,YES,9381.01,OTHER
2026-04-04 18:36:53,KXWTAMATCH-26APR04PEGJOV-PEG,YES,2292.00,OTHER
2026-04-04 18:37:54,KXNBAGAME-26APR04SASDEN-SAS,YES,2406.80,OTHER
2026-04-04 18:39:25,KXNCAAMBGAME-26APR04OKLABAY-OKLA,YES,2359.80,OTHER
2026-04-04 18:39:25,KXMLBSPREAD-26APR041310STLDET-DET6,YES,2163.72,OTHER
2026-04-04 18:39:55,KXWTAMATCH-26APR04UDVARA-UDV,YES,2707.59,OTHER
2026-04-04 18:40:25,KXWTAMATCH-26APR04PEGJOV-JOV,NO,5020.38,OTHER
2026-04-04 18:40:25,KXWTAMATCH-26APR04PEGJOV-JOV,NO,5685.88,OTHER
2026-04-04 18:43:41,KXNHLTOTAL-26APR04COLDAL-6,YES,2300.00,OTHER
2026-04-04 18:43:57,KXNBAGAME-26APR04SASDEN-SAS,YES,3100.90,OTHER
2026-04-04 18:44:12,KXNCAAMBGAME-26APR04ILLCONN-ILL,YES,4824.05,OTHER
2026-04-04 18:44:42,KXBTC-26APR0415-B67350,NO,2877.98,OTHER
2026-04-04 18:45:12,KXBTC-26APR0415-B67250,YES,2633.07,OTHER
2026-04-04 18:46:13,KXMLBGAME-26APR041310STLDET-DET,YES,2415.14,OTHER
2026-04-04 18:46:13,KXMLBGAME-26APR041310STLDET-DET,YES,2730.00,OTHER
2026-04-04 18:46:13,KXMLBGAME-26APR041310STLDET-DET,YES,2730.00,OTHER
2026-04-04 18:46:13,KXMLBGAME-26APR041310STLDET-DET,YES,3640.00,OTHER
2026-04-04 18:46:13,KXMLBGAME-26APR041310STLDET-DET,YES,2730.00,OTHER
2026-04-04 18:48:29,KXNCAAMBGAME-26APR04OKLABAY-OKLA,YES,2340.60,OTHER
2026-04-04 18:48:29,KXNCAAMBGAME-26APR04OKLABAY-OKLA,YES,2379.61,OTHER
2026-04-04 18:50:29,KXMLBGAME-26APR041310STLDET-STL,NO,2675.96,OTHER
2026-04-04 18:51:30,KXWTAMATCH-26APR04UDVARA-UDV,NO,2851.41,OTHER
2026-04-04 18:53:46,KXLALIGAGAME-26APR04ATMBAR-BAR,YES,3500.00,OTHER
2026-04-04 18:54:31,KXNCAAMBSPREAD-26APR04ILLCONN-ILL2,YES,2176.80,OTHER
2026-04-04 18:58:33,KXNBASPREAD-26APR04SASDEN-SAS2,NO,3180.00,OTHER
2026-04-04 18:58:33,KXMLBGAME-26APR041610MILKC-KC,NO,3622.04,OTHER
2026-04-04 18:59:34,KXFACUPGAME-26APR04SOUARS-ARS,YES,2451.60,OTHER
2026-04-04 19:00:19,KXNBAGAME-26APR04WASMIA-MIA,YES,3905.45,OTHER
2026-04-04 19:00:34,KXNBAGAME-26APR04SASDEN-SAS,YES,2604.80,OTHER
2026-04-04 19:04:36,KXLALIGAGAME-26APR04ATMBAR-TIE,NO,4279.86,OTHER
2026-04-04 19:07:38,KXNCAAMBGAME-26APR04OKLABAY-BAY,YES,2139.36,OTHER
2026-04-04 19:07:38,KXNCAAMBGAME-26APR04OKLABAY-BAY,YES,3360.00,OTHER
2026-04-04 19:07:38,KXNCAAMBGAME-26APR04OKLABAY-BAY,YES,2779.20,OTHER
2026-04-04 19:08:08,KXCITRINI-28JUL01,NO,3547.51,OTHER
2026-04-04 19:08:23,KXMLBGAME-26APR041610MILKC-MIL,YES,7195.50,OTHER
2026-04-04 19:08:53,KXMLBGAME-26APR041410TORCWS-CWS,YES,2935.19,OTHER
2026-04-04 19:09:39,KXNHLGAME-26APR04COLDAL-DAL,YES,2882.18,OTHER
2026-04-04 19:10:09,KXBTCD-26APR0416-T67599.99,NO,2707.20,OTHER
2026-04-04 19:10:24,KXNCAAMBGAME-26APR04OKLABAY-BAY,NO,2326.50,OTHER
2026-04-04 19:11:09,KXBOXING-26APR04MHARFIGN-FIGN,NO,2630.32,OTHER
2026-04-04 19:12:40,KXNBAGAME-26APR04SASDEN-SAS,YES,2750.00,OTHER
2026-04-04 19:12:40,KXMLBGAME-26APR041610MILKC-MIL,YES,2347.20,OTHER
2026-04-04 19:16:42,KXNBAGAME-26APR04SASDEN-SAS,YES,8194.20,OTHER
2026-04-04 19:18:43,KXNBAGAME-26APR04SASDEN-SAS,YES,2548.00,OTHER
2026-04-04 19:18:43,KXNBAGAME-26APR04SASDEN-SAS,YES,2249.00,OTHER
2026-04-04 19:19:44,KXNCAAMBGAME-26APR04OKLABAY-OKLA,YES,2727.57,OTHER
2026-04-04 19:20:44,KXNCAAMBGAME-26APR04OKLABAY-OKLA,YES,2004.23,OTHER
2026-04-04 19:21:29,KXWTAMATCH-26APR04UDVARA-UDV,YES,2376.00,OTHER
2026-04-04 19:21:45,KXNBAGAME-26APR04SASDEN-SAS,YES,4845.96,OTHER
2026-04-04 19:23:15,KXNHLTOTAL-26APR04MINOTT-3,YES,18800.00,OTHER
2026-04-04 19:23:45,KXSERIEAGAME-26APR04LAZPAR-LAZ,NO,3996.80,OTHER
2026-04-04 19:24:01,KXNCAAMBGAME-26APR04OKLABAY-OKLA,YES,3111.44,OTHER
2026-04-04 19:24:01,KXNCAAMB2ML-26APR04ILLCONNMICHARIZ-CONNARIZ,YES,4340.00,OTHER
2026-04-04 19:24:31,KXMLBGAME-26APR041610MILKC-MIL,YES,5728.50,OTHER
2026-04-04 19:24:31,KXMLBGAME-26APR041610MILKC-MIL,YES,2816.75,OTHER
2026-04-04 19:24:31,KXWTAMATCH-26APR04PEGJOV-PEG,YES,5684.67,OTHER
2026-04-04 19:25:31,KXMVECROSSCATEGORY-S20269EAC78BA742-377F18E51E0,YES,2183.68,OTHER
2026-04-04 19:28:48,KXWTAMATCH-26APR04PEGJOV-PEG,YES,4640.09,OTHER
2026-04-04 19:28:48,KXNBAROY-26-KKNU,YES,2840.00,OTHER
2026-04-04 19:29:48,KXWTAMATCH-26APR04PEGJOV-PEG,YES,3523.12,OTHER
2026-04-04 19:31:49,KXMLBGAME-26APR041410TORCWS-CWS,YES,2212.12,OTHER
2026-04-04 19:31:49,KXMLBGAME-26APR041410TORCWS-CWS,YES,4002.58,OTHER
2026-04-04 19:32:20,KXNBAGAME-26APR04SASDEN-DEN,NO,3069.00,OTHER
2026-04-04 19:34:21,KXMVESPORTSMULTIGAMEEXTENDED-S2026B677A2C1DBB-2F6DB69CE1F,YES,4388.16,OTHER
2026-04-04 19:34:36,KXSAUDIPLGAME-26APR04HILALT-HIL,NO,2249.10,OTHER
2026-04-04 19:35:51,KXMLBRFI-26APR041610SDBOS,NO,2043.25,OTHER
2026-04-04 19:36:06,KXMVESPORTSMULTIGAMEEXTENDED-S2026C761AF4156C-D283F0DC155,YES,7182.59,OTHER
2026-04-04 19:39:08,KXMLBGAME-26APR041410TORCWS-CWS,NO,3080.00,OTHER
2026-04-04 19:41:24,KXWTAMATCH-26APR04PEGJOV-PEG,YES,2850.00,OTHER
2026-04-04 19:42:54,KXMLBGAME-26APR041310STLDET-STL,NO,2342.48,OTHER
2026-04-04 19:42:54,KXMLBGAME-26APR041310STLDET-STL,NO,2293.60,OTHER
2026-04-04 19:44:10,KXFACUPGAME-26APR04SOUARS-ARS,NO,3052.07,OTHER
2026-04-04 19:46:41,KXMARMAD-26-CONN,NO,3529.59,OTHER
2026-04-04 19:47:42,KXNBATOTAL-26APR04WASMIA-244,YES,2258.75,OTHER
2026-04-04 19:48:12,KXNBATOTAL-26APR04SASDEN-258,YES,2712.06,OTHER
2026-04-04 19:48:12,KXMLBTOTAL-26APR041605HOUATH-10,YES,2408.85,OTHER
2026-04-04 19:48:27,KXNBAGAME-26APR04WASMIA-WAS,NO,3984.96,OTHER
2026-04-04 19:48:27,KXNBAGAME-26APR04WASMIA-WAS,NO,5615.04,OTHER
2026-04-04 19:48:27,KXNBAGAME-26APR04WASMIA-WAS,NO,2098.56,OTHER
2026-04-04 19:50:13,KXMLBTOTAL-26APR041605HOUATH-10,YES,2904.40,OTHER
2026-04-04 19:51:59,KXMLBGAME-26APR041605HOUATH-HOU,YES,2028.50,OTHER
2026-04-04 19:53:14,KXMLBGAME-26APR041410TORCWS-TOR,YES,2889.30,OTHER
2026-04-04 19:53:14,KXNBAGAME-26APR04SASDEN-SAS,YES,2407.68,OTHER
2026-04-04 19:53:14,KXLALIGAGAME-26APR04ATMBAR-ATM,NO,2061.90,OTHER
2026-04-04 19:53:29,KXMLBGAME-26APR041310STLDET-DET,YES,3897.63,OTHER
2026-04-04 19:53:29,KXMLBGAME-26APR041310STLDET-DET,YES,4950.00,OTHER
2026-04-04 19:53:29,KXMLBGAME-26APR041310STLDET-DET,YES,2808.63,OTHER
2026-04-04 19:54:15,KXNBAGAME-26APR04SASDEN-SAS,YES,3897.28,OTHER
2026-04-04 19:55:15,KXNBAGAME-26APR04WASMIA-WAS,NO,4715.76,OTHER
2026-04-04 19:55:30,KXMLBGAME-26APR041410TORCWS-CWS,YES,2456.80,OTHER
2026-04-04 19:56:31,KXMVESPORTSMULTIGAMEEXTENDED-S20269FD14B41889-F887059A7DD,YES,5753.28,OTHER
2026-04-04 19:59:17,KXSPACEXSTARSHIP-12-26APR30,NO,3210.48,OTHER
2026-04-04 19:59:32,KXMLBGAME-26APR041410TORCWS-TOR,NO,6240.00,OTHER
2026-04-04 20:00:03,KXNBAGAME-26APR04SASDEN-SAS,YES,2249.25,OTHER
2026-04-04 20:00:48,KXMLBGAME-26APR041605HOUATH-ATH,YES,9674.60,OTHER
2026-04-04 20:01:18,KXMLBGAME-26APR041410TORCWS-TOR,NO,2483.76,OTHER
2026-04-04 20:01:18,KXMLBGAME-26APR041410TORCWS-TOR,NO,2169.96,OTHER
2026-04-04 20:01:18,KXMLBGAME-26APR041410TORCWS-TOR,NO,2340.00,OTHER
2026-04-04 20:03:19,KXWTAMATCH-26APR04KEYSTA-KEY,YES,3829.60,OTHER
2026-04-04 20:03:34,KXPGATOUR-MAST26-LABE,NO,2251.50,OTHER
2026-04-04 20:04:20,KXMLBGAME-26APR041605LADWSH-LAD,YES,2300.66,OTHER
2026-04-04 20:04:50,KXNBAGAME-26APR04WASMIA-MIA,YES,4383.72,OTHER
2026-04-04 20:05:35,KXNBAGAME-26APR04WASMIA-MIA,YES,4331.25,OTHER
2026-04-04 20:05:35,KXNBAGAME-26APR04WASMIA-MIA,YES,8636.76,OTHER
2026-04-04 20:06:21,KXNBAGAME-26APR04SASDEN-DEN,NO,6003.00,OTHER
2026-04-04 20:07:06,KXNCAAMBGAME-26APR04ILLCONN-CONN,NO,2750.00,OTHER
2026-04-04 20:07:21,KXMLBRFI-26APR041605HOUATH,YES,5369.76,OTHER
2026-04-04 20:07:21,KXMLBRFI-26APR041605HOUATH,YES,5500.00,OTHER
2026-04-04 20:07:36,KXMLBRFI-26APR041605LADWSH,NO,4800.00,OTHER
2026-04-04 20:07:36,KXNBAGAME-26APR04SASDEN-SAS,YES,2720.00,OTHER
2026-04-04 20:07:36,KXNBAGAME-26APR04WASMIA-MIA,YES,19985.13,OTHER
2026-04-04 20:08:07,KXNBAGAME-26APR04WASMIA-MIA,YES,15840.00,OTHER
2026-04-04 20:08:37,KXMLBGAME-26APR041610MILKC-MIL,YES,3382.00,OTHER
2026-04-04 20:08:37,KXMLBGAME-26APR041610MILKC-MIL,YES,3800.00,OTHER
2026-04-04 20:08:52,KXMLBGAME-26APR041910TBMIN-MIN,YES,4711.35,OTHER
2026-04-04 20:08:52,KXMARMAD-26-ILL,NO,8300.00,OTHER
2026-04-04 20:12:09,KXMLBGAME-26APR041410TORCWS-CWS,YES,3316.68,OTHER
2026-04-04 20:12:09,KXUCLGAME-26APR08BARATM-ATM,NO,2913.30,OTHER
2026-04-04 20:12:39,KXLIGAPORTUGALGAME-26APR04FCPFAM-FAM,NO,2995.74,OTHER
2026-04-04 20:12:39,KXLIGAPORTUGALGAME-26APR04FCPFAM-FAM,NO,2022.45,OTHER
2026-04-04 20:12:39,KXLIGAPORTUGALGAME-26APR04FCPFAM-FAM,NO,3528.00,OTHER
2026-04-04 20:12:54,KXMVECROSSCATEGORY-S2026A8FC8C10280-4069A822128,YES,2904.69,OTHER
2026-04-04 20:13:24,KXNCAAMBGAME-26APR04WVUCREI-WVU,YES,2038.32,OTHER
2026-04-04 20:15:10,KXNCAAMBGAME-26APR04WVUCREI-WVU,YES,2005.36,OTHER
2026-04-04 20:15:25,KXMLBKS-26APR041910TBMIN-MINMABEL20-5,YES,3730.32,OTHER
2026-04-04 20:15:25,KXBTCY-27JAN0100-B52500,NO,2078.69,OTHER
2026-04-04 20:15:55,KXNCAAMBGAME-26APR04ILLCONN-ILL,YES,5120.50,OTHER
2026-04-04 20:15:55,KXNCAAMBGAME-26APR04ILLCONN-ILL,YES,2411.75,OTHER
2026-04-04 20:16:56,KXNCAAMBSPREAD-26APR04ILLCONN-ILL2,YES,2814.56,OTHER
2026-04-04 20:16:56,KXNCAAMBSPREAD-26APR04ILLCONN-ILL2,YES,20580.00,OTHER
2026-04-04 20:17:56,KXWTAMATCH-26APR04UDVARA-ARA,YES,10409.36,OTHER
2026-04-04 20:19:57,KXSERIEAGAME-26APR04LAZPAR-PAR,NO,6447.76,OTHER
2026-04-04 20:20:12,KXLIGUE1GAME-26APR04LILRCL-RCL,NO,2328.48,OTHER
2026-04-04 20:20:27,KXMLSGAME-26APR04MIAATX-MIA,YES,3600.00,OTHER
2026-04-04 20:20:42,KXMLSGAME-26APR04MIAATX-MIA,YES,3600.00,OTHER
2026-04-04 20:20:58,KXMLSGAME-26APR04MIAATX-MIA,YES,3600.00,OTHER
2026-04-04 20:21:13,KXNCAAMBGAME-26APR04ILLCONN-ILL,YES,2713.15,OTHER
2026-04-04 20:22:13,KXUFCMOV-26APR04COSNIC-COSDEC,NO,2795.10,OTHER
2026-04-04 20:22:58,KXLIGUE1GAME-26APR04LILRCL-LIL,YES,4418.10,OTHER
2026-04-04 20:22:58,KXNBAGAME-26APR04SASDEN-SAS,NO,3200.00,OTHER
2026-04-04 20:26:00,KXMLBGAME-26APR041410TORCWS-TOR,NO,2153.76,OTHER
2026-04-04 20:26:30,KXMLBGAME-26APR041610MILKC-KC,NO,2955.60,OTHER
2026-04-04 20:26:45,KXFACUPGAME-26APR04SOUARS-ARS,YES,2164.82,OTHER
2026-04-04 20:29:32,KXNBATOTAL-26APR04WASMIA-241,YES,2400.00,OTHER
2026-04-04 20:29:32,KXNBATOTAL-26APR04WASMIA-241,YES,2850.00,OTHER
2026-04-04 20:30:02,KXMLBGAME-26APR041410TORCWS-CWS,YES,4878.18,OTHER
2026-04-04 20:31:48,KXPGATOP20-VATO26-MWAL,YES,4250.00,OTHER
2026-04-04 20:39:06,KXNCAAMBGAME-26APR04ILLCONN-ILL,YES,4824.05,OTHER
2026-04-04 20:39:51,KXMLBGAME-26APR041605HOUATH-HOU,YES,3886.77,OTHER
2026-04-04 20:40:37,KXNCAAMBGAME-26APR04ILLCONN-CONN,YES,4791.36,OTHER
2026-04-04 20:40:52,KXNCAAMBGAME-26APR04ILLCONN-CONN,NO,2090.00,OTHER
2026-04-04 20:42:07,KXNCAAMBSPREAD-26APR04ILLCONN-ILL2,NO,2080.00,OTHER
2026-04-04 20:43:08,KXNCAAMBGAME-26APR04ILLCONN-CONN,YES,4791.36,OTHER
2026-04-04 20:43:23,KXMLBGAME-26APR041610MILKC-MIL,YES,7285.55,OTHER
2026-04-04 20:47:10,KXNBAGAME-26APR04SASDEN-SAS,NO,2160.00,OTHER
2026-04-04 20:47:10,KXNBAGAME-26APR04SASDEN-DEN,YES,10800.00,OTHER
2026-04-04 20:47:10,KXNBAGAME-26APR04SASDEN-DEN,YES,2473.20,OTHER
2026-04-04 20:48:25,KXUFCFIGHT-26APR04KAMHOP-KAM,YES,2096.57,OTHER
2026-04-04 20:48:25,KXUFCFIGHT-26APR04KAMHOP-KAM,YES,4487.16,OTHER
2026-04-04 20:49:11,KXMLBGAME-26APR041605HOUATH-HOU,YES,2026.40,OTHER
2026-04-04 20:49:26,KXNBAGAME-26APR04SASDEN-SAS,YES,10500.00,OTHER
2026-04-04 20:49:41,KXETHY-27JAN0100-T1000.00,NO,2286.90,OTHER
2026-04-04 20:49:41,KXMLBTOTAL-26APR041905MIANYY-8,NO,5400.54,OTHER
2026-04-04 20:50:11,KXNBAGAME-26APR04SASDEN-SAS,YES,4065.39,OTHER
2026-04-04 20:51:12,KXNCAAMBGAME-26APR04ILLCONN-ILL,YES,2423.30,OTHER
2026-04-04 20:52:42,KXLALIGAGAME-26APR04ATMBAR-TIE,NO,3275.16,OTHER
2026-04-04 20:53:13,KXUCLGAME-26APR07SPOARS-TIE,NO,2812.00,OTHER
2026-04-04 20:53:28,KXFACUPGAME-26APR04SOUARS-SOU,YES,2940.00,OTHER
2026-04-04 20:53:28,KXNBAGAME-26APR04SASDEN-DEN,NO,12640.00,OTHER
2026-04-04 20:54:13,KXATPMATCH-26APR04PAUTIA-PAU,YES,4186.65,OTHER
2026-04-04 20:54:13,KXATPMATCH-26APR04PAUTIA-PAU,YES,4436.25,OTHER
2026-04-04 20:54:28,KXLALIGAGAME-26APR04ATMBAR-TIE,NO,2444.35,OTHER
2026-04-04 20:55:14,KXMLBGAME-26APR041410TORCWS-TOR,NO,2531.52,OTHER
2026-04-04 20:55:14,KXMLBGAME-26APR041410TORCWS-TOR,NO,7068.48,OTHER
2026-04-04 20:57:14,KXNBAGAME-26APR04SASDEN-DEN,NO,4220.80,OTHER
2026-04-04 20:57:30,KXLALIGAGAME-26APR04ATMBAR-BAR,YES,2362.56,OTHER
2026-04-04 20:58:30,KXNCAAMBGAME-26APR04ILLCONN-CONN,NO,8795.05,OTHER
2026-04-04 20:58:30,GTA6-26MAY31,NO,2162.16,OTHER
2026-04-04 20:58:45,KXLAYOFFSYINFO-26-494000,YES,3270.38,OTHER
2026-04-04 20:59:15,KXMLBGAME-26APR041610MILKC-KC,NO,3567.20,OTHER
2026-04-04 21:00:01,KXMLBGAME-26APR041605HOUATH-HOU,YES,3440.00,OTHER
2026-04-04 21:00:31,KXNCAAMBGAME-26APR04WVUCREI-WVU,YES,5324.90,OTHER
2026-04-04 21:00:31,KXNCAAMBGAME-26APR04WVUCREI-WVU,YES,3663.10,OTHER
2026-04-04 21:00:46,KXNCAAMBGAME-26APR04MICHARIZ-ARIZ,NO,2344.98,OTHER
2026-04-04 21:00:46,KXNCAAMBGAME-26APR04MICHARIZ-ARIZ,NO,5068.38,OTHER
2026-04-04 21:01:01,KXNBAGAME-26APR04SASDEN-DEN,YES,2240.48,OTHER
2026-04-04 21:02:17,KXWTAMATCH-26APR04KEYSTA-STA,YES,2195.45,OTHER
2026-04-04 21:02:47,KXNBAGAME-26APR04SASDEN-SAS,YES,2407.92,OTHER
2026-04-04 21:03:17,KXNBASPREAD-26APR04SASDEN-DEN13,YES,2280.00,OTHER
2026-04-04 21:03:17,KXNBASPREAD-26APR04SASDEN-DEN13,YES,2473.12,OTHER
2026-04-04 21:03:17,KXNBASPREAD-26APR04SASDEN-DEN13,YES,3389.79,OTHER
2026-04-04 21:03:32,KXNHLGAME-26APR04COLDAL-COL,YES,3872.18,OTHER
2026-04-04 21:03:48,KXMLBGAME-26APR041605LADWSH-LAD,YES,4593.26,OTHER
2026-04-04 21:04:48,KXMLBGAME-26APR041610SDBOS-SD,YES,2603.40,OTHER
2026-04-04 21:04:48,KXMLBGAME-26APR041610SDBOS-SD,YES,2230.20,OTHER
2026-04-04 21:04:48,KXNBASPREAD-26APR04SASDEN-SAS8,NO,3668.00,OTHER
2026-04-04 21:05:03,KXNBAGAME-26APR04SASDEN-SAS,YES,2411.96,OTHER
2026-04-04 21:05:33,KXMLBGAME-26APR041610MILKC-KC,NO,3006.64,OTHER
2026-04-04 21:06:19,KXNHLGAME-26APR04BUFWSH-BUF,YES,10400.00,OTHER
2026-04-04 21:07:35,KXNCAAMBGAME-26APR04ILLCONN-ILL,YES,9648.65,OTHER
2026-04-04 21:08:35,KXMLSGAME-26APR04MIAATX-MIA,YES,2008.08,OTHER
2026-04-04 21:09:36,KXMLBGAME-26APR041605BALPIT-BAL,YES,2521.92,OTHER
2026-04-04 21:09:36,KXMLBGAME-26APR041605BALPIT-PIT,NO,2590.00,OTHER
2026-04-04 21:10:06,KXNCAAMBFIRST10-26APR04ILLCONN-ILL,YES,4756.96,OTHER
2026-04-04 21:10:06,KXNCAAMBFIRST10-26APR04ILLCONN-ILL,YES,6201.52,OTHER
2026-04-04 21:10:51,KXNCAAMBGAME-26APR04WVUCREI-WVU,YES,2279.90,OTHER
2026-04-04 21:12:07,KXNBAGAME-26APR04SASDEN-SAS,YES,6720.00,OTHER
2026-04-04 21:12:52,KXNBAGAME-26APR04SASDEN-SAS,NO,2493.56,OTHER
2026-04-04 21:13:22,KXNBAGAME-26APR04SASDEN-SAS,YES,6526.80,OTHER
2026-04-04 21:13:53,KXWTAMATCH-26APR04UDVARA-ARA,NO,2542.20,OTHER
2026-04-04 21:14:23,KXNBATOTAL-26APR04SASDEN-240,YES,2428.84,OTHER
2026-04-04 21:15:38,KXATPMATCH-26APR04PAUTIA-PAU,YES,4426.02,OTHER
2026-04-04 21:15:38,KXNBAGAME-26APR04SASDEN-SAS,YES,2982.00,OTHER
2026-04-04 21:16:39,KXNBAGAME-26APR04SASDEN-SAS,YES,4947.85,OTHER
2026-04-04 21:17:09,KXNBAGAME-26APR04SASDEN-DEN,NO,5777.59,OTHER
2026-04-04 21:17:54,KXMVESPORTSMULTIGAMEEXTENDED-S2026F1C7F0542ED-CD848AF3234,NO,2273.60,OTHER
2026-04-04 21:17:54,KXNBAGAME-26APR04SASDEN-SAS,YES,11744.10,OTHER
2026-04-04 21:18:40,KXALPRIMARY-04R26-TBAR,NO,2350.00,OTHER
2026-04-04 21:18:55,KXNBAGAME-26APR04SASDEN-SAS,YES,4344.22,OTHER
2026-04-04 21:22:12,KXNBAGAME-26APR04SASDEN-SAS,YES,8493.00,OTHER
2026-04-04 21:22:27,KXNCAAMBGAME-26APR04ILLCONN-CONN,NO,13750.00,OTHER
2026-04-04 21:22:42,KXNBAGAME-26APR04SASDEN-SAS,YES,4929.60,OTHER
2026-04-04 21:23:12,KXATPMATCH-26APR04PAUTIA-TIA,NO,7779.85,OTHER
2026-04-04 21:24:12,KXNHLGAME-26APR04BOSTB-BOS,NO,4278.09,OTHER
2026-04-04 21:24:43,KXMVESPORTSMULTIGAMEEXTENDED-S20266DB02792C83-5720DF30DA7,YES,2305.47,OTHER
2026-04-04 21:27:14,KXLIGAPORTUGALGAME-26APR04FCPFAM-FCP,YES,2993.42,OTHER
2026-04-04 21:27:14,KXNCAAMBGAME-26APR04ILLCONN-CONN,YES,2347.84,OTHER
2026-04-04 21:27:44,KXMLBGAME-26APR041605HOUATH-ATH,NO,2450.00,OTHER
2026-04-04 21:27:59,KXNBAGAME-26APR04SASDEN-SAS,YES,2250.00,OTHER
2026-04-04 21:28:14,KXMLBGAME-26APR041605HOUATH-HOU,YES,2970.00,OTHER
2026-04-04 21:30:00,KXNBAGAME-26APR04SASDEN-DEN,NO,2316.33,OTHER
2026-04-04 21:30:15,KXMLBGAME-26APR041605LADWSH-LAD,YES,9900.00,OTHER
2026-04-04 21:30:15,KXNBAGAME-26APR04SASDEN-DEN,NO,2593.02,OTHER
2026-04-04 21:30:15,KXNBAGAME-26APR04SASDEN-SAS,YES,2935.95,OTHER
2026-04-04 21:31:16,KXNBAGAME-26APR04SASDEN-DEN,NO,10225.92,OTHER
2026-04-04 21:31:46,KXNBAGAME-26APR04SASDEN-SAS,YES,4244.85,OTHER
2026-04-04 21:33:47,KXNBAGAME-26APR04SASDEN-DEN,NO,5497.05,OTHER
2026-04-04 21:35:18,KXNBAGAME-26APR04SASDEN-SAS,YES,5952.69,OTHER
2026-04-04 21:35:33,KXMVECROSSCATEGORY-S202648360A97836-83055910B08,YES,2439.59,OTHER
2026-04-04 21:36:48,KXNCAAMBSPREAD-26APR04ILLCONN-ILL2,NO,2163.20,OTHER
2026-04-04 21:37:04,KXNCAAMBGAME-26APR04ILLCONN-CONN,YES,3620.20,OTHER
2026-04-04 21:38:04,KXMVESPORTSMULTIGAMEEXTENDED-S2026ADA4FDDD4A2-520D1DC4D14,NO,2755.78,OTHER
2026-04-04 21:38:34,KXNBAGAME-26APR04SASDEN-SAS,NO,2970.00,OTHER
2026-04-04 21:39:04,KXCITRINI-28JUL01,NO,2561.28,OTHER
2026-04-04 21:39:04,KXCITRINI-28JUL01,NO,3480.00,OTHER
2026-04-04 21:39:35,KXMLBGAME-26APR041605BALPIT-PIT,NO,2440.00,OTHER
2026-04-04 21:40:20,KXNBAGAME-26APR04SASDEN-SAS,YES,4835.37,OTHER
2026-04-04 21:40:20,KXNBAGAME-26APR04SASDEN-SAS,YES,3075.84,OTHER
2026-04-04 21:40:20,KXATPMATCH-26APR04PAUTIA-TIA,YES,2629.98,OTHER
2026-04-04 21:40:35,KXNBAGAME-26APR04SASDEN-SAS,YES,2367.40,OTHER
2026-04-04 21:41:05,KXCITRINI-28JUL01,NO,2224.42,OTHER
2026-04-04 21:41:05,KXCITRINI-28JUL01,NO,3480.00,OTHER
2026-04-04 21:42:06,KXNCAAMBGAME-26APR04ILLCONN-CONN,YES,4791.36,OTHER
2026-04-04 21:42:06,KXNBAGAME-26APR04SASDEN-DEN,NO,2242.81,OTHER
2026-04-04 21:44:07,KXNCAAMBGAME-26APR04ILLCONN-CONN,YES,26353.86,OTHER
2026-04-04 21:44:37,KXNBAGAME-26APR04SASDEN-SAS,YES,4249.48,OTHER
2026-04-04 21:44:52,KXNBAGAME-26APR04SASDEN-DEN,NO,4836.00,OTHER
2026-04-04 21:44:52,KXNBAGAME-26APR04SASDEN-DEN,NO,2750.94,OTHER
2026-04-04 21:44:52,KXNBAGAME-26APR04SASDEN-DEN,NO,4690.30,OTHER
2026-04-04 21:44:52,KXNBAGAME-26APR04SASDEN-DEN,NO,3720.00,OTHER
2026-04-04 21:45:37,KXNBAGAME-26APR04SASDEN-SAS,YES,2440.10,OTHER
2026-04-04 21:45:37,KXNBAGAME-26APR04SASDEN-DEN,NO,2406.95,OTHER
2026-04-04 21:45:53,KXCITRINI-28JUL01,YES,2128.00,OTHER
2026-04-04 21:46:23,KXNBAGAME-26APR04SASDEN-SAS,YES,2750.00,OTHER
2026-04-04 21:46:38,KXNBAGAME-26APR04SASDEN-DEN,YES,13800.00,OTHER
2026-04-04 21:46:38,KXNBAGAME-26APR04SASDEN-DEN,YES,7150.11,OTHER
2026-04-04 21:48:24,KXNBAGAME-26APR04DETPHI-DET,YES,2247.85,OTHER
2026-04-04 21:48:24,KXNBAGAME-26APR04DETPHI-DET,YES,2625.44,OTHER
2026-04-04 21:48:54,KXNCAAMBGAME-26APR04ILLCONN-CONN,YES,4791.36,OTHER
2026-04-04 21:48:54,KXNBAGAME-26APR04SASDEN-DEN,YES,3446.32,OTHER
2026-04-04 21:49:39,KXNBAGAME-26APR04SASDEN-SAS,YES,4555.35,OTHER
2026-04-04 21:51:10,KXPGATOUR-VATO26-RMAC,NO,3232.50,OTHER
2026-04-04 21:52:41,KXNCAAMBGAME-26APR04MICHARIZ-ARIZ,YES,4716.50,OTHER
2026-04-04 21:53:26,KXNBAGAME-26APR04SASDEN-SAS,NO,3907.34,OTHER
2026-04-04 21:54:42,KXLAYOFFSYINFO-26-494000,YES,2006.24,OTHER
2026-04-04 21:55:57,KXNCAAMBGAME-26APR04ILLCONN-CONN,YES,2875.00,OTHER
2026-04-04 21:56:43,KXNBAGAME-26APR04SASDEN-DEN,YES,3999.60,OTHER
2026-04-04 21:57:43,KXNBAGAME-26APR04SASDEN-DEN,YES,2256.80,OTHER
2026-04-04 21:58:59,KXNCAAMBGAME-26APR04ILLCONN-ILL,YES,3377.00,OTHER
2026-04-04 21:59:14,KXATPMATCH-26APR04PAUTIA-PAU,YES,2100.00,OTHER
2026-04-04 21:59:29,KXNBAGAME-26APR04SASDEN-SAS,NO,3130.38,OTHER
2026-04-04 22:02:30,KXWTAMATCH-26APR04UDVARA-UDV,YES,2250.00,OTHER
2026-04-04 22:02:30,KXMLBGAME-26APR041610SDBOS-BOS,YES,3200.00,OTHER
2026-04-04 22:04:01,KXMVESPORTSMULTIGAMEEXTENDED-S2026F11A30FAE46-AD9F21BBEDE,YES,4784.67,OTHER
2026-04-04 22:04:01,KXMVECROSSCATEGORY-S20266343BB4F204-1A73D43212F,YES,2773.10,OTHER
2026-04-04 22:04:31,KXNCAAMBGAME-26APR04ILLCONN-ILL,YES,3285.15,OTHER
2026-04-04 22:04:31,KXMVESPORTSMULTIGAMEEXTENDED-S20264C503673BE9-DB4CBCD1A5F,YES,3804.75,OTHER
2026-04-04 22:05:17,KXNCAAMBSPREAD-26APR04ILLCONN-ILL2,NO,2408.85,OTHER
2026-04-04 22:05:17,KXMLBGAME-26APR041610SDBOS-SD,YES,2840.00,OTHER
2026-04-04 22:05:32,KXNCAAMBGAME-26APR04ILLCONN-ILL,YES,2520.10,OTHER
2026-04-04 22:05:47,KXNCAAMBGAME-26APR04ILLCONN-ILL,YES,3181.20,OTHER
2026-04-04 22:05:47,KXNCAAMBGAME-26APR04ILLCONN-CONN,YES,9848.14,OTHER
2026-04-04 22:05:47,KXNCAAMBGAME-26APR04ILLCONN-CONN,YES,8512.30,OTHER
2026-04-04 22:07:03,KXNCAAMBGAME-26APR04ILLCONN-CONN,YES,2875.00,OTHER
2026-04-04 22:07:03,KXNBAGAME-26APR04DETPHI-DET,YES,2434.74,OTHER
2026-04-04 22:07:33,KXNCAAMB2ML-26APR04ILLCONNMICHARIZ-ILLMICH,YES,3583.33,OTHER
2026-04-04 22:12:50,KXNCAAMBGAME-26APR04MICHARIZ-ARIZ,YES,3846.00,OTHER
2026-04-04 22:13:51,KXNCAAMBGAME-26APR04ILLCONN-CONN,YES,2095.24,OTHER
2026-04-04 22:15:22,KXNCAAMBGAME-26APR04ILLCONN-ILL,YES,9591.76,OTHER
2026-04-04 22:15:22,KXMARMAD-26-MICH,YES,7330.75,OTHER
2026-04-04 22:15:37,KXNCAAMBGAME-26APR04ILLCONN-CONN,YES,20769.48,OTHER
2026-04-04 22:15:37,KXNCAAMBGAME-26APR04ILLCONN-CONN,YES,4610.52,OTHER
2026-04-04 22:15:37,KXNCAAMB2ML-26APR04ILLCONNMICHARIZ-CONNARIZ,YES,10545.84,OTHER
2026-04-04 22:16:22,KXNCAAMBSPREAD-26APR04ILLCONN-CONN1,YES,2379.50,OTHER
2026-04-04 22:17:22,KXNCAAMBSPREAD-26APR04ILLCONN-CONN1,YES,4611.39,OTHER
2026-04-04 22:17:22,KXNCAAMBSPREAD-26APR04ILLCONN-ILL2,NO,5638.20,OTHER
2026-04-04 22:18:08,KXNCAAMBGAME-26APR04ILLCONN-ILL,YES,2412.00,OTHER
2026-04-04 22:21:39,KXNCAAMBGAME-26APR04ILLCONN-ILL,YES,3360.00,OTHER
2026-04-04 22:23:55,KXNCAAMBGAME-26APR04ILLCONN-CONN,YES,2006.40,OTHER
2026-04-04 22:23:55,KXNCAAMBGAME-26APR04ILLCONN-CONN,YES,4163.20,OTHER
2026-04-04 22:23:55,KXNCAAMBGAME-26APR04ILLCONN-CONN,YES,4163.20,OTHER
2026-04-04 22:23:55,KXNCAAMBGAME-26APR04ILLCONN-CONN,YES,4163.20,OTHER
2026-04-04 22:24:56,KXNCAAMBGAME-26APR04ILLCONN-CONN,YES,13338.88,OTHER
2026-04-04 22:24:56,KXNCAAMBGAME-26APR04ILLCONN-CONN,YES,5642.24,OTHER
2026-04-04 22:25:56,KXNCAAMBGAME-26APR04ILLCONN-ILL,NO,3527.04,OTHER
2026-04-04 22:25:56,KXNCAAMBSPREAD-26APR04ILLCONN-CONN4,YES,13839.84,OTHER
2026-04-04 22:25:56,KXNCAAMBSPREAD-26APR04ILLCONN-CONN4,YES,3608.16,OTHER
2026-04-04 22:26:42,KXNCAAMBGAME-26APR04ILLCONN-CONN,YES,32000.00,OTHER
2026-04-04 22:27:12,KXNCAAMBGAME-26APR04ILLCONN-CONN,YES,4565.12,OTHER
2026-04-04 22:28:27,KXMARMAD-26-ILL,NO,2296.80,OTHER
2026-04-04 22:28:43,KXMARMAD-26-ARIZ,YES,2360.96,OTHER
2026-04-04 22:30:59,KXNCAAMBGAME-26APR04ILLCONN-ILL,YES,2561.94,OTHER
2026-04-04 22:32:14,KXNCAAMBSPREAD-26APR04MICHARIZ-MICH1,YES,2350.00,OTHER
2026-04-04 22:35:00,KXNCAAMBGAME-26APR04ILLCONN-ILL,NO,6651.44,OTHER
2026-04-04 22:35:00,KXNCAAMBGAME-26APR04ILLCONN-ILL,NO,3060.66,OTHER
2026-04-04 22:35:00,KXNCAAMBGAME-26APR04ILLCONN-ILL,NO,2792.70,OTHER
2026-04-04 22:37:16,KXUFCFIGHT-26APR04MOIDUN-MOI,NO,2240.00,OTHER
2026-04-04 22:37:16,KXNCAAMBGAME-26APR04ILLCONN-ILL,YES,2022.15,OTHER
2026-04-04 22:37:31,KXBTCY-27JAN0100-B57500,NO,2414.35,OTHER
2026-04-04 22:37:31,KXNCAAMBGAME-26APR04ILLCONN-CONN,NO,5607.45,OTHER
2026-04-04 22:37:31,KXNCAAMBGAME-26APR04ILLCONN-CONN,NO,7099.20,OTHER
2026-04-04 22:42:04,KXNCAAMBGAME-26APR04ILLCONN-CONN,YES,4726.04,OTHER
2026-04-04 22:42:49,KXNCAAMBSPREAD-26APR04ILLCONN-ILL2,YES,2400.00,OTHER
2026-04-04 22:42:49,KXNCAAMBGAME-26APR04ILLCONN-CONN,YES,2353.56,OTHER
2026-04-04 22:43:19,KXATPCHALLENGERMATCH-26APR04MEJSCH-SCH,NO,2015.00,OTHER
2026-04-04 22:45:05,KXNCAAMBGAME-26APR04ILLCONN-ILL,YES,5079.84,OTHER
2026-04-04 22:45:05,KXNCAAMBGAME-26APR04ILLCONN-ILL,YES,4180.38,OTHER
2026-04-04 22:46:06,KXNCAAMBTOTAL-26APR04ILLCONN-136,NO,3247.40,OTHER
2026-04-04 22:47:36,KXMLBGAME-26APR041605BALPIT-BAL,YES,4448.00,OTHER
2026-04-04 22:48:22,KXNCAAMBGAME-26APR04ILLCONN-ILL,NO,3510.09,OTHER
2026-04-04 22:48:52,KXMLBGAME-26APR041610SDBOS-SD,YES,2881.20,OTHER
2026-04-04 22:49:22,KXNCAAMBGAME-26APR04ILLCONN-CONN,YES,3733.00,OTHER
2026-04-04 22:49:52,KXNHLGAME-26APR04MTLNJ-MTL,YES,3745.04,OTHER
2026-04-04 22:50:38,KXMARMAD-26-CONN,YES,2552.72,OTHER
2026-04-04 22:51:23,KXNCAAMBGAME-26APR04ILLCONN-CONN,NO,3648.12,OTHER
2026-04-04 22:52:08,KXBTC15M-26APR041900-00,NO,3400.00,OUR
2026-04-04 22:54:39,KXNBAMVP-26-VWEM,NO,2176.32,OTHER
2026-04-04 22:54:39,KXNBAGAME-26APR05TORBOS-BOS,YES,5159.44,OTHER
2026-04-04 22:54:55,KXMLBSPREAD-26APR041905MIANYY-NYY2,YES,6971.76,OTHER
2026-04-04 22:54:55,KXMLBGAME-26APR041605BALPIT-BAL,NO,2760.00,OTHER
2026-04-04 22:54:55,KXMLBGAME-26APR041605BALPIT-PIT,YES,2760.00,OTHER
2026-04-04 22:55:25,KXNCAAMBGAME-26APR04ILLCONN-CONN,YES,2760.00,OTHER
2026-04-04 22:55:25,KXNCAAMBGAME-26APR04ILLCONN-CONN,YES,3450.00,OTHER
2026-04-04 22:55:25,KXNCAAMBGAME-26APR04ILLCONN-CONN,YES,2720.00,OTHER
2026-04-04 22:55:25,KXNCAAMBGAME-26APR04ILLCONN-CONN,YES,2390.88,OTHER
2026-04-04 22:55:40,KXNCAAMBGAME-26APR04ILLCONN-ILL,YES,7224.77,OTHER
2026-04-04 22:55:40,KXNCAAMBGAME-26APR04ILLCONN-ILL,YES,4766.40,OTHER
2026-04-04 22:56:40,KXNCAAMBGAME-26APR04ILLCONN-ILL,YES,2496.60,OTHER
2026-04-04 22:57:26,KXNCAAMBGAME-26APR04ILLCONN-CONN,YES,2912.49,OTHER
2026-04-04 22:57:56,KXMLBGAME-26APR041610SDBOS-SD,YES,2004.24,OTHER
2026-04-04 22:59:11,KXMLBGAME-26APR041605BALPIT-BAL,NO,4721.40,OTHER
2026-04-04 22:59:27,KXMLBGAME-26APR041610SDBOS-SD,YES,2610.00,OTHER
2026-04-04 22:59:27,KXMLBGAME-26APR041610SDBOS-SD,YES,2610.00,OTHER
2026-04-04 23:00:12,KXNCAAMBGAME-26APR04ILLCONN-ILL,YES,6199.69,OTHER
2026-04-04 23:00:27,KXMLBGAME-26APR041610SDBOS-SD,YES,2553.92,OTHER
2026-04-04 23:00:27,KXMLBGAME-26APR041610SDBOS-SD,YES,2010.20,OTHER
2026-04-04 23:00:27,KXMLBGAME-26APR041610SDBOS-SD,YES,3680.00,OTHER
2026-04-04 23:02:13,KXMLBGAME-26APR041610SDBOS-BOS,NO,7687.25,OTHER
2026-04-04 23:02:43,KXBTC15M-26APR041915-15,NO,3250.00,OUR
2026-04-04 23:02:58,KXMLBGAME-26APR041610SDBOS-SD,YES,2400.75,OTHER
2026-04-04 23:02:58,KXMLBGAME-26APR041610SDBOS-SD,YES,2970.00,OTHER
2026-04-04 23:02:58,KXNCAAMBGAME-26APR04ILLCONN-ILL,NO,8053.50,OTHER
2026-04-04 23:02:58,KXMLBGAME-26APR041610SDBOS-BOS,NO,2970.00,OTHER
2026-04-04 23:02:58,KXMLBGAME-26APR041610SDBOS-BOS,NO,3778.83,OTHER
2026-04-04 23:04:14,KXNCAAMBGAME-26APR04ILLCONN-CONN,YES,2725.80,OTHER
2026-04-04 23:05:15,KXVIRGINIAREDISTRICTING-26,YES,3029.94,OTHER
2026-04-04 23:06:45,KXNCAAMBGAME-26APR04ILLCONN-CONN,YES,2515.80,OTHER
2026-04-04 23:07:00,KXMLBGAME-26APR041605BALPIT-BAL,YES,2619.97,OTHER
2026-04-04 23:07:15,KXNBAGAME-26APR04DETPHI-DET,YES,5127.40,OTHER
2026-04-04 23:07:15,KXNBAGAME-26APR04DETPHI-DET,YES,10372.60,OTHER
2026-04-04 23:07:46,KXNCAAMBGAME-26APR04MICHARIZ-ARIZ,YES,2840.50,OTHER
2026-04-04 23:08:16,KXNCAAMBGAME-26APR04ILLCONN-ILL,NO,4118.10,OTHER
2026-04-04 23:09:01,KXMVECROSSCATEGORY-S202649B8328988D-159765D1534,YES,6016.11,OTHER
2026-04-04 23:10:17,KXNCAAMBGAME-26APR04ILLCONN-CONN,NO,15077.16,OTHER
2026-04-04 23:10:17,KXNCAAMBTOTAL-26APR04ILLCONN-139,NO,2080.00,OTHER
2026-04-04 23:10:32,KXNCAAMBGAME-26APR04ILLCONN-CONN,YES,2240.70,OTHER
2026-04-04 23:12:03,KXMVESPORTSMULTIGAMEEXTENDED-S2026FB1998474C5-8F0625F01EB,YES,3841.76,OTHER
2026-04-04 23:14:19,KXNCAAMBGAME-26APR04ILLCONN-ILL,YES,6200.00,OTHER
2026-04-04 23:14:19,KXNHLGAME-26APR04MTLNJ-MTL,YES,5300.00,OTHER
2026-04-04 23:15:04,KXNCAAMBSPREAD-26APR04ILLCONN-CONN4,NO,2600.00,OTHER
2026-04-04 23:15:04,KXNCAAMBGAME-26APR04ILLCONN-ILL,NO,3084.20,OTHER
2026-04-04 23:16:20,KXNBAGAME-26APR04DETPHI-DET,YES,3204.60,OTHER
2026-04-04 23:18:51,KXNCAAMBGAME-26APR04ILLCONN-CONN,YES,3500.00,OTHER
2026-04-04 23:19:06,KXMVECROSSCATEGORY-S20263C24A253256-5FC65BD23FA,YES,3911.36,OTHER
2026-04-04 23:21:07,KXNBAGAME-26APR04DETPHI-DET,YES,3893.76,OTHER
2026-04-04 23:21:37,KXMLBGAME-26APR041905CINTEX-CIN,YES,2520.00,OTHER
2026-04-04 23:21:37,KXMLBGAME-26APR041905CINTEX-CIN,YES,2520.00,OTHER
2026-04-04 23:21:37,KXMLBGAME-26APR041905CINTEX-CIN,YES,2520.00,OTHER
2026-04-04 23:23:08,KXMLBGAME-26APR041905MIANYY-MIA,NO,2325.54,OTHER
2026-04-04 23:24:23,KXNCAAMBGAME-26APR04ILLCONN-CONN,YES,3320.67,OTHER
2026-04-04 23:24:38,KXNCAAMBGAME-26APR04ILLCONN-CONN,YES,2916.20,OTHER
2026-04-04 23:24:54,KXNCAAMBGAME-26APR04ILLCONN-CONN,YES,2917.39,OTHER
2026-04-04 23:24:54,KXMVECROSSCATEGORY-S2026E7E27C50711-F7488D7DD28,NO,2282.27,OTHER
2026-04-04 23:24:54,KXNCAAMBGAME-26APR04ILLCONN-CONN,YES,2290.46,OTHER
2026-04-04 23:26:09,KXNCAAMBGAME-26APR04ILLCONN-ILL,NO,2291.04,OTHER
2026-04-04 23:26:24,KXNCAAMBGAME-26APR04ILLCONN-CONN,YES,2173.94,OTHER
2026-04-04 23:26:54,KXMLBGAME-26APR041905MIANYY-MIA,YES,4168.92,OTHER
2026-04-04 23:26:54,KXMLBGAME-26APR041905MIANYY-MIA,YES,2264.29,OTHER
2026-04-04 23:28:55,KXNCAAMBGAME-26APR04ILLCONN-ILL,NO,2344.50,OTHER
2026-04-04 23:32:42,KXTOPALBUM-26APR11-ARIR,YES,6571.75,OTHER
2026-04-04 23:33:12,KXMVESPORTSMULTIGAMEEXTENDED-S202693A4DFA7C4A-5190AA02304,NO,3727.08,OTHER
2026-04-04 23:33:28,KXNCAAMBSPREAD-26APR04ILLCONN-ILL2,NO,5403.30,OTHER
2026-04-04 23:34:13,KXMLBGAME-26APR041905MIANYY-MIA,YES,2421.09,OTHER
2026-04-04 23:34:28,KXNCAAMBTOTAL-26APR04ILLCONN-148,NO,2214.08,OTHER
2026-04-04 23:34:28,KXNCAAMBGAME-26APR04ILLCONN-CONN,YES,4884.95,OTHER
2026-04-04 23:34:28,KXNCAAMBGAME-26APR04ILLCONN-CONN,YES,4884.95,OTHER
2026-04-04 23:34:28,KXNCAAMBGAME-26APR04ILLCONN-CONN,YES,2550.00,OTHER
2026-04-04 23:35:13,KXNCAAMBGAME-26APR04ILLCONN-ILL,NO,2653.70,OTHER
2026-04-04 23:35:44,KXNCAAMBGAME-26APR04ILLCONN-CONN,YES,4882.06,OTHER
2026-04-04 23:36:14,KXMARMAD-26-MICH,YES,2550.00,OTHER
2026-04-04 23:38:00,KXNCAAMBGAME-26APR04ILLCONN-ILL,NO,2476.00,OTHER
2026-04-04 23:38:00,KXMLBGAME-26APR041915ATLAZ-ATL,NO,2222.16,OTHER
2026-04-04 23:38:15,KXMARMAD-26-CONN,YES,2000.13,OTHER
2026-04-04 23:38:15,KXNCAAMBGAME-26APR04ILLCONN-CONN,YES,2430.00,OTHER
2026-04-04 23:39:00,KXNCAAMBGAME-26APR04ILLCONN-CONN,NO,2269.50,OTHER
2026-04-04 23:39:30,KXNCAAMBGAME-26APR04ILLCONN-CONN,YES,4539.94,OTHER
2026-04-04 23:40:31,KXPGATOUR-VATO26-LABE,NO,3796.73,OTHER
2026-04-04 23:41:16,KXUFCFIGHT-26APR04PATPET-PAT,YES,2029.90,OTHER
2026-04-04 23:45:03,KXMLBGAME-26APR041905MIANYY-MIA,YES,2428.11,OTHER
2026-04-04 23:47:49,KXMVESPORTSMULTIGAMEEXTENDED-S2026D9174C22D13-941607FA709,YES,3219.32,OTHER
2026-04-04 23:47:49,KXNCAAMBGAME-26APR04ILLCONN-ILL,NO,5009.91,OTHER
2026-04-04 23:48:35,KXNCAAMBGAME-26APR04ILLCONN-CONN,YES,4539.89,OTHER
2026-04-04 23:49:35,KXNCAAMBGAME-26APR04ILLCONN-CONN,YES,4889.66,OTHER
2026-04-04 23:50:05,KXNCAAMBGAME-26APR04ILLCONN-ILL,NO,2487.98,OTHER
2026-04-04 23:50:05,KXNCAAMBGAME-26APR04ILLCONN-ILL,NO,6472.36,OTHER
2026-04-04 23:50:05,KXNCAAMBGAME-26APR04ILLCONN-ILL,NO,6472.36,OTHER
2026-04-04 23:50:20,KXNCAAMBGAME-26APR04ILLCONN-CONN,YES,6242.88,OTHER
2026-04-04 23:51:36,KXNCAAMBGAME-26APR04ILLCONN-ILL,NO,2490.00,OTHER
2026-04-04 23:51:36,KXNCAAMBGAME-26APR04ILLCONN-CONN,YES,2928.24,OTHER
2026-04-04 23:51:36,KXNCAAMBGAME-26APR04ILLCONN-CONN,YES,12450.00,OTHER
2026-04-04 23:53:22,KXNBAGAME-26APR04DETPHI-DET,YES,2562.12,OTHER
2026-04-04 23:53:37,KXNCAAMBGAME-26APR04ILLCONN-CONN,YES,2663.64,OTHER
2026-04-04 23:54:07,KXMVESPORTSMULTIGAMEEXTENDED-S2026D32A0703CCB-A84A911FE14,YES,3343.54,OTHER
2026-04-04 23:54:52,KXNCAAMBSPREAD-26APR04ILLCONN-CONN4,NO,3009.24,OTHER
2026-04-04 23:55:08,KXNBAGAME-26APR04DETPHI-DET,YES,2520.00,OTHER
2026-04-04 23:55:23,KXMVESPORTSMULTIGAMEEXTENDED-S20269409F3CA433-F3C1DFD6B77,YES,2089.50,OTHER
2026-04-04 23:57:24,KXNCAAMBSPREAD-26APR04MICHARIZ-MICH1,YES,2754.67,OTHER
2026-04-04 23:58:39,KXNCAAMBGAME-26APR04ILLCONN-CONN,YES,4368.00,OTHER
2026-04-04 23:58:39,KXNHLSPREAD-26APR04WPGCBJ-CBJ1,YES,2166.75,OTHER
2026-04-04 23:58:54,KXNCAAMBTOTAL-26APR04ILLCONN-130,YES,2333.76,OTHER
2026-04-04 23:58:54,KXNCAAMBTOTAL-26APR04ILLCONN-130,YES,2310.00,OTHER
2026-04-05 00:01:26,KXNBAGAME-26APR04DETPHI-PHI,YES,2040.00,OTHER
2026-04-05 00:06:13,KXNCAAMBGAME-26APR04ILLCONN-ILL,NO,3355.59,OTHER
2026-04-05 00:06:13,KXNCAAMBGAME-26APR04ILLCONN-ILL,NO,2857.36,OTHER
2026-04-05 00:06:43,KXNCAAMBGAME-26APR04ILLCONN-CONN,YES,2442.96,OTHER
2026-04-05 00:06:43,KXNBAGAME-26APR04DETPHI-DET,YES,2577.90,OTHER
2026-04-05 00:06:43,KXBTCY-27JAN0100-B77500,NO,2642.08,OTHER
2026-04-05 00:07:29,KXNCAAMBGAME-26APR04ILLCONN-ILL,NO,2482.98,OTHER
2026-04-05 00:07:29,KXNCAAMBGAME-26APR04ILLCONN-ILL,NO,2306.37,OTHER
2026-04-05 00:07:44,KXNCAAMBGAME-26APR04ILLCONN-ILL,NO,2213.20,OTHER
2026-04-05 00:07:44,KXNBAGAME-26APR04DETPHI-PHI,NO,2335.36,OTHER
2026-04-05 00:07:59,KXNCAAMBGAME-26APR04ILLCONN-ILL,NO,3056.24,OTHER
2026-04-05 00:08:29,KXNCAAMBGAME-26APR04ILLCONN-ILL,NO,5598.45,OTHER
2026-04-05 00:08:29,KXNCAAMBGAME-26APR04ILLCONN-ILL,NO,43500.00,OTHER
2026-04-05 00:08:29,KXNCAAMBGAME-26APR04ILLCONN-ILL,NO,2175.00,OTHER
2026-04-05 00:08:29,KXNCAAMBGAME-26APR04ILLCONN-ILL,NO,5598.45,OTHER
2026-04-05 00:08:29,KXNCAAMBGAME-26APR04ILLCONN-ILL,NO,5220.00,OTHER
2026-04-05 00:08:29,KXNCAAMBGAME-26APR04ILLCONN-ILL,NO,3060.66,OTHER
2026-04-05 00:08:29,KXNCAAMBGAME-26APR04ILLCONN-ILL,NO,5598.45,OTHER
2026-04-05 00:08:29,KXNCAAMBGAME-26APR04ILLCONN-ILL,NO,2346.39,OTHER
2026-04-05 00:08:44,KXNCAAMBGAME-26APR04MICHARIZ-MICH,YES,2406.18,OTHER
2026-04-05 00:09:00,KXNCAAMBTOTAL-26APR04MICHARIZ-157,YES,2092.79,OTHER
2026-04-05 00:13:31,KXNCAAMBGAME-26APR04ILLCONN-CONN,YES,3442.64,OTHER
2026-04-05 00:13:31,KXNCAAMBGAME-26APR04ILLCONN-CONN,YES,5731.60,OTHER
2026-04-05 00:13:31,KXNCAAMBGAME-26APR04ILLCONN-CONN,YES,4138.16,OTHER
2026-04-05 00:15:48,KXNCAAMBGAME-26APR04ILLCONN-CONN,YES,3362.48,OTHER
2026-04-05 00:15:48,KXNCAAMBSPREAD-26APR04MICHARIZ-MICH1,YES,2834.57,OTHER
2026-04-05 00:16:03,KXUFCFIGHT-26APR04DELRUC-DEL,YES,19547.92,OTHER
2026-04-05 00:16:48,KXNCAAMBGAME-26APR04MICHARIZ-ARIZ,YES,3570.00,OTHER
2026-04-05 00:17:03,KXNBAGAME-26APR04DETPHI-PHI,YES,3382.02,OTHER
2026-04-05 00:17:03,KXNCAAMBGAME-26APR04ILLCONN-ILL,NO,4821.25,OTHER
2026-04-05 00:17:03,KXMLBGAME-26APR041910TBMIN-TB,YES,2511.52,OTHER
2026-04-05 00:17:18,KXNCAAMBGAME-26APR04ILLCONN-ILL,NO,7429.95,OTHER
2026-04-05 00:17:33,KXNCAAMBGAME-26APR04ILLCONN-ILL,NO,13257.25,OTHER
2026-04-05 00:18:34,KXNCAAMBGAME-26APR04ILLCONN-CONN,YES,8968.00,OTHER
2026-04-05 00:18:49,KXNCAAMBGAME-26APR04ILLCONN-CONN,YES,2590.65,OTHER
2026-04-05 00:19:04,KXNCAAMBGAME-26APR04ILLCONN-ILL,NO,2087.04,OTHER
2026-04-05 00:19:04,KXNCAAMBGAME-26APR04ILLCONN-ILL,NO,2106.24,OTHER
2026-04-05 00:19:50,KXNCAAMBGAME-26APR04ILLCONN-ILL,NO,7636.81,OTHER
2026-04-05 00:19:50,KXNCAAMBGAME-26APR04ILLCONN-ILL,NO,4784.04,OTHER
2026-04-05 00:19:50,KXNCAAMBGAME-26APR04ILLCONN-ILL,NO,4676.37,OTHER
2026-04-05 00:20:20,KXNCAAMBGAME-26APR04ILLCONN-ILL,NO,4950.00,OTHER
2026-04-05 00:20:20,KXNCAAMBGAME-26APR04ILLCONN-ILL,NO,2409.66,OTHER
2026-04-05 00:20:20,KXNCAAMBGAME-26APR04ILLCONN-ILL,NO,4882.68,OTHER
2026-04-05 00:20:20,KXNCAAMBGAME-26APR04ILLCONN-ILL,NO,4950.00,OTHER
2026-04-05 00:20:20,KXNCAAMBGAME-26APR04ILLCONN-ILL,NO,4882.68,OTHER
2026-04-05 00:20:20,KXNCAAMBGAME-26APR04MICHARIZ-ARIZ,YES,3206.88,OTHER
2026-04-05 00:20:20,KXNCAAMBGAME-26APR04ILLCONN-CONN,YES,3662.01,OTHER
2026-04-05 00:22:51,KXNCAAMBGAME-26APR04MICHARIZ-MICH,YES,17307.50,OTHER
2026-04-05 00:23:06,KXNCAAMBSPREAD-26APR04MICHARIZ-ARIZ2,NO,6414.80,OTHER
2026-04-05 00:23:06,KXNCAAMBSPREAD-26APR04MICHARIZ-ARIZ2,NO,8085.20,OTHER
2026-04-05 00:23:21,KXNCAAMBGAME-26APR04MICHARIZ-ARIZ,YES,2416.89,OTHER
2026-04-05 00:23:51,KXNCAAMBGAME-26APR04MICHARIZ-MICH,YES,5657.00,OTHER
2026-04-05 00:24:37,KXNCAAMBGAME-26APR04MICHARIZ-MICH,YES,4734.00,OTHER
2026-04-05 00:25:22,KXMARMAD-26-CONN,NO,2391.28,OTHER
2026-04-05 00:25:22,KXNCAAMBSPREAD-26APR04MICHARIZ-MICH1,YES,10613.28,OTHER
2026-04-05 00:25:52,KXNCAAMBGAME-26APR04MICHARIZ-MICH,YES,2602.50,OTHER
2026-04-05 00:25:52,KXNCAAMBGAME-26APR04MICHARIZ-MICH,YES,9404.00,OTHER
2026-04-05 00:25:52,KXNCAAMBGAME-26APR04MICHARIZ-MICH,YES,5003.00,OTHER
2026-04-05 00:26:23,KXMLBGAME-26APR041905MIANYY-NYY,YES,2640.06,OTHER
2026-04-05 00:26:23,KXNCAAMBGAME-26APR04MICHARIZ-ARIZ,YES,21573.00,OTHER
2026-04-05 00:27:23,KXNCAAMBSPREAD-26APR04MICHARIZ-MICH1,NO,2377.05,OTHER
2026-04-05 00:27:38,KXMVECROSSCATEGORY-S20264A4D4EBB6B6-444371AA207,YES,4832.06,OTHER
2026-04-05 00:29:09,KXNBAGAME-26APR04DETPHI-DET,YES,6189.36,OTHER
2026-04-05 00:29:24,KXNCAAMBGAME-26APR04MICHARIZ-MICH,YES,3864.50,OTHER
2026-04-05 00:30:55,KXNCAAMBTOTAL-26APR04MICHARIZ-157,NO,9629.36,OTHER
2026-04-05 00:30:55,KXNCAAMBGAME-26APR04MICHARIZ-MICH,YES,3000.00,OTHER
2026-04-05 00:31:40,KXNCAAMBGAME-26APR04MICHARIZ-MICH,YES,4403.50,OTHER
2026-04-05 00:31:40,KXNCAAMBSPREAD-26APR04MICHARIZ-MICH1,YES,2997.19,OTHER
2026-04-05 00:32:25,KXNCAAMBGAME-26APR04MICHARIZ-MICH,YES,2884.50,OTHER
2026-04-05 00:32:56,KXMLBGAME-26APR041905MIANYY-NYY,NO,2407.44,OTHER
2026-04-05 00:33:26,KXATPCHALLENGERMATCH-26APR04MEJSCH-SCH,NO,2097.36,OTHER
2026-04-05 00:33:26,KXATPCHALLENGERMATCH-26APR04MEJSCH-SCH,NO,2542.94,OTHER
2026-04-05 00:33:56,KXNCAAMBTOTAL-26APR04MICHARIZ-157,YES,4583.00,OTHER
2026-04-05 00:33:56,KXNCAAMBTOTAL-26APR04MICHARIZ-157,YES,10077.83,OTHER
2026-04-05 00:33:56,KXNCAAMBTOTAL-26APR04MICHARIZ-157,YES,5000.00,OTHER
2026-04-05 00:33:56,KXNCAAMBTOTAL-26APR04MICHARIZ-157,YES,3302.50,OTHER
2026-04-05 00:34:26,KXNBAGAME-26APR04DETPHI-DET,YES,3115.50,OTHER
2026-04-05 00:34:41,KXNCAAMBGAME-26APR04MICHARIZ-MICH,YES,4830.50,OTHER
2026-04-05 00:34:57,KXUFCMOV-26APR04YAKRIB-YAKKOTKODQ,YES,2184.81,OTHER
2026-04-05 00:36:42,KXNBAGAME-26APR04DETPHI-PHI,NO,2601.10,OTHER
2026-04-05 00:36:42,KXNCAAMBGAME-26APR04MICHARIZ-MICH,YES,2002.50,OTHER
2026-04-05 00:36:57,KXNCAAMBGAME-26APR04MICHARIZ-ARIZ,YES,19245.36,OTHER
2026-04-05 00:37:58,KXNCAAMBGAME-26APR04MICHARIZ-ARIZ,YES,14433.51,OTHER
2026-04-05 00:38:43,KXNBAGAME-26APR04DETPHI-DET,YES,5875.75,OTHER
2026-04-05 00:38:43,KXNCAAMBGAME-26APR04MICHARIZ-ARIZ,YES,19029.12,OTHER
2026-04-05 00:38:43,KXNCAAMBGAME-26APR04MICHARIZ-ARIZ,YES,4430.88,OTHER
2026-04-05 00:39:59,KXNCAAMBGAME-26APR04MICHARIZ-ARIZ,YES,2296.02,OTHER
2026-04-05 00:40:29,KXNCAAMBSPREAD-26APR04MICHARIZ-MICH7,NO,3800.76,OTHER
2026-04-05 00:40:59,KXMLBGAME-26APR041905MIANYY-NYY,NO,2621.64,OTHER
2026-04-05 00:41:30,KXNCAAMBGAME-26APR04MICHARIZ-ARIZ,YES,2800.92,OTHER
2026-04-05 00:42:30,KXNCAAMBGAME-26APR04MICHARIZ-ARIZ,YES,7301.67,OTHER
2026-04-05 00:44:01,KXMLBGAME-26APR031945MILKC-KC,YES,6492.81,OTHER
2026-04-05 00:44:01,KXNCAAMBSPREAD-26APR04MICHARIZ-MICH1,NO,2700.00,OTHER
2026-04-05 00:44:16,KXNCAAMBGAME-26APR04MICHARIZ-ARIZ,YES,2160.36,OTHER
2026-04-05 00:44:46,KXNBASPREAD-26APR04DETPHI-DET16,NO,2640.47,OTHER
2026-04-05 00:45:32,KXBTCD-26APR0421-T66999.99,YES,4930.20,OTHER
2026-04-05 00:46:47,KXMLBGAME-26APR041905CINTEX-CIN,YES,3412.00,OTHER
2026-04-05 00:47:48,KXNBAGAME-26APR04DETPHI-DET,YES,2875.00,OTHER
2026-04-05 00:48:03,KXNCAAMBTOTAL-26APR04MICHARIZ-157,YES,5100.00,OTHER
2026-04-05 00:48:03,KXNCAAMBTOTAL-26APR04MICHARIZ-157,YES,5100.00,OTHER
2026-04-05 00:48:18,KXMARMAD-26-CONN,NO,2454.20,OTHER
2026-04-05 00:48:48,KXMLBTOTAL-26APR042138SEALAA-11,NO,2845.48,OTHER
2026-04-05 00:50:19,KXNCAAMBGAME-26APR04MICHARIZ-ARIZ,YES,2405.16,OTHER
2026-04-05 00:51:19,KXMLBGAME-26APR041915ATLAZ-AZ,YES,2272.00,OTHER
2026-04-05 00:53:51,KXNCAAMBGAME-26APR04MICHARIZ-ARIZ,YES,5981.28,OTHER
2026-04-05 00:54:21,KXNBAGAME-26APR04DETPHI-DET,YES,2674.25,OTHER
2026-04-05 00:54:21,KXNBAGAME-26APR04DETPHI-DET,YES,5144.25,OTHER
2026-04-05 00:55:21,KXMARMAD-26-CONN,NO,2130.00,OTHER
2026-04-05 00:56:52,KXNCAAMBGAME-26APR04MICHARIZ-ARIZ,YES,2900.37,OTHER
2026-04-05 00:56:52,KXNCAAMBGAME-26APR04MICHARIZ-ARIZ,YES,5089.29,OTHER
2026-04-05 01:01:39,KXNCAAMBGAME-26APR04MICHARIZ-ARIZ,YES,8178.87,OTHER
2026-04-05 01:01:55,KXNBAGAME-26APR04DETPHI-DET,YES,2755.17,OTHER
2026-04-05 01:01:55,KXNBAGAME-26APR04DETPHI-DET,YES,2970.00,OTHER
2026-04-05 01:03:25,KXNCAAMBGAME-26APR04MICHARIZ-ARIZ,YES,4810.83,OTHER
2026-04-05 01:04:11,KXNCAAMBGAME-26APR04MICHARIZ-MICH,YES,3071.00,OTHER
2026-04-05 01:04:26,KXNCAAMBSPREAD-26APR04MICHARIZ-MICH1,YES,9481.31,OTHER
2026-04-05 01:05:41,KXNCAAMBGAME-26APR04MICHARIZ-MICH,YES,2884.50,OTHER
2026-04-05 01:06:12,KXMLBGAME-26APR041905MIANYY-MIA,YES,2452.07,OTHER
2026-04-05 01:06:12,KXNCAAMBTOTAL-26APR04MICHARIZ-157,YES,2886.60,OTHER
2026-04-05 01:06:27,KXNCAAMBSPREAD-26APR04MICHARIZ-MICH1,NO,2700.00,OTHER
2026-04-05 01:08:13,KXNCAAMBGAME-26APR04MICHARIZ-MICH,YES,2000.00,OTHER
2026-04-05 01:08:43,KXNCAAMBGAME-26APR04MICHARIZ-ARIZ,YES,4300.32,OTHER
2026-04-05 01:08:43,KXNCAAMBGAME-26APR04MICHARIZ-ARIZ,YES,9070.86,OTHER
2026-04-05 01:09:58,KXNCAAMBGAME-26APR04MICHARIZ-MICH,YES,2884.50,OTHER
2026-04-05 01:10:14,KXNCAAMBSPREAD-26APR04MICHARIZ-MICH1,YES,9646.28,OTHER
2026-04-05 01:10:44,KXNCAAMBGAME-26APR04MICHARIZ-ARIZ,YES,3367.02,OTHER
2026-04-05 01:10:59,KXNCAAMBGAME-26APR04MICHARIZ-MICH,YES,2600.00,OTHER
2026-04-05 01:12:30,KXNCAAMBGAME-26APR04MICHARIZ-MICH,YES,13340.00,OTHER
2026-04-05 01:13:15,KXMVECROSSCATEGORY-S20264A4D4EBB6B6-F8CFBB49A75,YES,7658.52,OTHER
2026-04-05 01:14:30,KXMLBGAME-26APR042010PHICOL-PHI,YES,2520.00,OTHER
2026-04-05 01:15:01,KXNCAAMBGAME-26APR04MICHARIZ-ARIZ,YES,2368.44,OTHER
2026-04-05 01:15:01,KXNCAAMBGAME-26APR04MICHARIZ-MICH,NO,15154.65,OTHER
2026-04-05 01:15:16,KXMLBGAME-26APR041915ATLAZ-ATL,NO,3440.00,OTHER
2026-04-05 01:15:31,KXNHLTOTAL-26APR04BUFWSH-7,YES,15545.40,OTHER
2026-04-05 01:16:16,KXMLBGAME-26APR041915ATLAZ-ATL,NO,3960.00,OTHER
2026-04-05 01:17:17,KXNCAAMBSPREAD-26APR04MICHARIZ-ARIZ2,NO,4569.12,OTHER
2026-04-05 01:17:47,KXMLBSPREAD-26APR041915ATLAZ-AZ2,NO,3942.12,OTHER
2026-04-05 01:17:47,KXMLBSPREAD-26APR041915ATLAZ-AZ2,NO,7333.05,OTHER
2026-04-05 01:18:32,KXNCAAMBGAME-26APR04MICHARIZ-ARIZ,YES,5372.34,OTHER
2026-04-05 01:21:49,KXNCAAMBGAME-26APR04MICHARIZ-ARIZ,YES,5800.74,OTHER
2026-04-05 01:22:34,KXMLBGAME-26APR041910TBMIN-TB,YES,2970.00,OTHER
2026-04-05 01:22:34,KXMLBGAME-26APR041910TBMIN-TB,YES,4950.00,OTHER
2026-04-05 01:22:50,KXNCAAMBGAME-26APR04MICHARIZ-ARIZ,NO,3225.75,OTHER
2026-04-05 01:22:50,KXNCAAMBGAME-26APR04MICHARIZ-MICH,YES,3366.51,OTHER
2026-04-05 01:23:50,KXNCAAMBGAME-26APR04MICHARIZ-MICH,NO,2012.01,OTHER
2026-04-05 01:24:05,KXNCAAMBGAME-26APR04MICHARIZ-MICH,YES,2714.67,OTHER
2026-04-05 01:24:05,KXLAYOFFSYINFO-26-494000,YES,2583.01,OTHER
2026-04-05 01:24:05,KXNCAAMBGAME-26APR04MICHARIZ-ARIZ,NO,2020.41,OTHER
2026-04-05 01:24:50,KXNCAAMBGAME-26APR04MICHARIZ-MICH,YES,3883.99,OTHER
2026-04-05 01:27:37,KXNCAAMBGAME-26APR04MICHARIZ-MICH,YES,2520.00,OTHER
2026-04-05 01:27:52,KXNCAAMBGAME-26APR04MICHARIZ-ARIZ,YES,4250.61,OTHER
2026-04-05 01:28:07,KXNCAAMBGAME-26APR04MICHARIZ-MICH,NO,3072.30,OTHER
2026-04-05 01:28:22,KXNCAAMBSPREAD-26APR04MICHARIZ-MICH4,YES,2400.00,OTHER
2026-04-05 01:30:08,KXNCAAMBTOTAL-26APR04MICHARIZ-157,YES,3778.20,OTHER
2026-04-05 01:30:38,KXNCAAMBGAME-26APR04MICHARIZ-ARIZ,YES,2902.39,OTHER
2026-04-05 01:30:53,KXUFCFIGHT-26APR04EWIEST-EWI,YES,2792.63,OTHER
2026-04-05 01:31:39,KXLAYOFFSYINFO-26-494000,YES,2359.32,OTHER
2026-04-05 01:31:54,KXNCAAMBSPREAD-26APR04MICHARIZ-MICH16,NO,2130.72,OTHER
2026-04-05 01:33:40,KXMARMAD-26-ARIZ,NO,6499.74,OTHER
2026-04-05 01:35:10,KXNCAAMBGAME-26APR04MICHARIZ-MICH,YES,8021.96,OTHER
2026-04-05 01:35:55,KXNCAAMBGAME-26APR04MICHARIZ-MICH,YES,2934.20,OTHER
2026-04-05 01:36:11,KXNHLGAME-26APR04CGYANA-ANA,YES,2280.00,OTHER
2026-04-05 01:36:41,KXNCAAMBGAME-26APR04MICHARIZ-MICH,YES,3319.76,OTHER
2026-04-05 01:37:11,KXMARMAD-26-CONN,NO,3600.00,OTHER
2026-04-05 01:38:42,KXBTCD-26APR0422-T66799.99,YES,2259.18,OTHER
2026-04-05 01:38:57,KXMLBGAME-26APR041905MIANYY-MIA,NO,2370.00,OTHER
2026-04-05 01:40:43,KXUFCFIGHT-26APR04YAKRIB-RIB,NO,2553.41,OTHER
2026-04-05 01:41:13,KXNCAAMBSPREAD-26APR04MICHARIZ-MICH7,NO,5400.00,OTHER
2026-04-05 01:43:44,KXNCAAMBGAME-26APR04MICHARIZ-ARIZ,YES,3352.72,OTHER
2026-04-05 01:43:44,KXNCAAMBGAME-26APR04MICHARIZ-ARIZ,YES,3317.44,OTHER
2026-04-05 01:44:45,KXNCAAMBTOTAL-26APR04MICHARIZ-172,NO,2464.00,OTHER
2026-04-05 01:45:00,KXNCAAMBGAME-26APR04MICHARIZ-MICH,YES,4873.33,OTHER
2026-04-05 01:45:45,KXNCAAMBGAME-26APR04MICHARIZ-MICH,YES,2802.12,OTHER
2026-04-05 01:45:45,KXNCAAMBGAME-26APR04MICHARIZ-MICH,YES,4560.00,OTHER
2026-04-05 01:48:16,KXNCAAMBTOTAL-26APR04MICHARIZ-172,NO,2225.00,OTHER
2026-04-05 01:48:16,KXNCAAMBTOTAL-26APR04MICHARIZ-172,NO,2670.00,OTHER
2026-04-05 01:50:33,KXNCAAMBGAME-26APR04MICHARIZ-ARIZ,YES,24000.00,OTHER
2026-04-05 01:52:49,KXMLBGAME-26APR042138SEALAA-SEA,NO,7015.12,OTHER
2026-04-05 01:53:49,KXNCAAMBGAME-26APR04MICHARIZ-ARIZ,NO,4644.42,OTHER
2026-04-05 01:55:05,KXNHLGAME-26APR04CHISEA-CHI,YES,8000.00,OTHER
2026-04-05 01:55:05,KXNHLGAME-26APR04CHISEA-CHI,YES,8000.00,OTHER
2026-04-05 01:55:05,KXNHLGAME-26APR04CHISEA-CHI,YES,8000.00,OTHER
2026-04-05 01:55:05,KXNHLGAME-26APR04CHISEA-CHI,YES,4000.00,OTHER
2026-04-05 01:55:05,KXNHLGAME-26APR04CHISEA-CHI,YES,4000.00,OTHER
2026-04-05 01:55:05,KXNHLGAME-26APR04CHISEA-CHI,YES,4000.00,OTHER
2026-04-05 01:55:05,KXNHLGAME-26APR04CHISEA-CHI,YES,2666.40,OTHER
2026-04-05 01:55:05,KXNHLGAME-26APR04CHISEA-CHI,YES,4000.00,OTHER
2026-04-05 01:55:05,KXNHLGAME-26APR04CHISEA-CHI,YES,3000.00,OTHER
2026-04-05 01:55:05,KXNHLGAME-26APR04CHISEA-CHI,YES,4000.00,OTHER
2026-04-05 01:55:05,KXNHLGAME-26APR04CHISEA-CHI,YES,8000.00,OTHER
2026-04-05 01:55:05,KXNHLGAME-26APR04CHISEA-CHI,YES,4000.00,OTHER
2026-04-05 01:55:05,KXNHLGAME-26APR04CHISEA-CHI,YES,8000.00,OTHER
2026-04-05 01:55:05,KXNHLGAME-26APR04CHISEA-CHI,YES,8000.00,OTHER
2026-04-05 01:55:05,KXNHLGAME-26APR04CHISEA-CHI,YES,8000.00,OTHER
2026-04-05 01:55:05,KXNHLGAME-26APR04CHISEA-CHI,YES,2168.40,OTHER
2026-04-05 01:55:05,KXNHLGAME-26APR04CHISEA-CHI,YES,2000.00,OTHER
2026-04-05 01:55:05,KXNHLGAME-26APR04CHISEA-CHI,YES,4000.00,OTHER
2026-04-05 01:55:05,KXNHLGAME-26APR04CHISEA-CHI,YES,4000.00,OTHER
2026-04-05 01:55:05,KXNHLGAME-26APR04CHISEA-CHI,YES,4000.00,OTHER
2026-04-05 01:55:05,KXNHLGAME-26APR04CHISEA-CHI,YES,4000.00,OTHER
2026-04-05 01:55:05,KXNHLGAME-26APR04CHISEA-CHI,YES,12000.00,OTHER
2026-04-05 01:55:20,KXMLBGAME-26APR042105NYMSF-NYM,YES,4927.23,OTHER
2026-04-05 01:55:50,KXNCAAMBGAME-26APR04MICHARIZ-ARIZ,YES,3655.44,OTHER
2026-04-05 01:55:50,KXNCAAMBGAME-26APR04MICHARIZ-MICH,NO,3684.24,OTHER
2026-04-05 01:59:22,KXNCAAMBGAME-26APR04MICHARIZ-ARIZ,NO,4219.20,OTHER
2026-04-05 01:59:52,KXNCAAMBGAME-26APR04MICHARIZ-ARIZ,YES,2063.12,OTHER
2026-04-05 02:01:38,KXATPCHALLENGERMATCH-26APR04DUCPAC-PAC,YES,3565.10,OTHER
2026-04-05 02:02:23,KXNCAAMBGAME-26APR04MICHARIZ-MICH,YES,4786.48,OTHER
2026-04-05 02:02:23,KXNCAAMBGAME-26APR04MICHARIZ-MICH,YES,4772.41,OTHER
2026-04-05 02:02:53,KXMLBGAME-26APR042138SEALAA-LAA,NO,2200.00,OTHER
2026-04-05 02:02:53,KXMLBGAME-26APR042138SEALAA-LAA,NO,2888.16,OTHER
2026-04-05 02:03:08,KXNHLGAME-26APR04TORLA-LA,YES,3967.92,OTHER
2026-04-05 02:03:08,KXNHLGAME-26APR04TORLA-LA,YES,3299.67,OTHER
2026-04-05 02:03:39,KXMLBGAME-26APR041905MIANYY-NYY,YES,5932.08,OTHER
2026-04-05 02:03:39,KXMLBGAME-26APR041905MIANYY-MIA,NO,3831.52,OTHER
2026-04-05 02:04:39,KXNCAAMBGAME-26APR04MICHARIZ-MICH,YES,2629.22,OTHER
2026-04-05 02:04:39,KXNCAAMBGAME-26APR04MICHARIZ-MICH,YES,2190.40,OTHER
2026-04-05 02:05:40,KXNCAAMBGAME-26APR04MICHARIZ-MICH,YES,10683.55,OTHER
2026-04-05 02:05:40,KXNCAAMBGAME-26APR04MICHARIZ-MICH,YES,2920.00,OTHER
2026-04-05 02:05:40,KXNCAAMBGAME-26APR04MICHARIZ-ARIZ,NO,2033.78,OTHER
2026-04-05 02:06:25,KXNCAAMBGAME-26APR04MICHARIZ-ARIZ,NO,3939.79,OTHER
2026-04-05 02:06:25,KXBTC15M-26APR042215-15,NO,2103.92,OUR
2026-04-05 02:06:40,KXNCAAMBGAME-26APR04MICHARIZ-ARIZ,NO,7350.63,OTHER
2026-04-05 02:06:40,KXNCAAMBGAME-26APR04MICHARIZ-MICH,YES,7359.86,OTHER
2026-04-05 02:08:41,KXNCAAMBSPREAD-26APR04MICHARIZ-MICH7,NO,4700.00,OTHER
2026-04-05 02:09:11,KXNCAAMBGAME-26APR04MICHARIZ-ARIZ,NO,29855.20,OTHER
2026-04-05 02:09:11,KXNCAAMBGAME-26APR04MICHARIZ-ARIZ,NO,4232.80,OTHER
2026-04-05 02:09:11,KXNCAAMBGAME-26APR04MICHARIZ-ARIZ,NO,4800.00,OTHER
2026-04-05 02:10:27,KXMVESPORTSMULTIGAMEEXTENDED-S2026D14B800AABF-DBD35FBEB6F,YES,2048.91,OTHER
2026-04-05 02:12:43,KXMARMAD-26-CONN,NO,2187.50,OTHER
2026-04-05 02:14:14,KXNCAAMBGAME-26APR04MICHARIZ-ARIZ,NO,2705.12,OTHER
2026-04-05 02:14:44,KXMLBGAME-26APR042138SEALAA-LAA,YES,2080.00,OTHER
2026-04-05 02:14:44,KXMARMAD-26-CONN,NO,4855.20,OTHER
2026-04-05 02:14:44,KXMARMAD-26-CONN,NO,2922.50,OTHER
2026-04-05 02:16:00,KXNCAAMBGAME-26APR04MICHARIZ-MICH,YES,2689.58,OTHER
2026-04-05 02:16:15,KXMLBGAME-26APR042138SEALAA-SEA,YES,4070.82,OTHER
2026-04-05 02:16:15,KXNCAAMBGAME-26APR04MICHARIZ-MICH,YES,4954.65,OTHER
2026-04-05 02:16:45,KXNCAAMBGAME-26APR04MICHARIZ-ARIZ,NO,6086.22,OTHER
2026-04-05 02:17:15,KXNCAAMBGAME-26APR04MICHARIZ-ARIZ,NO,3260.26,OTHER
2026-04-05 02:17:45,KXNCAAMBGAME-26APR04MICHARIZ-ARIZ,NO,9122.08,OTHER
2026-04-05 02:18:01,KXNCAAMBTOTAL-26APR04MICHARIZ-166,NO,2201.00,OTHER
2026-04-05 02:18:16,KXNCAAMBGAME-26APR04MICHARIZ-ARIZ,YES,2187.50,OTHER
2026-04-05 02:18:31,KXMLBGAME-26APR041905MIANYY-MIA,NO,2750.00,OTHER
2026-04-05 02:18:46,KXNCAAMBGAME-26APR04MICHARIZ-ARIZ,NO,3807.12,OTHER
2026-04-05 02:18:46,KXUFCFIGHT-26APR04JANRIC-JAN,YES,2190.87,OTHER
2026-04-05 02:19:01,KXNCAAMBGAME-26APR04MICHARIZ-MICH,YES,2610.00,OTHER
2026-04-05 02:19:16,KXMARMAD-26-ARIZ,NO,4700.00,OTHER
2026-04-05 02:19:16,KXMARMAD-26-ARIZ,NO,75312.80,OTHER
2026-04-05 02:19:16,KXMARMAD-26-ARIZ,NO,5640.00,OTHER
2026-04-05 02:19:16,KXMARMAD-26-ARIZ,NO,13106.42,OTHER
2026-04-05 02:19:31,KXMLBGAME-26APR042105NYMSF-NYM,YES,3064.52,OTHER
2026-04-05 02:19:31,KXMLBGAME-26APR042105NYMSF-NYM,YES,2081.96,OTHER
2026-04-05 02:20:47,KXMARMAD-26-MICH,YES,2353.28,OTHER
2026-04-05 02:20:47,KXNCAAMBGAME-26APR04MICHARIZ-ARIZ,NO,10569.63,OTHER
2026-04-05 02:21:32,KXMARMAD-26-MICH,YES,4480.00,OTHER
2026-04-05 02:21:47,KXMLBGAME-26APR042105NYMSF-NYM,YES,2629.36,OTHER
2026-04-05 02:22:02,KXNCAAMBGAME-26APR04MICHARIZ-ARIZ,NO,2175.00,OTHER
2026-04-05 02:22:17,KXNCAAMBGAME-26APR04MICHARIZ-MICH,YES,12707.22,OTHER
2026-04-05 02:24:18,KXMVECROSSCATEGORY-S20263F6660AA73F-191C46E871C,YES,2831.81,OTHER
2026-04-05 02:24:49,KXMLSGAME-26APR04LAGMIN-LAG,YES,5100.00,OTHER
2026-04-05 02:24:49,KXMLSGAME-26APR04LAGMIN-LAG,YES,11826.90,OTHER
2026-04-05 02:26:19,KXBTCY-27JAN0100-T149999.99,NO,2345.00,OTHER
2026-04-05 02:26:34,KXNCAAMBGAME-26APR04MICHARIZ-MICH,YES,2889.27,OTHER
2026-04-05 02:27:50,KXMLBSPREAD-26APR042010PHICOL-PHI2,NO,2184.00,OTHER
2026-04-05 02:27:50,KXNCAAMBSPREAD-26APR04MICHARIZ-MICH10,NO,5200.00,OTHER
2026-04-05 02:29:51,KXNCAAMBSPREAD-26APR04MICHARIZ-MICH10,NO,2407.08,OTHER
2026-04-05 02:29:51,KXMARMAD-26-MICH,YES,2856.32,OTHER
2026-04-05 02:29:51,KXMARMAD-26-MICH,YES,2379.52,OTHER
2026-04-05 02:30:06,KXNCAAMBGAME-26APR04MICHARIZ-MICH,YES,3666.18,OTHER
2026-04-05 02:31:07,KXMLBGAME-26APR042105NYMSF-NYM,YES,3851.10,OTHER
2026-04-05 02:32:37,KXLAYOFFSYINFO-26-494000,YES,2101.48,OTHER
2026-04-05 02:33:08,KXNCAAMBSPREAD-26APR04MICHARIZ-MICH10,NO,2888.60,OTHER
2026-04-05 02:33:53,KXNCAAMBGAME-26APR04MICHARIZ-MICH,YES,3909.78,OTHER
2026-04-05 02:34:38,KXUFCFIGHT-26APR04MOIDUN-DUN,YES,2163.72,OTHER
2026-04-05 02:34:53,KXMLBGAME-26APR042105NYMSF-NYM,YES,6286.50,OTHER
2026-04-05 02:34:53,KXMLBGAME-26APR042105NYMSF-NYM,YES,2475.00,OTHER
2026-04-05 02:35:24,KXNCAAMBGAME-26APR04MICHARIZ-MICH,YES,43500.00,OTHER
2026-04-05 02:35:54,KXNCAAMBGAME-26APR04MICHARIZ-MICH,YES,2737.02,OTHER
2026-04-05 02:36:09,KXLAYOFFSYINFO-26-494000,YES,3017.40,OTHER
2026-04-05 02:36:24,KXMLBGAME-26APR042010PHICOL-COL,NO,2190.00,OTHER
2026-04-05 02:36:24,KXMLBGAME-26APR042010PHICOL-COL,NO,2920.00,OTHER
2026-04-05 02:39:10,KXNCAAMBSPREAD-26APR04MICHARIZ-MICH10,YES,4827.48,OTHER
2026-04-05 02:39:25,KXNCAAMBGAME-26APR04MICHARIZ-ARIZ,NO,12967.35,OTHER
2026-04-05 02:40:26,KXMLBGAME-26APR041905MIANYY-NYY,YES,3494.68,OTHER
2026-04-05 02:40:26,KXNCAAMBGAME-26APR04MICHARIZ-MICH,YES,4809.36,OTHER
2026-04-05 02:40:56,KXNCAAMBGAME-26APR04MICHARIZ-MICH,YES,19832.56,OTHER
2026-04-05 02:41:26,KXNCAAMBTOTAL-26APR04MICHARIZ-142,YES,2366.80,OTHER
2026-04-05 02:45:43,KXNCAAMBGAME-26APR04MICHARIZ-MICH,YES,4792.32,OTHER
2026-04-05 02:45:43,KXNCAAMBGAME-26APR04MICHARIZ-MICH,YES,28099.20,OTHER
2026-04-05 02:45:43,KXNCAAMBGAME-26APR04MICHARIZ-MICH,YES,7994.88,OTHER
2026-04-05 02:45:43,KXNCAAMBGAME-26APR04MICHARIZ-MICH,YES,7748.16,OTHER
2026-04-05 02:45:43,KXNCAAMBGAME-26APR04MICHARIZ-MICH,YES,7994.88,OTHER
2026-04-05 02:45:43,KXNCAAMBGAME-26APR04MICHARIZ-MICH,YES,7994.88,OTHER
2026-04-05 02:45:58,KXNCAAMBGAME-26APR04MICHARIZ-MICH,YES,2987.60,OTHER
2026-04-05 02:46:14,KXMARMAD-26-MICH,NO,3367.53,OTHER
2026-04-05 02:46:14,KXNCAAMBGAME-26APR04MICHARIZ-ARIZ,NO,6818.88,OTHER
2026-04-05 02:46:59,KXNCAAMBGAME-26APR04MICHARIZ-ARIZ,NO,13872.52,OTHER
2026-04-05 02:48:45,KXNCAAMBSPREAD-26APR04MICHARIZ-MICH13,NO,2100.92,OTHER
2026-04-05 02:49:15,KXNCAAMBSPREAD-26APR04MICHARIZ-MICH13,YES,2874.34,OTHER
2026-04-05 02:49:30,KXMARMAD-26-ARIZ,NO,48500.00,OTHER
2026-04-05 02:50:00,KXNCAAMBGAME-26APR04MICHARIZ-MICH,YES,4895.52,OTHER
2026-04-05 02:50:46,KXNBAGAME-26APR05TORBOS-BOS,YES,4236.12,OTHER
2026-04-05 02:53:02,KXNCAAMBGAME-26APR04MICHARIZ-MICH,YES,2205.72,OTHER
2026-04-05 02:53:02,KXNCAAMBGAME-26APR04MICHARIZ-MICH,YES,4026.33,OTHER
2026-04-05 02:53:17,KXNCAAMBSPREAD-26APR04MICHARIZ-MICH16,YES,2480.00,OTHER
2026-04-05 02:53:47,KXNCAAMBGAME-26APR04MICHARIZ-MICH,YES,4522.32,OTHER
2026-04-05 02:54:17,KXNCAAMBGAME-26APR04MICHARIZ-MICH,YES,5170.77,OTHER
2026-04-05 02:54:17,KXNCAAMBGAME-26APR04MICHARIZ-MICH,YES,3566.97,OTHER
2026-04-05 02:54:47,KXNCAAMBGAME-26APR04MICHARIZ-MICH,YES,7466.58,OTHER
2026-04-05 02:55:03,KXMARMAD-26-CONN,NO,8549.76,OTHER
2026-04-05 02:56:03,KXMLBGAME-26APR041905MIANYY-NYY,YES,3170.93,OTHER
2026-04-05 02:56:03,KXMLBGAME-26APR041905MIANYY-NYY,YES,3619.07,OTHER
2026-04-05 02:56:03,KXMLBGAME-26APR041905MIANYY-NYY,YES,2910.00,OTHER
2026-04-05 02:56:33,KXNCAAMBTOTAL-26APR04MICHARIZ-172,NO,2033.50,OTHER
2026-04-05 02:56:33,KXNCAAMBSPREAD-26APR04MICHARIZ-MICH7,YES,3385.80,OTHER
2026-04-05 02:57:03,KXMARMAD-26-MICH,YES,10950.00,OTHER
2026-04-05 02:57:49,KXNCAAMBTOTAL-26APR04MICHARIZ-169,NO,7765.68,OTHER
2026-04-05 02:58:19,KXNCAAMBTOTAL-26APR04MICHARIZ-157,YES,2687.43,OTHER
2026-04-05 02:58:49,KXMARMAD-26-MICH,YES,5353.09,OTHER
2026-04-05 02:59:04,KXMARMAD-26-MICH,YES,9814.12,OTHER
2026-04-05 02:59:20,KXMARMAD-26-MICH,YES,2246.40,OTHER
2026-04-05 02:59:20,KXMARMAD-26-MICH,YES,3164.40,OTHER
2026-04-05 02:59:20,KXLAYOFFSYINFO-26-494000,YES,2417.67,OTHER
2026-04-05 02:59:50,KXLAYOFFSYINFO-26-494000,YES,2456.10,OTHER
2026-04-05 03:00:35,KXLAYOFFSYINFO-26-494000,YES,3306.69,OTHER
2026-04-05 03:00:35,KXLAYOFFSYINFO-26-494000,YES,2148.66,OTHER
2026-04-05 03:00:35,KXLAYOFFSYINFO-26-494000,YES,2148.66,OTHER
2026-04-05 03:02:06,KXMARMAD-26-MICH,YES,4907.06,OTHER
2026-04-05 03:03:52,KXMLBGAME-26APR042138SEALAA-LAA,YES,2008.59,OTHER
2026-04-05 03:05:07,KXNCAAMBTOTAL-26APR04MICHARIZ-157,YES,4375.24,OTHER
2026-04-05 03:06:38,KXLAYOFFSYINFO-26-494000,YES,2306.51,OTHER
2026-04-05 03:06:38,KXLAYOFFSYINFO-26-494000,YES,3564.69,OTHER
2026-04-05 03:07:53,KXMARMAD-26-MICH,NO,17954.88,OTHER
2026-04-05 03:07:53,KXMARMAD-26-MICH,NO,28000.00,OTHER
2026-04-05 03:07:53,KXMARMAD-26-MICH,NO,14500.00,OTHER
2026-04-05 03:07:53,KXMARMAD-26-MICH,NO,14500.00,OTHER
2026-04-05 03:07:53,KXMARMAD-26-MICH,NO,25532.92,OTHER
2026-04-05 03:10:25,KXMLBGAME-26APR051335SDBOS-BOS,YES,6770.25,OTHER
2026-04-05 03:11:25,KXMLBGAME-26APR042138SEALAA-SEA,NO,3878.55,OTHER
2026-04-05 03:13:11,KXMLSGAME-26APR04SJSD-SJ,YES,2436.00,OTHER
2026-04-05 03:16:58,KXLAYOFFSYINFO-26-494000,YES,2619.90,OTHER
2026-04-05 03:17:28,KXLAYOFFSYINFO-26-494000,YES,4032.52,OTHER
2026-04-05 03:17:28,KXLAYOFFSYINFO-26-494000,YES,2597.75,OTHER
2026-04-05 03:17:28,KXNCAAMBSPREAD-26APR04MICHARIZ-MICH16,YES,2362.10,OTHER
2026-04-05 03:17:58,KXLAYOFFSYINFO-26-494000,YES,3408.00,OTHER
2026-04-05 03:18:13,KXLAYOFFSYINFO-26-494000,YES,2556.00,OTHER
2026-04-05 03:18:28,KXLAYOFFSYINFO-26-494000,YES,3408.00,OTHER
2026-04-05 03:21:15,KXMLBGAME-26APR042138SEALAA-SEA,NO,2160.00,OTHER
2026-04-05 03:22:15,KXATPCHALLENGERMATCH-26APR04DUCPAC-PAC,YES,2311.92,OTHER
2026-04-05 03:22:30,KXATPCHALLENGERMATCH-26APR04DUCPAC-PAC,YES,2089.16,OTHER
2026-04-05 03:23:46,KXCITRINI-28JUL01,YES,2926.07,OTHER
2026-04-05 03:24:46,KXMARMAD-26-CONN,NO,4352.68,OTHER
2026-04-05 03:26:47,KXNCAAMBTOTAL-26APR04MICHARIZ-169,NO,2415.72,OTHER
2026-04-05 03:32:05,KXNCAAMBSPREAD-26APR04MICHARIZ-MICH16,YES,2520.00,OTHER
2026-04-05 03:32:05,KXNCAAMBSPREAD-26APR04MICHARIZ-MICH16,YES,5720.03,OTHER
2026-04-05 03:33:05,KXMLBGAME-26APR042138SEALAA-LAA,YES,3060.00,OTHER
2026-04-05 03:35:06,KXATPCHALLENGERMATCH-26APR04DUCPAC-DUC,NO,5394.48,OTHER
2026-04-05 03:35:21,KXMVECROSSCATEGORY-S2026EA67F75C712-BBED0DBCD39,NO,4039.27,OTHER
2026-04-05 03:41:54,KXMLBGAME-26APR042138SEALAA-LAA,YES,3922.56,OTHER
2026-04-05 03:45:11,KXMARMAD-26-CONN,NO,3236.02,OTHER
2026-04-05 03:46:27,KXMARMAD-26-MICH,YES,2551.35,OTHER
2026-04-05 03:47:27,KXMARMAD-26-CONN,NO,2312.50,OTHER
2026-04-05 03:49:43,KXWMARMAD-26-SCAR,YES,6185.74,OTHER
2026-04-05 03:51:59,KXMARMAD-26-MICH,YES,2920.00,OTHER
2026-04-05 03:56:16,KXMARMAD-26-CONN,NO,5535.94,OTHER
2026-04-05 03:57:17,KXATPCHALLENGERMATCH-26APR04BROWEN-WEN,YES,2982.18,OTHER
2026-04-05 03:57:17,KXNHLTOTAL-26APR04CHISEA-4,NO,2155.77,OTHER
2026-04-05 03:57:32,KXNHLGAME-26APR04NSHSJ-SJ,YES,2057.84,OTHER
2026-04-05 03:58:02,KXMLBGAME-26APR042138SEALAA-LAA,YES,2180.22,OTHER
2026-04-05 03:59:02,KXMLBGAME-26APR042138SEALAA-LAA,YES,2436.87,OTHER
2026-04-05 03:59:48,KXMLBGAME-26APR042138SEALAA-LAA,YES,6029.10,OTHER
2026-04-05 03:59:48,KXMLBGAME-26APR042138SEALAA-LAA,YES,3480.00,OTHER
2026-04-05 04:01:34,KXMLBGAME-26APR042138SEALAA-SEA,NO,2101.00,OTHER
2026-04-05 04:02:34,KXMLBGAME-26APR042138SEALAA-LAA,YES,2879.10,OTHER
2026-04-05 04:03:34,KXNBAGAME-26APR05CHAMIN-MIN,YES,4700.00,OTHER
2026-04-05 04:03:34,KXNBAGAME-26APR05CHAMIN-MIN,YES,2111.71,OTHER
2026-04-05 04:04:05,KXMLBGAME-26APR042138SEALAA-LAA,YES,2858.44,OTHER
2026-04-05 04:04:05,KXMLBGAME-26APR042138SEALAA-LAA,YES,3720.00,OTHER
2026-04-05 04:05:20,KXMLBGAME-26APR042138SEALAA-SEA,NO,3680.00,OTHER
2026-04-05 04:07:21,KXMLBGAME-26APR042138SEALAA-LAA,YES,4950.00,OTHER
2026-04-05 04:07:21,KXMLBGAME-26APR042138SEALAA-LAA,YES,3920.00,OTHER
2026-04-05 04:07:21,KXMLBGAME-26APR042138SEALAA-LAA,YES,2940.00,OTHER
2026-04-05 04:07:21,KXMLBGAME-26APR042138SEALAA-LAA,YES,2940.00,OTHER
2026-04-05 04:07:21,KXMLBGAME-26APR042138SEALAA-LAA,YES,2970.00,OTHER
2026-04-05 04:07:21,KXMLBGAME-26APR042138SEALAA-LAA,YES,2970.00,OTHER
2026-04-05 04:07:21,KXMLBGAME-26APR042138SEALAA-LAA,YES,3920.00,OTHER
2026-04-05 04:07:21,KXMLBGAME-26APR042138SEALAA-LAA,YES,3960.00,OTHER
2026-04-05 04:07:21,KXMLBGAME-26APR042138SEALAA-LAA,YES,3960.00,OTHER
2026-04-05 04:07:21,KXMLBGAME-26APR042138SEALAA-LAA,YES,3960.00,OTHER
2026-04-05 04:07:21,KXMLBGAME-26APR042138SEALAA-LAA,YES,2940.00,OTHER
2026-04-05 04:07:21,KXMLBGAME-26APR042138SEALAA-LAA,YES,2940.00,OTHER
2026-04-05 04:07:21,KXMLBGAME-26APR042138SEALAA-LAA,YES,3960.00,OTHER
2026-04-05 04:07:21,KXMLBGAME-26APR042138SEALAA-LAA,YES,3920.00,OTHER
2026-04-05 04:07:36,KXWMARMAD-26-SCAR,YES,7818.20,OTHER
2026-04-05 04:15:55,KXMVESPORTSMULTIGAMEEXTENDED-S202698B9045F72A-84B506A6DD5,YES,2725.27,OTHER
2026-04-05 04:16:10,KXMARMAD-26-MICH,YES,3090.98,OTHER
2026-04-05 04:18:11,KXNHLGAME-26APR04CGYANA-CGY,YES,2689.20,OTHER
2026-04-05 04:25:45,KXNHLGAME-26APR04CGYANA-ANA,NO,2320.50,OTHER
2026-04-05 04:29:47,KXNHLTOTAL-26APR04CGYANA-8,NO,2580.50,OTHER
2026-04-05 04:30:02,KXNHLTOTAL-26APR04CGYANA-8,NO,2084.15,OTHER
2026-04-05 04:32:03,KXMVECROSSCATEGORY-S2026A8813E1DF42-D35A85424D6,YES,4250.28,OTHER
2026-04-05 04:38:06,KXJLEAGUEGAME-26APR05VVNSHI-SHI,YES,3469.22,OTHER
2026-04-05 04:39:36,KXNHLTOTAL-26APR04CHISEA-5,NO,2243.67,OTHER
2026-04-05 04:41:07,KXWMARMAD-26-UCLA,NO,3967.44,OTHER
2026-04-05 04:42:07,KXNHLGAME-26APR04CHISEA-SEA,NO,10999.89,OTHER
2026-04-05 04:42:53,KXMVECROSSCATEGORY-S20263D74CC65CB8-73DC928A30A,YES,3799.25,OTHER
2026-04-05 04:43:38,KXWMARMAD-26-SCAR,YES,6576.96,OTHER
2026-04-05 04:48:10,KXNHLGAME-26APR04NSHSJ-SJ,NO,40910.76,OTHER
2026-04-05 04:48:10,KXNHLGAME-26APR04NSHSJ-SJ,NO,6260.76,OTHER
2026-04-05 04:48:10,KXNHLGAME-26APR04NSHSJ-SJ,NO,8589.24,OTHER
2026-04-05 04:49:26,KXMARMAD-26-MICH,YES,4867.72,OTHER
2026-04-05 04:50:56,KXMARMAD-26-MICH,NO,2857.14,OTHER
2026-04-05 04:51:42,KXIPLGAME-26APR05LSGSRH-SRH,YES,2742.56,OTHER
2026-04-05 04:52:27,KXJLEAGUEGAME-26APR05VVNSHI-SHI,YES,3465.00,OTHER
2026-04-05 04:52:57,KXJLEAGUEGAME-26APR05VVNSHI-SHI,YES,5443.02,OTHER
2026-04-05 04:56:14,KXMARMAD-26-MICH,YES,3044.36,OTHER
2026-04-05 04:57:29,KXMVESPORTSMULTIGAMEEXTENDED-S202611916184939-3AE1B72C351,YES,3774.39,OTHER
2026-04-05 04:57:44,KXMARMAD-26-CONN,YES,7820.55,OTHER
2026-04-05 05:10:50,KXPGATOUR-VATO26-LABE,YES,4436.32,OTHER
2026-04-05 05:13:22,KXNHLGAME-26APR05BOSPHI-BOS,YES,2780.80,OTHER
2026-04-05 05:13:22,KXATPCHALLENGERMATCH-26APR05CHELEO-CHE,NO,4900.00,OTHER
2026-04-05 05:14:22,KXATPCHALLENGERMATCH-26APR04BROWEN-WEN,NO,2504.70,OTHER
2026-04-05 05:14:52,KXWMARMAD-26-UCLA,YES,3809.20,OTHER
2026-04-05 05:17:23,KXATPCHALLENGERMATCH-26APR04BROWEN-BRO,YES,4950.00,OTHER
2026-04-05 05:19:09,KXMLBGAME-26APR051605HOUATH-HOU,YES,2034.18,OTHER
2026-04-05 05:23:11,KXATPCHALLENGERMATCH-26APR05OVECHA-OVE,YES,2520.00,OTHER
2026-04-05 05:26:12,KXATPCHALLENGERMATCH-26APR05PEABOB-PEA,YES,2675.40,OTHER
2026-04-05 05:33:15,KXMVECROSSCATEGORY-S202695268D2E3ED-3A4CE343744,NO,3722.40,OTHER
2026-04-05 05:36:17,KXUCLGAME-26APR07RMABMU-TIE,YES,2500.00,OTHER
2026-04-05 05:40:19,KXMARMAD-26-CONN,YES,3387.69,OTHER
2026-04-05 05:42:04,KXMLBGAME-26APR051335MIANYY-NYY,YES,30161.52,OTHER
2026-04-05 05:44:05,KXNBAGAME-26APR05TORBOS-BOS,YES,41000.00,OTHER
2026-04-05 05:44:35,KXMVECROSSCATEGORY-S20268DB29A8715B-01A46267C6B,YES,4682.02,OTHER
2026-04-05 05:51:39,KXMLBTOTAL-26APR051340CHCCLE-7,YES,2743.50,OTHER
2026-04-05 05:53:24,KXPGATOUR-VATO26-LABE,YES,2484.72,OTHER
2026-04-05 05:57:26,KXCS2GAME-26APR050300NRGFUT-FUT,YES,2569.49,OTHER
2026-04-05 05:57:41,KXNBAGAME-26APR05LALDAL-LAL,YES,2200.00,OTHER
2026-04-05 06:00:58,KXNBAGAME-26APR05UTAOKC-OKC,YES,38800.00,OTHER
2026-04-05 06:07:46,KXATPCHALLENGERMATCH-26APR05OVECHA-OVE,NO,4869.62,OTHER
2026-04-05 06:08:01,KXATPCHALLENGERMATCH-26APR05OVECHA-CHA,YES,4823.28,OTHER
2026-04-05 06:09:16,KXMARMAD-26-CONN,NO,3700.00,OTHER
2026-04-05 06:09:32,KXJLEAGUEGAME-26APR05REYMAR-MAR,NO,2509.65,OTHER
2026-04-05 06:09:32,KXJLEAGUEGAME-26APR05REYMAR-MAR,NO,2739.33,OTHER
2026-04-05 06:10:32,KXALEAGUEGAME-26APR05VICWPH-VIC,NO,2360.00,OTHER
2026-04-05 06:11:02,KXJLEAGUEGAME-26APR05FAGVIK-VIK,YES,2311.46,OTHER
2026-04-05 06:11:02,KXAAAGASW-26APR06-4.140,NO,2673.00,OTHER
2026-04-05 06:12:48,KXNBLGAME-26APR050030A36SYD-A36,YES,2350.38,OTHER
2026-04-05 06:19:51,KXNBLGAME-26APR050030A36SYD-A36,YES,2250.00,OTHER
2026-04-05 06:19:51,KXNBLGAME-26APR050030A36SYD-A36,YES,3750.00,OTHER
2026-04-05 06:23:08,KXNBLGAME-26APR050030A36SYD-A36,YES,3206.70,OTHER
2026-04-05 06:24:53,KXMVESPORTSMULTIGAMEEXTENDED-S2026CD270E4AF71-16079F9E575,YES,3845.56,OTHER
2026-04-05 06:26:24,KXATPCHALLENGERMATCH-26APR05JONMOC-JON,YES,2815.15,OTHER
2026-04-05 06:29:10,KXJLEAGUEGAME-26APR05FAGVIK-VIK,YES,3268.80,OTHER
2026-04-05 06:32:27,KXNBAGAME-26APR05HOUGSW-HOU,YES,2420.48,OTHER
2026-04-05 06:36:44,KXPGATOUR-MAST26-SSCH,YES,2829.54,OTHER
2026-04-05 06:36:59,KXJLEAGUEGAME-26APR05FAGVIK-VIK,YES,3958.22,OTHER
2026-04-05 06:36:59,KXJLEAGUEGAME-26APR05FAGVIK-VIK,YES,2959.60,OTHER
2026-04-05 06:37:29,KXBTC15M-26APR050245-45,YES,3093.74,OUR
2026-04-05 06:42:16,KXCS2GAME-26APR050600MIBRBCG-BCG,YES,2080.69,OTHER
2026-04-05 06:42:31,KXMLBGAME-26APR051335BALPIT-PIT,YES,8250.00,OTHER
2026-04-05 06:45:33,KXALEAGUEGAME-26APR05VICWPH-TIE,YES,2014.28,OTHER
2026-04-05 06:55:37,KXALEAGUEGAME-26APR05VICWPH-TIE,NO,2475.00,OTHER
2026-04-05 06:57:08,KXBTCD-26APR0503-T66799.99,YES,2007.44,OTHER
2026-04-05 06:58:23,KXJLEAGUEGAME-26APR05SANAVI-AVI,YES,2537.37,OTHER
2026-04-05 06:58:23,KXJLEAGUEGAME-26APR05SANAVI-AVI,YES,2412.63,OTHER
2026-04-05 06:59:09,KXWMARMAD-26-SCAR,NO,2538.80,OTHER
2026-04-05 07:01:10,KXMLBGAME-26APR051335SDBOS-BOS,YES,3868.63,OTHER
2026-04-05 07:04:26,KXRT-DRA-77,NO,5195.82,OTHER
2026-04-05 07:04:26,KXMLBGAME-26APR051340CHCCLE-CHC,YES,2413.60,OTHER
2026-04-05 07:09:28,KXNBAMVP-26-VWEM,NO,5434.00,OTHER
2026-04-05 07:09:28,KXNBAMVP-26-VWEM,NO,3647.05,OTHER
2026-04-05 07:11:44,KXMLBGAME-26APR051335MIANYY-NYY,YES,2088.00,OTHER
2026-04-05 07:22:20,KXJBLEAGUEGAME-26APR050105JETDRA-DRA,NO,2637.36,OTHER
2026-04-05 07:26:21,KXLOLGAME-26APR050600FOXGEN-GEN,YES,4386.00,OTHER
2026-04-05 07:33:55,KXLOLGAME-26APR050400DNFNS-NS,YES,3192.00,OTHER
2026-04-05 07:41:43,KXAFLGAME-26APR050115GCSMEL-GCS,NO,2447.06,OTHER
2026-04-05 07:46:00,KXMVECROSSCATEGORY-S2026439C79269ED-C62C003BF3E,YES,2935.30,OTHER
2026-04-05 07:50:17,KXMVECROSSCATEGORY-S20260978FA63EDD-2AA2A72BA6D,YES,2631.30,OTHER
2026-04-05 07:59:37,KXNCAAMB2ML-26APR03ILLCONNMICHARIZSCARCONNTEXUCLA-MICHSCAR,YES,4476.31,OTHER
2026-04-05 08:03:24,KXNBATOTAL-26APR05WASBKN-230,YES,2233.92,OTHER
2026-04-05 08:03:54,KXMLBGAME-26APR051410TORCWS-TOR,YES,2002.80,OTHER
2026-04-05 08:08:41,KXPGATOUR-VATO26-RMAC,NO,2145.44,OTHER
2026-04-05 08:08:41,KXPGATOUR-VATO26-RMAC,NO,2500.00,OTHER
2026-04-05 08:09:57,KXWMARMAD-26-SCAR,YES,8718.44,OTHER
2026-04-05 08:10:57,KXWMARMAD-26-SCAR,YES,21775.02,OTHER
2026-04-05 08:10:57,KXWMARMAD-26-SCAR,YES,7984.98,OTHER
2026-04-05 08:19:01,KXNBAGAME-26APR05TORBOS-BOS,YES,2960.55,OTHER
2026-04-05 08:23:02,KXATPCHALLENGERMATCH-26APR05GOMVAS-GOM,YES,2921.60,OTHER
2026-04-05 08:31:36,KXMVESPORTSMULTIGAMEEXTENDED-S2026037697393C7-7D9103CC349,YES,4130.49,OTHER
2026-04-05 08:32:37,KXBONDIOUT-APR09,YES,2024.70,OTHER
2026-04-05 08:32:37,KXBONDIOUT-APR09,YES,3440.00,OTHER
2026-04-05 08:36:08,KXATPCHALLENGERMATCH-26APR05MOLCAN-CAN,YES,3561.60,OTHER
2026-04-05 08:36:08,KXATPCHALLENGERMATCH-26APR05MOLCAN-CAN,YES,5687.99,OTHER
2026-04-05 08:36:23,KXATPCHALLENGERMATCH-26APR05BONYEV-BON,YES,2184.84,OTHER
2026-04-05 08:40:40,KXATPCHALLENGERMATCH-26APR05MOLCAN-CAN,YES,2011.80,OTHER
2026-04-05 08:43:27,KXBTC15M-26APR050445-45,NO,4350.78,OUR
2026-04-05 08:58:03,KXCS2GAME-26APR050600B8AST-AST,YES,17919.30,OTHER
2026-04-05 08:59:34,KXIPLGAME-26APR05LSGSRH-LSG,YES,2842.98,OTHER
2026-04-05 09:05:52,KXATPCHALLENGERMATCH-26APR05MOLCAN-MOL,YES,3000.00,OTHER
2026-04-05 09:06:37,KXMLBGAME-26APR051340CHCCLE-CLE,YES,3450.00,OTHER
2026-04-05 09:06:37,KXMLBGAME-26APR051340CHCCLE-CLE,YES,8905.14,OTHER
2026-04-05 09:07:07,KXATPCHALLENGERMATCH-26APR05MOLCAN-MOL,YES,3054.50,OTHER
2026-04-05 09:07:53,KXIPLGAME-26APR05LSGSRH-LSG,YES,3340.68,OTHER
2026-04-05 09:07:53,KXATPCHALLENGERMATCH-26APR05MOLCAN-MOL,YES,2305.16,OTHER
2026-04-05 09:11:24,KXATPCHALLENGERMATCH-26APR05DEDMEN-DED,YES,2970.00,OTHER
2026-04-05 09:18:58,KXATPCHALLENGERMATCH-26APR05GOMVAS-GOM,NO,2185.23,OTHER
2026-04-05 09:22:29,KXATPCHALLENGERMATCH-26APR05BONYEV-YEV,YES,4361.28,OTHER
2026-04-05 09:22:29,KXATPCHALLENGERMATCH-26APR05BONYEV-YEV,YES,2238.72,OTHER
2026-04-05 09:29:02,KXWTAMATCH-26APR05TIMCHA-CHA,YES,2293.20,OTHER
2026-04-05 09:30:18,KXATPCHALLENGERMATCH-26APR05GOMVAS-GOM,NO,2677.08,OTHER
2026-04-05 09:31:33,KXATPCHALLENGERMATCH-26APR05GOMVAS-GOM,NO,4343.20,OTHER
2026-04-05 09:32:19,KXATPCHALLENGERMATCH-26APR05GOMVAS-GOM,NO,3343.96,OTHER
2026-04-05 09:33:34,KXWTAMATCH-26APR05TIMCHA-CHA,YES,3280.00,OTHER
2026-04-05 09:37:51,KXWTAMATCH-26APR05VOLDOD-VOL,YES,3335.15,OTHER
2026-04-05 09:38:36,KXMLBSPREAD-26APR051335LADWSH-LAD2,YES,2892.96,OTHER
2026-04-05 09:41:38,KXLIGUE1GAME-26APR05ANGOL-OL,YES,2100.00,OTHER
2026-04-05 09:42:23,KXNBAGAME-26APR05TORBOS-BOS,YES,2466.45,OTHER
2026-04-05 09:45:55,KXMLBGAME-26APR051340CHCCLE-CLE,NO,2200.00,OTHER
2026-04-05 09:48:11,KXMARMAD-26-MICH,YES,2433.86,OTHER
2026-04-05 09:50:12,KXMLBSPREAD-26APR051335LADWSH-LAD3,YES,2250.00,OTHER
2026-04-05 09:52:12,KXLOLGAME-26APR050600FOXGEN-GEN,YES,3480.00,OTHER
2026-04-05 09:54:44,KXIPLGAME-26APR05LSGSRH-SRH,YES,2077.62,OTHER
2026-04-05 09:56:14,KXATPMATCH-26APR05ARNMUL-MUL,YES,2182.40,OTHER
2026-04-05 09:56:14,KXBUNDESLIGAGAME-26APR05UNISTP-UNI,YES,10623.88,OTHER
2026-04-05 09:56:14,KXBUNDESLIGAGAME-26APR05UNISTP-UNI,YES,2400.00,OTHER
2026-04-05 09:56:14,KXBUNDESLIGAGAME-26APR05UNISTP-UNI,YES,2350.00,OTHER
2026-04-05 09:56:29,KXWTACHALLENGERMATCH-26APR05CORTON-COR,NO,2397.78,OTHER
2026-04-05 09:57:15,KXWTAMATCH-26APR05VOLDOD-VOL,YES,3758.30,OTHER
2026-04-05 09:57:30,KXBTCD-26APR0506-T66999.99,YES,4225.92,OTHER
2026-04-05 09:57:45,KXBTCD-26APR0506-T66999.99,YES,2707.20,OTHER
2026-04-05 09:58:45,KXIPLGAME-26APR05LSGSRH-SRH,YES,3050.00,OTHER
2026-04-05 10:04:33,KXIPLGAME-26APR05LSGSRH-SRH,YES,2937.55,OTHER
2026-04-05 10:06:49,KXBTCD-26APR0517-T66249.99,YES,3086.10,OTHER
2026-04-05 10:06:49,KXIPLGAME-26APR05LSGSRH-SRH,YES,2467.50,OTHER
2026-04-05 10:08:20,KXIPLGAME-26APR05LSGSRH-LSG,YES,2134.31,OTHER
2026-04-05 10:08:35,KXMLBKS-26APR051410MILKC-MILKHARRISON52-5,YES,2285.13,OTHER
2026-04-05 10:10:05,KXIPLGAME-26APR05LSGSRH-SRH,YES,7589.09,OTHER
2026-04-05 10:12:21,KXIPLGAME-26APR05LSGSRH-SRH,YES,2396.88,OTHER
2026-04-05 10:12:51,KXIPLGAME-26APR05LSGSRH-LSG,YES,2878.85,OTHER
2026-04-05 10:13:22,KXIPLGAME-26APR05LSGSRH-SRH,NO,3300.00,OTHER
2026-04-05 10:13:37,KXIPLGAME-26APR05LSGSRH-SRH,YES,4857.48,OTHER
2026-04-05 10:16:38,KXIPLGAME-26APR05CSKRCB-RCB,YES,18054.40,OTHER
2026-04-05 10:16:38,KXIPLGAME-26APR05CSKRCB-RCB,YES,8485.94,OTHER
2026-04-05 10:18:54,KXATPMATCH-26APR05CERMAR-MAR,YES,2382.60,OTHER
2026-04-05 10:18:54,KXATPMATCH-26APR05CERMAR-MAR,YES,2157.45,OTHER
2026-04-05 10:19:24,KXIPLGAME-26APR05LSGSRH-LSG,YES,3120.00,OTHER
2026-04-05 10:19:24,KXMARMAD-26-MICH,YES,4419.28,OTHER
2026-04-05 10:20:10,KXIPLGAME-26APR05LSGSRH-LSG,YES,2488.64,OTHER
2026-04-05 10:20:10,KXIPLGAME-26APR05LSGSRH-SRH,YES,2039.52,OTHER
2026-04-05 10:20:40,KXIPLGAME-26APR05LSGSRH-SRH,NO,5055.21,OTHER
2026-04-05 10:20:55,KXCS2GAME-26APR050900FOKPRV-PRV,YES,2668.45,OTHER
2026-04-05 10:21:55,KXIPLGAME-26APR05LSGSRH-LSG,YES,2026.44,OTHER
2026-04-05 10:23:11,KXIPLGAME-26APR05LSGSRH-LSG,YES,3543.20,OTHER
2026-04-05 10:24:42,KXATPMATCH-26APR05GOFNAV-NAV,YES,3775.40,OTHER
2026-04-05 10:24:42,KXATPMATCH-26APR05GOFNAV-NAV,YES,5135.70,OTHER
2026-04-05 10:24:42,KXWMARMAD-26-SCAR,YES,12669.08,OTHER
2026-04-05 10:30:14,KXWMARMAD-26-SCAR,YES,8718.44,OTHER
2026-04-05 10:31:29,KXATPMATCH-26APR05CERMAR-CER,YES,2017.00,OTHER
2026-04-05 10:32:45,KXIPLGAME-26APR05LSGSRH-LSG,YES,2464.80,OTHER
2026-04-05 10:33:00,KXLAYOFFSYINFO-26-494000,YES,2249.36,OTHER
2026-04-05 10:35:31,KXATPMATCH-26APR05CERMAR-MAR,YES,2634.66,OTHER
2026-04-05 10:36:01,KXBTC15M-26APR050645-45,YES,2224.88,OUR
2026-04-05 10:36:01,KXBTC15M-26APR050645-45,YES,4176.89,OUR
2026-04-05 10:36:47,KXATPMATCH-26APR05CERMAR-CER,YES,3446.50,OTHER
2026-04-05 10:36:47,KXATPCHALLENGERMATCH-26APR05GOMVAS-VAS,NO,2424.24,OTHER
2026-04-05 10:37:47,KXAAAGASW-26APR06-4.140,NO,4750.00,OTHER
2026-04-05 10:38:02,KXIPLGAME-26APR05LSGSRH-LSG,YES,4496.80,OTHER
2026-04-05 10:38:17,KXIPLGAME-26APR05LSGSRH-LSG,YES,2245.47,OTHER
2026-04-05 10:40:18,KXIPLGAME-26APR05LSGSRH-SRH,NO,4361.00,OTHER
2026-04-05 10:40:18,KXIPLGAME-26APR05LSGSRH-SRH,NO,11649.21,OTHER
2026-04-05 10:40:33,KXIPLGAME-26APR05LSGSRH-LSG,YES,2225.00,OTHER
2026-04-05 10:40:33,KXWTACHALLENGERMATCH-26APR05SAILOP-SAI,YES,9949.50,OTHER
2026-04-05 10:41:49,KXIPLGAME-26APR05LSGSRH-SRH,NO,3217.35,OTHER
2026-04-05 10:42:19,KXATPMATCH-26APR05CERMAR-MAR,YES,2513.16,OTHER
2026-04-05 10:44:35,KXWMARMAD-26-SCAR,YES,3447.82,OTHER
2026-04-05 10:47:06,KXIPLGAME-26APR05CSKRCB-CSK,YES,5707.26,OTHER
2026-04-05 10:50:53,KXIPLGAME-26APR05LSGSRH-SRH,NO,3053.96,OTHER
2026-04-05 10:53:24,KXWTAMATCH-26APR05TIMCHA-CHA,NO,2880.36,OTHER
2026-04-05 10:53:24,KXWTAMATCH-26APR05TIMCHA-CHA,NO,2946.10,OTHER
2026-04-05 10:55:40,KXWTAMATCH-26APR05TIMCHA-TIM,YES,4975.50,OTHER
2026-04-05 10:56:10,KXWTAMATCH-26APR05TIMCHA-TIM,YES,2394.93,OTHER
2026-04-05 10:57:11,KXMVESPORTSMULTIGAMEEXTENDED-S20269B824A0A103-C607E13A724,YES,2362.75,OTHER
2026-04-05 11:00:42,KXATPMATCH-26APR05GOFNAV-GOF,NO,2456.02,OTHER
2026-04-05 11:02:28,KXIPLGAME-26APR05LSGSRH-SRH,NO,8131.20,OTHER
2026-04-05 11:04:14,KXATPMATCH-26APR05CERMAR-CER,YES,5039.76,OTHER
2026-04-05 11:06:00,KXMLBGAME-26APR051410MILKC-KC,YES,3181.68,OTHER
2026-04-05 11:06:30,KXATPMATCH-26APR05CERMAR-CER,YES,3963.72,OTHER
2026-04-05 11:07:00,KXWTACHALLENGERMATCH-26APR05HERCAV-CAV,NO,2092.50,OTHER
2026-04-05 11:09:31,KXIPLGAME-26APR05LSGSRH-SRH,YES,2307.60,OTHER
2026-04-05 11:09:31,KXATPMATCH-26APR05CERMAR-MAR,NO,2068.00,OTHER
2026-04-05 11:09:46,KXATPMATCH-26APR05NAVMER-NAV,YES,2860.87,OTHER
2026-04-05 11:10:47,KXATPMATCH-26APR05NAVMER-NAV,YES,9855.00,OTHER
2026-04-05 11:14:19,KXIPLGAME-26APR05LSGSRH-LSG,YES,4360.11,OTHER
2026-04-05 11:14:49,KXATPMATCH-26APR05CERMAR-CER,YES,2528.60,OTHER
2026-04-05 11:15:04,KXIPLGAME-26APR05LSGSRH-SRH,NO,3838.47,OTHER
2026-04-05 11:16:20,KXIPLGAME-26APR05LSGSRH-SRH,YES,2901.12,OTHER
2026-04-05 11:16:35,KXATPMATCH-26APR05NAVMER-NAV,YES,4705.36,OTHER
2026-04-05 11:16:50,KXMARMAD-26-CONN,NO,3182.00,OTHER
2026-04-05 11:17:35,KXNBAGAME-26APR05TORBOS-BOS,YES,2855.20,OTHER
2026-04-05 11:22:53,KXIPLGAME-26APR05LSGSRH-SRH,NO,2336.60,OTHER
2026-04-05 11:22:53,KXIPLGAME-26APR05LSGSRH-SRH,NO,2798.60,OTHER
2026-04-05 11:23:23,KXATPMATCH-26APR05GOFNAV-GOF,NO,2790.15,OTHER
2026-04-05 11:27:10,KXWTAMATCH-26APR05BOUUDV-BOU,YES,2960.00,OTHER
2026-04-05 11:28:25,KXATPCHALLENGERMATCH-26APR05BRUARN-ARN,YES,2334.36,OTHER
2026-04-05 11:30:26,KXWTAMATCH-26APR05BOUUDV-BOU,YES,3002.18,OTHER
2026-04-05 11:30:41,KXWTAMATCH-26APR05BOUUDV-BOU,YES,2434.60,OTHER
2026-04-05 11:31:41,KXIPLGAME-26APR05LSGSRH-LSG,YES,2111.96,OTHER
2026-04-05 11:31:41,KXIPLGAME-26APR05LSGSRH-LSG,YES,12437.18,OTHER
2026-04-05 11:34:13,KXIPLGAME-26APR05LSGSRH-LSG,YES,4831.44,OTHER
2026-04-05 11:36:29,KXIPLGAME-26APR05LSGSRH-LSG,YES,9895.70,OTHER
2026-04-05 11:41:46,KXIPLGAME-26APR05LSGSRH-SRH,NO,3511.20,OTHER
2026-04-05 11:42:01,KXIPLGAME-26APR05LSGSRH-LSG,NO,3558.95,OTHER
2026-04-05 11:42:01,KXATPMATCH-26APR05GOFNAV-GOF,NO,5292.00,OTHER
2026-04-05 11:42:31,KXIPLGAME-26APR05LSGSRH-SRH,NO,4200.00,OTHER
2026-04-05 11:46:03,KXIPLGAME-26APR05LSGSRH-LSG,YES,6538.56,OTHER
2026-04-05 11:47:34,KXIPLGAME-26APR05LSGSRH-SRH,NO,3079.44,OTHER
2026-04-05 11:48:19,KXATPMATCH-26APR05GOFNAV-GOF,NO,5250.30,OTHER
2026-04-05 11:48:49,KXSERIEAGAME-26APR05CREBFC-BFC,YES,3586.00,OTHER
2026-04-05 11:49:20,KXMARMAD-26-MICH,YES,5257.70,OTHER
2026-04-05 11:49:20,KXATPMATCH-26APR05GOFNAV-GOF,NO,3325.44,OTHER
2026-04-05 11:51:20,KXATPMATCH-26APR05GOFNAV-NAV,YES,3993.50,OTHER
2026-04-05 11:52:06,KXIPLGAME-26APR05CSKRCB-RCB,YES,3100.00,OTHER
2026-04-05 11:56:23,KXWTAMATCH-26APR05BRESAL-SAL,YES,6168.28,OTHER
2026-04-05 11:56:53,KXATPMATCH-26APR05NORKEC-KEC,NO,2424.96,OTHER
2026-04-05 11:57:08,KXMARMAD-26-CONN,NO,3718.50,OTHER
2026-04-05 12:00:25,KXATPMATCH-26APR05NAVMER-NAV,YES,4203.54,OTHER
2026-04-05 12:00:25,KXSERIEAGAME-26APR05CREBFC-BFC,YES,2250.00,OTHER
2026-04-05 12:00:55,KXATPMATCH-26APR05NAVMER-NAV,YES,4519.45,OTHER
2026-04-05 12:01:25,KXIPLGAME-26APR05LSGSRH-LSG,YES,8652.15,OTHER
2026-04-05 12:04:11,KXWTAMATCH-26APR05BRESAL-SAL,YES,4915.35,OTHER
2026-04-05 12:05:42,KXATPMATCH-26APR05NAVMER-MER,NO,2500.56,OTHER
2026-04-05 12:05:57,KXMARMAD-26-CONN,NO,14800.00,OTHER
2026-04-05 12:06:12,KXIPLGAME-26APR05LSGSRH-SRH,NO,5067.12,OTHER
2026-04-05 12:07:12,KXIPLGAME-26APR05LSGSRH-LSG,YES,4124.56,OTHER
2026-04-05 12:07:28,KXIPLGAME-26APR05LSGSRH-LSG,YES,4888.40,OTHER
2026-04-05 12:07:43,KXATPMATCH-26APR05NAVMER-NAV,YES,2980.80,OTHER
2026-04-05 12:07:58,KXATPMATCH-26APR05QUICOM-QUI,NO,2070.00,OTHER
2026-04-05 12:07:58,KXATPMATCH-26APR05QUICOM-QUI,NO,3715.88,OTHER
2026-04-05 12:08:13,KXATPMATCH-26APR05QUICOM-QUI,NO,2499.64,OTHER
2026-04-05 12:08:13,KXATPMATCH-26APR05QUICOM-QUI,NO,2139.00,OTHER
2026-04-05 12:09:13,KXNBASPREAD-26APR05CHAMIN-CHA1,NO,2027.13,OTHER
2026-04-05 12:09:59,KXNBAGAME-26APR05LACSAC-LAC,YES,9772.18,OTHER
2026-04-05 12:09:59,KXBTC15M-26APR050815-15,NO,4830.00,OUR
2026-04-05 12:09:59,KXIPLGAME-26APR05LSGSRH-LSG,YES,5591.04,OTHER
2026-04-05 12:10:14,KXNBAGAME-26APR05HOUGSW-HOU,YES,9682.53,OTHER
2026-04-05 12:10:14,KXIPLGAME-26APR05LSGSRH-SRH,NO,7198.20,OTHER
2026-04-05 12:10:14,KXIPLGAME-26APR05LSGSRH-SRH,NO,2499.30,OTHER
2026-04-05 12:12:15,KXBUNDESLIGA2GAME-26APR05EBSFCN-TIE,NO,2212.21,OTHER
2026-04-05 12:12:15,KXIPLGAME-26APR05LSGSRH-LSG,YES,8409.31,OTHER
2026-04-05 12:12:45,KXPGATOP20-VATO26-LABE,YES,5274.36,OTHER
2026-04-05 12:13:15,KXIPLGAME-26APR05LSGSRH-SRH,NO,4253.82,OTHER
2026-04-05 12:13:46,KXIPLGAME-26APR05LSGSRH-LSG,YES,2998.32,OTHER
2026-04-05 12:13:46,KXIPLGAME-26APR05LSGSRH-LSG,YES,7656.69,OTHER
2026-04-05 12:13:46,KXIPLGAME-26APR05LSGSRH-SRH,NO,9789.18,OTHER
2026-04-05 12:15:01,KXIPLGAME-26APR05LSGSRH-SRH,NO,4650.00,OTHER
2026-04-05 12:15:16,KXIPLGAME-26APR05LSGSRH-SRH,NO,2127.84,OTHER
2026-04-05 12:16:02,KXIPLGAME-26APR05LSGSRH-LSG,YES,2509.14,OTHER
2026-04-05 12:18:33,KXLALIGAGAME-26APR05GETATH-GET,YES,3612.06,OTHER
2026-04-05 12:18:33,KXLALIGAGAME-26APR05GETATH-GET,YES,3676.86,OTHER
2026-04-05 12:21:34,KXATPCHALLENGERMATCH-26APR05MANNEG-MAN,NO,2153.06,OTHER
2026-04-05 12:21:49,KXATPMATCH-26APR05QUICOM-QUI,NO,10556.16,OTHER
2026-04-05 12:21:49,KXATPMATCH-26APR05QUICOM-QUI,NO,2163.84,OTHER
2026-04-05 12:21:49,KXLALIGAGAME-26APR05GETATH-GET,YES,2366.65,OTHER
2026-04-05 12:21:49,KXATPMATCH-26APR05QUICOM-QUI,NO,19692.48,OTHER
2026-04-05 12:22:20,KXIPLGAME-26APR05LSGSRH-LSG,YES,4964.40,OTHER
2026-04-05 12:23:35,KXIPLGAME-26APR05LSGSRH-LSG,YES,11540.70,OTHER
2026-04-05 12:24:36,KXATPMATCH-26APR05NAVMER-NAV,YES,4683.84,OTHER
2026-04-05 12:24:36,KXATPMATCH-26APR05NAVMER-NAV,YES,3818.33,OTHER
2026-04-05 12:24:51,KXPRESPERSON-28-JPRI,NO,4935.00,OTHER
2026-04-05 12:25:06,KXATPCHALLENGERMATCH-26APR05SHEDON-SHE,YES,2594.40,OTHER
2026-04-05 12:26:06,KXIPLGAME-26APR05LSGSRH-LSG,YES,3609.33,OTHER
2026-04-05 12:26:21,KXATPMATCH-26APR05NAVMER-NAV,YES,2934.20,OTHER
2026-04-05 12:26:51,KXIPLGAME-26APR05LSGSRH-LSG,YES,6934.04,OTHER
2026-04-05 12:26:51,KXIPLGAME-26APR05LSGSRH-LSG,YES,9200.00,OTHER
2026-04-05 12:27:37,KXATPMATCH-26APR05SHEBAU-BAU,NO,3484.00,OTHER
2026-04-05 12:27:37,KXIPLGAME-26APR05LSGSRH-LSG,YES,2484.00,OTHER
2026-04-05 12:27:52,KXIPLGAME-26APR05LSGSRH-LSG,YES,12346.68,OTHER
2026-04-05 12:29:38,KXATPCHALLENGERMATCH-26APR05SHEDON-SHE,YES,2969.28,OTHER
2026-04-05 12:31:54,KXMLBGAME-26APR051605HOUATH-HOU,YES,4147.74,OTHER
2026-04-05 12:32:24,KXWMARMAD-26-SCAR,YES,31000.00,OTHER
2026-04-05 12:34:10,KXATPMATCH-26APR05NAVMER-NAV,YES,4207.50,OTHER
2026-04-05 12:34:10,KXATPMATCH-26APR05DZUBLO-DZU,NO,5028.66,OTHER
2026-04-05 12:34:25,KXATPMATCH-26APR05NAVMER-MER,NO,2796.36,OTHER
2026-04-05 12:34:25,KXATPMATCH-26APR05NAVMER-MER,NO,5062.60,OTHER
2026-04-05 12:34:40,KXMLBSPREAD-26APR051335LADWSH-LAD2,YES,2800.00,OTHER
2026-04-05 12:34:40,KXMLBSPREAD-26APR051335LADWSH-LAD2,YES,2246.16,OTHER
2026-04-05 12:34:40,KXMLBSPREAD-26APR051335LADWSH-LAD2,YES,13708.24,OTHER
2026-04-05 12:35:56,KXIPLGAME-26APR05CSKRCB-RCB,YES,2205.00,OTHER
2026-04-05 12:36:11,KXMLBHR-26APR051335MIANYY-NYYTGRISHAM12-2,NO,4410.00,OTHER
2026-04-05 12:38:27,KXMLBGAME-26APR051410MILKC-MIL,YES,2400.00,OTHER
2026-04-05 12:38:27,KXIPLGAME-26APR05CSKRCB-RCB,YES,15713.46,OTHER
2026-04-05 12:39:58,KXATPMATCH-26APR05NAVMER-NAV,NO,2859.48,OTHER
2026-04-05 12:42:14,KXPGATOUR-MAST26-JSPI,NO,2315.61,OTHER
2026-04-05 12:44:45,KXATPMATCH-26APR05NAVMER-MER,YES,3415.50,OTHER
2026-04-05 12:46:01,KXIPLGAME-26APR05CSKRCB-RCB,YES,3780.00,OTHER
2026-04-05 12:47:16,KXATPMATCH-26APR05ARNMUL-MUL,YES,5577.10,OTHER
2026-04-05 12:49:32,KXATPCHALLENGERMATCH-26APR05DEPAL-DE,YES,2579.46,OTHER
2026-04-05 12:51:48,KXLAYOFFSYINFO-26-494000,YES,2254.94,OTHER
2026-04-05 12:52:04,KXIPLGAME-26APR05LSGSRH-LSG,YES,4896.30,OTHER
2026-04-05 12:53:34,KXATPMATCH-26APR05NAVMER-NAV,YES,2550.00,OTHER
2026-04-05 12:56:05,KXBTC15M-26APR050900-00,YES,4755.00,OUR
2026-04-05 12:56:05,KXBTC15M-26APR050900-00,YES,4236.17,OUR
2026-04-05 12:56:36,KXWTAMATCH-26APR05MONVEK-MON,NO,2113.65,OTHER
2026-04-05 12:57:36,KXBTC15M-26APR050900-00,YES,3886.80,OUR
2026-04-05 12:57:36,KXATPMATCH-26APR05NAVMER-MER,NO,2926.70,OTHER
2026-04-05 12:57:51,KXATPMATCH-26APR05ARNMUL-MUL,YES,3465.66,OTHER
2026-04-05 12:58:21,KXIPLGAME-26APR05LSGSRH-LSG,YES,3548.26,OTHER
2026-04-05 12:59:52,KXWTACHALLENGERMATCH-26APR05HODDIA-DIA,YES,2277.60,OTHER
2026-04-05 13:01:23,KXWTACHALLENGERMATCH-26APR05KAZAVA-AVA,YES,2450.00,OTHER
2026-04-05 13:02:23,KXIPLGAME-26APR05LSGSRH-SRH,NO,3302.20,OTHER
2026-04-05 13:02:23,KXATPMATCH-26APR05NAVMER-NAV,YES,4243.33,OTHER
2026-04-05 13:02:23,KXATPMATCH-26APR05NAVMER-NAV,YES,4328.87,OTHER
2026-04-05 13:04:24,KXATPMATCH-26APR05NAVMER-NAV,YES,4089.54,OTHER
2026-04-05 13:05:25,KXATPMATCH-26APR05NAVMER-NAV,YES,4685.90,OTHER
2026-04-05 13:05:40,KXIPLGAME-26APR05LSGSRH-LSG,YES,4400.00,OTHER
2026-04-05 13:05:40,KXMLBTOTAL-26APR051340CHCCLE-10,NO,3550.00,OTHER
2026-04-05 13:05:55,KXMARMAD-26-CONN,YES,13500.00,OTHER
2026-04-05 13:06:10,KXATPMATCH-26APR05ARNMUL-ARN,NO,2456.96,OTHER
2026-04-05 13:06:10,KXMVECROSSCATEGORY-S20264034E2014F0-1C3145FE22C,YES,9627.01,OTHER
2026-04-05 13:08:26,KXIPLGAME-26APR05LSGSRH-LSG,YES,4729.14,OTHER
2026-04-05 13:08:26,KXIPLGAME-26APR05LSGSRH-LSG,YES,3160.71,OTHER
2026-04-05 13:08:26,KXIPLGAME-26APR05LSGSRH-LSG,YES,5093.44,OTHER
2026-04-05 13:09:26,KXEREDIVISIEGAME-26APR05HEEHER-TIE,NO,2013.00,OTHER
2026-04-05 13:09:41,KXATPMATCH-26APR05SHEBAU-BAU,YES,2427.84,OTHER
2026-04-05 13:09:41,KXATPMATCH-26APR05SHEBAU-BAU,YES,2730.00,OTHER
2026-04-05 13:10:12,KXMLBGAME-26APR051410TBMIN-MIN,YES,3840.30,OTHER
2026-04-05 13:10:12,KXEREDIVISIEGAME-26APR05HEEHER-HER,NO,3787.11,OTHER
2026-04-05 13:10:27,KXATPMATCH-26APR05SHEBAU-BAU,YES,2833.92,OTHER
2026-04-05 13:11:27,KXATPCHALLENGERMATCH-26APR05DHAROM-DHA,YES,5673.24,OTHER
2026-04-05 13:11:27,KXATPCHALLENGERMATCH-26APR05DHAROM-DHA,YES,5550.93,OTHER
2026-04-05 13:11:42,KXATPMATCH-26APR05SHEBAU-BAU,YES,3385.90,OTHER
2026-04-05 13:14:13,KXMLBGAME-26APR051335MIANYY-NYY,YES,2920.00,OTHER
2026-04-05 13:16:45,KXIPLGAME-26APR05LSGSRH-SRH,NO,2796.80,OTHER
2026-04-05 13:17:45,KXMARMAD-26-CONN,NO,2886.00,OTHER
2026-04-05 13:18:00,KXATPMATCH-26APR05NAVMER-NAV,YES,5093.42,OTHER
2026-04-05 13:19:31,KXATPMATCH-26APR05NAVMER-NAV,YES,4286.97,OTHER
2026-04-05 13:19:31,KXATPMATCH-26APR05NAVMER-NAV,YES,4763.50,OTHER
2026-04-05 13:20:31,KXIPLGAME-26APR05CSKRCB-RCB,YES,2648.52,OTHER
2026-04-05 13:20:31,KXIPLGAME-26APR05CSKRCB-RCB,YES,2417.94,OTHER
2026-04-05 13:20:47,KXATPMATCH-26APR05SHEBAU-BAU,NO,2732.26,OTHER
2026-04-05 13:22:32,KXATPMATCH-26APR05NAVMER-NAV,YES,4978.00,OTHER
2026-04-05 13:23:03,KXATPMATCH-26APR05SHEBAU-SHE,YES,2685.05,OTHER
2026-04-05 13:23:48,KXATPCHALLENGERMATCH-26APR05DHAROM-ROM,YES,6013.44,OTHER
2026-04-05 13:27:04,KXATPMATCH-26APR05SHEBAU-SHE,YES,3001.86,OTHER
2026-04-05 13:27:50,KXMARMAD-26-MICH,NO,2700.00,OTHER
2026-04-05 13:28:05,KXATPMATCH-26APR05NORKEC-NOR,YES,2699.97,OTHER
2026-04-05 13:28:05,KXATPMATCH-26APR05NORKEC-NOR,YES,2695.68,OTHER
2026-04-05 13:28:05,KXATPMATCH-26APR05NORKEC-NOR,YES,2521.20,OTHER
2026-04-05 13:34:38,KXMTPMENTION-26APR05B-EPST,YES,2122.56,OTHER
2026-04-05 13:35:08,KXIPLGAME-26APR05CSKRCB-CSK,YES,2004.24,OTHER
2026-04-05 13:35:08,KXIPLGAME-26APR05LSGSRH-LSG,YES,3501.52,OTHER
2026-04-05 13:36:54,KXIPLGAME-26APR05LSGSRH-SRH,NO,2425.92,OTHER
2026-04-05 13:36:54,KXIPLGAME-26APR05LSGSRH-SRH,NO,2562.84,OTHER
2026-04-05 13:37:09,KXEREDIVISIEGAME-26APR05HEEHER-HER,NO,2736.00,OTHER
2026-04-05 13:37:09,KXIPLGAME-26APR05LSGSRH-SRH,NO,3429.75,OTHER
2026-04-05 13:37:39,KXATPMATCH-26APR05SHEBAU-SHE,YES,3044.66,OTHER
2026-04-05 13:37:54,KXATPMATCH-26APR05SHEBAU-SHE,YES,4050.00,OTHER
2026-04-05 13:39:10,KXIPLGAME-26APR05LSGSRH-LSG,YES,14684.67,OTHER
2026-04-05 13:39:10,KXATPMATCH-26APR05NORKEC-KEC,YES,2395.68,OTHER
2026-04-05 13:40:41,KXMLBGAME-26APR051335SDBOS-BOS,YES,2455.80,OTHER
2026-04-05 13:41:11,KXIPLGAME-26APR05CSKRCB-RCB,YES,4352.43,OTHER
2026-04-05 13:41:26,KXMARMAD-26-CONN,NO,5920.00,OTHER
2026-04-05 13:41:41,KXNBATOTAL-26APR05TORBOS-205,YES,3444.00,OTHER
2026-04-05 13:43:27,KXPGATOUR-VATO26-MWAL,NO,2970.00,OTHER
2026-04-05 13:43:42,KXATPMATCH-26APR05ARNMUL-MUL,YES,2752.38,OTHER
2026-04-05 13:43:57,KXATPCHALLENGERMATCH-26APR05LARHEM-LAR,NO,2398.81,OTHER
2026-04-05 13:44:12,KXATPMATCH-26APR05SHEBAU-SHE,YES,5182.45,OTHER
2026-04-05 13:44:12,KXATPMATCH-26APR05SHEBAU-SHE,YES,5806.08,OTHER
2026-04-05 13:44:12,KXATPMATCH-26APR05SHEBAU-SHE,YES,5391.12,OTHER
2026-04-05 13:44:27,KXWMARMAD-26-UCLA,YES,5706.48,OTHER
2026-04-05 13:45:28,KXATPMATCH-26APR05SHEBAU-SHE,YES,3246.72,OTHER
2026-04-05 13:45:28,KXLALIGAGAME-26APR05GETATH-GET,YES,4741.03,OTHER
2026-04-05 13:45:43,KXPGATOUR-VATO26-LABE,NO,2137.50,OTHER
2026-04-05 13:45:43,KXPGATOUR-VATO26-LABE,NO,22237.44,OTHER
2026-04-05 13:45:43,KXPGATOUR-VATO26-LABE,NO,28200.00,OTHER
2026-04-05 13:47:44,KXATPCHALLENGERMATCH-26APR05LOKKAS-KAS,YES,4078.98,OTHER
2026-04-05 13:47:44,KXATPCHALLENGERMATCH-26APR05LOKKAS-KAS,YES,2456.16,OTHER
2026-04-05 13:47:44,KXATPCHALLENGERMATCH-26APR05LOKKAS-KAS,YES,2389.08,OTHER
2026-04-05 13:47:59,KXATPMATCH-26APR05ARNMUL-ARN,YES,2764.80,OTHER
2026-04-05 13:48:29,KXWTAMATCH-26APR05JIMSHY-JIM,NO,4220.91,OTHER
2026-04-05 13:48:29,KXWTAMATCH-26APR05JIMSHY-JIM,NO,4263.03,OTHER
2026-04-05 13:48:44,KXPGATOUR-VATO26-ASMA,NO,19400.00,OTHER
2026-04-05 13:49:30,KXATPCHALLENGERMATCH-26APR05RIBNEU-RIB,YES,2786.63,OTHER
2026-04-05 13:50:45,KXIPLGAME-26APR05CSKRCB-RCB,YES,3217.20,OTHER
2026-04-05 13:51:00,KXMVECROSSCATEGORY-S20260A138DE112F-53B0C77ABEF,YES,4660.98,OTHER
2026-04-05 13:52:01,KXATPMATCH-26APR05TRUJOD-JOD,YES,3700.00,OTHER
2026-04-05 13:52:46,KXIPLGAME-26APR05CSKRCB-RCB,YES,4951.37,OTHER
2026-04-05 13:55:02,KXWMARMAD-26-SCAR,YES,8718.44,OTHER
2026-04-05 13:55:33,KXPGATOUR-MAST26-XSCH,NO,7176.30,OTHER
2026-04-05 13:55:33,KXPGATOUR-MAST26-XSCH,NO,3392.45,OTHER
2026-04-05 13:55:33,KXPGATOUR-MAST26-XSCH,NO,8329.60,OTHER
2026-04-05 13:55:33,KXPGATOUR-MAST26-XSCH,NO,19000.00,OTHER
2026-04-05 13:55:33,KXPGATOUR-MAST26-XSCH,NO,9500.00,OTHER
2026-04-05 13:55:48,KXATPMATCH-26APR05MONGRI-GRI,YES,2880.24,OTHER
2026-04-05 13:56:18,KXATPCHALLENGERMATCH-26APR05LOKKAS-KAS,YES,4596.85,OTHER
2026-04-05 13:57:03,KXIPLGAME-26APR05CSKRCB-RCB,YES,6100.00,OTHER
2026-04-05 13:57:03,KXBTC15M-26APR051000-00,YES,3742.02,OUR
2026-04-05 13:58:34,KXIPLGAME-26APR05CSKRCB-RCB,YES,2158.18,OTHER
2026-04-05 13:58:34,KXIPLGAME-26APR05CSKRCB-RCB,YES,6100.00,OTHER
2026-04-05 13:58:34,KXIPLGAME-26APR05CSKRCB-RCB,YES,6100.00,OTHER
2026-04-05 13:58:34,KXIPLGAME-26APR05CSKRCB-RCB,YES,2638.25,OTHER
2026-04-05 13:58:34,KXIPLGAME-26APR05CSKRCB-RCB,YES,3965.00,OTHER
2026-04-05 13:59:19,KXIPLGAME-26APR05CSKRCB-RCB,YES,5446.08,OTHER
2026-04-05 13:59:50,KXBUNDESLIGAGAME-26APR05UNISTP-STP,YES,2724.89,OTHER
2026-04-05 14:00:20,KXPGATOUR-VATO26-RMAC,YES,12007.05,OTHER
2026-04-05 14:00:20,KXPGATOUR-VATO26-RMAC,YES,3795.00,OTHER
2026-04-05 14:02:06,KXUCL-26-BMU,YES,3280.95,OTHER
2026-04-05 14:02:21,KXWMARMAD-26-UCLA,YES,5050.11,OTHER
2026-04-05 14:12:10,KXIPLGAME-26APR05CSKRCB-CSK,YES,2388.65,OTHER
2026-04-05 14:12:25,KXATPMATCH-26APR05TRUJOD-JOD,YES,2166.75,OTHER
2026-04-05 14:15:27,KXATPMATCH-26APR05NORKEC-KEC,NO,2460.30,OTHER
2026-04-05 14:15:27,KXATPMATCH-26APR05NORKEC-KEC,NO,3409.02,OTHER
2026-04-05 14:16:27,KXATPMATCH-26APR05NORKEC-KEC,YES,2950.00,OTHER
2026-04-05 14:16:27,KXMLBGAME-26APR051335BALPIT-PIT,YES,9649.20,OTHER
2026-04-05 14:17:28,KXATPCHALLENGERMATCH-26APR05LOKKAS-KAS,YES,4499.44,OTHER
2026-04-05 14:18:58,KXIPLGAME-26APR05CSKRCB-RCB,YES,3410.40,OTHER
2026-04-05 14:18:58,KXIPLGAME-26APR05CSKRCB-RCB,YES,15874.80,OTHER
2026-04-05 14:19:14,KXPGATOUR-VATO26-RHIS,YES,2428.14,OTHER
2026-04-05 14:19:29,KXWMARMAD-26-SCAR,YES,3875.00,OTHER
2026-04-05 14:20:29,KXMARMAD-26-CONN,NO,3700.00,OTHER
2026-04-05 14:20:59,KXIPLGAME-26APR05CSKRCB-CSK,YES,2730.00,OTHER
2026-04-05 14:21:30,KXLALIGAGAME-26APR05VCFRCC-VCF,NO,3269.26,OTHER
2026-04-05 14:21:30,KXLALIGAGAME-26APR05VCFRCC-VCF,NO,3662.96,OTHER
2026-04-05 14:22:00,KXATPCHALLENGERMATCH-26APR05LOKKAS-KAS,YES,3342.24,OTHER
2026-04-05 14:22:00,KXATPCHALLENGERMATCH-26APR05LOKKAS-KAS,YES,2303.73,OTHER
2026-04-05 14:23:00,KXPGATOUR-VATO26-RHIS,YES,2207.77,OTHER
2026-04-05 14:23:00,KXIPLGAME-26APR05CSKRCB-RCB,YES,2408.85,OTHER
2026-04-05 14:23:15,KXPGATOUR-VATO26-RHIS,YES,2900.00,OTHER
2026-04-05 14:24:01,KXPGATOUR-VATO26-RMAC,YES,5385.60,OTHER
2026-04-05 14:24:16,KXCBAGAME-26APR060800LEOXIN-LEO,YES,3192.36,OTHER
2026-04-05 14:25:01,KXATPMATCH-26APR05ARNMUL-MUL,YES,4918.04,OTHER
2026-04-05 14:27:32,KXATPMATCH-26APR05TRUJOD-TRU,NO,2963.84,OTHER
2026-04-05 14:27:48,KXATPMATCH-26APR05NORKEC-NOR,YES,6094.62,OTHER
2026-04-05 14:30:04,KXSERIEAGAME-26APR05CREBFC-BFC,YES,7469.56,OTHER
2026-04-05 14:30:04,KXSERIEAGAME-26APR05CREBFC-BFC,YES,6528.76,OTHER
2026-04-05 14:30:04,KXSERIEAGAME-26APR05CREBFC-BFC,YES,2475.00,OTHER
2026-04-05 14:32:20,KXBUNDESLIGAGAME-26APR05UNISTP-STP,YES,3209.44,OTHER
2026-04-05 14:32:50,KXMLBTOTAL-26APR051610ATLAZ-10,YES,2385.81,OTHER
2026-04-05 14:33:05,KXMVECROSSCATEGORY-S20260D11FB99437-2026787909F,YES,4822.36,OTHER
2026-04-05 14:33:35,KXNBAGAME-26APR05UTAOKC-OKC,YES,2493.87,OTHER
2026-04-05 14:35:21,KXATPMATCH-26APR05ARNMUL-MUL,NO,2047.92,OTHER
2026-04-05 14:38:53,KXIPLGAME-26APR05CSKRCB-RCB,YES,8196.60,OTHER
2026-04-05 14:40:24,KXATPCHALLENGERMATCH-26APR05RIBNEU-NEU,YES,2969.33,OTHER
2026-04-05 14:41:09,KXWTACHALLENGERMATCH-26APR05WERKOB-WER,YES,3072.96,OTHER
2026-04-05 14:41:24,KXWTAMATCH-26APR05FRIKAL-FRI,NO,5603.72,OTHER
2026-04-05 14:42:25,KXPGATOUR-VATO26-RMAC,NO,4100.00,OTHER
2026-04-05 14:45:56,KXNBAGAME-26APR05UTAOKC-UTA,NO,20786.13,OTHER
2026-04-05 14:48:12,KXBTCD-26APR0517-T66499.99,YES,4050.00,OTHER
2026-04-05 14:48:58,KXLALIGAGAME-26APR05VCFRCC-VCF,NO,2515.50,OTHER
2026-04-05 14:49:43,KXMLBGAME-26APR051410MILKC-MIL,YES,4824.00,OTHER
2026-04-05 14:51:14,KXNBAGAME-26APR05INDCLE-IND,YES,5544.07,OTHER
2026-04-05 14:51:29,KXWMARMAD-26-UCLA,NO,2237.58,OTHER
2026-04-05 14:51:29,KXWMARMAD-26-UCLA,NO,4057.90,OTHER
2026-04-05 14:53:15,KXIPLGAME-26APR05CSKRCB-RCB,NO,2495.50,OTHER
2026-04-05 14:53:15,KXIPLGAME-26APR05CSKRCB-RCB,NO,2952.50,OTHER
2026-04-05 14:54:00,KXMLBGAME-26APR051410TORCWS-TOR,YES,21218.26,OTHER
2026-04-05 14:54:00,KXMLBGAME-26APR051410TORCWS-TOR,YES,3000.18,OTHER
2026-04-05 14:54:15,KXATPMATCH-26APR05TRUJOD-TRU,NO,2118.20,OTHER
2026-04-05 14:56:31,KXPGATOUR-VATO26-RMAC,YES,2326.17,OTHER
2026-04-05 14:56:31,KXPGATOUR-VATO26-RMAC,YES,3860.08,OTHER
2026-04-05 14:59:17,KXATPMATCH-26APR05MONGRI-GRI,YES,2428.28,OTHER
2026-04-05 14:59:32,KXATPMATCH-26APR05FUCTAB-TAB,YES,2426.16,OTHER
2026-04-05 15:00:03,KXBTC-26APR0511-B66950,YES,3282.84,OTHER
2026-04-05 15:01:18,KXMLBGAME-26APR051605HOUATH-HOU,YES,6484.32,OTHER
2026-04-05 15:01:18,KXMLBGAME-26APR051605HOUATH-HOU,YES,2921.40,OTHER
2026-04-05 15:01:18,KXPGATOUR-VATO26-MKIM,NO,31920.39,OTHER
2026-04-05 15:01:34,KXIPLGAME-26APR05CSKRCB-CSK,NO,3840.00,OTHER
2026-04-05 15:03:50,KXMLBGAME-26APR051335BALPIT-BAL,YES,2410.16,OTHER
2026-04-05 15:04:05,KXIPLGAME-26APR05CSKRCB-RCB,YES,9619.92,OTHER
2026-04-05 15:04:35,KXATPMATCH-26APR05MONGRI-MON,YES,3302.74,OTHER
2026-04-05 15:05:20,KXATPCHALLENGERMATCH-26APR05RIBNEU-NEU,YES,2786.14,OTHER
2026-04-05 15:11:23,KXMLBGAME-26APR051335LADWSH-LAD,YES,4993.38,OTHER
2026-04-05 15:12:24,KXNBASPREAD-26APR05CHAMIN-CHA1,YES,2696.11,OTHER
2026-04-05 15:14:25,KXATPMATCH-26APR05MONGRI-GRI,YES,2192.40,OTHER
2026-04-05 15:14:40,KXATPCHALLENGERMATCH-26APR05RIBNEU-NEU,YES,2672.01,OTHER
2026-04-05 15:15:40,KXIPLGAME-26APR05CSKRCB-RCB,NO,3141.85,OTHER
2026-04-05 15:16:41,KXPGATOUR-VATO26-RMAC,YES,2737.14,OTHER
2026-04-05 15:21:43,KXWTAMATCH-26APR05FRIKAL-KAL,YES,2492.16,OTHER
2026-04-05 15:21:43,KXMVESPORTSMULTIGAMEEXTENDED-S20265CF4E3EC84C-E9F49D31057,YES,2881.69,OTHER
2026-04-05 15:26:15,KXATPMATCH-26APR05FUCTAB-TAB,YES,4345.60,OTHER
2026-04-05 15:26:15,KXATPMATCH-26APR05FUCTAB-TAB,YES,4423.68,OTHER
2026-04-05 15:27:46,KXNHLGAME-26APR05MINDET-MIN,YES,18090.60,OTHER
2026-04-05 15:28:16,KXNBAGAME-26APR05INDCLE-IND,YES,2087.92,OTHER
2026-04-05 15:28:16,KXNBAGAME-26APR05INDCLE-CLE,NO,2399.44,OTHER
2026-04-05 15:28:46,KXATPCHALLENGERMATCH-26APR05FERGAV-FER,YES,6566.40,OTHER
2026-04-05 15:28:46,KXWTAMATCH-26APR05FRIKAL-KAL,YES,4900.50,OTHER
2026-04-05 15:29:01,KXIPLGAME-26APR05CSKRCB-CSK,NO,2160.00,OTHER
2026-04-05 15:30:32,KXPGATOUR-VATO26-RMAC,YES,2250.00,OTHER
2026-04-05 15:30:32,KXPGATOUR-VATO26-RMAC,NO,2750.00,OTHER
2026-04-05 15:31:33,KXMLBGAME-26APR051340CHCCLE-CHC,YES,2896.32,OTHER
2026-04-05 15:36:05,KXMLBSPREAD-26APR051335MIANYY-NYY3,YES,2871.90,OTHER
2026-04-05 15:41:22,KXIPLGAME-26APR05CSKRCB-CSK,NO,2392.06,OTHER
2026-04-05 15:41:53,KXFEDDECISION-26APR-C25,NO,9907.92,OTHER
2026-04-05 15:42:08,KXSUPERLIGGAME-26APR05ANTEYU-ANT,YES,2475.00,OTHER
2026-04-05 15:43:08,KXFACUPGAME-26APR05WHULEE-TIE,NO,3550.00,OTHER
2026-04-05 15:43:23,KXIPLGAME-26APR05CSKRCB-RCB,YES,9302.62,OTHER
2026-04-05 15:43:54,KXIPLGAME-26APR05CSKRCB-CSK,NO,2342.04,OTHER
2026-04-05 15:45:24,KXAAAGASW-26APR06-4.110,YES,2966.37,OTHER
2026-04-05 15:45:39,KXMLBTOTAL-26APR051340CHCCLE-8,NO,2158.83,OTHER
2026-04-05 15:46:10,KXNCAAMBNIT-26-AUB,YES,4858.98,OTHER
2026-04-05 15:47:10,KXIPLGAME-26APR05CSKRCB-RCB,YES,3969.40,OTHER
2026-04-05 15:47:10,KXMLBGAME-26APR051340CHCCLE-CHC,YES,2896.32,OTHER
2026-04-05 15:48:26,KXMARMAD-26-CONN,NO,2169.68,OTHER
2026-04-05 15:48:41,KXNHLGAME-26APR05BOSPHI-PHI,YES,2316.52,OTHER
2026-04-05 15:49:41,KXIPLGAME-26APR05CSKRCB-RCB,YES,2048.78,OTHER
2026-04-05 15:50:12,KXLALIGA2GAME-26APR05ANDSAN-SAN,NO,2792.79,OTHER
2026-04-05 15:50:57,KXMVESPORTSMULTIGAMEEXTENDED-S2026E09D3D6CC24-0FBB5B8A7F4,YES,2815.65,OTHER
2026-04-05 15:51:27,KXATPMATCH-26APR05MONGRI-GRI,YES,4811.89,OTHER
2026-04-05 15:51:27,KXMVECROSSCATEGORY-S20260D11FB99437-2026787909F,YES,5467.17,OTHER
2026-04-05 15:52:28,KXLALIGAGAME-26APR05VCFRCC-RCC,YES,2560.11,OTHER
2026-04-05 15:52:28,KXMLBSPREAD-26APR051335MIANYY-NYY3,YES,4900.95,OTHER
2026-04-05 15:52:43,KXMLBSPREAD-26APR051335MIANYY-NYY3,YES,4787.10,OTHER
2026-04-05 15:53:13,KXMLBGAME-26APR051335LADWSH-LAD,YES,2907.45,OTHER
2026-04-05 15:53:58,KXPGATOUR-MAST26-CYOU,NO,2768.38,OTHER
2026-04-05 15:53:58,KXPGATOUR-MAST26-CYOU,NO,81863.15,OTHER
2026-04-05 15:53:58,KXPGATOUR-MAST26-CYOU,NO,9700.00,OTHER
2026-04-05 15:53:58,KXPGATOUR-MAST26-CYOU,NO,2425.00,OTHER
2026-04-05 15:55:14,KXMLBGAME-26APR051605HOUATH-HOU,YES,2896.32,OTHER
2026-04-05 15:55:29,KXMVESPORTSMULTIGAMEEXTENDED-S2026AD3392D8ECB-3F8A12B7E07,YES,4836.56,OTHER
2026-04-05 15:55:29,KXPGATOUR-MAST26-XSCH,NO,4800.00,OTHER
2026-04-05 15:55:29,KXPGATOUR-MAST26-XSCH,NO,7134.72,OTHER
2026-04-05 15:55:29,KXPGATOUR-MAST26-XSCH,NO,5760.00,OTHER
2026-04-05 15:55:29,KXPGATOUR-MAST26-XSCH,NO,6407.04,OTHER
2026-04-05 15:55:29,KXPGATOUR-MAST26-XSCH,NO,4800.00,OTHER
2026-04-05 15:57:30,KXLALIGA2GAME-26APR05ANDSAN-AND,YES,3465.00,OTHER
2026-04-05 15:57:45,KXMARMAD-26-CONN,NO,4440.00,OTHER
2026-04-05 16:00:32,KXIPLGAME-26APR05CSKRCB-CSK,NO,3580.05,OTHER
2026-04-05 16:02:02,KXATPCHALLENGERMATCH-26APR05BERAND-AND,YES,2424.20,OTHER
2026-04-05 16:05:19,KXNBAGAME-26APR05TORBOS-BOS,YES,3136.80,OTHER
2026-04-05 16:05:19,KXNBAGAME-26APR05TORBOS-BOS,YES,5656.80,OTHER
2026-04-05 16:05:19,KXNBAGAME-26APR05TORBOS-BOS,YES,7206.40,OTHER
2026-04-05 16:07:35,KXIPLGAME-26APR05CSKRCB-CSK,NO,9000.00,OTHER
2026-04-05 16:10:06,KXMLBGAME-26APR051410MILKC-KC,YES,4356.60,OTHER
2026-04-05 16:12:52,KXATPMATCH-26APR05MONGRI-MON,YES,2205.00,OTHER
2026-04-05 16:13:53,KXNBAGAME-26APR05TORBOS-BOS,YES,2667.20,OTHER
2026-04-05 16:13:53,KXNBAGAME-26APR05TORBOS-BOS,YES,19015.20,OTHER
2026-04-05 16:14:23,KXMVESPORTSMULTIGAMEEXTENDED-S2026616F18DFFEF-D409BD14450,YES,3566.40,OTHER
2026-04-05 16:16:09,KXIPLGAME-26APR05CSKRCB-RCB,YES,2827.52,OTHER
2026-04-05 16:17:39,KXIPLGAME-26APR05CSKRCB-RCB,YES,2389.24,OTHER
2026-04-05 16:17:39,KXMLBGAME-26APR051605HOUATH-HOU,YES,28000.00,OTHER
2026-04-05 16:18:25,KXATPMATCH-26APR05MONGRI-MON,YES,4119.16,OTHER
2026-04-05 16:18:25,KXIPLGAME-26APR05CSKRCB-CSK,NO,4381.44,OTHER
2026-04-05 16:18:40,KXIPLGAME-26APR05CSKRCB-RCB,YES,16139.52,OTHER
2026-04-05 16:18:55,KXIPLGAME-26APR05CSKRCB-CSK,NO,12518.82,OTHER
2026-04-05 16:18:55,KXIPLGAME-26APR05CSKRCB-CSK,NO,12132.76,OTHER
2026-04-05 16:21:26,KXATPMATCH-26APR05FUCTAB-TAB,YES,7071.57,OTHER
2026-04-05 16:21:41,KXFACUPGAME-26APR05WHULEE-WHU,NO,4169.70,OTHER
2026-04-05 16:22:27,KXATPMATCH-26APR05FUCTAB-TAB,YES,2796.75,OTHER
2026-04-05 16:22:27,KXATPMATCH-26APR05FUCTAB-FUC,NO,3913.14,OTHER
2026-04-05 16:22:57,KXWMARMAD-26-UCLA,YES,4560.00,OTHER
2026-04-05 16:24:28,KXIPLGAME-26APR05CSKRCB-CSK,NO,6039.22,OTHER
2026-04-05 16:25:13,KXIPLGAME-26APR05CSKRCB-RCB,YES,3211.46,OTHER
2026-04-05 16:28:15,KXIPLGAME-26APR05CSKRCB-CSK,NO,6175.95,OTHER
2026-04-05 16:29:15,KXMLBGAME-26APR051340CHCCLE-CLE,NO,5600.00,OTHER
2026-04-05 16:30:00,KXBTC15M-26APR051230-30,YES,2334.06,OUR
2026-04-05 16:31:46,KXATPCHALLENGERMATCH-26APR05NAGDAL-NAG,YES,4388.40,OTHER
2026-04-05 16:32:47,KXBUNDESLIGAGAME-26APR05SGEKOE-SGE,NO,4054.40,OTHER
2026-04-05 16:33:17,KXIPLGAME-26APR05CSKRCB-RCB,YES,22654.45,OTHER
2026-04-05 16:36:03,KXMARMAD-26-CONN,YES,2202.66,OTHER
2026-04-05 16:38:49,KXATPCHALLENGERMATCH-26APR05NEDKAR-KAR,NO,3960.00,OTHER
2026-04-05 16:38:49,KXNBAWEST-26-LAL,NO,3960.00,OTHER
2026-04-05 16:38:49,KXNBAWEST-26-LAL,NO,3321.45,OTHER
2026-04-05 16:40:20,KXIPLGAME-26APR05CSKRCB-RCB,YES,2234.40,OTHER
2026-04-05 16:41:36,KXWMARMAD-26-SCAR,YES,4095.00,OTHER
2026-04-05 16:41:36,KXMLBGAME-26APR051340CHCCLE-CHC,YES,2800.00,OTHER
2026-04-05 16:41:36,KXATPCHALLENGERMATCH-26APR05DIADEL-DIA,NO,2020.64,OTHER
2026-04-05 16:41:36,KXATPCHALLENGERMATCH-26APR05DIADEL-DIA,NO,4521.60,OTHER
2026-04-05 16:42:21,KXMVESPORTSMULTIGAMEEXTENDED-S202613D3F2BE42A-5BC49424071,YES,3120.80,OTHER
2026-04-05 16:45:53,KXMLBGAME-26APR051435CINTEX-TEX,YES,3540.78,OTHER
2026-04-05 16:46:53,KXNHLGAME-26APR05MINDET-MIN,YES,2124.08,OTHER
2026-04-05 16:47:08,KXNBA-26-LAL,NO,51480.00,OTHER
2026-04-05 16:47:39,KXIPLGAME-26APR05CSKRCB-RCB,YES,3965.76,OTHER
2026-04-05 16:49:09,KXIPLGAME-26APR05CSKRCB-CSK,NO,2292.11,OTHER
2026-04-05 16:49:39,KXMLBSPREAD-26APR051335MIANYY-NYY2,YES,2145.48,OTHER
2026-04-05 16:50:10,KXATPCHALLENGERMATCH-26APR05DIADEL-DEL,YES,4346.32,OTHER
2026-04-05 16:51:10,KXIPLGAME-26APR05CSKRCB-CSK,NO,2110.90,OTHER
2026-04-05 16:51:55,KXIPLGAME-26APR05CSKRCB-RCB,YES,3424.75,OTHER
2026-04-05 16:52:56,KXMLBGAME-26APR051340CHCCLE-CHC,YES,2030.00,OTHER
2026-04-05 16:55:12,KXPGATOUR-VATO26-RMAC,NO,2761.20,OTHER
2026-04-05 16:55:42,KXIPLGAME-26APR05CSKRCB-RCB,YES,5843.97,OTHER
2026-04-05 16:55:42,KXIPLGAME-26APR05CSKRCB-RCB,YES,9693.09,OTHER
2026-04-05 16:55:42,KXIPLGAME-26APR05CSKRCB-RCB,YES,10989.00,OTHER
2026-04-05 16:55:42,KXIPLGAME-26APR05CSKRCB-RCB,YES,3093.75,OTHER
2026-04-05 16:55:42,KXIPLGAME-26APR05CSKRCB-RCB,YES,7895.25,OTHER
2026-04-05 16:55:42,KXIPLGAME-26APR05CSKRCB-RCB,YES,10989.00,OTHER
2026-04-05 16:55:42,KXIPLGAME-26APR05CSKRCB-RCB,YES,10989.00,OTHER
2026-04-05 16:55:57,KXIPLGAME-26APR05CSKRCB-RCB,YES,2773.98,OTHER
2026-04-05 16:56:12,KXIPLGAME-26APR05CSKRCB-CSK,NO,5940.00,OTHER
2026-04-05 16:56:12,KXIPLGAME-26APR05CSKRCB-CSK,NO,2439.36,OTHER
2026-04-05 16:56:12,KXIPLGAME-26APR05CSKRCB-CSK,NO,3500.64,OTHER
2026-04-05 16:56:43,KXFACUPGAME-26APR05WHULEE-WHU,NO,4462.20,OTHER
2026-04-05 16:57:13,KXATPMATCH-26APR05MONGRI-GRI,NO,3557.33,OTHER
2026-04-05 16:57:28,KXMLBGAME-26APR051410TORCWS-TOR,YES,2420.48,OTHER
2026-04-05 16:58:13,KXATPMATCH-26APR05MONGRI-MON,YES,2320.23,OTHER
2026-04-05 16:59:29,KXLAYOFFSYINFO-26-494000,YES,4245.00,OTHER
2026-04-05 17:01:00,KXCBAGAME-26APR060735NINTIA-NIN,YES,2259.00,OTHER
2026-04-05 17:02:00,KXLIGUE1GAME-26APR05FCLPAR-TIE,YES,2056.56,OTHER
2026-04-05 17:02:46,KXMLBGAME-26APR051335LADWSH-LAD,NO,11173.14,OTHER
2026-04-05 17:02:46,KXMLBGAME-26APR051335LADWSH-WSH,YES,4750.00,OTHER
2026-04-05 17:02:46,KXMLBSPREAD-26APR051335BALPIT-PIT2,YES,8809.56,OTHER
2026-04-05 17:03:16,KXFACUPGAME-26APR05WHULEE-WHU,NO,3479.13,OTHER
2026-04-05 17:05:17,KXBUNDESLIGAGAME-26APR05SGEKOE-KOE,NO,2784.18,OTHER
2026-04-05 17:06:47,KXIPLGAME-26APR05CSKRCB-CSK,NO,2970.00,OTHER
2026-04-05 17:07:48,KXATPCHALLENGERMATCH-26APR05DIADEL-DEL,NO,2344.16,OTHER
2026-04-05 17:07:48,KXATPCHALLENGERMATCH-26APR05DIADEL-DEL,NO,3268.76,OTHER
2026-04-05 17:09:34,KXIPLGAME-26APR05CSKRCB-CSK,NO,2702.70,OTHER
2026-04-05 17:10:34,KXMARMAD-26-MICH,YES,3894.62,OTHER
2026-04-05 17:13:21,KXFACUPGAME-26APR05WHULEE-TIE,NO,4838.36,OTHER
2026-04-05 17:13:51,KXIPLGAME-26APR05CSKRCB-CSK,NO,11270.98,OTHER
2026-04-05 17:14:21,KXIPLGAME-26APR05CSKRCB-CSK,NO,2145.22,OTHER
2026-04-05 17:14:36,KXWTAMATCH-26APR05PEGSTA-PEG,YES,5099.71,OTHER
2026-04-05 17:14:36,KXBUNDESLIGAGAME-26APR05SGEKOE-TIE,YES,2101.74,OTHER
2026-04-05 17:15:52,KXMVESPORTSMULTIGAMEEXTENDED-S202663D02FF6D5B-F905D005BF0,YES,3331.00,OTHER
2026-04-05 17:18:53,KXMLBSPREAD-26APR051335MIANYY-NYY2,YES,2850.00,OTHER
2026-04-05 17:18:53,KXMLBSPREAD-26APR051335MIANYY-NYY2,YES,5700.00,OTHER
2026-04-05 17:18:53,KXMLBSPREAD-26APR051335MIANYY-NYY2,YES,3414.30,OTHER
2026-04-05 17:18:53,KXMLBSPREAD-26APR051335MIANYY-NYY2,YES,2479.50,OTHER
2026-04-05 17:18:53,KXIPLGAME-26APR05CSKRCB-CSK,NO,3261.14,OTHER
2026-04-05 17:18:53,KXMLBGAME-26APR051340CHCCLE-CHC,YES,2650.00,OTHER
2026-04-05 17:19:54,KXBTCD-26APR0514-T67799.99,NO,4950.00,OTHER
2026-04-05 17:19:54,KXIPLGAME-26APR05CSKRCB-CSK,NO,4900.00,OTHER
2026-04-05 17:21:09,KXLALIGAGAME-26APR05OVISEV-SEV,NO,5912.64,OTHER
2026-04-05 17:22:10,KXMLBGAME-26APR051335LADWSH-WSH,YES,2377.83,OTHER
2026-04-05 17:23:25,KXAAAGASW-26APR06-4.100,YES,8781.30,OTHER
2026-04-05 17:23:25,KXAAAGASW-26APR06-4.100,YES,10999.89,OTHER
2026-04-05 17:23:25,KXBTCD-26APR0514-T67799.99,NO,2668.05,OTHER
2026-04-05 17:23:41,KXMLBRFI-26APR051340CHCCLE,NO,2378.64,OTHER
2026-04-05 17:23:41,KXMLBRFI-26APR051340CHCCLE,NO,4537.05,OTHER
2026-04-05 17:23:56,KXMLBRFI-26APR051340CHCCLE,NO,3073.65,OTHER
2026-04-05 17:23:56,KXMLBRFI-26APR051340CHCCLE,NO,2486.76,OTHER
2026-04-05 17:23:56,KXMLBRFI-26APR051340CHCCLE,NO,2459.73,OTHER
2026-04-05 17:26:42,KXIPLGAME-26APR05CSKRCB-RCB,YES,6189.48,OTHER
2026-04-05 17:26:42,KXIPLGAME-26APR05CSKRCB-RCB,YES,11979.99,OTHER
2026-04-05 17:27:12,KXWTAMATCH-26APR05PEGSTA-PEG,YES,3850.00,OTHER
2026-04-05 17:27:27,KXIPLGAME-26APR05CSKRCB-RCB,YES,3562.02,OTHER
2026-04-05 17:27:27,KXIPLGAME-26APR05CSKRCB-RCB,YES,3960.00,OTHER
2026-04-05 17:27:58,KXWTAMATCH-26APR05PEGSTA-PEG,YES,2000.00,OTHER
2026-04-05 17:28:13,KXIPLGAME-26APR05CSKRCB-CSK,NO,8238.78,OTHER
2026-04-05 17:29:28,KXATPCHALLENGERMATCH-26APR05FELBIA-BIA,NO,4419.84,OTHER
2026-04-05 17:32:45,KXMLBTOTAL-26APR051335SDBOS-10,YES,2061.60,OTHER
2026-04-05 17:33:45,KXNBA-26-HOU,NO,11880.00,OTHER
2026-04-05 17:38:47,KXMLBGAME-26APR051335BALPIT-PIT,NO,4000.00,OTHER
2026-04-05 17:39:33,KXWTAMATCH-26APR05BOUUDV-UDV,YES,2947.65,OTHER
2026-04-05 17:41:49,KXWTAMATCH-26APR05PEGSTA-STA,NO,2513.44,OTHER
2026-04-05 17:45:21,KXLALIGAGAME-26APR05ALAOSA-ALA,YES,2160.00,OTHER
2026-04-05 17:46:36,KXBTCD-26APR0514-T67599.99,NO,2389.86,OTHER
2026-04-05 17:47:07,KXSERIEAGAME-26APR05PISTOR-TOR,YES,4587.30,OTHER
2026-04-05 17:47:07,KXSERIEAGAME-26APR05PISTOR-TOR,YES,2070.00,OTHER
2026-04-05 17:47:37,KXSERIEAGAME-26APR05PISTOR-TOR,YES,4404.60,OTHER
2026-04-05 17:48:37,KXWMARMAD-26-UCLA,YES,3797.72,OTHER
2026-04-05 17:49:22,KXWTAMATCH-26APR05PEGSTA-STA,NO,2581.44,OTHER
2026-04-05 17:50:08,KXBTCY-27JAN0100-B62500,NO,2011.46,OTHER
2026-04-05 17:52:24,KXMVESPORTSMULTIGAMEEXTENDED-S2026CD9E43C1EF5-C6C3FE3FDB1,YES,2568.49,OTHER
2026-04-05 17:54:10,KXLALIGAGAME-26APR05OVISEV-SEV,NO,5688.08,OTHER
2026-04-05 17:54:55,KXPGATOUR-VATO26-LABE,YES,13500.00,OTHER
2026-04-05 18:00:27,KXNBAGAME-26APR05PHXCHI-PHX,YES,2470.08,OTHER
2026-04-05 18:00:27,KXMLBGAME-26APR051340CHCCLE-CLE,YES,5290.99,OTHER
2026-04-05 18:02:43,KXMLBGAME-26APR051335BALPIT-BAL,NO,3900.00,OTHER
2026-04-05 18:03:44,KXBTC15M-26APR051415-15,NO,3475.65,OUR
2026-04-05 18:04:14,KXNBAGAME-26APR05TORBOS-BOS,YES,2477.60,OTHER
2026-04-05 18:05:30,KXPGATOUR-VATO26-MKIM,NO,2114.16,OTHER
2026-04-05 18:06:15,KXPGATOUR-VATO26-LABE,YES,2279.62,OTHER
2026-04-05 18:07:31,KXATPCHALLENGERMATCH-26APR05AVEHER-AVE,YES,4097.70,OTHER
2026-04-05 18:07:31,KXATPCHALLENGERMATCH-26APR05AVEHER-AVE,YES,4826.70,OTHER
2026-04-05 18:08:46,KXMLBGAME-26APR051340CHCCLE-CLE,YES,2160.50,OTHER
2026-04-05 18:08:46,KXMLBGAME-26APR051340CHCCLE-CHC,YES,2432.04,OTHER
2026-04-05 18:08:46,KXMLBGAME-26APR051340CHCCLE-CHC,YES,2213.64,OTHER
2026-04-05 18:09:16,KXMLBTOTAL-26APR051410TORCWS-8,YES,5331.42,OTHER
2026-04-05 18:09:47,KXMLBTOTAL-26APR051410TORCWS-8,YES,5500.00,OTHER
2026-04-05 18:09:47,KXPGATOUR-VATO26-LABE,NO,3085.12,OTHER
2026-04-05 18:10:32,KXNBAGAME-26APR05TORBOS-TOR,YES,5250.00,OTHER
2026-04-05 18:11:32,KXMLBTOTAL-26APR051335SDBOS-8,NO,2014.26,OTHER
2026-04-05 18:11:32,KXATPMATCH-26APR05KOUHUM-HUM,YES,2236.57,OTHER
2026-04-05 18:12:03,KXMLBGAME-26APR051335BALPIT-PIT,YES,2194.80,OTHER
2026-04-05 18:12:18,KXNBAGAME-26APR05WASBKN-WAS,YES,2863.56,OTHER
2026-04-05 18:13:33,KXPGATOUR-VATO26-LABE,NO,2497.44,OTHER
2026-04-05 18:14:04,KXPGATOUR-VATO26-RHIS,YES,2376.66,OTHER
2026-04-05 18:18:20,KXMLBGAME-26APR051335BALPIT-PIT,YES,4798.59,OTHER
2026-04-05 18:21:22,KXWTAMATCH-26APR05BOUUDV-UDV,NO,3411.29,OTHER
2026-04-05 18:22:52,KXNBASPREAD-26APR05TORBOS-BOS7,NO,2547.32,OTHER
2026-04-05 18:22:52,KXMVECROSSCATEGORY-S2026DBC71ECC6FE-2B4FB9FC6D7,YES,3084.00,OTHER
2026-04-05 18:23:23,KXMLBGAME-26APR051410TORCWS-TOR,YES,2210.32,OTHER
2026-04-05 18:23:53,KXNBASPREAD-26APR05TORBOS-BOS10,YES,2300.00,OTHER
2026-04-05 18:24:53,KXNBASPREAD-26APR05CHAMIN-CHA4,YES,4360.66,OTHER
2026-04-05 18:25:24,KXLALIGAGAME-26APR05OVISEV-OVI,YES,3162.93,OTHER
2026-04-05 18:25:24,KXLALIGAGAME-26APR05OVISEV-OVI,YES,3395.43,OTHER
2026-04-05 18:26:54,KXMVECROSSCATEGORY-S2026430AC765613-D52083EFEEE,YES,3152.01,OTHER
2026-04-05 18:27:55,KXMLBGAME-26APR051335SDBOS-BOS,YES,3475.98,OTHER
2026-04-05 18:27:55,KXMLBGAME-26APR051335SDBOS-BOS,YES,2255.00,OTHER
2026-04-05 18:30:41,KXNBASPREAD-26APR05CHAMIN-CHA1,YES,2399.46,OTHER
2026-04-05 18:32:42,KXMLBGAME-26APR051335SDBOS-SD,NO,7360.00,OTHER
2026-04-05 18:34:13,KXSERIEAGAME-26APR05INTROM-INT,YES,2700.72,OTHER
2026-04-05 18:39:15,KXMLBGAME-26APR051340CHCCLE-CLE,YES,2480.00,OTHER
2026-04-05 18:41:46,KXETHY-27JAN0100-B2625,NO,2808.00,OTHER
2026-04-05 18:42:16,KXPGATOUR-VATO26-LABE,NO,3222.52,OTHER
2026-04-05 18:43:17,KXMVESPORTSMULTIGAMEEXTENDED-S20261A972E41049-2453655E455,YES,13787.77,OTHER
2026-04-05 18:43:47,KXATPMATCH-26APR05KOUHUM-HUM,YES,3545.35,OTHER
2026-04-05 18:44:02,KXMVECROSSCATEGORY-S202640D11270EC1-DF599D9ABBD,YES,3268.58,OTHER
2026-04-05 18:44:32,KXATPCHALLENGERMATCH-26APR05KIESHE-SHE,YES,3325.14,OTHER
2026-04-05 18:46:18,KXATPMATCH-26APR05KOUHUM-HUM,YES,2249.10,OTHER
2026-04-05 18:47:19,KXLAYOFFSYINFO-26-494000,YES,2351.31,OTHER
2026-04-05 18:47:19,KXLAYOFFSYINFO-26-494000,YES,2345.36,OTHER
2026-04-05 18:47:49,KXNBASPREAD-26APR05PHXCHI-PHX10,YES,3240.00,OTHER
2026-04-05 18:48:34,KXWTAMATCH-26APR05BOUUDV-BOU,YES,3477.50,OTHER
2026-04-05 18:49:50,KXMARMAD-26-MICH,YES,5841.56,OTHER
2026-04-05 18:52:21,KXMLBSPREAD-26APR051410MILKC-MIL3,YES,2068.64,OTHER
2026-04-05 18:52:51,KXMLBGAME-26APR051340CHCCLE-CHC,YES,3784.73,OTHER
2026-04-05 18:55:53,KXNBA-26-LAL,NO,2318.58,OTHER
2026-04-05 18:56:23,KXWMARMAD-26-UCLA,YES,2827.20,OTHER
2026-04-05 18:56:53,KXMLBGAME-26APR051410MILKC-MIL,YES,4167.20,OTHER
2026-04-05 18:57:24,KXNBAGAME-26APR05TORBOS-BOS,YES,3036.00,OTHER
2026-04-05 18:57:24,KXNBAGAME-26APR05PHXCHI-PHX,YES,3623.76,OTHER
2026-04-05 18:57:24,KXMLBGAME-26APR051335SDBOS-SD,YES,2015.20,OTHER
2026-04-05 18:58:39,KXWMARMAD-26-SCAR,NO,3830.02,OTHER
2026-04-05 18:59:09,KXBTC15M-26APR051500-00,NO,2071.92,OUR
2026-04-05 19:03:11,KXNBAGAME-26APR05TORBOS-BOS,YES,3722.40,OTHER
2026-04-05 19:03:11,KXCITRINI-28JUL01,NO,3485.00,OTHER
2026-04-05 19:03:26,KXMLBSPREAD-26APR051605HOUATH-HOU2,YES,4814.55,OTHER
2026-04-05 19:05:57,KXMLBGAME-26APR051335SDBOS-BOS,NO,3564.00,OTHER
2026-04-05 19:05:57,KXCITRINI-28JUL01,NO,4182.00,OTHER
2026-04-05 19:05:57,KXCITRINI-28JUL01,NO,2639.54,OTHER
2026-04-05 19:06:43,KXMLBTOTAL-26APR051510PHICOL-12,NO,2616.08,OTHER
2026-04-05 19:07:13,KXCITRINI-28JUL01,YES,2121.00,OTHER
2026-04-05 19:07:13,KXWMARMAD-26-UCLA,YES,3725.90,OTHER
2026-04-05 19:08:59,KXMLBTOTAL-26APR051607SEALAA-10,NO,3520.89,OTHER
2026-04-05 19:08:59,KXMLBTOTAL-26APR051607SEALAA-10,NO,2850.00,OTHER
2026-04-05 19:08:59,KXMLBTOTAL-26APR051607SEALAA-10,NO,11400.00,OTHER
2026-04-05 19:08:59,KXMLBTOTAL-26APR051607SEALAA-10,NO,4478.49,OTHER
2026-04-05 19:08:59,KXMLBTOTAL-26APR051607SEALAA-10,NO,5700.00,OTHER
2026-04-05 19:10:00,KXCITRINI-28JUL01,YES,2121.00,OTHER
2026-04-05 19:10:30,KXCITRINI-28JUL01,YES,2121.00,OTHER
2026-04-05 19:11:00,KXNBAGAME-26APR05LALDAL-DAL,YES,4824.96,OTHER
2026-04-05 19:11:30,KXCITRINI-28JUL01,NO,4879.00,OTHER
2026-04-05 19:11:30,KXCITRINI-28JUL01,NO,2639.54,OTHER
2026-04-05 19:13:01,KXCITRINI-28JUL01,NO,4879.00,OTHER
2026-04-05 19:13:01,KXCITRINI-28JUL01,NO,2355.86,OTHER
2026-04-05 19:13:31,KXWMARMAD-26-UCLA,YES,2348.02,OTHER
2026-04-05 19:14:32,KXBTC15M-26APR051515-15,YES,9697.09,OUR
2026-04-05 19:16:02,KXNCAAMB2ML-26APR03ILLCONNMICHARIZSCARCONNTEXUCLA-MICHSCAR,YES,2406.64,OTHER
2026-04-05 19:17:03,KXMLBGAME-26APR051335BALPIT-PIT,YES,2970.00,OTHER
2026-04-05 19:17:03,KXMLBGAME-26APR051335BALPIT-PIT,YES,3659.04,OTHER
2026-04-05 19:17:03,KXMLBGAME-26APR051335BALPIT-PIT,YES,2970.00,OTHER
2026-04-05 19:17:03,KXMLBGAME-26APR051335BALPIT-PIT,YES,4950.00,OTHER
2026-04-05 19:17:18,KXMLBGAME-26APR051410TBMIN-MIN,YES,2240.00,OTHER
2026-04-05 19:18:03,KXWMARMAD-26-UCLA,YES,3800.00,OTHER
2026-04-05 19:18:03,KXNHLGAME-26APR05MINDET-DET,NO,3456.00,OTHER
2026-04-05 19:18:34,KXNHLTOTAL-26APR05MINDET-7,YES,12400.00,OTHER
2026-04-05 19:20:35,KXMLBSPREAD-26APR051335BALPIT-PIT2,YES,5166.15,OTHER
2026-04-05 19:20:50,KXNCAAMB2ML-26APR03ILLCONNMICHARIZSCARCONNTEXUCLA-CONNUCLA,NO,4522.40,OTHER
2026-04-05 19:22:36,KXNHLGAME-26APR05MINDET-MIN,YES,5950.00,OTHER
2026-04-05 19:23:06,KXPGATOUR-VATO26-LABE,NO,3346.02,OTHER
2026-04-05 19:25:07,KXNBASPREAD-26APR05MEMMIL-MIL6,YES,3240.00,OTHER
2026-04-05 19:25:37,KXWMARMAD-26-SCAR,YES,4906.44,OTHER
2026-04-05 19:27:08,KXWMARMAD-26-UCLA,YES,2375.00,OTHER
2026-04-05 19:28:08,KXWMARMAD-26-SCAR,YES,2436.84,OTHER
2026-04-05 19:29:09,KXMLBGAME-26APR051435CINTEX-CIN,YES,2440.00,OTHER
2026-04-05 19:29:24,KXMVECROSSCATEGORY-S2026D2A63DCE607-2907B65DDF3,YES,4812.61,OTHER
2026-04-05 19:29:24,KXNBASPREAD-26APR05TORBOS-BOS25,NO,3216.85,OTHER
2026-04-05 19:31:40,KXWTAMATCH-26APR05BOUUDV-UDV,NO,2236.78,OTHER
2026-04-05 19:31:55,KXWTAMATCH-26APR05BOUUDV-BOU,YES,2730.00,OTHER
2026-04-05 19:32:25,KXMLBGAME-26APR051605NYMSF-SF,YES,4548.46,OTHER
2026-04-05 19:32:25,KXMLBGAME-26APR051605NYMSF-SF,YES,9879.73,OTHER
2026-04-05 19:32:25,KXMLBGAME-26APR051605NYMSF-SF,YES,12069.16,OTHER
2026-04-05 19:32:40,KXWMARMAD-26-SCAR,YES,10661.49,OTHER
2026-04-05 19:32:40,KXWMARMAD-26-SCAR,YES,11025.00,OTHER
2026-04-05 19:33:25,KXWMARMAD-26-SCAR,NO,2374.62,OTHER
2026-04-05 19:34:41,KXNBAGAME-26APR05LALDAL-DAL,YES,4739.04,OTHER
2026-04-05 19:36:27,KXSERIEAGAME-26APR05INTROM-INT,YES,4782.40,OTHER
2026-04-05 19:36:27,KXSERIEAGAME-26APR05INTROM-INT,YES,4446.40,OTHER
2026-04-05 19:37:27,KXWMARMAD-26-SCAR,YES,3270.96,OTHER
2026-04-05 19:38:43,KXMLBGAME-26APR051610ATLAZ-ATL,YES,5100.00,OTHER
2026-04-05 19:40:44,KXMLBGAME-26APR051435CINTEX-TEX,YES,2647.84,OTHER
2026-04-05 19:40:44,KXMLBGAME-26APR051340CHCCLE-CHC,YES,3063.28,OTHER
2026-04-05 19:40:44,KXMLBGAME-26APR051340CHCCLE-CHC,YES,5280.00,OTHER
2026-04-05 19:40:59,KXMVECROSSCATEGORY-S2026F8D08A459C5-ADDAD5EE843,YES,4855.20,OTHER
2026-04-05 19:41:29,KXMLBGAME-26APR051340CHCCLE-CLE,NO,3600.00,OTHER
2026-04-05 19:43:30,KXNBAGAME-26APR05MEMMIL-MIL,YES,2323.56,OTHER
2026-04-05 19:44:16,KXMVESPORTSMULTIGAMEEXTENDED-S202602E7E666430-947897B1618,YES,2465.55,OTHER
2026-04-05 19:45:46,KXWMARMAD-26-SCAR,NO,3505.32,OTHER
2026-04-05 19:46:32,KXWMARMAD-26-UCLA,YES,3075.00,OTHER
2026-04-05 19:48:33,KXMLBGAME-26APR051340CHCCLE-CHC,YES,8813.15,OTHER
2026-04-05 19:49:03,KXNCAAMBSPREAD-26APR06CONNMICH-MICH7,NO,2892.78,OTHER
2026-04-05 19:49:18,KXNBAGAME-26APR05TORBOS-BOS,YES,2744.85,OTHER
2026-04-05 19:50:49,KXMLBGAME-26APR051335SDBOS-BOS,YES,2089.75,OTHER
2026-04-05 19:51:19,KXMLBGAME-26APR051335SDBOS-SD,YES,2940.00,OTHER
2026-04-05 19:52:35,KXMLBSPREAD-26APR051605HOUATH-HOU4,NO,7488.34,OTHER
2026-04-05 19:53:05,KXNBAGAME-26APR05TORBOS-BOS,YES,37050.09,OTHER
2026-04-05 19:53:05,KXNBAGAME-26APR05TORBOS-BOS,YES,7472.85,OTHER
2026-04-05 19:53:05,KXNBAGAME-26APR05TORBOS-TOR,NO,4013.56,OTHER
2026-04-05 19:54:51,KXMLBGAME-26APR051335LADWSH-LAD,YES,2852.44,OTHER
2026-04-05 19:56:36,KXMLBGAME-26APR051610ATLAZ-ATL,YES,2415.87,OTHER
2026-04-05 19:57:22,KXSERIEAGAME-26APR05INTROM-ROM,NO,4900.00,OTHER
2026-04-05 19:59:53,KXNBAGAME-26APR05WASBKN-BKN,YES,2441.03,OTHER
2026-04-05 20:00:08,KXMLBGAME-26APR051605HOUATH-ATH,YES,6041.18,OTHER
2026-04-05 20:01:09,KXWMARMAD-26-UCLA,YES,2251.65,OTHER
2026-04-05 20:03:25,KXSERIEAGAME-26APR06LECATA-ATA,YES,9652.94,OTHER
2026-04-05 20:03:25,KXSERIEAGAME-26APR06LECATA-ATA,YES,5740.93,OTHER
2026-04-05 20:03:25,KXSERIEAGAME-26APR06LECATA-ATA,YES,2900.00,OTHER
2026-04-05 20:03:25,KXSERIEAGAME-26APR06LECATA-ATA,YES,2850.00,OTHER
2026-04-05 20:03:40,KXWMARMAD-26-UCLA,YES,2775.74,OTHER
2026-04-05 20:04:10,KXSERIEAGAME-26APR06JUVGEN-JUV,YES,3650.00,OTHER
2026-04-05 20:04:10,KXSERIEAGAME-26APR06JUVGEN-JUV,YES,2590.00,OTHER
2026-04-05 20:04:10,KXSERIEAGAME-26APR06JUVGEN-JUV,YES,24307.54,OTHER
2026-04-05 20:04:10,KXSERIEAGAME-26APR06JUVGEN-JUV,YES,8882.96,OTHER
2026-04-05 20:04:10,KXSERIEAGAME-26APR06JUVGEN-JUV,YES,2520.00,OTHER
2026-04-05 20:04:10,KXSERIEAGAME-26APR06JUVGEN-JUV,YES,3700.00,OTHER
2026-04-05 20:04:10,KXWMARMAD-26-UCLA,YES,5812.50,OTHER
2026-04-05 20:04:25,KXNBAGAME-26APR05TORBOS-BOS,YES,2185.00,OTHER
2026-04-05 20:04:56,KXNBASPREAD-26APR05INDCLE-CLE12,YES,3578.64,OTHER
2026-04-05 20:07:27,KXPGATOUR-VATO26-MWAL,NO,2200.00,OTHER
2026-04-05 20:08:27,KXNBASPREAD-26APR05UTAOKC-OKC25,YES,5638.68,OTHER
2026-04-05 20:11:44,KXBTCY-27JAN0100-B67500,NO,2802.00,OTHER
2026-04-05 20:11:59,KXBTCY-27JAN0100-B62500,NO,2805.00,OTHER
2026-04-05 20:12:29,KXPGATOUR-VATO26-RHIS,NO,2775.36,OTHER
2026-04-05 20:13:14,KXBTCY-27JAN0100-B37500,NO,2857.71,OTHER
2026-04-05 20:14:00,KXNBAGAME-26APR05TORBOS-BOS,YES,3498.88,OTHER
2026-04-05 20:15:00,KXMLBGAME-26APR051410TORCWS-CWS,YES,2302.02,OTHER
2026-04-05 20:15:00,KXNBAGAME-26APR05MEMMIL-MIL,YES,2165.40,OTHER
2026-04-05 20:16:01,KXPGATOUR-VATO26-RMAC,YES,2051.14,OTHER
2026-04-05 20:17:46,KXNBAGAME-26APR05TORBOS-BOS,YES,2108.16,OTHER
2026-04-05 20:18:02,KXATPCHALLENGERMATCH-26APR05CATSCH-SCH,NO,2177.56,OTHER
2026-04-05 20:18:02,KXMLBGAME-26APR051335LADWSH-LAD,YES,2589.60,OTHER
2026-04-05 20:18:47,KXWMARMAD-26-UCLA,YES,3160.00,OTHER
2026-04-05 20:20:33,KXNBAGAME-26APR05TORBOS-BOS,YES,9238.48,OTHER
2026-04-05 20:21:18,KXLIGUE1GAME-26APR05ASMOM-ASM,YES,2179.20,OTHER
2026-04-05 20:22:03,KXNCAAMB2ML-26APR03ILLCONNMICHARIZSCARCONNTEXUCLA-MICHUCLA,YES,2902.80,OTHER
2026-04-05 20:22:34,KXNBAGAME-26APR05TORBOS-TOR,NO,2419.68,OTHER
2026-04-05 20:23:19,KXURYPDGAME-26APR05CERDEF-CER,YES,3465.00,OTHER
2026-04-05 20:24:04,KXATPMATCH-26APR05BURPAU-BUR,NO,6219.00,OTHER
2026-04-05 20:24:50,KXPGATOUR-VATO26-LABE,NO,2226.86,OTHER
2026-04-05 20:26:05,KXNBAGAME-26APR05TORBOS-BOS,YES,2590.79,OTHER
2026-04-05 20:27:51,KXLIGUE1GAME-26APR05ASMOM-ASM,YES,3465.00,OTHER
2026-04-05 20:27:51,KXLIGUE1GAME-26APR05ASMOM-ASM,YES,3798.48,OTHER
2026-04-05 20:28:22,KXMVECROSSCATEGORY-S202678A71467CFA-C5E9152E680,YES,2774.06,OTHER
2026-04-05 20:29:52,KXATPMATCH-26APR05BURPAU-BUR,NO,2370.00,OTHER
2026-04-05 20:29:52,KXLIGUE1GAME-26APR05ASMOM-OM,NO,12582.90,OTHER
2026-04-05 20:34:39,KXPGATOUR-VATO26-RMAC,NO,2633.07,OTHER
2026-04-05 20:34:39,KXPGATOUR-VATO26-RMAC,NO,2599.74,OTHER
2026-04-05 20:34:39,KXPGATOUR-VATO26-RMAC,NO,2666.40,OTHER
2026-04-05 20:35:10,KXNBAGAME-26APR05PHXCHI-CHI,NO,2265.07,OTHER
2026-04-05 20:35:40,KXPGATOUR-VATO26-RMAC,YES,2675.00,OTHER
2026-04-05 20:38:11,KXPGATOUR-VATO26-LABE,NO,4779.72,OTHER
2026-04-05 20:38:11,KXPGATOUR-VATO26-LABE,NO,3580.83,OTHER
2026-04-05 20:38:56,KXMLBGAME-26APR051410TBMIN-TB,YES,2090.56,OTHER
2026-04-05 20:38:56,KXMLBGAME-26APR051410TBMIN-TB,YES,2589.70,OTHER
2026-04-05 20:39:11,KXNBAGAME-26APR05MEMMIL-MEM,NO,4554.28,OTHER
2026-04-05 20:39:27,KXNBAGAME-26APR05PHXCHI-CHI,NO,3386.91,OTHER
2026-04-05 20:39:57,KXMLBGAME-26APR051510PHICOL-PHI,NO,3243.92,OTHER
2026-04-05 20:42:13,KXWMARMAD-26-SCAR,NO,4396.84,OTHER
2026-04-05 20:42:58,KXBTCD-26APR0517-T67749.99,NO,3480.00,OTHER
2026-04-05 20:44:14,KXATPCHALLENGERMATCH-26APR05VANMAR-VAN,NO,3905.76,OTHER
2026-04-05 20:44:44,KXMLBTOTAL-26APR051435CINTEX-5,YES,3150.00,OTHER
2026-04-05 20:44:59,KXBTCD-26APR0517-T67499.99,YES,3160.54,OTHER
2026-04-05 20:46:45,KXPGATOUR-VATO26-JSPA,YES,2900.00,OTHER
2026-04-05 20:46:45,KXPGATOUR-VATO26-JSPA,YES,3658.00,OTHER
2026-04-05 20:47:30,KXWMARMAD-26-UCLA,YES,3950.00,OTHER
2026-04-05 20:47:30,KXWMARMAD-26-SCAR,NO,2236.02,OTHER
2026-04-05 20:47:30,KXWMARMAD-26-SCAR,NO,4100.00,OTHER
2026-04-05 20:47:46,KXMLBTOTAL-26APR051410TBMIN-7,NO,2641.32,OTHER
2026-04-05 20:48:46,KXPGATOUR-VATO26-JSPA,NO,2328.30,OTHER
2026-04-05 20:50:32,KXWMARMAD-26-SCAR,NO,4700.00,OTHER
2026-04-05 20:50:47,KXNHLGAME-26APR05CAROTT-CAR,YES,2940.30,OTHER
2026-04-05 20:51:32,KXWMARMAD-26-UCLA,YES,2866.56,OTHER
2026-04-05 20:51:47,KXATPMATCH-26APR05BURPAU-PAU,YES,5389.80,OTHER
2026-04-05 20:53:03,KXNBASPREAD-26APR05PHXCHI-PHX19,NO,9162.37,OTHER
2026-04-05 20:54:34,KXWMARMAD-26-UCLA,YES,17857.70,OTHER
2026-04-05 20:54:34,KXWMARMAD-26-UCLA,YES,3847.02,OTHER
2026-04-05 20:56:04,KXWMARMAD-26-SCAR,NO,4785.34,OTHER
2026-04-05 20:56:20,KXMLBGAME-26APR051335LADWSH-LAD,YES,3317.76,OTHER
2026-04-05 20:56:35,KXWMARMAD-26-UCLA,YES,3124.24,OTHER
2026-04-05 20:56:35,KXWMARMAD-26-SCAR,NO,8293.74,OTHER
2026-04-05 20:57:05,KXMLBGAME-26APR051335LADWSH-LAD,YES,2413.44,OTHER
2026-04-05 20:57:05,KXMLBGAME-26APR051335LADWSH-LAD,YES,2201.76,OTHER
2026-04-05 20:57:35,KXWMARMAD-26-UCLA,YES,4272.80,OTHER
2026-04-05 20:58:05,KXWMARMAD-26-SCAR,NO,2940.00,OTHER
2026-04-05 20:58:05,KXWMARMAD-26-SCAR,NO,9800.00,OTHER
2026-04-05 20:58:20,KXWMARMAD-26-UCLA,YES,8374.10,OTHER
2026-04-05 20:59:06,KXPGATOUR-VATO26-JSPA,NO,4807.62,OTHER
2026-04-05 21:00:22,KXNBAGAME-26APR05TORBOS-BOS,YES,4882.92,OTHER
2026-04-05 21:00:22,KXMVESPORTSMULTIGAMEEXTENDED-S2026D634CAFDD7F-69C465C8974,NO,2813.76,OTHER
2026-04-05 21:01:07,KXLALIGAGAME-26APR06GIRVIL-VIL,YES,2200.00,OTHER
2026-04-05 21:01:07,KXLALIGAGAME-26APR06GIRVIL-VIL,YES,7943.32,OTHER
2026-04-05 21:02:07,KXATPMATCH-26APR05BURPAU-PAU,YES,3579.38,OTHER
2026-04-05 21:02:22,KXMVESPORTSMULTIGAMEEXTENDED-S2026840D96F391F-B03781752E5,YES,4688.30,OTHER
2026-04-05 21:03:08,KXNCAAMBCBC-26-WVU,YES,2994.23,OTHER
2026-04-05 21:03:23,KXMLBGAME-26APR051410MILKC-MIL,YES,7680.00,OTHER
2026-04-05 21:03:23,KXMLBGAME-26APR051410MILKC-MIL,YES,2772.48,OTHER
2026-04-05 21:03:53,KXNBAGAME-26APR05TORBOS-TOR,YES,2574.62,OTHER
2026-04-05 21:04:39,KXMLBGAME-26APR051410MILKC-MIL,YES,2727.64,OTHER
2026-04-05 21:04:54,KXMLBGAME-26APR051510PHICOL-COL,YES,3613.98,OTHER
2026-04-05 21:06:09,KXNBASPREAD-26APR05TORBOS-BOS10,NO,2564.80,OTHER
2026-04-05 21:06:09,KXNBASPREAD-26APR05TORBOS-BOS10,NO,4435.20,OTHER
2026-04-05 21:06:24,KXATPMATCH-26APR05BURPAU-BUR,NO,2337.16,OTHER
2026-04-05 21:06:55,KXNBAGAME-26APR05PHXCHI-CHI,NO,2516.20,OTHER
2026-04-05 21:08:10,KXNCAAWBSPREAD-26APR05SCARUCLA-UCLA6,YES,2168.64,OTHER
2026-04-05 21:08:25,KXMVESPORTSMULTIGAMEEXTENDED-S202622D79481A5B-2D483C8620C,NO,2097.41,OTHER
2026-04-05 21:09:11,KXPGATOUR-VATO26-JSPA,NO,2323.76,OTHER
2026-04-05 21:10:41,KXPGATOUR-VATO26-RMAC,NO,2400.00,OTHER
2026-04-05 21:10:41,KXPGATOUR-VATO26-RMAC,NO,4791.36,OTHER
2026-04-05 21:10:57,KXMVESPORTSMULTIGAMEEXTENDED-S2026B8C07EE778E-0F9DB4DC340,NO,4697.42,OTHER
2026-04-05 21:10:57,KXATPCHALLENGERMATCH-26APR05BROBIG-BRO,NO,3742.62,OTHER
2026-04-05 21:12:12,KXATPMATCH-26APR05BURPAU-PAU,YES,3537.45,OTHER
2026-04-05 21:12:42,KXMLBGAME-26APR051435CINTEX-CIN,YES,2432.16,OTHER
2026-04-05 21:13:13,KXMVESPORTSMULTIGAMEEXTENDED-S20267C39118C3B1-FF91A11CB61,NO,3544.39,OTHER
2026-04-05 21:13:43,KXPGATOUR-VATO26-RMAC,NO,2910.00,OTHER
2026-04-05 21:13:43,KXMLBGAME-26APR051335MIANYY-NYY,YES,3894.62,OTHER
2026-04-05 21:14:28,KXMLBGAME-26APR051605NYMSF-NYM,YES,2627.80,OTHER
2026-04-05 21:15:44,KXMVECROSSCATEGORY-S202660902FBB452-FC2EB1640D6,YES,2373.14,OTHER
2026-04-05 21:16:14,KXATPMATCH-26APR05BURPAU-PAU,YES,4285.44,OTHER
2026-04-05 21:16:14,KXNBAGAME-26APR05UTAOKC-OKC,YES,21863.80,OTHER
2026-04-05 21:16:14,KXNBAGAME-26APR05UTAOKC-OKC,YES,38051.44,OTHER
2026-04-05 21:19:00,KXMLBGAME-26APR051605HOUATH-HOU,YES,2412.48,OTHER
2026-04-05 21:19:16,KXNCAAMBSPREAD-26APR05OKLAWVU-OKLA3,YES,5380.00,OTHER
2026-04-05 21:19:16,KXNCAAMBSPREAD-26APR05OKLAWVU-OKLA3,YES,3605.00,OTHER
2026-04-05 21:19:16,KXNCAAMBSPREAD-26APR05OKLAWVU-OKLA3,YES,9418.00,OTHER
2026-04-05 21:20:01,KXMLBGAME-26APR051435CINTEX-CIN,YES,3480.00,OTHER
2026-04-05 21:20:16,KXNBASPREAD-26APR05TORBOS-BOS10,NO,4965.08,OTHER
2026-04-05 21:20:46,KXPGATOUR-VATO26-APUT,NO,4675.44,OTHER
2026-04-05 21:20:46,KXNBAGAME-26APR05WASBKN-BKN,YES,2580.60,OTHER
2026-04-05 21:21:32,KXMLBGAME-26APR051920STLDET-DET,NO,2432.32,OTHER
2026-04-05 21:21:32,KXMLBGAME-26APR051920STLDET-DET,NO,3594.36,OTHER
2026-04-05 21:21:32,KXMLBGAME-26APR051920STLDET-DET,NO,5500.00,OTHER
2026-04-05 21:22:02,KXMLBGAME-26APR051920STLDET-DET,YES,2800.00,OTHER
2026-04-05 21:23:18,KXATPMATCH-26APR05BURPAU-BUR,YES,2592.00,OTHER
2026-04-05 21:24:03,KXMARMAD-26-CONN,YES,4655.07,OTHER
2026-04-05 21:25:03,KXNBAGAME-26APR05LALDAL-LAL,YES,2600.00,OTHER
2026-04-05 21:26:19,KXNBAGAME-26APR05UTAOKC-OKC,YES,27943.72,OTHER
2026-04-05 21:26:19,KXNBAGAME-26APR05TORBOS-TOR,NO,2953.48,OTHER
2026-04-05 21:28:35,KXMLBTOTAL-26APR051920STLDET-9,NO,3526.62,OTHER
2026-04-05 21:28:35,KXMLBTOTAL-26APR051920STLDET-9,NO,3700.46,OTHER
2026-04-05 21:31:21,KXPGATOUR-VATO26-RMAC,YES,2727.20,OTHER
2026-04-05 21:33:07,KXNBAGAME-26APR05PHXCHI-PHX,YES,2490.00,OTHER
2026-04-05 21:33:37,KXNBAGAME-26APR05PHXCHI-CHI,NO,2050.00,OTHER
2026-04-05 21:34:08,KXATPMATCH-26APR05BURPAU-BUR,YES,2220.00,OTHER
2026-04-05 21:35:08,KXNBAGAME-26APR05LALDAL-DAL,YES,3989.58,OTHER
2026-04-05 21:35:08,KXNBAGAME-26APR05LALDAL-DAL,YES,3989.58,OTHER
2026-04-05 21:35:08,KXNBAGAME-26APR05LALDAL-DAL,YES,11700.22,OTHER
2026-04-05 21:35:08,KXNBAGAME-26APR05LALDAL-DAL,YES,3989.58,OTHER
2026-04-05 21:35:08,KXNBAGAME-26APR05LALDAL-DAL,YES,3989.58,OTHER
2026-04-05 21:35:08,KXNBAGAME-26APR05LALDAL-DAL,YES,3989.58,OTHER
2026-04-05 21:36:24,KXNBAGAME-26APR05WASBKN-WAS,YES,2449.92,OTHER
2026-04-05 21:37:09,KXLAYOFFSYINFO-26-494000,YES,2259.80,OTHER
2026-04-05 21:37:24,KXMLBGAME-26APR051605HOUATH-ATH,NO,4050.00,OTHER
2026-04-05 21:37:54,KXNBAGAME-26APR05TORBOS-BOS,YES,38352.60,OTHER
2026-04-05 21:37:54,KXNBAGAME-26APR05TORBOS-BOS,YES,5671.71,OTHER
2026-04-05 21:38:25,KXMLBGAME-26APR051335MIANYY-NYY,YES,2133.66,OTHER
2026-04-05 21:38:40,KXNBAGAME-26APR05PHXCHI-PHX,YES,6300.00,OTHER
2026-04-05 21:39:25,KXPGATOUR-VATO26-JSPA,YES,2125.00,OTHER
2026-04-05 21:40:41,KXBTCY-27JAN0100-B82500,NO,2856.00,OTHER
2026-04-05 21:41:41,KXCPI-26MAR-T1.1,NO,4859.44,OTHER
2026-04-05 21:42:11,KXNBAGAME-26APR05TORBOS-TOR,NO,3130.38,OTHER
2026-04-05 21:42:26,KXSURVIVOR-26DEC31-JOE,NO,2458.17,OTHER
2026-04-05 21:43:27,KXMLBGAME-26APR051605HOUATH-HOU,YES,3641.04,OTHER
2026-04-05 21:45:43,KXBTCD-26APR0617-T62999.99,YES,2497.77,OTHER
2026-04-05 21:45:43,KXMLBGAME-26APR051610ATLAZ-AZ,YES,6168.88,OTHER
2026-04-05 21:45:43,KXMLBGAME-26APR051610ATLAZ-AZ,YES,2320.00,OTHER
2026-04-05 21:45:43,KXMLBGAME-26APR051610ATLAZ-AZ,YES,2032.90,OTHER
2026-04-05 21:45:43,KXMLBGAME-26APR051610ATLAZ-AZ,YES,2320.00,OTHER
2026-04-05 21:45:43,KXMLBGAME-26APR051610ATLAZ-AZ,YES,2320.00,OTHER
2026-04-05 21:45:58,KXATPMATCH-26APR05BURPAU-PAU,NO,2971.80,OTHER
2026-04-05 21:47:44,KXMLBGAME-26APR051335LADWSH-LAD,NO,3317.92,OTHER
2026-04-05 21:47:44,KXNBAGAME-26APR05PHXCHI-PHX,NO,3000.00,OTHER
2026-04-05 21:50:15,KXMARMAD-26-CONN,NO,2551.52,OTHER
2026-04-05 21:51:01,KXMLBTOTAL-26APR051607SEALAA-9,NO,2360.60,OTHER
2026-04-05 21:51:16,KXBTCD-26APR0518-T67399.99,YES,2035.46,OTHER
2026-04-05 21:52:01,KXNBAGAME-26APR05INDCLE-CLE,YES,2654.22,OTHER
2026-04-05 21:52:31,KXNBAGAME-26APR05CHAMIN-CHA,YES,10939.13,OTHER
2026-04-05 21:52:31,KXNBAGAME-26APR05CHAMIN-CHA,YES,3582.60,OTHER
2026-04-05 21:52:31,KXNBAGAME-26APR05ORLNOP-ORL,YES,2068.56,OTHER
2026-04-05 21:53:02,KXPGATOUR-VATO26-RMAC,NO,4250.00,OTHER
2026-04-05 21:54:02,KXPGATOUR-VATO26-RMAC,YES,4716.60,OTHER
2026-04-05 21:58:19,KXNBAGAME-26APR05WASBKN-WAS,NO,2730.00,OTHER
2026-04-05 22:00:05,KXNBAGAME-26APR05WASBKN-WAS,NO,5653.89,OTHER
2026-04-05 22:00:05,KXMLBGAME-26APR051605NYMSF-SF,YES,2733.06,OTHER
2026-04-05 22:00:50,KXPGATOUR-VATO26-RMAC,NO,8295.85,OTHER
2026-04-05 22:00:50,KXATPMATCH-26APR05BURPAU-BUR,YES,6426.25,OTHER
2026-04-05 22:00:50,KXATPMATCH-26APR05BURPAU-BUR,YES,5969.28,OTHER
2026-04-05 22:00:50,KXATPMATCH-26APR05BURPAU-BUR,YES,5691.45,OTHER
2026-04-05 22:00:50,KXATPMATCH-26APR05BURPAU-BUR,YES,6975.64,OTHER
2026-04-05 22:00:50,KXATPMATCH-26APR05BURPAU-BUR,YES,3894.72,OTHER
2026-04-05 22:03:07,KXMLBGAME-26APR051605NYMSF-NYM,YES,4955.58,OTHER
2026-04-05 22:03:37,KXATPMATCH-26APR05BURPAU-BUR,YES,2831.98,OTHER
2026-04-05 22:04:07,KXMLBGAME-26APR051605NYMSF-NYM,NO,3670.82,OTHER
2026-04-05 22:04:22,KXMLBGAME-26APR051605NYMSF-NYM,NO,2360.00,OTHER
2026-04-05 22:06:38,KXMVECROSSCATEGORY-S202633FDB6BC6EB-8D6B7EDD071,YES,5627.19,OTHER
2026-04-05 22:07:39,KXMVESPORTSMULTIGAMEEXTENDED-S20261ED60541E10-5C579225C41,YES,4762.51,OTHER
2026-04-05 22:09:25,KXNBASPREAD-26APR05INDCLE-CLE15,NO,3833.18,OTHER
2026-04-05 22:12:26,KXMLBGAME-26APR051605NYMSF-NYM,YES,3840.00,OTHER
2026-04-05 22:13:42,KXPGATOUR-VATO26-RMAC,NO,4500.00,OTHER
2026-04-05 22:13:42,KXPGATOUR-VATO26-RMAC,NO,4500.00,OTHER
2026-04-05 22:13:42,KXPGATOUR-VATO26-RMAC,NO,4500.00,OTHER
2026-04-05 22:14:12,KXMLBGAME-26APR051335LADWSH-WSH,NO,3500.00,OTHER
2026-04-05 22:14:12,KXMLBGAME-26APR051335LADWSH-WSH,NO,3752.00,OTHER
2026-04-05 22:15:12,KXNBAGAME-26APR05INDCLE-CLE,YES,2226.60,OTHER
2026-04-05 22:15:28,KXMLBGAME-26APR051335LADWSH-WSH,NO,3153.17,OTHER
2026-04-05 22:15:43,KXMLBGAME-26APR051610ATLAZ-ATL,YES,2464.80,OTHER
2026-04-05 22:16:43,KXNBATOTAL-26APR05INDCLE-252,YES,2629.77,OTHER
2026-04-05 22:18:44,KXMLBGAME-26APR051605NYMSF-NYM,YES,3880.00,OTHER
2026-04-05 22:21:00,KXMLBGAME-26APR051335LADWSH-LAD,YES,7054.72,OTHER
2026-04-05 22:21:00,KXMLBGAME-26APR051335LADWSH-LAD,YES,3173.76,OTHER
2026-04-05 22:21:15,KXNBAGAME-26APR05LALDAL-DAL,YES,4900.00,OTHER
2026-04-05 22:25:33,KXETHY-27JAN0100-T1000.00,NO,2655.77,OTHER
2026-04-05 22:26:03,KXATPCHALLENGERMATCH-26APR05WISMCK-WIS,YES,4988.71,OTHER
2026-04-05 22:27:03,KXATPCHALLENGERMATCH-26APR05BROBIG-BRO,NO,2488.20,OTHER
2026-04-05 22:30:20,KXMLBGAME-26APR041915CHCCLE-CLE,YES,8705.25,OTHER
2026-04-05 22:31:05,KXPGATOUR-MAST26-LABE,NO,4856.40,OTHER
2026-04-05 22:31:35,KXNBAGAME-26APR05INDCLE-CLE,YES,3304.40,OTHER
2026-04-05 22:31:51,KXMLBGAME-26APR041915CHCCLE-CHC,NO,2102.36,OTHER
2026-04-05 22:32:06,KXMLBGAME-26APR051335LADWSH-LAD,YES,3880.00,OTHER
2026-04-05 22:32:06,KXMLBGAME-26APR051335LADWSH-LAD,YES,2880.00,OTHER
2026-04-05 22:33:21,KXNCAAMBNEXTCOACH-UNC26-DMAY,NO,2443.14,OTHER
2026-04-05 22:35:52,KXMVESPORTSMULTIGAMEEXTENDED-S2026D8BD1A84025-DE5224A27F3,YES,2858.33,OTHER
2026-04-05 22:36:23,KXATPCHALLENGERMATCH-26APR05BROBIG-BIG,YES,3511.53,OTHER
2026-04-05 22:36:38,KXATPCHALLENGERMATCH-26APR05BROBIG-BRO,NO,3237.30,OTHER
2026-04-05 22:37:08,KXATPCHALLENGERMATCH-26APR05DUCMEJ-MEJ,YES,5186.25,OTHER
2026-04-05 22:37:38,KXMLBGAME-26APR041915CHCCLE-CLE,YES,4800.00,OTHER
2026-04-05 22:37:38,KXMLBGAME-26APR051605NYMSF-NYM,YES,2184.96,OTHER
2026-04-05 22:38:08,KXNBAGAME-26APR05INDCLE-CLE,YES,3560.00,OTHER
2026-04-05 22:38:23,KXMLBGAME-26APR051605HOUATH-HOU,NO,4546.32,OTHER
2026-04-05 22:38:23,KXMLBGAME-26APR051605HOUATH-HOU,NO,9349.71,OTHER
2026-04-05 22:38:39,KXNHLGAME-26APR05WSHNYR-WSH,YES,4810.83,OTHER
2026-04-05 22:38:54,KXMARMAD-26-CONN,NO,3466.90,OTHER
2026-04-05 22:40:40,KXMVECROSSCATEGORY-S2026634EB684D74-D4490ABDCB7,NO,3513.29,OTHER
2026-04-05 22:41:10,KXNCAAMBCBC-26-WVU,NO,2201.16,OTHER
2026-04-05 22:41:10,KXMARMAD-26-MICH,YES,2553.00,OTHER
2026-04-05 22:41:40,KXMLBGAME-26APR041915CHCCLE-CHC,YES,2760.00,OTHER
2026-04-05 22:41:40,KXMARMAD-26-MICH,YES,7496.94,OTHER
2026-04-05 22:42:10,KXMLBGAME-26APR051610ATLAZ-AZ,YES,2360.00,OTHER
2026-04-05 22:42:25,KXNBAGAME-26APR05INDCLE-CLE,YES,3218.98,OTHER
2026-04-05 22:42:25,KXNBAGAME-26APR05INDCLE-CLE,YES,2644.50,OTHER
2026-04-05 22:42:40,KXNCAAMBCBC-26-OKLA,YES,2065.38,OTHER
2026-04-05 22:42:40,KXNCAAMBCBC-26-OKLA,YES,7709.07,OTHER
2026-04-05 22:42:40,KXNBAGAME-26APR05CHAMIN-CHA,YES,2632.14,OTHER
2026-04-05 22:43:26,KXNBASPREAD-26APR05ORLNOP-ORL6,YES,4810.83,OTHER
2026-04-05 22:44:26,KXMLBGAME-26APR051335LADWSH-LAD,YES,4161.08,OTHER
2026-04-05 22:44:26,KXMLBGAME-26APR051605HOUATH-ATH,YES,3720.00,OTHER
2026-04-05 22:44:41,KXMLBGAME-26APR051335LADWSH-LAD,YES,2538.36,OTHER
2026-04-05 22:46:27,KXNCAAMBNIT-26-AUB,YES,4397.74,OTHER
2026-04-05 22:46:57,KXNBAGAME-26APR05LALDAL-LAL,NO,4399.71,OTHER
2026-04-05 22:46:57,KXNBAGAME-26APR05LALDAL-LAL,NO,11871.23,OTHER
2026-04-05 22:46:57,KXNBAGAME-26APR05LALDAL-LAL,NO,3267.81,OTHER
2026-04-05 22:46:57,KXMLBGAME-26APR041915CHCCLE-CHC,YES,3120.00,OTHER
2026-04-05 22:47:43,KXNBAGAME-26APR05INDCLE-IND,NO,3053.05,OTHER
2026-04-05 22:48:13,KXMLBGAME-26APR051920STLDET-DET,YES,21730.68,OTHER
2026-04-05 22:48:13,KXMLBGAME-26APR051920STLDET-DET,YES,2183.67,OTHER
2026-04-05 22:48:13,KXMLBGAME-26APR051920STLDET-DET,YES,4309.20,OTHER
2026-04-05 22:48:28,KXNBASPREAD-26APR05INDCLE-CLE9,YES,2764.80,OTHER
2026-04-05 22:51:00,KXNBAGAME-26APR05INDCLE-CLE,YES,3080.00,OTHER
2026-04-05 22:52:30,KXMLBGAME-26APR051610ATLAZ-ATL,NO,2692.30,OTHER
2026-04-05 22:52:45,KXNBAGAME-26APR05INDCLE-CLE,YES,2135.64,OTHER
2026-04-05 22:54:16,KXNBAGAME-26APR05ORLNOP-ORL,YES,2350.60,OTHER
2026-04-05 22:54:31,KXMLBGAME-26APR051335MIANYY-NYY,YES,2921.10,OTHER
2026-04-05 22:54:46,KXNBAGAME-26APR05CHAMIN-CHA,YES,3490.20,OTHER
2026-04-05 22:56:32,KXATPCHALLENGERMATCH-26APR05BROBIG-BIG,YES,6891.84,OTHER
2026-04-05 22:56:32,KXATPCHALLENGERMATCH-26APR05BROBIG-BIG,YES,2603.00,OTHER
2026-04-05 22:56:32,KXATPCHALLENGERMATCH-26APR05BROBIG-BIG,YES,6600.85,OTHER
2026-04-05 22:56:32,KXATPCHALLENGERMATCH-26APR05BROBIG-BIG,YES,2354.10,OTHER
2026-04-05 22:57:17,KXMLBGAME-26APR051607SEALAA-SEA,NO,2881.92,OTHER
2026-04-05 22:58:18,KXATPCHALLENGERMATCH-26APR05HAYDEL-DEL,YES,4305.92,OTHER
2026-04-05 22:58:18,KXNBAGAME-26APR05LALDAL-LAL,YES,4643.60,OTHER
2026-04-05 22:58:18,KXNHLGAME-26APR05WSHNYR-WSH,YES,10200.00,OTHER
2026-04-05 22:58:18,KXNHLGAME-26APR05WSHNYR-WSH,YES,4471.68,OTHER
2026-04-05 22:59:03,KXNBAGAME-26APR05INDCLE-CLE,YES,4046.68,OTHER
2026-04-05 22:59:03,KXNBAGAME-26APR05INDCLE-CLE,YES,2760.00,OTHER
2026-04-05 22:59:03,KXNBAGAME-26APR05INDCLE-IND,YES,2021.98,OTHER
2026-04-05 22:59:48,KXMVESPORTSMULTIGAMEEXTENDED-S202654955C15E20-F9EA455179D,YES,14307.38,OTHER
2026-04-05 23:00:19,KXMLBGAME-26APR051607SEALAA-LAA,YES,2682.68,OTHER
2026-04-05 23:01:04,KXATPCHALLENGERMATCH-26APR05HAYDEL-DEL,YES,5469.93,OTHER
2026-04-05 23:01:50,KXNBAGAME-26APR05CHAMIN-CHA,YES,2422.98,OTHER
2026-04-05 23:02:35,KXNBAGAME-26APR05CHAMIN-CHA,YES,5817.60,OTHER
2026-04-05 23:03:05,KXMLBGAME-26APR051605HOUATH-ATH,YES,2397.00,OTHER
2026-04-05 23:06:07,KXMLBGAME-26APR051610ATLAZ-ATL,NO,4107.20,OTHER
2026-04-05 23:06:52,KXMLBGAME-26APR051610ATLAZ-ATL,NO,2567.07,OTHER
2026-04-05 23:06:52,KXNCAAMBCBC-26-OKLA,YES,2088.87,OTHER
2026-04-05 23:07:52,KXNBAGAME-26APR05CHAMIN-MIN,YES,3412.14,OTHER
2026-04-05 23:07:52,KXNBAGAME-26APR05CHAMIN-MIN,YES,5402.74,OTHER
2026-04-05 23:08:08,KXMLBGAME-26APR051335MIANYY-NYY,YES,3240.00,OTHER
2026-04-05 23:08:23,KXNBAGAME-26APR05CHAMIN-CHA,YES,2985.60,OTHER
2026-04-05 23:09:08,KXMLBGAME-26APR051335MIANYY-NYY,YES,2231.20,OTHER
2026-04-05 23:10:08,KXMLBGAME-26APR051920STLDET-DET,YES,3952.95,OTHER
2026-04-05 23:11:54,KXNBAGAME-26APR05INDCLE-IND,NO,3189.69,OTHER
2026-04-05 23:14:10,KXMLBGAME-26APR051607SEALAA-SEA,YES,2401.49,OTHER
2026-04-05 23:14:56,KXMLBGAME-26APR051605HOUATH-HOU,NO,5600.00,OTHER
2026-04-05 23:14:56,KXMLBGAME-26APR051607SEALAA-SEA,YES,2023.01,OTHER
2026-04-05 23:15:26,KXNBAGAME-26APR05ORLNOP-ORL,YES,2005.31,OTHER
2026-04-05 23:16:26,KXMARMAD-26-CONN,YES,2853.90,OTHER
2026-04-05 23:18:58,KXNBAGAME-26APR05UTAOKC-OKC,YES,5083.65,OTHER
2026-04-05 23:20:28,KXNBAGAME-26APR05CHAMIN-CHA,YES,2737.30,OTHER
2026-04-05 23:24:00,KXMLBGAME-26APR051605HOUATH-HOU,NO,2992.20,OTHER
2026-04-05 23:24:15,KXNBAGAME-26APR05INDCLE-IND,NO,5857.46,OTHER
2026-04-05 23:25:00,KXMLBGAME-26APR051605HOUATH-HOU,YES,4300.00,OTHER
2026-04-05 23:25:31,KXNBAGAME-26APR05INDCLE-CLE,YES,3259.20,OTHER
2026-04-05 23:25:31,KXNBAGAME-26APR05INDCLE-CLE,YES,2661.96,OTHER
2026-04-05 23:25:31,KXMLBGAME-26APR051920STLDET-DET,YES,2100.00,OTHER
2026-04-05 23:26:01,KXNBAGAME-26APR05INDCLE-CLE,YES,3360.00,OTHER
2026-04-05 23:27:31,KXMLBGAME-26APR051607SEALAA-SEA,YES,4970.00,OTHER
2026-04-05 23:27:31,KXMLBGAME-26APR051607SEALAA-SEA,YES,4970.00,OTHER
2026-04-05 23:27:31,KXMLBGAME-26APR051607SEALAA-LAA,NO,2130.00,OTHER
2026-04-05 23:27:31,KXMLBGAME-26APR051607SEALAA-LAA,NO,2104.44,OTHER
2026-04-05 23:27:31,KXNBAGAME-26APR05CHAMIN-MIN,NO,2712.96,OTHER
2026-04-05 23:27:31,KXNBAGAME-26APR05CHAMIN-MIN,NO,7200.00,OTHER
2026-04-05 23:27:31,KXNBAGAME-26APR05CHAMIN-MIN,NO,7200.00,OTHER
2026-04-05 23:32:34,KXNBAGAME-26APR05INDCLE-IND,NO,2531.20,OTHER
2026-04-05 23:37:36,KXNCAAMBCBC-26-WVU,NO,2827.62,OTHER
2026-04-05 23:38:52,KXNBAGAME-26APR05INDCLE-CLE,YES,2770.56,OTHER
2026-04-05 23:40:08,KXNBAGAME-26APR05INDCLE-CLE,YES,2095.32,OTHER
2026-04-05 23:40:08,KXNBAGAME-26APR05INDCLE-CLE,YES,3040.00,OTHER
2026-04-05 23:40:23,KXMLBGAME-26APR051607SEALAA-LAA,YES,2282.50,OTHER
2026-04-05 23:45:55,KXNBAGAME-26APR05INDCLE-CLE,YES,5066.56,OTHER
2026-04-05 23:46:11,KXIPLGAME-26APR06PBKSKKR-PBKS,YES,19097.28,OTHER
2026-04-05 23:46:41,KXNCAAMBSPREAD-26APR05TLSAAUB-AUB5,YES,2210.85,OTHER
2026-04-05 23:49:57,KXNBAGAME-26APR05CHAMIN-CHA,YES,4951.80,OTHER
2026-04-05 23:52:28,KXNCAAMBNIT-26-TLSA,YES,4855.80,OTHER
2026-04-05 23:52:28,KXNCAAMBNIT-26-TLSA,YES,4436.70,OTHER
2026-04-05 23:53:59,KXMLBGAME-26APR051605HOUATH-ATH,YES,2000.00,OTHER
2026-04-05 23:54:14,KXBTCD-26APR0520-T69099.99,NO,3792.40,OTHER
2026-04-05 23:54:59,KXMLBGAME-26APR051335MIANYY-NYY,NO,2849.25,OTHER
2026-04-05 23:54:59,KXMLBGAME-26APR051605HOUATH-ATH,NO,4100.00,OTHER
2026-04-05 23:55:30,KXMLBGAME-26APR051335MIANYY-NYY,NO,2426.04,OTHER
2026-04-05 23:59:31,KXNCAAMBNIT-26-AUB,YES,2033.44,OTHER
2026-04-05 23:59:31,KXNCAAMBNIT-26-AUB,YES,2343.00,OTHER
2026-04-05 23:59:46,KXNBATOTAL-26APR05UTAOKC-247,YES,2100.00,OTHER
2026-04-06 00:01:02,KXBTC15M-26APR052015-15,YES,3889.16,OUR
2026-04-06 00:01:32,KXNBAGAME-26APR05INDCLE-IND,NO,2371.50,OTHER
2026-04-06 00:02:03,KXNBAGAME-26APR05CHAMIN-MIN,NO,7668.08,OTHER
2026-04-06 00:02:03,KXBTC15M-26APR052015-15,YES,4850.00,OUR
2026-04-06 00:02:03,KXBTC15M-26APR052015-15,YES,4193.31,OUR
2026-04-06 00:02:33,KXATPCHALLENGERMATCH-26APR05DUCMEJ-DUC,NO,2219.58,OTHER
2026-04-06 00:03:18,KXNBAGAME-26APR05INDCLE-CLE,YES,3142.80,OTHER
2026-04-06 00:03:18,KXNBAGAME-26APR05INDCLE-CLE,YES,6292.80,OTHER
2026-04-06 00:03:49,KXMLBGAME-26APR051335MIANYY-MIA,YES,20575.02,OTHER
2026-04-06 00:05:50,KXNBAGAME-26APR05INDCLE-IND,NO,3528.00,OTHER
2026-04-06 00:05:50,KXNBAGAME-26APR05LALDAL-DAL,YES,3477.30,OTHER
2026-04-06 00:06:50,KXMLBSPREAD-26APR061845MILBOS-BOS2,NO,4402.20,OTHER
2026-04-06 00:07:05,KXNBAGAME-26APR05INDCLE-CLE,YES,2938.56,OTHER
2026-04-06 00:08:21,KXNCAAMBNIT-26-AUB,YES,6528.60,OTHER
2026-04-06 00:09:06,KXNBAGAME-26APR05INDCLE-CLE,YES,3760.00,OTHER
2026-04-06 00:09:36,KXNCAAMBNIT-26-AUB,YES,5314.14,OTHER
2026-04-06 00:10:37,KXNCAAMBNIT-26-AUB,YES,2438.40,OTHER
2026-04-06 00:13:08,KXNBAGAME-26APR05INDCLE-CLE,YES,6854.12,OTHER
2026-04-06 00:13:23,KXNBAGAME-26APR05LALDAL-DAL,YES,2015.24,OTHER
2026-04-06 00:13:53,KXNBAGAME-26APR05CHAMIN-CHA,YES,2166.32,OTHER
2026-04-06 00:14:23,KXMARMAD-26-CONN,NO,4989.82,OTHER
2026-04-06 00:15:24,KXNCAAMBNIT-26-AUB,YES,2286.16,OTHER
2026-04-06 00:15:24,KXNBAGAME-26APR05LALDAL-DAL,YES,2913.30,OTHER
2026-04-06 00:15:24,KXMLBGAME-26APR051335MIANYY-MIA,YES,3800.00,OTHER
2026-04-06 00:15:24,KXMLBGAME-26APR051335MIANYY-MIA,YES,3249.95,OTHER
2026-04-06 00:15:24,KXMLBGAME-26APR051335MIANYY-MIA,YES,3800.00,OTHER
2026-04-06 00:15:24,KXMLBGAME-26APR051335MIANYY-MIA,YES,3800.00,OTHER
2026-04-06 00:15:24,KXMLBGAME-26APR051335MIANYY-MIA,YES,2025.40,OTHER
2026-04-06 00:17:10,KXMLBGAME-26APR051335MIANYY-MIA,YES,2449.10,OTHER
2026-04-06 00:17:10,KXNBAGAME-26APR05LALDAL-DAL,YES,2112.00,OTHER
2026-04-06 00:17:10,KXNBAGAME-26APR05CHAMIN-MIN,YES,5278.28,OTHER
2026-04-06 00:17:10,KXNBAGAME-26APR05CHAMIN-MIN,YES,2271.64,OTHER
2026-04-06 00:17:25,KXNBAGAME-26APR05LALDAL-LAL,NO,2640.00,OTHER
2026-04-06 00:17:25,KXNBAGAME-26APR05ORLNOP-ORL,NO,11692.33,OTHER
2026-04-06 00:17:55,KXMLBTOTAL-26APR051920STLDET-8,YES,2273.20,OTHER
2026-04-06 00:18:10,KXNBAGAME-26APR05ORLNOP-ORL,YES,9600.00,OTHER
2026-04-06 00:18:56,KXNBATOTAL-26APR05UTAOKC-223,YES,8737.74,OTHER
2026-04-06 00:19:41,KXAAAGASW-26APR06-4.120,NO,6133.20,OTHER
2026-04-06 00:20:41,KXNBAGAME-26APR05LALDAL-DAL,YES,8228.62,OTHER
2026-04-06 00:20:41,KXNBAGAME-26APR05LALDAL-DAL,YES,2630.27,OTHER
2026-04-06 00:21:42,KXNCAAMBNIT-26-AUB,YES,4740.76,OTHER
2026-04-06 00:24:58,KXNBAGAME-26APR05LALDAL-LAL,YES,2333.58,OTHER
2026-04-06 00:25:59,KXNBAGAME-26APR05CHAMIN-MIN,YES,2185.65,OTHER
2026-04-06 00:26:14,KXNBASPREAD-26APR05LACSAC-LAC14,YES,2749.97,OTHER
2026-04-06 00:26:14,KXNBASPREAD-26APR05LACSAC-LAC14,YES,2943.61,OTHER
2026-04-06 00:28:00,KXNBAGAME-26APR05CHAMIN-CHA,YES,2205.00,OTHER
2026-04-06 00:28:00,KXNHLGAME-26APR05STLCOL-STL,YES,2348.02,OTHER
2026-04-06 00:29:16,KXTRUMPMENTIONB-26APR06B-NQE,NO,5940.00,OTHER
2026-04-06 00:30:16,KXNBASPREAD-26APR05HOUGSW-HOU3,NO,11252.36,OTHER
2026-04-06 00:31:02,KXNBAGAME-26APR05ORLNOP-ORL,YES,3129.30,OTHER
2026-04-06 00:31:32,KXBTCY-27JAN0100-B47500,NO,2763.18,OTHER
2026-04-06 00:35:18,KXNBAGAME-26APR05ORLNOP-NOP,YES,3114.83,OTHER
2026-04-06 00:36:19,KXNBAGAME-26APR05LALDAL-DAL,YES,3648.00,OTHER
2026-04-06 00:37:04,KXNBAGAME-26APR05ORLNOP-ORL,NO,2391.68,OTHER
2026-04-06 00:37:04,KXNBAGAME-26APR05LALDAL-DAL,YES,6168.16,OTHER
2026-04-06 00:37:04,KXNBAGAME-26APR05LALDAL-LAL,NO,2280.00,OTHER
2026-04-06 00:38:05,KXMVESPORTSMULTIGAMEEXTENDED-S2026AF6FDA4E48C-A6FA35332F1,YES,2352.58,OTHER
2026-04-06 00:38:20,KXNCAAMBNIT-26-AUB,YES,6063.26,OTHER
2026-04-06 00:38:20,KXNCAAMBNIT-26-AUB,YES,3920.98,OTHER
2026-04-06 00:39:05,KXMLBGAME-26APR051920STLDET-DET,YES,3331.20,OTHER
2026-04-06 00:39:05,KXMLBGAME-26APR051920STLDET-STL,NO,3331.20,OTHER
2026-04-06 00:40:06,KXMVESPORTSMULTIGAMEEXTENDED-S202611530B6083D-7FDE4099D39,YES,3829.64,OTHER
2026-04-06 00:40:06,KXMLBTOTAL-26APR051920STLDET-10,NO,2323.44,OTHER
2026-04-06 00:41:51,KXMLBGAME-26APR051920STLDET-DET,YES,2199.42,OTHER
2026-04-06 00:41:51,KXMLBGAME-26APR051920STLDET-DET,YES,2120.00,OTHER
2026-04-06 00:41:51,KXMLBGAME-26APR051920STLDET-DET,YES,2160.00,OTHER
2026-04-06 00:43:07,KXNBAGAME-26APR05LALDAL-LAL,NO,4316.14,OTHER
2026-04-06 00:43:52,KXNBAGAME-26APR05CHAMIN-MIN,YES,2279.11,OTHER
2026-04-06 00:44:07,KXNBAGAME-26APR05CHAMIN-MIN,NO,36500.00,OTHER
2026-04-06 00:44:53,KXNBAGAME-26APR05LALDAL-DAL,YES,9705.30,OTHER
2026-04-06 00:46:38,KXNBAGAME-26APR05ORLNOP-NOP,YES,3090.15,OTHER
2026-04-06 00:47:09,KXMLBGAME-26APR051920STLDET-STL,YES,2800.00,OTHER
2026-04-06 00:48:09,KXMVESPORTSMULTIGAMEEXTENDED-S2026822773A4BCD-A9F902673D1,NO,5450.68,OTHER
2026-04-06 00:49:55,KXNBAGAME-26APR05LALDAL-DAL,NO,7000.00,OTHER
2026-04-06 00:49:55,KXNCAAMBNIT-26-AUB,YES,4498.25,OTHER
2026-04-06 00:49:55,KXNCAAMBNIT-26-AUB,YES,4498.25,OTHER
2026-04-06 00:49:55,KXNCAAMBNIT-26-AUB,YES,4498.25,OTHER
2026-04-06 00:49:55,KXNCAAMBNIT-26-AUB,YES,4498.25,OTHER
2026-04-06 00:49:55,KXNCAAMBNIT-26-AUB,YES,4498.25,OTHER
2026-04-06 00:49:55,KXNCAAMBNIT-26-AUB,YES,4498.25,OTHER
2026-04-06 00:50:10,KXNBAGAME-26APR05CHAMIN-CHA,YES,2460.00,OTHER
2026-04-06 00:50:40,KXNBAGAME-26APR05LALDAL-DAL,YES,6600.00,OTHER
2026-04-06 00:51:11,KXNBAGAME-26APR05LALDAL-LAL,YES,8702.40,OTHER
2026-04-06 00:51:26,KXNBASPREAD-26APR05UTAOKC-OKC31,YES,2214.00,OTHER
2026-04-06 00:53:12,KXNBAGAME-26APR05CHAMIN-MIN,NO,13350.00,OTHER
2026-04-06 00:53:27,KXNBATOTAL-26APR05LACSAC-224,YES,2420.48,OTHER
2026-04-06 00:53:57,KXNBAGAME-26APR05ORLNOP-ORL,YES,3804.84,OTHER
2026-04-06 00:53:57,KXNBAGAME-26APR05LALDAL-LAL,YES,10253.16,OTHER
2026-04-06 00:54:57,KXNBAGAME-26APR05LALDAL-LAL,YES,2392.56,OTHER
2026-04-06 00:55:43,KXNBATOTAL-26APR05LALDAL-241,YES,7020.54,OTHER
2026-04-06 00:58:59,KXNBAGAME-26APR05CHAMIN-MIN,NO,2880.00,OTHER
2026-04-06 00:58:59,KXNBAGAME-26APR05CHAMIN-MIN,NO,2264.64,OTHER
2026-04-06 00:59:14,KXNBAGAME-26APR05LACSAC-LAC,YES,4350.00,OTHER
2026-04-06 00:59:14,KXNBAGAME-26APR05CHAMIN-CHA,YES,4418.35,OTHER
2026-04-06 01:00:00,KXNBAGAME-26APR05CHAMIN-CHA,YES,2144.64,OTHER
2026-04-06 01:03:01,KXNBAGAME-26APR05LALDAL-LAL,YES,2939.76,OTHER
2026-04-06 01:04:47,KXNBATOTAL-26APR05CHAMIN-228,NO,3380.24,OTHER
2026-04-06 01:04:47,KXNBATOTAL-26APR05CHAMIN-228,NO,2098.70,OTHER
2026-04-06 01:05:17,KXMLBTOTAL-26APR051920STLDET-9,YES,2799.84,OTHER
2026-04-06 01:06:18,KXNBAGAME-26APR05HOUGSW-HOU,YES,2260.66,OTHER
2026-04-06 01:08:34,KXMARMAD-26-CONN,NO,4440.00,OTHER
2026-04-06 01:09:19,KXNBAGAME-26APR05HOUGSW-HOU,YES,3611.20,OTHER
2026-04-06 01:10:50,KXNBAGAME-26APR05ORLNOP-ORL,YES,4856.56,OTHER
2026-04-06 01:11:20,KXNBAGAME-26APR05ORLNOP-ORL,YES,52172.28,OTHER
2026-04-06 01:11:35,KXNBAGAME-26APR05ORLNOP-NOP,YES,7058.56,OTHER
2026-04-06 01:11:50,KXMARMAD-26-CONN,NO,2960.00,OTHER
2026-04-06 01:12:06,KXNBAGAME-26APR05ORLNOP-ORL,YES,4175.19,OTHER
2026-04-06 01:13:21,KXNBAGAME-26APR06NYKATL-NYK,YES,4830.50,OTHER
2026-04-06 01:14:21,KXNHLGAME-26APR05STLCOL-COL,YES,14537.88,OTHER
2026-04-06 01:17:53,KXMLBGAME-26APR051920STLDET-STL,NO,2033.10,OTHER
2026-04-06 01:18:08,KXNBAGAME-26APR05ORLNOP-ORL,YES,3058.30,OTHER
2026-04-06 01:18:54,KXNHL-26-EDM,NO,2300.00,OTHER
2026-04-06 01:18:54,KXNBAGAME-26APR05ORLNOP-ORL,YES,2639.70,OTHER
2026-04-06 01:19:39,KXNBAGAME-26APR06NYKATL-NYK,YES,3574.50,OTHER
2026-04-06 01:21:10,KXMVECROSSCATEGORY-S202633FDB6BC6EB-8D6B7EDD071,NO,20578.40,OTHER
2026-04-06 01:23:56,KXNBAGAME-26APR05ORLNOP-ORL,YES,3800.00,OTHER
2026-04-06 01:24:11,KXNBAGAME-26APR05ORLNOP-ORL,YES,2880.00,OTHER
2026-04-06 01:24:41,KXNBAGAME-26APR05LALDAL-DAL,YES,11850.00,OTHER
2026-04-06 01:24:41,KXNBAGAME-26APR05LALDAL-DAL,YES,2370.00,OTHER
2026-04-06 01:25:27,KXNBATOTAL-26APR05ORLNOP-219,NO,3600.62,OTHER
2026-04-06 01:25:57,KXNBAGAME-26APR05ORLNOP-ORL,YES,4875.99,OTHER
2026-04-06 01:26:42,KXNBAGAME-26APR05ORLNOP-ORL,YES,3854.85,OTHER
2026-04-06 01:27:12,KXMVECROSSCATEGORY-S202614F97BC194D-EE7323AC886,YES,2274.17,OTHER
2026-04-06 01:28:28,KXNBAGAME-26APR05LALDAL-LAL,NO,2307.53,OTHER
2026-04-06 01:29:59,KXNHLGAME-26APR05STLCOL-COL,YES,14537.88,OTHER
2026-04-06 01:29:59,KXNBAGAME-26APR05ORLNOP-NOP,NO,2793.78,OTHER
2026-04-06 01:30:14,KXNBAGAME-26APR05LALDAL-LAL,NO,3496.92,OTHER
2026-04-06 01:30:59,KXNBAGAME-26APR05LALDAL-LAL,YES,4728.42,OTHER
2026-04-06 01:30:59,KXNBATOTAL-26APR05HOUGSW-226,YES,3456.96,OTHER
2026-04-06 01:32:00,KXNCAAMBTOTAL-26APR06CONNMICH-159,YES,3767.50,OTHER
2026-04-06 01:33:46,KXNCAAMBNIT-26-AUB,YES,4557.68,OTHER
2026-04-06 01:35:47,KXNBAGAME-26APR05LALDAL-LAL,NO,2670.00,OTHER
2026-04-06 01:35:47,KXNBAGAME-26APR05LALDAL-LAL,NO,4861.18,OTHER
2026-04-06 01:37:02,KXNBAGAME-26APR05ORLNOP-NOP,NO,3768.93,OTHER
2026-04-06 01:37:17,CONTROLS-2026-R,YES,3141.61,OTHER
2026-04-06 01:37:17,CONTROLS-2026-R,YES,5030.00,OTHER
2026-04-06 01:41:34,KXNCAAMBNIT-26-TLSA,YES,2336.00,OTHER
2026-04-06 01:41:49,KXNBAGAME-26APR05HOUGSW-GSW,YES,2180.00,OTHER
2026-04-06 01:43:05,KXNBAGAME-26APR05LACSAC-LAC,YES,4900.00,OTHER
2026-04-06 01:43:05,KXNCAAMBNIT-26-TLSA,NO,13186.56,OTHER
2026-04-06 01:43:50,KXNCAAMBNIT-26-AUB,YES,2720.00,OTHER
2026-04-06 01:43:50,KXNCAAMBNIT-26-AUB,YES,4926.60,OTHER
2026-04-06 01:43:50,KXNCAAMBNIT-26-AUB,YES,4097.00,OTHER
2026-04-06 01:44:05,KXNCAAMBNIT-26-TLSA,NO,2559.40,OTHER
2026-04-06 01:44:21,KXNBASPREAD-26APR05LACSAC-LAC26,NO,2511.18,OTHER
2026-04-06 01:44:36,KXNBAGAME-26APR05LACSAC-LAC,YES,9893.07,OTHER
2026-04-06 01:45:51,KXNBAGAME-26APR05LALDAL-DAL,YES,4590.60,OTHER
2026-04-06 01:46:06,KXNBAGAME-26APR05LALDAL-DAL,NO,11801.40,OTHER
2026-04-06 01:47:22,KXNBATOTAL-26APR05HOUGSW-226,YES,5381.48,OTHER
2026-04-06 01:47:37,KXNBAGAME-26APR05LALDAL-DAL,YES,2931.74,OTHER
2026-04-06 01:48:22,KXNBAGAME-26APR05LALDAL-LAL,NO,2024.44,OTHER
2026-04-06 01:48:22,KXNBAGAME-26APR05LALDAL-DAL,NO,5837.28,OTHER
2026-04-06 01:48:37,KXNBAGAME-26APR05LALDAL-DAL,YES,4527.04,OTHER
2026-04-06 01:48:37,KXMVESPORTSMULTIGAMEEXTENDED-S2026BEF0EA58B00-BDEF8A5A446,YES,5001.05,OTHER
2026-04-06 01:49:53,KXMVESPORTSMULTIGAMEEXTENDED-S2026070C20BC5D0-68BA6CAE4CD,YES,7491.25,OTHER
2026-04-06 01:49:53,KXNCAAMBNIT-26-TLSA,YES,3750.00,OTHER
2026-04-06 01:50:08,KXNBASPREAD-26APR05HOUGSW-HOU3,YES,2089.88,OTHER
2026-04-06 01:50:08,KXNBASPREAD-26APR05HOUGSW-HOU3,YES,22499.88,OTHER
2026-04-06 01:50:08,KXNBASPREAD-26APR05HOUGSW-HOU3,YES,2080.00,OTHER
2026-04-06 01:50:08,KXNBASPREAD-26APR05HOUGSW-HOU3,YES,20517.64,OTHER
2026-04-06 01:50:08,KXMVECROSSCATEGORY-S2026B92027A592B-A2BBF827973,YES,4772.84,OTHER
2026-04-06 01:51:39,KXNBATOTAL-26APR05HOUGSW-226,YES,5400.00,OTHER
2026-04-06 01:51:39,KXNBATOTAL-26APR05HOUGSW-226,YES,5400.00,OTHER
2026-04-06 01:51:39,KXNBATOTAL-26APR05HOUGSW-226,YES,4924.80,OTHER
2026-04-06 01:51:39,KXNBATOTAL-26APR05HOUGSW-226,YES,11005.20,OTHER
2026-04-06 01:51:54,KXNCAAMBNIT-26-AUB,YES,2011.58,OTHER
2026-04-06 01:52:09,KXNCAAMBNIT-26-AUB,YES,2892.38,OTHER
2026-04-06 01:52:24,KXNBAGAME-26APR05LALDAL-DAL,YES,2870.14,OTHER
2026-04-06 01:52:24,KXNBAGAME-26APR05LALDAL-LAL,NO,2038.40,OTHER
2026-04-06 01:53:25,KXNBAGAME-26APR05HOUGSW-GSW,YES,4756.05,OTHER
2026-04-06 01:53:25,KXNBAGAME-26APR05LALDAL-LAL,NO,8490.08,OTHER
2026-04-06 01:54:25,KXMVESPORTSMULTIGAMEEXTENDED-S2026070C20BC5D0-68BA6CAE4CD,YES,14572.08,OTHER
2026-04-06 01:55:41,KXNBAGAME-26APR05LACSAC-SAC,NO,2356.00,OTHER
2026-04-06 01:55:41,KXNBAGAME-26APR05LACSAC-SAC,NO,2850.00,OTHER
2026-04-06 01:55:41,KXNBATOTAL-26APR05HOUGSW-229,NO,2646.60,OTHER
2026-04-06 01:55:56,KXNCAAMBNIT-26-AUB,YES,5392.75,OTHER
2026-04-06 01:56:11,KXNBAGAME-26APR05LALDAL-LAL,NO,2700.00,OTHER
2026-04-06 01:56:11,KXNBAGAME-26APR05LALDAL-LAL,NO,2556.90,OTHER
2026-04-06 01:56:26,KXHIGHTLV-26APR05-B83.5,YES,2529.45,OTHER
2026-04-06 01:57:12,KXNBAGAME-26APR05LALDAL-LAL,NO,3927.36,OTHER
2026-04-06 01:57:27,KXNBAGAME-26APR05LALDAL-DAL,YES,2450.00,OTHER
2026-04-06 01:58:57,KXNBAGAME-26APR05LALDAL-DAL,YES,19000.36,OTHER
2026-04-06 01:59:12,KXNBAGAME-26APR05LALDAL-LAL,NO,3838.29,OTHER
2026-04-06 01:59:12,KXNBAGAME-26APR05LALDAL-DAL,YES,6066.38,OTHER
2026-04-06 01:59:43,KXMVESPORTSMULTIGAMEEXTENDED-S2026E03BBD7E80A-DF420B05D19,YES,4970.87,OTHER
2026-04-06 02:00:28,KXNBAGAME-26APR05LALDAL-LAL,NO,2081.62,OTHER
2026-04-06 02:00:43,KXNBAGAME-26APR05LALDAL-DAL,YES,5044.80,OTHER
2026-04-06 02:02:14,KXNBA1HSPREAD-26APR05HOUGSW-HOU1,YES,3478.75,OTHER
2026-04-06 02:02:29,KXNBAGAME-26APR05LALDAL-LAL,NO,2275.02,OTHER
2026-04-06 02:02:29,KXNBAGAME-26APR05LALDAL-LAL,NO,4950.00,OTHER
2026-04-06 02:02:29,KXNBAGAME-26APR05LALDAL-LAL,NO,4950.00,OTHER
2026-04-06 02:02:29,KXNBAGAME-26APR05LALDAL-LAL,NO,4950.00,OTHER
2026-04-06 02:02:29,KXNBAGAME-26APR05LALDAL-LAL,NO,5940.00,OTHER
2026-04-06 02:02:44,KXNBAGAME-26APR05LALDAL-DAL,YES,4037.22,OTHER
2026-04-06 02:02:44,KXNCAAMBNIT-26-AUB,YES,10141.20,OTHER
2026-04-06 02:04:00,KXNBATOTAL-26APR05HOUGSW-229,YES,3746.54,OTHER
2026-04-06 02:04:00,KXNBATOTAL-26APR05HOUGSW-229,YES,7817.95,OTHER
2026-04-06 02:04:30,KXNBAGAME-26APR05LACSAC-LAC,YES,2856.96,OTHER
2026-04-06 02:04:30,KXNBASPREAD-26APR05LALDAL-DAL12,NO,2716.56,OTHER
2026-04-06 02:06:01,KXNBAGAME-26APR05LACSAC-LAC,YES,9400.00,OTHER
2026-04-06 02:06:01,KXNBAGAME-26APR05HOUGSW-HOU,NO,2264.73,OTHER
2026-04-06 02:07:31,KXLAYOFFSYINFO-26-494000,YES,5244.48,OTHER
2026-04-06 02:07:31,KXLAYOFFSYINFO-26-494000,YES,3200.85,OTHER
2026-04-06 02:07:31,KXNBAGAME-26APR05HOUGSW-HOU,YES,9963.13,OTHER
2026-04-06 02:07:31,KXNBAGAME-26APR05HOUGSW-HOU,YES,9401.93,OTHER
2026-04-06 02:08:17,KXNBAGAME-26APR05HOUGSW-GSW,YES,3329.04,OTHER
2026-04-06 02:08:17,KXLAYOFFSYINFO-26-494000,YES,4386.66,OTHER
2026-04-06 02:08:17,KXLAYOFFSYINFO-26-494000,YES,4182.29,OTHER
2026-04-06 02:09:32,KXNBAGAME-26APR06PHISAS-SAS,YES,7696.15,OTHER
2026-04-06 02:09:32,KXNBAGAME-26APR06PHISAS-SAS,YES,22993.74,OTHER
2026-04-06 02:10:18,KXNBAGAME-26APR05HOUGSW-HOU,YES,3518.50,OTHER
2026-04-06 02:11:33,KXNCAAMBNIT-26-AUB,NO,2550.00,OTHER
2026-04-06 02:11:48,KXNBAGAME-26APR05HOUGSW-GSW,YES,2853.63,OTHER
2026-04-06 02:13:19,KXMLBGAME-26APR051920STLDET-STL,YES,2832.20,OTHER
2026-04-06 02:13:19,KXMLBGAME-26APR051920STLDET-DET,NO,2126.52,OTHER
2026-04-06 02:13:19,KXMLBGAME-26APR051920STLDET-DET,NO,3890.60,OTHER
2026-04-06 02:15:20,KXNBAGAME-26APR05HOUGSW-GSW,YES,2328.88,OTHER
2026-04-06 02:16:06,KXNCAAMBNIT-26-AUB,NO,2170.52,OTHER
2026-04-06 02:17:21,KXNCAAMBNIT-26-AUB,YES,3861.76,OTHER
2026-04-06 02:20:07,KXNBAGAME-26APR05LACSAC-LAC,YES,9164.65,OTHER
2026-04-06 02:20:53,KXNCAAMBNIT-26-AUB,YES,2070.00,OTHER
2026-04-06 02:22:39,KXNCAAMBNIT-26-AUB,YES,3362.05,OTHER
2026-04-06 02:23:09,KXNBAGAME-26APR05LACSAC-SAC,NO,9109.27,OTHER
2026-04-06 02:23:24,KXNBAGAME-26APR05HOUGSW-GSW,YES,2150.00,OTHER
2026-04-06 02:23:24,KXNBAGAME-26APR05HOUGSW-GSW,YES,2200.00,OTHER
2026-04-06 02:23:39,KXNBAGAME-26APR05LACSAC-LAC,YES,3847.99,OTHER
2026-04-06 02:23:39,KXNBAGAME-26APR05LACSAC-LAC,YES,4633.69,OTHER
2026-04-06 02:24:40,KXNCAAMBNIT-26-AUB,YES,4405.50,OTHER
2026-04-06 02:24:40,KXNCAAMBNIT-26-AUB,YES,3380.40,OTHER
2026-04-06 02:26:25,KXNCAAMBNIT-26-AUB,YES,3237.60,OTHER
2026-04-06 02:26:40,KXNCAAMBNIT-26-AUB,YES,2603.95,OTHER
2026-04-06 02:27:11,KXMVESPORTSMULTIGAMEEXTENDED-S2026BF5CA22AA8C-A371612AD97,YES,4749.92,OTHER
2026-04-06 02:27:56,KXMVESPORTSMULTIGAMEEXTENDED-S202648E33203E04-459ED1BA3C4,YES,3725.55,OTHER
2026-04-06 02:28:57,KXNBAGAME-26APR05LACSAC-LAC,YES,2170.08,OTHER
2026-04-06 02:28:57,KXNHLGAME-26APR05STLCOL-STL,YES,2593.70,OTHER
2026-04-06 02:30:57,KXBTCD-26APR0523-T68999.99,YES,3630.60,OTHER
2026-04-06 02:34:29,KXNBAGAME-26APR05HOUGSW-GSW,YES,2357.52,OTHER
2026-04-06 02:39:16,KXNBA-26-LAL,NO,4596.57,OTHER
2026-04-06 02:39:31,KXMVECROSSCATEGORY-S20266F1B78F28AB-F972C7EE764,YES,4715.10,OTHER
2026-04-06 02:40:02,KXNBAGAME-26APR05HOUGSW-GSW,YES,2350.00,OTHER
2026-04-06 02:44:19,KXNCAAMBSPREAD-26APR06CONNMICH-MICH4,YES,2209.68,OTHER
2026-04-06 02:45:04,KXNBAGAME-26APR05HOUGSW-HOU,YES,3166.56,OTHER
2026-04-06 02:45:19,KXNEXTAG-29-LZEL,YES,2126.70,OTHER
2026-04-06 02:46:05,KXNBAGAME-26APR05HOUGSW-HOU,YES,2102.40,OTHER
2026-04-06 02:47:05,KXNBAGAME-26APR05HOUGSW-HOU,YES,2160.00,OTHER
2026-04-06 02:47:50,KXNBASPREAD-26APR05LACSAC-LAC8,YES,3267.84,OTHER
2026-04-06 02:49:36,KXNBAGAME-26APR05HOUGSW-HOU,YES,2843.55,OTHER
2026-04-06 02:49:36,KXNCAAMBSPREAD-26APR06CONNMICH-MICH1,YES,2421.10,OTHER
2026-04-06 02:49:51,KXNBAGAME-26APR05HOUGSW-GSW,NO,2284.78,OTHER
2026-04-06 02:49:51,KXNBAGAME-26APR05HOUGSW-GSW,NO,2130.00,OTHER
2026-04-06 02:56:39,KXBTCD-26APR0523-T69299.99,NO,2090.88,OTHER
2026-04-06 02:58:10,KXBTCY-27JAN0100-B77500,NO,4730.00,OTHER
2026-04-06 02:58:41,KXNBAGAME-26APR05HOUGSW-GSW,NO,2814.56,OTHER
2026-04-06 02:58:56,KXNCAAMBMOP-26-AKAR,NO,2996.16,OTHER
2026-04-06 02:59:56,KXNBAGAME-26APR05HOUGSW-HOU,NO,2058.41,OTHER
2026-04-06 03:00:26,KXMVECROSSCATEGORY-S20266F1B78F28AB-CB6F0A4B6BB,NO,9115.73,OTHER
2026-04-06 03:02:58,KXNBAGAME-26APR05HOUGSW-GSW,YES,3075.00,OTHER
2026-04-06 03:02:58,KXATPCHALLENGERMATCH-26APR05LIUPEA-PEA,NO,2824.80,OTHER
2026-04-06 03:03:28,KXNHLTOTAL-26APR05STLCOL-7,NO,2831.56,OTHER
2026-04-06 03:04:58,KXNBAGAME-26APR05HOUGSW-HOU,YES,2484.04,OTHER
2026-04-06 03:06:59,KXNBAGAME-26APR05HOUGSW-HOU,YES,3423.12,OTHER
2026-04-06 03:09:15,KXAAAGASW-26APR06-4.110,YES,3910.00,OTHER
2026-04-06 03:09:15,KXAAAGASW-26APR06-4.110,YES,2588.25,OTHER
2026-04-06 03:09:31,KXLAYOFFSYINFO-26-494000,YES,2865.18,OTHER
2026-04-06 03:09:31,KXLAYOFFSYINFO-26-494000,YES,3886.25,OTHER
2026-04-06 03:11:47,KXLAYOFFSYINFO-26-494000,YES,7551.00,OTHER
2026-04-06 03:13:33,KXBTCD-26APR0617-T69749.99,NO,3450.00,OTHER
2026-04-06 03:14:03,KXNBASPREAD-26APR05HOUGSW-HOU3,NO,2764.80,OTHER
2026-04-06 03:16:49,KXNHLGAME-26APR05STLCOL-STL,NO,4819.80,OTHER
2026-04-06 03:18:20,KXPRESNOMD-28-PB,NO,2600.03,OTHER
2026-04-06 03:20:51,KXNHLGAME-26APR05STLCOL-COL,YES,4838.40,OTHER
2026-04-06 03:22:22,KXNBATOTAL-26APR05HOUGSW-226,YES,5000.00,OTHER
2026-04-06 03:24:38,KXNBAGAME-26APR05HOUGSW-GSW,YES,8815.25,OTHER
2026-04-06 03:24:38,KXNBASPREAD-26APR05HOUGSW-HOU3,YES,2654.40,OTHER
2026-04-06 03:28:55,KXNBAGAME-26APR05HOUGSW-HOU,YES,2499.84,OTHER
2026-04-06 03:35:58,KXNBATOTAL-26APR05HOUGSW-238,NO,3760.73,OTHER
2026-04-06 03:36:28,KXNBAGAME-26APR05HOUGSW-GSW,NO,4694.69,OTHER
2026-04-06 03:36:58,KXNBAGAME-26APR05HOUGSW-HOU,YES,2928.31,OTHER
2026-04-06 03:38:14,KXNBAGAME-26APR05HOUGSW-HOU,YES,3939.00,OTHER
2026-04-06 03:40:30,KXNBAGAME-26APR05HOUGSW-HOU,YES,4764.42,OTHER
2026-04-06 03:41:15,KXNBAGAME-26APR05HOUGSW-HOU,YES,3094.00,OTHER
2026-04-06 03:41:15,KXMARMAD-26-MICH,YES,4867.72,OTHER
2026-04-06 03:41:30,KXNBAGAME-26APR05HOUGSW-HOU,YES,2681.75,OTHER
2026-04-06 03:41:45,KXNBAGAME-26APR05HOUGSW-HOU,YES,3101.65,OTHER
2026-04-06 03:41:45,KXNBAGAME-26APR05HOUGSW-HOU,YES,4250.00,OTHER
2026-04-06 03:42:01,KXNBAGAME-26APR05HOUGSW-HOU,YES,3420.22,OTHER
2026-04-06 03:42:16,KXNBAGAME-26APR05HOUGSW-HOU,YES,5150.15,OTHER
2026-04-06 03:42:16,KXNBAGAME-26APR05HOUGSW-HOU,YES,4590.85,OTHER
2026-04-06 03:42:16,KXNBAGAME-26APR05HOUGSW-HOU,YES,5150.15,OTHER
2026-04-06 03:42:16,KXNBAGAME-26APR05HOUGSW-HOU,YES,12750.00,OTHER
2026-04-06 03:45:02,KXNCAAMBSPREAD-26APR06CONNMICH-MICH7,YES,9261.35,OTHER
2026-04-06 03:45:02,KXNCAAMBSPREAD-26APR06CONNMICH-MICH7,YES,13634.40,OTHER
2026-04-06 03:45:02,KXNBAGAME-26APR05HOUGSW-HOU,YES,5018.18,OTHER
2026-04-06 03:46:18,KXLAYOFFSYINFO-26-494000,YES,3249.79,OTHER
2026-04-06 03:46:18,KXMVECROSSCATEGORY-S20266FF7D45F17D-A24FEF9CB1E,YES,4470.60,OTHER
2026-04-06 03:47:03,KXNBAGAME-26APR05HOUGSW-HOU,YES,2934.75,OTHER
2026-04-06 03:47:33,KXNBAGAME-26APR05HOUGSW-GSW,NO,2659.72,OTHER
2026-04-06 03:48:49,KXNBAGAME-26APR05HOUGSW-HOU,YES,4363.20,OTHER
2026-04-06 03:49:49,KXNBAGAME-26APR05HOUGSW-GSW,NO,2194.74,OTHER
2026-04-06 03:53:51,KXNBAGAME-26APR05HOUGSW-HOU,YES,2807.89,OTHER
2026-04-06 03:54:06,KXNBATOTAL-26APR05HOUGSW-229,YES,3590.23,OTHER
2026-04-06 03:54:21,KXNBAGAME-26APR05HOUGSW-HOU,YES,4646.94,OTHER
2026-04-06 03:55:37,KXTRUMPSAY-26APR06-CRYP,NO,2042.37,OTHER
2026-04-06 04:00:39,KXNBAGAME-26APR05HOUGSW-GSW,NO,2447.96,OTHER
2026-04-06 04:03:26,KXNBAGAME-26APR05HOUGSW-HOU,YES,8500.24,OTHER
2026-04-06 04:08:13,KXNBAGAME-26APR05HOUGSW-HOU,YES,3717.56,OTHER
2026-04-06 04:08:13,KXNBAGAME-26APR05HOUGSW-HOU,YES,6346.34,OTHER
2026-04-06 04:08:13,KXNBAGAME-26APR05HOUGSW-HOU,YES,5126.66,OTHER
2026-04-06 04:08:58,KXMVECROSSCATEGORY-S20260426CEFF914-30A70318156,NO,5786.43,OTHER
2026-04-06 04:09:59,KXNBAGAME-26APR05HOUGSW-HOU,YES,4211.67,OTHER
2026-04-06 04:09:59,KXNBAGAME-26APR05HOUGSW-HOU,YES,13050.00,OTHER
2026-04-06 04:09:59,KXNBA-26-OKC,YES,5787.60,OTHER
2026-04-06 04:13:30,KXNHLGAME-26APR05STLCOL-STL,YES,2021.58,OTHER
2026-04-06 04:13:30,KXMOVVAREDISTRICT-26APR21-YES-P1,NO,2580.00,OTHER
2026-04-06 04:13:45,KXNBAGAME-26APR05HOUGSW-HOU,YES,5586.24,OTHER
2026-04-06 04:15:16,KXLIGAMXGAME-26APR05CDGPUM-CDG,NO,2137.41,OTHER
2026-04-06 04:15:46,KXMVESPORTSMULTIGAMEEXTENDED-S2026E740EF6FCC4-7349EEDB2C1,NO,8450.62,OTHER
2026-04-06 04:17:32,KXNBAGAME-26APR05HOUGSW-GSW,NO,2011.59,OTHER
2026-04-06 04:17:32,KXNBAGAME-26APR05HOUGSW-HOU,YES,4533.75,OTHER
2026-04-06 04:17:47,KXNBAGAME-26APR05HOUGSW-HOU,YES,3395.30,OTHER
2026-04-06 04:17:47,KXNBAGAME-26APR05HOUGSW-GSW,NO,2086.20,OTHER
2026-04-06 04:17:47,KXNBAGAME-26APR05HOUGSW-GSW,NO,3767.70,OTHER
2026-04-06 04:18:03,KXMVECROSSCATEGORY-S20269660576123C-B0EEB8B423D,YES,8741.45,OTHER
2026-04-06 04:19:03,KXNBAGAME-26APR05HOUGSW-HOU,YES,2648.10,OTHER
2026-04-06 04:19:03,KXNBAGAME-26APR05HOUGSW-HOU,YES,3952.75,OTHER
2026-04-06 04:20:04,KXNBAGAME-26APR05HOUGSW-HOU,YES,3825.65,OTHER
2026-04-06 04:20:19,KXATPCHALLENGERMATCH-26APR05TAKCOO-TAK,YES,18888.70,OTHER
2026-04-06 04:21:04,KXMVECROSSCATEGORY-S2026894F0A57E0B-9B5A3799416,NO,2463.30,OTHER
2026-04-06 04:22:50,KXNBATOTAL-26APR05HOUGSW-235,NO,2728.55,OTHER
2026-04-06 04:23:20,KXNBAGAME-26APR05HOUGSW-HOU,YES,6606.00,OTHER
2026-04-06 04:25:21,KXNBAGAME-26APR05HOUGSW-HOU,YES,3091.70,OTHER
2026-04-06 04:25:51,KXNBAGAME-26APR05HOUGSW-HOU,YES,2366.10,OTHER
2026-04-06 04:26:06,KXNBAGAME-26APR05HOUGSW-HOU,YES,8882.10,OTHER
2026-04-06 04:27:37,KXNCAAMBSPREAD-26APR06CONNMICH-MICH7,YES,9295.68,OTHER
2026-04-06 04:28:07,KXNBAGAME-26APR05HOUGSW-GSW,NO,2475.94,OTHER
2026-04-06 04:28:53,KXNBAGAME-26APR05HOUGSW-GSW,NO,2460.00,OTHER
2026-04-06 04:29:08,KXNBAGAME-26APR05HOUGSW-HOU,YES,2520.00,OTHER
2026-04-06 04:29:53,KXNBAGAME-26APR05HOUGSW-GSW,NO,30029.94,OTHER
2026-04-06 04:31:09,KXNBAGAME-26APR05HOUGSW-HOU,YES,9800.84,OTHER
2026-04-06 04:32:24,KXMVECROSSCATEGORY-S20264B1F708027E-1E18DED4C4C,YES,2134.89,OTHER
2026-04-06 04:33:10,KXNBAGAME-26APR05HOUGSW-GSW,NO,2989.54,OTHER
2026-04-06 04:33:25,KXNBAGAME-26APR05HOUGSW-GSW,NO,2579.50,OTHER
2026-04-06 04:33:55,KXNBAGAME-26APR05HOUGSW-GSW,NO,2757.14,OTHER
2026-04-06 04:34:25,KXNBAGAME-26APR05HOUGSW-GSW,NO,2440.00,OTHER
2026-04-06 04:34:40,KXNBAGAME-26APR05HOUGSW-GSW,NO,2275.40,OTHER
2026-04-06 04:34:55,KXNBAGAME-26APR05HOUGSW-HOU,NO,2000.00,OTHER
2026-04-06 04:35:10,KXNBAGAME-26APR05HOUGSW-GSW,NO,6767.52,OTHER
2026-04-06 04:35:10,KXNBAGAME-26APR05HOUGSW-HOU,YES,3501.05,OTHER
2026-04-06 04:35:26,KXNBAGAME-26APR05HOUGSW-HOU,NO,4689.33,OTHER
2026-04-06 04:35:56,KXNBAGAME-26APR05HOUGSW-GSW,YES,3635.58,OTHER
2026-04-06 04:35:56,KXNBAGAME-26APR05HOUGSW-GSW,YES,3635.58,OTHER
2026-04-06 04:35:56,KXNBAGAME-26APR05HOUGSW-GSW,YES,8397.60,OTHER
2026-04-06 04:35:56,KXNBAGAME-26APR05HOUGSW-HOU,NO,3093.37,OTHER
2026-04-06 04:36:26,KXNBATOTAL-26APR05HOUGSW-235,NO,3259.90,OTHER
2026-04-06 04:36:41,KXNBAGAME-26APR05HOUGSW-HOU,NO,3100.00,OTHER
2026-04-06 04:36:41,KXNBAGAME-26APR05HOUGSW-GSW,YES,3100.00,OTHER
2026-04-06 04:37:11,KXNBAGAME-26APR05HOUGSW-HOU,NO,3720.00,OTHER
2026-04-06 04:39:27,KXNBAGAME-26APR06PHISAS-SAS,YES,3384.15,OTHER
2026-04-06 04:39:43,KXATPMATCH-26APR05RUBBOR-RUB,YES,3160.00,OTHER
2026-04-06 04:39:43,KXATPMATCH-26APR05RUBBOR-RUB,YES,3190.88,OTHER
2026-04-06 04:40:28,KXNCAAMBSPREAD-26APR06CONNMICH-MICH7,YES,19200.00,OTHER
2026-04-06 04:41:44,KXNCAAMBSPREAD-26APR06CONNMICH-MICH7,YES,2880.00,OTHER
2026-04-06 04:44:00,KXMARMAD-26-MICH,YES,5892.62,OTHER
2026-04-06 04:44:00,KXATPCHALLENGERMATCH-26APR05LIUPEA-LIU,NO,2254.98,OTHER
2026-04-06 04:50:48,KXNBAGAME-26APR06PHISAS-SAS,YES,9746.66,OTHER
2026-04-06 04:52:03,KXMARMAD-26-MICH,YES,7365.22,OTHER
2026-04-06 04:57:51,KXMARMAD-26-CONN,YES,4050.00,OTHER
2026-04-06 05:06:55,KXAFLGAME-26APR060115GEEHAW-HAW,YES,2906.28,OTHER
2026-04-06 05:07:56,KXATPCHALLENGERMATCH-26APR06STRMAN-MAN,NO,4900.00,OTHER
2026-04-06 05:08:41,KXATPCHALLENGERMATCH-26APR05SEKMOC-SEK,YES,2810.82,OTHER
2026-04-06 05:09:57,KXATPCHALLENGERMATCH-26APR06PARSIM-SIM,YES,2671.72,OTHER
2026-04-06 05:11:12,KXUCLGAME-26APR07RMABMU-BMU,NO,4827.20,OTHER
2026-04-06 05:12:13,KXNHLGAME-26APR06SEAWPG-SEA,YES,2778.57,OTHER
2026-04-06 05:12:58,KXNCAAMBSPREAD-26APR06CONNMICH-MICH7,YES,16402.56,OTHER
2026-04-06 05:20:31,KXIPLGAME-26APR06PBKSKKR-KKR,YES,3370.05,OTHER
2026-04-06 05:22:47,KXMVECROSSCATEGORY-S2026E4A26C46E6D-27649BF83F9,YES,2800.00,OTHER
2026-04-06 05:24:33,KXATPCHALLENGERMATCH-26APR05SEKMOC-SEK,YES,2700.00,OTHER
2026-04-06 05:30:21,KXMLBGAME-26APR061845MILBOS-MIL,YES,2418.52,OTHER
2026-04-06 05:32:06,KXNBAGAME-26APR06PORDEN-DEN,YES,3238.62,OTHER
2026-04-06 05:33:52,KXMARMAD-26-CONN,YES,4756.86,OTHER
2026-04-06 05:35:08,KXATPCHALLENGERMATCH-26APR05SEKMOC-SEK,YES,2319.42,OTHER
2026-04-06 05:44:42,KXATPCHALLENGERMATCH-26APR06BINUCH-UCH,YES,3233.70,OTHER
2026-04-06 05:48:44,KXATPCHALLENGERMATCH-26APR06BINUCH-BIN,NO,2571.66,OTHER
2026-04-06 05:53:01,KXNCAAMBSPREAD-26APR06CONNMICH-MICH7,NO,2892.78,OTHER
2026-04-06 05:54:16,KXMVECROSSCATEGORY-S20262FB6D8DD004-933C633839F,YES,3604.43,OTHER
2026-04-06 05:59:19,KXMVESPORTSMULTIGAMEEXTENDED-S2026D9219B07B13-913F230F616,YES,3138.96,OTHER
2026-04-06 06:09:38,KXATPCHALLENGERMATCH-26APR05SEKMOC-SEK,YES,3217.50,OTHER
2026-04-06 06:11:39,KXATPCHALLENGERMATCH-26APR05SEKMOC-MOC,NO,2461.14,OTHER
2026-04-06 06:11:54,KXMVECROSSCATEGORY-S202625F4992085A-07B0A66008A,YES,5814.35,OTHER
2026-04-06 06:12:10,KXATPCHALLENGERMATCH-26APR05SEKMOC-SEK,YES,3596.67,OTHER
2026-04-06 06:18:58,KXNCAAMBSPREAD-26APR06CONNMICH-MICH7,YES,2880.00,OTHER
2026-04-06 06:26:01,KXATPCHALLENGERMATCH-26APR05CHAMAR-MAR,YES,2150.00,OTHER
2026-04-06 06:26:01,KXATPCHALLENGERMATCH-26APR05CHAMAR-MAR,YES,2150.00,OTHER
2026-04-06 06:34:20,KXNBASPREAD-26APR06PHISAS-SAS9,YES,3469.07,OTHER
2026-04-06 06:35:05,KXATPMATCH-26APR05RUBBOR-RUB,YES,5139.45,OTHER
2026-04-06 06:38:37,KXMLBGAME-26APR061845MILBOS-MIL,YES,7430.28,OTHER
2026-04-06 06:38:37,KXMLBGAME-26APR061845MILBOS-MIL,YES,4009.72,OTHER
2026-04-06 06:43:09,KXNBAGAME-26APR06DETORL-DET,YES,2433.29,OTHER
2026-04-06 06:43:39,KXATPCHALLENGERMATCH-26APR06BINUCH-BIN,NO,3896.64,OTHER
2026-04-06 06:43:39,KXATPCHALLENGERMATCH-26APR06BINUCH-UCH,YES,3774.87,OTHER
2026-04-06 06:50:27,KXMARMAD-26-CONN,YES,2853.90,OTHER
2026-04-06 06:57:16,KXATPCHALLENGERMATCH-26APR05CHAMAR-MAR,YES,3962.88,OTHER
2026-04-06 06:58:16,KXATPCHALLENGERMATCH-26APR05CHAMAR-MAR,YES,14932.80,OTHER
2026-04-06 06:58:16,KXATPCHALLENGERMATCH-26APR05CHAMAR-MAR,YES,3840.00,OTHER
2026-04-06 06:59:01,KXMARMAD-26-CONN,YES,4090.77,OTHER
2026-04-06 07:01:33,KXATPCHALLENGERMATCH-26APR05CHAMAR-MAR,YES,16991.24,OTHER
2026-04-06 07:01:33,KXATPCHALLENGERMATCH-26APR05CHAMAR-MAR,YES,3760.00,OTHER
2026-04-06 07:02:03,KXMARMAD-26-MICH,YES,8911.82,OTHER
2026-04-06 07:03:18,KXATPCHALLENGERMATCH-26APR05CHAMAR-MAR,YES,3532.52,OTHER
2026-04-06 07:09:52,KXMARMAD-26-MICH,YES,2575.94,OTHER
2026-04-06 07:13:08,KXATPCHALLENGERMATCH-26APR05CHAMAR-CHA,NO,2725.47,OTHER
2026-04-06 07:16:55,KXMLBGAME-26APR062138ATLLAA-LAA,YES,2925.00,OTHER
2026-04-06 07:16:55,KXMLBGAME-26APR062138ATLLAA-LAA,NO,4555.48,OTHER
2026-04-06 07:19:26,KXIPLGAME-26APR06PBKSKKR-KKR,YES,3528.00,OTHER
2026-04-06 07:23:28,KXMARMAD-26-MICH,YES,2433.86,OTHER
2026-04-06 07:25:14,KXATPCHALLENGERMATCH-26APR06PARSIM-SIM,YES,6616.80,OTHER
2026-04-06 07:31:31,KXWTAMATCH-26APR06VOLSAL-VOL,YES,2748.45,OTHER
2026-04-06 07:44:07,KXNBAGAME-26APR07OKCLAL-OKC,YES,9225.60,OTHER
2026-04-06 07:48:24,KXNBAGAME-26APR06PHISAS-SAS,YES,11938.08,OTHER
2026-04-06 07:48:24,KXNBAGAME-26APR06PHISAS-SAS,YES,15400.00,OTHER
2026-04-06 07:59:15,KXETHD-26APR1017-T2169.99,NO,2080.72,OTHER
2026-04-06 07:59:30,KXATPCHALLENGERMATCH-26APR06PARSIM-SIM,YES,2005.64,OTHER
2026-04-06 08:03:47,KXNBAGAME-26APR06NYKATL-ATL,YES,2408.85,OTHER
2026-04-06 08:04:02,KXMARMAD-26-CONN,YES,4655.07,OTHER
2026-04-06 08:04:17,KXNCAAMBSPREAD-26APR06CONNMICH-MICH7,NO,6267.78,OTHER
2026-04-06 08:07:04,KXNBATOTAL-26APR06NYKATL-227,YES,2273.60,OTHER
2026-04-06 08:26:42,KXBTC15M-26APR060430-30,YES,4404.96,OUR
2026-04-06 08:27:13,KXATPMATCH-26APR05RUBBOR-RUB,YES,2803.41,OTHER
2026-04-06 08:31:14,KXMLBGAME-26APR061845MILBOS-MIL,YES,2407.08,OTHER
2026-04-06 08:35:46,KXATPCHALLENGERMATCH-26APR06BONGUE-BON,YES,2444.60,OTHER
2026-04-06 08:39:18,KXATPCHALLENGERMATCH-26APR06KOPROM-ROM,YES,3030.28,OTHER
2026-04-06 08:40:49,KXSERIEAGAME-26APR06UDICOM-COM,YES,2950.00,OTHER
2026-04-06 08:40:49,KXSERIEAGAME-26APR06UDICOM-COM,YES,2341.12,OTHER
2026-04-06 08:41:49,KXMARMAD-26-MICH,NO,2643.57,OTHER
2026-04-06 08:47:37,KXSERIEAGAME-26APR06UDICOM-COM,YES,2024.20,OTHER
2026-04-06 08:48:37,KXNBAGAME-26APR06PHISAS-SAS,YES,4387.50,OTHER
2026-04-06 08:49:07,KXWTACHALLENGERMATCH-26APR06HERMAR-HER,YES,3499.76,OTHER
2026-04-06 08:51:23,KXNCAAMBSPREAD-26APR06CONNMICH-MICH7,YES,4800.00,OTHER
2026-04-06 08:53:24,KXMARMAD-26-CONN,NO,2220.00,OTHER
2026-04-06 08:53:54,KXMARMAD-26-CONN,YES,3537.81,OTHER
2026-04-06 08:55:40,KXMLBGAME-26APR061907LADTOR-LAD,YES,3093.14,OTHER
2026-04-06 08:59:12,KXMVECROSSCATEGORY-S20267DC74A955DF-06F0D014BEC,NO,3406.48,OTHER
2026-04-06 09:02:28,KXWTACHALLENGERMATCH-26APR06JANAVA-AVA,YES,6673.75,OTHER
2026-04-06 09:02:28,KXWTACHALLENGERMATCH-26APR06JANAVA-AVA,YES,6566.40,OTHER
2026-04-06 09:02:28,KXWTACHALLENGERMATCH-26APR06JANAVA-AVA,YES,6021.12,OTHER
2026-04-06 09:03:14,KXCS2GAME-26APR060300MIBRLGC-LGC,YES,2001.24,OTHER
2026-04-06 09:06:30,KXWTACHALLENGERMATCH-26APR06JANAVA-AVA,YES,2402.55,OTHER
2026-04-06 09:11:18,KXLAYOFFSYINFO-26-494000,YES,4107.16,OTHER
2026-04-06 09:11:18,KXLAYOFFSYINFO-26-494000,YES,2427.30,OTHER
2026-04-06 09:12:33,KXBTCD-26APR0606-T69499.99,YES,2100.00,OTHER
2026-04-06 09:13:49,KXNCAAMBSPREAD-26APR06CONNMICH-MICH7,NO,3780.00,OTHER
2026-04-06 09:14:19,KXMVESPORTSMULTIGAMEEXTENDED-S2026F9118824A0B-4A9F6C83350,YES,2274.66,OTHER
2026-04-06 09:15:50,KXWTACHALLENGERMATCH-26APR06JANAVA-AVA,YES,6543.46,OTHER
2026-04-06 09:17:51,KXATPMATCH-26APR05RUBBOR-RUB,NO,2737.68,OTHER
2026-04-06 09:17:51,KXATPMATCH-26APR05RUBBOR-RUB,YES,7168.20,OTHER
2026-04-06 09:17:51,KXATPMATCH-26APR05RUBBOR-RUB,YES,5391.36,OTHER
2026-04-06 09:17:51,KXATPMATCH-26APR05RUBBOR-RUB,YES,2051.40,OTHER
2026-04-06 09:18:21,KXWTACHALLENGERMATCH-26APR06JANAVA-AVA,YES,4790.61,OTHER
2026-04-06 09:18:51,KXWTACHALLENGERMATCH-26APR06HERMAR-HER,YES,2972.79,OTHER
2026-04-06 09:26:09,KXSPACEXSTARSHIP-12-26MAY31,YES,2147.20,OTHER
2026-04-06 09:33:43,KXMARMAD-26-CONN,NO,5173.34,OTHER
2026-04-06 09:33:58,KXNBAGAME-26APR07OKCLAL-OKC,YES,9225.60,OTHER
2026-04-06 09:33:58,KXNBAGAME-26APR07OKCLAL-OKC,YES,2435.67,OTHER
2026-04-06 09:36:29,KXATPMATCH-26APR05RUBBOR-RUB,YES,4962.48,OTHER
2026-04-06 09:36:29,KXATPMATCH-26APR05RUBBOR-RUB,YES,2034.06,OTHER
2026-04-06 09:41:01,KXATPMATCH-26APR05RUBBOR-RUB,YES,9000.00,OTHER
2026-04-06 09:56:08,KXATPMATCH-26APR05RUBBOR-RUB,YES,6376.89,OTHER
2026-04-06 09:56:38,KXATPMATCH-26APR05RUBBOR-RUB,YES,2036.70,OTHER
2026-04-06 09:56:38,KXATPMATCH-26APR05RUBBOR-RUB,YES,2192.40,OTHER
2026-04-06 09:56:38,KXATPMATCH-26APR05RUBBOR-RUB,YES,2185.20,OTHER
2026-04-06 09:56:53,KXATPMATCH-26APR05RUBBOR-RUB,YES,6309.90,OTHER
2026-04-06 09:57:24,KXWTACHALLENGERMATCH-26APR06HERMAR-HER,YES,2783.88,OTHER
2026-04-06 09:59:24,KXMLBGAME-26APR061845MILBOS-MIL,YES,3643.12,OTHER
2026-04-06 09:59:24,KXMLBGAME-26APR061845MILBOS-MIL,YES,2600.00,OTHER
2026-04-06 09:59:24,KXMLBGAME-26APR061845MILBOS-MIL,YES,3900.00,OTHER
2026-04-06 09:59:40,KXATPMATCH-26APR05RINKHA-RIN,YES,2643.66,OTHER
2026-04-06 10:02:41,KXATPCHALLENGERMATCH-26APR06GOMCAN-CAN,NO,2839.29,OTHER
2026-04-06 10:02:41,KXATPCHALLENGERMATCH-26APR06GOMCAN-CAN,NO,3835.48,OTHER
2026-04-06 10:03:26,KXATPMATCH-26APR05RUBBOR-RUB,YES,5909.60,OTHER
2026-04-06 10:03:26,KXATPMATCH-26APR05RUBBOR-RUB,YES,2040.77,OTHER
2026-04-06 10:12:15,KXMVECROSSCATEGORY-S2026F809625BB2A-20CEBA00688,YES,7276.73,OTHER
2026-04-06 10:13:31,KXATPMATCH-26APR05RINKHA-KHA,YES,2408.56,OTHER
2026-04-06 10:14:16,KXMVESPORTSMULTIGAMEEXTENDED-S2026629DF466D37-2A825CBDE9D,YES,2398.28,OTHER
2026-04-06 10:16:02,KXMVECROSSCATEGORY-S2026219AF2B1009-DA4BC30F641,YES,4729.92,OTHER
2026-04-06 10:21:50,KXETHD-26APR1017-T2089.99,YES,2569.68,OTHER
2026-04-06 10:22:50,KXATPMATCH-26APR05RUBBOR-RUB,YES,2419.20,OTHER
2026-04-06 10:23:21,KXATPMATCH-26APR05RINKHA-KHA,NO,5397.21,OTHER
2026-04-06 10:25:52,KXATPMATCH-26APR05RINKHA-RIN,YES,3811.56,OTHER
2026-04-06 10:28:08,KXCS2MAP-26APR060700MEGOME-2-MEG,NO,2301.75,OTHER
2026-04-06 10:28:08,KXCS2MAP-26APR060700MEGOME-2-OME,YES,2317.59,OTHER
2026-04-06 10:28:08,KXCS2MAP-26APR060700MEGOME-1-MEG,NO,2876.84,OTHER
2026-04-06 10:28:08,KXCS2MAP-26APR060700MEGOME-1-OME,YES,2568.54,OTHER
2026-04-06 10:28:08,KXCS2GAME-26APR060700MEGOME-MEG,NO,2817.75,OTHER
2026-04-06 10:28:08,KXCS2GAME-26APR060700MEGOME-OME,YES,2092.80,OTHER
2026-04-06 10:36:41,KXATPMATCH-26APR05RINKHA-RIN,YES,3531.15,OTHER
2026-04-06 10:39:12,KXATPMATCH-26APR05RUBBOR-BOR,NO,3044.82,OTHER
2026-04-06 10:40:43,KXATPMATCH-26APR05RINKHA-KHA,NO,4562.88,OTHER
2026-04-06 10:40:58,KXATPMATCH-26APR05RINKHA-RIN,YES,4027.32,OTHER
2026-04-06 10:40:58,KXATPMATCH-26APR05RINKHA-RIN,YES,6215.22,OTHER
2026-04-06 10:40:58,KXATPMATCH-26APR05RINKHA-RIN,YES,3947.44,OTHER
2026-04-06 10:40:58,KXATPMATCH-26APR05RINKHA-RIN,YES,6773.76,OTHER
2026-04-06 10:45:45,KXNCAAMBSGP-26APR06CONNMICH-MICHO144,YES,5288.79,OTHER
2026-04-06 10:51:48,KXATPCHALLENGERMATCH-26APR06SHEROC-ROC,YES,6704.64,OTHER
2026-04-06 10:56:50,KXATPMATCH-26APR06LEHNAV-LEH,YES,2334.42,OTHER
2026-04-06 11:06:40,KXMARMAD-26-MICH,YES,2920.78,OTHER
2026-04-06 11:12:12,KXBTCD-26APR0617-T69499.99,YES,2661.00,OTHER
2026-04-06 11:12:43,KXWTAMATCH-26APR06VOLSAL-VOL,YES,5314.76,OTHER
2026-04-06 11:12:43,KXATPMATCH-26APR06LEHNAV-LEH,YES,2136.10,OTHER
2026-04-06 11:15:14,KXATPMATCH-26APR05BAEWAW-BAE,YES,2601.90,OTHER
2026-04-06 11:18:30,KXATPMATCH-26APR06LEHNAV-LEH,YES,3950.00,OTHER
2026-04-06 11:19:46,KXWTACHALLENGERMATCH-26APR06BRAPON-PON,YES,2991.36,OTHER
2026-04-06 11:26:19,KXWTAMATCH-26APR06SASKAL-SAS,YES,2833.92,OTHER
2026-04-06 11:27:19,KXSERIEATOTAL-26APR06UDICOM-2,NO,3444.00,OTHER
2026-04-06 11:27:49,KXATPMATCH-26APR05BAEWAW-WAW,YES,3228.23,OTHER
2026-04-06 11:27:49,KXATPMATCH-26APR05BAEWAW-WAW,YES,3663.36,OTHER
2026-04-06 11:29:05,KXATPMATCH-26APR05BAEWAW-WAW,NO,3265.54,OTHER
2026-04-06 11:29:05,KXATPMATCH-26APR05BAEWAW-BAE,YES,3309.24,OTHER
2026-04-06 11:34:53,KXWTAMATCH-26APR06SASKAL-KAL,YES,2922.28,OTHER
2026-04-06 11:34:53,KXWTAMATCH-26APR06SASKAL-KAL,YES,2722.80,OTHER
2026-04-06 11:36:08,KXWTAMATCH-26APR06SASKAL-KAL,YES,2833.92,OTHER
2026-04-06 11:36:08,KXWTAMATCH-26APR06SASKAL-KAL,YES,2949.37,OTHER
2026-04-06 11:36:24,KXWTAMATCH-26APR06SASKAL-KAL,YES,2833.92,OTHER
2026-04-06 11:36:24,KXWTAMATCH-26APR06SASKAL-KAL,YES,2556.78,OTHER
2026-04-06 11:44:58,KXWTAMATCH-26APR06SASKAL-KAL,NO,2446.44,OTHER
2026-04-06 11:50:00,KXWTAMATCH-26APR06SASKAL-SAS,YES,4924.14,OTHER
2026-04-06 11:52:46,KXWTAMATCH-26APR06SASKAL-SAS,YES,2158.60,OTHER
2026-04-06 11:54:47,KXATPMATCH-26APR05BAEWAW-BAE,YES,2259.84,OTHER
2026-04-06 11:54:47,KXATPMATCH-26APR05BAEWAW-BAE,YES,6082.56,OTHER
2026-04-06 11:58:04,KXETHY-27JAN0100-B2125,NO,3603.01,OTHER
2026-04-06 11:59:19,KXATPMATCH-26APR05BERMAN-BER,YES,6574.59,OTHER
2026-04-06 11:59:19,KXATPMATCH-26APR05BERMAN-BER,YES,3939.21,OTHER
2026-04-06 11:59:19,KXATPMATCH-26APR05BERMAN-BER,YES,6773.76,OTHER
2026-04-06 11:59:19,KXATPMATCH-26APR05BERMAN-BER,YES,5896.66,OTHER
2026-04-06 11:59:19,KXSERIEAGAME-26APR06UDICOM-TIE,YES,3591.54,OTHER
2026-04-06 12:01:05,KXWTACHALLENGERMATCH-26APR06KUDSHE-SHE,NO,2121.60,OTHER
2026-04-06 12:02:21,KXWTACHALLENGERMATCH-26APR06KUDSHE-KUD,YES,2386.20,OTHER
2026-04-06 12:04:22,KXNCAAMBTOTAL-26APR06CONNMICH-144,YES,2040.00,OTHER
2026-04-06 12:09:24,KXLALIGAGAME-26APR06GIRVIL-GIR,NO,2172.81,OTHER
2026-04-06 12:09:54,KXCBAGAME-26APR060735BRFJIA-BRF,YES,2051.46,OTHER
2026-04-06 12:09:54,KXNBASPREAD-26APR06DETORL-DET3,YES,2306.00,OTHER
2026-04-06 12:10:55,KXSERIEAGAME-26APR06UDICOM-COM,NO,4984.21,OTHER
2026-04-06 12:11:25,KXATPMATCH-26APR05BAEWAW-WAW,NO,4443.32,OTHER
2026-04-06 12:12:41,KXMVECROSSCATEGORY-S2026253B4E9A8A6-13BC6E1A5A2,YES,5790.58,OTHER
2026-04-06 12:12:56,KXATPMATCH-26APR05BERMAN-BER,YES,3996.63,OTHER
2026-04-06 12:13:11,KXATPMATCH-26APR05BERMAN-BER,YES,2458.17,OTHER
2026-04-06 12:13:56,KXMARMAD-26-MICH,YES,2898.58,OTHER
2026-04-06 12:16:12,KXATPMATCH-26APR05BERMAN-BER,YES,2784.87,OTHER
2026-04-06 12:20:45,KXATPCHALLENGERMATCH-26APR06NAGKAS-KAS,YES,2079.00,OTHER
2026-04-06 12:22:46,KXATPCHALLENGERMATCH-26APR06LAJBEL-BEL,YES,3456.00,OTHER
2026-04-06 12:24:47,KXATPCHALLENGERMATCH-26APR06LAJBEL-BEL,YES,3835.44,OTHER
2026-04-06 12:35:52,KXBTCD-26APR0609-T69699.99,NO,3123.62,OTHER
2026-04-06 12:36:07,KXMARMAD-26-MICH,YES,2333.22,OTHER
2026-04-06 12:36:07,KXCS2GAME-26APR060900MGLZAST-MGLZ,YES,2796.99,OTHER
2026-04-06 12:37:08,KXWTAMATCH-26APR06PARGAL-GAL,YES,4424.72,OTHER
2026-04-06 12:38:38,KXMARMAD-26-MICH,YES,2085.32,OTHER
2026-04-06 12:44:11,KXATPMATCH-26APR06LEHNAV-LEH,YES,2933.04,OTHER
2026-04-06 12:44:57,KXNBAGAME-26APR06DETORL-DET,YES,3619.56,OTHER
2026-04-06 12:46:27,KXMLBGAME-26APR061610CHCTB-TB,YES,2650.00,OTHER
2026-04-06 12:52:00,KXATPMATCH-26APR06LEHNAV-LEH,YES,4051.10,OTHER
2026-04-06 12:53:46,KXATPMATCH-26APR05BAEWAW-WAW,NO,2222.64,OTHER
2026-04-06 12:57:18,KXETHY-27JAN0100-B2625,NO,3557.95,OTHER
2026-04-06 12:57:48,KXEFLCHAMPIONSHIPGAME-26APR06POROXU-POR,NO,2216.80,OTHER
2026-04-06 13:02:51,KXNBAGAME-26APR06NYKATL-NYK,YES,3437.28,OTHER
2026-04-06 13:03:36,KXPRESNOMR-28-KNOE,NO,9190.80,OTHER
2026-04-06 13:03:36,KXPRESNOMR-28-KNOE,NO,9990.00,OTHER
2026-04-06 13:03:36,KXMVECROSSCATEGORY-S2026E0EF3816561-5389112ACC1,YES,2426.16,OTHER
2026-04-06 13:05:37,KXNCAAMBTOTAL-26APR06CONNMICH-144,NO,2476.00,OTHER
2026-04-06 13:05:37,KXNCAAMBTOTAL-26APR06CONNMICH-144,NO,2500.00,OTHER
2026-04-06 13:06:22,KXATPMATCH-26APR06LEHNAV-LEH,YES,4896.50,OTHER
2026-04-06 13:07:23,KXLAYOFFSYINFO-26-494000,YES,3635.38,OTHER
2026-04-06 13:08:08,KXATPMATCH-26APR06LEHNAV-LEH,YES,2513.94,OTHER
2026-04-06 13:08:39,KXMARMAD-26-CONN,YES,2700.00,OTHER
2026-04-06 13:11:40,KXATPMATCH-26APR06LEHNAV-NAV,NO,3706.85,OTHER
2026-04-06 13:13:41,KXATPMATCH-26APR06LEHNAV-LEH,YES,3942.70,OTHER
2026-04-06 13:13:41,KXATPMATCH-26APR06LEHNAV-LEH,YES,4833.90,OTHER
2026-04-06 13:14:57,KXNBAGAME-26APR06NYKATL-ATL,YES,12581.67,OTHER
2026-04-06 13:16:27,KXNCAAMBSPREAD-26APR06CONNMICH-MICH4,YES,2748.46,OTHER
2026-04-06 13:17:13,KXEFLCHAMPIONSHIPGAME-26APR06POROXU-OXU,YES,2818.80,OTHER
2026-04-06 13:20:59,KXNBAGAME-26APR06PORDEN-DEN,YES,19493.32,OTHER
2026-04-06 13:27:33,KXATPMATCH-26APR05CERTSI-TSI,NO,2383.28,OTHER
2026-04-06 13:28:03,KXATPMATCH-26APR06LEHNAV-LEH,YES,2977.05,OTHER
2026-04-06 13:35:07,KXATPMATCH-26APR05CERTSI-CER,YES,2318.47,OTHER
2026-04-06 13:35:37,KXIPLGAME-26APR06PBKSKKR-PBKS,YES,4950.00,OTHER
2026-04-06 13:36:07,KXIPLGAME-26APR06PBKSKKR-PBKS,YES,2414.50,OTHER
2026-04-06 13:38:53,KXIPLGAME-26APR06PBKSKKR-PBKS,YES,2598.06,OTHER
2026-04-06 13:40:54,KXIPLGAME-26APR06PBKSKKR-PBKS,YES,2814.09,OTHER
2026-04-06 13:42:56,KXIPLGAME-26APR06PBKSKKR-PBKS,YES,2438.46,OTHER
2026-04-06 13:43:56,KXNCAAMBSPREAD-26APR06CONNMICH-MICH7,NO,2160.00,OTHER
2026-04-06 13:47:13,KXIPLGAME-26APR06PBKSKKR-PBKS,YES,2173.98,OTHER
2026-04-06 13:49:59,KXWTAMATCH-26APR06PARGAL-GAL,YES,5710.45,OTHER
2026-04-06 13:49:59,KXWTAMATCH-26APR06PARGAL-GAL,YES,2198.30,OTHER
2026-04-06 13:49:59,KXWTAMATCH-26APR06PARGAL-GAL,YES,6620.25,OTHER
2026-04-06 13:49:59,KXWTAMATCH-26APR06PARGAL-GAL,YES,6412.80,OTHER
2026-04-06 13:49:59,KXWTAMATCH-26APR06PARGAL-GAL,YES,6510.14,OTHER
2026-04-06 13:50:45,KXWTAMATCH-26APR06PARGAL-GAL,YES,3815.14,OTHER
2026-04-06 13:50:45,KXWTAMATCH-26APR06PARGAL-GAL,YES,6805.52,OTHER
2026-04-06 13:53:01,KXWTAMATCH-26APR06SHYVEK-SHY,YES,2958.40,OTHER
2026-04-06 13:53:31,KXATPMATCH-26APR06LEHNAV-NAV,NO,3106.70,OTHER
2026-04-06 13:57:48,KXATPMATCH-26APR06LEHNAV-NAV,NO,2323.23,OTHER
2026-04-06 13:58:03,KXBTCD-26APR0610-T69299.99,YES,5568.00,OTHER
2026-04-06 14:00:04,KXATPMATCH-26APR06GARARN-GAR,YES,2802.60,OTHER
