
==================================================
OpenClaw BTC Bot v4.0 — LIVE
[Startup] Live balance synced: $116.47
Balance: $116.47 | MaxBet: $11.65 | Threshold: <0.30 or >0.70
==================================================

[Startup] Resting orders cleared
[Ticker] KXBTC15M-26APR081045-45
[Market] YES=0.06 | NO=0.95 | Sum=1.00
==================================================
Balance: $116.47 | Regime: BEAR | Session: 0W/0L (0%) | PnL: $+0.00
[Confidence] Score=7/10 | strong_edge,coinbase_strong,all3_agree,peak_hour
[Signal] DOWN candidate | yes=0.06 | waiting (1/2)
[Cycle] No signal — YES=0.06 is between 0.30 and 0.70, sum=1.00 >= 0.97
[Ticker] KXBTC15M-26APR081045-45
[Market] YES=0.03 | NO=0.97 | Sum=1.00
==================================================
Balance: $116.47 | Regime: BEAR | Session: 0W/0L (0%) | PnL: $+0.00
[Confidence] Score=8/10 | extreme_edge,coinbase_strong,all3_agree,peak_hour
[Timing] Window 5 min old — skipping
[Cycle] No signal — YES=0.03 is between 0.30 and 0.70, sum=1.00 >= 0.97
[Ticker] KXBTC15M-26APR081045-45
[Market] YES=0.04 | NO=0.96 | Sum=1.00
==================================================
Balance: $116.47 | Regime: CHOP | Session: 0W/0L (0%) | PnL: $+0.00
[Confidence] Score=7/10 | extreme_edge,coinbase_strong,2of3_agree,peak_hour
[Timing] Window 6 min old — skipping
[Cycle] No signal — YES=0.04 is between 0.30 and 0.70, sum=1.00 >= 0.97
[Ticker] KXBTC15M-26APR081045-45
[Market] YES=0.05 | NO=0.96 | Sum=1.01
==================================================
Balance: $116.47 | Regime: CHOP | Session: 0W/0L (0%) | PnL: $+0.00
[Confidence] Score=7/10 | extreme_edge,coinbase_strong,2of3_agree,peak_hour
[Timing] Window 7 min old — skipping
[Cycle] No signal — YES=0.05 is between 0.30 and 0.70, sum=1.01 >= 0.97
[Ticker] KXBTC15M-26APR081045-45
[Market] YES=0.04 | NO=0.97 | Sum=1.00
==================================================
Balance: $116.47 | Regime: CHOP | Session: 0W/0L (0%) | PnL: $+0.00
[Confidence] Score=6/10 | extreme_edge,coinbase_strong,peak_hour
[Timing] Window 8 min old — skipping
[Cycle] No signal — YES=0.04 is between 0.30 and 0.70, sum=1.00 >= 0.97
[Ticker] KXBTC15M-26APR081045-45
[Market] YES=0.01 | NO=0.99 | Sum=1.00
==================================================
Balance: $116.47 | Regime: CHOP | Session: 0W/0L (0%) | PnL: $+0.00
[Confidence] Score=8/10 | extreme_edge,coinbase_strong,all3_agree,peak_hour
[Timing] Window 9 min old — skipping
[Cycle] No signal — YES=0.01 is between 0.30 and 0.70, sum=1.00 >= 0.97
[Ticker] KXBTC15M-26APR081045-45
[Market] YES=0.01 | NO=0.99 | Sum=1.00
==================================================
Balance: $116.47 | Regime: CHOP | Session: 0W/0L (0%) | PnL: $+0.00
[Confidence] Score=7/10 | extreme_edge,coinbase_strong,2of3_agree,peak_hour
[Timing] Window 10 min old — skipping
[Cycle] No signal — YES=0.01 is between 0.30 and 0.70, sum=1.00 >= 0.97
[Ticker] KXBTC15M-26APR081045-45
[Market] YES=0.01 | NO=0.99 | Sum=1.00
==================================================
Balance: $116.47 | Regime: CHOP | Session: 0W/0L (0%) | PnL: $+0.00
[Confidence] Score=7/10 | extreme_edge,coinbase_weak,all3_agree,peak_hour
[Timing] Window 11 min old — skipping
[Cycle] No signal — YES=0.01 is between 0.30 and 0.70, sum=1.00 >= 0.97
[Ticker] KXBTC15M-26APR081045-45
[Market] YES=0.00 | NO=1.00 | Sum=1.00
==================================================
Balance: $116.47 | Regime: CHOP | Session: 0W/0L (0%) | PnL: $+0.00
[Confidence] Score=7/10 | extreme_edge,coinbase_strong,2of3_agree,peak_hour
[Timing] Window 12 min old — skipping
[Cycle] No signal — YES=0.00 is between 0.30 and 0.70, sum=1.00 >= 0.97
[Ticker] KXBTC15M-26APR081045-45
[Market] YES=0.00 | NO=1.00 | Sum=1.00
==================================================
Balance: $116.47 | Regime: CHOP | Session: 0W/0L (0%) | PnL: $+0.00
[Confidence] Score=7/10 | extreme_edge,coinbase_weak,all3_agree,peak_hour
[Timing] Window 13 min old — skipping
[Cycle] No signal — YES=0.00 is between 0.30 and 0.70, sum=1.00 >= 0.97

==================================================
OpenClaw BTC Bot v4.0 — LIVE
[Startup] Live balance synced: $116.47
Balance: $116.47 | MaxBet: $11.65 | Threshold: <0.30 or >0.70
==================================================

[Startup] Resting orders cleared
[Ticker] KXBTC15M-26APR081045-45
[Market] YES=0.00 | NO=1.00 | Sum=1.00
==================================================
Balance: $116.47 | Regime: CHOP | Session: 0W/0L (0%) | PnL: $+0.00
[Confidence] Score=8/10 | extreme_edge,coinbase_strong,all3_agree,peak_hour
[Timing] Window 14 min old — skipping
[Cycle] No signal — YES=0.00 is between 0.30 and 0.70, sum=1.00 >= 0.97
[Ticker] KXBTC15M-26APR081100-00
[Market] YES=0.58 | NO=0.43 | Sum=1.01
==================================================
Balance: $116.47 | Regime: CHOP | Session: 0W/0L (0%) | PnL: $+0.00
[Cycle] No signal — YES=0.58 is between 0.30 and 0.70, sum=1.01 >= 0.97
[Ticker] KXBTC15M-26APR081100-00
[Market] YES=0.66 | NO=0.35 | Sum=1.01
==================================================
Balance: $116.47 | Regime: CHOP | Session: 0W/0L (0%) | PnL: $+0.00
[Cycle] No signal — YES=0.66 is between 0.30 and 0.70, sum=1.01 >= 0.97
[Ticker] KXBTC15M-26APR081100-00
[Market] YES=0.25 | NO=0.76 | Sum=1.01
==================================================
Balance: $116.47 | Regime: CHOP | Session: 0W/0L (0%) | PnL: $+0.00
[Confidence] Score=3/10 | moderate_edge,coinbase_weak,peak_hour
[Signal] DOWN candidate | yes=0.25 | waiting (1/2)
[Cycle] No signal — YES=0.25 is between 0.30 and 0.70, sum=1.01 >= 0.97
[Ticker] KXBTC15M-26APR081100-00
[Market] YES=0.50 | NO=0.51 | Sum=1.01
==================================================
Balance: $116.47 | Regime: CHOP | Session: 0W/0L (0%) | PnL: $+0.00
[Cycle] No signal — YES=0.50 is between 0.30 and 0.70, sum=1.01 >= 0.97
[Ticker] KXBTC15M-26APR081100-00
[Market] YES=0.51 | NO=0.50 | Sum=1.01
==================================================
Balance: $116.47 | Regime: CHOP | Session: 0W/0L (0%) | PnL: $+0.00
[Cycle] No signal — YES=0.51 is between 0.30 and 0.70, sum=1.01 >= 0.97
[Ticker] KXBTC15M-26APR081100-00
[Market] YES=0.37 | NO=0.64 | Sum=1.01
==================================================
Balance: $116.47 | Regime: CHOP | Session: 0W/0L (0%) | PnL: $+0.00
[Cycle] No signal — YES=0.37 is between 0.30 and 0.70, sum=1.01 >= 0.97
[Ticker] KXBTC15M-26APR081100-00
[Market] YES=0.25 | NO=0.76 | Sum=1.01
==================================================
Balance: $116.47 | Regime: CHOP | Session: 0W/0L (0%) | PnL: $+0.00
[Confidence] Score=3/10 | moderate_edge,coinbase_weak,peak_hour
[Timing] Window 6 min old — skipping
[Cycle] No signal — YES=0.25 is between 0.30 and 0.70, sum=1.01 >= 0.97
[Ticker] KXBTC15M-26APR081100-00
[Market] YES=0.13 | NO=0.88 | Sum=1.01
==================================================
Balance: $116.47 | Regime: CHOP | Session: 0W/0L (0%) | PnL: $+0.00
[Confidence] Score=5/10 | strong_edge,coinbase_weak,2of3_agree,peak_hour
[Timing] Window 7 min old — skipping
[Cycle] No signal — YES=0.13 is between 0.30 and 0.70, sum=1.01 >= 0.97

==================================================
OpenClaw BTC Bot v4.0 — LIVE
[Startup] Live balance synced: $116.47
Balance: $116.47 | MaxBet: $11.65 | Threshold: <0.30 or >0.70
==================================================

[Startup] Resting orders cleared
[Ticker] KXBTC15M-26APR081100-00
[Market] YES=0.07 | NO=0.93 | Sum=1.00
==================================================
Balance: $116.47 | Regime: CHOP | Session: 0W/0L (0%) | PnL: $+0.00
[Confidence] Score=5/10 | strong_edge,coinbase_weak,2of3_agree,peak_hour
[Timing] Window 8 min old — skipping
[Cycle] No signal — YES=0.07 is between 0.30 and 0.70, sum=1.00 >= 0.97
[Ticker] KXBTC15M-26APR081100-00
[Market] YES=0.09 | NO=0.91 | Sum=1.00
==================================================
Balance: $116.47 | Regime: CHOP | Session: 0W/0L (0%) | PnL: $+0.00
[Confidence] Score=5/10 | strong_edge,coinbase_weak,2of3_agree,peak_hour
[Timing] Window 9 min old — skipping
[Cycle] No signal — YES=0.09 is between 0.30 and 0.70, sum=1.00 >= 0.97
[Ticker] KXBTC15M-26APR081100-00
[Market] YES=0.03 | NO=0.97 | Sum=1.00
==================================================
Balance: $116.47 | Regime: CHOP | Session: 0W/0L (0%) | PnL: $+0.00
[Confidence] Score=7/10 | extreme_edge,coinbase_weak,all3_agree,peak_hour
[Timing] Window 10 min old — skipping
[Cycle] No signal — YES=0.03 is between 0.30 and 0.70, sum=1.00 >= 0.97
[Ticker] KXBTC15M-26APR081100-00
[Market] YES=0.01 | NO=1.00 | Sum=1.01
==================================================
Balance: $116.47 | Regime: CHOP | Session: 0W/0L (0%) | PnL: $+0.00
[Confidence] Score=7/10 | extreme_edge,coinbase_weak,all3_agree,peak_hour
[Timing] Window 11 min old — skipping
[Cycle] No signal — YES=0.01 is between 0.30 and 0.70, sum=1.01 >= 0.97
[Ticker] KXBTC15M-26APR081100-00
[Market] YES=0.00 | NO=1.00 | Sum=1.00
==================================================
Balance: $116.47 | Regime: CHOP | Session: 0W/0L (0%) | PnL: $+0.00
[Confidence] Score=7/10 | extreme_edge,coinbase_weak,all3_agree,peak_hour
[Timing] Window 12 min old — skipping
[Cycle] No signal — YES=0.00 is between 0.30 and 0.70, sum=1.00 >= 0.97
[Ticker] KXBTC15M-26APR081100-00
[Market] YES=0.00 | NO=1.00 | Sum=1.00
==================================================
Balance: $116.47 | Regime: CHOP | Session: 0W/0L (0%) | PnL: $+0.00
[Confidence] Score=6/10 | extreme_edge,coinbase_weak,2of3_agree,peak_hour
[Timing] Window 13 min old — skipping
[Cycle] No signal — YES=0.00 is between 0.30 and 0.70, sum=1.00 >= 0.97
[Ticker] KXBTC15M-26APR081100-00
[Market] YES=0.00 | NO=1.00 | Sum=1.00
==================================================
Balance: $116.47 | Regime: CHOP | Session: 0W/0L (0%) | PnL: $+0.00
[Confidence] Score=7/10 | extreme_edge,coinbase_weak,all3_agree,peak_hour
[Timing] Window 14 min old — skipping
[Cycle] No signal — YES=0.00 is between 0.30 and 0.70, sum=1.00 >= 0.97
[Ticker] KXBTC15M-26APR081115-15
[Market] YES=0.55 | NO=0.47 | Sum=1.02
==================================================
Balance: $116.47 | Regime: CHOP | Session: 0W/0L (0%) | PnL: $+0.00
[Cycle] No signal — YES=0.55 is between 0.30 and 0.70, sum=1.02 >= 0.97
[Ticker] KXBTC15M-26APR081115-15
[Market] YES=0.54 | NO=0.49 | Sum=1.03
==================================================
Balance: $116.47 | Regime: CHOP | Session: 0W/0L (0%) | PnL: $+0.00
[Cycle] No signal — YES=0.54 is between 0.30 and 0.70, sum=1.03 >= 0.97
[Ticker] KXBTC15M-26APR081115-15
[Market] YES=0.55 | NO=0.46 | Sum=1.01
==================================================
Balance: $116.47 | Regime: CHOP | Session: 0W/0L (0%) | PnL: $+0.00
[Cycle] No signal — YES=0.55 is between 0.30 and 0.70, sum=1.01 >= 0.97
[Ticker] KXBTC15M-26APR081115-15
[Market] YES=0.74 | NO=0.28 | Sum=1.02
==================================================
Balance: $116.47 | Regime: CHOP | Session: 0W/0L (0%) | PnL: $+0.00
[Confidence] Score=3/10 | moderate_edge,coinbase_weak,peak_hour
[Signal] UP candidate | yes=0.74 | waiting (1/2)
[Cycle] No signal — YES=0.74 is between 0.30 and 0.70, sum=1.02 >= 0.97
[Ticker] KXBTC15M-26APR081115-15
[Market] YES=0.70 | NO=0.31 | Sum=1.01
==================================================
Balance: $116.47 | Regime: CHOP | Session: 0W/0L (0%) | PnL: $+0.00
[Cycle] No signal — YES=0.70 is between 0.30 and 0.70, sum=1.01 >= 0.97
[Ticker] KXBTC15M-26APR081115-15
[Market] YES=0.81 | NO=0.20 | Sum=1.01
==================================================
Balance: $116.47 | Regime: CHOP | Session: 0W/0L (0%) | PnL: $+0.00
[Confidence] Score=4/10 | strong_edge,coinbase_weak,peak_hour
[Timing] Window 5 min old — skipping
[Cycle] No signal — YES=0.81 is between 0.30 and 0.70, sum=1.01 >= 0.97
[Ticker] KXBTC15M-26APR081115-15
[Market] YES=0.79 | NO=0.22 | Sum=1.01
==================================================
Balance: $116.47 | Regime: CHOP | Session: 0W/0L (0%) | PnL: $+0.00
[Confidence] Score=3/10 | moderate_edge,coinbase_weak,peak_hour
[Timing] Window 6 min old — skipping
[Cycle] No signal — YES=0.79 is between 0.30 and 0.70, sum=1.01 >= 0.97
[Ticker] KXBTC15M-26APR081115-15
[Market] YES=0.86 | NO=0.15 | Sum=1.01
==================================================
Balance: $116.47 | Regime: CHOP | Session: 0W/0L (0%) | PnL: $+0.00
[Confidence] Score=5/10 | strong_edge,coinbase_weak,2of3_agree,peak_hour
[Timing] Window 7 min old — skipping
[Cycle] No signal — YES=0.86 is between 0.30 and 0.70, sum=1.01 >= 0.97
[Ticker] KXBTC15M-26APR081115-15
[Market] YES=0.89 | NO=0.12 | Sum=1.01
==================================================
Balance: $116.47 | Regime: CHOP | Session: 0W/0L (0%) | PnL: $+0.00
[Confidence] Score=4/10 | strong_edge,coinbase_weak,peak_hour
[Timing] Window 8 min old — skipping
[Cycle] No signal — YES=0.89 is between 0.30 and 0.70, sum=1.01 >= 0.97
[Ticker] KXBTC15M-26APR081115-15
[Market] YES=0.67 | NO=0.34 | Sum=1.01
==================================================
Balance: $116.47 | Regime: CHOP | Session: 0W/0L (0%) | PnL: $+0.00
[Cycle] No signal — YES=0.67 is between 0.30 and 0.70, sum=1.01 >= 0.97
[Ticker] KXBTC15M-26APR081115-15
[Market] YES=0.39 | NO=0.64 | Sum=1.03
==================================================
Balance: $116.47 | Regime: CHOP | Session: 0W/0L (0%) | PnL: $+0.00
[Cycle] No signal — YES=0.39 is between 0.30 and 0.70, sum=1.03 >= 0.97
[Ticker] KXBTC15M-26APR081115-15
[Market] YES=0.79 | NO=0.23 | Sum=1.02
==================================================
Balance: $116.47 | Regime: CHOP | Session: 0W/0L (0%) | PnL: $+0.00
[Confidence] Score=5/10 | moderate_edge,coinbase_weak,all3_agree,peak_hour
[Timing] Window 11 min old — skipping
[Cycle] No signal — YES=0.79 is between 0.30 and 0.70, sum=1.02 >= 0.97
[Ticker] KXBTC15M-26APR081115-15
[Market] YES=0.94 | NO=0.06 | Sum=1.00
==================================================
Balance: $116.47 | Regime: CHOP | Session: 0W/0L (0%) | PnL: $+0.00
[Confidence] Score=4/10 | strong_edge,coinbase_weak,peak_hour
[Timing] Window 12 min old — skipping
[Cycle] No signal — YES=0.94 is between 0.30 and 0.70, sum=1.00 >= 0.97
[Ticker] KXBTC15M-26APR081115-15
[Market] YES=1.00 | NO=0.00 | Sum=1.00
==================================================
Balance: $116.47 | Regime: CHOP | Session: 0W/0L (0%) | PnL: $+0.00
[Confidence] Score=5/10 | extreme_edge,coinbase_weak,peak_hour
[Timing] Window 13 min old — skipping
[Cycle] No signal — YES=1.00 is between 0.30 and 0.70, sum=1.00 >= 0.97
[Ticker] KXBTC15M-26APR081115-15
[Market] YES=1.00 | NO=0.00 | Sum=1.00
==================================================
Balance: $116.47 | Regime: CHOP | Session: 0W/0L (0%) | PnL: $+0.00
[Confidence] Score=5/10 | extreme_edge,coinbase_weak,peak_hour
[Timing] Window 14 min old — skipping
[Cycle] No signal — YES=1.00 is between 0.30 and 0.70, sum=1.00 >= 0.97
[Ticker] KXBTC15M-26APR081115-15
[Market] YES=1.00 | NO=0.00 | Sum=1.00
==================================================
Balance: $116.47 | Regime: CHOP | Session: 0W/0L (0%) | PnL: $+0.00
[Confidence] Score=5/10 | extreme_edge,coinbase_weak,peak_hour
[Timing] Window 0 min old — skipping
[Cycle] No signal — YES=1.00 is between 0.30 and 0.70, sum=1.00 >= 0.97
[Ticker] KXBTC15M-26APR081130-30
[Market] YES=0.53 | NO=0.48 | Sum=1.01
==================================================
Balance: $116.47 | Regime: CHOP | Session: 0W/0L (0%) | PnL: $+0.00
[Cycle] No signal — YES=0.53 is between 0.30 and 0.70, sum=1.01 >= 0.97
[Ticker] KXBTC15M-26APR081130-30
[Market] YES=0.68 | NO=0.33 | Sum=1.01
==================================================
Balance: $116.47 | Regime: CHOP | Session: 0W/0L (0%) | PnL: $+0.00
[Cycle] No signal — YES=0.68 is between 0.30 and 0.70, sum=1.01 >= 0.97
[Ticker] KXBTC15M-26APR081130-30
[Market] YES=0.65 | NO=0.37 | Sum=1.02
==================================================
Balance: $116.47 | Regime: CHOP | Session: 0W/0L (0%) | PnL: $+0.00
[Cycle] No signal — YES=0.65 is between 0.30 and 0.70, sum=1.02 >= 0.97
[Ticker] KXBTC15M-26APR081130-30
[Market] YES=0.71 | NO=0.30 | Sum=1.01
==================================================
Balance: $116.47 | Regime: CHOP | Session: 0W/0L (0%) | PnL: $+0.00
[Confidence] Score=4/10 | moderate_edge,coinbase_weak,2of3_agree,peak_hour
[Signal] UP candidate | yes=0.71 | waiting (1/2)
[Cycle] No signal — YES=0.71 is between 0.30 and 0.70, sum=1.01 >= 0.97
[Ticker] KXBTC15M-26APR081130-30
[Market] YES=0.87 | NO=0.15 | Sum=1.02
==================================================
Balance: $116.47 | Regime: CHOP | Session: 0W/0L (0%) | PnL: $+0.00
[Confidence] Score=6/10 | strong_edge,coinbase_weak,all3_agree,peak_hour
[Timing] Window 5 min old — skipping
[Cycle] No signal — YES=0.87 is between 0.30 and 0.70, sum=1.02 >= 0.97
[Ticker] KXBTC15M-26APR081130-30
[Market] YES=0.88 | NO=0.13 | Sum=1.01
==================================================
Balance: $116.47 | Regime: CHOP | Session: 0W/0L (0%) | PnL: $+0.00
[Confidence] Score=4/10 | strong_edge,coinbase_weak,peak_hour
[Timing] Window 6 min old — skipping
[Cycle] No signal — YES=0.88 is between 0.30 and 0.70, sum=1.01 >= 0.97
[Ticker] KXBTC15M-26APR081130-30
[Market] YES=0.89 | NO=0.12 | Sum=1.01
==================================================
Balance: $116.47 | Regime: CHOP | Session: 0W/0L (0%) | PnL: $+0.00
[Confidence] Score=4/10 | strong_edge,coinbase_weak,peak_hour
[Timing] Window 7 min old — skipping
[Cycle] No signal — YES=0.89 is between 0.30 and 0.70, sum=1.01 >= 0.97
[Ticker] KXBTC15M-26APR081130-30
[Market] YES=0.84 | NO=0.17 | Sum=1.01
==================================================
Balance: $116.47 | Regime: CHOP | Session: 0W/0L (0%) | PnL: $+0.00
[Confidence] Score=5/10 | strong_edge,coinbase_weak,2of3_agree,peak_hour
[Timing] Window 8 min old — skipping
[Cycle] No signal — YES=0.84 is between 0.30 and 0.70, sum=1.01 >= 0.97
[Ticker] KXBTC15M-26APR081130-30
[Market] YES=0.94 | NO=0.06 | Sum=1.00
==================================================
Balance: $116.47 | Regime: CHOP | Session: 0W/0L (0%) | PnL: $+0.00
[Confidence] Score=4/10 | strong_edge,coinbase_weak,peak_hour
[Timing] Window 9 min old — skipping
[Cycle] No signal — YES=0.94 is between 0.30 and 0.70, sum=1.00 >= 0.97
[Ticker] KXBTC15M-26APR081130-30
[Market] YES=0.90 | NO=0.11 | Sum=1.01
==================================================
Balance: $116.47 | Regime: CHOP | Session: 0W/0L (0%) | PnL: $+0.00
[Confidence] Score=4/10 | strong_edge,coinbase_weak,peak_hour
[Timing] Window 10 min old — skipping
[Cycle] No signal — YES=0.90 is between 0.30 and 0.70, sum=1.01 >= 0.97
[Ticker] KXBTC15M-26APR081130-30
[Market] YES=0.96 | NO=0.05 | Sum=1.01
==================================================
Balance: $116.47 | Regime: CHOP | Session: 0W/0L (0%) | PnL: $+0.00
[Confidence] Score=6/10 | extreme_edge,coinbase_weak,2of3_agree,peak_hour
[Timing] Window 11 min old — skipping
[Cycle] No signal — YES=0.96 is between 0.30 and 0.70, sum=1.01 >= 0.97
[Ticker] KXBTC15M-26APR081130-30
[Market] YES=0.99 | NO=0.01 | Sum=1.00
==================================================
Balance: $116.47 | Regime: CHOP | Session: 0W/0L (0%) | PnL: $+0.00
[Confidence] Score=5/10 | extreme_edge,coinbase_weak,peak_hour
[Timing] Window 12 min old — skipping
[Cycle] No signal — YES=0.99 is between 0.30 and 0.70, sum=1.00 >= 0.97
[Ticker] KXBTC15M-26APR081130-30
[Market] YES=0.99 | NO=0.01 | Sum=1.00
==================================================
Balance: $116.47 | Regime: CHOP | Session: 0W/0L (0%) | PnL: $+0.00
[Confidence] Score=5/10 | extreme_edge,coinbase_weak,peak_hour
[Timing] Window 13 min old — skipping
[Cycle] No signal — YES=0.99 is between 0.30 and 0.70, sum=1.00 >= 0.97
[Ticker] KXBTC15M-26APR081130-30
[Market] YES=1.00 | NO=0.00 | Sum=1.00
==================================================
Balance: $116.47 | Regime: CHOP | Session: 0W/0L (0%) | PnL: $+0.00
[Confidence] Score=7/10 | extreme_edge,coinbase_weak,all3_agree,peak_hour
[Timing] Window 14 min old — skipping
[Cycle] No signal — YES=1.00 is between 0.30 and 0.70, sum=1.00 >= 0.97
[Ticker] KXBTC15M-26APR081130-30
[Market] YES=1.00 | NO=1.00 | Sum=2.00
==================================================
Balance: $116.47 | Regime: CHOP | Session: 0W/0L (0%) | PnL: $+0.00
[Confidence] Score=5/10 | extreme_edge,coinbase_weak,peak_hour
[Timing] Window 0 min old — skipping
[Cycle] No signal — YES=1.00 is between 0.30 and 0.70, sum=2.00 >= 0.97
[Ticker] KXBTC15M-26APR081145-45
[Market] YES=0.53 | NO=0.48 | Sum=1.01
==================================================
Balance: $116.47 | Regime: CHOP | Session: 0W/0L (0%) | PnL: $+0.00
[Cycle] No signal — YES=0.53 is between 0.30 and 0.70, sum=1.01 >= 0.97
[Ticker] KXBTC15M-26APR081145-45
[Market] YES=0.57 | NO=0.44 | Sum=1.01
==================================================
Balance: $116.47 | Regime: CHOP | Session: 0W/0L (0%) | PnL: $+0.00
[Cycle] No signal — YES=0.57 is between 0.30 and 0.70, sum=1.01 >= 0.97
[Ticker] KXBTC15M-26APR081145-45
[Market] YES=0.41 | NO=0.60 | Sum=1.01
==================================================
Balance: $116.47 | Regime: CHOP | Session: 0W/0L (0%) | PnL: $+0.00
[Cycle] No signal — YES=0.41 is between 0.30 and 0.70, sum=1.01 >= 0.97
[Ticker] KXBTC15M-26APR081145-45
[Market] YES=0.51 | NO=0.50 | Sum=1.01
==================================================
Balance: $116.47 | Regime: CHOP | Session: 0W/0L (0%) | PnL: $+0.00
[Cycle] No signal — YES=0.51 is between 0.30 and 0.70, sum=1.01 >= 0.97
[Ticker] KXBTC15M-26APR081145-45
[Market] YES=0.80 | NO=0.21 | Sum=1.01
==================================================
Balance: $116.47 | Regime: CHOP | Session: 0W/0L (0%) | PnL: $+0.00
[Confidence] Score=4/10 | strong_edge,coinbase_weak,peak_hour
[Timing] Window 5 min old — skipping
[Cycle] No signal — YES=0.80 is between 0.30 and 0.70, sum=1.01 >= 0.97
[Ticker] KXBTC15M-26APR081145-45
[Market] YES=0.74 | NO=0.27 | Sum=1.01
==================================================
Balance: $116.47 | Regime: CHOP | Session: 0W/0L (0%) | PnL: $+0.00
[Confidence] Score=3/10 | moderate_edge,coinbase_weak,peak_hour
[Timing] Window 6 min old — skipping
[Cycle] No signal — YES=0.74 is between 0.30 and 0.70, sum=1.01 >= 0.97
[Ticker] KXBTC15M-26APR081145-45
[Market] YES=0.80 | NO=0.21 | Sum=1.01
==================================================
Balance: $116.47 | Regime: CHOP | Session: 0W/0L (0%) | PnL: $+0.00
[Confidence] Score=5/10 | strong_edge,coinbase_weak,2of3_agree,peak_hour
[Timing] Window 7 min old — skipping
[Cycle] No signal — YES=0.80 is between 0.30 and 0.70, sum=1.01 >= 0.97
[Ticker] KXBTC15M-26APR081145-45
[Market] YES=0.81 | NO=0.20 | Sum=1.01
==================================================
Balance: $116.47 | Regime: CHOP | Session: 0W/0L (0%) | PnL: $+0.00
[Confidence] Score=4/10 | strong_edge,coinbase_weak,peak_hour
[Timing] Window 8 min old — skipping
[Cycle] No signal — YES=0.81 is between 0.30 and 0.70, sum=1.01 >= 0.97
[Ticker] KXBTC15M-26APR081145-45
[Market] YES=0.67 | NO=0.34 | Sum=1.01
==================================================
Balance: $116.47 | Regime: CHOP | Session: 0W/0L (0%) | PnL: $+0.00
[Cycle] No signal — YES=0.67 is between 0.30 and 0.70, sum=1.01 >= 0.97
[Ticker] KXBTC15M-26APR081145-45
[Market] YES=0.88 | NO=0.13 | Sum=1.01
==================================================
Balance: $116.47 | Regime: CHOP | Session: 0W/0L (0%) | PnL: $+0.00
[Confidence] Score=4/10 | strong_edge,coinbase_weak,peak_hour
[Timing] Window 10 min old — skipping
[Cycle] No signal — YES=0.88 is between 0.30 and 0.70, sum=1.01 >= 0.97
[Ticker] KXBTC15M-26APR081145-45
[Market] YES=0.85 | NO=0.16 | Sum=1.01
==================================================
Balance: $116.47 | Regime: CHOP | Session: 0W/0L (0%) | PnL: $+0.00
[Confidence] Score=4/10 | strong_edge,coinbase_weak,peak_hour
[Timing] Window 11 min old — skipping
[Cycle] No signal — YES=0.85 is between 0.30 and 0.70, sum=1.01 >= 0.97
[Ticker] KXBTC15M-26APR081145-45
[Market] YES=0.98 | NO=0.02 | Sum=1.00
==================================================
Balance: $116.47 | Regime: CHOP | Session: 0W/0L (0%) | PnL: $+0.00
[Confidence] Score=5/10 | extreme_edge,coinbase_weak,peak_hour
[Timing] Window 12 min old — skipping
[Cycle] No signal — YES=0.98 is between 0.30 and 0.70, sum=1.00 >= 0.97
[Ticker] KXBTC15M-26APR081145-45
[Market] YES=0.97 | NO=0.03 | Sum=1.00
==================================================
Balance: $116.47 | Regime: CHOP | Session: 0W/0L (0%) | PnL: $+0.00
[Confidence] Score=5/10 | extreme_edge,coinbase_weak,peak_hour
[Timing] Window 13 min old — skipping
[Cycle] No signal — YES=0.97 is between 0.30 and 0.70, sum=1.00 >= 0.97
[Ticker] KXBTC15M-26APR081145-45
[Market] YES=1.00 | NO=0.00 | Sum=1.00
==================================================
Balance: $116.47 | Regime: CHOP | Session: 0W/0L (0%) | PnL: $+0.00
[Confidence] Score=5/10 | extreme_edge,coinbase_weak,peak_hour
[Timing] Window 14 min old — skipping
[Cycle] No signal — YES=1.00 is between 0.30 and 0.70, sum=1.00 >= 0.97
[Ticker] KXBTC15M-26APR081200-00
[Market] YES=0.60 | NO=0.41 | Sum=1.01
==================================================
Balance: $116.47 | Regime: CHOP | Session: 0W/0L (0%) | PnL: $+0.00
[Cycle] No signal — YES=0.60 is between 0.30 and 0.70, sum=1.01 >= 0.97
[Ticker] KXBTC15M-26APR081200-00
[Market] YES=0.67 | NO=0.34 | Sum=1.01
==================================================
Balance: $116.47 | Regime: CHOP | Session: 0W/0L (0%) | PnL: $+0.00
[Cycle] No signal — YES=0.67 is between 0.30 and 0.70, sum=1.01 >= 0.97
[Ticker] KXBTC15M-26APR081200-00
[Market] YES=0.75 | NO=0.26 | Sum=1.01
==================================================
Balance: $116.47 | Regime: CHOP | Session: 0W/0L (0%) | PnL: $+0.00
[Confidence] Score=3/10 | moderate_edge,coinbase_weak,peak_hour
[Signal] UP candidate | yes=0.75 | waiting (1/2)
[Cycle] No signal — YES=0.75 is between 0.30 and 0.70, sum=1.01 >= 0.97
[Ticker] KXBTC15M-26APR081200-00
[Market] YES=0.82 | NO=0.19 | Sum=1.01
==================================================
Balance: $116.47 | Regime: CHOP | Session: 0W/0L (0%) | PnL: $+0.00
[Confidence] Score=4/10 | strong_edge,coinbase_weak,peak_hour
[Coinbase] Confirms UP | $71326 gap=+131 (0.18%)
[Correlation] 2/3 agree UP
[Signal] CONFIRMED UP | yes=0.82 | edge=0.32 | bet=$3.73
[CorrGuard] 2 bots already fired — skipping to avoid correlated loss
[Cycle] No signal — YES=0.82 is between 0.30 and 0.70, sum=1.01 >= 0.97
[Ticker] KXBTC15M-26APR081200-00
[Market] YES=0.79 | NO=0.22 | Sum=1.01
==================================================
Balance: $116.47 | Regime: CHOP | Session: 0W/0L (0%) | PnL: $+0.00
[Confidence] Score=3/10 | moderate_edge,coinbase_weak,peak_hour
[Coinbase] Confirms UP | $71308 gap=+114 (0.16%)
[Correlation] 2/3 agree UP
[Signal] CONFIRMED UP | yes=0.79 | edge=0.29 | bet=$3.38
[Safety] Balance $116.47 below floor $120.00
🛑 OpenClaw BTC Bot v4.0 halted: Balance $116.47 below floor $120.00

==================================================
OpenClaw BTC Bot v4.0 — LIVE
[Startup] Live balance synced: $116.47
Balance: $116.47 | MaxBet: $11.65 | Threshold: <0.30 or >0.70
==================================================

[Startup] Resting orders cleared
[Ticker] KXBTC15M-26APR081200-00
[Market] YES=0.76 | NO=0.25 | Sum=1.01
==================================================
Balance: $116.47 | Regime: CHOP | Session: 0W/0L (0%) | PnL: $+0.00
[Confidence] Score=4/10 | moderate_edge,coinbase_weak,2of3_agree,peak_hour
[Signal] UP candidate | yes=0.76 | waiting (1/2)
[Cycle] No signal — YES=0.76 is between 0.30 and 0.70, sum=1.01 >= 0.97
[Ticker] KXBTC15M-26APR081200-00
[Market] YES=0.75 | NO=0.26 | Sum=1.01
==================================================
Balance: $116.47 | Regime: CHOP | Session: 0W/0L (0%) | PnL: $+0.00
[Confidence] Score=3/10 | moderate_edge,coinbase_weak,peak_hour
[Timing] Window 5 min old — skipping
[Cycle] No signal — YES=0.75 is between 0.30 and 0.70, sum=1.01 >= 0.97
[Ticker] KXBTC15M-26APR081200-00
[Market] YES=0.68 | NO=0.33 | Sum=1.01
==================================================
Balance: $116.47 | Regime: CHOP | Session: 0W/0L (0%) | PnL: $+0.00
[Cycle] No signal — YES=0.68 is between 0.30 and 0.70, sum=1.01 >= 0.97
[Ticker] KXBTC15M-26APR081200-00
[Market] YES=0.63 | NO=0.39 | Sum=1.02
==================================================
Balance: $116.47 | Regime: CHOP | Session: 0W/0L (0%) | PnL: $+0.00
[Cycle] No signal — YES=0.63 is between 0.30 and 0.70, sum=1.02 >= 0.97
[Ticker] KXBTC15M-26APR081200-00
[Market] YES=0.80 | NO=0.21 | Sum=1.01
==================================================
Balance: $116.47 | Regime: CHOP | Session: 0W/0L (0%) | PnL: $+0.00
[Confidence] Score=4/10 | strong_edge,coinbase_weak,peak_hour
[Timing] Window 8 min old — skipping
[Cycle] No signal — YES=0.80 is between 0.30 and 0.70, sum=1.01 >= 0.97
[Ticker] KXBTC15M-26APR081200-00
[Market] YES=0.85 | NO=0.17 | Sum=1.02
==================================================
Balance: $116.47 | Regime: CHOP | Session: 0W/0L (0%) | PnL: $+0.00
[Confidence] Score=4/10 | strong_edge,coinbase_weak,peak_hour
[Timing] Window 9 min old — skipping
[Cycle] No signal — YES=0.85 is between 0.30 and 0.70, sum=1.02 >= 0.97
[Ticker] KXBTC15M-26APR081200-00
[Market] YES=0.90 | NO=0.10 | Sum=1.00
==================================================
Balance: $116.47 | Regime: CHOP | Session: 0W/0L (0%) | PnL: $+0.00
[Confidence] Score=4/10 | strong_edge,coinbase_weak,peak_hour
[Timing] Window 10 min old — skipping
[Cycle] No signal — YES=0.90 is between 0.30 and 0.70, sum=1.00 >= 0.97
[Ticker] KXBTC15M-26APR081200-00
[Market] YES=0.99 | NO=0.01 | Sum=1.00
==================================================
Balance: $116.47 | Regime: CHOP | Session: 0W/0L (0%) | PnL: $+0.00
[Confidence] Score=5/10 | extreme_edge,coinbase_weak,peak_hour
[Timing] Window 11 min old — skipping
[Cycle] No signal — YES=0.99 is between 0.30 and 0.70, sum=1.00 >= 0.97
[Ticker] KXBTC15M-26APR081200-00
[Market] YES=0.99 | NO=0.01 | Sum=1.00
==================================================
Balance: $116.47 | Regime: CHOP | Session: 0W/0L (0%) | PnL: $+0.00
[Confidence] Score=5/10 | extreme_edge,coinbase_weak,peak_hour
[Timing] Window 12 min old — skipping
[Cycle] No signal — YES=0.99 is between 0.30 and 0.70, sum=1.00 >= 0.97
[Ticker] KXBTC15M-26APR081200-00
[Market] YES=1.00 | NO=0.01 | Sum=1.00
==================================================
Balance: $116.47 | Regime: CHOP | Session: 0W/0L (0%) | PnL: $+0.00
[Confidence] Score=5/10 | extreme_edge,coinbase_weak,peak_hour
[Timing] Window 13 min old — skipping
[Cycle] No signal — YES=1.00 is between 0.30 and 0.70, sum=1.00 >= 0.97
[Ticker] KXBTC15M-26APR081200-00
[Market] YES=1.00 | NO=0.00 | Sum=1.00
==================================================
Balance: $116.47 | Regime: CHOP | Session: 0W/0L (0%) | PnL: $+0.00
[Confidence] Score=5/10 | extreme_edge,coinbase_weak,peak_hour
[Timing] Window 14 min old — skipping
[Cycle] No signal — YES=1.00 is between 0.30 and 0.70, sum=1.00 >= 0.97
[Ticker] KXBTC15M-26APR081215-15
[Market] YES=0.53 | NO=0.48 | Sum=1.01
==================================================
Balance: $116.47 | Regime: CHOP | Session: 0W/0L (0%) | PnL: $+0.00
[Cycle] No signal — YES=0.53 is between 0.30 and 0.70, sum=1.01 >= 0.97
[Ticker] KXBTC15M-26APR081215-15
[Market] YES=0.55 | NO=0.46 | Sum=1.01
==================================================
Balance: $116.47 | Regime: CHOP | Session: 0W/0L (0%) | PnL: $+0.00
[Cycle] No signal — YES=0.55 is between 0.30 and 0.70, sum=1.01 >= 0.97
[Ticker] KXBTC15M-26APR081215-15
[Market] YES=0.64 | NO=0.38 | Sum=1.02
==================================================
Balance: $116.47 | Regime: CHOP | Session: 0W/0L (0%) | PnL: $+0.00
[Cycle] No signal — YES=0.64 is between 0.30 and 0.70, sum=1.02 >= 0.97

==================================================
OpenClaw BTC Bot v4.0 — LIVE
[Startup] Live balance synced: $116.47
Balance: $116.47 | MaxBet: $11.65 | Threshold: <0.30 or >0.70
==================================================

[Startup] Resting orders cleared
[Ticker] KXBTC15M-26APR081215-15
[Market] YES=0.72 | NO=0.30 | Sum=1.02
==================================================
Balance: $116.47 | Regime: CHOP | Session: 0W/0L (0%) | PnL: $+0.00
[Confidence] Score=3/10 | moderate_edge,coinbase_weak,peak_hour
[Signal] UP candidate | yes=0.72 | waiting (1/2)
[Cycle] No signal — YES=0.72 is between 0.30 and 0.70, sum=1.02 >= 0.97
[Ticker] KXBTC15M-26APR081215-15
[Market] YES=0.78 | NO=0.24 | Sum=1.02
==================================================
Balance: $116.47 | Regime: CHOP | Session: 0W/0L (0%) | PnL: $+0.00
[Confidence] Score=3/10 | moderate_edge,coinbase_weak,peak_hour
[Coinbase] Confirms UP | $71391 gap=+85 (0.12%)
[Correlation] 2/3 agree UP
[Signal] CONFIRMED UP | yes=0.78 | edge=0.28 | bet=$3.26
[Safety] Balance $116.47 below floor $120.00
🛑 OpenClaw BTC Bot v4.0 halted: Balance $116.47 below floor $120.00

==================================================
OpenClaw BTC Bot v4.0 — LIVE
[Startup] Live balance synced: $116.47
Balance: $116.47 | MaxBet: $11.65 | Threshold: <0.30 or >0.70
==================================================

[Startup] Resting orders cleared
[Ticker] KXBTC15M-26APR081215-15
[Market] YES=0.78 | NO=0.24 | Sum=1.02
==================================================
Balance: $116.47 | Regime: CHOP | Session: 0W/0L (0%) | PnL: $+0.00
[Confidence] Score=4/10 | moderate_edge,coinbase_weak,2of3_agree,peak_hour
[Signal] UP candidate | yes=0.78 | waiting (1/2)
[Cycle] No signal — YES=0.78 is between 0.30 and 0.70, sum=1.02 >= 0.97
[Ticker] KXBTC15M-26APR081215-15
[Market] YES=0.77 | NO=0.24 | Sum=1.01
==================================================
Balance: $116.47 | Regime: CHOP | Session: 0W/0L (0%) | PnL: $+0.00
[Confidence] Score=3/10 | moderate_edge,coinbase_weak,peak_hour
[Timing] Window 5 min old — skipping
[Cycle] No signal — YES=0.77 is between 0.30 and 0.70, sum=1.01 >= 0.97
[Ticker] KXBTC15M-26APR081215-15
[Market] YES=0.82 | NO=0.20 | Sum=1.02
==================================================
Balance: $116.47 | Regime: CHOP | Session: 0W/0L (0%) | PnL: $+0.00
[Confidence] Score=4/10 | strong_edge,coinbase_weak,peak_hour
[Timing] Window 6 min old — skipping
[Cycle] No signal — YES=0.82 is between 0.30 and 0.70, sum=1.02 >= 0.97
[Ticker] KXBTC15M-26APR081215-15
[Market] YES=0.91 | NO=0.10 | Sum=1.01
==================================================
Balance: $116.47 | Regime: CHOP | Session: 0W/0L (0%) | PnL: $+0.00
[Confidence] Score=4/10 | strong_edge,coinbase_weak,peak_hour
[Timing] Window 7 min old — skipping
[Cycle] No signal — YES=0.91 is between 0.30 and 0.70, sum=1.01 >= 0.97
[Ticker] KXBTC15M-26APR081215-15
[Market] YES=0.79 | NO=0.22 | Sum=1.01
==================================================
Balance: $116.47 | Regime: CHOP | Session: 0W/0L (0%) | PnL: $+0.00
[Confidence] Score=3/10 | moderate_edge,coinbase_weak,peak_hour
[Timing] Window 8 min old — skipping
[Cycle] No signal — YES=0.79 is between 0.30 and 0.70, sum=1.01 >= 0.97
[Ticker] KXBTC15M-26APR081215-15
[Market] YES=0.68 | NO=0.33 | Sum=1.01
==================================================
Balance: $116.47 | Regime: CHOP | Session: 0W/0L (0%) | PnL: $+0.00
[Cycle] No signal — YES=0.68 is between 0.30 and 0.70, sum=1.01 >= 0.97
[Ticker] KXBTC15M-26APR081215-15
[Market] YES=0.49 | NO=0.53 | Sum=1.02
==================================================
Balance: $116.47 | Regime: CHOP | Session: 0W/0L (0%) | PnL: $+0.00
[Cycle] No signal — YES=0.49 is between 0.30 and 0.70, sum=1.02 >= 0.97
[Ticker] KXBTC15M-26APR081215-15
[Market] YES=0.57 | NO=0.44 | Sum=1.01
==================================================
Balance: $116.47 | Regime: CHOP | Session: 0W/0L (0%) | PnL: $+0.00
[Cycle] No signal — YES=0.57 is between 0.30 and 0.70, sum=1.01 >= 0.97
[Ticker] KXBTC15M-26APR081215-15
[Market] YES=0.83 | NO=0.18 | Sum=1.01
==================================================
Balance: $116.47 | Regime: CHOP | Session: 0W/0L (0%) | PnL: $+0.00
[Confidence] Score=4/10 | strong_edge,coinbase_weak,peak_hour
[Timing] Window 12 min old — skipping
[Cycle] No signal — YES=0.83 is between 0.30 and 0.70, sum=1.01 >= 0.97
[Ticker] KXBTC15M-26APR081215-15
[Market] YES=0.88 | NO=0.15 | Sum=1.03
==================================================
Balance: $116.47 | Regime: CHOP | Session: 0W/0L (0%) | PnL: $+0.00
[Confidence] Score=4/10 | strong_edge,2of3_agree,peak_hour
[Timing] Window 13 min old — skipping
[Cycle] No signal — YES=0.88 is between 0.30 and 0.70, sum=1.03 >= 0.97
[Ticker] KXBTC15M-26APR081215-15
[Market] YES=1.00 | NO=0.00 | Sum=1.00
==================================================
Balance: $116.47 | Regime: CHOP | Session: 0W/0L (0%) | PnL: $+0.00
[Confidence] Score=5/10 | extreme_edge,coinbase_weak,peak_hour
[Timing] Window 14 min old — skipping
[Cycle] No signal — YES=1.00 is between 0.30 and 0.70, sum=1.00 >= 0.97
[Ticker] KXBTC15M-26APR081230-30
[Market] YES=0.50 | NO=0.52 | Sum=1.02
==================================================
Balance: $116.47 | Regime: CHOP | Session: 0W/0L (0%) | PnL: $+0.00
[Cycle] No signal — YES=0.50 is between 0.30 and 0.70, sum=1.02 >= 0.97
[Ticker] KXBTC15M-26APR081230-30
[Market] YES=0.34 | NO=0.67 | Sum=1.01
==================================================
Balance: $116.47 | Regime: CHOP | Session: 0W/0L (0%) | PnL: $+0.00
[Cycle] No signal — YES=0.34 is between 0.30 and 0.70, sum=1.01 >= 0.97
[Ticker] KXBTC15M-26APR081230-30
[Market] YES=0.31 | NO=0.70 | Sum=1.01
==================================================
Balance: $116.47 | Regime: CHOP | Session: 0W/0L (0%) | PnL: $+0.00
[Cycle] No signal — YES=0.31 is between 0.30 and 0.70, sum=1.01 >= 0.97
[Ticker] KXBTC15M-26APR081230-30
[Market] YES=0.34 | NO=0.68 | Sum=1.02
==================================================
Balance: $116.47 | Regime: CHOP | Session: 0W/0L (0%) | PnL: $+0.00
[Cycle] No signal — YES=0.34 is between 0.30 and 0.70, sum=1.02 >= 0.97
[Ticker] KXBTC15M-26APR081230-30
[Market] YES=0.56 | NO=0.46 | Sum=1.02
==================================================
Balance: $116.47 | Regime: CHOP | Session: 0W/0L (0%) | PnL: $+0.00
[Cycle] No signal — YES=0.56 is between 0.30 and 0.70, sum=1.02 >= 0.97
[Ticker] KXBTC15M-26APR081230-30
[Market] YES=0.55 | NO=0.47 | Sum=1.02
==================================================
Balance: $116.47 | Regime: CHOP | Session: 0W/0L (0%) | PnL: $+0.00
[Cycle] No signal — YES=0.55 is between 0.30 and 0.70, sum=1.02 >= 0.97
[Ticker] KXBTC15M-26APR081230-30
[Market] YES=0.54 | NO=0.48 | Sum=1.02
==================================================
Balance: $116.47 | Regime: CHOP | Session: 0W/0L (0%) | PnL: $+0.00
[Cycle] No signal — YES=0.54 is between 0.30 and 0.70, sum=1.02 >= 0.97
[Ticker] KXBTC15M-26APR081230-30
[Market] YES=0.65 | NO=0.37 | Sum=1.02
==================================================
Balance: $116.47 | Regime: CHOP | Session: 0W/0L (0%) | PnL: $+0.00
[Cycle] No signal — YES=0.65 is between 0.30 and 0.70, sum=1.02 >= 0.97
[Ticker] KXBTC15M-26APR081230-30
[Market] YES=0.72 | NO=0.30 | Sum=1.02
==================================================
Balance: $116.47 | Regime: CHOP | Session: 0W/0L (0%) | PnL: $+0.00
[Confidence] Score=3/10 | moderate_edge,coinbase_weak,peak_hour
[Timing] Window 8 min old — skipping
[Cycle] No signal — YES=0.72 is between 0.30 and 0.70, sum=1.02 >= 0.97
[Ticker] KXBTC15M-26APR081230-30
[Market] YES=0.93 | NO=0.10 | Sum=1.03
==================================================
Balance: $116.47 | Regime: CHOP | Session: 0W/0L (0%) | PnL: $+0.00
[Confidence] Score=4/10 | strong_edge,coinbase_weak,peak_hour
[Timing] Window 9 min old — skipping
[Cycle] No signal — YES=0.93 is between 0.30 and 0.70, sum=1.03 >= 0.97
[Ticker] KXBTC15M-26APR081230-30
[Market] YES=0.94 | NO=0.06 | Sum=1.01
==================================================
Balance: $116.47 | Regime: CHOP | Session: 0W/0L (0%) | PnL: $+0.00
[Confidence] Score=4/10 | strong_edge,coinbase_weak,peak_hour
[Timing] Window 10 min old — skipping
[Cycle] No signal — YES=0.94 is between 0.30 and 0.70, sum=1.01 >= 0.97
[Ticker] KXBTC15M-26APR081230-30
[Market] YES=0.98 | NO=0.02 | Sum=1.00
==================================================
Balance: $116.47 | Regime: CHOP | Session: 0W/0L (0%) | PnL: $+0.00
[Confidence] Score=5/10 | extreme_edge,coinbase_weak,peak_hour
[Timing] Window 11 min old — skipping
[Cycle] No signal — YES=0.98 is between 0.30 and 0.70, sum=1.00 >= 0.97
[Ticker] KXBTC15M-26APR081230-30
[Market] YES=0.99 | NO=0.01 | Sum=1.00
==================================================
Balance: $116.47 | Regime: CHOP | Session: 0W/0L (0%) | PnL: $+0.00
[Confidence] Score=5/10 | extreme_edge,coinbase_weak,peak_hour
[Timing] Window 12 min old — skipping
[Cycle] No signal — YES=0.99 is between 0.30 and 0.70, sum=1.00 >= 0.97
[Ticker] KXBTC15M-26APR081230-30
[Market] YES=0.98 | NO=0.02 | Sum=1.00
==================================================
Balance: $116.47 | Regime: CHOP | Session: 0W/0L (0%) | PnL: $+0.00
[Confidence] Score=5/10 | extreme_edge,coinbase_weak,peak_hour
[Timing] Window 13 min old — skipping
[Cycle] No signal — YES=0.98 is between 0.30 and 0.70, sum=1.00 >= 0.97
[Ticker] KXBTC15M-26APR081230-30
[Market] YES=1.00 | NO=0.00 | Sum=1.00
==================================================
Balance: $116.47 | Regime: CHOP | Session: 0W/0L (0%) | PnL: $+0.00
[Confidence] Score=5/10 | extreme_edge,coinbase_weak,peak_hour
[Timing] Window 14 min old — skipping
[Cycle] No signal — YES=1.00 is between 0.30 and 0.70, sum=1.00 >= 0.97
[Ticker] KXBTC15M-26APR081245-45
[Market] YES=0.22 | NO=0.80 | Sum=1.02
==================================================
Balance: $116.47 | Regime: CHOP | Session: 0W/0L (0%) | PnL: $+0.00
[Confidence] Score=5/10 | moderate_edge,coinbase_weak,all3_agree,peak_hour
[Timing] Window 0 min old — skipping
[Cycle] No signal — YES=0.22 is between 0.30 and 0.70, sum=1.02 >= 0.97
[Ticker] KXBTC15M-26APR081245-45
[Market] YES=0.17 | NO=0.84 | Sum=1.01
==================================================
Balance: $116.47 | Regime: CHOP | Session: 0W/0L (0%) | PnL: $+0.00
[Confidence] Score=6/10 | strong_edge,coinbase_weak,all3_agree,peak_hour
[Signal] EXTREME DOWN | yes=0.17 | edge=0.33 | firing immediately
[Coinbase] Confirms DOWN | $71302 gap=-132 (0.18%)
[Correlation] 2/3 agree DOWN
[Signal] CONFIRMED DOWN | yes=0.17 | edge=0.33 | bet=$3.84
[Safety] Balance $116.47 below floor $120.00
🛑 OpenClaw BTC Bot v4.0 halted: Balance $116.47 below floor $120.00

==================================================
OpenClaw BTC Bot v4.0 — LIVE
[Startup] Live balance synced: $116.47
Balance: $116.47 | MaxBet: $11.65 | Threshold: <0.30 or >0.70
==================================================

[Startup] Resting orders cleared
[Ticker] KXBTC15M-26APR081245-45
[Market] YES=0.17 | NO=0.84 | Sum=1.01
==================================================
Balance: $116.47 | Regime: CHOP | Session: 0W/0L (0%) | PnL: $+0.00
[Confidence] Score=6/10 | strong_edge,coinbase_weak,all3_agree,peak_hour
[Signal] DOWN candidate | yes=0.17 | waiting (1/2)
[Cycle] No signal — YES=0.17 is between 0.30 and 0.70, sum=1.01 >= 0.97
[Ticker] KXBTC15M-26APR081245-45
[Market] YES=0.18 | NO=0.83 | Sum=1.01
==================================================
Balance: $116.47 | Regime: CHOP | Session: 0W/0L (0%) | PnL: $+0.00
[Confidence] Score=6/10 | strong_edge,coinbase_weak,all3_agree,peak_hour
[Coinbase] Confirms DOWN | $71292 gap=-141 (0.20%)
[Correlation] All 3 agree — bet boosted
[Signal] CONFIRMED DOWN | yes=0.18 | edge=0.32 | bet=$4.48
[CorrGuard] 2 bots already fired — skipping to avoid correlated loss
[Cycle] No signal — YES=0.18 is between 0.30 and 0.70, sum=1.01 >= 0.97
[Ticker] KXBTC15M-26APR081245-45
[Market] YES=0.17 | NO=0.84 | Sum=1.01
==================================================
Balance: $116.47 | Regime: CHOP | Session: 0W/0L (0%) | PnL: $+0.00
[Confidence] Score=6/10 | strong_edge,coinbase_weak,all3_agree,peak_hour
[Coinbase] Confirms DOWN | $71295 gap=-138 (0.19%)
[Correlation] All 3 agree — bet boosted
[Signal] CONFIRMED DOWN | yes=0.17 | edge=0.33 | bet=$4.61
[Safety] Balance $116.47 below floor $120.00
🛑 OpenClaw BTC Bot v4.0 halted: Balance $116.47 below floor $120.00

==================================================
OpenClaw BTC Bot v4.0 — LIVE
[Startup] Live balance synced: $116.47
Balance: $116.47 | MaxBet: $11.65 | Threshold: <0.30 or >0.70
==================================================

[Startup] Resting orders cleared
[Ticker] KXBTC15M-26APR081245-45
[Market] YES=0.17 | NO=0.84 | Sum=1.01
==================================================
Balance: $116.47 | Regime: CHOP | Session: 0W/0L (0%) | PnL: $+0.00
[Confidence] Score=6/10 | strong_edge,coinbase_weak,all3_agree,peak_hour
[Signal] DOWN candidate | yes=0.17 | waiting (1/2)
[Cycle] No signal — YES=0.17 is between 0.30 and 0.70, sum=1.01 >= 0.97
[Ticker] KXBTC15M-26APR081245-45
[Market] YES=0.15 | NO=0.86 | Sum=1.01
==================================================
Balance: $116.47 | Regime: CHOP | Session: 0W/0L (0%) | PnL: $+0.00
[Confidence] Score=6/10 | strong_edge,coinbase_weak,all3_agree,peak_hour
[Timing] Window 5 min old — skipping
[Cycle] No signal — YES=0.15 is between 0.30 and 0.70, sum=1.01 >= 0.97
[Ticker] KXBTC15M-26APR081245-45
[Market] YES=0.28 | NO=0.73 | Sum=1.01
==================================================
Balance: $116.47 | Regime: CHOP | Session: 0W/0L (0%) | PnL: $+0.00
[Confidence] Score=4/10 | moderate_edge,coinbase_weak,2of3_agree,peak_hour
[Timing] Window 6 min old — skipping
[Cycle] No signal — YES=0.28 is between 0.30 and 0.70, sum=1.01 >= 0.97
[Ticker] KXBTC15M-26APR081245-45
[Market] YES=0.19 | NO=0.82 | Sum=1.01
==================================================
Balance: $116.47 | Regime: CHOP | Session: 0W/0L (0%) | PnL: $+0.00
[Confidence] Score=6/10 | strong_edge,coinbase_weak,all3_agree,peak_hour
[Timing] Window 7 min old — skipping
[Cycle] No signal — YES=0.19 is between 0.30 and 0.70, sum=1.01 >= 0.97
[Ticker] KXBTC15M-26APR081245-45
[Market] YES=0.27 | NO=0.74 | Sum=1.01
==================================================
Balance: $116.47 | Regime: CHOP | Session: 0W/0L (0%) | PnL: $+0.00
[Confidence] Score=5/10 | moderate_edge,coinbase_weak,all3_agree,peak_hour
[Timing] Window 8 min old — skipping
[Cycle] No signal — YES=0.27 is between 0.30 and 0.70, sum=1.01 >= 0.97
[Ticker] KXBTC15M-26APR081245-45
[Market] YES=0.23 | NO=0.78 | Sum=1.01
==================================================
Balance: $116.47 | Regime: CHOP | Session: 0W/0L (0%) | PnL: $+0.00
[Confidence] Score=5/10 | moderate_edge,coinbase_weak,all3_agree,peak_hour
[Timing] Window 9 min old — skipping
[Cycle] No signal — YES=0.23 is between 0.30 and 0.70, sum=1.01 >= 0.97
[Ticker] KXBTC15M-26APR081245-45
[Market] YES=0.47 | NO=0.54 | Sum=1.01
==================================================
Balance: $116.47 | Regime: CHOP | Session: 0W/0L (0%) | PnL: $+0.00
[Cycle] No signal — YES=0.47 is between 0.30 and 0.70, sum=1.01 >= 0.97
[Ticker] KXBTC15M-26APR081245-45
[Market] YES=0.40 | NO=0.61 | Sum=1.01
==================================================
Balance: $116.47 | Regime: CHOP | Session: 0W/0L (0%) | PnL: $+0.00
[Cycle] No signal — YES=0.40 is between 0.30 and 0.70, sum=1.01 >= 0.97
[Ticker] KXBTC15M-26APR081245-45
[Market] YES=0.76 | NO=0.25 | Sum=1.01
==================================================
Balance: $116.47 | Regime: CHOP | Session: 0W/0L (0%) | PnL: $+0.00
[Confidence] Score=2/10 | moderate_edge,peak_hour
[Timing] Window 12 min old — skipping
[Cycle] No signal — YES=0.76 is between 0.30 and 0.70, sum=1.01 >= 0.97
[Ticker] KXBTC15M-26APR081245-45
[Market] YES=0.90 | NO=0.11 | Sum=1.01
==================================================
Balance: $116.47 | Regime: CHOP | Session: 0W/0L (0%) | PnL: $+0.00
[Confidence] Score=4/10 | strong_edge,coinbase_weak,peak_hour
[Timing] Window 13 min old — skipping
[Cycle] No signal — YES=0.90 is between 0.30 and 0.70, sum=1.01 >= 0.97
[Ticker] KXBTC15M-26APR081245-45
[Market] YES=0.95 | NO=0.08 | Sum=1.03
==================================================
Balance: $116.47 | Regime: CHOP | Session: 0W/0L (0%) | PnL: $+0.00
[Confidence] Score=3/10 | strong_edge,peak_hour
[Timing] Window 14 min old — skipping
[Cycle] No signal — YES=0.95 is between 0.30 and 0.70, sum=1.03 >= 0.97
[Ticker] KXBTC15M-26APR081245-45
[Market] YES=1.00 | NO=0.00 | Sum=1.00
==================================================
Balance: $116.47 | Regime: CHOP | Session: 0W/0L (0%) | PnL: $+0.00
[Confidence] Score=5/10 | extreme_edge,coinbase_weak,peak_hour
[Timing] Window 0 min old — skipping
[Cycle] No signal — YES=1.00 is between 0.30 and 0.70, sum=1.00 >= 0.97
[Ticker] KXBTC15M-26APR081300-00
[Market] YES=0.55 | NO=0.46 | Sum=1.01
==================================================
Balance: $116.47 | Regime: CHOP | Session: 0W/0L (0%) | PnL: $+0.00
[Cycle] No signal — YES=0.55 is between 0.30 and 0.70, sum=1.01 >= 0.97
[Ticker] KXBTC15M-26APR081300-00
[Market] YES=0.51 | NO=0.50 | Sum=1.01
==================================================
Balance: $116.47 | Regime: CHOP | Session: 0W/0L (0%) | PnL: $+0.00
[Cycle] No signal — YES=0.51 is between 0.30 and 0.70, sum=1.01 >= 0.97
[Ticker] KXBTC15M-26APR081300-00
[Market] YES=0.52 | NO=0.49 | Sum=1.01
==================================================
Balance: $116.47 | Regime: CHOP | Session: 0W/0L (0%) | PnL: $+0.00
[Cycle] No signal — YES=0.52 is between 0.30 and 0.70, sum=1.01 >= 0.97
[Ticker] KXBTC15M-26APR081300-00
[Market] YES=0.68 | NO=0.33 | Sum=1.01
==================================================
Balance: $116.47 | Regime: CHOP | Session: 0W/0L (0%) | PnL: $+0.00
[Cycle] No signal — YES=0.68 is between 0.30 and 0.70, sum=1.01 >= 0.97
[Ticker] KXBTC15M-26APR081300-00
[Market] YES=0.86 | NO=0.15 | Sum=1.01
==================================================
Balance: $116.47 | Regime: CHOP | Session: 0W/0L (0%) | PnL: $+0.00
[Confidence] Score=4/10 | strong_edge,coinbase_weak,peak_hour
[Timing] Window 5 min old — skipping
[Cycle] No signal — YES=0.86 is between 0.30 and 0.70, sum=1.01 >= 0.97
[Ticker] KXBTC15M-26APR081300-00
[Market] YES=0.85 | NO=0.16 | Sum=1.01
==================================================
Balance: $116.47 | Regime: CHOP | Session: 0W/0L (0%) | PnL: $+0.00
[Confidence] Score=4/10 | strong_edge,coinbase_weak,peak_hour
[Timing] Window 6 min old — skipping
[Cycle] No signal — YES=0.85 is between 0.30 and 0.70, sum=1.01 >= 0.97
[Ticker] KXBTC15M-26APR081300-00
[Market] YES=0.81 | NO=0.20 | Sum=1.01
==================================================
Balance: $116.47 | Regime: CHOP | Session: 0W/0L (0%) | PnL: $+0.00
[Confidence] Score=4/10 | strong_edge,coinbase_weak,peak_hour
[Timing] Window 7 min old — skipping
[Cycle] No signal — YES=0.81 is between 0.30 and 0.70, sum=1.01 >= 0.97
[Ticker] KXBTC15M-26APR081300-00
[Market] YES=0.77 | NO=0.24 | Sum=1.01
==================================================
Balance: $116.47 | Regime: CHOP | Session: 0W/0L (0%) | PnL: $+0.00
[Confidence] Score=3/10 | moderate_edge,coinbase_weak,peak_hour
[Timing] Window 8 min old — skipping
[Cycle] No signal — YES=0.77 is between 0.30 and 0.70, sum=1.01 >= 0.97
[Ticker] KXBTC15M-26APR081300-00
[Market] YES=0.82 | NO=0.19 | Sum=1.01
==================================================
Balance: $116.47 | Regime: CHOP | Session: 0W/0L (0%) | PnL: $+0.00
[Confidence] Score=4/10 | strong_edge,coinbase_weak,peak_hour
[Timing] Window 9 min old — skipping
[Cycle] No signal — YES=0.82 is between 0.30 and 0.70, sum=1.01 >= 0.97
[Ticker] KXBTC15M-26APR081300-00
[Market] YES=0.96 | NO=0.05 | Sum=1.01
==================================================
Balance: $116.47 | Regime: CHOP | Session: 0W/0L (0%) | PnL: $+0.00
[Confidence] Score=5/10 | extreme_edge,coinbase_weak,peak_hour
[Timing] Window 10 min old — skipping
[Cycle] No signal — YES=0.96 is between 0.30 and 0.70, sum=1.01 >= 0.97
[Ticker] KXBTC15M-26APR081300-00
[Market] YES=0.98 | NO=0.03 | Sum=1.01
==================================================
Balance: $116.47 | Regime: CHOP | Session: 0W/0L (0%) | PnL: $+0.00
[Confidence] Score=5/10 | extreme_edge,coinbase_weak,peak_hour
[Timing] Window 11 min old — skipping
[Cycle] No signal — YES=0.98 is between 0.30 and 0.70, sum=1.01 >= 0.97
[Ticker] KXBTC15M-26APR081300-00
[Market] YES=1.00 | NO=0.00 | Sum=1.00
==================================================
Balance: $116.47 | Regime: CHOP | Session: 0W/0L (0%) | PnL: $+0.00
[Confidence] Score=5/10 | extreme_edge,coinbase_weak,peak_hour
[Timing] Window 12 min old — skipping
[Cycle] No signal — YES=1.00 is between 0.30 and 0.70, sum=1.00 >= 0.97
[Ticker] KXBTC15M-26APR081300-00
[Market] YES=1.00 | NO=0.00 | Sum=1.00
==================================================
Balance: $116.47 | Regime: CHOP | Session: 0W/0L (0%) | PnL: $+0.00
[Confidence] Score=5/10 | extreme_edge,coinbase_weak,peak_hour
[Timing] Window 13 min old — skipping
[Cycle] No signal — YES=1.00 is between 0.30 and 0.70, sum=1.00 >= 0.97
[Ticker] KXBTC15M-26APR081300-00
[Market] YES=1.00 | NO=0.00 | Sum=1.00
==================================================
Balance: $116.47 | Regime: CHOP | Session: 0W/0L (0%) | PnL: $+0.00
[Confidence] Score=5/10 | extreme_edge,coinbase_weak,peak_hour
[Timing] Window 14 min old — skipping
[Cycle] No signal — YES=1.00 is between 0.30 and 0.70, sum=1.00 >= 0.97
[Ticker] KXBTC15M-26APR081315-15
[Market] YES=0.48 | NO=0.53 | Sum=1.01
==================================================
Balance: $116.47 | Regime: CHOP | Session: 0W/0L (0%) | PnL: $+0.00
[Cycle] No signal — YES=0.48 is between 0.30 and 0.70, sum=1.01 >= 0.97
[Ticker] KXBTC15M-26APR081315-15
[Market] YES=0.48 | NO=0.53 | Sum=1.01
==================================================
Balance: $116.47 | Regime: CHOP | Session: 0W/0L (0%) | PnL: $+0.00
[Cycle] No signal — YES=0.48 is between 0.30 and 0.70, sum=1.01 >= 0.97
[Ticker] KXBTC15M-26APR081315-15
[Market] YES=0.58 | NO=0.43 | Sum=1.01
==================================================
Balance: $116.47 | Regime: CHOP | Session: 0W/0L (0%) | PnL: $+0.00
[Cycle] No signal — YES=0.58 is between 0.30 and 0.70, sum=1.01 >= 0.97
[Ticker] KXBTC15M-26APR081315-15
[Market] YES=0.77 | NO=0.24 | Sum=1.01
==================================================
Balance: $116.47 | Regime: CHOP | Session: 0W/0L (0%) | PnL: $+0.00
[Confidence] Score=2/10 | moderate_edge,coinbase_weak
[Signal] UP candidate | yes=0.77 | waiting (1/2)
[Cycle] No signal — YES=0.77 is between 0.30 and 0.70, sum=1.01 >= 0.97
[Ticker] KXBTC15M-26APR081315-15
[Market] YES=0.81 | NO=0.20 | Sum=1.01
==================================================
Balance: $116.47 | Regime: CHOP | Session: 0W/0L (0%) | PnL: $+0.00
[Confidence] Score=3/10 | strong_edge,coinbase_weak
[Coinbase] Confirms UP | $71724 gap=+107 (0.15%)
[Correlation] Markets diverging — bet trimmed
[Signal] CONFIRMED UP | yes=0.81 | edge=0.31 | bet=$1.80
[Safety] Balance $116.47 below floor $120.00
🛑 OpenClaw BTC Bot v4.0 halted: Balance $116.47 below floor $120.00

==================================================
OpenClaw BTC Bot v4.0 — LIVE
[Startup] Live balance synced: $116.47
Balance: $116.47 | MaxBet: $6.11 | Threshold: <0.30 or >0.70
==================================================

[Startup] Resting orders cleared
[Ticker] KXBTC15M-26APR081315-15
[Market] YES=0.78 | NO=0.23 | Sum=1.01
==================================================
Balance: $116.47 | Regime: CHOP | Session: 0W/0L (0%) | PnL: $+0.00
[Confidence] Score=2/10 | moderate_edge,coinbase_weak
[Signal] UP candidate | yes=0.78 | waiting (1/2)
[Cycle] No signal — YES=0.78 is between 0.30 and 0.70, sum=1.01 >= 0.97
[Ticker] KXBTC15M-26APR081315-15
[Market] YES=0.74 | NO=0.28 | Sum=1.02
==================================================
Balance: $116.47 | Regime: CHOP | Session: 0W/0L (0%) | PnL: $+0.00
[Confidence] Score=3/10 | moderate_edge,coinbase_weak,2of3_agree
[Timing] Window 5 min old — skipping
[Cycle] No signal — YES=0.74 is between 0.30 and 0.70, sum=1.02 >= 0.97
[Ticker] KXBTC15M-26APR081315-15
[Market] YES=0.80 | NO=0.21 | Sum=1.01
==================================================
Balance: $116.47 | Regime: CHOP | Session: 0W/0L (0%) | PnL: $+0.00
[Confidence] Score=3/10 | strong_edge,coinbase_weak
[Timing] Window 6 min old — skipping
[Cycle] No signal — YES=0.80 is between 0.30 and 0.70, sum=1.01 >= 0.97
[Ticker] KXBTC15M-26APR081315-15
[Market] YES=0.72 | NO=0.30 | Sum=1.02
==================================================
Balance: $116.47 | Regime: CHOP | Session: 0W/0L (0%) | PnL: $+0.00
[Confidence] Score=2/10 | moderate_edge,coinbase_weak
[Timing] Window 7 min old — skipping
[Cycle] No signal — YES=0.72 is between 0.30 and 0.70, sum=1.02 >= 0.97
[Ticker] KXBTC15M-26APR081315-15
[Market] YES=0.65 | NO=0.37 | Sum=1.02
==================================================
Balance: $116.47 | Regime: CHOP | Session: 0W/0L (0%) | PnL: $+0.00
[Cycle] No signal — YES=0.65 is between 0.30 and 0.70, sum=1.02 >= 0.97
[Ticker] KXBTC15M-26APR081315-15
[Market] YES=0.77 | NO=0.25 | Sum=1.02
==================================================
Balance: $116.47 | Regime: CHOP | Session: 0W/0L (0%) | PnL: $+0.00
[Confidence] Score=2/10 | moderate_edge,coinbase_weak
[Timing] Window 9 min old — skipping
[Cycle] No signal — YES=0.77 is between 0.30 and 0.70, sum=1.02 >= 0.97
[Ticker] KXBTC15M-26APR081315-15
[Market] YES=0.89 | NO=0.12 | Sum=1.01
==================================================
Balance: $116.47 | Regime: CHOP | Session: 0W/0L (0%) | PnL: $+0.00
[Confidence] Score=3/10 | strong_edge,coinbase_weak
[Timing] Window 10 min old — skipping
[Cycle] No signal — YES=0.89 is between 0.30 and 0.70, sum=1.01 >= 0.97
[Ticker] KXBTC15M-26APR081315-15
[Market] YES=0.98 | NO=0.02 | Sum=1.00
==================================================
Balance: $116.47 | Regime: CHOP | Session: 0W/0L (0%) | PnL: $+0.00
[Confidence] Score=4/10 | extreme_edge,coinbase_weak
[Timing] Window 11 min old — skipping
[Cycle] No signal — YES=0.98 is between 0.30 and 0.70, sum=1.00 >= 0.97
[Ticker] KXBTC15M-26APR081315-15
[Market] YES=1.00 | NO=0.00 | Sum=1.00
==================================================
Balance: $116.47 | Regime: CHOP | Session: 0W/0L (0%) | PnL: $+0.00
[Confidence] Score=4/10 | extreme_edge,coinbase_weak
[Timing] Window 12 min old — skipping
[Cycle] No signal — YES=1.00 is between 0.30 and 0.70, sum=1.00 >= 0.97
[Ticker] KXBTC15M-26APR081315-15
[Market] YES=1.00 | NO=0.00 | Sum=1.00
==================================================
Balance: $116.47 | Regime: CHOP | Session: 0W/0L (0%) | PnL: $+0.00
[Confidence] Score=4/10 | extreme_edge,coinbase_weak
[Timing] Window 13 min old — skipping
[Cycle] No signal — YES=1.00 is between 0.30 and 0.70, sum=1.00 >= 0.97
[Ticker] KXBTC15M-26APR081315-15
[Market] YES=1.00 | NO=0.00 | Sum=1.00
==================================================
Balance: $116.47 | Regime: CHOP | Session: 0W/0L (0%) | PnL: $+0.00
[Confidence] Score=4/10 | extreme_edge,coinbase_weak
[Timing] Window 14 min old — skipping
[Cycle] No signal — YES=1.00 is between 0.30 and 0.70, sum=1.00 >= 0.97
[Ticker] KXBTC15M-26APR081330-30
[Market] YES=0.49 | NO=0.52 | Sum=1.01
==================================================
Balance: $116.47 | Regime: CHOP | Session: 0W/0L (0%) | PnL: $+0.00
[Cycle] No signal — YES=0.49 is between 0.30 and 0.70, sum=1.01 >= 0.97
[Ticker] KXBTC15M-26APR081330-30
[Market] YES=0.38 | NO=0.63 | Sum=1.01
==================================================
Balance: $116.47 | Regime: CHOP | Session: 0W/0L (0%) | PnL: $+0.00
[Cycle] No signal — YES=0.38 is between 0.30 and 0.70, sum=1.01 >= 0.97
[Ticker] KXBTC15M-26APR081330-30
[Market] YES=0.39 | NO=0.63 | Sum=1.02
==================================================
Balance: $116.47 | Regime: CHOP | Session: 0W/0L (0%) | PnL: $+0.00
[Cycle] No signal — YES=0.39 is between 0.30 and 0.70, sum=1.02 >= 0.97
[Ticker] KXBTC15M-26APR081330-30
[Market] YES=0.40 | NO=0.61 | Sum=1.01
==================================================
Balance: $116.47 | Regime: CHOP | Session: 0W/0L (0%) | PnL: $+0.00
[Cycle] No signal — YES=0.40 is between 0.30 and 0.70, sum=1.01 >= 0.97
[Ticker] KXBTC15M-26APR081330-30
[Market] YES=0.42 | NO=0.59 | Sum=1.01
==================================================
Balance: $116.47 | Regime: CHOP | Session: 0W/0L (0%) | PnL: $+0.00
[Cycle] No signal — YES=0.42 is between 0.30 and 0.70, sum=1.01 >= 0.97
[Ticker] KXBTC15M-26APR081330-30
[Market] YES=0.38 | NO=0.64 | Sum=1.02
==================================================
Balance: $116.47 | Regime: CHOP | Session: 0W/0L (0%) | PnL: $+0.00
[Cycle] No signal — YES=0.38 is between 0.30 and 0.70, sum=1.02 >= 0.97
[Ticker] KXBTC15M-26APR081330-30
[Market] YES=0.33 | NO=0.68 | Sum=1.01
==================================================
Balance: $116.47 | Regime: CHOP | Session: 0W/0L (0%) | PnL: $+0.00
[Cycle] No signal — YES=0.33 is between 0.30 and 0.70, sum=1.01 >= 0.97
[Ticker] KXBTC15M-26APR081330-30
[Market] YES=0.12 | NO=0.89 | Sum=1.01
==================================================
Balance: $116.47 | Regime: CHOP | Session: 0W/0L (0%) | PnL: $+0.00
[Confidence] Score=4/10 | strong_edge,coinbase_weak,2of3_agree
[Timing] Window 7 min old — skipping
[Cycle] No signal — YES=0.12 is between 0.30 and 0.70, sum=1.01 >= 0.97
[Ticker] KXBTC15M-26APR081330-30
[Market] YES=0.09 | NO=0.92 | Sum=1.00
==================================================
Balance: $116.47 | Regime: CHOP | Session: 0W/0L (0%) | PnL: $+0.00
[Confidence] Score=4/10 | strong_edge,coinbase_weak,2of3_agree
[Timing] Window 8 min old — skipping
[Cycle] No signal — YES=0.09 is between 0.30 and 0.70, sum=1.00 >= 0.97
[Ticker] KXBTC15M-26APR081330-30
[Market] YES=0.03 | NO=0.98 | Sum=1.01
==================================================
Balance: $116.47 | Regime: CHOP | Session: 0W/0L (0%) | PnL: $+0.00
[Confidence] Score=6/10 | extreme_edge,coinbase_weak,all3_agree
[Timing] Window 9 min old — skipping
[Cycle] No signal — YES=0.03 is between 0.30 and 0.70, sum=1.01 >= 0.97
[Ticker] KXBTC15M-26APR081330-30
[Market] YES=0.01 | NO=0.99 | Sum=1.00
==================================================
Balance: $116.47 | Regime: CHOP | Session: 0W/0L (0%) | PnL: $+0.00
[Confidence] Score=6/10 | extreme_edge,coinbase_weak,all3_agree
[Timing] Window 10 min old — skipping
[Cycle] No signal — YES=0.01 is between 0.30 and 0.70, sum=1.00 >= 0.97
[Ticker] KXBTC15M-26APR081330-30
[Market] YES=0.00 | NO=1.00 | Sum=1.00
==================================================
Balance: $116.47 | Regime: CHOP | Session: 0W/0L (0%) | PnL: $+0.00
[Confidence] Score=6/10 | extreme_edge,coinbase_weak,all3_agree
[Timing] Window 11 min old — skipping
[Cycle] No signal — YES=0.00 is between 0.30 and 0.70, sum=1.00 >= 0.97
[Ticker] KXBTC15M-26APR081330-30
[Market] YES=0.00 | NO=1.00 | Sum=1.00
==================================================
Balance: $116.47 | Regime: CHOP | Session: 0W/0L (0%) | PnL: $+0.00
[Confidence] Score=5/10 | extreme_edge,coinbase_weak,2of3_agree
[Timing] Window 12 min old — skipping
[Cycle] No signal — YES=0.00 is between 0.30 and 0.70, sum=1.00 >= 0.97
[Ticker] KXBTC15M-26APR081330-30
[Market] YES=0.00 | NO=1.00 | Sum=1.00
==================================================
Balance: $116.47 | Regime: CHOP | Session: 0W/0L (0%) | PnL: $+0.00
[Confidence] Score=4/10 | extreme_edge,coinbase_weak
[Timing] Window 13 min old — skipping
[Cycle] No signal — YES=0.00 is between 0.30 and 0.70, sum=1.00 >= 0.97
[Ticker] KXBTC15M-26APR081330-30
[Market] YES=0.00 | NO=1.00 | Sum=1.00
==================================================
Balance: $116.47 | Regime: CHOP | Session: 0W/0L (0%) | PnL: $+0.00
[Confidence] Score=5/10 | extreme_edge,coinbase_weak,2of3_agree
[Timing] Window 14 min old — skipping
[Cycle] No signal — YES=0.00 is between 0.30 and 0.70, sum=1.00 >= 0.97
[Ticker] KXBTC15M-26APR081330-30
[Market] YES=0.00 | NO=1.00 | Sum=1.00
==================================================
Balance: $116.47 | Regime: CHOP | Session: 0W/0L (0%) | PnL: $+0.00
[Confidence] Score=5/10 | extreme_edge,coinbase_weak,2of3_agree
[Timing] Window 0 min old — skipping
[Cycle] No signal — YES=0.00 is between 0.30 and 0.70, sum=1.00 >= 0.97
[Ticker] KXBTC15M-26APR081345-45
[Market] YES=0.77 | NO=0.24 | Sum=1.01
==================================================
Balance: $116.47 | Regime: CHOP | Session: 0W/0L (0%) | PnL: $+0.00
[Confidence] Score=2/10 | moderate_edge,coinbase_weak
[Signal] UP candidate | yes=0.77 | waiting (1/2)
[Cycle] No signal — YES=0.77 is between 0.30 and 0.70, sum=1.01 >= 0.97
[Ticker] KXBTC15M-26APR081345-45
[Market] YES=0.77 | NO=0.24 | Sum=1.01
==================================================
Balance: $116.47 | Regime: CHOP | Session: 0W/0L (0%) | PnL: $+0.00
[Confidence] Score=2/10 | moderate_edge,coinbase_weak
[Coinbase] Confirms UP | $71751 gap=+118 (0.17%)
[Correlation] 2/3 agree UP
[Signal] CONFIRMED UP | yes=0.77 | edge=0.27 | bet=$2.00
[Safety] Balance $116.47 below floor $120.00
🛑 OpenClaw BTC Bot v4.0 halted: Balance $116.47 below floor $120.00

==================================================
OpenClaw BTC Bot v4.0 — LIVE
[Startup] Live balance synced: $116.47
Balance: $116.47 | MaxBet: $6.11 | Threshold: <0.30 or >0.70
==================================================

[Startup] Resting orders cleared
[Ticker] KXBTC15M-26APR081345-45
[Market] YES=0.77 | NO=0.24 | Sum=1.01
==================================================
Balance: $116.47 | Regime: CHOP | Session: 0W/0L (0%) | PnL: $+0.00
[Confidence] Score=2/10 | moderate_edge,coinbase_weak
[Signal] UP candidate | yes=0.77 | waiting (1/2)
[Cycle] No signal — YES=0.77 is between 0.30 and 0.70, sum=1.01 >= 0.97
[Ticker] KXBTC15M-26APR081345-45
[Market] YES=0.73 | NO=0.28 | Sum=1.01
==================================================
Balance: $116.47 | Regime: CHOP | Session: 0W/0L (0%) | PnL: $+0.00
[Confidence] Score=2/10 | moderate_edge,coinbase_weak
[Coinbase] Confirms UP | $71700 gap=+68 (0.09%)
[Correlation] 2/3 agree UP
[Signal] CONFIRMED UP | yes=0.73 | edge=0.23 | bet=$2.00
[Safety] Balance $116.47 below floor $120.00
🛑 OpenClaw BTC Bot v4.0 halted: Balance $116.47 below floor $120.00

==================================================
OpenClaw BTC Bot v4.0 — LIVE
[Startup] Live balance synced: $116.47
Balance: $116.47 | MaxBet: $6.11 | Threshold: <0.30 or >0.70
==================================================

[Startup] Resting orders cleared
[Ticker] KXBTC15M-26APR081345-45
[Market] YES=0.69 | NO=0.32 | Sum=1.01
==================================================
Balance: $116.47 | Regime: CHOP | Session: 0W/0L (0%) | PnL: $+0.00
[Cycle] No signal — YES=0.69 is between 0.30 and 0.70, sum=1.01 >= 0.97
[Ticker] KXBTC15M-26APR081345-45
[Market] YES=0.68 | NO=0.33 | Sum=1.01
==================================================
Balance: $116.47 | Regime: CHOP | Session: 0W/0L (0%) | PnL: $+0.00
[Cycle] No signal — YES=0.68 is between 0.30 and 0.70, sum=1.01 >= 0.97
[Ticker] KXBTC15M-26APR081345-45
[Market] YES=0.88 | NO=0.13 | Sum=1.01
==================================================
Balance: $116.47 | Regime: CHOP | Session: 0W/0L (0%) | PnL: $+0.00
[Confidence] Score=3/10 | strong_edge,coinbase_weak
[Timing] Window 5 min old — skipping
[Cycle] No signal — YES=0.88 is between 0.30 and 0.70, sum=1.01 >= 0.97
[Ticker] KXBTC15M-26APR081345-45
[Market] YES=0.97 | NO=0.05 | Sum=1.01
==================================================
Balance: $116.47 | Regime: CHOP | Session: 0W/0L (0%) | PnL: $+0.00
[Confidence] Score=4/10 | extreme_edge,coinbase_weak
[Timing] Window 6 min old — skipping
[Cycle] No signal — YES=0.97 is between 0.30 and 0.70, sum=1.01 >= 0.97
[Ticker] KXBTC15M-26APR081345-45
[Market] YES=0.92 | NO=0.08 | Sum=1.00
==================================================
Balance: $116.47 | Regime: CHOP | Session: 0W/0L (0%) | PnL: $+0.00
[Confidence] Score=3/10 | strong_edge,coinbase_weak
[Timing] Window 7 min old — skipping
[Cycle] No signal — YES=0.92 is between 0.30 and 0.70, sum=1.00 >= 0.97
[Ticker] KXBTC15M-26APR081345-45
[Market] YES=0.92 | NO=0.09 | Sum=1.01
==================================================
Balance: $116.47 | Regime: CHOP | Session: 0W/0L (0%) | PnL: $+0.00
[Confidence] Score=3/10 | strong_edge,coinbase_weak
[Timing] Window 8 min old — skipping
[Cycle] No signal — YES=0.92 is between 0.30 and 0.70, sum=1.01 >= 0.97
[Ticker] KXBTC15M-26APR081345-45
[Market] YES=0.97 | NO=0.04 | Sum=1.01
==================================================
Balance: $116.47 | Regime: CHOP | Session: 0W/0L (0%) | PnL: $+0.00
[Confidence] Score=4/10 | extreme_edge,coinbase_weak
[Timing] Window 9 min old — skipping
[Cycle] No signal — YES=0.97 is between 0.30 and 0.70, sum=1.01 >= 0.97
[Ticker] KXBTC15M-26APR081345-45
[Market] YES=0.99 | NO=0.01 | Sum=1.00
==================================================
Balance: $116.47 | Regime: CHOP | Session: 0W/0L (0%) | PnL: $+0.00
[Confidence] Score=4/10 | extreme_edge,coinbase_weak
[Timing] Window 10 min old — skipping
[Cycle] No signal — YES=0.99 is between 0.30 and 0.70, sum=1.00 >= 0.97
[Ticker] KXBTC15M-26APR081345-45
[Market] YES=0.95 | NO=0.07 | Sum=1.01
==================================================
Balance: $116.47 | Regime: CHOP | Session: 0W/0L (0%) | PnL: $+0.00
[Confidence] Score=3/10 | strong_edge,coinbase_weak
[Timing] Window 11 min old — skipping
[Cycle] No signal — YES=0.95 is between 0.30 and 0.70, sum=1.01 >= 0.97
[Ticker] KXBTC15M-26APR081345-45
[Market] YES=0.99 | NO=0.01 | Sum=1.00
==================================================
Balance: $116.47 | Regime: CHOP | Session: 0W/0L (0%) | PnL: $+0.00
[Confidence] Score=4/10 | extreme_edge,coinbase_weak
[Timing] Window 12 min old — skipping
[Cycle] No signal — YES=0.99 is between 0.30 and 0.70, sum=1.00 >= 0.97
[Ticker] KXBTC15M-26APR081345-45
[Market] YES=1.00 | NO=0.00 | Sum=1.00
==================================================
Balance: $116.47 | Regime: CHOP | Session: 0W/0L (0%) | PnL: $+0.00
[Confidence] Score=4/10 | extreme_edge,coinbase_weak
[Timing] Window 13 min old — skipping
[Cycle] No signal — YES=1.00 is between 0.30 and 0.70, sum=1.00 >= 0.97
[Ticker] KXBTC15M-26APR081345-45
[Market] YES=1.00 | NO=0.00 | Sum=1.00
==================================================
Balance: $116.47 | Regime: CHOP | Session: 0W/0L (0%) | PnL: $+0.00
[Confidence] Score=4/10 | extreme_edge,coinbase_weak
[Timing] Window 14 min old — skipping
[Cycle] No signal — YES=1.00 is between 0.30 and 0.70, sum=1.00 >= 0.97
[Ticker] KXBTC15M-26APR081400-00
[Market] YES=0.61 | NO=0.41 | Sum=1.02
==================================================
Balance: $116.47 | Regime: CHOP | Session: 0W/0L (0%) | PnL: $+0.00
[Cycle] No signal — YES=0.61 is between 0.30 and 0.70, sum=1.02 >= 0.97
[Ticker] KXBTC15M-26APR081400-00
[Market] YES=0.58 | NO=0.43 | Sum=1.01
==================================================
Balance: $116.47 | Regime: CHOP | Session: 0W/0L (0%) | PnL: $+0.00
[Cycle] No signal — YES=0.58 is between 0.30 and 0.70, sum=1.01 >= 0.97
[Ticker] KXBTC15M-26APR081400-00
[Market] YES=0.54 | NO=0.47 | Sum=1.01
==================================================
Balance: $116.47 | Regime: CHOP | Session: 0W/0L (0%) | PnL: $+0.00
[Cycle] No signal — YES=0.54 is between 0.30 and 0.70, sum=1.01 >= 0.97
[Ticker] KXBTC15M-26APR081400-00
[Market] YES=0.62 | NO=0.40 | Sum=1.02
==================================================
Balance: $116.47 | Regime: CHOP | Session: 0W/0L (0%) | PnL: $+0.00
[Cycle] No signal — YES=0.62 is between 0.30 and 0.70, sum=1.02 >= 0.97
[Ticker] KXBTC15M-26APR081400-00
[Market] YES=0.75 | NO=0.26 | Sum=1.01
==================================================
Balance: $116.47 | Regime: CHOP | Session: 0W/0L (0%) | PnL: $+0.00
[Confidence] Score=2/10 | moderate_edge,coinbase_weak
[Signal] UP candidate | yes=0.75 | waiting (1/2)
[Cycle] No signal — YES=0.75 is between 0.30 and 0.70, sum=1.01 >= 0.97
[Ticker] KXBTC15M-26APR081400-00
[Market] YES=0.65 | NO=0.36 | Sum=1.01
==================================================
Balance: $116.47 | Regime: CHOP | Session: 0W/0L (0%) | PnL: $+0.00
[Cycle] No signal — YES=0.65 is between 0.30 and 0.70, sum=1.01 >= 0.97
[Ticker] KXBTC15M-26APR081400-00
[Market] YES=0.56 | NO=0.46 | Sum=1.02
==================================================
Balance: $116.47 | Regime: CHOP | Session: 0W/0L (0%) | PnL: $+0.00
[Cycle] No signal — YES=0.56 is between 0.30 and 0.70, sum=1.02 >= 0.97
[Ticker] KXBTC15M-26APR081400-00
[Market] YES=0.65 | NO=0.37 | Sum=1.02
==================================================
Balance: $116.47 | Regime: CHOP | Session: 0W/0L (0%) | PnL: $+0.00
[Cycle] No signal — YES=0.65 is between 0.30 and 0.70, sum=1.02 >= 0.97
[Ticker] KXBTC15M-26APR081400-00
[Market] YES=0.81 | NO=0.21 | Sum=1.02
==================================================
Balance: $116.47 | Regime: CHOP | Session: 0W/0L (0%) | PnL: $+0.00
[Confidence] Score=3/10 | strong_edge,coinbase_weak
[Timing] Window 8 min old — skipping
[Cycle] No signal — YES=0.81 is between 0.30 and 0.70, sum=1.02 >= 0.97
[Ticker] KXBTC15M-26APR081400-00
[Market] YES=0.63 | NO=0.38 | Sum=1.01
==================================================
Balance: $116.47 | Regime: CHOP | Session: 0W/0L (0%) | PnL: $+0.00
[Cycle] No signal — YES=0.63 is between 0.30 and 0.70, sum=1.01 >= 0.97
[Ticker] KXBTC15M-26APR081400-00
[Market] YES=0.73 | NO=0.29 | Sum=1.02
==================================================
Balance: $116.47 | Regime: CHOP | Session: 0W/0L (0%) | PnL: $+0.00
[Confidence] Score=2/10 | moderate_edge,coinbase_weak
[Timing] Window 10 min old — skipping
[Cycle] No signal — YES=0.73 is between 0.30 and 0.70, sum=1.02 >= 0.97
[Ticker] KXBTC15M-26APR081400-00
[Market] YES=0.81 | NO=0.20 | Sum=1.01
==================================================
Balance: $116.47 | Regime: CHOP | Session: 0W/0L (0%) | PnL: $+0.00
[Confidence] Score=3/10 | strong_edge,coinbase_weak
[Timing] Window 11 min old — skipping
[Cycle] No signal — YES=0.81 is between 0.30 and 0.70, sum=1.01 >= 0.97
[Ticker] KXBTC15M-26APR081400-00
[Market] YES=0.97 | NO=0.03 | Sum=1.00
==================================================
Balance: $116.47 | Regime: CHOP | Session: 0W/0L (0%) | PnL: $+0.00
[Confidence] Score=4/10 | extreme_edge,coinbase_weak
[Timing] Window 12 min old — skipping
[Cycle] No signal — YES=0.97 is between 0.30 and 0.70, sum=1.00 >= 0.97
[Ticker] KXBTC15M-26APR081400-00
[Market] YES=0.96 | NO=0.04 | Sum=1.00
==================================================
Balance: $116.47 | Regime: CHOP | Session: 0W/0L (0%) | PnL: $+0.00
[Confidence] Score=5/10 | extreme_edge,coinbase_weak,2of3_agree
[Timing] Window 13 min old — skipping
[Cycle] No signal — YES=0.96 is between 0.30 and 0.70, sum=1.00 >= 0.97
[Ticker] KXBTC15M-26APR081400-00
[Market] YES=1.00 | NO=0.00 | Sum=1.00
==================================================
Balance: $116.47 | Regime: CHOP | Session: 0W/0L (0%) | PnL: $+0.00
[Confidence] Score=4/10 | extreme_edge,coinbase_weak
[Timing] Window 14 min old — skipping
[Cycle] No signal — YES=1.00 is between 0.30 and 0.70, sum=1.00 >= 0.97
[Ticker] KXBTC15M-26APR081415-15
[Market] YES=0.38 | NO=0.63 | Sum=1.01
==================================================
Balance: $116.47 | Regime: CHOP | Session: 0W/0L (0%) | PnL: $+0.00
[Cycle] No signal — YES=0.38 is between 0.30 and 0.70, sum=1.01 >= 0.97
[Ticker] KXBTC15M-26APR081415-15
[Market] YES=0.31 | NO=0.70 | Sum=1.01
==================================================
Balance: $116.47 | Regime: CHOP | Session: 0W/0L (0%) | PnL: $+0.00
[Cycle] No signal — YES=0.31 is between 0.30 and 0.70, sum=1.01 >= 0.97
[Ticker] KXBTC15M-26APR081415-15
[Market] YES=0.42 | NO=0.59 | Sum=1.01
==================================================
Balance: $116.47 | Regime: CHOP | Session: 0W/0L (0%) | PnL: $+0.00
[Cycle] No signal — YES=0.42 is between 0.30 and 0.70, sum=1.01 >= 0.97
[Ticker] KXBTC15M-26APR081415-15
[Market] YES=0.35 | NO=0.66 | Sum=1.01
==================================================
Balance: $116.47 | Regime: CHOP | Session: 0W/0L (0%) | PnL: $+0.00
[Cycle] No signal — YES=0.35 is between 0.30 and 0.70, sum=1.01 >= 0.97
[Ticker] KXBTC15M-26APR081415-15
[Market] YES=0.31 | NO=0.70 | Sum=1.01
==================================================
Balance: $116.47 | Regime: CHOP | Session: 0W/0L (0%) | PnL: $+0.00
[Cycle] No signal — YES=0.31 is between 0.30 and 0.70, sum=1.01 >= 0.97
[Ticker] KXBTC15M-26APR081415-15
[Market] YES=0.33 | NO=0.68 | Sum=1.01
==================================================
Balance: $116.47 | Regime: CHOP | Session: 0W/0L (0%) | PnL: $+0.00
[Cycle] No signal — YES=0.33 is between 0.30 and 0.70, sum=1.01 >= 0.97
[Ticker] KXBTC15M-26APR081415-15
[Market] YES=0.25 | NO=0.76 | Sum=1.01
==================================================
Balance: $116.47 | Regime: CHOP | Session: 0W/0L (0%) | PnL: $+0.00
[Confidence] Score=4/10 | moderate_edge,coinbase_weak,all3_agree
[Timing] Window 6 min old — skipping
[Cycle] No signal — YES=0.25 is between 0.30 and 0.70, sum=1.01 >= 0.97
[Ticker] KXBTC15M-26APR081415-15
[Market] YES=0.31 | NO=0.70 | Sum=1.01
==================================================
Balance: $116.47 | Regime: CHOP | Session: 0W/0L (0%) | PnL: $+0.00
[Cycle] No signal — YES=0.31 is between 0.30 and 0.70, sum=1.01 >= 0.97
[Ticker] KXBTC15M-26APR081415-15
[Market] YES=0.35 | NO=0.66 | Sum=1.01
==================================================
Balance: $116.47 | Regime: CHOP | Session: 0W/0L (0%) | PnL: $+0.00
[Cycle] No signal — YES=0.35 is between 0.30 and 0.70, sum=1.01 >= 0.97
[Ticker] KXBTC15M-26APR081415-15
[Market] YES=0.15 | NO=0.86 | Sum=1.01
==================================================
Balance: $116.47 | Regime: CHOP | Session: 0W/0L (0%) | PnL: $+0.00
[Confidence] Score=5/10 | strong_edge,coinbase_weak,all3_agree
[Timing] Window 9 min old — skipping
[Cycle] No signal — YES=0.15 is between 0.30 and 0.70, sum=1.01 >= 0.97
[Ticker] KXBTC15M-26APR081415-15
[Market] YES=0.02 | NO=0.98 | Sum=1.00
==================================================
Balance: $116.47 | Regime: CHOP | Session: 0W/0L (0%) | PnL: $+0.00
[Confidence] Score=6/10 | extreme_edge,coinbase_weak,all3_agree
[Timing] Window 10 min old — skipping
[Cycle] No signal — YES=0.02 is between 0.30 and 0.70, sum=1.00 >= 0.97
[Ticker] KXBTC15M-26APR081415-15
[Market] YES=0.01 | NO=1.00 | Sum=1.00
==================================================
Balance: $116.47 | Regime: CHOP | Session: 0W/0L (0%) | PnL: $+0.00
[Confidence] Score=6/10 | extreme_edge,coinbase_weak,all3_agree
[Timing] Window 11 min old — skipping
[Cycle] No signal — YES=0.01 is between 0.30 and 0.70, sum=1.00 >= 0.97
[Ticker] KXBTC15M-26APR081415-15
[Market] YES=0.01 | NO=1.00 | Sum=1.00
==================================================
Balance: $116.47 | Regime: CHOP | Session: 0W/0L (0%) | PnL: $+0.00
[Confidence] Score=6/10 | extreme_edge,coinbase_weak,all3_agree
[Timing] Window 12 min old — skipping
[Cycle] No signal — YES=0.01 is between 0.30 and 0.70, sum=1.00 >= 0.97
[Ticker] KXBTC15M-26APR081415-15
[Market] YES=0.00 | NO=1.00 | Sum=1.00
==================================================
Balance: $116.47 | Regime: CHOP | Session: 0W/0L (0%) | PnL: $+0.00
[Confidence] Score=6/10 | extreme_edge,coinbase_weak,all3_agree
[Timing] Window 13 min old — skipping
[Cycle] No signal — YES=0.00 is between 0.30 and 0.70, sum=1.00 >= 0.97
[Ticker] KXBTC15M-26APR081415-15
[Market] YES=0.00 | NO=1.00 | Sum=1.00
==================================================
Balance: $116.47 | Regime: CHOP | Session: 0W/0L (0%) | PnL: $+0.00
[Confidence] Score=6/10 | extreme_edge,coinbase_weak,all3_agree
[Timing] Window 14 min old — skipping
[Cycle] No signal — YES=0.00 is between 0.30 and 0.70, sum=1.00 >= 0.97
[Ticker] KXBTC15M-26APR081430-30
[Market] YES=0.59 | NO=0.42 | Sum=1.01
==================================================
Balance: $116.47 | Regime: CHOP | Session: 0W/0L (0%) | PnL: $+0.00
[Cycle] No signal — YES=0.59 is between 0.30 and 0.70, sum=1.01 >= 0.97
[Ticker] KXBTC15M-26APR081430-30
[Market] YES=0.64 | NO=0.37 | Sum=1.01
==================================================
Balance: $116.47 | Regime: CHOP | Session: 0W/0L (0%) | PnL: $+0.00
[Cycle] No signal — YES=0.64 is between 0.30 and 0.70, sum=1.01 >= 0.97
[Ticker] KXBTC15M-26APR081430-30
[Market] YES=0.50 | NO=0.51 | Sum=1.01
==================================================
Balance: $116.47 | Regime: CHOP | Session: 0W/0L (0%) | PnL: $+0.00
[Cycle] No signal — YES=0.50 is between 0.30 and 0.70, sum=1.01 >= 0.97
[Ticker] KXBTC15M-26APR081430-30
[Market] YES=0.16 | NO=0.85 | Sum=1.01
==================================================
Balance: $116.47 | Regime: CHOP | Session: 0W/0L (0%) | PnL: $+0.00
[Confidence] Score=5/10 | strong_edge,coinbase_weak,all3_agree
[Signal] DOWN candidate | yes=0.16 | waiting (1/2)
[Cycle] No signal — YES=0.16 is between 0.30 and 0.70, sum=1.01 >= 0.97
[Ticker] KXBTC15M-26APR081430-30
[Market] YES=0.10 | NO=0.91 | Sum=1.01
==================================================
Balance: $116.47 | Regime: CHOP | Session: 0W/0L (0%) | PnL: $+0.00
[Confidence] Score=4/10 | strong_edge,coinbase_weak,2of3_agree
[Coinbase] Confirms DOWN | $71487 gap=-230 (0.32%)
[Correlation] All 3 agree — bet boosted
[Signal] CONFIRMED DOWN | yes=0.10 | edge=0.40 | bet=$3.34
[Safety] Balance $116.47 below floor $120.00
🛑 OpenClaw BTC Bot v4.0 halted: Balance $116.47 below floor $120.00

==================================================
OpenClaw BTC Bot v4.0 — LIVE
[Startup] Live balance synced: $116.47
Balance: $116.47 | MaxBet: $6.11 | Threshold: <0.30 or >0.70
==================================================

[Startup] Resting orders cleared
[Ticker] KXBTC15M-26APR081430-30
[Market] YES=0.10 | NO=0.91 | Sum=1.01
==================================================
Balance: $116.47 | Regime: CHOP | Session: 0W/0L (0%) | PnL: $+0.00
[Confidence] Score=5/10 | strong_edge,coinbase_weak,all3_agree
[Signal] DOWN candidate | yes=0.10 | waiting (1/2)
[Cycle] No signal — YES=0.10 is between 0.30 and 0.70, sum=1.01 >= 0.97
[Ticker] KXBTC15M-26APR081430-30
[Market] YES=0.09 | NO=0.91 | Sum=1.00
==================================================
Balance: $116.47 | Regime: CHOP | Session: 0W/0L (0%) | PnL: $+0.00
[Confidence] Score=4/10 | strong_edge,coinbase_weak,2of3_agree
[Timing] Window 5 min old — skipping
[Cycle] No signal — YES=0.09 is between 0.30 and 0.70, sum=1.00 >= 0.97
[Ticker] KXBTC15M-26APR081430-30
[Market] YES=0.05 | NO=0.96 | Sum=1.01
==================================================
Balance: $116.47 | Regime: CHOP | Session: 0W/0L (0%) | PnL: $+0.00
[Confidence] Score=6/10 | extreme_edge,coinbase_weak,all3_agree
[Timing] Window 6 min old — skipping
[Cycle] No signal — YES=0.05 is between 0.30 and 0.70, sum=1.01 >= 0.97
[Ticker] KXBTC15M-26APR081430-30
[Market] YES=0.04 | NO=0.97 | Sum=1.01
==================================================
Balance: $116.47 | Regime: CHOP | Session: 0W/0L (0%) | PnL: $+0.00
[Confidence] Score=5/10 | extreme_edge,coinbase_weak,2of3_agree
[Timing] Window 7 min old — skipping
[Cycle] No signal — YES=0.04 is between 0.30 and 0.70, sum=1.01 >= 0.97
[Ticker] KXBTC15M-26APR081430-30
[Market] YES=0.01 | NO=0.99 | Sum=1.00
==================================================
Balance: $116.47 | Regime: CHOP | Session: 0W/0L (0%) | PnL: $+0.00
[Confidence] Score=6/10 | extreme_edge,coinbase_weak,all3_agree
[Timing] Window 8 min old — skipping
[Cycle] No signal — YES=0.01 is between 0.30 and 0.70, sum=1.00 >= 0.97
[Ticker] KXBTC15M-26APR081430-30
[Market] YES=0.01 | NO=0.99 | Sum=1.00
==================================================
Balance: $116.47 | Regime: CHOP | Session: 0W/0L (0%) | PnL: $+0.00
[Confidence] Score=6/10 | extreme_edge,coinbase_weak,all3_agree
[Timing] Window 9 min old — skipping
[Cycle] No signal — YES=0.01 is between 0.30 and 0.70, sum=1.00 >= 0.97
[Ticker] KXBTC15M-26APR081430-30
[Market] YES=0.00 | NO=1.00 | Sum=1.00
==================================================
Balance: $116.47 | Regime: CHOP | Session: 0W/0L (0%) | PnL: $+0.00
[Confidence] Score=7/10 | extreme_edge,coinbase_strong,all3_agree
[Timing] Window 10 min old — skipping
[Cycle] No signal — YES=0.00 is between 0.30 and 0.70, sum=1.00 >= 0.97
[Ticker] KXBTC15M-26APR081430-30
[Market] YES=0.00 | NO=1.00 | Sum=1.00
==================================================
Balance: $116.47 | Regime: CHOP | Session: 0W/0L (0%) | PnL: $+0.00
[Confidence] Score=5/10 | extreme_edge,coinbase_weak,2of3_agree
[Timing] Window 11 min old — skipping
[Cycle] No signal — YES=0.00 is between 0.30 and 0.70, sum=1.00 >= 0.97
[Ticker] KXBTC15M-26APR081430-30
[Market] YES=0.00 | NO=1.00 | Sum=1.00
==================================================
Balance: $116.47 | Regime: CHOP | Session: 0W/0L (0%) | PnL: $+0.00
[Confidence] Score=6/10 | extreme_edge,coinbase_weak,all3_agree
[Timing] Window 12 min old — skipping
[Cycle] No signal — YES=0.00 is between 0.30 and 0.70, sum=1.00 >= 0.97
[Ticker] KXBTC15M-26APR081430-30
[Market] YES=0.00 | NO=1.00 | Sum=1.00
==================================================
Balance: $116.47 | Regime: CHOP | Session: 0W/0L (0%) | PnL: $+0.00
[Confidence] Score=6/10 | extreme_edge,coinbase_weak,all3_agree
[Timing] Window 13 min old — skipping
[Cycle] No signal — YES=0.00 is between 0.30 and 0.70, sum=1.00 >= 0.97
[Ticker] KXBTC15M-26APR081430-30
[Market] YES=0.00 | NO=1.00 | Sum=1.00
==================================================
Balance: $116.47 | Regime: CHOP | Session: 0W/0L (0%) | PnL: $+0.00
[Confidence] Score=6/10 | extreme_edge,coinbase_weak,all3_agree
[Timing] Window 14 min old — skipping
[Cycle] No signal — YES=0.00 is between 0.30 and 0.70, sum=1.00 >= 0.97
[Ticker] KXBTC15M-26APR081445-45
[Market] YES=0.68 | NO=0.33 | Sum=1.01
==================================================
Balance: $116.47 | Regime: CHOP | Session: 0W/0L (0%) | PnL: $+0.00
[Cycle] No signal — YES=0.68 is between 0.30 and 0.70, sum=1.01 >= 0.97
[Ticker] KXBTC15M-26APR081445-45
[Market] YES=0.70 | NO=0.32 | Sum=1.02
==================================================
Balance: $116.47 | Regime: CHOP | Session: 0W/0L (0%) | PnL: $+0.00
[Cycle] No signal — YES=0.70 is between 0.30 and 0.70, sum=1.02 >= 0.97
[Ticker] KXBTC15M-26APR081445-45
[Market] YES=0.77 | NO=0.24 | Sum=1.01
==================================================
Balance: $116.47 | Regime: CHOP | Session: 0W/0L (0%) | PnL: $+0.00
[Confidence] Score=2/10 | moderate_edge,coinbase_weak
[Signal] UP candidate | yes=0.77 | waiting (1/2)
[Cycle] No signal — YES=0.77 is between 0.30 and 0.70, sum=1.01 >= 0.97
[Ticker] KXBTC15M-26APR081445-45
[Market] YES=0.77 | NO=0.24 | Sum=1.01
==================================================
Balance: $116.47 | Regime: CHOP | Session: 0W/0L (0%) | PnL: $+0.00
[Confidence] Score=2/10 | moderate_edge,coinbase_weak
[Coinbase] Confirms UP | $71505 gap=+96 (0.13%)
[Correlation] Markets diverging — bet trimmed
[Signal] CONFIRMED UP | yes=0.77 | edge=0.27 | bet=$1.80
[Safety] Balance $116.47 below floor $120.00
🛑 OpenClaw BTC Bot v4.0 halted: Balance $116.47 below floor $120.00

==================================================
OpenClaw BTC Bot v4.0 — LIVE
[Startup] Live balance synced: $116.47
Balance: $116.47 | MaxBet: $6.11 | Threshold: <0.30 or >0.70
==================================================

[Startup] Resting orders cleared
[Ticker] KXBTC15M-26APR081445-45
[Market] YES=0.79 | NO=0.22 | Sum=1.01
==================================================
Balance: $116.47 | Regime: CHOP | Session: 0W/0L (0%) | PnL: $+0.00
[Confidence] Score=2/10 | moderate_edge,coinbase_weak
[Signal] UP candidate | yes=0.79 | waiting (1/2)
[Cycle] No signal — YES=0.79 is between 0.30 and 0.70, sum=1.01 >= 0.97
[Ticker] KXBTC15M-26APR081445-45
[Market] YES=0.91 | NO=0.11 | Sum=1.02
==================================================
Balance: $116.47 | Regime: CHOP | Session: 0W/0L (0%) | PnL: $+0.00
[Confidence] Score=3/10 | strong_edge,coinbase_weak
[Timing] Window 5 min old — skipping
[Cycle] No signal — YES=0.91 is between 0.30 and 0.70, sum=1.02 >= 0.97
[Ticker] KXBTC15M-26APR081445-45
[Market] YES=0.91 | NO=0.10 | Sum=1.01
==================================================
Balance: $116.47 | Regime: CHOP | Session: 0W/0L (0%) | PnL: $+0.00
[Confidence] Score=3/10 | strong_edge,coinbase_weak
[Timing] Window 6 min old — skipping
[Cycle] No signal — YES=0.91 is between 0.30 and 0.70, sum=1.01 >= 0.97
[Ticker] KXBTC15M-26APR081445-45
[Market] YES=0.89 | NO=0.12 | Sum=1.01
==================================================
Balance: $116.47 | Regime: CHOP | Session: 0W/0L (0%) | PnL: $+0.00
[Confidence] Score=3/10 | strong_edge,coinbase_weak
[Timing] Window 7 min old — skipping
[Cycle] No signal — YES=0.89 is between 0.30 and 0.70, sum=1.01 >= 0.97
[Ticker] KXBTC15M-26APR081445-45
[Market] YES=0.92 | NO=0.08 | Sum=1.00
==================================================
Balance: $116.47 | Regime: CHOP | Session: 0W/0L (0%) | PnL: $+0.00
[Confidence] Score=3/10 | strong_edge,coinbase_weak
[Timing] Window 8 min old — skipping
[Cycle] No signal — YES=0.92 is between 0.30 and 0.70, sum=1.00 >= 0.97
[Ticker] KXBTC15M-26APR081445-45
[Market] YES=0.92 | NO=0.08 | Sum=1.01
==================================================
Balance: $116.47 | Regime: CHOP | Session: 0W/0L (0%) | PnL: $+0.00
[Confidence] Score=3/10 | strong_edge,coinbase_weak
[Timing] Window 9 min old — skipping
[Cycle] No signal — YES=0.92 is between 0.30 and 0.70, sum=1.01 >= 0.97
[Ticker] KXBTC15M-26APR081445-45
[Market] YES=0.85 | NO=0.16 | Sum=1.01
==================================================
Balance: $116.47 | Regime: CHOP | Session: 0W/0L (0%) | PnL: $+0.00
[Confidence] Score=3/10 | strong_edge,coinbase_weak
[Timing] Window 10 min old — skipping
[Cycle] No signal — YES=0.85 is between 0.30 and 0.70, sum=1.01 >= 0.97
[Ticker] KXBTC15M-26APR081445-45
[Market] YES=0.74 | NO=0.28 | Sum=1.02
==================================================
Balance: $116.47 | Regime: CHOP | Session: 0W/0L (0%) | PnL: $+0.00
[Confidence] Score=2/10 | moderate_edge,coinbase_weak
[Timing] Window 11 min old — skipping
[Cycle] No signal — YES=0.74 is between 0.30 and 0.70, sum=1.02 >= 0.97
[Ticker] KXBTC15M-26APR081445-45
[Market] YES=0.50 | NO=0.53 | Sum=1.03
==================================================
Balance: $116.47 | Regime: CHOP | Session: 0W/0L (0%) | PnL: $+0.00
[Cycle] No signal — YES=0.50 is between 0.30 and 0.70, sum=1.03 >= 0.97
[Ticker] KXBTC15M-26APR081445-45
[Market] YES=0.57 | NO=0.44 | Sum=1.01
==================================================
Balance: $116.47 | Regime: CHOP | Session: 0W/0L (0%) | PnL: $+0.00
[Cycle] No signal — YES=0.57 is between 0.30 and 0.70, sum=1.01 >= 0.97
[Ticker] KXBTC15M-26APR081445-45
[Market] YES=0.00 | NO=1.00 | Sum=1.00
==================================================
Balance: $116.47 | Regime: CHOP | Session: 0W/0L (0%) | PnL: $+0.00
[Confidence] Score=6/10 | extreme_edge,coinbase_weak,all3_agree
[Timing] Window 14 min old — skipping
[Cycle] No signal — YES=0.00 is between 0.30 and 0.70, sum=1.00 >= 0.97
[Ticker] KXBTC15M-26APR081445-45
[Market] YES=0.00 | NO=1.00 | Sum=1.00
==================================================
Balance: $116.47 | Regime: CHOP | Session: 0W/0L (0%) | PnL: $+0.00
[Confidence] Score=6/10 | extreme_edge,coinbase_weak,all3_agree
[Timing] Window 0 min old — skipping
[Cycle] No signal — YES=0.00 is between 0.30 and 0.70, sum=1.00 >= 0.97
[Ticker] KXBTC15M-26APR081500-00
[Market] YES=0.56 | NO=0.45 | Sum=1.01
==================================================
Balance: $116.47 | Regime: CHOP | Session: 0W/0L (0%) | PnL: $+0.00
[Cycle] No signal — YES=0.56 is between 0.30 and 0.70, sum=1.01 >= 0.97
[Ticker] KXBTC15M-26APR081500-00
[Market] YES=0.62 | NO=0.39 | Sum=1.01
==================================================
Balance: $116.47 | Regime: CHOP | Session: 0W/0L (0%) | PnL: $+0.00
[Cycle] No signal — YES=0.62 is between 0.30 and 0.70, sum=1.01 >= 0.97
[Ticker] KXBTC15M-26APR081500-00
[Market] YES=0.63 | NO=0.38 | Sum=1.01
==================================================
Balance: $116.47 | Regime: CHOP | Session: 0W/0L (0%) | PnL: $+0.00
[Cycle] No signal — YES=0.63 is between 0.30 and 0.70, sum=1.01 >= 0.97
[Ticker] KXBTC15M-26APR081500-00
[Market] YES=0.60 | NO=0.41 | Sum=1.01
==================================================
Balance: $116.47 | Regime: CHOP | Session: 0W/0L (0%) | PnL: $+0.00
[Cycle] No signal — YES=0.60 is between 0.30 and 0.70, sum=1.01 >= 0.97
[Ticker] KXBTC15M-26APR081500-00
[Market] YES=0.45 | NO=0.56 | Sum=1.01
==================================================
Balance: $116.47 | Regime: CHOP | Session: 0W/0L (0%) | PnL: $+0.00
[Cycle] No signal — YES=0.45 is between 0.30 and 0.70, sum=1.01 >= 0.97
[Ticker] KXBTC15M-26APR081500-00
[Market] YES=0.34 | NO=0.68 | Sum=1.02
==================================================
Balance: $116.47 | Regime: CHOP | Session: 0W/0L (0%) | PnL: $+0.00
[Cycle] No signal — YES=0.34 is between 0.30 and 0.70, sum=1.02 >= 0.97
[Ticker] KXBTC15M-26APR081500-00
[Market] YES=0.28 | NO=0.73 | Sum=1.01
==================================================
Balance: $116.47 | Regime: CHOP | Session: 0W/0L (0%) | PnL: $+0.00
[Confidence] Score=4/10 | moderate_edge,coinbase_weak,all3_agree
[Timing] Window 7 min old — skipping
[Cycle] No signal — YES=0.28 is between 0.30 and 0.70, sum=1.01 >= 0.97
[Ticker] KXBTC15M-26APR081500-00
[Market] YES=0.26 | NO=0.75 | Sum=1.01
==================================================
Balance: $116.47 | Regime: CHOP | Session: 0W/0L (0%) | PnL: $+0.00
[Confidence] Score=4/10 | moderate_edge,coinbase_weak,all3_agree
[Timing] Window 8 min old — skipping
[Cycle] No signal — YES=0.26 is between 0.30 and 0.70, sum=1.01 >= 0.97
[Ticker] KXBTC15M-26APR081500-00
[Market] YES=0.29 | NO=0.72 | Sum=1.01
==================================================
Balance: $116.47 | Regime: CHOP | Session: 0W/0L (0%) | PnL: $+0.00
[Confidence] Score=3/10 | moderate_edge,coinbase_weak,2of3_agree
[Timing] Window 9 min old — skipping
[Cycle] No signal — YES=0.29 is between 0.30 and 0.70, sum=1.01 >= 0.97
[Ticker] KXBTC15M-26APR081500-00
[Market] YES=0.11 | NO=0.90 | Sum=1.01
==================================================
Balance: $116.47 | Regime: CHOP | Session: 0W/0L (0%) | PnL: $+0.00
[Confidence] Score=5/10 | strong_edge,coinbase_weak,all3_agree
[Timing] Window 10 min old — skipping
[Cycle] No signal — YES=0.11 is between 0.30 and 0.70, sum=1.01 >= 0.97
[Ticker] KXBTC15M-26APR081500-00
[Market] YES=0.02 | NO=0.98 | Sum=1.00
==================================================
Balance: $116.47 | Regime: CHOP | Session: 0W/0L (0%) | PnL: $+0.00
[Confidence] Score=6/10 | extreme_edge,coinbase_weak,all3_agree
[Timing] Window 11 min old — skipping
[Cycle] No signal — YES=0.02 is between 0.30 and 0.70, sum=1.00 >= 0.97
[Ticker] KXBTC15M-26APR081500-00
[Market] YES=0.01 | NO=0.99 | Sum=1.00
==================================================
Balance: $116.47 | Regime: CHOP | Session: 0W/0L (0%) | PnL: $+0.00
[Confidence] Score=4/10 | extreme_edge,coinbase_weak
[Timing] Window 12 min old — skipping
[Cycle] No signal — YES=0.01 is between 0.30 and 0.70, sum=1.00 >= 0.97
[Ticker] KXBTC15M-26APR081500-00
[Market] YES=0.00 | NO=1.00 | Sum=1.00
==================================================
Balance: $116.47 | Regime: CHOP | Session: 0W/0L (0%) | PnL: $+0.00
[Confidence] Score=6/10 | extreme_edge,coinbase_weak,all3_agree
[Timing] Window 13 min old — skipping
[Cycle] No signal — YES=0.00 is between 0.30 and 0.70, sum=1.00 >= 0.97
[Ticker] KXBTC15M-26APR081500-00
[Market] YES=0.00 | NO=1.00 | Sum=1.00
==================================================
Balance: $116.47 | Regime: CHOP | Session: 0W/0L (0%) | PnL: $+0.00
[Confidence] Score=6/10 | extreme_edge,coinbase_weak,all3_agree
[Timing] Window 14 min old — skipping
[Cycle] No signal — YES=0.00 is between 0.30 and 0.70, sum=1.00 >= 0.97
[Ticker] KXBTC15M-26APR081500-00
[Market] YES=0.00 | NO=1.00 | Sum=1.00
==================================================
Balance: $116.47 | Regime: CHOP | Session: 0W/0L (0%) | PnL: $+0.00
[Confidence] Score=6/10 | extreme_edge,coinbase_weak,2of3_agree,peak_hour
[Timing] Window 0 min old — skipping
[Cycle] No signal — YES=0.00 is between 0.30 and 0.70, sum=1.00 >= 0.97
[Ticker] KXBTC15M-26APR081515-15
[Market] YES=0.34 | NO=0.67 | Sum=1.01
==================================================
Balance: $116.47 | Regime: CHOP | Session: 0W/0L (0%) | PnL: $+0.00
[Cycle] No signal — YES=0.34 is between 0.30 and 0.70, sum=1.01 >= 0.97
[Ticker] KXBTC15M-26APR081515-15
[Market] YES=0.43 | NO=0.58 | Sum=1.01
==================================================
Balance: $116.47 | Regime: CHOP | Session: 0W/0L (0%) | PnL: $+0.00
[Cycle] No signal — YES=0.43 is between 0.30 and 0.70, sum=1.01 >= 0.97
[Ticker] KXBTC15M-26APR081515-15
[Market] YES=0.58 | NO=0.44 | Sum=1.02
==================================================
Balance: $116.47 | Regime: CHOP | Session: 0W/0L (0%) | PnL: $+0.00
[Cycle] No signal — YES=0.58 is between 0.30 and 0.70, sum=1.02 >= 0.97
[Ticker] KXBTC15M-26APR081515-15
[Market] YES=0.57 | NO=0.44 | Sum=1.01
==================================================
Balance: $116.47 | Regime: CHOP | Session: 0W/0L (0%) | PnL: $+0.00
[Cycle] No signal — YES=0.57 is between 0.30 and 0.70, sum=1.01 >= 0.97
[Ticker] KXBTC15M-26APR081515-15
[Market] YES=0.50 | NO=0.51 | Sum=1.01
==================================================
Balance: $116.47 | Regime: CHOP | Session: 0W/0L (0%) | PnL: $+0.00
[Cycle] No signal — YES=0.50 is between 0.30 and 0.70, sum=1.01 >= 0.97
[Ticker] KXBTC15M-26APR081515-15
[Market] YES=0.43 | NO=0.58 | Sum=1.01
==================================================
Balance: $116.47 | Regime: CHOP | Session: 0W/0L (0%) | PnL: $+0.00
[Cycle] No signal — YES=0.43 is between 0.30 and 0.70, sum=1.01 >= 0.97
[Ticker] KXBTC15M-26APR081515-15
[Market] YES=0.53 | NO=0.48 | Sum=1.01
==================================================
Balance: $116.47 | Regime: CHOP | Session: 0W/0L (0%) | PnL: $+0.00
[Cycle] No signal — YES=0.53 is between 0.30 and 0.70, sum=1.01 >= 0.97
[Ticker] KXBTC15M-26APR081515-15
[Market] YES=0.78 | NO=0.23 | Sum=1.01
==================================================
Balance: $116.47 | Regime: CHOP | Session: 0W/0L (0%) | PnL: $+0.00
[Confidence] Score=3/10 | moderate_edge,coinbase_weak,peak_hour
[Timing] Window 8 min old — skipping
[Cycle] No signal — YES=0.78 is between 0.30 and 0.70, sum=1.01 >= 0.97
[Ticker] KXBTC15M-26APR081515-15
[Market] YES=0.78 | NO=0.23 | Sum=1.01
==================================================
Balance: $116.47 | Regime: CHOP | Session: 0W/0L (0%) | PnL: $+0.00
[Confidence] Score=3/10 | moderate_edge,coinbase_weak,peak_hour
[Timing] Window 9 min old — skipping
[Cycle] No signal — YES=0.78 is between 0.30 and 0.70, sum=1.01 >= 0.97
[Ticker] KXBTC15M-26APR081515-15
[Market] YES=0.79 | NO=0.22 | Sum=1.01
==================================================
Balance: $116.47 | Regime: CHOP | Session: 0W/0L (0%) | PnL: $+0.00
[Confidence] Score=3/10 | moderate_edge,coinbase_weak,peak_hour
[Timing] Window 10 min old — skipping
[Cycle] No signal — YES=0.79 is between 0.30 and 0.70, sum=1.01 >= 0.97
[Ticker] KXBTC15M-26APR081515-15
[Market] YES=0.95 | NO=0.05 | Sum=1.00
==================================================
Balance: $116.47 | Regime: CHOP | Session: 0W/0L (0%) | PnL: $+0.00
[Confidence] Score=5/10 | extreme_edge,coinbase_weak,peak_hour
[Timing] Window 11 min old — skipping
[Cycle] No signal — YES=0.95 is between 0.30 and 0.70, sum=1.00 >= 0.97
[Ticker] KXBTC15M-26APR081515-15
[Market] YES=1.00 | NO=0.01 | Sum=1.01
==================================================
Balance: $116.47 | Regime: CHOP | Session: 0W/0L (0%) | PnL: $+0.00
[Confidence] Score=5/10 | extreme_edge,coinbase_weak,peak_hour
[Timing] Window 12 min old — skipping
[Cycle] No signal — YES=1.00 is between 0.30 and 0.70, sum=1.01 >= 0.97
[Ticker] KXBTC15M-26APR081515-15
[Market] YES=1.00 | NO=0.01 | Sum=1.00
==================================================
Balance: $116.47 | Regime: CHOP | Session: 0W/0L (0%) | PnL: $+0.00
[Confidence] Score=5/10 | extreme_edge,coinbase_weak,peak_hour
[Timing] Window 13 min old — skipping
[Cycle] No signal — YES=1.00 is between 0.30 and 0.70, sum=1.00 >= 0.97
[Ticker] KXBTC15M-26APR081515-15
[Market] YES=1.00 | NO=0.00 | Sum=1.00
==================================================
Balance: $116.47 | Regime: CHOP | Session: 0W/0L (0%) | PnL: $+0.00
[Confidence] Score=5/10 | extreme_edge,coinbase_weak,peak_hour
[Timing] Window 14 min old — skipping
[Cycle] No signal — YES=1.00 is between 0.30 and 0.70, sum=1.00 >= 0.97
[Ticker] KXBTC15M-26APR081515-15
[Market] YES=1.00 | NO=0.00 | Sum=1.00
==================================================
Balance: $116.47 | Regime: CHOP | Session: 0W/0L (0%) | PnL: $+0.00
[Confidence] Score=6/10 | extreme_edge,coinbase_weak,2of3_agree,peak_hour
[Timing] Window 0 min old — skipping
[Cycle] No signal — YES=1.00 is between 0.30 and 0.70, sum=1.00 >= 0.97
[Ticker] KXBTC15M-26APR081530-30
[Market] YES=0.56 | NO=0.45 | Sum=1.01
==================================================
Balance: $116.47 | Regime: CHOP | Session: 0W/0L (0%) | PnL: $+0.00
[Cycle] No signal — YES=0.56 is between 0.30 and 0.70, sum=1.01 >= 0.97
[Ticker] KXBTC15M-26APR081530-30
[Market] YES=0.53 | NO=0.49 | Sum=1.02
==================================================
Balance: $116.47 | Regime: CHOP | Session: 0W/0L (0%) | PnL: $+0.00
[Cycle] No signal — YES=0.53 is between 0.30 and 0.70, sum=1.02 >= 0.97
[Ticker] KXBTC15M-26APR081530-30
[Market] YES=0.40 | NO=0.61 | Sum=1.01
==================================================
Balance: $116.47 | Regime: CHOP | Session: 0W/0L (0%) | PnL: $+0.00
[Cycle] No signal — YES=0.40 is between 0.30 and 0.70, sum=1.01 >= 0.97
[Ticker] KXBTC15M-26APR081530-30
[Market] YES=0.30 | NO=0.71 | Sum=1.01
==================================================
Balance: $116.47 | Regime: CHOP | Session: 0W/0L (0%) | PnL: $+0.00
[Cycle] No signal — YES=0.30 is between 0.30 and 0.70, sum=1.01 >= 0.97
[Ticker] KXBTC15M-26APR081530-30
[Market] YES=0.42 | NO=0.59 | Sum=1.01
==================================================
Balance: $116.47 | Regime: CHOP | Session: 0W/0L (0%) | PnL: $+0.00
[Cycle] No signal — YES=0.42 is between 0.30 and 0.70, sum=1.01 >= 0.97
[Ticker] KXBTC15M-26APR081530-30
[Market] YES=0.46 | NO=0.56 | Sum=1.02
==================================================
Balance: $116.47 | Regime: CHOP | Session: 0W/0L (0%) | PnL: $+0.00
[Cycle] No signal — YES=0.46 is between 0.30 and 0.70, sum=1.02 >= 0.97
[Ticker] KXBTC15M-26APR081530-30
[Market] YES=0.42 | NO=0.59 | Sum=1.01
==================================================
Balance: $116.47 | Regime: CHOP | Session: 0W/0L (0%) | PnL: $+0.00
[Cycle] No signal — YES=0.42 is between 0.30 and 0.70, sum=1.01 >= 0.97
[Ticker] KXBTC15M-26APR081530-30
[Market] YES=0.14 | NO=0.87 | Sum=1.01
==================================================
Balance: $116.47 | Regime: CHOP | Session: 0W/0L (0%) | PnL: $+0.00
[Confidence] Score=5/10 | strong_edge,coinbase_weak,2of3_agree,peak_hour
[Timing] Window 8 min old — skipping
[Cycle] No signal — YES=0.14 is between 0.30 and 0.70, sum=1.01 >= 0.97
[Ticker] KXBTC15M-26APR081530-30
[Market] YES=0.21 | NO=0.80 | Sum=1.01
==================================================
Balance: $116.47 | Regime: CHOP | Session: 0W/0L (0%) | PnL: $+0.00
[Confidence] Score=5/10 | moderate_edge,coinbase_weak,all3_agree,peak_hour
[Timing] Window 9 min old — skipping
[Cycle] No signal — YES=0.21 is between 0.30 and 0.70, sum=1.01 >= 0.97
[Ticker] KXBTC15M-26APR081530-30
[Market] YES=0.33 | NO=0.68 | Sum=1.01
==================================================
Balance: $116.47 | Regime: CHOP | Session: 0W/0L (0%) | PnL: $+0.00
[Cycle] No signal — YES=0.33 is between 0.30 and 0.70, sum=1.01 >= 0.97
[Ticker] KXBTC15M-26APR081530-30
[Market] YES=0.42 | NO=0.59 | Sum=1.01
==================================================
Balance: $116.47 | Regime: CHOP | Session: 0W/0L (0%) | PnL: $+0.00
[Cycle] No signal — YES=0.42 is between 0.30 and 0.70, sum=1.01 >= 0.97
[Ticker] KXBTC15M-26APR081530-30
[Market] YES=0.07 | NO=0.94 | Sum=1.01
==================================================
Balance: $116.47 | Regime: CHOP | Session: 0W/0L (0%) | PnL: $+0.00
[Confidence] Score=6/10 | strong_edge,coinbase_weak,all3_agree,peak_hour
[Timing] Window 12 min old — skipping
[Cycle] No signal — YES=0.07 is between 0.30 and 0.70, sum=1.01 >= 0.97
[Ticker] KXBTC15M-26APR081530-30
[Market] YES=0.01 | NO=0.99 | Sum=1.00
==================================================
Balance: $116.47 | Regime: CHOP | Session: 0W/0L (0%) | PnL: $+0.00
[Confidence] Score=7/10 | extreme_edge,coinbase_weak,all3_agree,peak_hour
[Timing] Window 13 min old — skipping
[Cycle] No signal — YES=0.01 is between 0.30 and 0.70, sum=1.00 >= 0.97
[Ticker] KXBTC15M-26APR081530-30
[Market] YES=0.00 | NO=1.00 | Sum=1.00
==================================================
Balance: $116.47 | Regime: CHOP | Session: 0W/0L (0%) | PnL: $+0.00
[Confidence] Score=7/10 | extreme_edge,coinbase_weak,all3_agree,peak_hour
[Timing] Window 14 min old — skipping
[Cycle] No signal — YES=0.00 is between 0.30 and 0.70, sum=1.00 >= 0.97
[Ticker] KXBTC15M-26APR081530-30
[Market] YES=0.00 | NO=1.00 | Sum=1.00
==================================================
Balance: $116.47 | Regime: CHOP | Session: 0W/0L (0%) | PnL: $+0.00
[Confidence] Score=6/10 | extreme_edge,coinbase_weak,2of3_agree,peak_hour
[Timing] Window 0 min old — skipping
[Cycle] No signal — YES=0.00 is between 0.30 and 0.70, sum=1.00 >= 0.97
[Ticker] KXBTC15M-26APR081545-45
[Market] YES=0.48 | NO=0.53 | Sum=1.01
==================================================
Balance: $116.47 | Regime: CHOP | Session: 0W/0L (0%) | PnL: $+0.00
[Cycle] No signal — YES=0.48 is between 0.30 and 0.70, sum=1.01 >= 0.97
[Ticker] KXBTC15M-26APR081545-45
[Market] YES=0.56 | NO=0.45 | Sum=1.01
==================================================
Balance: $116.47 | Regime: CHOP | Session: 0W/0L (0%) | PnL: $+0.00
[Cycle] No signal — YES=0.56 is between 0.30 and 0.70, sum=1.01 >= 0.97
[Ticker] KXBTC15M-26APR081545-45
[Market] YES=0.68 | NO=0.33 | Sum=1.01
==================================================
Balance: $116.47 | Regime: CHOP | Session: 0W/0L (0%) | PnL: $+0.00
[Cycle] No signal — YES=0.68 is between 0.30 and 0.70, sum=1.01 >= 0.97
[Ticker] KXBTC15M-26APR081545-45
[Market] YES=0.60 | NO=0.42 | Sum=1.02
==================================================
Balance: $116.47 | Regime: CHOP | Session: 0W/0L (0%) | PnL: $+0.00
[Cycle] No signal — YES=0.60 is between 0.30 and 0.70, sum=1.02 >= 0.97
[Ticker] KXBTC15M-26APR081545-45
[Market] YES=0.65 | NO=0.36 | Sum=1.01
==================================================
Balance: $116.47 | Regime: CHOP | Session: 0W/0L (0%) | PnL: $+0.00
[Cycle] No signal — YES=0.65 is between 0.30 and 0.70, sum=1.01 >= 0.97
[Ticker] KXBTC15M-26APR081545-45
[Market] YES=0.64 | NO=0.37 | Sum=1.01
==================================================
Balance: $116.47 | Regime: CHOP | Session: 0W/0L (0%) | PnL: $+0.00
[Cycle] No signal — YES=0.64 is between 0.30 and 0.70, sum=1.01 >= 0.97
[Ticker] KXBTC15M-26APR081545-45
[Market] YES=0.89 | NO=0.12 | Sum=1.01
==================================================
Balance: $116.47 | Regime: CHOP | Session: 0W/0L (0%) | PnL: $+0.00
[Confidence] Score=4/10 | strong_edge,coinbase_weak,peak_hour
[Timing] Window 7 min old — skipping
[Cycle] No signal — YES=0.89 is between 0.30 and 0.70, sum=1.01 >= 0.97
[Ticker] KXBTC15M-26APR081545-45
[Market] YES=0.95 | NO=0.06 | Sum=1.00
==================================================
Balance: $116.47 | Regime: CHOP | Session: 0W/0L (0%) | PnL: $+0.00
[Confidence] Score=4/10 | strong_edge,coinbase_weak,peak_hour
[Timing] Window 8 min old — skipping
[Cycle] No signal — YES=0.95 is between 0.30 and 0.70, sum=1.00 >= 0.97
[Ticker] KXBTC15M-26APR081545-45
[Market] YES=0.98 | NO=0.03 | Sum=1.01
==================================================
Balance: $116.47 | Regime: CHOP | Session: 0W/0L (0%) | PnL: $+0.00
[Confidence] Score=5/10 | extreme_edge,coinbase_weak,peak_hour
[Timing] Window 9 min old — skipping
[Cycle] No signal — YES=0.98 is between 0.30 and 0.70, sum=1.01 >= 0.97
[Ticker] KXBTC15M-26APR081545-45
[Market] YES=0.98 | NO=0.03 | Sum=1.01
==================================================
Balance: $116.47 | Regime: CHOP | Session: 0W/0L (0%) | PnL: $+0.00
[Confidence] Score=5/10 | extreme_edge,coinbase_weak,peak_hour
[Timing] Window 10 min old — skipping
[Cycle] No signal — YES=0.98 is between 0.30 and 0.70, sum=1.01 >= 0.97
[Ticker] KXBTC15M-26APR081545-45
[Market] YES=0.97 | NO=0.04 | Sum=1.01
==================================================
Balance: $116.47 | Regime: CHOP | Session: 0W/0L (0%) | PnL: $+0.00
[Confidence] Score=5/10 | extreme_edge,coinbase_weak,peak_hour
[Timing] Window 11 min old — skipping
[Cycle] No signal — YES=0.97 is between 0.30 and 0.70, sum=1.01 >= 0.97
[Ticker] KXBTC15M-26APR081545-45
[Market] YES=0.83 | NO=0.18 | Sum=1.01
==================================================
Balance: $116.47 | Regime: CHOP | Session: 0W/0L (0%) | PnL: $+0.00
[Confidence] Score=4/10 | strong_edge,coinbase_weak,peak_hour
[Timing] Window 12 min old — skipping
[Cycle] No signal — YES=0.83 is between 0.30 and 0.70, sum=1.01 >= 0.97
[Ticker] KXBTC15M-26APR081545-45
[Market] YES=0.97 | NO=0.03 | Sum=1.01
==================================================
Balance: $116.47 | Regime: CHOP | Session: 0W/0L (0%) | PnL: $+0.00
[Confidence] Score=5/10 | extreme_edge,coinbase_weak,peak_hour
[Timing] Window 13 min old — skipping
[Cycle] No signal — YES=0.97 is between 0.30 and 0.70, sum=1.01 >= 0.97
[Ticker] KXBTC15M-26APR081545-45
[Market] YES=1.00 | NO=0.00 | Sum=1.00
==================================================
Balance: $116.47 | Regime: CHOP | Session: 0W/0L (0%) | PnL: $+0.00
[Confidence] Score=5/10 | extreme_edge,coinbase_weak,peak_hour
[Timing] Window 14 min old — skipping
[Cycle] No signal — YES=1.00 is between 0.30 and 0.70, sum=1.00 >= 0.97
[Ticker] KXBTC15M-26APR081545-45
[Market] YES=1.00 | NO=0.00 | Sum=1.00
==================================================
Balance: $116.47 | Regime: CHOP | Session: 0W/0L (0%) | PnL: $+0.00
[Confidence] Score=5/10 | extreme_edge,coinbase_weak,peak_hour
[Timing] Window 0 min old — skipping
[Cycle] No signal — YES=1.00 is between 0.30 and 0.70, sum=1.00 >= 0.97
[Ticker] KXBTC15M-26APR081600-00
[Market] YES=0.51 | NO=0.50 | Sum=1.01
==================================================
Balance: $116.47 | Regime: CHOP | Session: 0W/0L (0%) | PnL: $+0.00
[Cycle] No signal — YES=0.51 is between 0.30 and 0.70, sum=1.01 >= 0.97
[Ticker] KXBTC15M-26APR081600-00
[Market] YES=0.56 | NO=0.45 | Sum=1.01
==================================================
Balance: $116.47 | Regime: CHOP | Session: 0W/0L (0%) | PnL: $+0.00
[Cycle] No signal — YES=0.56 is between 0.30 and 0.70, sum=1.01 >= 0.97
[Ticker] KXBTC15M-26APR081600-00
[Market] YES=0.64 | NO=0.37 | Sum=1.01
==================================================
Balance: $116.47 | Regime: CHOP | Session: 0W/0L (0%) | PnL: $+0.00
[Cycle] No signal — YES=0.64 is between 0.30 and 0.70, sum=1.01 >= 0.97
[Ticker] KXBTC15M-26APR081600-00
[Market] YES=0.69 | NO=0.32 | Sum=1.01
==================================================
Balance: $116.47 | Regime: CHOP | Session: 0W/0L (0%) | PnL: $+0.00
[Cycle] No signal — YES=0.69 is between 0.30 and 0.70, sum=1.01 >= 0.97
[Ticker] KXBTC15M-26APR081600-00
[Market] YES=0.71 | NO=0.30 | Sum=1.01
==================================================
Balance: $116.47 | Regime: CHOP | Session: 0W/0L (0%) | PnL: $+0.00
[Confidence] Score=3/10 | moderate_edge,coinbase_weak,peak_hour
[Timing] Window 5 min old — skipping
[Cycle] No signal — YES=0.71 is between 0.30 and 0.70, sum=1.01 >= 0.97
[Ticker] KXBTC15M-26APR081600-00
[Market] YES=0.70 | NO=0.31 | Sum=1.01
==================================================
Balance: $116.47 | Regime: CHOP | Session: 0W/0L (0%) | PnL: $+0.00
[Cycle] No signal — YES=0.70 is between 0.30 and 0.70, sum=1.01 >= 0.97
[Ticker] KXBTC15M-26APR081600-00
[Market] YES=0.71 | NO=0.30 | Sum=1.01
==================================================
Balance: $116.47 | Regime: CHOP | Session: 0W/0L (0%) | PnL: $+0.00
[Confidence] Score=3/10 | moderate_edge,coinbase_weak,peak_hour
[Timing] Window 7 min old — skipping
[Cycle] No signal — YES=0.71 is between 0.30 and 0.70, sum=1.01 >= 0.97
[Ticker] KXBTC15M-26APR081600-00
[Market] YES=0.81 | NO=0.20 | Sum=1.01
==================================================
Balance: $116.47 | Regime: CHOP | Session: 0W/0L (0%) | PnL: $+0.00
[Confidence] Score=4/10 | strong_edge,coinbase_weak,peak_hour
[Timing] Window 8 min old — skipping
[Cycle] No signal — YES=0.81 is between 0.30 and 0.70, sum=1.01 >= 0.97
[Ticker] KXBTC15M-26APR081600-00
[Market] YES=0.85 | NO=0.16 | Sum=1.01
==================================================
Balance: $116.47 | Regime: CHOP | Session: 0W/0L (0%) | PnL: $+0.00
[Confidence] Score=4/10 | strong_edge,coinbase_weak,peak_hour
[Timing] Window 9 min old — skipping
[Cycle] No signal — YES=0.85 is between 0.30 and 0.70, sum=1.01 >= 0.97
[Ticker] KXBTC15M-26APR081600-00
[Market] YES=0.67 | NO=0.34 | Sum=1.01
==================================================
Balance: $116.47 | Regime: CHOP | Session: 0W/0L (0%) | PnL: $+0.00
[Cycle] No signal — YES=0.67 is between 0.30 and 0.70, sum=1.01 >= 0.97
[Ticker] KXBTC15M-26APR081600-00
[Market] YES=0.45 | NO=0.56 | Sum=1.01
==================================================
Balance: $116.47 | Regime: CHOP | Session: 0W/0L (0%) | PnL: $+0.00
[Cycle] No signal — YES=0.45 is between 0.30 and 0.70, sum=1.01 >= 0.97
[Ticker] KXBTC15M-26APR081600-00
[Market] YES=0.40 | NO=0.61 | Sum=1.01
==================================================
Balance: $116.47 | Regime: CHOP | Session: 0W/0L (0%) | PnL: $+0.00
[Cycle] No signal — YES=0.40 is between 0.30 and 0.70, sum=1.01 >= 0.97
[Ticker] KXBTC15M-26APR081600-00
[Market] YES=0.45 | NO=0.56 | Sum=1.01
==================================================
Balance: $116.47 | Regime: CHOP | Session: 0W/0L (0%) | PnL: $+0.00
[Cycle] No signal — YES=0.45 is between 0.30 and 0.70, sum=1.01 >= 0.97
[Ticker] KXBTC15M-26APR081600-00
[Market] YES=0.94 | NO=0.07 | Sum=1.01
==================================================
Balance: $116.47 | Regime: CHOP | Session: 0W/0L (0%) | PnL: $+0.00
[Confidence] Score=4/10 | strong_edge,coinbase_weak,peak_hour
[Timing] Window 14 min old — skipping
[Cycle] No signal — YES=0.94 is between 0.30 and 0.70, sum=1.01 >= 0.97
[Ticker] KXBTC15M-26APR081600-00
[Market] YES=1.00 | NO=0.00 | Sum=1.00
==================================================
Balance: $116.47 | Regime: CHOP | Session: 0W/0L (0%) | PnL: $+0.00
[Confidence] Score=4/10 | extreme_edge,coinbase_weak
[Timing] Window 0 min old — skipping
[Cycle] No signal — YES=1.00 is between 0.30 and 0.70, sum=1.00 >= 0.97
[Ticker] KXBTC15M-26APR081615-15
[Market] YES=0.72 | NO=0.29 | Sum=1.01
==================================================
Balance: $116.47 | Regime: CHOP | Session: 0W/0L (0%) | PnL: $+0.00
[Confidence] Score=2/10 | moderate_edge,coinbase_weak
[Signal] UP candidate | yes=0.72 | waiting (1/2)
[Cycle] No signal — YES=0.72 is between 0.30 and 0.70, sum=1.01 >= 0.97
[Ticker] KXBTC15M-26APR081615-15
[Market] YES=0.76 | NO=0.25 | Sum=1.01
==================================================
Balance: $116.47 | Regime: CHOP | Session: 0W/0L (0%) | PnL: $+0.00
[Confidence] Score=2/10 | moderate_edge,coinbase_weak
[Coinbase] Confirms UP | $71401 gap=+80 (0.11%)
[Correlation] Markets diverging — bet trimmed
[Signal] CONFIRMED UP | yes=0.76 | edge=0.26 | bet=$1.80
[Safety] Balance $116.47 below floor $120.00
🛑 OpenClaw BTC Bot v4.0 halted: Balance $116.47 below floor $120.00

==================================================
OpenClaw BTC Bot v4.0 — LIVE
[Startup] Live balance synced: $116.47
Balance: $116.47 | MaxBet: $6.11 | Threshold: <0.30 or >0.70
==================================================

[Startup] Resting orders cleared
[Ticker] KXBTC15M-26APR081615-15
[Market] YES=0.76 | NO=0.25 | Sum=1.01
==================================================
Balance: $116.47 | Regime: CHOP | Session: 0W/0L (0%) | PnL: $+0.00
[Confidence] Score=2/10 | moderate_edge,coinbase_weak
[Signal] UP candidate | yes=0.76 | waiting (1/2)
[Cycle] No signal — YES=0.76 is between 0.30 and 0.70, sum=1.01 >= 0.97
[Ticker] KXBTC15M-26APR081615-15
[Market] YES=0.69 | NO=0.32 | Sum=1.01
==================================================
Balance: $116.47 | Regime: CHOP | Session: 0W/0L (0%) | PnL: $+0.00
[Cycle] No signal — YES=0.69 is between 0.30 and 0.70, sum=1.01 >= 0.97
[Ticker] KXBTC15M-26APR081615-15
[Market] YES=0.80 | NO=0.21 | Sum=1.01
==================================================
Balance: $116.47 | Regime: CHOP | Session: 0W/0L (0%) | PnL: $+0.00
[Confidence] Score=3/10 | strong_edge,coinbase_weak
[Signal] UP candidate | yes=0.80 | waiting (1/2)
[Cycle] No signal — YES=0.80 is between 0.30 and 0.70, sum=1.01 >= 0.97
[Ticker] KXBTC15M-26APR081615-15
[Market] YES=0.83 | NO=0.18 | Sum=1.01
==================================================
Balance: $116.47 | Regime: CHOP | Session: 0W/0L (0%) | PnL: $+0.00
[Confidence] Score=3/10 | strong_edge,coinbase_weak
[Timing] Window 5 min old — skipping
[Cycle] No signal — YES=0.83 is between 0.30 and 0.70, sum=1.01 >= 0.97
[Ticker] KXBTC15M-26APR081615-15
[Market] YES=0.80 | NO=0.21 | Sum=1.01
==================================================
Balance: $116.47 | Regime: CHOP | Session: 0W/0L (0%) | PnL: $+0.00
[Confidence] Score=3/10 | strong_edge,coinbase_weak
[Timing] Window 6 min old — skipping
[Cycle] No signal — YES=0.80 is between 0.30 and 0.70, sum=1.01 >= 0.97
[Ticker] KXBTC15M-26APR081615-15
[Market] YES=0.87 | NO=0.14 | Sum=1.01
==================================================
Balance: $116.47 | Regime: CHOP | Session: 0W/0L (0%) | PnL: $+0.00
[Confidence] Score=3/10 | strong_edge,coinbase_weak
[Timing] Window 7 min old — skipping
[Cycle] No signal — YES=0.87 is between 0.30 and 0.70, sum=1.01 >= 0.97
[Ticker] KXBTC15M-26APR081615-15
[Market] YES=0.93 | NO=0.08 | Sum=1.01
==================================================
Balance: $116.47 | Regime: CHOP | Session: 0W/0L (0%) | PnL: $+0.00
[Confidence] Score=3/10 | strong_edge,coinbase_weak
[Timing] Window 8 min old — skipping
[Cycle] No signal — YES=0.93 is between 0.30 and 0.70, sum=1.01 >= 0.97
[Ticker] KXBTC15M-26APR081615-15
[Market] YES=0.94 | NO=0.06 | Sum=1.00
==================================================
Balance: $116.47 | Regime: CHOP | Session: 0W/0L (0%) | PnL: $+0.00
[Confidence] Score=3/10 | strong_edge,coinbase_weak
[Timing] Window 9 min old — skipping
[Cycle] No signal — YES=0.94 is between 0.30 and 0.70, sum=1.00 >= 0.97
[Ticker] KXBTC15M-26APR081615-15
[Market] YES=0.93 | NO=0.07 | Sum=1.00
==================================================
Balance: $116.47 | Regime: CHOP | Session: 0W/0L (0%) | PnL: $+0.00
[Confidence] Score=3/10 | strong_edge,coinbase_weak
[Timing] Window 10 min old — skipping
[Cycle] No signal — YES=0.93 is between 0.30 and 0.70, sum=1.00 >= 0.97
[Ticker] KXBTC15M-26APR081615-15
[Market] YES=0.99 | NO=0.01 | Sum=1.00
==================================================
Balance: $116.47 | Regime: CHOP | Session: 0W/0L (0%) | PnL: $+0.00
[Confidence] Score=4/10 | extreme_edge,coinbase_weak
[Timing] Window 11 min old — skipping
[Cycle] No signal — YES=0.99 is between 0.30 and 0.70, sum=1.00 >= 0.97
[Ticker] KXBTC15M-26APR081615-15
[Market] YES=1.00 | NO=0.01 | Sum=1.00
==================================================
Balance: $116.47 | Regime: CHOP | Session: 0W/0L (0%) | PnL: $+0.00
[Confidence] Score=4/10 | extreme_edge,coinbase_weak
[Timing] Window 12 min old — skipping
[Cycle] No signal — YES=1.00 is between 0.30 and 0.70, sum=1.00 >= 0.97
[Ticker] KXBTC15M-26APR081615-15
[Market] YES=1.00 | NO=0.00 | Sum=1.00
==================================================
Balance: $116.47 | Regime: CHOP | Session: 0W/0L (0%) | PnL: $+0.00
[Confidence] Score=4/10 | extreme_edge,coinbase_weak
[Timing] Window 13 min old — skipping
[Cycle] No signal — YES=1.00 is between 0.30 and 0.70, sum=1.00 >= 0.97
[Ticker] KXBTC15M-26APR081615-15
[Market] YES=1.00 | NO=0.00 | Sum=1.00
==================================================
Balance: $116.47 | Regime: CHOP | Session: 0W/0L (0%) | PnL: $+0.00
[Confidence] Score=4/10 | extreme_edge,coinbase_weak
[Timing] Window 14 min old — skipping
[Cycle] No signal — YES=1.00 is between 0.30 and 0.70, sum=1.00 >= 0.97
[Ticker] KXBTC15M-26APR081615-15
[Market] YES=1.00 | NO=0.85 | Sum=1.85
==================================================
Balance: $116.47 | Regime: CHOP | Session: 0W/0L (0%) | PnL: $+0.00
[Confidence] Score=4/10 | extreme_edge,coinbase_weak
[Timing] Window 0 min old — skipping
[Cycle] No signal — YES=1.00 is between 0.30 and 0.70, sum=1.85 >= 0.97
[Ticker] KXBTC15M-26APR081630-30
[Market] YES=0.64 | NO=0.37 | Sum=1.01
==================================================
Balance: $116.47 | Regime: CHOP | Session: 0W/0L (0%) | PnL: $+0.00
[Cycle] No signal — YES=0.64 is between 0.30 and 0.70, sum=1.01 >= 0.97
[Ticker] KXBTC15M-26APR081630-30
[Market] YES=0.57 | NO=0.44 | Sum=1.01
==================================================
Balance: $116.47 | Regime: CHOP | Session: 0W/0L (0%) | PnL: $+0.00
[Cycle] No signal — YES=0.57 is between 0.30 and 0.70, sum=1.01 >= 0.97
[Ticker] KXBTC15M-26APR081630-30
[Market] YES=0.61 | NO=0.40 | Sum=1.01
==================================================
Balance: $116.47 | Regime: CHOP | Session: 0W/0L (0%) | PnL: $+0.00
[Cycle] No signal — YES=0.61 is between 0.30 and 0.70, sum=1.01 >= 0.97
[Ticker] KXBTC15M-26APR081630-30
[Market] YES=0.71 | NO=0.31 | Sum=1.02
==================================================
Balance: $116.47 | Regime: CHOP | Session: 0W/0L (0%) | PnL: $+0.00
[Confidence] Score=2/10 | moderate_edge,coinbase_weak
[Signal] UP candidate | yes=0.71 | waiting (1/2)
[Cycle] No signal — YES=0.71 is between 0.30 and 0.70, sum=1.02 >= 0.97
[Ticker] KXBTC15M-26APR081630-30
[Market] YES=0.66 | NO=0.35 | Sum=1.01
==================================================
Balance: $116.47 | Regime: CHOP | Session: 0W/0L (0%) | PnL: $+0.00
[Cycle] No signal — YES=0.66 is between 0.30 and 0.70, sum=1.01 >= 0.97
[Ticker] KXBTC15M-26APR081630-30
[Market] YES=0.63 | NO=0.38 | Sum=1.01
==================================================
Balance: $116.47 | Regime: CHOP | Session: 0W/0L (0%) | PnL: $+0.00
[Cycle] No signal — YES=0.63 is between 0.30 and 0.70, sum=1.01 >= 0.97
[Ticker] KXBTC15M-26APR081630-30
[Market] YES=0.42 | NO=0.59 | Sum=1.01
==================================================
Balance: $116.47 | Regime: CHOP | Session: 0W/0L (0%) | PnL: $+0.00
[Cycle] No signal — YES=0.42 is between 0.30 and 0.70, sum=1.01 >= 0.97
[Ticker] KXBTC15M-26APR081630-30
[Market] YES=0.27 | NO=0.75 | Sum=1.02
==================================================
Balance: $116.47 | Regime: CHOP | Session: 0W/0L (0%) | PnL: $+0.00
[Confidence] Score=4/10 | moderate_edge,coinbase_weak,all3_agree
[Timing] Window 8 min old — skipping
[Cycle] No signal — YES=0.27 is between 0.30 and 0.70, sum=1.02 >= 0.97
[Ticker] KXBTC15M-26APR081630-30
[Market] YES=0.37 | NO=0.64 | Sum=1.01
==================================================
Balance: $116.47 | Regime: CHOP | Session: 0W/0L (0%) | PnL: $+0.00
[Cycle] No signal — YES=0.37 is between 0.30 and 0.70, sum=1.01 >= 0.97
[Ticker] KXBTC15M-26APR081630-30
[Market] YES=0.56 | NO=0.45 | Sum=1.01
==================================================
Balance: $116.47 | Regime: CHOP | Session: 0W/0L (0%) | PnL: $+0.00
[Cycle] No signal — YES=0.56 is between 0.30 and 0.70, sum=1.01 >= 0.97
[Ticker] KXBTC15M-26APR081630-30
[Market] YES=0.64 | NO=0.37 | Sum=1.01
==================================================
Balance: $116.47 | Regime: CHOP | Session: 0W/0L (0%) | PnL: $+0.00
[Cycle] No signal — YES=0.64 is between 0.30 and 0.70, sum=1.01 >= 0.97
[Ticker] KXBTC15M-26APR081630-30
[Market] YES=0.65 | NO=0.36 | Sum=1.01
==================================================
Balance: $116.47 | Regime: CHOP | Session: 0W/0L (0%) | PnL: $+0.00
[Cycle] No signal — YES=0.65 is between 0.30 and 0.70, sum=1.01 >= 0.97
[Ticker] KXBTC15M-26APR081630-30
[Market] YES=0.68 | NO=0.34 | Sum=1.02
==================================================
Balance: $116.47 | Regime: CHOP | Session: 0W/0L (0%) | PnL: $+0.00
[Cycle] No signal — YES=0.68 is between 0.30 and 0.70, sum=1.02 >= 0.97
[Ticker] KXBTC15M-26APR081630-30
[Market] YES=0.85 | NO=0.17 | Sum=1.02
==================================================
Balance: $116.47 | Regime: CHOP | Session: 0W/0L (0%) | PnL: $+0.00
[Confidence] Score=3/10 | strong_edge,coinbase_weak
[Timing] Window 14 min old — skipping
[Cycle] No signal — YES=0.85 is between 0.30 and 0.70, sum=1.02 >= 0.97
[Ticker] KXBTC15M-26APR081630-30
[Market] YES=1.00 | NO=0.00 | Sum=1.00
==================================================
Balance: $116.47 | Regime: CHOP | Session: 0W/0L (0%) | PnL: $+0.00
[Confidence] Score=4/10 | extreme_edge,coinbase_weak
[Timing] Window 0 min old — skipping
[Cycle] No signal — YES=1.00 is between 0.30 and 0.70, sum=1.00 >= 0.97
[Ticker] KXBTC15M-26APR081645-45
[Market] YES=0.34 | NO=0.67 | Sum=1.01
==================================================
Balance: $116.47 | Regime: CHOP | Session: 0W/0L (0%) | PnL: $+0.00
[Cycle] No signal — YES=0.34 is between 0.30 and 0.70, sum=1.01 >= 0.97
[Ticker] KXBTC15M-26APR081645-45
[Market] YES=0.48 | NO=0.53 | Sum=1.01
==================================================
Balance: $116.47 | Regime: CHOP | Session: 0W/0L (0%) | PnL: $+0.00
[Cycle] No signal — YES=0.48 is between 0.30 and 0.70, sum=1.01 >= 0.97
[Ticker] KXBTC15M-26APR081645-45
[Market] YES=0.41 | NO=0.60 | Sum=1.01
==================================================
Balance: $116.47 | Regime: CHOP | Session: 0W/0L (0%) | PnL: $+0.00
[Cycle] No signal — YES=0.41 is between 0.30 and 0.70, sum=1.01 >= 0.97
[Ticker] KXBTC15M-26APR081645-45
[Market] YES=0.24 | NO=0.77 | Sum=1.01
==================================================
Balance: $116.47 | Regime: CHOP | Session: 0W/0L (0%) | PnL: $+0.00
[Confidence] Score=4/10 | moderate_edge,coinbase_weak,all3_agree
[Signal] DOWN candidate | yes=0.24 | waiting (1/2)
[Cycle] No signal — YES=0.24 is between 0.30 and 0.70, sum=1.01 >= 0.97
[Ticker] KXBTC15M-26APR081645-45
[Market] YES=0.26 | NO=0.75 | Sum=1.01
==================================================
Balance: $116.47 | Regime: CHOP | Session: 0W/0L (0%) | PnL: $+0.00
[Confidence] Score=4/10 | moderate_edge,coinbase_weak,all3_agree
[Timing] Window 5 min old — skipping
[Cycle] No signal — YES=0.26 is between 0.30 and 0.70, sum=1.01 >= 0.97
[Ticker] KXBTC15M-26APR081645-45
[Market] YES=0.15 | NO=0.86 | Sum=1.01
==================================================
Balance: $116.47 | Regime: CHOP | Session: 0W/0L (0%) | PnL: $+0.00
[Confidence] Score=4/10 | strong_edge,coinbase_weak,2of3_agree
[Timing] Window 6 min old — skipping
[Cycle] No signal — YES=0.15 is between 0.30 and 0.70, sum=1.01 >= 0.97
[Ticker] KXBTC15M-26APR081645-45
[Market] YES=0.06 | NO=0.95 | Sum=1.00
==================================================
Balance: $116.47 | Regime: CHOP | Session: 0W/0L (0%) | PnL: $+0.00
[Confidence] Score=5/10 | strong_edge,coinbase_weak,all3_agree
[Timing] Window 7 min old — skipping
[Cycle] No signal — YES=0.06 is between 0.30 and 0.70, sum=1.00 >= 0.97
[Ticker] KXBTC15M-26APR081645-45
[Market] YES=0.02 | NO=0.98 | Sum=1.00
==================================================
Balance: $116.47 | Regime: CHOP | Session: 0W/0L (0%) | PnL: $+0.00
[Confidence] Score=6/10 | extreme_edge,coinbase_weak,all3_agree
[Timing] Window 8 min old — skipping
[Cycle] No signal — YES=0.02 is between 0.30 and 0.70, sum=1.00 >= 0.97
[Ticker] KXBTC15M-26APR081645-45
[Market] YES=0.08 | NO=0.93 | Sum=1.01
==================================================
Balance: $116.47 | Regime: CHOP | Session: 0W/0L (0%) | PnL: $+0.00
[Confidence] Score=4/10 | strong_edge,coinbase_weak,2of3_agree
[Timing] Window 9 min old — skipping
[Cycle] No signal — YES=0.08 is between 0.30 and 0.70, sum=1.01 >= 0.97
[Ticker] KXBTC15M-26APR081645-45
[Market] YES=0.06 | NO=0.94 | Sum=1.00
==================================================
Balance: $116.47 | Regime: CHOP | Session: 0W/0L (0%) | PnL: $+0.00
[Confidence] Score=5/10 | strong_edge,coinbase_weak,all3_agree
[Timing] Window 10 min old — skipping
[Cycle] No signal — YES=0.06 is between 0.30 and 0.70, sum=1.00 >= 0.97
[Ticker] KXBTC15M-26APR081645-45
[Market] YES=0.01 | NO=1.00 | Sum=1.00
==================================================
Balance: $116.47 | Regime: CHOP | Session: 0W/0L (0%) | PnL: $+0.00
[Confidence] Score=6/10 | extreme_edge,coinbase_weak,all3_agree
[Timing] Window 11 min old — skipping
[Cycle] No signal — YES=0.01 is between 0.30 and 0.70, sum=1.00 >= 0.97
[Ticker] KXBTC15M-26APR081645-45
[Market] YES=0.00 | NO=1.00 | Sum=1.00
==================================================
Balance: $116.47 | Regime: CHOP | Session: 0W/0L (0%) | PnL: $+0.00
[Confidence] Score=6/10 | extreme_edge,coinbase_weak,all3_agree
[Timing] Window 12 min old — skipping
[Cycle] No signal — YES=0.00 is between 0.30 and 0.70, sum=1.00 >= 0.97
[Ticker] KXBTC15M-26APR081645-45
[Market] YES=0.00 | NO=1.00 | Sum=1.00
==================================================
Balance: $116.47 | Regime: CHOP | Session: 0W/0L (0%) | PnL: $+0.00
[Confidence] Score=5/10 | extreme_edge,coinbase_weak,2of3_agree
[Timing] Window 13 min old — skipping
[Cycle] No signal — YES=0.00 is between 0.30 and 0.70, sum=1.00 >= 0.97
[Ticker] KXBTC15M-26APR081645-45
[Market] YES=0.00 | NO=1.00 | Sum=1.00
==================================================
Balance: $116.47 | Regime: CHOP | Session: 0W/0L (0%) | PnL: $+0.00
[Confidence] Score=6/10 | extreme_edge,coinbase_weak,all3_agree
[Timing] Window 14 min old — skipping
[Cycle] No signal — YES=0.00 is between 0.30 and 0.70, sum=1.00 >= 0.97
[Ticker] KXBTC15M-26APR081645-45
[Market] YES=0.85 | NO=1.00 | Sum=1.85
==================================================
Balance: $116.47 | Regime: CHOP | Session: 0W/0L (0%) | PnL: $+0.00
[Confidence] Score=2/10 | strong_edge
[Timing] Window 0 min old — skipping
[Cycle] No signal — YES=0.85 is between 0.30 and 0.70, sum=1.85 >= 0.97
[Ticker] KXBTC15M-26APR081700-00
[Market] YES=0.40 | NO=0.61 | Sum=1.01
==================================================
Balance: $116.47 | Regime: CHOP | Session: 0W/0L (0%) | PnL: $+0.00
[Cycle] No signal — YES=0.40 is between 0.30 and 0.70, sum=1.01 >= 0.97
[Ticker] KXBTC15M-26APR081700-00
[Market] YES=0.37 | NO=0.64 | Sum=1.01
==================================================
Balance: $116.47 | Regime: CHOP | Session: 0W/0L (0%) | PnL: $+0.00
[Cycle] No signal — YES=0.37 is between 0.30 and 0.70, sum=1.01 >= 0.97
[Ticker] KXBTC15M-26APR081700-00
[Market] YES=0.50 | NO=0.51 | Sum=1.01
==================================================
Balance: $116.47 | Regime: CHOP | Session: 0W/0L (0%) | PnL: $+0.00
[Cycle] No signal — YES=0.50 is between 0.30 and 0.70, sum=1.01 >= 0.97
[Ticker] KXBTC15M-26APR081700-00
[Market] YES=0.49 | NO=0.53 | Sum=1.02
==================================================
Balance: $116.47 | Regime: CHOP | Session: 0W/0L (0%) | PnL: $+0.00
[Cycle] No signal — YES=0.49 is between 0.30 and 0.70, sum=1.02 >= 0.97
[Ticker] KXBTC15M-26APR081700-00
[Market] YES=0.53 | NO=0.48 | Sum=1.01
==================================================
Balance: $116.47 | Regime: CHOP | Session: 0W/0L (0%) | PnL: $+0.00
[Cycle] No signal — YES=0.53 is between 0.30 and 0.70, sum=1.01 >= 0.97
[Ticker] KXBTC15M-26APR081700-00
[Market] YES=0.76 | NO=0.25 | Sum=1.01
==================================================
Balance: $116.47 | Regime: CHOP | Session: 0W/0L (0%) | PnL: $+0.00
[Confidence] Score=2/10 | moderate_edge,coinbase_weak
[Timing] Window 6 min old — skipping
[Cycle] No signal — YES=0.76 is between 0.30 and 0.70, sum=1.01 >= 0.97
[Ticker] KXBTC15M-26APR081700-00
[Market] YES=0.49 | NO=0.54 | Sum=1.03
==================================================
Balance: $116.47 | Regime: CHOP | Session: 0W/0L (0%) | PnL: $+0.00
[Cycle] No signal — YES=0.49 is between 0.30 and 0.70, sum=1.03 >= 0.97
[Ticker] KXBTC15M-26APR081700-00
[Market] YES=0.70 | NO=0.31 | Sum=1.01
==================================================
Balance: $116.47 | Regime: CHOP | Session: 0W/0L (0%) | PnL: $+0.00
[Cycle] No signal — YES=0.70 is between 0.30 and 0.70, sum=1.01 >= 0.97
[Ticker] KXBTC15M-26APR081700-00
[Market] YES=0.80 | NO=0.21 | Sum=1.01
==================================================
Balance: $116.47 | Regime: CHOP | Session: 0W/0L (0%) | PnL: $+0.00
[Confidence] Score=3/10 | strong_edge,coinbase_weak
[Timing] Window 9 min old — skipping
[Cycle] No signal — YES=0.80 is between 0.30 and 0.70, sum=1.01 >= 0.97
[Ticker] KXBTC15M-26APR081700-00
[Market] YES=0.81 | NO=0.20 | Sum=1.01
==================================================
Balance: $116.47 | Regime: CHOP | Session: 0W/0L (0%) | PnL: $+0.00
[Confidence] Score=3/10 | strong_edge,coinbase_weak
[Timing] Window 10 min old — skipping
[Cycle] No signal — YES=0.81 is between 0.30 and 0.70, sum=1.01 >= 0.97
[Ticker] KXBTC15M-26APR081700-00
[Market] YES=0.86 | NO=0.15 | Sum=1.01
==================================================
Balance: $116.47 | Regime: CHOP | Session: 0W/0L (0%) | PnL: $+0.00
[Confidence] Score=3/10 | strong_edge,coinbase_weak
[Timing] Window 11 min old — skipping
[Cycle] No signal — YES=0.86 is between 0.30 and 0.70, sum=1.01 >= 0.97
[Ticker] KXBTC15M-26APR081700-00
[Market] YES=0.94 | NO=0.06 | Sum=1.00
==================================================
Balance: $116.47 | Regime: CHOP | Session: 0W/0L (0%) | PnL: $+0.00
[Confidence] Score=3/10 | strong_edge,coinbase_weak
[Timing] Window 12 min old — skipping
[Cycle] No signal — YES=0.94 is between 0.30 and 0.70, sum=1.00 >= 0.97
[Ticker] KXBTC15M-26APR081700-00
[Market] YES=1.00 | NO=0.00 | Sum=1.00
==================================================
Balance: $116.47 | Regime: CHOP | Session: 0W/0L (0%) | PnL: $+0.00
[Confidence] Score=4/10 | extreme_edge,coinbase_weak
[Timing] Window 13 min old — skipping
[Cycle] No signal — YES=1.00 is between 0.30 and 0.70, sum=1.00 >= 0.97
[Ticker] KXBTC15M-26APR081700-00
[Market] YES=1.00 | NO=0.00 | Sum=1.00
==================================================
Balance: $116.47 | Regime: CHOP | Session: 0W/0L (0%) | PnL: $+0.00
[Confidence] Score=4/10 | extreme_edge,coinbase_weak
[Timing] Window 14 min old — skipping
[Cycle] No signal — YES=1.00 is between 0.30 and 0.70, sum=1.00 >= 0.97
[Ticker] KXBTC15M-26APR081700-00
[Market] YES=1.00 | NO=0.00 | Sum=1.00
==================================================
Balance: $116.47 | Regime: CHOP | Session: 0W/0L (0%) | PnL: $+0.00
[Confidence] Score=5/10 | extreme_edge,coinbase_weak,peak_hour
[Timing] Window 0 min old — skipping
[Cycle] No signal — YES=1.00 is between 0.30 and 0.70, sum=1.00 >= 0.97
[Ticker] KXBTC15M-26APR081715-15
[Market] YES=0.49 | NO=0.52 | Sum=1.01
==================================================
Balance: $116.47 | Regime: CHOP | Session: 0W/0L (0%) | PnL: $+0.00
[Cycle] No signal — YES=0.49 is between 0.30 and 0.70, sum=1.01 >= 0.97
[Ticker] KXBTC15M-26APR081715-15
[Market] YES=0.52 | NO=0.49 | Sum=1.01
==================================================
Balance: $116.47 | Regime: CHOP | Session: 0W/0L (0%) | PnL: $+0.00
[Cycle] No signal — YES=0.52 is between 0.30 and 0.70, sum=1.01 >= 0.97
[Ticker] KXBTC15M-26APR081715-15
[Market] YES=0.54 | NO=0.47 | Sum=1.01
==================================================
Balance: $116.47 | Regime: CHOP | Session: 0W/0L (0%) | PnL: $+0.00
[Cycle] No signal — YES=0.54 is between 0.30 and 0.70, sum=1.01 >= 0.97
[Ticker] KXBTC15M-26APR081715-15
[Market] YES=0.50 | NO=0.51 | Sum=1.01
==================================================
Balance: $116.47 | Regime: CHOP | Session: 0W/0L (0%) | PnL: $+0.00
[Cycle] No signal — YES=0.50 is between 0.30 and 0.70, sum=1.01 >= 0.97
[Ticker] KXBTC15M-26APR081715-15
[Market] YES=0.36 | NO=0.65 | Sum=1.01
==================================================
Balance: $116.47 | Regime: CHOP | Session: 0W/0L (0%) | PnL: $+0.00
[Cycle] No signal — YES=0.36 is between 0.30 and 0.70, sum=1.01 >= 0.97
[Ticker] KXBTC15M-26APR081715-15
[Market] YES=0.41 | NO=0.60 | Sum=1.01
==================================================
Balance: $116.47 | Regime: CHOP | Session: 0W/0L (0%) | PnL: $+0.00
[Cycle] No signal — YES=0.41 is between 0.30 and 0.70, sum=1.01 >= 0.97
[Ticker] KXBTC15M-26APR081715-15
[Market] YES=0.77 | NO=0.24 | Sum=1.01
==================================================
Balance: $116.47 | Regime: CHOP | Session: 0W/0L (0%) | PnL: $+0.00
[Confidence] Score=3/10 | moderate_edge,coinbase_weak,peak_hour
[Timing] Window 7 min old — skipping
[Cycle] No signal — YES=0.77 is between 0.30 and 0.70, sum=1.01 >= 0.97
[Ticker] KXBTC15M-26APR081715-15
[Market] YES=0.89 | NO=0.12 | Sum=1.01
==================================================
Balance: $116.47 | Regime: CHOP | Session: 0W/0L (0%) | PnL: $+0.00
[Confidence] Score=4/10 | strong_edge,coinbase_weak,peak_hour
[Timing] Window 8 min old — skipping
[Cycle] No signal — YES=0.89 is between 0.30 and 0.70, sum=1.01 >= 0.97
[Ticker] KXBTC15M-26APR081715-15
[Market] YES=0.90 | NO=0.11 | Sum=1.01
==================================================
Balance: $116.47 | Regime: CHOP | Session: 0W/0L (0%) | PnL: $+0.00
[Confidence] Score=4/10 | strong_edge,coinbase_weak,peak_hour
[Timing] Window 9 min old — skipping
[Cycle] No signal — YES=0.90 is between 0.30 and 0.70, sum=1.01 >= 0.97
[Ticker] KXBTC15M-26APR081715-15
[Market] YES=0.98 | NO=0.02 | Sum=1.00
==================================================
Balance: $116.47 | Regime: CHOP | Session: 0W/0L (0%) | PnL: $+0.00
[Confidence] Score=5/10 | extreme_edge,coinbase_weak,peak_hour
[Timing] Window 10 min old — skipping
[Cycle] No signal — YES=0.98 is between 0.30 and 0.70, sum=1.00 >= 0.97
[Ticker] KXBTC15M-26APR081715-15
[Market] YES=1.00 | NO=0.01 | Sum=1.00
==================================================
Balance: $116.47 | Regime: CHOP | Session: 0W/0L (0%) | PnL: $+0.00
[Confidence] Score=5/10 | extreme_edge,coinbase_weak,peak_hour
[Timing] Window 11 min old — skipping
[Cycle] No signal — YES=1.00 is between 0.30 and 0.70, sum=1.00 >= 0.97
[Ticker] KXBTC15M-26APR081715-15
[Market] YES=1.00 | NO=0.00 | Sum=1.00
==================================================
Balance: $116.47 | Regime: CHOP | Session: 0W/0L (0%) | PnL: $+0.00
[Confidence] Score=6/10 | extreme_edge,coinbase_weak,2of3_agree,peak_hour
[Timing] Window 12 min old — skipping
[Cycle] No signal — YES=1.00 is between 0.30 and 0.70, sum=1.00 >= 0.97
[Ticker] KXBTC15M-26APR081715-15
[Market] YES=1.00 | NO=0.00 | Sum=1.00
==================================================
Balance: $116.47 | Regime: CHOP | Session: 0W/0L (0%) | PnL: $+0.00
[Confidence] Score=5/10 | extreme_edge,coinbase_weak,peak_hour
[Timing] Window 13 min old — skipping
[Cycle] No signal — YES=1.00 is between 0.30 and 0.70, sum=1.00 >= 0.97
[Ticker] KXBTC15M-26APR081715-15
[Market] YES=1.00 | NO=0.00 | Sum=1.00
==================================================
Balance: $116.47 | Regime: CHOP | Session: 0W/0L (0%) | PnL: $+0.00
[Confidence] Score=5/10 | extreme_edge,coinbase_weak,peak_hour
[Timing] Window 14 min old — skipping
[Cycle] No signal — YES=1.00 is between 0.30 and 0.70, sum=1.00 >= 0.97
[Ticker] KXBTC15M-26APR081715-15
[Market] YES=1.00 | NO=0.00 | Sum=1.00
==================================================
Balance: $116.47 | Regime: CHOP | Session: 0W/0L (0%) | PnL: $+0.00
[Confidence] Score=5/10 | extreme_edge,coinbase_weak,peak_hour
[Timing] Window 0 min old — skipping
[Cycle] No signal — YES=1.00 is between 0.30 and 0.70, sum=1.00 >= 0.97
[Ticker] KXBTC15M-26APR081730-30
[Market] YES=0.59 | NO=0.42 | Sum=1.01
==================================================
Balance: $116.47 | Regime: CHOP | Session: 0W/0L (0%) | PnL: $+0.00
[Cycle] No signal — YES=0.59 is between 0.30 and 0.70, sum=1.01 >= 0.97
[Ticker] KXBTC15M-26APR081730-30
[Market] YES=0.55 | NO=0.46 | Sum=1.01
==================================================
Balance: $116.47 | Regime: CHOP | Session: 0W/0L (0%) | PnL: $+0.00
[Cycle] No signal — YES=0.55 is between 0.30 and 0.70, sum=1.01 >= 0.97
[Ticker] KXBTC15M-26APR081730-30
[Market] YES=0.61 | NO=0.40 | Sum=1.01
==================================================
Balance: $116.47 | Regime: CHOP | Session: 0W/0L (0%) | PnL: $+0.00
[Cycle] No signal — YES=0.61 is between 0.30 and 0.70, sum=1.01 >= 0.97
[Ticker] KXBTC15M-26APR081730-30
[Market] YES=0.58 | NO=0.43 | Sum=1.01
==================================================
Balance: $116.47 | Regime: CHOP | Session: 0W/0L (0%) | PnL: $+0.00
[Cycle] No signal — YES=0.58 is between 0.30 and 0.70, sum=1.01 >= 0.97
[Ticker] KXBTC15M-26APR081730-30
[Market] YES=0.68 | NO=0.33 | Sum=1.01
==================================================
Balance: $116.47 | Regime: CHOP | Session: 0W/0L (0%) | PnL: $+0.00
[Cycle] No signal — YES=0.68 is between 0.30 and 0.70, sum=1.01 >= 0.97
[Ticker] KXBTC15M-26APR081730-30
[Market] YES=0.70 | NO=0.31 | Sum=1.01
==================================================
Balance: $116.47 | Regime: CHOP | Session: 0W/0L (0%) | PnL: $+0.00
[Cycle] No signal — YES=0.70 is between 0.30 and 0.70, sum=1.01 >= 0.97
[Ticker] KXBTC15M-26APR081730-30
[Market] YES=0.84 | NO=0.17 | Sum=1.01
==================================================
Balance: $116.47 | Regime: CHOP | Session: 0W/0L (0%) | PnL: $+0.00
[Confidence] Score=4/10 | strong_edge,coinbase_weak,peak_hour
[Timing] Window 7 min old — skipping
[Cycle] No signal — YES=0.84 is between 0.30 and 0.70, sum=1.01 >= 0.97
[Ticker] KXBTC15M-26APR081730-30
[Market] YES=0.87 | NO=0.14 | Sum=1.01
==================================================
Balance: $116.47 | Regime: CHOP | Session: 0W/0L (0%) | PnL: $+0.00
[Confidence] Score=4/10 | strong_edge,coinbase_weak,peak_hour
[Timing] Window 8 min old — skipping
[Cycle] No signal — YES=0.87 is between 0.30 and 0.70, sum=1.01 >= 0.97
[Ticker] KXBTC15M-26APR081730-30
[Market] YES=0.96 | NO=0.05 | Sum=1.01
==================================================
Balance: $116.47 | Regime: CHOP | Session: 0W/0L (0%) | PnL: $+0.00
[Confidence] Score=5/10 | extreme_edge,coinbase_weak,peak_hour
[Timing] Window 9 min old — skipping
[Cycle] No signal — YES=0.96 is between 0.30 and 0.70, sum=1.01 >= 0.97
[Ticker] KXBTC15M-26APR081730-30
[Market] YES=0.96 | NO=0.04 | Sum=1.00
==================================================
Balance: $116.47 | Regime: CHOP | Session: 0W/0L (0%) | PnL: $+0.00
[Confidence] Score=5/10 | extreme_edge,coinbase_weak,peak_hour
[Timing] Window 10 min old — skipping
[Cycle] No signal — YES=0.96 is between 0.30 and 0.70, sum=1.00 >= 0.97
[Ticker] KXBTC15M-26APR081730-30
[Market] YES=0.99 | NO=0.01 | Sum=1.00
==================================================
Balance: $116.47 | Regime: CHOP | Session: 0W/0L (0%) | PnL: $+0.00
[Confidence] Score=5/10 | extreme_edge,coinbase_weak,peak_hour
[Timing] Window 11 min old — skipping
[Cycle] No signal — YES=0.99 is between 0.30 and 0.70, sum=1.00 >= 0.97
[Ticker] KXBTC15M-26APR081730-30
[Market] YES=1.00 | NO=0.00 | Sum=1.00
==================================================
Balance: $116.47 | Regime: CHOP | Session: 0W/0L (0%) | PnL: $+0.00
[Confidence] Score=5/10 | extreme_edge,coinbase_weak,peak_hour
[Timing] Window 12 min old — skipping
[Cycle] No signal — YES=1.00 is between 0.30 and 0.70, sum=1.00 >= 0.97
[Ticker] KXBTC15M-26APR081730-30
[Market] YES=1.00 | NO=0.00 | Sum=1.00
==================================================
Balance: $116.47 | Regime: CHOP | Session: 0W/0L (0%) | PnL: $+0.00
[Confidence] Score=5/10 | extreme_edge,coinbase_weak,peak_hour
[Timing] Window 13 min old — skipping
[Cycle] No signal — YES=1.00 is between 0.30 and 0.70, sum=1.00 >= 0.97
[Ticker] KXBTC15M-26APR081730-30
[Market] YES=1.00 | NO=0.00 | Sum=1.00
==================================================
Balance: $116.47 | Regime: CHOP | Session: 0W/0L (0%) | PnL: $+0.00
[Confidence] Score=5/10 | extreme_edge,coinbase_weak,peak_hour
[Timing] Window 14 min old — skipping
[Cycle] No signal — YES=1.00 is between 0.30 and 0.70, sum=1.00 >= 0.97
[Ticker] KXBTC15M-26APR081730-30
[Market] YES=1.00 | NO=1.00 | Sum=2.00
==================================================
Balance: $116.47 | Regime: CHOP | Session: 0W/0L (0%) | PnL: $+0.00
[Confidence] Score=5/10 | extreme_edge,coinbase_weak,peak_hour
[Timing] Window 0 min old — skipping
[Cycle] No signal — YES=1.00 is between 0.30 and 0.70, sum=2.00 >= 0.97
[Ticker] KXBTC15M-26APR081745-45
[Market] YES=0.28 | NO=0.73 | Sum=1.01
==================================================
Balance: $116.47 | Regime: CHOP | Session: 0W/0L (0%) | PnL: $+0.00
[Confidence] Score=5/10 | moderate_edge,coinbase_weak,all3_agree,peak_hour
[Signal] DOWN candidate | yes=0.28 | waiting (1/2)
[Cycle] No signal — YES=0.28 is between 0.30 and 0.70, sum=1.01 >= 0.97
[Ticker] KXBTC15M-26APR081745-45
[Market] YES=0.50 | NO=0.51 | Sum=1.01
==================================================
Balance: $116.47 | Regime: CHOP | Session: 0W/0L (0%) | PnL: $+0.00
[Cycle] No signal — YES=0.50 is between 0.30 and 0.70, sum=1.01 >= 0.97
[Ticker] KXBTC15M-26APR081745-45
[Market] YES=0.33 | NO=0.68 | Sum=1.01
==================================================
Balance: $116.47 | Regime: CHOP | Session: 0W/0L (0%) | PnL: $+0.00
[Cycle] No signal — YES=0.33 is between 0.30 and 0.70, sum=1.01 >= 0.97
[Ticker] KXBTC15M-26APR081745-45
[Market] YES=0.26 | NO=0.75 | Sum=1.01
==================================================
Balance: $116.47 | Regime: CHOP | Session: 0W/0L (0%) | PnL: $+0.00
[Confidence] Score=5/10 | moderate_edge,coinbase_weak,all3_agree,peak_hour
[Signal] DOWN candidate | yes=0.26 | waiting (1/2)
[Cycle] No signal — YES=0.26 is between 0.30 and 0.70, sum=1.01 >= 0.97
[Ticker] KXBTC15M-26APR081745-45
[Market] YES=0.12 | NO=0.89 | Sum=1.01
==================================================
Balance: $116.47 | Regime: CHOP | Session: 0W/0L (0%) | PnL: $+0.00
[Confidence] Score=5/10 | strong_edge,coinbase_weak,2of3_agree,peak_hour
[Timing] Window 5 min old — skipping
[Cycle] No signal — YES=0.12 is between 0.30 and 0.70, sum=1.01 >= 0.97
[Ticker] KXBTC15M-26APR081745-45
[Market] YES=0.15 | NO=0.86 | Sum=1.01
==================================================
Balance: $116.47 | Regime: CHOP | Session: 0W/0L (0%) | PnL: $+0.00
[Confidence] Score=6/10 | strong_edge,coinbase_weak,all3_agree,peak_hour
[Timing] Window 6 min old — skipping
[Cycle] No signal — YES=0.15 is between 0.30 and 0.70, sum=1.01 >= 0.97
[Ticker] KXBTC15M-26APR081745-45
[Market] YES=0.09 | NO=0.92 | Sum=1.01
==================================================
Balance: $116.47 | Regime: CHOP | Session: 0W/0L (0%) | PnL: $+0.00
[Confidence] Score=4/10 | strong_edge,coinbase_weak,peak_hour
[Timing] Window 7 min old — skipping
[Cycle] No signal — YES=0.09 is between 0.30 and 0.70, sum=1.01 >= 0.97
[Ticker] KXBTC15M-26APR081745-45
[Market] YES=0.20 | NO=0.82 | Sum=1.02
==================================================
Balance: $116.47 | Regime: CHOP | Session: 0W/0L (0%) | PnL: $+0.00
[Confidence] Score=6/10 | strong_edge,coinbase_weak,all3_agree,peak_hour
[Timing] Window 8 min old — skipping
[Cycle] No signal — YES=0.20 is between 0.30 and 0.70, sum=1.02 >= 0.97
[Ticker] KXBTC15M-26APR081745-45
[Market] YES=0.18 | NO=0.83 | Sum=1.01
==================================================
Balance: $116.47 | Regime: CHOP | Session: 0W/0L (0%) | PnL: $+0.00
[Confidence] Score=5/10 | strong_edge,coinbase_weak,2of3_agree,peak_hour
[Timing] Window 9 min old — skipping
[Cycle] No signal — YES=0.18 is between 0.30 and 0.70, sum=1.01 >= 0.97
[Ticker] KXBTC15M-26APR081745-45
[Market] YES=0.18 | NO=0.83 | Sum=1.01
==================================================
Balance: $116.47 | Regime: CHOP | Session: 0W/0L (0%) | PnL: $+0.00
[Confidence] Score=6/10 | strong_edge,coinbase_weak,all3_agree,peak_hour
[Timing] Window 10 min old — skipping
[Cycle] No signal — YES=0.18 is between 0.30 and 0.70, sum=1.01 >= 0.97
[Ticker] KXBTC15M-26APR081745-45
[Market] YES=0.16 | NO=0.85 | Sum=1.01
==================================================
Balance: $116.47 | Regime: CHOP | Session: 0W/0L (0%) | PnL: $+0.00
[Confidence] Score=6/10 | strong_edge,coinbase_weak,all3_agree,peak_hour
[Timing] Window 11 min old — skipping
[Cycle] No signal — YES=0.16 is between 0.30 and 0.70, sum=1.01 >= 0.97
[Ticker] KXBTC15M-26APR081745-45
[Market] YES=0.15 | NO=0.86 | Sum=1.01
==================================================
Balance: $116.47 | Regime: CHOP | Session: 0W/0L (0%) | PnL: $+0.00
[Confidence] Score=6/10 | strong_edge,coinbase_weak,all3_agree,peak_hour
[Timing] Window 12 min old — skipping
[Cycle] No signal — YES=0.15 is between 0.30 and 0.70, sum=1.01 >= 0.97
[Ticker] KXBTC15M-26APR081745-45
[Market] YES=0.01 | NO=0.99 | Sum=1.00
==================================================
Balance: $116.47 | Regime: CHOP | Session: 0W/0L (0%) | PnL: $+0.00
[Confidence] Score=7/10 | extreme_edge,coinbase_weak,all3_agree,peak_hour
[Timing] Window 13 min old — skipping
[Cycle] No signal — YES=0.01 is between 0.30 and 0.70, sum=1.00 >= 0.97
[Ticker] KXBTC15M-26APR081745-45
[Market] YES=0.00 | NO=1.00 | Sum=1.00
==================================================
Balance: $116.47 | Regime: CHOP | Session: 0W/0L (0%) | PnL: $+0.00
[Confidence] Score=7/10 | extreme_edge,coinbase_weak,all3_agree,peak_hour
[Timing] Window 14 min old — skipping
[Cycle] No signal — YES=0.00 is between 0.30 and 0.70, sum=1.00 >= 0.97
[Ticker] KXBTC15M-26APR081745-45
[Market] YES=1.00 | NO=1.00 | Sum=2.00
==================================================
Balance: $116.47 | Regime: CHOP | Session: 0W/0L (0%) | PnL: $+0.00
[Confidence] Score=4/10 | extreme_edge,peak_hour
[Timing] Window 0 min old — skipping
[Cycle] No signal — YES=1.00 is between 0.30 and 0.70, sum=2.00 >= 0.97
[Ticker] KXBTC15M-26APR081800-00
[Market] YES=0.42 | NO=0.59 | Sum=1.01
==================================================
Balance: $116.47 | Regime: CHOP | Session: 0W/0L (0%) | PnL: $+0.00
[Cycle] No signal — YES=0.42 is between 0.30 and 0.70, sum=1.01 >= 0.97
[Ticker] KXBTC15M-26APR081800-00
[Market] YES=0.41 | NO=0.60 | Sum=1.01
==================================================
Balance: $116.47 | Regime: CHOP | Session: 0W/0L (0%) | PnL: $+0.00
[Cycle] No signal — YES=0.41 is between 0.30 and 0.70, sum=1.01 >= 0.97
[Ticker] KXBTC15M-26APR081800-00
[Market] YES=0.55 | NO=0.46 | Sum=1.01
==================================================
Balance: $116.47 | Regime: CHOP | Session: 0W/0L (0%) | PnL: $+0.00
[Cycle] No signal — YES=0.55 is between 0.30 and 0.70, sum=1.01 >= 0.97
[Ticker] KXBTC15M-26APR081800-00
[Market] YES=0.58 | NO=0.43 | Sum=1.01
==================================================
Balance: $116.47 | Regime: CHOP | Session: 0W/0L (0%) | PnL: $+0.00
[Cycle] No signal — YES=0.58 is between 0.30 and 0.70, sum=1.01 >= 0.97
[Ticker] KXBTC15M-26APR081800-00
[Market] YES=0.62 | NO=0.40 | Sum=1.02
==================================================
Balance: $116.47 | Regime: CHOP | Session: 0W/0L (0%) | PnL: $+0.00
[Cycle] No signal — YES=0.62 is between 0.30 and 0.70, sum=1.02 >= 0.97
[Ticker] KXBTC15M-26APR081800-00
[Market] YES=0.64 | NO=0.37 | Sum=1.01
==================================================
Balance: $116.47 | Regime: CHOP | Session: 0W/0L (0%) | PnL: $+0.00
[Cycle] No signal — YES=0.64 is between 0.30 and 0.70, sum=1.01 >= 0.97
[Ticker] KXBTC15M-26APR081800-00
[Market] YES=0.51 | NO=0.50 | Sum=1.01
==================================================
Balance: $116.47 | Regime: CHOP | Session: 0W/0L (0%) | PnL: $+0.00
[Cycle] No signal — YES=0.51 is between 0.30 and 0.70, sum=1.01 >= 0.97
[Ticker] KXBTC15M-26APR081800-00
[Market] YES=0.69 | NO=0.32 | Sum=1.01
==================================================
Balance: $116.47 | Regime: CHOP | Session: 0W/0L (0%) | PnL: $+0.00
[Cycle] No signal — YES=0.69 is between 0.30 and 0.70, sum=1.01 >= 0.97
[Ticker] KXBTC15M-26APR081800-00
[Market] YES=0.68 | NO=0.33 | Sum=1.01
==================================================
Balance: $116.47 | Regime: CHOP | Session: 0W/0L (0%) | PnL: $+0.00
[Cycle] No signal — YES=0.68 is between 0.30 and 0.70, sum=1.01 >= 0.97
[Ticker] KXBTC15M-26APR081800-00
[Market] YES=0.65 | NO=0.36 | Sum=1.01
==================================================
Balance: $116.47 | Regime: CHOP | Session: 0W/0L (0%) | PnL: $+0.00
[Cycle] No signal — YES=0.65 is between 0.30 and 0.70, sum=1.01 >= 0.97
[Ticker] KXBTC15M-26APR081800-00
[Market] YES=0.26 | NO=0.75 | Sum=1.01
==================================================
Balance: $116.47 | Regime: CHOP | Session: 0W/0L (0%) | PnL: $+0.00
[Confidence] Score=5/10 | moderate_edge,coinbase_weak,all3_agree,peak_hour
[Timing] Window 11 min old — skipping
[Cycle] No signal — YES=0.26 is between 0.30 and 0.70, sum=1.01 >= 0.97
[Ticker] KXBTC15M-26APR081800-00
[Market] YES=0.13 | NO=0.88 | Sum=1.01
==================================================
Balance: $116.47 | Regime: CHOP | Session: 0W/0L (0%) | PnL: $+0.00
[Confidence] Score=6/10 | strong_edge,coinbase_weak,all3_agree,peak_hour
[Timing] Window 12 min old — skipping
[Cycle] No signal — YES=0.13 is between 0.30 and 0.70, sum=1.01 >= 0.97
[Ticker] KXBTC15M-26APR081800-00
[Market] YES=0.04 | NO=0.97 | Sum=1.00
==================================================
Balance: $116.47 | Regime: CHOP | Session: 0W/0L (0%) | PnL: $+0.00
[Confidence] Score=7/10 | extreme_edge,coinbase_weak,all3_agree,peak_hour
[Timing] Window 13 min old — skipping
[Cycle] No signal — YES=0.04 is between 0.30 and 0.70, sum=1.00 >= 0.97
[Ticker] KXBTC15M-26APR081800-00
[Market] YES=0.00 | NO=1.00 | Sum=1.00
==================================================
Balance: $116.47 | Regime: CHOP | Session: 0W/0L (0%) | PnL: $+0.00
[Confidence] Score=7/10 | extreme_edge,coinbase_weak,all3_agree,peak_hour
[Timing] Window 14 min old — skipping
[Cycle] No signal — YES=0.00 is between 0.30 and 0.70, sum=1.00 >= 0.97
[Ticker] KXBTC15M-26APR081815-15
[Market] YES=0.46 | NO=0.55 | Sum=1.01
==================================================
Balance: $116.47 | Regime: CHOP | Session: 0W/0L (0%) | PnL: $+0.00
[Cycle] No signal — YES=0.46 is between 0.30 and 0.70, sum=1.01 >= 0.97
[Ticker] KXBTC15M-26APR081815-15
[Market] YES=0.42 | NO=0.59 | Sum=1.01
==================================================
Balance: $116.47 | Regime: CHOP | Session: 0W/0L (0%) | PnL: $+0.00
[Cycle] No signal — YES=0.42 is between 0.30 and 0.70, sum=1.01 >= 0.97
[Ticker] KXBTC15M-26APR081815-15
[Market] YES=0.25 | NO=0.76 | Sum=1.01
==================================================
Balance: $116.47 | Regime: CHOP | Session: 0W/0L (0%) | PnL: $+0.00
[Confidence] Score=4/10 | moderate_edge,coinbase_weak,all3_agree
[Signal] DOWN candidate | yes=0.25 | waiting (1/2)
[Cycle] No signal — YES=0.25 is between 0.30 and 0.70, sum=1.01 >= 0.97
[Ticker] KXBTC15M-26APR081815-15
[Market] YES=0.22 | NO=0.80 | Sum=1.02
==================================================
Balance: $116.47 | Regime: CHOP | Session: 0W/0L (0%) | PnL: $+0.00
[Confidence] Score=4/10 | moderate_edge,coinbase_weak,all3_agree
[Coinbase] Confirms DOWN | $71472 gap=-80 (0.11%)
[Correlation] All 3 agree — bet boosted
[Signal] CONFIRMED DOWN | yes=0.22 | edge=0.28 | bet=$2.04
[Safety] Balance $116.47 below floor $120.00
🛑 OpenClaw BTC Bot v4.0 halted: Balance $116.47 below floor $120.00

==================================================
OpenClaw BTC Bot v4.0 — LIVE
[Startup] Live balance synced: $116.47
Balance: $116.47 | MaxBet: $2.04 | Threshold: <0.30 or >0.70
==================================================

[Startup] Resting orders cleared
[Ticker] KXBTC15M-26APR081815-15
[Market] YES=0.27 | NO=0.74 | Sum=1.01
==================================================
Balance: $116.47 | Regime: CHOP | Session: 0W/0L (0%) | PnL: $+0.00
[Confidence] Score=4/10 | moderate_edge,coinbase_weak,all3_agree
[Signal] DOWN candidate | yes=0.27 | waiting (1/2)
[Cycle] No signal — YES=0.27 is between 0.30 and 0.70, sum=1.01 >= 0.97
[Ticker] KXBTC15M-26APR081815-15
[Market] YES=0.20 | NO=0.81 | Sum=1.01
==================================================
Balance: $116.47 | Regime: CHOP | Session: 0W/0L (0%) | PnL: $+0.00
[Confidence] Score=5/10 | strong_edge,coinbase_weak,all3_agree
[Coinbase] Confirms DOWN | $71471 gap=-81 (0.11%)
[Correlation] All 3 agree — bet boosted
[Signal] CONFIRMED DOWN | yes=0.20 | edge=0.30 | bet=$2.04
[CorrGuard] 2 bots already fired — skipping to avoid correlated loss
[Cycle] No signal — YES=0.20 is between 0.30 and 0.70, sum=1.01 >= 0.97
[Ticker] KXBTC15M-26APR081815-15
[Market] YES=0.14 | NO=0.87 | Sum=1.01
==================================================
Balance: $116.47 | Regime: CHOP | Session: 0W/0L (0%) | PnL: $+0.00
[Confidence] Score=5/10 | strong_edge,coinbase_weak,all3_agree
[Timing] Window 5 min old — skipping
[Cycle] No signal — YES=0.14 is between 0.30 and 0.70, sum=1.01 >= 0.97
[Ticker] KXBTC15M-26APR081815-15
[Market] YES=0.37 | NO=0.64 | Sum=1.01
==================================================
Balance: $116.47 | Regime: CHOP | Session: 0W/0L (0%) | PnL: $+0.00
[Cycle] No signal — YES=0.37 is between 0.30 and 0.70, sum=1.01 >= 0.97
[Ticker] KXBTC15M-26APR081815-15
[Market] YES=0.34 | NO=0.67 | Sum=1.01
==================================================
Balance: $116.47 | Regime: CHOP | Session: 0W/0L (0%) | PnL: $+0.00
[Cycle] No signal — YES=0.34 is between 0.30 and 0.70, sum=1.01 >= 0.97
[Ticker] KXBTC15M-26APR081815-15
[Market] YES=0.37 | NO=0.64 | Sum=1.01
==================================================
Balance: $116.47 | Regime: CHOP | Session: 0W/0L (0%) | PnL: $+0.00
[Cycle] No signal — YES=0.37 is between 0.30 and 0.70, sum=1.01 >= 0.97
[Ticker] KXBTC15M-26APR081815-15
[Market] YES=0.37 | NO=0.64 | Sum=1.01
==================================================
Balance: $116.47 | Regime: CHOP | Session: 0W/0L (0%) | PnL: $+0.00
[Cycle] No signal — YES=0.37 is between 0.30 and 0.70, sum=1.01 >= 0.97
[Ticker] KXBTC15M-26APR081815-15
[Market] YES=0.19 | NO=0.82 | Sum=1.01
==================================================
Balance: $116.47 | Regime: CHOP | Session: 0W/0L (0%) | PnL: $+0.00
[Confidence] Score=5/10 | strong_edge,coinbase_weak,all3_agree
[Timing] Window 10 min old — skipping
[Cycle] No signal — YES=0.19 is between 0.30 and 0.70, sum=1.01 >= 0.97
[Ticker] KXBTC15M-26APR081815-15
[Market] YES=0.04 | NO=0.97 | Sum=1.01
==================================================
Balance: $116.47 | Regime: CHOP | Session: 0W/0L (0%) | PnL: $+0.00
[Confidence] Score=6/10 | extreme_edge,coinbase_weak,all3_agree
[Timing] Window 11 min old — skipping
[Cycle] No signal — YES=0.04 is between 0.30 and 0.70, sum=1.01 >= 0.97
[Ticker] KXBTC15M-26APR081815-15
[Market] YES=0.00 | NO=1.00 | Sum=1.00
==================================================
Balance: $116.47 | Regime: CHOP | Session: 0W/0L (0%) | PnL: $+0.00
[Confidence] Score=6/10 | extreme_edge,coinbase_weak,all3_agree
[Timing] Window 12 min old — skipping
[Cycle] No signal — YES=0.00 is between 0.30 and 0.70, sum=1.00 >= 0.97
[Ticker] KXBTC15M-26APR081815-15
[Market] YES=0.00 | NO=1.00 | Sum=1.00
==================================================
Balance: $116.47 | Regime: CHOP | Session: 0W/0L (0%) | PnL: $+0.00
[Confidence] Score=6/10 | extreme_edge,coinbase_weak,all3_agree
[Timing] Window 13 min old — skipping
[Cycle] No signal — YES=0.00 is between 0.30 and 0.70, sum=1.00 >= 0.97
[Ticker] KXBTC15M-26APR081815-15
[Market] YES=0.00 | NO=1.00 | Sum=1.00
==================================================
Balance: $116.47 | Regime: CHOP | Session: 0W/0L (0%) | PnL: $+0.00
[Confidence] Score=6/10 | extreme_edge,coinbase_weak,all3_agree
[Timing] Window 14 min old — skipping
[Cycle] No signal — YES=0.00 is between 0.30 and 0.70, sum=1.00 >= 0.97
[Ticker] KXBTC15M-26APR081830-30
[Market] YES=0.63 | NO=0.38 | Sum=1.01
==================================================
Balance: $116.47 | Regime: CHOP | Session: 0W/0L (0%) | PnL: $+0.00
[Cycle] No signal — YES=0.63 is between 0.30 and 0.70, sum=1.01 >= 0.97
[Ticker] KXBTC15M-26APR081830-30
[Market] YES=0.51 | NO=0.51 | Sum=1.02
==================================================
Balance: $116.47 | Regime: CHOP | Session: 0W/0L (0%) | PnL: $+0.00
[Cycle] No signal — YES=0.51 is between 0.30 and 0.70, sum=1.02 >= 0.97
[Ticker] KXBTC15M-26APR081830-30
[Market] YES=0.31 | NO=0.70 | Sum=1.01
==================================================
Balance: $116.47 | Regime: CHOP | Session: 0W/0L (0%) | PnL: $+0.00
[Cycle] No signal — YES=0.31 is between 0.30 and 0.70, sum=1.01 >= 0.97
[Ticker] KXBTC15M-26APR081830-30
[Market] YES=0.36 | NO=0.65 | Sum=1.01
==================================================
Balance: $116.47 | Regime: CHOP | Session: 0W/0L (0%) | PnL: $+0.00
[Cycle] No signal — YES=0.36 is between 0.30 and 0.70, sum=1.01 >= 0.97
[Ticker] KXBTC15M-26APR081830-30
[Market] YES=0.18 | NO=0.83 | Sum=1.01
==================================================
Balance: $116.47 | Regime: CHOP | Session: 0W/0L (0%) | PnL: $+0.00
[Confidence] Score=5/10 | strong_edge,coinbase_weak,all3_agree
[Signal] DOWN candidate | yes=0.18 | waiting (1/2)
[Cycle] No signal — YES=0.18 is between 0.30 and 0.70, sum=1.01 >= 0.97
[Ticker] KXBTC15M-26APR081830-30
[Market] YES=0.13 | NO=0.88 | Sum=1.01
==================================================
Balance: $116.47 | Regime: CHOP | Session: 0W/0L (0%) | PnL: $+0.00
[Confidence] Score=4/10 | strong_edge,coinbase_weak,2of3_agree
[Timing] Window 5 min old — skipping
[Cycle] No signal — YES=0.13 is between 0.30 and 0.70, sum=1.01 >= 0.97
[Ticker] KXBTC15M-26APR081830-30
[Market] YES=0.04 | NO=0.97 | Sum=1.00
==================================================
Balance: $116.47 | Regime: CHOP | Session: 0W/0L (0%) | PnL: $+0.00
[Confidence] Score=6/10 | extreme_edge,coinbase_weak,all3_agree
[Timing] Window 6 min old — skipping
[Cycle] No signal — YES=0.04 is between 0.30 and 0.70, sum=1.00 >= 0.97
[Ticker] KXBTC15M-26APR081830-30
[Market] YES=0.04 | NO=0.97 | Sum=1.00
==================================================
Balance: $116.47 | Regime: CHOP | Session: 0W/0L (0%) | PnL: $+0.00
[Confidence] Score=6/10 | extreme_edge,coinbase_weak,all3_agree
[Timing] Window 7 min old — skipping
[Cycle] No signal — YES=0.04 is between 0.30 and 0.70, sum=1.00 >= 0.97
[Ticker] KXBTC15M-26APR081830-30
[Market] YES=0.06 | NO=0.94 | Sum=1.00
==================================================
Balance: $116.47 | Regime: CHOP | Session: 0W/0L (0%) | PnL: $+0.00
[Confidence] Score=5/10 | strong_edge,coinbase_weak,all3_agree
[Timing] Window 8 min old — skipping
[Cycle] No signal — YES=0.06 is between 0.30 and 0.70, sum=1.00 >= 0.97
[Ticker] KXBTC15M-26APR081830-30
[Market] YES=0.06 | NO=0.95 | Sum=1.01
==================================================
Balance: $116.47 | Regime: CHOP | Session: 0W/0L (0%) | PnL: $+0.00
[Confidence] Score=5/10 | strong_edge,coinbase_weak,all3_agree
[Timing] Window 9 min old — skipping
[Cycle] No signal — YES=0.06 is between 0.30 and 0.70, sum=1.01 >= 0.97
[Ticker] KXBTC15M-26APR081830-30
[Market] YES=0.01 | NO=0.99 | Sum=1.00
==================================================
Balance: $116.47 | Regime: CHOP | Session: 0W/0L (0%) | PnL: $+0.00
[Confidence] Score=6/10 | extreme_edge,coinbase_weak,all3_agree
[Timing] Window 10 min old — skipping
[Cycle] No signal — YES=0.01 is between 0.30 and 0.70, sum=1.00 >= 0.97
[Ticker] KXBTC15M-26APR081830-30
[Market] YES=0.01 | NO=1.00 | Sum=1.00
==================================================
Balance: $116.47 | Regime: CHOP | Session: 0W/0L (0%) | PnL: $+0.00
[Confidence] Score=6/10 | extreme_edge,coinbase_weak,all3_agree
[Timing] Window 11 min old — skipping
[Cycle] No signal — YES=0.01 is between 0.30 and 0.70, sum=1.00 >= 0.97
[Ticker] KXBTC15M-26APR081830-30
[Market] YES=0.00 | NO=1.00 | Sum=1.00
==================================================
Balance: $116.47 | Regime: CHOP | Session: 0W/0L (0%) | PnL: $+0.00
[Confidence] Score=6/10 | extreme_edge,coinbase_weak,all3_agree
[Timing] Window 12 min old — skipping
[Cycle] No signal — YES=0.00 is between 0.30 and 0.70, sum=1.00 >= 0.97
[Ticker] KXBTC15M-26APR081830-30
[Market] YES=0.00 | NO=1.00 | Sum=1.00
==================================================
Balance: $116.47 | Regime: CHOP | Session: 0W/0L (0%) | PnL: $+0.00
[Confidence] Score=6/10 | extreme_edge,coinbase_weak,all3_agree
[Timing] Window 13 min old — skipping
[Cycle] No signal — YES=0.00 is between 0.30 and 0.70, sum=1.00 >= 0.97
[Ticker] KXBTC15M-26APR081830-30
[Market] YES=0.00 | NO=1.00 | Sum=1.00
==================================================
Balance: $116.47 | Regime: CHOP | Session: 0W/0L (0%) | PnL: $+0.00
[Confidence] Score=6/10 | extreme_edge,coinbase_weak,all3_agree
[Timing] Window 14 min old — skipping
[Cycle] No signal — YES=0.00 is between 0.30 and 0.70, sum=1.00 >= 0.97
[Ticker] KXBTC15M-26APR081830-30
[Market] YES=1.00 | NO=1.00 | Sum=2.00
==================================================
Balance: $116.47 | Regime: CHOP | Session: 0W/0L (0%) | PnL: $+0.00
[Confidence] Score=3/10 | extreme_edge
[Timing] Window 0 min old — skipping
[Cycle] No signal — YES=1.00 is between 0.30 and 0.70, sum=2.00 >= 0.97
[Ticker] KXBTC15M-26APR081845-45
[Market] YES=0.31 | NO=0.71 | Sum=1.02
==================================================
Balance: $116.47 | Regime: CHOP | Session: 0W/0L (0%) | PnL: $+0.00
[Cycle] No signal — YES=0.31 is between 0.30 and 0.70, sum=1.02 >= 0.97
[Ticker] KXBTC15M-26APR081845-45
[Market] YES=0.47 | NO=0.54 | Sum=1.01
==================================================
Balance: $116.47 | Regime: CHOP | Session: 0W/0L (0%) | PnL: $+0.00
[Cycle] No signal — YES=0.47 is between 0.30 and 0.70, sum=1.01 >= 0.97
[Ticker] KXBTC15M-26APR081845-45
[Market] YES=0.72 | NO=0.29 | Sum=1.01
==================================================
Balance: $116.47 | Regime: CHOP | Session: 0W/0L (0%) | PnL: $+0.00
[Confidence] Score=2/10 | moderate_edge,coinbase_weak
[Signal] UP candidate | yes=0.72 | waiting (1/2)
[Cycle] No signal — YES=0.72 is between 0.30 and 0.70, sum=1.01 >= 0.97
[Ticker] KXBTC15M-26APR081845-45
[Market] YES=0.77 | NO=0.24 | Sum=1.01
==================================================
Balance: $116.47 | Regime: CHOP | Session: 0W/0L (0%) | PnL: $+0.00
[Confidence] Score=2/10 | moderate_edge,coinbase_weak
[Coinbase] Confirms UP | $71249 gap=+71 (0.10%)
[Correlation] 2/3 agree UP
[Signal] CONFIRMED UP | yes=0.77 | edge=0.27 | bet=$2.00
[Safety] Balance $116.47 below floor $120.00
🛑 OpenClaw BTC Bot v4.0 halted: Balance $116.47 below floor $120.00

==================================================
OpenClaw BTC Bot v4.0 — LIVE
[Startup] Live balance synced: $116.47
Balance: $116.47 | MaxBet: $2.04 | Threshold: <0.30 or >0.70
==================================================

[Startup] Resting orders cleared
[Ticker] KXBTC15M-26APR081845-45
[Market] YES=0.77 | NO=0.24 | Sum=1.01
==================================================
Balance: $116.47 | Regime: CHOP | Session: 0W/0L (0%) | PnL: $+0.00
[Confidence] Score=2/10 | moderate_edge,coinbase_weak
[Signal] UP candidate | yes=0.77 | waiting (1/2)
[Cycle] No signal — YES=0.77 is between 0.30 and 0.70, sum=1.01 >= 0.97
[Ticker] KXBTC15M-26APR081845-45
[Market] YES=0.96 | NO=0.05 | Sum=1.00
==================================================
Balance: $116.47 | Regime: CHOP | Session: 0W/0L (0%) | PnL: $+0.00
[Confidence] Score=4/10 | extreme_edge,coinbase_weak
[Timing] Window 5 min old — skipping
[Cycle] No signal — YES=0.96 is between 0.30 and 0.70, sum=1.00 >= 0.97
[Ticker] KXBTC15M-26APR081845-45
[Market] YES=0.95 | NO=0.05 | Sum=1.00
==================================================
Balance: $116.47 | Regime: CHOP | Session: 0W/0L (0%) | PnL: $+0.00
[Confidence] Score=3/10 | strong_edge,coinbase_weak
[Timing] Window 6 min old — skipping
[Cycle] No signal — YES=0.95 is between 0.30 and 0.70, sum=1.00 >= 0.97
[Ticker] KXBTC15M-26APR081845-45
[Market] YES=0.95 | NO=0.06 | Sum=1.00
==================================================
Balance: $116.47 | Regime: CHOP | Session: 0W/0L (0%) | PnL: $+0.00
[Confidence] Score=3/10 | strong_edge,coinbase_weak
[Timing] Window 7 min old — skipping
[Cycle] No signal — YES=0.95 is between 0.30 and 0.70, sum=1.00 >= 0.97
[Ticker] KXBTC15M-26APR081845-45
[Market] YES=0.94 | NO=0.07 | Sum=1.00
==================================================
Balance: $116.47 | Regime: CHOP | Session: 0W/0L (0%) | PnL: $+0.00
[Confidence] Score=3/10 | strong_edge,coinbase_weak
[Timing] Window 8 min old — skipping
[Cycle] No signal — YES=0.94 is between 0.30 and 0.70, sum=1.00 >= 0.97
[Ticker] KXBTC15M-26APR081845-45
[Market] YES=0.96 | NO=0.04 | Sum=1.00
==================================================
Balance: $116.47 | Regime: CHOP | Session: 0W/0L (0%) | PnL: $+0.00
[Confidence] Score=4/10 | extreme_edge,coinbase_weak
[Timing] Window 9 min old — skipping
[Cycle] No signal — YES=0.96 is between 0.30 and 0.70, sum=1.00 >= 0.97
[Ticker] KXBTC15M-26APR081845-45
[Market] YES=0.99 | NO=0.01 | Sum=1.00
==================================================
Balance: $116.47 | Regime: CHOP | Session: 0W/0L (0%) | PnL: $+0.00
[Confidence] Score=4/10 | extreme_edge,coinbase_weak
[Timing] Window 10 min old — skipping
[Cycle] No signal — YES=0.99 is between 0.30 and 0.70, sum=1.00 >= 0.97
[Ticker] KXBTC15M-26APR081845-45
[Market] YES=0.98 | NO=0.02 | Sum=1.00
==================================================
Balance: $116.47 | Regime: CHOP | Session: 0W/0L (0%) | PnL: $+0.00
[Confidence] Score=4/10 | extreme_edge,coinbase_weak
[Timing] Window 11 min old — skipping
[Cycle] No signal — YES=0.98 is between 0.30 and 0.70, sum=1.00 >= 0.97
[Ticker] KXBTC15M-26APR081845-45
[Market] YES=0.99 | NO=0.01 | Sum=1.00
==================================================
Balance: $116.47 | Regime: CHOP | Session: 0W/0L (0%) | PnL: $+0.00
[Confidence] Score=4/10 | extreme_edge,coinbase_weak
[Timing] Window 12 min old — skipping
[Cycle] No signal — YES=0.99 is between 0.30 and 0.70, sum=1.00 >= 0.97
[Ticker] KXBTC15M-26APR081845-45
[Market] YES=1.00 | NO=0.00 | Sum=1.00
==================================================
Balance: $116.47 | Regime: CHOP | Session: 0W/0L (0%) | PnL: $+0.00
[Confidence] Score=4/10 | extreme_edge,coinbase_weak
[Timing] Window 13 min old — skipping
[Cycle] No signal — YES=1.00 is between 0.30 and 0.70, sum=1.00 >= 0.97
[Ticker] KXBTC15M-26APR081845-45
[Market] YES=1.00 | NO=0.00 | Sum=1.00
==================================================
Balance: $116.47 | Regime: CHOP | Session: 0W/0L (0%) | PnL: $+0.00
[Confidence] Score=4/10 | extreme_edge,coinbase_weak
[Timing] Window 14 min old — skipping
[Cycle] No signal — YES=1.00 is between 0.30 and 0.70, sum=1.00 >= 0.97
[Ticker] KXBTC15M-26APR081900-00
[Market] YES=0.44 | NO=0.57 | Sum=1.01
==================================================
Balance: $116.47 | Regime: CHOP | Session: 0W/0L (0%) | PnL: $+0.00
[Cycle] No signal — YES=0.44 is between 0.30 and 0.70, sum=1.01 >= 0.97
[Ticker] KXBTC15M-26APR081900-00
[Market] YES=0.48 | NO=0.53 | Sum=1.01
==================================================
Balance: $116.47 | Regime: CHOP | Session: 0W/0L (0%) | PnL: $+0.00
[Cycle] No signal — YES=0.48 is between 0.30 and 0.70, sum=1.01 >= 0.97
[Ticker] KXBTC15M-26APR081900-00
[Market] YES=0.37 | NO=0.64 | Sum=1.01
==================================================
Balance: $116.47 | Regime: CHOP | Session: 0W/0L (0%) | PnL: $+0.00
[Cycle] No signal — YES=0.37 is between 0.30 and 0.70, sum=1.01 >= 0.97
[Ticker] KXBTC15M-26APR081900-00
[Market] YES=0.45 | NO=0.56 | Sum=1.01
==================================================
Balance: $116.47 | Regime: CHOP | Session: 0W/0L (0%) | PnL: $+0.00
[Cycle] No signal — YES=0.45 is between 0.30 and 0.70, sum=1.01 >= 0.97
[Ticker] KXBTC15M-26APR081900-00
[Market] YES=0.39 | NO=0.62 | Sum=1.01
==================================================
Balance: $116.47 | Regime: CHOP | Session: 0W/0L (0%) | PnL: $+0.00
[Cycle] No signal — YES=0.39 is between 0.30 and 0.70, sum=1.01 >= 0.97
[Ticker] KXBTC15M-26APR081900-00
[Market] YES=0.57 | NO=0.44 | Sum=1.01
==================================================
Balance: $116.47 | Regime: CHOP | Session: 0W/0L (0%) | PnL: $+0.00
[Cycle] No signal — YES=0.57 is between 0.30 and 0.70, sum=1.01 >= 0.97
[Ticker] KXBTC15M-26APR081900-00
[Market] YES=0.63 | NO=0.38 | Sum=1.01
==================================================
Balance: $116.47 | Regime: CHOP | Session: 0W/0L (0%) | PnL: $+0.00
[Cycle] No signal — YES=0.63 is between 0.30 and 0.70, sum=1.01 >= 0.97
[Ticker] KXBTC15M-26APR081900-00
[Market] YES=0.32 | NO=0.69 | Sum=1.01
==================================================
Balance: $116.47 | Regime: CHOP | Session: 0W/0L (0%) | PnL: $+0.00
[Cycle] No signal — YES=0.32 is between 0.30 and 0.70, sum=1.01 >= 0.97
[Ticker] KXBTC15M-26APR081900-00
[Market] YES=0.07 | NO=0.93 | Sum=1.00
==================================================
Balance: $116.47 | Regime: CHOP | Session: 0W/0L (0%) | PnL: $+0.00
[Confidence] Score=5/10 | strong_edge,coinbase_weak,all3_agree
[Timing] Window 8 min old — skipping
[Cycle] No signal — YES=0.07 is between 0.30 and 0.70, sum=1.00 >= 0.97
[Ticker] KXBTC15M-26APR081900-00
[Market] YES=0.05 | NO=0.95 | Sum=1.00
==================================================
Balance: $116.47 | Regime: CHOP | Session: 0W/0L (0%) | PnL: $+0.00
[Confidence] Score=5/10 | strong_edge,coinbase_weak,all3_agree
[Timing] Window 9 min old — skipping
[Cycle] No signal — YES=0.05 is between 0.30 and 0.70, sum=1.00 >= 0.97
[Ticker] KXBTC15M-26APR081900-00
[Market] YES=0.01 | NO=0.99 | Sum=1.00
==================================================
Balance: $116.47 | Regime: CHOP | Session: 0W/0L (0%) | PnL: $+0.00
[Confidence] Score=6/10 | extreme_edge,coinbase_weak,all3_agree
[Timing] Window 10 min old — skipping
[Cycle] No signal — YES=0.01 is between 0.30 and 0.70, sum=1.00 >= 0.97
[Ticker] KXBTC15M-26APR081900-00
[Market] YES=0.01 | NO=0.99 | Sum=1.00
==================================================
Balance: $116.47 | Regime: CHOP | Session: 0W/0L (0%) | PnL: $+0.00
[Confidence] Score=6/10 | extreme_edge,coinbase_weak,all3_agree
[Timing] Window 11 min old — skipping
[Cycle] No signal — YES=0.01 is between 0.30 and 0.70, sum=1.00 >= 0.97
[Ticker] KXBTC15M-26APR081900-00
[Market] YES=0.01 | NO=1.00 | Sum=1.00
==================================================
Balance: $116.47 | Regime: CHOP | Session: 0W/0L (0%) | PnL: $+0.00
[Confidence] Score=6/10 | extreme_edge,coinbase_weak,all3_agree
[Timing] Window 12 min old — skipping
[Cycle] No signal — YES=0.01 is between 0.30 and 0.70, sum=1.00 >= 0.97
[Ticker] KXBTC15M-26APR081900-00
[Market] YES=0.00 | NO=1.00 | Sum=1.00
==================================================
Balance: $116.47 | Regime: CHOP | Session: 0W/0L (0%) | PnL: $+0.00
[Confidence] Score=6/10 | extreme_edge,coinbase_weak,all3_agree
[Timing] Window 13 min old — skipping
[Cycle] No signal — YES=0.00 is between 0.30 and 0.70, sum=1.00 >= 0.97
[Ticker] KXBTC15M-26APR081900-00
[Market] YES=0.00 | NO=1.00 | Sum=1.00
==================================================
Balance: $116.47 | Regime: CHOP | Session: 0W/0L (0%) | PnL: $+0.00
[Confidence] Score=6/10 | extreme_edge,coinbase_weak,all3_agree
[Timing] Window 14 min old — skipping
[Cycle] No signal — YES=0.00 is between 0.30 and 0.70, sum=1.00 >= 0.97
[Ticker] KXBTC15M-26APR081915-15
[Market] YES=0.51 | NO=0.52 | Sum=1.03
==================================================
Balance: $116.47 | Regime: CHOP | Session: 0W/0L (0%) | PnL: $+0.00
[Cycle] No signal — YES=0.51 is between 0.30 and 0.70, sum=1.03 >= 0.97
[Ticker] KXBTC15M-26APR081915-15
[Market] YES=0.17 | NO=0.84 | Sum=1.01
==================================================
Balance: $116.47 | Regime: CHOP | Session: 0W/0L (0%) | PnL: $+0.00
[Confidence] Score=5/10 | strong_edge,coinbase_weak,all3_agree
[Signal] EXTREME DOWN | yes=0.17 | edge=0.33 | firing immediately
[Coinbase] Confirms DOWN | $70945 gap=-135 (0.19%)
[Correlation] 2/3 agree DOWN
[Signal] CONFIRMED DOWN | yes=0.17 | edge=0.33 | bet=$2.02
[CorrGuard] 2 bots already fired — skipping to avoid correlated loss
[Cycle] No signal — YES=0.17 is between 0.30 and 0.70, sum=1.01 >= 0.97
[Ticker] KXBTC15M-26APR081915-15
[Market] YES=0.19 | NO=0.82 | Sum=1.01
==================================================
Balance: $116.47 | Regime: CHOP | Session: 0W/0L (0%) | PnL: $+0.00
[Confidence] Score=5/10 | strong_edge,coinbase_weak,all3_agree
[Signal] DOWN candidate | yes=0.19 | waiting (1/2)
[Cycle] No signal — YES=0.19 is between 0.30 and 0.70, sum=1.01 >= 0.97
[Ticker] KXBTC15M-26APR081915-15
[Market] YES=0.14 | NO=0.87 | Sum=1.01
==================================================
Balance: $116.47 | Regime: CHOP | Session: 0W/0L (0%) | PnL: $+0.00
[Confidence] Score=4/10 | strong_edge,coinbase_weak,2of3_agree
[Coinbase] Confirms DOWN | $70935 gap=-145 (0.20%)
[Correlation] All 3 agree — bet boosted
[Signal] CONFIRMED DOWN | yes=0.14 | edge=0.36 | bet=$2.57
[Safety] Balance $116.47 below floor $120.00
🛑 OpenClaw BTC Bot v4.0 halted: Balance $116.47 below floor $120.00

==================================================
OpenClaw BTC Bot v4.0 — LIVE
[Startup] Live balance synced: $116.47
Balance: $116.47 | MaxBet: $6.11 | Threshold: <0.30 or >0.70
==================================================

[Startup] Resting orders cleared
[Ticker] KXBTC15M-26APR081915-15
[Market] YES=0.11 | NO=0.90 | Sum=1.01
==================================================
Balance: $116.47 | Regime: CHOP | Session: 0W/0L (0%) | PnL: $+0.00
[Confidence] Score=5/10 | strong_edge,coinbase_weak,all3_agree
[Signal] DOWN candidate | yes=0.11 | waiting (1/2)
[Cycle] No signal — YES=0.11 is between 0.30 and 0.70, sum=1.01 >= 0.97
[Ticker] KXBTC15M-26APR081915-15
[Market] YES=0.13 | NO=0.88 | Sum=1.01
==================================================
Balance: $116.47 | Regime: CHOP | Session: 0W/0L (0%) | PnL: $+0.00
[Confidence] Score=5/10 | strong_edge,coinbase_weak,all3_agree
[Coinbase] Confirms DOWN | $70935 gap=-145 (0.20%)
[Correlation] All 3 agree — bet boosted
[Signal] CONFIRMED DOWN | yes=0.13 | edge=0.37 | bet=$2.57
[CorrGuard] 2 bots already fired — skipping to avoid correlated loss
[Cycle] No signal — YES=0.13 is between 0.30 and 0.70, sum=1.01 >= 0.97
[Ticker] KXBTC15M-26APR081915-15
[Market] YES=0.25 | NO=0.76 | Sum=1.01
==================================================
Balance: $116.47 | Regime: CHOP | Session: 0W/0L (0%) | PnL: $+0.00
[Confidence] Score=4/10 | moderate_edge,coinbase_weak,all3_agree
[Timing] Window 5 min old — skipping
[Cycle] No signal — YES=0.25 is between 0.30 and 0.70, sum=1.01 >= 0.97
[Ticker] KXBTC15M-26APR081915-15
[Market] YES=0.19 | NO=0.82 | Sum=1.01
==================================================
Balance: $116.47 | Regime: CHOP | Session: 0W/0L (0%) | PnL: $+0.00
[Confidence] Score=5/10 | strong_edge,coinbase_weak,all3_agree
[Timing] Window 6 min old — skipping
[Cycle] No signal — YES=0.19 is between 0.30 and 0.70, sum=1.01 >= 0.97
[Ticker] KXBTC15M-26APR081915-15
[Market] YES=0.18 | NO=0.84 | Sum=1.02
==================================================
Balance: $116.47 | Regime: CHOP | Session: 0W/0L (0%) | PnL: $+0.00
[Confidence] Score=5/10 | strong_edge,coinbase_weak,all3_agree
[Timing] Window 7 min old — skipping
[Cycle] No signal — YES=0.18 is between 0.30 and 0.70, sum=1.02 >= 0.97
[Ticker] KXBTC15M-26APR081915-15
[Market] YES=0.40 | NO=0.61 | Sum=1.01
==================================================
Balance: $116.47 | Regime: CHOP | Session: 0W/0L (0%) | PnL: $+0.00
[Cycle] No signal — YES=0.40 is between 0.30 and 0.70, sum=1.01 >= 0.97
[Ticker] KXBTC15M-26APR081915-15
[Market] YES=0.20 | NO=0.81 | Sum=1.01
==================================================
Balance: $116.47 | Regime: CHOP | Session: 0W/0L (0%) | PnL: $+0.00
[Confidence] Score=5/10 | strong_edge,coinbase_weak,all3_agree
[Timing] Window 9 min old — skipping
[Cycle] No signal — YES=0.20 is between 0.30 and 0.70, sum=1.01 >= 0.97
[Ticker] KXBTC15M-26APR081915-15
[Market] YES=0.53 | NO=0.48 | Sum=1.01
==================================================
Balance: $116.47 | Regime: CHOP | Session: 0W/0L (0%) | PnL: $+0.00
[Cycle] No signal — YES=0.53 is between 0.30 and 0.70, sum=1.01 >= 0.97
[Ticker] KXBTC15M-26APR081915-15
[Market] YES=0.86 | NO=0.15 | Sum=1.01
==================================================
Balance: $116.47 | Regime: CHOP | Session: 0W/0L (0%) | PnL: $+0.00
[Confidence] Score=3/10 | strong_edge,coinbase_weak
[Timing] Window 11 min old — skipping
[Cycle] No signal — YES=0.86 is between 0.30 and 0.70, sum=1.01 >= 0.97
[Ticker] KXBTC15M-26APR081915-15
[Market] YES=0.92 | NO=0.10 | Sum=1.02
==================================================
Balance: $116.47 | Regime: CHOP | Session: 0W/0L (0%) | PnL: $+0.00
[Confidence] Score=3/10 | strong_edge,coinbase_weak
[Timing] Window 12 min old — skipping
[Cycle] No signal — YES=0.92 is between 0.30 and 0.70, sum=1.02 >= 0.97
[Ticker] KXBTC15M-26APR081915-15
[Market] YES=0.95 | NO=0.06 | Sum=1.01
==================================================
Balance: $116.47 | Regime: CHOP | Session: 0W/0L (0%) | PnL: $+0.00
[Confidence] Score=3/10 | strong_edge,coinbase_weak
[Timing] Window 13 min old — skipping
[Cycle] No signal — YES=0.95 is between 0.30 and 0.70, sum=1.01 >= 0.97
[Ticker] KXBTC15M-26APR081915-15
[Market] YES=1.00 | NO=0.00 | Sum=1.00
==================================================
Balance: $116.47 | Regime: CHOP | Session: 0W/0L (0%) | PnL: $+0.00
[Confidence] Score=4/10 | extreme_edge,coinbase_weak
[Timing] Window 14 min old — skipping
[Cycle] No signal — YES=1.00 is between 0.30 and 0.70, sum=1.00 >= 0.97
[Ticker] KXBTC15M-26APR081930-30
[Market] YES=0.42 | NO=0.59 | Sum=1.01
==================================================
Balance: $116.47 | Regime: CHOP | Session: 0W/0L (0%) | PnL: $+0.00
[Cycle] No signal — YES=0.42 is between 0.30 and 0.70, sum=1.01 >= 0.97
[Ticker] KXBTC15M-26APR081930-30
[Market] YES=0.51 | NO=0.50 | Sum=1.01
==================================================
Balance: $116.47 | Regime: CHOP | Session: 0W/0L (0%) | PnL: $+0.00
[Cycle] No signal — YES=0.51 is between 0.30 and 0.70, sum=1.01 >= 0.97
[Ticker] KXBTC15M-26APR081930-30
[Market] YES=0.55 | NO=0.46 | Sum=1.01
==================================================
Balance: $116.47 | Regime: CHOP | Session: 0W/0L (0%) | PnL: $+0.00
[Cycle] No signal — YES=0.55 is between 0.30 and 0.70, sum=1.01 >= 0.97
[Ticker] KXBTC15M-26APR081930-30
[Market] YES=0.30 | NO=0.73 | Sum=1.03
==================================================
Balance: $116.47 | Regime: CHOP | Session: 0W/0L (0%) | PnL: $+0.00
[Cycle] No signal — YES=0.30 is between 0.30 and 0.70, sum=1.03 >= 0.97
[Ticker] KXBTC15M-26APR081930-30
[Market] YES=0.22 | NO=0.79 | Sum=1.01
==================================================
Balance: $116.47 | Regime: CHOP | Session: 0W/0L (0%) | PnL: $+0.00
[Confidence] Score=4/10 | moderate_edge,coinbase_weak,all3_agree
[Signal] DOWN candidate | yes=0.22 | waiting (1/2)
[Cycle] No signal — YES=0.22 is between 0.30 and 0.70, sum=1.01 >= 0.97
[Ticker] KXBTC15M-26APR081930-30
[Market] YES=0.30 | NO=0.71 | Sum=1.01
==================================================
Balance: $116.47 | Regime: CHOP | Session: 0W/0L (0%) | PnL: $+0.00
[Cycle] No signal — YES=0.30 is between 0.30 and 0.70, sum=1.01 >= 0.97
[Ticker] KXBTC15M-26APR081930-30
[Market] YES=0.11 | NO=0.90 | Sum=1.01
==================================================
Balance: $116.47 | Regime: CHOP | Session: 0W/0L (0%) | PnL: $+0.00
[Confidence] Score=5/10 | strong_edge,coinbase_weak,all3_agree
[Timing] Window 6 min old — skipping
[Cycle] No signal — YES=0.11 is between 0.30 and 0.70, sum=1.01 >= 0.97
[Ticker] KXBTC15M-26APR081930-30
[Market] YES=0.08 | NO=0.94 | Sum=1.02
==================================================
Balance: $116.47 | Regime: CHOP | Session: 0W/0L (0%) | PnL: $+0.00
[Confidence] Score=5/10 | strong_edge,coinbase_weak,all3_agree
[Timing] Window 7 min old — skipping
[Cycle] No signal — YES=0.08 is between 0.30 and 0.70, sum=1.02 >= 0.97
[Ticker] KXBTC15M-26APR081930-30
[Market] YES=0.03 | NO=0.98 | Sum=1.01
==================================================
Balance: $116.47 | Regime: CHOP | Session: 0W/0L (0%) | PnL: $+0.00
[Confidence] Score=6/10 | extreme_edge,coinbase_weak,all3_agree
[Timing] Window 8 min old — skipping
[Cycle] No signal — YES=0.03 is between 0.30 and 0.70, sum=1.01 >= 0.97
[Ticker] KXBTC15M-26APR081930-30
[Market] YES=0.06 | NO=0.96 | Sum=1.02
==================================================
Balance: $116.47 | Regime: CHOP | Session: 0W/0L (0%) | PnL: $+0.00
[Confidence] Score=4/10 | strong_edge,coinbase_weak,2of3_agree
[Timing] Window 9 min old — skipping
[Cycle] No signal — YES=0.06 is between 0.30 and 0.70, sum=1.02 >= 0.97
[Ticker] KXBTC15M-26APR081930-30
[Market] YES=0.02 | NO=0.99 | Sum=1.01
==================================================
Balance: $116.47 | Regime: CHOP | Session: 0W/0L (0%) | PnL: $+0.00
[Confidence] Score=5/10 | extreme_edge,coinbase_weak,2of3_agree
[Timing] Window 10 min old — skipping
[Cycle] No signal — YES=0.02 is between 0.30 and 0.70, sum=1.01 >= 0.97
[Ticker] KXBTC15M-26APR081930-30
[Market] YES=0.01 | NO=1.00 | Sum=1.01
==================================================
Balance: $116.47 | Regime: CHOP | Session: 0W/0L (0%) | PnL: $+0.00
[Confidence] Score=5/10 | extreme_edge,coinbase_weak,2of3_agree
[Timing] Window 11 min old — skipping
[Cycle] No signal — YES=0.01 is between 0.30 and 0.70, sum=1.01 >= 0.97
[Ticker] KXBTC15M-26APR081930-30
[Market] YES=0.01 | NO=1.00 | Sum=1.01
==================================================
Balance: $116.47 | Regime: CHOP | Session: 0W/0L (0%) | PnL: $+0.00
[Confidence] Score=6/10 | extreme_edge,coinbase_weak,all3_agree
[Timing] Window 12 min old — skipping
[Cycle] No signal — YES=0.01 is between 0.30 and 0.70, sum=1.01 >= 0.97
[Ticker] KXBTC15M-26APR081930-30
[Market] YES=0.00 | NO=1.00 | Sum=1.00
==================================================
Balance: $116.47 | Regime: CHOP | Session: 0W/0L (0%) | PnL: $+0.00
[Confidence] Score=6/10 | extreme_edge,coinbase_weak,all3_agree
[Timing] Window 13 min old — skipping
[Cycle] No signal — YES=0.00 is between 0.30 and 0.70, sum=1.00 >= 0.97
[Ticker] KXBTC15M-26APR081930-30
[Market] YES=0.01 | NO=1.00 | Sum=1.00
==================================================
Balance: $116.47 | Regime: CHOP | Session: 0W/0L (0%) | PnL: $+0.00
[Confidence] Score=5/10 | extreme_edge,coinbase_weak,2of3_agree
[Timing] Window 14 min old — skipping
[Cycle] No signal — YES=0.01 is between 0.30 and 0.70, sum=1.00 >= 0.97
[Ticker] KXBTC15M-26APR081945-45
[Market] YES=0.49 | NO=0.52 | Sum=1.01
==================================================
Balance: $116.47 | Regime: CHOP | Session: 0W/0L (0%) | PnL: $+0.00
[Cycle] No signal — YES=0.49 is between 0.30 and 0.70, sum=1.01 >= 0.97
[Ticker] KXBTC15M-26APR081945-45
[Market] YES=0.42 | NO=0.59 | Sum=1.01
==================================================
Balance: $116.47 | Regime: CHOP | Session: 0W/0L (0%) | PnL: $+0.00
[Cycle] No signal — YES=0.42 is between 0.30 and 0.70, sum=1.01 >= 0.97
[Ticker] KXBTC15M-26APR081945-45
[Market] YES=0.28 | NO=0.73 | Sum=1.01
==================================================
Balance: $116.47 | Regime: CHOP | Session: 0W/0L (0%) | PnL: $+0.00
[Confidence] Score=4/10 | moderate_edge,coinbase_weak,all3_agree
[Signal] DOWN candidate | yes=0.28 | waiting (1/2)
[Cycle] No signal — YES=0.28 is between 0.30 and 0.70, sum=1.01 >= 0.97
[Ticker] KXBTC15M-26APR081945-45
[Market] YES=0.24 | NO=0.77 | Sum=1.01
==================================================
Balance: $116.47 | Regime: CHOP | Session: 0W/0L (0%) | PnL: $+0.00
[Confidence] Score=4/10 | moderate_edge,coinbase_weak,all3_agree
[Coinbase] Confirms DOWN | $70971 gap=-66 (0.09%)
[Correlation] All 3 agree — bet boosted
[Signal] CONFIRMED DOWN | yes=0.24 | edge=0.26 | bet=$2.40
[Safety] Balance $116.47 below floor $120.00
🛑 OpenClaw BTC Bot v4.0 halted: Balance $116.47 below floor $120.00

==================================================
OpenClaw BTC Bot v4.0 — LIVE
[Startup] Live balance synced: $116.47
Balance: $116.47 | MaxBet: $6.11 | Threshold: <0.30 or >0.70
==================================================

[Startup] Resting orders cleared
[Ticker] KXBTC15M-26APR081945-45
[Market] YES=0.29 | NO=0.72 | Sum=1.01
==================================================
Balance: $116.47 | Regime: CHOP | Session: 0W/0L (0%) | PnL: $+0.00
[Confidence] Score=4/10 | moderate_edge,coinbase_weak,all3_agree
[Signal] DOWN candidate | yes=0.29 | waiting (1/2)
[Cycle] No signal — YES=0.29 is between 0.30 and 0.70, sum=1.01 >= 0.97
[Ticker] KXBTC15M-26APR081945-45
[Market] YES=0.54 | NO=0.47 | Sum=1.01
==================================================
Balance: $116.47 | Regime: CHOP | Session: 0W/0L (0%) | PnL: $+0.00
[Cycle] No signal — YES=0.54 is between 0.30 and 0.70, sum=1.01 >= 0.97
[Ticker] KXBTC15M-26APR081945-45
[Market] YES=0.54 | NO=0.47 | Sum=1.01
==================================================
Balance: $116.47 | Regime: CHOP | Session: 0W/0L (0%) | PnL: $+0.00
[Cycle] No signal — YES=0.54 is between 0.30 and 0.70, sum=1.01 >= 0.97
[Ticker] KXBTC15M-26APR081945-45
[Market] YES=0.79 | NO=0.22 | Sum=1.01
==================================================
Balance: $116.47 | Regime: CHOP | Session: 0W/0L (0%) | PnL: $+0.00
[Confidence] Score=2/10 | moderate_edge,coinbase_weak
[Timing] Window 6 min old — skipping
[Cycle] No signal — YES=0.79 is between 0.30 and 0.70, sum=1.01 >= 0.97
[Ticker] KXBTC15M-26APR081945-45
[Market] YES=0.87 | NO=0.14 | Sum=1.01
==================================================
Balance: $116.47 | Regime: CHOP | Session: 0W/0L (0%) | PnL: $+0.00
[Confidence] Score=3/10 | strong_edge,coinbase_weak
[Timing] Window 7 min old — skipping
[Cycle] No signal — YES=0.87 is between 0.30 and 0.70, sum=1.01 >= 0.97
[Ticker] KXBTC15M-26APR081945-45
[Market] YES=0.90 | NO=0.11 | Sum=1.01
==================================================
Balance: $116.47 | Regime: CHOP | Session: 0W/0L (0%) | PnL: $+0.00
[Confidence] Score=3/10 | strong_edge,coinbase_weak
[Timing] Window 8 min old — skipping
[Cycle] No signal — YES=0.90 is between 0.30 and 0.70, sum=1.01 >= 0.97
[Ticker] KXBTC15M-26APR081945-45
[Market] YES=0.82 | NO=0.19 | Sum=1.01
==================================================
Balance: $116.47 | Regime: CHOP | Session: 0W/0L (0%) | PnL: $+0.00
[Confidence] Score=3/10 | strong_edge,coinbase_weak
[Timing] Window 9 min old — skipping
[Cycle] No signal — YES=0.82 is between 0.30 and 0.70, sum=1.01 >= 0.97
[Ticker] KXBTC15M-26APR081945-45
[Market] YES=0.91 | NO=0.09 | Sum=1.00
==================================================
Balance: $116.47 | Regime: CHOP | Session: 0W/0L (0%) | PnL: $+0.00
[Confidence] Score=3/10 | strong_edge,coinbase_weak
[Timing] Window 10 min old — skipping
[Cycle] No signal — YES=0.91 is between 0.30 and 0.70, sum=1.00 >= 0.97
[Ticker] KXBTC15M-26APR081945-45
[Market] YES=0.90 | NO=0.10 | Sum=1.00
==================================================
Balance: $116.47 | Regime: CHOP | Session: 0W/0L (0%) | PnL: $+0.00
[Confidence] Score=3/10 | strong_edge,coinbase_weak
[Timing] Window 11 min old — skipping
[Cycle] No signal — YES=0.90 is between 0.30 and 0.70, sum=1.00 >= 0.97
[Ticker] KXBTC15M-26APR081945-45
[Market] YES=0.90 | NO=0.11 | Sum=1.01
==================================================
Balance: $116.47 | Regime: CHOP | Session: 0W/0L (0%) | PnL: $+0.00
[Confidence] Score=3/10 | strong_edge,coinbase_weak
[Timing] Window 12 min old — skipping
[Cycle] No signal — YES=0.90 is between 0.30 and 0.70, sum=1.01 >= 0.97
[Ticker] KXBTC15M-26APR081945-45
[Market] YES=0.99 | NO=0.01 | Sum=1.00
==================================================
Balance: $116.47 | Regime: CHOP | Session: 0W/0L (0%) | PnL: $+0.00
[Confidence] Score=4/10 | extreme_edge,coinbase_weak
[Timing] Window 13 min old — skipping
[Cycle] No signal — YES=0.99 is between 0.30 and 0.70, sum=1.00 >= 0.97
[Ticker] KXBTC15M-26APR081945-45
[Market] YES=1.00 | NO=0.00 | Sum=1.00
==================================================
Balance: $116.47 | Regime: CHOP | Session: 0W/0L (0%) | PnL: $+0.00
[Confidence] Score=4/10 | extreme_edge,coinbase_weak
[Timing] Window 14 min old — skipping
[Cycle] No signal — YES=1.00 is between 0.30 and 0.70, sum=1.00 >= 0.97
[Ticker] KXBTC15M-26APR082000-00
[Market] YES=0.61 | NO=0.41 | Sum=1.02
==================================================
Balance: $116.47 | Regime: CHOP | Session: 0W/0L (0%) | PnL: $+0.00
[Cycle] No signal — YES=0.61 is between 0.30 and 0.70, sum=1.02 >= 0.97
[Ticker] KXBTC15M-26APR082000-00
[Market] YES=0.54 | NO=0.47 | Sum=1.01
==================================================
Balance: $116.47 | Regime: CHOP | Session: 0W/0L (0%) | PnL: $+0.00
[Cycle] No signal — YES=0.54 is between 0.30 and 0.70, sum=1.01 >= 0.97
[Ticker] KXBTC15M-26APR082000-00
[Market] YES=0.59 | NO=0.42 | Sum=1.01
==================================================
Balance: $116.47 | Regime: CHOP | Session: 0W/0L (0%) | PnL: $+0.00
[Cycle] No signal — YES=0.59 is between 0.30 and 0.70, sum=1.01 >= 0.97
[Ticker] KXBTC15M-26APR082000-00
[Market] YES=0.59 | NO=0.42 | Sum=1.01
==================================================
Balance: $116.47 | Regime: CHOP | Session: 0W/0L (0%) | PnL: $+0.00
[Cycle] No signal — YES=0.59 is between 0.30 and 0.70, sum=1.01 >= 0.97
[Ticker] KXBTC15M-26APR082000-00
[Market] YES=0.71 | NO=0.30 | Sum=1.01
==================================================
Balance: $116.47 | Regime: CHOP | Session: 0W/0L (0%) | PnL: $+0.00
[Confidence] Score=2/10 | moderate_edge,coinbase_weak
[Signal] UP candidate | yes=0.71 | waiting (1/2)
[Cycle] No signal — YES=0.71 is between 0.30 and 0.70, sum=1.01 >= 0.97
[Ticker] KXBTC15M-26APR082000-00
[Market] YES=0.85 | NO=0.16 | Sum=1.01
==================================================
Balance: $116.47 | Regime: CHOP | Session: 0W/0L (0%) | PnL: $+0.00
[Confidence] Score=3/10 | strong_edge,coinbase_weak
[Timing] Window 5 min old — skipping
[Cycle] No signal — YES=0.85 is between 0.30 and 0.70, sum=1.01 >= 0.97
[Ticker] KXBTC15M-26APR082000-00
[Market] YES=0.84 | NO=0.17 | Sum=1.01
==================================================
Balance: $116.47 | Regime: CHOP | Session: 0W/0L (0%) | PnL: $+0.00
[Confidence] Score=3/10 | strong_edge,coinbase_weak
[Timing] Window 6 min old — skipping
[Cycle] No signal — YES=0.84 is between 0.30 and 0.70, sum=1.01 >= 0.97
[Ticker] KXBTC15M-26APR082000-00
[Market] YES=0.80 | NO=0.21 | Sum=1.01
==================================================
Balance: $116.47 | Regime: CHOP | Session: 0W/0L (0%) | PnL: $+0.00
[Confidence] Score=3/10 | strong_edge,coinbase_weak
[Timing] Window 7 min old — skipping
[Cycle] No signal — YES=0.80 is between 0.30 and 0.70, sum=1.01 >= 0.97
[Ticker] KXBTC15M-26APR082000-00
[Market] YES=0.81 | NO=0.20 | Sum=1.01
==================================================
Balance: $116.47 | Regime: CHOP | Session: 0W/0L (0%) | PnL: $+0.00
[Confidence] Score=3/10 | strong_edge,coinbase_weak
[Timing] Window 8 min old — skipping
[Cycle] No signal — YES=0.81 is between 0.30 and 0.70, sum=1.01 >= 0.97
[Ticker] KXBTC15M-26APR082000-00
[Market] YES=0.69 | NO=0.33 | Sum=1.02
==================================================
Balance: $116.47 | Regime: CHOP | Session: 0W/0L (0%) | PnL: $+0.00
[Cycle] No signal — YES=0.69 is between 0.30 and 0.70, sum=1.02 >= 0.97
[Ticker] KXBTC15M-26APR082000-00
[Market] YES=0.79 | NO=0.22 | Sum=1.01
==================================================
Balance: $116.47 | Regime: CHOP | Session: 0W/0L (0%) | PnL: $+0.00
[Confidence] Score=2/10 | moderate_edge,coinbase_weak
[Timing] Window 10 min old — skipping
[Cycle] No signal — YES=0.79 is between 0.30 and 0.70, sum=1.01 >= 0.97
[Ticker] KXBTC15M-26APR082000-00
[Market] YES=0.86 | NO=0.15 | Sum=1.01
==================================================
Balance: $116.47 | Regime: CHOP | Session: 0W/0L (0%) | PnL: $+0.00
[Confidence] Score=3/10 | strong_edge,coinbase_weak
[Timing] Window 11 min old — skipping
[Cycle] No signal — YES=0.86 is between 0.30 and 0.70, sum=1.01 >= 0.97
[Ticker] KXBTC15M-26APR082000-00
[Market] YES=0.77 | NO=0.24 | Sum=1.01
==================================================
Balance: $116.47 | Regime: CHOP | Session: 0W/0L (0%) | PnL: $+0.00
[Confidence] Score=2/10 | moderate_edge,coinbase_weak
[Timing] Window 12 min old — skipping
[Cycle] No signal — YES=0.77 is between 0.30 and 0.70, sum=1.01 >= 0.97
[Ticker] KXBTC15M-26APR082000-00
[Market] YES=1.00 | NO=0.01 | Sum=1.00
==================================================
Balance: $116.47 | Regime: CHOP | Session: 0W/0L (0%) | PnL: $+0.00
[Confidence] Score=4/10 | extreme_edge,coinbase_weak
[Timing] Window 13 min old — skipping
[Cycle] No signal — YES=1.00 is between 0.30 and 0.70, sum=1.00 >= 0.97
[Ticker] KXBTC15M-26APR082000-00
[Market] YES=1.00 | NO=0.00 | Sum=1.00
==================================================
Balance: $116.47 | Regime: CHOP | Session: 0W/0L (0%) | PnL: $+0.00
[Confidence] Score=4/10 | extreme_edge,coinbase_weak
[Timing] Window 14 min old — skipping
[Cycle] No signal — YES=1.00 is between 0.30 and 0.70, sum=1.00 >= 0.97
[Ticker] KXBTC15M-26APR082015-15
[Market] YES=0.26 | NO=0.75 | Sum=1.01
==================================================
Balance: $116.47 | Regime: CHOP | Session: 0W/0L (0%) | PnL: $+0.00
[Confidence] Score=4/10 | moderate_edge,coinbase_weak,all3_agree
[Timing] Window 0 min old — skipping
[Cycle] No signal — YES=0.26 is between 0.30 and 0.70, sum=1.01 >= 0.97
[Ticker] KXBTC15M-26APR082015-15
[Market] YES=0.19 | NO=0.82 | Sum=1.01
==================================================
Balance: $116.47 | Regime: CHOP | Session: 0W/0L (0%) | PnL: $+0.00
[Confidence] Score=5/10 | strong_edge,coinbase_weak,all3_agree
[Signal] EXTREME DOWN | yes=0.19 | edge=0.31 | firing immediately
[Coinbase] Confirms DOWN | $71013 gap=-105 (0.15%)
[Correlation] 2/3 agree DOWN
[Signal] CONFIRMED DOWN | yes=0.19 | edge=0.31 | bet=$2.00
[Safety] Balance $116.47 below floor $120.00
🛑 OpenClaw BTC Bot v4.0 halted: Balance $116.47 below floor $120.00

==================================================
OpenClaw BTC Bot v4.0 — LIVE
[Startup] Live balance synced: $116.47
Balance: $116.47 | MaxBet: $3.26 | Threshold: <0.30 or >0.70
==================================================

[Startup] Resting orders cleared
[Ticker] KXBTC15M-26APR082015-15
[Market] YES=0.23 | NO=0.78 | Sum=1.01
==================================================
Balance: $116.47 | Regime: CHOP | Session: 0W/0L (0%) | PnL: $+0.00
[Confidence] Score=3/10 | moderate_edge,coinbase_weak,2of3_agree
[Signal] DOWN candidate | yes=0.23 | waiting (1/2)
[Cycle] No signal — YES=0.23 is between 0.30 and 0.70, sum=1.01 >= 0.97
[Ticker] KXBTC15M-26APR082015-15
[Market] YES=0.19 | NO=0.82 | Sum=1.01
==================================================
Balance: $116.47 | Regime: CHOP | Session: 0W/0L (0%) | PnL: $+0.00
[Confidence] Score=4/10 | strong_edge,coinbase_weak,2of3_agree
[Coinbase] Confirms DOWN | $71002 gap=-117 (0.16%)
[Correlation] All 3 agree — bet boosted
[Signal] CONFIRMED DOWN | yes=0.19 | edge=0.31 | bet=$2.40
[Safety] Balance $116.47 below floor $120.00
🛑 OpenClaw BTC Bot v4.0 halted: Balance $116.47 below floor $120.00

==================================================
OpenClaw BTC Bot v4.0 — LIVE
[Startup] Live balance synced: $116.47
Balance: $116.47 | MaxBet: $3.26 | Threshold: <0.30 or >0.70
==================================================

[Startup] Resting orders cleared
[Ticker] KXBTC15M-26APR082015-15
[Market] YES=0.19 | NO=0.82 | Sum=1.01
==================================================
Balance: $116.47 | Regime: CHOP | Session: 0W/0L (0%) | PnL: $+0.00
[Confidence] Score=5/10 | strong_edge,coinbase_weak,all3_agree
[Signal] DOWN candidate | yes=0.19 | waiting (1/2)
[Cycle] No signal — YES=0.19 is between 0.30 and 0.70, sum=1.01 >= 0.97
[Ticker] KXBTC15M-26APR082015-15
[Market] YES=0.18 | NO=0.83 | Sum=1.01
==================================================
Balance: $116.47 | Regime: CHOP | Session: 0W/0L (0%) | PnL: $+0.00
[Confidence] Score=5/10 | strong_edge,coinbase_weak,all3_agree
[Coinbase] Confirms DOWN | $71023 gap=-96 (0.13%)
[Correlation] All 3 agree — bet boosted
[Signal] CONFIRMED DOWN | yes=0.18 | edge=0.32 | bet=$2.40
[Safety] Balance $116.47 below floor $120.00
🛑 OpenClaw BTC Bot v4.0 halted: Balance $116.47 below floor $120.00

==================================================
OpenClaw BTC Bot v4.0 — LIVE
[Startup] Live balance synced: $116.47
Balance: $116.47 | MaxBet: $3.26 | Threshold: <0.30 or >0.70
==================================================

[Startup] Resting orders cleared
[Ticker] KXBTC15M-26APR082015-15
[Market] YES=0.17 | NO=0.84 | Sum=1.01
==================================================
Balance: $116.47 | Regime: CHOP | Session: 0W/0L (0%) | PnL: $+0.00
[Confidence] Score=5/10 | strong_edge,coinbase_weak,all3_agree
[Signal] DOWN candidate | yes=0.17 | waiting (1/2)
[Cycle] No signal — YES=0.17 is between 0.30 and 0.70, sum=1.01 >= 0.97
[Ticker] KXBTC15M-26APR082015-15
[Market] YES=0.30 | NO=0.71 | Sum=1.01
==================================================
Balance: $116.47 | Regime: CHOP | Session: 0W/0L (0%) | PnL: $+0.00
[Cycle] No signal — YES=0.30 is between 0.30 and 0.70, sum=1.01 >= 0.97
[Ticker] KXBTC15M-26APR082015-15
[Market] YES=0.43 | NO=0.58 | Sum=1.01
==================================================
Balance: $116.47 | Regime: CHOP | Session: 0W/0L (0%) | PnL: $+0.00
[Cycle] No signal — YES=0.43 is between 0.30 and 0.70, sum=1.01 >= 0.97
[Ticker] KXBTC15M-26APR082015-15
[Market] YES=0.49 | NO=0.52 | Sum=1.01
==================================================
Balance: $116.47 | Regime: CHOP | Session: 0W/0L (0%) | PnL: $+0.00
[Cycle] No signal — YES=0.49 is between 0.30 and 0.70, sum=1.01 >= 0.97
[Ticker] KXBTC15M-26APR082015-15
[Market] YES=0.22 | NO=0.79 | Sum=1.01
==================================================
Balance: $116.47 | Regime: CHOP | Session: 0W/0L (0%) | PnL: $+0.00
[Confidence] Score=3/10 | moderate_edge,coinbase_weak,2of3_agree
[Timing] Window 8 min old — skipping
[Cycle] No signal — YES=0.22 is between 0.30 and 0.70, sum=1.01 >= 0.97
[Ticker] KXBTC15M-26APR082015-15
[Market] YES=0.22 | NO=0.81 | Sum=1.03
==================================================
Balance: $116.47 | Regime: CHOP | Session: 0W/0L (0%) | PnL: $+0.00
[Confidence] Score=4/10 | moderate_edge,coinbase_weak,all3_agree
[Timing] Window 9 min old — skipping
[Cycle] No signal — YES=0.22 is between 0.30 and 0.70, sum=1.03 >= 0.97
[Ticker] KXBTC15M-26APR082015-15
[Market] YES=0.11 | NO=0.90 | Sum=1.01
==================================================
Balance: $116.47 | Regime: CHOP | Session: 0W/0L (0%) | PnL: $+0.00
[Confidence] Score=5/10 | strong_edge,coinbase_weak,all3_agree
[Timing] Window 10 min old — skipping
[Cycle] No signal — YES=0.11 is between 0.30 and 0.70, sum=1.01 >= 0.97
[Ticker] KXBTC15M-26APR082015-15
[Market] YES=0.05 | NO=0.96 | Sum=1.01
==================================================
Balance: $116.47 | Regime: CHOP | Session: 0W/0L (0%) | PnL: $+0.00
[Confidence] Score=5/10 | strong_edge,coinbase_weak,all3_agree
[Timing] Window 11 min old — skipping
[Cycle] No signal — YES=0.05 is between 0.30 and 0.70, sum=1.01 >= 0.97
[Ticker] KXBTC15M-26APR082015-15
[Market] YES=0.05 | NO=0.96 | Sum=1.01
==================================================
Balance: $116.47 | Regime: CHOP | Session: 0W/0L (0%) | PnL: $+0.00
[Confidence] Score=6/10 | extreme_edge,coinbase_weak,all3_agree
[Timing] Window 12 min old — skipping
[Cycle] No signal — YES=0.05 is between 0.30 and 0.70, sum=1.01 >= 0.97
[Ticker] KXBTC15M-26APR082015-15
[Market] YES=0.00 | NO=1.00 | Sum=1.00
==================================================
Balance: $116.47 | Regime: CHOP | Session: 0W/0L (0%) | PnL: $+0.00
[Confidence] Score=6/10 | extreme_edge,coinbase_weak,all3_agree
[Timing] Window 13 min old — skipping
[Cycle] No signal — YES=0.00 is between 0.30 and 0.70, sum=1.00 >= 0.97
[Ticker] KXBTC15M-26APR082015-15
[Market] YES=0.00 | NO=1.00 | Sum=1.00
==================================================
Balance: $116.47 | Regime: CHOP | Session: 0W/0L (0%) | PnL: $+0.00
[Confidence] Score=5/10 | extreme_edge,coinbase_weak,2of3_agree
[Timing] Window 14 min old — skipping
[Cycle] No signal — YES=0.00 is between 0.30 and 0.70, sum=1.00 >= 0.97
[Ticker] KXBTC15M-26APR082015-15
[Market] YES=0.00 | NO=1.00 | Sum=1.00
==================================================
Balance: $116.47 | Regime: CHOP | Session: 0W/0L (0%) | PnL: $+0.00
[Confidence] Score=6/10 | extreme_edge,coinbase_weak,all3_agree
[Timing] Window 0 min old — skipping
[Cycle] No signal — YES=0.00 is between 0.30 and 0.70, sum=1.00 >= 0.97
[Ticker] KXBTC15M-26APR082030-30
[Market] YES=0.33 | NO=0.68 | Sum=1.01
==================================================
Balance: $116.47 | Regime: CHOP | Session: 0W/0L (0%) | PnL: $+0.00
[Cycle] No signal — YES=0.33 is between 0.30 and 0.70, sum=1.01 >= 0.97
[Ticker] KXBTC15M-26APR082030-30
[Market] YES=0.39 | NO=0.62 | Sum=1.01
==================================================
Balance: $116.47 | Regime: CHOP | Session: 0W/0L (0%) | PnL: $+0.00
[Cycle] No signal — YES=0.39 is between 0.30 and 0.70, sum=1.01 >= 0.97
[Ticker] KXBTC15M-26APR082030-30
[Market] YES=0.52 | NO=0.50 | Sum=1.02
==================================================
Balance: $116.47 | Regime: CHOP | Session: 0W/0L (0%) | PnL: $+0.00
[Cycle] No signal — YES=0.52 is between 0.30 and 0.70, sum=1.02 >= 0.97
[Ticker] KXBTC15M-26APR082030-30
[Market] YES=0.21 | NO=0.80 | Sum=1.01
==================================================
Balance: $116.47 | Regime: CHOP | Session: 0W/0L (0%) | PnL: $+0.00
[Confidence] Score=4/10 | moderate_edge,coinbase_weak,all3_agree
[Signal] DOWN candidate | yes=0.21 | waiting (1/2)
[Cycle] No signal — YES=0.21 is between 0.30 and 0.70, sum=1.01 >= 0.97
[Ticker] KXBTC15M-26APR082030-30
[Market] YES=0.21 | NO=0.80 | Sum=1.01
==================================================
Balance: $116.47 | Regime: CHOP | Session: 0W/0L (0%) | PnL: $+0.00
[Confidence] Score=4/10 | moderate_edge,coinbase_weak,all3_agree
[Timing] Window 5 min old — skipping
[Cycle] No signal — YES=0.21 is between 0.30 and 0.70, sum=1.01 >= 0.97
[Ticker] KXBTC15M-26APR082030-30
[Market] YES=0.26 | NO=0.75 | Sum=1.01
==================================================
Balance: $116.47 | Regime: CHOP | Session: 0W/0L (0%) | PnL: $+0.00
[Confidence] Score=4/10 | moderate_edge,coinbase_weak,all3_agree
[Timing] Window 6 min old — skipping
[Cycle] No signal — YES=0.26 is between 0.30 and 0.70, sum=1.01 >= 0.97
[Ticker] KXBTC15M-26APR082030-30
[Market] YES=0.13 | NO=0.88 | Sum=1.01
==================================================
Balance: $116.47 | Regime: CHOP | Session: 0W/0L (0%) | PnL: $+0.00
[Confidence] Score=5/10 | strong_edge,coinbase_weak,all3_agree
[Timing] Window 7 min old — skipping
[Cycle] No signal — YES=0.13 is between 0.30 and 0.70, sum=1.01 >= 0.97
[Ticker] KXBTC15M-26APR082030-30
[Market] YES=0.28 | NO=0.73 | Sum=1.01
==================================================
Balance: $116.47 | Regime: CHOP | Session: 0W/0L (0%) | PnL: $+0.00
[Confidence] Score=4/10 | moderate_edge,coinbase_weak,all3_agree
[Timing] Window 8 min old — skipping
[Cycle] No signal — YES=0.28 is between 0.30 and 0.70, sum=1.01 >= 0.97
[Ticker] KXBTC15M-26APR082030-30
[Market] YES=0.26 | NO=0.75 | Sum=1.01
==================================================
Balance: $116.47 | Regime: CHOP | Session: 0W/0L (0%) | PnL: $+0.00
[Confidence] Score=4/10 | moderate_edge,coinbase_weak,all3_agree
[Timing] Window 9 min old — skipping
[Cycle] No signal — YES=0.26 is between 0.30 and 0.70, sum=1.01 >= 0.97
[Ticker] KXBTC15M-26APR082030-30
[Market] YES=0.11 | NO=0.90 | Sum=1.01
==================================================
Balance: $116.47 | Regime: CHOP | Session: 0W/0L (0%) | PnL: $+0.00
[Confidence] Score=4/10 | strong_edge,coinbase_weak,2of3_agree
[Timing] Window 10 min old — skipping
[Cycle] No signal — YES=0.11 is between 0.30 and 0.70, sum=1.01 >= 0.97
[Ticker] KXBTC15M-26APR082030-30
[Market] YES=0.03 | NO=0.98 | Sum=1.01
==================================================
Balance: $116.47 | Regime: CHOP | Session: 0W/0L (0%) | PnL: $+0.00
[Confidence] Score=5/10 | extreme_edge,coinbase_weak,2of3_agree
[Timing] Window 11 min old — skipping
[Cycle] No signal — YES=0.03 is between 0.30 and 0.70, sum=1.01 >= 0.97
[Ticker] KXBTC15M-26APR082030-30
[Market] YES=0.22 | NO=0.79 | Sum=1.01
==================================================
Balance: $116.47 | Regime: CHOP | Session: 0W/0L (0%) | PnL: $+0.00
[Confidence] Score=4/10 | moderate_edge,coinbase_weak,all3_agree
[Timing] Window 12 min old — skipping
[Cycle] No signal — YES=0.22 is between 0.30 and 0.70, sum=1.01 >= 0.97
[Ticker] KXBTC15M-26APR082030-30
[Market] YES=0.20 | NO=0.82 | Sum=1.02
==================================================
Balance: $116.47 | Regime: CHOP | Session: 0W/0L (0%) | PnL: $+0.00
[Confidence] Score=4/10 | strong_edge,coinbase_weak,2of3_agree
[Timing] Window 13 min old — skipping
[Cycle] No signal — YES=0.20 is between 0.30 and 0.70, sum=1.02 >= 0.97
[Ticker] KXBTC15M-26APR082030-30
[Market] YES=0.01 | NO=1.00 | Sum=1.00
==================================================
Balance: $116.47 | Regime: CHOP | Session: 0W/0L (0%) | PnL: $+0.00
[Confidence] Score=6/10 | extreme_edge,coinbase_weak,all3_agree
[Timing] Window 14 min old — skipping
[Cycle] No signal — YES=0.01 is between 0.30 and 0.70, sum=1.00 >= 0.97
[Ticker] KXBTC15M-26APR082030-30
[Market] YES=0.00 | NO=1.00 | Sum=1.00
==================================================
Balance: $116.47 | Regime: CHOP | Session: 0W/0L (0%) | PnL: $+0.00
[Confidence] Score=5/10 | extreme_edge,coinbase_weak,2of3_agree
[Timing] Window 0 min old — skipping
[Cycle] No signal — YES=0.00 is between 0.30 and 0.70, sum=1.00 >= 0.97
[Ticker] KXBTC15M-26APR082045-45
[Market] YES=0.26 | NO=0.75 | Sum=1.01
==================================================
Balance: $116.47 | Regime: CHOP | Session: 0W/0L (0%) | PnL: $+0.00
[Confidence] Score=4/10 | moderate_edge,coinbase_weak,all3_agree
[Coinbase] Confirms DOWN | $70845 gap=-123 (0.17%)
[Correlation] All 3 agree — bet boosted
[Signal] CONFIRMED DOWN | yes=0.26 | edge=0.24 | bet=$2.40
[Safety] Balance $116.47 below floor $120.00
🛑 OpenClaw BTC Bot v4.0 halted: Balance $116.47 below floor $120.00

==================================================
OpenClaw BTC Bot v4.0 — LIVE
[Startup] Live balance synced: $116.47
Balance: $116.47 | MaxBet: $3.26 | Threshold: <0.30 or >0.70
==================================================

[Startup] Resting orders cleared
[Ticker] KXBTC15M-26APR082045-45
[Market] YES=0.26 | NO=0.75 | Sum=1.01
==================================================
Balance: $116.47 | Regime: CHOP | Session: 0W/0L (0%) | PnL: $+0.00
[Confidence] Score=4/10 | moderate_edge,coinbase_weak,all3_agree
[Signal] DOWN candidate | yes=0.26 | waiting (1/2)
[Cycle] No signal — YES=0.26 is between 0.30 and 0.70, sum=1.01 >= 0.97
[Ticker] KXBTC15M-26APR082045-45
[Market] YES=0.29 | NO=0.72 | Sum=1.01
==================================================
Balance: $116.47 | Regime: CHOP | Session: 0W/0L (0%) | PnL: $+0.00
[Confidence] Score=4/10 | moderate_edge,coinbase_weak,all3_agree
[Coinbase] Confirms DOWN | $70908 gap=-60 (0.08%)
[Correlation] All 3 agree — bet boosted
[Signal] CONFIRMED DOWN | yes=0.29 | edge=0.21 | bet=$2.40
[Safety] Balance $116.47 below floor $120.00
🛑 OpenClaw BTC Bot v4.0 halted: Balance $116.47 below floor $120.00

==================================================
OpenClaw BTC Bot v4.0 — LIVE
[Startup] Live balance synced: $116.47
Balance: $116.47 | MaxBet: $3.26 | Threshold: <0.30 or >0.70
==================================================

[Startup] Resting orders cleared
[Ticker] KXBTC15M-26APR082045-45
[Market] YES=0.28 | NO=0.73 | Sum=1.01
==================================================
Balance: $116.47 | Regime: CHOP | Session: 0W/0L (0%) | PnL: $+0.00
[Confidence] Score=4/10 | moderate_edge,coinbase_weak,all3_agree
[Signal] DOWN candidate | yes=0.28 | waiting (1/2)
[Cycle] No signal — YES=0.28 is between 0.30 and 0.70, sum=1.01 >= 0.97
[Ticker] KXBTC15M-26APR082045-45
[Market] YES=0.18 | NO=0.83 | Sum=1.01
==================================================
Balance: $116.47 | Regime: CHOP | Session: 0W/0L (0%) | PnL: $+0.00
[Confidence] Score=4/10 | strong_edge,coinbase_weak,2of3_agree
[Coinbase] Confirms DOWN | $70845 gap=-123 (0.17%)
[Correlation] All 3 agree — bet boosted
[Signal] CONFIRMED DOWN | yes=0.18 | edge=0.32 | bet=$2.40
[Safety] Balance $116.47 below floor $120.00
🛑 OpenClaw BTC Bot v4.0 halted: Balance $116.47 below floor $120.00

==================================================
OpenClaw BTC Bot v4.0 — LIVE
[Startup] Live balance synced: $116.47
Balance: $116.47 | MaxBet: $3.26 | Threshold: <0.30 or >0.70
==================================================

[Startup] Resting orders cleared
[Ticker] KXBTC15M-26APR082045-45
[Market] YES=0.22 | NO=0.80 | Sum=1.02
==================================================
Balance: $116.47 | Regime: CHOP | Session: 0W/0L (0%) | PnL: $+0.00
[Confidence] Score=4/10 | moderate_edge,coinbase_weak,all3_agree
[Signal] DOWN candidate | yes=0.22 | waiting (1/2)
[Cycle] No signal — YES=0.22 is between 0.30 and 0.70, sum=1.02 >= 0.97
[Ticker] KXBTC15M-26APR082045-45
[Market] YES=0.10 | NO=0.91 | Sum=1.00
==================================================
Balance: $116.47 | Regime: CHOP | Session: 0W/0L (0%) | PnL: $+0.00
[Confidence] Score=5/10 | strong_edge,coinbase_weak,all3_agree
[Coinbase] Confirms DOWN | $70775 gap=-193 (0.27%)
[Correlation] 2/3 agree DOWN
[Signal] CONFIRMED DOWN | yes=0.10 | edge=0.40 | bet=$2.00
[Safety] Balance $116.47 below floor $120.00
🛑 OpenClaw BTC Bot v4.0 halted: Balance $116.47 below floor $120.00

==================================================
OpenClaw BTC Bot v4.0 — LIVE
[Startup] Live balance synced: $116.47
Balance: $116.47 | MaxBet: $3.26 | Threshold: <0.30 or >0.70
==================================================

[Startup] Resting orders cleared
[Ticker] KXBTC15M-26APR082045-45
[Market] YES=0.11 | NO=0.90 | Sum=1.01
==================================================
Balance: $116.47 | Regime: CHOP | Session: 0W/0L (0%) | PnL: $+0.00
[Confidence] Score=5/10 | strong_edge,coinbase_weak,all3_agree
[Signal] DOWN candidate | yes=0.11 | waiting (1/2)
[Cycle] No signal — YES=0.11 is between 0.30 and 0.70, sum=1.01 >= 0.97
[Ticker] KXBTC15M-26APR082045-45
[Market] YES=0.12 | NO=0.89 | Sum=1.01
==================================================
Balance: $116.47 | Regime: CHOP | Session: 0W/0L (0%) | PnL: $+0.00
[Confidence] Score=5/10 | strong_edge,coinbase_weak,all3_agree
[Timing] Window 5 min old — skipping
[Cycle] No signal — YES=0.12 is between 0.30 and 0.70, sum=1.01 >= 0.97
[Ticker] KXBTC15M-26APR082045-45
[Market] YES=0.11 | NO=0.90 | Sum=1.01
==================================================
Balance: $116.47 | Regime: CHOP | Session: 0W/0L (0%) | PnL: $+0.00
[Confidence] Score=5/10 | strong_edge,coinbase_weak,all3_agree
[Timing] Window 6 min old — skipping
[Cycle] No signal — YES=0.11 is between 0.30 and 0.70, sum=1.01 >= 0.97
[Ticker] KXBTC15M-26APR082045-45
[Market] YES=0.35 | NO=0.66 | Sum=1.01
==================================================
Balance: $116.47 | Regime: CHOP | Session: 0W/0L (0%) | PnL: $+0.00
[Cycle] No signal — YES=0.35 is between 0.30 and 0.70, sum=1.01 >= 0.97
[Ticker] KXBTC15M-26APR082045-45
[Market] YES=0.15 | NO=0.86 | Sum=1.01
==================================================
Balance: $116.47 | Regime: CHOP | Session: 0W/0L (0%) | PnL: $+0.00
[Confidence] Score=5/10 | strong_edge,coinbase_weak,all3_agree
[Timing] Window 8 min old — skipping
[Cycle] No signal — YES=0.15 is between 0.30 and 0.70, sum=1.01 >= 0.97
[Ticker] KXBTC15M-26APR082045-45
[Market] YES=0.06 | NO=0.94 | Sum=1.00
==================================================
Balance: $116.47 | Regime: CHOP | Session: 0W/0L (0%) | PnL: $+0.00
[Confidence] Score=5/10 | strong_edge,coinbase_weak,all3_agree
[Timing] Window 9 min old — skipping
[Cycle] No signal — YES=0.06 is between 0.30 and 0.70, sum=1.00 >= 0.97
[Ticker] KXBTC15M-26APR082045-45
[Market] YES=0.02 | NO=0.99 | Sum=1.00
==================================================
Balance: $116.47 | Regime: CHOP | Session: 0W/0L (0%) | PnL: $+0.00
[Confidence] Score=5/10 | extreme_edge,coinbase_weak,2of3_agree
[Timing] Window 10 min old — skipping
[Cycle] No signal — YES=0.02 is between 0.30 and 0.70, sum=1.00 >= 0.97
[Ticker] KXBTC15M-26APR082045-45
[Market] YES=0.01 | NO=0.99 | Sum=1.00
==================================================
Balance: $116.47 | Regime: CHOP | Session: 0W/0L (0%) | PnL: $+0.00
[Confidence] Score=6/10 | extreme_edge,coinbase_weak,all3_agree
[Timing] Window 11 min old — skipping
[Cycle] No signal — YES=0.01 is between 0.30 and 0.70, sum=1.00 >= 0.97
[Ticker] KXBTC15M-26APR082045-45
[Market] YES=0.00 | NO=1.00 | Sum=1.00
==================================================
Balance: $116.47 | Regime: CHOP | Session: 0W/0L (0%) | PnL: $+0.00
[Confidence] Score=6/10 | extreme_edge,coinbase_weak,all3_agree
[Timing] Window 12 min old — skipping
[Cycle] No signal — YES=0.00 is between 0.30 and 0.70, sum=1.00 >= 0.97
[Ticker] KXBTC15M-26APR082045-45
[Market] YES=0.00 | NO=1.00 | Sum=1.00
==================================================
Balance: $116.47 | Regime: CHOP | Session: 0W/0L (0%) | PnL: $+0.00
[Confidence] Score=6/10 | extreme_edge,coinbase_weak,all3_agree
[Timing] Window 13 min old — skipping
[Cycle] No signal — YES=0.00 is between 0.30 and 0.70, sum=1.00 >= 0.97
[Ticker] KXBTC15M-26APR082045-45
[Market] YES=0.00 | NO=1.00 | Sum=1.00
==================================================
Balance: $116.47 | Regime: CHOP | Session: 0W/0L (0%) | PnL: $+0.00
[Confidence] Score=6/10 | extreme_edge,coinbase_weak,all3_agree
[Timing] Window 14 min old — skipping
[Cycle] No signal — YES=0.00 is between 0.30 and 0.70, sum=1.00 >= 0.97
[Ticker] KXBTC15M-26APR082100-00
[Market] YES=0.50 | NO=0.51 | Sum=1.01
==================================================
Balance: $116.47 | Regime: CHOP | Session: 0W/0L (0%) | PnL: $+0.00
[Cycle] No signal — YES=0.50 is between 0.30 and 0.70, sum=1.01 >= 0.97
[Ticker] KXBTC15M-26APR082100-00
[Market] YES=0.33 | NO=0.68 | Sum=1.01
==================================================
Balance: $116.47 | Regime: CHOP | Session: 0W/0L (0%) | PnL: $+0.00
[Cycle] No signal — YES=0.33 is between 0.30 and 0.70, sum=1.01 >= 0.97
[Ticker] KXBTC15M-26APR082100-00
[Market] YES=0.36 | NO=0.65 | Sum=1.01
==================================================
Balance: $116.47 | Regime: CHOP | Session: 0W/0L (0%) | PnL: $+0.00
[Cycle] No signal — YES=0.36 is between 0.30 and 0.70, sum=1.01 >= 0.97
[Ticker] KXBTC15M-26APR082100-00
[Market] YES=0.28 | NO=0.73 | Sum=1.01
==================================================
Balance: $116.47 | Regime: CHOP | Session: 0W/0L (0%) | PnL: $+0.00
[Confidence] Score=4/10 | moderate_edge,coinbase_weak,all3_agree
[Signal] DOWN candidate | yes=0.28 | waiting (1/2)
[Cycle] No signal — YES=0.28 is between 0.30 and 0.70, sum=1.01 >= 0.97
[Ticker] KXBTC15M-26APR082100-00
[Market] YES=0.28 | NO=0.73 | Sum=1.01
==================================================
Balance: $116.47 | Regime: CHOP | Session: 0W/0L (0%) | PnL: $+0.00
[Confidence] Score=4/10 | moderate_edge,coinbase_weak,all3_agree
[Coinbase] Confirms DOWN | $70746 gap=-57 (0.08%)
[Correlation] All 3 agree — bet boosted
[Signal] CONFIRMED DOWN | yes=0.28 | edge=0.22 | bet=$2.40
[Safety] Balance $116.47 below floor $120.00
🛑 OpenClaw BTC Bot v4.0 halted: Balance $116.47 below floor $120.00

==================================================
OpenClaw BTC Bot v4.0 — LIVE
[Startup] Live balance synced: $116.47
Balance: $116.47 | MaxBet: $3.26 | Threshold: <0.30 or >0.70
==================================================

[Startup] Resting orders cleared
[Ticker] KXBTC15M-26APR082100-00
[Market] YES=0.31 | NO=0.70 | Sum=1.01
==================================================
Balance: $116.47 | Regime: CHOP | Session: 0W/0L (0%) | PnL: $+0.00
[Cycle] No signal — YES=0.31 is between 0.30 and 0.70, sum=1.01 >= 0.97
[Ticker] KXBTC15M-26APR082100-00
[Market] YES=0.24 | NO=0.78 | Sum=1.02
==================================================
Balance: $116.47 | Regime: CHOP | Session: 0W/0L (0%) | PnL: $+0.00
[Confidence] Score=3/10 | moderate_edge,coinbase_weak,2of3_agree
[Timing] Window 5 min old — skipping
[Cycle] No signal — YES=0.24 is between 0.30 and 0.70, sum=1.02 >= 0.97
[Ticker] KXBTC15M-26APR082100-00
[Market] YES=0.19 | NO=0.82 | Sum=1.01
==================================================
Balance: $116.47 | Regime: CHOP | Session: 0W/0L (0%) | PnL: $+0.00
[Confidence] Score=4/10 | strong_edge,coinbase_weak,2of3_agree
[Timing] Window 6 min old — skipping
[Cycle] No signal — YES=0.19 is between 0.30 and 0.70, sum=1.01 >= 0.97
[Ticker] KXBTC15M-26APR082100-00
[Market] YES=0.22 | NO=0.80 | Sum=1.02
==================================================
Balance: $116.47 | Regime: CHOP | Session: 0W/0L (0%) | PnL: $+0.00
[Confidence] Score=3/10 | moderate_edge,coinbase_weak,2of3_agree
[Timing] Window 7 min old — skipping
[Cycle] No signal — YES=0.22 is between 0.30 and 0.70, sum=1.02 >= 0.97
[Ticker] KXBTC15M-26APR082100-00
[Market] YES=0.13 | NO=0.89 | Sum=1.02
==================================================
Balance: $116.47 | Regime: CHOP | Session: 0W/0L (0%) | PnL: $+0.00
[Confidence] Score=4/10 | strong_edge,coinbase_weak,2of3_agree
[Timing] Window 8 min old — skipping
[Cycle] No signal — YES=0.13 is between 0.30 and 0.70, sum=1.02 >= 0.97
[Ticker] KXBTC15M-26APR082100-00
[Market] YES=0.27 | NO=0.74 | Sum=1.01
==================================================
Balance: $116.47 | Regime: CHOP | Session: 0W/0L (0%) | PnL: $+0.00
[Confidence] Score=3/10 | moderate_edge,coinbase_weak,2of3_agree
[Timing] Window 9 min old — skipping
[Cycle] No signal — YES=0.27 is between 0.30 and 0.70, sum=1.01 >= 0.97
[Ticker] KXBTC15M-26APR082100-00
[Market] YES=0.52 | NO=0.49 | Sum=1.01
==================================================
Balance: $116.47 | Regime: CHOP | Session: 0W/0L (0%) | PnL: $+0.00
[Cycle] No signal — YES=0.52 is between 0.30 and 0.70, sum=1.01 >= 0.97
[Ticker] KXBTC15M-26APR082100-00
[Market] YES=0.84 | NO=0.17 | Sum=1.01
==================================================
Balance: $116.47 | Regime: CHOP | Session: 0W/0L (0%) | PnL: $+0.00
[Confidence] Score=3/10 | strong_edge,coinbase_weak
[Timing] Window 11 min old — skipping
[Cycle] No signal — YES=0.84 is between 0.30 and 0.70, sum=1.01 >= 0.97
[Ticker] KXBTC15M-26APR082100-00
[Market] YES=0.93 | NO=0.07 | Sum=1.00
==================================================
Balance: $116.47 | Regime: CHOP | Session: 0W/0L (0%) | PnL: $+0.00
[Confidence] Score=3/10 | strong_edge,coinbase_weak
[Timing] Window 12 min old — skipping
[Cycle] No signal — YES=0.93 is between 0.30 and 0.70, sum=1.00 >= 0.97
[Ticker] KXBTC15M-26APR082100-00
[Market] YES=0.97 | NO=0.04 | Sum=1.01
==================================================
Balance: $116.47 | Regime: CHOP | Session: 0W/0L (0%) | PnL: $+0.00
[Confidence] Score=4/10 | extreme_edge,coinbase_weak
[Timing] Window 13 min old — skipping
[Cycle] No signal — YES=0.97 is between 0.30 and 0.70, sum=1.01 >= 0.97
[Ticker] KXBTC15M-26APR082100-00
[Market] YES=1.00 | NO=0.00 | Sum=1.00
==================================================
Balance: $116.47 | Regime: CHOP | Session: 0W/0L (0%) | PnL: $+0.00
[Confidence] Score=4/10 | extreme_edge,coinbase_weak
[Timing] Window 14 min old — skipping
[Cycle] No signal — YES=1.00 is between 0.30 and 0.70, sum=1.00 >= 0.97
[Ticker] KXBTC15M-26APR082115-15
[Market] YES=0.58 | NO=0.43 | Sum=1.01
==================================================
Balance: $116.47 | Regime: CHOP | Session: 0W/0L (0%) | PnL: $+0.00
[Cycle] No signal — YES=0.58 is between 0.30 and 0.70, sum=1.01 >= 0.97
[Ticker] KXBTC15M-26APR082115-15
[Market] YES=0.62 | NO=0.39 | Sum=1.01
==================================================
Balance: $116.47 | Regime: CHOP | Session: 0W/0L (0%) | PnL: $+0.00
[Cycle] No signal — YES=0.62 is between 0.30 and 0.70, sum=1.01 >= 0.97

==================================================
OpenClaw BTC Bot v4.0 — LIVE
[Startup] Live balance synced: $116.47
Balance: $116.47 | MaxBet: $2.04 | Threshold: <0.30 or >0.70
==================================================

[Startup] Resting orders cleared
[Ticker] KXBTC15M-26APR082115-15
[Market] YES=0.56 | NO=0.45 | Sum=1.01
==================================================
Balance: $116.47 | Regime: CHOP | Session: 0W/0L (0%) | PnL: $+0.00
[Cycle] No signal — YES=0.56 is between 0.30 and 0.70, sum=1.01 >= 0.97

==================================================
OpenClaw BTC Bot v4.0 — LIVE
[Startup] Live balance synced: $116.47
Balance: $116.47 | MaxBet: $2.04 | Threshold: <0.30 or >0.70
==================================================

[Startup] Resting orders cleared
[Ticker] KXBTC15M-26APR082115-15
[Market] YES=0.39 | NO=0.62 | Sum=1.01
==================================================
Balance: $116.47 | Regime: CHOP | Session: 0W/0L (0%) | PnL: $+0.00
[Cycle] No signal — YES=0.39 is between 0.30 and 0.70, sum=1.01 >= 0.97
[Ticker] KXBTC15M-26APR082115-15
[Market] YES=0.53 | NO=0.48 | Sum=1.01
==================================================
Balance: $116.47 | Regime: CHOP | Session: 0W/0L (0%) | PnL: $+0.00
[Cycle] No signal — YES=0.53 is between 0.30 and 0.70, sum=1.01 >= 0.97
[Ticker] KXBTC15M-26APR082115-15
[Market] YES=0.60 | NO=0.41 | Sum=1.01
==================================================
Balance: $116.47 | Regime: CHOP | Session: 0W/0L (0%) | PnL: $+0.00
[Cycle] No signal — YES=0.60 is between 0.30 and 0.70, sum=1.01 >= 0.97
[Ticker] KXBTC15M-26APR082115-15
[Market] YES=0.34 | NO=0.67 | Sum=1.01
==================================================
Balance: $116.47 | Regime: CHOP | Session: 0W/0L (0%) | PnL: $+0.00
[Cycle] No signal — YES=0.34 is between 0.30 and 0.70, sum=1.01 >= 0.97
[Ticker] KXBTC15M-26APR082115-15
[Market] YES=0.15 | NO=0.86 | Sum=1.01
==================================================
Balance: $116.47 | Regime: CHOP | Session: 0W/0L (0%) | PnL: $+0.00
[Confidence] Score=4/10 | strong_edge,coinbase_weak,2of3_agree
[Timing] Window 7 min old — skipping
[Cycle] No signal — YES=0.15 is between 0.30 and 0.70, sum=1.01 >= 0.97
[Ticker] KXBTC15M-26APR082115-15
[Market] YES=0.04 | NO=0.96 | Sum=1.00
==================================================
Balance: $116.47 | Regime: CHOP | Session: 0W/0L (0%) | PnL: $+0.00
[Confidence] Score=5/10 | extreme_edge,coinbase_weak,2of3_agree
[Timing] Window 8 min old — skipping
[Cycle] No signal — YES=0.04 is between 0.30 and 0.70, sum=1.00 >= 0.97
[Ticker] KXBTC15M-26APR082115-15
[Market] YES=0.02 | NO=0.98 | Sum=1.00
==================================================
Balance: $116.47 | Regime: CHOP | Session: 0W/0L (0%) | PnL: $+0.00
[Confidence] Score=6/10 | extreme_edge,coinbase_weak,all3_agree
[Timing] Window 9 min old — skipping
[Cycle] No signal — YES=0.02 is between 0.30 and 0.70, sum=1.00 >= 0.97
[Ticker] KXBTC15M-26APR082115-15
[Market] YES=0.01 | NO=0.99 | Sum=1.00
==================================================
Balance: $116.47 | Regime: CHOP | Session: 0W/0L (0%) | PnL: $+0.00
[Confidence] Score=5/10 | extreme_edge,coinbase_weak,2of3_agree
[Timing] Window 10 min old — skipping
[Cycle] No signal — YES=0.01 is between 0.30 and 0.70, sum=1.00 >= 0.97
[Ticker] KXBTC15M-26APR082115-15
[Market] YES=0.03 | NO=0.98 | Sum=1.01
==================================================
Balance: $116.47 | Regime: CHOP | Session: 0W/0L (0%) | PnL: $+0.00
[Confidence] Score=6/10 | extreme_edge,coinbase_weak,all3_agree
[Timing] Window 11 min old — skipping
[Cycle] No signal — YES=0.03 is between 0.30 and 0.70, sum=1.01 >= 0.97
[Ticker] KXBTC15M-26APR082115-15
[Market] YES=0.01 | NO=1.00 | Sum=1.00
==================================================
Balance: $116.47 | Regime: CHOP | Session: 0W/0L (0%) | PnL: $+0.00
[Confidence] Score=5/10 | extreme_edge,coinbase_weak,2of3_agree
[Timing] Window 12 min old — skipping
[Cycle] No signal — YES=0.01 is between 0.30 and 0.70, sum=1.00 >= 0.97
[Ticker] KXBTC15M-26APR082115-15
[Market] YES=0.00 | NO=1.00 | Sum=1.00
==================================================
Balance: $116.47 | Regime: CHOP | Session: 0W/0L (0%) | PnL: $+0.00
[Confidence] Score=6/10 | extreme_edge,coinbase_weak,all3_agree
[Timing] Window 13 min old — skipping
[Cycle] No signal — YES=0.00 is between 0.30 and 0.70, sum=1.00 >= 0.97
[Ticker] KXBTC15M-26APR082115-15
[Market] YES=0.00 | NO=1.00 | Sum=1.00
==================================================
Balance: $116.47 | Regime: CHOP | Session: 0W/0L (0%) | PnL: $+0.00
[Confidence] Score=6/10 | extreme_edge,coinbase_weak,all3_agree
[Timing] Window 14 min old — skipping
[Cycle] No signal — YES=0.00 is between 0.30 and 0.70, sum=1.00 >= 0.97
[Ticker] KXBTC15M-26APR082130-30
[Market] YES=0.55 | NO=0.46 | Sum=1.01
==================================================
Balance: $116.47 | Regime: CHOP | Session: 0W/0L (0%) | PnL: $+0.00
[Cycle] No signal — YES=0.55 is between 0.30 and 0.70, sum=1.01 >= 0.97
[Ticker] KXBTC15M-26APR082130-30
[Market] YES=0.29 | NO=0.72 | Sum=1.01
==================================================
Balance: $116.47 | Regime: CHOP | Session: 0W/0L (0%) | PnL: $+0.00
[Confidence] Score=4/10 | moderate_edge,coinbase_weak,all3_agree
[Signal] DOWN candidate | yes=0.29 | waiting (1/2)
[Cycle] No signal — YES=0.29 is between 0.30 and 0.70, sum=1.01 >= 0.97

==================================================
OpenClaw BTC Bot v4.0 — LIVE
[Startup] Live balance synced: $116.47
Balance: $116.47 | MaxBet: $2.04 | Threshold: <0.32 or >0.68
==================================================

[Startup] Resting orders cleared
[Ticker] KXBTC15M-26APR082130-30
[Market] YES=0.38 | NO=0.64 | Sum=1.02
==================================================
Balance: $116.47 | Regime: CHOP | Session: 0W/0L (0%) | PnL: $+0.00
[Cycle] No signal — YES=0.38 is between 0.32 and 0.68, sum=1.02 >= 0.97
[Ticker] KXBTC15M-26APR082130-30
[Market] YES=0.35 | NO=0.66 | Sum=1.01
==================================================
Balance: $116.47 | Regime: CHOP | Session: 0W/0L (0%) | PnL: $+0.00
[Cycle] No signal — YES=0.35 is between 0.32 and 0.68, sum=1.01 >= 0.97
[Ticker] KXBTC15M-26APR082130-30
[Market] YES=0.33 | NO=0.68 | Sum=1.01
==================================================
Balance: $116.47 | Regime: CHOP | Session: 0W/0L (0%) | PnL: $+0.00
[Cycle] No signal — YES=0.33 is between 0.32 and 0.68, sum=1.01 >= 0.97
[Ticker] KXBTC15M-26APR082130-30
[Market] YES=0.36 | NO=0.65 | Sum=1.01
==================================================
Balance: $116.47 | Regime: CHOP | Session: 0W/0L (0%) | PnL: $+0.00
[Cycle] No signal — YES=0.36 is between 0.32 and 0.68, sum=1.01 >= 0.97
[Ticker] KXBTC15M-26APR082130-30
[Market] YES=0.56 | NO=0.45 | Sum=1.01
==================================================
Balance: $116.47 | Regime: CHOP | Session: 0W/0L (0%) | PnL: $+0.00
[Cycle] No signal — YES=0.56 is between 0.32 and 0.68, sum=1.01 >= 0.97
[Ticker] KXBTC15M-26APR082130-30
[Market] YES=0.48 | NO=0.53 | Sum=1.01
==================================================
Balance: $116.47 | Regime: CHOP | Session: 0W/0L (0%) | PnL: $+0.00
[Cycle] No signal — YES=0.48 is between 0.32 and 0.68, sum=1.01 >= 0.97
[Ticker] KXBTC15M-26APR082130-30
[Market] YES=0.14 | NO=0.87 | Sum=1.01
==================================================
Balance: $116.47 | Regime: CHOP | Session: 0W/0L (0%) | PnL: $+0.00
[Confidence] Score=5/10 | strong_edge,coinbase_weak,all3_agree
[Timing] Window 8 min old — skipping
[Cycle] No signal — YES=0.14 is between 0.32 and 0.68, sum=1.01 >= 0.97
[Ticker] KXBTC15M-26APR082130-30
[Market] YES=0.07 | NO=0.94 | Sum=1.01
==================================================
Balance: $116.47 | Regime: CHOP | Session: 0W/0L (0%) | PnL: $+0.00
[Confidence] Score=3/10 | strong_edge,coinbase_weak
[Timing] Window 9 min old — skipping
[Cycle] No signal — YES=0.07 is between 0.32 and 0.68, sum=1.01 >= 0.97
[Ticker] KXBTC15M-26APR082130-30
[Market] YES=0.14 | NO=0.88 | Sum=1.02
==================================================
Balance: $116.47 | Regime: CHOP | Session: 0W/0L (0%) | PnL: $+0.00
[Confidence] Score=4/10 | strong_edge,coinbase_weak,2of3_agree
[Timing] Window 10 min old — skipping
[Cycle] No signal — YES=0.14 is between 0.32 and 0.68, sum=1.02 >= 0.97
[Ticker] KXBTC15M-26APR082130-30
[Market] YES=0.12 | NO=0.89 | Sum=1.01
==================================================
Balance: $116.47 | Regime: CHOP | Session: 0W/0L (0%) | PnL: $+0.00
[Confidence] Score=3/10 | strong_edge,coinbase_weak
[Timing] Window 11 min old — skipping
[Cycle] No signal — YES=0.12 is between 0.32 and 0.68, sum=1.01 >= 0.97
[Ticker] KXBTC15M-26APR082130-30
[Market] YES=0.13 | NO=0.88 | Sum=1.01
==================================================
Balance: $116.47 | Regime: CHOP | Session: 0W/0L (0%) | PnL: $+0.00
[Confidence] Score=5/10 | strong_edge,coinbase_weak,all3_agree
[Timing] Window 12 min old — skipping
[Cycle] No signal — YES=0.13 is between 0.32 and 0.68, sum=1.01 >= 0.97
[Ticker] KXBTC15M-26APR082130-30
[Market] YES=0.13 | NO=0.88 | Sum=1.01
==================================================
Balance: $116.47 | Regime: CHOP | Session: 0W/0L (0%) | PnL: $+0.00
[Confidence] Score=4/10 | strong_edge,coinbase_weak,2of3_agree
[Timing] Window 13 min old — skipping
[Cycle] No signal — YES=0.13 is between 0.32 and 0.68, sum=1.01 >= 0.97
[Ticker] KXBTC15M-26APR082130-30
[Market] YES=0.00 | NO=1.00 | Sum=1.00
==================================================
Balance: $116.47 | Regime: CHOP | Session: 0W/0L (0%) | PnL: $+0.00
[Confidence] Score=5/10 | extreme_edge,coinbase_weak,2of3_agree
[Timing] Window 14 min old — skipping
[Cycle] No signal — YES=0.00 is between 0.32 and 0.68, sum=1.00 >= 0.97
[Ticker] KXBTC15M-26APR082130-30
[Market] YES=0.00 | NO=1.00 | Sum=1.00
==================================================
Balance: $116.47 | Regime: CHOP | Session: 0W/0L (0%) | PnL: $+0.00
[Confidence] Score=6/10 | extreme_edge,coinbase_weak,all3_agree
[Timing] Window 0 min old — skipping
[Cycle] No signal — YES=0.00 is between 0.32 and 0.68, sum=1.00 >= 0.97
[Ticker] KXBTC15M-26APR082145-45
[Market] YES=0.84 | NO=0.17 | Sum=1.01
==================================================
Balance: $116.47 | Regime: CHOP | Session: 0W/0L (0%) | PnL: $+0.00
[Confidence] Score=4/10 | strong_edge,coinbase_weak,2of3_agree
[Signal] EXTREME UP | yes=0.84 | edge=0.34 | firing immediately
[Coinbase] Confirms UP | $70629 gap=+40 (0.06%)
[Correlation] 2/3 agree UP
[Signal] CONFIRMED UP | yes=0.84 | edge=0.34 | bet=$2.00
[Safety] Balance $116.47 below floor $120.00
🛑 OpenClaw BTC Bot v4.0 halted: Balance $116.47 below floor $120.00

==================================================
OpenClaw BTC Bot v4.0 — LIVE
[Startup] Live balance synced: $116.47
Balance: $116.47 | MaxBet: $2.04 | Threshold: <0.32 or >0.68
==================================================

[Startup] Resting orders cleared
[Ticker] KXBTC15M-26APR082145-45
[Market] YES=0.84 | NO=0.17 | Sum=1.01
==================================================
Balance: $116.47 | Regime: CHOP | Session: 0W/0L (0%) | PnL: $+0.00
[Confidence] Score=3/10 | strong_edge,coinbase_weak
[Signal] EXTREME UP | yes=0.84 | edge=0.34 | firing immediately
[Coinbase] Confirms UP | $70710 gap=+121 (0.17%)
[Correlation] Markets diverging — bet trimmed
[Signal] CONFIRMED UP | yes=0.84 | edge=0.34 | bet=$1.80
[Safety] Balance $116.47 below floor $120.00
🛑 OpenClaw BTC Bot v4.0 halted: Balance $116.47 below floor $120.00

==================================================
OpenClaw BTC Bot v4.0 — LIVE
[Startup] Live balance synced: $116.47
Balance: $116.47 | MaxBet: $2.04 | Threshold: <0.32 or >0.68
==================================================

[Startup] Resting orders cleared
[Ticker] KXBTC15M-26APR082145-45
[Market] YES=0.80 | NO=0.21 | Sum=1.01
==================================================
Balance: $116.47 | Regime: CHOP | Session: 0W/0L (0%) | PnL: $+0.00
[Confidence] Score=3/10 | strong_edge,coinbase_weak
[Signal] STRONG_MIN1 UP | yes=0.80 | edge=0.30 | confirmed | firing early
[Coinbase] Confirms UP | $70710 gap=+121 (0.17%)
[Correlation] All 3 agree — bet boosted
[Signal] CONFIRMED UP | yes=0.80 | edge=0.30 | bet=$2.04
[Safety] Balance $116.47 below floor $120.00
🛑 OpenClaw BTC Bot v4.0 halted: Balance $116.47 below floor $120.00

==================================================
OpenClaw BTC Bot v4.0 — LIVE
[Startup] Live balance synced: $116.47
Balance: $116.47 | MaxBet: $2.04 | Threshold: <0.32 or >0.68
==================================================

[Startup] Resting orders cleared
[Ticker] KXBTC15M-26APR082145-45
[Market] YES=0.82 | NO=0.19 | Sum=1.01
==================================================
Balance: $116.47 | Regime: CHOP | Session: 0W/0L (0%) | PnL: $+0.00
[Confidence] Score=3/10 | strong_edge,coinbase_weak
[Signal] EXTREME UP | yes=0.82 | edge=0.32 | firing immediately
[Coinbase] Confirms UP | $70719 gap=+130 (0.18%)
[Correlation] 2/3 agree UP
[Signal] CONFIRMED UP | yes=0.82 | edge=0.32 | bet=$2.00
[Safety] Balance $116.47 below floor $120.00
🛑 OpenClaw BTC Bot v4.0 halted: Balance $116.47 below floor $120.00

==================================================
OpenClaw BTC Bot v4.0 — LIVE
[Startup] Live balance synced: $116.47
Balance: $116.47 | MaxBet: $2.04 | Threshold: <0.32 or >0.68
==================================================

[Startup] Resting orders cleared
[Ticker] KXBTC15M-26APR082145-45
[Market] YES=0.82 | NO=0.19 | Sum=1.01
==================================================
Balance: $116.47 | Regime: CHOP | Session: 0W/0L (0%) | PnL: $+0.00
[Confidence] Score=3/10 | strong_edge,coinbase_weak
[Signal] EXTREME UP | yes=0.82 | edge=0.32 | firing immediately
[Coinbase] Confirms UP | $70716 gap=+127 (0.18%)
[Correlation] 2/3 agree UP
[Signal] CONFIRMED UP | yes=0.82 | edge=0.32 | bet=$2.00
[Safety] Balance $116.47 below floor $120.00
🛑 OpenClaw BTC Bot v4.0 halted: Balance $116.47 below floor $120.00

==================================================
OpenClaw BTC Bot v4.0 — LIVE
[Startup] Live balance synced: $116.47
Balance: $116.47 | MaxBet: $2.04 | Threshold: <0.32 or >0.68
==================================================

[Startup] Resting orders cleared
[Ticker] KXBTC15M-26APR082145-45
[Market] YES=0.84 | NO=0.17 | Sum=1.01
==================================================
Balance: $116.47 | Regime: CHOP | Session: 0W/0L (0%) | PnL: $+0.00
[Confidence] Score=3/10 | strong_edge,coinbase_weak
[Signal] EXTREME UP | yes=0.84 | edge=0.34 | firing immediately
[Coinbase] Confirms UP | $70719 gap=+130 (0.18%)
[Correlation] 2/3 agree UP
[Signal] CONFIRMED UP | yes=0.84 | edge=0.34 | bet=$2.00
[Safety] Balance $116.47 below floor $120.00
🛑 OpenClaw BTC Bot v4.0 halted: Balance $116.47 below floor $120.00

==================================================
OpenClaw BTC Bot v4.0 — LIVE
[Startup] Live balance synced: $116.47
Balance: $116.47 | MaxBet: $2.04 | Threshold: <0.32 or >0.68
==================================================

[Startup] Resting orders cleared
[Ticker] KXBTC15M-26APR082145-45
[Market] YES=0.85 | NO=0.16 | Sum=1.01
==================================================
Balance: $116.47 | Regime: CHOP | Session: 0W/0L (0%) | PnL: $+0.00
[Confidence] Score=3/10 | strong_edge,coinbase_weak
[Signal] UP candidate | yes=0.85 | waiting (1/2)
[Cycle] No signal — YES=0.85 is between 0.32 and 0.68, sum=1.01 >= 0.97
[Ticker] KXBTC15M-26APR082145-45
[Market] YES=0.91 | NO=0.10 | Sum=1.00
==================================================
Balance: $116.47 | Regime: CHOP | Session: 0W/0L (0%) | PnL: $+0.00
[Confidence] Score=3/10 | strong_edge,coinbase_weak
[Coinbase] Confirms UP | $70824 gap=+235 (0.33%)
[Correlation] 2/3 agree UP
[Signal] CONFIRMED UP | yes=0.91 | edge=0.41 | bet=$2.04
[Safety] Balance $116.47 below floor $120.00
🛑 OpenClaw BTC Bot v4.0 halted: Balance $116.47 below floor $120.00

==================================================
OpenClaw BTC Bot v4.0 — LIVE
[Startup] Live balance synced: $116.47
Balance: $116.47 | MaxBet: $2.04 | Threshold: <0.32 or >0.68
==================================================

[Startup] Resting orders cleared
[Ticker] KXBTC15M-26APR082145-45
[Market] YES=0.92 | NO=0.09 | Sum=1.01
==================================================
Balance: $116.47 | Regime: CHOP | Session: 0W/0L (0%) | PnL: $+0.00
[Confidence] Score=3/10 | strong_edge,coinbase_weak
[Signal] UP candidate | yes=0.92 | waiting (1/2)
[Cycle] No signal — YES=0.92 is between 0.32 and 0.68, sum=1.01 >= 0.97
[Ticker] KXBTC15M-26APR082145-45
[Market] YES=0.93 | NO=0.07 | Sum=1.00
==================================================
Balance: $116.47 | Regime: CHOP | Session: 0W/0L (0%) | PnL: $+0.00
[Confidence] Score=3/10 | strong_edge,coinbase_weak
[Coinbase] Confirms UP | $70823 gap=+233 (0.33%)
[Correlation] 2/3 agree UP
[Signal] CONFIRMED UP | yes=0.93 | edge=0.43 | bet=$2.04
[CorrGuard] 2 bots already fired — skipping to avoid correlated loss
[Cycle] No signal — YES=0.93 is between 0.32 and 0.68, sum=1.00 >= 0.97
[Ticker] KXBTC15M-26APR082145-45
[Market] YES=0.93 | NO=0.07 | Sum=1.00
==================================================
Balance: $116.47 | Regime: CHOP | Session: 0W/0L (0%) | PnL: $+0.00
[Confidence] Score=3/10 | strong_edge,coinbase_weak
[Timing] Window 5 min old — skipping
[Cycle] No signal — YES=0.93 is between 0.32 and 0.68, sum=1.00 >= 0.97
[Ticker] KXBTC15M-26APR082145-45
[Market] YES=0.94 | NO=0.07 | Sum=1.01
==================================================
Balance: $116.47 | Regime: CHOP | Session: 0W/0L (0%) | PnL: $+0.00
[Confidence] Score=3/10 | strong_edge,coinbase_weak
[Timing] Window 6 min old — skipping
[Cycle] No signal — YES=0.94 is between 0.32 and 0.68, sum=1.01 >= 0.97
[Ticker] KXBTC15M-26APR082145-45
[Market] YES=0.94 | NO=0.06 | Sum=1.00
==================================================
Balance: $116.47 | Regime: CHOP | Session: 0W/0L (0%) | PnL: $+0.00
[Confidence] Score=3/10 | strong_edge,coinbase_weak
[Timing] Window 7 min old — skipping
[Cycle] No signal — YES=0.94 is between 0.32 and 0.68, sum=1.00 >= 0.97
[Ticker] KXBTC15M-26APR082145-45
[Market] YES=0.94 | NO=0.06 | Sum=1.00
==================================================
Balance: $116.47 | Regime: CHOP | Session: 0W/0L (0%) | PnL: $+0.00
[Confidence] Score=3/10 | strong_edge,coinbase_weak
[Timing] Window 8 min old — skipping
[Cycle] No signal — YES=0.94 is between 0.32 and 0.68, sum=1.00 >= 0.97
[Ticker] KXBTC15M-26APR082145-45
[Market] YES=0.98 | NO=0.03 | Sum=1.00
==================================================
Balance: $116.47 | Regime: CHOP | Session: 0W/0L (0%) | PnL: $+0.00
[Confidence] Score=4/10 | extreme_edge,coinbase_weak
[Timing] Window 9 min old — skipping
[Cycle] No signal — YES=0.98 is between 0.32 and 0.68, sum=1.00 >= 0.97
[Ticker] KXBTC15M-26APR082145-45
[Market] YES=0.98 | NO=0.02 | Sum=1.00
==================================================
Balance: $116.47 | Regime: CHOP | Session: 0W/0L (0%) | PnL: $+0.00
[Confidence] Score=4/10 | extreme_edge,coinbase_weak
[Timing] Window 10 min old — skipping
[Cycle] No signal — YES=0.98 is between 0.32 and 0.68, sum=1.00 >= 0.97
[Ticker] KXBTC15M-26APR082145-45
[Market] YES=0.99 | NO=0.01 | Sum=1.00
==================================================
Balance: $116.47 | Regime: CHOP | Session: 0W/0L (0%) | PnL: $+0.00
[Confidence] Score=4/10 | extreme_edge,coinbase_weak
[Timing] Window 11 min old — skipping
[Cycle] No signal — YES=0.99 is between 0.32 and 0.68, sum=1.00 >= 0.97
[Ticker] KXBTC15M-26APR082145-45
[Market] YES=1.00 | NO=0.00 | Sum=1.00
==================================================
Balance: $116.47 | Regime: CHOP | Session: 0W/0L (0%) | PnL: $+0.00
[Confidence] Score=5/10 | extreme_edge,coinbase_weak,2of3_agree
[Timing] Window 12 min old — skipping
[Cycle] No signal — YES=1.00 is between 0.32 and 0.68, sum=1.00 >= 0.97
[Ticker] KXBTC15M-26APR082145-45
[Market] YES=1.00 | NO=0.01 | Sum=1.00
==================================================
Balance: $116.47 | Regime: CHOP | Session: 0W/0L (0%) | PnL: $+0.00
[Confidence] Score=4/10 | extreme_edge,coinbase_weak
[Timing] Window 13 min old — skipping
[Cycle] No signal — YES=1.00 is between 0.32 and 0.68, sum=1.00 >= 0.97
[Ticker] KXBTC15M-26APR082145-45
[Market] YES=1.00 | NO=0.00 | Sum=1.00
==================================================
Balance: $116.47 | Regime: CHOP | Session: 0W/0L (0%) | PnL: $+0.00
[Confidence] Score=4/10 | extreme_edge,coinbase_weak
[Timing] Window 14 min old — skipping
[Cycle] No signal — YES=1.00 is between 0.32 and 0.68, sum=1.00 >= 0.97
[Ticker] KXBTC15M-26APR082145-45
[Market] YES=1.00 | NO=0.85 | Sum=1.85
==================================================
Balance: $116.47 | Regime: CHOP | Session: 0W/0L (0%) | PnL: $+0.00
[Confidence] Score=4/10 | extreme_edge,coinbase_weak
[Timing] Window 0 min old — skipping
[Cycle] No signal — YES=1.00 is between 0.32 and 0.68, sum=1.85 >= 0.97
[Ticker] KXBTC15M-26APR082200-00
[Market] YES=0.57 | NO=0.44 | Sum=1.01
==================================================
Balance: $116.47 | Regime: CHOP | Session: 0W/0L (0%) | PnL: $+0.00
[Cycle] No signal — YES=0.57 is between 0.32 and 0.68, sum=1.01 >= 0.97
[Ticker] KXBTC15M-26APR082200-00
[Market] YES=0.47 | NO=0.54 | Sum=1.01
==================================================
Balance: $116.47 | Regime: CHOP | Session: 0W/0L (0%) | PnL: $+0.00
[Cycle] No signal — YES=0.47 is between 0.32 and 0.68, sum=1.01 >= 0.97
[Ticker] KXBTC15M-26APR082200-00
[Market] YES=0.35 | NO=0.66 | Sum=1.01
==================================================
Balance: $116.47 | Regime: CHOP | Session: 0W/0L (0%) | PnL: $+0.00
[Cycle] No signal — YES=0.35 is between 0.32 and 0.68, sum=1.01 >= 0.97
[Ticker] KXBTC15M-26APR082200-00
[Market] YES=0.64 | NO=0.38 | Sum=1.02
==================================================
Balance: $116.47 | Regime: CHOP | Session: 0W/0L (0%) | PnL: $+0.00
[Cycle] No signal — YES=0.64 is between 0.32 and 0.68, sum=1.02 >= 0.97
[Ticker] KXBTC15M-26APR082200-00
[Market] YES=0.78 | NO=0.23 | Sum=1.01
==================================================
Balance: $116.47 | Regime: CHOP | Session: 0W/0L (0%) | PnL: $+0.00
[Confidence] Score=2/10 | moderate_edge,coinbase_weak
[Timing] Window 5 min old — skipping
[Cycle] No signal — YES=0.78 is between 0.32 and 0.68, sum=1.01 >= 0.97
[Ticker] KXBTC15M-26APR082200-00
[Market] YES=0.90 | NO=0.12 | Sum=1.02
==================================================
Balance: $116.47 | Regime: CHOP | Session: 0W/0L (0%) | PnL: $+0.00
[Confidence] Score=3/10 | strong_edge,coinbase_weak
[Timing] Window 6 min old — skipping
[Cycle] No signal — YES=0.90 is between 0.32 and 0.68, sum=1.02 >= 0.97
[Ticker] KXBTC15M-26APR082200-00
[Market] YES=0.88 | NO=0.14 | Sum=1.02
==================================================
Balance: $116.47 | Regime: CHOP | Session: 0W/0L (0%) | PnL: $+0.00
[Confidence] Score=3/10 | strong_edge,coinbase_weak
[Timing] Window 7 min old — skipping
[Cycle] No signal — YES=0.88 is between 0.32 and 0.68, sum=1.02 >= 0.97
[Ticker] KXBTC15M-26APR082200-00
[Market] YES=0.95 | NO=0.06 | Sum=1.01
==================================================
Balance: $116.47 | Regime: CHOP | Session: 0W/0L (0%) | PnL: $+0.00
[Confidence] Score=3/10 | strong_edge,coinbase_weak
[Timing] Window 8 min old — skipping
[Cycle] No signal — YES=0.95 is between 0.32 and 0.68, sum=1.01 >= 0.97
[Ticker] KXBTC15M-26APR082200-00
[Market] YES=0.96 | NO=0.04 | Sum=1.00
==================================================
Balance: $116.47 | Regime: CHOP | Session: 0W/0L (0%) | PnL: $+0.00
[Confidence] Score=4/10 | extreme_edge,coinbase_weak
[Timing] Window 9 min old — skipping
[Cycle] No signal — YES=0.96 is between 0.32 and 0.68, sum=1.00 >= 0.97
[Ticker] KXBTC15M-26APR082200-00
[Market] YES=0.99 | NO=0.01 | Sum=1.00
==================================================
Balance: $116.47 | Regime: CHOP | Session: 0W/0L (0%) | PnL: $+0.00
[Confidence] Score=4/10 | extreme_edge,coinbase_weak
[Timing] Window 10 min old — skipping
[Cycle] No signal — YES=0.99 is between 0.32 and 0.68, sum=1.00 >= 0.97
[Ticker] KXBTC15M-26APR082200-00
[Market] YES=0.98 | NO=0.02 | Sum=1.00
==================================================
Balance: $116.47 | Regime: CHOP | Session: 0W/0L (0%) | PnL: $+0.00
[Confidence] Score=4/10 | extreme_edge,coinbase_weak
[Timing] Window 11 min old — skipping
[Cycle] No signal — YES=0.98 is between 0.32 and 0.68, sum=1.00 >= 0.97
[Ticker] KXBTC15M-26APR082200-00
[Market] YES=0.99 | NO=0.01 | Sum=1.00
==================================================
Balance: $116.47 | Regime: CHOP | Session: 0W/0L (0%) | PnL: $+0.00
[Confidence] Score=4/10 | extreme_edge,coinbase_weak
[Timing] Window 12 min old — skipping
[Cycle] No signal — YES=0.99 is between 0.32 and 0.68, sum=1.00 >= 0.97
[Ticker] KXBTC15M-26APR082200-00
[Market] YES=1.00 | NO=0.01 | Sum=1.01
==================================================
Balance: $116.47 | Regime: CHOP | Session: 0W/0L (0%) | PnL: $+0.00
[Confidence] Score=4/10 | extreme_edge,coinbase_weak
[Timing] Window 13 min old — skipping
[Cycle] No signal — YES=1.00 is between 0.32 and 0.68, sum=1.01 >= 0.97
[Ticker] KXBTC15M-26APR082200-00
[Market] YES=1.00 | NO=0.00 | Sum=1.00
==================================================
Balance: $116.47 | Regime: CHOP | Session: 0W/0L (0%) | PnL: $+0.00
[Confidence] Score=4/10 | extreme_edge,coinbase_weak
[Timing] Window 14 min old — skipping
[Cycle] No signal — YES=1.00 is between 0.32 and 0.68, sum=1.00 >= 0.97
[Ticker] KXBTC15M-26APR082200-00
[Market] YES=1.00 | NO=0.00 | Sum=1.00
==================================================
Balance: $116.47 | Regime: CHOP | Session: 0W/0L (0%) | PnL: $+0.00
[Confidence] Score=4/10 | extreme_edge,coinbase_weak
[Timing] Window 0 min old — skipping
[Cycle] No signal — YES=1.00 is between 0.32 and 0.68, sum=1.00 >= 0.97
[Ticker] KXBTC15M-26APR082215-15
[Market] YES=0.72 | NO=0.29 | Sum=1.01
==================================================
Balance: $116.47 | Regime: CHOP | Session: 0W/0L (0%) | PnL: $+0.00
[Confidence] Score=2/10 | moderate_edge,coinbase_weak
[Signal] UP candidate | yes=0.72 | waiting (1/2)
[Cycle] No signal — YES=0.72 is between 0.32 and 0.68, sum=1.01 >= 0.97
[Ticker] KXBTC15M-26APR082215-15
[Market] YES=0.62 | NO=0.39 | Sum=1.01
==================================================
Balance: $116.47 | Regime: CHOP | Session: 0W/0L (0%) | PnL: $+0.00
[Cycle] No signal — YES=0.62 is between 0.32 and 0.68, sum=1.01 >= 0.97
[Ticker] KXBTC15M-26APR082215-15
[Market] YES=0.56 | NO=0.45 | Sum=1.01
==================================================
Balance: $116.47 | Regime: CHOP | Session: 0W/0L (0%) | PnL: $+0.00
[Cycle] No signal — YES=0.56 is between 0.32 and 0.68, sum=1.01 >= 0.97
[Ticker] KXBTC15M-26APR082215-15
[Market] YES=0.47 | NO=0.54 | Sum=1.01
==================================================
Balance: $116.47 | Regime: CHOP | Session: 0W/0L (0%) | PnL: $+0.00
[Cycle] No signal — YES=0.47 is between 0.32 and 0.68, sum=1.01 >= 0.97
[Ticker] KXBTC15M-26APR082215-15
[Market] YES=0.49 | NO=0.52 | Sum=1.01
==================================================
Balance: $116.47 | Regime: CHOP | Session: 0W/0L (0%) | PnL: $+0.00
[Cycle] No signal — YES=0.49 is between 0.32 and 0.68, sum=1.01 >= 0.97
[Ticker] KXBTC15M-26APR082215-15
[Market] YES=0.60 | NO=0.41 | Sum=1.01
==================================================
Balance: $116.47 | Regime: CHOP | Session: 0W/0L (0%) | PnL: $+0.00
[Cycle] No signal — YES=0.60 is between 0.32 and 0.68, sum=1.01 >= 0.97
[Ticker] KXBTC15M-26APR082215-15
[Market] YES=0.55 | NO=0.46 | Sum=1.01
==================================================
Balance: $116.47 | Regime: CHOP | Session: 0W/0L (0%) | PnL: $+0.00
[Cycle] No signal — YES=0.55 is between 0.32 and 0.68, sum=1.01 >= 0.97
[Ticker] KXBTC15M-26APR082215-15
[Market] YES=0.59 | NO=0.42 | Sum=1.01
==================================================
Balance: $116.47 | Regime: CHOP | Session: 0W/0L (0%) | PnL: $+0.00
[Cycle] No signal — YES=0.59 is between 0.32 and 0.68, sum=1.01 >= 0.97
[Ticker] KXBTC15M-26APR082215-15
[Market] YES=0.82 | NO=0.19 | Sum=1.01
==================================================
Balance: $116.47 | Regime: CHOP | Session: 0W/0L (0%) | PnL: $+0.00
[Confidence] Score=3/10 | strong_edge,coinbase_weak
[Timing] Window 9 min old — skipping
[Cycle] No signal — YES=0.82 is between 0.32 and 0.68, sum=1.01 >= 0.97
[Ticker] KXBTC15M-26APR082215-15
[Market] YES=0.80 | NO=0.21 | Sum=1.01
==================================================
Balance: $116.47 | Regime: CHOP | Session: 0W/0L (0%) | PnL: $+0.00
[Confidence] Score=3/10 | strong_edge,coinbase_weak
[Timing] Window 10 min old — skipping
[Cycle] No signal — YES=0.80 is between 0.32 and 0.68, sum=1.01 >= 0.97
[Ticker] KXBTC15M-26APR082215-15
[Market] YES=0.59 | NO=0.43 | Sum=1.02
==================================================
Balance: $116.47 | Regime: CHOP | Session: 0W/0L (0%) | PnL: $+0.00
[Cycle] No signal — YES=0.59 is between 0.32 and 0.68, sum=1.02 >= 0.97
[Ticker] KXBTC15M-26APR082215-15
[Market] YES=0.40 | NO=0.61 | Sum=1.01
==================================================
Balance: $116.47 | Regime: CHOP | Session: 0W/0L (0%) | PnL: $+0.00
[Cycle] No signal — YES=0.40 is between 0.32 and 0.68, sum=1.01 >= 0.97
[Ticker] KXBTC15M-26APR082215-15
[Market] YES=0.09 | NO=0.92 | Sum=1.01
==================================================
Balance: $116.47 | Regime: CHOP | Session: 0W/0L (0%) | PnL: $+0.00
[Confidence] Score=5/10 | strong_edge,coinbase_weak,all3_agree
[Timing] Window 13 min old — skipping
[Cycle] No signal — YES=0.09 is between 0.32 and 0.68, sum=1.01 >= 0.97
[Ticker] KXBTC15M-26APR082215-15
[Market] YES=0.00 | NO=1.00 | Sum=1.00
==================================================
Balance: $116.47 | Regime: CHOP | Session: 0W/0L (0%) | PnL: $+0.00
[Confidence] Score=6/10 | extreme_edge,coinbase_weak,all3_agree
[Timing] Window 14 min old — skipping
[Cycle] No signal — YES=0.00 is between 0.32 and 0.68, sum=1.00 >= 0.97
[Ticker] KXBTC15M-26APR082215-15
[Market] YES=0.00 | NO=1.00 | Sum=1.00
==================================================
Balance: $116.47 | Regime: CHOP | Session: 0W/0L (0%) | PnL: $+0.00
[Confidence] Score=6/10 | extreme_edge,coinbase_weak,all3_agree
[Timing] Window 0 min old — skipping
[Cycle] No signal — YES=0.00 is between 0.32 and 0.68, sum=1.00 >= 0.97
[Ticker] KXBTC15M-26APR082230-30
[Market] YES=0.52 | NO=0.49 | Sum=1.01
==================================================
Balance: $116.47 | Regime: CHOP | Session: 0W/0L (0%) | PnL: $+0.00
[Cycle] No signal — YES=0.52 is between 0.32 and 0.68, sum=1.01 >= 0.97
[Ticker] KXBTC15M-26APR082230-30
[Market] YES=0.58 | NO=0.44 | Sum=1.02
==================================================
Balance: $116.47 | Regime: CHOP | Session: 0W/0L (0%) | PnL: $+0.00
[Cycle] No signal — YES=0.58 is between 0.32 and 0.68, sum=1.02 >= 0.97
[Ticker] KXBTC15M-26APR082230-30
[Market] YES=0.70 | NO=0.31 | Sum=1.01
==================================================
Balance: $116.47 | Regime: CHOP | Session: 0W/0L (0%) | PnL: $+0.00
[Signal] Edge 0.20 below minimum 0.2 — skipping
[Cycle] No signal — YES=0.70 is between 0.32 and 0.68, sum=1.01 >= 0.97
[Ticker] KXBTC15M-26APR082230-30
[Market] YES=0.72 | NO=0.29 | Sum=1.01
==================================================
Balance: $116.47 | Regime: CHOP | Session: 0W/0L (0%) | PnL: $+0.00
[Confidence] Score=2/10 | moderate_edge,coinbase_weak
[Signal] UP candidate | yes=0.72 | waiting (1/2)
[Cycle] No signal — YES=0.72 is between 0.32 and 0.68, sum=1.01 >= 0.97
[Ticker] KXBTC15M-26APR082230-30
[Market] YES=0.87 | NO=0.14 | Sum=1.01
==================================================
Balance: $116.47 | Regime: CHOP | Session: 0W/0L (0%) | PnL: $+0.00
[Confidence] Score=3/10 | strong_edge,coinbase_weak
[Timing] Window 5 min old — skipping
[Cycle] No signal — YES=0.87 is between 0.32 and 0.68, sum=1.01 >= 0.97
[Ticker] KXBTC15M-26APR082230-30
[Market] YES=0.88 | NO=0.13 | Sum=1.01
==================================================
Balance: $116.47 | Regime: CHOP | Session: 0W/0L (0%) | PnL: $+0.00
[Confidence] Score=3/10 | strong_edge,coinbase_weak
[Timing] Window 6 min old — skipping
[Cycle] No signal — YES=0.88 is between 0.32 and 0.68, sum=1.01 >= 0.97
[Ticker] KXBTC15M-26APR082230-30
[Market] YES=0.84 | NO=0.17 | Sum=1.01
==================================================
Balance: $116.47 | Regime: CHOP | Session: 0W/0L (0%) | PnL: $+0.00
[Confidence] Score=3/10 | strong_edge,coinbase_weak
[Timing] Window 7 min old — skipping
[Cycle] No signal — YES=0.84 is between 0.32 and 0.68, sum=1.01 >= 0.97
[Ticker] KXBTC15M-26APR082230-30
[Market] YES=0.89 | NO=0.12 | Sum=1.01
==================================================
Balance: $116.47 | Regime: CHOP | Session: 0W/0L (0%) | PnL: $+0.00
[Confidence] Score=3/10 | strong_edge,coinbase_weak
[Timing] Window 8 min old — skipping
[Cycle] No signal — YES=0.89 is between 0.32 and 0.68, sum=1.01 >= 0.97
[Ticker] KXBTC15M-26APR082230-30
[Market] YES=0.94 | NO=0.08 | Sum=1.01
==================================================
Balance: $116.47 | Regime: CHOP | Session: 0W/0L (0%) | PnL: $+0.00
[Confidence] Score=3/10 | strong_edge,coinbase_weak
[Timing] Window 9 min old — skipping
[Cycle] No signal — YES=0.94 is between 0.32 and 0.68, sum=1.01 >= 0.97
[Ticker] KXBTC15M-26APR082230-30
[Market] YES=0.99 | NO=0.02 | Sum=1.00
==================================================
Balance: $116.47 | Regime: CHOP | Session: 0W/0L (0%) | PnL: $+0.00
[Confidence] Score=4/10 | extreme_edge,coinbase_weak
[Timing] Window 10 min old — skipping
[Cycle] No signal — YES=0.99 is between 0.32 and 0.68, sum=1.00 >= 0.97
[Ticker] KXBTC15M-26APR082230-30
[Market] YES=0.98 | NO=0.02 | Sum=1.00
==================================================
Balance: $116.47 | Regime: CHOP | Session: 0W/0L (0%) | PnL: $+0.00
[Confidence] Score=4/10 | extreme_edge,coinbase_weak
[Timing] Window 11 min old — skipping
[Cycle] No signal — YES=0.98 is between 0.32 and 0.68, sum=1.00 >= 0.97
[Ticker] KXBTC15M-26APR082230-30
[Market] YES=1.00 | NO=0.00 | Sum=1.00
==================================================
Balance: $116.47 | Regime: CHOP | Session: 0W/0L (0%) | PnL: $+0.00
[Confidence] Score=4/10 | extreme_edge,coinbase_weak
[Timing] Window 12 min old — skipping
[Cycle] No signal — YES=1.00 is between 0.32 and 0.68, sum=1.00 >= 0.97
[Ticker] KXBTC15M-26APR082230-30
[Market] YES=1.00 | NO=0.00 | Sum=1.00
==================================================
Balance: $116.47 | Regime: CHOP | Session: 0W/0L (0%) | PnL: $+0.00
[Confidence] Score=4/10 | extreme_edge,coinbase_weak
[Timing] Window 13 min old — skipping
[Cycle] No signal — YES=1.00 is between 0.32 and 0.68, sum=1.00 >= 0.97
[Ticker] KXBTC15M-26APR082230-30
[Market] YES=1.00 | NO=0.00 | Sum=1.00
==================================================
Balance: $116.47 | Regime: CHOP | Session: 0W/0L (0%) | PnL: $+0.00
[Confidence] Score=4/10 | extreme_edge,coinbase_weak
[Timing] Window 14 min old — skipping
[Cycle] No signal — YES=1.00 is between 0.32 and 0.68, sum=1.00 >= 0.97
[Ticker] KXBTC15M-26APR082230-30
[Market] YES=1.00 | NO=0.00 | Sum=1.00
==================================================
Balance: $116.47 | Regime: CHOP | Session: 0W/0L (0%) | PnL: $+0.00
[Confidence] Score=4/10 | extreme_edge,coinbase_weak
[Timing] Window 0 min old — skipping
[Cycle] No signal — YES=1.00 is between 0.32 and 0.68, sum=1.00 >= 0.97
[Ticker] KXBTC15M-26APR082245-45
[Market] YES=0.56 | NO=0.45 | Sum=1.01
==================================================
Balance: $116.47 | Regime: CHOP | Session: 0W/0L (0%) | PnL: $+0.00
[Cycle] No signal — YES=0.56 is between 0.32 and 0.68, sum=1.01 >= 0.97
[Ticker] KXBTC15M-26APR082245-45
[Market] YES=0.52 | NO=0.49 | Sum=1.01
==================================================
Balance: $116.47 | Regime: CHOP | Session: 0W/0L (0%) | PnL: $+0.00
[Cycle] No signal — YES=0.52 is between 0.32 and 0.68, sum=1.01 >= 0.97
[Ticker] KXBTC15M-26APR082245-45
[Market] YES=0.68 | NO=0.33 | Sum=1.01
==================================================
Balance: $116.47 | Regime: CHOP | Session: 0W/0L (0%) | PnL: $+0.00
[Cycle] No signal — YES=0.68 is between 0.32 and 0.68, sum=1.01 >= 0.97
[Ticker] KXBTC15M-26APR082245-45
[Market] YES=0.63 | NO=0.39 | Sum=1.02
==================================================
Balance: $116.47 | Regime: CHOP | Session: 0W/0L (0%) | PnL: $+0.00
[Cycle] No signal — YES=0.63 is between 0.32 and 0.68, sum=1.02 >= 0.97
[Ticker] KXBTC15M-26APR082245-45
[Market] YES=0.55 | NO=0.46 | Sum=1.01
==================================================
Balance: $116.47 | Regime: CHOP | Session: 0W/0L (0%) | PnL: $+0.00
[Cycle] No signal — YES=0.55 is between 0.32 and 0.68, sum=1.01 >= 0.97
[Ticker] KXBTC15M-26APR082245-45
[Market] YES=0.63 | NO=0.39 | Sum=1.02
==================================================
Balance: $116.47 | Regime: CHOP | Session: 0W/0L (0%) | PnL: $+0.00
[Cycle] No signal — YES=0.63 is between 0.32 and 0.68, sum=1.02 >= 0.97
[Ticker] KXBTC15M-26APR082245-45
[Market] YES=0.49 | NO=0.53 | Sum=1.02
==================================================
Balance: $116.47 | Regime: CHOP | Session: 0W/0L (0%) | PnL: $+0.00
[Cycle] No signal — YES=0.49 is between 0.32 and 0.68, sum=1.02 >= 0.97
[Ticker] KXBTC15M-26APR082245-45
[Market] YES=0.34 | NO=0.67 | Sum=1.01
==================================================
Balance: $116.47 | Regime: CHOP | Session: 0W/0L (0%) | PnL: $+0.00
[Cycle] No signal — YES=0.34 is between 0.32 and 0.68, sum=1.01 >= 0.97
[Ticker] KXBTC15M-26APR082245-45
[Market] YES=0.58 | NO=0.43 | Sum=1.01
==================================================
Balance: $116.47 | Regime: CHOP | Session: 0W/0L (0%) | PnL: $+0.00
[Cycle] No signal — YES=0.58 is between 0.32 and 0.68, sum=1.01 >= 0.97
[Ticker] KXBTC15M-26APR082245-45
[Market] YES=0.47 | NO=0.54 | Sum=1.01
==================================================
Balance: $116.47 | Regime: CHOP | Session: 0W/0L (0%) | PnL: $+0.00
[Cycle] No signal — YES=0.47 is between 0.32 and 0.68, sum=1.01 >= 0.97
[Ticker] KXBTC15M-26APR082245-45
[Market] YES=0.12 | NO=0.89 | Sum=1.01
==================================================
Balance: $116.47 | Regime: CHOP | Session: 0W/0L (0%) | PnL: $+0.00
[Confidence] Score=5/10 | strong_edge,coinbase_weak,all3_agree
[Timing] Window 11 min old — skipping
[Cycle] No signal — YES=0.12 is between 0.32 and 0.68, sum=1.01 >= 0.97
[Ticker] KXBTC15M-26APR082245-45
[Market] YES=0.01 | NO=0.99 | Sum=1.00
==================================================
Balance: $116.47 | Regime: CHOP | Session: 0W/0L (0%) | PnL: $+0.00
[Confidence] Score=6/10 | extreme_edge,coinbase_weak,all3_agree
[Timing] Window 12 min old — skipping
[Cycle] No signal — YES=0.01 is between 0.32 and 0.68, sum=1.00 >= 0.97
[Ticker] KXBTC15M-26APR082245-45
[Market] YES=0.03 | NO=0.98 | Sum=1.01
==================================================
Balance: $116.47 | Regime: CHOP | Session: 0W/0L (0%) | PnL: $+0.00
[Confidence] Score=4/10 | extreme_edge,coinbase_weak
[Timing] Window 13 min old — skipping
[Cycle] No signal — YES=0.03 is between 0.32 and 0.68, sum=1.01 >= 0.97
[Ticker] KXBTC15M-26APR082245-45
[Market] YES=0.05 | NO=0.99 | Sum=1.03
==================================================
Balance: $116.47 | Regime: CHOP | Session: 0W/0L (0%) | PnL: $+0.00
[Confidence] Score=6/10 | extreme_edge,coinbase_weak,all3_agree
[Timing] Window 14 min old — skipping
[Cycle] No signal — YES=0.05 is between 0.32 and 0.68, sum=1.03 >= 0.97
[Ticker] KXBTC15M-26APR082300-00
[Market] YES=0.62 | NO=0.39 | Sum=1.01
==================================================
Balance: $116.47 | Regime: CHOP | Session: 0W/0L (0%) | PnL: $+0.00
[Cycle] No signal — YES=0.62 is between 0.32 and 0.68, sum=1.01 >= 0.97
[Ticker] KXBTC15M-26APR082300-00
[Market] YES=0.76 | NO=0.26 | Sum=1.02
==================================================
Balance: $116.47 | Regime: CHOP | Session: 0W/0L (0%) | PnL: $+0.00
[Confidence] Score=2/10 | moderate_edge,coinbase_weak
[Signal] UP candidate | yes=0.76 | waiting (1/2)
[Cycle] No signal — YES=0.76 is between 0.32 and 0.68, sum=1.02 >= 0.97
[Ticker] KXBTC15M-26APR082300-00
[Market] YES=0.78 | NO=0.23 | Sum=1.01
==================================================
Balance: $116.47 | Regime: CHOP | Session: 0W/0L (0%) | PnL: $+0.00
[Confidence] Score=2/10 | moderate_edge,coinbase_weak
[Coinbase] Confirms UP | $71087 gap=+79 (0.11%)
[Correlation] Markets diverging — bet trimmed
[Signal] CONFIRMED UP | yes=0.78 | edge=0.28 | bet=$2.05
[Safety] Balance $116.47 below floor $120.00
🛑 OpenClaw BTC Bot v4.0 halted: Balance $116.47 below floor $120.00

==================================================
OpenClaw BTC Bot v4.0 — LIVE
[Startup] Live balance synced: $116.47
Balance: $116.47 | MaxBet: $8.15 | Threshold: <0.32 or >0.68
==================================================

[Startup] Resting orders cleared
[Ticker] KXBTC15M-26APR082300-00
[Market] YES=0.82 | NO=0.19 | Sum=1.01
==================================================
Balance: $116.47 | Regime: CHOP | Session: 0W/0L (0%) | PnL: $+0.00
[Confidence] Score=3/10 | strong_edge,coinbase_weak
[Signal] UP candidate | yes=0.82 | waiting (1/2)
[Cycle] No signal — YES=0.82 is between 0.32 and 0.68, sum=1.01 >= 0.97
[Ticker] KXBTC15M-26APR082300-00
[Market] YES=0.87 | NO=0.14 | Sum=1.01
==================================================
Balance: $116.47 | Regime: CHOP | Session: 0W/0L (0%) | PnL: $+0.00
[Confidence] Score=3/10 | strong_edge,coinbase_weak
[Coinbase] Confirms UP | $71131 gap=+123 (0.17%)
[Correlation] 2/3 agree UP
[Signal] CONFIRMED UP | yes=0.87 | edge=0.37 | bet=$2.85
[Safety] Balance $116.47 below floor $120.00
🛑 OpenClaw BTC Bot v4.0 halted: Balance $116.47 below floor $120.00

==================================================
OpenClaw BTC Bot v4.0 — LIVE
[Startup] Live balance synced: $116.47
Balance: $116.47 | MaxBet: $8.15 | Threshold: <0.32 or >0.68
==================================================

[Startup] Resting orders cleared
[Ticker] KXBTC15M-26APR082300-00
[Market] YES=0.87 | NO=0.14 | Sum=1.01
==================================================
Balance: $116.47 | Regime: CHOP | Session: 0W/0L (0%) | PnL: $+0.00
[Confidence] Score=3/10 | strong_edge,coinbase_weak
[Signal] UP candidate | yes=0.87 | waiting (1/2)
[Cycle] No signal — YES=0.87 is between 0.32 and 0.68, sum=1.01 >= 0.97
[Ticker] KXBTC15M-26APR082300-00
[Market] YES=0.90 | NO=0.11 | Sum=1.01
==================================================
Balance: $116.47 | Regime: CHOP | Session: 0W/0L (0%) | PnL: $+0.00
[Confidence] Score=3/10 | strong_edge,coinbase_weak
[Coinbase] Confirms UP | $71136 gap=+128 (0.18%)
[Correlation] Markets diverging — bet trimmed
[Signal] CONFIRMED UP | yes=0.90 | edge=0.40 | bet=$2.56
[CorrGuard] 2 bots already fired — skipping to avoid correlated loss
[Cycle] No signal — YES=0.90 is between 0.32 and 0.68, sum=1.01 >= 0.97
[Ticker] KXBTC15M-26APR082300-00
[Market] YES=0.90 | NO=0.11 | Sum=1.01
==================================================
Balance: $116.47 | Regime: CHOP | Session: 0W/0L (0%) | PnL: $+0.00
[Confidence] Score=3/10 | strong_edge,coinbase_weak
[Timing] Window 5 min old — skipping
[Cycle] No signal — YES=0.90 is between 0.32 and 0.68, sum=1.01 >= 0.97
[Ticker] KXBTC15M-26APR082300-00
[Market] YES=0.91 | NO=0.10 | Sum=1.01
==================================================
Balance: $116.47 | Regime: CHOP | Session: 0W/0L (0%) | PnL: $+0.00
[Confidence] Score=3/10 | strong_edge,coinbase_weak
[Timing] Window 6 min old — skipping
[Cycle] No signal — YES=0.91 is between 0.32 and 0.68, sum=1.01 >= 0.97
[Ticker] KXBTC15M-26APR082300-00
[Market] YES=0.98 | NO=0.03 | Sum=1.00
==================================================
Balance: $116.47 | Regime: CHOP | Session: 0W/0L (0%) | PnL: $+0.00
[Confidence] Score=4/10 | extreme_edge,coinbase_weak
[Timing] Window 7 min old — skipping
[Cycle] No signal — YES=0.98 is between 0.32 and 0.68, sum=1.00 >= 0.97
[Ticker] KXBTC15M-26APR082300-00
[Market] YES=0.96 | NO=0.04 | Sum=1.00
==================================================
Balance: $116.47 | Regime: CHOP | Session: 0W/0L (0%) | PnL: $+0.00
[Confidence] Score=4/10 | extreme_edge,coinbase_weak
[Timing] Window 8 min old — skipping
[Cycle] No signal — YES=0.96 is between 0.32 and 0.68, sum=1.00 >= 0.97
[Ticker] KXBTC15M-26APR082300-00
[Market] YES=0.99 | NO=0.02 | Sum=1.00
==================================================
Balance: $116.47 | Regime: CHOP | Session: 0W/0L (0%) | PnL: $+0.00
[Confidence] Score=4/10 | extreme_edge,coinbase_weak
[Timing] Window 9 min old — skipping
[Cycle] No signal — YES=0.99 is between 0.32 and 0.68, sum=1.00 >= 0.97
[Ticker] KXBTC15M-26APR082300-00
[Market] YES=0.99 | NO=0.02 | Sum=1.01
==================================================
Balance: $116.47 | Regime: CHOP | Session: 0W/0L (0%) | PnL: $+0.00
[Confidence] Score=4/10 | extreme_edge,coinbase_weak
[Timing] Window 10 min old — skipping
[Cycle] No signal — YES=0.99 is between 0.32 and 0.68, sum=1.01 >= 0.97
[Ticker] KXBTC15M-26APR082300-00
[Market] YES=0.97 | NO=0.04 | Sum=1.00
==================================================
Balance: $116.47 | Regime: CHOP | Session: 0W/0L (0%) | PnL: $+0.00
[Confidence] Score=4/10 | extreme_edge,coinbase_weak
[Timing] Window 11 min old — skipping
[Cycle] No signal — YES=0.97 is between 0.32 and 0.68, sum=1.00 >= 0.97
[Ticker] KXBTC15M-26APR082300-00
[Market] YES=0.95 | NO=0.05 | Sum=1.00
==================================================
Balance: $116.47 | Regime: CHOP | Session: 0W/0L (0%) | PnL: $+0.00
[Confidence] Score=3/10 | strong_edge,coinbase_weak
[Timing] Window 12 min old — skipping
[Cycle] No signal — YES=0.95 is between 0.32 and 0.68, sum=1.00 >= 0.97
[Ticker] KXBTC15M-26APR082300-00
[Market] YES=0.99 | NO=0.01 | Sum=1.00
==================================================
Balance: $116.47 | Regime: CHOP | Session: 0W/0L (0%) | PnL: $+0.00
[Confidence] Score=4/10 | extreme_edge,coinbase_weak
[Timing] Window 13 min old — skipping
[Cycle] No signal — YES=0.99 is between 0.32 and 0.68, sum=1.00 >= 0.97
[Ticker] KXBTC15M-26APR082300-00
[Market] YES=1.00 | NO=0.00 | Sum=1.00
==================================================
Balance: $116.47 | Regime: CHOP | Session: 0W/0L (0%) | PnL: $+0.00
[Confidence] Score=4/10 | extreme_edge,coinbase_weak
[Timing] Window 14 min old — skipping
[Cycle] No signal — YES=1.00 is between 0.32 and 0.68, sum=1.00 >= 0.97
[Ticker] KXBTC15M-26APR082315-15
[Market] YES=0.46 | NO=0.55 | Sum=1.01
==================================================
Balance: $116.47 | Regime: CHOP | Session: 0W/0L (0%) | PnL: $+0.00
[Cycle] No signal — YES=0.46 is between 0.32 and 0.68, sum=1.01 >= 0.97
[Ticker] KXBTC15M-26APR082315-15
[Market] YES=0.48 | NO=0.54 | Sum=1.02
==================================================
Balance: $116.47 | Regime: CHOP | Session: 0W/0L (0%) | PnL: $+0.00
[Cycle] No signal — YES=0.48 is between 0.32 and 0.68, sum=1.02 >= 0.97
[Ticker] KXBTC15M-26APR082315-15
[Market] YES=0.57 | NO=0.44 | Sum=1.01
==================================================
Balance: $116.47 | Regime: CHOP | Session: 0W/0L (0%) | PnL: $+0.00
[Cycle] No signal — YES=0.57 is between 0.32 and 0.68, sum=1.01 >= 0.97
[Ticker] KXBTC15M-26APR082315-15
[Market] YES=0.58 | NO=0.43 | Sum=1.01
==================================================
Balance: $116.47 | Regime: CHOP | Session: 0W/0L (0%) | PnL: $+0.00
[Cycle] No signal — YES=0.58 is between 0.32 and 0.68, sum=1.01 >= 0.97
[Ticker] KXBTC15M-26APR082315-15
[Market] YES=0.61 | NO=0.40 | Sum=1.01
==================================================
Balance: $116.47 | Regime: CHOP | Session: 0W/0L (0%) | PnL: $+0.00
[Cycle] No signal — YES=0.61 is between 0.32 and 0.68, sum=1.01 >= 0.97
[Ticker] KXBTC15M-26APR082315-15
[Market] YES=0.69 | NO=0.32 | Sum=1.01
==================================================
Balance: $116.47 | Regime: CHOP | Session: 0W/0L (0%) | PnL: $+0.00
[Signal] Edge 0.19 below minimum 0.2 — skipping
[Cycle] No signal — YES=0.69 is between 0.32 and 0.68, sum=1.01 >= 0.97
[Ticker] KXBTC15M-26APR082315-15
[Market] YES=0.65 | NO=0.36 | Sum=1.01
==================================================
Balance: $116.47 | Regime: CHOP | Session: 0W/0L (0%) | PnL: $+0.00
[Cycle] No signal — YES=0.65 is between 0.32 and 0.68, sum=1.01 >= 0.97
[Ticker] KXBTC15M-26APR082315-15
[Market] YES=0.22 | NO=0.79 | Sum=1.01
==================================================
Balance: $116.47 | Regime: CHOP | Session: 0W/0L (0%) | PnL: $+0.00
[Confidence] Score=5/10 | moderate_edge,coinbase_weak,all3_agree,peak_hour
[Timing] Window 7 min old — skipping
[Cycle] No signal — YES=0.22 is between 0.32 and 0.68, sum=1.01 >= 0.97
[Ticker] KXBTC15M-26APR082315-15
[Market] YES=0.25 | NO=0.76 | Sum=1.01
==================================================
Balance: $116.47 | Regime: CHOP | Session: 0W/0L (0%) | PnL: $+0.00
[Confidence] Score=5/10 | moderate_edge,coinbase_weak,all3_agree,peak_hour
[Timing] Window 8 min old — skipping
[Cycle] No signal — YES=0.25 is between 0.32 and 0.68, sum=1.01 >= 0.97
[Ticker] KXBTC15M-26APR082315-15
[Market] YES=0.22 | NO=0.79 | Sum=1.01
==================================================
Balance: $116.47 | Regime: CHOP | Session: 0W/0L (0%) | PnL: $+0.00
[Confidence] Score=5/10 | moderate_edge,coinbase_weak,all3_agree,peak_hour
[Timing] Window 9 min old — skipping
[Cycle] No signal — YES=0.22 is between 0.32 and 0.68, sum=1.01 >= 0.97
[Ticker] KXBTC15M-26APR082315-15
[Market] YES=0.09 | NO=0.92 | Sum=1.01
==================================================
Balance: $116.47 | Regime: CHOP | Session: 0W/0L (0%) | PnL: $+0.00
[Confidence] Score=6/10 | strong_edge,coinbase_weak,all3_agree,peak_hour
[Timing] Window 10 min old — skipping
[Cycle] No signal — YES=0.09 is between 0.32 and 0.68, sum=1.01 >= 0.97
[Ticker] KXBTC15M-26APR082315-15
[Market] YES=0.04 | NO=0.97 | Sum=1.00
==================================================
Balance: $116.47 | Regime: CHOP | Session: 0W/0L (0%) | PnL: $+0.00
[Confidence] Score=6/10 | extreme_edge,coinbase_weak,2of3_agree,peak_hour
[Timing] Window 11 min old — skipping
[Cycle] No signal — YES=0.04 is between 0.32 and 0.68, sum=1.00 >= 0.97
[Ticker] KXBTC15M-26APR082315-15
[Market] YES=0.02 | NO=0.98 | Sum=1.00
==================================================
Balance: $116.47 | Regime: CHOP | Session: 0W/0L (0%) | PnL: $+0.00
[Confidence] Score=7/10 | extreme_edge,coinbase_weak,all3_agree,peak_hour
[Timing] Window 12 min old — skipping
[Cycle] No signal — YES=0.02 is between 0.32 and 0.68, sum=1.00 >= 0.97
[Ticker] KXBTC15M-26APR082315-15
[Market] YES=0.02 | NO=0.99 | Sum=1.01
==================================================
Balance: $116.47 | Regime: CHOP | Session: 0W/0L (0%) | PnL: $+0.00
[Confidence] Score=7/10 | extreme_edge,coinbase_weak,all3_agree,peak_hour
[Timing] Window 13 min old — skipping
[Cycle] No signal — YES=0.02 is between 0.32 and 0.68, sum=1.01 >= 0.97
[Ticker] KXBTC15M-26APR082315-15
[Market] YES=0.00 | NO=1.00 | Sum=1.00
==================================================
Balance: $116.47 | Regime: CHOP | Session: 0W/0L (0%) | PnL: $+0.00
[Confidence] Score=7/10 | extreme_edge,coinbase_weak,all3_agree,peak_hour
[Timing] Window 14 min old — skipping
[Cycle] No signal — YES=0.00 is between 0.32 and 0.68, sum=1.00 >= 0.97
[Ticker] KXBTC15M-26APR082330-30
[Market] YES=0.52 | NO=0.49 | Sum=1.01
==================================================
Balance: $116.47 | Regime: CHOP | Session: 0W/0L (0%) | PnL: $+0.00
[Cycle] No signal — YES=0.52 is between 0.32 and 0.68, sum=1.01 >= 0.97
[Ticker] KXBTC15M-26APR082330-30
[Market] YES=0.62 | NO=0.39 | Sum=1.01
==================================================
Balance: $116.47 | Regime: CHOP | Session: 0W/0L (0%) | PnL: $+0.00
[Cycle] No signal — YES=0.62 is between 0.32 and 0.68, sum=1.01 >= 0.97
[Ticker] KXBTC15M-26APR082330-30
[Market] YES=0.59 | NO=0.43 | Sum=1.02
==================================================
Balance: $116.47 | Regime: CHOP | Session: 0W/0L (0%) | PnL: $+0.00
[Cycle] No signal — YES=0.59 is between 0.32 and 0.68, sum=1.02 >= 0.97
[Ticker] KXBTC15M-26APR082330-30
[Market] YES=0.36 | NO=0.65 | Sum=1.01
==================================================
Balance: $116.47 | Regime: CHOP | Session: 0W/0L (0%) | PnL: $+0.00
[Cycle] No signal — YES=0.36 is between 0.32 and 0.68, sum=1.01 >= 0.97
[Ticker] KXBTC15M-26APR082330-30
[Market] YES=0.46 | NO=0.55 | Sum=1.01
==================================================
Balance: $116.47 | Regime: CHOP | Session: 0W/0L (0%) | PnL: $+0.00
[Cycle] No signal — YES=0.46 is between 0.32 and 0.68, sum=1.01 >= 0.97
[Ticker] KXBTC15M-26APR082330-30
[Market] YES=0.31 | NO=0.70 | Sum=1.01
==================================================
Balance: $116.47 | Regime: CHOP | Session: 0W/0L (0%) | PnL: $+0.00
[Signal] Edge 0.19 below minimum 0.2 — skipping
[Cycle] No signal — YES=0.31 is between 0.32 and 0.68, sum=1.01 >= 0.97
[Ticker] KXBTC15M-26APR082330-30
[Market] YES=0.49 | NO=0.52 | Sum=1.01
==================================================
Balance: $116.47 | Regime: CHOP | Session: 0W/0L (0%) | PnL: $+0.00
[Cycle] No signal — YES=0.49 is between 0.32 and 0.68, sum=1.01 >= 0.97
[Ticker] KXBTC15M-26APR082330-30
[Market] YES=0.48 | NO=0.53 | Sum=1.01
==================================================
Balance: $116.47 | Regime: CHOP | Session: 0W/0L (0%) | PnL: $+0.00
[Cycle] No signal — YES=0.48 is between 0.32 and 0.68, sum=1.01 >= 0.97
[Ticker] KXBTC15M-26APR082330-30
[Market] YES=0.47 | NO=0.55 | Sum=1.02
==================================================
Balance: $116.47 | Regime: CHOP | Session: 0W/0L (0%) | PnL: $+0.00
[Cycle] No signal — YES=0.47 is between 0.32 and 0.68, sum=1.02 >= 0.97
[Ticker] KXBTC15M-26APR082330-30
[Market] YES=0.54 | NO=0.47 | Sum=1.01
==================================================
Balance: $116.47 | Regime: CHOP | Session: 0W/0L (0%) | PnL: $+0.00
[Cycle] No signal — YES=0.54 is between 0.32 and 0.68, sum=1.01 >= 0.97
[Ticker] KXBTC15M-26APR082330-30
[Market] YES=0.44 | NO=0.57 | Sum=1.01
==================================================
Balance: $116.47 | Regime: CHOP | Session: 0W/0L (0%) | PnL: $+0.00
[Cycle] No signal — YES=0.44 is between 0.32 and 0.68, sum=1.01 >= 0.97
[Ticker] KXBTC15M-26APR082330-30
[Market] YES=0.60 | NO=0.41 | Sum=1.01
==================================================
Balance: $116.47 | Regime: CHOP | Session: 0W/0L (0%) | PnL: $+0.00
[Cycle] No signal — YES=0.60 is between 0.32 and 0.68, sum=1.01 >= 0.97
[Ticker] KXBTC15M-26APR082330-30
[Market] YES=0.10 | NO=0.92 | Sum=1.02
==================================================
Balance: $116.47 | Regime: CHOP | Session: 0W/0L (0%) | PnL: $+0.00
[Confidence] Score=5/10 | strong_edge,coinbase_weak,2of3_agree,peak_hour
[Timing] Window 12 min old — skipping
[Cycle] No signal — YES=0.10 is between 0.32 and 0.68, sum=1.02 >= 0.97
[Ticker] KXBTC15M-26APR082330-30
[Market] YES=0.01 | NO=1.00 | Sum=1.01
==================================================
Balance: $116.47 | Regime: CHOP | Session: 0W/0L (0%) | PnL: $+0.00
[Confidence] Score=7/10 | extreme_edge,coinbase_weak,all3_agree,peak_hour
[Timing] Window 13 min old — skipping
[Cycle] No signal — YES=0.01 is between 0.32 and 0.68, sum=1.01 >= 0.97
[Ticker] KXBTC15M-26APR082330-30
[Market] YES=0.00 | NO=1.00 | Sum=1.00
==================================================
Balance: $116.47 | Regime: CHOP | Session: 0W/0L (0%) | PnL: $+0.00
[Confidence] Score=6/10 | extreme_edge,coinbase_weak,2of3_agree,peak_hour
[Timing] Window 14 min old — skipping
[Cycle] No signal — YES=0.00 is between 0.32 and 0.68, sum=1.00 >= 0.97
[Ticker] KXBTC15M-26APR082345-45
[Market] YES=0.60 | NO=0.41 | Sum=1.01
==================================================
Balance: $116.47 | Regime: CHOP | Session: 0W/0L (0%) | PnL: $+0.00
[Cycle] No signal — YES=0.60 is between 0.32 and 0.68, sum=1.01 >= 0.97
[Ticker] KXBTC15M-26APR082345-45
[Market] YES=0.71 | NO=0.30 | Sum=1.01
==================================================
Balance: $116.47 | Regime: CHOP | Session: 0W/0L (0%) | PnL: $+0.00
[Confidence] Score=3/10 | moderate_edge,coinbase_weak,peak_hour
[Signal] UP candidate | yes=0.71 | waiting (1/2)
[Cycle] No signal — YES=0.71 is between 0.32 and 0.68, sum=1.01 >= 0.97
[Ticker] KXBTC15M-26APR082345-45
[Market] YES=0.71 | NO=0.30 | Sum=1.01
==================================================
Balance: $116.47 | Regime: CHOP | Session: 0W/0L (0%) | PnL: $+0.00
[Confidence] Score=3/10 | moderate_edge,coinbase_weak,peak_hour
[Coinbase] Confirms UP | $70963 gap=+47 (0.07%)
[Correlation] 2/3 agree UP
[Signal] CONFIRMED UP | yes=0.71 | edge=0.21 | bet=$2.45
[Safety] Balance $116.47 below floor $120.00
🛑 OpenClaw BTC Bot v4.0 halted: Balance $116.47 below floor $120.00

==================================================
OpenClaw BTC Bot v4.0 — LIVE
[Startup] Live balance synced: $116.47
Balance: $116.47 | MaxBet: $11.65 | Threshold: <0.32 or >0.68
==================================================

[Startup] Resting orders cleared
[Ticker] KXBTC15M-26APR082345-45
[Market] YES=0.66 | NO=0.35 | Sum=1.01
==================================================
Balance: $116.47 | Regime: CHOP | Session: 0W/0L (0%) | PnL: $+0.00
[Cycle] No signal — YES=0.66 is between 0.32 and 0.68, sum=1.01 >= 0.97
[Ticker] KXBTC15M-26APR082345-45
[Market] YES=0.67 | NO=0.34 | Sum=1.01
==================================================
Balance: $116.47 | Regime: CHOP | Session: 0W/0L (0%) | PnL: $+0.00
[Cycle] No signal — YES=0.67 is between 0.32 and 0.68, sum=1.01 >= 0.97
[Ticker] KXBTC15M-26APR082345-45
[Market] YES=0.72 | NO=0.29 | Sum=1.01
==================================================
Balance: $116.47 | Regime: CHOP | Session: 0W/0L (0%) | PnL: $+0.00
[Confidence] Score=3/10 | moderate_edge,coinbase_weak,peak_hour
[Signal] UP candidate | yes=0.72 | waiting (1/2)
[Cycle] No signal — YES=0.72 is between 0.32 and 0.68, sum=1.01 >= 0.97
[Ticker] KXBTC15M-26APR082345-45
[Market] YES=0.83 | NO=0.18 | Sum=1.01
==================================================
Balance: $116.47 | Regime: CHOP | Session: 0W/0L (0%) | PnL: $+0.00
[Confidence] Score=4/10 | strong_edge,coinbase_weak,peak_hour
[Timing] Window 5 min old — skipping
[Cycle] No signal — YES=0.83 is between 0.32 and 0.68, sum=1.01 >= 0.97
[Ticker] KXBTC15M-26APR082345-45
[Market] YES=0.80 | NO=0.21 | Sum=1.01
==================================================
Balance: $116.47 | Regime: CHOP | Session: 0W/0L (0%) | PnL: $+0.00
[Confidence] Score=4/10 | strong_edge,coinbase_weak,peak_hour
[Timing] Window 6 min old — skipping
[Cycle] No signal — YES=0.80 is between 0.32 and 0.68, sum=1.01 >= 0.97
[Ticker] KXBTC15M-26APR082345-45
[Market] YES=0.68 | NO=0.33 | Sum=1.01
==================================================
Balance: $116.47 | Regime: CHOP | Session: 0W/0L (0%) | PnL: $+0.00
[Cycle] No signal — YES=0.68 is between 0.32 and 0.68, sum=1.01 >= 0.97
[Ticker] KXBTC15M-26APR082345-45
[Market] YES=0.66 | NO=0.35 | Sum=1.01
==================================================
Balance: $116.47 | Regime: CHOP | Session: 0W/0L (0%) | PnL: $+0.00
[Cycle] No signal — YES=0.66 is between 0.32 and 0.68, sum=1.01 >= 0.97
[Ticker] KXBTC15M-26APR082345-45
[Market] YES=0.72 | NO=0.30 | Sum=1.02
==================================================
Balance: $116.47 | Regime: CHOP | Session: 0W/0L (0%) | PnL: $+0.00
[Confidence] Score=3/10 | moderate_edge,coinbase_weak,peak_hour
[Timing] Window 9 min old — skipping
[Cycle] No signal — YES=0.72 is between 0.32 and 0.68, sum=1.02 >= 0.97
[Ticker] KXBTC15M-26APR082345-45
[Market] YES=0.60 | NO=0.41 | Sum=1.01
==================================================
Balance: $116.47 | Regime: CHOP | Session: 0W/0L (0%) | PnL: $+0.00
[Cycle] No signal — YES=0.60 is between 0.32 and 0.68, sum=1.01 >= 0.97
[Ticker] KXBTC15M-26APR082345-45
[Market] YES=0.47 | NO=0.54 | Sum=1.01
==================================================
Balance: $116.47 | Regime: CHOP | Session: 0W/0L (0%) | PnL: $+0.00
[Cycle] No signal — YES=0.47 is between 0.32 and 0.68, sum=1.01 >= 0.97
[Ticker] KXBTC15M-26APR082345-45
[Market] YES=0.36 | NO=0.65 | Sum=1.01
==================================================
Balance: $116.47 | Regime: CHOP | Session: 0W/0L (0%) | PnL: $+0.00
[Cycle] No signal — YES=0.36 is between 0.32 and 0.68, sum=1.01 >= 0.97
[Ticker] KXBTC15M-26APR082345-45
[Market] YES=0.26 | NO=0.76 | Sum=1.02
==================================================
Balance: $116.47 | Regime: CHOP | Session: 0W/0L (0%) | PnL: $+0.00
[Confidence] Score=5/10 | moderate_edge,coinbase_weak,all3_agree,peak_hour
[Timing] Window 13 min old — skipping
[Cycle] No signal — YES=0.26 is between 0.32 and 0.68, sum=1.02 >= 0.97
[Ticker] KXBTC15M-26APR082345-45
[Market] YES=0.99 | NO=0.02 | Sum=1.01
==================================================
Balance: $116.47 | Regime: CHOP | Session: 0W/0L (0%) | PnL: $+0.00
[Confidence] Score=5/10 | extreme_edge,coinbase_weak,peak_hour
[Timing] Window 14 min old — skipping
[Cycle] No signal — YES=0.99 is between 0.32 and 0.68, sum=1.01 >= 0.97
[Ticker] KXBTC15M-26APR090000-00
[Market] YES=0.37 | NO=0.64 | Sum=1.01
==================================================
Balance: $116.47 | Regime: CHOP | Session: 0W/0L (0%) | PnL: $+0.00
[Cycle] No signal — YES=0.37 is between 0.32 and 0.68, sum=1.01 >= 0.97
[Ticker] KXBTC15M-26APR090000-00
[Market] YES=0.50 | NO=0.51 | Sum=1.01
==================================================
Balance: $116.47 | Regime: CHOP | Session: 0W/0L (0%) | PnL: $+0.00
[Cycle] No signal — YES=0.50 is between 0.32 and 0.68, sum=1.01 >= 0.97
[Ticker] KXBTC15M-26APR090000-00
[Market] YES=0.37 | NO=0.64 | Sum=1.01
==================================================
Balance: $116.47 | Regime: CHOP | Session: 0W/0L (0%) | PnL: $+0.00
[Cycle] No signal — YES=0.37 is between 0.32 and 0.68, sum=1.01 >= 0.97
[Ticker] KXBTC15M-26APR090000-00
[Market] YES=0.52 | NO=0.49 | Sum=1.01
==================================================
Balance: $116.47 | Regime: CHOP | Session: 0W/0L (0%) | PnL: $+0.00
[Cycle] No signal — YES=0.52 is between 0.32 and 0.68, sum=1.01 >= 0.97
[Ticker] KXBTC15M-26APR090000-00
[Market] YES=0.74 | NO=0.27 | Sum=1.01
==================================================
Balance: $116.47 | Regime: CHOP | Session: 0W/0L (0%) | PnL: $+0.00
[Confidence] Score=3/10 | moderate_edge,coinbase_weak,peak_hour
[Signal] UP candidate | yes=0.74 | waiting (1/2)
[Cycle] No signal — YES=0.74 is between 0.32 and 0.68, sum=1.01 >= 0.97
[Ticker] KXBTC15M-26APR090000-00
[Market] YES=0.88 | NO=0.13 | Sum=1.01
==================================================
Balance: $116.47 | Regime: CHOP | Session: 0W/0L (0%) | PnL: $+0.00
[Confidence] Score=4/10 | strong_edge,coinbase_weak,peak_hour
[Timing] Window 5 min old — skipping
[Cycle] No signal — YES=0.88 is between 0.32 and 0.68, sum=1.01 >= 0.97
[Ticker] KXBTC15M-26APR090000-00
[Market] YES=0.93 | NO=0.09 | Sum=1.02
==================================================
Balance: $116.47 | Regime: CHOP | Session: 0W/0L (0%) | PnL: $+0.00
[Confidence] Score=4/10 | strong_edge,coinbase_weak,peak_hour
[Timing] Window 6 min old — skipping
[Cycle] No signal — YES=0.93 is between 0.32 and 0.68, sum=1.02 >= 0.97
[Ticker] KXBTC15M-26APR090000-00
[Market] YES=0.95 | NO=0.07 | Sum=1.01
==================================================
Balance: $116.47 | Regime: CHOP | Session: 0W/0L (0%) | PnL: $+0.00
[Confidence] Score=4/10 | strong_edge,coinbase_weak,peak_hour
[Timing] Window 7 min old — skipping
[Cycle] No signal — YES=0.95 is between 0.32 and 0.68, sum=1.01 >= 0.97
[Ticker] KXBTC15M-26APR090000-00
[Market] YES=0.92 | NO=0.09 | Sum=1.01
==================================================
Balance: $116.47 | Regime: CHOP | Session: 0W/0L (0%) | PnL: $+0.00
[Confidence] Score=4/10 | strong_edge,coinbase_weak,peak_hour
[Timing] Window 8 min old — skipping
[Cycle] No signal — YES=0.92 is between 0.32 and 0.68, sum=1.01 >= 0.97
[Ticker] KXBTC15M-26APR090000-00
[Market] YES=0.96 | NO=0.04 | Sum=1.00
==================================================
Balance: $116.47 | Regime: CHOP | Session: 0W/0L (0%) | PnL: $+0.00
[Confidence] Score=5/10 | extreme_edge,coinbase_weak,peak_hour
[Timing] Window 9 min old — skipping
[Cycle] No signal — YES=0.96 is between 0.32 and 0.68, sum=1.00 >= 0.97
[Ticker] KXBTC15M-26APR090000-00
[Market] YES=0.96 | NO=0.04 | Sum=1.00
==================================================
Balance: $116.47 | Regime: CHOP | Session: 0W/0L (0%) | PnL: $+0.00
[Confidence] Score=5/10 | extreme_edge,coinbase_weak,peak_hour
[Timing] Window 10 min old — skipping
[Cycle] No signal — YES=0.96 is between 0.32 and 0.68, sum=1.00 >= 0.97
[Ticker] KXBTC15M-26APR090000-00
[Market] YES=0.98 | NO=0.02 | Sum=1.00
==================================================
Balance: $116.47 | Regime: CHOP | Session: 0W/0L (0%) | PnL: $+0.00
[Confidence] Score=5/10 | extreme_edge,coinbase_weak,peak_hour
[Timing] Window 11 min old — skipping
[Cycle] No signal — YES=0.98 is between 0.32 and 0.68, sum=1.00 >= 0.97
[Ticker] KXBTC15M-26APR090000-00
[Market] YES=1.00 | NO=0.01 | Sum=1.00
==================================================
Balance: $116.47 | Regime: CHOP | Session: 0W/0L (0%) | PnL: $+0.00
[Confidence] Score=5/10 | extreme_edge,coinbase_weak,peak_hour
[Timing] Window 12 min old — skipping
[Cycle] No signal — YES=1.00 is between 0.32 and 0.68, sum=1.00 >= 0.97
[Ticker] KXBTC15M-26APR090000-00
[Market] YES=1.00 | NO=0.00 | Sum=1.00
==================================================
Balance: $116.47 | Regime: CHOP | Session: 0W/0L (0%) | PnL: $+0.00
[Confidence] Score=5/10 | extreme_edge,coinbase_weak,peak_hour
[Timing] Window 13 min old — skipping
[Cycle] No signal — YES=1.00 is between 0.32 and 0.68, sum=1.00 >= 0.97
[Ticker] KXBTC15M-26APR090000-00
[Market] YES=1.00 | NO=0.00 | Sum=1.00
==================================================
Balance: $116.47 | Regime: CHOP | Session: 0W/0L (0%) | PnL: $+0.00
[Confidence] Score=5/10 | extreme_edge,coinbase_weak,peak_hour
[Timing] Window 14 min old — skipping
[Cycle] No signal — YES=1.00 is between 0.32 and 0.68, sum=1.00 >= 0.97
[Ticker] KXBTC15M-26APR090015-15
[Market] YES=0.60 | NO=0.42 | Sum=1.02
==================================================
Balance: $116.47 | Regime: CHOP | Session: 0W/0L (0%) | PnL: $+0.00
[Cycle] No signal — YES=0.60 is between 0.32 and 0.68, sum=1.02 >= 0.97
[Ticker] KXBTC15M-26APR090015-15
[Market] YES=0.44 | NO=0.57 | Sum=1.01
==================================================
Balance: $116.47 | Regime: CHOP | Session: 0W/0L (0%) | PnL: $+0.00
[Cycle] No signal — YES=0.44 is between 0.32 and 0.68, sum=1.01 >= 0.97
[Ticker] KXBTC15M-26APR090015-15
[Market] YES=0.53 | NO=0.49 | Sum=1.02
==================================================
Balance: $116.47 | Regime: CHOP | Session: 0W/0L (0%) | PnL: $+0.00
[Cycle] No signal — YES=0.53 is between 0.32 and 0.68, sum=1.02 >= 0.97
[Ticker] KXBTC15M-26APR090015-15
[Market] YES=0.41 | NO=0.60 | Sum=1.01
==================================================
Balance: $116.47 | Regime: CHOP | Session: 0W/0L (0%) | PnL: $+0.00
[Cycle] No signal — YES=0.41 is between 0.32 and 0.68, sum=1.01 >= 0.97
[Ticker] KXBTC15M-26APR090015-15
[Market] YES=0.53 | NO=0.48 | Sum=1.01
==================================================
Balance: $116.47 | Regime: CHOP | Session: 0W/0L (0%) | PnL: $+0.00
[Cycle] No signal — YES=0.53 is between 0.32 and 0.68, sum=1.01 >= 0.97
[Ticker] KXBTC15M-26APR090015-15
[Market] YES=0.60 | NO=0.41 | Sum=1.01
==================================================
Balance: $116.47 | Regime: CHOP | Session: 0W/0L (0%) | PnL: $+0.00
[Cycle] No signal — YES=0.60 is between 0.32 and 0.68, sum=1.01 >= 0.97
[Ticker] KXBTC15M-26APR090015-15
[Market] YES=0.66 | NO=0.36 | Sum=1.02
==================================================
Balance: $116.47 | Regime: CHOP | Session: 0W/0L (0%) | PnL: $+0.00
[Cycle] No signal — YES=0.66 is between 0.32 and 0.68, sum=1.02 >= 0.97
[Ticker] KXBTC15M-26APR090015-15
[Market] YES=0.54 | NO=0.47 | Sum=1.01
==================================================
Balance: $116.47 | Regime: CHOP | Session: 0W/0L (0%) | PnL: $+0.00
[Cycle] No signal — YES=0.54 is between 0.32 and 0.68, sum=1.01 >= 0.97
[Ticker] KXBTC15M-26APR090015-15
[Market] YES=0.25 | NO=0.76 | Sum=1.01
==================================================
Balance: $116.47 | Regime: CHOP | Session: 0W/0L (0%) | PnL: $+0.00
[Confidence] Score=4/10 | moderate_edge,coinbase_weak,all3_agree
[Timing] Window 8 min old — skipping
[Cycle] No signal — YES=0.25 is between 0.32 and 0.68, sum=1.01 >= 0.97
[Ticker] KXBTC15M-26APR090015-15
[Market] YES=0.26 | NO=0.75 | Sum=1.01
==================================================
Balance: $116.47 | Regime: CHOP | Session: 0W/0L (0%) | PnL: $+0.00
[Confidence] Score=4/10 | moderate_edge,coinbase_weak,all3_agree
[Timing] Window 9 min old — skipping
[Cycle] No signal — YES=0.26 is between 0.32 and 0.68, sum=1.01 >= 0.97
[Ticker] KXBTC15M-26APR090015-15
[Market] YES=0.28 | NO=0.73 | Sum=1.01
==================================================
Balance: $116.47 | Regime: CHOP | Session: 0W/0L (0%) | PnL: $+0.00
[Confidence] Score=4/10 | moderate_edge,coinbase_weak,all3_agree
[Timing] Window 10 min old — skipping
[Cycle] No signal — YES=0.28 is between 0.32 and 0.68, sum=1.01 >= 0.97
[Ticker] KXBTC15M-26APR090015-15
[Market] YES=0.18 | NO=0.83 | Sum=1.01
==================================================
Balance: $116.47 | Regime: CHOP | Session: 0W/0L (0%) | PnL: $+0.00
[Confidence] Score=4/10 | strong_edge,coinbase_weak,2of3_agree
[Timing] Window 11 min old — skipping
[Cycle] No signal — YES=0.18 is between 0.32 and 0.68, sum=1.01 >= 0.97
[Ticker] KXBTC15M-26APR090015-15
[Market] YES=0.13 | NO=0.89 | Sum=1.02
==================================================
Balance: $116.47 | Regime: CHOP | Session: 0W/0L (0%) | PnL: $+0.00
[Confidence] Score=5/10 | strong_edge,coinbase_weak,all3_agree
[Timing] Window 12 min old — skipping
[Cycle] No signal — YES=0.13 is between 0.32 and 0.68, sum=1.02 >= 0.97
[Ticker] KXBTC15M-26APR090015-15
[Market] YES=0.00 | NO=1.00 | Sum=1.00
==================================================
Balance: $116.47 | Regime: CHOP | Session: 0W/0L (0%) | PnL: $+0.00
[Confidence] Score=6/10 | extreme_edge,coinbase_weak,all3_agree
[Timing] Window 13 min old — skipping
[Cycle] No signal — YES=0.00 is between 0.32 and 0.68, sum=1.00 >= 0.97
[Ticker] KXBTC15M-26APR090015-15
[Market] YES=0.00 | NO=1.00 | Sum=1.00
==================================================
Balance: $116.47 | Regime: CHOP | Session: 0W/0L (0%) | PnL: $+0.00
[Confidence] Score=6/10 | extreme_edge,coinbase_weak,all3_agree
[Timing] Window 14 min old — skipping
[Cycle] No signal — YES=0.00 is between 0.32 and 0.68, sum=1.00 >= 0.97
[Ticker] KXBTC15M-26APR090030-30
[Market] YES=0.42 | NO=0.60 | Sum=1.02
==================================================
Balance: $116.47 | Regime: CHOP | Session: 0W/0L (0%) | PnL: $+0.00
[Cycle] No signal — YES=0.42 is between 0.32 and 0.68, sum=1.02 >= 0.97
[Ticker] KXBTC15M-26APR090030-30
[Market] YES=0.49 | NO=0.52 | Sum=1.01
==================================================
Balance: $116.47 | Regime: CHOP | Session: 0W/0L (0%) | PnL: $+0.00
[Cycle] No signal — YES=0.49 is between 0.32 and 0.68, sum=1.01 >= 0.97
[Ticker] KXBTC15M-26APR090030-30
[Market] YES=0.49 | NO=0.55 | Sum=1.04
==================================================
Balance: $116.47 | Regime: CHOP | Session: 0W/0L (0%) | PnL: $+0.00
[Cycle] No signal — YES=0.49 is between 0.32 and 0.68, sum=1.04 >= 0.97
[Ticker] KXBTC15M-26APR090030-30
[Market] YES=0.51 | NO=0.52 | Sum=1.03
==================================================
Balance: $116.47 | Regime: CHOP | Session: 0W/0L (0%) | PnL: $+0.00
[Cycle] No signal — YES=0.51 is between 0.32 and 0.68, sum=1.03 >= 0.97
[Ticker] KXBTC15M-26APR090030-30
[Market] YES=0.49 | NO=0.53 | Sum=1.02
==================================================
Balance: $116.47 | Regime: CHOP | Session: 0W/0L (0%) | PnL: $+0.00
[Cycle] No signal — YES=0.49 is between 0.32 and 0.68, sum=1.02 >= 0.97
[Ticker] KXBTC15M-26APR090030-30
[Market] YES=0.42 | NO=0.60 | Sum=1.02
==================================================
Balance: $116.47 | Regime: CHOP | Session: 0W/0L (0%) | PnL: $+0.00
[Cycle] No signal — YES=0.42 is between 0.32 and 0.68, sum=1.02 >= 0.97
[Ticker] KXBTC15M-26APR090030-30
[Market] YES=0.25 | NO=0.76 | Sum=1.01
==================================================
Balance: $116.47 | Regime: CHOP | Session: 0W/0L (0%) | PnL: $+0.00
[Confidence] Score=4/10 | moderate_edge,coinbase_weak,all3_agree
[Timing] Window 6 min old — skipping
[Cycle] No signal — YES=0.25 is between 0.32 and 0.68, sum=1.01 >= 0.97
[Ticker] KXBTC15M-26APR090030-30
[Market] YES=0.29 | NO=0.72 | Sum=1.01
==================================================
Balance: $116.47 | Regime: CHOP | Session: 0W/0L (0%) | PnL: $+0.00
[Confidence] Score=4/10 | moderate_edge,coinbase_weak,all3_agree
[Timing] Window 7 min old — skipping
[Cycle] No signal — YES=0.29 is between 0.32 and 0.68, sum=1.01 >= 0.97
[Ticker] KXBTC15M-26APR090030-30
[Market] YES=0.22 | NO=0.79 | Sum=1.01
==================================================
Balance: $116.47 | Regime: CHOP | Session: 0W/0L (0%) | PnL: $+0.00
[Confidence] Score=4/10 | moderate_edge,coinbase_weak,all3_agree
[Timing] Window 8 min old — skipping
[Cycle] No signal — YES=0.22 is between 0.32 and 0.68, sum=1.01 >= 0.97
[Ticker] KXBTC15M-26APR090030-30
[Market] YES=0.18 | NO=0.83 | Sum=1.01
==================================================
Balance: $116.47 | Regime: CHOP | Session: 0W/0L (0%) | PnL: $+0.00
[Confidence] Score=5/10 | strong_edge,coinbase_weak,all3_agree
[Timing] Window 9 min old — skipping
[Cycle] No signal — YES=0.18 is between 0.32 and 0.68, sum=1.01 >= 0.97
[Ticker] KXBTC15M-26APR090030-30
[Market] YES=0.03 | NO=0.97 | Sum=1.00
==================================================
Balance: $116.47 | Regime: CHOP | Session: 0W/0L (0%) | PnL: $+0.00
[Confidence] Score=6/10 | extreme_edge,coinbase_weak,all3_agree
[Timing] Window 10 min old — skipping
[Cycle] No signal — YES=0.03 is between 0.32 and 0.68, sum=1.00 >= 0.97
[Ticker] KXBTC15M-26APR090030-30
[Market] YES=0.01 | NO=0.99 | Sum=1.00
==================================================
Balance: $116.47 | Regime: CHOP | Session: 0W/0L (0%) | PnL: $+0.00
[Confidence] Score=6/10 | extreme_edge,coinbase_weak,all3_agree
[Timing] Window 11 min old — skipping
[Cycle] No signal — YES=0.01 is between 0.32 and 0.68, sum=1.00 >= 0.97
[Ticker] KXBTC15M-26APR090030-30
[Market] YES=0.02 | NO=0.98 | Sum=1.00
==================================================
Balance: $116.47 | Regime: CHOP | Session: 0W/0L (0%) | PnL: $+0.00
[Confidence] Score=6/10 | extreme_edge,coinbase_weak,all3_agree
[Timing] Window 12 min old — skipping
[Cycle] No signal — YES=0.02 is between 0.32 and 0.68, sum=1.00 >= 0.97
[Ticker] KXBTC15M-26APR090030-30
[Market] YES=0.01 | NO=1.00 | Sum=1.00
==================================================
Balance: $116.47 | Regime: CHOP | Session: 0W/0L (0%) | PnL: $+0.00
[Confidence] Score=6/10 | extreme_edge,coinbase_weak,all3_agree
[Timing] Window 13 min old — skipping
[Cycle] No signal — YES=0.01 is between 0.32 and 0.68, sum=1.00 >= 0.97
[Ticker] KXBTC15M-26APR090030-30
[Market] YES=0.00 | NO=1.00 | Sum=1.00
==================================================
Balance: $116.47 | Regime: CHOP | Session: 0W/0L (0%) | PnL: $+0.00
[Confidence] Score=6/10 | extreme_edge,coinbase_weak,all3_agree
[Timing] Window 14 min old — skipping
[Cycle] No signal — YES=0.00 is between 0.32 and 0.68, sum=1.00 >= 0.97
[Ticker] KXBTC15M-26APR090045-45
[Market] YES=0.48 | NO=0.53 | Sum=1.01
==================================================
Balance: $116.47 | Regime: CHOP | Session: 0W/0L (0%) | PnL: $+0.00
[Cycle] No signal — YES=0.48 is between 0.32 and 0.68, sum=1.01 >= 0.97
[Ticker] KXBTC15M-26APR090045-45
[Market] YES=0.63 | NO=0.39 | Sum=1.02
==================================================
Balance: $116.47 | Regime: CHOP | Session: 0W/0L (0%) | PnL: $+0.00
[Cycle] No signal — YES=0.63 is between 0.32 and 0.68, sum=1.02 >= 0.97
[Ticker] KXBTC15M-26APR090045-45
[Market] YES=0.68 | NO=0.33 | Sum=1.01
==================================================
Balance: $116.47 | Regime: CHOP | Session: 0W/0L (0%) | PnL: $+0.00
[Cycle] No signal — YES=0.68 is between 0.32 and 0.68, sum=1.01 >= 0.97
[Ticker] KXBTC15M-26APR090045-45
[Market] YES=0.66 | NO=0.35 | Sum=1.01
==================================================
Balance: $116.47 | Regime: CHOP | Session: 0W/0L (0%) | PnL: $+0.00
[Cycle] No signal — YES=0.66 is between 0.32 and 0.68, sum=1.01 >= 0.97
[Ticker] KXBTC15M-26APR090045-45
[Market] YES=0.68 | NO=0.33 | Sum=1.01
==================================================
Balance: $116.47 | Regime: CHOP | Session: 0W/0L (0%) | PnL: $+0.00
[Cycle] No signal — YES=0.68 is between 0.32 and 0.68, sum=1.01 >= 0.97
[Ticker] KXBTC15M-26APR090045-45
[Market] YES=0.82 | NO=0.19 | Sum=1.01
==================================================
Balance: $116.47 | Regime: CHOP | Session: 0W/0L (0%) | PnL: $+0.00
[Confidence] Score=3/10 | strong_edge,coinbase_weak
[Timing] Window 5 min old — skipping
[Cycle] No signal — YES=0.82 is between 0.32 and 0.68, sum=1.01 >= 0.97
[Ticker] KXBTC15M-26APR090045-45
[Market] YES=0.64 | NO=0.37 | Sum=1.01
==================================================
Balance: $116.47 | Regime: CHOP | Session: 0W/0L (0%) | PnL: $+0.00
[Cycle] No signal — YES=0.64 is between 0.32 and 0.68, sum=1.01 >= 0.97
[Ticker] KXBTC15M-26APR090045-45
[Market] YES=0.79 | NO=0.22 | Sum=1.01
==================================================
Balance: $116.47 | Regime: CHOP | Session: 0W/0L (0%) | PnL: $+0.00
[Confidence] Score=2/10 | moderate_edge,coinbase_weak
[Timing] Window 7 min old — skipping
[Cycle] No signal — YES=0.79 is between 0.32 and 0.68, sum=1.01 >= 0.97
[Ticker] KXBTC15M-26APR090045-45
[Market] YES=0.83 | NO=0.18 | Sum=1.01
==================================================
Balance: $116.47 | Regime: CHOP | Session: 0W/0L (0%) | PnL: $+0.00
[Confidence] Score=3/10 | strong_edge,coinbase_weak
[Timing] Window 8 min old — skipping
[Cycle] No signal — YES=0.83 is between 0.32 and 0.68, sum=1.01 >= 0.97
[Ticker] KXBTC15M-26APR090045-45
[Market] YES=0.90 | NO=0.11 | Sum=1.01
==================================================
Balance: $116.47 | Regime: CHOP | Session: 0W/0L (0%) | PnL: $+0.00
[Confidence] Score=3/10 | strong_edge,coinbase_weak
[Timing] Window 9 min old — skipping
[Cycle] No signal — YES=0.90 is between 0.32 and 0.68, sum=1.01 >= 0.97
[Ticker] KXBTC15M-26APR090045-45
[Market] YES=0.89 | NO=0.12 | Sum=1.01
==================================================
Balance: $116.47 | Regime: CHOP | Session: 0W/0L (0%) | PnL: $+0.00
[Confidence] Score=3/10 | strong_edge,coinbase_weak
[Timing] Window 10 min old — skipping
[Cycle] No signal — YES=0.89 is between 0.32 and 0.68, sum=1.01 >= 0.97
[Ticker] KXBTC15M-26APR090045-45
[Market] YES=0.96 | NO=0.04 | Sum=1.00
==================================================
Balance: $116.47 | Regime: CHOP | Session: 0W/0L (0%) | PnL: $+0.00
[Confidence] Score=4/10 | extreme_edge,coinbase_weak
[Timing] Window 11 min old — skipping
[Cycle] No signal — YES=0.96 is between 0.32 and 0.68, sum=1.00 >= 0.97
[Ticker] KXBTC15M-26APR090045-45
[Market] YES=0.99 | NO=0.01 | Sum=1.00
==================================================
Balance: $116.47 | Regime: CHOP | Session: 0W/0L (0%) | PnL: $+0.00
[Confidence] Score=4/10 | extreme_edge,coinbase_weak
[Timing] Window 12 min old — skipping
[Cycle] No signal — YES=0.99 is between 0.32 and 0.68, sum=1.00 >= 0.97
[Ticker] KXBTC15M-26APR090045-45
[Market] YES=0.99 | NO=0.01 | Sum=1.00
==================================================
Balance: $116.47 | Regime: CHOP | Session: 0W/0L (0%) | PnL: $+0.00
[Confidence] Score=4/10 | extreme_edge,coinbase_weak
[Timing] Window 13 min old — skipping
[Cycle] No signal — YES=0.99 is between 0.32 and 0.68, sum=1.00 >= 0.97
[Ticker] KXBTC15M-26APR090045-45
[Market] YES=1.00 | NO=0.00 | Sum=1.00
==================================================
Balance: $116.47 | Regime: CHOP | Session: 0W/0L (0%) | PnL: $+0.00
[Confidence] Score=4/10 | extreme_edge,coinbase_weak
[Timing] Window 14 min old — skipping
[Cycle] No signal — YES=1.00 is between 0.32 and 0.68, sum=1.00 >= 0.97
[Ticker] KXBTC15M-26APR090045-45
[Market] YES=1.00 | NO=0.00 | Sum=1.00
==================================================
Balance: $116.47 | Regime: CHOP | Session: 0W/0L (0%) | PnL: $+0.00
[Confidence] Score=4/10 | extreme_edge,coinbase_weak
[Timing] Window 0 min old — skipping
[Cycle] No signal — YES=1.00 is between 0.32 and 0.68, sum=1.00 >= 0.97
[Ticker] KXBTC15M-26APR090100-00
[Market] YES=0.35 | NO=0.66 | Sum=1.01
==================================================
Balance: $116.47 | Regime: CHOP | Session: 0W/0L (0%) | PnL: $+0.00
[Cycle] No signal — YES=0.35 is between 0.32 and 0.68, sum=1.01 >= 0.97
[Ticker] KXBTC15M-26APR090100-00
[Market] YES=0.46 | NO=0.55 | Sum=1.01
==================================================
Balance: $116.47 | Regime: CHOP | Session: 0W/0L (0%) | PnL: $+0.00
[Cycle] No signal — YES=0.46 is between 0.32 and 0.68, sum=1.01 >= 0.97
[Ticker] KXBTC15M-26APR090100-00
[Market] YES=0.09 | NO=0.91 | Sum=1.00
==================================================
Balance: $116.47 | Regime: CHOP | Session: 0W/0L (0%) | PnL: $+0.00
[Confidence] Score=5/10 | strong_edge,coinbase_weak,all3_agree
[Signal] DOWN candidate | yes=0.09 | waiting (1/2)
[Cycle] No signal — YES=0.09 is between 0.32 and 0.68, sum=1.00 >= 0.97
[Ticker] KXBTC15M-26APR090100-00
[Market] YES=0.06 | NO=0.95 | Sum=1.01
==================================================
Balance: $116.47 | Regime: CHOP | Session: 0W/0L (0%) | PnL: $+0.00
[Confidence] Score=5/10 | strong_edge,coinbase_weak,all3_agree
[Coinbase] Confirms DOWN | $70796 gap=-119 (0.17%)
[Correlation] All 3 agree — bet boosted
[Signal] CONFIRMED DOWN | yes=0.06 | edge=0.44 | bet=$2.40
[Safety] Balance $116.47 below floor $120.00
🛑 OpenClaw BTC Bot v4.0 halted: Balance $116.47 below floor $120.00

==================================================
OpenClaw BTC Bot v4.0 — LIVE
[Startup] Live balance synced: $116.47
Balance: $116.47 | MaxBet: $3.26 | Threshold: <0.32 or >0.68
==================================================

[Startup] Resting orders cleared
[Ticker] KXBTC15M-26APR090100-00
[Market] YES=0.05 | NO=0.96 | Sum=1.01
==================================================
Balance: $116.47 | Regime: CHOP | Session: 0W/0L (0%) | PnL: $+0.00
[Confidence] Score=6/10 | extreme_edge,coinbase_weak,all3_agree
[Signal] DOWN candidate | yes=0.05 | waiting (1/2)
[Cycle] No signal — YES=0.05 is between 0.32 and 0.68, sum=1.01 >= 0.97
[Ticker] KXBTC15M-26APR090100-00
[Market] YES=0.05 | NO=0.95 | Sum=1.00
==================================================
Balance: $116.47 | Regime: CHOP | Session: 0W/0L (0%) | PnL: $+0.00
[Confidence] Score=5/10 | strong_edge,coinbase_weak,all3_agree
[Timing] Window 5 min old — skipping
[Cycle] No signal — YES=0.05 is between 0.32 and 0.68, sum=1.00 >= 0.97
[Ticker] KXBTC15M-26APR090100-00
[Market] YES=0.06 | NO=0.94 | Sum=1.00
==================================================
Balance: $116.47 | Regime: CHOP | Session: 0W/0L (0%) | PnL: $+0.00
[Confidence] Score=4/10 | strong_edge,coinbase_weak,2of3_agree
[Timing] Window 6 min old — skipping
[Cycle] No signal — YES=0.06 is between 0.32 and 0.68, sum=1.00 >= 0.97
[Ticker] KXBTC15M-26APR090100-00
[Market] YES=0.06 | NO=0.94 | Sum=1.01
==================================================
Balance: $116.47 | Regime: CHOP | Session: 0W/0L (0%) | PnL: $+0.00
[Confidence] Score=5/10 | strong_edge,coinbase_weak,all3_agree
[Timing] Window 7 min old — skipping
[Cycle] No signal — YES=0.06 is between 0.32 and 0.68, sum=1.01 >= 0.97
[Ticker] KXBTC15M-26APR090100-00
[Market] YES=0.03 | NO=0.98 | Sum=1.01
==================================================
Balance: $116.47 | Regime: CHOP | Session: 0W/0L (0%) | PnL: $+0.00
[Confidence] Score=6/10 | extreme_edge,coinbase_weak,all3_agree
[Timing] Window 8 min old — skipping
[Cycle] No signal — YES=0.03 is between 0.32 and 0.68, sum=1.01 >= 0.97
[Ticker] KXBTC15M-26APR090100-00
[Market] YES=0.02 | NO=0.98 | Sum=1.00
==================================================
Balance: $116.47 | Regime: CHOP | Session: 0W/0L (0%) | PnL: $+0.00
[Confidence] Score=6/10 | extreme_edge,coinbase_weak,all3_agree
[Timing] Window 9 min old — skipping
[Cycle] No signal — YES=0.02 is between 0.32 and 0.68, sum=1.00 >= 0.97
[Ticker] KXBTC15M-26APR090100-00
[Market] YES=0.01 | NO=0.99 | Sum=1.00
==================================================
Balance: $116.47 | Regime: CHOP | Session: 0W/0L (0%) | PnL: $+0.00
[Confidence] Score=6/10 | extreme_edge,coinbase_weak,all3_agree
[Timing] Window 10 min old — skipping
[Cycle] No signal — YES=0.01 is between 0.32 and 0.68, sum=1.00 >= 0.97
[Ticker] KXBTC15M-26APR090100-00
[Market] YES=0.01 | NO=1.00 | Sum=1.00
==================================================
Balance: $116.47 | Regime: CHOP | Session: 0W/0L (0%) | PnL: $+0.00
[Confidence] Score=6/10 | extreme_edge,coinbase_weak,all3_agree
[Timing] Window 11 min old — skipping
[Cycle] No signal — YES=0.01 is between 0.32 and 0.68, sum=1.00 >= 0.97
[Ticker] KXBTC15M-26APR090100-00
[Market] YES=0.00 | NO=1.00 | Sum=1.00
==================================================
Balance: $116.47 | Regime: CHOP | Session: 0W/0L (0%) | PnL: $+0.00
[Confidence] Score=6/10 | extreme_edge,coinbase_weak,all3_agree
[Timing] Window 12 min old — skipping
[Cycle] No signal — YES=0.00 is between 0.32 and 0.68, sum=1.00 >= 0.97
[Ticker] KXBTC15M-26APR090100-00
[Market] YES=0.00 | NO=1.00 | Sum=1.00
==================================================
Balance: $116.47 | Regime: CHOP | Session: 0W/0L (0%) | PnL: $+0.00
[Confidence] Score=6/10 | extreme_edge,coinbase_weak,all3_agree
[Timing] Window 13 min old — skipping
[Cycle] No signal — YES=0.00 is between 0.32 and 0.68, sum=1.00 >= 0.97
[Ticker] KXBTC15M-26APR090100-00
[Market] YES=0.00 | NO=1.00 | Sum=1.00
==================================================
Balance: $116.47 | Regime: CHOP | Session: 0W/0L (0%) | PnL: $+0.00
[Confidence] Score=6/10 | extreme_edge,coinbase_weak,all3_agree
[Timing] Window 14 min old — skipping
[Cycle] No signal — YES=0.00 is between 0.32 and 0.68, sum=1.00 >= 0.97
[Ticker] KXBTC15M-26APR090115-15
[Market] YES=0.42 | NO=0.59 | Sum=1.01
==================================================
Balance: $116.47 | Regime: CHOP | Session: 0W/0L (0%) | PnL: $+0.00
[Cycle] No signal — YES=0.42 is between 0.32 and 0.68, sum=1.01 >= 0.97
[Ticker] KXBTC15M-26APR090115-15
[Market] YES=0.47 | NO=0.54 | Sum=1.01
==================================================
Balance: $116.47 | Regime: CHOP | Session: 0W/0L (0%) | PnL: $+0.00
[Cycle] No signal — YES=0.47 is between 0.32 and 0.68, sum=1.01 >= 0.97
[Ticker] KXBTC15M-26APR090115-15
[Market] YES=0.63 | NO=0.38 | Sum=1.01
==================================================
Balance: $116.47 | Regime: CHOP | Session: 0W/0L (0%) | PnL: $+0.00
[Cycle] No signal — YES=0.63 is between 0.32 and 0.68, sum=1.01 >= 0.97
[Ticker] KXBTC15M-26APR090115-15
[Market] YES=0.65 | NO=0.36 | Sum=1.01
==================================================
Balance: $116.47 | Regime: CHOP | Session: 0W/0L (0%) | PnL: $+0.00
[Cycle] No signal — YES=0.65 is between 0.32 and 0.68, sum=1.01 >= 0.97
[Ticker] KXBTC15M-26APR090115-15
[Market] YES=0.84 | NO=0.17 | Sum=1.01
==================================================
Balance: $116.47 | Regime: CHOP | Session: 0W/0L (0%) | PnL: $+0.00
[Confidence] Score=3/10 | strong_edge,coinbase_weak
[Signal] UP candidate | yes=0.84 | waiting (1/2)
[Cycle] No signal — YES=0.84 is between 0.32 and 0.68, sum=1.01 >= 0.97
[Ticker] KXBTC15M-26APR090115-15
[Market] YES=0.89 | NO=0.12 | Sum=1.01
==================================================
Balance: $116.47 | Regime: CHOP | Session: 0W/0L (0%) | PnL: $+0.00
[Confidence] Score=3/10 | strong_edge,coinbase_weak
[Timing] Window 5 min old — skipping
[Cycle] No signal — YES=0.89 is between 0.32 and 0.68, sum=1.01 >= 0.97
[Ticker] KXBTC15M-26APR090115-15
[Market] YES=0.85 | NO=0.16 | Sum=1.01
==================================================
Balance: $116.47 | Regime: CHOP | Session: 0W/0L (0%) | PnL: $+0.00
[Confidence] Score=3/10 | strong_edge,coinbase_weak
[Timing] Window 6 min old — skipping
[Cycle] No signal — YES=0.85 is between 0.32 and 0.68, sum=1.01 >= 0.97
[Ticker] KXBTC15M-26APR090115-15
[Market] YES=0.89 | NO=0.12 | Sum=1.01
==================================================
Balance: $116.47 | Regime: CHOP | Session: 0W/0L (0%) | PnL: $+0.00
[Confidence] Score=3/10 | strong_edge,coinbase_weak
[Timing] Window 7 min old — skipping
[Cycle] No signal — YES=0.89 is between 0.32 and 0.68, sum=1.01 >= 0.97
[Ticker] KXBTC15M-26APR090115-15
[Market] YES=0.86 | NO=0.15 | Sum=1.01
==================================================
Balance: $116.47 | Regime: CHOP | Session: 0W/0L (0%) | PnL: $+0.00
[Confidence] Score=3/10 | strong_edge,coinbase_weak
[Timing] Window 8 min old — skipping
[Cycle] No signal — YES=0.86 is between 0.32 and 0.68, sum=1.01 >= 0.97
[Ticker] KXBTC15M-26APR090115-15
[Market] YES=0.91 | NO=0.10 | Sum=1.01
==================================================
Balance: $116.47 | Regime: CHOP | Session: 0W/0L (0%) | PnL: $+0.00
[Confidence] Score=3/10 | strong_edge,coinbase_weak
[Timing] Window 9 min old — skipping
[Cycle] No signal — YES=0.91 is between 0.32 and 0.68, sum=1.01 >= 0.97
[Ticker] KXBTC15M-26APR090115-15
[Market] YES=0.78 | NO=0.23 | Sum=1.01
==================================================
Balance: $116.47 | Regime: CHOP | Session: 0W/0L (0%) | PnL: $+0.00
[Confidence] Score=2/10 | moderate_edge,coinbase_weak
[Timing] Window 10 min old — skipping
[Cycle] No signal — YES=0.78 is between 0.32 and 0.68, sum=1.01 >= 0.97
[Ticker] KXBTC15M-26APR090115-15
[Market] YES=0.91 | NO=0.11 | Sum=1.02
==================================================
Balance: $116.47 | Regime: CHOP | Session: 0W/0L (0%) | PnL: $+0.00
[Confidence] Score=3/10 | strong_edge,coinbase_weak
[Timing] Window 11 min old — skipping
[Cycle] No signal — YES=0.91 is between 0.32 and 0.68, sum=1.02 >= 0.97
[Ticker] KXBTC15M-26APR090115-15
[Market] YES=0.98 | NO=0.02 | Sum=1.00
==================================================
Balance: $116.47 | Regime: CHOP | Session: 0W/0L (0%) | PnL: $+0.00
[Confidence] Score=4/10 | extreme_edge,coinbase_weak
[Timing] Window 12 min old — skipping
[Cycle] No signal — YES=0.98 is between 0.32 and 0.68, sum=1.00 >= 0.97
[Ticker] KXBTC15M-26APR090115-15
[Market] YES=0.99 | NO=0.01 | Sum=1.00
==================================================
Balance: $116.47 | Regime: CHOP | Session: 0W/0L (0%) | PnL: $+0.00
[Confidence] Score=4/10 | extreme_edge,coinbase_weak
[Timing] Window 13 min old — skipping
[Cycle] No signal — YES=0.99 is between 0.32 and 0.68, sum=1.00 >= 0.97
[Ticker] KXBTC15M-26APR090115-15
[Market] YES=1.00 | NO=0.00 | Sum=1.00
==================================================
Balance: $116.47 | Regime: CHOP | Session: 0W/0L (0%) | PnL: $+0.00
[Confidence] Score=4/10 | extreme_edge,coinbase_weak
[Timing] Window 14 min old — skipping
[Cycle] No signal — YES=1.00 is between 0.32 and 0.68, sum=1.00 >= 0.97
[Ticker] KXBTC15M-26APR090130-30
[Market] YES=0.52 | NO=0.50 | Sum=1.02
==================================================
Balance: $116.47 | Regime: CHOP | Session: 0W/0L (0%) | PnL: $+0.00
[Cycle] No signal — YES=0.52 is between 0.32 and 0.68, sum=1.02 >= 0.97
[Ticker] KXBTC15M-26APR090130-30
[Market] YES=0.65 | NO=0.36 | Sum=1.01
==================================================
Balance: $116.47 | Regime: CHOP | Session: 0W/0L (0%) | PnL: $+0.00
[Cycle] No signal — YES=0.65 is between 0.32 and 0.68, sum=1.01 >= 0.97
[Ticker] KXBTC15M-26APR090130-30
[Market] YES=0.67 | NO=0.34 | Sum=1.01
==================================================
Balance: $116.47 | Regime: CHOP | Session: 0W/0L (0%) | PnL: $+0.00
[Cycle] No signal — YES=0.67 is between 0.32 and 0.68, sum=1.01 >= 0.97
[Ticker] KXBTC15M-26APR090130-30
[Market] YES=0.57 | NO=0.45 | Sum=1.02
==================================================
Balance: $116.47 | Regime: CHOP | Session: 0W/0L (0%) | PnL: $+0.00
[Cycle] No signal — YES=0.57 is between 0.32 and 0.68, sum=1.02 >= 0.97
[Ticker] KXBTC15M-26APR090130-30
[Market] YES=0.85 | NO=0.18 | Sum=1.03
==================================================
Balance: $116.47 | Regime: CHOP | Session: 0W/0L (0%) | PnL: $+0.00
[Confidence] Score=3/10 | strong_edge,coinbase_weak
[Signal] UP candidate | yes=0.85 | waiting (1/2)
[Cycle] No signal — YES=0.85 is between 0.32 and 0.68, sum=1.03 >= 0.97
[Ticker] KXBTC15M-26APR090130-30
[Market] YES=0.89 | NO=0.12 | Sum=1.01
==================================================
Balance: $116.47 | Regime: CHOP | Session: 0W/0L (0%) | PnL: $+0.00
[Confidence] Score=3/10 | strong_edge,coinbase_weak
[Timing] Window 5 min old — skipping
[Cycle] No signal — YES=0.89 is between 0.32 and 0.68, sum=1.01 >= 0.97
[Ticker] KXBTC15M-26APR090130-30
[Market] YES=0.80 | NO=0.21 | Sum=1.01
==================================================
Balance: $116.47 | Regime: CHOP | Session: 0W/0L (0%) | PnL: $+0.00
[Confidence] Score=3/10 | strong_edge,coinbase_weak
[Timing] Window 6 min old — skipping
[Cycle] No signal — YES=0.80 is between 0.32 and 0.68, sum=1.01 >= 0.97
[Ticker] KXBTC15M-26APR090130-30
[Market] YES=0.82 | NO=0.19 | Sum=1.01
==================================================
Balance: $116.47 | Regime: CHOP | Session: 0W/0L (0%) | PnL: $+0.00
[Confidence] Score=4/10 | strong_edge,coinbase_weak,2of3_agree
[Timing] Window 7 min old — skipping
[Cycle] No signal — YES=0.82 is between 0.32 and 0.68, sum=1.01 >= 0.97
[Ticker] KXBTC15M-26APR090130-30
[Market] YES=0.93 | NO=0.08 | Sum=1.01
==================================================
Balance: $116.47 | Regime: CHOP | Session: 0W/0L (0%) | PnL: $+0.00
[Confidence] Score=3/10 | strong_edge,coinbase_weak
[Timing] Window 8 min old — skipping
[Cycle] No signal — YES=0.93 is between 0.32 and 0.68, sum=1.01 >= 0.97
[Ticker] KXBTC15M-26APR090130-30
[Market] YES=0.96 | NO=0.04 | Sum=1.01
==================================================
Balance: $116.46 | Regime: CHOP | Session: 0W/0L (0%) | PnL: $+0.00
[Confidence] Score=4/10 | extreme_edge,coinbase_weak
[Timing] Window 9 min old — skipping
[Cycle] No signal — YES=0.96 is between 0.32 and 0.68, sum=1.01 >= 0.97
[Ticker] KXBTC15M-26APR090130-30
[Market] YES=0.99 | NO=0.01 | Sum=1.00
==================================================
Balance: $116.42 | Regime: CHOP | Session: 0W/0L (0%) | PnL: $+0.00
[Confidence] Score=4/10 | extreme_edge,coinbase_weak
[Timing] Window 10 min old — skipping
[Cycle] No signal — YES=0.99 is between 0.32 and 0.68, sum=1.00 >= 0.97
[Ticker] KXBTC15M-26APR090130-30
[Market] YES=0.99 | NO=0.01 | Sum=1.00
==================================================
Balance: $116.53 | Regime: CHOP | Session: 0W/0L (0%) | PnL: $+0.00
[Confidence] Score=4/10 | extreme_edge,coinbase_weak
[Timing] Window 11 min old — skipping
[Cycle] No signal — YES=0.99 is between 0.32 and 0.68, sum=1.00 >= 0.97
[Ticker] KXBTC15M-26APR090130-30
[Market] YES=1.00 | NO=0.01 | Sum=1.00
==================================================
Balance: $116.55 | Regime: CHOP | Session: 0W/0L (0%) | PnL: $+0.00
[Confidence] Score=4/10 | extreme_edge,coinbase_weak
[Timing] Window 12 min old — skipping
[Cycle] No signal — YES=1.00 is between 0.32 and 0.68, sum=1.00 >= 0.97
[Ticker] KXBTC15M-26APR090130-30
[Market] YES=1.00 | NO=0.00 | Sum=1.00
==================================================
Balance: $116.53 | Regime: CHOP | Session: 0W/0L (0%) | PnL: $+0.00
[Confidence] Score=4/10 | extreme_edge,coinbase_weak
[Timing] Window 13 min old — skipping
[Cycle] No signal — YES=1.00 is between 0.32 and 0.68, sum=1.00 >= 0.97
[Ticker] KXBTC15M-26APR090130-30
[Market] YES=1.00 | NO=0.00 | Sum=1.00
==================================================
Balance: $116.55 | Regime: CHOP | Session: 0W/0L (0%) | PnL: $+0.00
[Confidence] Score=4/10 | extreme_edge,coinbase_weak
[Timing] Window 14 min old — skipping
[Cycle] No signal — YES=1.00 is between 0.32 and 0.68, sum=1.00 >= 0.97
[Ticker] KXBTC15M-26APR090145-45
[Market] YES=0.39 | NO=0.63 | Sum=1.02
==================================================
Balance: $116.56 | Regime: CHOP | Session: 0W/0L (0%) | PnL: $+0.00
[Cycle] No signal — YES=0.39 is between 0.32 and 0.68, sum=1.02 >= 0.97
[Ticker] KXBTC15M-26APR090145-45
[Market] YES=0.47 | NO=0.54 | Sum=1.01
==================================================
Balance: $116.56 | Regime: CHOP | Session: 0W/0L (0%) | PnL: $+0.00
[Cycle] No signal — YES=0.47 is between 0.32 and 0.68, sum=1.01 >= 0.97
[Ticker] KXBTC15M-26APR090145-45
[Market] YES=0.58 | NO=0.43 | Sum=1.01
==================================================
Balance: $116.56 | Regime: CHOP | Session: 0W/0L (0%) | PnL: $+0.00
[Cycle] No signal — YES=0.58 is between 0.32 and 0.68, sum=1.01 >= 0.97
[Ticker] KXBTC15M-26APR090145-45
[Market] YES=0.52 | NO=0.49 | Sum=1.01
==================================================
Balance: $116.56 | Regime: CHOP | Session: 0W/0L (0%) | PnL: $+0.00
[Cycle] No signal — YES=0.52 is between 0.32 and 0.68, sum=1.01 >= 0.97
[Ticker] KXBTC15M-26APR090145-45
[Market] YES=0.47 | NO=0.55 | Sum=1.02
==================================================
Balance: $116.56 | Regime: CHOP | Session: 0W/0L (0%) | PnL: $+0.00
[Cycle] No signal — YES=0.47 is between 0.32 and 0.68, sum=1.02 >= 0.97
[Ticker] KXBTC15M-26APR090145-45
[Market] YES=0.53 | NO=0.48 | Sum=1.01
==================================================
Balance: $116.56 | Regime: CHOP | Session: 0W/0L (0%) | PnL: $+0.00
[Cycle] No signal — YES=0.53 is between 0.32 and 0.68, sum=1.01 >= 0.97
[Ticker] KXBTC15M-26APR090145-45
[Market] YES=0.58 | NO=0.43 | Sum=1.01
==================================================
Balance: $116.56 | Regime: CHOP | Session: 0W/0L (0%) | PnL: $+0.00
[Cycle] No signal — YES=0.58 is between 0.32 and 0.68, sum=1.01 >= 0.97
[Ticker] KXBTC15M-26APR090145-45
[Market] YES=0.71 | NO=0.31 | Sum=1.02
==================================================
Balance: $116.56 | Regime: CHOP | Session: 0W/0L (0%) | PnL: $+0.00
[Confidence] Score=2/10 | moderate_edge,coinbase_weak
[Timing] Window 7 min old — skipping
[Cycle] No signal — YES=0.71 is between 0.32 and 0.68, sum=1.02 >= 0.97
[Ticker] KXBTC15M-26APR090145-45
[Market] YES=0.91 | NO=0.10 | Sum=1.01
==================================================
Balance: $116.56 | Regime: CHOP | Session: 0W/0L (0%) | PnL: $+0.00
[Confidence] Score=3/10 | strong_edge,coinbase_weak
[Timing] Window 8 min old — skipping
[Cycle] No signal — YES=0.91 is between 0.32 and 0.68, sum=1.01 >= 0.97
[Ticker] KXBTC15M-26APR090145-45
[Market] YES=0.96 | NO=0.05 | Sum=1.00
==================================================
Balance: $116.56 | Regime: CHOP | Session: 0W/0L (0%) | PnL: $+0.00
[Confidence] Score=4/10 | extreme_edge,coinbase_weak
[Timing] Window 9 min old — skipping
[Cycle] No signal — YES=0.96 is between 0.32 and 0.68, sum=1.00 >= 0.97
[Ticker] KXBTC15M-26APR090145-45
[Market] YES=0.87 | NO=0.15 | Sum=1.02
==================================================
Balance: $116.56 | Regime: CHOP | Session: 0W/0L (0%) | PnL: $+0.00
[Confidence] Score=3/10 | strong_edge,coinbase_weak
[Timing] Window 10 min old — skipping
[Cycle] No signal — YES=0.87 is between 0.32 and 0.68, sum=1.02 >= 0.97
[Ticker] KXBTC15M-26APR090145-45
[Market] YES=0.94 | NO=0.07 | Sum=1.00
==================================================
Balance: $116.56 | Regime: CHOP | Session: 0W/0L (0%) | PnL: $+0.00
[Confidence] Score=3/10 | strong_edge,coinbase_weak
[Timing] Window 11 min old — skipping
[Cycle] No signal — YES=0.94 is between 0.32 and 0.68, sum=1.00 >= 0.97
[Ticker] KXBTC15M-26APR090145-45
[Market] YES=1.00 | NO=0.01 | Sum=1.01
==================================================
Balance: $116.56 | Regime: CHOP | Session: 0W/0L (0%) | PnL: $+0.00
[Confidence] Score=4/10 | extreme_edge,coinbase_weak
[Timing] Window 12 min old — skipping
[Cycle] No signal — YES=1.00 is between 0.32 and 0.68, sum=1.01 >= 0.97
[Ticker] KXBTC15M-26APR090145-45
[Market] YES=1.00 | NO=0.01 | Sum=1.00
==================================================
Balance: $116.56 | Regime: CHOP | Session: 0W/0L (0%) | PnL: $+0.00
[Confidence] Score=4/10 | extreme_edge,coinbase_weak
[Timing] Window 13 min old — skipping
[Cycle] No signal — YES=1.00 is between 0.32 and 0.68, sum=1.00 >= 0.97
[Ticker] KXBTC15M-26APR090145-45
[Market] YES=1.00 | NO=0.00 | Sum=1.00
==================================================
Balance: $116.56 | Regime: CHOP | Session: 0W/0L (0%) | PnL: $+0.00
[Confidence] Score=4/10 | extreme_edge,coinbase_weak
[Timing] Window 14 min old — skipping
[Cycle] No signal — YES=1.00 is between 0.32 and 0.68, sum=1.00 >= 0.97
[Ticker] KXBTC15M-26APR090200-00
[Market] YES=0.40 | NO=0.61 | Sum=1.01
==================================================
Balance: $116.56 | Regime: CHOP | Session: 0W/0L (0%) | PnL: $+0.00
[Cycle] No signal — YES=0.40 is between 0.32 and 0.68, sum=1.01 >= 0.97
[Ticker] KXBTC15M-26APR090200-00
[Market] YES=0.28 | NO=0.73 | Sum=1.01
==================================================
Balance: $116.56 | Regime: CHOP | Session: 0W/0L (0%) | PnL: $+0.00
[Confidence] Score=4/10 | moderate_edge,coinbase_weak,all3_agree
[Signal] DOWN candidate | yes=0.28 | waiting (1/2)
[Cycle] No signal — YES=0.28 is between 0.32 and 0.68, sum=1.01 >= 0.97
[Ticker] KXBTC15M-26APR090200-00
[Market] YES=0.27 | NO=0.74 | Sum=1.01
==================================================
Balance: $116.56 | Regime: CHOP | Session: 0W/0L (0%) | PnL: $+0.00
[Confidence] Score=4/10 | moderate_edge,coinbase_weak,all3_agree
[Coinbase] Confirms DOWN | $71013 gap=-43 (0.06%)
[Signal] CONFIRMED DOWN | yes=0.27 | edge=0.23 | bet=$2.00
[Safety] Balance $116.56 below floor $120.00
🛑 OpenClaw BTC Bot v4.0 halted: Balance $116.56 below floor $120.00

==================================================
OpenClaw BTC Bot v4.0 — LIVE
[Startup] Live balance synced: $116.56
Balance: $116.56 | MaxBet: $0.00 | Threshold: <0.32 or >0.68
==================================================

[Startup] Resting orders cleared
[Ticker] KXBTC15M-26APR090200-00
[Market] YES=0.27 | NO=0.74 | Sum=1.01
==================================================
Balance: $116.56 | Regime: CHOP | Session: 0W/0L (0%) | PnL: $+0.00
[Confidence] Score=4/10 | moderate_edge,coinbase_weak,all3_agree
[Signal] DOWN candidate | yes=0.27 | waiting (1/2)
[Cycle] No signal — YES=0.27 is between 0.32 and 0.68, sum=1.01 >= 0.97
[Ticker] KXBTC15M-26APR090200-00
[Market] YES=0.20 | NO=0.81 | Sum=1.01
==================================================
Balance: $116.56 | Regime: CHOP | Session: 0W/0L (0%) | PnL: $+0.00
[Confidence] Score=5/10 | strong_edge,coinbase_weak,all3_agree
[Coinbase] Confirms DOWN | $70986 gap=-70 (0.10%)
[Signal] CONFIRMED DOWN | yes=0.20 | edge=0.30 | bet=$2.00
[CorrGuard] 2 bots already fired — skipping to avoid correlated loss
[Cycle] No signal — YES=0.20 is between 0.32 and 0.68, sum=1.01 >= 0.97
[Ticker] KXBTC15M-26APR090200-00
[Market] YES=0.13 | NO=0.88 | Sum=1.01
==================================================
Balance: $116.56 | Regime: CHOP | Session: 0W/0L (0%) | PnL: $+0.00
[Confidence] Score=3/10 | strong_edge,coinbase_weak
[Coinbase] Confirms DOWN | $70968 gap=-88 (0.12%)
[Correlation] Markets diverging — bet trimmed
[Signal] CONFIRMED DOWN | yes=0.13 | edge=0.37 | bet=$1.80
[Safety] Balance $116.56 below floor $120.00
🛑 OpenClaw BTC Bot v4.0 halted: Balance $116.56 below floor $120.00

==================================================
OpenClaw BTC Bot v4.0 — LIVE
[Startup] Live balance synced: $116.56
Balance: $116.56 | MaxBet: $0.00 | Threshold: <0.32 or >0.68
==================================================

[Startup] Resting orders cleared
[Ticker] KXBTC15M-26APR090200-00
[Market] YES=0.10 | NO=0.91 | Sum=1.01
==================================================
Balance: $116.56 | Regime: CHOP | Session: 0W/0L (0%) | PnL: $+0.00
[Confidence] Score=5/10 | strong_edge,coinbase_weak,all3_agree
[Timing] Window 5 min old — skipping
[Cycle] No signal — YES=0.10 is between 0.32 and 0.68, sum=1.01 >= 0.97
[Ticker] KXBTC15M-26APR090200-00
[Market] YES=0.05 | NO=0.96 | Sum=1.01
==================================================
Balance: $116.56 | Regime: CHOP | Session: 0W/0L (0%) | PnL: $+0.00
[Confidence] Score=6/10 | extreme_edge,coinbase_weak,all3_agree
[Timing] Window 6 min old — skipping
[Cycle] No signal — YES=0.05 is between 0.32 and 0.68, sum=1.01 >= 0.97
[Ticker] KXBTC15M-26APR090200-00
[Market] YES=0.06 | NO=0.95 | Sum=1.01
==================================================
Balance: $116.56 | Regime: CHOP | Session: 0W/0L (0%) | PnL: $+0.00
[Confidence] Score=4/10 | strong_edge,coinbase_weak,2of3_agree
[Timing] Window 7 min old — skipping
[Cycle] No signal — YES=0.06 is between 0.32 and 0.68, sum=1.01 >= 0.97
[Ticker] KXBTC15M-26APR090200-00
[Market] YES=0.06 | NO=0.94 | Sum=1.00
==================================================
Balance: $116.56 | Regime: CHOP | Session: 0W/0L (0%) | PnL: $+0.00
[Confidence] Score=5/10 | strong_edge,coinbase_weak,all3_agree
[Timing] Window 8 min old — skipping
[Cycle] No signal — YES=0.06 is between 0.32 and 0.68, sum=1.00 >= 0.97
[Ticker] KXBTC15M-26APR090200-00
[Market] YES=0.03 | NO=0.97 | Sum=1.00
==================================================
Balance: $116.56 | Regime: CHOP | Session: 0W/0L (0%) | PnL: $+0.00
[Confidence] Score=6/10 | extreme_edge,coinbase_weak,all3_agree
[Timing] Window 9 min old — skipping
[Cycle] No signal — YES=0.03 is between 0.32 and 0.68, sum=1.00 >= 0.97
[Ticker] KXBTC15M-26APR090200-00
[Market] YES=0.06 | NO=0.96 | Sum=1.01
==================================================
Balance: $116.56 | Regime: CHOP | Session: 0W/0L (0%) | PnL: $+0.00
[Confidence] Score=5/10 | strong_edge,coinbase_weak,all3_agree
[Timing] Window 10 min old — skipping
[Cycle] No signal — YES=0.06 is between 0.32 and 0.68, sum=1.01 >= 0.97
[Ticker] KXBTC15M-26APR090200-00
[Market] YES=0.04 | NO=0.96 | Sum=1.00
==================================================
Balance: $116.56 | Regime: CHOP | Session: 0W/0L (0%) | PnL: $+0.00
[Confidence] Score=6/10 | extreme_edge,coinbase_weak,all3_agree
[Timing] Window 11 min old — skipping
[Cycle] No signal — YES=0.04 is between 0.32 and 0.68, sum=1.00 >= 0.97
[Ticker] KXBTC15M-26APR090200-00
[Market] YES=0.02 | NO=0.98 | Sum=1.00
==================================================
Balance: $116.56 | Regime: CHOP | Session: 0W/0L (0%) | PnL: $+0.00
[Confidence] Score=6/10 | extreme_edge,coinbase_weak,all3_agree
[Timing] Window 12 min old — skipping
[Cycle] No signal — YES=0.02 is between 0.32 and 0.68, sum=1.00 >= 0.97
[Ticker] KXBTC15M-26APR090200-00
[Market] YES=0.01 | NO=0.99 | Sum=1.00
==================================================
Balance: $116.56 | Regime: CHOP | Session: 0W/0L (0%) | PnL: $+0.00
[Confidence] Score=6/10 | extreme_edge,coinbase_weak,all3_agree
[Timing] Window 13 min old — skipping
[Cycle] No signal — YES=0.01 is between 0.32 and 0.68, sum=1.00 >= 0.97
[Ticker] KXBTC15M-26APR090200-00
[Market] YES=0.02 | NO=1.00 | Sum=1.01
==================================================
Balance: $116.56 | Regime: CHOP | Session: 0W/0L (0%) | PnL: $+0.00
[Confidence] Score=5/10 | extreme_edge,coinbase_weak,2of3_agree
[Timing] Window 14 min old — skipping
[Cycle] No signal — YES=0.02 is between 0.32 and 0.68, sum=1.01 >= 0.97
[Ticker] KXBTC15M-26APR090200-00
[Market] YES=0.01 | NO=1.00 | Sum=1.01
==================================================
Balance: $116.56 | Regime: CHOP | Session: 0W/0L (0%) | PnL: $+0.00
[Confidence] Score=6/10 | extreme_edge,coinbase_weak,2of3_agree,peak_hour
[Timing] Window 0 min old — skipping
[Cycle] No signal — YES=0.01 is between 0.32 and 0.68, sum=1.01 >= 0.97
[Ticker] KXBTC15M-26APR090200-00
[Market] YES=1.00 | NO=1.00 | Sum=2.00
==================================================
Balance: $116.56 | Regime: CHOP | Session: 0W/0L (0%) | PnL: $+0.00
[Confidence] Score=4/10 | extreme_edge,peak_hour
[Signal] EXTREME UP | yes=1.00 | edge=0.50 | firing immediately
[Coinbase] Disagrees | $71037 — bet reduced to $2.00
[Correlation] 2/3 agree UP
[Signal] CONFIRMED UP | yes=1.00 | edge=0.50 | bet=$2.00
[Safety] Balance $116.56 below floor $120.00
🛑 OpenClaw BTC Bot v4.0 halted: Balance $116.56 below floor $120.00

==================================================
OpenClaw BTC Bot v4.0 — LIVE
[Startup] Live balance synced: $116.56
Balance: $116.56 | MaxBet: $11.66 | Threshold: <0.32 or >0.68
==================================================

[Startup] Resting orders cleared
[Ticker] KXBTC15M-26APR090200-00
[Market] YES=1.00 | NO=1.00 | Sum=2.00
==================================================
Balance: $116.56 | Regime: CHOP | Session: 0W/0L (0%) | PnL: $+0.00
[Confidence] Score=5/10 | extreme_edge,2of3_agree,peak_hour
[Signal] EXTREME UP | yes=1.00 | edge=0.50 | firing immediately
[Coinbase] Disagrees | $71053 — bet reduced to $2.00
[Correlation] Markets diverging — bet trimmed
[Signal] CONFIRMED UP | yes=1.00 | edge=0.50 | bet=$1.80
[CorrGuard] 2 bots already fired — skipping to avoid correlated loss
[Cycle] No signal — YES=1.00 is between 0.32 and 0.68, sum=2.00 >= 0.97
[Ticker] KXBTC15M-26APR090600-00
[Market] YES=0.00 | NO=1.00 | Sum=1.00
==================================================
Balance: $116.56 | Regime: CHOP | Session: 0W/0L (0%) | PnL: $+0.00
[Confidence] Score=6/10 | extreme_edge,all3_agree,peak_hour
[Signal] DOWN candidate | yes=0.00 | waiting (1/2)
[Cycle] No signal — YES=0.00 is between 0.32 and 0.68, sum=1.00 >= 0.97
[Ticker] KXBTC15M-26APR090600-00
[Market] YES=0.00 | NO=1.00 | Sum=1.00
==================================================
Balance: $116.56 | Regime: CHOP | Session: 0W/0L (0%) | PnL: $+0.00
[Confidence] Score=5/10 | extreme_edge,2of3_agree,peak_hour
[Correlation] All 3 agree — bet boosted
[Signal] CONFIRMED DOWN | yes=0.00 | edge=0.50 | bet=$4.90
[Safety] Balance $116.56 below floor $120.00
🛑 OpenClaw BTC Bot v4.0 halted: Balance $116.56 below floor $120.00

==================================================
OpenClaw BTC Bot v4.0 — LIVE
[Startup] Live balance synced: $116.56
Balance: $116.56 | MaxBet: $11.66 | Threshold: <0.32 or >0.68
==================================================

[Startup] Resting orders cleared
[Ticker] KXBTC15M-26APR090600-00
[Market] YES=0.00 | NO=1.00 | Sum=1.00
==================================================
Balance: $116.56 | Regime: CHOP | Session: 0W/0L (0%) | PnL: $+0.00
[Confidence] Score=6/10 | extreme_edge,all3_agree,peak_hour
[Signal] DOWN candidate | yes=0.00 | waiting (1/2)
[Cycle] No signal — YES=0.00 is between 0.32 and 0.68, sum=1.00 >= 0.97
[Ticker] KXBTC15M-26APR090600-00
[Market] YES=0.00 | NO=1.00 | Sum=1.00
==================================================
Balance: $116.56 | Regime: CHOP | Session: 0W/0L (0%) | PnL: $+0.00
[Confidence] Score=6/10 | extreme_edge,all3_agree,peak_hour
[Correlation] All 3 agree — bet boosted
[Signal] CONFIRMED DOWN | yes=0.00 | edge=0.50 | bet=$4.90
[Safety] Balance $116.56 below floor $120.00
🛑 OpenClaw BTC Bot v4.0 halted: Balance $116.56 below floor $120.00

==================================================
OpenClaw BTC Bot v4.0 — LIVE
[Startup] Live balance synced: $116.56
Balance: $116.56 | MaxBet: $11.66 | Threshold: <0.32 or >0.68
==================================================

[Startup] Resting orders cleared
[Ticker] KXBTC15M-26APR090600-00
[Market] YES=0.00 | NO=1.00 | Sum=1.00
==================================================
Balance: $116.56 | Regime: CHOP | Session: 0W/0L (0%) | PnL: $+0.00
[Confidence] Score=5/10 | extreme_edge,2of3_agree,peak_hour
[Signal] DOWN candidate | yes=0.00 | waiting (1/2)
[Cycle] No signal — YES=0.00 is between 0.32 and 0.68, sum=1.00 >= 0.97
[Ticker] KXBTC15M-26APR090600-00
[Market] YES=0.00 | NO=1.00 | Sum=1.00
==================================================
Balance: $116.56 | Regime: CHOP | Session: 0W/0L (0%) | PnL: $+0.00
[Confidence] Score=6/10 | extreme_edge,all3_agree,peak_hour
[Timing] Window 5 min old — skipping
[Cycle] No signal — YES=0.00 is between 0.32 and 0.68, sum=1.00 >= 0.97
[Ticker] KXBTC15M-26APR090600-00
[Market] YES=0.00 | NO=1.00 | Sum=1.00
==================================================
Balance: $116.56 | Regime: CHOP | Session: 0W/0L (0%) | PnL: $+0.00
[Confidence] Score=6/10 | extreme_edge,all3_agree,peak_hour
[Timing] Window 6 min old — skipping
[Cycle] No signal — YES=0.00 is between 0.32 and 0.68, sum=1.00 >= 0.97
[Ticker] KXBTC15M-26APR090600-00
[Market] YES=0.00 | NO=1.00 | Sum=1.00
==================================================
Balance: $116.56 | Regime: CHOP | Session: 0W/0L (0%) | PnL: $+0.00
[Confidence] Score=5/10 | extreme_edge,2of3_agree,peak_hour
[Timing] Window 7 min old — skipping
[Cycle] No signal — YES=0.00 is between 0.32 and 0.68, sum=1.00 >= 0.97
[Ticker] KXBTC15M-26APR090600-00
[Market] YES=0.00 | NO=1.00 | Sum=1.00
==================================================
Balance: $116.56 | Regime: CHOP | Session: 0W/0L (0%) | PnL: $+0.00
[Confidence] Score=6/10 | extreme_edge,all3_agree,peak_hour
[Timing] Window 8 min old — skipping
[Cycle] No signal — YES=0.00 is between 0.32 and 0.68, sum=1.00 >= 0.97
[Ticker] KXBTC15M-26APR090600-00
[Market] YES=0.00 | NO=1.00 | Sum=1.00
==================================================
Balance: $116.56 | Regime: CHOP | Session: 0W/0L (0%) | PnL: $+0.00
[Confidence] Score=6/10 | extreme_edge,all3_agree,peak_hour
[Timing] Window 9 min old — skipping
[Cycle] No signal — YES=0.00 is between 0.32 and 0.68, sum=1.00 >= 0.97
[Ticker] KXBTC15M-26APR090600-00
[Market] YES=0.00 | NO=1.00 | Sum=1.00
==================================================
Balance: $116.56 | Regime: CHOP | Session: 0W/0L (0%) | PnL: $+0.00
[Confidence] Score=6/10 | extreme_edge,all3_agree,peak_hour
[Timing] Window 10 min old — skipping
[Cycle] No signal — YES=0.00 is between 0.32 and 0.68, sum=1.00 >= 0.97
[Ticker] KXBTC15M-26APR090600-00
[Market] YES=0.00 | NO=1.00 | Sum=1.00
==================================================
Balance: $116.56 | Regime: CHOP | Session: 0W/0L (0%) | PnL: $+0.00
[Confidence] Score=6/10 | extreme_edge,all3_agree,peak_hour
[Timing] Window 11 min old — skipping
[Cycle] No signal — YES=0.00 is between 0.32 and 0.68, sum=1.00 >= 0.97
[Ticker] KXBTC15M-26APR090600-00
[Market] YES=0.00 | NO=1.00 | Sum=1.00
==================================================
Balance: $116.56 | Regime: CHOP | Session: 0W/0L (0%) | PnL: $+0.00
[Confidence] Score=5/10 | extreme_edge,2of3_agree,peak_hour
[Timing] Window 12 min old — skipping
[Cycle] No signal — YES=0.00 is between 0.32 and 0.68, sum=1.00 >= 0.97
[Ticker] KXBTC15M-26APR090600-00
[Market] YES=0.00 | NO=1.00 | Sum=1.00
==================================================
Balance: $116.56 | Regime: CHOP | Session: 0W/0L (0%) | PnL: $+0.00
[Confidence] Score=6/10 | extreme_edge,all3_agree,peak_hour
[Timing] Window 13 min old — skipping
[Cycle] No signal — YES=0.00 is between 0.32 and 0.68, sum=1.00 >= 0.97
[Ticker] KXBTC15M-26APR090600-00
[Market] YES=0.00 | NO=1.00 | Sum=1.00
==================================================
Balance: $116.56 | Regime: CHOP | Session: 0W/0L (0%) | PnL: $+0.00
[Confidence] Score=6/10 | extreme_edge,all3_agree,peak_hour
[Timing] Window 14 min old — skipping
[Cycle] No signal — YES=0.00 is between 0.32 and 0.68, sum=1.00 >= 0.97
[Ticker] KXBTC15M-26APR090615-15
[Market] YES=0.00 | NO=1.00 | Sum=1.00
==================================================
Balance: $116.56 | Regime: CHOP | Session: 0W/0L (0%) | PnL: $+0.00
[Confidence] Score=6/10 | extreme_edge,all3_agree,peak_hour
[Timing] Window 0 min old — skipping
[Cycle] No signal — YES=0.00 is between 0.32 and 0.68, sum=1.00 >= 0.97
[Ticker] KXBTC15M-26APR090615-15
[Market] YES=0.00 | NO=1.00 | Sum=1.00
==================================================
Balance: $116.56 | Regime: CHOP | Session: 0W/0L (0%) | PnL: $+0.00
[Confidence] Score=6/10 | extreme_edge,all3_agree,peak_hour
[Signal] EXTREME DOWN | yes=0.00 | edge=0.50 | firing immediately
[Correlation] All 3 agree — bet boosted
[Signal] CONFIRMED DOWN | yes=0.00 | edge=0.50 | bet=$4.90
[CorrGuard] 2 bots already fired — skipping to avoid correlated loss
[Cycle] No signal — YES=0.00 is between 0.32 and 0.68, sum=1.00 >= 0.97
[Ticker] KXBTC15M-26APR090615-15
[Market] YES=0.00 | NO=1.00 | Sum=1.00
==================================================
Balance: $116.56 | Regime: CHOP | Session: 0W/0L (0%) | PnL: $+0.00
[Confidence] Score=4/10 | extreme_edge,peak_hour
[Correlation] All 3 agree — bet boosted
[Signal] CONFIRMED DOWN | yes=0.00 | edge=0.50 | bet=$4.90
[CorrGuard] 2 bots already fired — skipping to avoid correlated loss
[Cycle] No signal — YES=0.00 is between 0.32 and 0.68, sum=1.00 >= 0.97
[Ticker] KXBTC15M-26APR090615-15
[Market] YES=0.00 | NO=1.00 | Sum=1.00
==================================================
Balance: $116.56 | Regime: CHOP | Session: 0W/0L (0%) | PnL: $+0.00
[Confidence] Score=6/10 | extreme_edge,all3_agree,peak_hour
[Correlation] All 3 agree — bet boosted
[Signal] CONFIRMED DOWN | yes=0.00 | edge=0.50 | bet=$4.90
[CorrGuard] 2 bots already fired — skipping to avoid correlated loss
[Cycle] No signal — YES=0.00 is between 0.32 and 0.68, sum=1.00 >= 0.97
[Ticker] KXBTC15M-26APR090615-15
[Market] YES=0.00 | NO=1.00 | Sum=1.00
==================================================
Balance: $116.56 | Regime: CHOP | Session: 0W/0L (0%) | PnL: $+0.00
[Confidence] Score=6/10 | extreme_edge,all3_agree,peak_hour
[Correlation] All 3 agree — bet boosted
[Signal] CONFIRMED DOWN | yes=0.00 | edge=0.50 | bet=$4.90
[CorrGuard] 2 bots already fired — skipping to avoid correlated loss
[Cycle] No signal — YES=0.00 is between 0.32 and 0.68, sum=1.00 >= 0.97
[Ticker] KXBTC15M-26APR090615-15
[Market] YES=0.00 | NO=1.00 | Sum=1.00
==================================================
Balance: $116.56 | Regime: CHOP | Session: 0W/0L (0%) | PnL: $+0.00
[Confidence] Score=6/10 | extreme_edge,all3_agree,peak_hour
[Timing] Window 5 min old — skipping
[Cycle] No signal — YES=0.00 is between 0.32 and 0.68, sum=1.00 >= 0.97
[Ticker] KXBTC15M-26APR090615-15
[Market] YES=0.00 | NO=1.00 | Sum=1.00
==================================================
Balance: $116.56 | Regime: CHOP | Session: 0W/0L (0%) | PnL: $+0.00
[Confidence] Score=6/10 | extreme_edge,all3_agree,peak_hour
[Timing] Window 6 min old — skipping
[Cycle] No signal — YES=0.00 is between 0.32 and 0.68, sum=1.00 >= 0.97
[Ticker] KXBTC15M-26APR090615-15
[Market] YES=0.00 | NO=1.00 | Sum=1.00
==================================================
Balance: $116.56 | Regime: CHOP | Session: 0W/0L (0%) | PnL: $+0.00
[Confidence] Score=6/10 | extreme_edge,all3_agree,peak_hour
[Timing] Window 7 min old — skipping
[Cycle] No signal — YES=0.00 is between 0.32 and 0.68, sum=1.00 >= 0.97
[Ticker] KXBTC15M-26APR090615-15
[Market] YES=0.00 | NO=1.00 | Sum=1.00
==================================================
Balance: $116.56 | Regime: CHOP | Session: 0W/0L (0%) | PnL: $+0.00
[Confidence] Score=5/10 | extreme_edge,2of3_agree,peak_hour
[Timing] Window 8 min old — skipping
[Cycle] No signal — YES=0.00 is between 0.32 and 0.68, sum=1.00 >= 0.97
[Ticker] KXBTC15M-26APR090615-15
[Market] YES=0.00 | NO=1.00 | Sum=1.00
==================================================
Balance: $116.56 | Regime: CHOP | Session: 0W/0L (0%) | PnL: $+0.00
[Confidence] Score=6/10 | extreme_edge,all3_agree,peak_hour
[Timing] Window 9 min old — skipping
[Cycle] No signal — YES=0.00 is between 0.32 and 0.68, sum=1.00 >= 0.97
[Ticker] KXBTC15M-26APR090615-15
[Market] YES=0.00 | NO=1.00 | Sum=1.00
==================================================
Balance: $116.56 | Regime: CHOP | Session: 0W/0L (0%) | PnL: $+0.00
[Confidence] Score=6/10 | extreme_edge,all3_agree,peak_hour
[Timing] Window 10 min old — skipping
[Cycle] No signal — YES=0.00 is between 0.32 and 0.68, sum=1.00 >= 0.97
[Ticker] KXBTC15M-26APR090615-15
[Market] YES=0.00 | NO=1.00 | Sum=1.00
==================================================
Balance: $116.56 | Regime: CHOP | Session: 0W/0L (0%) | PnL: $+0.00
[Confidence] Score=6/10 | extreme_edge,all3_agree,peak_hour
[Timing] Window 11 min old — skipping
[Cycle] No signal — YES=0.00 is between 0.32 and 0.68, sum=1.00 >= 0.97
[Ticker] KXBTC15M-26APR090615-15
[Market] YES=0.00 | NO=1.00 | Sum=1.00
==================================================
Balance: $116.56 | Regime: CHOP | Session: 0W/0L (0%) | PnL: $+0.00
[Confidence] Score=6/10 | extreme_edge,all3_agree,peak_hour
[Timing] Window 12 min old — skipping
[Cycle] No signal — YES=0.00 is between 0.32 and 0.68, sum=1.00 >= 0.97
[Ticker] KXBTC15M-26APR090615-15
[Market] YES=0.00 | NO=1.00 | Sum=1.00
==================================================
Balance: $116.56 | Regime: CHOP | Session: 0W/0L (0%) | PnL: $+0.00
[Confidence] Score=6/10 | extreme_edge,all3_agree,peak_hour
[Timing] Window 13 min old — skipping
[Cycle] No signal — YES=0.00 is between 0.32 and 0.68, sum=1.00 >= 0.97
[Ticker] KXBTC15M-26APR090615-15
[Market] YES=0.00 | NO=1.00 | Sum=1.00
==================================================
Balance: $116.56 | Regime: CHOP | Session: 0W/0L (0%) | PnL: $+0.00
[Confidence] Score=6/10 | extreme_edge,all3_agree,peak_hour
[Timing] Window 14 min old — skipping
[Cycle] No signal — YES=0.00 is between 0.32 and 0.68, sum=1.00 >= 0.97
[Ticker] KXBTC15M-26APR090630-30
[Market] YES=0.00 | NO=1.00 | Sum=1.00
==================================================
Balance: $116.56 | Regime: CHOP | Session: 0W/0L (0%) | PnL: $+0.00
[Confidence] Score=6/10 | extreme_edge,all3_agree,peak_hour
[Timing] Window 0 min old — skipping
[Cycle] No signal — YES=0.00 is between 0.32 and 0.68, sum=1.00 >= 0.97
[Ticker] KXBTC15M-26APR090630-30
[Market] YES=0.00 | NO=1.00 | Sum=1.00
==================================================
Balance: $116.56 | Regime: CHOP | Session: 0W/0L (0%) | PnL: $+0.00
[Confidence] Score=5/10 | extreme_edge,2of3_agree,peak_hour
[Signal] EXTREME DOWN | yes=0.00 | edge=0.50 | firing immediately
[Correlation] All 3 agree — bet boosted
[Signal] CONFIRMED DOWN | yes=0.00 | edge=0.50 | bet=$4.90
[Safety] Balance $116.56 below floor $120.00
🛑 OpenClaw BTC Bot v4.0 halted: Balance $116.56 below floor $120.00

==================================================
OpenClaw BTC Bot v4.0 — LIVE
[Startup] Live balance synced: $116.56
Balance: $116.56 | MaxBet: $11.66 | Threshold: <0.32 or >0.68
==================================================

[Startup] Resting orders cleared
[Ticker] KXBTC15M-26APR090630-30
[Market] YES=0.00 | NO=1.00 | Sum=1.00
==================================================
Balance: $116.56 | Regime: CHOP | Session: 0W/0L (0%) | PnL: $+0.00
[Confidence] Score=5/10 | extreme_edge,2of3_agree,peak_hour
[Signal] EXTREME DOWN | yes=0.00 | edge=0.50 | firing immediately
[Correlation] All 3 agree — bet boosted
[Signal] CONFIRMED DOWN | yes=0.00 | edge=0.50 | bet=$4.90
[CorrGuard] 2 bots already fired — skipping to avoid correlated loss
[Cycle] No signal — YES=0.00 is between 0.32 and 0.68, sum=1.00 >= 0.97
[Ticker] KXBTC15M-26APR090630-30
[Market] YES=0.00 | NO=1.00 | Sum=1.00
==================================================
Balance: $116.56 | Regime: CHOP | Session: 0W/0L (0%) | PnL: $+0.00
[Confidence] Score=6/10 | extreme_edge,all3_agree,peak_hour
[Signal] DOWN candidate | yes=0.00 | waiting (1/2)
[Cycle] No signal — YES=0.00 is between 0.32 and 0.68, sum=1.00 >= 0.97
[Ticker] KXBTC15M-26APR090630-30
[Market] YES=0.00 | NO=1.00 | Sum=1.00
==================================================
Balance: $116.56 | Regime: CHOP | Session: 0W/0L (0%) | PnL: $+0.00
[Confidence] Score=5/10 | extreme_edge,2of3_agree,peak_hour
[Correlation] Markets diverging — bet trimmed
[Signal] CONFIRMED DOWN | yes=0.00 | edge=0.50 | bet=$3.67
[CorrGuard] 2 bots already fired — skipping to avoid correlated loss
[Cycle] No signal — YES=0.00 is between 0.32 and 0.68, sum=1.00 >= 0.97
[Ticker] KXBTC15M-26APR090630-30
[Market] YES=0.00 | NO=1.00 | Sum=1.00
==================================================
Balance: $116.56 | Regime: CHOP | Session: 0W/0L (0%) | PnL: $+0.00
[Confidence] Score=6/10 | extreme_edge,all3_agree,peak_hour
[Correlation] All 3 agree — bet boosted
[Signal] CONFIRMED DOWN | yes=0.00 | edge=0.50 | bet=$4.90
[CorrGuard] 2 bots already fired — skipping to avoid correlated loss
[Cycle] No signal — YES=0.00 is between 0.32 and 0.68, sum=1.00 >= 0.97
[Ticker] KXBTC15M-26APR090630-30
[Market] YES=0.00 | NO=1.00 | Sum=1.00
==================================================
Balance: $116.56 | Regime: CHOP | Session: 0W/0L (0%) | PnL: $+0.00
[Confidence] Score=6/10 | extreme_edge,all3_agree,peak_hour
[Timing] Window 5 min old — skipping
[Cycle] No signal — YES=0.00 is between 0.32 and 0.68, sum=1.00 >= 0.97
[Ticker] KXBTC15M-26APR090630-30
[Market] YES=0.00 | NO=1.00 | Sum=1.00
==================================================
Balance: $116.56 | Regime: CHOP | Session: 0W/0L (0%) | PnL: $+0.00
[Confidence] Score=6/10 | extreme_edge,all3_agree,peak_hour
[Timing] Window 6 min old — skipping
[Cycle] No signal — YES=0.00 is between 0.32 and 0.68, sum=1.00 >= 0.97
[Ticker] KXBTC15M-26APR090630-30
[Market] YES=0.00 | NO=1.00 | Sum=1.00
==================================================
Balance: $116.56 | Regime: CHOP | Session: 0W/0L (0%) | PnL: $+0.00
[Confidence] Score=5/10 | extreme_edge,2of3_agree,peak_hour
[Timing] Window 7 min old — skipping
[Cycle] No signal — YES=0.00 is between 0.32 and 0.68, sum=1.00 >= 0.97
[Ticker] KXBTC15M-26APR090630-30
[Market] YES=0.00 | NO=1.00 | Sum=1.00
==================================================
Balance: $116.56 | Regime: CHOP | Session: 0W/0L (0%) | PnL: $+0.00
[Confidence] Score=5/10 | extreme_edge,2of3_agree,peak_hour
[Timing] Window 8 min old — skipping
[Cycle] No signal — YES=0.00 is between 0.32 and 0.68, sum=1.00 >= 0.97
[Ticker] KXBTC15M-26APR090630-30
[Market] YES=0.00 | NO=1.00 | Sum=1.00
==================================================
Balance: $116.56 | Regime: CHOP | Session: 0W/0L (0%) | PnL: $+0.00
[Confidence] Score=5/10 | extreme_edge,2of3_agree,peak_hour
[Timing] Window 9 min old — skipping
[Cycle] No signal — YES=0.00 is between 0.32 and 0.68, sum=1.00 >= 0.97
[Ticker] KXBTC15M-26APR090630-30
[Market] YES=0.00 | NO=1.00 | Sum=1.00
==================================================
Balance: $116.56 | Regime: CHOP | Session: 0W/0L (0%) | PnL: $+0.00
[Confidence] Score=6/10 | extreme_edge,all3_agree,peak_hour
[Timing] Window 10 min old — skipping
[Cycle] No signal — YES=0.00 is between 0.32 and 0.68, sum=1.00 >= 0.97
[Ticker] KXBTC15M-26APR090630-30
[Market] YES=0.00 | NO=1.00 | Sum=1.00
==================================================
Balance: $116.56 | Regime: CHOP | Session: 0W/0L (0%) | PnL: $+0.00
[Confidence] Score=6/10 | extreme_edge,all3_agree,peak_hour
[Timing] Window 11 min old — skipping
[Cycle] No signal — YES=0.00 is between 0.32 and 0.68, sum=1.00 >= 0.97
[Ticker] KXBTC15M-26APR090630-30
[Market] YES=0.00 | NO=1.00 | Sum=1.00
==================================================
Balance: $116.56 | Regime: CHOP | Session: 0W/0L (0%) | PnL: $+0.00
[Confidence] Score=4/10 | extreme_edge,peak_hour
[Timing] Window 12 min old — skipping
[Cycle] No signal — YES=0.00 is between 0.32 and 0.68, sum=1.00 >= 0.97
[Ticker] KXBTC15M-26APR090630-30
[Market] YES=0.00 | NO=1.00 | Sum=1.00
==================================================
Balance: $116.56 | Regime: CHOP | Session: 0W/0L (0%) | PnL: $+0.00
[Confidence] Score=6/10 | extreme_edge,all3_agree,peak_hour
[Timing] Window 13 min old — skipping
[Cycle] No signal — YES=0.00 is between 0.32 and 0.68, sum=1.00 >= 0.97
[Ticker] KXBTC15M-26APR090630-30
[Market] YES=0.00 | NO=1.00 | Sum=1.00
==================================================
Balance: $116.56 | Regime: CHOP | Session: 0W/0L (0%) | PnL: $+0.00
[Confidence] Score=6/10 | extreme_edge,all3_agree,peak_hour
[Timing] Window 14 min old — skipping
[Cycle] No signal — YES=0.00 is between 0.32 and 0.68, sum=1.00 >= 0.97
[Ticker] KXBTC15M-26APR090645-45
[Market] YES=0.00 | NO=1.00 | Sum=1.00
==================================================
Balance: $116.56 | Regime: CHOP | Session: 0W/0L (0%) | PnL: $+0.00
[Confidence] Score=6/10 | extreme_edge,all3_agree,peak_hour
[Timing] Window 0 min old — skipping
[Cycle] No signal — YES=0.00 is between 0.32 and 0.68, sum=1.00 >= 0.97
[Ticker] KXBTC15M-26APR090645-45
[Market] YES=0.00 | NO=1.00 | Sum=1.00
==================================================
Balance: $116.56 | Regime: CHOP | Session: 0W/0L (0%) | PnL: $+0.00
[Confidence] Score=6/10 | extreme_edge,all3_agree,peak_hour
[Signal] EXTREME DOWN | yes=0.00 | edge=0.50 | firing immediately
[Correlation] All 3 agree — bet boosted
[Signal] CONFIRMED DOWN | yes=0.00 | edge=0.50 | bet=$4.90
[Safety] Balance $116.56 below floor $120.00
🛑 OpenClaw BTC Bot v4.0 halted: Balance $116.56 below floor $120.00

==================================================
OpenClaw BTC Bot v4.0 — LIVE
[Startup] Live balance synced: $116.56
Balance: $116.56 | MaxBet: $11.66 | Threshold: <0.32 or >0.68
==================================================

[Startup] Resting orders cleared
[Ticker] KXBTC15M-26APR090645-45
[Market] YES=0.00 | NO=1.00 | Sum=1.00
==================================================
Balance: $116.56 | Regime: CHOP | Session: 0W/0L (0%) | PnL: $+0.00
[Confidence] Score=5/10 | extreme_edge,2of3_agree,peak_hour
[Signal] EXTREME DOWN | yes=0.00 | edge=0.50 | firing immediately
[Correlation] All 3 agree — bet boosted
[Signal] CONFIRMED DOWN | yes=0.00 | edge=0.50 | bet=$4.90
[CorrGuard] 2 bots already fired — skipping to avoid correlated loss
[Cycle] No signal — YES=0.00 is between 0.32 and 0.68, sum=1.00 >= 0.97
[Ticker] KXBTC15M-26APR090645-45
[Market] YES=0.00 | NO=1.00 | Sum=1.00
==================================================
Balance: $116.56 | Regime: CHOP | Session: 0W/0L (0%) | PnL: $+0.00
[Confidence] Score=6/10 | extreme_edge,all3_agree,peak_hour
[Signal] DOWN candidate | yes=0.00 | waiting (1/2)
[Cycle] No signal — YES=0.00 is between 0.32 and 0.68, sum=1.00 >= 0.97
[Ticker] KXBTC15M-26APR090645-45
[Market] YES=0.00 | NO=1.00 | Sum=1.00
==================================================
Balance: $116.56 | Regime: CHOP | Session: 0W/0L (0%) | PnL: $+0.00
[Confidence] Score=5/10 | extreme_edge,2of3_agree,peak_hour
[Correlation] All 3 agree — bet boosted
[Signal] CONFIRMED DOWN | yes=0.00 | edge=0.50 | bet=$4.90
[Safety] Balance $116.56 below floor $120.00
🛑 OpenClaw BTC Bot v4.0 halted: Balance $116.56 below floor $120.00

==================================================
OpenClaw BTC Bot v4.0 — LIVE
[Startup] Live balance synced: $116.56
Balance: $116.56 | MaxBet: $11.66 | Threshold: <0.32 or >0.68
==================================================

[Startup] Resting orders cleared
[Ticker] KXBTC15M-26APR090645-45
[Market] YES=0.00 | NO=1.00 | Sum=1.00
==================================================
Balance: $116.56 | Regime: CHOP | Session: 0W/0L (0%) | PnL: $+0.00
[Confidence] Score=5/10 | extreme_edge,2of3_agree,peak_hour
[Signal] DOWN candidate | yes=0.00 | waiting (1/2)
[Cycle] No signal — YES=0.00 is between 0.32 and 0.68, sum=1.00 >= 0.97
[Ticker] KXBTC15M-26APR090645-45
[Market] YES=0.00 | NO=1.00 | Sum=1.00
==================================================
Balance: $116.56 | Regime: CHOP | Session: 0W/0L (0%) | PnL: $+0.00
[Confidence] Score=6/10 | extreme_edge,all3_agree,peak_hour
[Timing] Window 5 min old — skipping
[Cycle] No signal — YES=0.00 is between 0.32 and 0.68, sum=1.00 >= 0.97
[Ticker] KXBTC15M-26APR090645-45
[Market] YES=0.00 | NO=1.00 | Sum=1.00
==================================================
Balance: $116.56 | Regime: CHOP | Session: 0W/0L (0%) | PnL: $+0.00
[Confidence] Score=6/10 | extreme_edge,all3_agree,peak_hour
[Timing] Window 6 min old — skipping
[Cycle] No signal — YES=0.00 is between 0.32 and 0.68, sum=1.00 >= 0.97
[Ticker] KXBTC15M-26APR090645-45
[Market] YES=0.00 | NO=1.00 | Sum=1.00
==================================================
Balance: $116.56 | Regime: CHOP | Session: 0W/0L (0%) | PnL: $+0.00
[Confidence] Score=6/10 | extreme_edge,all3_agree,peak_hour
[Timing] Window 7 min old — skipping
[Cycle] No signal — YES=0.00 is between 0.32 and 0.68, sum=1.00 >= 0.97
[Ticker] KXBTC15M-26APR090645-45
[Market] YES=0.00 | NO=1.00 | Sum=1.00
==================================================
Balance: $116.56 | Regime: CHOP | Session: 0W/0L (0%) | PnL: $+0.00
[Confidence] Score=6/10 | extreme_edge,all3_agree,peak_hour
[Timing] Window 8 min old — skipping
[Cycle] No signal — YES=0.00 is between 0.32 and 0.68, sum=1.00 >= 0.97
[Ticker] KXBTC15M-26APR090645-45
[Market] YES=0.00 | NO=1.00 | Sum=1.00
==================================================
Balance: $116.56 | Regime: CHOP | Session: 0W/0L (0%) | PnL: $+0.00
[Confidence] Score=6/10 | extreme_edge,all3_agree,peak_hour
[Timing] Window 9 min old — skipping
[Cycle] No signal — YES=0.00 is between 0.32 and 0.68, sum=1.00 >= 0.97
[Ticker] KXBTC15M-26APR090645-45
[Market] YES=0.00 | NO=1.00 | Sum=1.00
==================================================
Balance: $116.56 | Regime: CHOP | Session: 0W/0L (0%) | PnL: $+0.00
[Confidence] Score=6/10 | extreme_edge,all3_agree,peak_hour
[Timing] Window 10 min old — skipping
[Cycle] No signal — YES=0.00 is between 0.32 and 0.68, sum=1.00 >= 0.97
[Ticker] KXBTC15M-26APR090645-45
[Market] YES=0.00 | NO=1.00 | Sum=1.00
==================================================
Balance: $116.56 | Regime: CHOP | Session: 0W/0L (0%) | PnL: $+0.00
[Confidence] Score=6/10 | extreme_edge,all3_agree,peak_hour
[Timing] Window 11 min old — skipping
[Cycle] No signal — YES=0.00 is between 0.32 and 0.68, sum=1.00 >= 0.97
[Ticker] KXBTC15M-26APR090645-45
[Market] YES=0.00 | NO=1.00 | Sum=1.00
==================================================
Balance: $116.56 | Regime: CHOP | Session: 0W/0L (0%) | PnL: $+0.00
[Confidence] Score=4/10 | extreme_edge,peak_hour
[Timing] Window 12 min old — skipping
[Cycle] No signal — YES=0.00 is between 0.32 and 0.68, sum=1.00 >= 0.97
[Ticker] KXBTC15M-26APR090645-45
[Market] YES=0.00 | NO=1.00 | Sum=1.00
==================================================
Balance: $116.56 | Regime: CHOP | Session: 0W/0L (0%) | PnL: $+0.00
[Confidence] Score=6/10 | extreme_edge,all3_agree,peak_hour
[Timing] Window 13 min old — skipping
[Cycle] No signal — YES=0.00 is between 0.32 and 0.68, sum=1.00 >= 0.97
[Ticker] KXBTC15M-26APR090645-45
[Market] YES=0.00 | NO=1.00 | Sum=1.00
==================================================
Balance: $116.56 | Regime: CHOP | Session: 0W/0L (0%) | PnL: $+0.00
[Confidence] Score=6/10 | extreme_edge,all3_agree,peak_hour
[Timing] Window 14 min old — skipping
[Cycle] No signal — YES=0.00 is between 0.32 and 0.68, sum=1.00 >= 0.97
[Ticker] KXBTC15M-26APR090700-00
[Market] YES=0.00 | NO=1.00 | Sum=1.00
==================================================
Balance: $116.56 | Regime: CHOP | Session: 0W/0L (0%) | PnL: $+0.00
[Confidence] Score=6/10 | extreme_edge,all3_agree,peak_hour
[Timing] Window 0 min old — skipping
[Cycle] No signal — YES=0.00 is between 0.32 and 0.68, sum=1.00 >= 0.97
[Ticker] KXBTC15M-26APR090700-00
[Market] YES=0.00 | NO=1.00 | Sum=1.00
==================================================
Balance: $116.56 | Regime: CHOP | Session: 0W/0L (0%) | PnL: $+0.00
[Confidence] Score=5/10 | extreme_edge,2of3_agree,peak_hour
[Signal] EXTREME DOWN | yes=0.00 | edge=0.50 | firing immediately
[Correlation] Markets diverging — bet trimmed
[Signal] CONFIRMED DOWN | yes=0.00 | edge=0.50 | bet=$3.67
[Safety] Balance $116.56 below floor $120.00
🛑 OpenClaw BTC Bot v4.0 halted: Balance $116.56 below floor $120.00

==================================================
OpenClaw BTC Bot v4.0 — LIVE
[Startup] Live balance synced: $116.56
Balance: $116.56 | MaxBet: $11.66 | Threshold: <0.32 or >0.68
==================================================

[Startup] Resting orders cleared
[Ticker] KXBTC15M-26APR090700-00
[Market] YES=0.00 | NO=1.00 | Sum=1.00
==================================================
Balance: $116.56 | Regime: CHOP | Session: 0W/0L (0%) | PnL: $+0.00
[Confidence] Score=6/10 | extreme_edge,all3_agree,peak_hour
[Signal] EXTREME DOWN | yes=0.00 | edge=0.50 | firing immediately
[Correlation] All 3 agree — bet boosted
[Signal] CONFIRMED DOWN | yes=0.00 | edge=0.50 | bet=$4.90
[CorrGuard] 2 bots already fired — skipping to avoid correlated loss
[Cycle] No signal — YES=0.00 is between 0.32 and 0.68, sum=1.00 >= 0.97
[Ticker] KXBTC15M-26APR090700-00
[Market] YES=0.00 | NO=1.00 | Sum=1.00
==================================================
Balance: $116.56 | Regime: CHOP | Session: 0W/0L (0%) | PnL: $+0.00
[Confidence] Score=6/10 | extreme_edge,all3_agree,peak_hour
[Signal] DOWN candidate | yes=0.00 | waiting (1/2)
[Cycle] No signal — YES=0.00 is between 0.32 and 0.68, sum=1.00 >= 0.97
[Ticker] KXBTC15M-26APR090700-00
[Market] YES=0.00 | NO=1.00 | Sum=1.00
==================================================
Balance: $116.56 | Regime: CHOP | Session: 0W/0L (0%) | PnL: $+0.00
[Confidence] Score=6/10 | extreme_edge,all3_agree,peak_hour
[Correlation] All 3 agree — bet boosted
[Signal] CONFIRMED DOWN | yes=0.00 | edge=0.50 | bet=$4.90
[CorrGuard] 2 bots already fired — skipping to avoid correlated loss
[Cycle] No signal — YES=0.00 is between 0.32 and 0.68, sum=1.00 >= 0.97
[Ticker] KXBTC15M-26APR090700-00
[Market] YES=0.00 | NO=1.00 | Sum=1.00
==================================================
Balance: $116.56 | Regime: CHOP | Session: 0W/0L (0%) | PnL: $+0.00
[Confidence] Score=5/10 | extreme_edge,2of3_agree,peak_hour
[Correlation] 2/3 agree DOWN
[Signal] CONFIRMED DOWN | yes=0.00 | edge=0.50 | bet=$4.08
[CorrGuard] 2 bots already fired — skipping to avoid correlated loss
[Cycle] No signal — YES=0.00 is between 0.32 and 0.68, sum=1.00 >= 0.97
[Ticker] KXBTC15M-26APR090700-00
[Market] YES=0.00 | NO=1.00 | Sum=1.00
==================================================
Balance: $116.56 | Regime: CHOP | Session: 0W/0L (0%) | PnL: $+0.00
[Confidence] Score=4/10 | extreme_edge,peak_hour
[Timing] Window 5 min old — skipping
[Cycle] No signal — YES=0.00 is between 0.32 and 0.68, sum=1.00 >= 0.97
[Ticker] KXBTC15M-26APR090700-00
[Market] YES=0.00 | NO=1.00 | Sum=1.00
==================================================
Balance: $116.56 | Regime: CHOP | Session: 0W/0L (0%) | PnL: $+0.00
[Confidence] Score=6/10 | extreme_edge,all3_agree,peak_hour
[Timing] Window 6 min old — skipping
[Cycle] No signal — YES=0.00 is between 0.32 and 0.68, sum=1.00 >= 0.97
[Ticker] KXBTC15M-26APR090700-00
[Market] YES=0.00 | NO=1.00 | Sum=1.00
==================================================
Balance: $116.56 | Regime: CHOP | Session: 0W/0L (0%) | PnL: $+0.00
[Confidence] Score=6/10 | extreme_edge,all3_agree,peak_hour
[Timing] Window 7 min old — skipping
[Cycle] No signal — YES=0.00 is between 0.32 and 0.68, sum=1.00 >= 0.97
[Ticker] KXBTC15M-26APR090700-00
[Market] YES=0.00 | NO=1.00 | Sum=1.00
==================================================
Balance: $116.56 | Regime: CHOP | Session: 0W/0L (0%) | PnL: $+0.00
[Confidence] Score=5/10 | extreme_edge,2of3_agree,peak_hour
[Timing] Window 8 min old — skipping
[Cycle] No signal — YES=0.00 is between 0.32 and 0.68, sum=1.00 >= 0.97
[Ticker] KXBTC15M-26APR090700-00
[Market] YES=0.00 | NO=1.00 | Sum=1.00
==================================================
Balance: $116.56 | Regime: CHOP | Session: 0W/0L (0%) | PnL: $+0.00
[Confidence] Score=6/10 | extreme_edge,all3_agree,peak_hour
[Timing] Window 9 min old — skipping
[Cycle] No signal — YES=0.00 is between 0.32 and 0.68, sum=1.00 >= 0.97
[Ticker] KXBTC15M-26APR090700-00
[Market] YES=0.00 | NO=1.00 | Sum=1.00
==================================================
Balance: $116.56 | Regime: CHOP | Session: 0W/0L (0%) | PnL: $+0.00
[Confidence] Score=5/10 | extreme_edge,2of3_agree,peak_hour
[Timing] Window 10 min old — skipping
[Cycle] No signal — YES=0.00 is between 0.32 and 0.68, sum=1.00 >= 0.97
[Market] Could not fetch prices
[Market] Could not fetch prices
[Market] Could not fetch prices
[Market] Could not fetch prices
[Market] Could not fetch prices
[Market] Could not fetch prices
[Market] Could not fetch prices
[Market] Could not fetch prices
[Market] Could not fetch prices
[Market] Could not fetch prices
[Ticker] KXBTC15M-26APR090715-15
[Market] YES=0.00 | NO=1.00 | Sum=1.00
==================================================
Balance: $116.56 | Regime: CHOP | Session: 0W/0L (0%) | PnL: $+0.00
[Confidence] Score=5/10 | extreme_edge,2of3_agree,peak_hour
[Timing] Window 6 min old — skipping
[Cycle] No signal — YES=0.00 is between 0.32 and 0.68, sum=1.00 >= 0.97
[Ticker] KXBTC15M-26APR090715-15
[Market] YES=0.00 | NO=1.00 | Sum=1.00
==================================================
Balance: $116.56 | Regime: CHOP | Session: 0W/0L (0%) | PnL: $+0.00
[Confidence] Score=6/10 | extreme_edge,all3_agree,peak_hour
[Timing] Window 7 min old — skipping
[Cycle] No signal — YES=0.00 is between 0.32 and 0.68, sum=1.00 >= 0.97
[Ticker] KXBTC15M-26APR090715-15
[Market] YES=0.00 | NO=1.00 | Sum=1.00
==================================================
Balance: $116.56 | Regime: CHOP | Session: 0W/0L (0%) | PnL: $+0.00
[Confidence] Score=6/10 | extreme_edge,all3_agree,peak_hour
[Timing] Window 8 min old — skipping
[Cycle] No signal — YES=0.00 is between 0.32 and 0.68, sum=1.00 >= 0.97
[Ticker] KXBTC15M-26APR090715-15
[Market] YES=0.00 | NO=1.00 | Sum=1.00
==================================================
Balance: $116.56 | Regime: CHOP | Session: 0W/0L (0%) | PnL: $+0.00
[Confidence] Score=6/10 | extreme_edge,all3_agree,peak_hour
[Timing] Window 9 min old — skipping
[Cycle] No signal — YES=0.00 is between 0.32 and 0.68, sum=1.00 >= 0.97
[Ticker] KXBTC15M-26APR090715-15
[Market] YES=0.00 | NO=1.00 | Sum=1.00
==================================================
Balance: $116.56 | Regime: CHOP | Session: 0W/0L (0%) | PnL: $+0.00
[Confidence] Score=6/10 | extreme_edge,all3_agree,peak_hour
[Timing] Window 10 min old — skipping
[Cycle] No signal — YES=0.00 is between 0.32 and 0.68, sum=1.00 >= 0.97
[Ticker] KXBTC15M-26APR090715-15
[Market] YES=0.00 | NO=1.00 | Sum=1.00
==================================================
Balance: $116.56 | Regime: CHOP | Session: 0W/0L (0%) | PnL: $+0.00
[Confidence] Score=6/10 | extreme_edge,all3_agree,peak_hour
[Timing] Window 11 min old — skipping
[Cycle] No signal — YES=0.00 is between 0.32 and 0.68, sum=1.00 >= 0.97
[Ticker] KXBTC15M-26APR090715-15
[Market] YES=0.00 | NO=1.00 | Sum=1.00
==================================================
Balance: $116.56 | Regime: CHOP | Session: 0W/0L (0%) | PnL: $+0.00
[Confidence] Score=6/10 | extreme_edge,all3_agree,peak_hour
[Timing] Window 12 min old — skipping
[Cycle] No signal — YES=0.00 is between 0.32 and 0.68, sum=1.00 >= 0.97
[Ticker] KXBTC15M-26APR090715-15
[Market] YES=0.00 | NO=1.00 | Sum=1.00
==================================================
Balance: $116.56 | Regime: CHOP | Session: 0W/0L (0%) | PnL: $+0.00
[Confidence] Score=5/10 | extreme_edge,2of3_agree,peak_hour
[Timing] Window 13 min old — skipping
[Cycle] No signal — YES=0.00 is between 0.32 and 0.68, sum=1.00 >= 0.97
[Ticker] KXBTC15M-26APR090715-15
[Market] YES=0.00 | NO=1.00 | Sum=1.00
==================================================
Balance: $116.56 | Regime: CHOP | Session: 0W/0L (0%) | PnL: $+0.00
[Confidence] Score=6/10 | extreme_edge,all3_agree,peak_hour
[Timing] Window 14 min old — skipping
[Cycle] No signal — YES=0.00 is between 0.32 and 0.68, sum=1.00 >= 0.97
[Ticker] KXBTC15M-26APR090730-30
[Market] YES=0.00 | NO=1.00 | Sum=1.00
==================================================
Balance: $116.56 | Regime: CHOP | Session: 0W/0L (0%) | PnL: $+0.00
[Confidence] Score=6/10 | extreme_edge,all3_agree,peak_hour
[Timing] Window 0 min old — skipping
[Cycle] No signal — YES=0.00 is between 0.32 and 0.68, sum=1.00 >= 0.97
[Ticker] KXBTC15M-26APR090730-30
[Market] YES=0.00 | NO=1.00 | Sum=1.00
==================================================
Balance: $116.56 | Regime: CHOP | Session: 0W/0L (0%) | PnL: $+0.00
[Confidence] Score=6/10 | extreme_edge,all3_agree,peak_hour
[Signal] EXTREME DOWN | yes=0.00 | edge=0.50 | firing immediately
[Correlation] All 3 agree — bet boosted
[Signal] CONFIRMED DOWN | yes=0.00 | edge=0.50 | bet=$4.90
[Safety] Balance $116.56 below floor $120.00
🛑 OpenClaw BTC Bot v4.0 halted: Balance $116.56 below floor $120.00

==================================================
OpenClaw BTC Bot v4.0 — LIVE
[Startup] Live balance synced: $116.56
Balance: $116.56 | MaxBet: $11.66 | Threshold: <0.32 or >0.68
==================================================

[Startup] Resting orders cleared
[Ticker] KXBTC15M-26APR090730-30
[Market] YES=0.00 | NO=1.00 | Sum=1.00
==================================================
Balance: $116.56 | Regime: CHOP | Session: 0W/0L (0%) | PnL: $+0.00
[Confidence] Score=6/10 | extreme_edge,all3_agree,peak_hour
[Signal] EXTREME DOWN | yes=0.00 | edge=0.50 | firing immediately
[Correlation] All 3 agree — bet boosted
[Signal] CONFIRMED DOWN | yes=0.00 | edge=0.50 | bet=$4.90
[CorrGuard] 2 bots already fired — skipping to avoid correlated loss
[Cycle] No signal — YES=0.00 is between 0.32 and 0.68, sum=1.00 >= 0.97
[Ticker] KXBTC15M-26APR090730-30
[Market] YES=0.00 | NO=1.00 | Sum=1.00
==================================================
Balance: $116.56 | Regime: CHOP | Session: 0W/0L (0%) | PnL: $+0.00
[Confidence] Score=6/10 | extreme_edge,all3_agree,peak_hour
[Signal] DOWN candidate | yes=0.00 | waiting (1/2)
[Cycle] No signal — YES=0.00 is between 0.32 and 0.68, sum=1.00 >= 0.97
[Ticker] KXBTC15M-26APR090730-30
[Market] YES=0.00 | NO=1.00 | Sum=1.00
==================================================
Balance: $116.56 | Regime: CHOP | Session: 0W/0L (0%) | PnL: $+0.00
[Confidence] Score=5/10 | extreme_edge,2of3_agree,peak_hour
[Correlation] All 3 agree — bet boosted
[Signal] CONFIRMED DOWN | yes=0.00 | edge=0.50 | bet=$4.90
[Safety] Balance $116.56 below floor $120.00
🛑 OpenClaw BTC Bot v4.0 halted: Balance $116.56 below floor $120.00

==================================================
OpenClaw BTC Bot v4.0 — LIVE
[Startup] Live balance synced: $116.56
Balance: $116.56 | MaxBet: $11.66 | Threshold: <0.32 or >0.68
==================================================

[Startup] Resting orders cleared
[Ticker] KXBTC15M-26APR090730-30
[Market] YES=0.00 | NO=1.00 | Sum=1.00
==================================================
Balance: $116.56 | Regime: CHOP | Session: 0W/0L (0%) | PnL: $+0.00
[Confidence] Score=5/10 | extreme_edge,2of3_agree,peak_hour
[Signal] DOWN candidate | yes=0.00 | waiting (1/2)
[Cycle] No signal — YES=0.00 is between 0.32 and 0.68, sum=1.00 >= 0.97
[Ticker] KXBTC15M-26APR090730-30
[Market] YES=0.00 | NO=1.00 | Sum=1.00
==================================================
Balance: $116.56 | Regime: CHOP | Session: 0W/0L (0%) | PnL: $+0.00
[Confidence] Score=6/10 | extreme_edge,all3_agree,peak_hour
[Coinbase] Strike fetch failed: '>' not supported between instances of 'NoneType' and 'int'
[Correlation] 2/3 agree DOWN
[Signal] CONFIRMED DOWN | yes=0.00 | edge=0.50 | bet=$4.08
[CorrGuard] 2 bots already fired — skipping to avoid correlated loss
[Cycle] No signal — YES=0.00 is between 0.32 and 0.68, sum=1.00 >= 0.97
[Market] Could not fetch prices
[Ticker] KXBTC15M-26APR090730-30
[Market] YES=0.00 | NO=1.00 | Sum=1.00
==================================================
Balance: $116.56 | Regime: CHOP | Session: 0W/0L (0%) | PnL: $+0.00
[Confidence] Score=6/10 | extreme_edge,all3_agree,peak_hour
[Timing] Window 6 min old — skipping
[Cycle] No signal — YES=0.00 is between 0.32 and 0.68, sum=1.00 >= 0.97
[Ticker] KXBTC15M-26APR090730-30
[Market] YES=0.00 | NO=1.00 | Sum=1.00
==================================================
Balance: $116.56 | Regime: CHOP | Session: 0W/0L (0%) | PnL: $+0.00
[Confidence] Score=6/10 | extreme_edge,all3_agree,peak_hour
[Timing] Window 7 min old — skipping
[Cycle] No signal — YES=0.00 is between 0.32 and 0.68, sum=1.00 >= 0.97
[Ticker] KXBTC15M-26APR090730-30
[Market] YES=0.00 | NO=1.00 | Sum=1.00
==================================================
Balance: $116.56 | Regime: CHOP | Session: 0W/0L (0%) | PnL: $+0.00
[Confidence] Score=6/10 | extreme_edge,all3_agree,peak_hour
[Timing] Window 8 min old — skipping
[Cycle] No signal — YES=0.00 is between 0.32 and 0.68, sum=1.00 >= 0.97
[Ticker] KXBTC15M-26APR090730-30
[Market] YES=0.00 | NO=1.00 | Sum=1.00
==================================================
Balance: $116.56 | Regime: CHOP | Session: 0W/0L (0%) | PnL: $+0.00
[Confidence] Score=5/10 | extreme_edge,2of3_agree,peak_hour
[Timing] Window 9 min old — skipping
[Cycle] No signal — YES=0.00 is between 0.32 and 0.68, sum=1.00 >= 0.97
[Ticker] KXBTC15M-26APR090730-30
[Market] YES=0.00 | NO=1.00 | Sum=1.00
==================================================
Balance: $116.56 | Regime: CHOP | Session: 0W/0L (0%) | PnL: $+0.00
[Confidence] Score=6/10 | extreme_edge,all3_agree,peak_hour
[Timing] Window 10 min old — skipping
[Cycle] No signal — YES=0.00 is between 0.32 and 0.68, sum=1.00 >= 0.97
[Ticker] KXBTC15M-26APR090730-30
[Market] YES=0.00 | NO=1.00 | Sum=1.00
==================================================
Balance: $116.56 | Regime: CHOP | Session: 0W/0L (0%) | PnL: $+0.00
[Confidence] Score=6/10 | extreme_edge,all3_agree,peak_hour
[Timing] Window 11 min old — skipping
[Cycle] No signal — YES=0.00 is between 0.32 and 0.68, sum=1.00 >= 0.97
[Ticker] KXBTC15M-26APR090730-30
[Market] YES=0.00 | NO=1.00 | Sum=1.00
==================================================
Balance: $116.56 | Regime: CHOP | Session: 0W/0L (0%) | PnL: $+0.00
[Confidence] Score=6/10 | extreme_edge,all3_agree,peak_hour
[Timing] Window 12 min old — skipping
[Cycle] No signal — YES=0.00 is between 0.32 and 0.68, sum=1.00 >= 0.97
[Ticker] KXBTC15M-26APR090730-30
[Market] YES=0.00 | NO=1.00 | Sum=1.00
==================================================
Balance: $116.56 | Regime: CHOP | Session: 0W/0L (0%) | PnL: $+0.00
[Confidence] Score=4/10 | extreme_edge,peak_hour
[Timing] Window 13 min old — skipping
[Cycle] No signal — YES=0.00 is between 0.32 and 0.68, sum=1.00 >= 0.97
[Ticker] KXBTC15M-26APR090730-30
[Market] YES=0.00 | NO=1.00 | Sum=1.00
==================================================
Balance: $116.56 | Regime: CHOP | Session: 0W/0L (0%) | PnL: $+0.00
[Confidence] Score=5/10 | extreme_edge,2of3_agree,peak_hour
[Timing] Window 14 min old — skipping
[Cycle] No signal — YES=0.00 is between 0.32 and 0.68, sum=1.00 >= 0.97
[Ticker] KXBTC15M-26APR090745-45
[Market] YES=0.00 | NO=1.00 | Sum=1.00
==================================================
Balance: $116.56 | Regime: CHOP | Session: 0W/0L (0%) | PnL: $+0.00
[Confidence] Score=6/10 | extreme_edge,all3_agree,peak_hour
[Timing] Window 0 min old — skipping
[Cycle] No signal — YES=0.00 is between 0.32 and 0.68, sum=1.00 >= 0.97
[Ticker] KXBTC15M-26APR090745-45
[Market] YES=0.00 | NO=1.00 | Sum=1.00
==================================================
Balance: $116.56 | Regime: CHOP | Session: 0W/0L (0%) | PnL: $+0.00
[Confidence] Score=6/10 | extreme_edge,all3_agree,peak_hour
[Signal] EXTREME DOWN | yes=0.00 | edge=0.50 | firing immediately
[Correlation] All 3 agree — bet boosted
[Signal] CONFIRMED DOWN | yes=0.00 | edge=0.50 | bet=$4.90
[CorrGuard] 2 bots already fired — skipping to avoid correlated loss
[Cycle] No signal — YES=0.00 is between 0.32 and 0.68, sum=1.00 >= 0.97
[Ticker] KXBTC15M-26APR090745-45
[Market] YES=0.00 | NO=1.00 | Sum=1.00
==================================================
Balance: $116.56 | Regime: CHOP | Session: 0W/0L (0%) | PnL: $+0.00
[Confidence] Score=5/10 | extreme_edge,2of3_agree,peak_hour
[Correlation] 2/3 agree DOWN
[Signal] CONFIRMED DOWN | yes=0.00 | edge=0.50 | bet=$4.08
[CorrGuard] 2 bots already fired — skipping to avoid correlated loss
[Cycle] No signal — YES=0.00 is between 0.32 and 0.68, sum=1.00 >= 0.97
[Ticker] KXBTC15M-26APR090745-45
[Market] YES=0.00 | NO=1.00 | Sum=1.00
==================================================
Balance: $116.56 | Regime: CHOP | Session: 0W/0L (0%) | PnL: $+0.00
[Confidence] Score=6/10 | extreme_edge,all3_agree,peak_hour
[Correlation] All 3 agree — bet boosted
[Signal] CONFIRMED DOWN | yes=0.00 | edge=0.50 | bet=$4.90
[Safety] Balance $116.56 below floor $120.00
🛑 OpenClaw BTC Bot v4.0 halted: Balance $116.56 below floor $120.00

==================================================
OpenClaw BTC Bot v4.0 — LIVE
[Startup] Live balance synced: $116.56
Balance: $116.56 | MaxBet: $11.66 | Threshold: <0.32 or >0.68
==================================================

[Startup] Resting orders cleared
[Ticker] KXBTC15M-26APR090745-45
[Market] YES=0.00 | NO=1.00 | Sum=1.00
==================================================
Balance: $116.56 | Regime: CHOP | Session: 0W/0L (0%) | PnL: $+0.00
[Confidence] Score=6/10 | extreme_edge,all3_agree,peak_hour
[Signal] DOWN candidate | yes=0.00 | waiting (1/2)
[Cycle] No signal — YES=0.00 is between 0.32 and 0.68, sum=1.00 >= 0.97
[Ticker] KXBTC15M-26APR090745-45
[Market] YES=0.00 | NO=1.00 | Sum=1.00
==================================================
Balance: $116.56 | Regime: CHOP | Session: 0W/0L (0%) | PnL: $+0.00
[Confidence] Score=6/10 | extreme_edge,all3_agree,peak_hour
[Correlation] 2/3 agree DOWN
[Signal] CONFIRMED DOWN | yes=0.00 | edge=0.50 | bet=$4.08
[CorrGuard] 2 bots already fired — skipping to avoid correlated loss
[Cycle] No signal — YES=0.00 is between 0.32 and 0.68, sum=1.00 >= 0.97
[Ticker] KXBTC15M-26APR090745-45
[Market] YES=0.00 | NO=1.00 | Sum=1.00
==================================================
Balance: $116.56 | Regime: CHOP | Session: 0W/0L (0%) | PnL: $+0.00
[Confidence] Score=6/10 | extreme_edge,all3_agree,peak_hour
[Timing] Window 5 min old — skipping
[Cycle] No signal — YES=0.00 is between 0.32 and 0.68, sum=1.00 >= 0.97
[Ticker] KXBTC15M-26APR090745-45
[Market] YES=0.00 | NO=1.00 | Sum=1.00
==================================================
Balance: $116.56 | Regime: CHOP | Session: 0W/0L (0%) | PnL: $+0.00
[Confidence] Score=6/10 | extreme_edge,all3_agree,peak_hour
[Timing] Window 6 min old — skipping
[Cycle] No signal — YES=0.00 is between 0.32 and 0.68, sum=1.00 >= 0.97
[Ticker] KXBTC15M-26APR090745-45
[Market] YES=0.00 | NO=1.00 | Sum=1.00
==================================================
Balance: $116.56 | Regime: CHOP | Session: 0W/0L (0%) | PnL: $+0.00
[Confidence] Score=6/10 | extreme_edge,all3_agree,peak_hour
[Timing] Window 7 min old — skipping
[Cycle] No signal — YES=0.00 is between 0.32 and 0.68, sum=1.00 >= 0.97
[Ticker] KXBTC15M-26APR090745-45
[Market] YES=0.00 | NO=1.00 | Sum=1.00
==================================================
Balance: $116.56 | Regime: CHOP | Session: 0W/0L (0%) | PnL: $+0.00
[Confidence] Score=6/10 | extreme_edge,all3_agree,peak_hour
[Timing] Window 8 min old — skipping
[Cycle] No signal — YES=0.00 is between 0.32 and 0.68, sum=1.00 >= 0.97
[Ticker] KXBTC15M-26APR090745-45
[Market] YES=0.00 | NO=1.00 | Sum=1.00
==================================================
Balance: $116.56 | Regime: CHOP | Session: 0W/0L (0%) | PnL: $+0.00
[Confidence] Score=6/10 | extreme_edge,all3_agree,peak_hour
[Timing] Window 9 min old — skipping
[Cycle] No signal — YES=0.00 is between 0.32 and 0.68, sum=1.00 >= 0.97
[Ticker] KXBTC15M-26APR090745-45
[Market] YES=0.00 | NO=1.00 | Sum=1.00
==================================================
Balance: $116.56 | Regime: CHOP | Session: 0W/0L (0%) | PnL: $+0.00
[Confidence] Score=6/10 | extreme_edge,all3_agree,peak_hour
[Timing] Window 10 min old — skipping
[Cycle] No signal — YES=0.00 is between 0.32 and 0.68, sum=1.00 >= 0.97
[Ticker] KXBTC15M-26APR090745-45
[Market] YES=0.00 | NO=1.00 | Sum=1.00
==================================================
Balance: $116.56 | Regime: CHOP | Session: 0W/0L (0%) | PnL: $+0.00
[Confidence] Score=5/10 | extreme_edge,2of3_agree,peak_hour
[Timing] Window 11 min old — skipping
[Cycle] No signal — YES=0.00 is between 0.32 and 0.68, sum=1.00 >= 0.97
[Ticker] KXBTC15M-26APR090745-45
[Market] YES=0.00 | NO=1.00 | Sum=1.00
==================================================
Balance: $116.56 | Regime: CHOP | Session: 0W/0L (0%) | PnL: $+0.00
[Confidence] Score=5/10 | extreme_edge,2of3_agree,peak_hour
[Timing] Window 12 min old — skipping
[Cycle] No signal — YES=0.00 is between 0.32 and 0.68, sum=1.00 >= 0.97
[Ticker] KXBTC15M-26APR090745-45
[Market] YES=0.00 | NO=1.00 | Sum=1.00
==================================================
Balance: $116.56 | Regime: CHOP | Session: 0W/0L (0%) | PnL: $+0.00
[Confidence] Score=6/10 | extreme_edge,all3_agree,peak_hour
[Timing] Window 13 min old — skipping
[Cycle] No signal — YES=0.00 is between 0.32 and 0.68, sum=1.00 >= 0.97
[Ticker] KXBTC15M-26APR090745-45
[Market] YES=0.00 | NO=1.00 | Sum=1.00
==================================================
Balance: $116.56 | Regime: CHOP | Session: 0W/0L (0%) | PnL: $+0.00
[Confidence] Score=6/10 | extreme_edge,all3_agree,peak_hour
[Timing] Window 14 min old — skipping
[Cycle] No signal — YES=0.00 is between 0.32 and 0.68, sum=1.00 >= 0.97
[Ticker] KXBTC15M-26APR090800-00
[Market] YES=0.00 | NO=1.00 | Sum=1.00
==================================================
Balance: $116.56 | Regime: CHOP | Session: 0W/0L (0%) | PnL: $+0.00
[Confidence] Score=6/10 | extreme_edge,all3_agree,peak_hour
[Timing] Window 0 min old — skipping
[Cycle] No signal — YES=0.00 is between 0.32 and 0.68, sum=1.00 >= 0.97
[Ticker] KXBTC15M-26APR090800-00
[Market] YES=0.00 | NO=1.00 | Sum=1.00
==================================================
Balance: $116.56 | Regime: CHOP | Session: 0W/0L (0%) | PnL: $+0.00
[Confidence] Score=6/10 | extreme_edge,all3_agree,peak_hour
[Signal] EXTREME DOWN | yes=0.00 | edge=0.50 | firing immediately
[Correlation] All 3 agree — bet boosted
[Signal] CONFIRMED DOWN | yes=0.00 | edge=0.50 | bet=$4.90
[Safety] Balance $116.56 below floor $120.00
🛑 OpenClaw BTC Bot v4.0 halted: Balance $116.56 below floor $120.00

==================================================
OpenClaw BTC Bot v4.0 — LIVE
[Startup] Live balance synced: $116.56
Balance: $116.56 | MaxBet: $11.66 | Threshold: <0.32 or >0.68
==================================================

[Startup] Resting orders cleared
[Ticker] KXBTC15M-26APR090800-00
[Market] YES=0.00 | NO=1.00 | Sum=1.00
==================================================
Balance: $116.56 | Regime: CHOP | Session: 0W/0L (0%) | PnL: $+0.00
[Confidence] Score=6/10 | extreme_edge,all3_agree,peak_hour
[Signal] EXTREME DOWN | yes=0.00 | edge=0.50 | firing immediately
[Correlation] All 3 agree — bet boosted
[Signal] CONFIRMED DOWN | yes=0.00 | edge=0.50 | bet=$4.90
[CorrGuard] 2 bots already fired — skipping to avoid correlated loss
[Cycle] No signal — YES=0.00 is between 0.32 and 0.68, sum=1.00 >= 0.97
[Ticker] KXBTC15M-26APR090800-00
[Market] YES=0.00 | NO=1.00 | Sum=1.00
==================================================
Balance: $116.56 | Regime: CHOP | Session: 0W/0L (0%) | PnL: $+0.00
[Confidence] Score=6/10 | extreme_edge,all3_agree,peak_hour
[Signal] DOWN candidate | yes=0.00 | waiting (1/2)
[Cycle] No signal — YES=0.00 is between 0.32 and 0.68, sum=1.00 >= 0.97
[Ticker] KXBTC15M-26APR090800-00
[Market] YES=0.00 | NO=1.00 | Sum=1.00
==================================================
Balance: $116.56 | Regime: CHOP | Session: 0W/0L (0%) | PnL: $+0.00
[Confidence] Score=5/10 | extreme_edge,2of3_agree,peak_hour
[Correlation] 2/3 agree DOWN
[Signal] CONFIRMED DOWN | yes=0.00 | edge=0.50 | bet=$4.08
[Safety] Balance $116.56 below floor $120.00
🛑 OpenClaw BTC Bot v4.0 halted: Balance $116.56 below floor $120.00

==================================================
OpenClaw BTC Bot v4.0 — LIVE
[Startup] Live balance synced: $116.56
Balance: $116.56 | MaxBet: $11.66 | Threshold: <0.32 or >0.68
==================================================

[Startup] Resting orders cleared
[Ticker] KXBTC15M-26APR090800-00
[Market] YES=0.00 | NO=1.00 | Sum=1.00
==================================================
Balance: $116.56 | Regime: CHOP | Session: 0W/0L (0%) | PnL: $+0.00
[Confidence] Score=6/10 | extreme_edge,all3_agree,peak_hour
[Signal] DOWN candidate | yes=0.00 | waiting (1/2)
[Cycle] No signal — YES=0.00 is between 0.32 and 0.68, sum=1.00 >= 0.97
[Ticker] KXBTC15M-26APR090800-00
[Market] YES=0.00 | NO=1.00 | Sum=1.00
==================================================
Balance: $116.56 | Regime: CHOP | Session: 0W/0L (0%) | PnL: $+0.00
[Confidence] Score=6/10 | extreme_edge,all3_agree,peak_hour
[Timing] Window 5 min old — skipping
[Cycle] No signal — YES=0.00 is between 0.32 and 0.68, sum=1.00 >= 0.97
[Ticker] KXBTC15M-26APR090800-00
[Market] YES=0.00 | NO=1.00 | Sum=1.00
==================================================
Balance: $116.56 | Regime: CHOP | Session: 0W/0L (0%) | PnL: $+0.00
[Confidence] Score=6/10 | extreme_edge,all3_agree,peak_hour
[Timing] Window 6 min old — skipping
[Cycle] No signal — YES=0.00 is between 0.32 and 0.68, sum=1.00 >= 0.97
[Ticker] KXBTC15M-26APR090800-00
[Market] YES=0.00 | NO=1.00 | Sum=1.00
==================================================
Balance: $116.56 | Regime: CHOP | Session: 0W/0L (0%) | PnL: $+0.00
[Confidence] Score=5/10 | extreme_edge,2of3_agree,peak_hour
[Timing] Window 7 min old — skipping
[Cycle] No signal — YES=0.00 is between 0.32 and 0.68, sum=1.00 >= 0.97
[Ticker] KXBTC15M-26APR090800-00
[Market] YES=0.00 | NO=1.00 | Sum=1.00
==================================================
Balance: $116.56 | Regime: CHOP | Session: 0W/0L (0%) | PnL: $+0.00
[Confidence] Score=6/10 | extreme_edge,all3_agree,peak_hour
[Timing] Window 8 min old — skipping
[Cycle] No signal — YES=0.00 is between 0.32 and 0.68, sum=1.00 >= 0.97
[Ticker] KXBTC15M-26APR090800-00
[Market] YES=0.00 | NO=1.00 | Sum=1.00
==================================================
Balance: $116.56 | Regime: CHOP | Session: 0W/0L (0%) | PnL: $+0.00
[Confidence] Score=6/10 | extreme_edge,all3_agree,peak_hour
[Timing] Window 9 min old — skipping
[Cycle] No signal — YES=0.00 is between 0.32 and 0.68, sum=1.00 >= 0.97
[Ticker] KXBTC15M-26APR090800-00
[Market] YES=0.00 | NO=1.00 | Sum=1.00
==================================================
Balance: $116.56 | Regime: CHOP | Session: 0W/0L (0%) | PnL: $+0.00
[Confidence] Score=5/10 | extreme_edge,2of3_agree,peak_hour
[Timing] Window 10 min old — skipping
[Cycle] No signal — YES=0.00 is between 0.32 and 0.68, sum=1.00 >= 0.97
[Ticker] KXBTC15M-26APR090800-00
[Market] YES=0.00 | NO=1.00 | Sum=1.00
==================================================
Balance: $116.56 | Regime: CHOP | Session: 0W/0L (0%) | PnL: $+0.00
[Confidence] Score=6/10 | extreme_edge,all3_agree,peak_hour
[Timing] Window 11 min old — skipping
[Cycle] No signal — YES=0.00 is between 0.32 and 0.68, sum=1.00 >= 0.97
[Ticker] KXBTC15M-26APR090800-00
[Market] YES=0.00 | NO=1.00 | Sum=1.00
==================================================
Balance: $116.56 | Regime: CHOP | Session: 0W/0L (0%) | PnL: $+0.00
[Confidence] Score=6/10 | extreme_edge,all3_agree,peak_hour
[Timing] Window 12 min old — skipping
[Cycle] No signal — YES=0.00 is between 0.32 and 0.68, sum=1.00 >= 0.97
[Ticker] KXBTC15M-26APR090800-00
[Market] YES=0.00 | NO=1.00 | Sum=1.00
==================================================
Balance: $116.56 | Regime: CHOP | Session: 0W/0L (0%) | PnL: $+0.00
[Confidence] Score=6/10 | extreme_edge,all3_agree,peak_hour
[Timing] Window 13 min old — skipping
[Cycle] No signal — YES=0.00 is between 0.32 and 0.68, sum=1.00 >= 0.97
[Ticker] KXBTC15M-26APR090800-00
[Market] YES=0.00 | NO=1.00 | Sum=1.00
==================================================
Balance: $116.56 | Regime: CHOP | Session: 0W/0L (0%) | PnL: $+0.00
[Confidence] Score=6/10 | extreme_edge,all3_agree,peak_hour
[Timing] Window 14 min old — skipping
[Cycle] No signal — YES=0.00 is between 0.32 and 0.68, sum=1.00 >= 0.97
[Ticker] KXBTC15M-26APR090815-15
[Market] YES=0.00 | NO=1.00 | Sum=1.00
==================================================
Balance: $116.56 | Regime: CHOP | Session: 0W/0L (0%) | PnL: $+0.00
[Confidence] Score=6/10 | extreme_edge,all3_agree,peak_hour
[Timing] Window 0 min old — skipping
[Cycle] No signal — YES=0.00 is between 0.32 and 0.68, sum=1.00 >= 0.97
[Ticker] KXBTC15M-26APR090815-15
[Market] YES=0.00 | NO=1.00 | Sum=1.00
==================================================
Balance: $116.56 | Regime: CHOP | Session: 0W/0L (0%) | PnL: $+0.00
[Confidence] Score=6/10 | extreme_edge,all3_agree,peak_hour
[Signal] EXTREME DOWN | yes=0.00 | edge=0.50 | firing immediately
[Correlation] All 3 agree — bet boosted
[Signal] CONFIRMED DOWN | yes=0.00 | edge=0.50 | bet=$4.90
[Safety] Balance $116.56 below floor $120.00
🛑 OpenClaw BTC Bot v4.0 halted: Balance $116.56 below floor $120.00

==================================================
OpenClaw BTC Bot v4.0 — LIVE
[Startup] Live balance synced: $116.56
Balance: $116.56 | MaxBet: $11.66 | Threshold: <0.32 or >0.68
==================================================

[Startup] Resting orders cleared
[Ticker] KXBTC15M-26APR090815-15
[Market] YES=0.00 | NO=1.00 | Sum=1.00
==================================================
Balance: $116.56 | Regime: CHOP | Session: 0W/0L (0%) | PnL: $+0.00
[Confidence] Score=6/10 | extreme_edge,all3_agree,peak_hour
[Signal] EXTREME DOWN | yes=0.00 | edge=0.50 | firing immediately
[Correlation] All 3 agree — bet boosted
[Signal] CONFIRMED DOWN | yes=0.00 | edge=0.50 | bet=$4.90
[CorrGuard] 2 bots already fired — skipping to avoid correlated loss
[Cycle] No signal — YES=0.00 is between 0.32 and 0.68, sum=1.00 >= 0.97
[Ticker] KXBTC15M-26APR090815-15
[Market] YES=0.00 | NO=1.00 | Sum=1.00
==================================================
Balance: $116.56 | Regime: CHOP | Session: 0W/0L (0%) | PnL: $+0.00
[Confidence] Score=6/10 | extreme_edge,all3_agree,peak_hour
[Signal] DOWN candidate | yes=0.00 | waiting (1/2)
[Cycle] No signal — YES=0.00 is between 0.32 and 0.68, sum=1.00 >= 0.97
[Ticker] KXBTC15M-26APR090815-15
[Market] YES=0.00 | NO=1.00 | Sum=1.00
==================================================
Balance: $116.56 | Regime: CHOP | Session: 0W/0L (0%) | PnL: $+0.00
[Confidence] Score=5/10 | extreme_edge,2of3_agree,peak_hour
[Correlation] 2/3 agree DOWN
[Signal] CONFIRMED DOWN | yes=0.00 | edge=0.50 | bet=$4.08
[Safety] Balance $116.56 below floor $120.00
🛑 OpenClaw BTC Bot v4.0 halted: Balance $116.56 below floor $120.00

==================================================
OpenClaw BTC Bot v4.0 — LIVE
[Startup] Live balance synced: $116.56
Balance: $116.56 | MaxBet: $11.66 | Threshold: <0.32 or >0.68
==================================================

[Startup] Resting orders cleared
[Ticker] KXBTC15M-26APR090815-15
[Market] YES=0.00 | NO=1.00 | Sum=1.00
==================================================
Balance: $116.56 | Regime: CHOP | Session: 0W/0L (0%) | PnL: $+0.00
[Confidence] Score=5/10 | extreme_edge,2of3_agree,peak_hour
[Signal] DOWN candidate | yes=0.00 | waiting (1/2)
[Cycle] No signal — YES=0.00 is between 0.32 and 0.68, sum=1.00 >= 0.97
[Ticker] KXBTC15M-26APR090815-15
[Market] YES=0.00 | NO=1.00 | Sum=1.00
==================================================
Balance: $116.56 | Regime: CHOP | Session: 0W/0L (0%) | PnL: $+0.00
[Confidence] Score=6/10 | extreme_edge,all3_agree,peak_hour
[Correlation] All 3 agree — bet boosted
[Signal] CONFIRMED DOWN | yes=0.00 | edge=0.50 | bet=$4.90
[Safety] Balance $116.56 below floor $120.00
🛑 OpenClaw BTC Bot v4.0 halted: Balance $116.56 below floor $120.00

==================================================
OpenClaw BTC Bot v4.0 — LIVE
[Startup] Live balance synced: $116.56
Balance: $116.56 | MaxBet: $11.66 | Threshold: <0.32 or >0.68
==================================================

[Startup] Resting orders cleared
[Ticker] KXBTC15M-26APR090815-15
[Market] YES=0.00 | NO=1.00 | Sum=1.00
==================================================
Balance: $116.56 | Regime: CHOP | Session: 0W/0L (0%) | PnL: $+0.00
[Confidence] Score=6/10 | extreme_edge,all3_agree,peak_hour
[Signal] DOWN candidate | yes=0.00 | waiting (1/2)
[Cycle] No signal — YES=0.00 is between 0.32 and 0.68, sum=1.00 >= 0.97
[Ticker] KXBTC15M-26APR090815-15
[Market] YES=0.00 | NO=1.00 | Sum=1.00
==================================================
Balance: $116.56 | Regime: CHOP | Session: 0W/0L (0%) | PnL: $+0.00
[Confidence] Score=6/10 | extreme_edge,all3_agree,peak_hour
[Timing] Window 5 min old — skipping
[Cycle] No signal — YES=0.00 is between 0.32 and 0.68, sum=1.00 >= 0.97
[Ticker] KXBTC15M-26APR090815-15
[Market] YES=0.00 | NO=1.00 | Sum=1.00
==================================================
Balance: $116.56 | Regime: CHOP | Session: 0W/0L (0%) | PnL: $+0.00
[Confidence] Score=6/10 | extreme_edge,all3_agree,peak_hour
[Timing] Window 6 min old — skipping
[Cycle] No signal — YES=0.00 is between 0.32 and 0.68, sum=1.00 >= 0.97
[Ticker] KXBTC15M-26APR090815-15
[Market] YES=0.00 | NO=1.00 | Sum=1.00
==================================================
Balance: $116.56 | Regime: CHOP | Session: 0W/0L (0%) | PnL: $+0.00
[Confidence] Score=6/10 | extreme_edge,all3_agree,peak_hour
[Timing] Window 7 min old — skipping
[Cycle] No signal — YES=0.00 is between 0.32 and 0.68, sum=1.00 >= 0.97
[Ticker] KXBTC15M-26APR090815-15
[Market] YES=0.00 | NO=1.00 | Sum=1.00
==================================================
Balance: $116.56 | Regime: CHOP | Session: 0W/0L (0%) | PnL: $+0.00
[Confidence] Score=5/10 | extreme_edge,2of3_agree,peak_hour
[Timing] Window 8 min old — skipping
[Cycle] No signal — YES=0.00 is between 0.32 and 0.68, sum=1.00 >= 0.97
[Ticker] KXBTC15M-26APR090815-15
[Market] YES=0.00 | NO=1.00 | Sum=1.00
==================================================
Balance: $116.56 | Regime: CHOP | Session: 0W/0L (0%) | PnL: $+0.00
[Confidence] Score=6/10 | extreme_edge,all3_agree,peak_hour
[Timing] Window 9 min old — skipping
[Cycle] No signal — YES=0.00 is between 0.32 and 0.68, sum=1.00 >= 0.97
[Ticker] KXBTC15M-26APR090815-15
[Market] YES=0.00 | NO=1.00 | Sum=1.00
==================================================
Balance: $116.56 | Regime: CHOP | Session: 0W/0L (0%) | PnL: $+0.00
[Confidence] Score=5/10 | extreme_edge,2of3_agree,peak_hour
[Timing] Window 10 min old — skipping
[Cycle] No signal — YES=0.00 is between 0.32 and 0.68, sum=1.00 >= 0.97
[Ticker] KXBTC15M-26APR090815-15
[Market] YES=0.00 | NO=1.00 | Sum=1.00
==================================================
Balance: $116.56 | Regime: CHOP | Session: 0W/0L (0%) | PnL: $+0.00
[Confidence] Score=6/10 | extreme_edge,all3_agree,peak_hour
[Timing] Window 11 min old — skipping
[Cycle] No signal — YES=0.00 is between 0.32 and 0.68, sum=1.00 >= 0.97
[Ticker] KXBTC15M-26APR090815-15
[Market] YES=0.00 | NO=1.00 | Sum=1.00
==================================================
Balance: $116.56 | Regime: CHOP | Session: 0W/0L (0%) | PnL: $+0.00
[Confidence] Score=6/10 | extreme_edge,all3_agree,peak_hour
[Timing] Window 12 min old — skipping
[Cycle] No signal — YES=0.00 is between 0.32 and 0.68, sum=1.00 >= 0.97
[Ticker] KXBTC15M-26APR090815-15
[Market] YES=0.00 | NO=1.00 | Sum=1.00
==================================================
Balance: $116.56 | Regime: CHOP | Session: 0W/0L (0%) | PnL: $+0.00
[Confidence] Score=6/10 | extreme_edge,all3_agree,peak_hour
[Timing] Window 13 min old — skipping
[Cycle] No signal — YES=0.00 is between 0.32 and 0.68, sum=1.00 >= 0.97
[Ticker] KXBTC15M-26APR090815-15
[Market] YES=0.00 | NO=1.00 | Sum=1.00
==================================================
Balance: $116.56 | Regime: CHOP | Session: 0W/0L (0%) | PnL: $+0.00
[Confidence] Score=6/10 | extreme_edge,all3_agree,peak_hour
[Timing] Window 14 min old — skipping
[Cycle] No signal — YES=0.00 is between 0.32 and 0.68, sum=1.00 >= 0.97
[Ticker] KXBTC15M-26APR090830-30
[Market] YES=0.00 | NO=1.00 | Sum=1.00
==================================================
Balance: $116.56 | Regime: CHOP | Session: 0W/0L (0%) | PnL: $+0.00
[Confidence] Score=5/10 | extreme_edge,2of3_agree,peak_hour
[Timing] Window 0 min old — skipping
[Cycle] No signal — YES=0.00 is between 0.32 and 0.68, sum=1.00 >= 0.97
[Ticker] KXBTC15M-26APR090830-30
[Market] YES=0.00 | NO=1.00 | Sum=1.00
==================================================
Balance: $116.56 | Regime: CHOP | Session: 0W/0L (0%) | PnL: $+0.00
[Confidence] Score=5/10 | extreme_edge,2of3_agree,peak_hour
[Signal] EXTREME DOWN | yes=0.00 | edge=0.50 | firing immediately
[Correlation] All 3 agree — bet boosted
[Signal] CONFIRMED DOWN | yes=0.00 | edge=0.50 | bet=$4.90
[CorrGuard] 2 bots already fired — skipping to avoid correlated loss
[Cycle] No signal — YES=0.00 is between 0.32 and 0.68, sum=1.00 >= 0.97
[Ticker] KXBTC15M-26APR090830-30
[Market] YES=0.00 | NO=1.00 | Sum=1.00
==================================================
Balance: $116.56 | Regime: CHOP | Session: 0W/0L (0%) | PnL: $+0.00
[Confidence] Score=5/10 | extreme_edge,2of3_agree,peak_hour
[Correlation] All 3 agree — bet boosted
[Signal] CONFIRMED DOWN | yes=0.00 | edge=0.50 | bet=$4.90
[CorrGuard] 2 bots already fired — skipping to avoid correlated loss
[Cycle] No signal — YES=0.00 is between 0.32 and 0.68, sum=1.00 >= 0.97
[Ticker] KXBTC15M-26APR090830-30
[Market] YES=0.00 | NO=1.00 | Sum=1.00
==================================================
Balance: $116.56 | Regime: CHOP | Session: 0W/0L (0%) | PnL: $+0.00
[Confidence] Score=5/10 | extreme_edge,2of3_agree,peak_hour
[Correlation] All 3 agree — bet boosted
[Signal] CONFIRMED DOWN | yes=0.00 | edge=0.50 | bet=$4.90
[CorrGuard] 2 bots already fired — skipping to avoid correlated loss
[Cycle] No signal — YES=0.00 is between 0.32 and 0.68, sum=1.00 >= 0.97
[Ticker] KXBTC15M-26APR090830-30
[Market] YES=0.00 | NO=1.00 | Sum=1.00
==================================================
Balance: $116.56 | Regime: CHOP | Session: 0W/0L (0%) | PnL: $+0.00
[Confidence] Score=6/10 | extreme_edge,all3_agree,peak_hour
[Correlation] 2/3 agree DOWN
[Signal] CONFIRMED DOWN | yes=0.00 | edge=0.50 | bet=$4.08
[CorrGuard] 2 bots already fired — skipping to avoid correlated loss
[Cycle] No signal — YES=0.00 is between 0.32 and 0.68, sum=1.00 >= 0.97
[Ticker] KXBTC15M-26APR090830-30
[Market] YES=0.00 | NO=1.00 | Sum=1.00
==================================================
Balance: $116.56 | Regime: CHOP | Session: 0W/0L (0%) | PnL: $+0.00
[Confidence] Score=6/10 | extreme_edge,all3_agree,peak_hour
[Timing] Window 5 min old — skipping
[Cycle] No signal — YES=0.00 is between 0.32 and 0.68, sum=1.00 >= 0.97
[Ticker] KXBTC15M-26APR090830-30
[Market] YES=0.00 | NO=1.00 | Sum=1.00
==================================================
Balance: $116.56 | Regime: CHOP | Session: 0W/0L (0%) | PnL: $+0.00
[Confidence] Score=6/10 | extreme_edge,all3_agree,peak_hour
[Timing] Window 6 min old — skipping
[Cycle] No signal — YES=0.00 is between 0.32 and 0.68, sum=1.00 >= 0.97
[Ticker] KXBTC15M-26APR090830-30
[Market] YES=0.00 | NO=1.00 | Sum=1.00
==================================================
Balance: $116.56 | Regime: CHOP | Session: 0W/0L (0%) | PnL: $+0.00
[Confidence] Score=6/10 | extreme_edge,all3_agree,peak_hour
[Timing] Window 7 min old — skipping
[Cycle] No signal — YES=0.00 is between 0.32 and 0.68, sum=1.00 >= 0.97
[Ticker] KXBTC15M-26APR090830-30
[Market] YES=0.00 | NO=1.00 | Sum=1.00
==================================================
Balance: $116.56 | Regime: CHOP | Session: 0W/0L (0%) | PnL: $+0.00
[Confidence] Score=6/10 | extreme_edge,all3_agree,peak_hour
[Timing] Window 8 min old — skipping
[Cycle] No signal — YES=0.00 is between 0.32 and 0.68, sum=1.00 >= 0.97
[Ticker] KXBTC15M-26APR090830-30
[Market] YES=0.00 | NO=1.00 | Sum=1.00
==================================================
Balance: $116.56 | Regime: CHOP | Session: 0W/0L (0%) | PnL: $+0.00
[Confidence] Score=6/10 | extreme_edge,all3_agree,peak_hour
[Timing] Window 9 min old — skipping
[Cycle] No signal — YES=0.00 is between 0.32 and 0.68, sum=1.00 >= 0.97
[Ticker] KXBTC15M-26APR090830-30
[Market] YES=0.00 | NO=1.00 | Sum=1.00
==================================================
Balance: $116.56 | Regime: CHOP | Session: 0W/0L (0%) | PnL: $+0.00
[Confidence] Score=6/10 | extreme_edge,all3_agree,peak_hour
[Timing] Window 10 min old — skipping
[Cycle] No signal — YES=0.00 is between 0.32 and 0.68, sum=1.00 >= 0.97
[Ticker] KXBTC15M-26APR090830-30
[Market] YES=0.00 | NO=1.00 | Sum=1.00
==================================================
Balance: $116.56 | Regime: CHOP | Session: 0W/0L (0%) | PnL: $+0.00
[Confidence] Score=6/10 | extreme_edge,all3_agree,peak_hour
[Timing] Window 11 min old — skipping
[Cycle] No signal — YES=0.00 is between 0.32 and 0.68, sum=1.00 >= 0.97
[Ticker] KXBTC15M-26APR090830-30
[Market] YES=0.00 | NO=1.00 | Sum=1.00
==================================================
Balance: $116.56 | Regime: CHOP | Session: 0W/0L (0%) | PnL: $+0.00
[Confidence] Score=6/10 | extreme_edge,all3_agree,peak_hour
[Timing] Window 12 min old — skipping
[Cycle] No signal — YES=0.00 is between 0.32 and 0.68, sum=1.00 >= 0.97
[Ticker] KXBTC15M-26APR090830-30
[Market] YES=0.00 | NO=1.00 | Sum=1.00
==================================================
Balance: $116.56 | Regime: CHOP | Session: 0W/0L (0%) | PnL: $+0.00
[Confidence] Score=5/10 | extreme_edge,2of3_agree,peak_hour
[Timing] Window 13 min old — skipping
[Cycle] No signal — YES=0.00 is between 0.32 and 0.68, sum=1.00 >= 0.97
[Ticker] KXBTC15M-26APR090830-30
[Market] YES=0.00 | NO=1.00 | Sum=1.00
==================================================
Balance: $116.56 | Regime: CHOP | Session: 0W/0L (0%) | PnL: $+0.00
[Confidence] Score=6/10 | extreme_edge,all3_agree,peak_hour
[Timing] Window 14 min old — skipping
[Cycle] No signal — YES=0.00 is between 0.32 and 0.68, sum=1.00 >= 0.97
[Ticker] KXBTC15M-26APR090845-45
[Market] YES=0.00 | NO=1.00 | Sum=1.00
==================================================
Balance: $116.56 | Regime: CHOP | Session: 0W/0L (0%) | PnL: $+0.00
[Confidence] Score=6/10 | extreme_edge,all3_agree,peak_hour
[Timing] Window 0 min old — skipping
[Cycle] No signal — YES=0.00 is between 0.32 and 0.68, sum=1.00 >= 0.97
[Ticker] KXBTC15M-26APR090845-45
[Market] YES=0.00 | NO=1.00 | Sum=1.00
==================================================
Balance: $116.56 | Regime: CHOP | Session: 0W/0L (0%) | PnL: $+0.00
[Confidence] Score=6/10 | extreme_edge,all3_agree,peak_hour
[Signal] EXTREME DOWN | yes=0.00 | edge=0.50 | firing immediately
[Correlation] All 3 agree — bet boosted
[Signal] CONFIRMED DOWN | yes=0.00 | edge=0.50 | bet=$4.90
[Safety] Balance $116.56 below floor $120.00
🛑 OpenClaw BTC Bot v4.0 halted: Balance $116.56 below floor $120.00

==================================================
OpenClaw BTC Bot v4.0 — LIVE
[Startup] Live balance synced: $116.56
Balance: $116.56 | MaxBet: $11.66 | Threshold: <0.32 or >0.68
==================================================

[Startup] Resting orders cleared
[Ticker] KXBTC15M-26APR090845-45
[Market] YES=0.00 | NO=1.00 | Sum=1.00
==================================================
Balance: $116.56 | Regime: CHOP | Session: 0W/0L (0%) | PnL: $+0.00
[Confidence] Score=6/10 | extreme_edge,all3_agree,peak_hour
[Signal] EXTREME DOWN | yes=0.00 | edge=0.50 | firing immediately
[Correlation] 2/3 agree DOWN
[Signal] CONFIRMED DOWN | yes=0.00 | edge=0.50 | bet=$4.08
[Safety] Balance $116.56 below floor $120.00
🛑 OpenClaw BTC Bot v4.0 halted: Balance $116.56 below floor $120.00

==================================================
OpenClaw BTC Bot v4.0 — LIVE
[Startup] Live balance synced: $116.56
Balance: $116.56 | MaxBet: $11.66 | Threshold: <0.32 or >0.68
==================================================

[Startup] Resting orders cleared
[Ticker] KXBTC15M-26APR090845-45
[Market] YES=0.00 | NO=1.00 | Sum=1.00
==================================================
Balance: $116.56 | Regime: CHOP | Session: 0W/0L (0%) | PnL: $+0.00
[Confidence] Score=6/10 | extreme_edge,all3_agree,peak_hour
[Signal] DOWN candidate | yes=0.00 | waiting (1/2)
[Cycle] No signal — YES=0.00 is between 0.32 and 0.68, sum=1.00 >= 0.97
[Ticker] KXBTC15M-26APR090845-45
[Market] YES=0.00 | NO=1.00 | Sum=1.00
==================================================
Balance: $116.56 | Regime: CHOP | Session: 0W/0L (0%) | PnL: $+0.00
[Confidence] Score=6/10 | extreme_edge,all3_agree,peak_hour
[Correlation] 2/3 agree DOWN
[Signal] CONFIRMED DOWN | yes=0.00 | edge=0.50 | bet=$4.08
[CorrGuard] 2 bots already fired — skipping to avoid correlated loss
[Cycle] No signal — YES=0.00 is between 0.32 and 0.68, sum=1.00 >= 0.97
[Ticker] KXBTC15M-26APR090845-45
[Market] YES=0.00 | NO=1.00 | Sum=1.00
==================================================
Balance: $116.56 | Regime: CHOP | Session: 0W/0L (0%) | PnL: $+0.00
[Confidence] Score=6/10 | extreme_edge,all3_agree,peak_hour
[Correlation] 2/3 agree DOWN
[Signal] CONFIRMED DOWN | yes=0.00 | edge=0.50 | bet=$4.08
[Safety] Balance $116.56 below floor $120.00
🛑 OpenClaw BTC Bot v4.0 halted: Balance $116.56 below floor $120.00

==================================================
OpenClaw BTC Bot v4.0 — LIVE
[Startup] Live balance synced: $116.56
Balance: $116.56 | MaxBet: $11.66 | Threshold: <0.32 or >0.68
==================================================

[Startup] Resting orders cleared
[Ticker] KXBTC15M-26APR090845-45
[Market] YES=0.00 | NO=1.00 | Sum=1.00
==================================================
Balance: $116.56 | Regime: CHOP | Session: 0W/0L (0%) | PnL: $+0.00
[Confidence] Score=6/10 | extreme_edge,all3_agree,peak_hour
[Signal] DOWN candidate | yes=0.00 | waiting (1/2)
[Cycle] No signal — YES=0.00 is between 0.32 and 0.68, sum=1.00 >= 0.97
[Ticker] KXBTC15M-26APR090845-45
[Market] YES=0.00 | NO=1.00 | Sum=1.00
==================================================
Balance: $116.56 | Regime: CHOP | Session: 0W/0L (0%) | PnL: $+0.00
[Confidence] Score=6/10 | extreme_edge,all3_agree,peak_hour
[Timing] Window 5 min old — skipping
[Cycle] No signal — YES=0.00 is between 0.32 and 0.68, sum=1.00 >= 0.97
[Ticker] KXBTC15M-26APR090845-45
[Market] YES=0.00 | NO=1.00 | Sum=1.00
==================================================
Balance: $116.56 | Regime: CHOP | Session: 0W/0L (0%) | PnL: $+0.00
[Confidence] Score=6/10 | extreme_edge,all3_agree,peak_hour
[Timing] Window 6 min old — skipping
[Cycle] No signal — YES=0.00 is between 0.32 and 0.68, sum=1.00 >= 0.97
[Ticker] KXBTC15M-26APR090845-45
[Market] YES=0.00 | NO=1.00 | Sum=1.00
==================================================
Balance: $116.56 | Regime: CHOP | Session: 0W/0L (0%) | PnL: $+0.00
[Confidence] Score=6/10 | extreme_edge,all3_agree,peak_hour
[Timing] Window 7 min old — skipping
[Cycle] No signal — YES=0.00 is between 0.32 and 0.68, sum=1.00 >= 0.97
[Ticker] KXBTC15M-26APR090845-45
[Market] YES=0.00 | NO=1.00 | Sum=1.00
==================================================
Balance: $116.56 | Regime: CHOP | Session: 0W/0L (0%) | PnL: $+0.00
[Confidence] Score=6/10 | extreme_edge,all3_agree,peak_hour
[Timing] Window 8 min old — skipping
[Cycle] No signal — YES=0.00 is between 0.32 and 0.68, sum=1.00 >= 0.97
[Ticker] KXBTC15M-26APR090845-45
[Market] YES=0.00 | NO=1.00 | Sum=1.00
==================================================
Balance: $116.56 | Regime: CHOP | Session: 0W/0L (0%) | PnL: $+0.00
[Confidence] Score=6/10 | extreme_edge,all3_agree,peak_hour
[Timing] Window 9 min old — skipping
[Cycle] No signal — YES=0.00 is between 0.32 and 0.68, sum=1.00 >= 0.97
[Ticker] KXBTC15M-26APR090845-45
[Market] YES=0.00 | NO=1.00 | Sum=1.00
==================================================
Balance: $116.56 | Regime: CHOP | Session: 0W/0L (0%) | PnL: $+0.00
[Confidence] Score=6/10 | extreme_edge,all3_agree,peak_hour
[Timing] Window 10 min old — skipping
[Cycle] No signal — YES=0.00 is between 0.32 and 0.68, sum=1.00 >= 0.97
[Ticker] KXBTC15M-26APR090845-45
[Market] YES=0.00 | NO=1.00 | Sum=1.00
==================================================
Balance: $116.56 | Regime: CHOP | Session: 0W/0L (0%) | PnL: $+0.00
[Confidence] Score=6/10 | extreme_edge,all3_agree,peak_hour
[Timing] Window 11 min old — skipping
[Cycle] No signal — YES=0.00 is between 0.32 and 0.68, sum=1.00 >= 0.97
[Ticker] KXBTC15M-26APR090845-45
[Market] YES=0.00 | NO=1.00 | Sum=1.00
==================================================
Balance: $116.56 | Regime: CHOP | Session: 0W/0L (0%) | PnL: $+0.00
[Confidence] Score=6/10 | extreme_edge,all3_agree,peak_hour
[Timing] Window 12 min old — skipping
[Cycle] No signal — YES=0.00 is between 0.32 and 0.68, sum=1.00 >= 0.97
[Ticker] KXBTC15M-26APR090845-45
[Market] YES=0.00 | NO=1.00 | Sum=1.00
==================================================
Balance: $116.56 | Regime: CHOP | Session: 0W/0L (0%) | PnL: $+0.00
[Confidence] Score=6/10 | extreme_edge,all3_agree,peak_hour
[Timing] Window 13 min old — skipping
[Cycle] No signal — YES=0.00 is between 0.32 and 0.68, sum=1.00 >= 0.97
[Ticker] KXBTC15M-26APR090845-45
[Market] YES=0.00 | NO=1.00 | Sum=1.00
==================================================
Balance: $116.56 | Regime: CHOP | Session: 0W/0L (0%) | PnL: $+0.00
[Confidence] Score=6/10 | extreme_edge,all3_agree,peak_hour
[Timing] Window 14 min old — skipping
[Cycle] No signal — YES=0.00 is between 0.32 and 0.68, sum=1.00 >= 0.97
[Ticker] KXBTC15M-26APR090515-15
[Market] YES=0.48 | NO=0.54 | Sum=1.02
==================================================
Balance: $116.56 | Regime: CHOP | Session: 0W/0L (0%) | PnL: $+0.00
[Cycle] No signal — YES=0.48 is between 0.32 and 0.68, sum=1.02 >= 0.97
[Ticker] KXBTC15M-26APR090515-15
[Market] YES=0.34 | NO=0.67 | Sum=1.01
==================================================
Balance: $116.56 | Regime: CHOP | Session: 0W/0L (0%) | PnL: $+0.00
[Cycle] No signal — YES=0.34 is between 0.32 and 0.68, sum=1.01 >= 0.97
[Ticker] KXBTC15M-26APR090515-15
[Market] YES=0.25 | NO=0.76 | Sum=1.01
==================================================
Balance: $116.56 | Regime: CHOP | Session: 0W/0L (0%) | PnL: $+0.00
[Confidence] Score=5/10 | moderate_edge,coinbase_weak,all3_agree,peak_hour
[Signal] DOWN candidate | yes=0.25 | waiting (1/2)
[Cycle] No signal — YES=0.25 is between 0.32 and 0.68, sum=1.01 >= 0.97
[Ticker] KXBTC15M-26APR090515-15
[Market] YES=0.11 | NO=0.90 | Sum=1.01
==================================================
Balance: $116.56 | Regime: CHOP | Session: 0W/0L (0%) | PnL: $+0.00
[Confidence] Score=6/10 | strong_edge,coinbase_weak,all3_agree,peak_hour
[Coinbase] Confirms DOWN | $71158 gap=-111 (0.16%)
[Correlation] All 3 agree — bet boosted
[Signal] CONFIRMED DOWN | yes=0.11 | edge=0.39 | bet=$4.90
[Safety] Balance $116.56 below floor $120.00
🛑 OpenClaw BTC Bot v4.0 halted: Balance $116.56 below floor $120.00

==================================================
OpenClaw BTC Bot v4.0 — LIVE
[Startup] Live balance synced: $116.56
Balance: $116.56 | MaxBet: $11.66 | Threshold: <0.32 or >0.68
==================================================

[Startup] Resting orders cleared
[Ticker] KXBTC15M-26APR090515-15
[Market] YES=0.11 | NO=0.90 | Sum=1.01
==================================================
Balance: $116.56 | Regime: CHOP | Session: 0W/0L (0%) | PnL: $+0.00
[Confidence] Score=6/10 | strong_edge,coinbase_weak,all3_agree,peak_hour
[Signal] DOWN candidate | yes=0.11 | waiting (1/2)
[Cycle] No signal — YES=0.11 is between 0.32 and 0.68, sum=1.01 >= 0.97
[Ticker] KXBTC15M-26APR090515-15
[Market] YES=0.07 | NO=0.94 | Sum=1.01
==================================================
Balance: $116.56 | Regime: CHOP | Session: 0W/0L (0%) | PnL: $+0.00
[Confidence] Score=6/10 | strong_edge,coinbase_weak,all3_agree,peak_hour
[Coinbase] Confirms DOWN | $71137 gap=-133 (0.19%)
[Correlation] All 3 agree — bet boosted
[Signal] CONFIRMED DOWN | yes=0.07 | edge=0.43 | bet=$4.90
[CorrGuard] 2 bots already fired — skipping to avoid correlated loss
[Cycle] No signal — YES=0.07 is between 0.32 and 0.68, sum=1.01 >= 0.97
[Ticker] KXBTC15M-26APR090515-15
[Market] YES=0.07 | NO=0.94 | Sum=1.00
==================================================
Balance: $116.56 | Regime: CHOP | Session: 0W/0L (0%) | PnL: $+0.00
[Confidence] Score=6/10 | strong_edge,coinbase_weak,all3_agree,peak_hour
[Timing] Window 5 min old — skipping
[Cycle] No signal — YES=0.07 is between 0.32 and 0.68, sum=1.00 >= 0.97
[Ticker] KXBTC15M-26APR090515-15
[Market] YES=0.04 | NO=0.96 | Sum=1.00
==================================================
Balance: $116.56 | Regime: CHOP | Session: 0W/0L (0%) | PnL: $+0.00
[Confidence] Score=7/10 | extreme_edge,coinbase_weak,all3_agree,peak_hour
[Timing] Window 6 min old — skipping
[Cycle] No signal — YES=0.04 is between 0.32 and 0.68, sum=1.00 >= 0.97
[Ticker] KXBTC15M-26APR090515-15
[Market] YES=0.05 | NO=0.96 | Sum=1.01
==================================================
Balance: $116.56 | Regime: CHOP | Session: 0W/0L (0%) | PnL: $+0.00
[Confidence] Score=7/10 | extreme_edge,coinbase_weak,all3_agree,peak_hour
[Timing] Window 7 min old — skipping
[Cycle] No signal — YES=0.05 is between 0.32 and 0.68, sum=1.01 >= 0.97
[Ticker] KXBTC15M-26APR090515-15
[Market] YES=0.05 | NO=0.95 | Sum=1.00
==================================================
Balance: $116.56 | Regime: CHOP | Session: 0W/0L (0%) | PnL: $+0.00
[Confidence] Score=6/10 | extreme_edge,coinbase_weak,2of3_agree,peak_hour
[Timing] Window 8 min old — skipping
[Cycle] No signal — YES=0.05 is between 0.32 and 0.68, sum=1.00 >= 0.97
[Ticker] KXBTC15M-26APR090515-15
[Market] YES=0.15 | NO=0.86 | Sum=1.01
==================================================
Balance: $116.56 | Regime: CHOP | Session: 0W/0L (0%) | PnL: $+0.00
[Confidence] Score=5/10 | strong_edge,coinbase_weak,2of3_agree,peak_hour
[Timing] Window 9 min old — skipping
[Cycle] No signal — YES=0.15 is between 0.32 and 0.68, sum=1.01 >= 0.97
[Ticker] KXBTC15M-26APR090515-15
[Market] YES=0.26 | NO=0.77 | Sum=1.03
==================================================
Balance: $116.56 | Regime: CHOP | Session: 0W/0L (0%) | PnL: $+0.00
[Confidence] Score=5/10 | moderate_edge,coinbase_weak,all3_agree,peak_hour
[Timing] Window 10 min old — skipping
[Cycle] No signal — YES=0.26 is between 0.32 and 0.68, sum=1.03 >= 0.97
[Ticker] KXBTC15M-26APR090515-15
[Market] YES=0.37 | NO=0.65 | Sum=1.02
==================================================
Balance: $116.56 | Regime: CHOP | Session: 0W/0L (0%) | PnL: $+0.00
[Cycle] No signal — YES=0.37 is between 0.32 and 0.68, sum=1.02 >= 0.97
[Ticker] KXBTC15M-26APR090515-15
[Market] YES=0.95 | NO=0.05 | Sum=1.00
==================================================
Balance: $116.56 | Regime: CHOP | Session: 0W/0L (0%) | PnL: $+0.00
[Confidence] Score=4/10 | strong_edge,coinbase_weak,peak_hour
[Timing] Window 12 min old — skipping
[Cycle] No signal — YES=0.95 is between 0.32 and 0.68, sum=1.00 >= 0.97
[Ticker] KXBTC15M-26APR090515-15
[Market] YES=0.98 | NO=0.02 | Sum=1.00
==================================================
Balance: $116.56 | Regime: CHOP | Session: 0W/0L (0%) | PnL: $+0.00
[Confidence] Score=5/10 | extreme_edge,coinbase_weak,peak_hour
[Timing] Window 13 min old — skipping
[Cycle] No signal — YES=0.98 is between 0.32 and 0.68, sum=1.00 >= 0.97
[Ticker] KXBTC15M-26APR090515-15
[Market] YES=1.00 | NO=0.01 | Sum=1.01
==================================================
Balance: $116.56 | Regime: CHOP | Session: 0W/0L (0%) | PnL: $+0.00
[Confidence] Score=5/10 | extreme_edge,coinbase_weak,peak_hour
[Timing] Window 14 min old — skipping
[Cycle] No signal — YES=1.00 is between 0.32 and 0.68, sum=1.01 >= 0.97
[Ticker] KXBTC15M-26APR090530-30
[Market] YES=0.48 | NO=0.53 | Sum=1.01
==================================================
Balance: $116.56 | Regime: CHOP | Session: 0W/0L (0%) | PnL: $+0.00
[Cycle] No signal — YES=0.48 is between 0.32 and 0.68, sum=1.01 >= 0.97
[Ticker] KXBTC15M-26APR090530-30
[Market] YES=0.63 | NO=0.38 | Sum=1.01
==================================================
Balance: $116.56 | Regime: CHOP | Session: 0W/0L (0%) | PnL: $+0.00
[Cycle] No signal — YES=0.63 is between 0.32 and 0.68, sum=1.01 >= 0.97
[Ticker] KXBTC15M-26APR090530-30
[Market] YES=0.69 | NO=0.32 | Sum=1.01
==================================================
Balance: $116.56 | Regime: CHOP | Session: 0W/0L (0%) | PnL: $+0.00
[Signal] Edge 0.19 below minimum 0.2 — skipping
[Cycle] No signal — YES=0.69 is between 0.32 and 0.68, sum=1.01 >= 0.97
[Ticker] KXBTC15M-26APR090530-30
[Market] YES=0.71 | NO=0.30 | Sum=1.01
==================================================
Balance: $116.56 | Regime: CHOP | Session: 0W/0L (0%) | PnL: $+0.00
[Confidence] Score=3/10 | moderate_edge,coinbase_weak,peak_hour
[Signal] UP candidate | yes=0.71 | waiting (1/2)
[Cycle] No signal — YES=0.71 is between 0.32 and 0.68, sum=1.01 >= 0.97
[Ticker] KXBTC15M-26APR090530-30
[Market] YES=0.78 | NO=0.23 | Sum=1.01
==================================================
Balance: $116.56 | Regime: CHOP | Session: 0W/0L (0%) | PnL: $+0.00
[Confidence] Score=3/10 | moderate_edge,coinbase_weak,peak_hour
[Coinbase] Confirms UP | $71398 gap=+66 (0.09%)
[Correlation] 2/3 agree UP
[Signal] CONFIRMED UP | yes=0.78 | edge=0.28 | bet=$3.26
[CorrGuard] 2 bots already fired — skipping to avoid correlated loss
[Cycle] No signal — YES=0.78 is between 0.32 and 0.68, sum=1.01 >= 0.97
[Ticker] KXBTC15M-26APR090530-30
[Market] YES=0.66 | NO=0.35 | Sum=1.01
==================================================
Balance: $116.56 | Regime: CHOP | Session: 0W/0L (0%) | PnL: $+0.00
[Cycle] No signal — YES=0.66 is between 0.32 and 0.68, sum=1.01 >= 0.97
[Ticker] KXBTC15M-26APR090530-30
[Market] YES=0.48 | NO=0.54 | Sum=1.02
==================================================
Balance: $116.56 | Regime: CHOP | Session: 0W/0L (0%) | PnL: $+0.00
[Cycle] No signal — YES=0.48 is between 0.32 and 0.68, sum=1.02 >= 0.97
[Ticker] KXBTC15M-26APR090530-30
[Market] YES=0.37 | NO=0.65 | Sum=1.02
==================================================
Balance: $116.56 | Regime: CHOP | Session: 0W/0L (0%) | PnL: $+0.00
[Cycle] No signal — YES=0.37 is between 0.32 and 0.68, sum=1.02 >= 0.97
[Ticker] KXBTC15M-26APR090530-30
[Market] YES=0.37 | NO=0.64 | Sum=1.01
==================================================
Balance: $116.56 | Regime: CHOP | Session: 0W/0L (0%) | PnL: $+0.00
[Cycle] No signal — YES=0.37 is between 0.32 and 0.68, sum=1.01 >= 0.97
[Ticker] KXBTC15M-26APR090530-30
[Market] YES=0.39 | NO=0.63 | Sum=1.02
==================================================
Balance: $116.56 | Regime: CHOP | Session: 0W/0L (0%) | PnL: $+0.00
[Cycle] No signal — YES=0.39 is between 0.32 and 0.68, sum=1.02 >= 0.97
[Ticker] KXBTC15M-26APR090530-30
[Market] YES=0.25 | NO=0.76 | Sum=1.01
==================================================
Balance: $116.56 | Regime: CHOP | Session: 0W/0L (0%) | PnL: $+0.00
[Confidence] Score=5/10 | moderate_edge,coinbase_weak,all3_agree,peak_hour
[Timing] Window 10 min old — skipping
[Cycle] No signal — YES=0.25 is between 0.32 and 0.68, sum=1.01 >= 0.97
[Ticker] KXBTC15M-26APR090530-30
[Market] YES=0.06 | NO=0.95 | Sum=1.01
==================================================
Balance: $116.56 | Regime: CHOP | Session: 0W/0L (0%) | PnL: $+0.00
[Confidence] Score=6/10 | strong_edge,coinbase_weak,all3_agree,peak_hour
[Timing] Window 11 min old — skipping
[Cycle] No signal — YES=0.06 is between 0.32 and 0.68, sum=1.01 >= 0.97
[Ticker] KXBTC15M-26APR090530-30
[Market] YES=0.13 | NO=0.88 | Sum=1.01
==================================================
Balance: $116.56 | Regime: CHOP | Session: 0W/0L (0%) | PnL: $+0.00
[Confidence] Score=5/10 | strong_edge,coinbase_weak,2of3_agree,peak_hour
[Timing] Window 12 min old — skipping
[Cycle] No signal — YES=0.13 is between 0.32 and 0.68, sum=1.01 >= 0.97
[Ticker] KXBTC15M-26APR090530-30
[Market] YES=0.05 | NO=0.96 | Sum=1.01
==================================================
Balance: $116.56 | Regime: CHOP | Session: 0W/0L (0%) | PnL: $+0.00
[Confidence] Score=6/10 | strong_edge,coinbase_weak,all3_agree,peak_hour
[Timing] Window 13 min old — skipping
[Cycle] No signal — YES=0.05 is between 0.32 and 0.68, sum=1.01 >= 0.97
[Ticker] KXBTC15M-26APR090530-30
[Market] YES=0.00 | NO=1.00 | Sum=1.00
==================================================
Balance: $116.56 | Regime: CHOP | Session: 0W/0L (0%) | PnL: $+0.00
[Confidence] Score=5/10 | extreme_edge,coinbase_weak,peak_hour
[Timing] Window 14 min old — skipping
[Cycle] No signal — YES=0.00 is between 0.32 and 0.68, sum=1.00 >= 0.97
[Ticker] KXBTC15M-26APR090530-30
[Market] YES=1.00 | NO=1.00 | Sum=2.00
==================================================
Balance: $116.56 | Regime: CHOP | Session: 0W/0L (0%) | PnL: $+0.00
[Confidence] Score=4/10 | extreme_edge,peak_hour
[Timing] Window 0 min old — skipping
[Cycle] No signal — YES=1.00 is between 0.32 and 0.68, sum=2.00 >= 0.97
[Ticker] KXBTC15M-26APR090545-45
[Market] YES=0.47 | NO=0.55 | Sum=1.02
==================================================
Balance: $116.56 | Regime: CHOP | Session: 0W/0L (0%) | PnL: $+0.00
[Cycle] No signal — YES=0.47 is between 0.32 and 0.68, sum=1.02 >= 0.97
[Ticker] KXBTC15M-26APR090545-45
[Market] YES=0.55 | NO=0.46 | Sum=1.01
==================================================
Balance: $116.56 | Regime: CHOP | Session: 0W/0L (0%) | PnL: $+0.00
[Cycle] No signal — YES=0.55 is between 0.32 and 0.68, sum=1.01 >= 0.97
[Ticker] KXBTC15M-26APR090545-45
[Market] YES=0.63 | NO=0.38 | Sum=1.01
==================================================
Balance: $116.56 | Regime: CHOP | Session: 0W/0L (0%) | PnL: $+0.00
[Cycle] No signal — YES=0.63 is between 0.32 and 0.68, sum=1.01 >= 0.97
[Ticker] KXBTC15M-26APR090545-45
[Market] YES=0.33 | NO=0.68 | Sum=1.01
==================================================
Balance: $116.56 | Regime: CHOP | Session: 0W/0L (0%) | PnL: $+0.00
[Cycle] No signal — YES=0.33 is between 0.32 and 0.68, sum=1.01 >= 0.97
[Ticker] KXBTC15M-26APR090545-45
[Market] YES=0.26 | NO=0.75 | Sum=1.01
==================================================
Balance: $116.56 | Regime: CHOP | Session: 0W/0L (0%) | PnL: $+0.00
[Confidence] Score=5/10 | moderate_edge,coinbase_weak,all3_agree,peak_hour
[Timing] Window 5 min old — skipping
[Cycle] No signal — YES=0.26 is between 0.32 and 0.68, sum=1.01 >= 0.97
[Ticker] KXBTC15M-26APR090545-45
[Market] YES=0.26 | NO=0.75 | Sum=1.01
==================================================
Balance: $116.56 | Regime: CHOP | Session: 0W/0L (0%) | PnL: $+0.00
[Confidence] Score=5/10 | moderate_edge,coinbase_weak,all3_agree,peak_hour
[Timing] Window 6 min old — skipping
[Cycle] No signal — YES=0.26 is between 0.32 and 0.68, sum=1.01 >= 0.97
[Ticker] KXBTC15M-26APR090545-45
[Market] YES=0.16 | NO=0.85 | Sum=1.01
==================================================
Balance: $116.56 | Regime: CHOP | Session: 0W/0L (0%) | PnL: $+0.00
[Confidence] Score=6/10 | strong_edge,coinbase_weak,all3_agree,peak_hour
[Timing] Window 7 min old — skipping
[Cycle] No signal — YES=0.16 is between 0.32 and 0.68, sum=1.01 >= 0.97
[Ticker] KXBTC15M-26APR090545-45
[Market] YES=0.11 | NO=0.90 | Sum=1.01
==================================================
Balance: $116.56 | Regime: CHOP | Session: 0W/0L (0%) | PnL: $+0.00
[Confidence] Score=5/10 | strong_edge,coinbase_weak,2of3_agree,peak_hour
[Timing] Window 8 min old — skipping
[Cycle] No signal — YES=0.11 is between 0.32 and 0.68, sum=1.01 >= 0.97
[Ticker] KXBTC15M-26APR090545-45
[Market] YES=0.11 | NO=0.90 | Sum=1.01
==================================================
Balance: $116.56 | Regime: CHOP | Session: 0W/0L (0%) | PnL: $+0.00
[Confidence] Score=6/10 | strong_edge,coinbase_weak,all3_agree,peak_hour
[Timing] Window 9 min old — skipping
[Cycle] No signal — YES=0.11 is between 0.32 and 0.68, sum=1.01 >= 0.97
[Ticker] KXBTC15M-26APR090545-45
[Market] YES=0.13 | NO=0.88 | Sum=1.01
==================================================
Balance: $116.56 | Regime: CHOP | Session: 0W/0L (0%) | PnL: $+0.00
[Confidence] Score=6/10 | strong_edge,coinbase_weak,all3_agree,peak_hour
[Timing] Window 10 min old — skipping
[Cycle] No signal — YES=0.13 is between 0.32 and 0.68, sum=1.01 >= 0.97
[Ticker] KXBTC15M-26APR090545-45
[Market] YES=0.07 | NO=0.94 | Sum=1.01
==================================================
Balance: $116.56 | Regime: CHOP | Session: 0W/0L (0%) | PnL: $+0.00
[Confidence] Score=6/10 | strong_edge,coinbase_weak,all3_agree,peak_hour
[Timing] Window 11 min old — skipping
[Cycle] No signal — YES=0.07 is between 0.32 and 0.68, sum=1.01 >= 0.97
[Ticker] KXBTC15M-26APR090545-45
[Market] YES=0.05 | NO=0.96 | Sum=1.01
==================================================
Balance: $116.56 | Regime: CHOP | Session: 0W/0L (0%) | PnL: $+0.00
[Confidence] Score=7/10 | extreme_edge,coinbase_weak,all3_agree,peak_hour
[Timing] Window 12 min old — skipping
[Cycle] No signal — YES=0.05 is between 0.32 and 0.68, sum=1.01 >= 0.97
[Ticker] KXBTC15M-26APR090545-45
[Market] YES=0.04 | NO=0.97 | Sum=1.01
==================================================
Balance: $116.56 | Regime: CHOP | Session: 0W/0L (0%) | PnL: $+0.00
[Confidence] Score=7/10 | extreme_edge,coinbase_weak,all3_agree,peak_hour
[Timing] Window 13 min old — skipping
[Cycle] No signal — YES=0.04 is between 0.32 and 0.68, sum=1.01 >= 0.97
[Ticker] KXBTC15M-26APR090545-45
[Market] YES=0.01 | NO=0.99 | Sum=1.00
==================================================
Balance: $116.56 | Regime: CHOP | Session: 0W/0L (0%) | PnL: $+0.00
[Confidence] Score=7/10 | extreme_edge,coinbase_weak,all3_agree,peak_hour
[Timing] Window 14 min old — skipping
[Cycle] No signal — YES=0.01 is between 0.32 and 0.68, sum=1.00 >= 0.97
[Ticker] KXBTC15M-26APR090545-45
[Market] YES=1.00 | NO=1.00 | Sum=2.00
==================================================
Balance: $116.56 | Regime: CHOP | Session: 0W/0L (0%) | PnL: $+0.00
[Confidence] Score=4/10 | extreme_edge,peak_hour
[Timing] Window 0 min old — skipping
[Cycle] No signal — YES=1.00 is between 0.32 and 0.68, sum=2.00 >= 0.97
[Ticker] KXBTC15M-26APR090600-00
[Market] YES=0.73 | NO=0.29 | Sum=1.02
==================================================
Balance: $116.56 | Regime: CHOP | Session: 0W/0L (0%) | PnL: $+0.00
[Confidence] Score=3/10 | moderate_edge,coinbase_weak,peak_hour
[Signal] UP candidate | yes=0.73 | waiting (1/2)
[Cycle] No signal — YES=0.73 is between 0.32 and 0.68, sum=1.02 >= 0.97
[Ticker] KXBTC15M-26APR090600-00
[Market] YES=0.76 | NO=0.27 | Sum=1.03
==================================================
Balance: $116.56 | Regime: CHOP | Session: 0W/0L (0%) | PnL: $+0.00
[Confidence] Score=3/10 | moderate_edge,coinbase_weak,peak_hour
[Coinbase] Confirms UP | $71314 gap=+32 (0.04%)
[Correlation] 2/3 agree UP
[Signal] CONFIRMED UP | yes=0.76 | edge=0.26 | bet=$3.03
[Safety] Balance $116.56 below floor $120.00
🛑 OpenClaw BTC Bot v4.0 halted: Balance $116.56 below floor $120.00

==================================================
OpenClaw BTC Bot v4.0 — LIVE
[Startup] Live balance synced: $116.56
Balance: $116.56 | MaxBet: $11.66 | Threshold: <0.32 or >0.68
==================================================

[Startup] Resting orders cleared
[Ticker] KXBTC15M-26APR090600-00
[Market] YES=0.77 | NO=0.24 | Sum=1.01
==================================================
Balance: $116.56 | Regime: CHOP | Session: 0W/0L (0%) | PnL: $+0.00
[Confidence] Score=3/10 | moderate_edge,coinbase_weak,peak_hour
[Signal] UP candidate | yes=0.77 | waiting (1/2)
[Cycle] No signal — YES=0.77 is between 0.32 and 0.68, sum=1.01 >= 0.97
[Ticker] KXBTC15M-26APR090600-00
[Market] YES=0.78 | NO=0.23 | Sum=1.01
==================================================
Balance: $116.56 | Regime: CHOP | Session: 0W/0L (0%) | PnL: $+0.00
[Confidence] Score=3/10 | moderate_edge,coinbase_weak,peak_hour
[Coinbase] Confirms UP | $71339 gap=+56 (0.08%)
[Correlation] 2/3 agree UP
[Signal] CONFIRMED UP | yes=0.78 | edge=0.28 | bet=$3.26
[CorrGuard] 2 bots already fired — skipping to avoid correlated loss
[Cycle] No signal — YES=0.78 is between 0.32 and 0.68, sum=1.01 >= 0.97
[Ticker] KXBTC15M-26APR090600-00
[Market] YES=0.87 | NO=0.14 | Sum=1.01
==================================================
Balance: $116.56 | Regime: CHOP | Session: 0W/0L (0%) | PnL: $+0.00
[Confidence] Score=4/10 | strong_edge,coinbase_weak,peak_hour
[Coinbase] Confirms UP | $71355 gap=+72 (0.10%)
[Correlation] 2/3 agree UP
[Signal] CONFIRMED UP | yes=0.87 | edge=0.37 | bet=$4.08
[Safety] Balance $116.56 below floor $120.00
🛑 OpenClaw BTC Bot v4.0 halted: Balance $116.56 below floor $120.00

==================================================
OpenClaw BTC Bot v4.0 — LIVE
[Startup] Live balance synced: $116.56
Balance: $116.56 | MaxBet: $11.66 | Threshold: <0.32 or >0.68
==================================================

[Startup] Resting orders cleared
[Ticker] KXBTC15M-26APR090600-00
[Market] YES=0.88 | NO=0.13 | Sum=1.01
==================================================
Balance: $116.56 | Regime: CHOP | Session: 0W/0L (0%) | PnL: $+0.00
[Confidence] Score=4/10 | strong_edge,coinbase_weak,peak_hour
[Signal] UP candidate | yes=0.88 | waiting (1/2)
[Cycle] No signal — YES=0.88 is between 0.32 and 0.68, sum=1.01 >= 0.97
[Ticker] KXBTC15M-26APR090600-00
[Market] YES=0.85 | NO=0.16 | Sum=1.01
==================================================
Balance: $116.56 | Regime: CHOP | Session: 0W/0L (0%) | PnL: $+0.00
[Confidence] Score=4/10 | strong_edge,coinbase_weak,peak_hour
[Timing] Window 5 min old — skipping
[Cycle] No signal — YES=0.85 is between 0.32 and 0.68, sum=1.01 >= 0.97
[Ticker] KXBTC15M-26APR090600-00
[Market] YES=0.93 | NO=0.08 | Sum=1.01
==================================================
Balance: $116.56 | Regime: CHOP | Session: 0W/0L (0%) | PnL: $+0.00
[Confidence] Score=4/10 | strong_edge,coinbase_weak,peak_hour
[Timing] Window 6 min old — skipping
[Cycle] No signal — YES=0.93 is between 0.32 and 0.68, sum=1.01 >= 0.97
[Ticker] KXBTC15M-26APR090600-00
[Market] YES=0.95 | NO=0.06 | Sum=1.01
==================================================
Balance: $116.56 | Regime: CHOP | Session: 0W/0L (0%) | PnL: $+0.00
[Confidence] Score=4/10 | strong_edge,coinbase_weak,peak_hour
[Timing] Window 7 min old — skipping
[Cycle] No signal — YES=0.95 is between 0.32 and 0.68, sum=1.01 >= 0.97
[Ticker] KXBTC15M-26APR090600-00
[Market] YES=0.98 | NO=0.04 | Sum=1.01
==================================================
Balance: $116.56 | Regime: CHOP | Session: 0W/0L (0%) | PnL: $+0.00
[Confidence] Score=5/10 | extreme_edge,coinbase_weak,peak_hour
[Timing] Window 8 min old — skipping
[Cycle] No signal — YES=0.98 is between 0.32 and 0.68, sum=1.01 >= 0.97
[Ticker] KXBTC15M-26APR090600-00
[Market] YES=0.99 | NO=0.02 | Sum=1.01
==================================================
Balance: $116.56 | Regime: CHOP | Session: 0W/0L (0%) | PnL: $+0.00
[Confidence] Score=5/10 | extreme_edge,coinbase_weak,peak_hour
[Timing] Window 9 min old — skipping
[Cycle] No signal — YES=0.99 is between 0.32 and 0.68, sum=1.01 >= 0.97
[Ticker] KXBTC15M-26APR090600-00
[Market] YES=1.00 | NO=0.00 | Sum=1.00
==================================================
Balance: $116.56 | Regime: CHOP | Session: 0W/0L (0%) | PnL: $+0.00
[Confidence] Score=5/10 | extreme_edge,coinbase_weak,peak_hour
[Timing] Window 10 min old — skipping
[Cycle] No signal — YES=1.00 is between 0.32 and 0.68, sum=1.00 >= 0.97
[Ticker] KXBTC15M-26APR090600-00
[Market] YES=1.00 | NO=0.00 | Sum=1.00
==================================================
Balance: $116.56 | Regime: CHOP | Session: 0W/0L (0%) | PnL: $+0.00
[Confidence] Score=5/10 | extreme_edge,coinbase_weak,peak_hour
[Timing] Window 11 min old — skipping
[Cycle] No signal — YES=1.00 is between 0.32 and 0.68, sum=1.00 >= 0.97
[Ticker] KXBTC15M-26APR090600-00
[Market] YES=1.00 | NO=0.00 | Sum=1.00
==================================================
Balance: $116.56 | Regime: CHOP | Session: 0W/0L (0%) | PnL: $+0.00
[Confidence] Score=5/10 | extreme_edge,coinbase_weak,peak_hour
[Timing] Window 12 min old — skipping
[Cycle] No signal — YES=1.00 is between 0.32 and 0.68, sum=1.00 >= 0.97
[Ticker] KXBTC15M-26APR090600-00
[Market] YES=1.00 | NO=0.00 | Sum=1.00
==================================================
Balance: $116.56 | Regime: CHOP | Session: 0W/0L (0%) | PnL: $+0.00
[Confidence] Score=5/10 | extreme_edge,coinbase_weak,peak_hour
[Timing] Window 13 min old — skipping
[Cycle] No signal — YES=1.00 is between 0.32 and 0.68, sum=1.00 >= 0.97
[Ticker] KXBTC15M-26APR090600-00
[Market] YES=1.00 | NO=0.00 | Sum=1.00
==================================================
Balance: $116.56 | Regime: CHOP | Session: 0W/0L (0%) | PnL: $+0.00
[Confidence] Score=5/10 | extreme_edge,coinbase_weak,peak_hour
[Timing] Window 14 min old — skipping
[Cycle] No signal — YES=1.00 is between 0.32 and 0.68, sum=1.00 >= 0.97
[Ticker] KXBTC15M-26APR090615-15
[Market] YES=0.49 | NO=0.52 | Sum=1.01
==================================================
Balance: $116.56 | Regime: CHOP | Session: 0W/0L (0%) | PnL: $+0.00
[Cycle] No signal — YES=0.49 is between 0.32 and 0.68, sum=1.01 >= 0.97
[Ticker] KXBTC15M-26APR090615-15
[Market] YES=0.40 | NO=0.61 | Sum=1.01
==================================================
Balance: $116.56 | Regime: CHOP | Session: 0W/0L (0%) | PnL: $+0.00
[Cycle] No signal — YES=0.40 is between 0.32 and 0.68, sum=1.01 >= 0.97
[Ticker] KXBTC15M-26APR090615-15
[Market] YES=0.46 | NO=0.55 | Sum=1.01
==================================================
Balance: $116.56 | Regime: CHOP | Session: 0W/0L (0%) | PnL: $+0.00
[Cycle] No signal — YES=0.46 is between 0.32 and 0.68, sum=1.01 >= 0.97
[Ticker] KXBTC15M-26APR090615-15
[Market] YES=0.53 | NO=0.50 | Sum=1.03
==================================================
Balance: $116.56 | Regime: CHOP | Session: 0W/0L (0%) | PnL: $+0.00
[Cycle] No signal — YES=0.53 is between 0.32 and 0.68, sum=1.03 >= 0.97
[Ticker] KXBTC15M-26APR090615-15
[Market] YES=0.45 | NO=0.57 | Sum=1.02
==================================================
Balance: $116.56 | Regime: CHOP | Session: 0W/0L (0%) | PnL: $+0.00
[Cycle] No signal — YES=0.45 is between 0.32 and 0.68, sum=1.02 >= 0.97
[Ticker] KXBTC15M-26APR090615-15
[Market] YES=0.25 | NO=0.76 | Sum=1.01
==================================================
Balance: $116.56 | Regime: CHOP | Session: 0W/0L (0%) | PnL: $+0.00
[Confidence] Score=5/10 | moderate_edge,coinbase_weak,all3_agree,peak_hour
[Timing] Window 5 min old — skipping
[Cycle] No signal — YES=0.25 is between 0.32 and 0.68, sum=1.01 >= 0.97
[Ticker] KXBTC15M-26APR090615-15
[Market] YES=0.13 | NO=0.88 | Sum=1.01
==================================================
Balance: $116.56 | Regime: CHOP | Session: 0W/0L (0%) | PnL: $+0.00
[Confidence] Score=6/10 | strong_edge,coinbase_weak,all3_agree,peak_hour
[Timing] Window 6 min old — skipping
[Cycle] No signal — YES=0.13 is between 0.32 and 0.68, sum=1.01 >= 0.97
[Ticker] KXBTC15M-26APR090615-15
[Market] YES=0.09 | NO=0.93 | Sum=1.01
==================================================
Balance: $116.56 | Regime: CHOP | Session: 0W/0L (0%) | PnL: $+0.00
[Confidence] Score=5/10 | strong_edge,coinbase_weak,2of3_agree,peak_hour
[Timing] Window 7 min old — skipping
[Cycle] No signal — YES=0.09 is between 0.32 and 0.68, sum=1.01 >= 0.97
[Ticker] KXBTC15M-26APR090615-15
[Market] YES=0.04 | NO=0.96 | Sum=1.00
==================================================
Balance: $116.56 | Regime: CHOP | Session: 0W/0L (0%) | PnL: $+0.00
[Confidence] Score=7/10 | extreme_edge,coinbase_weak,all3_agree,peak_hour
[Timing] Window 8 min old — skipping
[Cycle] No signal — YES=0.04 is between 0.32 and 0.68, sum=1.00 >= 0.97
[Ticker] KXBTC15M-26APR090615-15
[Market] YES=0.02 | NO=0.99 | Sum=1.01
==================================================
Balance: $116.56 | Regime: CHOP | Session: 0W/0L (0%) | PnL: $+0.00
[Confidence] Score=7/10 | extreme_edge,coinbase_weak,all3_agree,peak_hour
[Timing] Window 9 min old — skipping
[Cycle] No signal — YES=0.02 is between 0.32 and 0.68, sum=1.01 >= 0.97
[Ticker] KXBTC15M-26APR090615-15
[Market] YES=0.01 | NO=1.00 | Sum=1.00
==================================================
Balance: $116.56 | Regime: CHOP | Session: 0W/0L (0%) | PnL: $+0.00
[Confidence] Score=7/10 | extreme_edge,coinbase_weak,all3_agree,peak_hour
[Timing] Window 10 min old — skipping
[Cycle] No signal — YES=0.01 is between 0.32 and 0.68, sum=1.00 >= 0.97
[Ticker] KXBTC15M-26APR090615-15
[Market] YES=0.01 | NO=0.99 | Sum=1.00
==================================================
Balance: $116.56 | Regime: CHOP | Session: 0W/0L (0%) | PnL: $+0.00
[Confidence] Score=7/10 | extreme_edge,coinbase_weak,all3_agree,peak_hour
[Timing] Window 11 min old — skipping
[Cycle] No signal — YES=0.01 is between 0.32 and 0.68, sum=1.00 >= 0.97
[Ticker] KXBTC15M-26APR090615-15
[Market] YES=0.00 | NO=1.00 | Sum=1.00
==================================================
Balance: $116.56 | Regime: CHOP | Session: 0W/0L (0%) | PnL: $+0.00
[Confidence] Score=6/10 | extreme_edge,coinbase_weak,2of3_agree,peak_hour
[Timing] Window 12 min old — skipping
[Cycle] No signal — YES=0.00 is between 0.32 and 0.68, sum=1.00 >= 0.97
[Ticker] KXBTC15M-26APR090615-15
[Market] YES=0.00 | NO=1.00 | Sum=1.00
==================================================
Balance: $116.56 | Regime: CHOP | Session: 0W/0L (0%) | PnL: $+0.00
[Confidence] Score=7/10 | extreme_edge,coinbase_weak,all3_agree,peak_hour
[Timing] Window 13 min old — skipping
[Cycle] No signal — YES=0.00 is between 0.32 and 0.68, sum=1.00 >= 0.97
[Ticker] KXBTC15M-26APR090615-15
[Market] YES=0.00 | NO=1.00 | Sum=1.00
==================================================
Balance: $116.56 | Regime: CHOP | Session: 0W/0L (0%) | PnL: $+0.00
[Confidence] Score=6/10 | extreme_edge,coinbase_weak,2of3_agree,peak_hour
[Timing] Window 14 min old — skipping
[Cycle] No signal — YES=0.00 is between 0.32 and 0.68, sum=1.00 >= 0.97
[Ticker] KXBTC15M-26APR090630-30
[Market] YES=0.64 | NO=0.38 | Sum=1.02
==================================================
Balance: $116.56 | Regime: CHOP | Session: 0W/0L (0%) | PnL: $+0.00
[Cycle] No signal — YES=0.64 is between 0.32 and 0.68, sum=1.02 >= 0.97
[Ticker] KXBTC15M-26APR090630-30
[Market] YES=0.56 | NO=0.45 | Sum=1.01
==================================================
Balance: $116.56 | Regime: CHOP | Session: 0W/0L (0%) | PnL: $+0.00
[Cycle] No signal — YES=0.56 is between 0.32 and 0.68, sum=1.01 >= 0.97
[Ticker] KXBTC15M-26APR090630-30
[Market] YES=0.72 | NO=0.29 | Sum=1.01
==================================================
Balance: $116.56 | Regime: CHOP | Session: 0W/0L (0%) | PnL: $+0.00
[Confidence] Score=3/10 | moderate_edge,coinbase_weak,peak_hour
[Signal] UP candidate | yes=0.72 | waiting (1/2)
[Cycle] No signal — YES=0.72 is between 0.32 and 0.68, sum=1.01 >= 0.97
[Ticker] KXBTC15M-26APR090630-30
[Market] YES=0.65 | NO=0.36 | Sum=1.01
==================================================
Balance: $116.56 | Regime: CHOP | Session: 0W/0L (0%) | PnL: $+0.00
[Cycle] No signal — YES=0.65 is between 0.32 and 0.68, sum=1.01 >= 0.97
[Ticker] KXBTC15M-26APR090630-30
[Market] YES=0.66 | NO=0.35 | Sum=1.01
==================================================
Balance: $116.56 | Regime: CHOP | Session: 0W/0L (0%) | PnL: $+0.00
[Cycle] No signal — YES=0.66 is between 0.32 and 0.68, sum=1.01 >= 0.97
[Ticker] KXBTC15M-26APR090630-30
[Market] YES=0.84 | NO=0.18 | Sum=1.02
==================================================
Balance: $116.56 | Regime: CHOP | Session: 0W/0L (0%) | PnL: $+0.00
[Confidence] Score=4/10 | strong_edge,coinbase_weak,peak_hour
[Timing] Window 5 min old — skipping
[Cycle] No signal — YES=0.84 is between 0.32 and 0.68, sum=1.02 >= 0.97
[Ticker] KXBTC15M-26APR090630-30
[Market] YES=0.93 | NO=0.07 | Sum=1.01
==================================================
Balance: $116.56 | Regime: CHOP | Session: 0W/0L (0%) | PnL: $+0.00
[Confidence] Score=4/10 | strong_edge,coinbase_weak,peak_hour
[Timing] Window 6 min old — skipping
[Cycle] No signal — YES=0.93 is between 0.32 and 0.68, sum=1.01 >= 0.97
[Ticker] KXBTC15M-26APR090630-30
[Market] YES=0.95 | NO=0.05 | Sum=1.00
==================================================
Balance: $116.56 | Regime: CHOP | Session: 0W/0L (0%) | PnL: $+0.00
[Confidence] Score=5/10 | extreme_edge,coinbase_weak,peak_hour
[Timing] Window 7 min old — skipping
[Cycle] No signal — YES=0.95 is between 0.32 and 0.68, sum=1.00 >= 0.97
[Ticker] KXBTC15M-26APR090630-30
[Market] YES=0.95 | NO=0.07 | Sum=1.02
==================================================
Balance: $116.56 | Regime: CHOP | Session: 0W/0L (0%) | PnL: $+0.00
[Confidence] Score=4/10 | strong_edge,coinbase_weak,peak_hour
[Timing] Window 8 min old — skipping
[Cycle] No signal — YES=0.95 is between 0.32 and 0.68, sum=1.02 >= 0.97
[Ticker] KXBTC15M-26APR090630-30
[Market] YES=0.96 | NO=0.05 | Sum=1.01
==================================================
Balance: $116.56 | Regime: CHOP | Session: 0W/0L (0%) | PnL: $+0.00
[Confidence] Score=5/10 | extreme_edge,coinbase_weak,peak_hour
[Timing] Window 9 min old — skipping
[Cycle] No signal — YES=0.96 is between 0.32 and 0.68, sum=1.01 >= 0.97
[Ticker] KXBTC15M-26APR090630-30
[Market] YES=0.98 | NO=0.02 | Sum=1.00
==================================================
Balance: $116.56 | Regime: CHOP | Session: 0W/0L (0%) | PnL: $+0.00
[Confidence] Score=5/10 | extreme_edge,coinbase_weak,peak_hour
[Timing] Window 10 min old — skipping
[Cycle] No signal — YES=0.98 is between 0.32 and 0.68, sum=1.00 >= 0.97
[Ticker] KXBTC15M-26APR090630-30
[Market] YES=0.99 | NO=0.01 | Sum=1.00
==================================================
Balance: $116.56 | Regime: CHOP | Session: 0W/0L (0%) | PnL: $+0.00
[Confidence] Score=5/10 | extreme_edge,coinbase_weak,peak_hour
[Timing] Window 11 min old — skipping
[Cycle] No signal — YES=0.99 is between 0.32 and 0.68, sum=1.00 >= 0.97
[Ticker] KXBTC15M-26APR090630-30
[Market] YES=0.99 | NO=0.01 | Sum=1.00
==================================================
Balance: $116.56 | Regime: CHOP | Session: 0W/0L (0%) | PnL: $+0.00
[Confidence] Score=5/10 | extreme_edge,coinbase_weak,peak_hour
[Timing] Window 12 min old — skipping
[Cycle] No signal — YES=0.99 is between 0.32 and 0.68, sum=1.00 >= 0.97
[Ticker] KXBTC15M-26APR090630-30
[Market] YES=1.00 | NO=0.00 | Sum=1.00
==================================================
Balance: $116.56 | Regime: CHOP | Session: 0W/0L (0%) | PnL: $+0.00
[Confidence] Score=5/10 | extreme_edge,coinbase_weak,peak_hour
[Timing] Window 13 min old — skipping
[Cycle] No signal — YES=1.00 is between 0.32 and 0.68, sum=1.00 >= 0.97
[Ticker] KXBTC15M-26APR090630-30
[Market] YES=1.00 | NO=0.00 | Sum=1.00
==================================================
Balance: $116.56 | Regime: CHOP | Session: 0W/0L (0%) | PnL: $+0.00
[Confidence] Score=5/10 | extreme_edge,coinbase_weak,peak_hour
[Timing] Window 14 min old — skipping
[Cycle] No signal — YES=1.00 is between 0.32 and 0.68, sum=1.00 >= 0.97
[Ticker] KXBTC15M-26APR090630-30
[Market] YES=1.00 | NO=1.00 | Sum=2.00
==================================================
Balance: $116.56 | Regime: CHOP | Session: 0W/0L (0%) | PnL: $+0.00
[Confidence] Score=5/10 | extreme_edge,coinbase_weak,peak_hour
[Timing] Window 0 min old — skipping
[Cycle] No signal — YES=1.00 is between 0.32 and 0.68, sum=2.00 >= 0.97
[Ticker] KXBTC15M-26APR090645-45
[Market] YES=0.29 | NO=0.72 | Sum=1.01
==================================================
Balance: $116.56 | Regime: CHOP | Session: 0W/0L (0%) | PnL: $+0.00
[Confidence] Score=4/10 | moderate_edge,coinbase_weak,2of3_agree,peak_hour
[Signal] DOWN candidate | yes=0.29 | waiting (1/2)
[Cycle] No signal — YES=0.29 is between 0.32 and 0.68, sum=1.01 >= 0.97
[Ticker] KXBTC15M-26APR090645-45
[Market] YES=0.27 | NO=0.74 | Sum=1.01
==================================================
Balance: $116.56 | Regime: CHOP | Session: 0W/0L (0%) | PnL: $+0.00
[Confidence] Score=5/10 | moderate_edge,coinbase_weak,all3_agree,peak_hour
[Coinbase] Confirms DOWN | $71373 gap=-49 (0.07%)
[Correlation] All 3 agree — bet boosted
[Signal] CONFIRMED DOWN | yes=0.27 | edge=0.23 | bet=$3.22
[Safety] Balance $116.56 below floor $120.00
🛑 OpenClaw BTC Bot v4.0 halted: Balance $116.56 below floor $120.00

==================================================
OpenClaw BTC Bot v4.0 — LIVE
[Startup] Live balance synced: $116.56
Balance: $116.56 | MaxBet: $11.66 | Threshold: <0.32 or >0.68
==================================================

[Startup] Resting orders cleared
[Ticker] KXBTC15M-26APR090645-45
[Market] YES=0.27 | NO=0.75 | Sum=1.02
==================================================
Balance: $116.56 | Regime: CHOP | Session: 0W/0L (0%) | PnL: $+0.00
[Confidence] Score=5/10 | moderate_edge,coinbase_weak,all3_agree,peak_hour
[Signal] DOWN candidate | yes=0.27 | waiting (1/2)
[Cycle] No signal — YES=0.27 is between 0.32 and 0.68, sum=1.02 >= 0.97
[Ticker] KXBTC15M-26APR090645-45
[Market] YES=0.44 | NO=0.57 | Sum=1.01
==================================================
Balance: $116.56 | Regime: CHOP | Session: 0W/0L (0%) | PnL: $+0.00
[Cycle] No signal — YES=0.44 is between 0.32 and 0.68, sum=1.01 >= 0.97
[Ticker] KXBTC15M-26APR090645-45
[Market] YES=0.36 | NO=0.65 | Sum=1.01
==================================================
Balance: $116.56 | Regime: CHOP | Session: 0W/0L (0%) | PnL: $+0.00
[Cycle] No signal — YES=0.36 is between 0.32 and 0.68, sum=1.01 >= 0.97
[Ticker] KXBTC15M-26APR090645-45
[Market] YES=0.23 | NO=0.78 | Sum=1.01
==================================================
Balance: $116.56 | Regime: CHOP | Session: 0W/0L (0%) | PnL: $+0.00
[Confidence] Score=4/10 | moderate_edge,coinbase_weak,2of3_agree,peak_hour
[Timing] Window 5 min old — skipping
[Cycle] No signal — YES=0.23 is between 0.32 and 0.68, sum=1.01 >= 0.97
[Ticker] KXBTC15M-26APR090645-45
[Market] YES=0.26 | NO=0.75 | Sum=1.01
==================================================
Balance: $116.56 | Regime: CHOP | Session: 0W/0L (0%) | PnL: $+0.00
[Confidence] Score=5/10 | moderate_edge,coinbase_weak,all3_agree,peak_hour
[Timing] Window 6 min old — skipping
[Cycle] No signal — YES=0.26 is between 0.32 and 0.68, sum=1.01 >= 0.97
[Ticker] KXBTC15M-26APR090645-45
[Market] YES=0.47 | NO=0.55 | Sum=1.02
==================================================
Balance: $116.56 | Regime: CHOP | Session: 0W/0L (0%) | PnL: $+0.00
[Cycle] No signal — YES=0.47 is between 0.32 and 0.68, sum=1.02 >= 0.97
[Ticker] KXBTC15M-26APR090645-45
[Market] YES=0.35 | NO=0.66 | Sum=1.01
==================================================
Balance: $116.56 | Regime: CHOP | Session: 0W/0L (0%) | PnL: $+0.00
[Cycle] No signal — YES=0.35 is between 0.32 and 0.68, sum=1.01 >= 0.97
[Ticker] KXBTC15M-26APR090645-45
[Market] YES=0.24 | NO=0.77 | Sum=1.01
==================================================
Balance: $116.56 | Regime: CHOP | Session: 0W/0L (0%) | PnL: $+0.00
[Confidence] Score=5/10 | moderate_edge,coinbase_weak,all3_agree,peak_hour
[Timing] Window 9 min old — skipping
[Cycle] No signal — YES=0.24 is between 0.32 and 0.68, sum=1.01 >= 0.97
[Ticker] KXBTC15M-26APR090645-45
[Market] YES=0.28 | NO=0.74 | Sum=1.02
==================================================
Balance: $116.56 | Regime: CHOP | Session: 0W/0L (0%) | PnL: $+0.00
[Confidence] Score=5/10 | moderate_edge,coinbase_weak,all3_agree,peak_hour
[Timing] Window 10 min old — skipping
[Cycle] No signal — YES=0.28 is between 0.32 and 0.68, sum=1.02 >= 0.97
[Ticker] KXBTC15M-26APR090645-45
[Market] YES=0.24 | NO=0.77 | Sum=1.01
==================================================
Balance: $116.56 | Regime: CHOP | Session: 0W/0L (0%) | PnL: $+0.00
[Confidence] Score=5/10 | moderate_edge,coinbase_weak,all3_agree,peak_hour
[Timing] Window 11 min old — skipping
[Cycle] No signal — YES=0.24 is between 0.32 and 0.68, sum=1.01 >= 0.97
[Ticker] KXBTC15M-26APR090645-45
[Market] YES=0.06 | NO=0.96 | Sum=1.02
==================================================
Balance: $116.56 | Regime: CHOP | Session: 0W/0L (0%) | PnL: $+0.00
[Confidence] Score=6/10 | strong_edge,coinbase_weak,all3_agree,peak_hour
[Timing] Window 12 min old — skipping
[Cycle] No signal — YES=0.06 is between 0.32 and 0.68, sum=1.02 >= 0.97
[Ticker] KXBTC15M-26APR090645-45
[Market] YES=0.05 | NO=0.96 | Sum=1.01
==================================================
Balance: $116.56 | Regime: CHOP | Session: 0W/0L (0%) | PnL: $+0.00
[Confidence] Score=7/10 | extreme_edge,coinbase_weak,all3_agree,peak_hour
[Timing] Window 13 min old — skipping
[Cycle] No signal — YES=0.05 is between 0.32 and 0.68, sum=1.01 >= 0.97
[Ticker] KXBTC15M-26APR090645-45
[Market] YES=0.82 | NO=0.69 | Sum=1.51
==================================================
Balance: $116.56 | Regime: CHOP | Session: 0W/0L (0%) | PnL: $+0.00
[Confidence] Score=3/10 | strong_edge,peak_hour
[Timing] Window 14 min old — skipping
[Cycle] No signal — YES=0.82 is between 0.32 and 0.68, sum=1.51 >= 0.97
[Ticker] KXBTC15M-26APR090700-00
[Market] YES=0.50 | NO=0.51 | Sum=1.01
==================================================
Balance: $116.56 | Regime: CHOP | Session: 0W/0L (0%) | PnL: $+0.00
[Cycle] No signal — YES=0.50 is between 0.32 and 0.68, sum=1.01 >= 0.97
[Ticker] KXBTC15M-26APR090700-00
[Market] YES=0.70 | NO=0.32 | Sum=1.02
==================================================
Balance: $116.56 | Regime: CHOP | Session: 0W/0L (0%) | PnL: $+0.00
[Signal] Edge 0.20 below minimum 0.2 — skipping
[Cycle] No signal — YES=0.70 is between 0.32 and 0.68, sum=1.02 >= 0.97
[Ticker] KXBTC15M-26APR090700-00
[Market] YES=0.64 | NO=0.37 | Sum=1.01
==================================================
Balance: $116.56 | Regime: CHOP | Session: 0W/0L (0%) | PnL: $+0.00
[Cycle] No signal — YES=0.64 is between 0.32 and 0.68, sum=1.01 >= 0.97
[Ticker] KXBTC15M-26APR090700-00
[Market] YES=0.62 | NO=0.39 | Sum=1.01
==================================================
Balance: $116.56 | Regime: CHOP | Session: 0W/0L (0%) | PnL: $+0.00
[Cycle] No signal — YES=0.62 is between 0.32 and 0.68, sum=1.01 >= 0.97
[Ticker] KXBTC15M-26APR090700-00
[Market] YES=0.56 | NO=0.45 | Sum=1.01
==================================================
Balance: $116.56 | Regime: CHOP | Session: 0W/0L (0%) | PnL: $+0.00
[Cycle] No signal — YES=0.56 is between 0.32 and 0.68, sum=1.01 >= 0.97
[Ticker] KXBTC15M-26APR090700-00
[Market] YES=0.44 | NO=0.57 | Sum=1.01
==================================================
Balance: $116.56 | Regime: CHOP | Session: 0W/0L (0%) | PnL: $+0.00
[Cycle] No signal — YES=0.44 is between 0.32 and 0.68, sum=1.01 >= 0.97
[Ticker] KXBTC15M-26APR090700-00
[Market] YES=0.11 | NO=0.90 | Sum=1.01
==================================================
Balance: $116.56 | Regime: CHOP | Session: 0W/0L (0%) | PnL: $+0.00
[Confidence] Score=5/10 | strong_edge,coinbase_weak,2of3_agree,peak_hour
[Timing] Window 6 min old — skipping
[Cycle] No signal — YES=0.11 is between 0.32 and 0.68, sum=1.01 >= 0.97
[Ticker] KXBTC15M-26APR090700-00
[Market] YES=0.07 | NO=0.93 | Sum=1.01
==================================================
Balance: $116.56 | Regime: CHOP | Session: 0W/0L (0%) | PnL: $+0.00
[Confidence] Score=6/10 | strong_edge,coinbase_weak,all3_agree,peak_hour
[Timing] Window 7 min old — skipping
[Cycle] No signal — YES=0.07 is between 0.32 and 0.68, sum=1.01 >= 0.97
[Ticker] KXBTC15M-26APR090700-00
[Market] YES=0.06 | NO=0.95 | Sum=1.01
==================================================
Balance: $116.56 | Regime: CHOP | Session: 0W/0L (0%) | PnL: $+0.00
[Confidence] Score=5/10 | strong_edge,coinbase_weak,2of3_agree,peak_hour
[Timing] Window 8 min old — skipping
[Cycle] No signal — YES=0.06 is between 0.32 and 0.68, sum=1.01 >= 0.97
[Ticker] KXBTC15M-26APR090700-00
[Market] YES=0.07 | NO=0.94 | Sum=1.01
==================================================
Balance: $116.56 | Regime: CHOP | Session: 0W/0L (0%) | PnL: $+0.00
[Confidence] Score=6/10 | strong_edge,coinbase_weak,all3_agree,peak_hour
[Timing] Window 9 min old — skipping
[Cycle] No signal — YES=0.07 is between 0.32 and 0.68, sum=1.01 >= 0.97
[Ticker] KXBTC15M-26APR090700-00
[Market] YES=0.09 | NO=0.92 | Sum=1.01
==================================================
Balance: $116.56 | Regime: CHOP | Session: 0W/0L (0%) | PnL: $+0.00
[Confidence] Score=6/10 | strong_edge,coinbase_weak,all3_agree,peak_hour
[Timing] Window 10 min old — skipping
[Cycle] No signal — YES=0.09 is between 0.32 and 0.68, sum=1.01 >= 0.97
[Ticker] KXBTC15M-26APR090700-00
[Market] YES=0.08 | NO=0.93 | Sum=1.01
==================================================
Balance: $116.56 | Regime: CHOP | Session: 0W/0L (0%) | PnL: $+0.00
[Confidence] Score=6/10 | strong_edge,coinbase_weak,all3_agree,peak_hour
[Timing] Window 11 min old — skipping
[Cycle] No signal — YES=0.08 is between 0.32 and 0.68, sum=1.01 >= 0.97
[Ticker] KXBTC15M-26APR090700-00
[Market] YES=0.01 | NO=1.00 | Sum=1.01
==================================================
Balance: $116.56 | Regime: CHOP | Session: 0W/0L (0%) | PnL: $+0.00
[Confidence] Score=7/10 | extreme_edge,coinbase_weak,all3_agree,peak_hour
[Timing] Window 12 min old — skipping
[Cycle] No signal — YES=0.01 is between 0.32 and 0.68, sum=1.01 >= 0.97
[Ticker] KXBTC15M-26APR090700-00
[Market] YES=0.00 | NO=1.00 | Sum=1.00
==================================================
Balance: $116.56 | Regime: CHOP | Session: 0W/0L (0%) | PnL: $+0.00
[Confidence] Score=6/10 | extreme_edge,coinbase_weak,2of3_agree,peak_hour
[Timing] Window 13 min old — skipping
[Cycle] No signal — YES=0.00 is between 0.32 and 0.68, sum=1.00 >= 0.97
[Ticker] KXBTC15M-26APR090700-00
[Market] YES=0.00 | NO=1.00 | Sum=1.00
==================================================
Balance: $116.56 | Regime: CHOP | Session: 0W/0L (0%) | PnL: $+0.00
[Confidence] Score=6/10 | extreme_edge,coinbase_weak,2of3_agree,peak_hour
[Timing] Window 14 min old — skipping
[Cycle] No signal — YES=0.00 is between 0.32 and 0.68, sum=1.00 >= 0.97
[Ticker] KXBTC15M-26APR090715-15
[Market] YES=0.57 | NO=0.44 | Sum=1.01
==================================================
Balance: $116.56 | Regime: CHOP | Session: 0W/0L (0%) | PnL: $+0.00
[Cycle] No signal — YES=0.57 is between 0.32 and 0.68, sum=1.01 >= 0.97
[Ticker] KXBTC15M-26APR090715-15
[Market] YES=0.58 | NO=0.43 | Sum=1.01
==================================================
Balance: $116.56 | Regime: CHOP | Session: 0W/0L (0%) | PnL: $+0.00
[Cycle] No signal — YES=0.58 is between 0.32 and 0.68, sum=1.01 >= 0.97
[Ticker] KXBTC15M-26APR090715-15
[Market] YES=0.66 | NO=0.35 | Sum=1.01
==================================================
Balance: $116.56 | Regime: CHOP | Session: 0W/0L (0%) | PnL: $+0.00
[Cycle] No signal — YES=0.66 is between 0.32 and 0.68, sum=1.01 >= 0.97
[Ticker] KXBTC15M-26APR090715-15
[Market] YES=0.66 | NO=0.35 | Sum=1.01
==================================================
Balance: $116.56 | Regime: CHOP | Session: 0W/0L (0%) | PnL: $+0.00
[Cycle] No signal — YES=0.66 is between 0.32 and 0.68, sum=1.01 >= 0.97
[Ticker] KXBTC15M-26APR090715-15
[Market] YES=0.67 | NO=0.35 | Sum=1.02
==================================================
Balance: $116.56 | Regime: CHOP | Session: 0W/0L (0%) | PnL: $+0.00
[Cycle] No signal — YES=0.67 is between 0.32 and 0.68, sum=1.02 >= 0.97
[Ticker] KXBTC15M-26APR090715-15
[Market] YES=0.61 | NO=0.41 | Sum=1.02
==================================================
Balance: $116.56 | Regime: CHOP | Session: 0W/0L (0%) | PnL: $+0.00
[Cycle] No signal — YES=0.61 is between 0.32 and 0.68, sum=1.02 >= 0.97
[Ticker] KXBTC15M-26APR090715-15
[Market] YES=0.56 | NO=0.45 | Sum=1.01
==================================================
Balance: $116.56 | Regime: CHOP | Session: 0W/0L (0%) | PnL: $+0.00
[Cycle] No signal — YES=0.56 is between 0.32 and 0.68, sum=1.01 >= 0.97
[Ticker] KXBTC15M-26APR090715-15
[Market] YES=0.66 | NO=0.35 | Sum=1.01
==================================================
Balance: $116.56 | Regime: CHOP | Session: 0W/0L (0%) | PnL: $+0.00
[Cycle] No signal — YES=0.66 is between 0.32 and 0.68, sum=1.01 >= 0.97
[Ticker] KXBTC15M-26APR090715-15
[Market] YES=0.54 | NO=0.49 | Sum=1.03
==================================================
Balance: $116.56 | Regime: CHOP | Session: 0W/0L (0%) | PnL: $+0.00
[Cycle] No signal — YES=0.54 is between 0.32 and 0.68, sum=1.03 >= 0.97
[Ticker] KXBTC15M-26APR090715-15
[Market] YES=0.66 | NO=0.35 | Sum=1.01
==================================================
Balance: $116.56 | Regime: CHOP | Session: 0W/0L (0%) | PnL: $+0.00
[Cycle] No signal — YES=0.66 is between 0.32 and 0.68, sum=1.01 >= 0.97
[Ticker] KXBTC15M-26APR090715-15
[Market] YES=0.13 | NO=0.88 | Sum=1.01
==================================================
Balance: $116.56 | Regime: CHOP | Session: 0W/0L (0%) | PnL: $+0.00
[Confidence] Score=5/10 | strong_edge,coinbase_weak,2of3_agree,peak_hour
[Timing] Window 10 min old — skipping
[Cycle] No signal — YES=0.13 is between 0.32 and 0.68, sum=1.01 >= 0.97
[Ticker] KXBTC15M-26APR090715-15
[Market] YES=0.06 | NO=0.95 | Sum=1.01
==================================================
Balance: $116.56 | Regime: CHOP | Session: 0W/0L (0%) | PnL: $+0.00
[Confidence] Score=6/10 | strong_edge,coinbase_weak,all3_agree,peak_hour
[Timing] Window 11 min old — skipping
[Cycle] No signal — YES=0.06 is between 0.32 and 0.68, sum=1.01 >= 0.97
[Ticker] KXBTC15M-26APR090715-15
[Market] YES=0.01 | NO=0.99 | Sum=1.00
==================================================
Balance: $116.56 | Regime: CHOP | Session: 0W/0L (0%) | PnL: $+0.00
[Confidence] Score=7/10 | extreme_edge,coinbase_weak,all3_agree,peak_hour
[Timing] Window 12 min old — skipping
[Cycle] No signal — YES=0.01 is between 0.32 and 0.68, sum=1.00 >= 0.97
[Ticker] KXBTC15M-26APR090715-15
[Market] YES=0.01 | NO=1.00 | Sum=1.00
==================================================
Balance: $116.56 | Regime: CHOP | Session: 0W/0L (0%) | PnL: $+0.00
[Confidence] Score=7/10 | extreme_edge,coinbase_weak,all3_agree,peak_hour
[Timing] Window 13 min old — skipping
[Cycle] No signal — YES=0.01 is between 0.32 and 0.68, sum=1.00 >= 0.97
[Ticker] KXBTC15M-26APR090715-15
[Market] YES=0.00 | NO=1.00 | Sum=1.00
==================================================
Balance: $116.56 | Regime: CHOP | Session: 0W/0L (0%) | PnL: $+0.00
[Confidence] Score=7/10 | extreme_edge,coinbase_weak,all3_agree,peak_hour
[Timing] Window 14 min old — skipping
[Cycle] No signal — YES=0.00 is between 0.32 and 0.68, sum=1.00 >= 0.97
[Ticker] KXBTC15M-26APR090730-30
[Market] YES=0.47 | NO=0.54 | Sum=1.01
==================================================
Balance: $116.56 | Regime: CHOP | Session: 0W/0L (0%) | PnL: $+0.00
[Cycle] No signal — YES=0.47 is between 0.32 and 0.68, sum=1.01 >= 0.97
[Ticker] KXBTC15M-26APR090730-30
[Market] YES=0.43 | NO=0.58 | Sum=1.01
==================================================
Balance: $116.56 | Regime: CHOP | Session: 0W/0L (0%) | PnL: $+0.00
[Cycle] No signal — YES=0.43 is between 0.32 and 0.68, sum=1.01 >= 0.97
[Ticker] KXBTC15M-26APR090730-30
[Market] YES=0.26 | NO=0.76 | Sum=1.02
==================================================
Balance: $116.56 | Regime: CHOP | Session: 0W/0L (0%) | PnL: $+0.00
[Confidence] Score=5/10 | moderate_edge,coinbase_weak,all3_agree,peak_hour
[Signal] DOWN candidate | yes=0.26 | waiting (1/2)
[Cycle] No signal — YES=0.26 is between 0.32 and 0.68, sum=1.02 >= 0.97
[Ticker] KXBTC15M-26APR090730-30
[Market] YES=0.44 | NO=0.57 | Sum=1.01
==================================================
Balance: $116.56 | Regime: CHOP | Session: 0W/0L (0%) | PnL: $+0.00
[Cycle] No signal — YES=0.44 is between 0.32 and 0.68, sum=1.01 >= 0.97
[Ticker] KXBTC15M-26APR090730-30
[Market] YES=0.46 | NO=0.55 | Sum=1.01
==================================================
Balance: $116.56 | Regime: CHOP | Session: 0W/0L (0%) | PnL: $+0.00
[Cycle] No signal — YES=0.46 is between 0.32 and 0.68, sum=1.01 >= 0.97
[Ticker] KXBTC15M-26APR090730-30
[Market] YES=0.46 | NO=0.55 | Sum=1.01
==================================================
Balance: $116.56 | Regime: CHOP | Session: 0W/0L (0%) | PnL: $+0.00
[Cycle] No signal — YES=0.46 is between 0.32 and 0.68, sum=1.01 >= 0.97
[Ticker] KXBTC15M-26APR090730-30
[Market] YES=0.48 | NO=0.53 | Sum=1.01
==================================================
Balance: $116.56 | Regime: CHOP | Session: 0W/0L (0%) | PnL: $+0.00
[Cycle] No signal — YES=0.48 is between 0.32 and 0.68, sum=1.01 >= 0.97
[Ticker] KXBTC15M-26APR090730-30
[Market] YES=0.52 | NO=0.49 | Sum=1.01
==================================================
Balance: $116.56 | Regime: CHOP | Session: 0W/0L (0%) | PnL: $+0.00
[Cycle] No signal — YES=0.52 is between 0.32 and 0.68, sum=1.01 >= 0.97
[Ticker] KXBTC15M-26APR090730-30
[Market] YES=0.43 | NO=0.59 | Sum=1.02
==================================================
Balance: $116.56 | Regime: CHOP | Session: 0W/0L (0%) | PnL: $+0.00
[Cycle] No signal — YES=0.43 is between 0.32 and 0.68, sum=1.02 >= 0.97
[Ticker] KXBTC15M-26APR090730-30
[Market] YES=0.31 | NO=0.73 | Sum=1.04
==================================================
Balance: $116.56 | Regime: CHOP | Session: 0W/0L (0%) | PnL: $+0.00
[Signal] Edge 0.19 below minimum 0.2 — skipping
[Cycle] No signal — YES=0.31 is between 0.32 and 0.68, sum=1.04 >= 0.97
[Ticker] KXBTC15M-26APR090730-30
[Market] YES=0.05 | NO=0.96 | Sum=1.01
==================================================
Balance: $116.56 | Regime: CHOP | Session: 0W/0L (0%) | PnL: $+0.00
[Confidence] Score=7/10 | extreme_edge,coinbase_weak,all3_agree,peak_hour
[Timing] Window 10 min old — skipping
[Cycle] No signal — YES=0.05 is between 0.32 and 0.68, sum=1.01 >= 0.97
[Ticker] KXBTC15M-26APR090730-30
[Market] YES=0.02 | NO=0.98 | Sum=1.00
==================================================
Balance: $116.56 | Regime: CHOP | Session: 0W/0L (0%) | PnL: $+0.00
[Confidence] Score=7/10 | extreme_edge,coinbase_weak,all3_agree,peak_hour
[Timing] Window 11 min old — skipping
[Cycle] No signal — YES=0.02 is between 0.32 and 0.68, sum=1.00 >= 0.97
[Ticker] KXBTC15M-26APR090730-30
[Market] YES=0.01 | NO=1.00 | Sum=1.01
==================================================
Balance: $116.56 | Regime: CHOP | Session: 0W/0L (0%) | PnL: $+0.00
[Confidence] Score=7/10 | extreme_edge,coinbase_weak,all3_agree,peak_hour
[Timing] Window 12 min old — skipping
[Cycle] No signal — YES=0.01 is between 0.32 and 0.68, sum=1.01 >= 0.97
[Ticker] KXBTC15M-26APR090730-30
[Market] YES=0.00 | NO=1.00 | Sum=1.00
==================================================
Balance: $116.56 | Regime: CHOP | Session: 0W/0L (0%) | PnL: $+0.00
[Confidence] Score=7/10 | extreme_edge,coinbase_weak,all3_agree,peak_hour
[Timing] Window 13 min old — skipping
[Cycle] No signal — YES=0.00 is between 0.32 and 0.68, sum=1.00 >= 0.97
[Ticker] KXBTC15M-26APR090730-30
[Market] YES=0.00 | NO=1.00 | Sum=1.00
==================================================
Balance: $116.56 | Regime: CHOP | Session: 0W/0L (0%) | PnL: $+0.00
[Confidence] Score=6/10 | extreme_edge,coinbase_weak,2of3_agree,peak_hour
[Timing] Window 14 min old — skipping
[Cycle] No signal — YES=0.00 is between 0.32 and 0.68, sum=1.00 >= 0.97
[Ticker] KXBTC15M-26APR090745-45
[Market] YES=0.62 | NO=0.40 | Sum=1.02
==================================================
Balance: $116.56 | Regime: CHOP | Session: 0W/0L (0%) | PnL: $+0.00
[Cycle] No signal — YES=0.62 is between 0.32 and 0.68, sum=1.02 >= 0.97
[Ticker] KXBTC15M-26APR090745-45
[Market] YES=0.59 | NO=0.42 | Sum=1.01
==================================================
Balance: $116.56 | Regime: CHOP | Session: 0W/0L (0%) | PnL: $+0.00
[Cycle] No signal — YES=0.59 is between 0.32 and 0.68, sum=1.01 >= 0.97
[Ticker] KXBTC15M-26APR090745-45
[Market] YES=0.78 | NO=0.23 | Sum=1.01
==================================================
Balance: $116.56 | Regime: CHOP | Session: 0W/0L (0%) | PnL: $+0.00
[Confidence] Score=3/10 | moderate_edge,coinbase_weak,peak_hour
[Signal] UP candidate | yes=0.78 | waiting (1/2)
[Cycle] No signal — YES=0.78 is between 0.32 and 0.68, sum=1.01 >= 0.97
[Ticker] KXBTC15M-26APR090745-45
[Market] YES=0.70 | NO=0.31 | Sum=1.01
==================================================
Balance: $116.56 | Regime: CHOP | Session: 0W/0L (0%) | PnL: $+0.00
[Signal] Edge 0.20 below minimum 0.2 — skipping
[Cycle] No signal — YES=0.70 is between 0.32 and 0.68, sum=1.01 >= 0.97
[Ticker] KXBTC15M-26APR090745-45
[Market] YES=0.68 | NO=0.34 | Sum=1.02
==================================================
Balance: $116.56 | Regime: CHOP | Session: 0W/0L (0%) | PnL: $+0.00
[Cycle] No signal — YES=0.68 is between 0.32 and 0.68, sum=1.02 >= 0.97
[Ticker] KXBTC15M-26APR090745-45
[Market] YES=0.71 | NO=0.31 | Sum=1.02
==================================================
Balance: $116.56 | Regime: CHOP | Session: 0W/0L (0%) | PnL: $+0.00
[Confidence] Score=3/10 | moderate_edge,coinbase_weak,peak_hour
[Timing] Window 5 min old — skipping
[Cycle] No signal — YES=0.71 is between 0.32 and 0.68, sum=1.02 >= 0.97
[Ticker] KXBTC15M-26APR090745-45
[Market] YES=0.65 | NO=0.36 | Sum=1.01
==================================================
Balance: $116.56 | Regime: CHOP | Session: 0W/0L (0%) | PnL: $+0.00
[Cycle] No signal — YES=0.65 is between 0.32 and 0.68, sum=1.01 >= 0.97
[Ticker] KXBTC15M-26APR090745-45
[Market] YES=0.62 | NO=0.39 | Sum=1.01
==================================================
Balance: $116.56 | Regime: CHOP | Session: 0W/0L (0%) | PnL: $+0.00
[Cycle] No signal — YES=0.62 is between 0.32 and 0.68, sum=1.01 >= 0.97
[Ticker] KXBTC15M-26APR090745-45
[Market] YES=0.79 | NO=0.22 | Sum=1.01
==================================================
Balance: $116.56 | Regime: CHOP | Session: 0W/0L (0%) | PnL: $+0.00
[Confidence] Score=3/10 | moderate_edge,coinbase_weak,peak_hour
[Timing] Window 8 min old — skipping
[Cycle] No signal — YES=0.79 is between 0.32 and 0.68, sum=1.01 >= 0.97
[Ticker] KXBTC15M-26APR090745-45
[Market] YES=0.97 | NO=0.04 | Sum=1.01
==================================================
Balance: $116.56 | Regime: CHOP | Session: 0W/0L (0%) | PnL: $+0.00
[Confidence] Score=5/10 | extreme_edge,coinbase_weak,peak_hour
[Timing] Window 9 min old — skipping
[Cycle] No signal — YES=0.97 is between 0.32 and 0.68, sum=1.01 >= 0.97
[Ticker] KXBTC15M-26APR090745-45
[Market] YES=0.99 | NO=0.02 | Sum=1.01
==================================================
Balance: $116.56 | Regime: CHOP | Session: 0W/0L (0%) | PnL: $+0.00
[Confidence] Score=5/10 | extreme_edge,coinbase_weak,peak_hour
[Timing] Window 10 min old — skipping
[Cycle] No signal — YES=0.99 is between 0.32 and 0.68, sum=1.01 >= 0.97
[Ticker] KXBTC15M-26APR090745-45
[Market] YES=1.00 | NO=0.01 | Sum=1.01
==================================================
Balance: $116.56 | Regime: CHOP | Session: 0W/0L (0%) | PnL: $+0.00
[Confidence] Score=5/10 | extreme_edge,coinbase_weak,peak_hour
[Timing] Window 11 min old — skipping
[Cycle] No signal — YES=1.00 is between 0.32 and 0.68, sum=1.01 >= 0.97
[Ticker] KXBTC15M-26APR090745-45
[Market] YES=1.00 | NO=0.01 | Sum=1.00
==================================================
Balance: $116.56 | Regime: CHOP | Session: 0W/0L (0%) | PnL: $+0.00
[Confidence] Score=5/10 | extreme_edge,coinbase_weak,peak_hour
[Timing] Window 12 min old — skipping
[Cycle] No signal — YES=1.00 is between 0.32 and 0.68, sum=1.00 >= 0.97
[Ticker] KXBTC15M-26APR090745-45
[Market] YES=1.00 | NO=0.00 | Sum=1.00
==================================================
Balance: $116.56 | Regime: CHOP | Session: 0W/0L (0%) | PnL: $+0.00
[Confidence] Score=5/10 | extreme_edge,coinbase_weak,peak_hour
[Timing] Window 13 min old — skipping
[Cycle] No signal — YES=1.00 is between 0.32 and 0.68, sum=1.00 >= 0.97
[Ticker] KXBTC15M-26APR090745-45
[Market] YES=1.00 | NO=0.00 | Sum=1.00
==================================================
Balance: $116.56 | Regime: CHOP | Session: 0W/0L (0%) | PnL: $+0.00
[Confidence] Score=5/10 | extreme_edge,coinbase_weak,peak_hour
[Timing] Window 14 min old — skipping
[Cycle] No signal — YES=1.00 is between 0.32 and 0.68, sum=1.00 >= 0.97
[Ticker] KXBTC15M-26APR090800-00
[Market] YES=0.58 | NO=0.44 | Sum=1.02
==================================================
Balance: $116.56 | Regime: CHOP | Session: 0W/0L (0%) | PnL: $+0.00
[Cycle] No signal — YES=0.58 is between 0.32 and 0.68, sum=1.02 >= 0.97
[Ticker] KXBTC15M-26APR090800-00
[Market] YES=0.57 | NO=0.44 | Sum=1.01
==================================================
Balance: $116.56 | Regime: CHOP | Session: 0W/0L (0%) | PnL: $+0.00
[Cycle] No signal — YES=0.57 is between 0.32 and 0.68, sum=1.01 >= 0.97
[Ticker] KXBTC15M-26APR090800-00
[Market] YES=0.57 | NO=0.44 | Sum=1.01
==================================================
Balance: $116.56 | Regime: CHOP | Session: 0W/0L (0%) | PnL: $+0.00
[Cycle] No signal — YES=0.57 is between 0.32 and 0.68, sum=1.01 >= 0.97
[Ticker] KXBTC15M-26APR090800-00
[Market] YES=0.72 | NO=0.29 | Sum=1.01
==================================================
Balance: $116.56 | Regime: CHOP | Session: 0W/0L (0%) | PnL: $+0.00
[Confidence] Score=3/10 | moderate_edge,coinbase_weak,peak_hour
[Signal] UP candidate | yes=0.72 | waiting (1/2)
[Cycle] No signal — YES=0.72 is between 0.32 and 0.68, sum=1.01 >= 0.97
[Ticker] KXBTC15M-26APR090800-00
[Market] YES=0.72 | NO=0.29 | Sum=1.01
==================================================
Balance: $116.56 | Regime: CHOP | Session: 0W/0L (0%) | PnL: $+0.00
[Confidence] Score=3/10 | moderate_edge,coinbase_weak,peak_hour
[Coinbase] Confirms UP | $71216 gap=+42 (0.06%)
[Correlation] 2/3 agree UP
[Signal] CONFIRMED UP | yes=0.72 | edge=0.22 | bet=$2.57
[Safety] Balance $116.56 below floor $120.00
🛑 OpenClaw BTC Bot v4.0 halted: Balance $116.56 below floor $120.00

==================================================
OpenClaw BTC Bot v4.0 — LIVE
[Startup] Live balance synced: $116.56
Balance: $116.56 | MaxBet: $11.66 | Threshold: <0.32 or >0.68
==================================================

[Startup] Resting orders cleared
[Ticker] KXBTC15M-26APR090800-00
[Market] YES=0.74 | NO=0.28 | Sum=1.02
==================================================
Balance: $116.56 | Regime: CHOP | Session: 0W/0L (0%) | PnL: $+0.00
[Confidence] Score=4/10 | moderate_edge,coinbase_weak,2of3_agree,peak_hour
[Signal] UP candidate | yes=0.74 | waiting (1/2)
[Cycle] No signal — YES=0.74 is between 0.32 and 0.68, sum=1.02 >= 0.97
[Ticker] KXBTC15M-26APR090800-00
[Market] YES=0.74 | NO=0.28 | Sum=1.02
==================================================
Balance: $116.56 | Regime: CHOP | Session: 0W/0L (0%) | PnL: $+0.00
[Confidence] Score=3/10 | moderate_edge,coinbase_weak,peak_hour
[Timing] Window 5 min old — skipping
[Cycle] No signal — YES=0.74 is between 0.32 and 0.68, sum=1.02 >= 0.97
[Ticker] KXBTC15M-26APR090800-00
[Market] YES=0.65 | NO=0.36 | Sum=1.01
==================================================
Balance: $116.56 | Regime: CHOP | Session: 0W/0L (0%) | PnL: $+0.00
[Cycle] No signal — YES=0.65 is between 0.32 and 0.68, sum=1.01 >= 0.97
[Ticker] KXBTC15M-26APR090800-00
[Market] YES=0.70 | NO=0.32 | Sum=1.02
==================================================
Balance: $116.56 | Regime: CHOP | Session: 0W/0L (0%) | PnL: $+0.00
[Signal] Edge 0.20 below minimum 0.2 — skipping
[Cycle] No signal — YES=0.70 is between 0.32 and 0.68, sum=1.02 >= 0.97
[Ticker] KXBTC15M-26APR090800-00
[Market] YES=0.72 | NO=0.29 | Sum=1.01
==================================================
Balance: $116.56 | Regime: CHOP | Session: 0W/0L (0%) | PnL: $+0.00
[Confidence] Score=3/10 | moderate_edge,coinbase_weak,peak_hour
[Timing] Window 8 min old — skipping
[Cycle] No signal — YES=0.72 is between 0.32 and 0.68, sum=1.01 >= 0.97
[Ticker] KXBTC15M-26APR090800-00
[Market] YES=0.83 | NO=0.18 | Sum=1.01
==================================================
Balance: $116.56 | Regime: CHOP | Session: 0W/0L (0%) | PnL: $+0.00
[Confidence] Score=4/10 | strong_edge,coinbase_weak,peak_hour
[Timing] Window 9 min old — skipping
[Cycle] No signal — YES=0.83 is between 0.32 and 0.68, sum=1.01 >= 0.97
[Ticker] KXBTC15M-26APR090800-00
[Market] YES=0.66 | NO=0.35 | Sum=1.01
==================================================
Balance: $116.56 | Regime: CHOP | Session: 0W/0L (0%) | PnL: $+0.00
[Cycle] No signal — YES=0.66 is between 0.32 and 0.68, sum=1.01 >= 0.97
[Ticker] KXBTC15M-26APR090800-00
[Market] YES=0.27 | NO=0.75 | Sum=1.02
==================================================
Balance: $116.56 | Regime: CHOP | Session: 0W/0L (0%) | PnL: $+0.00
[Confidence] Score=5/10 | moderate_edge,coinbase_weak,all3_agree,peak_hour
[Timing] Window 11 min old — skipping
[Cycle] No signal — YES=0.27 is between 0.32 and 0.68, sum=1.02 >= 0.97
[Ticker] KXBTC15M-26APR090800-00
[Market] YES=0.45 | NO=0.56 | Sum=1.01
==================================================
Balance: $116.56 | Regime: CHOP | Session: 0W/0L (0%) | PnL: $+0.00
[Cycle] No signal — YES=0.45 is between 0.32 and 0.68, sum=1.01 >= 0.97
[Ticker] KXBTC15M-26APR090800-00
[Market] YES=0.43 | NO=0.59 | Sum=1.02
==================================================
Balance: $116.56 | Regime: CHOP | Session: 0W/0L (0%) | PnL: $+0.00
[Cycle] No signal — YES=0.43 is between 0.32 and 0.68, sum=1.02 >= 0.97
[Ticker] KXBTC15M-26APR090800-00
[Market] YES=0.00 | NO=1.00 | Sum=1.00
==================================================
Balance: $116.56 | Regime: CHOP | Session: 0W/0L (0%) | PnL: $+0.00
[Confidence] Score=6/10 | extreme_edge,coinbase_weak,2of3_agree,peak_hour
[Timing] Window 14 min old — skipping
[Cycle] No signal — YES=0.00 is between 0.32 and 0.68, sum=1.00 >= 0.97
[Ticker] KXBTC15M-26APR090815-15
[Market] YES=0.57 | NO=0.44 | Sum=1.01
==================================================
Balance: $116.56 | Regime: CHOP | Session: 0W/0L (0%) | PnL: $+0.00
[Cycle] No signal — YES=0.57 is between 0.32 and 0.68, sum=1.01 >= 0.97
[Ticker] KXBTC15M-26APR090815-15
[Market] YES=0.66 | NO=0.35 | Sum=1.01
==================================================
Balance: $116.56 | Regime: CHOP | Session: 0W/0L (0%) | PnL: $+0.00
[Cycle] No signal — YES=0.66 is between 0.32 and 0.68, sum=1.01 >= 0.97
[Ticker] KXBTC15M-26APR090815-15
[Market] YES=0.77 | NO=0.24 | Sum=1.01
==================================================
Balance: $116.56 | Regime: CHOP | Session: 0W/0L (0%) | PnL: $+0.00
[Confidence] Score=2/10 | moderate_edge,coinbase_weak
[Signal] UP candidate | yes=0.77 | waiting (1/2)
[Cycle] No signal — YES=0.77 is between 0.32 and 0.68, sum=1.01 >= 0.97
[Ticker] KXBTC15M-26APR090815-15
[Market] YES=0.70 | NO=0.31 | Sum=1.01
==================================================
Balance: $116.56 | Regime: CHOP | Session: 0W/0L (0%) | PnL: $+0.00
[Signal] Edge 0.20 below minimum 0.2 — skipping
[Cycle] No signal — YES=0.70 is between 0.32 and 0.68, sum=1.01 >= 0.97
[Ticker] KXBTC15M-26APR090815-15
[Market] YES=0.73 | NO=0.28 | Sum=1.01
==================================================
Balance: $116.56 | Regime: CHOP | Session: 0W/0L (0%) | PnL: $+0.00
[Confidence] Score=2/10 | moderate_edge,coinbase_weak
[Coinbase] Confirms UP | $71206 gap=+42 (0.06%)
[Correlation] 2/3 agree UP
[Signal] CONFIRMED UP | yes=0.73 | edge=0.23 | bet=$2.00
[Safety] Balance $116.56 below floor $120.00
🛑 OpenClaw BTC Bot v4.0 halted: Balance $116.56 below floor $120.00

==================================================
OpenClaw BTC Bot v4.0 — LIVE
[Startup] Live balance synced: $116.56
Balance: $116.56 | MaxBet: $4.08 | Threshold: <0.32 or >0.68
==================================================

[Startup] Resting orders cleared
[Ticker] KXBTC15M-26APR090815-15
[Market] YES=0.74 | NO=0.27 | Sum=1.01
==================================================
Balance: $116.56 | Regime: CHOP | Session: 0W/0L (0%) | PnL: $+0.00
[Confidence] Score=2/10 | moderate_edge,coinbase_weak
[Timing] Window 5 min old — skipping
[Cycle] No signal — YES=0.74 is between 0.32 and 0.68, sum=1.01 >= 0.97
[Ticker] KXBTC15M-26APR090815-15
[Market] YES=0.76 | NO=0.25 | Sum=1.01
==================================================
Balance: $116.56 | Regime: CHOP | Session: 0W/0L (0%) | PnL: $+0.00
[Confidence] Score=2/10 | moderate_edge,coinbase_weak
[Timing] Window 6 min old — skipping
[Cycle] No signal — YES=0.76 is between 0.32 and 0.68, sum=1.01 >= 0.97
[Ticker] KXBTC15M-26APR090815-15
[Market] YES=0.76 | NO=0.25 | Sum=1.01
==================================================
Balance: $116.56 | Regime: CHOP | Session: 0W/0L (0%) | PnL: $+0.00
[Confidence] Score=2/10 | moderate_edge,coinbase_weak
[Timing] Window 7 min old — skipping
[Cycle] No signal — YES=0.76 is between 0.32 and 0.68, sum=1.01 >= 0.97
[Ticker] KXBTC15M-26APR090815-15
[Market] YES=0.77 | NO=0.24 | Sum=1.01
==================================================
Balance: $116.56 | Regime: CHOP | Session: 0W/0L (0%) | PnL: $+0.00
[Confidence] Score=2/10 | moderate_edge,coinbase_weak
[Timing] Window 8 min old — skipping
[Cycle] No signal — YES=0.77 is between 0.32 and 0.68, sum=1.01 >= 0.97
[Ticker] KXBTC15M-26APR090815-15
[Market] YES=0.92 | NO=0.09 | Sum=1.01
==================================================
Balance: $116.56 | Regime: CHOP | Session: 0W/0L (0%) | PnL: $+0.00
[Confidence] Score=3/10 | strong_edge,coinbase_weak
[Timing] Window 9 min old — skipping
[Cycle] No signal — YES=0.92 is between 0.32 and 0.68, sum=1.01 >= 0.97
[Ticker] KXBTC15M-26APR090815-15
[Market] YES=0.95 | NO=0.05 | Sum=1.00
==================================================
Balance: $116.56 | Regime: CHOP | Session: 0W/0L (0%) | PnL: $+0.00
[Confidence] Score=4/10 | extreme_edge,coinbase_weak
[Timing] Window 10 min old — skipping
[Cycle] No signal — YES=0.95 is between 0.32 and 0.68, sum=1.00 >= 0.97
[Ticker] KXBTC15M-26APR090815-15
[Market] YES=0.99 | NO=0.02 | Sum=1.01
==================================================
Balance: $116.56 | Regime: CHOP | Session: 0W/0L (0%) | PnL: $+0.00
[Confidence] Score=4/10 | extreme_edge,coinbase_weak
[Timing] Window 11 min old — skipping
[Cycle] No signal — YES=0.99 is between 0.32 and 0.68, sum=1.01 >= 0.97
[Ticker] KXBTC15M-26APR090815-15
[Market] YES=0.98 | NO=0.03 | Sum=1.01
==================================================
Balance: $116.56 | Regime: CHOP | Session: 0W/0L (0%) | PnL: $+0.00
[Confidence] Score=4/10 | extreme_edge,coinbase_weak
[Timing] Window 12 min old — skipping
[Cycle] No signal — YES=0.98 is between 0.32 and 0.68, sum=1.01 >= 0.97
[Ticker] KXBTC15M-26APR090815-15
[Market] YES=0.98 | NO=0.03 | Sum=1.01
==================================================
Balance: $116.56 | Regime: CHOP | Session: 0W/0L (0%) | PnL: $+0.00
[Confidence] Score=4/10 | extreme_edge,coinbase_weak
[Timing] Window 13 min old — skipping
[Cycle] No signal — YES=0.98 is between 0.32 and 0.68, sum=1.01 >= 0.97
[Ticker] KXBTC15M-26APR090815-15
[Market] YES=1.00 | NO=0.00 | Sum=1.00
==================================================
Balance: $116.56 | Regime: CHOP | Session: 0W/0L (0%) | PnL: $+0.00
[Confidence] Score=4/10 | extreme_edge,coinbase_weak
[Timing] Window 14 min old — skipping
[Cycle] No signal — YES=1.00 is between 0.32 and 0.68, sum=1.00 >= 0.97
[Ticker] KXBTC15M-26APR090815-15
[Market] YES=1.00 | NO=1.00 | Sum=2.00
==================================================
Balance: $116.56 | Regime: CHOP | Session: 0W/0L (0%) | PnL: $+0.00
[Confidence] Score=4/10 | extreme_edge,coinbase_weak
[Timing] Window 0 min old — skipping
[Cycle] No signal — YES=1.00 is between 0.32 and 0.68, sum=2.00 >= 0.97
[Ticker] KXBTC15M-26APR090830-30
[Market] YES=0.51 | NO=0.51 | Sum=1.02
==================================================
Balance: $116.56 | Regime: CHOP | Session: 0W/0L (0%) | PnL: $+0.00
[Cycle] No signal — YES=0.51 is between 0.32 and 0.68, sum=1.02 >= 0.97
[Ticker] KXBTC15M-26APR090830-30
[Market] YES=0.58 | NO=0.43 | Sum=1.01
==================================================
Balance: $116.56 | Regime: CHOP | Session: 0W/0L (0%) | PnL: $+0.00
[Cycle] No signal — YES=0.58 is between 0.32 and 0.68, sum=1.01 >= 0.97
[Ticker] KXBTC15M-26APR090830-30
[Market] YES=0.44 | NO=0.57 | Sum=1.01
==================================================
Balance: $116.56 | Regime: CHOP | Session: 0W/0L (0%) | PnL: $+0.00
[Cycle] No signal — YES=0.44 is between 0.32 and 0.68, sum=1.01 >= 0.97
[Ticker] KXBTC15M-26APR090830-30
[Market] YES=0.39 | NO=0.62 | Sum=1.01
==================================================
Balance: $116.56 | Regime: CHOP | Session: 0W/0L (0%) | PnL: $+0.00
[Cycle] No signal — YES=0.39 is between 0.32 and 0.68, sum=1.01 >= 0.97
[Ticker] KXBTC15M-26APR090830-30
[Market] YES=0.29 | NO=0.72 | Sum=1.01
==================================================
Balance: $116.56 | Regime: CHOP | Session: 0W/0L (0%) | PnL: $+0.00
[Confidence] Score=4/10 | moderate_edge,coinbase_weak,all3_agree
[Timing] Window 5 min old — skipping
[Cycle] No signal — YES=0.29 is between 0.32 and 0.68, sum=1.01 >= 0.97
[Ticker] KXBTC15M-26APR090830-30
[Market] YES=0.16 | NO=0.85 | Sum=1.01
==================================================
Balance: $116.56 | Regime: CHOP | Session: 0W/0L (0%) | PnL: $+0.00
[Confidence] Score=5/10 | strong_edge,coinbase_weak,all3_agree
[Timing] Window 6 min old — skipping
[Cycle] No signal — YES=0.16 is between 0.32 and 0.68, sum=1.01 >= 0.97
[Ticker] KXBTC15M-26APR090830-30
[Market] YES=0.10 | NO=0.91 | Sum=1.01
==================================================
Balance: $116.56 | Regime: CHOP | Session: 0W/0L (0%) | PnL: $+0.00
[Confidence] Score=4/10 | strong_edge,coinbase_weak,2of3_agree
[Timing] Window 7 min old — skipping
[Cycle] No signal — YES=0.10 is between 0.32 and 0.68, sum=1.01 >= 0.97
[Ticker] KXBTC15M-26APR090830-30
[Market] YES=0.03 | NO=0.98 | Sum=1.01
==================================================
Balance: $116.56 | Regime: CHOP | Session: 0W/0L (0%) | PnL: $+0.00
[Confidence] Score=6/10 | extreme_edge,coinbase_weak,all3_agree
[Timing] Window 8 min old — skipping
[Cycle] No signal — YES=0.03 is between 0.32 and 0.68, sum=1.01 >= 0.97
[Ticker] KXBTC15M-26APR090830-30
[Market] YES=0.03 | NO=0.97 | Sum=1.00
==================================================
Balance: $116.56 | Regime: CHOP | Session: 0W/0L (0%) | PnL: $+0.00
[Confidence] Score=5/10 | extreme_edge,coinbase_weak,2of3_agree
[Timing] Window 9 min old — skipping
[Cycle] No signal — YES=0.03 is between 0.32 and 0.68, sum=1.00 >= 0.97
[Ticker] KXBTC15M-26APR090830-30
[Market] YES=0.04 | NO=0.96 | Sum=1.00
==================================================
Balance: $116.56 | Regime: CHOP | Session: 0W/0L (0%) | PnL: $+0.00
[Confidence] Score=4/10 | extreme_edge,coinbase_weak
[Timing] Window 10 min old — skipping
[Cycle] No signal — YES=0.04 is between 0.32 and 0.68, sum=1.00 >= 0.97
[Ticker] KXBTC15M-26APR090830-30
[Market] YES=0.04 | NO=0.97 | Sum=1.01
==================================================
Balance: $116.56 | Regime: CHOP | Session: 0W/0L (0%) | PnL: $+0.00
[Confidence] Score=6/10 | extreme_edge,coinbase_weak,all3_agree
[Timing] Window 11 min old — skipping
[Cycle] No signal — YES=0.04 is between 0.32 and 0.68, sum=1.01 >= 0.97
[Ticker] KXBTC15M-26APR090830-30
[Market] YES=0.11 | NO=0.90 | Sum=1.01
==================================================
Balance: $116.56 | Regime: CHOP | Session: 0W/0L (0%) | PnL: $+0.00
[Confidence] Score=5/10 | strong_edge,coinbase_weak,all3_agree
[Timing] Window 12 min old — skipping
[Cycle] No signal — YES=0.11 is between 0.32 and 0.68, sum=1.01 >= 0.97
[Ticker] KXBTC15M-26APR090830-30
[Market] YES=0.98 | NO=0.04 | Sum=1.01
==================================================
Balance: $116.56 | Regime: CHOP | Session: 0W/0L (0%) | PnL: $+0.00
[Confidence] Score=4/10 | extreme_edge,coinbase_weak
[Timing] Window 13 min old — skipping
[Cycle] No signal — YES=0.98 is between 0.32 and 0.68, sum=1.01 >= 0.97
[Ticker] KXBTC15M-26APR090830-30
[Market] YES=0.99 | NO=0.01 | Sum=1.00
==================================================
Balance: $116.56 | Regime: CHOP | Session: 0W/0L (0%) | PnL: $+0.00
[Confidence] Score=4/10 | extreme_edge,coinbase_weak
[Timing] Window 14 min old — skipping
[Cycle] No signal — YES=0.99 is between 0.32 and 0.68, sum=1.00 >= 0.97
[Ticker] KXBTC15M-26APR090830-30
[Market] YES=1.00 | NO=1.00 | Sum=2.00
==================================================
Balance: $116.56 | Regime: CHOP | Session: 0W/0L (0%) | PnL: $+0.00
[Confidence] Score=4/10 | extreme_edge,coinbase_weak
[Timing] Window 0 min old — skipping
[Cycle] No signal — YES=1.00 is between 0.32 and 0.68, sum=2.00 >= 0.97
[Ticker] KXBTC15M-26APR090845-45
[Market] YES=0.43 | NO=0.58 | Sum=1.01
==================================================
Balance: $116.56 | Regime: CHOP | Session: 0W/0L (0%) | PnL: $+0.00
[Cycle] No signal — YES=0.43 is between 0.32 and 0.68, sum=1.01 >= 0.97
[Ticker] KXBTC15M-26APR090845-45
[Market] YES=0.25 | NO=0.76 | Sum=1.01
==================================================
Balance: $116.56 | Regime: CHOP | Session: 0W/0L (0%) | PnL: $+0.00
[Confidence] Score=4/10 | moderate_edge,coinbase_weak,all3_agree
[Signal] DOWN candidate | yes=0.25 | waiting (1/2)
[Cycle] No signal — YES=0.25 is between 0.32 and 0.68, sum=1.01 >= 0.97
[Ticker] KXBTC15M-26APR090845-45
[Market] YES=0.38 | NO=0.63 | Sum=1.01
==================================================
Balance: $116.56 | Regime: CHOP | Session: 0W/0L (0%) | PnL: $+0.00
[Cycle] No signal — YES=0.38 is between 0.32 and 0.68, sum=1.01 >= 0.97
[Ticker] KXBTC15M-26APR090845-45
[Market] YES=0.32 | NO=0.69 | Sum=1.01
==================================================
Balance: $116.56 | Regime: CHOP | Session: 0W/0L (0%) | PnL: $+0.00
[Cycle] No signal — YES=0.32 is between 0.32 and 0.68, sum=1.01 >= 0.97
[Ticker] KXBTC15M-26APR090845-45
[Market] YES=0.37 | NO=0.64 | Sum=1.01
==================================================
Balance: $116.56 | Regime: CHOP | Session: 0W/0L (0%) | PnL: $+0.00
[Cycle] No signal — YES=0.37 is between 0.32 and 0.68, sum=1.01 >= 0.97
[Ticker] KXBTC15M-26APR090845-45
[Market] YES=0.46 | NO=0.56 | Sum=1.02
==================================================
Balance: $116.56 | Regime: CHOP | Session: 0W/0L (0%) | PnL: $+0.00
[Cycle] No signal — YES=0.46 is between 0.32 and 0.68, sum=1.02 >= 0.97
[Ticker] KXBTC15M-26APR090845-45
[Market] YES=0.24 | NO=0.77 | Sum=1.01
==================================================
Balance: $116.56 | Regime: CHOP | Session: 0W/0L (0%) | PnL: $+0.00
[Confidence] Score=4/10 | moderate_edge,coinbase_weak,all3_agree
[Timing] Window 7 min old — skipping
[Cycle] No signal — YES=0.24 is between 0.32 and 0.68, sum=1.01 >= 0.97
[Ticker] KXBTC15M-26APR090845-45
[Market] YES=0.17 | NO=0.85 | Sum=1.02
==================================================
Balance: $116.56 | Regime: CHOP | Session: 0W/0L (0%) | PnL: $+0.00
[Confidence] Score=3/10 | strong_edge,coinbase_weak
[Timing] Window 8 min old — skipping
[Cycle] No signal — YES=0.17 is between 0.32 and 0.68, sum=1.02 >= 0.97
[Ticker] KXBTC15M-26APR090845-45
[Market] YES=0.03 | NO=0.98 | Sum=1.01
==================================================
Balance: $116.56 | Regime: CHOP | Session: 0W/0L (0%) | PnL: $+0.00
[Confidence] Score=6/10 | extreme_edge,coinbase_weak,all3_agree
[Timing] Window 9 min old — skipping
[Cycle] No signal — YES=0.03 is between 0.32 and 0.68, sum=1.01 >= 0.97
[Ticker] KXBTC15M-26APR090845-45
[Market] YES=0.02 | NO=0.98 | Sum=1.00
==================================================
Balance: $116.56 | Regime: CHOP | Session: 0W/0L (0%) | PnL: $+0.00
[Confidence] Score=6/10 | extreme_edge,coinbase_weak,all3_agree
[Timing] Window 10 min old — skipping
[Cycle] No signal — YES=0.02 is between 0.32 and 0.68, sum=1.00 >= 0.97
[Ticker] KXBTC15M-26APR090845-45
[Market] YES=0.04 | NO=0.97 | Sum=1.01
==================================================
Balance: $116.56 | Regime: CHOP | Session: 0W/0L (0%) | PnL: $+0.00
[Confidence] Score=6/10 | extreme_edge,coinbase_weak,all3_agree
[Timing] Window 11 min old — skipping
[Cycle] No signal — YES=0.04 is between 0.32 and 0.68, sum=1.01 >= 0.97
[Ticker] KXBTC15M-26APR090845-45
[Market] YES=0.14 | NO=0.87 | Sum=1.01
==================================================
Balance: $116.56 | Regime: CHOP | Session: 0W/0L (0%) | PnL: $+0.00
[Confidence] Score=4/10 | strong_edge,coinbase_weak,2of3_agree
[Timing] Window 12 min old — skipping
[Cycle] No signal — YES=0.14 is between 0.32 and 0.68, sum=1.01 >= 0.97
[Ticker] KXBTC15M-26APR090845-45
[Market] YES=0.30 | NO=0.71 | Sum=1.01
==================================================
Balance: $116.56 | Regime: CHOP | Session: 0W/0L (0%) | PnL: $+0.00
[Confidence] Score=4/10 | moderate_edge,coinbase_weak,all3_agree
[Timing] Window 13 min old — skipping
[Cycle] No signal — YES=0.30 is between 0.32 and 0.68, sum=1.01 >= 0.97
[Ticker] KXBTC15M-26APR090845-45
[Market] YES=0.01 | NO=1.00 | Sum=1.01
==================================================
Balance: $116.56 | Regime: CHOP | Session: 0W/0L (0%) | PnL: $+0.00
[Confidence] Score=5/10 | extreme_edge,coinbase_weak,2of3_agree
[Timing] Window 14 min old — skipping
[Cycle] No signal — YES=0.01 is between 0.32 and 0.68, sum=1.01 >= 0.97
[Ticker] KXBTC15M-26APR090845-45
[Market] YES=1.00 | NO=1.00 | Sum=2.00
==================================================
Balance: $116.56 | Regime: CHOP | Session: 0W/0L (0%) | PnL: $+0.00
[Confidence] Score=3/10 | extreme_edge
[Timing] Window 0 min old — skipping
[Cycle] No signal — YES=1.00 is between 0.32 and 0.68, sum=2.00 >= 0.97
[Ticker] KXBTC15M-26APR090900-00
[Market] YES=0.51 | NO=0.51 | Sum=1.02
==================================================
Balance: $116.56 | Regime: CHOP | Session: 0W/0L (0%) | PnL: $+0.00
[Cycle] No signal — YES=0.51 is between 0.32 and 0.68, sum=1.02 >= 0.97
[Ticker] KXBTC15M-26APR090900-00
[Market] YES=0.30 | NO=0.71 | Sum=1.01
==================================================
Balance: $116.56 | Regime: CHOP | Session: 0W/0L (0%) | PnL: $+0.00
[Confidence] Score=4/10 | moderate_edge,coinbase_weak,all3_agree
[Signal] DOWN candidate | yes=0.30 | waiting (1/2)
[Cycle] No signal — YES=0.30 is between 0.32 and 0.68, sum=1.01 >= 0.97
[Ticker] KXBTC15M-26APR090900-00
[Market] YES=0.38 | NO=0.63 | Sum=1.01
==================================================
Balance: $116.56 | Regime: CHOP | Session: 0W/0L (0%) | PnL: $+0.00
[Cycle] No signal — YES=0.38 is between 0.32 and 0.68, sum=1.01 >= 0.97
[Ticker] KXBTC15M-26APR090900-00
[Market] YES=0.39 | NO=0.62 | Sum=1.01
==================================================
Balance: $116.56 | Regime: CHOP | Session: 0W/0L (0%) | PnL: $+0.00
[Cycle] No signal — YES=0.39 is between 0.32 and 0.68, sum=1.01 >= 0.97
[Ticker] KXBTC15M-26APR090900-00
[Market] YES=0.27 | NO=0.75 | Sum=1.02
==================================================
Balance: $116.56 | Regime: CHOP | Session: 0W/0L (0%) | PnL: $+0.00
[Confidence] Score=4/10 | moderate_edge,coinbase_weak,all3_agree
[Timing] Window 5 min old — skipping
[Cycle] No signal — YES=0.27 is between 0.32 and 0.68, sum=1.02 >= 0.97
[Ticker] KXBTC15M-26APR090900-00
[Market] YES=0.39 | NO=0.62 | Sum=1.01
==================================================
Balance: $116.56 | Regime: CHOP | Session: 0W/0L (0%) | PnL: $+0.00
[Cycle] No signal — YES=0.39 is between 0.32 and 0.68, sum=1.01 >= 0.97
[Ticker] KXBTC15M-26APR090900-00
[Market] YES=0.28 | NO=0.73 | Sum=1.01
==================================================
Balance: $116.56 | Regime: CHOP | Session: 0W/0L (0%) | PnL: $+0.00
[Confidence] Score=4/10 | moderate_edge,coinbase_weak,all3_agree
[Timing] Window 7 min old — skipping
[Cycle] No signal — YES=0.28 is between 0.32 and 0.68, sum=1.01 >= 0.97
[Ticker] KXBTC15M-26APR090900-00
[Market] YES=0.41 | NO=0.60 | Sum=1.01
==================================================
Balance: $116.56 | Regime: CHOP | Session: 0W/0L (0%) | PnL: $+0.00
[Cycle] No signal — YES=0.41 is between 0.32 and 0.68, sum=1.01 >= 0.97
[Ticker] KXBTC15M-26APR090900-00
[Market] YES=0.54 | NO=0.47 | Sum=1.01
==================================================
Balance: $116.56 | Regime: CHOP | Session: 0W/0L (0%) | PnL: $+0.00
[Cycle] No signal — YES=0.54 is between 0.32 and 0.68, sum=1.01 >= 0.97
[Ticker] KXBTC15M-26APR090900-00
[Market] YES=0.49 | NO=0.52 | Sum=1.01
==================================================
Balance: $116.56 | Regime: CHOP | Session: 0W/0L (0%) | PnL: $+0.00
[Cycle] No signal — YES=0.49 is between 0.32 and 0.68, sum=1.01 >= 0.97
[Ticker] KXBTC15M-26APR090900-00
[Market] YES=0.51 | NO=0.51 | Sum=1.02
==================================================
Balance: $116.56 | Regime: CHOP | Session: 0W/0L (0%) | PnL: $+0.00
[Cycle] No signal — YES=0.51 is between 0.32 and 0.68, sum=1.02 >= 0.97
[Ticker] KXBTC15M-26APR090900-00
[Market] YES=0.69 | NO=0.32 | Sum=1.01
==================================================
Balance: $116.56 | Regime: CHOP | Session: 0W/0L (0%) | PnL: $+0.00
[Signal] Edge 0.19 below minimum 0.2 — skipping
[Cycle] No signal — YES=0.69 is between 0.32 and 0.68, sum=1.01 >= 0.97
[Ticker] KXBTC15M-26APR090900-00
[Market] YES=0.98 | NO=0.02 | Sum=1.00
==================================================
Balance: $116.56 | Regime: CHOP | Session: 0W/0L (0%) | PnL: $+0.00
[Confidence] Score=4/10 | extreme_edge,coinbase_weak
[Timing] Window 13 min old — skipping
[Cycle] No signal — YES=0.98 is between 0.32 and 0.68, sum=1.00 >= 0.97
[Ticker] KXBTC15M-26APR090900-00
[Market] YES=1.00 | NO=0.00 | Sum=1.00
==================================================
Balance: $116.56 | Regime: CHOP | Session: 0W/0L (0%) | PnL: $+0.00
[Confidence] Score=4/10 | extreme_edge,coinbase_weak
[Timing] Window 14 min old — skipping
[Cycle] No signal — YES=1.00 is between 0.32 and 0.68, sum=1.00 >= 0.97
[Ticker] KXBTC15M-26APR090900-00
[Market] YES=1.00 | NO=1.00 | Sum=2.00
==================================================
Balance: $116.56 | Regime: CHOP | Session: 0W/0L (0%) | PnL: $+0.00
[Confidence] Score=4/10 | extreme_edge,coinbase_weak
[Timing] Window 0 min old — skipping
[Cycle] No signal — YES=1.00 is between 0.32 and 0.68, sum=2.00 >= 0.97
[Ticker] KXBTC15M-26APR090915-15
[Market] YES=0.39 | NO=0.62 | Sum=1.01
==================================================
Balance: $116.56 | Regime: CHOP | Session: 0W/0L (0%) | PnL: $+0.00
[Cycle] No signal — YES=0.39 is between 0.32 and 0.68, sum=1.01 >= 0.97
[Ticker] KXBTC15M-26APR090915-15
[Market] YES=0.37 | NO=0.64 | Sum=1.01
==================================================
Balance: $116.56 | Regime: CHOP | Session: 0W/0L (0%) | PnL: $+0.00
[Cycle] No signal — YES=0.37 is between 0.32 and 0.68, sum=1.01 >= 0.97
[Ticker] KXBTC15M-26APR090915-15
[Market] YES=0.24 | NO=0.77 | Sum=1.01
==================================================
Balance: $116.56 | Regime: CHOP | Session: 0W/0L (0%) | PnL: $+0.00
[Confidence] Score=4/10 | moderate_edge,coinbase_weak,all3_agree
[Signal] DOWN candidate | yes=0.24 | waiting (1/2)
[Cycle] No signal — YES=0.24 is between 0.32 and 0.68, sum=1.01 >= 0.97
[Ticker] KXBTC15M-26APR090915-15
[Market] YES=0.22 | NO=0.79 | Sum=1.01
==================================================
Balance: $116.56 | Regime: CHOP | Session: 0W/0L (0%) | PnL: $+0.00
[Confidence] Score=3/10 | moderate_edge,coinbase_weak,2of3_agree
[Coinbase] Confirms DOWN | $71192 gap=-86 (0.12%)
[Correlation] All 3 agree — bet boosted
[Signal] CONFIRMED DOWN | yes=0.22 | edge=0.28 | bet=$2.40
[Safety] Balance $116.56 below floor $120.00
🛑 OpenClaw BTC Bot v4.0 halted: Balance $116.56 below floor $120.00

==================================================
OpenClaw BTC Bot v4.0 — LIVE
[Startup] Live balance synced: $116.56
Balance: $116.56 | MaxBet: $4.08 | Threshold: <0.32 or >0.68
==================================================

[Startup] Resting orders cleared
[Ticker] KXBTC15M-26APR090915-15
[Market] YES=0.21 | NO=0.80 | Sum=1.01
==================================================
Balance: $116.56 | Regime: CHOP | Session: 0W/0L (0%) | PnL: $+0.00
[Confidence] Score=4/10 | moderate_edge,coinbase_weak,all3_agree
[Signal] DOWN candidate | yes=0.21 | waiting (1/2)
[Cycle] No signal — YES=0.21 is between 0.32 and 0.68, sum=1.01 >= 0.97
[Ticker] KXBTC15M-26APR090915-15
[Market] YES=0.18 | NO=0.83 | Sum=1.01
==================================================
Balance: $116.56 | Regime: CHOP | Session: 0W/0L (0%) | PnL: $+0.00
[Confidence] Score=5/10 | strong_edge,coinbase_weak,all3_agree
[Timing] Window 5 min old — skipping
[Cycle] No signal — YES=0.18 is between 0.32 and 0.68, sum=1.01 >= 0.97
[Ticker] KXBTC15M-26APR090915-15
[Market] YES=0.08 | NO=0.93 | Sum=1.01
==================================================
Balance: $116.56 | Regime: CHOP | Session: 0W/0L (0%) | PnL: $+0.00
[Confidence] Score=5/10 | strong_edge,coinbase_weak,all3_agree
[Timing] Window 6 min old — skipping
[Cycle] No signal — YES=0.08 is between 0.32 and 0.68, sum=1.01 >= 0.97
[Ticker] KXBTC15M-26APR090915-15
[Market] YES=0.08 | NO=0.92 | Sum=1.00
==================================================
Balance: $116.56 | Regime: CHOP | Session: 0W/0L (0%) | PnL: $+0.00
[Confidence] Score=4/10 | strong_edge,coinbase_weak,2of3_agree
[Timing] Window 7 min old — skipping
[Cycle] No signal — YES=0.08 is between 0.32 and 0.68, sum=1.00 >= 0.97
[Ticker] KXBTC15M-26APR090915-15
[Market] YES=0.06 | NO=0.94 | Sum=1.00
==================================================
Balance: $116.56 | Regime: CHOP | Session: 0W/0L (0%) | PnL: $+0.00
[Confidence] Score=4/10 | strong_edge,coinbase_weak,2of3_agree
[Timing] Window 8 min old — skipping
[Cycle] No signal — YES=0.06 is between 0.32 and 0.68, sum=1.00 >= 0.97
[Ticker] KXBTC15M-26APR090915-15
[Market] YES=0.06 | NO=0.95 | Sum=1.01
==================================================
Balance: $116.56 | Regime: CHOP | Session: 0W/0L (0%) | PnL: $+0.00
[Confidence] Score=5/10 | strong_edge,coinbase_weak,all3_agree
[Timing] Window 9 min old — skipping
[Cycle] No signal — YES=0.06 is between 0.32 and 0.68, sum=1.01 >= 0.97
[Ticker] KXBTC15M-26APR090915-15
[Market] YES=0.03 | NO=0.97 | Sum=1.01
==================================================
Balance: $116.56 | Regime: CHOP | Session: 0W/0L (0%) | PnL: $+0.00
[Confidence] Score=5/10 | extreme_edge,coinbase_weak,2of3_agree
[Timing] Window 10 min old — skipping
[Cycle] No signal — YES=0.03 is between 0.32 and 0.68, sum=1.01 >= 0.97
[Ticker] KXBTC15M-26APR090915-15
[Market] YES=0.01 | NO=0.99 | Sum=1.00
==================================================
Balance: $116.56 | Regime: CHOP | Session: 0W/0L (0%) | PnL: $+0.00
[Confidence] Score=5/10 | extreme_edge,coinbase_weak,2of3_agree
[Timing] Window 11 min old — skipping
[Cycle] No signal — YES=0.01 is between 0.32 and 0.68, sum=1.00 >= 0.97
[Ticker] KXBTC15M-26APR090915-15
[Market] YES=0.00 | NO=1.00 | Sum=1.00
==================================================
Balance: $116.56 | Regime: CHOP | Session: 0W/0L (0%) | PnL: $+0.00
[Confidence] Score=6/10 | extreme_edge,coinbase_weak,all3_agree
[Timing] Window 12 min old — skipping
[Cycle] No signal — YES=0.00 is between 0.32 and 0.68, sum=1.00 >= 0.97
[Ticker] KXBTC15M-26APR090915-15
[Market] YES=0.01 | NO=1.00 | Sum=1.00
==================================================
Balance: $116.56 | Regime: CHOP | Session: 0W/0L (0%) | PnL: $+0.00
[Confidence] Score=6/10 | extreme_edge,coinbase_weak,all3_agree
[Timing] Window 13 min old — skipping
[Cycle] No signal — YES=0.01 is between 0.32 and 0.68, sum=1.00 >= 0.97
[Ticker] KXBTC15M-26APR090915-15
[Market] YES=0.00 | NO=1.00 | Sum=1.00
==================================================
Balance: $116.56 | Regime: CHOP | Session: 0W/0L (0%) | PnL: $+0.00
[Confidence] Score=5/10 | extreme_edge,coinbase_weak,2of3_agree
[Timing] Window 14 min old — skipping
[Cycle] No signal — YES=0.00 is between 0.32 and 0.68, sum=1.00 >= 0.97
[Ticker] KXBTC15M-26APR090930-30
[Market] YES=0.56 | NO=0.46 | Sum=1.02
==================================================
Balance: $116.56 | Regime: CHOP | Session: 0W/0L (0%) | PnL: $+0.00
[Cycle] No signal — YES=0.56 is between 0.32 and 0.68, sum=1.02 >= 0.97
[Ticker] KXBTC15M-26APR090930-30
[Market] YES=0.56 | NO=0.46 | Sum=1.02
==================================================
Balance: $116.56 | Regime: CHOP | Session: 0W/0L (0%) | PnL: $+0.00
[Cycle] No signal — YES=0.56 is between 0.32 and 0.68, sum=1.02 >= 0.97
[Ticker] KXBTC15M-26APR090930-30
[Market] YES=0.56 | NO=0.45 | Sum=1.01
==================================================
Balance: $116.56 | Regime: CHOP | Session: 0W/0L (0%) | PnL: $+0.00
[Cycle] No signal — YES=0.56 is between 0.32 and 0.68, sum=1.01 >= 0.97
[Ticker] KXBTC15M-26APR090930-30
[Market] YES=0.60 | NO=0.41 | Sum=1.01
==================================================
Balance: $116.56 | Regime: CHOP | Session: 0W/0L (0%) | PnL: $+0.00
[Cycle] No signal — YES=0.60 is between 0.32 and 0.68, sum=1.01 >= 0.97
[Ticker] KXBTC15M-26APR090930-30
[Market] YES=0.58 | NO=0.44 | Sum=1.02
==================================================
Balance: $116.56 | Regime: CHOP | Session: 0W/0L (0%) | PnL: $+0.00
[Cycle] No signal — YES=0.58 is between 0.32 and 0.68, sum=1.02 >= 0.97
[Ticker] KXBTC15M-26APR090930-30
[Market] YES=0.58 | NO=0.44 | Sum=1.02
==================================================
Balance: $116.56 | Regime: CHOP | Session: 0W/0L (0%) | PnL: $+0.00
[Cycle] No signal — YES=0.58 is between 0.32 and 0.68, sum=1.02 >= 0.97
[Ticker] KXBTC15M-26APR090930-30
[Market] YES=0.57 | NO=0.44 | Sum=1.01
==================================================
Balance: $116.56 | Regime: CHOP | Session: 0W/0L (0%) | PnL: $+0.00
[Cycle] No signal — YES=0.57 is between 0.32 and 0.68, sum=1.01 >= 0.97
[Ticker] KXBTC15M-26APR090930-30
[Market] YES=0.44 | NO=0.57 | Sum=1.01
==================================================
Balance: $116.56 | Regime: CHOP | Session: 0W/0L (0%) | PnL: $+0.00
[Cycle] No signal — YES=0.44 is between 0.32 and 0.68, sum=1.01 >= 0.97
[Ticker] KXBTC15M-26APR090930-30
[Market] YES=0.35 | NO=0.66 | Sum=1.01
==================================================
Balance: $116.56 | Regime: CHOP | Session: 0W/0L (0%) | PnL: $+0.00
[Cycle] No signal — YES=0.35 is between 0.32 and 0.68, sum=1.01 >= 0.97
[Ticker] KXBTC15M-26APR090930-30
[Market] YES=0.34 | NO=0.67 | Sum=1.01
==================================================
Balance: $116.56 | Regime: CHOP | Session: 0W/0L (0%) | PnL: $+0.00
[Cycle] No signal — YES=0.34 is between 0.32 and 0.68, sum=1.01 >= 0.97
[Ticker] KXBTC15M-26APR090930-30
[Market] YES=0.54 | NO=0.48 | Sum=1.02
==================================================
Balance: $116.56 | Regime: CHOP | Session: 0W/0L (0%) | PnL: $+0.00
[Cycle] No signal — YES=0.54 is between 0.32 and 0.68, sum=1.02 >= 0.97
[Ticker] KXBTC15M-26APR090930-30
[Market] YES=0.68 | NO=0.33 | Sum=1.01
==================================================
Balance: $116.56 | Regime: CHOP | Session: 0W/0L (0%) | PnL: $+0.00
[Cycle] No signal — YES=0.68 is between 0.32 and 0.68, sum=1.01 >= 0.97
[Ticker] KXBTC15M-26APR090930-30
[Market] YES=0.50 | NO=0.51 | Sum=1.01
==================================================
Balance: $116.56 | Regime: CHOP | Session: 0W/0L (0%) | PnL: $+0.00
[Cycle] No signal — YES=0.50 is between 0.32 and 0.68, sum=1.01 >= 0.97
[Ticker] KXBTC15M-26APR090930-30
[Market] YES=0.87 | NO=0.15 | Sum=1.02
==================================================
Balance: $116.56 | Regime: CHOP | Session: 0W/0L (0%) | PnL: $+0.00
[Confidence] Score=3/10 | strong_edge,coinbase_weak
[Timing] Window 13 min old — skipping
[Cycle] No signal — YES=0.87 is between 0.32 and 0.68, sum=1.02 >= 0.97
[Ticker] KXBTC15M-26APR090930-30
[Market] YES=0.73 | NO=0.31 | Sum=1.04
==================================================
Balance: $116.56 | Regime: CHOP | Session: 0W/0L (0%) | PnL: $+0.00
[Confidence] Score=2/10 | moderate_edge,coinbase_weak
[Timing] Window 14 min old — skipping
[Cycle] No signal — YES=0.73 is between 0.32 and 0.68, sum=1.04 >= 0.97
[Ticker] KXBTC15M-26APR090945-45
[Market] YES=0.55 | NO=0.48 | Sum=1.03
==================================================
Balance: $116.56 | Regime: CHOP | Session: 0W/0L (0%) | PnL: $+0.00
[Cycle] No signal — YES=0.55 is between 0.32 and 0.68, sum=1.03 >= 0.97
[Ticker] KXBTC15M-26APR090945-45
[Market] YES=0.49 | NO=0.52 | Sum=1.01
==================================================
Balance: $116.56 | Regime: CHOP | Session: 0W/0L (0%) | PnL: $+0.00
[Cycle] No signal — YES=0.49 is between 0.32 and 0.68, sum=1.01 >= 0.97
[Ticker] KXBTC15M-26APR090945-45
[Market] YES=0.46 | NO=0.55 | Sum=1.01
==================================================
Balance: $116.56 | Regime: CHOP | Session: 0W/0L (0%) | PnL: $+0.00
[Cycle] No signal — YES=0.46 is between 0.32 and 0.68, sum=1.01 >= 0.97
[Ticker] KXBTC15M-26APR090945-45
[Market] YES=0.16 | NO=0.85 | Sum=1.01
==================================================
Balance: $116.56 | Regime: CHOP | Session: 0W/0L (0%) | PnL: $+0.00
[Confidence] Score=4/10 | strong_edge,coinbase_weak,2of3_agree
[Signal] DOWN candidate | yes=0.16 | waiting (1/2)
[Cycle] No signal — YES=0.16 is between 0.32 and 0.68, sum=1.01 >= 0.97
[Ticker] KXBTC15M-26APR090945-45
[Market] YES=0.40 | NO=0.61 | Sum=1.01
==================================================
Balance: $116.56 | Regime: CHOP | Session: 0W/0L (0%) | PnL: $+0.00
[Cycle] No signal — YES=0.40 is between 0.32 and 0.68, sum=1.01 >= 0.97
[Ticker] KXBTC15M-26APR090945-45
[Market] YES=0.23 | NO=0.79 | Sum=1.02
==================================================
Balance: $116.56 | Regime: CHOP | Session: 0W/0L (0%) | PnL: $+0.00
[Confidence] Score=4/10 | moderate_edge,coinbase_weak,all3_agree
[Timing] Window 5 min old — skipping
[Cycle] No signal — YES=0.23 is between 0.32 and 0.68, sum=1.02 >= 0.97
[Ticker] KXBTC15M-26APR090945-45
[Market] YES=0.24 | NO=0.77 | Sum=1.01
==================================================
Balance: $116.56 | Regime: CHOP | Session: 0W/0L (0%) | PnL: $+0.00
[Confidence] Score=4/10 | moderate_edge,coinbase_weak,all3_agree
[Timing] Window 6 min old — skipping
[Cycle] No signal — YES=0.24 is between 0.32 and 0.68, sum=1.01 >= 0.97
[Ticker] KXBTC15M-26APR090945-45
[Market] YES=0.44 | NO=0.58 | Sum=1.02
==================================================
Balance: $116.56 | Regime: CHOP | Session: 0W/0L (0%) | PnL: $+0.00
[Cycle] No signal — YES=0.44 is between 0.32 and 0.68, sum=1.02 >= 0.97
[Ticker] KXBTC15M-26APR090945-45
[Market] YES=0.24 | NO=0.77 | Sum=1.01
==================================================
Balance: $116.56 | Regime: CHOP | Session: 0W/0L (0%) | PnL: $+0.00
[Confidence] Score=4/10 | moderate_edge,coinbase_weak,all3_agree
[Timing] Window 8 min old — skipping
[Cycle] No signal — YES=0.24 is between 0.32 and 0.68, sum=1.01 >= 0.97
[Ticker] KXBTC15M-26APR090945-45
[Market] YES=0.10 | NO=0.91 | Sum=1.01
==================================================
Balance: $116.56 | Regime: CHOP | Session: 0W/0L (0%) | PnL: $+0.00
[Confidence] Score=5/10 | strong_edge,coinbase_weak,all3_agree
[Timing] Window 9 min old — skipping
[Cycle] No signal — YES=0.10 is between 0.32 and 0.68, sum=1.01 >= 0.97
[Ticker] KXBTC15M-26APR090945-45
[Market] YES=0.08 | NO=0.93 | Sum=1.01
==================================================
Balance: $116.56 | Regime: CHOP | Session: 0W/0L (0%) | PnL: $+0.00
[Confidence] Score=5/10 | strong_edge,coinbase_weak,all3_agree
[Timing] Window 10 min old — skipping
[Cycle] No signal — YES=0.08 is between 0.32 and 0.68, sum=1.01 >= 0.97
[Ticker] KXBTC15M-26APR090945-45
[Market] YES=0.02 | NO=0.98 | Sum=1.00
==================================================
Balance: $116.56 | Regime: CHOP | Session: 0W/0L (0%) | PnL: $+0.00
[Confidence] Score=6/10 | extreme_edge,coinbase_weak,all3_agree
[Timing] Window 11 min old — skipping
[Cycle] No signal — YES=0.02 is between 0.32 and 0.68, sum=1.00 >= 0.97
[Ticker] KXBTC15M-26APR090945-45
[Market] YES=0.01 | NO=1.00 | Sum=1.00
==================================================
Balance: $116.56 | Regime: CHOP | Session: 0W/0L (0%) | PnL: $+0.00
[Confidence] Score=6/10 | extreme_edge,coinbase_weak,all3_agree
[Timing] Window 12 min old — skipping
[Cycle] No signal — YES=0.01 is between 0.32 and 0.68, sum=1.00 >= 0.97
[Ticker] KXBTC15M-26APR090945-45
[Market] YES=0.01 | NO=1.00 | Sum=1.00
==================================================
Balance: $116.56 | Regime: CHOP | Session: 0W/0L (0%) | PnL: $+0.00
[Confidence] Score=5/10 | extreme_edge,coinbase_weak,2of3_agree
[Timing] Window 13 min old — skipping
[Cycle] No signal — YES=0.01 is between 0.32 and 0.68, sum=1.00 >= 0.97
[Ticker] KXBTC15M-26APR090945-45
[Market] YES=0.00 | NO=1.00 | Sum=1.00
==================================================
Balance: $116.56 | Regime: CHOP | Session: 0W/0L (0%) | PnL: $+0.00
[Confidence] Score=6/10 | extreme_edge,coinbase_weak,all3_agree
[Timing] Window 14 min old — skipping
[Cycle] No signal — YES=0.00 is between 0.32 and 0.68, sum=1.00 >= 0.97
[Ticker] KXBTC15M-26APR091000-00
[Market] YES=0.50 | NO=0.51 | Sum=1.01
==================================================
Balance: $116.56 | Regime: CHOP | Session: 0W/0L (0%) | PnL: $+0.00
[Cycle] No signal — YES=0.50 is between 0.32 and 0.68, sum=1.01 >= 0.97
[Ticker] KXBTC15M-26APR091000-00
[Market] YES=0.49 | NO=0.52 | Sum=1.01
==================================================
Balance: $116.56 | Regime: CHOP | Session: 0W/0L (0%) | PnL: $+0.00
[Cycle] No signal — YES=0.49 is between 0.32 and 0.68, sum=1.01 >= 0.97
[Ticker] KXBTC15M-26APR091000-00
[Market] YES=0.38 | NO=0.64 | Sum=1.02
==================================================
Balance: $116.56 | Regime: CHOP | Session: 0W/0L (0%) | PnL: $+0.00
[Cycle] No signal — YES=0.38 is between 0.32 and 0.68, sum=1.02 >= 0.97
[Ticker] KXBTC15M-26APR091000-00
[Market] YES=0.23 | NO=0.78 | Sum=1.01
==================================================
Balance: $116.56 | Regime: CHOP | Session: 0W/0L (0%) | PnL: $+0.00
[Confidence] Score=4/10 | moderate_edge,coinbase_weak,all3_agree
[Signal] DOWN candidate | yes=0.23 | waiting (1/2)
[Cycle] No signal — YES=0.23 is between 0.32 and 0.68, sum=1.01 >= 0.97
[Ticker] KXBTC15M-26APR091000-00
[Market] YES=0.34 | NO=0.67 | Sum=1.01
==================================================
Balance: $116.56 | Regime: CHOP | Session: 0W/0L (0%) | PnL: $+0.00
[Cycle] No signal — YES=0.34 is between 0.32 and 0.68, sum=1.01 >= 0.97
[Ticker] KXBTC15M-26APR091000-00
[Market] YES=0.33 | NO=0.68 | Sum=1.01
==================================================
Balance: $116.56 | Regime: CHOP | Session: 0W/0L (0%) | PnL: $+0.00
[Cycle] No signal — YES=0.33 is between 0.32 and 0.68, sum=1.01 >= 0.97
[Ticker] KXBTC15M-26APR091000-00
[Market] YES=0.19 | NO=0.83 | Sum=1.02
==================================================
Balance: $116.56 | Regime: CHOP | Session: 0W/0L (0%) | PnL: $+0.00
[Confidence] Score=4/10 | strong_edge,coinbase_weak,2of3_agree
[Timing] Window 6 min old — skipping
[Cycle] No signal — YES=0.19 is between 0.32 and 0.68, sum=1.02 >= 0.97
[Ticker] KXBTC15M-26APR091000-00
[Market] YES=0.19 | NO=0.82 | Sum=1.01
==================================================
Balance: $116.56 | Regime: CHOP | Session: 0W/0L (0%) | PnL: $+0.00
[Confidence] Score=4/10 | strong_edge,coinbase_weak,2of3_agree
[Timing] Window 7 min old — skipping
[Cycle] No signal — YES=0.19 is between 0.32 and 0.68, sum=1.01 >= 0.97
[Ticker] KXBTC15M-26APR091000-00
[Market] YES=0.15 | NO=0.87 | Sum=1.02
==================================================
Balance: $116.56 | Regime: CHOP | Session: 0W/0L (0%) | PnL: $+0.00
[Confidence] Score=5/10 | strong_edge,coinbase_weak,all3_agree
[Timing] Window 8 min old — skipping
[Cycle] No signal — YES=0.15 is between 0.32 and 0.68, sum=1.02 >= 0.97
[Ticker] KXBTC15M-26APR091000-00
[Market] YES=0.13 | NO=0.89 | Sum=1.02
==================================================
Balance: $116.56 | Regime: CHOP | Session: 0W/0L (0%) | PnL: $+0.00
[Confidence] Score=5/10 | strong_edge,coinbase_weak,all3_agree
[Timing] Window 9 min old — skipping
[Cycle] No signal — YES=0.13 is between 0.32 and 0.68, sum=1.02 >= 0.97
[Ticker] KXBTC15M-26APR091000-00
[Market] YES=0.04 | NO=0.96 | Sum=1.00
==================================================
Balance: $116.56 | Regime: CHOP | Session: 0W/0L (0%) | PnL: $+0.00
[Confidence] Score=6/10 | extreme_edge,coinbase_weak,all3_agree
[Timing] Window 10 min old — skipping
[Cycle] No signal — YES=0.04 is between 0.32 and 0.68, sum=1.00 >= 0.97
[Ticker] KXBTC15M-26APR091000-00
[Market] YES=0.01 | NO=0.99 | Sum=1.00
==================================================
Balance: $116.56 | Regime: CHOP | Session: 0W/0L (0%) | PnL: $+0.00
[Confidence] Score=6/10 | extreme_edge,coinbase_weak,all3_agree
[Timing] Window 11 min old — skipping
[Cycle] No signal — YES=0.01 is between 0.32 and 0.68, sum=1.00 >= 0.97
[Ticker] KXBTC15M-26APR091000-00
[Market] YES=0.02 | NO=0.99 | Sum=1.01
==================================================
Balance: $116.56 | Regime: CHOP | Session: 0W/0L (0%) | PnL: $+0.00
[Confidence] Score=5/10 | extreme_edge,coinbase_weak,2of3_agree
[Timing] Window 12 min old — skipping
[Cycle] No signal — YES=0.02 is between 0.32 and 0.68, sum=1.01 >= 0.97
[Ticker] KXBTC15M-26APR091000-00
[Market] YES=0.02 | NO=0.99 | Sum=1.01
==================================================
Balance: $116.56 | Regime: CHOP | Session: 0W/0L (0%) | PnL: $+0.00
[Confidence] Score=6/10 | extreme_edge,coinbase_weak,all3_agree
[Timing] Window 13 min old — skipping
[Cycle] No signal — YES=0.02 is between 0.32 and 0.68, sum=1.01 >= 0.97
[Ticker] KXBTC15M-26APR091000-00
[Market] YES=0.00 | NO=1.00 | Sum=1.00
==================================================
Balance: $116.56 | Regime: CHOP | Session: 0W/0L (0%) | PnL: $+0.00
[Confidence] Score=6/10 | extreme_edge,coinbase_weak,all3_agree
[Timing] Window 14 min old — skipping
[Cycle] No signal — YES=0.00 is between 0.32 and 0.68, sum=1.00 >= 0.97
[Ticker] KXBTC15M-26APR091000-00
[Market] YES=1.00 | NO=1.00 | Sum=2.00
==================================================
Balance: $116.56 | Regime: CHOP | Session: 0W/0L (0%) | PnL: $+0.00
[Confidence] Score=4/10 | extreme_edge,peak_hour
[Timing] Window 0 min old — skipping
[Cycle] No signal — YES=1.00 is between 0.32 and 0.68, sum=2.00 >= 0.97
[Ticker] KXBTC15M-26APR091015-15
[Market] YES=0.38 | NO=0.63 | Sum=1.01
==================================================
Balance: $116.56 | Regime: CHOP | Session: 0W/0L (0%) | PnL: $+0.00
[Cycle] No signal — YES=0.38 is between 0.32 and 0.68, sum=1.01 >= 0.97
[Ticker] KXBTC15M-26APR091015-15
[Market] YES=0.36 | NO=0.66 | Sum=1.02
==================================================
Balance: $116.56 | Regime: CHOP | Session: 0W/0L (0%) | PnL: $+0.00
[Cycle] No signal — YES=0.36 is between 0.32 and 0.68, sum=1.02 >= 0.97
[Ticker] KXBTC15M-26APR091015-15
[Market] YES=0.32 | NO=0.70 | Sum=1.02
==================================================
Balance: $116.56 | Regime: CHOP | Session: 0W/0L (0%) | PnL: $+0.00
[Cycle] No signal — YES=0.32 is between 0.32 and 0.68, sum=1.02 >= 0.97
[Ticker] KXBTC15M-26APR091015-15
[Market] YES=0.56 | NO=0.45 | Sum=1.01
==================================================
Balance: $116.56 | Regime: CHOP | Session: 0W/0L (0%) | PnL: $+0.00
[Cycle] No signal — YES=0.56 is between 0.32 and 0.68, sum=1.01 >= 0.97
[Ticker] KXBTC15M-26APR091015-15
[Market] YES=0.43 | NO=0.58 | Sum=1.01
==================================================
Balance: $116.56 | Regime: CHOP | Session: 0W/0L (0%) | PnL: $+0.00
[Cycle] No signal — YES=0.43 is between 0.32 and 0.68, sum=1.01 >= 0.97
[Ticker] KXBTC15M-26APR091015-15
[Market] YES=0.35 | NO=0.66 | Sum=1.01
==================================================
Balance: $116.56 | Regime: CHOP | Session: 0W/0L (0%) | PnL: $+0.00
[Cycle] No signal — YES=0.35 is between 0.32 and 0.68, sum=1.01 >= 0.97
[Ticker] KXBTC15M-26APR091015-15
[Market] YES=0.24 | NO=0.78 | Sum=1.02
==================================================
Balance: $116.56 | Regime: CHOP | Session: 0W/0L (0%) | PnL: $+0.00
[Confidence] Score=5/10 | moderate_edge,coinbase_weak,all3_agree,peak_hour
[Timing] Window 7 min old — skipping
[Cycle] No signal — YES=0.24 is between 0.32 and 0.68, sum=1.02 >= 0.97
[Ticker] KXBTC15M-26APR091015-15
[Market] YES=0.22 | NO=0.79 | Sum=1.01
==================================================
Balance: $116.56 | Regime: CHOP | Session: 0W/0L (0%) | PnL: $+0.00
[Confidence] Score=4/10 | moderate_edge,coinbase_weak,2of3_agree,peak_hour
[Timing] Window 8 min old — skipping
[Cycle] No signal — YES=0.22 is between 0.32 and 0.68, sum=1.01 >= 0.97
[Ticker] KXBTC15M-26APR091015-15
[Market] YES=0.28 | NO=0.73 | Sum=1.01
==================================================
Balance: $116.56 | Regime: CHOP | Session: 0W/0L (0%) | PnL: $+0.00
[Confidence] Score=5/10 | moderate_edge,coinbase_weak,all3_agree,peak_hour
[Timing] Window 9 min old — skipping
[Cycle] No signal — YES=0.28 is between 0.32 and 0.68, sum=1.01 >= 0.97
[Ticker] KXBTC15M-26APR091015-15
[Market] YES=0.10 | NO=0.90 | Sum=1.00
==================================================
Balance: $116.56 | Regime: CHOP | Session: 0W/0L (0%) | PnL: $+0.00
[Confidence] Score=5/10 | strong_edge,coinbase_weak,2of3_agree,peak_hour
[Timing] Window 10 min old — skipping
[Cycle] No signal — YES=0.10 is between 0.32 and 0.68, sum=1.00 >= 0.97
[Ticker] KXBTC15M-26APR091015-15
[Market] YES=0.04 | NO=0.97 | Sum=1.01
==================================================
Balance: $116.56 | Regime: CHOP | Session: 0W/0L (0%) | PnL: $+0.00
[Confidence] Score=7/10 | extreme_edge,coinbase_weak,all3_agree,peak_hour
[Timing] Window 11 min old — skipping
[Cycle] No signal — YES=0.04 is between 0.32 and 0.68, sum=1.01 >= 0.97
[Ticker] KXBTC15M-26APR091015-15
[Market] YES=0.35 | NO=0.69 | Sum=1.04
==================================================
Balance: $116.56 | Regime: CHOP | Session: 0W/0L (0%) | PnL: $+0.00
[Cycle] No signal — YES=0.35 is between 0.32 and 0.68, sum=1.04 >= 0.97
[Ticker] KXBTC15M-26APR091015-15
[Market] YES=0.65 | NO=0.38 | Sum=1.03
==================================================
Balance: $116.56 | Regime: CHOP | Session: 0W/0L (0%) | PnL: $+0.00
[Cycle] No signal — YES=0.65 is between 0.32 and 0.68, sum=1.03 >= 0.97
[Ticker] KXBTC15M-26APR091015-15
[Market] YES=0.05 | NO=0.97 | Sum=1.02
==================================================
Balance: $116.56 | Regime: CHOP | Session: 0W/0L (0%) | PnL: $+0.00
[Confidence] Score=7/10 | extreme_edge,coinbase_weak,all3_agree,peak_hour
[Timing] Window 14 min old — skipping
[Cycle] No signal — YES=0.05 is between 0.32 and 0.68, sum=1.02 >= 0.97
[Ticker] KXBTC15M-26APR091015-15
[Market] YES=1.00 | NO=1.00 | Sum=2.00
==================================================
Balance: $116.56 | Regime: CHOP | Session: 0W/0L (0%) | PnL: $+0.00
[Confidence] Score=4/10 | extreme_edge,peak_hour
[Timing] Window 0 min old — skipping
[Cycle] No signal — YES=1.00 is between 0.32 and 0.68, sum=2.00 >= 0.97
[Ticker] KXBTC15M-26APR091030-30
[Market] YES=0.45 | NO=0.56 | Sum=1.01
==================================================
Balance: $116.56 | Regime: CHOP | Session: 0W/0L (0%) | PnL: $+0.00
[Cycle] No signal — YES=0.45 is between 0.32 and 0.68, sum=1.01 >= 0.97
[Ticker] KXBTC15M-26APR091030-30
[Market] YES=0.38 | NO=0.63 | Sum=1.01
==================================================
Balance: $116.56 | Regime: CHOP | Session: 0W/0L (0%) | PnL: $+0.00
[Cycle] No signal — YES=0.38 is between 0.32 and 0.68, sum=1.01 >= 0.97
[Ticker] KXBTC15M-26APR091030-30
[Market] YES=0.28 | NO=0.74 | Sum=1.02
==================================================
Balance: $116.56 | Regime: CHOP | Session: 0W/0L (0%) | PnL: $+0.00
[Confidence] Score=5/10 | moderate_edge,coinbase_weak,all3_agree,peak_hour
[Signal] DOWN candidate | yes=0.28 | waiting (1/2)
[Cycle] No signal — YES=0.28 is between 0.32 and 0.68, sum=1.02 >= 0.97
[Ticker] KXBTC15M-26APR091030-30
[Market] YES=0.20 | NO=0.81 | Sum=1.01
==================================================
Balance: $116.56 | Regime: CHOP | Session: 0W/0L (0%) | PnL: $+0.00
[Confidence] Score=6/10 | strong_edge,coinbase_weak,all3_agree,peak_hour
[Coinbase] Confirms DOWN | $70622 gap=-159 (0.23%)
[Correlation] All 3 agree — bet boosted
[Signal] CONFIRMED DOWN | yes=0.20 | edge=0.30 | bet=$4.20
[Safety] Balance $116.56 below floor $120.00
🛑 OpenClaw BTC Bot v4.0 halted: Balance $116.56 below floor $120.00

==================================================
OpenClaw BTC Bot v4.0 — LIVE
[Startup] Live balance synced: $116.56
Balance: $116.56 | MaxBet: $11.66 | Threshold: <0.32 or >0.68
==================================================

[Startup] Resting orders cleared
[Ticker] KXBTC15M-26APR091030-30
[Market] YES=0.16 | NO=0.85 | Sum=1.01
==================================================
Balance: $116.56 | Regime: CHOP | Session: 0W/0L (0%) | PnL: $+0.00
[Confidence] Score=6/10 | strong_edge,coinbase_weak,all3_agree,peak_hour
[Signal] DOWN candidate | yes=0.16 | waiting (1/2)
[Cycle] No signal — YES=0.16 is between 0.32 and 0.68, sum=1.01 >= 0.97
[Ticker] KXBTC15M-26APR091030-30
[Market] YES=0.17 | NO=0.84 | Sum=1.01
==================================================
Balance: $116.56 | Regime: CHOP | Session: 0W/0L (0%) | PnL: $+0.00
[Confidence] Score=4/10 | strong_edge,coinbase_weak,peak_hour
[Timing] Window 5 min old — skipping
[Cycle] No signal — YES=0.17 is between 0.32 and 0.68, sum=1.01 >= 0.97
[Ticker] KXBTC15M-26APR091030-30
[Market] YES=0.24 | NO=0.77 | Sum=1.01
==================================================
Balance: $116.56 | Regime: CHOP | Session: 0W/0L (0%) | PnL: $+0.00
[Confidence] Score=5/10 | moderate_edge,coinbase_weak,all3_agree,peak_hour
[Timing] Window 6 min old — skipping
[Cycle] No signal — YES=0.24 is between 0.32 and 0.68, sum=1.01 >= 0.97
[Ticker] KXBTC15M-26APR091030-30
[Market] YES=0.20 | NO=0.81 | Sum=1.01
==================================================
Balance: $116.56 | Regime: CHOP | Session: 0W/0L (0%) | PnL: $+0.00
[Confidence] Score=5/10 | strong_edge,coinbase_weak,2of3_agree,peak_hour
[Timing] Window 7 min old — skipping
[Cycle] No signal — YES=0.20 is between 0.32 and 0.68, sum=1.01 >= 0.97
[Ticker] KXBTC15M-26APR091030-30
[Market] YES=0.17 | NO=0.84 | Sum=1.01
==================================================
Balance: $116.56 | Regime: CHOP | Session: 0W/0L (0%) | PnL: $+0.00
[Confidence] Score=5/10 | strong_edge,coinbase_weak,2of3_agree,peak_hour
[Timing] Window 8 min old — skipping
[Cycle] No signal — YES=0.17 is between 0.32 and 0.68, sum=1.01 >= 0.97
[Ticker] KXBTC15M-26APR091030-30
[Market] YES=0.18 | NO=0.83 | Sum=1.01
==================================================
Balance: $116.56 | Regime: CHOP | Session: 0W/0L (0%) | PnL: $+0.00
[Confidence] Score=5/10 | strong_edge,coinbase_weak,2of3_agree,peak_hour
[Timing] Window 9 min old — skipping
[Cycle] No signal — YES=0.18 is between 0.32 and 0.68, sum=1.01 >= 0.97
[Ticker] KXBTC15M-26APR091030-30
[Market] YES=0.13 | NO=0.88 | Sum=1.01
==================================================
Balance: $116.56 | Regime: CHOP | Session: 0W/0L (0%) | PnL: $+0.00
[Confidence] Score=5/10 | strong_edge,coinbase_weak,2of3_agree,peak_hour
[Timing] Window 10 min old — skipping
[Cycle] No signal — YES=0.13 is between 0.32 and 0.68, sum=1.01 >= 0.97
[Ticker] KXBTC15M-26APR091030-30
[Market] YES=0.14 | NO=0.89 | Sum=1.03
==================================================
Balance: $116.56 | Regime: CHOP | Session: 0W/0L (0%) | PnL: $+0.00
[Confidence] Score=6/10 | strong_edge,coinbase_weak,all3_agree,peak_hour
[Timing] Window 11 min old — skipping
[Cycle] No signal — YES=0.14 is between 0.32 and 0.68, sum=1.03 >= 0.97
[Ticker] KXBTC15M-26APR091030-30
[Market] YES=0.01 | NO=1.00 | Sum=1.00
==================================================
Balance: $116.56 | Regime: CHOP | Session: 0W/0L (0%) | PnL: $+0.00
[Confidence] Score=6/10 | extreme_edge,coinbase_weak,2of3_agree,peak_hour
[Timing] Window 12 min old — skipping
[Cycle] No signal — YES=0.01 is between 0.32 and 0.68, sum=1.00 >= 0.97
[Ticker] KXBTC15M-26APR091030-30
[Market] YES=0.00 | NO=1.00 | Sum=1.00
==================================================
Balance: $116.56 | Regime: CHOP | Session: 0W/0L (0%) | PnL: $+0.00
[Confidence] Score=6/10 | extreme_edge,coinbase_weak,2of3_agree,peak_hour
[Timing] Window 13 min old — skipping
[Cycle] No signal — YES=0.00 is between 0.32 and 0.68, sum=1.00 >= 0.97
[Ticker] KXBTC15M-26APR091030-30
[Market] YES=0.00 | NO=1.00 | Sum=1.00
==================================================
Balance: $116.56 | Regime: CHOP | Session: 0W/0L (0%) | PnL: $+0.00
[Confidence] Score=7/10 | extreme_edge,coinbase_weak,all3_agree,peak_hour
[Timing] Window 14 min old — skipping
[Cycle] No signal — YES=0.00 is between 0.32 and 0.68, sum=1.00 >= 0.97
[Ticker] KXBTC15M-26APR091030-30
[Market] YES=1.00 | NO=1.00 | Sum=2.00
==================================================
Balance: $116.56 | Regime: CHOP | Session: 0W/0L (0%) | PnL: $+0.00
[Confidence] Score=4/10 | extreme_edge,peak_hour
[Timing] Window 0 min old — skipping
[Cycle] No signal — YES=1.00 is between 0.32 and 0.68, sum=2.00 >= 0.97
[Ticker] KXBTC15M-26APR091045-45
[Market] YES=0.56 | NO=0.45 | Sum=1.01
==================================================
Balance: $116.56 | Regime: CHOP | Session: 0W/0L (0%) | PnL: $+0.00
[Cycle] No signal — YES=0.56 is between 0.32 and 0.68, sum=1.01 >= 0.97
[Ticker] KXBTC15M-26APR091045-45
[Market] YES=0.59 | NO=0.42 | Sum=1.01
==================================================
Balance: $116.56 | Regime: CHOP | Session: 0W/0L (0%) | PnL: $+0.00
[Cycle] No signal — YES=0.59 is between 0.32 and 0.68, sum=1.01 >= 0.97
[Ticker] KXBTC15M-26APR091045-45
[Market] YES=0.66 | NO=0.35 | Sum=1.01
==================================================
Balance: $116.56 | Regime: CHOP | Session: 0W/0L (0%) | PnL: $+0.00
[Cycle] No signal — YES=0.66 is between 0.32 and 0.68, sum=1.01 >= 0.97
[Ticker] KXBTC15M-26APR091045-45
[Market] YES=0.63 | NO=0.40 | Sum=1.03
==================================================
Balance: $116.56 | Regime: CHOP | Session: 0W/0L (0%) | PnL: $+0.00
[Cycle] No signal — YES=0.63 is between 0.32 and 0.68, sum=1.03 >= 0.97
[Ticker] KXBTC15M-26APR091045-45
[Market] YES=0.71 | NO=0.32 | Sum=1.03
==================================================
Balance: $116.56 | Regime: CHOP | Session: 0W/0L (0%) | PnL: $+0.00
[Confidence] Score=3/10 | moderate_edge,coinbase_weak,peak_hour
[Timing] Window 5 min old — skipping
[Cycle] No signal — YES=0.71 is between 0.32 and 0.68, sum=1.03 >= 0.97
[Ticker] KXBTC15M-26APR091045-45
[Market] YES=0.76 | NO=0.25 | Sum=1.01
==================================================
Balance: $116.56 | Regime: CHOP | Session: 0W/0L (0%) | PnL: $+0.00
[Confidence] Score=3/10 | moderate_edge,coinbase_weak,peak_hour
[Timing] Window 6 min old — skipping
[Cycle] No signal — YES=0.76 is between 0.32 and 0.68, sum=1.01 >= 0.97
[Ticker] KXBTC15M-26APR091045-45
[Market] YES=0.74 | NO=0.27 | Sum=1.01
==================================================
Balance: $116.56 | Regime: CHOP | Session: 0W/0L (0%) | PnL: $+0.00
[Confidence] Score=3/10 | moderate_edge,coinbase_weak,peak_hour
[Timing] Window 7 min old — skipping
[Cycle] No signal — YES=0.74 is between 0.32 and 0.68, sum=1.01 >= 0.97
[Ticker] KXBTC15M-26APR091045-45
[Market] YES=0.95 | NO=0.05 | Sum=1.00
==================================================
Balance: $116.56 | Regime: CHOP | Session: 0W/0L (0%) | PnL: $+0.00
[Confidence] Score=5/10 | extreme_edge,coinbase_weak,peak_hour
[Timing] Window 8 min old — skipping
[Cycle] No signal — YES=0.95 is between 0.32 and 0.68, sum=1.00 >= 0.97
[Ticker] KXBTC15M-26APR091045-45
[Market] YES=0.97 | NO=0.03 | Sum=1.00
==================================================
Balance: $116.56 | Regime: CHOP | Session: 0W/0L (0%) | PnL: $+0.00
[Confidence] Score=5/10 | extreme_edge,coinbase_weak,peak_hour
[Timing] Window 9 min old — skipping
[Cycle] No signal — YES=0.97 is between 0.32 and 0.68, sum=1.00 >= 0.97
[Ticker] KXBTC15M-26APR091045-45
[Market] YES=0.99 | NO=0.01 | Sum=1.00
==================================================
Balance: $116.56 | Regime: CHOP | Session: 0W/0L (0%) | PnL: $+0.00
[Confidence] Score=5/10 | extreme_edge,coinbase_weak,peak_hour
[Timing] Window 10 min old — skipping
[Cycle] No signal — YES=0.99 is between 0.32 and 0.68, sum=1.00 >= 0.97
[Ticker] KXBTC15M-26APR091045-45
[Market] YES=1.00 | NO=0.01 | Sum=1.00
==================================================
Balance: $116.56 | Regime: CHOP | Session: 0W/0L (0%) | PnL: $+0.00
[Confidence] Score=6/10 | extreme_edge,coinbase_weak,2of3_agree,peak_hour
[Timing] Window 11 min old — skipping
[Cycle] No signal — YES=1.00 is between 0.32 and 0.68, sum=1.00 >= 0.97
[Ticker] KXBTC15M-26APR091045-45
[Market] YES=1.00 | NO=0.00 | Sum=1.00
==================================================
Balance: $116.56 | Regime: CHOP | Session: 0W/0L (0%) | PnL: $+0.00
[Confidence] Score=5/10 | extreme_edge,coinbase_weak,peak_hour
[Timing] Window 12 min old — skipping
[Cycle] No signal — YES=1.00 is between 0.32 and 0.68, sum=1.00 >= 0.97
[Ticker] KXBTC15M-26APR091045-45
[Market] YES=1.00 | NO=0.00 | Sum=1.00
==================================================
Balance: $116.56 | Regime: CHOP | Session: 0W/0L (0%) | PnL: $+0.00
[Confidence] Score=5/10 | extreme_edge,coinbase_weak,peak_hour
[Timing] Window 13 min old — skipping
[Cycle] No signal — YES=1.00 is between 0.32 and 0.68, sum=1.00 >= 0.97
[Ticker] KXBTC15M-26APR091045-45
[Market] YES=1.00 | NO=0.00 | Sum=1.00
==================================================
Balance: $116.56 | Regime: CHOP | Session: 0W/0L (0%) | PnL: $+0.00
[Confidence] Score=5/10 | extreme_edge,coinbase_weak,peak_hour
[Timing] Window 14 min old — skipping
[Cycle] No signal — YES=1.00 is between 0.32 and 0.68, sum=1.00 >= 0.97
[Ticker] KXBTC15M-26APR091100-00
[Market] YES=0.58 | NO=0.43 | Sum=1.01
==================================================
Balance: $116.56 | Regime: CHOP | Session: 0W/0L (0%) | PnL: $+0.00
[Cycle] No signal — YES=0.58 is between 0.32 and 0.68, sum=1.01 >= 0.97
[Ticker] KXBTC15M-26APR091100-00
[Market] YES=0.75 | NO=0.26 | Sum=1.01
==================================================
Balance: $116.56 | Regime: CHOP | Session: 0W/0L (0%) | PnL: $+0.00
[Confidence] Score=3/10 | moderate_edge,coinbase_weak,peak_hour
[Signal] UP candidate | yes=0.75 | waiting (1/2)
[Cycle] No signal — YES=0.75 is between 0.32 and 0.68, sum=1.01 >= 0.97
[Ticker] KXBTC15M-26APR091100-00
[Market] YES=0.76 | NO=0.25 | Sum=1.01
==================================================
Balance: $116.56 | Regime: CHOP | Session: 0W/0L (0%) | PnL: $+0.00
[Confidence] Score=3/10 | moderate_edge,coinbase_weak,peak_hour
[Coinbase] Confirms UP | $70998 gap=+115 (0.16%)
[Correlation] 2/3 agree UP
[Signal] CONFIRMED UP | yes=0.76 | edge=0.26 | bet=$3.03
[Safety] Balance $116.56 below floor $120.00
🛑 OpenClaw BTC Bot v4.0 halted: Balance $116.56 below floor $120.00

==================================================
OpenClaw BTC Bot v4.0 — LIVE
[Startup] Live balance synced: $116.56
Balance: $116.56 | MaxBet: $11.66 | Threshold: <0.32 or >0.68
==================================================

[Startup] Resting orders cleared
[Ticker] KXBTC15M-26APR091100-00
[Market] YES=0.78 | NO=0.24 | Sum=1.02
==================================================
Balance: $116.56 | Regime: CHOP | Session: 0W/0L (0%) | PnL: $+0.00
[Confidence] Score=3/10 | moderate_edge,coinbase_weak,peak_hour
[Signal] UP candidate | yes=0.78 | waiting (1/2)
[Cycle] No signal — YES=0.78 is between 0.32 and 0.68, sum=1.02 >= 0.97
[Ticker] KXBTC15M-26APR091100-00
[Market] YES=0.83 | NO=0.18 | Sum=1.01
==================================================
Balance: $116.56 | Regime: CHOP | Session: 0W/0L (0%) | PnL: $+0.00
[Confidence] Score=4/10 | strong_edge,coinbase_weak,peak_hour
[Coinbase] Confirms UP | $71018 gap=+135 (0.19%)
[Correlation] Markets diverging — bet trimmed
[Signal] CONFIRMED UP | yes=0.83 | edge=0.33 | bet=$3.47
[CorrGuard] 2 bots already fired — skipping to avoid correlated loss
[Cycle] No signal — YES=0.83 is between 0.32 and 0.68, sum=1.01 >= 0.97
[Ticker] KXBTC15M-26APR091100-00
[Market] YES=0.85 | NO=0.17 | Sum=1.02
==================================================
Balance: $116.56 | Regime: CHOP | Session: 0W/0L (0%) | PnL: $+0.00
[Confidence] Score=4/10 | strong_edge,coinbase_weak,peak_hour
[Coinbase] Confirms UP | $71031 gap=+147 (0.21%)
[Correlation] 2/3 agree UP
[Signal] CONFIRMED UP | yes=0.85 | edge=0.35 | bet=$4.08
[CorrGuard] 2 bots already fired — skipping to avoid correlated loss
[Cycle] No signal — YES=0.85 is between 0.32 and 0.68, sum=1.02 >= 0.97
[Ticker] KXBTC15M-26APR091100-00
[Market] YES=0.98 | NO=0.03 | Sum=1.01
==================================================
Balance: $116.56 | Regime: BULL | Session: 0W/0L (0%) | PnL: $+0.00
[Confidence] Score=5/10 | extreme_edge,coinbase_weak,peak_hour
[Timing] Window 5 min old — skipping
[Cycle] No signal — YES=0.98 is between 0.32 and 0.68, sum=1.01 >= 0.97
[Ticker] KXBTC15M-26APR091100-00
[Market] YES=0.97 | NO=0.03 | Sum=1.00
==================================================
Balance: $116.56 | Regime: CHOP | Session: 0W/0L (0%) | PnL: $+0.00
[Confidence] Score=5/10 | extreme_edge,coinbase_weak,peak_hour
[Timing] Window 6 min old — skipping
[Cycle] No signal — YES=0.97 is between 0.32 and 0.68, sum=1.00 >= 0.97
[Ticker] KXBTC15M-26APR091100-00
[Market] YES=0.95 | NO=0.06 | Sum=1.01
==================================================
Balance: $116.56 | Regime: CHOP | Session: 0W/0L (0%) | PnL: $+0.00
[Confidence] Score=4/10 | strong_edge,coinbase_weak,peak_hour
[Timing] Window 7 min old — skipping
[Cycle] No signal — YES=0.95 is between 0.32 and 0.68, sum=1.01 >= 0.97
[Ticker] KXBTC15M-26APR091100-00
[Market] YES=0.99 | NO=0.02 | Sum=1.01
==================================================
Balance: $116.56 | Regime: CHOP | Session: 0W/0L (0%) | PnL: $+0.00
[Confidence] Score=5/10 | extreme_edge,coinbase_weak,peak_hour
[Timing] Window 8 min old — skipping
[Cycle] No signal — YES=0.99 is between 0.32 and 0.68, sum=1.01 >= 0.97
[Ticker] KXBTC15M-26APR091100-00
[Market] YES=1.00 | NO=0.01 | Sum=1.00
==================================================
Balance: $116.56 | Regime: CHOP | Session: 0W/0L (0%) | PnL: $+0.00
[Confidence] Score=5/10 | extreme_edge,coinbase_weak,peak_hour
[Timing] Window 9 min old — skipping
[Cycle] No signal — YES=1.00 is between 0.32 and 0.68, sum=1.00 >= 0.97
[Ticker] KXBTC15M-26APR091100-00
[Market] YES=1.00 | NO=0.01 | Sum=1.00
==================================================
Balance: $116.56 | Regime: CHOP | Session: 0W/0L (0%) | PnL: $+0.00
[Confidence] Score=5/10 | extreme_edge,coinbase_weak,peak_hour
[Timing] Window 10 min old — skipping
[Cycle] No signal — YES=1.00 is between 0.32 and 0.68, sum=1.00 >= 0.97
[Ticker] KXBTC15M-26APR091100-00
[Market] YES=1.00 | NO=0.01 | Sum=1.01
==================================================
Balance: $116.56 | Regime: CHOP | Session: 0W/0L (0%) | PnL: $+0.00
[Confidence] Score=5/10 | extreme_edge,coinbase_weak,peak_hour
[Timing] Window 11 min old — skipping
[Cycle] No signal — YES=1.00 is between 0.32 and 0.68, sum=1.01 >= 0.97
[Ticker] KXBTC15M-26APR091100-00
[Market] YES=1.00 | NO=0.01 | Sum=1.00
==================================================
Balance: $116.56 | Regime: CHOP | Session: 0W/0L (0%) | PnL: $+0.00
[Confidence] Score=5/10 | extreme_edge,coinbase_weak,peak_hour
[Timing] Window 12 min old — skipping
[Cycle] No signal — YES=1.00 is between 0.32 and 0.68, sum=1.00 >= 0.97
[Ticker] KXBTC15M-26APR091100-00
[Market] YES=1.00 | NO=0.00 | Sum=1.00
==================================================
Balance: $116.56 | Regime: CHOP | Session: 0W/0L (0%) | PnL: $+0.00
[Confidence] Score=5/10 | extreme_edge,coinbase_weak,peak_hour
[Timing] Window 13 min old — skipping
[Cycle] No signal — YES=1.00 is between 0.32 and 0.68, sum=1.00 >= 0.97
[Ticker] KXBTC15M-26APR091100-00
[Market] YES=1.00 | NO=0.00 | Sum=1.00
==================================================
Balance: $116.56 | Regime: CHOP | Session: 0W/0L (0%) | PnL: $+0.00
[Confidence] Score=5/10 | extreme_edge,coinbase_weak,peak_hour
[Timing] Window 14 min old — skipping
[Cycle] No signal — YES=1.00 is between 0.32 and 0.68, sum=1.00 >= 0.97
[Ticker] KXBTC15M-26APR091115-15
[Market] YES=0.49 | NO=0.52 | Sum=1.01
==================================================
Balance: $116.56 | Regime: CHOP | Session: 0W/0L (0%) | PnL: $+0.00
[Cycle] No signal — YES=0.49 is between 0.32 and 0.68, sum=1.01 >= 0.97
[Ticker] KXBTC15M-26APR091115-15
[Market] YES=0.35 | NO=0.66 | Sum=1.01
==================================================
Balance: $116.56 | Regime: CHOP | Session: 0W/0L (0%) | PnL: $+0.00
[Cycle] No signal — YES=0.35 is between 0.32 and 0.68, sum=1.01 >= 0.97
[Ticker] KXBTC15M-26APR091115-15
[Market] YES=0.33 | NO=0.68 | Sum=1.01
==================================================
Balance: $116.56 | Regime: CHOP | Session: 0W/0L (0%) | PnL: $+0.00
[Cycle] No signal — YES=0.33 is between 0.32 and 0.68, sum=1.01 >= 0.97
[Ticker] KXBTC15M-26APR091115-15
[Market] YES=0.34 | NO=0.69 | Sum=1.03
==================================================
Balance: $116.56 | Regime: CHOP | Session: 0W/0L (0%) | PnL: $+0.00
[Cycle] No signal — YES=0.34 is between 0.32 and 0.68, sum=1.03 >= 0.97
[Ticker] KXBTC15M-26APR091115-15
[Market] YES=0.23 | NO=0.79 | Sum=1.02
==================================================
Balance: $116.56 | Regime: CHOP | Session: 0W/0L (0%) | PnL: $+0.00
[Confidence] Score=5/10 | moderate_edge,coinbase_weak,all3_agree,peak_hour
[Signal] DOWN candidate | yes=0.23 | waiting (1/2)
[Cycle] No signal — YES=0.23 is between 0.32 and 0.68, sum=1.02 >= 0.97
[Ticker] KXBTC15M-26APR091115-15
[Market] YES=0.23 | NO=0.80 | Sum=1.03
==================================================
Balance: $116.56 | Regime: CHOP | Session: 0W/0L (0%) | PnL: $+0.00
[Confidence] Score=5/10 | moderate_edge,coinbase_weak,all3_agree,peak_hour
[Timing] Window 5 min old — skipping
[Cycle] No signal — YES=0.23 is between 0.32 and 0.68, sum=1.03 >= 0.97
[Ticker] KXBTC15M-26APR091115-15
[Market] YES=0.24 | NO=0.77 | Sum=1.01
==================================================
Balance: $116.56 | Regime: CHOP | Session: 0W/0L (0%) | PnL: $+0.00
[Confidence] Score=5/10 | moderate_edge,coinbase_weak,all3_agree,peak_hour
[Timing] Window 6 min old — skipping
[Cycle] No signal — YES=0.24 is between 0.32 and 0.68, sum=1.01 >= 0.97

==================================================
OpenClaw BTC Bot v4.0 — LIVE
[Startup] Live balance synced: $116.56
Balance: $116.56 | MaxBet: $11.66 | Threshold: <0.32 or >0.68
==================================================

[Startup] Resting orders cleared
[Ticker] KXBTC15M-26APR091115-15
[Market] YES=0.11 | NO=0.90 | Sum=1.01
==================================================
Balance: $116.56 | Regime: CHOP | Session: 0W/0L (0%) | PnL: $+0.00
[Confidence] Score=6/10 | strong_edge,coinbase_weak,all3_agree,peak_hour
[Timing] Window 7 min old — skipping
[Cycle] No signal — YES=0.11 is between 0.32 and 0.68, sum=1.01 >= 0.97
[Ticker] KXBTC15M-26APR091115-15
[Market] YES=0.07 | NO=0.93 | Sum=1.00
==================================================
Balance: $116.56 | Regime: CHOP | Session: 0W/0L (0%) | PnL: $+0.00
[Confidence] Score=6/10 | strong_edge,coinbase_weak,all3_agree,peak_hour
[Timing] Window 8 min old — skipping
[Cycle] No signal — YES=0.07 is between 0.32 and 0.68, sum=1.00 >= 0.97
[Ticker] KXBTC15M-26APR091115-15
[Market] YES=0.04 | NO=0.97 | Sum=1.01
==================================================
Balance: $116.56 | Regime: CHOP | Session: 0W/0L (0%) | PnL: $+0.00
[Confidence] Score=6/10 | extreme_edge,coinbase_weak,2of3_agree,peak_hour
[Timing] Window 9 min old — skipping
[Cycle] No signal — YES=0.04 is between 0.32 and 0.68, sum=1.01 >= 0.97
[Ticker] KXBTC15M-26APR091115-15
[Market] YES=0.05 | NO=0.95 | Sum=1.00
==================================================
Balance: $116.56 | Regime: CHOP | Session: 0W/0L (0%) | PnL: $+0.00
[Confidence] Score=7/10 | extreme_edge,coinbase_weak,all3_agree,peak_hour
[Timing] Window 10 min old — skipping
[Cycle] No signal — YES=0.05 is between 0.32 and 0.68, sum=1.00 >= 0.97
[Ticker] KXBTC15M-26APR091115-15
[Market] YES=0.02 | NO=0.98 | Sum=1.00
==================================================
Balance: $116.56 | Regime: CHOP | Session: 0W/0L (0%) | PnL: $+0.00
[Confidence] Score=6/10 | extreme_edge,coinbase_weak,2of3_agree,peak_hour
[Timing] Window 11 min old — skipping
[Cycle] No signal — YES=0.02 is between 0.32 and 0.68, sum=1.00 >= 0.97
[Ticker] KXBTC15M-26APR091115-15
[Market] YES=0.22 | NO=0.79 | Sum=1.01
==================================================
Balance: $116.56 | Regime: CHOP | Session: 0W/0L (0%) | PnL: $+0.00
[Confidence] Score=4/10 | moderate_edge,coinbase_weak,2of3_agree,peak_hour
[Timing] Window 12 min old — skipping
[Cycle] No signal — YES=0.22 is between 0.32 and 0.68, sum=1.01 >= 0.97
[Ticker] KXBTC15M-26APR091115-15
[Market] YES=0.94 | NO=0.09 | Sum=1.03
==================================================
Balance: $116.56 | Regime: CHOP | Session: 0W/0L (0%) | PnL: $+0.00
[Confidence] Score=5/10 | strong_edge,coinbase_weak,2of3_agree,peak_hour
[Timing] Window 13 min old — skipping
[Cycle] No signal — YES=0.94 is between 0.32 and 0.68, sum=1.03 >= 0.97
[Ticker] KXBTC15M-26APR091115-15
[Market] YES=1.00 | NO=0.00 | Sum=1.00
==================================================
Balance: $116.56 | Regime: CHOP | Session: 0W/0L (0%) | PnL: $+0.00
[Confidence] Score=5/10 | extreme_edge,coinbase_weak,peak_hour
[Timing] Window 14 min old — skipping
[Cycle] No signal — YES=1.00 is between 0.32 and 0.68, sum=1.00 >= 0.97
[Ticker] KXBTC15M-26APR091130-30
[Market] YES=0.68 | NO=0.33 | Sum=1.01
==================================================
Balance: $116.56 | Regime: CHOP | Session: 0W/0L (0%) | PnL: $+0.00
[Cycle] No signal — YES=0.68 is between 0.32 and 0.68, sum=1.01 >= 0.97
[Ticker] KXBTC15M-26APR091130-30
[Market] YES=0.65 | NO=0.36 | Sum=1.01
==================================================
Balance: $116.56 | Regime: CHOP | Session: 0W/0L (0%) | PnL: $+0.00
[Cycle] No signal — YES=0.65 is between 0.32 and 0.68, sum=1.01 >= 0.97
[Ticker] KXBTC15M-26APR091130-30
[Market] YES=0.61 | NO=0.41 | Sum=1.02
==================================================
Balance: $116.56 | Regime: CHOP | Session: 0W/0L (0%) | PnL: $+0.00
[Cycle] No signal — YES=0.61 is between 0.32 and 0.68, sum=1.02 >= 0.97
[Ticker] KXBTC15M-26APR091130-30
[Market] YES=0.62 | NO=0.40 | Sum=1.02
==================================================
Balance: $116.56 | Regime: CHOP | Session: 0W/0L (0%) | PnL: $+0.00
[Cycle] No signal — YES=0.62 is between 0.32 and 0.68, sum=1.02 >= 0.97
[Ticker] KXBTC15M-26APR091130-30
[Market] YES=0.75 | NO=0.26 | Sum=1.01
==================================================
Balance: $116.56 | Regime: CHOP | Session: 0W/0L (0%) | PnL: $+0.00
[Confidence] Score=3/10 | moderate_edge,coinbase_weak,peak_hour
[Signal] UP candidate | yes=0.75 | waiting (1/2)
[Cycle] No signal — YES=0.75 is between 0.32 and 0.68, sum=1.01 >= 0.97
[Ticker] KXBTC15M-26APR091130-30
[Market] YES=0.68 | NO=0.33 | Sum=1.01
==================================================
Balance: $116.56 | Regime: CHOP | Session: 0W/0L (0%) | PnL: $+0.00
[Cycle] No signal — YES=0.68 is between 0.32 and 0.68, sum=1.01 >= 0.97
[Ticker] KXBTC15M-26APR091130-30
[Market] YES=0.85 | NO=0.17 | Sum=1.02
==================================================
Balance: $116.56 | Regime: CHOP | Session: 0W/0L (0%) | PnL: $+0.00
[Confidence] Score=5/10 | strong_edge,coinbase_weak,2of3_agree,peak_hour
[Timing] Window 6 min old — skipping
[Cycle] No signal — YES=0.85 is between 0.32 and 0.68, sum=1.02 >= 0.97
[Ticker] KXBTC15M-26APR091130-30
[Market] YES=0.94 | NO=0.07 | Sum=1.01
==================================================
Balance: $116.56 | Regime: BULL | Session: 0W/0L (0%) | PnL: $+0.00
[Confidence] Score=5/10 | strong_edge,coinbase_weak,2of3_agree,peak_hour
[Timing] Window 7 min old — skipping
[Cycle] No signal — YES=0.94 is between 0.32 and 0.68, sum=1.01 >= 0.97
[Ticker] KXBTC15M-26APR091130-30
[Market] YES=0.89 | NO=0.12 | Sum=1.01
==================================================
Balance: $116.56 | Regime: CHOP | Session: 0W/0L (0%) | PnL: $+0.00
[Confidence] Score=4/10 | strong_edge,coinbase_weak,peak_hour
[Timing] Window 8 min old — skipping
[Cycle] No signal — YES=0.89 is between 0.32 and 0.68, sum=1.01 >= 0.97
[Ticker] KXBTC15M-26APR091130-30
[Market] YES=0.89 | NO=0.12 | Sum=1.01
==================================================
Balance: $116.56 | Regime: CHOP | Session: 0W/0L (0%) | PnL: $+0.00
[Confidence] Score=4/10 | strong_edge,coinbase_weak,peak_hour
[Timing] Window 9 min old — skipping
[Cycle] No signal — YES=0.89 is between 0.32 and 0.68, sum=1.01 >= 0.97
[Ticker] KXBTC15M-26APR091130-30
[Market] YES=0.89 | NO=0.12 | Sum=1.01
==================================================
Balance: $116.56 | Regime: CHOP | Session: 0W/0L (0%) | PnL: $+0.00
[Confidence] Score=5/10 | strong_edge,coinbase_weak,2of3_agree,peak_hour
[Timing] Window 10 min old — skipping
[Cycle] No signal — YES=0.89 is between 0.32 and 0.68, sum=1.01 >= 0.97
[Ticker] KXBTC15M-26APR091130-30
[Market] YES=0.89 | NO=0.12 | Sum=1.01
==================================================
Balance: $116.56 | Regime: CHOP | Session: 0W/0L (0%) | PnL: $+0.00
[Confidence] Score=4/10 | strong_edge,coinbase_weak,peak_hour
[Timing] Window 11 min old — skipping
[Cycle] No signal — YES=0.89 is between 0.32 and 0.68, sum=1.01 >= 0.97
[Ticker] KXBTC15M-26APR091130-30
[Market] YES=0.92 | NO=0.11 | Sum=1.03
==================================================
Balance: $116.56 | Regime: CHOP | Session: 0W/0L (0%) | PnL: $+0.00
[Confidence] Score=4/10 | strong_edge,coinbase_weak,peak_hour
[Timing] Window 12 min old — skipping
[Cycle] No signal — YES=0.92 is between 0.32 and 0.68, sum=1.03 >= 0.97
[Ticker] KXBTC15M-26APR091130-30
[Market] YES=0.78 | NO=0.33 | Sum=1.11
==================================================
Balance: $116.56 | Regime: CHOP | Session: 0W/0L (0%) | PnL: $+0.00
[Confidence] Score=3/10 | moderate_edge,coinbase_weak,peak_hour
[Timing] Window 13 min old — skipping
[Cycle] No signal — YES=0.78 is between 0.32 and 0.68, sum=1.11 >= 0.97
[Ticker] KXBTC15M-26APR091130-30
[Market] YES=1.00 | NO=0.00 | Sum=1.00
==================================================
Balance: $116.56 | Regime: CHOP | Session: 0W/0L (0%) | PnL: $+0.00
[Confidence] Score=6/10 | extreme_edge,coinbase_weak,2of3_agree,peak_hour
[Timing] Window 14 min old — skipping
[Cycle] No signal — YES=1.00 is between 0.32 and 0.68, sum=1.00 >= 0.97
[Ticker] KXBTC15M-26APR091145-45
[Market] YES=0.40 | NO=0.61 | Sum=1.01
==================================================
Balance: $116.56 | Regime: CHOP | Session: 0W/0L (0%) | PnL: $+0.00
[Cycle] No signal — YES=0.40 is between 0.32 and 0.68, sum=1.01 >= 0.97
[Ticker] KXBTC15M-26APR091145-45
[Market] YES=0.50 | NO=0.52 | Sum=1.02
==================================================
Balance: $116.56 | Regime: CHOP | Session: 0W/0L (0%) | PnL: $+0.00
[Cycle] No signal — YES=0.50 is between 0.32 and 0.68, sum=1.02 >= 0.97
[Ticker] KXBTC15M-26APR091145-45
[Market] YES=0.58 | NO=0.43 | Sum=1.01
==================================================
Balance: $116.56 | Regime: CHOP | Session: 0W/0L (0%) | PnL: $+0.00
[Cycle] No signal — YES=0.58 is between 0.32 and 0.68, sum=1.01 >= 0.97
[Ticker] KXBTC15M-26APR091145-45
[Market] YES=0.93 | NO=0.07 | Sum=1.00
==================================================
Balance: $116.56 | Regime: CHOP | Session: 0W/0L (0%) | PnL: $+0.00
[Confidence] Score=5/10 | strong_edge,coinbase_strong,peak_hour
[Signal] UP candidate | yes=0.93 | waiting (1/2)
[Cycle] No signal — YES=0.93 is between 0.32 and 0.68, sum=1.00 >= 0.97
[Ticker] KXBTC15M-26APR091145-45
[Market] YES=0.96 | NO=0.05 | Sum=1.01
==================================================
Balance: $116.56 | Regime: BULL | Session: 0W/0L (0%) | PnL: $+0.00
[Confidence] Score=6/10 | extreme_edge,coinbase_strong,peak_hour
[Coinbase] Confirms UP | $71925 gap=+559 (0.78%)
[Correlation] 2/3 agree UP
[Signal] CONFIRMED UP | yes=0.96 | edge=0.46 | bet=$7.58
[Order] KXBTC15M-26APR091145-45 | yes | count=15 | $7.58
[Order] status=resting remaining=-1 filled=False
[Order] Not filled: order=Order(order_id='4fdb353d-b1f2-405f-8814-c357d0141c7b', client_order_id='', ticker='KXBTC15M-26APR091145-45', side='yes', action='buy', type='limit', status='resting', yes_price=None, no_price=None, count=None, remaining_count=None, expiration_time=None, created_time=datetime.datetime(2026, 4, 9, 15, 34, 43, 165182, tzinfo=TzInfo(0)), updated_time=None)
[Order] Cancelled resting order 4fdb353d-b1f2-405f-8814-c357d0141c7b
[Cycle] No signal — YES=0.96 is between 0.32 and 0.68, sum=1.01 >= 0.97
[Cooldown] 2 cycles remaining
[Cooldown] 1 cycles remaining
[Ticker] KXBTC15M-26APR091145-45
[Market] YES=0.98 | NO=0.03 | Sum=1.01
==================================================
Balance: $116.56 | Regime: BULL | Session: 0W/0L (0%) | PnL: $+0.00
[Confidence] Score=6/10 | extreme_edge,coinbase_strong,peak_hour
[Timing] Window 7 min old — skipping
[Cycle] No signal — YES=0.98 is between 0.32 and 0.68, sum=1.01 >= 0.97
[Ticker] KXBTC15M-26APR091145-45
[Market] YES=0.99 | NO=0.01 | Sum=1.00
==================================================
Balance: $116.56 | Regime: CHOP | Session: 0W/0L (0%) | PnL: $+0.00
[Confidence] Score=6/10 | extreme_edge,coinbase_strong,peak_hour
[Timing] Window 8 min old — skipping
[Cycle] No signal — YES=0.99 is between 0.32 and 0.68, sum=1.00 >= 0.97
[Ticker] KXBTC15M-26APR091145-45
[Market] YES=0.98 | NO=0.03 | Sum=1.01
==================================================
Balance: $116.56 | Regime: CHOP | Session: 0W/0L (0%) | PnL: $+0.00
[Confidence] Score=7/10 | extreme_edge,coinbase_strong,2of3_agree,peak_hour
[Timing] Window 9 min old — skipping
[Cycle] No signal — YES=0.98 is between 0.32 and 0.68, sum=1.01 >= 0.97
[Ticker] KXBTC15M-26APR091145-45
[Market] YES=0.98 | NO=0.02 | Sum=1.00
==================================================
Balance: $116.56 | Regime: CHOP | Session: 0W/0L (0%) | PnL: $+0.00
[Confidence] Score=6/10 | extreme_edge,coinbase_strong,peak_hour
[Timing] Window 10 min old — skipping
[Cycle] No signal — YES=0.98 is between 0.32 and 0.68, sum=1.00 >= 0.97
[Ticker] KXBTC15M-26APR091145-45
[Market] YES=1.00 | NO=0.01 | Sum=1.00
==================================================
Balance: $116.56 | Regime: CHOP | Session: 0W/0L (0%) | PnL: $+0.00
[Confidence] Score=6/10 | extreme_edge,coinbase_strong,peak_hour
[Timing] Window 11 min old — skipping
[Cycle] No signal — YES=1.00 is between 0.32 and 0.68, sum=1.00 >= 0.97
[Ticker] KXBTC15M-26APR091145-45
[Market] YES=1.00 | NO=0.00 | Sum=1.00
==================================================
Balance: $116.56 | Regime: CHOP | Session: 0W/0L (0%) | PnL: $+0.00
[Confidence] Score=6/10 | extreme_edge,coinbase_strong,peak_hour
[Timing] Window 12 min old — skipping
[Cycle] No signal — YES=1.00 is between 0.32 and 0.68, sum=1.00 >= 0.97
[Ticker] KXBTC15M-26APR091145-45
[Market] YES=1.00 | NO=0.00 | Sum=1.00
==================================================
Balance: $116.56 | Regime: CHOP | Session: 0W/0L (0%) | PnL: $+0.00
[Confidence] Score=8/10 | extreme_edge,coinbase_strong,all3_agree,peak_hour
[Timing] Window 13 min old — skipping
[Cycle] No signal — YES=1.00 is between 0.32 and 0.68, sum=1.00 >= 0.97
[Ticker] KXBTC15M-26APR091145-45
[Market] YES=1.00 | NO=0.00 | Sum=1.00
==================================================
Balance: $116.56 | Regime: CHOP | Session: 0W/0L (0%) | PnL: $+0.00
[Confidence] Score=6/10 | extreme_edge,coinbase_strong,peak_hour
[Timing] Window 14 min old — skipping
[Cycle] No signal — YES=1.00 is between 0.32 and 0.68, sum=1.00 >= 0.97
[Ticker] KXBTC15M-26APR091200-00
[Market] YES=0.49 | NO=0.52 | Sum=1.01
==================================================
Balance: $116.56 | Regime: CHOP | Session: 0W/0L (0%) | PnL: $+0.00
[Cycle] No signal — YES=0.49 is between 0.32 and 0.68, sum=1.01 >= 0.97
[Ticker] KXBTC15M-26APR091200-00
[Market] YES=0.62 | NO=0.39 | Sum=1.01
==================================================
Balance: $116.56 | Regime: CHOP | Session: 0W/0L (0%) | PnL: $+0.00
[Cycle] No signal — YES=0.62 is between 0.32 and 0.68, sum=1.01 >= 0.97
[Ticker] KXBTC15M-26APR091200-00
[Market] YES=0.58 | NO=0.43 | Sum=1.01
==================================================
Balance: $116.56 | Regime: CHOP | Session: 0W/0L (0%) | PnL: $+0.00
[Cycle] No signal — YES=0.58 is between 0.32 and 0.68, sum=1.01 >= 0.97
[Ticker] KXBTC15M-26APR091200-00
[Market] YES=0.78 | NO=0.23 | Sum=1.01
==================================================
Balance: $116.56 | Regime: BULL | Session: 0W/0L (0%) | PnL: $+0.00
[Confidence] Score=3/10 | moderate_edge,coinbase_weak,peak_hour
[Signal] UP candidate | yes=0.78 | waiting (1/2)
[Cycle] No signal — YES=0.78 is between 0.32 and 0.68, sum=1.01 >= 0.97
[Ticker] KXBTC15M-26APR091200-00
[Market] YES=0.69 | NO=0.32 | Sum=1.01
==================================================
Balance: $116.56 | Regime: CHOP | Session: 0W/0L (0%) | PnL: $+0.00
[Signal] Edge 0.19 below minimum 0.2 — skipping
[Cycle] No signal — YES=0.69 is between 0.32 and 0.68, sum=1.01 >= 0.97
[Ticker] KXBTC15M-26APR091200-00
[Market] YES=0.64 | NO=0.37 | Sum=1.01
==================================================
Balance: $116.29 | Regime: CHOP | Session: 0W/0L (0%) | PnL: $+0.00
[Cycle] No signal — YES=0.64 is between 0.32 and 0.68, sum=1.01 >= 0.97
[Ticker] KXBTC15M-26APR091200-00
[Market] YES=0.69 | NO=0.32 | Sum=1.01
==================================================
Balance: $116.81 | Regime: CHOP | Session: 0W/0L (0%) | PnL: $+0.00
[Signal] Edge 0.19 below minimum 0.2 — skipping
[Cycle] No signal — YES=0.69 is between 0.32 and 0.68, sum=1.01 >= 0.97
[Ticker] KXBTC15M-26APR091200-00
[Market] YES=0.70 | NO=0.31 | Sum=1.01
==================================================
Balance: $117.21 | Regime: CHOP | Session: 0W/0L (0%) | PnL: $+0.00
[Signal] Edge 0.20 below minimum 0.2 — skipping
[Cycle] No signal — YES=0.70 is between 0.32 and 0.68, sum=1.01 >= 0.97
[Ticker] KXBTC15M-26APR091200-00
[Market] YES=0.75 | NO=0.29 | Sum=1.04
==================================================
Balance: $117.37 | Regime: CHOP | Session: 0W/0L (0%) | PnL: $+0.00
[Confidence] Score=3/10 | moderate_edge,coinbase_weak,peak_hour
[Timing] Window 8 min old — skipping
[Cycle] No signal — YES=0.75 is between 0.32 and 0.68, sum=1.04 >= 0.97
[Ticker] KXBTC15M-26APR091200-00
[Market] YES=0.86 | NO=0.16 | Sum=1.02
==================================================
Balance: $117.69 | Regime: CHOP | Session: 0W/0L (0%) | PnL: $+0.00
[Confidence] Score=4/10 | strong_edge,coinbase_weak,peak_hour
[Timing] Window 9 min old — skipping
[Cycle] No signal — YES=0.86 is between 0.32 and 0.68, sum=1.02 >= 0.97
[Ticker] KXBTC15M-26APR091200-00
[Market] YES=0.93 | NO=0.10 | Sum=1.03
==================================================
Balance: $117.73 | Regime: CHOP | Session: 0W/0L (0%) | PnL: $+0.00
[Confidence] Score=4/10 | strong_edge,coinbase_weak,peak_hour
[Timing] Window 10 min old — skipping
[Cycle] No signal — YES=0.93 is between 0.32 and 0.68, sum=1.03 >= 0.97
[Ticker] KXBTC15M-26APR091200-00
[Market] YES=0.98 | NO=0.02 | Sum=1.00
==================================================
Balance: $117.77 | Regime: CHOP | Session: 0W/0L (0%) | PnL: $+0.00
[Confidence] Score=5/10 | extreme_edge,coinbase_weak,peak_hour
[Timing] Window 11 min old — skipping
[Cycle] No signal — YES=0.98 is between 0.32 and 0.68, sum=1.00 >= 0.97
[Ticker] KXBTC15M-26APR091200-00
[Market] YES=0.96 | NO=0.04 | Sum=1.00
==================================================
Balance: $117.78 | Regime: CHOP | Session: 0W/0L (0%) | PnL: $+0.00
[Confidence] Score=5/10 | extreme_edge,coinbase_weak,peak_hour
[Timing] Window 12 min old — skipping
[Cycle] No signal — YES=0.96 is between 0.32 and 0.68, sum=1.00 >= 0.97
[Ticker] KXBTC15M-26APR091200-00
[Market] YES=0.93 | NO=0.08 | Sum=1.01
==================================================
Balance: $117.77 | Regime: CHOP | Session: 0W/0L (0%) | PnL: $+0.00
[Confidence] Score=4/10 | strong_edge,coinbase_weak,peak_hour
[Timing] Window 13 min old — skipping
[Cycle] No signal — YES=0.93 is between 0.32 and 0.68, sum=1.01 >= 0.97
[Ticker] KXBTC15M-26APR091200-00
[Market] YES=0.99 | NO=0.01 | Sum=1.00
==================================================
Balance: $117.80 | Regime: CHOP | Session: 0W/0L (0%) | PnL: $+0.00
[Confidence] Score=5/10 | extreme_edge,coinbase_weak,peak_hour
[Timing] Window 14 min old — skipping
[Cycle] No signal — YES=0.99 is between 0.32 and 0.68, sum=1.00 >= 0.97
[Ticker] KXBTC15M-26APR091215-15
[Market] YES=0.67 | NO=0.34 | Sum=1.01
==================================================
Balance: $117.81 | Regime: CHOP | Session: 0W/0L (0%) | PnL: $+0.00
[Cycle] No signal — YES=0.67 is between 0.32 and 0.68, sum=1.01 >= 0.97
[Ticker] KXBTC15M-26APR091215-15
[Market] YES=0.71 | NO=0.30 | Sum=1.01
==================================================
Balance: $117.81 | Regime: CHOP | Session: 0W/0L (0%) | PnL: $+0.00
[Confidence] Score=3/10 | moderate_edge,coinbase_weak,peak_hour
[Signal] UP candidate | yes=0.71 | waiting (1/2)
[Cycle] No signal — YES=0.71 is between 0.32 and 0.68, sum=1.01 >= 0.97
[Ticker] KXBTC15M-26APR091215-15
[Market] YES=0.80 | NO=0.21 | Sum=1.01
==================================================
Balance: $117.81 | Regime: CHOP | Session: 0W/0L (0%) | PnL: $+0.00
[Confidence] Score=4/10 | strong_edge,coinbase_weak,peak_hour
[Coinbase] Confirms UP | $72344 gap=+210 (0.29%)
[Correlation] 2/3 agree UP
[Signal] CONFIRMED UP | yes=0.80 | edge=0.30 | bet=$3.53
[Order] KXBTC15M-26APR091215-15 | yes | count=7 | $3.53
[Order] status=executed remaining=-1 filled=True
✅ BTC DIRECTIONAL: UP $3.53 on KXBTC15M-26APR091215-15
[Positions] 1 still open
[Ticker] KXBTC15M-26APR091215-15
[Market] YES=0.85 | NO=0.17 | Sum=1.02
==================================================
Balance: $117.65 | Regime: CHOP | Session: 0W/0L (0%) | PnL: $+0.00
[Confidence] Score=4/10 | strong_edge,coinbase_weak,peak_hour
[Signal] UP candidate | yes=0.85 | waiting (1/2)
[Cycle] No signal — YES=0.85 is between 0.32 and 0.68, sum=1.02 >= 0.97
[Positions] 1 still open
[Ticker] KXBTC15M-26APR091215-15
[Market] YES=0.80 | NO=0.21 | Sum=1.01
==================================================
Balance: $118.52 | Regime: CHOP | Session: 0W/0L (0%) | PnL: $+0.00
[Confidence] Score=4/10 | strong_edge,coinbase_weak,peak_hour
[Coinbase] Confirms UP | $72308 gap=+174 (0.24%)
[Correlation] 2/3 agree UP
[Signal] CONFIRMED UP | yes=0.80 | edge=0.30 | bet=$3.56
[Order] Already have UP on KXBTC15M-26APR091215-15 — skipping
[Cycle] No signal — YES=0.80 is between 0.32 and 0.68, sum=1.01 >= 0.97
[Positions] 1 still open
[Ticker] KXBTC15M-26APR091215-15
[Market] YES=0.77 | NO=0.24 | Sum=1.01
==================================================
Balance: $117.53 | Regime: CHOP | Session: 0W/0L (0%) | PnL: $+0.00
[Confidence] Score=3/10 | moderate_edge,coinbase_weak,peak_hour
[Timing] Window 5 min old — skipping
[Cycle] No signal — YES=0.77 is between 0.32 and 0.68, sum=1.01 >= 0.97
[Positions] 1 still open
[Ticker] KXBTC15M-26APR091215-15
[Market] YES=0.71 | NO=0.30 | Sum=1.01
==================================================
Balance: $113.58 | Regime: CHOP | Session: 0W/0L (0%) | PnL: $+0.00
[Confidence] Score=4/10 | moderate_edge,coinbase_weak,2of3_agree,peak_hour
[Timing] Window 6 min old — skipping
[Cycle] No signal — YES=0.71 is between 0.32 and 0.68, sum=1.01 >= 0.97
[Positions] 1 still open
[Ticker] KXBTC15M-26APR091215-15
[Market] YES=0.73 | NO=0.28 | Sum=1.01
==================================================
Balance: $113.00 | Regime: CHOP | Session: 0W/0L (0%) | PnL: $+0.00
[Confidence] Score=4/10 | moderate_edge,coinbase_weak,2of3_agree,peak_hour
[Timing] Window 7 min old — skipping
[Cycle] No signal — YES=0.73 is between 0.32 and 0.68, sum=1.01 >= 0.97
[Positions] 1 still open
[Ticker] KXBTC15M-26APR091215-15
[Market] YES=0.60 | NO=0.41 | Sum=1.01
==================================================
Balance: $107.78 | Regime: CHOP | Session: 0W/0L (0%) | PnL: $+0.00
[Cycle] No signal — YES=0.60 is between 0.32 and 0.68, sum=1.01 >= 0.97
[Positions] 1 still open
[Ticker] KXBTC15M-26APR091215-15
[Market] YES=0.65 | NO=0.39 | Sum=1.04
==================================================
Balance: $114.37 | Regime: CHOP | Session: 0W/0L (0%) | PnL: $+0.00
[Cycle] No signal — YES=0.65 is between 0.32 and 0.68, sum=1.04 >= 0.97
[Positions] 1 still open
[Ticker] KXBTC15M-26APR091215-15
[Market] YES=0.57 | NO=0.45 | Sum=1.02
==================================================
Balance: $110.25 | Regime: CHOP | Session: 0W/0L (0%) | PnL: $+0.00
[Cycle] No signal — YES=0.57 is between 0.32 and 0.68, sum=1.02 >= 0.97
[Positions] 1 still open
[Ticker] KXBTC15M-26APR091215-15
[Market] YES=0.59 | NO=0.44 | Sum=1.03
==================================================
Balance: $109.49 | Regime: CHOP | Session: 0W/0L (0%) | PnL: $+0.00
[Cycle] No signal — YES=0.59 is between 0.32 and 0.68, sum=1.03 >= 0.97
[Positions] 1 still open
[Ticker] KXBTC15M-26APR091215-15
[Market] YES=0.93 | NO=0.08 | Sum=1.01
==================================================
Balance: $118.71 | Regime: CHOP | Session: 0W/0L (0%) | PnL: $+0.00
[Confidence] Score=5/10 | strong_edge,coinbase_weak,2of3_agree,peak_hour
[Timing] Window 12 min old — skipping
[Cycle] No signal — YES=0.93 is between 0.32 and 0.68, sum=1.01 >= 0.97
[Positions] 1 still open
[Ticker] KXBTC15M-26APR091215-15
[Market] YES=1.00 | NO=0.01 | Sum=1.00
==================================================
Balance: $125.48 | Regime: CHOP | Session: 0W/0L (0%) | PnL: $+0.00
[Confidence] Score=5/10 | extreme_edge,coinbase_weak,peak_hour
[Timing] Window 13 min old — skipping
[Cycle] No signal — YES=1.00 is between 0.32 and 0.68, sum=1.00 >= 0.97
[Positions] 1 still open
[Ticker] KXBTC15M-26APR091215-15
[Market] YES=1.00 | NO=0.00 | Sum=1.00
==================================================
Balance: $120.03 | Regime: CHOP | Session: 0W/0L (0%) | PnL: $+0.00
[Confidence] Score=5/10 | extreme_edge,coinbase_weak,peak_hour
[Timing] Window 14 min old — skipping
[Cycle] No signal — YES=1.00 is between 0.32 and 0.68, sum=1.00 >= 0.97
[Positions] 1 still open
[Ticker] KXBTC15M-26APR091230-30
[Market] YES=0.45 | NO=0.56 | Sum=1.01
==================================================
Balance: $108.11 | Regime: CHOP | Session: 0W/0L (0%) | PnL: $+0.00
[Cycle] No signal — YES=0.45 is between 0.32 and 0.68, sum=1.01 >= 0.97
[Positions] 1 still open
[Ticker] KXBTC15M-26APR091230-30
[Market] YES=0.60 | NO=0.41 | Sum=1.01
==================================================
Balance: $108.11 | Regime: CHOP | Session: 0W/0L (0%) | PnL: $+0.00
[Cycle] No signal — YES=0.60 is between 0.32 and 0.68, sum=1.01 >= 0.97
[Positions] 1 still open
[Ticker] KXBTC15M-26APR091230-30
[Market] YES=0.72 | NO=0.29 | Sum=1.01
==================================================
Balance: $108.11 | Regime: CHOP | Session: 0W/0L (0%) | PnL: $+0.00
[Confidence] Score=3/10 | moderate_edge,coinbase_weak,peak_hour
[Signal] UP candidate | yes=0.72 | waiting (1/2)
[Cycle] No signal — YES=0.72 is between 0.32 and 0.68, sum=1.01 >= 0.97
[Positions] 1 still open
[Ticker] KXBTC15M-26APR091230-30
[Market] YES=0.71 | NO=0.30 | Sum=1.01
==================================================
Balance: $108.11 | Regime: CHOP | Session: 0W/0L (0%) | PnL: $+0.00
[Confidence] Score=3/10 | moderate_edge,coinbase_weak,peak_hour
[Coinbase] Confirms UP | $72313 gap=+104 (0.14%)
[Correlation] 2/3 agree UP
[Signal] CONFIRMED UP | yes=0.71 | edge=0.21 | bet=$2.27
[Order] KXBTC15M-26APR091230-30 | yes | count=4 | $2.27
[Order] status=resting remaining=-1 filled=False
[Order] Not filled: order=Order(order_id='88d3daa0-6109-4fa7-810e-0a23ed0f8103', client_order_id='', ticker='KXBTC15M-26APR091230-30', side='yes', action='buy', type='limit', status='resting', yes_price=None, no_price=None, count=None, remaining_count=None, expiration_time=None, created_time=datetime.datetime(2026, 4, 9, 16, 18, 43, 765259, tzinfo=TzInfo(0)), updated_time=None)
[Order] Cancelled resting order 88d3daa0-6109-4fa7-810e-0a23ed0f8103
[Cycle] No signal — YES=0.71 is between 0.32 and 0.68, sum=1.01 >= 0.97
[Settled] WIN: UP $3.53 on KXBTC15M-26APR091215-15 | pnl=$+3.47 | 1W/0L (100%)
[Cooldown] 2 cycles remaining
[Cooldown] 1 cycles remaining
[Ticker] KXBTC15M-26APR091230-30
[Market] YES=0.62 | NO=0.40 | Sum=1.02
==================================================
Balance: $108.11 | Regime: CHOP | Session: 1W/0L (100%) | PnL: $+3.47
[Cycle] No signal — YES=0.62 is between 0.32 and 0.68, sum=1.02 >= 0.97
[Ticker] KXBTC15M-26APR091230-30
[Market] YES=0.64 | NO=0.38 | Sum=1.02
==================================================
Balance: $108.11 | Regime: CHOP | Session: 1W/0L (100%) | PnL: $+3.47
[Cycle] No signal — YES=0.64 is between 0.32 and 0.68, sum=1.02 >= 0.97
[Ticker] KXBTC15M-26APR091230-30
[Market] YES=0.48 | NO=0.54 | Sum=1.02
==================================================
Balance: $108.11 | Regime: CHOP | Session: 1W/0L (100%) | PnL: $+3.47
[Cycle] No signal — YES=0.48 is between 0.32 and 0.68, sum=1.02 >= 0.97
