
==================================================
OpenClaw ETH Bot v4.0 — LIVE
[Startup] Live balance synced: $116.47
Balance: $116.47 | MaxBet: $11.65 | Threshold: <0.30 or >0.70
==================================================

[Startup] Resting orders cleared
[Ticker] KXETH15M-26APR081045-45
[Market] YES=0.06 | NO=0.96 | Sum=1.02
==================================================
Balance: $116.47 | Regime: BEAR | Session: 0W/0L (0%) | PnL: $+0.00
[Confidence] Score=7/10 | strong_edge,coinbase_strong,all3_agree,peak_hour
[Signal] DOWN candidate | yes=0.06 | waiting (1/2)
[Cycle] No signal — YES=0.06 is between 0.30 and 0.70, sum=1.02 >= 0.97
[Ticker] KXETH15M-26APR081045-45
[Market] YES=0.03 | NO=0.98 | Sum=1.00
==================================================
Balance: $116.47 | Regime: BEAR | Session: 0W/0L (0%) | PnL: $+0.00
[Confidence] Score=8/10 | extreme_edge,coinbase_strong,all3_agree,peak_hour
[Timing] Window 5 min old — skipping
[Cycle] No signal — YES=0.03 is between 0.30 and 0.70, sum=1.00 >= 0.97
[Ticker] KXETH15M-26APR081045-45
[Market] YES=0.03 | NO=0.98 | Sum=1.00
==================================================
Balance: $116.47 | Regime: CHOP | Session: 0W/0L (0%) | PnL: $+0.00
[Confidence] Score=8/10 | extreme_edge,coinbase_strong,all3_agree,peak_hour
[Timing] Window 6 min old — skipping
[Cycle] No signal — YES=0.03 is between 0.30 and 0.70, sum=1.00 >= 0.97
[Ticker] KXETH15M-26APR081045-45
[Market] YES=0.04 | NO=0.97 | Sum=1.01
==================================================
Balance: $116.47 | Regime: CHOP | Session: 0W/0L (0%) | PnL: $+0.00
[Confidence] Score=7/10 | extreme_edge,coinbase_strong,2of3_agree,peak_hour
[Timing] Window 7 min old — skipping
[Cycle] No signal — YES=0.04 is between 0.30 and 0.70, sum=1.01 >= 0.97
[Ticker] KXETH15M-26APR081045-45
[Market] YES=0.03 | NO=0.98 | Sum=1.01
==================================================
Balance: $116.47 | Regime: CHOP | Session: 0W/0L (0%) | PnL: $+0.00
[Confidence] Score=6/10 | extreme_edge,coinbase_strong,peak_hour
[Timing] Window 8 min old — skipping
[Cycle] No signal — YES=0.03 is between 0.30 and 0.70, sum=1.01 >= 0.97
[Ticker] KXETH15M-26APR081045-45
[Market] YES=0.02 | NO=1.00 | Sum=1.01
==================================================
Balance: $116.47 | Regime: CHOP | Session: 0W/0L (0%) | PnL: $+0.00
[Confidence] Score=8/10 | extreme_edge,coinbase_strong,all3_agree,peak_hour
[Timing] Window 9 min old — skipping
[Cycle] No signal — YES=0.02 is between 0.30 and 0.70, sum=1.01 >= 0.97
[Ticker] KXETH15M-26APR081045-45
[Market] YES=0.01 | NO=1.00 | Sum=1.01
==================================================
Balance: $116.47 | Regime: CHOP | Session: 0W/0L (0%) | PnL: $+0.00
[Confidence] Score=7/10 | extreme_edge,coinbase_strong,2of3_agree,peak_hour
[Timing] Window 10 min old — skipping
[Cycle] No signal — YES=0.01 is between 0.30 and 0.70, sum=1.01 >= 0.97
[Ticker] KXETH15M-26APR081045-45
[Market] YES=0.01 | NO=1.00 | Sum=1.00
==================================================
Balance: $116.47 | Regime: CHOP | Session: 0W/0L (0%) | PnL: $+0.00
[Confidence] Score=8/10 | extreme_edge,coinbase_strong,all3_agree,peak_hour
[Timing] Window 11 min old — skipping
[Cycle] No signal — YES=0.01 is between 0.30 and 0.70, sum=1.00 >= 0.97
[Ticker] KXETH15M-26APR081045-45
[Market] YES=0.01 | NO=1.00 | Sum=1.00
==================================================
Balance: $116.47 | Regime: CHOP | Session: 0W/0L (0%) | PnL: $+0.00
[Confidence] Score=8/10 | extreme_edge,coinbase_strong,all3_agree,peak_hour
[Timing] Window 12 min old — skipping
[Cycle] No signal — YES=0.01 is between 0.30 and 0.70, sum=1.00 >= 0.97
[Ticker] KXETH15M-26APR081045-45
[Market] YES=0.00 | NO=1.00 | Sum=1.00
==================================================
Balance: $116.47 | Regime: CHOP | Session: 0W/0L (0%) | PnL: $+0.00
[Confidence] Score=8/10 | extreme_edge,coinbase_strong,all3_agree,peak_hour
[Timing] Window 13 min old — skipping
[Cycle] No signal — YES=0.00 is between 0.30 and 0.70, sum=1.00 >= 0.97

==================================================
OpenClaw ETH Bot v4.0 — LIVE
[Startup] Live balance synced: $116.47
Balance: $116.47 | MaxBet: $11.65 | Threshold: <0.30 or >0.70
==================================================

[Startup] Resting orders cleared
[Ticker] KXETH15M-26APR081045-45
[Market] YES=0.00 | NO=1.00 | Sum=1.00
==================================================
Balance: $116.47 | Regime: CHOP | Session: 0W/0L (0%) | PnL: $+0.00
[Confidence] Score=8/10 | extreme_edge,coinbase_strong,all3_agree,peak_hour
[Timing] Window 14 min old — skipping
[Cycle] No signal — YES=0.00 is between 0.30 and 0.70, sum=1.00 >= 0.97
[Ticker] KXETH15M-26APR081100-00
[Market] YES=0.52 | NO=0.50 | Sum=1.02
==================================================
Balance: $116.47 | Regime: CHOP | Session: 0W/0L (0%) | PnL: $+0.00
[Cycle] No signal — YES=0.52 is between 0.30 and 0.70, sum=1.02 >= 0.97
[Ticker] KXETH15M-26APR081100-00
[Market] YES=0.54 | NO=0.49 | Sum=1.03
==================================================
Balance: $116.47 | Regime: CHOP | Session: 0W/0L (0%) | PnL: $+0.00
[Cycle] No signal — YES=0.54 is between 0.30 and 0.70, sum=1.03 >= 0.97
[Ticker] KXETH15M-26APR081100-00
[Market] YES=0.17 | NO=0.86 | Sum=1.03
==================================================
Balance: $116.47 | Regime: CHOP | Session: 0W/0L (0%) | PnL: $+0.00
[Confidence] Score=5/10 | strong_edge,coinbase_weak,2of3_agree,peak_hour
[Signal] DOWN candidate | yes=0.17 | waiting (1/2)
[Cycle] No signal — YES=0.17 is between 0.30 and 0.70, sum=1.03 >= 0.97
[Ticker] KXETH15M-26APR081100-00
[Market] YES=0.33 | NO=0.70 | Sum=1.03
==================================================
Balance: $116.47 | Regime: CHOP | Session: 0W/0L (0%) | PnL: $+0.00
[Cycle] No signal — YES=0.33 is between 0.30 and 0.70, sum=1.03 >= 0.97
[Ticker] KXETH15M-26APR081100-00
[Market] YES=0.34 | NO=0.71 | Sum=1.05
==================================================
Balance: $116.47 | Regime: CHOP | Session: 0W/0L (0%) | PnL: $+0.00
[Cycle] No signal — YES=0.34 is between 0.30 and 0.70, sum=1.05 >= 0.97
[Ticker] KXETH15M-26APR081100-00
[Market] YES=0.17 | NO=0.87 | Sum=1.04
==================================================
Balance: $116.47 | Regime: CHOP | Session: 0W/0L (0%) | PnL: $+0.00
[Confidence] Score=4/10 | strong_edge,coinbase_weak,peak_hour
[Timing] Window 5 min old — skipping
[Cycle] No signal — YES=0.17 is between 0.30 and 0.70, sum=1.04 >= 0.97
[Ticker] KXETH15M-26APR081100-00
[Market] YES=0.11 | NO=0.91 | Sum=1.02
==================================================
Balance: $116.47 | Regime: CHOP | Session: 0W/0L (0%) | PnL: $+0.00
[Confidence] Score=4/10 | strong_edge,coinbase_weak,peak_hour
[Timing] Window 6 min old — skipping
[Cycle] No signal — YES=0.11 is between 0.30 and 0.70, sum=1.02 >= 0.97
[Ticker] KXETH15M-26APR081100-00
[Market] YES=0.06 | NO=0.97 | Sum=1.03
==================================================
Balance: $116.47 | Regime: CHOP | Session: 0W/0L (0%) | PnL: $+0.00
[Confidence] Score=7/10 | strong_edge,coinbase_strong,all3_agree,peak_hour
[Timing] Window 7 min old — skipping
[Cycle] No signal — YES=0.06 is between 0.30 and 0.70, sum=1.03 >= 0.97

==================================================
OpenClaw ETH Bot v4.0 — LIVE
[Startup] Live balance synced: $116.47
Balance: $116.47 | MaxBet: $11.65 | Threshold: <0.30 or >0.70
==================================================

[Startup] Resting orders cleared
[Ticker] KXETH15M-26APR081100-00
[Market] YES=0.03 | NO=0.99 | Sum=1.02
==================================================
Balance: $116.47 | Regime: CHOP | Session: 0W/0L (0%) | PnL: $+0.00
[Confidence] Score=8/10 | extreme_edge,coinbase_strong,all3_agree,peak_hour
[Timing] Window 8 min old — skipping
[Cycle] No signal — YES=0.03 is between 0.30 and 0.70, sum=1.02 >= 0.97
[Ticker] KXETH15M-26APR081100-00
[Market] YES=0.04 | NO=0.98 | Sum=1.02
==================================================
Balance: $116.47 | Regime: CHOP | Session: 0W/0L (0%) | PnL: $+0.00
[Confidence] Score=8/10 | extreme_edge,coinbase_strong,all3_agree,peak_hour
[Timing] Window 9 min old — skipping
[Cycle] No signal — YES=0.04 is between 0.30 and 0.70, sum=1.02 >= 0.97
[Ticker] KXETH15M-26APR081100-00
[Market] YES=0.01 | NO=0.99 | Sum=1.00
==================================================
Balance: $116.47 | Regime: CHOP | Session: 0W/0L (0%) | PnL: $+0.00
[Confidence] Score=8/10 | extreme_edge,coinbase_strong,all3_agree,peak_hour
[Timing] Window 10 min old — skipping
[Cycle] No signal — YES=0.01 is between 0.30 and 0.70, sum=1.00 >= 0.97
[Ticker] KXETH15M-26APR081100-00
[Market] YES=0.01 | NO=1.00 | Sum=1.00
==================================================
Balance: $116.47 | Regime: CHOP | Session: 0W/0L (0%) | PnL: $+0.00
[Confidence] Score=8/10 | extreme_edge,coinbase_strong,all3_agree,peak_hour
[Timing] Window 11 min old — skipping
[Cycle] No signal — YES=0.01 is between 0.30 and 0.70, sum=1.00 >= 0.97
[Ticker] KXETH15M-26APR081100-00
[Market] YES=0.01 | NO=1.00 | Sum=1.00
==================================================
Balance: $116.47 | Regime: CHOP | Session: 0W/0L (0%) | PnL: $+0.00
[Confidence] Score=8/10 | extreme_edge,coinbase_strong,all3_agree,peak_hour
[Timing] Window 12 min old — skipping
[Cycle] No signal — YES=0.01 is between 0.30 and 0.70, sum=1.00 >= 0.97
[Ticker] KXETH15M-26APR081100-00
[Market] YES=0.00 | NO=1.00 | Sum=1.00
==================================================
Balance: $116.47 | Regime: CHOP | Session: 0W/0L (0%) | PnL: $+0.00
[Confidence] Score=8/10 | extreme_edge,coinbase_strong,all3_agree,peak_hour
[Timing] Window 13 min old — skipping
[Cycle] No signal — YES=0.00 is between 0.30 and 0.70, sum=1.00 >= 0.97
[Ticker] KXETH15M-26APR081100-00
[Market] YES=0.00 | NO=1.00 | Sum=1.00
==================================================
Balance: $116.47 | Regime: CHOP | Session: 0W/0L (0%) | PnL: $+0.00
[Confidence] Score=8/10 | extreme_edge,coinbase_strong,all3_agree,peak_hour
[Timing] Window 14 min old — skipping
[Cycle] No signal — YES=0.00 is between 0.30 and 0.70, sum=1.00 >= 0.97
[Ticker] KXETH15M-26APR081100-00
[Market] YES=1.00 | NO=1.00 | Sum=2.00
==================================================
Balance: $116.47 | Regime: CHOP | Session: 0W/0L (0%) | PnL: $+0.00
[Confidence] Score=4/10 | extreme_edge,peak_hour
[Timing] Window 0 min old — skipping
[Cycle] No signal — YES=1.00 is between 0.30 and 0.70, sum=2.00 >= 0.97
[Ticker] KXETH15M-26APR081115-15
[Market] YES=0.61 | NO=0.41 | Sum=1.02
==================================================
Balance: $116.47 | Regime: CHOP | Session: 0W/0L (0%) | PnL: $+0.00
[Cycle] No signal — YES=0.61 is between 0.30 and 0.70, sum=1.02 >= 0.97
[Ticker] KXETH15M-26APR081115-15
[Market] YES=0.61 | NO=0.41 | Sum=1.02
==================================================
Balance: $116.47 | Regime: CHOP | Session: 0W/0L (0%) | PnL: $+0.00
[Cycle] No signal — YES=0.61 is between 0.30 and 0.70, sum=1.02 >= 0.97
[Ticker] KXETH15M-26APR081115-15
[Market] YES=0.79 | NO=0.24 | Sum=1.03
==================================================
Balance: $116.47 | Regime: CHOP | Session: 0W/0L (0%) | PnL: $+0.00
[Confidence] Score=3/10 | moderate_edge,coinbase_weak,peak_hour
[Signal] UP candidate | yes=0.79 | waiting (1/2)
[Cycle] No signal — YES=0.79 is between 0.30 and 0.70, sum=1.03 >= 0.97
[Ticker] KXETH15M-26APR081115-15
[Market] YES=0.79 | NO=0.24 | Sum=1.03
==================================================
Balance: $116.47 | Regime: CHOP | Session: 0W/0L (0%) | PnL: $+0.00
[Confidence] Score=3/10 | moderate_edge,coinbase_weak,peak_hour
[Coinbase] Confirms UP | $2198 gap=+5 (0.21%)
[Kraken] Divergence 3128.53% — bet trimmed
[Correlation] Markets diverging — bet trimmed
[Signal] CONFIRMED UP | yes=0.79 | edge=0.29 | bet=$2.74
[CorrGuard] 2 bots already fired — skipping to avoid correlated loss
[Cycle] No signal — YES=0.79 is between 0.30 and 0.70, sum=1.03 >= 0.97
[Ticker] KXETH15M-26APR081115-15
[Market] YES=0.80 | NO=0.21 | Sum=1.01
==================================================
Balance: $116.47 | Regime: CHOP | Session: 0W/0L (0%) | PnL: $+0.00
[Confidence] Score=4/10 | strong_edge,coinbase_weak,peak_hour
[Timing] Window 5 min old — skipping
[Cycle] No signal — YES=0.80 is between 0.30 and 0.70, sum=1.01 >= 0.97
[Ticker] KXETH15M-26APR081115-15
[Market] YES=0.75 | NO=0.29 | Sum=1.04
==================================================
Balance: $116.47 | Regime: CHOP | Session: 0W/0L (0%) | PnL: $+0.00
[Confidence] Score=3/10 | moderate_edge,coinbase_weak,peak_hour
[Timing] Window 6 min old — skipping
[Cycle] No signal — YES=0.75 is between 0.30 and 0.70, sum=1.04 >= 0.97
[Ticker] KXETH15M-26APR081115-15
[Market] YES=0.90 | NO=0.12 | Sum=1.02
==================================================
Balance: $116.47 | Regime: CHOP | Session: 0W/0L (0%) | PnL: $+0.00
[Confidence] Score=4/10 | strong_edge,coinbase_weak,peak_hour
[Timing] Window 7 min old — skipping
[Cycle] No signal — YES=0.90 is between 0.30 and 0.70, sum=1.02 >= 0.97
[Ticker] KXETH15M-26APR081115-15
[Market] YES=0.96 | NO=0.06 | Sum=1.02
==================================================
Balance: $116.47 | Regime: CHOP | Session: 0W/0L (0%) | PnL: $+0.00
[Confidence] Score=5/10 | extreme_edge,coinbase_weak,peak_hour
[Timing] Window 8 min old — skipping
[Cycle] No signal — YES=0.96 is between 0.30 and 0.70, sum=1.02 >= 0.97
[Ticker] KXETH15M-26APR081115-15
[Market] YES=0.93 | NO=0.09 | Sum=1.02
==================================================
Balance: $116.47 | Regime: CHOP | Session: 0W/0L (0%) | PnL: $+0.00
[Confidence] Score=4/10 | strong_edge,coinbase_weak,peak_hour
[Timing] Window 9 min old — skipping
[Cycle] No signal — YES=0.93 is between 0.30 and 0.70, sum=1.02 >= 0.97
[Ticker] KXETH15M-26APR081115-15
[Market] YES=0.83 | NO=0.20 | Sum=1.03
==================================================
Balance: $116.47 | Regime: CHOP | Session: 0W/0L (0%) | PnL: $+0.00
[Confidence] Score=4/10 | strong_edge,coinbase_weak,peak_hour
[Timing] Window 10 min old — skipping
[Cycle] No signal — YES=0.83 is between 0.30 and 0.70, sum=1.03 >= 0.97
[Ticker] KXETH15M-26APR081115-15
[Market] YES=0.98 | NO=0.04 | Sum=1.02
==================================================
Balance: $116.47 | Regime: CHOP | Session: 0W/0L (0%) | PnL: $+0.00
[Confidence] Score=5/10 | extreme_edge,coinbase_weak,peak_hour
[Timing] Window 11 min old — skipping
[Cycle] No signal — YES=0.98 is between 0.30 and 0.70, sum=1.02 >= 0.97
[Ticker] KXETH15M-26APR081115-15
[Market] YES=1.00 | NO=0.01 | Sum=1.01
==================================================
Balance: $116.47 | Regime: CHOP | Session: 0W/0L (0%) | PnL: $+0.00
[Confidence] Score=5/10 | extreme_edge,coinbase_weak,peak_hour
[Timing] Window 12 min old — skipping
[Cycle] No signal — YES=1.00 is between 0.30 and 0.70, sum=1.01 >= 0.97
[Ticker] KXETH15M-26APR081115-15
[Market] YES=1.00 | NO=0.00 | Sum=1.00
==================================================
Balance: $116.47 | Regime: CHOP | Session: 0W/0L (0%) | PnL: $+0.00
[Confidence] Score=5/10 | extreme_edge,coinbase_weak,peak_hour
[Timing] Window 13 min old — skipping
[Cycle] No signal — YES=1.00 is between 0.30 and 0.70, sum=1.00 >= 0.97
[Ticker] KXETH15M-26APR081115-15
[Market] YES=1.00 | NO=0.00 | Sum=1.00
==================================================
Balance: $116.47 | Regime: CHOP | Session: 0W/0L (0%) | PnL: $+0.00
[Confidence] Score=5/10 | extreme_edge,coinbase_weak,peak_hour
[Timing] Window 14 min old — skipping
[Cycle] No signal — YES=1.00 is between 0.30 and 0.70, sum=1.00 >= 0.97
[Ticker] KXETH15M-26APR081130-30
[Market] YES=0.60 | NO=0.42 | Sum=1.02
==================================================
Balance: $116.47 | Regime: CHOP | Session: 0W/0L (0%) | PnL: $+0.00
[Cycle] No signal — YES=0.60 is between 0.30 and 0.70, sum=1.02 >= 0.97
[Ticker] KXETH15M-26APR081130-30
[Market] YES=0.45 | NO=0.59 | Sum=1.04
==================================================
Balance: $116.47 | Regime: CHOP | Session: 0W/0L (0%) | PnL: $+0.00
[Cycle] No signal — YES=0.45 is between 0.30 and 0.70, sum=1.04 >= 0.97
[Ticker] KXETH15M-26APR081130-30
[Market] YES=0.57 | NO=0.48 | Sum=1.05
==================================================
Balance: $116.47 | Regime: CHOP | Session: 0W/0L (0%) | PnL: $+0.00
[Cycle] No signal — YES=0.57 is between 0.30 and 0.70, sum=1.05 >= 0.97
[Ticker] KXETH15M-26APR081130-30
[Market] YES=0.52 | NO=0.52 | Sum=1.04
==================================================
Balance: $116.47 | Regime: CHOP | Session: 0W/0L (0%) | PnL: $+0.00
[Cycle] No signal — YES=0.52 is between 0.30 and 0.70, sum=1.04 >= 0.97
[Ticker] KXETH15M-26APR081130-30
[Market] YES=0.46 | NO=0.57 | Sum=1.03
==================================================
Balance: $116.47 | Regime: CHOP | Session: 0W/0L (0%) | PnL: $+0.00
[Cycle] No signal — YES=0.46 is between 0.30 and 0.70, sum=1.03 >= 0.97
[Ticker] KXETH15M-26APR081130-30
[Market] YES=0.71 | NO=0.33 | Sum=1.04
==================================================
Balance: $116.47 | Regime: CHOP | Session: 0W/0L (0%) | PnL: $+0.00
[Confidence] Score=3/10 | moderate_edge,coinbase_weak,peak_hour
[Timing] Window 5 min old — skipping
[Cycle] No signal — YES=0.71 is between 0.30 and 0.70, sum=1.04 >= 0.97
[Ticker] KXETH15M-26APR081130-30
[Market] YES=0.77 | NO=0.27 | Sum=1.04
==================================================
Balance: $116.47 | Regime: CHOP | Session: 0W/0L (0%) | PnL: $+0.00
[Confidence] Score=3/10 | moderate_edge,coinbase_weak,peak_hour
[Timing] Window 6 min old — skipping
[Cycle] No signal — YES=0.77 is between 0.30 and 0.70, sum=1.04 >= 0.97
[Ticker] KXETH15M-26APR081130-30
[Market] YES=0.85 | NO=0.16 | Sum=1.01
==================================================
Balance: $116.47 | Regime: CHOP | Session: 0W/0L (0%) | PnL: $+0.00
[Confidence] Score=4/10 | strong_edge,coinbase_weak,peak_hour
[Timing] Window 7 min old — skipping
[Cycle] No signal — YES=0.85 is between 0.30 and 0.70, sum=1.01 >= 0.97
[Ticker] KXETH15M-26APR081130-30
[Market] YES=0.79 | NO=0.25 | Sum=1.04
==================================================
Balance: $116.47 | Regime: CHOP | Session: 0W/0L (0%) | PnL: $+0.00
[Confidence] Score=3/10 | moderate_edge,coinbase_weak,peak_hour
[Timing] Window 8 min old — skipping
[Cycle] No signal — YES=0.79 is between 0.30 and 0.70, sum=1.04 >= 0.97
[Ticker] KXETH15M-26APR081130-30
[Market] YES=0.93 | NO=0.09 | Sum=1.02
==================================================
Balance: $116.47 | Regime: CHOP | Session: 0W/0L (0%) | PnL: $+0.00
[Confidence] Score=4/10 | strong_edge,coinbase_weak,peak_hour
[Timing] Window 9 min old — skipping
[Cycle] No signal — YES=0.93 is between 0.30 and 0.70, sum=1.02 >= 0.97
[Ticker] KXETH15M-26APR081130-30
[Market] YES=0.89 | NO=0.15 | Sum=1.04
==================================================
Balance: $116.47 | Regime: CHOP | Session: 0W/0L (0%) | PnL: $+0.00
[Confidence] Score=4/10 | strong_edge,coinbase_weak,peak_hour
[Timing] Window 10 min old — skipping
[Cycle] No signal — YES=0.89 is between 0.30 and 0.70, sum=1.04 >= 0.97
[Ticker] KXETH15M-26APR081130-30
[Market] YES=0.93 | NO=0.09 | Sum=1.02
==================================================
Balance: $116.47 | Regime: CHOP | Session: 0W/0L (0%) | PnL: $+0.00
[Confidence] Score=5/10 | strong_edge,coinbase_weak,2of3_agree,peak_hour
[Timing] Window 11 min old — skipping
[Cycle] No signal — YES=0.93 is between 0.30 and 0.70, sum=1.02 >= 0.97
[Ticker] KXETH15M-26APR081130-30
[Market] YES=0.98 | NO=0.02 | Sum=1.00
==================================================
Balance: $116.47 | Regime: CHOP | Session: 0W/0L (0%) | PnL: $+0.00
[Confidence] Score=5/10 | extreme_edge,coinbase_weak,peak_hour
[Timing] Window 12 min old — skipping
[Cycle] No signal — YES=0.98 is between 0.30 and 0.70, sum=1.00 >= 0.97
[Ticker] KXETH15M-26APR081130-30
[Market] YES=0.97 | NO=0.05 | Sum=1.02
==================================================
Balance: $116.47 | Regime: CHOP | Session: 0W/0L (0%) | PnL: $+0.00
[Confidence] Score=5/10 | extreme_edge,coinbase_weak,peak_hour
[Timing] Window 13 min old — skipping
[Cycle] No signal — YES=0.97 is between 0.30 and 0.70, sum=1.02 >= 0.97
[Ticker] KXETH15M-26APR081130-30
[Market] YES=1.00 | NO=0.00 | Sum=1.00
==================================================
Balance: $116.47 | Regime: CHOP | Session: 0W/0L (0%) | PnL: $+0.00
[Confidence] Score=6/10 | extreme_edge,coinbase_weak,2of3_agree,peak_hour
[Timing] Window 14 min old — skipping
[Cycle] No signal — YES=1.00 is between 0.30 and 0.70, sum=1.00 >= 0.97
[Ticker] KXETH15M-26APR081130-30
[Market] YES=1.00 | NO=1.00 | Sum=2.00
==================================================
Balance: $116.47 | Regime: CHOP | Session: 0W/0L (0%) | PnL: $+0.00
[Confidence] Score=6/10 | extreme_edge,coinbase_weak,2of3_agree,peak_hour
[Timing] Window 0 min old — skipping
[Cycle] No signal — YES=1.00 is between 0.30 and 0.70, sum=2.00 >= 0.97
[Ticker] KXETH15M-26APR081145-45
[Market] YES=0.53 | NO=0.52 | Sum=1.05
==================================================
Balance: $116.47 | Regime: CHOP | Session: 0W/0L (0%) | PnL: $+0.00
[Cycle] No signal — YES=0.53 is between 0.30 and 0.70, sum=1.05 >= 0.97
[Ticker] KXETH15M-26APR081145-45
[Market] YES=0.56 | NO=0.45 | Sum=1.01
==================================================
Balance: $116.47 | Regime: CHOP | Session: 0W/0L (0%) | PnL: $+0.00
[Cycle] No signal — YES=0.56 is between 0.30 and 0.70, sum=1.01 >= 0.97
[Ticker] KXETH15M-26APR081145-45
[Market] YES=0.53 | NO=0.51 | Sum=1.04
==================================================
Balance: $116.47 | Regime: CHOP | Session: 0W/0L (0%) | PnL: $+0.00
[Cycle] No signal — YES=0.53 is between 0.30 and 0.70, sum=1.04 >= 0.97
[Ticker] KXETH15M-26APR081145-45
[Market] YES=0.54 | NO=0.49 | Sum=1.03
==================================================
Balance: $116.47 | Regime: CHOP | Session: 0W/0L (0%) | PnL: $+0.00
[Cycle] No signal — YES=0.54 is between 0.30 and 0.70, sum=1.03 >= 0.97
[Ticker] KXETH15M-26APR081145-45
[Market] YES=0.89 | NO=0.21 | Sum=1.10
==================================================
Balance: $116.47 | Regime: CHOP | Session: 0W/0L (0%) | PnL: $+0.00
[Confidence] Score=4/10 | strong_edge,coinbase_weak,peak_hour
[Timing] Window 5 min old — skipping
[Cycle] No signal — YES=0.89 is between 0.30 and 0.70, sum=1.10 >= 0.97
[Ticker] KXETH15M-26APR081145-45
[Market] YES=0.85 | NO=0.18 | Sum=1.03
==================================================
Balance: $116.47 | Regime: CHOP | Session: 0W/0L (0%) | PnL: $+0.00
[Confidence] Score=4/10 | strong_edge,coinbase_weak,peak_hour
[Timing] Window 6 min old — skipping
[Cycle] No signal — YES=0.85 is between 0.30 and 0.70, sum=1.03 >= 0.97
[Ticker] KXETH15M-26APR081145-45
[Market] YES=0.93 | NO=0.10 | Sum=1.03
==================================================
Balance: $116.47 | Regime: CHOP | Session: 0W/0L (0%) | PnL: $+0.00
[Confidence] Score=4/10 | strong_edge,coinbase_weak,peak_hour
[Timing] Window 7 min old — skipping
[Cycle] No signal — YES=0.93 is between 0.30 and 0.70, sum=1.03 >= 0.97
[Ticker] KXETH15M-26APR081145-45
[Market] YES=0.98 | NO=0.04 | Sum=1.01
==================================================
Balance: $116.47 | Regime: CHOP | Session: 0W/0L (0%) | PnL: $+0.00
[Confidence] Score=6/10 | extreme_edge,coinbase_strong,peak_hour
[Timing] Window 8 min old — skipping
[Cycle] No signal — YES=0.98 is between 0.30 and 0.70, sum=1.01 >= 0.97
[Ticker] KXETH15M-26APR081145-45
[Market] YES=0.97 | NO=0.05 | Sum=1.02
==================================================
Balance: $116.47 | Regime: CHOP | Session: 0W/0L (0%) | PnL: $+0.00
[Confidence] Score=5/10 | extreme_edge,coinbase_weak,peak_hour
[Timing] Window 9 min old — skipping
[Cycle] No signal — YES=0.97 is between 0.30 and 0.70, sum=1.02 >= 0.97
[Ticker] KXETH15M-26APR081145-45
[Market] YES=0.98 | NO=0.03 | Sum=1.01
==================================================
Balance: $116.47 | Regime: CHOP | Session: 0W/0L (0%) | PnL: $+0.00
[Confidence] Score=5/10 | extreme_edge,coinbase_weak,peak_hour
[Timing] Window 10 min old — skipping
[Cycle] No signal — YES=0.98 is between 0.30 and 0.70, sum=1.01 >= 0.97
[Ticker] KXETH15M-26APR081145-45
[Market] YES=1.00 | NO=0.01 | Sum=1.01
==================================================
Balance: $116.47 | Regime: CHOP | Session: 0W/0L (0%) | PnL: $+0.00
[Confidence] Score=5/10 | extreme_edge,coinbase_weak,peak_hour
[Timing] Window 11 min old — skipping
[Cycle] No signal — YES=1.00 is between 0.30 and 0.70, sum=1.01 >= 0.97
[Ticker] KXETH15M-26APR081145-45
[Market] YES=1.00 | NO=0.00 | Sum=1.00
==================================================
Balance: $116.47 | Regime: CHOP | Session: 0W/0L (0%) | PnL: $+0.00
[Confidence] Score=6/10 | extreme_edge,coinbase_weak,2of3_agree,peak_hour
[Timing] Window 12 min old — skipping
[Cycle] No signal — YES=1.00 is between 0.30 and 0.70, sum=1.00 >= 0.97
[Ticker] KXETH15M-26APR081145-45
[Market] YES=1.00 | NO=0.00 | Sum=1.00
==================================================
Balance: $116.47 | Regime: CHOP | Session: 0W/0L (0%) | PnL: $+0.00
[Confidence] Score=6/10 | extreme_edge,coinbase_weak,2of3_agree,peak_hour
[Timing] Window 13 min old — skipping
[Cycle] No signal — YES=1.00 is between 0.30 and 0.70, sum=1.00 >= 0.97
[Ticker] KXETH15M-26APR081145-45
[Market] YES=1.00 | NO=0.00 | Sum=1.00
==================================================
Balance: $116.47 | Regime: CHOP | Session: 0W/0L (0%) | PnL: $+0.00
[Confidence] Score=5/10 | extreme_edge,coinbase_weak,peak_hour
[Timing] Window 14 min old — skipping
[Cycle] No signal — YES=1.00 is between 0.30 and 0.70, sum=1.00 >= 0.97
[Ticker] KXETH15M-26APR081200-00
[Market] YES=0.57 | NO=0.49 | Sum=1.06
==================================================
Balance: $116.47 | Regime: CHOP | Session: 0W/0L (0%) | PnL: $+0.00
[Cycle] No signal — YES=0.57 is between 0.30 and 0.70, sum=1.06 >= 0.97
[Ticker] KXETH15M-26APR081200-00
[Market] YES=0.60 | NO=0.43 | Sum=1.03
==================================================
Balance: $116.47 | Regime: CHOP | Session: 0W/0L (0%) | PnL: $+0.00
[Cycle] No signal — YES=0.60 is between 0.30 and 0.70, sum=1.03 >= 0.97
[Ticker] KXETH15M-26APR081200-00
[Market] YES=0.71 | NO=0.32 | Sum=1.03
==================================================
Balance: $116.47 | Regime: CHOP | Session: 0W/0L (0%) | PnL: $+0.00
[Confidence] Score=3/10 | moderate_edge,coinbase_weak,peak_hour
[Signal] UP candidate | yes=0.71 | waiting (1/2)
[Cycle] No signal — YES=0.71 is between 0.30 and 0.70, sum=1.03 >= 0.97
[Ticker] KXETH15M-26APR081200-00
[Market] YES=0.81 | NO=0.22 | Sum=1.03
==================================================
Balance: $116.47 | Regime: CHOP | Session: 0W/0L (0%) | PnL: $+0.00
[Confidence] Score=5/10 | strong_edge,coinbase_weak,2of3_agree,peak_hour
[Coinbase] Confirms UP | $2216 gap=+5 (0.22%)
[Kraken] Divergence 3118.26% — bet trimmed
[Correlation] All 3 agree — bet boosted
[Signal] CONFIRMED UP | yes=0.81 | edge=0.31 | bet=$3.90
[CorrGuard] 2 bots already fired — skipping to avoid correlated loss
[Cycle] No signal — YES=0.81 is between 0.30 and 0.70, sum=1.03 >= 0.97
[Ticker] KXETH15M-26APR081200-00
[Market] YES=0.70 | NO=0.35 | Sum=1.05
==================================================
Balance: $116.47 | Regime: CHOP | Session: 0W/0L (0%) | PnL: $+0.00
[Cycle] No signal — YES=0.70 is between 0.30 and 0.70, sum=1.05 >= 0.97
[Ticker] KXETH15M-26APR081200-00
[Market] YES=0.70 | NO=0.34 | Sum=1.04
==================================================
Balance: $116.47 | Regime: CHOP | Session: 0W/0L (0%) | PnL: $+0.00
[Cycle] No signal — YES=0.70 is between 0.30 and 0.70, sum=1.04 >= 0.97
[Ticker] KXETH15M-26APR081200-00
[Market] YES=0.66 | NO=0.39 | Sum=1.05
==================================================
Balance: $116.47 | Regime: CHOP | Session: 0W/0L (0%) | PnL: $+0.00
[Cycle] No signal — YES=0.66 is between 0.30 and 0.70, sum=1.05 >= 0.97
[Ticker] KXETH15M-26APR081200-00
[Market] YES=0.58 | NO=0.46 | Sum=1.04
==================================================
Balance: $116.47 | Regime: CHOP | Session: 0W/0L (0%) | PnL: $+0.00
[Cycle] No signal — YES=0.58 is between 0.30 and 0.70, sum=1.04 >= 0.97
[Ticker] KXETH15M-26APR081200-00
[Market] YES=0.68 | NO=0.34 | Sum=1.02
==================================================
Balance: $116.47 | Regime: CHOP | Session: 0W/0L (0%) | PnL: $+0.00
[Cycle] No signal — YES=0.68 is between 0.30 and 0.70, sum=1.02 >= 0.97
[Ticker] KXETH15M-26APR081200-00
[Market] YES=0.75 | NO=0.29 | Sum=1.04
==================================================
Balance: $116.47 | Regime: CHOP | Session: 0W/0L (0%) | PnL: $+0.00
[Confidence] Score=3/10 | moderate_edge,coinbase_weak,peak_hour
[Timing] Window 9 min old — skipping
[Cycle] No signal — YES=0.75 is between 0.30 and 0.70, sum=1.04 >= 0.97
[Ticker] KXETH15M-26APR081200-00
[Market] YES=0.79 | NO=0.23 | Sum=1.02
==================================================
Balance: $116.47 | Regime: CHOP | Session: 0W/0L (0%) | PnL: $+0.00
[Confidence] Score=3/10 | moderate_edge,coinbase_weak,peak_hour
[Timing] Window 10 min old — skipping
[Cycle] No signal — YES=0.79 is between 0.30 and 0.70, sum=1.02 >= 0.97
[Ticker] KXETH15M-26APR081200-00
[Market] YES=0.97 | NO=0.04 | Sum=1.01
==================================================
Balance: $116.47 | Regime: CHOP | Session: 0W/0L (0%) | PnL: $+0.00
[Confidence] Score=5/10 | extreme_edge,coinbase_weak,peak_hour
[Timing] Window 11 min old — skipping
[Cycle] No signal — YES=0.97 is between 0.30 and 0.70, sum=1.01 >= 0.97
[Ticker] KXETH15M-26APR081200-00
[Market] YES=0.99 | NO=0.02 | Sum=1.01
==================================================
Balance: $116.47 | Regime: CHOP | Session: 0W/0L (0%) | PnL: $+0.00
[Confidence] Score=5/10 | extreme_edge,coinbase_weak,peak_hour
[Timing] Window 12 min old — skipping
[Cycle] No signal — YES=0.99 is between 0.30 and 0.70, sum=1.01 >= 0.97
[Ticker] KXETH15M-26APR081200-00
[Market] YES=1.00 | NO=0.01 | Sum=1.00
==================================================
Balance: $116.47 | Regime: CHOP | Session: 0W/0L (0%) | PnL: $+0.00
[Confidence] Score=5/10 | extreme_edge,coinbase_weak,peak_hour
[Timing] Window 13 min old — skipping
[Cycle] No signal — YES=1.00 is between 0.30 and 0.70, sum=1.00 >= 0.97
[Ticker] KXETH15M-26APR081200-00
[Market] YES=1.00 | NO=0.00 | Sum=1.00
==================================================
Balance: $116.47 | Regime: CHOP | Session: 0W/0L (0%) | PnL: $+0.00
[Confidence] Score=5/10 | extreme_edge,coinbase_weak,peak_hour
[Timing] Window 14 min old — skipping
[Cycle] No signal — YES=1.00 is between 0.30 and 0.70, sum=1.00 >= 0.97
[Ticker] KXETH15M-26APR081200-00
[Market] YES=1.00 | NO=1.00 | Sum=2.00
==================================================
Balance: $116.47 | Regime: CHOP | Session: 0W/0L (0%) | PnL: $+0.00
[Confidence] Score=5/10 | extreme_edge,coinbase_weak,peak_hour
[Timing] Window 0 min old — skipping
[Cycle] No signal — YES=1.00 is between 0.30 and 0.70, sum=2.00 >= 0.97
[Ticker] KXETH15M-26APR081215-15
[Market] YES=0.50 | NO=0.53 | Sum=1.03
==================================================
Balance: $116.47 | Regime: CHOP | Session: 0W/0L (0%) | PnL: $+0.00
[Cycle] No signal — YES=0.50 is between 0.30 and 0.70, sum=1.03 >= 0.97
[Ticker] KXETH15M-26APR081215-15
[Market] YES=0.59 | NO=0.46 | Sum=1.05
==================================================
Balance: $116.47 | Regime: CHOP | Session: 0W/0L (0%) | PnL: $+0.00
[Cycle] No signal — YES=0.59 is between 0.30 and 0.70, sum=1.05 >= 0.97

==================================================
OpenClaw ETH Bot v4.0 — LIVE
[Startup] Live balance synced: $116.47
Balance: $116.47 | MaxBet: $11.65 | Threshold: <0.30 or >0.70
==================================================

[Startup] Resting orders cleared
[Ticker] KXETH15M-26APR081215-15
[Market] YES=0.61 | NO=0.44 | Sum=1.05
==================================================
Balance: $116.47 | Regime: CHOP | Session: 0W/0L (0%) | PnL: $+0.00
[Cycle] No signal — YES=0.61 is between 0.30 and 0.70, sum=1.05 >= 0.97
[Ticker] KXETH15M-26APR081215-15
[Market] YES=0.66 | NO=0.38 | Sum=1.04
==================================================
Balance: $116.47 | Regime: CHOP | Session: 0W/0L (0%) | PnL: $+0.00
[Cycle] No signal — YES=0.66 is between 0.30 and 0.70, sum=1.04 >= 0.97
[Ticker] KXETH15M-26APR081215-15
[Market] YES=0.56 | NO=0.46 | Sum=1.02
==================================================
Balance: $116.47 | Regime: CHOP | Session: 0W/0L (0%) | PnL: $+0.00
[Cycle] No signal — YES=0.56 is between 0.30 and 0.70, sum=1.02 >= 0.97
[Ticker] KXETH15M-26APR081215-15
[Market] YES=0.66 | NO=0.38 | Sum=1.04
==================================================
Balance: $116.47 | Regime: CHOP | Session: 0W/0L (0%) | PnL: $+0.00
[Cycle] No signal — YES=0.66 is between 0.30 and 0.70, sum=1.04 >= 0.97
[Ticker] KXETH15M-26APR081215-15
[Market] YES=0.65 | NO=0.39 | Sum=1.04
==================================================
Balance: $116.47 | Regime: CHOP | Session: 0W/0L (0%) | PnL: $+0.00
[Cycle] No signal — YES=0.65 is between 0.30 and 0.70, sum=1.04 >= 0.97
[Ticker] KXETH15M-26APR081215-15
[Market] YES=0.64 | NO=0.38 | Sum=1.02
==================================================
Balance: $116.47 | Regime: CHOP | Session: 0W/0L (0%) | PnL: $+0.00
[Cycle] No signal — YES=0.64 is between 0.30 and 0.70, sum=1.02 >= 0.97
[Ticker] KXETH15M-26APR081215-15
[Market] YES=0.66 | NO=0.37 | Sum=1.03
==================================================
Balance: $116.47 | Regime: CHOP | Session: 0W/0L (0%) | PnL: $+0.00
[Cycle] No signal — YES=0.66 is between 0.30 and 0.70, sum=1.03 >= 0.97
[Ticker] KXETH15M-26APR081215-15
[Market] YES=0.31 | NO=0.71 | Sum=1.02
==================================================
Balance: $116.47 | Regime: CHOP | Session: 0W/0L (0%) | PnL: $+0.00
[Cycle] No signal — YES=0.31 is between 0.30 and 0.70, sum=1.02 >= 0.97
[Ticker] KXETH15M-26APR081215-15
[Market] YES=0.24 | NO=0.80 | Sum=1.04
==================================================
Balance: $116.47 | Regime: CHOP | Session: 0W/0L (0%) | PnL: $+0.00
[Confidence] Score=5/10 | moderate_edge,coinbase_weak,all3_agree,peak_hour
[Timing] Window 11 min old — skipping
[Cycle] No signal — YES=0.24 is between 0.30 and 0.70, sum=1.04 >= 0.97
[Ticker] KXETH15M-26APR081215-15
[Market] YES=0.70 | NO=0.31 | Sum=1.01
==================================================
Balance: $116.47 | Regime: CHOP | Session: 0W/0L (0%) | PnL: $+0.00
[Cycle] No signal — YES=0.70 is between 0.30 and 0.70, sum=1.01 >= 0.97
[Ticker] KXETH15M-26APR081215-15
[Market] YES=0.21 | NO=0.83 | Sum=1.04
==================================================
Balance: $116.47 | Regime: CHOP | Session: 0W/0L (0%) | PnL: $+0.00
[Confidence] Score=5/10 | moderate_edge,coinbase_weak,all3_agree,peak_hour
[Timing] Window 13 min old — skipping
[Cycle] No signal — YES=0.21 is between 0.30 and 0.70, sum=1.04 >= 0.97
[Ticker] KXETH15M-26APR081215-15
[Market] YES=0.99 | NO=0.02 | Sum=1.01
==================================================
Balance: $116.47 | Regime: CHOP | Session: 0W/0L (0%) | PnL: $+0.00
[Confidence] Score=5/10 | extreme_edge,coinbase_weak,peak_hour
[Timing] Window 14 min old — skipping
[Cycle] No signal — YES=0.99 is between 0.30 and 0.70, sum=1.01 >= 0.97
[Ticker] KXETH15M-26APR081230-30
[Market] YES=0.50 | NO=0.61 | Sum=1.11
==================================================
Balance: $116.47 | Regime: CHOP | Session: 0W/0L (0%) | PnL: $+0.00
[Cycle] No signal — YES=0.50 is between 0.30 and 0.70, sum=1.11 >= 0.97
[Ticker] KXETH15M-26APR081230-30
[Market] YES=0.42 | NO=0.59 | Sum=1.01
==================================================
Balance: $116.47 | Regime: CHOP | Session: 0W/0L (0%) | PnL: $+0.00
[Cycle] No signal — YES=0.42 is between 0.30 and 0.70, sum=1.01 >= 0.97
[Ticker] KXETH15M-26APR081230-30
[Market] YES=0.30 | NO=0.71 | Sum=1.01
==================================================
Balance: $116.47 | Regime: CHOP | Session: 0W/0L (0%) | PnL: $+0.00
[Cycle] No signal — YES=0.30 is between 0.30 and 0.70, sum=1.01 >= 0.97
[Ticker] KXETH15M-26APR081230-30
[Market] YES=0.30 | NO=0.74 | Sum=1.04
==================================================
Balance: $116.47 | Regime: CHOP | Session: 0W/0L (0%) | PnL: $+0.00
[Cycle] No signal — YES=0.30 is between 0.30 and 0.70, sum=1.04 >= 0.97
[Ticker] KXETH15M-26APR081230-30
[Market] YES=0.68 | NO=0.35 | Sum=1.03
==================================================
Balance: $116.47 | Regime: CHOP | Session: 0W/0L (0%) | PnL: $+0.00
[Cycle] No signal — YES=0.68 is between 0.30 and 0.70, sum=1.03 >= 0.97
[Ticker] KXETH15M-26APR081230-30
[Market] YES=0.65 | NO=0.38 | Sum=1.03
==================================================
Balance: $116.47 | Regime: CHOP | Session: 0W/0L (0%) | PnL: $+0.00
[Cycle] No signal — YES=0.65 is between 0.30 and 0.70, sum=1.03 >= 0.97
[Ticker] KXETH15M-26APR081230-30
[Market] YES=0.51 | NO=0.51 | Sum=1.02
==================================================
Balance: $116.47 | Regime: CHOP | Session: 0W/0L (0%) | PnL: $+0.00
[Cycle] No signal — YES=0.51 is between 0.30 and 0.70, sum=1.02 >= 0.97
[Ticker] KXETH15M-26APR081230-30
[Market] YES=0.64 | NO=0.41 | Sum=1.05
==================================================
Balance: $116.47 | Regime: CHOP | Session: 0W/0L (0%) | PnL: $+0.00
[Cycle] No signal — YES=0.64 is between 0.30 and 0.70, sum=1.05 >= 0.97
[Ticker] KXETH15M-26APR081230-30
[Market] YES=0.66 | NO=0.39 | Sum=1.05
==================================================
Balance: $116.47 | Regime: CHOP | Session: 0W/0L (0%) | PnL: $+0.00
[Cycle] No signal — YES=0.66 is between 0.30 and 0.70, sum=1.05 >= 0.97
[Ticker] KXETH15M-26APR081230-30
[Market] YES=0.92 | NO=0.09 | Sum=1.01
==================================================
Balance: $116.47 | Regime: CHOP | Session: 0W/0L (0%) | PnL: $+0.00
[Confidence] Score=5/10 | strong_edge,coinbase_weak,2of3_agree,peak_hour
[Timing] Window 9 min old — skipping
[Cycle] No signal — YES=0.92 is between 0.30 and 0.70, sum=1.01 >= 0.97
[Ticker] KXETH15M-26APR081230-30
[Market] YES=0.92 | NO=0.11 | Sum=1.03
==================================================
Balance: $116.47 | Regime: CHOP | Session: 0W/0L (0%) | PnL: $+0.00
[Confidence] Score=4/10 | strong_edge,coinbase_weak,peak_hour
[Timing] Window 10 min old — skipping
[Cycle] No signal — YES=0.92 is between 0.30 and 0.70, sum=1.03 >= 0.97
[Ticker] KXETH15M-26APR081230-30
[Market] YES=0.95 | NO=0.08 | Sum=1.02
==================================================
Balance: $116.47 | Regime: CHOP | Session: 0W/0L (0%) | PnL: $+0.00
[Confidence] Score=4/10 | strong_edge,coinbase_weak,peak_hour
[Timing] Window 11 min old — skipping
[Cycle] No signal — YES=0.95 is between 0.30 and 0.70, sum=1.02 >= 0.97
[Ticker] KXETH15M-26APR081230-30
[Market] YES=0.98 | NO=0.03 | Sum=1.00
==================================================
Balance: $116.47 | Regime: CHOP | Session: 0W/0L (0%) | PnL: $+0.00
[Confidence] Score=5/10 | extreme_edge,coinbase_weak,peak_hour
[Timing] Window 12 min old — skipping
[Cycle] No signal — YES=0.98 is between 0.30 and 0.70, sum=1.00 >= 0.97
[Ticker] KXETH15M-26APR081230-30
[Market] YES=1.00 | NO=0.02 | Sum=1.02
==================================================
Balance: $116.47 | Regime: CHOP | Session: 0W/0L (0%) | PnL: $+0.00
[Confidence] Score=5/10 | extreme_edge,coinbase_weak,peak_hour
[Timing] Window 13 min old — skipping
[Cycle] No signal — YES=1.00 is between 0.30 and 0.70, sum=1.02 >= 0.97
[Ticker] KXETH15M-26APR081230-30
[Market] YES=1.00 | NO=0.00 | Sum=1.00
==================================================
Balance: $116.47 | Regime: CHOP | Session: 0W/0L (0%) | PnL: $+0.00
[Confidence] Score=7/10 | extreme_edge,coinbase_weak,all3_agree,peak_hour
[Timing] Window 14 min old — skipping
[Cycle] No signal — YES=1.00 is between 0.30 and 0.70, sum=1.00 >= 0.97
[Ticker] KXETH15M-26APR081230-30
[Market] YES=1.00 | NO=0.00 | Sum=1.00
==================================================
Balance: $116.47 | Regime: CHOP | Session: 0W/0L (0%) | PnL: $+0.00
[Confidence] Score=5/10 | extreme_edge,coinbase_weak,peak_hour
[Timing] Window 0 min old — skipping
[Cycle] No signal — YES=1.00 is between 0.30 and 0.70, sum=1.00 >= 0.97
[Ticker] KXETH15M-26APR081245-45
[Market] YES=0.25 | NO=0.79 | Sum=1.04
==================================================
Balance: $116.47 | Regime: CHOP | Session: 0W/0L (0%) | PnL: $+0.00
[Confidence] Score=4/10 | moderate_edge,coinbase_weak,2of3_agree,peak_hour
[Signal] DOWN candidate | yes=0.25 | waiting (1/2)
[Cycle] No signal — YES=0.25 is between 0.30 and 0.70, sum=1.04 >= 0.97
[Ticker] KXETH15M-26APR081245-45
[Market] YES=0.11 | NO=0.92 | Sum=1.03
==================================================
Balance: $116.47 | Regime: CHOP | Session: 0W/0L (0%) | PnL: $+0.00
[Confidence] Score=6/10 | strong_edge,coinbase_weak,all3_agree,peak_hour
[Coinbase] Confirms DOWN | $2212 gap=-8 (0.37%)
[Kraken] Divergence 3122.11% — bet trimmed
[Correlation] All 3 agree — bet boosted
[Signal] CONFIRMED DOWN | yes=0.11 | edge=0.39 | bet=$5.72
[Safety] Balance $116.47 below floor $120.00
🛑 OpenClaw ETH Bot v4.0 halted: Balance $116.47 below floor $120.00

==================================================
OpenClaw ETH Bot v4.0 — LIVE
[Startup] Live balance synced: $116.47
Balance: $116.47 | MaxBet: $11.65 | Threshold: <0.30 or >0.70
==================================================

[Startup] Resting orders cleared
[Ticker] KXETH15M-26APR081245-45
[Market] YES=0.15 | NO=0.88 | Sum=1.03
==================================================
Balance: $116.47 | Regime: CHOP | Session: 0W/0L (0%) | PnL: $+0.00
[Confidence] Score=5/10 | strong_edge,coinbase_weak,2of3_agree,peak_hour
[Signal] DOWN candidate | yes=0.15 | waiting (1/2)
[Cycle] No signal — YES=0.15 is between 0.30 and 0.70, sum=1.03 >= 0.97
[Ticker] KXETH15M-26APR081245-45
[Market] YES=0.15 | NO=0.89 | Sum=1.04
==================================================
Balance: $116.47 | Regime: CHOP | Session: 0W/0L (0%) | PnL: $+0.00
[Confidence] Score=6/10 | strong_edge,coinbase_weak,all3_agree,peak_hour
[Coinbase] Confirms DOWN | $2215 gap=-5 (0.24%)
[Kraken] Divergence 3118.81% — bet trimmed
[Correlation] All 3 agree — bet boosted
[Signal] CONFIRMED DOWN | yes=0.15 | edge=0.35 | bet=$4.40
[CorrGuard] 2 bots already fired — skipping to avoid correlated loss
[Cycle] No signal — YES=0.15 is between 0.30 and 0.70, sum=1.04 >= 0.97
[Ticker] KXETH15M-26APR081245-45
[Market] YES=0.08 | NO=0.93 | Sum=1.01
==================================================
Balance: $116.47 | Regime: CHOP | Session: 0W/0L (0%) | PnL: $+0.00
[Confidence] Score=6/10 | strong_edge,coinbase_weak,all3_agree,peak_hour
[Coinbase] Confirms DOWN | $2213 gap=-7 (0.32%)
[Kraken] Divergence 3120.58% — bet trimmed
[Correlation] All 3 agree — bet boosted
[Signal] CONFIRMED DOWN | yes=0.08 | edge=0.42 | bet=$5.72
[CorrGuard] 2 bots already fired — skipping to avoid correlated loss
[Cycle] No signal — YES=0.08 is between 0.30 and 0.70, sum=1.01 >= 0.97
[Ticker] KXETH15M-26APR081245-45
[Market] YES=0.08 | NO=0.94 | Sum=1.02
==================================================
Balance: $116.47 | Regime: CHOP | Session: 0W/0L (0%) | PnL: $+0.00
[Confidence] Score=5/10 | strong_edge,coinbase_weak,2of3_agree,peak_hour
[Timing] Window 5 min old — skipping
[Cycle] No signal — YES=0.08 is between 0.30 and 0.70, sum=1.02 >= 0.97
[Ticker] KXETH15M-26APR081245-45
[Market] YES=0.11 | NO=0.92 | Sum=1.03
==================================================
Balance: $116.47 | Regime: CHOP | Session: 0W/0L (0%) | PnL: $+0.00
[Confidence] Score=5/10 | strong_edge,coinbase_weak,2of3_agree,peak_hour
[Timing] Window 6 min old — skipping
[Cycle] No signal — YES=0.11 is between 0.30 and 0.70, sum=1.03 >= 0.97
[Ticker] KXETH15M-26APR081245-45
[Market] YES=0.08 | NO=0.95 | Sum=1.03
==================================================
Balance: $116.47 | Regime: CHOP | Session: 0W/0L (0%) | PnL: $+0.00
[Confidence] Score=5/10 | strong_edge,coinbase_weak,2of3_agree,peak_hour
[Timing] Window 7 min old — skipping
[Cycle] No signal — YES=0.08 is between 0.30 and 0.70, sum=1.03 >= 0.97
[Ticker] KXETH15M-26APR081245-45
[Market] YES=0.08 | NO=0.95 | Sum=1.03
==================================================
Balance: $116.47 | Regime: CHOP | Session: 0W/0L (0%) | PnL: $+0.00
[Confidence] Score=6/10 | strong_edge,coinbase_weak,all3_agree,peak_hour
[Timing] Window 8 min old — skipping
[Cycle] No signal — YES=0.08 is between 0.30 and 0.70, sum=1.03 >= 0.97
[Ticker] KXETH15M-26APR081245-45
[Market] YES=0.08 | NO=0.93 | Sum=1.01
==================================================
Balance: $116.47 | Regime: CHOP | Session: 0W/0L (0%) | PnL: $+0.00
[Confidence] Score=5/10 | strong_edge,coinbase_weak,2of3_agree,peak_hour
[Timing] Window 9 min old — skipping
[Cycle] No signal — YES=0.08 is between 0.30 and 0.70, sum=1.01 >= 0.97
[Ticker] KXETH15M-26APR081245-45
[Market] YES=0.06 | NO=0.96 | Sum=1.02
==================================================
Balance: $116.47 | Regime: CHOP | Session: 0W/0L (0%) | PnL: $+0.00
[Confidence] Score=6/10 | strong_edge,coinbase_weak,all3_agree,peak_hour
[Timing] Window 10 min old — skipping
[Cycle] No signal — YES=0.06 is between 0.30 and 0.70, sum=1.02 >= 0.97
[Ticker] KXETH15M-26APR081245-45
[Market] YES=0.09 | NO=0.94 | Sum=1.03
==================================================
Balance: $116.47 | Regime: CHOP | Session: 0W/0L (0%) | PnL: $+0.00
[Confidence] Score=6/10 | strong_edge,coinbase_weak,all3_agree,peak_hour
[Timing] Window 11 min old — skipping
[Cycle] No signal — YES=0.09 is between 0.30 and 0.70, sum=1.03 >= 0.97
[Ticker] KXETH15M-26APR081245-45
[Market] YES=0.21 | NO=0.82 | Sum=1.03
==================================================
Balance: $116.47 | Regime: CHOP | Session: 0W/0L (0%) | PnL: $+0.00
[Confidence] Score=4/10 | moderate_edge,coinbase_weak,2of3_agree,peak_hour
[Timing] Window 12 min old — skipping
[Cycle] No signal — YES=0.21 is between 0.30 and 0.70, sum=1.03 >= 0.97
[Ticker] KXETH15M-26APR081245-45
[Market] YES=0.10 | NO=0.91 | Sum=1.01
==================================================
Balance: $116.47 | Regime: CHOP | Session: 0W/0L (0%) | PnL: $+0.00
[Confidence] Score=5/10 | strong_edge,coinbase_weak,2of3_agree,peak_hour
[Timing] Window 13 min old — skipping
[Cycle] No signal — YES=0.10 is between 0.30 and 0.70, sum=1.01 >= 0.97
[Ticker] KXETH15M-26APR081245-45
[Market] YES=0.00 | NO=1.00 | Sum=1.00
==================================================
Balance: $116.47 | Regime: CHOP | Session: 0W/0L (0%) | PnL: $+0.00
[Confidence] Score=7/10 | extreme_edge,coinbase_weak,all3_agree,peak_hour
[Timing] Window 14 min old — skipping
[Cycle] No signal — YES=0.00 is between 0.30 and 0.70, sum=1.00 >= 0.97
[Ticker] KXETH15M-26APR081300-00
[Market] YES=0.51 | NO=0.53 | Sum=1.04
==================================================
Balance: $116.47 | Regime: CHOP | Session: 0W/0L (0%) | PnL: $+0.00
[Cycle] No signal — YES=0.51 is between 0.30 and 0.70, sum=1.04 >= 0.97
[Ticker] KXETH15M-26APR081300-00
[Market] YES=0.41 | NO=0.60 | Sum=1.01
==================================================
Balance: $116.47 | Regime: CHOP | Session: 0W/0L (0%) | PnL: $+0.00
[Cycle] No signal — YES=0.41 is between 0.30 and 0.70, sum=1.01 >= 0.97
[Ticker] KXETH15M-26APR081300-00
[Market] YES=0.48 | NO=0.57 | Sum=1.05
==================================================
Balance: $116.47 | Regime: CHOP | Session: 0W/0L (0%) | PnL: $+0.00
[Cycle] No signal — YES=0.48 is between 0.30 and 0.70, sum=1.05 >= 0.97
[Ticker] KXETH15M-26APR081300-00
[Market] YES=0.63 | NO=0.41 | Sum=1.04
==================================================
Balance: $116.47 | Regime: CHOP | Session: 0W/0L (0%) | PnL: $+0.00
[Cycle] No signal — YES=0.63 is between 0.30 and 0.70, sum=1.04 >= 0.97
[Ticker] KXETH15M-26APR081300-00
[Market] YES=0.72 | NO=0.32 | Sum=1.04
==================================================
Balance: $116.47 | Regime: CHOP | Session: 0W/0L (0%) | PnL: $+0.00
[Confidence] Score=4/10 | moderate_edge,coinbase_weak,2of3_agree,peak_hour
[Signal] UP candidate | yes=0.72 | waiting (1/2)
[Cycle] No signal — YES=0.72 is between 0.30 and 0.70, sum=1.04 >= 0.97
[Ticker] KXETH15M-26APR081300-00
[Market] YES=0.71 | NO=0.32 | Sum=1.03
==================================================
Balance: $116.47 | Regime: CHOP | Session: 0W/0L (0%) | PnL: $+0.00
[Confidence] Score=3/10 | moderate_edge,coinbase_weak,peak_hour
[Timing] Window 5 min old — skipping
[Cycle] No signal — YES=0.71 is between 0.30 and 0.70, sum=1.03 >= 0.97
[Ticker] KXETH15M-26APR081300-00
[Market] YES=0.79 | NO=0.25 | Sum=1.04
==================================================
Balance: $116.47 | Regime: CHOP | Session: 0W/0L (0%) | PnL: $+0.00
[Confidence] Score=3/10 | moderate_edge,coinbase_weak,peak_hour
[Timing] Window 6 min old — skipping
[Cycle] No signal — YES=0.79 is between 0.30 and 0.70, sum=1.04 >= 0.97
[Ticker] KXETH15M-26APR081300-00
[Market] YES=0.68 | NO=0.37 | Sum=1.05
==================================================
Balance: $116.47 | Regime: CHOP | Session: 0W/0L (0%) | PnL: $+0.00
[Cycle] No signal — YES=0.68 is between 0.30 and 0.70, sum=1.05 >= 0.97
[Ticker] KXETH15M-26APR081300-00
[Market] YES=0.74 | NO=0.29 | Sum=1.03
==================================================
Balance: $116.47 | Regime: CHOP | Session: 0W/0L (0%) | PnL: $+0.00
[Confidence] Score=3/10 | moderate_edge,coinbase_weak,peak_hour
[Timing] Window 8 min old — skipping
[Cycle] No signal — YES=0.74 is between 0.30 and 0.70, sum=1.03 >= 0.97
[Ticker] KXETH15M-26APR081300-00
[Market] YES=0.90 | NO=0.14 | Sum=1.04
==================================================
Balance: $116.47 | Regime: CHOP | Session: 0W/0L (0%) | PnL: $+0.00
[Confidence] Score=4/10 | strong_edge,coinbase_weak,peak_hour
[Timing] Window 9 min old — skipping
[Cycle] No signal — YES=0.90 is between 0.30 and 0.70, sum=1.04 >= 0.97
[Ticker] KXETH15M-26APR081300-00
[Market] YES=0.98 | NO=0.05 | Sum=1.03
==================================================
Balance: $116.47 | Regime: CHOP | Session: 0W/0L (0%) | PnL: $+0.00
[Confidence] Score=6/10 | extreme_edge,coinbase_weak,2of3_agree,peak_hour
[Timing] Window 10 min old — skipping
[Cycle] No signal — YES=0.98 is between 0.30 and 0.70, sum=1.03 >= 0.97
[Ticker] KXETH15M-26APR081300-00
[Market] YES=0.99 | NO=0.02 | Sum=1.00
==================================================
Balance: $116.47 | Regime: CHOP | Session: 0W/0L (0%) | PnL: $+0.00
[Confidence] Score=5/10 | extreme_edge,coinbase_weak,peak_hour
[Timing] Window 11 min old — skipping
[Cycle] No signal — YES=0.99 is between 0.30 and 0.70, sum=1.00 >= 0.97
[Ticker] KXETH15M-26APR081300-00
[Market] YES=0.99 | NO=0.01 | Sum=1.00
==================================================
Balance: $116.47 | Regime: CHOP | Session: 0W/0L (0%) | PnL: $+0.00
[Confidence] Score=5/10 | extreme_edge,coinbase_weak,peak_hour
[Timing] Window 12 min old — skipping
[Cycle] No signal — YES=0.99 is between 0.30 and 0.70, sum=1.00 >= 0.97
[Ticker] KXETH15M-26APR081300-00
[Market] YES=1.00 | NO=0.01 | Sum=1.00
==================================================
Balance: $116.47 | Regime: CHOP | Session: 0W/0L (0%) | PnL: $+0.00
[Confidence] Score=5/10 | extreme_edge,coinbase_weak,peak_hour
[Timing] Window 13 min old — skipping
[Cycle] No signal — YES=1.00 is between 0.30 and 0.70, sum=1.00 >= 0.97
[Ticker] KXETH15M-26APR081300-00
[Market] YES=1.00 | NO=0.00 | Sum=1.00
==================================================
Balance: $116.47 | Regime: CHOP | Session: 0W/0L (0%) | PnL: $+0.00
[Confidence] Score=5/10 | extreme_edge,coinbase_weak,peak_hour
[Timing] Window 14 min old — skipping
[Cycle] No signal — YES=1.00 is between 0.30 and 0.70, sum=1.00 >= 0.97
[Ticker] KXETH15M-26APR081315-15
[Market] YES=0.54 | NO=0.48 | Sum=1.02
==================================================
Balance: $116.47 | Regime: CHOP | Session: 0W/0L (0%) | PnL: $+0.00
[Cycle] No signal — YES=0.54 is between 0.30 and 0.70, sum=1.02 >= 0.97
[Ticker] KXETH15M-26APR081315-15
[Market] YES=0.56 | NO=0.46 | Sum=1.02
==================================================
Balance: $116.47 | Regime: CHOP | Session: 0W/0L (0%) | PnL: $+0.00
[Cycle] No signal — YES=0.56 is between 0.30 and 0.70, sum=1.02 >= 0.97
[Ticker] KXETH15M-26APR081315-15
[Market] YES=0.63 | NO=0.41 | Sum=1.04
==================================================
Balance: $116.47 | Regime: CHOP | Session: 0W/0L (0%) | PnL: $+0.00
[Cycle] No signal — YES=0.63 is between 0.30 and 0.70, sum=1.04 >= 0.97
[Ticker] KXETH15M-26APR081315-15
[Market] YES=0.80 | NO=0.24 | Sum=1.04
==================================================
Balance: $116.47 | Regime: CHOP | Session: 0W/0L (0%) | PnL: $+0.00
[Confidence] Score=3/10 | strong_edge,coinbase_weak
[Signal] UP candidate | yes=0.80 | waiting (1/2)
[Cycle] No signal — YES=0.80 is between 0.30 and 0.70, sum=1.04 >= 0.97
[Ticker] KXETH15M-26APR081315-15
[Market] YES=0.62 | NO=0.41 | Sum=1.03
==================================================
Balance: $116.47 | Regime: CHOP | Session: 0W/0L (0%) | PnL: $+0.00
[Cycle] No signal — YES=0.62 is between 0.30 and 0.70, sum=1.03 >= 0.97
[Ticker] KXETH15M-26APR081315-15
[Market] YES=0.56 | NO=0.49 | Sum=1.05
==================================================
Balance: $116.47 | Regime: CHOP | Session: 0W/0L (0%) | PnL: $+0.00
[Cycle] No signal — YES=0.56 is between 0.30 and 0.70, sum=1.05 >= 0.97
[Ticker] KXETH15M-26APR081315-15
[Market] YES=0.58 | NO=0.47 | Sum=1.05
==================================================
Balance: $116.47 | Regime: CHOP | Session: 0W/0L (0%) | PnL: $+0.00
[Cycle] No signal — YES=0.58 is between 0.30 and 0.70, sum=1.05 >= 0.97
[Ticker] KXETH15M-26APR081315-15
[Market] YES=0.49 | NO=0.56 | Sum=1.05
==================================================
Balance: $116.47 | Regime: CHOP | Session: 0W/0L (0%) | PnL: $+0.00
[Cycle] No signal — YES=0.49 is between 0.30 and 0.70, sum=1.05 >= 0.97
[Ticker] KXETH15M-26APR081315-15
[Market] YES=0.59 | NO=0.46 | Sum=1.05
==================================================
Balance: $116.47 | Regime: CHOP | Session: 0W/0L (0%) | PnL: $+0.00
[Cycle] No signal — YES=0.59 is between 0.30 and 0.70, sum=1.05 >= 0.97
[Ticker] KXETH15M-26APR081315-15
[Market] YES=0.58 | NO=0.44 | Sum=1.02
==================================================
Balance: $116.47 | Regime: CHOP | Session: 0W/0L (0%) | PnL: $+0.00
[Cycle] No signal — YES=0.58 is between 0.30 and 0.70, sum=1.02 >= 0.97
[Ticker] KXETH15M-26APR081315-15
[Market] YES=0.70 | NO=0.35 | Sum=1.05
==================================================
Balance: $116.47 | Regime: CHOP | Session: 0W/0L (0%) | PnL: $+0.00
[Cycle] No signal — YES=0.70 is between 0.30 and 0.70, sum=1.05 >= 0.97
[Ticker] KXETH15M-26APR081315-15
[Market] YES=0.92 | NO=0.11 | Sum=1.03
==================================================
Balance: $116.47 | Regime: CHOP | Session: 0W/0L (0%) | PnL: $+0.00
[Confidence] Score=3/10 | strong_edge,coinbase_weak
[Timing] Window 11 min old — skipping
[Cycle] No signal — YES=0.92 is between 0.30 and 0.70, sum=1.03 >= 0.97
[Ticker] KXETH15M-26APR081315-15
[Market] YES=0.99 | NO=0.01 | Sum=1.00
==================================================
Balance: $116.47 | Regime: CHOP | Session: 0W/0L (0%) | PnL: $+0.00
[Confidence] Score=4/10 | extreme_edge,coinbase_weak
[Timing] Window 12 min old — skipping
[Cycle] No signal — YES=0.99 is between 0.30 and 0.70, sum=1.00 >= 0.97
[Ticker] KXETH15M-26APR081315-15
[Market] YES=1.00 | NO=0.00 | Sum=1.00
==================================================
Balance: $116.47 | Regime: CHOP | Session: 0W/0L (0%) | PnL: $+0.00
[Confidence] Score=4/10 | extreme_edge,coinbase_weak
[Timing] Window 13 min old — skipping
[Cycle] No signal — YES=1.00 is between 0.30 and 0.70, sum=1.00 >= 0.97
[Ticker] KXETH15M-26APR081315-15
[Market] YES=1.00 | NO=0.00 | Sum=1.00
==================================================
Balance: $116.47 | Regime: CHOP | Session: 0W/0L (0%) | PnL: $+0.00
[Confidence] Score=4/10 | extreme_edge,coinbase_weak
[Timing] Window 14 min old — skipping
[Cycle] No signal — YES=1.00 is between 0.30 and 0.70, sum=1.00 >= 0.97
[Ticker] KXETH15M-26APR081330-30
[Market] YES=0.50 | NO=0.52 | Sum=1.02
==================================================
Balance: $116.47 | Regime: CHOP | Session: 0W/0L (0%) | PnL: $+0.00
[Cycle] No signal — YES=0.50 is between 0.30 and 0.70, sum=1.02 >= 0.97
[Ticker] KXETH15M-26APR081330-30
[Market] YES=0.38 | NO=0.63 | Sum=1.01
==================================================
Balance: $116.47 | Regime: CHOP | Session: 0W/0L (0%) | PnL: $+0.00
[Cycle] No signal — YES=0.38 is between 0.30 and 0.70, sum=1.01 >= 0.97
[Ticker] KXETH15M-26APR081330-30
[Market] YES=0.32 | NO=0.70 | Sum=1.02
==================================================
Balance: $116.47 | Regime: CHOP | Session: 0W/0L (0%) | PnL: $+0.00
[Cycle] No signal — YES=0.32 is between 0.30 and 0.70, sum=1.02 >= 0.97
[Ticker] KXETH15M-26APR081330-30
[Market] YES=0.34 | NO=0.70 | Sum=1.04
==================================================
Balance: $116.47 | Regime: CHOP | Session: 0W/0L (0%) | PnL: $+0.00
[Cycle] No signal — YES=0.34 is between 0.30 and 0.70, sum=1.04 >= 0.97
[Ticker] KXETH15M-26APR081330-30
[Market] YES=0.40 | NO=0.65 | Sum=1.05
==================================================
Balance: $116.47 | Regime: CHOP | Session: 0W/0L (0%) | PnL: $+0.00
[Cycle] No signal — YES=0.40 is between 0.30 and 0.70, sum=1.05 >= 0.97
[Ticker] KXETH15M-26APR081330-30
[Market] YES=0.38 | NO=0.67 | Sum=1.05
==================================================
Balance: $116.47 | Regime: CHOP | Session: 0W/0L (0%) | PnL: $+0.00
[Cycle] No signal — YES=0.38 is between 0.30 and 0.70, sum=1.05 >= 0.97
[Ticker] KXETH15M-26APR081330-30
[Market] YES=0.37 | NO=0.64 | Sum=1.01
==================================================
Balance: $116.47 | Regime: CHOP | Session: 0W/0L (0%) | PnL: $+0.00
[Cycle] No signal — YES=0.37 is between 0.30 and 0.70, sum=1.01 >= 0.97
[Ticker] KXETH15M-26APR081330-30
[Market] YES=0.21 | NO=0.82 | Sum=1.03
==================================================
Balance: $116.47 | Regime: CHOP | Session: 0W/0L (0%) | PnL: $+0.00
[Confidence] Score=4/10 | moderate_edge,coinbase_weak,all3_agree
[Timing] Window 7 min old — skipping
[Cycle] No signal — YES=0.21 is between 0.30 and 0.70, sum=1.03 >= 0.97
[Ticker] KXETH15M-26APR081330-30
[Market] YES=0.22 | NO=0.82 | Sum=1.04
==================================================
Balance: $116.47 | Regime: CHOP | Session: 0W/0L (0%) | PnL: $+0.00
[Confidence] Score=2/10 | moderate_edge,coinbase_weak
[Timing] Window 8 min old — skipping
[Cycle] No signal — YES=0.22 is between 0.30 and 0.70, sum=1.04 >= 0.97
[Ticker] KXETH15M-26APR081330-30
[Market] YES=0.04 | NO=0.96 | Sum=1.00
==================================================
Balance: $116.47 | Regime: CHOP | Session: 0W/0L (0%) | PnL: $+0.00
[Confidence] Score=6/10 | extreme_edge,coinbase_weak,all3_agree
[Timing] Window 9 min old — skipping
[Cycle] No signal — YES=0.04 is between 0.30 and 0.70, sum=1.00 >= 0.97
[Ticker] KXETH15M-26APR081330-30
[Market] YES=0.03 | NO=0.98 | Sum=1.01
==================================================
Balance: $116.47 | Regime: CHOP | Session: 0W/0L (0%) | PnL: $+0.00
[Confidence] Score=6/10 | extreme_edge,coinbase_weak,all3_agree
[Timing] Window 10 min old — skipping
[Cycle] No signal — YES=0.03 is between 0.30 and 0.70, sum=1.01 >= 0.97
[Ticker] KXETH15M-26APR081330-30
[Market] YES=0.01 | NO=1.00 | Sum=1.00
==================================================
Balance: $116.47 | Regime: CHOP | Session: 0W/0L (0%) | PnL: $+0.00
[Confidence] Score=6/10 | extreme_edge,coinbase_weak,all3_agree
[Timing] Window 11 min old — skipping
[Cycle] No signal — YES=0.01 is between 0.30 and 0.70, sum=1.00 >= 0.97
[Ticker] KXETH15M-26APR081330-30
[Market] YES=0.00 | NO=1.00 | Sum=1.00
==================================================
Balance: $116.47 | Regime: CHOP | Session: 0W/0L (0%) | PnL: $+0.00
[Confidence] Score=6/10 | extreme_edge,coinbase_weak,all3_agree
[Timing] Window 12 min old — skipping
[Cycle] No signal — YES=0.00 is between 0.30 and 0.70, sum=1.00 >= 0.97
[Ticker] KXETH15M-26APR081330-30
[Market] YES=0.00 | NO=1.00 | Sum=1.00
==================================================
Balance: $116.47 | Regime: CHOP | Session: 0W/0L (0%) | PnL: $+0.00
[Confidence] Score=5/10 | extreme_edge,coinbase_weak,2of3_agree
[Timing] Window 13 min old — skipping
[Cycle] No signal — YES=0.00 is between 0.30 and 0.70, sum=1.00 >= 0.97
[Ticker] KXETH15M-26APR081330-30
[Market] YES=0.00 | NO=1.00 | Sum=1.00
==================================================
Balance: $116.47 | Regime: CHOP | Session: 0W/0L (0%) | PnL: $+0.00
[Confidence] Score=6/10 | extreme_edge,coinbase_weak,all3_agree
[Timing] Window 14 min old — skipping
[Cycle] No signal — YES=0.00 is between 0.30 and 0.70, sum=1.00 >= 0.97
[Ticker] KXETH15M-26APR081345-45
[Market] YES=0.70 | NO=0.33 | Sum=1.03
==================================================
Balance: $116.47 | Regime: CHOP | Session: 0W/0L (0%) | PnL: $+0.00
[Cycle] No signal — YES=0.70 is between 0.30 and 0.70, sum=1.03 >= 0.97
[Ticker] KXETH15M-26APR081345-45
[Market] YES=0.82 | NO=0.22 | Sum=1.04
==================================================
Balance: $116.47 | Regime: CHOP | Session: 0W/0L (0%) | PnL: $+0.00
[Confidence] Score=3/10 | strong_edge,coinbase_weak
[Signal] EXTREME UP | yes=0.82 | edge=0.32 | firing immediately
[Coinbase] Confirms UP | $2222 gap=+4 (0.17%)
[Kraken] Divergence 3128.83% — bet trimmed
[Correlation] Markets diverging — bet trimmed
[Signal] CONFIRMED UP | yes=0.82 | edge=0.32 | bet=$2.04
[Safety] Balance $116.47 below floor $120.00
🛑 OpenClaw ETH Bot v4.0 halted: Balance $116.47 below floor $120.00

==================================================
OpenClaw ETH Bot v4.0 — LIVE
[Startup] Live balance synced: $116.47
Balance: $116.47 | MaxBet: $7.86 | Threshold: <0.30 or >0.70
==================================================

[Startup] Resting orders cleared
[Ticker] KXETH15M-26APR081345-45
[Market] YES=0.82 | NO=0.20 | Sum=1.02
==================================================
Balance: $116.47 | Regime: CHOP | Session: 0W/0L (0%) | PnL: $+0.00
[Confidence] Score=3/10 | strong_edge,coinbase_weak
[Signal] EXTREME UP | yes=0.82 | edge=0.32 | firing immediately
[Coinbase] Confirms UP | $2223 gap=+5 (0.22%)
[Kraken] Divergence 3127.05% — bet trimmed
[Correlation] Markets diverging — bet trimmed
[Signal] CONFIRMED UP | yes=0.82 | edge=0.32 | bet=$2.04
[Safety] Balance $116.47 below floor $120.00
🛑 OpenClaw ETH Bot v4.0 halted: Balance $116.47 below floor $120.00

==================================================
OpenClaw ETH Bot v4.0 — LIVE
[Startup] Live balance synced: $116.47
Balance: $116.47 | MaxBet: $7.86 | Threshold: <0.30 or >0.70
==================================================

[Startup] Resting orders cleared
[Ticker] KXETH15M-26APR081345-45
[Market] YES=0.81 | NO=0.23 | Sum=1.04
==================================================
Balance: $116.47 | Regime: CHOP | Session: 0W/0L (0%) | PnL: $+0.00
[Confidence] Score=3/10 | strong_edge,coinbase_weak
[Signal] EXTREME UP | yes=0.81 | edge=0.31 | firing immediately
[Coinbase] Confirms UP | $2224 gap=+5 (0.23%)
[Kraken] Divergence 3126.17% — bet trimmed
[Correlation] Markets diverging — bet trimmed
[Signal] CONFIRMED UP | yes=0.81 | edge=0.31 | bet=$1.98
[Safety] Balance $116.47 below floor $120.00
🛑 OpenClaw ETH Bot v4.0 halted: Balance $116.47 below floor $120.00

==================================================
OpenClaw ETH Bot v4.0 — LIVE
[Startup] Live balance synced: $116.47
Balance: $116.47 | MaxBet: $7.86 | Threshold: <0.30 or >0.70
==================================================

[Startup] Resting orders cleared
[Ticker] KXETH15M-26APR081345-45
[Market] YES=0.84 | NO=0.18 | Sum=1.02
==================================================
Balance: $116.47 | Regime: CHOP | Session: 0W/0L (0%) | PnL: $+0.00
[Confidence] Score=3/10 | strong_edge,coinbase_weak
[Signal] UP candidate | yes=0.84 | waiting (1/2)
[Cycle] No signal — YES=0.84 is between 0.30 and 0.70, sum=1.02 >= 0.97
[Ticker] KXETH15M-26APR081345-45
[Market] YES=0.68 | NO=0.34 | Sum=1.02
==================================================
Balance: $116.47 | Regime: CHOP | Session: 0W/0L (0%) | PnL: $+0.00
[Cycle] No signal — YES=0.68 is between 0.30 and 0.70, sum=1.02 >= 0.97
[Ticker] KXETH15M-26APR081345-45
[Market] YES=0.73 | NO=0.31 | Sum=1.04
==================================================
Balance: $116.47 | Regime: CHOP | Session: 0W/0L (0%) | PnL: $+0.00
[Confidence] Score=2/10 | moderate_edge,coinbase_weak
[Signal] UP candidate | yes=0.73 | waiting (1/2)
[Cycle] No signal — YES=0.73 is between 0.30 and 0.70, sum=1.04 >= 0.97
[Ticker] KXETH15M-26APR081345-45
[Market] YES=0.86 | NO=0.15 | Sum=1.01
==================================================
Balance: $116.47 | Regime: CHOP | Session: 0W/0L (0%) | PnL: $+0.00
[Confidence] Score=4/10 | strong_edge,coinbase_weak,2of3_agree
[Timing] Window 5 min old — skipping
[Cycle] No signal — YES=0.86 is between 0.30 and 0.70, sum=1.01 >= 0.97
[Ticker] KXETH15M-26APR081345-45
[Market] YES=0.88 | NO=0.15 | Sum=1.03
==================================================
Balance: $116.47 | Regime: CHOP | Session: 0W/0L (0%) | PnL: $+0.00
[Confidence] Score=3/10 | strong_edge,coinbase_weak
[Timing] Window 6 min old — skipping
[Cycle] No signal — YES=0.88 is between 0.30 and 0.70, sum=1.03 >= 0.97
[Ticker] KXETH15M-26APR081345-45
[Market] YES=0.98 | NO=0.03 | Sum=1.01
==================================================
Balance: $116.47 | Regime: CHOP | Session: 0W/0L (0%) | PnL: $+0.00
[Confidence] Score=5/10 | extreme_edge,coinbase_strong
[Timing] Window 7 min old — skipping
[Cycle] No signal — YES=0.98 is between 0.30 and 0.70, sum=1.01 >= 0.97
[Ticker] KXETH15M-26APR081345-45
[Market] YES=0.98 | NO=0.04 | Sum=1.02
==================================================
Balance: $116.47 | Regime: CHOP | Session: 0W/0L (0%) | PnL: $+0.00
[Confidence] Score=6/10 | extreme_edge,coinbase_strong,2of3_agree
[Timing] Window 8 min old — skipping
[Cycle] No signal — YES=0.98 is between 0.30 and 0.70, sum=1.02 >= 0.97
[Ticker] KXETH15M-26APR081345-45
[Market] YES=0.99 | NO=0.02 | Sum=1.01
==================================================
Balance: $116.47 | Regime: CHOP | Session: 0W/0L (0%) | PnL: $+0.00
[Confidence] Score=5/10 | extreme_edge,coinbase_strong
[Timing] Window 9 min old — skipping
[Cycle] No signal — YES=0.99 is between 0.30 and 0.70, sum=1.01 >= 0.97
[Ticker] KXETH15M-26APR081345-45
[Market] YES=0.99 | NO=0.01 | Sum=1.00
==================================================
Balance: $116.47 | Regime: CHOP | Session: 0W/0L (0%) | PnL: $+0.00
[Confidence] Score=5/10 | extreme_edge,coinbase_strong
[Timing] Window 10 min old — skipping
[Cycle] No signal — YES=0.99 is between 0.30 and 0.70, sum=1.00 >= 0.97
[Ticker] KXETH15M-26APR081345-45
[Market] YES=1.00 | NO=0.01 | Sum=1.00
==================================================
Balance: $116.47 | Regime: CHOP | Session: 0W/0L (0%) | PnL: $+0.00
[Confidence] Score=5/10 | extreme_edge,coinbase_strong
[Timing] Window 11 min old — skipping
[Cycle] No signal — YES=1.00 is between 0.30 and 0.70, sum=1.00 >= 0.97
[Ticker] KXETH15M-26APR081345-45
[Market] YES=1.00 | NO=0.01 | Sum=1.00
==================================================
Balance: $116.47 | Regime: CHOP | Session: 0W/0L (0%) | PnL: $+0.00
[Confidence] Score=5/10 | extreme_edge,coinbase_strong
[Timing] Window 12 min old — skipping
[Cycle] No signal — YES=1.00 is between 0.30 and 0.70, sum=1.00 >= 0.97
[Ticker] KXETH15M-26APR081345-45
[Market] YES=1.00 | NO=0.00 | Sum=1.00
==================================================
Balance: $116.47 | Regime: CHOP | Session: 0W/0L (0%) | PnL: $+0.00
[Confidence] Score=6/10 | extreme_edge,coinbase_strong,2of3_agree
[Timing] Window 13 min old — skipping
[Cycle] No signal — YES=1.00 is between 0.30 and 0.70, sum=1.00 >= 0.97
[Ticker] KXETH15M-26APR081345-45
[Market] YES=1.00 | NO=0.00 | Sum=1.00
==================================================
Balance: $116.47 | Regime: CHOP | Session: 0W/0L (0%) | PnL: $+0.00
[Confidence] Score=5/10 | extreme_edge,coinbase_strong
[Timing] Window 14 min old — skipping
[Cycle] No signal — YES=1.00 is between 0.30 and 0.70, sum=1.00 >= 0.97
[Ticker] KXETH15M-26APR081345-45
[Market] YES=1.00 | NO=0.00 | Sum=1.00
==================================================
Balance: $116.47 | Regime: CHOP | Session: 0W/0L (0%) | PnL: $+0.00
[Confidence] Score=5/10 | extreme_edge,coinbase_strong
[Timing] Window 0 min old — skipping
[Cycle] No signal — YES=1.00 is between 0.30 and 0.70, sum=1.00 >= 0.97
[Ticker] KXETH15M-26APR081400-00
[Market] YES=0.58 | NO=0.45 | Sum=1.03
==================================================
Balance: $116.47 | Regime: CHOP | Session: 0W/0L (0%) | PnL: $+0.00
[Cycle] No signal — YES=0.58 is between 0.30 and 0.70, sum=1.03 >= 0.97
[Ticker] KXETH15M-26APR081400-00
[Market] YES=0.54 | NO=0.47 | Sum=1.01
==================================================
Balance: $116.47 | Regime: CHOP | Session: 0W/0L (0%) | PnL: $+0.00
[Cycle] No signal — YES=0.54 is between 0.30 and 0.70, sum=1.01 >= 0.97
[Ticker] KXETH15M-26APR081400-00
[Market] YES=0.55 | NO=0.50 | Sum=1.05
==================================================
Balance: $116.47 | Regime: CHOP | Session: 0W/0L (0%) | PnL: $+0.00
[Cycle] No signal — YES=0.55 is between 0.30 and 0.70, sum=1.05 >= 0.97
[Ticker] KXETH15M-26APR081400-00
[Market] YES=0.60 | NO=0.45 | Sum=1.05
==================================================
Balance: $116.47 | Regime: CHOP | Session: 0W/0L (0%) | PnL: $+0.00
[Cycle] No signal — YES=0.60 is between 0.30 and 0.70, sum=1.05 >= 0.97
[Ticker] KXETH15M-26APR081400-00
[Market] YES=0.62 | NO=0.42 | Sum=1.04
==================================================
Balance: $116.47 | Regime: CHOP | Session: 0W/0L (0%) | PnL: $+0.00
[Cycle] No signal — YES=0.62 is between 0.30 and 0.70, sum=1.04 >= 0.97
[Ticker] KXETH15M-26APR081400-00
[Market] YES=0.55 | NO=0.50 | Sum=1.05
==================================================
Balance: $116.47 | Regime: CHOP | Session: 0W/0L (0%) | PnL: $+0.00
[Cycle] No signal — YES=0.55 is between 0.30 and 0.70, sum=1.05 >= 0.97
[Ticker] KXETH15M-26APR081400-00
[Market] YES=0.51 | NO=0.54 | Sum=1.05
==================================================
Balance: $116.47 | Regime: CHOP | Session: 0W/0L (0%) | PnL: $+0.00
[Cycle] No signal — YES=0.51 is between 0.30 and 0.70, sum=1.05 >= 0.97
[Ticker] KXETH15M-26APR081400-00
[Market] YES=0.38 | NO=0.65 | Sum=1.03
==================================================
Balance: $116.47 | Regime: CHOP | Session: 0W/0L (0%) | PnL: $+0.00
[Cycle] No signal — YES=0.38 is between 0.30 and 0.70, sum=1.03 >= 0.97
[Ticker] KXETH15M-26APR081400-00
[Market] YES=0.52 | NO=0.52 | Sum=1.04
==================================================
Balance: $116.47 | Regime: CHOP | Session: 0W/0L (0%) | PnL: $+0.00
[Cycle] No signal — YES=0.52 is between 0.30 and 0.70, sum=1.04 >= 0.97
[Ticker] KXETH15M-26APR081400-00
[Market] YES=0.28 | NO=0.76 | Sum=1.04
==================================================
Balance: $116.47 | Regime: CHOP | Session: 0W/0L (0%) | PnL: $+0.00
[Confidence] Score=3/10 | moderate_edge,coinbase_weak,2of3_agree
[Timing] Window 10 min old — skipping
[Cycle] No signal — YES=0.28 is between 0.30 and 0.70, sum=1.04 >= 0.97
[Ticker] KXETH15M-26APR081400-00
[Market] YES=0.28 | NO=0.77 | Sum=1.05
==================================================
Balance: $116.47 | Regime: CHOP | Session: 0W/0L (0%) | PnL: $+0.00
[Confidence] Score=4/10 | moderate_edge,coinbase_weak,all3_agree
[Timing] Window 11 min old — skipping
[Cycle] No signal — YES=0.28 is between 0.30 and 0.70, sum=1.05 >= 0.97
[Ticker] KXETH15M-26APR081400-00
[Market] YES=0.37 | NO=0.68 | Sum=1.05
==================================================
Balance: $116.47 | Regime: CHOP | Session: 0W/0L (0%) | PnL: $+0.00
[Cycle] No signal — YES=0.37 is between 0.30 and 0.70, sum=1.05 >= 0.97
[Ticker] KXETH15M-26APR081400-00
[Market] YES=0.35 | NO=0.68 | Sum=1.03
==================================================
Balance: $116.47 | Regime: CHOP | Session: 0W/0L (0%) | PnL: $+0.00
[Cycle] No signal — YES=0.35 is between 0.30 and 0.70, sum=1.03 >= 0.97
[Ticker] KXETH15M-26APR081400-00
[Market] YES=0.21 | NO=0.89 | Sum=1.10
==================================================
Balance: $116.47 | Regime: CHOP | Session: 0W/0L (0%) | PnL: $+0.00
[Confidence] Score=2/10 | moderate_edge,coinbase_weak
[Timing] Window 14 min old — skipping
[Cycle] No signal — YES=0.21 is between 0.30 and 0.70, sum=1.10 >= 0.97
[Ticker] KXETH15M-26APR081400-00
[Market] YES=0.01 | NO=1.00 | Sum=1.01
==================================================
Balance: $116.47 | Regime: CHOP | Session: 0W/0L (0%) | PnL: $+0.00
[Confidence] Score=6/10 | extreme_edge,coinbase_weak,all3_agree
[Timing] Window 0 min old — skipping
[Cycle] No signal — YES=0.01 is between 0.30 and 0.70, sum=1.01 >= 0.97
[Ticker] KXETH15M-26APR081415-15
[Market] YES=0.35 | NO=0.66 | Sum=1.01
==================================================
Balance: $116.47 | Regime: CHOP | Session: 0W/0L (0%) | PnL: $+0.00
[Cycle] No signal — YES=0.35 is between 0.30 and 0.70, sum=1.01 >= 0.97
[Ticker] KXETH15M-26APR081415-15
[Market] YES=0.35 | NO=0.70 | Sum=1.05
==================================================
Balance: $116.47 | Regime: CHOP | Session: 0W/0L (0%) | PnL: $+0.00
[Cycle] No signal — YES=0.35 is between 0.30 and 0.70, sum=1.05 >= 0.97
[Ticker] KXETH15M-26APR081415-15
[Market] YES=0.25 | NO=0.76 | Sum=1.01
==================================================
Balance: $116.47 | Regime: CHOP | Session: 0W/0L (0%) | PnL: $+0.00
[Confidence] Score=2/10 | moderate_edge,coinbase_weak
[Signal] DOWN candidate | yes=0.25 | waiting (1/2)
[Cycle] No signal — YES=0.25 is between 0.30 and 0.70, sum=1.01 >= 0.97
[Ticker] KXETH15M-26APR081415-15
[Market] YES=0.25 | NO=0.78 | Sum=1.03
==================================================
Balance: $116.47 | Regime: CHOP | Session: 0W/0L (0%) | PnL: $+0.00
[Confidence] Score=4/10 | moderate_edge,coinbase_weak,all3_agree
[Coinbase] Confirms DOWN | $2229 gap=-3 (0.11%)
[Kraken] Divergence 3122.41% — bet trimmed
[Correlation] All 3 agree — bet boosted
[Signal] CONFIRMED DOWN | yes=0.25 | edge=0.25 | bet=$2.16
[Safety] Balance $116.47 below floor $120.00
🛑 OpenClaw ETH Bot v4.0 halted: Balance $116.47 below floor $120.00

==================================================
OpenClaw ETH Bot v4.0 — LIVE
[Startup] Live balance synced: $116.47
Balance: $116.47 | MaxBet: $7.86 | Threshold: <0.30 or >0.70
==================================================

[Startup] Resting orders cleared
[Ticker] KXETH15M-26APR081415-15
[Market] YES=0.28 | NO=0.76 | Sum=1.04
==================================================
Balance: $116.47 | Regime: CHOP | Session: 0W/0L (0%) | PnL: $+0.00
[Confidence] Score=4/10 | moderate_edge,coinbase_weak,all3_agree
[Signal] DOWN candidate | yes=0.28 | waiting (1/2)
[Cycle] No signal — YES=0.28 is between 0.30 and 0.70, sum=1.04 >= 0.97
[Ticker] KXETH15M-26APR081415-15
[Market] YES=0.22 | NO=0.82 | Sum=1.04
==================================================
Balance: $116.47 | Regime: CHOP | Session: 0W/0L (0%) | PnL: $+0.00
[Confidence] Score=4/10 | moderate_edge,coinbase_weak,all3_agree
[Timing] Window 5 min old — skipping
[Cycle] No signal — YES=0.22 is between 0.30 and 0.70, sum=1.04 >= 0.97
[Ticker] KXETH15M-26APR081415-15
[Market] YES=0.39 | NO=0.66 | Sum=1.05
==================================================
Balance: $116.47 | Regime: CHOP | Session: 0W/0L (0%) | PnL: $+0.00
[Cycle] No signal — YES=0.39 is between 0.30 and 0.70, sum=1.05 >= 0.97
[Ticker] KXETH15M-26APR081415-15
[Market] YES=0.29 | NO=0.73 | Sum=1.02
==================================================
Balance: $116.47 | Regime: CHOP | Session: 0W/0L (0%) | PnL: $+0.00
[Confidence] Score=4/10 | moderate_edge,coinbase_weak,all3_agree
[Timing] Window 7 min old — skipping
[Cycle] No signal — YES=0.29 is between 0.30 and 0.70, sum=1.02 >= 0.97
[Ticker] KXETH15M-26APR081415-15
[Market] YES=0.44 | NO=0.57 | Sum=1.01
==================================================
Balance: $116.47 | Regime: CHOP | Session: 0W/0L (0%) | PnL: $+0.00
[Cycle] No signal — YES=0.44 is between 0.30 and 0.70, sum=1.01 >= 0.97
[Ticker] KXETH15M-26APR081415-15
[Market] YES=0.46 | NO=0.59 | Sum=1.05
==================================================
Balance: $116.47 | Regime: CHOP | Session: 0W/0L (0%) | PnL: $+0.00
[Cycle] No signal — YES=0.46 is between 0.30 and 0.70, sum=1.05 >= 0.97
[Ticker] KXETH15M-26APR081415-15
[Market] YES=0.12 | NO=0.90 | Sum=1.02
==================================================
Balance: $116.47 | Regime: CHOP | Session: 0W/0L (0%) | PnL: $+0.00
[Confidence] Score=5/10 | strong_edge,coinbase_weak,all3_agree
[Timing] Window 10 min old — skipping
[Cycle] No signal — YES=0.12 is between 0.30 and 0.70, sum=1.02 >= 0.97
[Ticker] KXETH15M-26APR081415-15
[Market] YES=0.04 | NO=0.97 | Sum=1.01
==================================================
Balance: $116.47 | Regime: CHOP | Session: 0W/0L (0%) | PnL: $+0.00
[Confidence] Score=6/10 | extreme_edge,coinbase_weak,all3_agree
[Timing] Window 11 min old — skipping
[Cycle] No signal — YES=0.04 is between 0.30 and 0.70, sum=1.01 >= 0.97
[Ticker] KXETH15M-26APR081415-15
[Market] YES=0.02 | NO=0.99 | Sum=1.01
==================================================
Balance: $116.47 | Regime: CHOP | Session: 0W/0L (0%) | PnL: $+0.00
[Confidence] Score=6/10 | extreme_edge,coinbase_weak,all3_agree
[Timing] Window 12 min old — skipping
[Cycle] No signal — YES=0.02 is between 0.30 and 0.70, sum=1.01 >= 0.97
[Ticker] KXETH15M-26APR081415-15
[Market] YES=0.00 | NO=1.00 | Sum=1.00
==================================================
Balance: $116.47 | Regime: CHOP | Session: 0W/0L (0%) | PnL: $+0.00
[Confidence] Score=6/10 | extreme_edge,coinbase_weak,all3_agree
[Timing] Window 13 min old — skipping
[Cycle] No signal — YES=0.00 is between 0.30 and 0.70, sum=1.00 >= 0.97
[Ticker] KXETH15M-26APR081415-15
[Market] YES=0.00 | NO=1.00 | Sum=1.00
==================================================
Balance: $116.47 | Regime: CHOP | Session: 0W/0L (0%) | PnL: $+0.00
[Confidence] Score=5/10 | extreme_edge,coinbase_weak,2of3_agree
[Timing] Window 14 min old — skipping
[Cycle] No signal — YES=0.00 is between 0.30 and 0.70, sum=1.00 >= 0.97
[Ticker] KXETH15M-26APR081415-15
[Market] YES=0.85 | NO=1.00 | Sum=1.85
==================================================
Balance: $116.47 | Regime: CHOP | Session: 0W/0L (0%) | PnL: $+0.00
[Confidence] Score=2/10 | strong_edge
[Timing] Window 0 min old — skipping
[Cycle] No signal — YES=0.85 is between 0.30 and 0.70, sum=1.85 >= 0.97
[Ticker] KXETH15M-26APR081430-30
[Market] YES=0.63 | NO=0.42 | Sum=1.05
==================================================
Balance: $116.47 | Regime: CHOP | Session: 0W/0L (0%) | PnL: $+0.00
[Cycle] No signal — YES=0.63 is between 0.30 and 0.70, sum=1.05 >= 0.97
[Ticker] KXETH15M-26APR081430-30
[Market] YES=0.57 | NO=0.44 | Sum=1.01
==================================================
Balance: $116.47 | Regime: CHOP | Session: 0W/0L (0%) | PnL: $+0.00
[Cycle] No signal — YES=0.57 is between 0.30 and 0.70, sum=1.01 >= 0.97
[Ticker] KXETH15M-26APR081430-30
[Market] YES=0.32 | NO=0.70 | Sum=1.02
==================================================
Balance: $116.47 | Regime: CHOP | Session: 0W/0L (0%) | PnL: $+0.00
[Cycle] No signal — YES=0.32 is between 0.30 and 0.70, sum=1.02 >= 0.97
[Ticker] KXETH15M-26APR081430-30
[Market] YES=0.10 | NO=0.92 | Sum=1.02
==================================================
Balance: $116.47 | Regime: BEAR | Session: 0W/0L (0%) | PnL: $+0.00
[Confidence] Score=5/10 | strong_edge,coinbase_weak,all3_agree
[Signal] DOWN candidate | yes=0.10 | waiting (1/2)
[Cycle] No signal — YES=0.10 is between 0.30 and 0.70, sum=1.02 >= 0.97
[Ticker] KXETH15M-26APR081430-30
[Market] YES=0.09 | NO=0.92 | Sum=1.01
==================================================
Balance: $116.47 | Regime: CHOP | Session: 0W/0L (0%) | PnL: $+0.00
[Confidence] Score=4/10 | strong_edge,coinbase_weak,2of3_agree
[Timing] Window 5 min old — skipping
[Cycle] No signal — YES=0.09 is between 0.30 and 0.70, sum=1.01 >= 0.97
[Ticker] KXETH15M-26APR081430-30
[Market] YES=0.07 | NO=0.96 | Sum=1.03
==================================================
Balance: $116.47 | Regime: CHOP | Session: 0W/0L (0%) | PnL: $+0.00
[Confidence] Score=5/10 | strong_edge,coinbase_weak,all3_agree
[Timing] Window 6 min old — skipping
[Cycle] No signal — YES=0.07 is between 0.30 and 0.70, sum=1.03 >= 0.97
[Ticker] KXETH15M-26APR081430-30
[Market] YES=0.05 | NO=0.97 | Sum=1.02
==================================================
Balance: $116.47 | Regime: CHOP | Session: 0W/0L (0%) | PnL: $+0.00
[Confidence] Score=5/10 | extreme_edge,coinbase_weak,2of3_agree
[Timing] Window 7 min old — skipping
[Cycle] No signal — YES=0.05 is between 0.30 and 0.70, sum=1.02 >= 0.97
[Ticker] KXETH15M-26APR081430-30
[Market] YES=0.05 | NO=0.97 | Sum=1.02
==================================================
Balance: $116.47 | Regime: CHOP | Session: 0W/0L (0%) | PnL: $+0.00
[Confidence] Score=6/10 | extreme_edge,coinbase_weak,all3_agree
[Timing] Window 8 min old — skipping
[Cycle] No signal — YES=0.05 is between 0.30 and 0.70, sum=1.02 >= 0.97
[Ticker] KXETH15M-26APR081430-30
[Market] YES=0.03 | NO=0.99 | Sum=1.02
==================================================
Balance: $116.47 | Regime: CHOP | Session: 0W/0L (0%) | PnL: $+0.00
[Confidence] Score=6/10 | extreme_edge,coinbase_strong,2of3_agree
[Timing] Window 9 min old — skipping
[Cycle] No signal — YES=0.03 is between 0.30 and 0.70, sum=1.02 >= 0.97
[Ticker] KXETH15M-26APR081430-30
[Market] YES=0.01 | NO=1.00 | Sum=1.01
==================================================
Balance: $116.47 | Regime: CHOP | Session: 0W/0L (0%) | PnL: $+0.00
[Confidence] Score=7/10 | extreme_edge,coinbase_strong,all3_agree
[Timing] Window 10 min old — skipping
[Cycle] No signal — YES=0.01 is between 0.30 and 0.70, sum=1.01 >= 0.97
[Ticker] KXETH15M-26APR081430-30
[Market] YES=0.01 | NO=1.00 | Sum=1.00
==================================================
Balance: $116.47 | Regime: CHOP | Session: 0W/0L (0%) | PnL: $+0.00
[Confidence] Score=7/10 | extreme_edge,coinbase_strong,all3_agree
[Timing] Window 11 min old — skipping
[Cycle] No signal — YES=0.01 is between 0.30 and 0.70, sum=1.00 >= 0.97
[Ticker] KXETH15M-26APR081430-30
[Market] YES=0.01 | NO=1.00 | Sum=1.00
==================================================
Balance: $116.47 | Regime: CHOP | Session: 0W/0L (0%) | PnL: $+0.00
[Confidence] Score=7/10 | extreme_edge,coinbase_strong,all3_agree
[Timing] Window 12 min old — skipping
[Cycle] No signal — YES=0.01 is between 0.30 and 0.70, sum=1.00 >= 0.97
[Ticker] KXETH15M-26APR081430-30
[Market] YES=0.00 | NO=1.00 | Sum=1.00
==================================================
Balance: $116.47 | Regime: CHOP | Session: 0W/0L (0%) | PnL: $+0.00
[Confidence] Score=6/10 | extreme_edge,coinbase_strong,2of3_agree
[Timing] Window 13 min old — skipping
[Cycle] No signal — YES=0.00 is between 0.30 and 0.70, sum=1.00 >= 0.97
[Ticker] KXETH15M-26APR081430-30
[Market] YES=0.00 | NO=1.00 | Sum=1.00
==================================================
Balance: $116.47 | Regime: CHOP | Session: 0W/0L (0%) | PnL: $+0.00
[Confidence] Score=6/10 | extreme_edge,coinbase_strong,2of3_agree
[Timing] Window 14 min old — skipping
[Cycle] No signal — YES=0.00 is between 0.30 and 0.70, sum=1.00 >= 0.97
[Ticker] KXETH15M-26APR081430-30
[Market] YES=0.85 | NO=1.00 | Sum=1.85
==================================================
Balance: $116.47 | Regime: CHOP | Session: 0W/0L (0%) | PnL: $+0.00
[Confidence] Score=2/10 | strong_edge
[Timing] Window 0 min old — skipping
[Cycle] No signal — YES=0.85 is between 0.30 and 0.70, sum=1.85 >= 0.97
[Ticker] KXETH15M-26APR081445-45
[Market] YES=0.75 | NO=0.29 | Sum=1.04
==================================================
Balance: $116.47 | Regime: CHOP | Session: 0W/0L (0%) | PnL: $+0.00
[Confidence] Score=2/10 | moderate_edge,coinbase_weak
[Signal] UP candidate | yes=0.75 | waiting (1/2)
[Cycle] No signal — YES=0.75 is between 0.30 and 0.70, sum=1.04 >= 0.97
[Ticker] KXETH15M-26APR081445-45
[Market] YES=0.79 | NO=0.25 | Sum=1.04
==================================================
Balance: $116.47 | Regime: CHOP | Session: 0W/0L (0%) | PnL: $+0.00
[Confidence] Score=2/10 | moderate_edge,coinbase_weak
[Coinbase] Confirms UP | $2218 gap=+4 (0.19%)
[Kraken] Divergence 3124.16% — bet trimmed
[Correlation] 2/3 agree UP
[Signal] CONFIRMED UP | yes=0.79 | edge=0.29 | bet=$2.05
[Safety] Balance $116.47 below floor $120.00
🛑 OpenClaw ETH Bot v4.0 halted: Balance $116.47 below floor $120.00

==================================================
OpenClaw ETH Bot v4.0 — LIVE
[Startup] Live balance synced: $116.47
Balance: $116.47 | MaxBet: $7.86 | Threshold: <0.30 or >0.70
==================================================

[Startup] Resting orders cleared
[Ticker] KXETH15M-26APR081445-45
[Market] YES=0.79 | NO=0.25 | Sum=1.04
==================================================
Balance: $116.47 | Regime: CHOP | Session: 0W/0L (0%) | PnL: $+0.00
[Confidence] Score=2/10 | moderate_edge,coinbase_weak
[Signal] UP candidate | yes=0.79 | waiting (1/2)
[Cycle] No signal — YES=0.79 is between 0.30 and 0.70, sum=1.04 >= 0.97
[Ticker] KXETH15M-26APR081445-45
[Market] YES=0.77 | NO=0.26 | Sum=1.03
==================================================
Balance: $116.47 | Regime: CHOP | Session: 0W/0L (0%) | PnL: $+0.00
[Confidence] Score=2/10 | moderate_edge,coinbase_weak
[Coinbase] Confirms UP | $2217 gap=+4 (0.17%)
[Kraken] Divergence 3125.71% — bet trimmed
[Correlation] 2/3 agree UP
[Signal] CONFIRMED UP | yes=0.77 | edge=0.27 | bet=$1.91
[CorrGuard] 2 bots already fired — skipping to avoid correlated loss
[Cycle] No signal — YES=0.77 is between 0.30 and 0.70, sum=1.03 >= 0.97
[Ticker] KXETH15M-26APR081445-45
[Market] YES=0.78 | NO=0.26 | Sum=1.04
==================================================
Balance: $116.47 | Regime: CHOP | Session: 0W/0L (0%) | PnL: $+0.00
[Confidence] Score=2/10 | moderate_edge,coinbase_weak
[Coinbase] Confirms UP | $2216 gap=+3 (0.14%)
[Kraken] Divergence 3126.80% — bet trimmed
[Correlation] 2/3 agree UP
[Signal] CONFIRMED UP | yes=0.78 | edge=0.28 | bet=$1.98
[Safety] Balance $116.47 below floor $120.00
🛑 OpenClaw ETH Bot v4.0 halted: Balance $116.47 below floor $120.00

==================================================
OpenClaw ETH Bot v4.0 — LIVE
[Startup] Live balance synced: $116.47
Balance: $116.47 | MaxBet: $7.86 | Threshold: <0.30 or >0.70
==================================================

[Startup] Resting orders cleared
[Ticker] KXETH15M-26APR081445-45
[Market] YES=0.82 | NO=0.20 | Sum=1.02
==================================================
Balance: $116.47 | Regime: CHOP | Session: 0W/0L (0%) | PnL: $+0.00
[Confidence] Score=3/10 | strong_edge,coinbase_weak
[Signal] UP candidate | yes=0.82 | waiting (1/2)
[Cycle] No signal — YES=0.82 is between 0.30 and 0.70, sum=1.02 >= 0.97
[Ticker] KXETH15M-26APR081445-45
[Market] YES=0.92 | NO=0.12 | Sum=1.04
==================================================
Balance: $116.47 | Regime: CHOP | Session: 0W/0L (0%) | PnL: $+0.00
[Confidence] Score=3/10 | strong_edge,coinbase_weak
[Timing] Window 5 min old — skipping
[Cycle] No signal — YES=0.92 is between 0.30 and 0.70, sum=1.04 >= 0.97
[Ticker] KXETH15M-26APR081445-45
[Market] YES=0.78 | NO=0.27 | Sum=1.05
==================================================
Balance: $116.47 | Regime: CHOP | Session: 0W/0L (0%) | PnL: $+0.00
[Confidence] Score=2/10 | moderate_edge,coinbase_weak
[Timing] Window 6 min old — skipping
[Cycle] No signal — YES=0.78 is between 0.30 and 0.70, sum=1.05 >= 0.97
[Ticker] KXETH15M-26APR081445-45
[Market] YES=0.75 | NO=0.30 | Sum=1.05
==================================================
Balance: $116.47 | Regime: CHOP | Session: 0W/0L (0%) | PnL: $+0.00
[Confidence] Score=2/10 | moderate_edge,coinbase_weak
[Timing] Window 7 min old — skipping
[Cycle] No signal — YES=0.75 is between 0.30 and 0.70, sum=1.05 >= 0.97
[Ticker] KXETH15M-26APR081445-45
[Market] YES=0.81 | NO=0.23 | Sum=1.04
==================================================
Balance: $116.47 | Regime: CHOP | Session: 0W/0L (0%) | PnL: $+0.00
[Confidence] Score=3/10 | strong_edge,coinbase_weak
[Timing] Window 8 min old — skipping
[Cycle] No signal — YES=0.81 is between 0.30 and 0.70, sum=1.04 >= 0.97
[Ticker] KXETH15M-26APR081445-45
[Market] YES=0.78 | NO=0.27 | Sum=1.05
==================================================
Balance: $116.47 | Regime: CHOP | Session: 0W/0L (0%) | PnL: $+0.00
[Confidence] Score=2/10 | moderate_edge,coinbase_weak
[Timing] Window 9 min old — skipping
[Cycle] No signal — YES=0.78 is between 0.30 and 0.70, sum=1.05 >= 0.97
[Ticker] KXETH15M-26APR081445-45
[Market] YES=0.46 | NO=0.58 | Sum=1.04
==================================================
Balance: $116.47 | Regime: CHOP | Session: 0W/0L (0%) | PnL: $+0.00
[Cycle] No signal — YES=0.46 is between 0.30 and 0.70, sum=1.04 >= 0.97
[Ticker] KXETH15M-26APR081445-45
[Market] YES=0.10 | NO=0.92 | Sum=1.02
==================================================
Balance: $116.47 | Regime: CHOP | Session: 0W/0L (0%) | PnL: $+0.00
[Confidence] Score=5/10 | strong_edge,coinbase_weak,all3_agree
[Timing] Window 11 min old — skipping
[Cycle] No signal — YES=0.10 is between 0.30 and 0.70, sum=1.02 >= 0.97
[Ticker] KXETH15M-26APR081445-45
[Market] YES=0.08 | NO=0.94 | Sum=1.02
==================================================
Balance: $116.47 | Regime: CHOP | Session: 0W/0L (0%) | PnL: $+0.00
[Confidence] Score=5/10 | strong_edge,coinbase_weak,all3_agree
[Timing] Window 12 min old — skipping
[Cycle] No signal — YES=0.08 is between 0.30 and 0.70, sum=1.02 >= 0.97
[Ticker] KXETH15M-26APR081445-45
[Market] YES=0.02 | NO=0.99 | Sum=1.01
==================================================
Balance: $116.47 | Regime: CHOP | Session: 0W/0L (0%) | PnL: $+0.00
[Confidence] Score=6/10 | extreme_edge,coinbase_weak,all3_agree
[Timing] Window 13 min old — skipping
[Cycle] No signal — YES=0.02 is between 0.30 and 0.70, sum=1.01 >= 0.97
[Ticker] KXETH15M-26APR081445-45
[Market] YES=0.00 | NO=1.00 | Sum=1.00
==================================================
Balance: $116.47 | Regime: CHOP | Session: 0W/0L (0%) | PnL: $+0.00
[Confidence] Score=6/10 | extreme_edge,coinbase_weak,all3_agree
[Timing] Window 14 min old — skipping
[Cycle] No signal — YES=0.00 is between 0.30 and 0.70, sum=1.00 >= 0.97
[Ticker] KXETH15M-26APR081445-45
[Market] YES=0.00 | NO=1.00 | Sum=1.00
==================================================
Balance: $116.47 | Regime: CHOP | Session: 0W/0L (0%) | PnL: $+0.00
[Confidence] Score=6/10 | extreme_edge,coinbase_weak,all3_agree
[Timing] Window 0 min old — skipping
[Cycle] No signal — YES=0.00 is between 0.30 and 0.70, sum=1.00 >= 0.97
[Ticker] KXETH15M-26APR081500-00
[Market] YES=0.61 | NO=0.41 | Sum=1.02
==================================================
Balance: $116.47 | Regime: CHOP | Session: 0W/0L (0%) | PnL: $+0.00
[Cycle] No signal — YES=0.61 is between 0.30 and 0.70, sum=1.02 >= 0.97
[Ticker] KXETH15M-26APR081500-00
[Market] YES=0.67 | NO=0.38 | Sum=1.05
==================================================
Balance: $116.47 | Regime: CHOP | Session: 0W/0L (0%) | PnL: $+0.00
[Cycle] No signal — YES=0.67 is between 0.30 and 0.70, sum=1.05 >= 0.97
[Ticker] KXETH15M-26APR081500-00
[Market] YES=0.56 | NO=0.48 | Sum=1.04
==================================================
Balance: $116.47 | Regime: CHOP | Session: 0W/0L (0%) | PnL: $+0.00
[Cycle] No signal — YES=0.56 is between 0.30 and 0.70, sum=1.04 >= 0.97
[Ticker] KXETH15M-26APR081500-00
[Market] YES=0.44 | NO=0.59 | Sum=1.03
==================================================
Balance: $116.47 | Regime: CHOP | Session: 0W/0L (0%) | PnL: $+0.00
[Cycle] No signal — YES=0.44 is between 0.30 and 0.70, sum=1.03 >= 0.97
[Ticker] KXETH15M-26APR081500-00
[Market] YES=0.30 | NO=0.74 | Sum=1.04
==================================================
Balance: $116.47 | Regime: CHOP | Session: 0W/0L (0%) | PnL: $+0.00
[Cycle] No signal — YES=0.30 is between 0.30 and 0.70, sum=1.04 >= 0.97
[Ticker] KXETH15M-26APR081500-00
[Market] YES=0.29 | NO=0.72 | Sum=1.01
==================================================
Balance: $116.47 | Regime: CHOP | Session: 0W/0L (0%) | PnL: $+0.00
[Confidence] Score=4/10 | moderate_edge,coinbase_weak,all3_agree
[Timing] Window 6 min old — skipping
[Cycle] No signal — YES=0.29 is between 0.30 and 0.70, sum=1.01 >= 0.97
[Ticker] KXETH15M-26APR081500-00
[Market] YES=0.37 | NO=0.68 | Sum=1.05
==================================================
Balance: $116.47 | Regime: CHOP | Session: 0W/0L (0%) | PnL: $+0.00
[Cycle] No signal — YES=0.37 is between 0.30 and 0.70, sum=1.05 >= 0.97
[Ticker] KXETH15M-26APR081500-00
[Market] YES=0.23 | NO=0.78 | Sum=1.01
==================================================
Balance: $116.47 | Regime: CHOP | Session: 0W/0L (0%) | PnL: $+0.00
[Confidence] Score=4/10 | moderate_edge,coinbase_weak,all3_agree
[Timing] Window 8 min old — skipping
[Cycle] No signal — YES=0.23 is between 0.30 and 0.70, sum=1.01 >= 0.97
[Ticker] KXETH15M-26APR081500-00
[Market] YES=0.10 | NO=0.92 | Sum=1.02
==================================================
Balance: $116.47 | Regime: CHOP | Session: 0W/0L (0%) | PnL: $+0.00
[Confidence] Score=4/10 | strong_edge,coinbase_weak,2of3_agree
[Timing] Window 9 min old — skipping
[Cycle] No signal — YES=0.10 is between 0.30 and 0.70, sum=1.02 >= 0.97
[Ticker] KXETH15M-26APR081500-00
[Market] YES=0.03 | NO=0.98 | Sum=1.01
==================================================
Balance: $116.47 | Regime: CHOP | Session: 0W/0L (0%) | PnL: $+0.00
[Confidence] Score=6/10 | extreme_edge,coinbase_weak,all3_agree
[Timing] Window 10 min old — skipping
[Cycle] No signal — YES=0.03 is between 0.30 and 0.70, sum=1.01 >= 0.97
[Ticker] KXETH15M-26APR081500-00
[Market] YES=0.01 | NO=0.99 | Sum=1.00
==================================================
Balance: $116.47 | Regime: CHOP | Session: 0W/0L (0%) | PnL: $+0.00
[Confidence] Score=6/10 | extreme_edge,coinbase_weak,all3_agree
[Timing] Window 11 min old — skipping
[Cycle] No signal — YES=0.01 is between 0.30 and 0.70, sum=1.00 >= 0.97
[Ticker] KXETH15M-26APR081500-00
[Market] YES=0.01 | NO=1.00 | Sum=1.01
==================================================
Balance: $116.47 | Regime: CHOP | Session: 0W/0L (0%) | PnL: $+0.00
[Confidence] Score=6/10 | extreme_edge,coinbase_weak,all3_agree
[Timing] Window 12 min old — skipping
[Cycle] No signal — YES=0.01 is between 0.30 and 0.70, sum=1.01 >= 0.97
[Ticker] KXETH15M-26APR081500-00
[Market] YES=0.01 | NO=1.00 | Sum=1.00
==================================================
Balance: $116.47 | Regime: CHOP | Session: 0W/0L (0%) | PnL: $+0.00
[Confidence] Score=6/10 | extreme_edge,coinbase_weak,all3_agree
[Timing] Window 13 min old — skipping
[Cycle] No signal — YES=0.01 is between 0.30 and 0.70, sum=1.00 >= 0.97
[Ticker] KXETH15M-26APR081500-00
[Market] YES=0.00 | NO=1.00 | Sum=1.00
==================================================
Balance: $116.47 | Regime: CHOP | Session: 0W/0L (0%) | PnL: $+0.00
[Confidence] Score=6/10 | extreme_edge,coinbase_weak,all3_agree
[Timing] Window 14 min old — skipping
[Cycle] No signal — YES=0.00 is between 0.30 and 0.70, sum=1.00 >= 0.97
[Ticker] KXETH15M-26APR081515-15
[Market] YES=0.48 | NO=0.62 | Sum=1.10
==================================================
Balance: $116.47 | Regime: CHOP | Session: 0W/0L (0%) | PnL: $+0.00
[Cycle] No signal — YES=0.48 is between 0.30 and 0.70, sum=1.10 >= 0.97
[Ticker] KXETH15M-26APR081515-15
[Market] YES=0.43 | NO=0.58 | Sum=1.01
==================================================
Balance: $116.47 | Regime: CHOP | Session: 0W/0L (0%) | PnL: $+0.00
[Cycle] No signal — YES=0.43 is between 0.30 and 0.70, sum=1.01 >= 0.97
[Ticker] KXETH15M-26APR081515-15
[Market] YES=0.38 | NO=0.65 | Sum=1.03
==================================================
Balance: $116.47 | Regime: CHOP | Session: 0W/0L (0%) | PnL: $+0.00
[Cycle] No signal — YES=0.38 is between 0.30 and 0.70, sum=1.03 >= 0.97
[Ticker] KXETH15M-26APR081515-15
[Market] YES=0.41 | NO=0.64 | Sum=1.05
==================================================
Balance: $116.47 | Regime: CHOP | Session: 0W/0L (0%) | PnL: $+0.00
[Cycle] No signal — YES=0.41 is between 0.30 and 0.70, sum=1.05 >= 0.97
[Ticker] KXETH15M-26APR081515-15
[Market] YES=0.39 | NO=0.65 | Sum=1.04
==================================================
Balance: $116.47 | Regime: CHOP | Session: 0W/0L (0%) | PnL: $+0.00
[Cycle] No signal — YES=0.39 is between 0.30 and 0.70, sum=1.04 >= 0.97
[Ticker] KXETH15M-26APR081515-15
[Market] YES=0.38 | NO=0.65 | Sum=1.03
==================================================
Balance: $116.47 | Regime: CHOP | Session: 0W/0L (0%) | PnL: $+0.00
[Cycle] No signal — YES=0.38 is between 0.30 and 0.70, sum=1.03 >= 0.97
[Ticker] KXETH15M-26APR081515-15
[Market] YES=0.33 | NO=0.68 | Sum=1.01
==================================================
Balance: $116.47 | Regime: CHOP | Session: 0W/0L (0%) | PnL: $+0.00
[Cycle] No signal — YES=0.33 is between 0.30 and 0.70, sum=1.01 >= 0.97
[Ticker] KXETH15M-26APR081515-15
[Market] YES=0.57 | NO=0.48 | Sum=1.05
==================================================
Balance: $116.47 | Regime: CHOP | Session: 0W/0L (0%) | PnL: $+0.00
[Cycle] No signal — YES=0.57 is between 0.30 and 0.70, sum=1.05 >= 0.97
[Ticker] KXETH15M-26APR081515-15
[Market] YES=0.78 | NO=0.27 | Sum=1.05
==================================================
Balance: $116.47 | Regime: CHOP | Session: 0W/0L (0%) | PnL: $+0.00
[Confidence] Score=3/10 | moderate_edge,coinbase_weak,peak_hour
[Timing] Window 8 min old — skipping
[Cycle] No signal — YES=0.78 is between 0.30 and 0.70, sum=1.05 >= 0.97
[Ticker] KXETH15M-26APR081515-15
[Market] YES=0.57 | NO=0.46 | Sum=1.03
==================================================
Balance: $116.47 | Regime: CHOP | Session: 0W/0L (0%) | PnL: $+0.00
[Cycle] No signal — YES=0.57 is between 0.30 and 0.70, sum=1.03 >= 0.97
[Ticker] KXETH15M-26APR081515-15
[Market] YES=0.91 | NO=0.12 | Sum=1.03
==================================================
Balance: $116.47 | Regime: CHOP | Session: 0W/0L (0%) | PnL: $+0.00
[Confidence] Score=4/10 | strong_edge,coinbase_weak,peak_hour
[Timing] Window 10 min old — skipping
[Cycle] No signal — YES=0.91 is between 0.30 and 0.70, sum=1.03 >= 0.97
[Ticker] KXETH15M-26APR081515-15
[Market] YES=0.95 | NO=0.06 | Sum=1.01
==================================================
Balance: $116.47 | Regime: CHOP | Session: 0W/0L (0%) | PnL: $+0.00
[Confidence] Score=4/10 | strong_edge,coinbase_weak,peak_hour
[Timing] Window 11 min old — skipping
[Cycle] No signal — YES=0.95 is between 0.30 and 0.70, sum=1.01 >= 0.97
[Ticker] KXETH15M-26APR081515-15
[Market] YES=0.99 | NO=0.02 | Sum=1.01
==================================================
Balance: $116.47 | Regime: CHOP | Session: 0W/0L (0%) | PnL: $+0.00
[Confidence] Score=5/10 | extreme_edge,coinbase_weak,peak_hour
[Timing] Window 12 min old — skipping
[Cycle] No signal — YES=0.99 is between 0.30 and 0.70, sum=1.01 >= 0.97
[Ticker] KXETH15M-26APR081515-15
[Market] YES=1.00 | NO=0.01 | Sum=1.00
==================================================
Balance: $116.47 | Regime: CHOP | Session: 0W/0L (0%) | PnL: $+0.00
[Confidence] Score=5/10 | extreme_edge,coinbase_weak,peak_hour
[Timing] Window 13 min old — skipping
[Cycle] No signal — YES=1.00 is between 0.30 and 0.70, sum=1.00 >= 0.97
[Ticker] KXETH15M-26APR081515-15
[Market] YES=1.00 | NO=0.01 | Sum=1.00
==================================================
Balance: $116.47 | Regime: CHOP | Session: 0W/0L (0%) | PnL: $+0.00
[Confidence] Score=5/10 | extreme_edge,coinbase_weak,peak_hour
[Timing] Window 14 min old — skipping
[Cycle] No signal — YES=1.00 is between 0.30 and 0.70, sum=1.00 >= 0.97
[Ticker] KXETH15M-26APR081515-15
[Market] YES=1.00 | NO=0.01 | Sum=1.01
==================================================
Balance: $116.47 | Regime: CHOP | Session: 0W/0L (0%) | PnL: $+0.00
[Confidence] Score=5/10 | extreme_edge,coinbase_weak,peak_hour
[Timing] Window 0 min old — skipping
[Cycle] No signal — YES=1.00 is between 0.30 and 0.70, sum=1.01 >= 0.97
[Ticker] KXETH15M-26APR081530-30
[Market] YES=0.58 | NO=0.45 | Sum=1.03
==================================================
Balance: $116.47 | Regime: CHOP | Session: 0W/0L (0%) | PnL: $+0.00
[Cycle] No signal — YES=0.58 is between 0.30 and 0.70, sum=1.03 >= 0.97
[Ticker] KXETH15M-26APR081530-30
[Market] YES=0.48 | NO=0.54 | Sum=1.02
==================================================
Balance: $116.47 | Regime: CHOP | Session: 0W/0L (0%) | PnL: $+0.00
[Cycle] No signal — YES=0.48 is between 0.30 and 0.70, sum=1.02 >= 0.97
[Ticker] KXETH15M-26APR081530-30
[Market] YES=0.41 | NO=0.62 | Sum=1.03
==================================================
Balance: $116.47 | Regime: CHOP | Session: 0W/0L (0%) | PnL: $+0.00
[Cycle] No signal — YES=0.41 is between 0.30 and 0.70, sum=1.03 >= 0.97
[Ticker] KXETH15M-26APR081530-30
[Market] YES=0.37 | NO=0.68 | Sum=1.05
==================================================
Balance: $116.47 | Regime: CHOP | Session: 0W/0L (0%) | PnL: $+0.00
[Cycle] No signal — YES=0.37 is between 0.30 and 0.70, sum=1.05 >= 0.97
[Ticker] KXETH15M-26APR081530-30
[Market] YES=0.32 | NO=0.72 | Sum=1.04
==================================================
Balance: $116.47 | Regime: CHOP | Session: 0W/0L (0%) | PnL: $+0.00
[Cycle] No signal — YES=0.32 is between 0.30 and 0.70, sum=1.04 >= 0.97
[Ticker] KXETH15M-26APR081530-30
[Market] YES=0.44 | NO=0.61 | Sum=1.05
==================================================
Balance: $116.47 | Regime: CHOP | Session: 0W/0L (0%) | PnL: $+0.00
[Cycle] No signal — YES=0.44 is between 0.30 and 0.70, sum=1.05 >= 0.97
[Ticker] KXETH15M-26APR081530-30
[Market] YES=0.29 | NO=0.76 | Sum=1.05
==================================================
Balance: $116.47 | Regime: CHOP | Session: 0W/0L (0%) | PnL: $+0.00
[Confidence] Score=5/10 | moderate_edge,coinbase_weak,all3_agree,peak_hour
[Timing] Window 7 min old — skipping
[Cycle] No signal — YES=0.29 is between 0.30 and 0.70, sum=1.05 >= 0.97
[Ticker] KXETH15M-26APR081530-30
[Market] YES=0.12 | NO=0.91 | Sum=1.03
==================================================
Balance: $116.47 | Regime: CHOP | Session: 0W/0L (0%) | PnL: $+0.00
[Confidence] Score=5/10 | strong_edge,coinbase_weak,2of3_agree,peak_hour
[Timing] Window 8 min old — skipping
[Cycle] No signal — YES=0.12 is between 0.30 and 0.70, sum=1.03 >= 0.97
[Ticker] KXETH15M-26APR081530-30
[Market] YES=0.23 | NO=0.78 | Sum=1.01
==================================================
Balance: $116.47 | Regime: CHOP | Session: 0W/0L (0%) | PnL: $+0.00
[Confidence] Score=5/10 | moderate_edge,coinbase_weak,all3_agree,peak_hour
[Timing] Window 9 min old — skipping
[Cycle] No signal — YES=0.23 is between 0.30 and 0.70, sum=1.01 >= 0.97
[Ticker] KXETH15M-26APR081530-30
[Market] YES=0.41 | NO=0.64 | Sum=1.05
==================================================
Balance: $116.47 | Regime: CHOP | Session: 0W/0L (0%) | PnL: $+0.00
[Cycle] No signal — YES=0.41 is between 0.30 and 0.70, sum=1.05 >= 0.97
[Ticker] KXETH15M-26APR081530-30
[Market] YES=0.36 | NO=0.68 | Sum=1.04
==================================================
Balance: $116.47 | Regime: CHOP | Session: 0W/0L (0%) | PnL: $+0.00
[Cycle] No signal — YES=0.36 is between 0.30 and 0.70, sum=1.04 >= 0.97
[Ticker] KXETH15M-26APR081530-30
[Market] YES=0.02 | NO=0.98 | Sum=1.00
==================================================
Balance: $116.47 | Regime: CHOP | Session: 0W/0L (0%) | PnL: $+0.00
[Confidence] Score=6/10 | extreme_edge,coinbase_weak,2of3_agree,peak_hour
[Timing] Window 12 min old — skipping
[Cycle] No signal — YES=0.02 is between 0.30 and 0.70, sum=1.00 >= 0.97
[Ticker] KXETH15M-26APR081530-30
[Market] YES=0.01 | NO=1.00 | Sum=1.01
==================================================
Balance: $116.47 | Regime: CHOP | Session: 0W/0L (0%) | PnL: $+0.00
[Confidence] Score=7/10 | extreme_edge,coinbase_weak,all3_agree,peak_hour
[Timing] Window 13 min old — skipping
[Cycle] No signal — YES=0.01 is between 0.30 and 0.70, sum=1.01 >= 0.97
[Ticker] KXETH15M-26APR081530-30
[Market] YES=0.00 | NO=1.00 | Sum=1.00
==================================================
Balance: $116.47 | Regime: CHOP | Session: 0W/0L (0%) | PnL: $+0.00
[Confidence] Score=6/10 | extreme_edge,coinbase_weak,2of3_agree,peak_hour
[Timing] Window 14 min old — skipping
[Cycle] No signal — YES=0.00 is between 0.30 and 0.70, sum=1.00 >= 0.97
[Ticker] KXETH15M-26APR081545-45
[Market] YES=0.54 | NO=0.51 | Sum=1.05
==================================================
Balance: $116.47 | Regime: CHOP | Session: 0W/0L (0%) | PnL: $+0.00
[Cycle] No signal — YES=0.54 is between 0.30 and 0.70, sum=1.05 >= 0.97
[Ticker] KXETH15M-26APR081545-45
[Market] YES=0.60 | NO=0.43 | Sum=1.03
==================================================
Balance: $116.47 | Regime: CHOP | Session: 0W/0L (0%) | PnL: $+0.00
[Cycle] No signal — YES=0.60 is between 0.30 and 0.70, sum=1.03 >= 0.97
[Ticker] KXETH15M-26APR081545-45
[Market] YES=0.70 | NO=0.33 | Sum=1.03
==================================================
Balance: $116.47 | Regime: CHOP | Session: 0W/0L (0%) | PnL: $+0.00
[Cycle] No signal — YES=0.70 is between 0.30 and 0.70, sum=1.03 >= 0.97
[Ticker] KXETH15M-26APR081545-45
[Market] YES=0.73 | NO=0.28 | Sum=1.01
==================================================
Balance: $116.47 | Regime: CHOP | Session: 0W/0L (0%) | PnL: $+0.00
[Confidence] Score=3/10 | moderate_edge,coinbase_weak,peak_hour
[Signal] UP candidate | yes=0.73 | waiting (1/2)
[Cycle] No signal — YES=0.73 is between 0.30 and 0.70, sum=1.01 >= 0.97
[Ticker] KXETH15M-26APR081545-45
[Market] YES=0.63 | NO=0.42 | Sum=1.05
==================================================
Balance: $116.47 | Regime: CHOP | Session: 0W/0L (0%) | PnL: $+0.00
[Cycle] No signal — YES=0.63 is between 0.30 and 0.70, sum=1.05 >= 0.97
[Ticker] KXETH15M-26APR081545-45
[Market] YES=0.71 | NO=0.32 | Sum=1.03
==================================================
Balance: $116.47 | Regime: CHOP | Session: 0W/0L (0%) | PnL: $+0.00
[Confidence] Score=3/10 | moderate_edge,coinbase_weak,peak_hour
[Timing] Window 5 min old — skipping
[Cycle] No signal — YES=0.71 is between 0.30 and 0.70, sum=1.03 >= 0.97
[Ticker] KXETH15M-26APR081545-45
[Market] YES=0.84 | NO=0.20 | Sum=1.04
==================================================
Balance: $116.47 | Regime: CHOP | Session: 0W/0L (0%) | PnL: $+0.00
[Confidence] Score=4/10 | strong_edge,coinbase_weak,peak_hour
[Timing] Window 6 min old — skipping
[Cycle] No signal — YES=0.84 is between 0.30 and 0.70, sum=1.04 >= 0.97
[Ticker] KXETH15M-26APR081545-45
[Market] YES=0.94 | NO=0.09 | Sum=1.03
==================================================
Balance: $116.47 | Regime: CHOP | Session: 0W/0L (0%) | PnL: $+0.00
[Confidence] Score=4/10 | strong_edge,coinbase_weak,peak_hour
[Timing] Window 7 min old — skipping
[Cycle] No signal — YES=0.94 is between 0.30 and 0.70, sum=1.03 >= 0.97
[Ticker] KXETH15M-26APR081545-45
[Market] YES=0.97 | NO=0.06 | Sum=1.02
==================================================
Balance: $116.47 | Regime: CHOP | Session: 0W/0L (0%) | PnL: $+0.00
[Confidence] Score=5/10 | extreme_edge,coinbase_weak,peak_hour
[Timing] Window 8 min old — skipping
[Cycle] No signal — YES=0.97 is between 0.30 and 0.70, sum=1.02 >= 0.97
[Ticker] KXETH15M-26APR081545-45
[Market] YES=0.99 | NO=0.02 | Sum=1.01
==================================================
Balance: $116.47 | Regime: CHOP | Session: 0W/0L (0%) | PnL: $+0.00
[Confidence] Score=5/10 | extreme_edge,coinbase_weak,peak_hour
[Timing] Window 9 min old — skipping
[Cycle] No signal — YES=0.99 is between 0.30 and 0.70, sum=1.01 >= 0.97
[Ticker] KXETH15M-26APR081545-45
[Market] YES=0.98 | NO=0.02 | Sum=1.00
==================================================
Balance: $116.47 | Regime: CHOP | Session: 0W/0L (0%) | PnL: $+0.00
[Confidence] Score=5/10 | extreme_edge,coinbase_weak,peak_hour
[Timing] Window 10 min old — skipping
[Cycle] No signal — YES=0.98 is between 0.30 and 0.70, sum=1.00 >= 0.97
[Ticker] KXETH15M-26APR081545-45
[Market] YES=0.97 | NO=0.05 | Sum=1.02
==================================================
Balance: $116.47 | Regime: CHOP | Session: 0W/0L (0%) | PnL: $+0.00
[Confidence] Score=5/10 | extreme_edge,coinbase_weak,peak_hour
[Timing] Window 11 min old — skipping
[Cycle] No signal — YES=0.97 is between 0.30 and 0.70, sum=1.02 >= 0.97
[Ticker] KXETH15M-26APR081545-45
[Market] YES=0.95 | NO=0.06 | Sum=1.01
==================================================
Balance: $116.47 | Regime: CHOP | Session: 0W/0L (0%) | PnL: $+0.00
[Confidence] Score=4/10 | strong_edge,coinbase_weak,peak_hour
[Timing] Window 12 min old — skipping
[Cycle] No signal — YES=0.95 is between 0.30 and 0.70, sum=1.01 >= 0.97
[Ticker] KXETH15M-26APR081545-45
[Market] YES=1.00 | NO=0.00 | Sum=1.00
==================================================
Balance: $116.47 | Regime: CHOP | Session: 0W/0L (0%) | PnL: $+0.00
[Confidence] Score=5/10 | extreme_edge,coinbase_weak,peak_hour
[Timing] Window 13 min old — skipping
[Cycle] No signal — YES=1.00 is between 0.30 and 0.70, sum=1.00 >= 0.97
[Ticker] KXETH15M-26APR081545-45
[Market] YES=1.00 | NO=0.00 | Sum=1.00
==================================================
Balance: $116.47 | Regime: CHOP | Session: 0W/0L (0%) | PnL: $+0.00
[Confidence] Score=5/10 | extreme_edge,coinbase_weak,peak_hour
[Timing] Window 14 min old — skipping
[Cycle] No signal — YES=1.00 is between 0.30 and 0.70, sum=1.00 >= 0.97
[Ticker] KXETH15M-26APR081600-00
[Market] YES=0.60 | NO=0.45 | Sum=1.05
==================================================
Balance: $116.47 | Regime: CHOP | Session: 0W/0L (0%) | PnL: $+0.00
[Cycle] No signal — YES=0.60 is between 0.30 and 0.70, sum=1.05 >= 0.97
[Ticker] KXETH15M-26APR081600-00
[Market] YES=0.54 | NO=0.47 | Sum=1.01
==================================================
Balance: $116.47 | Regime: CHOP | Session: 0W/0L (0%) | PnL: $+0.00
[Cycle] No signal — YES=0.54 is between 0.30 and 0.70, sum=1.01 >= 0.97
[Ticker] KXETH15M-26APR081600-00
[Market] YES=0.55 | NO=0.48 | Sum=1.03
==================================================
Balance: $116.47 | Regime: CHOP | Session: 0W/0L (0%) | PnL: $+0.00
[Cycle] No signal — YES=0.55 is between 0.30 and 0.70, sum=1.03 >= 0.97
[Ticker] KXETH15M-26APR081600-00
[Market] YES=0.59 | NO=0.42 | Sum=1.01
==================================================
Balance: $116.47 | Regime: CHOP | Session: 0W/0L (0%) | PnL: $+0.00
[Cycle] No signal — YES=0.59 is between 0.30 and 0.70, sum=1.01 >= 0.97
[Ticker] KXETH15M-26APR081600-00
[Market] YES=0.61 | NO=0.42 | Sum=1.03
==================================================
Balance: $116.47 | Regime: CHOP | Session: 0W/0L (0%) | PnL: $+0.00
[Cycle] No signal — YES=0.61 is between 0.30 and 0.70, sum=1.03 >= 0.97
[Ticker] KXETH15M-26APR081600-00
[Market] YES=0.69 | NO=0.34 | Sum=1.03
==================================================
Balance: $116.47 | Regime: CHOP | Session: 0W/0L (0%) | PnL: $+0.00
[Cycle] No signal — YES=0.69 is between 0.30 and 0.70, sum=1.03 >= 0.97
[Ticker] KXETH15M-26APR081600-00
[Market] YES=0.71 | NO=0.34 | Sum=1.05
==================================================
Balance: $116.47 | Regime: CHOP | Session: 0W/0L (0%) | PnL: $+0.00
[Confidence] Score=3/10 | moderate_edge,coinbase_weak,peak_hour
[Timing] Window 6 min old — skipping
[Cycle] No signal — YES=0.71 is between 0.30 and 0.70, sum=1.05 >= 0.97
[Ticker] KXETH15M-26APR081600-00
[Market] YES=0.85 | NO=0.18 | Sum=1.03
==================================================
Balance: $116.47 | Regime: CHOP | Session: 0W/0L (0%) | PnL: $+0.00
[Confidence] Score=4/10 | strong_edge,coinbase_weak,peak_hour
[Timing] Window 7 min old — skipping
[Cycle] No signal — YES=0.85 is between 0.30 and 0.70, sum=1.03 >= 0.97
[Ticker] KXETH15M-26APR081600-00
[Market] YES=0.79 | NO=0.24 | Sum=1.03
==================================================
Balance: $116.47 | Regime: CHOP | Session: 0W/0L (0%) | PnL: $+0.00
[Confidence] Score=3/10 | moderate_edge,coinbase_weak,peak_hour
[Timing] Window 8 min old — skipping
[Cycle] No signal — YES=0.79 is between 0.30 and 0.70, sum=1.03 >= 0.97
[Ticker] KXETH15M-26APR081600-00
[Market] YES=0.83 | NO=0.20 | Sum=1.03
==================================================
Balance: $116.47 | Regime: CHOP | Session: 0W/0L (0%) | PnL: $+0.00
[Confidence] Score=4/10 | strong_edge,coinbase_weak,peak_hour
[Timing] Window 9 min old — skipping
[Cycle] No signal — YES=0.83 is between 0.30 and 0.70, sum=1.03 >= 0.97
[Ticker] KXETH15M-26APR081600-00
[Market] YES=0.64 | NO=0.40 | Sum=1.04
==================================================
Balance: $116.47 | Regime: CHOP | Session: 0W/0L (0%) | PnL: $+0.00
[Cycle] No signal — YES=0.64 is between 0.30 and 0.70, sum=1.04 >= 0.97
[Ticker] KXETH15M-26APR081600-00
[Market] YES=0.70 | NO=0.35 | Sum=1.05
==================================================
Balance: $116.47 | Regime: CHOP | Session: 0W/0L (0%) | PnL: $+0.00
[Cycle] No signal — YES=0.70 is between 0.30 and 0.70, sum=1.05 >= 0.97
[Ticker] KXETH15M-26APR081600-00
[Market] YES=0.71 | NO=0.34 | Sum=1.05
==================================================
Balance: $116.47 | Regime: CHOP | Session: 0W/0L (0%) | PnL: $+0.00
[Confidence] Score=3/10 | moderate_edge,coinbase_weak,peak_hour
[Timing] Window 12 min old — skipping
[Cycle] No signal — YES=0.71 is between 0.30 and 0.70, sum=1.05 >= 0.97
[Ticker] KXETH15M-26APR081600-00
[Market] YES=0.84 | NO=0.20 | Sum=1.04
==================================================
Balance: $116.47 | Regime: CHOP | Session: 0W/0L (0%) | PnL: $+0.00
[Confidence] Score=4/10 | strong_edge,coinbase_weak,peak_hour
[Timing] Window 13 min old — skipping
[Cycle] No signal — YES=0.84 is between 0.30 and 0.70, sum=1.04 >= 0.97
[Ticker] KXETH15M-26APR081600-00
[Market] YES=1.00 | NO=0.01 | Sum=1.00
==================================================
Balance: $116.47 | Regime: CHOP | Session: 0W/0L (0%) | PnL: $+0.00
[Confidence] Score=5/10 | extreme_edge,coinbase_weak,peak_hour
[Timing] Window 14 min old — skipping
[Cycle] No signal — YES=1.00 is between 0.30 and 0.70, sum=1.00 >= 0.97
[Ticker] KXETH15M-26APR081615-15
[Market] YES=0.71 | NO=0.30 | Sum=1.01
==================================================
Balance: $116.47 | Regime: CHOP | Session: 0W/0L (0%) | PnL: $+0.00
[Confidence] Score=2/10 | moderate_edge,coinbase_weak
[Timing] Window 0 min old — skipping
[Cycle] No signal — YES=0.71 is between 0.30 and 0.70, sum=1.01 >= 0.97
[Ticker] KXETH15M-26APR081615-15
[Market] YES=0.78 | NO=0.25 | Sum=1.03
==================================================
Balance: $116.47 | Regime: CHOP | Session: 0W/0L (0%) | PnL: $+0.00
[Confidence] Score=2/10 | moderate_edge,coinbase_weak
[Signal] UP candidate | yes=0.78 | waiting (1/2)
[Cycle] No signal — YES=0.78 is between 0.30 and 0.70, sum=1.03 >= 0.97
[Ticker] KXETH15M-26APR081615-15
[Market] YES=0.85 | NO=0.18 | Sum=1.03
==================================================
Balance: $116.47 | Regime: CHOP | Session: 0W/0L (0%) | PnL: $+0.00
[Confidence] Score=3/10 | strong_edge,coinbase_weak
[Coinbase] Confirms UP | $2214 gap=+4 (0.19%)
[Kraken] Divergence 3124.38% — bet trimmed
[Correlation] 2/3 agree UP
[Signal] CONFIRMED UP | yes=0.85 | edge=0.35 | bet=$2.48
[Safety] Balance $116.47 below floor $120.00
🛑 OpenClaw ETH Bot v4.0 halted: Balance $116.47 below floor $120.00

==================================================
OpenClaw ETH Bot v4.0 — LIVE
[Startup] Live balance synced: $116.47
Balance: $116.47 | MaxBet: $7.86 | Threshold: <0.30 or >0.70
==================================================

[Startup] Resting orders cleared
[Ticker] KXETH15M-26APR081615-15
[Market] YES=0.85 | NO=0.18 | Sum=1.03
==================================================
Balance: $116.47 | Regime: CHOP | Session: 0W/0L (0%) | PnL: $+0.00
[Confidence] Score=3/10 | strong_edge,coinbase_weak
[Signal] UP candidate | yes=0.85 | waiting (1/2)
[Cycle] No signal — YES=0.85 is between 0.30 and 0.70, sum=1.03 >= 0.97
[Ticker] KXETH15M-26APR081615-15
[Market] YES=0.82 | NO=0.21 | Sum=1.03
==================================================
Balance: $116.47 | Regime: CHOP | Session: 0W/0L (0%) | PnL: $+0.00
[Confidence] Score=3/10 | strong_edge,coinbase_weak
[Coinbase] Confirms UP | $2213 gap=+3 (0.15%)
[Kraken] Divergence 3125.78% — bet trimmed
[Correlation] 2/3 agree UP
[Signal] CONFIRMED UP | yes=0.82 | edge=0.32 | bet=$2.27
[Safety] Balance $116.47 below floor $120.00
🛑 OpenClaw ETH Bot v4.0 halted: Balance $116.47 below floor $120.00

==================================================
OpenClaw ETH Bot v4.0 — LIVE
[Startup] Live balance synced: $116.47
Balance: $116.47 | MaxBet: $7.86 | Threshold: <0.30 or >0.70
==================================================

[Startup] Resting orders cleared
[Ticker] KXETH15M-26APR081615-15
[Market] YES=0.82 | NO=0.21 | Sum=1.03
==================================================
Balance: $116.47 | Regime: CHOP | Session: 0W/0L (0%) | PnL: $+0.00
[Confidence] Score=3/10 | strong_edge,coinbase_weak
[Signal] UP candidate | yes=0.82 | waiting (1/2)
[Cycle] No signal — YES=0.82 is between 0.30 and 0.70, sum=1.03 >= 0.97
[Ticker] KXETH15M-26APR081615-15
[Market] YES=0.83 | NO=0.21 | Sum=1.04
==================================================
Balance: $116.47 | Regime: CHOP | Session: 0W/0L (0%) | PnL: $+0.00
[Confidence] Score=3/10 | strong_edge,coinbase_weak
[Coinbase] Confirms UP | $2213 gap=+3 (0.15%)
[Kraken] Divergence 3125.79% — bet trimmed
[Correlation] 2/3 agree UP
[Signal] CONFIRMED UP | yes=0.83 | edge=0.33 | bet=$2.33
[CorrGuard] 2 bots already fired — skipping to avoid correlated loss
[Cycle] No signal — YES=0.83 is between 0.30 and 0.70, sum=1.04 >= 0.97
[Ticker] KXETH15M-26APR081615-15
[Market] YES=0.85 | NO=0.18 | Sum=1.03
==================================================
Balance: $116.47 | Regime: CHOP | Session: 0W/0L (0%) | PnL: $+0.00
[Confidence] Score=3/10 | strong_edge,coinbase_weak
[Timing] Window 5 min old — skipping
[Cycle] No signal — YES=0.85 is between 0.30 and 0.70, sum=1.03 >= 0.97
[Ticker] KXETH15M-26APR081615-15
[Market] YES=0.92 | NO=0.11 | Sum=1.03
==================================================
Balance: $116.47 | Regime: CHOP | Session: 0W/0L (0%) | PnL: $+0.00
[Confidence] Score=4/10 | strong_edge,coinbase_weak,2of3_agree
[Timing] Window 6 min old — skipping
[Cycle] No signal — YES=0.92 is between 0.30 and 0.70, sum=1.03 >= 0.97
[Ticker] KXETH15M-26APR081615-15
[Market] YES=0.97 | NO=0.05 | Sum=1.02
==================================================
Balance: $116.47 | Regime: CHOP | Session: 0W/0L (0%) | PnL: $+0.00
[Confidence] Score=4/10 | extreme_edge,coinbase_weak
[Timing] Window 7 min old — skipping
[Cycle] No signal — YES=0.97 is between 0.30 and 0.70, sum=1.02 >= 0.97
[Ticker] KXETH15M-26APR081615-15
[Market] YES=0.98 | NO=0.04 | Sum=1.01
==================================================
Balance: $116.47 | Regime: CHOP | Session: 0W/0L (0%) | PnL: $+0.00
[Confidence] Score=4/10 | extreme_edge,coinbase_weak
[Timing] Window 8 min old — skipping
[Cycle] No signal — YES=0.98 is between 0.30 and 0.70, sum=1.01 >= 0.97
[Ticker] KXETH15M-26APR081615-15
[Market] YES=0.98 | NO=0.03 | Sum=1.01
==================================================
Balance: $116.47 | Regime: CHOP | Session: 0W/0L (0%) | PnL: $+0.00
[Confidence] Score=4/10 | extreme_edge,coinbase_weak
[Timing] Window 9 min old — skipping
[Cycle] No signal — YES=0.98 is between 0.30 and 0.70, sum=1.01 >= 0.97
[Ticker] KXETH15M-26APR081615-15
[Market] YES=0.99 | NO=0.02 | Sum=1.01
==================================================
Balance: $116.47 | Regime: CHOP | Session: 0W/0L (0%) | PnL: $+0.00
[Confidence] Score=4/10 | extreme_edge,coinbase_weak
[Timing] Window 10 min old — skipping
[Cycle] No signal — YES=0.99 is between 0.30 and 0.70, sum=1.01 >= 0.97
[Ticker] KXETH15M-26APR081615-15
[Market] YES=1.00 | NO=0.01 | Sum=1.01
==================================================
Balance: $116.47 | Regime: CHOP | Session: 0W/0L (0%) | PnL: $+0.00
[Confidence] Score=4/10 | extreme_edge,coinbase_weak
[Timing] Window 11 min old — skipping
[Cycle] No signal — YES=1.00 is between 0.30 and 0.70, sum=1.01 >= 0.97
[Ticker] KXETH15M-26APR081615-15
[Market] YES=1.00 | NO=0.00 | Sum=1.00
==================================================
Balance: $116.47 | Regime: CHOP | Session: 0W/0L (0%) | PnL: $+0.00
[Confidence] Score=4/10 | extreme_edge,coinbase_weak
[Timing] Window 12 min old — skipping
[Cycle] No signal — YES=1.00 is between 0.30 and 0.70, sum=1.00 >= 0.97
[Ticker] KXETH15M-26APR081615-15
[Market] YES=1.00 | NO=0.00 | Sum=1.00
==================================================
Balance: $116.47 | Regime: CHOP | Session: 0W/0L (0%) | PnL: $+0.00
[Confidence] Score=4/10 | extreme_edge,coinbase_weak
[Timing] Window 13 min old — skipping
[Cycle] No signal — YES=1.00 is between 0.30 and 0.70, sum=1.00 >= 0.97
[Ticker] KXETH15M-26APR081615-15
[Market] YES=1.00 | NO=0.00 | Sum=1.00
==================================================
Balance: $116.47 | Regime: CHOP | Session: 0W/0L (0%) | PnL: $+0.00
[Confidence] Score=4/10 | extreme_edge,coinbase_weak
[Timing] Window 14 min old — skipping
[Cycle] No signal — YES=1.00 is between 0.30 and 0.70, sum=1.00 >= 0.97
[Ticker] KXETH15M-26APR081630-30
[Market] YES=0.64 | NO=0.40 | Sum=1.04
==================================================
Balance: $116.47 | Regime: CHOP | Session: 0W/0L (0%) | PnL: $+0.00
[Cycle] No signal — YES=0.64 is between 0.30 and 0.70, sum=1.04 >= 0.97
[Ticker] KXETH15M-26APR081630-30
[Market] YES=0.65 | NO=0.38 | Sum=1.03
==================================================
Balance: $116.47 | Regime: CHOP | Session: 0W/0L (0%) | PnL: $+0.00
[Cycle] No signal — YES=0.65 is between 0.30 and 0.70, sum=1.03 >= 0.97
[Ticker] KXETH15M-26APR081630-30
[Market] YES=0.60 | NO=0.45 | Sum=1.05
==================================================
Balance: $116.47 | Regime: CHOP | Session: 0W/0L (0%) | PnL: $+0.00
[Cycle] No signal — YES=0.60 is between 0.30 and 0.70, sum=1.05 >= 0.97
[Ticker] KXETH15M-26APR081630-30
[Market] YES=0.66 | NO=0.37 | Sum=1.03
==================================================
Balance: $116.47 | Regime: CHOP | Session: 0W/0L (0%) | PnL: $+0.00
[Cycle] No signal — YES=0.66 is between 0.30 and 0.70, sum=1.03 >= 0.97
[Ticker] KXETH15M-26APR081630-30
[Market] YES=0.72 | NO=0.33 | Sum=1.05
==================================================
Balance: $116.47 | Regime: CHOP | Session: 0W/0L (0%) | PnL: $+0.00
[Confidence] Score=2/10 | moderate_edge,coinbase_weak
[Signal] UP candidate | yes=0.72 | waiting (1/2)
[Cycle] No signal — YES=0.72 is between 0.30 and 0.70, sum=1.05 >= 0.97
[Ticker] KXETH15M-26APR081630-30
[Market] YES=0.68 | NO=0.37 | Sum=1.05
==================================================
Balance: $116.47 | Regime: CHOP | Session: 0W/0L (0%) | PnL: $+0.00
[Cycle] No signal — YES=0.68 is between 0.30 and 0.70, sum=1.05 >= 0.97
[Ticker] KXETH15M-26APR081630-30
[Market] YES=0.42 | NO=0.62 | Sum=1.04
==================================================
Balance: $116.47 | Regime: CHOP | Session: 0W/0L (0%) | PnL: $+0.00
[Cycle] No signal — YES=0.42 is between 0.30 and 0.70, sum=1.04 >= 0.97
[Ticker] KXETH15M-26APR081630-30
[Market] YES=0.27 | NO=0.77 | Sum=1.04
==================================================
Balance: $116.47 | Regime: CHOP | Session: 0W/0L (0%) | PnL: $+0.00
[Confidence] Score=4/10 | moderate_edge,coinbase_weak,all3_agree
[Timing] Window 7 min old — skipping
[Cycle] No signal — YES=0.27 is between 0.30 and 0.70, sum=1.04 >= 0.97
[Ticker] KXETH15M-26APR081630-30
[Market] YES=0.38 | NO=0.66 | Sum=1.04
==================================================
Balance: $116.47 | Regime: CHOP | Session: 0W/0L (0%) | PnL: $+0.00
[Cycle] No signal — YES=0.38 is between 0.30 and 0.70, sum=1.04 >= 0.97
[Ticker] KXETH15M-26APR081630-30
[Market] YES=0.49 | NO=0.56 | Sum=1.05
==================================================
Balance: $116.47 | Regime: CHOP | Session: 0W/0L (0%) | PnL: $+0.00
[Cycle] No signal — YES=0.49 is between 0.30 and 0.70, sum=1.05 >= 0.97
[Ticker] KXETH15M-26APR081630-30
[Market] YES=0.56 | NO=0.47 | Sum=1.03
==================================================
Balance: $116.47 | Regime: CHOP | Session: 0W/0L (0%) | PnL: $+0.00
[Cycle] No signal — YES=0.56 is between 0.30 and 0.70, sum=1.03 >= 0.97
[Ticker] KXETH15M-26APR081630-30
[Market] YES=0.36 | NO=0.67 | Sum=1.03
==================================================
Balance: $116.47 | Regime: CHOP | Session: 0W/0L (0%) | PnL: $+0.00
[Cycle] No signal — YES=0.36 is between 0.30 and 0.70, sum=1.03 >= 0.97
[Ticker] KXETH15M-26APR081630-30
[Market] YES=0.49 | NO=0.55 | Sum=1.04
==================================================
Balance: $116.47 | Regime: CHOP | Session: 0W/0L (0%) | PnL: $+0.00
[Cycle] No signal — YES=0.49 is between 0.30 and 0.70, sum=1.04 >= 0.97
[Ticker] KXETH15M-26APR081630-30
[Market] YES=0.32 | NO=0.71 | Sum=1.03
==================================================
Balance: $116.47 | Regime: CHOP | Session: 0W/0L (0%) | PnL: $+0.00
[Cycle] No signal — YES=0.32 is between 0.30 and 0.70, sum=1.03 >= 0.97
[Ticker] KXETH15M-26APR081630-30
[Market] YES=0.01 | NO=1.00 | Sum=1.00
==================================================
Balance: $116.47 | Regime: CHOP | Session: 0W/0L (0%) | PnL: $+0.00
[Confidence] Score=6/10 | extreme_edge,coinbase_weak,all3_agree
[Timing] Window 14 min old — skipping
[Cycle] No signal — YES=0.01 is between 0.30 and 0.70, sum=1.00 >= 0.97
[Ticker] KXETH15M-26APR081645-45
[Market] YES=0.42 | NO=0.62 | Sum=1.04
==================================================
Balance: $116.47 | Regime: CHOP | Session: 0W/0L (0%) | PnL: $+0.00
[Cycle] No signal — YES=0.42 is between 0.30 and 0.70, sum=1.04 >= 0.97
[Ticker] KXETH15M-26APR081645-45
[Market] YES=0.36 | NO=0.68 | Sum=1.04
==================================================
Balance: $116.47 | Regime: CHOP | Session: 0W/0L (0%) | PnL: $+0.00
[Cycle] No signal — YES=0.36 is between 0.30 and 0.70, sum=1.04 >= 0.97
[Ticker] KXETH15M-26APR081645-45
[Market] YES=0.39 | NO=0.66 | Sum=1.05
==================================================
Balance: $116.47 | Regime: CHOP | Session: 0W/0L (0%) | PnL: $+0.00
[Cycle] No signal — YES=0.39 is between 0.30 and 0.70, sum=1.05 >= 0.97
[Ticker] KXETH15M-26APR081645-45
[Market] YES=0.30 | NO=0.72 | Sum=1.02
==================================================
Balance: $116.47 | Regime: CHOP | Session: 0W/0L (0%) | PnL: $+0.00
[Cycle] No signal — YES=0.30 is between 0.30 and 0.70, sum=1.02 >= 0.97
[Ticker] KXETH15M-26APR081645-45
[Market] YES=0.17 | NO=0.87 | Sum=1.04
==================================================
Balance: $116.47 | Regime: CHOP | Session: 0W/0L (0%) | PnL: $+0.00
[Confidence] Score=4/10 | strong_edge,coinbase_weak,2of3_agree
[Signal] DOWN candidate | yes=0.17 | waiting (1/2)
[Cycle] No signal — YES=0.17 is between 0.30 and 0.70, sum=1.04 >= 0.97
[Ticker] KXETH15M-26APR081645-45
[Market] YES=0.11 | NO=0.90 | Sum=1.01
==================================================
Balance: $116.47 | Regime: CHOP | Session: 0W/0L (0%) | PnL: $+0.00
[Confidence] Score=4/10 | strong_edge,coinbase_weak,2of3_agree
[Timing] Window 5 min old — skipping
[Cycle] No signal — YES=0.11 is between 0.30 and 0.70, sum=1.01 >= 0.97
[Ticker] KXETH15M-26APR081645-45
[Market] YES=0.05 | NO=0.96 | Sum=1.01
==================================================
Balance: $116.47 | Regime: CHOP | Session: 0W/0L (0%) | PnL: $+0.00
[Confidence] Score=6/10 | extreme_edge,coinbase_weak,all3_agree
[Timing] Window 6 min old — skipping
[Cycle] No signal — YES=0.05 is between 0.30 and 0.70, sum=1.01 >= 0.97
[Ticker] KXETH15M-26APR081645-45
[Market] YES=0.04 | NO=0.97 | Sum=1.01
==================================================
Balance: $116.47 | Regime: CHOP | Session: 0W/0L (0%) | PnL: $+0.00
[Confidence] Score=6/10 | extreme_edge,coinbase_weak,all3_agree
[Timing] Window 7 min old — skipping
[Cycle] No signal — YES=0.04 is between 0.30 and 0.70, sum=1.01 >= 0.97
[Ticker] KXETH15M-26APR081645-45
[Market] YES=0.03 | NO=0.99 | Sum=1.02
==================================================
Balance: $116.47 | Regime: CHOP | Session: 0W/0L (0%) | PnL: $+0.00
[Confidence] Score=5/10 | extreme_edge,coinbase_weak,2of3_agree
[Timing] Window 8 min old — skipping
[Cycle] No signal — YES=0.03 is between 0.30 and 0.70, sum=1.02 >= 0.97
[Ticker] KXETH15M-26APR081645-45
[Market] YES=0.03 | NO=0.99 | Sum=1.02
==================================================
Balance: $116.47 | Regime: CHOP | Session: 0W/0L (0%) | PnL: $+0.00
[Confidence] Score=6/10 | extreme_edge,coinbase_weak,all3_agree
[Timing] Window 9 min old — skipping
[Cycle] No signal — YES=0.03 is between 0.30 and 0.70, sum=1.02 >= 0.97
[Ticker] KXETH15M-26APR081645-45
[Market] YES=0.02 | NO=0.99 | Sum=1.01
==================================================
Balance: $116.47 | Regime: CHOP | Session: 0W/0L (0%) | PnL: $+0.00
[Confidence] Score=6/10 | extreme_edge,coinbase_weak,all3_agree
[Timing] Window 10 min old — skipping
[Cycle] No signal — YES=0.02 is between 0.30 and 0.70, sum=1.01 >= 0.97
[Ticker] KXETH15M-26APR081645-45
[Market] YES=0.00 | NO=1.00 | Sum=1.00
==================================================
Balance: $116.47 | Regime: CHOP | Session: 0W/0L (0%) | PnL: $+0.00
[Confidence] Score=6/10 | extreme_edge,coinbase_weak,all3_agree
[Timing] Window 11 min old — skipping
[Cycle] No signal — YES=0.00 is between 0.30 and 0.70, sum=1.00 >= 0.97
[Ticker] KXETH15M-26APR081645-45
[Market] YES=0.00 | NO=1.00 | Sum=1.00
==================================================
Balance: $116.47 | Regime: CHOP | Session: 0W/0L (0%) | PnL: $+0.00
[Confidence] Score=6/10 | extreme_edge,coinbase_weak,all3_agree
[Timing] Window 12 min old — skipping
[Cycle] No signal — YES=0.00 is between 0.30 and 0.70, sum=1.00 >= 0.97
[Ticker] KXETH15M-26APR081645-45
[Market] YES=0.00 | NO=1.00 | Sum=1.00
==================================================
Balance: $116.47 | Regime: CHOP | Session: 0W/0L (0%) | PnL: $+0.00
[Confidence] Score=5/10 | extreme_edge,coinbase_weak,2of3_agree
[Timing] Window 13 min old — skipping
[Cycle] No signal — YES=0.00 is between 0.30 and 0.70, sum=1.00 >= 0.97
[Ticker] KXETH15M-26APR081645-45
[Market] YES=0.00 | NO=1.00 | Sum=1.00
==================================================
Balance: $116.47 | Regime: CHOP | Session: 0W/0L (0%) | PnL: $+0.00
[Confidence] Score=6/10 | extreme_edge,coinbase_weak,all3_agree
[Timing] Window 14 min old — skipping
[Cycle] No signal — YES=0.00 is between 0.30 and 0.70, sum=1.00 >= 0.97
[Ticker] KXETH15M-26APR081700-00
[Market] YES=0.41 | NO=0.60 | Sum=1.01
==================================================
Balance: $116.47 | Regime: CHOP | Session: 0W/0L (0%) | PnL: $+0.00
[Cycle] No signal — YES=0.41 is between 0.30 and 0.70, sum=1.01 >= 0.97
[Ticker] KXETH15M-26APR081700-00
[Market] YES=0.38 | NO=0.65 | Sum=1.03
==================================================
Balance: $116.47 | Regime: CHOP | Session: 0W/0L (0%) | PnL: $+0.00
[Cycle] No signal — YES=0.38 is between 0.30 and 0.70, sum=1.03 >= 0.97
[Ticker] KXETH15M-26APR081700-00
[Market] YES=0.37 | NO=0.68 | Sum=1.05
==================================================
Balance: $116.47 | Regime: CHOP | Session: 0W/0L (0%) | PnL: $+0.00
[Cycle] No signal — YES=0.37 is between 0.30 and 0.70, sum=1.05 >= 0.97
[Ticker] KXETH15M-26APR081700-00
[Market] YES=0.73 | NO=0.31 | Sum=1.04
==================================================
Balance: $116.47 | Regime: CHOP | Session: 0W/0L (0%) | PnL: $+0.00
[Confidence] Score=2/10 | moderate_edge,coinbase_weak
[Signal] UP candidate | yes=0.73 | waiting (1/2)
[Cycle] No signal — YES=0.73 is between 0.30 and 0.70, sum=1.04 >= 0.97
[Ticker] KXETH15M-26APR081700-00
[Market] YES=0.66 | NO=0.38 | Sum=1.04
==================================================
Balance: $116.47 | Regime: CHOP | Session: 0W/0L (0%) | PnL: $+0.00
[Cycle] No signal — YES=0.66 is between 0.30 and 0.70, sum=1.04 >= 0.97
[Ticker] KXETH15M-26APR081700-00
[Market] YES=0.69 | NO=0.37 | Sum=1.06
==================================================
Balance: $116.47 | Regime: CHOP | Session: 0W/0L (0%) | PnL: $+0.00
[Cycle] No signal — YES=0.69 is between 0.30 and 0.70, sum=1.06 >= 0.97
[Ticker] KXETH15M-26APR081700-00
[Market] YES=0.67 | NO=0.42 | Sum=1.09
==================================================
Balance: $116.47 | Regime: CHOP | Session: 0W/0L (0%) | PnL: $+0.00
[Cycle] No signal — YES=0.67 is between 0.30 and 0.70, sum=1.09 >= 0.97
[Ticker] KXETH15M-26APR081700-00
[Market] YES=0.52 | NO=0.53 | Sum=1.05
==================================================
Balance: $116.47 | Regime: CHOP | Session: 0W/0L (0%) | PnL: $+0.00
[Cycle] No signal — YES=0.52 is between 0.30 and 0.70, sum=1.05 >= 0.97
[Ticker] KXETH15M-26APR081700-00
[Market] YES=0.76 | NO=0.27 | Sum=1.03
==================================================
Balance: $116.47 | Regime: CHOP | Session: 0W/0L (0%) | PnL: $+0.00
[Confidence] Score=2/10 | moderate_edge,coinbase_weak
[Timing] Window 8 min old — skipping
[Cycle] No signal — YES=0.76 is between 0.30 and 0.70, sum=1.03 >= 0.97
[Ticker] KXETH15M-26APR081700-00
[Market] YES=0.85 | NO=0.18 | Sum=1.03
==================================================
Balance: $116.47 | Regime: CHOP | Session: 0W/0L (0%) | PnL: $+0.00
[Confidence] Score=3/10 | strong_edge,coinbase_weak
[Timing] Window 9 min old — skipping
[Cycle] No signal — YES=0.85 is between 0.30 and 0.70, sum=1.03 >= 0.97
[Ticker] KXETH15M-26APR081700-00
[Market] YES=0.82 | NO=0.23 | Sum=1.05
==================================================
Balance: $116.47 | Regime: CHOP | Session: 0W/0L (0%) | PnL: $+0.00
[Confidence] Score=3/10 | strong_edge,coinbase_weak
[Timing] Window 10 min old — skipping
[Cycle] No signal — YES=0.82 is between 0.30 and 0.70, sum=1.05 >= 0.97
[Ticker] KXETH15M-26APR081700-00
[Market] YES=0.84 | NO=0.18 | Sum=1.02
==================================================
Balance: $116.47 | Regime: CHOP | Session: 0W/0L (0%) | PnL: $+0.00
[Confidence] Score=3/10 | strong_edge,coinbase_weak
[Timing] Window 11 min old — skipping
[Cycle] No signal — YES=0.84 is between 0.30 and 0.70, sum=1.02 >= 0.97
[Ticker] KXETH15M-26APR081700-00
[Market] YES=0.98 | NO=0.08 | Sum=1.05
==================================================
Balance: $116.47 | Regime: CHOP | Session: 0W/0L (0%) | PnL: $+0.00
[Confidence] Score=4/10 | extreme_edge,coinbase_weak
[Timing] Window 12 min old — skipping
[Cycle] No signal — YES=0.98 is between 0.30 and 0.70, sum=1.05 >= 0.97
[Ticker] KXETH15M-26APR081700-00
[Market] YES=1.00 | NO=0.02 | Sum=1.01
==================================================
Balance: $116.47 | Regime: CHOP | Session: 0W/0L (0%) | PnL: $+0.00
[Confidence] Score=4/10 | extreme_edge,coinbase_weak
[Timing] Window 13 min old — skipping
[Cycle] No signal — YES=1.00 is between 0.30 and 0.70, sum=1.01 >= 0.97
[Ticker] KXETH15M-26APR081700-00
[Market] YES=1.00 | NO=0.00 | Sum=1.00
==================================================
Balance: $116.47 | Regime: CHOP | Session: 0W/0L (0%) | PnL: $+0.00
[Confidence] Score=4/10 | extreme_edge,coinbase_weak
[Timing] Window 14 min old — skipping
[Cycle] No signal — YES=1.00 is between 0.30 and 0.70, sum=1.00 >= 0.97
[Ticker] KXETH15M-26APR081715-15
[Market] YES=0.42 | NO=0.61 | Sum=1.03
==================================================
Balance: $116.47 | Regime: CHOP | Session: 0W/0L (0%) | PnL: $+0.00
[Cycle] No signal — YES=0.42 is between 0.30 and 0.70, sum=1.03 >= 0.97
[Ticker] KXETH15M-26APR081715-15
[Market] YES=0.42 | NO=0.61 | Sum=1.03
==================================================
Balance: $116.47 | Regime: CHOP | Session: 0W/0L (0%) | PnL: $+0.00
[Cycle] No signal — YES=0.42 is between 0.30 and 0.70, sum=1.03 >= 0.97
[Ticker] KXETH15M-26APR081715-15
[Market] YES=0.40 | NO=0.64 | Sum=1.04
==================================================
Balance: $116.47 | Regime: CHOP | Session: 0W/0L (0%) | PnL: $+0.00
[Cycle] No signal — YES=0.40 is between 0.30 and 0.70, sum=1.04 >= 0.97
[Ticker] KXETH15M-26APR081715-15
[Market] YES=0.46 | NO=0.58 | Sum=1.04
==================================================
Balance: $116.47 | Regime: CHOP | Session: 0W/0L (0%) | PnL: $+0.00
[Cycle] No signal — YES=0.46 is between 0.30 and 0.70, sum=1.04 >= 0.97
[Ticker] KXETH15M-26APR081715-15
[Market] YES=0.30 | NO=0.74 | Sum=1.04
==================================================
Balance: $116.47 | Regime: CHOP | Session: 0W/0L (0%) | PnL: $+0.00
[Cycle] No signal — YES=0.30 is between 0.30 and 0.70, sum=1.04 >= 0.97
[Ticker] KXETH15M-26APR081715-15
[Market] YES=0.32 | NO=0.72 | Sum=1.04
==================================================
Balance: $116.47 | Regime: CHOP | Session: 0W/0L (0%) | PnL: $+0.00
[Cycle] No signal — YES=0.32 is between 0.30 and 0.70, sum=1.04 >= 0.97
[Ticker] KXETH15M-26APR081715-15
[Market] YES=0.57 | NO=0.44 | Sum=1.01
==================================================
Balance: $116.47 | Regime: CHOP | Session: 0W/0L (0%) | PnL: $+0.00
[Cycle] No signal — YES=0.57 is between 0.30 and 0.70, sum=1.01 >= 0.97
[Ticker] KXETH15M-26APR081715-15
[Market] YES=0.89 | NO=0.21 | Sum=1.10
==================================================
Balance: $116.47 | Regime: CHOP | Session: 0W/0L (0%) | PnL: $+0.00
[Confidence] Score=4/10 | strong_edge,coinbase_weak,peak_hour
[Timing] Window 7 min old — skipping
[Cycle] No signal — YES=0.89 is between 0.30 and 0.70, sum=1.10 >= 0.97
[Ticker] KXETH15M-26APR081715-15
[Market] YES=0.70 | NO=0.32 | Sum=1.02
==================================================
Balance: $116.47 | Regime: CHOP | Session: 0W/0L (0%) | PnL: $+0.00
[Cycle] No signal — YES=0.70 is between 0.30 and 0.70, sum=1.02 >= 0.97
[Ticker] KXETH15M-26APR081715-15
[Market] YES=0.74 | NO=0.27 | Sum=1.01
==================================================
Balance: $116.47 | Regime: CHOP | Session: 0W/0L (0%) | PnL: $+0.00
[Confidence] Score=3/10 | moderate_edge,coinbase_weak,peak_hour
[Timing] Window 9 min old — skipping
[Cycle] No signal — YES=0.74 is between 0.30 and 0.70, sum=1.01 >= 0.97
[Ticker] KXETH15M-26APR081715-15
[Market] YES=0.96 | NO=0.06 | Sum=1.02
==================================================
Balance: $116.47 | Regime: CHOP | Session: 0W/0L (0%) | PnL: $+0.00
[Confidence] Score=5/10 | extreme_edge,coinbase_weak,peak_hour
[Timing] Window 10 min old — skipping
[Cycle] No signal — YES=0.96 is between 0.30 and 0.70, sum=1.02 >= 0.97
[Ticker] KXETH15M-26APR081715-15
[Market] YES=1.00 | NO=0.00 | Sum=1.00
==================================================
Balance: $116.47 | Regime: CHOP | Session: 0W/0L (0%) | PnL: $+0.00
[Confidence] Score=6/10 | extreme_edge,coinbase_weak,2of3_agree,peak_hour
[Timing] Window 11 min old — skipping
[Cycle] No signal — YES=1.00 is between 0.30 and 0.70, sum=1.00 >= 0.97
[Ticker] KXETH15M-26APR081715-15
[Market] YES=1.00 | NO=0.00 | Sum=1.00
==================================================
Balance: $116.47 | Regime: CHOP | Session: 0W/0L (0%) | PnL: $+0.00
[Confidence] Score=5/10 | extreme_edge,coinbase_weak,peak_hour
[Timing] Window 12 min old — skipping
[Cycle] No signal — YES=1.00 is between 0.30 and 0.70, sum=1.00 >= 0.97
[Ticker] KXETH15M-26APR081715-15
[Market] YES=1.00 | NO=0.00 | Sum=1.00
==================================================
Balance: $116.47 | Regime: CHOP | Session: 0W/0L (0%) | PnL: $+0.00
[Confidence] Score=5/10 | extreme_edge,coinbase_weak,peak_hour
[Timing] Window 13 min old — skipping
[Cycle] No signal — YES=1.00 is between 0.30 and 0.70, sum=1.00 >= 0.97
[Ticker] KXETH15M-26APR081715-15
[Market] YES=1.00 | NO=0.00 | Sum=1.00
==================================================
Balance: $116.47 | Regime: CHOP | Session: 0W/0L (0%) | PnL: $+0.00
[Confidence] Score=5/10 | extreme_edge,coinbase_weak,peak_hour
[Timing] Window 14 min old — skipping
[Cycle] No signal — YES=1.00 is between 0.30 and 0.70, sum=1.00 >= 0.97
[Ticker] KXETH15M-26APR081730-30
[Market] YES=0.48 | NO=0.55 | Sum=1.03
==================================================
Balance: $116.47 | Regime: CHOP | Session: 0W/0L (0%) | PnL: $+0.00
[Cycle] No signal — YES=0.48 is between 0.30 and 0.70, sum=1.03 >= 0.97
[Ticker] KXETH15M-26APR081730-30
[Market] YES=0.45 | NO=0.59 | Sum=1.04
==================================================
Balance: $116.47 | Regime: CHOP | Session: 0W/0L (0%) | PnL: $+0.00
[Cycle] No signal — YES=0.45 is between 0.30 and 0.70, sum=1.04 >= 0.97
[Ticker] KXETH15M-26APR081730-30
[Market] YES=0.50 | NO=0.53 | Sum=1.03
==================================================
Balance: $116.47 | Regime: CHOP | Session: 0W/0L (0%) | PnL: $+0.00
[Cycle] No signal — YES=0.50 is between 0.30 and 0.70, sum=1.03 >= 0.97
[Ticker] KXETH15M-26APR081730-30
[Market] YES=0.66 | NO=0.39 | Sum=1.05
==================================================
Balance: $116.47 | Regime: CHOP | Session: 0W/0L (0%) | PnL: $+0.00
[Cycle] No signal — YES=0.66 is between 0.30 and 0.70, sum=1.05 >= 0.97
[Ticker] KXETH15M-26APR081730-30
[Market] YES=0.55 | NO=0.47 | Sum=1.02
==================================================
Balance: $116.47 | Regime: CHOP | Session: 0W/0L (0%) | PnL: $+0.00
[Cycle] No signal — YES=0.55 is between 0.30 and 0.70, sum=1.02 >= 0.97
[Ticker] KXETH15M-26APR081730-30
[Market] YES=0.70 | NO=0.33 | Sum=1.03
==================================================
Balance: $116.47 | Regime: CHOP | Session: 0W/0L (0%) | PnL: $+0.00
[Cycle] No signal — YES=0.70 is between 0.30 and 0.70, sum=1.03 >= 0.97
[Ticker] KXETH15M-26APR081730-30
[Market] YES=0.80 | NO=0.24 | Sum=1.04
==================================================
Balance: $116.47 | Regime: CHOP | Session: 0W/0L (0%) | PnL: $+0.00
[Confidence] Score=4/10 | strong_edge,coinbase_weak,peak_hour
[Timing] Window 6 min old — skipping
[Cycle] No signal — YES=0.80 is between 0.30 and 0.70, sum=1.04 >= 0.97
[Ticker] KXETH15M-26APR081730-30
[Market] YES=0.89 | NO=0.14 | Sum=1.03
==================================================
Balance: $116.47 | Regime: CHOP | Session: 0W/0L (0%) | PnL: $+0.00
[Confidence] Score=4/10 | strong_edge,coinbase_weak,peak_hour
[Timing] Window 7 min old — skipping
[Cycle] No signal — YES=0.89 is between 0.30 and 0.70, sum=1.03 >= 0.97
[Ticker] KXETH15M-26APR081730-30
[Market] YES=0.95 | NO=0.07 | Sum=1.02
==================================================
Balance: $116.47 | Regime: CHOP | Session: 0W/0L (0%) | PnL: $+0.00
[Confidence] Score=4/10 | strong_edge,coinbase_weak,peak_hour
[Timing] Window 8 min old — skipping
[Cycle] No signal — YES=0.95 is between 0.30 and 0.70, sum=1.02 >= 0.97
[Ticker] KXETH15M-26APR081730-30
[Market] YES=0.95 | NO=0.06 | Sum=1.01
==================================================
Balance: $116.47 | Regime: CHOP | Session: 0W/0L (0%) | PnL: $+0.00
[Confidence] Score=4/10 | strong_edge,coinbase_weak,peak_hour
[Timing] Window 9 min old — skipping
[Cycle] No signal — YES=0.95 is between 0.30 and 0.70, sum=1.01 >= 0.97
[Ticker] KXETH15M-26APR081730-30
[Market] YES=0.98 | NO=0.04 | Sum=1.02
==================================================
Balance: $116.47 | Regime: CHOP | Session: 0W/0L (0%) | PnL: $+0.00
[Confidence] Score=5/10 | extreme_edge,coinbase_weak,peak_hour
[Timing] Window 10 min old — skipping
[Cycle] No signal — YES=0.98 is between 0.30 and 0.70, sum=1.02 >= 0.97
[Ticker] KXETH15M-26APR081730-30
[Market] YES=1.00 | NO=0.01 | Sum=1.01
==================================================
Balance: $116.47 | Regime: CHOP | Session: 0W/0L (0%) | PnL: $+0.00
[Confidence] Score=5/10 | extreme_edge,coinbase_weak,peak_hour
[Timing] Window 11 min old — skipping
[Cycle] No signal — YES=1.00 is between 0.30 and 0.70, sum=1.01 >= 0.97
[Ticker] KXETH15M-26APR081730-30
[Market] YES=1.00 | NO=0.00 | Sum=1.00
==================================================
Balance: $116.47 | Regime: CHOP | Session: 0W/0L (0%) | PnL: $+0.00
[Confidence] Score=5/10 | extreme_edge,coinbase_weak,peak_hour
[Timing] Window 12 min old — skipping
[Cycle] No signal — YES=1.00 is between 0.30 and 0.70, sum=1.00 >= 0.97
[Ticker] KXETH15M-26APR081730-30
[Market] YES=1.00 | NO=0.00 | Sum=1.00
==================================================
Balance: $116.47 | Regime: CHOP | Session: 0W/0L (0%) | PnL: $+0.00
[Confidence] Score=5/10 | extreme_edge,coinbase_weak,peak_hour
[Timing] Window 13 min old — skipping
[Cycle] No signal — YES=1.00 is between 0.30 and 0.70, sum=1.00 >= 0.97
[Ticker] KXETH15M-26APR081730-30
[Market] YES=1.00 | NO=0.00 | Sum=1.00
==================================================
Balance: $116.47 | Regime: CHOP | Session: 0W/0L (0%) | PnL: $+0.00
[Confidence] Score=5/10 | extreme_edge,coinbase_weak,peak_hour
[Timing] Window 14 min old — skipping
[Cycle] No signal — YES=1.00 is between 0.30 and 0.70, sum=1.00 >= 0.97
[Ticker] KXETH15M-26APR081745-45
[Market] YES=0.35 | NO=0.67 | Sum=1.02
==================================================
Balance: $116.47 | Regime: CHOP | Session: 0W/0L (0%) | PnL: $+0.00
[Cycle] No signal — YES=0.35 is between 0.30 and 0.70, sum=1.02 >= 0.97
[Ticker] KXETH15M-26APR081745-45
[Market] YES=0.49 | NO=0.54 | Sum=1.03
==================================================
Balance: $116.47 | Regime: CHOP | Session: 0W/0L (0%) | PnL: $+0.00
[Cycle] No signal — YES=0.49 is between 0.30 and 0.70, sum=1.03 >= 0.97
[Ticker] KXETH15M-26APR081745-45
[Market] YES=0.54 | NO=0.51 | Sum=1.05
==================================================
Balance: $116.47 | Regime: CHOP | Session: 0W/0L (0%) | PnL: $+0.00
[Cycle] No signal — YES=0.54 is between 0.30 and 0.70, sum=1.05 >= 0.97
[Ticker] KXETH15M-26APR081745-45
[Market] YES=0.23 | NO=0.78 | Sum=1.01
==================================================
Balance: $116.47 | Regime: CHOP | Session: 0W/0L (0%) | PnL: $+0.00
[Confidence] Score=5/10 | moderate_edge,coinbase_weak,all3_agree,peak_hour
[Signal] DOWN candidate | yes=0.23 | waiting (1/2)
[Cycle] No signal — YES=0.23 is between 0.30 and 0.70, sum=1.01 >= 0.97
[Ticker] KXETH15M-26APR081745-45
[Market] YES=0.11 | NO=0.92 | Sum=1.03
==================================================
Balance: $116.47 | Regime: CHOP | Session: 0W/0L (0%) | PnL: $+0.00
[Confidence] Score=6/10 | strong_edge,coinbase_weak,all3_agree,peak_hour
[Coinbase] Confirms DOWN | $2217 gap=-4 (0.20%)
[Kraken] Divergence 3129.09% — bet trimmed
[Correlation] All 3 agree — bet boosted
[Signal] CONFIRMED DOWN | yes=0.11 | edge=0.39 | bet=$4.40
[Safety] Balance $116.47 below floor $120.00
🛑 OpenClaw ETH Bot v4.0 halted: Balance $116.47 below floor $120.00

==================================================
OpenClaw ETH Bot v4.0 — LIVE
[Startup] Live balance synced: $116.47
Balance: $116.47 | MaxBet: $11.65 | Threshold: <0.30 or >0.70
==================================================

[Startup] Resting orders cleared
[Ticker] KXETH15M-26APR081745-45
[Market] YES=0.11 | NO=0.92 | Sum=1.03
==================================================
Balance: $116.47 | Regime: CHOP | Session: 0W/0L (0%) | PnL: $+0.00
[Confidence] Score=6/10 | strong_edge,coinbase_weak,all3_agree,peak_hour
[Signal] DOWN candidate | yes=0.11 | waiting (1/2)
[Cycle] No signal — YES=0.11 is between 0.30 and 0.70, sum=1.03 >= 0.97
[Ticker] KXETH15M-26APR081745-45
[Market] YES=0.15 | NO=0.87 | Sum=1.02
==================================================
Balance: $116.47 | Regime: CHOP | Session: 0W/0L (0%) | PnL: $+0.00
[Confidence] Score=6/10 | strong_edge,coinbase_weak,all3_agree,peak_hour
[Timing] Window 5 min old — skipping
[Cycle] No signal — YES=0.15 is between 0.30 and 0.70, sum=1.02 >= 0.97
[Ticker] KXETH15M-26APR081745-45
[Market] YES=0.12 | NO=0.91 | Sum=1.03
==================================================
Balance: $116.47 | Regime: CHOP | Session: 0W/0L (0%) | PnL: $+0.00
[Confidence] Score=5/10 | strong_edge,coinbase_weak,2of3_agree,peak_hour
[Timing] Window 6 min old — skipping
[Cycle] No signal — YES=0.12 is between 0.30 and 0.70, sum=1.03 >= 0.97
[Ticker] KXETH15M-26APR081745-45
[Market] YES=0.17 | NO=0.86 | Sum=1.03
==================================================
Balance: $116.47 | Regime: CHOP | Session: 0W/0L (0%) | PnL: $+0.00
[Confidence] Score=6/10 | strong_edge,coinbase_weak,all3_agree,peak_hour
[Timing] Window 7 min old — skipping
[Cycle] No signal — YES=0.17 is between 0.30 and 0.70, sum=1.03 >= 0.97
[Ticker] KXETH15M-26APR081745-45
[Market] YES=0.23 | NO=0.82 | Sum=1.05
==================================================
Balance: $116.47 | Regime: CHOP | Session: 0W/0L (0%) | PnL: $+0.00
[Confidence] Score=4/10 | moderate_edge,coinbase_weak,2of3_agree,peak_hour
[Timing] Window 8 min old — skipping
[Cycle] No signal — YES=0.23 is between 0.30 and 0.70, sum=1.05 >= 0.97
[Ticker] KXETH15M-26APR081745-45
[Market] YES=0.10 | NO=0.91 | Sum=1.01
==================================================
Balance: $116.47 | Regime: CHOP | Session: 0W/0L (0%) | PnL: $+0.00
[Confidence] Score=5/10 | strong_edge,coinbase_weak,2of3_agree,peak_hour
[Timing] Window 9 min old — skipping
[Cycle] No signal — YES=0.10 is between 0.30 and 0.70, sum=1.01 >= 0.97
[Ticker] KXETH15M-26APR081745-45
[Market] YES=0.07 | NO=0.96 | Sum=1.03
==================================================
Balance: $116.47 | Regime: CHOP | Session: 0W/0L (0%) | PnL: $+0.00
[Confidence] Score=6/10 | strong_edge,coinbase_weak,all3_agree,peak_hour
[Timing] Window 10 min old — skipping
[Cycle] No signal — YES=0.07 is between 0.30 and 0.70, sum=1.03 >= 0.97
[Ticker] KXETH15M-26APR081745-45
[Market] YES=0.15 | NO=0.87 | Sum=1.02
==================================================
Balance: $116.47 | Regime: CHOP | Session: 0W/0L (0%) | PnL: $+0.00
[Confidence] Score=5/10 | strong_edge,coinbase_weak,2of3_agree,peak_hour
[Timing] Window 11 min old — skipping
[Cycle] No signal — YES=0.15 is between 0.30 and 0.70, sum=1.02 >= 0.97
[Ticker] KXETH15M-26APR081745-45
[Market] YES=0.01 | NO=1.00 | Sum=1.01
==================================================
Balance: $116.47 | Regime: CHOP | Session: 0W/0L (0%) | PnL: $+0.00
[Confidence] Score=7/10 | extreme_edge,coinbase_weak,all3_agree,peak_hour
[Timing] Window 12 min old — skipping
[Cycle] No signal — YES=0.01 is between 0.30 and 0.70, sum=1.01 >= 0.97
[Ticker] KXETH15M-26APR081745-45
[Market] YES=0.00 | NO=1.00 | Sum=1.00
==================================================
Balance: $116.47 | Regime: CHOP | Session: 0W/0L (0%) | PnL: $+0.00
[Confidence] Score=6/10 | extreme_edge,coinbase_weak,2of3_agree,peak_hour
[Timing] Window 13 min old — skipping
[Cycle] No signal — YES=0.00 is between 0.30 and 0.70, sum=1.00 >= 0.97
[Ticker] KXETH15M-26APR081745-45
[Market] YES=0.00 | NO=1.00 | Sum=1.00
==================================================
Balance: $116.47 | Regime: CHOP | Session: 0W/0L (0%) | PnL: $+0.00
[Confidence] Score=6/10 | extreme_edge,coinbase_weak,2of3_agree,peak_hour
[Timing] Window 14 min old — skipping
[Cycle] No signal — YES=0.00 is between 0.30 and 0.70, sum=1.00 >= 0.97
[Ticker] KXETH15M-26APR081800-00
[Market] YES=0.46 | NO=0.57 | Sum=1.03
==================================================
Balance: $116.47 | Regime: CHOP | Session: 0W/0L (0%) | PnL: $+0.00
[Cycle] No signal — YES=0.46 is between 0.30 and 0.70, sum=1.03 >= 0.97
[Ticker] KXETH15M-26APR081800-00
[Market] YES=0.52 | NO=0.49 | Sum=1.01
==================================================
Balance: $116.47 | Regime: CHOP | Session: 0W/0L (0%) | PnL: $+0.00
[Cycle] No signal — YES=0.52 is between 0.30 and 0.70, sum=1.01 >= 0.97
[Ticker] KXETH15M-26APR081800-00
[Market] YES=0.50 | NO=0.54 | Sum=1.04
==================================================
Balance: $116.47 | Regime: CHOP | Session: 0W/0L (0%) | PnL: $+0.00
[Cycle] No signal — YES=0.50 is between 0.30 and 0.70, sum=1.04 >= 0.97
[Ticker] KXETH15M-26APR081800-00
[Market] YES=0.71 | NO=0.33 | Sum=1.04
==================================================
Balance: $116.47 | Regime: CHOP | Session: 0W/0L (0%) | PnL: $+0.00
[Confidence] Score=3/10 | moderate_edge,coinbase_weak,peak_hour
[Signal] UP candidate | yes=0.71 | waiting (1/2)
[Cycle] No signal — YES=0.71 is between 0.30 and 0.70, sum=1.04 >= 0.97
[Ticker] KXETH15M-26APR081800-00
[Market] YES=0.53 | NO=0.52 | Sum=1.05
==================================================
Balance: $116.47 | Regime: CHOP | Session: 0W/0L (0%) | PnL: $+0.00
[Cycle] No signal — YES=0.53 is between 0.30 and 0.70, sum=1.05 >= 0.97
[Ticker] KXETH15M-26APR081800-00
[Market] YES=0.52 | NO=0.49 | Sum=1.01
==================================================
Balance: $116.47 | Regime: CHOP | Session: 0W/0L (0%) | PnL: $+0.00
[Cycle] No signal — YES=0.52 is between 0.30 and 0.70, sum=1.01 >= 0.97
[Ticker] KXETH15M-26APR081800-00
[Market] YES=0.43 | NO=0.61 | Sum=1.04
==================================================
Balance: $116.47 | Regime: CHOP | Session: 0W/0L (0%) | PnL: $+0.00
[Cycle] No signal — YES=0.43 is between 0.30 and 0.70, sum=1.04 >= 0.97
[Ticker] KXETH15M-26APR081800-00
[Market] YES=0.56 | NO=0.49 | Sum=1.05
==================================================
Balance: $116.47 | Regime: CHOP | Session: 0W/0L (0%) | PnL: $+0.00
[Cycle] No signal — YES=0.56 is between 0.30 and 0.70, sum=1.05 >= 0.97
[Ticker] KXETH15M-26APR081800-00
[Market] YES=0.56 | NO=0.46 | Sum=1.02
==================================================
Balance: $116.47 | Regime: CHOP | Session: 0W/0L (0%) | PnL: $+0.00
[Cycle] No signal — YES=0.56 is between 0.30 and 0.70, sum=1.02 >= 0.97
[Ticker] KXETH15M-26APR081800-00
[Market] YES=0.50 | NO=0.54 | Sum=1.04
==================================================
Balance: $116.47 | Regime: CHOP | Session: 0W/0L (0%) | PnL: $+0.00
[Cycle] No signal — YES=0.50 is between 0.30 and 0.70, sum=1.04 >= 0.97
[Ticker] KXETH15M-26APR081800-00
[Market] YES=0.20 | NO=0.84 | Sum=1.04
==================================================
Balance: $116.47 | Regime: CHOP | Session: 0W/0L (0%) | PnL: $+0.00
[Confidence] Score=6/10 | strong_edge,coinbase_weak,all3_agree,peak_hour
[Timing] Window 10 min old — skipping
[Cycle] No signal — YES=0.20 is between 0.30 and 0.70, sum=1.04 >= 0.97
[Ticker] KXETH15M-26APR081800-00
[Market] YES=0.09 | NO=0.94 | Sum=1.03
==================================================
Balance: $116.47 | Regime: CHOP | Session: 0W/0L (0%) | PnL: $+0.00
[Confidence] Score=6/10 | strong_edge,coinbase_weak,all3_agree,peak_hour
[Timing] Window 11 min old — skipping
[Cycle] No signal — YES=0.09 is between 0.30 and 0.70, sum=1.03 >= 0.97
[Ticker] KXETH15M-26APR081800-00
[Market] YES=0.04 | NO=0.98 | Sum=1.02
==================================================
Balance: $116.47 | Regime: CHOP | Session: 0W/0L (0%) | PnL: $+0.00
[Confidence] Score=7/10 | extreme_edge,coinbase_weak,all3_agree,peak_hour
[Timing] Window 12 min old — skipping
[Cycle] No signal — YES=0.04 is between 0.30 and 0.70, sum=1.02 >= 0.97
[Ticker] KXETH15M-26APR081800-00
[Market] YES=0.01 | NO=1.00 | Sum=1.00
==================================================
Balance: $116.47 | Regime: CHOP | Session: 0W/0L (0%) | PnL: $+0.00
[Confidence] Score=7/10 | extreme_edge,coinbase_weak,all3_agree,peak_hour
[Timing] Window 13 min old — skipping
[Cycle] No signal — YES=0.01 is between 0.30 and 0.70, sum=1.00 >= 0.97
[Ticker] KXETH15M-26APR081800-00
[Market] YES=0.00 | NO=1.00 | Sum=1.00
==================================================
Balance: $116.47 | Regime: CHOP | Session: 0W/0L (0%) | PnL: $+0.00
[Confidence] Score=7/10 | extreme_edge,coinbase_weak,all3_agree,peak_hour
[Timing] Window 14 min old — skipping
[Cycle] No signal — YES=0.00 is between 0.30 and 0.70, sum=1.00 >= 0.97
[Ticker] KXETH15M-26APR081815-15
[Market] YES=0.59 | NO=0.42 | Sum=1.01
==================================================
Balance: $116.47 | Regime: CHOP | Session: 0W/0L (0%) | PnL: $+0.00
[Cycle] No signal — YES=0.59 is between 0.30 and 0.70, sum=1.01 >= 0.97
[Ticker] KXETH15M-26APR081815-15
[Market] YES=0.29 | NO=0.76 | Sum=1.05
==================================================
Balance: $116.47 | Regime: CHOP | Session: 0W/0L (0%) | PnL: $+0.00
[Confidence] Score=3/10 | moderate_edge,coinbase_weak,2of3_agree
[Signal] DOWN candidate | yes=0.29 | waiting (1/2)
[Cycle] No signal — YES=0.29 is between 0.30 and 0.70, sum=1.05 >= 0.97
[Ticker] KXETH15M-26APR081815-15
[Market] YES=0.36 | NO=0.68 | Sum=1.04
==================================================
Balance: $116.47 | Regime: CHOP | Session: 0W/0L (0%) | PnL: $+0.00
[Cycle] No signal — YES=0.36 is between 0.30 and 0.70, sum=1.04 >= 0.97
[Ticker] KXETH15M-26APR081815-15
[Market] YES=0.26 | NO=0.78 | Sum=1.04
==================================================
Balance: $116.47 | Regime: CHOP | Session: 0W/0L (0%) | PnL: $+0.00
[Confidence] Score=3/10 | moderate_edge,coinbase_weak,2of3_agree
[Signal] DOWN candidate | yes=0.26 | waiting (1/2)
[Cycle] No signal — YES=0.26 is between 0.30 and 0.70, sum=1.04 >= 0.97
[Ticker] KXETH15M-26APR081815-15
[Market] YES=0.19 | NO=0.84 | Sum=1.03
==================================================
Balance: $116.47 | Regime: CHOP | Session: 0W/0L (0%) | PnL: $+0.00
[Confidence] Score=5/10 | strong_edge,coinbase_weak,all3_agree
[Coinbase] Confirms DOWN | $2212 gap=-3 (0.11%)
[Kraken] Divergence 3130.44% — bet trimmed
[Correlation] All 3 agree — bet boosted
[Signal] CONFIRMED DOWN | yes=0.19 | edge=0.31 | bet=$2.16
[Safety] Balance $116.47 below floor $120.00
🛑 OpenClaw ETH Bot v4.0 halted: Balance $116.47 below floor $120.00

==================================================
OpenClaw ETH Bot v4.0 — LIVE
[Startup] Live balance synced: $116.47
Balance: $116.47 | MaxBet: $0.00 | Threshold: <0.30 or >0.70
==================================================

[Startup] Resting orders cleared
[Ticker] KXETH15M-26APR081815-15
[Market] YES=0.15 | NO=0.88 | Sum=1.03
==================================================
Balance: $116.47 | Regime: CHOP | Session: 0W/0L (0%) | PnL: $+0.00
[Confidence] Score=4/10 | strong_edge,coinbase_weak,2of3_agree
[Timing] Window 5 min old — skipping
[Cycle] No signal — YES=0.15 is between 0.30 and 0.70, sum=1.03 >= 0.97
[Ticker] KXETH15M-26APR081815-15
[Market] YES=0.31 | NO=0.74 | Sum=1.05
==================================================
Balance: $116.47 | Regime: CHOP | Session: 0W/0L (0%) | PnL: $+0.00
[Cycle] No signal — YES=0.31 is between 0.30 and 0.70, sum=1.05 >= 0.97
[Ticker] KXETH15M-26APR081815-15
[Market] YES=0.45 | NO=0.59 | Sum=1.04
==================================================
Balance: $116.47 | Regime: CHOP | Session: 0W/0L (0%) | PnL: $+0.00
[Cycle] No signal — YES=0.45 is between 0.30 and 0.70, sum=1.04 >= 0.97
[Ticker] KXETH15M-26APR081815-15
[Market] YES=0.39 | NO=0.63 | Sum=1.02
==================================================
Balance: $116.47 | Regime: CHOP | Session: 0W/0L (0%) | PnL: $+0.00
[Cycle] No signal — YES=0.39 is between 0.30 and 0.70, sum=1.02 >= 0.97
[Ticker] KXETH15M-26APR081815-15
[Market] YES=0.25 | NO=0.78 | Sum=1.03
==================================================
Balance: $116.47 | Regime: CHOP | Session: 0W/0L (0%) | PnL: $+0.00
[Confidence] Score=4/10 | moderate_edge,coinbase_weak,all3_agree
[Timing] Window 9 min old — skipping
[Cycle] No signal — YES=0.25 is between 0.30 and 0.70, sum=1.03 >= 0.97
[Ticker] KXETH15M-26APR081815-15
[Market] YES=0.16 | NO=0.87 | Sum=1.03
==================================================
Balance: $116.47 | Regime: CHOP | Session: 0W/0L (0%) | PnL: $+0.00
[Confidence] Score=5/10 | strong_edge,coinbase_weak,all3_agree
[Timing] Window 10 min old — skipping
[Cycle] No signal — YES=0.16 is between 0.30 and 0.70, sum=1.03 >= 0.97
[Ticker] KXETH15M-26APR081815-15
[Market] YES=0.10 | NO=0.96 | Sum=1.05
==================================================
Balance: $116.47 | Regime: CHOP | Session: 0W/0L (0%) | PnL: $+0.00
[Confidence] Score=5/10 | strong_edge,coinbase_weak,all3_agree
[Timing] Window 11 min old — skipping
[Cycle] No signal — YES=0.10 is between 0.30 and 0.70, sum=1.05 >= 0.97
[Ticker] KXETH15M-26APR081815-15
[Market] YES=0.03 | NO=0.99 | Sum=1.02
==================================================
Balance: $116.47 | Regime: CHOP | Session: 0W/0L (0%) | PnL: $+0.00
[Confidence] Score=6/10 | extreme_edge,coinbase_weak,all3_agree
[Timing] Window 12 min old — skipping
[Cycle] No signal — YES=0.03 is between 0.30 and 0.70, sum=1.02 >= 0.97
[Ticker] KXETH15M-26APR081815-15
[Market] YES=0.01 | NO=1.00 | Sum=1.00
==================================================
Balance: $116.47 | Regime: CHOP | Session: 0W/0L (0%) | PnL: $+0.00
[Confidence] Score=6/10 | extreme_edge,coinbase_weak,all3_agree
[Timing] Window 13 min old — skipping
[Cycle] No signal — YES=0.01 is between 0.30 and 0.70, sum=1.00 >= 0.97
[Ticker] KXETH15M-26APR081815-15
[Market] YES=0.00 | NO=1.00 | Sum=1.00
==================================================
Balance: $116.47 | Regime: CHOP | Session: 0W/0L (0%) | PnL: $+0.00
[Confidence] Score=6/10 | extreme_edge,coinbase_weak,all3_agree
[Timing] Window 14 min old — skipping
[Cycle] No signal — YES=0.00 is between 0.30 and 0.70, sum=1.00 >= 0.97
[Ticker] KXETH15M-26APR081815-15
[Market] YES=0.00 | NO=1.00 | Sum=1.00
==================================================
Balance: $116.47 | Regime: CHOP | Session: 0W/0L (0%) | PnL: $+0.00
[Confidence] Score=5/10 | extreme_edge,coinbase_weak,2of3_agree
[Timing] Window 0 min old — skipping
[Cycle] No signal — YES=0.00 is between 0.30 and 0.70, sum=1.00 >= 0.97
[Ticker] KXETH15M-26APR081830-30
[Market] YES=0.49 | NO=0.55 | Sum=1.04
==================================================
Balance: $116.47 | Regime: CHOP | Session: 0W/0L (0%) | PnL: $+0.00
[Cycle] No signal — YES=0.49 is between 0.30 and 0.70, sum=1.04 >= 0.97
[Ticker] KXETH15M-26APR081830-30
[Market] YES=0.28 | NO=0.75 | Sum=1.03
==================================================
Balance: $116.47 | Regime: CHOP | Session: 0W/0L (0%) | PnL: $+0.00
[Confidence] Score=4/10 | moderate_edge,coinbase_weak,all3_agree
[Signal] DOWN candidate | yes=0.28 | waiting (1/2)
[Cycle] No signal — YES=0.28 is between 0.30 and 0.70, sum=1.03 >= 0.97
[Ticker] KXETH15M-26APR081830-30
[Market] YES=0.26 | NO=0.75 | Sum=1.01
==================================================
Balance: $116.47 | Regime: CHOP | Session: 0W/0L (0%) | PnL: $+0.00
[Confidence] Score=4/10 | moderate_edge,coinbase_weak,all3_agree
[Coinbase] Confirms DOWN | $2208 gap=-2 (0.08%)
[Kraken] Divergence 3133.35% — bet trimmed
[Signal] CONFIRMED DOWN | yes=0.26 | edge=0.24 | bet=$1.80
[Safety] Balance $116.47 below floor $120.00
🛑 OpenClaw ETH Bot v4.0 halted: Balance $116.47 below floor $120.00

==================================================
OpenClaw ETH Bot v4.0 — LIVE
[Startup] Live balance synced: $116.47
Balance: $116.47 | MaxBet: $0.00 | Threshold: <0.30 or >0.70
==================================================

[Startup] Resting orders cleared
[Ticker] KXETH15M-26APR081830-30
[Market] YES=0.27 | NO=0.77 | Sum=1.04
==================================================
Balance: $116.47 | Regime: CHOP | Session: 0W/0L (0%) | PnL: $+0.00
[Confidence] Score=4/10 | moderate_edge,coinbase_weak,all3_agree
[Signal] DOWN candidate | yes=0.27 | waiting (1/2)
[Cycle] No signal — YES=0.27 is between 0.30 and 0.70, sum=1.04 >= 0.97
[Ticker] KXETH15M-26APR081830-30
[Market] YES=0.14 | NO=0.90 | Sum=1.04
==================================================
Balance: $116.47 | Regime: CHOP | Session: 0W/0L (0%) | PnL: $+0.00
[Confidence] Score=5/10 | strong_edge,coinbase_weak,all3_agree
[Coinbase] Confirms DOWN | $2206 gap=-4 (0.18%)
[Kraken] Divergence 3135.27% — bet trimmed
[Correlation] 2/3 agree DOWN
[Signal] CONFIRMED DOWN | yes=0.14 | edge=0.36 | bet=$1.80
[CorrGuard] 2 bots already fired — skipping to avoid correlated loss
[Cycle] No signal — YES=0.14 is between 0.30 and 0.70, sum=1.04 >= 0.97
[Ticker] KXETH15M-26APR081830-30
[Market] YES=0.10 | NO=0.92 | Sum=1.02
==================================================
Balance: $116.47 | Regime: CHOP | Session: 0W/0L (0%) | PnL: $+0.00
[Confidence] Score=5/10 | strong_edge,coinbase_weak,all3_agree
[Timing] Window 5 min old — skipping
[Cycle] No signal — YES=0.10 is between 0.30 and 0.70, sum=1.02 >= 0.97
[Ticker] KXETH15M-26APR081830-30
[Market] YES=0.09 | NO=0.97 | Sum=1.06
==================================================
Balance: $116.47 | Regime: CHOP | Session: 0W/0L (0%) | PnL: $+0.00
[Confidence] Score=5/10 | strong_edge,coinbase_weak,all3_agree
[Timing] Window 6 min old — skipping
[Cycle] No signal — YES=0.09 is between 0.30 and 0.70, sum=1.06 >= 0.97
[Ticker] KXETH15M-26APR081830-30
[Market] YES=0.02 | NO=0.99 | Sum=1.01
==================================================
Balance: $116.47 | Regime: CHOP | Session: 0W/0L (0%) | PnL: $+0.00
[Confidence] Score=6/10 | extreme_edge,coinbase_weak,all3_agree
[Timing] Window 7 min old — skipping
[Cycle] No signal — YES=0.02 is between 0.30 and 0.70, sum=1.01 >= 0.97
[Ticker] KXETH15M-26APR081830-30
[Market] YES=0.02 | NO=0.99 | Sum=1.01
==================================================
Balance: $116.47 | Regime: CHOP | Session: 0W/0L (0%) | PnL: $+0.00
[Confidence] Score=6/10 | extreme_edge,coinbase_weak,all3_agree
[Timing] Window 8 min old — skipping
[Cycle] No signal — YES=0.02 is between 0.30 and 0.70, sum=1.01 >= 0.97
[Ticker] KXETH15M-26APR081830-30
[Market] YES=0.01 | NO=1.00 | Sum=1.01
==================================================
Balance: $116.47 | Regime: CHOP | Session: 0W/0L (0%) | PnL: $+0.00
[Confidence] Score=6/10 | extreme_edge,coinbase_weak,all3_agree
[Timing] Window 9 min old — skipping
[Cycle] No signal — YES=0.01 is between 0.30 and 0.70, sum=1.01 >= 0.97
[Ticker] KXETH15M-26APR081830-30
[Market] YES=0.01 | NO=1.00 | Sum=1.01
==================================================
Balance: $116.47 | Regime: CHOP | Session: 0W/0L (0%) | PnL: $+0.00
[Confidence] Score=5/10 | extreme_edge,coinbase_weak,2of3_agree
[Timing] Window 10 min old — skipping
[Cycle] No signal — YES=0.01 is between 0.30 and 0.70, sum=1.01 >= 0.97
[Ticker] KXETH15M-26APR081830-30
[Market] YES=0.00 | NO=1.00 | Sum=1.00
==================================================
Balance: $116.47 | Regime: CHOP | Session: 0W/0L (0%) | PnL: $+0.00
[Confidence] Score=6/10 | extreme_edge,coinbase_weak,all3_agree
[Timing] Window 11 min old — skipping
[Cycle] No signal — YES=0.00 is between 0.30 and 0.70, sum=1.00 >= 0.97
[Ticker] KXETH15M-26APR081830-30
[Market] YES=0.00 | NO=1.00 | Sum=1.00
==================================================
Balance: $116.47 | Regime: CHOP | Session: 0W/0L (0%) | PnL: $+0.00
[Confidence] Score=6/10 | extreme_edge,coinbase_weak,all3_agree
[Timing] Window 12 min old — skipping
[Cycle] No signal — YES=0.00 is between 0.30 and 0.70, sum=1.00 >= 0.97
[Ticker] KXETH15M-26APR081830-30
[Market] YES=0.00 | NO=1.00 | Sum=1.00
==================================================
Balance: $116.47 | Regime: CHOP | Session: 0W/0L (0%) | PnL: $+0.00
[Confidence] Score=7/10 | extreme_edge,coinbase_strong,all3_agree
[Timing] Window 13 min old — skipping
[Cycle] No signal — YES=0.00 is between 0.30 and 0.70, sum=1.00 >= 0.97
[Ticker] KXETH15M-26APR081830-30
[Market] YES=0.00 | NO=1.00 | Sum=1.00
==================================================
Balance: $116.47 | Regime: CHOP | Session: 0W/0L (0%) | PnL: $+0.00
[Confidence] Score=7/10 | extreme_edge,coinbase_strong,all3_agree
[Timing] Window 14 min old — skipping
[Cycle] No signal — YES=0.00 is between 0.30 and 0.70, sum=1.00 >= 0.97
[Ticker] KXETH15M-26APR081830-30
[Market] YES=1.00 | NO=1.00 | Sum=2.00
==================================================
Balance: $116.47 | Regime: CHOP | Session: 0W/0L (0%) | PnL: $+0.00
[Confidence] Score=3/10 | extreme_edge
[Timing] Window 0 min old — skipping
[Cycle] No signal — YES=1.00 is between 0.30 and 0.70, sum=2.00 >= 0.97
[Ticker] KXETH15M-26APR081845-45
[Market] YES=0.29 | NO=0.75 | Sum=1.04
==================================================
Balance: $116.47 | Regime: CHOP | Session: 0W/0L (0%) | PnL: $+0.00
[Confidence] Score=4/10 | moderate_edge,coinbase_weak,all3_agree
[Coinbase] Confirms DOWN | $2190 gap=-4 (0.18%)
[Kraken] Divergence 3147.24% — bet trimmed
[Signal] CONFIRMED DOWN | yes=0.29 | edge=0.21 | bet=$1.80
[Safety] Balance $116.47 below floor $120.00
🛑 OpenClaw ETH Bot v4.0 halted: Balance $116.47 below floor $120.00

==================================================
OpenClaw ETH Bot v4.0 — LIVE
[Startup] Live balance synced: $116.47
Balance: $116.47 | MaxBet: $0.00 | Threshold: <0.30 or >0.70
==================================================

[Startup] Resting orders cleared
[Ticker] KXETH15M-26APR081845-45
[Market] YES=0.27 | NO=0.76 | Sum=1.03
==================================================
Balance: $116.47 | Regime: CHOP | Session: 0W/0L (0%) | PnL: $+0.00
[Confidence] Score=3/10 | moderate_edge,coinbase_weak,2of3_agree
[Signal] DOWN candidate | yes=0.27 | waiting (1/2)
[Cycle] No signal — YES=0.27 is between 0.30 and 0.70, sum=1.03 >= 0.97
[Ticker] KXETH15M-26APR081845-45
[Market] YES=0.35 | NO=0.69 | Sum=1.04
==================================================
Balance: $116.47 | Regime: CHOP | Session: 0W/0L (0%) | PnL: $+0.00
[Cycle] No signal — YES=0.35 is between 0.30 and 0.70, sum=1.04 >= 0.97
[Ticker] KXETH15M-26APR081845-45
[Market] YES=0.48 | NO=0.56 | Sum=1.04
==================================================
Balance: $116.47 | Regime: CHOP | Session: 0W/0L (0%) | PnL: $+0.00
[Cycle] No signal — YES=0.48 is between 0.30 and 0.70, sum=1.04 >= 0.97
[Ticker] KXETH15M-26APR081845-45
[Market] YES=0.59 | NO=0.44 | Sum=1.03
==================================================
Balance: $116.47 | Regime: CHOP | Session: 0W/0L (0%) | PnL: $+0.00
[Cycle] No signal — YES=0.59 is between 0.30 and 0.70, sum=1.03 >= 0.97
[Ticker] KXETH15M-26APR081845-45
[Market] YES=0.91 | NO=0.12 | Sum=1.03
==================================================
Balance: $116.47 | Regime: CHOP | Session: 0W/0L (0%) | PnL: $+0.00
[Confidence] Score=3/10 | strong_edge,coinbase_weak
[Timing] Window 5 min old — skipping
[Cycle] No signal — YES=0.91 is between 0.30 and 0.70, sum=1.03 >= 0.97
[Ticker] KXETH15M-26APR081845-45
[Market] YES=0.92 | NO=0.11 | Sum=1.03
==================================================
Balance: $116.47 | Regime: CHOP | Session: 0W/0L (0%) | PnL: $+0.00
[Confidence] Score=3/10 | strong_edge,coinbase_weak
[Timing] Window 6 min old — skipping
[Cycle] No signal — YES=0.92 is between 0.30 and 0.70, sum=1.03 >= 0.97
[Ticker] KXETH15M-26APR081845-45
[Market] YES=0.93 | NO=0.08 | Sum=1.01
==================================================
Balance: $116.47 | Regime: CHOP | Session: 0W/0L (0%) | PnL: $+0.00
[Confidence] Score=3/10 | strong_edge,coinbase_weak
[Timing] Window 7 min old — skipping
[Cycle] No signal — YES=0.93 is between 0.30 and 0.70, sum=1.01 >= 0.97
[Ticker] KXETH15M-26APR081845-45
[Market] YES=0.95 | NO=0.08 | Sum=1.03
==================================================
Balance: $116.47 | Regime: CHOP | Session: 0W/0L (0%) | PnL: $+0.00
[Confidence] Score=3/10 | strong_edge,coinbase_weak
[Timing] Window 8 min old — skipping
[Cycle] No signal — YES=0.95 is between 0.30 and 0.70, sum=1.03 >= 0.97
[Ticker] KXETH15M-26APR081845-45
[Market] YES=0.98 | NO=0.03 | Sum=1.01
==================================================
Balance: $116.47 | Regime: CHOP | Session: 0W/0L (0%) | PnL: $+0.00
[Confidence] Score=4/10 | extreme_edge,coinbase_weak
[Timing] Window 9 min old — skipping
[Cycle] No signal — YES=0.98 is between 0.30 and 0.70, sum=1.01 >= 0.97
[Ticker] KXETH15M-26APR081845-45
[Market] YES=0.99 | NO=0.02 | Sum=1.01
==================================================
Balance: $116.47 | Regime: CHOP | Session: 0W/0L (0%) | PnL: $+0.00
[Confidence] Score=4/10 | extreme_edge,coinbase_weak
[Timing] Window 10 min old — skipping
[Cycle] No signal — YES=0.99 is between 0.30 and 0.70, sum=1.01 >= 0.97
[Ticker] KXETH15M-26APR081845-45
[Market] YES=0.98 | NO=0.04 | Sum=1.02
==================================================
Balance: $116.47 | Regime: CHOP | Session: 0W/0L (0%) | PnL: $+0.00
[Confidence] Score=4/10 | extreme_edge,coinbase_weak
[Timing] Window 11 min old — skipping
[Cycle] No signal — YES=0.98 is between 0.30 and 0.70, sum=1.02 >= 0.97
[Ticker] KXETH15M-26APR081845-45
[Market] YES=1.00 | NO=0.02 | Sum=1.01
==================================================
Balance: $116.47 | Regime: CHOP | Session: 0W/0L (0%) | PnL: $+0.00
[Confidence] Score=4/10 | extreme_edge,coinbase_weak
[Timing] Window 12 min old — skipping
[Cycle] No signal — YES=1.00 is between 0.30 and 0.70, sum=1.01 >= 0.97
[Ticker] KXETH15M-26APR081845-45
[Market] YES=1.00 | NO=0.00 | Sum=1.00
==================================================
Balance: $116.47 | Regime: CHOP | Session: 0W/0L (0%) | PnL: $+0.00
[Confidence] Score=4/10 | extreme_edge,coinbase_weak
[Timing] Window 13 min old — skipping
[Cycle] No signal — YES=1.00 is between 0.30 and 0.70, sum=1.00 >= 0.97
[Ticker] KXETH15M-26APR081845-45
[Market] YES=1.00 | NO=0.00 | Sum=1.00
==================================================
Balance: $116.47 | Regime: CHOP | Session: 0W/0L (0%) | PnL: $+0.00
[Confidence] Score=4/10 | extreme_edge,coinbase_weak
[Timing] Window 14 min old — skipping
[Cycle] No signal — YES=1.00 is between 0.30 and 0.70, sum=1.00 >= 0.97
[Ticker] KXETH15M-26APR081900-00
[Market] YES=0.48 | NO=0.60 | Sum=1.08
==================================================
Balance: $116.47 | Regime: CHOP | Session: 0W/0L (0%) | PnL: $+0.00
[Cycle] No signal — YES=0.48 is between 0.30 and 0.70, sum=1.08 >= 0.97
[Ticker] KXETH15M-26APR081900-00
[Market] YES=0.54 | NO=0.51 | Sum=1.05
==================================================
Balance: $116.47 | Regime: CHOP | Session: 0W/0L (0%) | PnL: $+0.00
[Cycle] No signal — YES=0.54 is between 0.30 and 0.70, sum=1.05 >= 0.97
[Ticker] KXETH15M-26APR081900-00
[Market] YES=0.38 | NO=0.66 | Sum=1.04
==================================================
Balance: $116.47 | Regime: CHOP | Session: 0W/0L (0%) | PnL: $+0.00
[Cycle] No signal — YES=0.38 is between 0.30 and 0.70, sum=1.04 >= 0.97
[Ticker] KXETH15M-26APR081900-00
[Market] YES=0.40 | NO=0.66 | Sum=1.06
==================================================
Balance: $116.47 | Regime: CHOP | Session: 0W/0L (0%) | PnL: $+0.00
[Cycle] No signal — YES=0.40 is between 0.30 and 0.70, sum=1.06 >= 0.97
[Ticker] KXETH15M-26APR081900-00
[Market] YES=0.37 | NO=0.68 | Sum=1.05
==================================================
Balance: $116.47 | Regime: CHOP | Session: 0W/0L (0%) | PnL: $+0.00
[Cycle] No signal — YES=0.37 is between 0.30 and 0.70, sum=1.05 >= 0.97
[Ticker] KXETH15M-26APR081900-00
[Market] YES=0.56 | NO=0.48 | Sum=1.04
==================================================
Balance: $116.47 | Regime: CHOP | Session: 0W/0L (0%) | PnL: $+0.00
[Cycle] No signal — YES=0.56 is between 0.30 and 0.70, sum=1.04 >= 0.97
[Ticker] KXETH15M-26APR081900-00
[Market] YES=0.56 | NO=0.49 | Sum=1.05
==================================================
Balance: $116.47 | Regime: CHOP | Session: 0W/0L (0%) | PnL: $+0.00
[Cycle] No signal — YES=0.56 is between 0.30 and 0.70, sum=1.05 >= 0.97
[Ticker] KXETH15M-26APR081900-00
[Market] YES=0.35 | NO=0.69 | Sum=1.04
==================================================
Balance: $116.47 | Regime: CHOP | Session: 0W/0L (0%) | PnL: $+0.00
[Cycle] No signal — YES=0.35 is between 0.30 and 0.70, sum=1.04 >= 0.97
[Ticker] KXETH15M-26APR081900-00
[Market] YES=0.16 | NO=0.88 | Sum=1.04
==================================================
Balance: $116.47 | Regime: CHOP | Session: 0W/0L (0%) | PnL: $+0.00
[Confidence] Score=5/10 | strong_edge,coinbase_weak,all3_agree
[Timing] Window 8 min old — skipping
[Cycle] No signal — YES=0.16 is between 0.30 and 0.70, sum=1.04 >= 0.97
[Ticker] KXETH15M-26APR081900-00
[Market] YES=0.07 | NO=0.95 | Sum=1.02
==================================================
Balance: $116.47 | Regime: CHOP | Session: 0W/0L (0%) | PnL: $+0.00
[Confidence] Score=5/10 | strong_edge,coinbase_weak,all3_agree
[Timing] Window 9 min old — skipping
[Cycle] No signal — YES=0.07 is between 0.30 and 0.70, sum=1.02 >= 0.97
[Ticker] KXETH15M-26APR081900-00
[Market] YES=0.03 | NO=0.98 | Sum=1.01
==================================================
Balance: $116.47 | Regime: CHOP | Session: 0W/0L (0%) | PnL: $+0.00
[Confidence] Score=6/10 | extreme_edge,coinbase_weak,all3_agree
[Timing] Window 10 min old — skipping
[Cycle] No signal — YES=0.03 is between 0.30 and 0.70, sum=1.01 >= 0.97
[Ticker] KXETH15M-26APR081900-00
[Market] YES=0.01 | NO=1.00 | Sum=1.01
==================================================
Balance: $116.47 | Regime: CHOP | Session: 0W/0L (0%) | PnL: $+0.00
[Confidence] Score=5/10 | extreme_edge,coinbase_weak,2of3_agree
[Timing] Window 11 min old — skipping
[Cycle] No signal — YES=0.01 is between 0.30 and 0.70, sum=1.01 >= 0.97
[Ticker] KXETH15M-26APR081900-00
[Market] YES=0.01 | NO=1.00 | Sum=1.01
==================================================
Balance: $116.47 | Regime: CHOP | Session: 0W/0L (0%) | PnL: $+0.00
[Confidence] Score=6/10 | extreme_edge,coinbase_weak,all3_agree
[Timing] Window 12 min old — skipping
[Cycle] No signal — YES=0.01 is between 0.30 and 0.70, sum=1.01 >= 0.97
[Ticker] KXETH15M-26APR081900-00
[Market] YES=0.01 | NO=1.00 | Sum=1.00
==================================================
Balance: $116.47 | Regime: CHOP | Session: 0W/0L (0%) | PnL: $+0.00
[Confidence] Score=6/10 | extreme_edge,coinbase_weak,all3_agree
[Timing] Window 13 min old — skipping
[Cycle] No signal — YES=0.01 is between 0.30 and 0.70, sum=1.00 >= 0.97
[Ticker] KXETH15M-26APR081900-00
[Market] YES=0.00 | NO=1.00 | Sum=1.00
==================================================
Balance: $116.47 | Regime: CHOP | Session: 0W/0L (0%) | PnL: $+0.00
[Confidence] Score=6/10 | extreme_edge,coinbase_weak,all3_agree
[Timing] Window 14 min old — skipping
[Cycle] No signal — YES=0.00 is between 0.30 and 0.70, sum=1.00 >= 0.97
[Ticker] KXETH15M-26APR081915-15
[Market] YES=0.60 | NO=0.64 | Sum=1.24
==================================================
Balance: $116.47 | Regime: CHOP | Session: 0W/0L (0%) | PnL: $+0.00
[Cycle] No signal — YES=0.60 is between 0.30 and 0.70, sum=1.24 >= 0.97
[Ticker] KXETH15M-26APR081915-15
[Market] YES=0.19 | NO=0.84 | Sum=1.03
==================================================
Balance: $116.47 | Regime: CHOP | Session: 0W/0L (0%) | PnL: $+0.00
[Confidence] Score=5/10 | strong_edge,coinbase_weak,all3_agree
[Signal] EXTREME DOWN | yes=0.19 | edge=0.31 | firing immediately
[Coinbase] Confirms DOWN | $2184 gap=-6 (0.29%)
[Kraken] Divergence 3149.29% — bet trimmed
[Correlation] 2/3 agree DOWN
[Signal] CONFIRMED DOWN | yes=0.19 | edge=0.31 | bet=$1.80
[Safety] Balance $116.47 below floor $120.00
🛑 OpenClaw ETH Bot v4.0 halted: Balance $116.47 below floor $120.00

==================================================
OpenClaw ETH Bot v4.0 — LIVE
[Startup] Live balance synced: $116.47
Balance: $116.47 | MaxBet: $0.00 | Threshold: <0.30 or >0.70
==================================================

[Startup] Resting orders cleared
[Ticker] KXETH15M-26APR081915-15
[Market] YES=0.18 | NO=0.86 | Sum=1.04
==================================================
Balance: $116.47 | Regime: CHOP | Session: 0W/0L (0%) | PnL: $+0.00
[Confidence] Score=5/10 | strong_edge,coinbase_weak,all3_agree
[Signal] EXTREME DOWN | yes=0.18 | edge=0.32 | firing immediately
[Coinbase] Confirms DOWN | $2185 gap=-5 (0.23%)
[Kraken] Divergence 3145.94% — bet trimmed
[Correlation] All 3 agree — bet boosted
[Signal] CONFIRMED DOWN | yes=0.18 | edge=0.32 | bet=$2.16
[CorrGuard] 2 bots already fired — skipping to avoid correlated loss
[Cycle] No signal — YES=0.18 is between 0.30 and 0.70, sum=1.04 >= 0.97
[Ticker] KXETH15M-26APR081915-15
[Market] YES=0.18 | NO=0.86 | Sum=1.04
==================================================
Balance: $116.47 | Regime: CHOP | Session: 0W/0L (0%) | PnL: $+0.00
[Confidence] Score=4/10 | strong_edge,coinbase_weak,2of3_agree
[Signal] DOWN candidate | yes=0.18 | waiting (1/2)
[Cycle] No signal — YES=0.18 is between 0.30 and 0.70, sum=1.04 >= 0.97
[Ticker] KXETH15M-26APR081915-15
[Market] YES=0.12 | NO=0.90 | Sum=1.02
==================================================
Balance: $116.47 | Regime: CHOP | Session: 0W/0L (0%) | PnL: $+0.00
[Confidence] Score=5/10 | strong_edge,coinbase_weak,all3_agree
[Coinbase] Confirms DOWN | $2184 gap=-7 (0.30%)
[Kraken] Divergence 3148.12% — bet trimmed
[Correlation] All 3 agree — bet boosted
[Signal] CONFIRMED DOWN | yes=0.12 | edge=0.38 | bet=$2.81
[CorrGuard] 2 bots already fired — skipping to avoid correlated loss
[Cycle] No signal — YES=0.12 is between 0.30 and 0.70, sum=1.02 >= 0.97
[Ticker] KXETH15M-26APR081915-15
[Market] YES=0.10 | NO=0.91 | Sum=1.01
==================================================
Balance: $116.47 | Regime: CHOP | Session: 0W/0L (0%) | PnL: $+0.00
[Confidence] Score=5/10 | strong_edge,coinbase_weak,all3_agree
[Coinbase] Confirms DOWN | $2184 gap=-6 (0.28%)
[Kraken] Divergence 3147.36% — bet trimmed
[Correlation] All 3 agree — bet boosted
[Signal] CONFIRMED DOWN | yes=0.10 | edge=0.40 | bet=$2.16
[CorrGuard] 2 bots already fired — skipping to avoid correlated loss
[Cycle] No signal — YES=0.10 is between 0.30 and 0.70, sum=1.01 >= 0.97
[Ticker] KXETH15M-26APR081915-15
[Market] YES=0.32 | NO=0.71 | Sum=1.03
==================================================
Balance: $116.47 | Regime: CHOP | Session: 0W/0L (0%) | PnL: $+0.00
[Cycle] No signal — YES=0.32 is between 0.30 and 0.70, sum=1.03 >= 0.97
[Ticker] KXETH15M-26APR081915-15
[Market] YES=0.22 | NO=0.82 | Sum=1.04
==================================================
Balance: $116.47 | Regime: CHOP | Session: 0W/0L (0%) | PnL: $+0.00
[Confidence] Score=3/10 | moderate_edge,coinbase_weak,2of3_agree
[Timing] Window 6 min old — skipping
[Cycle] No signal — YES=0.22 is between 0.30 and 0.70, sum=1.04 >= 0.97
[Ticker] KXETH15M-26APR081915-15
[Market] YES=0.20 | NO=0.84 | Sum=1.04
==================================================
Balance: $116.47 | Regime: CHOP | Session: 0W/0L (0%) | PnL: $+0.00
[Confidence] Score=5/10 | strong_edge,coinbase_weak,all3_agree
[Timing] Window 7 min old — skipping
[Cycle] No signal — YES=0.20 is between 0.30 and 0.70, sum=1.04 >= 0.97
[Ticker] KXETH15M-26APR081915-15
[Market] YES=0.31 | NO=0.74 | Sum=1.05
==================================================
Balance: $116.47 | Regime: CHOP | Session: 0W/0L (0%) | PnL: $+0.00
[Cycle] No signal — YES=0.31 is between 0.30 and 0.70, sum=1.05 >= 0.97
[Ticker] KXETH15M-26APR081915-15
[Market] YES=0.27 | NO=0.77 | Sum=1.04
==================================================
Balance: $116.47 | Regime: CHOP | Session: 0W/0L (0%) | PnL: $+0.00
[Confidence] Score=4/10 | moderate_edge,coinbase_weak,all3_agree
[Timing] Window 9 min old — skipping
[Cycle] No signal — YES=0.27 is between 0.30 and 0.70, sum=1.04 >= 0.97
[Ticker] KXETH15M-26APR081915-15
[Market] YES=0.30 | NO=0.75 | Sum=1.05
==================================================
Balance: $116.47 | Regime: CHOP | Session: 0W/0L (0%) | PnL: $+0.00
[Cycle] No signal — YES=0.30 is between 0.30 and 0.70, sum=1.05 >= 0.97
[Ticker] KXETH15M-26APR081915-15
[Market] YES=0.73 | NO=0.31 | Sum=1.04
==================================================
Balance: $116.47 | Regime: CHOP | Session: 0W/0L (0%) | PnL: $+0.00
[Confidence] Score=2/10 | moderate_edge,coinbase_weak
[Timing] Window 11 min old — skipping
[Cycle] No signal — YES=0.73 is between 0.30 and 0.70, sum=1.04 >= 0.97
[Ticker] KXETH15M-26APR081915-15
[Market] YES=0.88 | NO=0.15 | Sum=1.03
==================================================
Balance: $116.47 | Regime: CHOP | Session: 0W/0L (0%) | PnL: $+0.00
[Confidence] Score=3/10 | strong_edge,coinbase_weak
[Timing] Window 12 min old — skipping
[Cycle] No signal — YES=0.88 is between 0.30 and 0.70, sum=1.03 >= 0.97
[Ticker] KXETH15M-26APR081915-15
[Market] YES=0.89 | NO=0.15 | Sum=1.04
==================================================
Balance: $116.47 | Regime: CHOP | Session: 0W/0L (0%) | PnL: $+0.00
[Confidence] Score=3/10 | strong_edge,coinbase_weak
[Timing] Window 13 min old — skipping
[Cycle] No signal — YES=0.89 is between 0.30 and 0.70, sum=1.04 >= 0.97
[Ticker] KXETH15M-26APR081915-15
[Market] YES=1.00 | NO=0.01 | Sum=1.00
==================================================
Balance: $116.47 | Regime: CHOP | Session: 0W/0L (0%) | PnL: $+0.00
[Confidence] Score=4/10 | extreme_edge,coinbase_weak
[Timing] Window 14 min old — skipping
[Cycle] No signal — YES=1.00 is between 0.30 and 0.70, sum=1.00 >= 0.97
[Ticker] KXETH15M-26APR081915-15
[Market] YES=1.00 | NO=0.01 | Sum=1.00
==================================================
Balance: $116.47 | Regime: CHOP | Session: 0W/0L (0%) | PnL: $+0.00
[Confidence] Score=4/10 | extreme_edge,coinbase_weak
[Timing] Window 0 min old — skipping
[Cycle] No signal — YES=1.00 is between 0.30 and 0.70, sum=1.00 >= 0.97
[Ticker] KXETH15M-26APR081930-30
[Market] YES=0.44 | NO=0.59 | Sum=1.03
==================================================
Balance: $116.47 | Regime: CHOP | Session: 0W/0L (0%) | PnL: $+0.00
[Cycle] No signal — YES=0.44 is between 0.30 and 0.70, sum=1.03 >= 0.97
[Ticker] KXETH15M-26APR081930-30
[Market] YES=0.50 | NO=0.52 | Sum=1.02
==================================================
Balance: $116.47 | Regime: CHOP | Session: 0W/0L (0%) | PnL: $+0.00
[Cycle] No signal — YES=0.50 is between 0.30 and 0.70, sum=1.02 >= 0.97
[Ticker] KXETH15M-26APR081930-30
[Market] YES=0.30 | NO=0.74 | Sum=1.04
==================================================
Balance: $116.47 | Regime: CHOP | Session: 0W/0L (0%) | PnL: $+0.00
[Cycle] No signal — YES=0.30 is between 0.30 and 0.70, sum=1.04 >= 0.97
[Ticker] KXETH15M-26APR081930-30
[Market] YES=0.23 | NO=0.86 | Sum=1.09
==================================================
Balance: $116.47 | Regime: CHOP | Session: 0W/0L (0%) | PnL: $+0.00
[Confidence] Score=4/10 | moderate_edge,coinbase_weak,all3_agree
[Signal] DOWN candidate | yes=0.23 | waiting (1/2)
[Cycle] No signal — YES=0.23 is between 0.30 and 0.70, sum=1.09 >= 0.97
[Ticker] KXETH15M-26APR081930-30
[Market] YES=0.21 | NO=0.82 | Sum=1.03
==================================================
Balance: $116.47 | Regime: CHOP | Session: 0W/0L (0%) | PnL: $+0.00
[Confidence] Score=3/10 | moderate_edge,coinbase_weak,2of3_agree
[Timing] Window 5 min old — skipping
[Cycle] No signal — YES=0.21 is between 0.30 and 0.70, sum=1.03 >= 0.97
[Ticker] KXETH15M-26APR081930-30
[Market] YES=0.06 | NO=0.95 | Sum=1.01
==================================================
Balance: $116.47 | Regime: CHOP | Session: 0W/0L (0%) | PnL: $+0.00
[Confidence] Score=5/10 | strong_edge,coinbase_weak,all3_agree
[Timing] Window 6 min old — skipping
[Cycle] No signal — YES=0.06 is between 0.30 and 0.70, sum=1.01 >= 0.97
[Ticker] KXETH15M-26APR081930-30
[Market] YES=0.04 | NO=0.99 | Sum=1.03
==================================================
Balance: $116.47 | Regime: CHOP | Session: 0W/0L (0%) | PnL: $+0.00
[Confidence] Score=5/10 | extreme_edge,coinbase_weak,2of3_agree
[Timing] Window 7 min old — skipping
[Cycle] No signal — YES=0.04 is between 0.30 and 0.70, sum=1.03 >= 0.97
[Ticker] KXETH15M-26APR081930-30
[Market] YES=0.03 | NO=0.99 | Sum=1.01
==================================================
Balance: $116.47 | Regime: CHOP | Session: 0W/0L (0%) | PnL: $+0.00
[Confidence] Score=6/10 | extreme_edge,coinbase_weak,all3_agree
[Timing] Window 8 min old — skipping
[Cycle] No signal — YES=0.03 is between 0.30 and 0.70, sum=1.01 >= 0.97
[Ticker] KXETH15M-26APR081930-30
[Market] YES=0.02 | NO=0.99 | Sum=1.01
==================================================
Balance: $116.47 | Regime: CHOP | Session: 0W/0L (0%) | PnL: $+0.00
[Confidence] Score=6/10 | extreme_edge,coinbase_weak,all3_agree
[Timing] Window 9 min old — skipping
[Cycle] No signal — YES=0.02 is between 0.30 and 0.70, sum=1.01 >= 0.97
[Ticker] KXETH15M-26APR081930-30
[Market] YES=0.02 | NO=0.99 | Sum=1.01
==================================================
Balance: $116.47 | Regime: CHOP | Session: 0W/0L (0%) | PnL: $+0.00
[Confidence] Score=6/10 | extreme_edge,coinbase_weak,all3_agree
[Timing] Window 10 min old — skipping
[Cycle] No signal — YES=0.02 is between 0.30 and 0.70, sum=1.01 >= 0.97
[Ticker] KXETH15M-26APR081930-30
[Market] YES=0.01 | NO=0.99 | Sum=1.00
==================================================
Balance: $116.47 | Regime: CHOP | Session: 0W/0L (0%) | PnL: $+0.00
[Confidence] Score=5/10 | extreme_edge,coinbase_weak,2of3_agree
[Timing] Window 11 min old — skipping
[Cycle] No signal — YES=0.01 is between 0.30 and 0.70, sum=1.00 >= 0.97
[Ticker] KXETH15M-26APR081930-30
[Market] YES=0.01 | NO=1.00 | Sum=1.00
==================================================
Balance: $116.47 | Regime: CHOP | Session: 0W/0L (0%) | PnL: $+0.00
[Confidence] Score=6/10 | extreme_edge,coinbase_weak,all3_agree
[Timing] Window 12 min old — skipping
[Cycle] No signal — YES=0.01 is between 0.30 and 0.70, sum=1.00 >= 0.97
[Ticker] KXETH15M-26APR081930-30
[Market] YES=0.00 | NO=1.00 | Sum=1.00
==================================================
Balance: $116.47 | Regime: CHOP | Session: 0W/0L (0%) | PnL: $+0.00
[Confidence] Score=6/10 | extreme_edge,coinbase_weak,all3_agree
[Timing] Window 13 min old — skipping
[Cycle] No signal — YES=0.00 is between 0.30 and 0.70, sum=1.00 >= 0.97
[Ticker] KXETH15M-26APR081930-30
[Market] YES=0.00 | NO=1.00 | Sum=1.00
==================================================
Balance: $116.47 | Regime: CHOP | Session: 0W/0L (0%) | PnL: $+0.00
[Confidence] Score=6/10 | extreme_edge,coinbase_weak,all3_agree
[Timing] Window 14 min old — skipping
[Cycle] No signal — YES=0.00 is between 0.30 and 0.70, sum=1.00 >= 0.97
[Ticker] KXETH15M-26APR081945-45
[Market] YES=0.47 | NO=0.55 | Sum=1.02
==================================================
Balance: $116.47 | Regime: CHOP | Session: 0W/0L (0%) | PnL: $+0.00
[Cycle] No signal — YES=0.47 is between 0.30 and 0.70, sum=1.02 >= 0.97
[Ticker] KXETH15M-26APR081945-45
[Market] YES=0.47 | NO=0.56 | Sum=1.03
==================================================
Balance: $116.47 | Regime: CHOP | Session: 0W/0L (0%) | PnL: $+0.00
[Cycle] No signal — YES=0.47 is between 0.30 and 0.70, sum=1.03 >= 0.97
[Ticker] KXETH15M-26APR081945-45
[Market] YES=0.43 | NO=0.58 | Sum=1.01
==================================================
Balance: $116.47 | Regime: CHOP | Session: 0W/0L (0%) | PnL: $+0.00
[Cycle] No signal — YES=0.43 is between 0.30 and 0.70, sum=1.01 >= 0.97
[Ticker] KXETH15M-26APR081945-45
[Market] YES=0.37 | NO=0.68 | Sum=1.05
==================================================
Balance: $116.47 | Regime: CHOP | Session: 0W/0L (0%) | PnL: $+0.00
[Cycle] No signal — YES=0.37 is between 0.30 and 0.70, sum=1.05 >= 0.97
[Ticker] KXETH15M-26APR081945-45
[Market] YES=0.64 | NO=0.38 | Sum=1.02
==================================================
Balance: $116.47 | Regime: CHOP | Session: 0W/0L (0%) | PnL: $+0.00
[Cycle] No signal — YES=0.64 is between 0.30 and 0.70, sum=1.02 >= 0.97
[Ticker] KXETH15M-26APR081945-45
[Market] YES=0.60 | NO=0.44 | Sum=1.04
==================================================
Balance: $116.47 | Regime: CHOP | Session: 0W/0L (0%) | PnL: $+0.00
[Cycle] No signal — YES=0.60 is between 0.30 and 0.70, sum=1.04 >= 0.97
[Ticker] KXETH15M-26APR081945-45
[Market] YES=0.88 | NO=0.15 | Sum=1.03
==================================================
Balance: $116.47 | Regime: CHOP | Session: 0W/0L (0%) | PnL: $+0.00
[Confidence] Score=3/10 | strong_edge,coinbase_weak
[Timing] Window 6 min old — skipping
[Cycle] No signal — YES=0.88 is between 0.30 and 0.70, sum=1.03 >= 0.97
[Ticker] KXETH15M-26APR081945-45
[Market] YES=0.90 | NO=0.12 | Sum=1.02
==================================================
Balance: $116.47 | Regime: CHOP | Session: 0W/0L (0%) | PnL: $+0.00
[Confidence] Score=4/10 | strong_edge,coinbase_weak,2of3_agree
[Timing] Window 7 min old — skipping
[Cycle] No signal — YES=0.90 is between 0.30 and 0.70, sum=1.02 >= 0.97
[Ticker] KXETH15M-26APR081945-45
[Market] YES=0.93 | NO=0.09 | Sum=1.02
==================================================
Balance: $116.47 | Regime: CHOP | Session: 0W/0L (0%) | PnL: $+0.00
[Confidence] Score=3/10 | strong_edge,coinbase_weak
[Timing] Window 8 min old — skipping
[Cycle] No signal — YES=0.93 is between 0.30 and 0.70, sum=1.02 >= 0.97
[Ticker] KXETH15M-26APR081945-45
[Market] YES=0.92 | NO=0.10 | Sum=1.02
==================================================
Balance: $116.47 | Regime: CHOP | Session: 0W/0L (0%) | PnL: $+0.00
[Confidence] Score=3/10 | strong_edge,coinbase_weak
[Timing] Window 9 min old — skipping
[Cycle] No signal — YES=0.92 is between 0.30 and 0.70, sum=1.02 >= 0.97
[Ticker] KXETH15M-26APR081945-45
[Market] YES=0.82 | NO=0.23 | Sum=1.05
==================================================
Balance: $116.47 | Regime: CHOP | Session: 0W/0L (0%) | PnL: $+0.00
[Confidence] Score=3/10 | strong_edge,coinbase_weak
[Timing] Window 10 min old — skipping
[Cycle] No signal — YES=0.82 is between 0.30 and 0.70, sum=1.05 >= 0.97
[Ticker] KXETH15M-26APR081945-45
[Market] YES=0.96 | NO=0.06 | Sum=1.02
==================================================
Balance: $116.47 | Regime: CHOP | Session: 0W/0L (0%) | PnL: $+0.00
[Confidence] Score=4/10 | extreme_edge,coinbase_weak
[Timing] Window 11 min old — skipping
[Cycle] No signal — YES=0.96 is between 0.30 and 0.70, sum=1.02 >= 0.97
[Ticker] KXETH15M-26APR081945-45
[Market] YES=0.84 | NO=0.20 | Sum=1.04
==================================================
Balance: $116.47 | Regime: CHOP | Session: 0W/0L (0%) | PnL: $+0.00
[Confidence] Score=3/10 | strong_edge,coinbase_weak
[Timing] Window 12 min old — skipping
[Cycle] No signal — YES=0.84 is between 0.30 and 0.70, sum=1.04 >= 0.97
[Ticker] KXETH15M-26APR081945-45
[Market] YES=1.00 | NO=0.02 | Sum=1.02
==================================================
Balance: $116.47 | Regime: CHOP | Session: 0W/0L (0%) | PnL: $+0.00
[Confidence] Score=4/10 | extreme_edge,coinbase_weak
[Timing] Window 13 min old — skipping
[Cycle] No signal — YES=1.00 is between 0.30 and 0.70, sum=1.02 >= 0.97
[Ticker] KXETH15M-26APR081945-45
[Market] YES=1.00 | NO=0.00 | Sum=1.00
==================================================
Balance: $116.47 | Regime: CHOP | Session: 0W/0L (0%) | PnL: $+0.00
[Confidence] Score=4/10 | extreme_edge,coinbase_weak
[Timing] Window 14 min old — skipping
[Cycle] No signal — YES=1.00 is between 0.30 and 0.70, sum=1.00 >= 0.97
[Ticker] KXETH15M-26APR081945-45
[Market] YES=1.00 | NO=0.00 | Sum=1.00
==================================================
Balance: $116.47 | Regime: CHOP | Session: 0W/0L (0%) | PnL: $+0.00
[Confidence] Score=4/10 | extreme_edge,coinbase_weak
[Timing] Window 0 min old — skipping
[Cycle] No signal — YES=1.00 is between 0.30 and 0.70, sum=1.00 >= 0.97
[Ticker] KXETH15M-26APR082000-00
[Market] YES=0.61 | NO=0.42 | Sum=1.03
==================================================
Balance: $116.47 | Regime: CHOP | Session: 0W/0L (0%) | PnL: $+0.00
[Cycle] No signal — YES=0.61 is between 0.30 and 0.70, sum=1.03 >= 0.97
[Ticker] KXETH15M-26APR082000-00
[Market] YES=0.65 | NO=0.40 | Sum=1.05
==================================================
Balance: $116.47 | Regime: CHOP | Session: 0W/0L (0%) | PnL: $+0.00
[Cycle] No signal — YES=0.65 is between 0.30 and 0.70, sum=1.05 >= 0.97
[Ticker] KXETH15M-26APR082000-00
[Market] YES=0.71 | NO=0.32 | Sum=1.03
==================================================
Balance: $116.47 | Regime: CHOP | Session: 0W/0L (0%) | PnL: $+0.00
[Confidence] Score=2/10 | moderate_edge,coinbase_weak
[Signal] UP candidate | yes=0.71 | waiting (1/2)
[Cycle] No signal — YES=0.71 is between 0.30 and 0.70, sum=1.03 >= 0.97
[Ticker] KXETH15M-26APR082000-00
[Market] YES=0.69 | NO=0.34 | Sum=1.03
==================================================
Balance: $116.47 | Regime: CHOP | Session: 0W/0L (0%) | PnL: $+0.00
[Cycle] No signal — YES=0.69 is between 0.30 and 0.70, sum=1.03 >= 0.97
[Ticker] KXETH15M-26APR082000-00
[Market] YES=0.89 | NO=0.13 | Sum=1.02
==================================================
Balance: $116.47 | Regime: CHOP | Session: 0W/0L (0%) | PnL: $+0.00
[Confidence] Score=3/10 | strong_edge,coinbase_weak
[Timing] Window 5 min old — skipping
[Cycle] No signal — YES=0.89 is between 0.30 and 0.70, sum=1.02 >= 0.97
[Ticker] KXETH15M-26APR082000-00
[Market] YES=0.87 | NO=0.16 | Sum=1.03
==================================================
Balance: $116.47 | Regime: CHOP | Session: 0W/0L (0%) | PnL: $+0.00
[Confidence] Score=3/10 | strong_edge,coinbase_weak
[Timing] Window 6 min old — skipping
[Cycle] No signal — YES=0.87 is between 0.30 and 0.70, sum=1.03 >= 0.97
[Ticker] KXETH15M-26APR082000-00
[Market] YES=0.91 | NO=0.11 | Sum=1.02
==================================================
Balance: $116.47 | Regime: CHOP | Session: 0W/0L (0%) | PnL: $+0.00
[Confidence] Score=3/10 | strong_edge,coinbase_weak
[Timing] Window 7 min old — skipping
[Cycle] No signal — YES=0.91 is between 0.30 and 0.70, sum=1.02 >= 0.97
[Ticker] KXETH15M-26APR082000-00
[Market] YES=0.89 | NO=0.14 | Sum=1.03
==================================================
Balance: $116.47 | Regime: CHOP | Session: 0W/0L (0%) | PnL: $+0.00
[Confidence] Score=3/10 | strong_edge,coinbase_weak
[Timing] Window 8 min old — skipping
[Cycle] No signal — YES=0.89 is between 0.30 and 0.70, sum=1.03 >= 0.97
[Ticker] KXETH15M-26APR082000-00
[Market] YES=0.79 | NO=0.24 | Sum=1.03
==================================================
Balance: $116.47 | Regime: CHOP | Session: 0W/0L (0%) | PnL: $+0.00
[Confidence] Score=2/10 | moderate_edge,coinbase_weak
[Timing] Window 9 min old — skipping
[Cycle] No signal — YES=0.79 is between 0.30 and 0.70, sum=1.03 >= 0.97
[Ticker] KXETH15M-26APR082000-00
[Market] YES=0.81 | NO=0.24 | Sum=1.05
==================================================
Balance: $116.47 | Regime: CHOP | Session: 0W/0L (0%) | PnL: $+0.00
[Confidence] Score=3/10 | strong_edge,coinbase_weak
[Timing] Window 10 min old — skipping
[Cycle] No signal — YES=0.81 is between 0.30 and 0.70, sum=1.05 >= 0.97
[Ticker] KXETH15M-26APR082000-00
[Market] YES=0.95 | NO=0.06 | Sum=1.01
==================================================
Balance: $116.47 | Regime: CHOP | Session: 0W/0L (0%) | PnL: $+0.00
[Confidence] Score=3/10 | strong_edge,coinbase_weak
[Timing] Window 11 min old — skipping
[Cycle] No signal — YES=0.95 is between 0.30 and 0.70, sum=1.01 >= 0.97
[Ticker] KXETH15M-26APR082000-00
[Market] YES=0.99 | NO=0.02 | Sum=1.01
==================================================
Balance: $116.47 | Regime: CHOP | Session: 0W/0L (0%) | PnL: $+0.00
[Confidence] Score=4/10 | extreme_edge,coinbase_weak
[Timing] Window 12 min old — skipping
[Cycle] No signal — YES=0.99 is between 0.30 and 0.70, sum=1.01 >= 0.97
[Ticker] KXETH15M-26APR082000-00
[Market] YES=1.00 | NO=0.01 | Sum=1.00
==================================================
Balance: $116.47 | Regime: CHOP | Session: 0W/0L (0%) | PnL: $+0.00
[Confidence] Score=4/10 | extreme_edge,coinbase_weak
[Timing] Window 13 min old — skipping
[Cycle] No signal — YES=1.00 is between 0.30 and 0.70, sum=1.00 >= 0.97
[Ticker] KXETH15M-26APR082000-00
[Market] YES=1.00 | NO=0.01 | Sum=1.00
==================================================
Balance: $116.47 | Regime: CHOP | Session: 0W/0L (0%) | PnL: $+0.00
[Confidence] Score=4/10 | extreme_edge,coinbase_weak
[Timing] Window 14 min old — skipping
[Cycle] No signal — YES=1.00 is between 0.30 and 0.70, sum=1.00 >= 0.97
[Ticker] KXETH15M-26APR082000-00
[Market] YES=1.00 | NO=0.01 | Sum=1.00
==================================================
Balance: $116.47 | Regime: CHOP | Session: 0W/0L (0%) | PnL: $+0.00
[Confidence] Score=4/10 | extreme_edge,coinbase_weak
[Timing] Window 0 min old — skipping
[Cycle] No signal — YES=1.00 is between 0.30 and 0.70, sum=1.00 >= 0.97
[Ticker] KXETH15M-26APR082015-15
[Market] YES=0.37 | NO=0.64 | Sum=1.01
==================================================
Balance: $116.47 | Regime: CHOP | Session: 0W/0L (0%) | PnL: $+0.00
[Cycle] No signal — YES=0.37 is between 0.30 and 0.70, sum=1.01 >= 0.97
[Ticker] KXETH15M-26APR082015-15
[Market] YES=0.45 | NO=0.56 | Sum=1.01
==================================================
Balance: $116.47 | Regime: CHOP | Session: 0W/0L (0%) | PnL: $+0.00
[Cycle] No signal — YES=0.45 is between 0.30 and 0.70, sum=1.01 >= 0.97
[Ticker] KXETH15M-26APR082015-15
[Market] YES=0.45 | NO=0.60 | Sum=1.05
==================================================
Balance: $116.47 | Regime: CHOP | Session: 0W/0L (0%) | PnL: $+0.00
[Cycle] No signal — YES=0.45 is between 0.30 and 0.70, sum=1.05 >= 0.97
[Ticker] KXETH15M-26APR082015-15
[Market] YES=0.34 | NO=0.70 | Sum=1.04
==================================================
Balance: $116.47 | Regime: CHOP | Session: 0W/0L (0%) | PnL: $+0.00
[Cycle] No signal — YES=0.34 is between 0.30 and 0.70, sum=1.04 >= 0.97
[Ticker] KXETH15M-26APR082015-15
[Market] YES=0.43 | NO=0.58 | Sum=1.01
==================================================
Balance: $116.47 | Regime: CHOP | Session: 0W/0L (0%) | PnL: $+0.00
[Cycle] No signal — YES=0.43 is between 0.30 and 0.70, sum=1.01 >= 0.97
[Ticker] KXETH15M-26APR082015-15
[Market] YES=0.80 | NO=0.21 | Sum=1.01
==================================================
Balance: $116.47 | Regime: CHOP | Session: 0W/0L (0%) | PnL: $+0.00
[Confidence] Score=3/10 | strong_edge,coinbase_weak
[Timing] Window 6 min old — skipping
[Cycle] No signal — YES=0.80 is between 0.30 and 0.70, sum=1.01 >= 0.97
[Ticker] KXETH15M-26APR082015-15
[Market] YES=0.68 | NO=0.33 | Sum=1.01
==================================================
Balance: $116.47 | Regime: CHOP | Session: 0W/0L (0%) | PnL: $+0.00
[Cycle] No signal — YES=0.68 is between 0.30 and 0.70, sum=1.01 >= 0.97
[Ticker] KXETH15M-26APR082015-15
[Market] YES=0.59 | NO=0.43 | Sum=1.02
==================================================
Balance: $116.47 | Regime: CHOP | Session: 0W/0L (0%) | PnL: $+0.00
[Cycle] No signal — YES=0.59 is between 0.30 and 0.70, sum=1.02 >= 0.97
[Ticker] KXETH15M-26APR082015-15
[Market] YES=0.48 | NO=0.54 | Sum=1.02
==================================================
Balance: $116.47 | Regime: CHOP | Session: 0W/0L (0%) | PnL: $+0.00
[Cycle] No signal — YES=0.48 is between 0.30 and 0.70, sum=1.02 >= 0.97
[Ticker] KXETH15M-26APR082015-15
[Market] YES=0.46 | NO=0.59 | Sum=1.05
==================================================
Balance: $116.47 | Regime: CHOP | Session: 0W/0L (0%) | PnL: $+0.00
[Cycle] No signal — YES=0.46 is between 0.30 and 0.70, sum=1.05 >= 0.97
[Ticker] KXETH15M-26APR082015-15
[Market] YES=0.58 | NO=0.49 | Sum=1.07
==================================================
Balance: $116.47 | Regime: CHOP | Session: 0W/0L (0%) | PnL: $+0.00
[Cycle] No signal — YES=0.58 is between 0.30 and 0.70, sum=1.07 >= 0.97
[Ticker] KXETH15M-26APR082015-15
[Market] YES=0.76 | NO=0.26 | Sum=1.02
==================================================
Balance: $116.47 | Regime: CHOP | Session: 0W/0L (0%) | PnL: $+0.00
[Confidence] Score=2/10 | moderate_edge,coinbase_weak
[Timing] Window 12 min old — skipping
[Cycle] No signal — YES=0.76 is between 0.30 and 0.70, sum=1.02 >= 0.97
[Ticker] KXETH15M-26APR082015-15
[Market] YES=0.32 | NO=0.70 | Sum=1.02
==================================================
Balance: $116.47 | Regime: CHOP | Session: 0W/0L (0%) | PnL: $+0.00
[Cycle] No signal — YES=0.32 is between 0.30 and 0.70, sum=1.02 >= 0.97
[Ticker] KXETH15M-26APR082015-15
[Market] YES=1.00 | NO=0.00 | Sum=1.00
==================================================
Balance: $116.47 | Regime: CHOP | Session: 0W/0L (0%) | PnL: $+0.00
[Confidence] Score=4/10 | extreme_edge,coinbase_weak
[Timing] Window 14 min old — skipping
[Cycle] No signal — YES=1.00 is between 0.30 and 0.70, sum=1.00 >= 0.97
[Ticker] KXETH15M-26APR082030-30
[Market] YES=0.47 | NO=0.55 | Sum=1.02
==================================================
Balance: $116.47 | Regime: CHOP | Session: 0W/0L (0%) | PnL: $+0.00
[Cycle] No signal — YES=0.47 is between 0.30 and 0.70, sum=1.02 >= 0.97
[Ticker] KXETH15M-26APR082030-30
[Market] YES=0.43 | NO=0.59 | Sum=1.02
==================================================
Balance: $116.47 | Regime: CHOP | Session: 0W/0L (0%) | PnL: $+0.00
[Cycle] No signal — YES=0.43 is between 0.30 and 0.70, sum=1.02 >= 0.97
[Ticker] KXETH15M-26APR082030-30
[Market] YES=0.53 | NO=0.52 | Sum=1.05
==================================================
Balance: $116.47 | Regime: CHOP | Session: 0W/0L (0%) | PnL: $+0.00
[Cycle] No signal — YES=0.53 is between 0.30 and 0.70, sum=1.05 >= 0.97
[Ticker] KXETH15M-26APR082030-30
[Market] YES=0.46 | NO=0.58 | Sum=1.04
==================================================
Balance: $116.47 | Regime: CHOP | Session: 0W/0L (0%) | PnL: $+0.00
[Cycle] No signal — YES=0.46 is between 0.30 and 0.70, sum=1.04 >= 0.97
[Ticker] KXETH15M-26APR082030-30
[Market] YES=0.19 | NO=0.85 | Sum=1.04
==================================================
Balance: $116.47 | Regime: CHOP | Session: 0W/0L (0%) | PnL: $+0.00
[Confidence] Score=5/10 | strong_edge,coinbase_weak,all3_agree
[Signal] DOWN candidate | yes=0.19 | waiting (1/2)
[Cycle] No signal — YES=0.19 is between 0.30 and 0.70, sum=1.04 >= 0.97
[Ticker] KXETH15M-26APR082030-30
[Market] YES=0.17 | NO=0.86 | Sum=1.03
==================================================
Balance: $116.47 | Regime: CHOP | Session: 0W/0L (0%) | PnL: $+0.00
[Confidence] Score=5/10 | strong_edge,coinbase_weak,all3_agree
[Timing] Window 5 min old — skipping
[Cycle] No signal — YES=0.17 is between 0.30 and 0.70, sum=1.03 >= 0.97
[Ticker] KXETH15M-26APR082030-30
[Market] YES=0.17 | NO=0.85 | Sum=1.02
==================================================
Balance: $116.47 | Regime: CHOP | Session: 0W/0L (0%) | PnL: $+0.00
[Confidence] Score=5/10 | strong_edge,coinbase_weak,all3_agree
[Timing] Window 6 min old — skipping
[Cycle] No signal — YES=0.17 is between 0.30 and 0.70, sum=1.02 >= 0.97
[Ticker] KXETH15M-26APR082030-30
[Market] YES=0.17 | NO=0.84 | Sum=1.01
==================================================
Balance: $116.47 | Regime: CHOP | Session: 0W/0L (0%) | PnL: $+0.00
[Confidence] Score=5/10 | strong_edge,coinbase_weak,all3_agree
[Timing] Window 7 min old — skipping
[Cycle] No signal — YES=0.17 is between 0.30 and 0.70, sum=1.01 >= 0.97
[Ticker] KXETH15M-26APR082030-30
[Market] YES=0.34 | NO=0.70 | Sum=1.04
==================================================
Balance: $116.47 | Regime: CHOP | Session: 0W/0L (0%) | PnL: $+0.00
[Cycle] No signal — YES=0.34 is between 0.30 and 0.70, sum=1.04 >= 0.97
[Ticker] KXETH15M-26APR082030-30
[Market] YES=0.12 | NO=0.92 | Sum=1.04
==================================================
Balance: $116.47 | Regime: CHOP | Session: 0W/0L (0%) | PnL: $+0.00
[Confidence] Score=5/10 | strong_edge,coinbase_weak,all3_agree
[Timing] Window 9 min old — skipping
[Cycle] No signal — YES=0.12 is between 0.30 and 0.70, sum=1.04 >= 0.97
[Ticker] KXETH15M-26APR082030-30
[Market] YES=0.07 | NO=0.96 | Sum=1.03
==================================================
Balance: $116.47 | Regime: CHOP | Session: 0W/0L (0%) | PnL: $+0.00
[Confidence] Score=5/10 | strong_edge,coinbase_weak,all3_agree
[Timing] Window 10 min old — skipping
[Cycle] No signal — YES=0.07 is between 0.30 and 0.70, sum=1.03 >= 0.97
[Ticker] KXETH15M-26APR082030-30
[Market] YES=0.02 | NO=0.99 | Sum=1.01
==================================================
Balance: $116.47 | Regime: CHOP | Session: 0W/0L (0%) | PnL: $+0.00
[Confidence] Score=5/10 | extreme_edge,coinbase_weak,2of3_agree
[Timing] Window 11 min old — skipping
[Cycle] No signal — YES=0.02 is between 0.30 and 0.70, sum=1.01 >= 0.97
[Ticker] KXETH15M-26APR082030-30
[Market] YES=0.03 | NO=0.98 | Sum=1.01
==================================================
Balance: $116.47 | Regime: CHOP | Session: 0W/0L (0%) | PnL: $+0.00
[Confidence] Score=6/10 | extreme_edge,coinbase_weak,all3_agree
[Timing] Window 12 min old — skipping
[Cycle] No signal — YES=0.03 is between 0.30 and 0.70, sum=1.01 >= 0.97
[Ticker] KXETH15M-26APR082030-30
[Market] YES=0.01 | NO=1.00 | Sum=1.01
==================================================
Balance: $116.47 | Regime: CHOP | Session: 0W/0L (0%) | PnL: $+0.00
[Confidence] Score=6/10 | extreme_edge,coinbase_weak,all3_agree
[Timing] Window 13 min old — skipping
[Cycle] No signal — YES=0.01 is between 0.30 and 0.70, sum=1.01 >= 0.97
[Ticker] KXETH15M-26APR082030-30
[Market] YES=0.00 | NO=1.00 | Sum=1.00
==================================================
Balance: $116.47 | Regime: CHOP | Session: 0W/0L (0%) | PnL: $+0.00
[Confidence] Score=6/10 | extreme_edge,coinbase_weak,all3_agree
[Timing] Window 14 min old — skipping
[Cycle] No signal — YES=0.00 is between 0.30 and 0.70, sum=1.00 >= 0.97
[Ticker] KXETH15M-26APR082045-45
[Market] YES=0.37 | NO=0.64 | Sum=1.01
==================================================
Balance: $116.47 | Regime: CHOP | Session: 0W/0L (0%) | PnL: $+0.00
[Cycle] No signal — YES=0.37 is between 0.30 and 0.70, sum=1.01 >= 0.97
[Ticker] KXETH15M-26APR082045-45
[Market] YES=0.41 | NO=0.63 | Sum=1.04
==================================================
Balance: $116.47 | Regime: CHOP | Session: 0W/0L (0%) | PnL: $+0.00
[Cycle] No signal — YES=0.41 is between 0.30 and 0.70, sum=1.04 >= 0.97
[Ticker] KXETH15M-26APR082045-45
[Market] YES=0.43 | NO=0.58 | Sum=1.01
==================================================
Balance: $116.47 | Regime: CHOP | Session: 0W/0L (0%) | PnL: $+0.00
[Cycle] No signal — YES=0.43 is between 0.30 and 0.70, sum=1.01 >= 0.97
[Ticker] KXETH15M-26APR082045-45
[Market] YES=0.40 | NO=0.61 | Sum=1.01
==================================================
Balance: $116.47 | Regime: CHOP | Session: 0W/0L (0%) | PnL: $+0.00
[Cycle] No signal — YES=0.40 is between 0.30 and 0.70, sum=1.01 >= 0.97
[Ticker] KXETH15M-26APR082045-45
[Market] YES=0.20 | NO=0.84 | Sum=1.04
==================================================
Balance: $116.47 | Regime: CHOP | Session: 0W/0L (0%) | PnL: $+0.00
[Confidence] Score=5/10 | strong_edge,coinbase_weak,all3_agree
[Signal] DOWN candidate | yes=0.20 | waiting (1/2)
[Cycle] No signal — YES=0.20 is between 0.30 and 0.70, sum=1.04 >= 0.97
[Ticker] KXETH15M-26APR082045-45
[Market] YES=0.25 | NO=0.78 | Sum=1.03
==================================================
Balance: $116.47 | Regime: CHOP | Session: 0W/0L (0%) | PnL: $+0.00
[Confidence] Score=4/10 | moderate_edge,coinbase_weak,all3_agree
[Timing] Window 5 min old — skipping
[Cycle] No signal — YES=0.25 is between 0.30 and 0.70, sum=1.03 >= 0.97
[Ticker] KXETH15M-26APR082045-45
[Market] YES=0.19 | NO=0.82 | Sum=1.01
==================================================
Balance: $116.47 | Regime: CHOP | Session: 0W/0L (0%) | PnL: $+0.00
[Confidence] Score=5/10 | strong_edge,coinbase_weak,all3_agree
[Timing] Window 6 min old — skipping
[Cycle] No signal — YES=0.19 is between 0.30 and 0.70, sum=1.01 >= 0.97
[Ticker] KXETH15M-26APR082045-45
[Market] YES=0.41 | NO=0.61 | Sum=1.02
==================================================
Balance: $116.47 | Regime: CHOP | Session: 0W/0L (0%) | PnL: $+0.00
[Cycle] No signal — YES=0.41 is between 0.30 and 0.70, sum=1.02 >= 0.97
[Ticker] KXETH15M-26APR082045-45
[Market] YES=0.30 | NO=0.74 | Sum=1.04
==================================================
Balance: $116.47 | Regime: CHOP | Session: 0W/0L (0%) | PnL: $+0.00
[Cycle] No signal — YES=0.30 is between 0.30 and 0.70, sum=1.04 >= 0.97
[Ticker] KXETH15M-26APR082045-45
[Market] YES=0.23 | NO=0.80 | Sum=1.03
==================================================
Balance: $116.47 | Regime: CHOP | Session: 0W/0L (0%) | PnL: $+0.00
[Confidence] Score=3/10 | moderate_edge,coinbase_weak,2of3_agree
[Timing] Window 9 min old — skipping
[Cycle] No signal — YES=0.23 is between 0.30 and 0.70, sum=1.03 >= 0.97
[Ticker] KXETH15M-26APR082045-45
[Market] YES=0.05 | NO=0.97 | Sum=1.02
==================================================
Balance: $116.47 | Regime: CHOP | Session: 0W/0L (0%) | PnL: $+0.00
[Confidence] Score=6/10 | extreme_edge,coinbase_weak,all3_agree
[Timing] Window 10 min old — skipping
[Cycle] No signal — YES=0.05 is between 0.30 and 0.70, sum=1.02 >= 0.97
[Ticker] KXETH15M-26APR082045-45
[Market] YES=0.04 | NO=0.97 | Sum=1.01
==================================================
Balance: $116.47 | Regime: CHOP | Session: 0W/0L (0%) | PnL: $+0.00
[Confidence] Score=6/10 | extreme_edge,coinbase_weak,all3_agree
[Timing] Window 11 min old — skipping
[Cycle] No signal — YES=0.04 is between 0.30 and 0.70, sum=1.01 >= 0.97
[Ticker] KXETH15M-26APR082045-45
[Market] YES=0.01 | NO=0.99 | Sum=1.00
==================================================
Balance: $116.47 | Regime: CHOP | Session: 0W/0L (0%) | PnL: $+0.00
[Confidence] Score=5/10 | extreme_edge,coinbase_weak,2of3_agree
[Timing] Window 12 min old — skipping
[Cycle] No signal — YES=0.01 is between 0.30 and 0.70, sum=1.00 >= 0.97
[Ticker] KXETH15M-26APR082045-45
[Market] YES=0.01 | NO=0.99 | Sum=1.00
==================================================
Balance: $116.47 | Regime: CHOP | Session: 0W/0L (0%) | PnL: $+0.00
[Confidence] Score=6/10 | extreme_edge,coinbase_weak,all3_agree
[Timing] Window 13 min old — skipping
[Cycle] No signal — YES=0.01 is between 0.30 and 0.70, sum=1.00 >= 0.97
[Ticker] KXETH15M-26APR082045-45
[Market] YES=0.00 | NO=1.00 | Sum=1.00
==================================================
Balance: $116.47 | Regime: CHOP | Session: 0W/0L (0%) | PnL: $+0.00
[Confidence] Score=6/10 | extreme_edge,coinbase_weak,all3_agree
[Timing] Window 14 min old — skipping
[Cycle] No signal — YES=0.00 is between 0.30 and 0.70, sum=1.00 >= 0.97
[Ticker] KXETH15M-26APR082100-00
[Market] YES=0.56 | NO=0.48 | Sum=1.04
==================================================
Balance: $116.47 | Regime: CHOP | Session: 0W/0L (0%) | PnL: $+0.00
[Cycle] No signal — YES=0.56 is between 0.30 and 0.70, sum=1.04 >= 0.97
[Ticker] KXETH15M-26APR082100-00
[Market] YES=0.39 | NO=0.64 | Sum=1.03
==================================================
Balance: $116.47 | Regime: CHOP | Session: 0W/0L (0%) | PnL: $+0.00
[Cycle] No signal — YES=0.39 is between 0.30 and 0.70, sum=1.03 >= 0.97
[Ticker] KXETH15M-26APR082100-00
[Market] YES=0.41 | NO=0.63 | Sum=1.04
==================================================
Balance: $116.47 | Regime: CHOP | Session: 0W/0L (0%) | PnL: $+0.00
[Cycle] No signal — YES=0.41 is between 0.30 and 0.70, sum=1.04 >= 0.97
[Ticker] KXETH15M-26APR082100-00
[Market] YES=0.49 | NO=0.55 | Sum=1.04
==================================================
Balance: $116.47 | Regime: CHOP | Session: 0W/0L (0%) | PnL: $+0.00
[Cycle] No signal — YES=0.49 is between 0.30 and 0.70, sum=1.04 >= 0.97
[Ticker] KXETH15M-26APR082100-00
[Market] YES=0.55 | NO=0.49 | Sum=1.04
==================================================
Balance: $116.47 | Regime: CHOP | Session: 0W/0L (0%) | PnL: $+0.00
[Cycle] No signal — YES=0.55 is between 0.30 and 0.70, sum=1.04 >= 0.97
[Ticker] KXETH15M-26APR082100-00
[Market] YES=0.61 | NO=0.43 | Sum=1.04
==================================================
Balance: $116.47 | Regime: CHOP | Session: 0W/0L (0%) | PnL: $+0.00
[Cycle] No signal — YES=0.61 is between 0.30 and 0.70, sum=1.04 >= 0.97
[Ticker] KXETH15M-26APR082100-00
[Market] YES=0.29 | NO=0.74 | Sum=1.03
==================================================
Balance: $116.47 | Regime: CHOP | Session: 0W/0L (0%) | PnL: $+0.00
[Confidence] Score=4/10 | moderate_edge,coinbase_weak,all3_agree
[Timing] Window 6 min old — skipping
[Cycle] No signal — YES=0.29 is between 0.30 and 0.70, sum=1.03 >= 0.97
[Ticker] KXETH15M-26APR082100-00
[Market] YES=0.43 | NO=0.61 | Sum=1.04
==================================================
Balance: $116.47 | Regime: CHOP | Session: 0W/0L (0%) | PnL: $+0.00
[Cycle] No signal — YES=0.43 is between 0.30 and 0.70, sum=1.04 >= 0.97
[Ticker] KXETH15M-26APR082100-00
[Market] YES=0.31 | NO=0.74 | Sum=1.05
==================================================
Balance: $116.47 | Regime: CHOP | Session: 0W/0L (0%) | PnL: $+0.00
[Cycle] No signal — YES=0.31 is between 0.30 and 0.70, sum=1.05 >= 0.97
[Ticker] KXETH15M-26APR082100-00
[Market] YES=0.33 | NO=0.72 | Sum=1.05
==================================================
Balance: $116.47 | Regime: CHOP | Session: 0W/0L (0%) | PnL: $+0.00
[Cycle] No signal — YES=0.33 is between 0.30 and 0.70, sum=1.05 >= 0.97
[Ticker] KXETH15M-26APR082100-00
[Market] YES=0.68 | NO=0.37 | Sum=1.05
==================================================
Balance: $116.47 | Regime: CHOP | Session: 0W/0L (0%) | PnL: $+0.00
[Cycle] No signal — YES=0.68 is between 0.30 and 0.70, sum=1.05 >= 0.97
[Ticker] KXETH15M-26APR082100-00
[Market] YES=0.79 | NO=0.25 | Sum=1.04
==================================================
Balance: $116.47 | Regime: CHOP | Session: 0W/0L (0%) | PnL: $+0.00
[Confidence] Score=2/10 | moderate_edge,coinbase_weak
[Timing] Window 11 min old — skipping
[Cycle] No signal — YES=0.79 is between 0.30 and 0.70, sum=1.04 >= 0.97
[Ticker] KXETH15M-26APR082100-00
[Market] YES=0.97 | NO=0.03 | Sum=1.00
==================================================
Balance: $116.47 | Regime: CHOP | Session: 0W/0L (0%) | PnL: $+0.00
[Confidence] Score=4/10 | extreme_edge,coinbase_weak
[Timing] Window 12 min old — skipping
[Cycle] No signal — YES=0.97 is between 0.30 and 0.70, sum=1.00 >= 0.97
[Ticker] KXETH15M-26APR082100-00
[Market] YES=0.98 | NO=0.03 | Sum=1.01
==================================================
Balance: $116.47 | Regime: CHOP | Session: 0W/0L (0%) | PnL: $+0.00
[Confidence] Score=4/10 | extreme_edge,coinbase_weak
[Timing] Window 13 min old — skipping
[Cycle] No signal — YES=0.98 is between 0.30 and 0.70, sum=1.01 >= 0.97
[Ticker] KXETH15M-26APR082100-00
[Market] YES=1.00 | NO=0.01 | Sum=1.01
==================================================
Balance: $116.47 | Regime: CHOP | Session: 0W/0L (0%) | PnL: $+0.00
[Confidence] Score=5/10 | extreme_edge,coinbase_weak,2of3_agree
[Timing] Window 14 min old — skipping
[Cycle] No signal — YES=1.00 is between 0.30 and 0.70, sum=1.01 >= 0.97
[Ticker] KXETH15M-26APR082115-15
[Market] YES=0.54 | NO=0.48 | Sum=1.02
==================================================
Balance: $116.47 | Regime: CHOP | Session: 0W/0L (0%) | PnL: $+0.00
[Cycle] No signal — YES=0.54 is between 0.30 and 0.70, sum=1.02 >= 0.97
[Ticker] KXETH15M-26APR082115-15
[Market] YES=0.58 | NO=0.44 | Sum=1.02
==================================================
Balance: $116.47 | Regime: CHOP | Session: 0W/0L (0%) | PnL: $+0.00
[Cycle] No signal — YES=0.58 is between 0.30 and 0.70, sum=1.02 >= 0.97
[Ticker] KXETH15M-26APR082115-15
[Market] YES=0.51 | NO=0.52 | Sum=1.03
==================================================
Balance: $116.47 | Regime: CHOP | Session: 0W/0L (0%) | PnL: $+0.00
[Cycle] No signal — YES=0.51 is between 0.30 and 0.70, sum=1.03 >= 0.97

==================================================
OpenClaw ETH Bot v4.0 — LIVE
[Startup] Live balance synced: $116.47
Balance: $116.47 | MaxBet: $0.00 | Threshold: <0.30 or >0.70
==================================================

[Startup] Resting orders cleared
[Ticker] KXETH15M-26APR082115-15
[Market] YES=0.40 | NO=0.62 | Sum=1.02
==================================================
Balance: $116.47 | Regime: CHOP | Session: 0W/0L (0%) | PnL: $+0.00
[Cycle] No signal — YES=0.40 is between 0.30 and 0.70, sum=1.02 >= 0.97

==================================================
OpenClaw ETH Bot v4.0 — LIVE
[Startup] Live balance synced: $116.47
Balance: $116.47 | MaxBet: $0.00 | Threshold: <0.30 or >0.70
==================================================

[Startup] Resting orders cleared
[Ticker] KXETH15M-26APR082115-15
[Market] YES=0.37 | NO=0.65 | Sum=1.02
==================================================
Balance: $116.47 | Regime: CHOP | Session: 0W/0L (0%) | PnL: $+0.00
[Cycle] No signal — YES=0.37 is between 0.30 and 0.70, sum=1.02 >= 0.97
[Ticker] KXETH15M-26APR082115-15
[Market] YES=0.41 | NO=0.63 | Sum=1.04
==================================================
Balance: $116.47 | Regime: CHOP | Session: 0W/0L (0%) | PnL: $+0.00
[Cycle] No signal — YES=0.41 is between 0.30 and 0.70, sum=1.04 >= 0.97
[Ticker] KXETH15M-26APR082115-15
[Market] YES=0.49 | NO=0.56 | Sum=1.05
==================================================
Balance: $116.47 | Regime: CHOP | Session: 0W/0L (0%) | PnL: $+0.00
[Cycle] No signal — YES=0.49 is between 0.30 and 0.70, sum=1.05 >= 0.97
[Ticker] KXETH15M-26APR082115-15
[Market] YES=0.22 | NO=0.82 | Sum=1.04
==================================================
Balance: $116.47 | Regime: CHOP | Session: 0W/0L (0%) | PnL: $+0.00
[Confidence] Score=4/10 | moderate_edge,coinbase_weak,all3_agree
[Timing] Window 6 min old — skipping
[Cycle] No signal — YES=0.22 is between 0.30 and 0.70, sum=1.04 >= 0.97
[Ticker] KXETH15M-26APR082115-15
[Market] YES=0.08 | NO=0.95 | Sum=1.03
==================================================
Balance: $116.47 | Regime: CHOP | Session: 0W/0L (0%) | PnL: $+0.00
[Confidence] Score=5/10 | strong_edge,coinbase_weak,all3_agree
[Timing] Window 7 min old — skipping
[Cycle] No signal — YES=0.08 is between 0.30 and 0.70, sum=1.03 >= 0.97
[Ticker] KXETH15M-26APR082115-15
[Market] YES=0.02 | NO=0.99 | Sum=1.01
==================================================
Balance: $116.47 | Regime: CHOP | Session: 0W/0L (0%) | PnL: $+0.00
[Confidence] Score=6/10 | extreme_edge,coinbase_strong,2of3_agree
[Timing] Window 8 min old — skipping
[Cycle] No signal — YES=0.02 is between 0.30 and 0.70, sum=1.01 >= 0.97
[Ticker] KXETH15M-26APR082115-15
[Market] YES=0.02 | NO=0.99 | Sum=1.01
==================================================
Balance: $116.47 | Regime: CHOP | Session: 0W/0L (0%) | PnL: $+0.00
[Confidence] Score=7/10 | extreme_edge,coinbase_strong,all3_agree
[Timing] Window 9 min old — skipping
[Cycle] No signal — YES=0.02 is between 0.30 and 0.70, sum=1.01 >= 0.97
[Ticker] KXETH15M-26APR082115-15
[Market] YES=0.01 | NO=1.00 | Sum=1.01
==================================================
Balance: $116.47 | Regime: CHOP | Session: 0W/0L (0%) | PnL: $+0.00
[Confidence] Score=6/10 | extreme_edge,coinbase_strong,2of3_agree
[Timing] Window 10 min old — skipping
[Cycle] No signal — YES=0.01 is between 0.30 and 0.70, sum=1.01 >= 0.97
[Ticker] KXETH15M-26APR082115-15
[Market] YES=0.01 | NO=1.00 | Sum=1.01
==================================================
Balance: $116.47 | Regime: CHOP | Session: 0W/0L (0%) | PnL: $+0.00
[Confidence] Score=7/10 | extreme_edge,coinbase_strong,all3_agree
[Timing] Window 11 min old — skipping
[Cycle] No signal — YES=0.01 is between 0.30 and 0.70, sum=1.01 >= 0.97
[Ticker] KXETH15M-26APR082115-15
[Market] YES=0.00 | NO=1.00 | Sum=1.00
==================================================
Balance: $116.47 | Regime: CHOP | Session: 0W/0L (0%) | PnL: $+0.00
[Confidence] Score=6/10 | extreme_edge,coinbase_strong,2of3_agree
[Timing] Window 12 min old — skipping
[Cycle] No signal — YES=0.00 is between 0.30 and 0.70, sum=1.00 >= 0.97
[Ticker] KXETH15M-26APR082115-15
[Market] YES=0.00 | NO=1.00 | Sum=1.00
==================================================
Balance: $116.47 | Regime: CHOP | Session: 0W/0L (0%) | PnL: $+0.00
[Confidence] Score=7/10 | extreme_edge,coinbase_strong,all3_agree
[Timing] Window 13 min old — skipping
[Cycle] No signal — YES=0.00 is between 0.30 and 0.70, sum=1.00 >= 0.97
[Ticker] KXETH15M-26APR082115-15
[Market] YES=0.00 | NO=1.00 | Sum=1.00
==================================================
Balance: $116.47 | Regime: CHOP | Session: 0W/0L (0%) | PnL: $+0.00
[Confidence] Score=7/10 | extreme_edge,coinbase_strong,all3_agree
[Timing] Window 14 min old — skipping
[Cycle] No signal — YES=0.00 is between 0.30 and 0.70, sum=1.00 >= 0.97
[Ticker] KXETH15M-26APR082130-30
[Market] YES=0.56 | NO=0.47 | Sum=1.03
==================================================
Balance: $116.47 | Regime: CHOP | Session: 0W/0L (0%) | PnL: $+0.00
[Cycle] No signal — YES=0.56 is between 0.30 and 0.70, sum=1.03 >= 0.97
[Ticker] KXETH15M-26APR082130-30
[Market] YES=0.33 | NO=0.70 | Sum=1.03
==================================================
Balance: $116.47 | Regime: CHOP | Session: 0W/0L (0%) | PnL: $+0.00
[Cycle] No signal — YES=0.33 is between 0.30 and 0.70, sum=1.03 >= 0.97

==================================================
OpenClaw ETH Bot v4.0 — LIVE
[Startup] Live balance synced: $116.47
Balance: $116.47 | MaxBet: $0.00 | Threshold: <0.32 or >0.68
==================================================

[Startup] Resting orders cleared
[Ticker] KXETH15M-26APR082130-30
[Market] YES=0.39 | NO=0.63 | Sum=1.02
==================================================
Balance: $116.47 | Regime: CHOP | Session: 0W/0L (0%) | PnL: $+0.00
[Cycle] No signal — YES=0.39 is between 0.32 and 0.68, sum=1.02 >= 0.97
[Ticker] KXETH15M-26APR082130-30
[Market] YES=0.30 | NO=0.72 | Sum=1.02
==================================================
Balance: $116.47 | Regime: CHOP | Session: 0W/0L (0%) | PnL: $+0.00
[Confidence] Score=4/10 | moderate_edge,coinbase_weak,all3_agree
[Signal] DOWN candidate | yes=0.30 | waiting (1/2)
[Cycle] No signal — YES=0.30 is between 0.32 and 0.68, sum=1.02 >= 0.97
[Ticker] KXETH15M-26APR082130-30
[Market] YES=0.40 | NO=0.61 | Sum=1.01
==================================================
Balance: $116.47 | Regime: CHOP | Session: 0W/0L (0%) | PnL: $+0.00
[Cycle] No signal — YES=0.40 is between 0.32 and 0.68, sum=1.01 >= 0.97
[Ticker] KXETH15M-26APR082130-30
[Market] YES=0.42 | NO=0.62 | Sum=1.04
==================================================
Balance: $116.47 | Regime: CHOP | Session: 0W/0L (0%) | PnL: $+0.00
[Cycle] No signal — YES=0.42 is between 0.32 and 0.68, sum=1.04 >= 0.97
[Ticker] KXETH15M-26APR082130-30
[Market] YES=0.52 | NO=0.53 | Sum=1.05
==================================================
Balance: $116.47 | Regime: CHOP | Session: 0W/0L (0%) | PnL: $+0.00
[Cycle] No signal — YES=0.52 is between 0.32 and 0.68, sum=1.05 >= 0.97
[Ticker] KXETH15M-26APR082130-30
[Market] YES=0.50 | NO=0.52 | Sum=1.02
==================================================
Balance: $116.47 | Regime: CHOP | Session: 0W/0L (0%) | PnL: $+0.00
[Cycle] No signal — YES=0.50 is between 0.32 and 0.68, sum=1.02 >= 0.97
[Ticker] KXETH15M-26APR082130-30
[Market] YES=0.08 | NO=0.93 | Sum=1.01
==================================================
Balance: $116.47 | Regime: CHOP | Session: 0W/0L (0%) | PnL: $+0.00
[Confidence] Score=5/10 | strong_edge,coinbase_weak,all3_agree
[Timing] Window 8 min old — skipping
[Cycle] No signal — YES=0.08 is between 0.32 and 0.68, sum=1.01 >= 0.97
[Ticker] KXETH15M-26APR082130-30
[Market] YES=0.07 | NO=0.95 | Sum=1.02
==================================================
Balance: $116.47 | Regime: CHOP | Session: 0W/0L (0%) | PnL: $+0.00
[Confidence] Score=5/10 | strong_edge,coinbase_weak,all3_agree
[Timing] Window 9 min old — skipping
[Cycle] No signal — YES=0.07 is between 0.32 and 0.68, sum=1.02 >= 0.97
[Ticker] KXETH15M-26APR082130-30
[Market] YES=0.18 | NO=0.83 | Sum=1.01
==================================================
Balance: $116.47 | Regime: CHOP | Session: 0W/0L (0%) | PnL: $+0.00
[Confidence] Score=4/10 | strong_edge,coinbase_weak,2of3_agree
[Timing] Window 10 min old — skipping
[Cycle] No signal — YES=0.18 is between 0.32 and 0.68, sum=1.01 >= 0.97
[Ticker] KXETH15M-26APR082130-30
[Market] YES=0.24 | NO=0.78 | Sum=1.02
==================================================
Balance: $116.47 | Regime: CHOP | Session: 0W/0L (0%) | PnL: $+0.00
[Confidence] Score=4/10 | moderate_edge,coinbase_weak,all3_agree
[Timing] Window 11 min old — skipping
[Cycle] No signal — YES=0.24 is between 0.32 and 0.68, sum=1.02 >= 0.97
[Ticker] KXETH15M-26APR082130-30
[Market] YES=0.39 | NO=0.64 | Sum=1.03
==================================================
Balance: $116.47 | Regime: CHOP | Session: 0W/0L (0%) | PnL: $+0.00
[Cycle] No signal — YES=0.39 is between 0.32 and 0.68, sum=1.03 >= 0.97
[Ticker] KXETH15M-26APR082130-30
[Market] YES=0.27 | NO=0.77 | Sum=1.04
==================================================
Balance: $116.47 | Regime: CHOP | Session: 0W/0L (0%) | PnL: $+0.00
[Confidence] Score=3/10 | moderate_edge,all3_agree
[Timing] Window 13 min old — skipping
[Cycle] No signal — YES=0.27 is between 0.32 and 0.68, sum=1.04 >= 0.97
[Ticker] KXETH15M-26APR082130-30
[Market] YES=0.00 | NO=1.00 | Sum=1.00
==================================================
Balance: $116.47 | Regime: CHOP | Session: 0W/0L (0%) | PnL: $+0.00
[Confidence] Score=6/10 | extreme_edge,coinbase_weak,all3_agree
[Timing] Window 14 min old — skipping
[Cycle] No signal — YES=0.00 is between 0.32 and 0.68, sum=1.00 >= 0.97
[Ticker] KXETH15M-26APR082145-45
[Market] YES=0.57 | NO=0.47 | Sum=1.04
==================================================
Balance: $116.47 | Regime: CHOP | Session: 0W/0L (0%) | PnL: $+0.00
[Cycle] No signal — YES=0.57 is between 0.32 and 0.68, sum=1.04 >= 0.97
[Ticker] KXETH15M-26APR082145-45
[Market] YES=0.67 | NO=0.38 | Sum=1.05
==================================================
Balance: $116.47 | Regime: CHOP | Session: 0W/0L (0%) | PnL: $+0.00
[Cycle] No signal — YES=0.67 is between 0.32 and 0.68, sum=1.05 >= 0.97
[Ticker] KXETH15M-26APR082145-45
[Market] YES=0.84 | NO=0.17 | Sum=1.01
==================================================
Balance: $116.47 | Regime: CHOP | Session: 0W/0L (0%) | PnL: $+0.00
[Confidence] Score=3/10 | strong_edge,coinbase_weak
[Signal] UP candidate | yes=0.84 | waiting (1/2)
[Cycle] No signal — YES=0.84 is between 0.32 and 0.68, sum=1.01 >= 0.97
[Ticker] KXETH15M-26APR082145-45
[Market] YES=0.93 | NO=0.11 | Sum=1.04
==================================================
Balance: $116.47 | Regime: CHOP | Session: 0W/0L (0%) | PnL: $+0.00
[Confidence] Score=4/10 | strong_edge,coinbase_weak,2of3_agree
[Coinbase] Confirms UP | $2177 gap=+8 (0.38%)
[Kraken] Divergence 3152.75% — bet trimmed
[Correlation] Markets diverging — bet trimmed
[Signal] CONFIRMED UP | yes=0.93 | edge=0.43 | bet=$2.11
[Safety] Balance $116.47 below floor $120.00
🛑 OpenClaw ETH Bot v4.0 halted: Balance $116.47 below floor $120.00

==================================================
OpenClaw ETH Bot v4.0 — LIVE
[Startup] Live balance synced: $116.47
Balance: $116.47 | MaxBet: $0.00 | Threshold: <0.32 or >0.68
==================================================

[Startup] Resting orders cleared
[Ticker] KXETH15M-26APR082145-45
[Market] YES=0.94 | NO=0.08 | Sum=1.02
==================================================
Balance: $116.47 | Regime: CHOP | Session: 0W/0L (0%) | PnL: $+0.00
[Confidence] Score=4/10 | strong_edge,coinbase_weak,2of3_agree
[Signal] UP candidate | yes=0.94 | waiting (1/2)
[Cycle] No signal — YES=0.94 is between 0.32 and 0.68, sum=1.02 >= 0.97
[Ticker] KXETH15M-26APR082145-45
[Market] YES=0.96 | NO=0.07 | Sum=1.03
==================================================
Balance: $116.47 | Regime: CHOP | Session: 0W/0L (0%) | PnL: $+0.00
[Confidence] Score=4/10 | extreme_edge,coinbase_weak
[Coinbase] Confirms UP | $2178 gap=+9 (0.40%)
[Kraken] Divergence 3151.52% — bet trimmed
[Correlation] 2/3 agree UP
[Signal] CONFIRMED UP | yes=0.96 | edge=0.46 | bet=$2.34
[CorrGuard] 2 bots already fired — skipping to avoid correlated loss
[Cycle] No signal — YES=0.96 is between 0.32 and 0.68, sum=1.03 >= 0.97
[Ticker] KXETH15M-26APR082145-45
[Market] YES=0.95 | NO=0.08 | Sum=1.03
==================================================
Balance: $116.47 | Regime: CHOP | Session: 0W/0L (0%) | PnL: $+0.00
[Confidence] Score=3/10 | strong_edge,coinbase_weak
[Timing] Window 5 min old — skipping
[Cycle] No signal — YES=0.95 is between 0.32 and 0.68, sum=1.03 >= 0.97
[Ticker] KXETH15M-26APR082145-45
[Market] YES=0.93 | NO=0.09 | Sum=1.02
==================================================
Balance: $116.47 | Regime: CHOP | Session: 0W/0L (0%) | PnL: $+0.00
[Confidence] Score=3/10 | strong_edge,coinbase_weak
[Timing] Window 6 min old — skipping
[Cycle] No signal — YES=0.93 is between 0.32 and 0.68, sum=1.02 >= 0.97
[Ticker] KXETH15M-26APR082145-45
[Market] YES=0.94 | NO=0.08 | Sum=1.02
==================================================
Balance: $116.47 | Regime: CHOP | Session: 0W/0L (0%) | PnL: $+0.00
[Confidence] Score=3/10 | strong_edge,coinbase_weak
[Timing] Window 7 min old — skipping
[Cycle] No signal — YES=0.94 is between 0.32 and 0.68, sum=1.02 >= 0.97
[Ticker] KXETH15M-26APR082145-45
[Market] YES=0.94 | NO=0.08 | Sum=1.02
==================================================
Balance: $116.47 | Regime: CHOP | Session: 0W/0L (0%) | PnL: $+0.00
[Confidence] Score=3/10 | strong_edge,coinbase_weak
[Timing] Window 8 min old — skipping
[Cycle] No signal — YES=0.94 is between 0.32 and 0.68, sum=1.02 >= 0.97
[Ticker] KXETH15M-26APR082145-45
[Market] YES=0.98 | NO=0.04 | Sum=1.02
==================================================
Balance: $116.47 | Regime: CHOP | Session: 0W/0L (0%) | PnL: $+0.00
[Confidence] Score=4/10 | extreme_edge,coinbase_weak
[Timing] Window 9 min old — skipping
[Cycle] No signal — YES=0.98 is between 0.32 and 0.68, sum=1.02 >= 0.97
[Ticker] KXETH15M-26APR082145-45
[Market] YES=0.99 | NO=0.03 | Sum=1.02
==================================================
Balance: $116.47 | Regime: CHOP | Session: 0W/0L (0%) | PnL: $+0.00
[Confidence] Score=4/10 | extreme_edge,coinbase_weak
[Timing] Window 10 min old — skipping
[Cycle] No signal — YES=0.99 is between 0.32 and 0.68, sum=1.02 >= 0.97
[Ticker] KXETH15M-26APR082145-45
[Market] YES=0.99 | NO=0.02 | Sum=1.01
==================================================
Balance: $116.47 | Regime: CHOP | Session: 0W/0L (0%) | PnL: $+0.00
[Confidence] Score=4/10 | extreme_edge,coinbase_weak
[Timing] Window 11 min old — skipping
[Cycle] No signal — YES=0.99 is between 0.32 and 0.68, sum=1.01 >= 0.97
[Ticker] KXETH15M-26APR082145-45
[Market] YES=1.00 | NO=0.01 | Sum=1.00
==================================================
Balance: $116.47 | Regime: CHOP | Session: 0W/0L (0%) | PnL: $+0.00
[Confidence] Score=4/10 | extreme_edge,coinbase_weak
[Timing] Window 12 min old — skipping
[Cycle] No signal — YES=1.00 is between 0.32 and 0.68, sum=1.00 >= 0.97
[Ticker] KXETH15M-26APR082145-45
[Market] YES=1.00 | NO=0.00 | Sum=1.00
==================================================
Balance: $116.47 | Regime: CHOP | Session: 0W/0L (0%) | PnL: $+0.00
[Confidence] Score=4/10 | extreme_edge,coinbase_weak
[Timing] Window 13 min old — skipping
[Cycle] No signal — YES=1.00 is between 0.32 and 0.68, sum=1.00 >= 0.97
[Ticker] KXETH15M-26APR082145-45
[Market] YES=1.00 | NO=0.00 | Sum=1.00
==================================================
Balance: $116.47 | Regime: CHOP | Session: 0W/0L (0%) | PnL: $+0.00
[Confidence] Score=4/10 | extreme_edge,coinbase_weak
[Timing] Window 14 min old — skipping
[Cycle] No signal — YES=1.00 is between 0.32 and 0.68, sum=1.00 >= 0.97
[Ticker] KXETH15M-26APR082200-00
[Market] YES=0.52 | NO=0.58 | Sum=1.10
==================================================
Balance: $116.47 | Regime: CHOP | Session: 0W/0L (0%) | PnL: $+0.00
[Cycle] No signal — YES=0.52 is between 0.32 and 0.68, sum=1.10 >= 0.97
[Ticker] KXETH15M-26APR082200-00
[Market] YES=0.51 | NO=0.51 | Sum=1.02
==================================================
Balance: $116.47 | Regime: CHOP | Session: 0W/0L (0%) | PnL: $+0.00
[Cycle] No signal — YES=0.51 is between 0.32 and 0.68, sum=1.02 >= 0.97
[Ticker] KXETH15M-26APR082200-00
[Market] YES=0.37 | NO=0.67 | Sum=1.04
==================================================
Balance: $116.47 | Regime: CHOP | Session: 0W/0L (0%) | PnL: $+0.00
[Cycle] No signal — YES=0.37 is between 0.32 and 0.68, sum=1.04 >= 0.97
[Ticker] KXETH15M-26APR082200-00
[Market] YES=0.27 | NO=0.77 | Sum=1.04
==================================================
Balance: $116.47 | Regime: CHOP | Session: 0W/0L (0%) | PnL: $+0.00
[Confidence] Score=4/10 | moderate_edge,coinbase_weak,all3_agree
[Signal] DOWN candidate | yes=0.27 | waiting (1/2)
[Cycle] No signal — YES=0.27 is between 0.32 and 0.68, sum=1.04 >= 0.97
[Ticker] KXETH15M-26APR082200-00
[Market] YES=0.58 | NO=0.43 | Sum=1.01
==================================================
Balance: $116.47 | Regime: CHOP | Session: 0W/0L (0%) | PnL: $+0.00
[Cycle] No signal — YES=0.58 is between 0.32 and 0.68, sum=1.01 >= 0.97
[Ticker] KXETH15M-26APR082200-00
[Market] YES=0.74 | NO=0.30 | Sum=1.04
==================================================
Balance: $116.47 | Regime: CHOP | Session: 0W/0L (0%) | PnL: $+0.00
[Confidence] Score=3/10 | moderate_edge,coinbase_weak,2of3_agree
[Timing] Window 5 min old — skipping
[Cycle] No signal — YES=0.74 is between 0.32 and 0.68, sum=1.04 >= 0.97
[Ticker] KXETH15M-26APR082200-00
[Market] YES=0.81 | NO=0.22 | Sum=1.03
==================================================
Balance: $116.47 | Regime: CHOP | Session: 0W/0L (0%) | PnL: $+0.00
[Confidence] Score=3/10 | strong_edge,coinbase_weak
[Timing] Window 6 min old — skipping
[Cycle] No signal — YES=0.81 is between 0.32 and 0.68, sum=1.03 >= 0.97
[Ticker] KXETH15M-26APR082200-00
[Market] YES=0.78 | NO=0.26 | Sum=1.04
==================================================
Balance: $116.47 | Regime: CHOP | Session: 0W/0L (0%) | PnL: $+0.00
[Confidence] Score=2/10 | moderate_edge,coinbase_weak
[Timing] Window 7 min old — skipping
[Cycle] No signal — YES=0.78 is between 0.32 and 0.68, sum=1.04 >= 0.97
[Ticker] KXETH15M-26APR082200-00
[Market] YES=0.91 | NO=0.12 | Sum=1.03
==================================================
Balance: $116.47 | Regime: CHOP | Session: 0W/0L (0%) | PnL: $+0.00
[Confidence] Score=4/10 | strong_edge,coinbase_weak,2of3_agree
[Timing] Window 8 min old — skipping
[Cycle] No signal — YES=0.91 is between 0.32 and 0.68, sum=1.03 >= 0.97
[Ticker] KXETH15M-26APR082200-00
[Market] YES=0.93 | NO=0.10 | Sum=1.03
==================================================
Balance: $116.47 | Regime: CHOP | Session: 0W/0L (0%) | PnL: $+0.00
[Confidence] Score=3/10 | strong_edge,coinbase_weak
[Timing] Window 9 min old — skipping
[Cycle] No signal — YES=0.93 is between 0.32 and 0.68, sum=1.03 >= 0.97
[Ticker] KXETH15M-26APR082200-00
[Market] YES=0.97 | NO=0.05 | Sum=1.02
==================================================
Balance: $116.47 | Regime: CHOP | Session: 0W/0L (0%) | PnL: $+0.00
[Confidence] Score=4/10 | extreme_edge,coinbase_weak
[Timing] Window 10 min old — skipping
[Cycle] No signal — YES=0.97 is between 0.32 and 0.68, sum=1.02 >= 0.97
[Ticker] KXETH15M-26APR082200-00
[Market] YES=0.93 | NO=0.10 | Sum=1.03
==================================================
Balance: $116.47 | Regime: CHOP | Session: 0W/0L (0%) | PnL: $+0.00
[Confidence] Score=3/10 | strong_edge,coinbase_weak
[Timing] Window 11 min old — skipping
[Cycle] No signal — YES=0.93 is between 0.32 and 0.68, sum=1.03 >= 0.97
[Ticker] KXETH15M-26APR082200-00
[Market] YES=0.97 | NO=0.05 | Sum=1.02
==================================================
Balance: $116.47 | Regime: CHOP | Session: 0W/0L (0%) | PnL: $+0.00
[Confidence] Score=4/10 | extreme_edge,coinbase_weak
[Timing] Window 12 min old — skipping
[Cycle] No signal — YES=0.97 is between 0.32 and 0.68, sum=1.02 >= 0.97
[Ticker] KXETH15M-26APR082200-00
[Market] YES=1.00 | NO=0.01 | Sum=1.01
==================================================
Balance: $116.47 | Regime: CHOP | Session: 0W/0L (0%) | PnL: $+0.00
[Confidence] Score=4/10 | extreme_edge,coinbase_weak
[Timing] Window 13 min old — skipping
[Cycle] No signal — YES=1.00 is between 0.32 and 0.68, sum=1.01 >= 0.97
[Ticker] KXETH15M-26APR082200-00
[Market] YES=1.00 | NO=0.00 | Sum=1.00
==================================================
Balance: $116.47 | Regime: CHOP | Session: 0W/0L (0%) | PnL: $+0.00
[Confidence] Score=4/10 | extreme_edge,coinbase_weak
[Timing] Window 14 min old — skipping
[Cycle] No signal — YES=1.00 is between 0.32 and 0.68, sum=1.00 >= 0.97
[Ticker] KXETH15M-26APR082215-15
[Market] YES=0.55 | NO=0.47 | Sum=1.02
==================================================
Balance: $116.47 | Regime: CHOP | Session: 0W/0L (0%) | PnL: $+0.00
[Cycle] No signal — YES=0.55 is between 0.32 and 0.68, sum=1.02 >= 0.97
[Ticker] KXETH15M-26APR082215-15
[Market] YES=0.78 | NO=0.23 | Sum=1.01
==================================================
Balance: $116.47 | Regime: CHOP | Session: 0W/0L (0%) | PnL: $+0.00
[Confidence] Score=2/10 | moderate_edge,coinbase_weak
[Signal] UP candidate | yes=0.78 | waiting (1/2)
[Cycle] No signal — YES=0.78 is between 0.32 and 0.68, sum=1.01 >= 0.97
[Ticker] KXETH15M-26APR082215-15
[Market] YES=0.76 | NO=0.27 | Sum=1.03
==================================================
Balance: $116.47 | Regime: CHOP | Session: 0W/0L (0%) | PnL: $+0.00
[Confidence] Score=2/10 | moderate_edge,coinbase_weak
[Coinbase] Confirms UP | $2180 gap=+3 (0.12%)
[Kraken] Divergence 3155.25% — bet trimmed
[Signal] CONFIRMED UP | yes=0.76 | edge=0.26 | bet=$1.80
[Safety] Balance $116.47 below floor $120.00
🛑 OpenClaw ETH Bot v4.0 halted: Balance $116.47 below floor $120.00

==================================================
OpenClaw ETH Bot v4.0 — LIVE
[Startup] Live balance synced: $116.47
Balance: $116.47 | MaxBet: $0.00 | Threshold: <0.32 or >0.68
==================================================

[Startup] Resting orders cleared
[Ticker] KXETH15M-26APR082215-15
[Market] YES=0.73 | NO=0.28 | Sum=1.01
==================================================
Balance: $116.47 | Regime: CHOP | Session: 0W/0L (0%) | PnL: $+0.00
[Confidence] Score=2/10 | moderate_edge,coinbase_weak
[Signal] UP candidate | yes=0.73 | waiting (1/2)
[Cycle] No signal — YES=0.73 is between 0.32 and 0.68, sum=1.01 >= 0.97
[Ticker] KXETH15M-26APR082215-15
[Market] YES=0.58 | NO=0.43 | Sum=1.01
==================================================
Balance: $116.47 | Regime: CHOP | Session: 0W/0L (0%) | PnL: $+0.00
[Cycle] No signal — YES=0.58 is between 0.32 and 0.68, sum=1.01 >= 0.97
[Ticker] KXETH15M-26APR082215-15
[Market] YES=0.50 | NO=0.51 | Sum=1.01
==================================================
Balance: $116.47 | Regime: CHOP | Session: 0W/0L (0%) | PnL: $+0.00
[Cycle] No signal — YES=0.50 is between 0.32 and 0.68, sum=1.01 >= 0.97
[Ticker] KXETH15M-26APR082215-15
[Market] YES=0.59 | NO=0.45 | Sum=1.04
==================================================
Balance: $116.47 | Regime: CHOP | Session: 0W/0L (0%) | PnL: $+0.00
[Cycle] No signal — YES=0.59 is between 0.32 and 0.68, sum=1.04 >= 0.97
[Ticker] KXETH15M-26APR082215-15
[Market] YES=0.67 | NO=0.37 | Sum=1.04
==================================================
Balance: $116.47 | Regime: CHOP | Session: 0W/0L (0%) | PnL: $+0.00
[Cycle] No signal — YES=0.67 is between 0.32 and 0.68, sum=1.04 >= 0.97
[Ticker] KXETH15M-26APR082215-15
[Market] YES=0.72 | NO=0.30 | Sum=1.02
==================================================
Balance: $116.47 | Regime: CHOP | Session: 0W/0L (0%) | PnL: $+0.00
[Confidence] Score=2/10 | moderate_edge,coinbase_weak
[Timing] Window 7 min old — skipping
[Cycle] No signal — YES=0.72 is between 0.32 and 0.68, sum=1.02 >= 0.97
[Ticker] KXETH15M-26APR082215-15
[Market] YES=0.70 | NO=0.35 | Sum=1.05
==================================================
Balance: $116.47 | Regime: CHOP | Session: 0W/0L (0%) | PnL: $+0.00
[Signal] Edge 0.20 below minimum 0.2 — skipping
[Cycle] No signal — YES=0.70 is between 0.32 and 0.68, sum=1.05 >= 0.97
[Ticker] KXETH15M-26APR082215-15
[Market] YES=0.84 | NO=0.20 | Sum=1.04
==================================================
Balance: $116.47 | Regime: CHOP | Session: 0W/0L (0%) | PnL: $+0.00
[Confidence] Score=3/10 | strong_edge,coinbase_weak
[Timing] Window 9 min old — skipping
[Cycle] No signal — YES=0.84 is between 0.32 and 0.68, sum=1.04 >= 0.97
[Ticker] KXETH15M-26APR082215-15
[Market] YES=0.86 | NO=0.15 | Sum=1.01
==================================================
Balance: $116.47 | Regime: CHOP | Session: 0W/0L (0%) | PnL: $+0.00
[Confidence] Score=3/10 | strong_edge,coinbase_weak
[Timing] Window 10 min old — skipping
[Cycle] No signal — YES=0.86 is between 0.32 and 0.68, sum=1.01 >= 0.97
[Ticker] KXETH15M-26APR082215-15
[Market] YES=0.57 | NO=0.45 | Sum=1.02
==================================================
Balance: $116.47 | Regime: CHOP | Session: 0W/0L (0%) | PnL: $+0.00
[Cycle] No signal — YES=0.57 is between 0.32 and 0.68, sum=1.02 >= 0.97
[Ticker] KXETH15M-26APR082215-15
[Market] YES=0.63 | NO=0.40 | Sum=1.03
==================================================
Balance: $116.47 | Regime: CHOP | Session: 0W/0L (0%) | PnL: $+0.00
[Cycle] No signal — YES=0.63 is between 0.32 and 0.68, sum=1.03 >= 0.97
[Ticker] KXETH15M-26APR082215-15
[Market] YES=0.10 | NO=0.94 | Sum=1.03
==================================================
Balance: $116.47 | Regime: CHOP | Session: 0W/0L (0%) | PnL: $+0.00
[Confidence] Score=5/10 | strong_edge,coinbase_weak,all3_agree
[Timing] Window 13 min old — skipping
[Cycle] No signal — YES=0.10 is between 0.32 and 0.68, sum=1.03 >= 0.97
[Ticker] KXETH15M-26APR082215-15
[Market] YES=0.00 | NO=1.00 | Sum=1.00
==================================================
Balance: $116.47 | Regime: CHOP | Session: 0W/0L (0%) | PnL: $+0.00
[Confidence] Score=6/10 | extreme_edge,coinbase_weak,all3_agree
[Timing] Window 14 min old — skipping
[Cycle] No signal — YES=0.00 is between 0.32 and 0.68, sum=1.00 >= 0.97
[Ticker] KXETH15M-26APR082230-30
[Market] YES=0.50 | NO=0.51 | Sum=1.01
==================================================
Balance: $116.47 | Regime: CHOP | Session: 0W/0L (0%) | PnL: $+0.00
[Cycle] No signal — YES=0.50 is between 0.32 and 0.68, sum=1.01 >= 0.97
[Ticker] KXETH15M-26APR082230-30
[Market] YES=0.64 | NO=0.39 | Sum=1.03
==================================================
Balance: $116.47 | Regime: CHOP | Session: 0W/0L (0%) | PnL: $+0.00
[Cycle] No signal — YES=0.64 is between 0.32 and 0.68, sum=1.03 >= 0.97
[Ticker] KXETH15M-26APR082230-30
[Market] YES=0.67 | NO=0.38 | Sum=1.05
==================================================
Balance: $116.47 | Regime: CHOP | Session: 0W/0L (0%) | PnL: $+0.00
[Cycle] No signal — YES=0.67 is between 0.32 and 0.68, sum=1.05 >= 0.97
[Ticker] KXETH15M-26APR082230-30
[Market] YES=0.80 | NO=0.23 | Sum=1.03
==================================================
Balance: $116.47 | Regime: CHOP | Session: 0W/0L (0%) | PnL: $+0.00
[Confidence] Score=4/10 | strong_edge,coinbase_weak,2of3_agree
[Signal] UP candidate | yes=0.80 | waiting (1/2)
[Cycle] No signal — YES=0.80 is between 0.32 and 0.68, sum=1.03 >= 0.97
[Ticker] KXETH15M-26APR082230-30
[Market] YES=0.91 | NO=0.12 | Sum=1.03
==================================================
Balance: $116.47 | Regime: CHOP | Session: 0W/0L (0%) | PnL: $+0.00
[Confidence] Score=3/10 | strong_edge,coinbase_weak
[Coinbase] Confirms UP | $2178 gap=+3 (0.14%)
[Kraken] Divergence 3155.74% — bet trimmed
[Correlation] 2/3 agree UP
[Signal] CONFIRMED UP | yes=0.91 | edge=0.41 | bet=$1.80
[Safety] Balance $116.47 below floor $120.00
🛑 OpenClaw ETH Bot v4.0 halted: Balance $116.47 below floor $120.00

==================================================
OpenClaw ETH Bot v4.0 — LIVE
[Startup] Live balance synced: $116.47
Balance: $116.47 | MaxBet: $0.00 | Threshold: <0.32 or >0.68
==================================================

[Startup] Resting orders cleared
[Ticker] KXETH15M-26APR082230-30
[Market] YES=0.91 | NO=0.12 | Sum=1.03
==================================================
Balance: $116.47 | Regime: CHOP | Session: 0W/0L (0%) | PnL: $+0.00
[Confidence] Score=3/10 | strong_edge,coinbase_weak
[Signal] UP candidate | yes=0.91 | waiting (1/2)
[Cycle] No signal — YES=0.91 is between 0.32 and 0.68, sum=1.03 >= 0.97
[Ticker] KXETH15M-26APR082230-30
[Market] YES=0.93 | NO=0.08 | Sum=1.01
==================================================
Balance: $116.47 | Regime: CHOP | Session: 0W/0L (0%) | PnL: $+0.00
[Confidence] Score=3/10 | strong_edge,coinbase_weak
[Timing] Window 5 min old — skipping
[Cycle] No signal — YES=0.93 is between 0.32 and 0.68, sum=1.01 >= 0.97
[Ticker] KXETH15M-26APR082230-30
[Market] YES=0.95 | NO=0.08 | Sum=1.03
==================================================
Balance: $116.47 | Regime: CHOP | Session: 0W/0L (0%) | PnL: $+0.00
[Confidence] Score=3/10 | strong_edge,coinbase_weak
[Timing] Window 6 min old — skipping
[Cycle] No signal — YES=0.95 is between 0.32 and 0.68, sum=1.03 >= 0.97
[Ticker] KXETH15M-26APR082230-30
[Market] YES=0.94 | NO=0.09 | Sum=1.03
==================================================
Balance: $116.47 | Regime: CHOP | Session: 0W/0L (0%) | PnL: $+0.00
[Confidence] Score=3/10 | strong_edge,coinbase_weak
[Timing] Window 7 min old — skipping
[Cycle] No signal — YES=0.94 is between 0.32 and 0.68, sum=1.03 >= 0.97
[Ticker] KXETH15M-26APR082230-30
[Market] YES=0.94 | NO=0.07 | Sum=1.01
==================================================
Balance: $116.47 | Regime: CHOP | Session: 0W/0L (0%) | PnL: $+0.00
[Confidence] Score=3/10 | strong_edge,coinbase_weak
[Timing] Window 8 min old — skipping
[Cycle] No signal — YES=0.94 is between 0.32 and 0.68, sum=1.01 >= 0.97
[Ticker] KXETH15M-26APR082230-30
[Market] YES=0.99 | NO=0.03 | Sum=1.02
==================================================
Balance: $116.47 | Regime: CHOP | Session: 0W/0L (0%) | PnL: $+0.00
[Confidence] Score=4/10 | extreme_edge,coinbase_weak
[Timing] Window 9 min old — skipping
[Cycle] No signal — YES=0.99 is between 0.32 and 0.68, sum=1.02 >= 0.97
[Ticker] KXETH15M-26APR082230-30
[Market] YES=1.00 | NO=0.01 | Sum=1.01
==================================================
Balance: $116.47 | Regime: CHOP | Session: 0W/0L (0%) | PnL: $+0.00
[Confidence] Score=4/10 | extreme_edge,coinbase_weak
[Timing] Window 10 min old — skipping
[Cycle] No signal — YES=1.00 is between 0.32 and 0.68, sum=1.01 >= 0.97
[Ticker] KXETH15M-26APR082230-30
[Market] YES=1.00 | NO=0.01 | Sum=1.00
==================================================
Balance: $116.47 | Regime: CHOP | Session: 0W/0L (0%) | PnL: $+0.00
[Confidence] Score=4/10 | extreme_edge,coinbase_weak
[Timing] Window 11 min old — skipping
[Cycle] No signal — YES=1.00 is between 0.32 and 0.68, sum=1.00 >= 0.97
[Ticker] KXETH15M-26APR082230-30
[Market] YES=1.00 | NO=0.00 | Sum=1.00
==================================================
Balance: $116.47 | Regime: CHOP | Session: 0W/0L (0%) | PnL: $+0.00
[Confidence] Score=4/10 | extreme_edge,coinbase_weak
[Timing] Window 12 min old — skipping
[Cycle] No signal — YES=1.00 is between 0.32 and 0.68, sum=1.00 >= 0.97
[Ticker] KXETH15M-26APR082230-30
[Market] YES=1.00 | NO=0.00 | Sum=1.00
==================================================
Balance: $116.47 | Regime: CHOP | Session: 0W/0L (0%) | PnL: $+0.00
[Confidence] Score=4/10 | extreme_edge,coinbase_weak
[Timing] Window 13 min old — skipping
[Cycle] No signal — YES=1.00 is between 0.32 and 0.68, sum=1.00 >= 0.97
[Ticker] KXETH15M-26APR082230-30
[Market] YES=1.00 | NO=0.00 | Sum=1.00
==================================================
Balance: $116.47 | Regime: CHOP | Session: 0W/0L (0%) | PnL: $+0.00
[Confidence] Score=4/10 | extreme_edge,coinbase_weak
[Timing] Window 14 min old — skipping
[Cycle] No signal — YES=1.00 is between 0.32 and 0.68, sum=1.00 >= 0.97
[Ticker] KXETH15M-26APR082245-45
[Market] YES=0.53 | NO=0.49 | Sum=1.02
==================================================
Balance: $116.47 | Regime: CHOP | Session: 0W/0L (0%) | PnL: $+0.00
[Cycle] No signal — YES=0.53 is between 0.32 and 0.68, sum=1.02 >= 0.97
[Ticker] KXETH15M-26APR082245-45
[Market] YES=0.45 | NO=0.56 | Sum=1.01
==================================================
Balance: $116.47 | Regime: CHOP | Session: 0W/0L (0%) | PnL: $+0.00
[Cycle] No signal — YES=0.45 is between 0.32 and 0.68, sum=1.01 >= 0.97
[Ticker] KXETH15M-26APR082245-45
[Market] YES=0.62 | NO=0.40 | Sum=1.02
==================================================
Balance: $116.47 | Regime: CHOP | Session: 0W/0L (0%) | PnL: $+0.00
[Cycle] No signal — YES=0.62 is between 0.32 and 0.68, sum=1.02 >= 0.97
[Ticker] KXETH15M-26APR082245-45
[Market] YES=0.63 | NO=0.42 | Sum=1.05
==================================================
Balance: $116.47 | Regime: CHOP | Session: 0W/0L (0%) | PnL: $+0.00
[Cycle] No signal — YES=0.63 is between 0.32 and 0.68, sum=1.05 >= 0.97
[Ticker] KXETH15M-26APR082245-45
[Market] YES=0.52 | NO=0.50 | Sum=1.02
==================================================
Balance: $116.47 | Regime: CHOP | Session: 0W/0L (0%) | PnL: $+0.00
[Cycle] No signal — YES=0.52 is between 0.32 and 0.68, sum=1.02 >= 0.97
[Ticker] KXETH15M-26APR082245-45
[Market] YES=0.46 | NO=0.58 | Sum=1.04
==================================================
Balance: $116.47 | Regime: CHOP | Session: 0W/0L (0%) | PnL: $+0.00
[Cycle] No signal — YES=0.46 is between 0.32 and 0.68, sum=1.04 >= 0.97
[Ticker] KXETH15M-26APR082245-45
[Market] YES=0.37 | NO=0.64 | Sum=1.01
==================================================
Balance: $116.47 | Regime: CHOP | Session: 0W/0L (0%) | PnL: $+0.00
[Cycle] No signal — YES=0.37 is between 0.32 and 0.68, sum=1.01 >= 0.97
[Ticker] KXETH15M-26APR082245-45
[Market] YES=0.20 | NO=0.83 | Sum=1.03
==================================================
Balance: $116.47 | Regime: CHOP | Session: 0W/0L (0%) | PnL: $+0.00
[Confidence] Score=5/10 | strong_edge,coinbase_weak,all3_agree
[Timing] Window 7 min old — skipping
[Cycle] No signal — YES=0.20 is between 0.32 and 0.68, sum=1.03 >= 0.97
[Ticker] KXETH15M-26APR082245-45
[Market] YES=0.18 | NO=0.84 | Sum=1.02
==================================================
Balance: $116.47 | Regime: CHOP | Session: 0W/0L (0%) | PnL: $+0.00
[Confidence] Score=5/10 | strong_edge,coinbase_weak,all3_agree
[Timing] Window 8 min old — skipping
[Cycle] No signal — YES=0.18 is between 0.32 and 0.68, sum=1.02 >= 0.97
[Ticker] KXETH15M-26APR082245-45
[Market] YES=0.48 | NO=0.56 | Sum=1.04
==================================================
Balance: $116.47 | Regime: CHOP | Session: 0W/0L (0%) | PnL: $+0.00
[Cycle] No signal — YES=0.48 is between 0.32 and 0.68, sum=1.04 >= 0.97
[Ticker] KXETH15M-26APR082245-45
[Market] YES=0.14 | NO=0.89 | Sum=1.03
==================================================
Balance: $116.47 | Regime: CHOP | Session: 0W/0L (0%) | PnL: $+0.00
[Confidence] Score=5/10 | strong_edge,coinbase_weak,all3_agree
[Timing] Window 10 min old — skipping
[Cycle] No signal — YES=0.14 is between 0.32 and 0.68, sum=1.03 >= 0.97
[Ticker] KXETH15M-26APR082245-45
[Market] YES=0.04 | NO=0.98 | Sum=1.02
==================================================
Balance: $116.47 | Regime: CHOP | Session: 0W/0L (0%) | PnL: $+0.00
[Confidence] Score=6/10 | extreme_edge,coinbase_weak,all3_agree
[Timing] Window 11 min old — skipping
[Cycle] No signal — YES=0.04 is between 0.32 and 0.68, sum=1.02 >= 0.97
[Ticker] KXETH15M-26APR082245-45
[Market] YES=0.02 | NO=1.00 | Sum=1.02
==================================================
Balance: $116.47 | Regime: CHOP | Session: 0W/0L (0%) | PnL: $+0.00
[Confidence] Score=6/10 | extreme_edge,coinbase_weak,all3_agree
[Timing] Window 12 min old — skipping
[Cycle] No signal — YES=0.02 is between 0.32 and 0.68, sum=1.02 >= 0.97
[Ticker] KXETH15M-26APR082245-45
[Market] YES=0.01 | NO=1.00 | Sum=1.00
==================================================
Balance: $116.47 | Regime: CHOP | Session: 0W/0L (0%) | PnL: $+0.00
[Confidence] Score=5/10 | extreme_edge,coinbase_weak,2of3_agree
[Timing] Window 13 min old — skipping
[Cycle] No signal — YES=0.01 is between 0.32 and 0.68, sum=1.00 >= 0.97
[Ticker] KXETH15M-26APR082245-45
[Market] YES=0.00 | NO=1.00 | Sum=1.00
==================================================
Balance: $116.47 | Regime: CHOP | Session: 0W/0L (0%) | PnL: $+0.00
[Confidence] Score=6/10 | extreme_edge,coinbase_weak,all3_agree
[Timing] Window 14 min old — skipping
[Cycle] No signal — YES=0.00 is between 0.32 and 0.68, sum=1.00 >= 0.97
[Ticker] KXETH15M-26APR082300-00
[Market] YES=0.63 | NO=0.41 | Sum=1.04
==================================================
Balance: $116.47 | Regime: CHOP | Session: 0W/0L (0%) | PnL: $+0.00
[Cycle] No signal — YES=0.63 is between 0.32 and 0.68, sum=1.04 >= 0.97
[Ticker] KXETH15M-26APR082300-00
[Market] YES=0.84 | NO=0.18 | Sum=1.02
==================================================
Balance: $116.47 | Regime: CHOP | Session: 0W/0L (0%) | PnL: $+0.00
[Confidence] Score=3/10 | strong_edge,coinbase_weak
[Signal] EXTREME UP | yes=0.84 | edge=0.34 | firing immediately
[Coinbase] Confirms UP | $2184 gap=+4 (0.20%)
[Kraken] Divergence 3156.17% — bet trimmed
[Correlation] 2/3 agree UP
[Signal] CONFIRMED UP | yes=0.84 | edge=0.34 | bet=$1.80
[Safety] Balance $116.47 below floor $120.00
🛑 OpenClaw ETH Bot v4.0 halted: Balance $116.47 below floor $120.00

==================================================
OpenClaw ETH Bot v4.0 — LIVE
[Startup] Live balance synced: $116.47
Balance: $116.47 | MaxBet: $0.00 | Threshold: <0.32 or >0.68
==================================================

[Startup] Resting orders cleared
[Ticker] KXETH15M-26APR082300-00
[Market] YES=0.77 | NO=0.26 | Sum=1.03
==================================================
Balance: $116.47 | Regime: CHOP | Session: 0W/0L (0%) | PnL: $+0.00
[Confidence] Score=2/10 | moderate_edge,coinbase_weak
[Signal] UP candidate | yes=0.77 | waiting (1/2)
[Cycle] No signal — YES=0.77 is between 0.32 and 0.68, sum=1.03 >= 0.97
[Ticker] KXETH15M-26APR082300-00
[Market] YES=0.79 | NO=0.24 | Sum=1.03
==================================================
Balance: $116.47 | Regime: CHOP | Session: 0W/0L (0%) | PnL: $+0.00
[Confidence] Score=2/10 | moderate_edge,coinbase_weak
[Coinbase] Confirms UP | $2182 gap=+3 (0.14%)
[Kraken] Divergence 3158.66% — bet trimmed
[Signal] CONFIRMED UP | yes=0.79 | edge=0.29 | bet=$1.80
[CorrGuard] 2 bots already fired — skipping to avoid correlated loss
[Cycle] No signal — YES=0.79 is between 0.32 and 0.68, sum=1.03 >= 0.97
[Ticker] KXETH15M-26APR082300-00
[Market] YES=0.83 | NO=0.21 | Sum=1.04
==================================================
Balance: $116.47 | Regime: CHOP | Session: 0W/0L (0%) | PnL: $+0.00
[Confidence] Score=3/10 | strong_edge,coinbase_weak
[Coinbase] Confirms UP | $2182 gap=+3 (0.14%)
[Kraken] Divergence 3158.59% — bet trimmed
[Correlation] 2/3 agree UP
[Signal] CONFIRMED UP | yes=0.83 | edge=0.33 | bet=$1.80
[Safety] Balance $116.47 below floor $120.00
🛑 OpenClaw ETH Bot v4.0 halted: Balance $116.47 below floor $120.00

==================================================
OpenClaw ETH Bot v4.0 — LIVE
[Startup] Live balance synced: $116.47
Balance: $116.47 | MaxBet: $0.00 | Threshold: <0.32 or >0.68
==================================================

[Startup] Resting orders cleared
[Ticker] KXETH15M-26APR082300-00
[Market] YES=0.86 | NO=0.18 | Sum=1.04
==================================================
Balance: $116.47 | Regime: CHOP | Session: 0W/0L (0%) | PnL: $+0.00
[Confidence] Score=3/10 | strong_edge,coinbase_weak
[Signal] UP candidate | yes=0.86 | waiting (1/2)
[Cycle] No signal — YES=0.86 is between 0.32 and 0.68, sum=1.04 >= 0.97
[Ticker] KXETH15M-26APR082300-00
[Market] YES=0.91 | NO=0.10 | Sum=1.01
==================================================
Balance: $116.47 | Regime: CHOP | Session: 0W/0L (0%) | PnL: $+0.00
[Confidence] Score=3/10 | strong_edge,coinbase_weak
[Timing] Window 5 min old — skipping
[Cycle] No signal — YES=0.91 is between 0.32 and 0.68, sum=1.01 >= 0.97
[Ticker] KXETH15M-26APR082300-00
[Market] YES=0.92 | NO=0.11 | Sum=1.03
==================================================
Balance: $116.47 | Regime: CHOP | Session: 0W/0L (0%) | PnL: $+0.00
[Confidence] Score=3/10 | strong_edge,coinbase_weak
[Timing] Window 6 min old — skipping
[Cycle] No signal — YES=0.92 is between 0.32 and 0.68, sum=1.03 >= 0.97
[Ticker] KXETH15M-26APR082300-00
[Market] YES=0.97 | NO=0.04 | Sum=1.01
==================================================
Balance: $116.47 | Regime: CHOP | Session: 0W/0L (0%) | PnL: $+0.00
[Confidence] Score=4/10 | extreme_edge,coinbase_weak
[Timing] Window 7 min old — skipping
[Cycle] No signal — YES=0.97 is between 0.32 and 0.68, sum=1.01 >= 0.97
[Ticker] KXETH15M-26APR082300-00
[Market] YES=0.95 | NO=0.08 | Sum=1.03
==================================================
Balance: $116.47 | Regime: CHOP | Session: 0W/0L (0%) | PnL: $+0.00
[Confidence] Score=3/10 | strong_edge,coinbase_weak
[Timing] Window 8 min old — skipping
[Cycle] No signal — YES=0.95 is between 0.32 and 0.68, sum=1.03 >= 0.97
[Ticker] KXETH15M-26APR082300-00
[Market] YES=0.98 | NO=0.03 | Sum=1.01
==================================================
Balance: $116.47 | Regime: CHOP | Session: 0W/0L (0%) | PnL: $+0.00
[Confidence] Score=4/10 | extreme_edge,coinbase_weak
[Timing] Window 9 min old — skipping
[Cycle] No signal — YES=0.98 is between 0.32 and 0.68, sum=1.01 >= 0.97
[Ticker] KXETH15M-26APR082300-00
[Market] YES=0.99 | NO=0.03 | Sum=1.02
==================================================
Balance: $116.47 | Regime: CHOP | Session: 0W/0L (0%) | PnL: $+0.00
[Confidence] Score=4/10 | extreme_edge,coinbase_weak
[Timing] Window 10 min old — skipping
[Cycle] No signal — YES=0.99 is between 0.32 and 0.68, sum=1.02 >= 0.97
[Ticker] KXETH15M-26APR082300-00
[Market] YES=1.00 | NO=0.01 | Sum=1.01
==================================================
Balance: $116.47 | Regime: CHOP | Session: 0W/0L (0%) | PnL: $+0.00
[Confidence] Score=4/10 | extreme_edge,coinbase_weak
[Timing] Window 11 min old — skipping
[Cycle] No signal — YES=1.00 is between 0.32 and 0.68, sum=1.01 >= 0.97
[Ticker] KXETH15M-26APR082300-00
[Market] YES=0.98 | NO=0.04 | Sum=1.02
==================================================
Balance: $116.47 | Regime: CHOP | Session: 0W/0L (0%) | PnL: $+0.00
[Confidence] Score=4/10 | extreme_edge,coinbase_weak
[Timing] Window 12 min old — skipping
[Cycle] No signal — YES=0.98 is between 0.32 and 0.68, sum=1.02 >= 0.97
[Ticker] KXETH15M-26APR082300-00
[Market] YES=1.00 | NO=0.01 | Sum=1.01
==================================================
Balance: $116.47 | Regime: CHOP | Session: 0W/0L (0%) | PnL: $+0.00
[Confidence] Score=4/10 | extreme_edge,coinbase_weak
[Timing] Window 13 min old — skipping
[Cycle] No signal — YES=1.00 is between 0.32 and 0.68, sum=1.01 >= 0.97
[Ticker] KXETH15M-26APR082300-00
[Market] YES=1.00 | NO=0.00 | Sum=1.00
==================================================
Balance: $116.47 | Regime: CHOP | Session: 0W/0L (0%) | PnL: $+0.00
[Confidence] Score=4/10 | extreme_edge,coinbase_weak
[Timing] Window 14 min old — skipping
[Cycle] No signal — YES=1.00 is between 0.32 and 0.68, sum=1.00 >= 0.97
[Ticker] KXETH15M-26APR082300-00
[Market] YES=1.00 | NO=0.00 | Sum=1.00
==================================================
Balance: $116.47 | Regime: CHOP | Session: 0W/0L (0%) | PnL: $+0.00
[Confidence] Score=5/10 | extreme_edge,coinbase_weak,peak_hour
[Timing] Window 0 min old — skipping
[Cycle] No signal — YES=1.00 is between 0.32 and 0.68, sum=1.00 >= 0.97
[Ticker] KXETH15M-26APR082315-15
[Market] YES=0.43 | NO=0.58 | Sum=1.01
==================================================
Balance: $116.47 | Regime: CHOP | Session: 0W/0L (0%) | PnL: $+0.00
[Cycle] No signal — YES=0.43 is between 0.32 and 0.68, sum=1.01 >= 0.97
[Ticker] KXETH15M-26APR082315-15
[Market] YES=0.47 | NO=0.58 | Sum=1.05
==================================================
Balance: $116.47 | Regime: CHOP | Session: 0W/0L (0%) | PnL: $+0.00
[Cycle] No signal — YES=0.47 is between 0.32 and 0.68, sum=1.05 >= 0.97
[Ticker] KXETH15M-26APR082315-15
[Market] YES=0.48 | NO=0.56 | Sum=1.04
==================================================
Balance: $116.47 | Regime: CHOP | Session: 0W/0L (0%) | PnL: $+0.00
[Cycle] No signal — YES=0.48 is between 0.32 and 0.68, sum=1.04 >= 0.97
[Ticker] KXETH15M-26APR082315-15
[Market] YES=0.54 | NO=0.51 | Sum=1.05
==================================================
Balance: $116.47 | Regime: CHOP | Session: 0W/0L (0%) | PnL: $+0.00
[Cycle] No signal — YES=0.54 is between 0.32 and 0.68, sum=1.05 >= 0.97
[Ticker] KXETH15M-26APR082315-15
[Market] YES=0.71 | NO=0.32 | Sum=1.03
==================================================
Balance: $116.47 | Regime: CHOP | Session: 0W/0L (0%) | PnL: $+0.00
[Confidence] Score=3/10 | moderate_edge,coinbase_weak,peak_hour
[Timing] Window 5 min old — skipping
[Cycle] No signal — YES=0.71 is between 0.32 and 0.68, sum=1.03 >= 0.97
[Ticker] KXETH15M-26APR082315-15
[Market] YES=0.57 | NO=0.46 | Sum=1.03
==================================================
Balance: $116.47 | Regime: CHOP | Session: 0W/0L (0%) | PnL: $+0.00
[Cycle] No signal — YES=0.57 is between 0.32 and 0.68, sum=1.03 >= 0.97
[Ticker] KXETH15M-26APR082315-15
[Market] YES=0.47 | NO=0.58 | Sum=1.05
==================================================
Balance: $116.47 | Regime: CHOP | Session: 0W/0L (0%) | PnL: $+0.00
[Cycle] No signal — YES=0.47 is between 0.32 and 0.68, sum=1.05 >= 0.97
[Ticker] KXETH15M-26APR082315-15
[Market] YES=0.46 | NO=0.59 | Sum=1.05
==================================================
Balance: $116.47 | Regime: CHOP | Session: 0W/0L (0%) | PnL: $+0.00
[Cycle] No signal — YES=0.46 is between 0.32 and 0.68, sum=1.05 >= 0.97
[Ticker] KXETH15M-26APR082315-15
[Market] YES=0.40 | NO=0.64 | Sum=1.04
==================================================
Balance: $116.47 | Regime: CHOP | Session: 0W/0L (0%) | PnL: $+0.00
[Cycle] No signal — YES=0.40 is between 0.32 and 0.68, sum=1.04 >= 0.97
[Ticker] KXETH15M-26APR082315-15
[Market] YES=0.21 | NO=0.84 | Sum=1.05
==================================================
Balance: $116.47 | Regime: CHOP | Session: 0W/0L (0%) | PnL: $+0.00
[Confidence] Score=5/10 | moderate_edge,coinbase_weak,all3_agree,peak_hour
[Timing] Window 10 min old — skipping
[Cycle] No signal — YES=0.21 is between 0.32 and 0.68, sum=1.05 >= 0.97
[Ticker] KXETH15M-26APR082315-15
[Market] YES=0.12 | NO=0.92 | Sum=1.04
==================================================
Balance: $116.47 | Regime: CHOP | Session: 0W/0L (0%) | PnL: $+0.00
[Confidence] Score=6/10 | strong_edge,coinbase_weak,all3_agree,peak_hour
[Timing] Window 11 min old — skipping
[Cycle] No signal — YES=0.12 is between 0.32 and 0.68, sum=1.04 >= 0.97
[Ticker] KXETH15M-26APR082315-15
[Market] YES=0.13 | NO=0.88 | Sum=1.01
==================================================
Balance: $116.47 | Regime: CHOP | Session: 0W/0L (0%) | PnL: $+0.00
[Confidence] Score=5/10 | strong_edge,coinbase_weak,2of3_agree,peak_hour
[Timing] Window 12 min old — skipping
[Cycle] No signal — YES=0.13 is between 0.32 and 0.68, sum=1.01 >= 0.97
[Ticker] KXETH15M-26APR082315-15
[Market] YES=0.21 | NO=0.83 | Sum=1.04
==================================================
Balance: $116.47 | Regime: CHOP | Session: 0W/0L (0%) | PnL: $+0.00
[Confidence] Score=4/10 | moderate_edge,coinbase_weak,2of3_agree,peak_hour
[Timing] Window 13 min old — skipping
[Cycle] No signal — YES=0.21 is between 0.32 and 0.68, sum=1.04 >= 0.97
[Ticker] KXETH15M-26APR082315-15
[Market] YES=0.02 | NO=0.99 | Sum=1.01
==================================================
Balance: $116.47 | Regime: CHOP | Session: 0W/0L (0%) | PnL: $+0.00
[Confidence] Score=7/10 | extreme_edge,coinbase_weak,all3_agree,peak_hour
[Timing] Window 14 min old — skipping
[Cycle] No signal — YES=0.02 is between 0.32 and 0.68, sum=1.01 >= 0.97
[Ticker] KXETH15M-26APR082330-30
[Market] YES=0.52 | NO=0.51 | Sum=1.03
==================================================
Balance: $116.47 | Regime: CHOP | Session: 0W/0L (0%) | PnL: $+0.00
[Cycle] No signal — YES=0.52 is between 0.32 and 0.68, sum=1.03 >= 0.97
[Ticker] KXETH15M-26APR082330-30
[Market] YES=0.50 | NO=0.52 | Sum=1.02
==================================================
Balance: $116.47 | Regime: CHOP | Session: 0W/0L (0%) | PnL: $+0.00
[Cycle] No signal — YES=0.50 is between 0.32 and 0.68, sum=1.02 >= 0.97
[Ticker] KXETH15M-26APR082330-30
[Market] YES=0.57 | NO=0.45 | Sum=1.02
==================================================
Balance: $116.47 | Regime: CHOP | Session: 0W/0L (0%) | PnL: $+0.00
[Cycle] No signal — YES=0.57 is between 0.32 and 0.68, sum=1.02 >= 0.97
[Ticker] KXETH15M-26APR082330-30
[Market] YES=0.31 | NO=0.71 | Sum=1.02
==================================================
Balance: $116.47 | Regime: CHOP | Session: 0W/0L (0%) | PnL: $+0.00
[Signal] Edge 0.19 below minimum 0.2 — skipping
[Cycle] No signal — YES=0.31 is between 0.32 and 0.68, sum=1.02 >= 0.97
[Ticker] KXETH15M-26APR082330-30
[Market] YES=0.29 | NO=0.75 | Sum=1.04
==================================================
Balance: $116.47 | Regime: CHOP | Session: 0W/0L (0%) | PnL: $+0.00
[Confidence] Score=5/10 | moderate_edge,coinbase_weak,all3_agree,peak_hour
[Signal] DOWN candidate | yes=0.29 | waiting (1/2)
[Cycle] No signal — YES=0.29 is between 0.32 and 0.68, sum=1.04 >= 0.97
[Ticker] KXETH15M-26APR082330-30
[Market] YES=0.42 | NO=0.61 | Sum=1.03
==================================================
Balance: $116.47 | Regime: CHOP | Session: 0W/0L (0%) | PnL: $+0.00
[Cycle] No signal — YES=0.42 is between 0.32 and 0.68, sum=1.03 >= 0.97
[Ticker] KXETH15M-26APR082330-30
[Market] YES=0.26 | NO=0.76 | Sum=1.02
==================================================
Balance: $116.47 | Regime: CHOP | Session: 0W/0L (0%) | PnL: $+0.00
[Confidence] Score=5/10 | moderate_edge,coinbase_weak,all3_agree,peak_hour
[Timing] Window 6 min old — skipping
[Cycle] No signal — YES=0.26 is between 0.32 and 0.68, sum=1.02 >= 0.97
[Ticker] KXETH15M-26APR082330-30
[Market] YES=0.33 | NO=0.70 | Sum=1.03
==================================================
Balance: $116.47 | Regime: CHOP | Session: 0W/0L (0%) | PnL: $+0.00
[Cycle] No signal — YES=0.33 is between 0.32 and 0.68, sum=1.03 >= 0.97
[Ticker] KXETH15M-26APR082330-30
[Market] YES=0.50 | NO=0.53 | Sum=1.03
==================================================
Balance: $116.47 | Regime: CHOP | Session: 0W/0L (0%) | PnL: $+0.00
[Cycle] No signal — YES=0.50 is between 0.32 and 0.68, sum=1.03 >= 0.97
[Ticker] KXETH15M-26APR082330-30
[Market] YES=0.59 | NO=0.43 | Sum=1.02
==================================================
Balance: $116.47 | Regime: CHOP | Session: 0W/0L (0%) | PnL: $+0.00
[Cycle] No signal — YES=0.59 is between 0.32 and 0.68, sum=1.02 >= 0.97
[Ticker] KXETH15M-26APR082330-30
[Market] YES=0.69 | NO=0.32 | Sum=1.01
==================================================
Balance: $116.47 | Regime: CHOP | Session: 0W/0L (0%) | PnL: $+0.00
[Signal] Edge 0.19 below minimum 0.2 — skipping
[Cycle] No signal — YES=0.69 is between 0.32 and 0.68, sum=1.01 >= 0.97
[Ticker] KXETH15M-26APR082330-30
[Market] YES=0.65 | NO=0.39 | Sum=1.04
==================================================
Balance: $116.47 | Regime: CHOP | Session: 0W/0L (0%) | PnL: $+0.00
[Cycle] No signal — YES=0.65 is between 0.32 and 0.68, sum=1.04 >= 0.97
[Ticker] KXETH15M-26APR082330-30
[Market] YES=0.19 | NO=0.82 | Sum=1.01
==================================================
Balance: $116.47 | Regime: CHOP | Session: 0W/0L (0%) | PnL: $+0.00
[Confidence] Score=6/10 | strong_edge,coinbase_weak,all3_agree,peak_hour
[Timing] Window 12 min old — skipping
[Cycle] No signal — YES=0.19 is between 0.32 and 0.68, sum=1.01 >= 0.97
[Ticker] KXETH15M-26APR082330-30
[Market] YES=0.01 | NO=1.00 | Sum=1.00
==================================================
Balance: $116.47 | Regime: CHOP | Session: 0W/0L (0%) | PnL: $+0.00
[Confidence] Score=7/10 | extreme_edge,coinbase_weak,all3_agree,peak_hour
[Timing] Window 13 min old — skipping
[Cycle] No signal — YES=0.01 is between 0.32 and 0.68, sum=1.00 >= 0.97
[Ticker] KXETH15M-26APR082330-30
[Market] YES=0.00 | NO=1.00 | Sum=1.00
==================================================
Balance: $116.47 | Regime: CHOP | Session: 0W/0L (0%) | PnL: $+0.00
[Confidence] Score=5/10 | extreme_edge,coinbase_weak,peak_hour
[Timing] Window 14 min old — skipping
[Cycle] No signal — YES=0.00 is between 0.32 and 0.68, sum=1.00 >= 0.97
[Ticker] KXETH15M-26APR082330-30
[Market] YES=0.00 | NO=1.00 | Sum=1.00
==================================================
Balance: $116.47 | Regime: CHOP | Session: 0W/0L (0%) | PnL: $+0.00
[Confidence] Score=7/10 | extreme_edge,coinbase_weak,all3_agree,peak_hour
[Timing] Window 0 min old — skipping
[Cycle] No signal — YES=0.00 is between 0.32 and 0.68, sum=1.00 >= 0.97
[Ticker] KXETH15M-26APR082345-45
[Market] YES=0.73 | NO=0.32 | Sum=1.05
==================================================
Balance: $116.47 | Regime: CHOP | Session: 0W/0L (0%) | PnL: $+0.00
[Confidence] Score=3/10 | moderate_edge,coinbase_weak,peak_hour
[Signal] UP candidate | yes=0.73 | waiting (1/2)
[Cycle] No signal — YES=0.73 is between 0.32 and 0.68, sum=1.05 >= 0.97
[Ticker] KXETH15M-26APR082345-45
[Market] YES=0.77 | NO=0.26 | Sum=1.03
==================================================
Balance: $116.47 | Regime: CHOP | Session: 0W/0L (0%) | PnL: $+0.00
[Confidence] Score=3/10 | moderate_edge,coinbase_weak,peak_hour
[Coinbase] Confirms UP | $2181 gap=+2 (0.09%)
[Kraken] Divergence 3154.96% — bet trimmed
[Signal] CONFIRMED UP | yes=0.77 | edge=0.27 | bet=$1.80
[Safety] Balance $116.47 below floor $120.00
🛑 OpenClaw ETH Bot v4.0 halted: Balance $116.47 below floor $120.00

==================================================
OpenClaw ETH Bot v4.0 — LIVE
[Startup] Live balance synced: $116.47
Balance: $116.47 | MaxBet: $0.00 | Threshold: <0.32 or >0.68
==================================================

[Startup] Resting orders cleared
[Ticker] KXETH15M-26APR082345-45
[Market] YES=0.77 | NO=0.26 | Sum=1.03
==================================================
Balance: $116.47 | Regime: CHOP | Session: 0W/0L (0%) | PnL: $+0.00
[Confidence] Score=3/10 | moderate_edge,coinbase_weak,peak_hour
[Signal] UP candidate | yes=0.77 | waiting (1/2)
[Cycle] No signal — YES=0.77 is between 0.32 and 0.68, sum=1.03 >= 0.97
[Ticker] KXETH15M-26APR082345-45
[Market] YES=0.72 | NO=0.32 | Sum=1.04
==================================================
Balance: $116.47 | Regime: CHOP | Session: 0W/0L (0%) | PnL: $+0.00
[Confidence] Score=3/10 | moderate_edge,coinbase_weak,peak_hour
[Coinbase] Confirms UP | $2180 gap=+2 (0.09%)
[Kraken] Divergence 3153.68% — bet trimmed
[Signal] CONFIRMED UP | yes=0.72 | edge=0.22 | bet=$1.80
[CorrGuard] 2 bots already fired — skipping to avoid correlated loss
[Cycle] No signal — YES=0.72 is between 0.32 and 0.68, sum=1.04 >= 0.97
[Ticker] KXETH15M-26APR082345-45
[Market] YES=0.78 | NO=0.24 | Sum=1.02
==================================================
Balance: $116.47 | Regime: CHOP | Session: 0W/0L (0%) | PnL: $+0.00
[Confidence] Score=3/10 | moderate_edge,coinbase_weak,peak_hour
[Coinbase] Confirms UP | $2181 gap=+2 (0.11%)
[Kraken] Divergence 3152.92% — bet trimmed
[Signal] CONFIRMED UP | yes=0.78 | edge=0.28 | bet=$1.80
[Safety] Balance $116.47 below floor $120.00
🛑 OpenClaw ETH Bot v4.0 halted: Balance $116.47 below floor $120.00

==================================================
OpenClaw ETH Bot v4.0 — LIVE
[Startup] Live balance synced: $116.47
Balance: $116.47 | MaxBet: $0.00 | Threshold: <0.32 or >0.68
==================================================

[Startup] Resting orders cleared
[Ticker] KXETH15M-26APR082345-45
[Market] YES=0.80 | NO=0.24 | Sum=1.04
==================================================
Balance: $116.47 | Regime: CHOP | Session: 0W/0L (0%) | PnL: $+0.00
[Confidence] Score=4/10 | strong_edge,coinbase_weak,peak_hour
[Signal] UP candidate | yes=0.80 | waiting (1/2)
[Cycle] No signal — YES=0.80 is between 0.32 and 0.68, sum=1.04 >= 0.97
[Ticker] KXETH15M-26APR082345-45
[Market] YES=0.83 | NO=0.21 | Sum=1.04
==================================================
Balance: $116.47 | Regime: CHOP | Session: 0W/0L (0%) | PnL: $+0.00
[Confidence] Score=4/10 | strong_edge,coinbase_weak,peak_hour
[Timing] Window 5 min old — skipping
[Cycle] No signal — YES=0.83 is between 0.32 and 0.68, sum=1.04 >= 0.97
[Ticker] KXETH15M-26APR082345-45
[Market] YES=0.90 | NO=0.13 | Sum=1.03
==================================================
Balance: $116.47 | Regime: CHOP | Session: 0W/0L (0%) | PnL: $+0.00
[Confidence] Score=4/10 | strong_edge,coinbase_weak,peak_hour
[Timing] Window 6 min old — skipping
[Cycle] No signal — YES=0.90 is between 0.32 and 0.68, sum=1.03 >= 0.97
[Ticker] KXETH15M-26APR082345-45
[Market] YES=0.77 | NO=0.26 | Sum=1.03
==================================================
Balance: $116.47 | Regime: CHOP | Session: 0W/0L (0%) | PnL: $+0.00
[Confidence] Score=3/10 | moderate_edge,coinbase_weak,peak_hour
[Timing] Window 7 min old — skipping
[Cycle] No signal — YES=0.77 is between 0.32 and 0.68, sum=1.03 >= 0.97
[Ticker] KXETH15M-26APR082345-45
[Market] YES=0.80 | NO=0.24 | Sum=1.04
==================================================
Balance: $116.47 | Regime: CHOP | Session: 0W/0L (0%) | PnL: $+0.00
[Confidence] Score=4/10 | strong_edge,coinbase_weak,peak_hour
[Timing] Window 8 min old — skipping
[Cycle] No signal — YES=0.80 is between 0.32 and 0.68, sum=1.04 >= 0.97
[Ticker] KXETH15M-26APR082345-45
[Market] YES=0.83 | NO=0.19 | Sum=1.02
==================================================
Balance: $116.47 | Regime: CHOP | Session: 0W/0L (0%) | PnL: $+0.00
[Confidence] Score=4/10 | strong_edge,coinbase_weak,peak_hour
[Timing] Window 9 min old — skipping
[Cycle] No signal — YES=0.83 is between 0.32 and 0.68, sum=1.02 >= 0.97
[Ticker] KXETH15M-26APR082345-45
[Market] YES=0.65 | NO=0.40 | Sum=1.05
==================================================
Balance: $116.47 | Regime: CHOP | Session: 0W/0L (0%) | PnL: $+0.00
[Cycle] No signal — YES=0.65 is between 0.32 and 0.68, sum=1.05 >= 0.97
[Ticker] KXETH15M-26APR082345-45
[Market] YES=0.65 | NO=0.39 | Sum=1.04
==================================================
Balance: $116.47 | Regime: CHOP | Session: 0W/0L (0%) | PnL: $+0.00
[Cycle] No signal — YES=0.65 is between 0.32 and 0.68, sum=1.04 >= 0.97
[Ticker] KXETH15M-26APR082345-45
[Market] YES=0.44 | NO=0.61 | Sum=1.05
==================================================
Balance: $116.47 | Regime: CHOP | Session: 0W/0L (0%) | PnL: $+0.00
[Cycle] No signal — YES=0.44 is between 0.32 and 0.68, sum=1.05 >= 0.97
[Ticker] KXETH15M-26APR082345-45
[Market] YES=0.31 | NO=0.72 | Sum=1.03
==================================================
Balance: $116.47 | Regime: CHOP | Session: 0W/0L (0%) | PnL: $+0.00
[Signal] Edge 0.19 below minimum 0.2 — skipping
[Cycle] No signal — YES=0.31 is between 0.32 and 0.68, sum=1.03 >= 0.97
[Ticker] KXETH15M-26APR082345-45
[Market] YES=0.92 | NO=0.67 | Sum=1.59
==================================================
Balance: $116.47 | Regime: CHOP | Session: 0W/0L (0%) | PnL: $+0.00
[Confidence] Score=3/10 | strong_edge,peak_hour
[Timing] Window 14 min old — skipping
[Cycle] No signal — YES=0.92 is between 0.32 and 0.68, sum=1.59 >= 0.97
[Ticker] KXETH15M-26APR082345-45
[Market] YES=0.04 | NO=0.99 | Sum=1.03
==================================================
Balance: $116.47 | Regime: CHOP | Session: 0W/0L (0%) | PnL: $+0.00
[Confidence] Score=6/10 | extreme_edge,all3_agree,peak_hour
[Timing] Window 0 min old — skipping
[Cycle] No signal — YES=0.04 is between 0.32 and 0.68, sum=1.03 >= 0.97
[Ticker] KXETH15M-26APR090000-00
[Market] YES=0.58 | NO=0.47 | Sum=1.05
==================================================
Balance: $116.47 | Regime: CHOP | Session: 0W/0L (0%) | PnL: $+0.00
[Cycle] No signal — YES=0.58 is between 0.32 and 0.68, sum=1.05 >= 0.97
[Ticker] KXETH15M-26APR090000-00
[Market] YES=0.45 | NO=0.59 | Sum=1.04
==================================================
Balance: $116.47 | Regime: CHOP | Session: 0W/0L (0%) | PnL: $+0.00
[Cycle] No signal — YES=0.45 is between 0.32 and 0.68, sum=1.04 >= 0.97
[Ticker] KXETH15M-26APR090000-00
[Market] YES=0.58 | NO=0.46 | Sum=1.04
==================================================
Balance: $116.47 | Regime: CHOP | Session: 0W/0L (0%) | PnL: $+0.00
[Cycle] No signal — YES=0.58 is between 0.32 and 0.68, sum=1.04 >= 0.97
[Ticker] KXETH15M-26APR090000-00
[Market] YES=0.63 | NO=0.39 | Sum=1.02
==================================================
Balance: $116.47 | Regime: CHOP | Session: 0W/0L (0%) | PnL: $+0.00
[Cycle] No signal — YES=0.63 is between 0.32 and 0.68, sum=1.02 >= 0.97
[Ticker] KXETH15M-26APR090000-00
[Market] YES=0.87 | NO=0.15 | Sum=1.02
==================================================
Balance: $116.47 | Regime: CHOP | Session: 0W/0L (0%) | PnL: $+0.00
[Confidence] Score=5/10 | strong_edge,coinbase_weak,2of3_agree,peak_hour
[Timing] Window 5 min old — skipping
[Cycle] No signal — YES=0.87 is between 0.32 and 0.68, sum=1.02 >= 0.97
[Ticker] KXETH15M-26APR090000-00
[Market] YES=0.93 | NO=0.10 | Sum=1.03
==================================================
Balance: $116.47 | Regime: CHOP | Session: 0W/0L (0%) | PnL: $+0.00
[Confidence] Score=4/10 | strong_edge,coinbase_weak,peak_hour
[Timing] Window 6 min old — skipping
[Cycle] No signal — YES=0.93 is between 0.32 and 0.68, sum=1.03 >= 0.97
[Ticker] KXETH15M-26APR090000-00
[Market] YES=0.95 | NO=0.06 | Sum=1.01
==================================================
Balance: $116.47 | Regime: CHOP | Session: 0W/0L (0%) | PnL: $+0.00
[Confidence] Score=4/10 | strong_edge,coinbase_weak,peak_hour
[Timing] Window 7 min old — skipping
[Cycle] No signal — YES=0.95 is between 0.32 and 0.68, sum=1.01 >= 0.97
[Ticker] KXETH15M-26APR090000-00
[Market] YES=0.97 | NO=0.06 | Sum=1.03
==================================================
Balance: $116.47 | Regime: CHOP | Session: 0W/0L (0%) | PnL: $+0.00
[Confidence] Score=5/10 | extreme_edge,coinbase_weak,peak_hour
[Timing] Window 8 min old — skipping
[Cycle] No signal — YES=0.97 is between 0.32 and 0.68, sum=1.03 >= 0.97
[Ticker] KXETH15M-26APR090000-00
[Market] YES=0.98 | NO=0.03 | Sum=1.01
==================================================
Balance: $116.47 | Regime: CHOP | Session: 0W/0L (0%) | PnL: $+0.00
[Confidence] Score=5/10 | extreme_edge,coinbase_weak,peak_hour
[Timing] Window 9 min old — skipping
[Cycle] No signal — YES=0.98 is between 0.32 and 0.68, sum=1.01 >= 0.97
[Ticker] KXETH15M-26APR090000-00
[Market] YES=0.98 | NO=0.03 | Sum=1.01
==================================================
Balance: $116.47 | Regime: CHOP | Session: 0W/0L (0%) | PnL: $+0.00
[Confidence] Score=5/10 | extreme_edge,coinbase_weak,peak_hour
[Timing] Window 10 min old — skipping
[Cycle] No signal — YES=0.98 is between 0.32 and 0.68, sum=1.01 >= 0.97
[Ticker] KXETH15M-26APR090000-00
[Market] YES=0.99 | NO=0.01 | Sum=1.00
==================================================
Balance: $116.47 | Regime: CHOP | Session: 0W/0L (0%) | PnL: $+0.00
[Confidence] Score=5/10 | extreme_edge,coinbase_weak,peak_hour
[Timing] Window 11 min old — skipping
[Cycle] No signal — YES=0.99 is between 0.32 and 0.68, sum=1.00 >= 0.97
[Ticker] KXETH15M-26APR090000-00
[Market] YES=0.99 | NO=0.01 | Sum=1.00
==================================================
Balance: $116.47 | Regime: CHOP | Session: 0W/0L (0%) | PnL: $+0.00
[Confidence] Score=5/10 | extreme_edge,coinbase_weak,peak_hour
[Timing] Window 12 min old — skipping
[Cycle] No signal — YES=0.99 is between 0.32 and 0.68, sum=1.00 >= 0.97
[Ticker] KXETH15M-26APR090000-00
[Market] YES=1.00 | NO=0.00 | Sum=1.00
==================================================
Balance: $116.47 | Regime: CHOP | Session: 0W/0L (0%) | PnL: $+0.00
[Confidence] Score=5/10 | extreme_edge,coinbase_weak,peak_hour
[Timing] Window 13 min old — skipping
[Cycle] No signal — YES=1.00 is between 0.32 and 0.68, sum=1.00 >= 0.97
[Ticker] KXETH15M-26APR090000-00
[Market] YES=1.00 | NO=0.00 | Sum=1.00
==================================================
Balance: $116.47 | Regime: CHOP | Session: 0W/0L (0%) | PnL: $+0.00
[Confidence] Score=5/10 | extreme_edge,coinbase_weak,peak_hour
[Timing] Window 14 min old — skipping
[Cycle] No signal — YES=1.00 is between 0.32 and 0.68, sum=1.00 >= 0.97
[Ticker] KXETH15M-26APR090015-15
[Market] YES=0.44 | NO=0.59 | Sum=1.03
==================================================
Balance: $116.47 | Regime: CHOP | Session: 0W/0L (0%) | PnL: $+0.00
[Cycle] No signal — YES=0.44 is between 0.32 and 0.68, sum=1.03 >= 0.97
[Ticker] KXETH15M-26APR090015-15
[Market] YES=0.30 | NO=0.73 | Sum=1.03
==================================================
Balance: $116.47 | Regime: CHOP | Session: 0W/0L (0%) | PnL: $+0.00
[Confidence] Score=4/10 | moderate_edge,coinbase_weak,all3_agree
[Signal] DOWN candidate | yes=0.30 | waiting (1/2)
[Cycle] No signal — YES=0.30 is between 0.32 and 0.68, sum=1.03 >= 0.97
[Ticker] KXETH15M-26APR090015-15
[Market] YES=0.31 | NO=0.72 | Sum=1.03
==================================================
Balance: $116.47 | Regime: CHOP | Session: 0W/0L (0%) | PnL: $+0.00
[Signal] Edge 0.19 below minimum 0.2 — skipping
[Cycle] No signal — YES=0.31 is between 0.32 and 0.68, sum=1.03 >= 0.97
[Ticker] KXETH15M-26APR090015-15
[Market] YES=0.28 | NO=0.77 | Sum=1.05
==================================================
Balance: $116.47 | Regime: CHOP | Session: 0W/0L (0%) | PnL: $+0.00
[Confidence] Score=4/10 | moderate_edge,coinbase_weak,all3_agree
[Coinbase] Confirms DOWN | $2181 gap=-2 (0.07%)
[Kraken] Divergence 3154.35% — bet trimmed
[Signal] CONFIRMED DOWN | yes=0.28 | edge=0.22 | bet=$1.80
[Safety] Balance $116.47 below floor $120.00
🛑 OpenClaw ETH Bot v4.0 halted: Balance $116.47 below floor $120.00

==================================================
OpenClaw ETH Bot v4.0 — LIVE
[Startup] Live balance synced: $116.47
Balance: $116.47 | MaxBet: $0.00 | Threshold: <0.32 or >0.68
==================================================

[Startup] Resting orders cleared
[Ticker] KXETH15M-26APR090015-15
[Market] YES=0.25 | NO=0.78 | Sum=1.03
==================================================
Balance: $116.47 | Regime: CHOP | Session: 0W/0L (0%) | PnL: $+0.00
[Confidence] Score=4/10 | moderate_edge,coinbase_weak,all3_agree
[Signal] DOWN candidate | yes=0.25 | waiting (1/2)
[Cycle] No signal — YES=0.25 is between 0.32 and 0.68, sum=1.03 >= 0.97
[Ticker] KXETH15M-26APR090015-15
[Market] YES=0.29 | NO=0.75 | Sum=1.04
==================================================
Balance: $116.47 | Regime: CHOP | Session: 0W/0L (0%) | PnL: $+0.00
[Confidence] Score=4/10 | moderate_edge,coinbase_weak,all3_agree
[Coinbase] Confirms DOWN | $2182 gap=-1 (0.06%)
[Kraken] Divergence 3153.93% — bet trimmed
[Signal] CONFIRMED DOWN | yes=0.29 | edge=0.21 | bet=$1.80
[Safety] Balance $116.47 below floor $120.00
🛑 OpenClaw ETH Bot v4.0 halted: Balance $116.47 below floor $120.00

==================================================
OpenClaw ETH Bot v4.0 — LIVE
[Startup] Live balance synced: $116.47
Balance: $116.47 | MaxBet: $0.00 | Threshold: <0.32 or >0.68
==================================================

[Startup] Resting orders cleared
[Ticker] KXETH15M-26APR090015-15
[Market] YES=0.29 | NO=0.75 | Sum=1.04
==================================================
Balance: $116.47 | Regime: CHOP | Session: 0W/0L (0%) | PnL: $+0.00
[Confidence] Score=4/10 | moderate_edge,coinbase_weak,all3_agree
[Signal] DOWN candidate | yes=0.29 | waiting (1/2)
[Cycle] No signal — YES=0.29 is between 0.32 and 0.68, sum=1.04 >= 0.97
[Ticker] KXETH15M-26APR090015-15
[Market] YES=0.36 | NO=0.70 | Sum=1.06
==================================================
Balance: $116.47 | Regime: CHOP | Session: 0W/0L (0%) | PnL: $+0.00
[Cycle] No signal — YES=0.36 is between 0.32 and 0.68, sum=1.06 >= 0.97
[Ticker] KXETH15M-26APR090015-15
[Market] YES=0.35 | NO=0.70 | Sum=1.05
==================================================
Balance: $116.47 | Regime: CHOP | Session: 0W/0L (0%) | PnL: $+0.00
[Cycle] No signal — YES=0.35 is between 0.32 and 0.68, sum=1.05 >= 0.97
[Ticker] KXETH15M-26APR090015-15
[Market] YES=0.23 | NO=0.79 | Sum=1.02
==================================================
Balance: $116.47 | Regime: CHOP | Session: 0W/0L (0%) | PnL: $+0.00
[Confidence] Score=4/10 | moderate_edge,coinbase_weak,all3_agree
[Timing] Window 7 min old — skipping
[Cycle] No signal — YES=0.23 is between 0.32 and 0.68, sum=1.02 >= 0.97
[Ticker] KXETH15M-26APR090015-15
[Market] YES=0.10 | NO=0.93 | Sum=1.03
==================================================
Balance: $116.47 | Regime: CHOP | Session: 0W/0L (0%) | PnL: $+0.00
[Confidence] Score=5/10 | strong_edge,coinbase_weak,all3_agree
[Timing] Window 8 min old — skipping
[Cycle] No signal — YES=0.10 is between 0.32 and 0.68, sum=1.03 >= 0.97
[Ticker] KXETH15M-26APR090015-15
[Market] YES=0.09 | NO=0.93 | Sum=1.02
==================================================
Balance: $116.47 | Regime: CHOP | Session: 0W/0L (0%) | PnL: $+0.00
[Confidence] Score=5/10 | strong_edge,coinbase_weak,all3_agree
[Timing] Window 9 min old — skipping
[Cycle] No signal — YES=0.09 is between 0.32 and 0.68, sum=1.02 >= 0.97
[Ticker] KXETH15M-26APR090015-15
[Market] YES=0.08 | NO=0.96 | Sum=1.04
==================================================
Balance: $116.47 | Regime: CHOP | Session: 0W/0L (0%) | PnL: $+0.00
[Confidence] Score=5/10 | strong_edge,coinbase_weak,all3_agree
[Timing] Window 10 min old — skipping
[Cycle] No signal — YES=0.08 is between 0.32 and 0.68, sum=1.04 >= 0.97
[Ticker] KXETH15M-26APR090015-15
[Market] YES=0.07 | NO=0.97 | Sum=1.04
==================================================
Balance: $116.47 | Regime: CHOP | Session: 0W/0L (0%) | PnL: $+0.00
[Confidence] Score=4/10 | strong_edge,coinbase_weak,2of3_agree
[Timing] Window 11 min old — skipping
[Cycle] No signal — YES=0.07 is between 0.32 and 0.68, sum=1.04 >= 0.97
[Ticker] KXETH15M-26APR090015-15
[Market] YES=0.04 | NO=0.98 | Sum=1.02
==================================================
Balance: $116.47 | Regime: CHOP | Session: 0W/0L (0%) | PnL: $+0.00
[Confidence] Score=6/10 | extreme_edge,coinbase_weak,all3_agree
[Timing] Window 12 min old — skipping
[Cycle] No signal — YES=0.04 is between 0.32 and 0.68, sum=1.02 >= 0.97
[Ticker] KXETH15M-26APR090015-15
[Market] YES=0.00 | NO=1.00 | Sum=1.00
==================================================
Balance: $116.47 | Regime: CHOP | Session: 0W/0L (0%) | PnL: $+0.00
[Confidence] Score=5/10 | extreme_edge,coinbase_weak,2of3_agree
[Timing] Window 13 min old — skipping
[Cycle] No signal — YES=0.00 is between 0.32 and 0.68, sum=1.00 >= 0.97
[Ticker] KXETH15M-26APR090015-15
[Market] YES=0.00 | NO=1.00 | Sum=1.00
==================================================
Balance: $116.47 | Regime: CHOP | Session: 0W/0L (0%) | PnL: $+0.00
[Confidence] Score=6/10 | extreme_edge,coinbase_weak,all3_agree
[Timing] Window 14 min old — skipping
[Cycle] No signal — YES=0.00 is between 0.32 and 0.68, sum=1.00 >= 0.97
[Ticker] KXETH15M-26APR090030-30
[Market] YES=0.44 | NO=0.58 | Sum=1.02
==================================================
Balance: $116.47 | Regime: CHOP | Session: 0W/0L (0%) | PnL: $+0.00
[Cycle] No signal — YES=0.44 is between 0.32 and 0.68, sum=1.02 >= 0.97
[Ticker] KXETH15M-26APR090030-30
[Market] YES=0.48 | NO=0.56 | Sum=1.04
==================================================
Balance: $116.47 | Regime: CHOP | Session: 0W/0L (0%) | PnL: $+0.00
[Cycle] No signal — YES=0.48 is between 0.32 and 0.68, sum=1.04 >= 0.97
[Ticker] KXETH15M-26APR090030-30
[Market] YES=0.46 | NO=0.59 | Sum=1.05
==================================================
Balance: $116.47 | Regime: CHOP | Session: 0W/0L (0%) | PnL: $+0.00
[Cycle] No signal — YES=0.46 is between 0.32 and 0.68, sum=1.05 >= 0.97
[Ticker] KXETH15M-26APR090030-30
[Market] YES=0.41 | NO=0.63 | Sum=1.04
==================================================
Balance: $116.47 | Regime: CHOP | Session: 0W/0L (0%) | PnL: $+0.00
[Cycle] No signal — YES=0.41 is between 0.32 and 0.68, sum=1.04 >= 0.97
[Ticker] KXETH15M-26APR090030-30
[Market] YES=0.39 | NO=0.65 | Sum=1.04
==================================================
Balance: $116.47 | Regime: CHOP | Session: 0W/0L (0%) | PnL: $+0.00
[Cycle] No signal — YES=0.39 is between 0.32 and 0.68, sum=1.04 >= 0.97
[Ticker] KXETH15M-26APR090030-30
[Market] YES=0.27 | NO=0.78 | Sum=1.05
==================================================
Balance: $116.47 | Regime: CHOP | Session: 0W/0L (0%) | PnL: $+0.00
[Confidence] Score=4/10 | moderate_edge,coinbase_weak,all3_agree
[Timing] Window 5 min old — skipping
[Cycle] No signal — YES=0.27 is between 0.32 and 0.68, sum=1.05 >= 0.97
[Ticker] KXETH15M-26APR090030-30
[Market] YES=0.23 | NO=0.83 | Sum=1.06
==================================================
Balance: $116.47 | Regime: CHOP | Session: 0W/0L (0%) | PnL: $+0.00
[Confidence] Score=4/10 | moderate_edge,coinbase_weak,all3_agree
[Timing] Window 6 min old — skipping
[Cycle] No signal — YES=0.23 is between 0.32 and 0.68, sum=1.06 >= 0.97
[Ticker] KXETH15M-26APR090030-30
[Market] YES=0.27 | NO=0.79 | Sum=1.06
==================================================
Balance: $116.47 | Regime: CHOP | Session: 0W/0L (0%) | PnL: $+0.00
[Confidence] Score=3/10 | moderate_edge,coinbase_weak,2of3_agree
[Timing] Window 7 min old — skipping
[Cycle] No signal — YES=0.27 is between 0.32 and 0.68, sum=1.06 >= 0.97
[Ticker] KXETH15M-26APR090030-30
[Market] YES=0.14 | NO=0.90 | Sum=1.04
==================================================
Balance: $116.47 | Regime: CHOP | Session: 0W/0L (0%) | PnL: $+0.00
[Confidence] Score=5/10 | strong_edge,coinbase_weak,all3_agree
[Timing] Window 8 min old — skipping
[Cycle] No signal — YES=0.14 is between 0.32 and 0.68, sum=1.04 >= 0.97
[Ticker] KXETH15M-26APR090030-30
[Market] YES=0.16 | NO=0.88 | Sum=1.04
==================================================
Balance: $116.47 | Regime: CHOP | Session: 0W/0L (0%) | PnL: $+0.00
[Confidence] Score=5/10 | strong_edge,coinbase_weak,all3_agree
[Timing] Window 9 min old — skipping
[Cycle] No signal — YES=0.16 is between 0.32 and 0.68, sum=1.04 >= 0.97
[Ticker] KXETH15M-26APR090030-30
[Market] YES=0.07 | NO=0.94 | Sum=1.01
==================================================
Balance: $116.47 | Regime: CHOP | Session: 0W/0L (0%) | PnL: $+0.00
[Confidence] Score=5/10 | strong_edge,coinbase_weak,all3_agree
[Timing] Window 10 min old — skipping
[Cycle] No signal — YES=0.07 is between 0.32 and 0.68, sum=1.01 >= 0.97
[Ticker] KXETH15M-26APR090030-30
[Market] YES=0.03 | NO=0.98 | Sum=1.01
==================================================
Balance: $116.47 | Regime: CHOP | Session: 0W/0L (0%) | PnL: $+0.00
[Confidence] Score=6/10 | extreme_edge,coinbase_weak,all3_agree
[Timing] Window 11 min old — skipping
[Cycle] No signal — YES=0.03 is between 0.32 and 0.68, sum=1.01 >= 0.97
[Ticker] KXETH15M-26APR090030-30
[Market] YES=0.13 | NO=0.90 | Sum=1.03
==================================================
Balance: $116.47 | Regime: CHOP | Session: 0W/0L (0%) | PnL: $+0.00
[Confidence] Score=4/10 | strong_edge,coinbase_weak,2of3_agree
[Timing] Window 12 min old — skipping
[Cycle] No signal — YES=0.13 is between 0.32 and 0.68, sum=1.03 >= 0.97
[Ticker] KXETH15M-26APR090030-30
[Market] YES=0.02 | NO=0.99 | Sum=1.01
==================================================
Balance: $116.47 | Regime: CHOP | Session: 0W/0L (0%) | PnL: $+0.00
[Confidence] Score=6/10 | extreme_edge,coinbase_weak,all3_agree
[Timing] Window 13 min old — skipping
[Cycle] No signal — YES=0.02 is between 0.32 and 0.68, sum=1.01 >= 0.97
[Ticker] KXETH15M-26APR090030-30
[Market] YES=0.00 | NO=1.00 | Sum=1.00
==================================================
Balance: $116.47 | Regime: CHOP | Session: 0W/0L (0%) | PnL: $+0.00
[Confidence] Score=5/10 | extreme_edge,coinbase_weak,2of3_agree
[Timing] Window 14 min old — skipping
[Cycle] No signal — YES=0.00 is between 0.32 and 0.68, sum=1.00 >= 0.97
[Ticker] KXETH15M-26APR090045-45
[Market] YES=0.50 | NO=0.54 | Sum=1.04
==================================================
Balance: $116.47 | Regime: CHOP | Session: 0W/0L (0%) | PnL: $+0.00
[Cycle] No signal — YES=0.50 is between 0.32 and 0.68, sum=1.04 >= 0.97
[Ticker] KXETH15M-26APR090045-45
[Market] YES=0.68 | NO=0.34 | Sum=1.02
==================================================
Balance: $116.47 | Regime: CHOP | Session: 0W/0L (0%) | PnL: $+0.00
[Cycle] No signal — YES=0.68 is between 0.32 and 0.68, sum=1.02 >= 0.97
[Ticker] KXETH15M-26APR090045-45
[Market] YES=0.76 | NO=0.28 | Sum=1.04
==================================================
Balance: $116.47 | Regime: CHOP | Session: 0W/0L (0%) | PnL: $+0.00
[Confidence] Score=2/10 | moderate_edge,coinbase_weak
[Signal] UP candidate | yes=0.76 | waiting (1/2)
[Cycle] No signal — YES=0.76 is between 0.32 and 0.68, sum=1.04 >= 0.97
[Ticker] KXETH15M-26APR090045-45
[Market] YES=0.77 | NO=0.26 | Sum=1.03
==================================================
Balance: $116.47 | Regime: CHOP | Session: 0W/0L (0%) | PnL: $+0.00
[Confidence] Score=2/10 | moderate_edge,coinbase_weak
[Coinbase] Confirms UP | $2180 gap=+2 (0.07%)
[Kraken] Divergence 3150.90% — bet trimmed
[Signal] CONFIRMED UP | yes=0.77 | edge=0.27 | bet=$1.80
[Safety] Balance $116.47 below floor $120.00
🛑 OpenClaw ETH Bot v4.0 halted: Balance $116.47 below floor $120.00

==================================================
OpenClaw ETH Bot v4.0 — LIVE
[Startup] Live balance synced: $116.47
Balance: $116.47 | MaxBet: $0.00 | Threshold: <0.32 or >0.68
==================================================

[Startup] Resting orders cleared
[Ticker] KXETH15M-26APR090045-45
[Market] YES=0.77 | NO=0.26 | Sum=1.03
==================================================
Balance: $116.47 | Regime: CHOP | Session: 0W/0L (0%) | PnL: $+0.00
[Confidence] Score=2/10 | moderate_edge,coinbase_weak
[Signal] UP candidate | yes=0.77 | waiting (1/2)
[Cycle] No signal — YES=0.77 is between 0.32 and 0.68, sum=1.03 >= 0.97
[Ticker] KXETH15M-26APR090045-45
[Market] YES=0.80 | NO=0.22 | Sum=1.02
==================================================
Balance: $116.47 | Regime: CHOP | Session: 0W/0L (0%) | PnL: $+0.00
[Confidence] Score=3/10 | strong_edge,coinbase_weak
[Coinbase] Confirms UP | $2181 gap=+2 (0.11%)
[Kraken] Divergence 3150.07% — bet trimmed
[Signal] CONFIRMED UP | yes=0.80 | edge=0.30 | bet=$1.80
[Safety] Balance $116.47 below floor $120.00
🛑 OpenClaw ETH Bot v4.0 halted: Balance $116.47 below floor $120.00

==================================================
OpenClaw ETH Bot v4.0 — LIVE
[Startup] Live balance synced: $116.47
Balance: $116.47 | MaxBet: $0.00 | Threshold: <0.32 or >0.68
==================================================

[Startup] Resting orders cleared
[Ticker] KXETH15M-26APR090045-45
[Market] YES=0.81 | NO=0.21 | Sum=1.02
==================================================
Balance: $116.47 | Regime: CHOP | Session: 0W/0L (0%) | PnL: $+0.00
[Confidence] Score=3/10 | strong_edge,coinbase_weak
[Signal] UP candidate | yes=0.81 | waiting (1/2)
[Cycle] No signal — YES=0.81 is between 0.32 and 0.68, sum=1.02 >= 0.97
[Ticker] KXETH15M-26APR090045-45
[Market] YES=0.85 | NO=0.17 | Sum=1.02
==================================================
Balance: $116.47 | Regime: CHOP | Session: 0W/0L (0%) | PnL: $+0.00
[Confidence] Score=3/10 | strong_edge,coinbase_weak
[Timing] Window 5 min old — skipping
[Cycle] No signal — YES=0.85 is between 0.32 and 0.68, sum=1.02 >= 0.97
[Ticker] KXETH15M-26APR090045-45
[Market] YES=0.87 | NO=0.20 | Sum=1.07
==================================================
Balance: $116.47 | Regime: CHOP | Session: 0W/0L (0%) | PnL: $+0.00
[Confidence] Score=3/10 | strong_edge,coinbase_weak
[Timing] Window 6 min old — skipping
[Cycle] No signal — YES=0.87 is between 0.32 and 0.68, sum=1.07 >= 0.97
[Ticker] KXETH15M-26APR090045-45
[Market] YES=0.92 | NO=0.11 | Sum=1.03
==================================================
Balance: $116.47 | Regime: CHOP | Session: 0W/0L (0%) | PnL: $+0.00
[Confidence] Score=3/10 | strong_edge,coinbase_weak
[Timing] Window 7 min old — skipping
[Cycle] No signal — YES=0.92 is between 0.32 and 0.68, sum=1.03 >= 0.97
[Ticker] KXETH15M-26APR090045-45
[Market] YES=0.84 | NO=0.18 | Sum=1.02
==================================================
Balance: $116.47 | Regime: CHOP | Session: 0W/0L (0%) | PnL: $+0.00
[Confidence] Score=3/10 | strong_edge,coinbase_weak
[Timing] Window 8 min old — skipping
[Cycle] No signal — YES=0.84 is between 0.32 and 0.68, sum=1.02 >= 0.97
[Ticker] KXETH15M-26APR090045-45
[Market] YES=0.98 | NO=0.04 | Sum=1.02
==================================================
Balance: $116.47 | Regime: CHOP | Session: 0W/0L (0%) | PnL: $+0.00
[Confidence] Score=4/10 | extreme_edge,coinbase_weak
[Timing] Window 9 min old — skipping
[Cycle] No signal — YES=0.98 is between 0.32 and 0.68, sum=1.02 >= 0.97
[Ticker] KXETH15M-26APR090045-45
[Market] YES=0.97 | NO=0.05 | Sum=1.02
==================================================
Balance: $116.47 | Regime: CHOP | Session: 0W/0L (0%) | PnL: $+0.00
[Confidence] Score=4/10 | extreme_edge,coinbase_weak
[Timing] Window 10 min old — skipping
[Cycle] No signal — YES=0.97 is between 0.32 and 0.68, sum=1.02 >= 0.97
[Ticker] KXETH15M-26APR090045-45
[Market] YES=0.98 | NO=0.03 | Sum=1.01
==================================================
Balance: $116.47 | Regime: CHOP | Session: 0W/0L (0%) | PnL: $+0.00
[Confidence] Score=4/10 | extreme_edge,coinbase_weak
[Timing] Window 11 min old — skipping
[Cycle] No signal — YES=0.98 is between 0.32 and 0.68, sum=1.01 >= 0.97
[Ticker] KXETH15M-26APR090045-45
[Market] YES=1.00 | NO=0.01 | Sum=1.00
==================================================
Balance: $116.47 | Regime: CHOP | Session: 0W/0L (0%) | PnL: $+0.00
[Confidence] Score=4/10 | extreme_edge,coinbase_weak
[Timing] Window 12 min old — skipping
[Cycle] No signal — YES=1.00 is between 0.32 and 0.68, sum=1.00 >= 0.97
[Ticker] KXETH15M-26APR090045-45
[Market] YES=1.00 | NO=0.00 | Sum=1.00
==================================================
Balance: $116.47 | Regime: CHOP | Session: 0W/0L (0%) | PnL: $+0.00
[Confidence] Score=4/10 | extreme_edge,coinbase_weak
[Timing] Window 13 min old — skipping
[Cycle] No signal — YES=1.00 is between 0.32 and 0.68, sum=1.00 >= 0.97
[Ticker] KXETH15M-26APR090045-45
[Market] YES=1.00 | NO=0.00 | Sum=1.00
==================================================
Balance: $116.47 | Regime: CHOP | Session: 0W/0L (0%) | PnL: $+0.00
[Confidence] Score=4/10 | extreme_edge,coinbase_weak
[Timing] Window 14 min old — skipping
[Cycle] No signal — YES=1.00 is between 0.32 and 0.68, sum=1.00 >= 0.97
[Ticker] KXETH15M-26APR090100-00
[Market] YES=0.32 | NO=0.70 | Sum=1.02
==================================================
Balance: $116.47 | Regime: CHOP | Session: 0W/0L (0%) | PnL: $+0.00
[Cycle] No signal — YES=0.32 is between 0.32 and 0.68, sum=1.02 >= 0.97
[Ticker] KXETH15M-26APR090100-00
[Market] YES=0.42 | NO=0.62 | Sum=1.04
==================================================
Balance: $116.47 | Regime: CHOP | Session: 0W/0L (0%) | PnL: $+0.00
[Cycle] No signal — YES=0.42 is between 0.32 and 0.68, sum=1.04 >= 0.97
[Ticker] KXETH15M-26APR090100-00
[Market] YES=0.53 | NO=0.50 | Sum=1.03
==================================================
Balance: $116.47 | Regime: CHOP | Session: 0W/0L (0%) | PnL: $+0.00
[Cycle] No signal — YES=0.53 is between 0.32 and 0.68, sum=1.03 >= 0.97
[Ticker] KXETH15M-26APR090100-00
[Market] YES=0.33 | NO=0.72 | Sum=1.05
==================================================
Balance: $116.47 | Regime: CHOP | Session: 0W/0L (0%) | PnL: $+0.00
[Cycle] No signal — YES=0.33 is between 0.32 and 0.68, sum=1.05 >= 0.97
[Ticker] KXETH15M-26APR090100-00
[Market] YES=0.12 | NO=0.91 | Sum=1.03
==================================================
Balance: $116.47 | Regime: CHOP | Session: 0W/0L (0%) | PnL: $+0.00
[Confidence] Score=4/10 | strong_edge,coinbase_weak,2of3_agree
[Signal] DOWN candidate | yes=0.12 | waiting (1/2)
[Cycle] No signal — YES=0.12 is between 0.32 and 0.68, sum=1.03 >= 0.97
[Ticker] KXETH15M-26APR090100-00
[Market] YES=0.08 | NO=0.95 | Sum=1.03
==================================================
Balance: $116.47 | Regime: CHOP | Session: 0W/0L (0%) | PnL: $+0.00
[Confidence] Score=5/10 | strong_edge,coinbase_weak,all3_agree
[Timing] Window 5 min old — skipping
[Cycle] No signal — YES=0.08 is between 0.32 and 0.68, sum=1.03 >= 0.97
[Ticker] KXETH15M-26APR090100-00
[Market] YES=0.13 | NO=0.90 | Sum=1.03
==================================================
Balance: $116.47 | Regime: CHOP | Session: 0W/0L (0%) | PnL: $+0.00
[Confidence] Score=4/10 | strong_edge,coinbase_weak,2of3_agree
[Timing] Window 6 min old — skipping
[Cycle] No signal — YES=0.13 is between 0.32 and 0.68, sum=1.03 >= 0.97
[Ticker] KXETH15M-26APR090100-00
[Market] YES=0.19 | NO=0.85 | Sum=1.04
==================================================
Balance: $116.47 | Regime: CHOP | Session: 0W/0L (0%) | PnL: $+0.00
[Confidence] Score=5/10 | strong_edge,coinbase_weak,all3_agree
[Timing] Window 7 min old — skipping
[Cycle] No signal — YES=0.19 is between 0.32 and 0.68, sum=1.04 >= 0.97
[Ticker] KXETH15M-26APR090100-00
[Market] YES=0.09 | NO=0.92 | Sum=1.01
==================================================
Balance: $116.47 | Regime: CHOP | Session: 0W/0L (0%) | PnL: $+0.00
[Confidence] Score=5/10 | strong_edge,coinbase_weak,all3_agree
[Timing] Window 8 min old — skipping
[Cycle] No signal — YES=0.09 is between 0.32 and 0.68, sum=1.01 >= 0.97
[Ticker] KXETH15M-26APR090100-00
[Market] YES=0.12 | NO=0.91 | Sum=1.03
==================================================
Balance: $116.47 | Regime: CHOP | Session: 0W/0L (0%) | PnL: $+0.00
[Confidence] Score=5/10 | strong_edge,coinbase_weak,all3_agree
[Timing] Window 9 min old — skipping
[Cycle] No signal — YES=0.12 is between 0.32 and 0.68, sum=1.03 >= 0.97
[Ticker] KXETH15M-26APR090100-00
[Market] YES=0.08 | NO=0.93 | Sum=1.01
==================================================
Balance: $116.47 | Regime: CHOP | Session: 0W/0L (0%) | PnL: $+0.00
[Confidence] Score=5/10 | strong_edge,coinbase_weak,all3_agree
[Timing] Window 10 min old — skipping
[Cycle] No signal — YES=0.08 is between 0.32 and 0.68, sum=1.01 >= 0.97
[Ticker] KXETH15M-26APR090100-00
[Market] YES=0.03 | NO=0.99 | Sum=1.02
==================================================
Balance: $116.47 | Regime: CHOP | Session: 0W/0L (0%) | PnL: $+0.00
[Confidence] Score=6/10 | extreme_edge,coinbase_weak,all3_agree
[Timing] Window 11 min old — skipping
[Cycle] No signal — YES=0.03 is between 0.32 and 0.68, sum=1.02 >= 0.97
[Ticker] KXETH15M-26APR090100-00
[Market] YES=0.00 | NO=1.00 | Sum=1.00
==================================================
Balance: $116.47 | Regime: CHOP | Session: 0W/0L (0%) | PnL: $+0.00
[Confidence] Score=6/10 | extreme_edge,coinbase_weak,all3_agree
[Timing] Window 12 min old — skipping
[Cycle] No signal — YES=0.00 is between 0.32 and 0.68, sum=1.00 >= 0.97
[Ticker] KXETH15M-26APR090100-00
[Market] YES=0.01 | NO=1.00 | Sum=1.00
==================================================
Balance: $116.47 | Regime: CHOP | Session: 0W/0L (0%) | PnL: $+0.00
[Confidence] Score=6/10 | extreme_edge,coinbase_weak,all3_agree
[Timing] Window 13 min old — skipping
[Cycle] No signal — YES=0.01 is between 0.32 and 0.68, sum=1.00 >= 0.97
[Ticker] KXETH15M-26APR090100-00
[Market] YES=0.00 | NO=1.00 | Sum=1.00
==================================================
Balance: $116.47 | Regime: CHOP | Session: 0W/0L (0%) | PnL: $+0.00
[Confidence] Score=4/10 | extreme_edge,coinbase_weak
[Timing] Window 14 min old — skipping
[Cycle] No signal — YES=0.00 is between 0.32 and 0.68, sum=1.00 >= 0.97
[Ticker] KXETH15M-26APR090115-15
[Market] YES=0.44 | NO=0.60 | Sum=1.04
==================================================
Balance: $116.47 | Regime: CHOP | Session: 0W/0L (0%) | PnL: $+0.00
[Cycle] No signal — YES=0.44 is between 0.32 and 0.68, sum=1.04 >= 0.97
[Ticker] KXETH15M-26APR090115-15
[Market] YES=0.41 | NO=0.60 | Sum=1.01
==================================================
Balance: $116.47 | Regime: CHOP | Session: 0W/0L (0%) | PnL: $+0.00
[Cycle] No signal — YES=0.41 is between 0.32 and 0.68, sum=1.01 >= 0.97
[Ticker] KXETH15M-26APR090115-15
[Market] YES=0.49 | NO=0.56 | Sum=1.05
==================================================
Balance: $116.47 | Regime: CHOP | Session: 0W/0L (0%) | PnL: $+0.00
[Cycle] No signal — YES=0.49 is between 0.32 and 0.68, sum=1.05 >= 0.97
[Ticker] KXETH15M-26APR090115-15
[Market] YES=0.50 | NO=0.52 | Sum=1.02
==================================================
Balance: $116.47 | Regime: CHOP | Session: 0W/0L (0%) | PnL: $+0.00
[Cycle] No signal — YES=0.50 is between 0.32 and 0.68, sum=1.02 >= 0.97
[Ticker] KXETH15M-26APR090115-15
[Market] YES=0.74 | NO=0.30 | Sum=1.04
==================================================
Balance: $116.47 | Regime: CHOP | Session: 0W/0L (0%) | PnL: $+0.00
[Confidence] Score=2/10 | moderate_edge,coinbase_weak
[Signal] UP candidate | yes=0.74 | waiting (1/2)
[Cycle] No signal — YES=0.74 is between 0.32 and 0.68, sum=1.04 >= 0.97
[Ticker] KXETH15M-26APR090115-15
[Market] YES=0.72 | NO=0.32 | Sum=1.04
==================================================
Balance: $116.47 | Regime: CHOP | Session: 0W/0L (0%) | PnL: $+0.00
[Confidence] Score=2/10 | moderate_edge,coinbase_weak
[Timing] Window 5 min old — skipping
[Cycle] No signal — YES=0.72 is between 0.32 and 0.68, sum=1.04 >= 0.97
[Ticker] KXETH15M-26APR090115-15
[Market] YES=0.64 | NO=0.40 | Sum=1.04
==================================================
Balance: $116.47 | Regime: CHOP | Session: 0W/0L (0%) | PnL: $+0.00
[Cycle] No signal — YES=0.64 is between 0.32 and 0.68, sum=1.04 >= 0.97
[Ticker] KXETH15M-26APR090115-15
[Market] YES=0.73 | NO=0.32 | Sum=1.05
==================================================
Balance: $116.47 | Regime: CHOP | Session: 0W/0L (0%) | PnL: $+0.00
[Confidence] Score=2/10 | moderate_edge,coinbase_weak
[Timing] Window 7 min old — skipping
[Cycle] No signal — YES=0.73 is between 0.32 and 0.68, sum=1.05 >= 0.97
[Ticker] KXETH15M-26APR090115-15
[Market] YES=0.54 | NO=0.51 | Sum=1.05
==================================================
Balance: $116.47 | Regime: CHOP | Session: 0W/0L (0%) | PnL: $+0.00
[Cycle] No signal — YES=0.54 is between 0.32 and 0.68, sum=1.05 >= 0.97
[Ticker] KXETH15M-26APR090115-15
[Market] YES=0.58 | NO=0.43 | Sum=1.01
==================================================
Balance: $116.47 | Regime: CHOP | Session: 0W/0L (0%) | PnL: $+0.00
[Cycle] No signal — YES=0.58 is between 0.32 and 0.68, sum=1.01 >= 0.97
[Ticker] KXETH15M-26APR090115-15
[Market] YES=0.18 | NO=0.86 | Sum=1.04
==================================================
Balance: $116.47 | Regime: CHOP | Session: 0W/0L (0%) | PnL: $+0.00
[Confidence] Score=4/10 | strong_edge,coinbase_weak,2of3_agree
[Timing] Window 10 min old — skipping
[Cycle] No signal — YES=0.18 is between 0.32 and 0.68, sum=1.04 >= 0.97
[Ticker] KXETH15M-26APR090115-15
[Market] YES=0.13 | NO=0.91 | Sum=1.04
==================================================
Balance: $116.47 | Regime: CHOP | Session: 0W/0L (0%) | PnL: $+0.00
[Confidence] Score=4/10 | strong_edge,coinbase_weak,2of3_agree
[Timing] Window 11 min old — skipping
[Cycle] No signal — YES=0.13 is between 0.32 and 0.68, sum=1.04 >= 0.97
[Ticker] KXETH15M-26APR090115-15
[Market] YES=0.39 | NO=0.84 | Sum=1.23
==================================================
Balance: $116.47 | Regime: CHOP | Session: 0W/0L (0%) | PnL: $+0.00
[Cycle] No signal — YES=0.39 is between 0.32 and 0.68, sum=1.23 >= 0.97
[Ticker] KXETH15M-26APR090115-15
[Market] YES=0.03 | NO=0.97 | Sum=1.00
==================================================
Balance: $116.47 | Regime: CHOP | Session: 0W/0L (0%) | PnL: $+0.00
[Confidence] Score=6/10 | extreme_edge,coinbase_weak,all3_agree
[Timing] Window 13 min old — skipping
[Cycle] No signal — YES=0.03 is between 0.32 and 0.68, sum=1.00 >= 0.97
[Ticker] KXETH15M-26APR090115-15
[Market] YES=0.01 | NO=1.00 | Sum=1.01
==================================================
Balance: $116.47 | Regime: CHOP | Session: 0W/0L (0%) | PnL: $+0.00
[Confidence] Score=5/10 | extreme_edge,coinbase_weak,2of3_agree
[Timing] Window 14 min old — skipping
[Cycle] No signal — YES=0.01 is between 0.32 and 0.68, sum=1.01 >= 0.97
[Ticker] KXETH15M-26APR090130-30
[Market] YES=0.59 | NO=0.43 | Sum=1.02
==================================================
Balance: $116.47 | Regime: CHOP | Session: 0W/0L (0%) | PnL: $+0.00
[Cycle] No signal — YES=0.59 is between 0.32 and 0.68, sum=1.02 >= 0.97
[Ticker] KXETH15M-26APR090130-30
[Market] YES=0.74 | NO=0.29 | Sum=1.03
==================================================
Balance: $116.47 | Regime: CHOP | Session: 0W/0L (0%) | PnL: $+0.00
[Confidence] Score=2/10 | moderate_edge,coinbase_weak
[Signal] UP candidate | yes=0.74 | waiting (1/2)
[Cycle] No signal — YES=0.74 is between 0.32 and 0.68, sum=1.03 >= 0.97
[Ticker] KXETH15M-26APR090130-30
[Market] YES=0.55 | NO=0.49 | Sum=1.04
==================================================
Balance: $116.47 | Regime: CHOP | Session: 0W/0L (0%) | PnL: $+0.00
[Cycle] No signal — YES=0.55 is between 0.32 and 0.68, sum=1.04 >= 0.97
[Ticker] KXETH15M-26APR090130-30
[Market] YES=0.50 | NO=0.53 | Sum=1.03
==================================================
Balance: $116.47 | Regime: CHOP | Session: 0W/0L (0%) | PnL: $+0.00
[Cycle] No signal — YES=0.50 is between 0.32 and 0.68, sum=1.03 >= 0.97
[Ticker] KXETH15M-26APR090130-30
[Market] YES=0.85 | NO=0.19 | Sum=1.04
==================================================
Balance: $116.47 | Regime: CHOP | Session: 0W/0L (0%) | PnL: $+0.00
[Confidence] Score=3/10 | strong_edge,coinbase_weak
[Signal] UP candidate | yes=0.85 | waiting (1/2)
[Cycle] No signal — YES=0.85 is between 0.32 and 0.68, sum=1.04 >= 0.97
[Ticker] KXETH15M-26APR090130-30
[Market] YES=0.87 | NO=0.15 | Sum=1.02
==================================================
Balance: $116.47 | Regime: CHOP | Session: 0W/0L (0%) | PnL: $+0.00
[Confidence] Score=3/10 | strong_edge,coinbase_weak
[Timing] Window 5 min old — skipping
[Cycle] No signal — YES=0.87 is between 0.32 and 0.68, sum=1.02 >= 0.97
[Ticker] KXETH15M-26APR090130-30
[Market] YES=0.84 | NO=0.24 | Sum=1.08
==================================================
Balance: $116.47 | Regime: CHOP | Session: 0W/0L (0%) | PnL: $+0.00
[Confidence] Score=3/10 | strong_edge,coinbase_weak
[Timing] Window 6 min old — skipping
[Cycle] No signal — YES=0.84 is between 0.32 and 0.68, sum=1.08 >= 0.97
[Ticker] KXETH15M-26APR090130-30
[Market] YES=0.73 | NO=0.30 | Sum=1.03
==================================================
Balance: $116.47 | Regime: CHOP | Session: 0W/0L (0%) | PnL: $+0.00
[Confidence] Score=2/10 | moderate_edge,coinbase_weak
[Timing] Window 7 min old — skipping
[Cycle] No signal — YES=0.73 is between 0.32 and 0.68, sum=1.03 >= 0.97
[Ticker] KXETH15M-26APR090130-30
[Market] YES=0.84 | NO=0.23 | Sum=1.07
==================================================
Balance: $116.47 | Regime: CHOP | Session: 0W/0L (0%) | PnL: $+0.00
[Confidence] Score=3/10 | strong_edge,coinbase_weak
[Timing] Window 8 min old — skipping
[Cycle] No signal — YES=0.84 is between 0.32 and 0.68, sum=1.07 >= 0.97
[Ticker] KXETH15M-26APR090130-30
[Market] YES=0.90 | NO=0.13 | Sum=1.03
==================================================
Balance: $116.41 | Regime: CHOP | Session: 0W/0L (0%) | PnL: $+0.00
[Confidence] Score=3/10 | strong_edge,coinbase_weak
[Timing] Window 9 min old — skipping
[Cycle] No signal — YES=0.90 is between 0.32 and 0.68, sum=1.03 >= 0.97
[Ticker] KXETH15M-26APR090130-30
[Market] YES=0.95 | NO=0.06 | Sum=1.01
==================================================
Balance: $116.53 | Regime: CHOP | Session: 0W/0L (0%) | PnL: $+0.00
[Confidence] Score=3/10 | strong_edge,coinbase_weak
[Timing] Window 10 min old — skipping
[Cycle] No signal — YES=0.95 is between 0.32 and 0.68, sum=1.01 >= 0.97
[Ticker] KXETH15M-26APR090130-30
[Market] YES=0.98 | NO=0.04 | Sum=1.02
==================================================
Balance: $116.53 | Regime: CHOP | Session: 0W/0L (0%) | PnL: $+0.00
[Confidence] Score=4/10 | extreme_edge,coinbase_weak
[Timing] Window 11 min old — skipping
[Cycle] No signal — YES=0.98 is between 0.32 and 0.68, sum=1.02 >= 0.97
[Ticker] KXETH15M-26APR090130-30
[Market] YES=0.99 | NO=0.01 | Sum=1.00
==================================================
Balance: $116.53 | Regime: CHOP | Session: 0W/0L (0%) | PnL: $+0.00
[Confidence] Score=4/10 | extreme_edge,coinbase_weak
[Timing] Window 12 min old — skipping
[Cycle] No signal — YES=0.99 is between 0.32 and 0.68, sum=1.00 >= 0.97
[Ticker] KXETH15M-26APR090130-30
[Market] YES=1.00 | NO=0.00 | Sum=1.00
==================================================
Balance: $116.53 | Regime: CHOP | Session: 0W/0L (0%) | PnL: $+0.00
[Confidence] Score=4/10 | extreme_edge,coinbase_weak
[Timing] Window 13 min old — skipping
[Cycle] No signal — YES=1.00 is between 0.32 and 0.68, sum=1.00 >= 0.97
[Ticker] KXETH15M-26APR090130-30
[Market] YES=1.00 | NO=0.00 | Sum=1.00
==================================================
Balance: $116.55 | Regime: CHOP | Session: 0W/0L (0%) | PnL: $+0.00
[Confidence] Score=4/10 | extreme_edge,coinbase_weak
[Timing] Window 14 min old — skipping
[Cycle] No signal — YES=1.00 is between 0.32 and 0.68, sum=1.00 >= 0.97
[Ticker] KXETH15M-26APR090145-45
[Market] YES=0.51 | NO=0.50 | Sum=1.01
==================================================
Balance: $116.56 | Regime: CHOP | Session: 0W/0L (0%) | PnL: $+0.00
[Cycle] No signal — YES=0.51 is between 0.32 and 0.68, sum=1.01 >= 0.97
[Ticker] KXETH15M-26APR090145-45
[Market] YES=0.56 | NO=0.46 | Sum=1.02
==================================================
Balance: $116.56 | Regime: CHOP | Session: 0W/0L (0%) | PnL: $+0.00
[Cycle] No signal — YES=0.56 is between 0.32 and 0.68, sum=1.02 >= 0.97
[Ticker] KXETH15M-26APR090145-45
[Market] YES=0.76 | NO=0.26 | Sum=1.02
==================================================
Balance: $116.56 | Regime: CHOP | Session: 0W/0L (0%) | PnL: $+0.00
[Confidence] Score=2/10 | moderate_edge,coinbase_weak
[Signal] UP candidate | yes=0.76 | waiting (1/2)
[Cycle] No signal — YES=0.76 is between 0.32 and 0.68, sum=1.02 >= 0.97
[Ticker] KXETH15M-26APR090145-45
[Market] YES=0.70 | NO=0.31 | Sum=1.01
==================================================
Balance: $116.56 | Regime: CHOP | Session: 0W/0L (0%) | PnL: $+0.00
[Signal] Edge 0.20 below minimum 0.2 — skipping
[Cycle] No signal — YES=0.70 is between 0.32 and 0.68, sum=1.01 >= 0.97
[Ticker] KXETH15M-26APR090145-45
[Market] YES=0.82 | NO=0.23 | Sum=1.05
==================================================
Balance: $116.56 | Regime: CHOP | Session: 0W/0L (0%) | PnL: $+0.00
[Confidence] Score=3/10 | strong_edge,coinbase_weak
[Coinbase] Confirms UP | $2184 gap=+3 (0.13%)
[Kraken] Divergence 3150.34% — bet trimmed
[Correlation] Markets diverging — bet trimmed
[Signal] CONFIRMED UP | yes=0.82 | edge=0.32 | bet=$1.62
[Safety] Balance $116.56 below floor $120.00
🛑 OpenClaw ETH Bot v4.0 halted: Balance $116.56 below floor $120.00

==================================================
OpenClaw ETH Bot v4.0 — LIVE
[Startup] Live balance synced: $116.56
Balance: $116.56 | MaxBet: $0.00 | Threshold: <0.32 or >0.68
==================================================

[Startup] Resting orders cleared
[Ticker] KXETH15M-26APR090145-45
[Market] YES=0.87 | NO=0.17 | Sum=1.04
==================================================
Balance: $116.56 | Regime: CHOP | Session: 0W/0L (0%) | PnL: $+0.00
[Confidence] Score=3/10 | strong_edge,coinbase_weak
[Timing] Window 5 min old — skipping
[Cycle] No signal — YES=0.87 is between 0.32 and 0.68, sum=1.04 >= 0.97
[Ticker] KXETH15M-26APR090145-45
[Market] YES=0.89 | NO=0.14 | Sum=1.03
==================================================
Balance: $116.56 | Regime: CHOP | Session: 0W/0L (0%) | PnL: $+0.00
[Confidence] Score=3/10 | strong_edge,coinbase_weak
[Timing] Window 6 min old — skipping
[Cycle] No signal — YES=0.89 is between 0.32 and 0.68, sum=1.03 >= 0.97
[Ticker] KXETH15M-26APR090145-45
[Market] YES=0.94 | NO=0.09 | Sum=1.03
==================================================
Balance: $116.56 | Regime: CHOP | Session: 0W/0L (0%) | PnL: $+0.00
[Confidence] Score=3/10 | strong_edge,coinbase_weak
[Timing] Window 7 min old — skipping
[Cycle] No signal — YES=0.94 is between 0.32 and 0.68, sum=1.03 >= 0.97
[Ticker] KXETH15M-26APR090145-45
[Market] YES=0.98 | NO=0.04 | Sum=1.01
==================================================
Balance: $116.56 | Regime: CHOP | Session: 0W/0L (0%) | PnL: $+0.00
[Confidence] Score=4/10 | extreme_edge,coinbase_weak
[Timing] Window 8 min old — skipping
[Cycle] No signal — YES=0.98 is between 0.32 and 0.68, sum=1.01 >= 0.97
[Ticker] KXETH15M-26APR090145-45
[Market] YES=0.98 | NO=0.03 | Sum=1.00
==================================================
Balance: $116.56 | Regime: CHOP | Session: 0W/0L (0%) | PnL: $+0.00
[Confidence] Score=4/10 | extreme_edge,coinbase_weak
[Timing] Window 9 min old — skipping
[Cycle] No signal — YES=0.98 is between 0.32 and 0.68, sum=1.00 >= 0.97
[Ticker] KXETH15M-26APR090145-45
[Market] YES=0.99 | NO=0.02 | Sum=1.01
==================================================
Balance: $116.56 | Regime: CHOP | Session: 0W/0L (0%) | PnL: $+0.00
[Confidence] Score=4/10 | extreme_edge,coinbase_weak
[Timing] Window 10 min old — skipping
[Cycle] No signal — YES=0.99 is between 0.32 and 0.68, sum=1.01 >= 0.97
[Ticker] KXETH15M-26APR090145-45
[Market] YES=0.99 | NO=0.02 | Sum=1.01
==================================================
Balance: $116.56 | Regime: CHOP | Session: 0W/0L (0%) | PnL: $+0.00
[Confidence] Score=4/10 | extreme_edge,coinbase_weak
[Timing] Window 11 min old — skipping
[Cycle] No signal — YES=0.99 is between 0.32 and 0.68, sum=1.01 >= 0.97
[Ticker] KXETH15M-26APR090145-45
[Market] YES=0.99 | NO=0.01 | Sum=1.00
==================================================
Balance: $116.56 | Regime: CHOP | Session: 0W/0L (0%) | PnL: $+0.00
[Confidence] Score=4/10 | extreme_edge,coinbase_weak
[Timing] Window 12 min old — skipping
[Cycle] No signal — YES=0.99 is between 0.32 and 0.68, sum=1.00 >= 0.97
[Ticker] KXETH15M-26APR090145-45
[Market] YES=1.00 | NO=0.00 | Sum=1.00
==================================================
Balance: $116.56 | Regime: CHOP | Session: 0W/0L (0%) | PnL: $+0.00
[Confidence] Score=4/10 | extreme_edge,coinbase_weak
[Timing] Window 13 min old — skipping
[Cycle] No signal — YES=1.00 is between 0.32 and 0.68, sum=1.00 >= 0.97
[Ticker] KXETH15M-26APR090145-45
[Market] YES=1.00 | NO=0.00 | Sum=1.00
==================================================
Balance: $116.56 | Regime: CHOP | Session: 0W/0L (0%) | PnL: $+0.00
[Confidence] Score=4/10 | extreme_edge,coinbase_weak
[Timing] Window 14 min old — skipping
[Cycle] No signal — YES=1.00 is between 0.32 and 0.68, sum=1.00 >= 0.97
[Ticker] KXETH15M-26APR090145-45
[Market] YES=1.00 | NO=0.00 | Sum=1.00
==================================================
Balance: $116.56 | Regime: CHOP | Session: 0W/0L (0%) | PnL: $+0.00
[Confidence] Score=4/10 | extreme_edge,coinbase_weak
[Timing] Window 0 min old — skipping
[Cycle] No signal — YES=1.00 is between 0.32 and 0.68, sum=1.00 >= 0.97
[Ticker] KXETH15M-26APR090200-00
[Market] YES=0.37 | NO=0.64 | Sum=1.01
==================================================
Balance: $116.56 | Regime: CHOP | Session: 0W/0L (0%) | PnL: $+0.00
[Cycle] No signal — YES=0.37 is between 0.32 and 0.68, sum=1.01 >= 0.97
[Ticker] KXETH15M-26APR090200-00
[Market] YES=0.30 | NO=0.73 | Sum=1.03
==================================================
Balance: $116.56 | Regime: CHOP | Session: 0W/0L (0%) | PnL: $+0.00
[Confidence] Score=4/10 | moderate_edge,coinbase_weak,all3_agree
[Signal] DOWN candidate | yes=0.30 | waiting (1/2)
[Cycle] No signal — YES=0.30 is between 0.32 and 0.68, sum=1.03 >= 0.97
[Ticker] KXETH15M-26APR090200-00
[Market] YES=0.23 | NO=0.80 | Sum=1.03
==================================================
Balance: $116.56 | Regime: CHOP | Session: 0W/0L (0%) | PnL: $+0.00
[Confidence] Score=4/10 | moderate_edge,coinbase_weak,all3_agree
[Coinbase] Confirms DOWN | $2186 gap=-2 (0.08%)
[Kraken] Divergence 3147.73% — bet trimmed
[Signal] CONFIRMED DOWN | yes=0.23 | edge=0.27 | bet=$1.80
[Safety] Balance $116.56 below floor $120.00
🛑 OpenClaw ETH Bot v4.0 halted: Balance $116.56 below floor $120.00

==================================================
OpenClaw ETH Bot v4.0 — LIVE
[Startup] Live balance synced: $116.56
Balance: $116.56 | MaxBet: $0.00 | Threshold: <0.32 or >0.68
==================================================

[Startup] Resting orders cleared
[Ticker] KXETH15M-26APR090200-00
[Market] YES=0.22 | NO=0.82 | Sum=1.04
==================================================
Balance: $116.56 | Regime: CHOP | Session: 0W/0L (0%) | PnL: $+0.00
[Confidence] Score=4/10 | moderate_edge,coinbase_weak,all3_agree
[Signal] DOWN candidate | yes=0.22 | waiting (1/2)
[Cycle] No signal — YES=0.22 is between 0.32 and 0.68, sum=1.04 >= 0.97
[Ticker] KXETH15M-26APR090200-00
[Market] YES=0.13 | NO=0.92 | Sum=1.05
==================================================
Balance: $116.56 | Regime: CHOP | Session: 0W/0L (0%) | PnL: $+0.00
[Confidence] Score=5/10 | strong_edge,coinbase_weak,all3_agree
[Coinbase] Confirms DOWN | $2185 gap=-3 (0.15%)
[Kraken] Divergence 3148.75% — bet trimmed
[Correlation] All 3 agree — bet boosted
[Signal] CONFIRMED DOWN | yes=0.13 | edge=0.37 | bet=$2.16
[CorrGuard] 2 bots already fired — skipping to avoid correlated loss
[Cycle] No signal — YES=0.13 is between 0.32 and 0.68, sum=1.05 >= 0.97
[Ticker] KXETH15M-26APR090200-00
[Market] YES=0.10 | NO=0.92 | Sum=1.02
==================================================
Balance: $116.56 | Regime: CHOP | Session: 0W/0L (0%) | PnL: $+0.00
[Confidence] Score=5/10 | strong_edge,coinbase_weak,all3_agree
[Timing] Window 5 min old — skipping
[Cycle] No signal — YES=0.10 is between 0.32 and 0.68, sum=1.02 >= 0.97
[Ticker] KXETH15M-26APR090200-00
[Market] YES=0.05 | NO=0.97 | Sum=1.02
==================================================
Balance: $116.56 | Regime: CHOP | Session: 0W/0L (0%) | PnL: $+0.00
[Confidence] Score=6/10 | extreme_edge,coinbase_weak,all3_agree
[Timing] Window 6 min old — skipping
[Cycle] No signal — YES=0.05 is between 0.32 and 0.68, sum=1.02 >= 0.97
[Ticker] KXETH15M-26APR090200-00
[Market] YES=0.04 | NO=0.97 | Sum=1.01
==================================================
Balance: $116.56 | Regime: CHOP | Session: 0W/0L (0%) | PnL: $+0.00
[Confidence] Score=6/10 | extreme_edge,coinbase_weak,all3_agree
[Timing] Window 7 min old — skipping
[Cycle] No signal — YES=0.04 is between 0.32 and 0.68, sum=1.01 >= 0.97
[Ticker] KXETH15M-26APR090200-00
[Market] YES=0.05 | NO=0.98 | Sum=1.03
==================================================
Balance: $116.56 | Regime: CHOP | Session: 0W/0L (0%) | PnL: $+0.00
[Confidence] Score=6/10 | extreme_edge,coinbase_weak,all3_agree
[Timing] Window 8 min old — skipping
[Cycle] No signal — YES=0.05 is between 0.32 and 0.68, sum=1.03 >= 0.97
[Ticker] KXETH15M-26APR090200-00
[Market] YES=0.03 | NO=0.98 | Sum=1.01
==================================================
Balance: $116.56 | Regime: CHOP | Session: 0W/0L (0%) | PnL: $+0.00
[Confidence] Score=6/10 | extreme_edge,coinbase_weak,all3_agree
[Timing] Window 9 min old — skipping
[Cycle] No signal — YES=0.03 is between 0.32 and 0.68, sum=1.01 >= 0.97
[Ticker] KXETH15M-26APR090200-00
[Market] YES=0.02 | NO=0.99 | Sum=1.01
==================================================
Balance: $116.56 | Regime: CHOP | Session: 0W/0L (0%) | PnL: $+0.00
[Confidence] Score=5/10 | extreme_edge,coinbase_weak,2of3_agree
[Timing] Window 10 min old — skipping
[Cycle] No signal — YES=0.02 is between 0.32 and 0.68, sum=1.01 >= 0.97
[Ticker] KXETH15M-26APR090200-00
[Market] YES=0.01 | NO=1.00 | Sum=1.01
==================================================
Balance: $116.56 | Regime: CHOP | Session: 0W/0L (0%) | PnL: $+0.00
[Confidence] Score=5/10 | extreme_edge,coinbase_weak,2of3_agree
[Timing] Window 11 min old — skipping
[Cycle] No signal — YES=0.01 is between 0.32 and 0.68, sum=1.01 >= 0.97
[Ticker] KXETH15M-26APR090200-00
[Market] YES=0.01 | NO=1.00 | Sum=1.00
==================================================
Balance: $116.56 | Regime: CHOP | Session: 0W/0L (0%) | PnL: $+0.00
[Confidence] Score=5/10 | extreme_edge,coinbase_weak,2of3_agree
[Timing] Window 12 min old — skipping
[Cycle] No signal — YES=0.01 is between 0.32 and 0.68, sum=1.00 >= 0.97
[Ticker] KXETH15M-26APR090200-00
[Market] YES=0.01 | NO=1.00 | Sum=1.00
==================================================
Balance: $116.56 | Regime: CHOP | Session: 0W/0L (0%) | PnL: $+0.00
[Confidence] Score=5/10 | extreme_edge,coinbase_weak,2of3_agree
[Timing] Window 13 min old — skipping
[Cycle] No signal — YES=0.01 is between 0.32 and 0.68, sum=1.00 >= 0.97
[Ticker] KXETH15M-26APR090200-00
[Market] YES=0.01 | NO=1.00 | Sum=1.00
==================================================
Balance: $116.56 | Regime: CHOP | Session: 0W/0L (0%) | PnL: $+0.00
[Confidence] Score=6/10 | extreme_edge,coinbase_weak,all3_agree
[Timing] Window 14 min old — skipping
[Cycle] No signal — YES=0.01 is between 0.32 and 0.68, sum=1.00 >= 0.97
[Ticker] KXETH15M-26APR090200-00
[Market] YES=1.00 | NO=1.00 | Sum=2.00
==================================================
Balance: $116.56 | Regime: CHOP | Session: 0W/0L (0%) | PnL: $+0.00
[Confidence] Score=4/10 | extreme_edge,peak_hour
[Timing] Window 0 min old — skipping
[Cycle] No signal — YES=1.00 is between 0.32 and 0.68, sum=2.00 >= 0.97
[Ticker] KXETH15M-26APR090200-00
[Market] YES=1.00 | NO=1.00 | Sum=2.00
==================================================
Balance: $116.56 | Regime: CHOP | Session: 0W/0L (0%) | PnL: $+0.00
[Confidence] Score=4/10 | extreme_edge,peak_hour
[Signal] EXTREME UP | yes=1.00 | edge=0.50 | firing immediately
[Coinbase] Disagrees | $2184 — bet reduced to $2.00
[Kraken] Divergence 3152.91% — bet trimmed
[Correlation] Markets diverging — bet trimmed
[Signal] CONFIRMED UP | yes=1.00 | edge=0.50 | bet=$1.62
[Safety] Balance $116.56 below floor $120.00
🛑 OpenClaw ETH Bot v4.0 halted: Balance $116.56 below floor $120.00

==================================================
OpenClaw ETH Bot v4.0 — LIVE
[Startup] Live balance synced: $116.56
Balance: $116.56 | MaxBet: $11.66 | Threshold: <0.32 or >0.68
==================================================

[Startup] Resting orders cleared
[Ticker] KXETH15M-26APR090200-00
[Market] YES=1.00 | NO=1.00 | Sum=2.00
==================================================
Balance: $116.56 | Regime: CHOP | Session: 0W/0L (0%) | PnL: $+0.00
[Confidence] Score=4/10 | extreme_edge,peak_hour
[Signal] EXTREME UP | yes=1.00 | edge=0.50 | firing immediately
[Coinbase] Disagrees | $2185 — bet reduced to $2.00
[Kraken] Divergence 3151.76% — bet trimmed
[Correlation] 2/3 agree UP
[Signal] CONFIRMED UP | yes=1.00 | edge=0.50 | bet=$1.80
[CorrGuard] 2 bots already fired — skipping to avoid correlated loss
[Cycle] No signal — YES=1.00 is between 0.32 and 0.68, sum=2.00 >= 0.97
[Ticker] KXETH15M-26APR090600-00
[Market] YES=0.00 | NO=1.00 | Sum=1.00
==================================================
Balance: $116.56 | Regime: CHOP | Session: 0W/0L (0%) | PnL: $+0.00
[Confidence] Score=5/10 | extreme_edge,2of3_agree,peak_hour
[Signal] DOWN candidate | yes=0.00 | waiting (1/2)
[Cycle] No signal — YES=0.00 is between 0.32 and 0.68, sum=1.00 >= 0.97
[Ticker] KXETH15M-26APR090600-00
[Market] YES=0.00 | NO=1.00 | Sum=1.00
==================================================
Balance: $116.56 | Regime: CHOP | Session: 0W/0L (0%) | PnL: $+0.00
[Confidence] Score=6/10 | extreme_edge,all3_agree,peak_hour
[Kraken] Divergence 3151.99% — bet trimmed
[Correlation] All 3 agree — bet boosted
[Signal] CONFIRMED DOWN | yes=0.00 | edge=0.50 | bet=$4.40
[CorrGuard] 2 bots already fired — skipping to avoid correlated loss
[Cycle] No signal — YES=0.00 is between 0.32 and 0.68, sum=1.00 >= 0.97
[Ticker] KXETH15M-26APR090600-00
[Market] YES=0.00 | NO=1.00 | Sum=1.00
==================================================
Balance: $116.56 | Regime: CHOP | Session: 0W/0L (0%) | PnL: $+0.00
[Confidence] Score=6/10 | extreme_edge,all3_agree,peak_hour
[Kraken] Divergence 3151.75% — bet trimmed
[Correlation] Markets diverging — bet trimmed
[Signal] CONFIRMED DOWN | yes=0.00 | edge=0.50 | bet=$3.30
[CorrGuard] 2 bots already fired — skipping to avoid correlated loss
[Cycle] No signal — YES=0.00 is between 0.32 and 0.68, sum=1.00 >= 0.97
[Ticker] KXETH15M-26APR090600-00
[Market] YES=0.00 | NO=1.00 | Sum=1.00
==================================================
Balance: $116.56 | Regime: CHOP | Session: 0W/0L (0%) | PnL: $+0.00
[Confidence] Score=6/10 | extreme_edge,all3_agree,peak_hour
[Timing] Window 5 min old — skipping
[Cycle] No signal — YES=0.00 is between 0.32 and 0.68, sum=1.00 >= 0.97
[Ticker] KXETH15M-26APR090600-00
[Market] YES=0.00 | NO=1.00 | Sum=1.00
==================================================
Balance: $116.56 | Regime: CHOP | Session: 0W/0L (0%) | PnL: $+0.00
[Confidence] Score=6/10 | extreme_edge,all3_agree,peak_hour
[Timing] Window 6 min old — skipping
[Cycle] No signal — YES=0.00 is between 0.32 and 0.68, sum=1.00 >= 0.97
[Ticker] KXETH15M-26APR090600-00
[Market] YES=0.00 | NO=1.00 | Sum=1.00
==================================================
Balance: $116.56 | Regime: CHOP | Session: 0W/0L (0%) | PnL: $+0.00
[Confidence] Score=5/10 | extreme_edge,2of3_agree,peak_hour
[Timing] Window 7 min old — skipping
[Cycle] No signal — YES=0.00 is between 0.32 and 0.68, sum=1.00 >= 0.97
[Ticker] KXETH15M-26APR090600-00
[Market] YES=0.00 | NO=1.00 | Sum=1.00
==================================================
Balance: $116.56 | Regime: CHOP | Session: 0W/0L (0%) | PnL: $+0.00
[Confidence] Score=6/10 | extreme_edge,all3_agree,peak_hour
[Timing] Window 8 min old — skipping
[Cycle] No signal — YES=0.00 is between 0.32 and 0.68, sum=1.00 >= 0.97
[Ticker] KXETH15M-26APR090600-00
[Market] YES=0.00 | NO=1.00 | Sum=1.00
==================================================
Balance: $116.56 | Regime: CHOP | Session: 0W/0L (0%) | PnL: $+0.00
[Confidence] Score=6/10 | extreme_edge,all3_agree,peak_hour
[Timing] Window 9 min old — skipping
[Cycle] No signal — YES=0.00 is between 0.32 and 0.68, sum=1.00 >= 0.97
[Ticker] KXETH15M-26APR090600-00
[Market] YES=0.00 | NO=1.00 | Sum=1.00
==================================================
Balance: $116.56 | Regime: CHOP | Session: 0W/0L (0%) | PnL: $+0.00
[Confidence] Score=6/10 | extreme_edge,all3_agree,peak_hour
[Timing] Window 10 min old — skipping
[Cycle] No signal — YES=0.00 is between 0.32 and 0.68, sum=1.00 >= 0.97
[Ticker] KXETH15M-26APR090600-00
[Market] YES=0.00 | NO=1.00 | Sum=1.00
==================================================
Balance: $116.56 | Regime: CHOP | Session: 0W/0L (0%) | PnL: $+0.00
[Confidence] Score=5/10 | extreme_edge,2of3_agree,peak_hour
[Timing] Window 11 min old — skipping
[Cycle] No signal — YES=0.00 is between 0.32 and 0.68, sum=1.00 >= 0.97
[Ticker] KXETH15M-26APR090600-00
[Market] YES=0.00 | NO=1.00 | Sum=1.00
==================================================
Balance: $116.56 | Regime: CHOP | Session: 0W/0L (0%) | PnL: $+0.00
[Confidence] Score=6/10 | extreme_edge,all3_agree,peak_hour
[Timing] Window 12 min old — skipping
[Cycle] No signal — YES=0.00 is between 0.32 and 0.68, sum=1.00 >= 0.97
[Ticker] KXETH15M-26APR090600-00
[Market] YES=0.00 | NO=1.00 | Sum=1.00
==================================================
Balance: $116.56 | Regime: CHOP | Session: 0W/0L (0%) | PnL: $+0.00
[Confidence] Score=6/10 | extreme_edge,all3_agree,peak_hour
[Timing] Window 13 min old — skipping
[Cycle] No signal — YES=0.00 is between 0.32 and 0.68, sum=1.00 >= 0.97
[Ticker] KXETH15M-26APR090600-00
[Market] YES=0.00 | NO=1.00 | Sum=1.00
==================================================
Balance: $116.56 | Regime: CHOP | Session: 0W/0L (0%) | PnL: $+0.00
[Confidence] Score=6/10 | extreme_edge,all3_agree,peak_hour
[Timing] Window 14 min old — skipping
[Cycle] No signal — YES=0.00 is between 0.32 and 0.68, sum=1.00 >= 0.97
[Ticker] KXETH15M-26APR090615-15
[Market] YES=0.00 | NO=1.00 | Sum=1.00
==================================================
Balance: $116.56 | Regime: CHOP | Session: 0W/0L (0%) | PnL: $+0.00
[Confidence] Score=6/10 | extreme_edge,all3_agree,peak_hour
[Timing] Window 0 min old — skipping
[Cycle] No signal — YES=0.00 is between 0.32 and 0.68, sum=1.00 >= 0.97
[Ticker] KXETH15M-26APR090615-15
[Market] YES=0.00 | NO=1.00 | Sum=1.00
==================================================
Balance: $116.56 | Regime: CHOP | Session: 0W/0L (0%) | PnL: $+0.00
[Confidence] Score=6/10 | extreme_edge,all3_agree,peak_hour
[Signal] EXTREME DOWN | yes=0.00 | edge=0.50 | firing immediately
[Kraken] Divergence 3153.60% — bet trimmed
[Correlation] Markets diverging — bet trimmed
[Signal] CONFIRMED DOWN | yes=0.00 | edge=0.50 | bet=$3.30
[Safety] Balance $116.56 below floor $120.00
🛑 OpenClaw ETH Bot v4.0 halted: Balance $116.56 below floor $120.00

==================================================
OpenClaw ETH Bot v4.0 — LIVE
[Startup] Live balance synced: $116.56
Balance: $116.56 | MaxBet: $11.66 | Threshold: <0.32 or >0.68
==================================================

[Startup] Resting orders cleared
[Ticker] KXETH15M-26APR090615-15
[Market] YES=0.00 | NO=1.00 | Sum=1.00
==================================================
Balance: $116.56 | Regime: CHOP | Session: 0W/0L (0%) | PnL: $+0.00
[Confidence] Score=6/10 | extreme_edge,all3_agree,peak_hour
[Signal] EXTREME DOWN | yes=0.00 | edge=0.50 | firing immediately
[Kraken] Divergence 3153.69% — bet trimmed
[Correlation] All 3 agree — bet boosted
[Signal] CONFIRMED DOWN | yes=0.00 | edge=0.50 | bet=$4.40
[CorrGuard] 2 bots already fired — skipping to avoid correlated loss
[Cycle] No signal — YES=0.00 is between 0.32 and 0.68, sum=1.00 >= 0.97
[Ticker] KXETH15M-26APR090615-15
[Market] YES=0.00 | NO=1.00 | Sum=1.00
==================================================
Balance: $116.56 | Regime: CHOP | Session: 0W/0L (0%) | PnL: $+0.00
[Confidence] Score=6/10 | extreme_edge,all3_agree,peak_hour
[Signal] DOWN candidate | yes=0.00 | waiting (1/2)
[Cycle] No signal — YES=0.00 is between 0.32 and 0.68, sum=1.00 >= 0.97
[Ticker] KXETH15M-26APR090615-15
[Market] YES=0.00 | NO=1.00 | Sum=1.00
==================================================
Balance: $116.56 | Regime: CHOP | Session: 0W/0L (0%) | PnL: $+0.00
[Confidence] Score=6/10 | extreme_edge,all3_agree,peak_hour
[Kraken] Divergence 3154.05% — bet trimmed
[Correlation] All 3 agree — bet boosted
[Signal] CONFIRMED DOWN | yes=0.00 | edge=0.50 | bet=$4.40
[Safety] Balance $116.56 below floor $120.00
🛑 OpenClaw ETH Bot v4.0 halted: Balance $116.56 below floor $120.00

==================================================
OpenClaw ETH Bot v4.0 — LIVE
[Startup] Live balance synced: $116.56
Balance: $116.56 | MaxBet: $11.66 | Threshold: <0.32 or >0.68
==================================================

[Startup] Resting orders cleared
[Ticker] KXETH15M-26APR090615-15
[Market] YES=0.00 | NO=1.00 | Sum=1.00
==================================================
Balance: $116.56 | Regime: CHOP | Session: 0W/0L (0%) | PnL: $+0.00
[Confidence] Score=6/10 | extreme_edge,all3_agree,peak_hour
[Signal] DOWN candidate | yes=0.00 | waiting (1/2)
[Cycle] No signal — YES=0.00 is between 0.32 and 0.68, sum=1.00 >= 0.97
[Ticker] KXETH15M-26APR090615-15
[Market] YES=0.00 | NO=1.00 | Sum=1.00
==================================================
Balance: $116.56 | Regime: CHOP | Session: 0W/0L (0%) | PnL: $+0.00
[Confidence] Score=6/10 | extreme_edge,all3_agree,peak_hour
[Kraken] Divergence 3153.55% — bet trimmed
[Correlation] All 3 agree — bet boosted
[Signal] CONFIRMED DOWN | yes=0.00 | edge=0.50 | bet=$4.40
[CorrGuard] 2 bots already fired — skipping to avoid correlated loss
[Cycle] No signal — YES=0.00 is between 0.32 and 0.68, sum=1.00 >= 0.97
[Ticker] KXETH15M-26APR090615-15
[Market] YES=0.00 | NO=1.00 | Sum=1.00
==================================================
Balance: $116.56 | Regime: CHOP | Session: 0W/0L (0%) | PnL: $+0.00
[Confidence] Score=6/10 | extreme_edge,all3_agree,peak_hour
[Timing] Window 5 min old — skipping
[Cycle] No signal — YES=0.00 is between 0.32 and 0.68, sum=1.00 >= 0.97
[Ticker] KXETH15M-26APR090615-15
[Market] YES=0.00 | NO=1.00 | Sum=1.00
==================================================
Balance: $116.56 | Regime: CHOP | Session: 0W/0L (0%) | PnL: $+0.00
[Confidence] Score=6/10 | extreme_edge,all3_agree,peak_hour
[Timing] Window 6 min old — skipping
[Cycle] No signal — YES=0.00 is between 0.32 and 0.68, sum=1.00 >= 0.97
[Ticker] KXETH15M-26APR090615-15
[Market] YES=0.00 | NO=1.00 | Sum=1.00
==================================================
Balance: $116.56 | Regime: CHOP | Session: 0W/0L (0%) | PnL: $+0.00
[Confidence] Score=6/10 | extreme_edge,all3_agree,peak_hour
[Timing] Window 7 min old — skipping
[Cycle] No signal — YES=0.00 is between 0.32 and 0.68, sum=1.00 >= 0.97
[Ticker] KXETH15M-26APR090615-15
[Market] YES=0.00 | NO=1.00 | Sum=1.00
==================================================
Balance: $116.56 | Regime: CHOP | Session: 0W/0L (0%) | PnL: $+0.00
[Confidence] Score=6/10 | extreme_edge,all3_agree,peak_hour
[Timing] Window 8 min old — skipping
[Cycle] No signal — YES=0.00 is between 0.32 and 0.68, sum=1.00 >= 0.97
[Ticker] KXETH15M-26APR090615-15
[Market] YES=0.00 | NO=1.00 | Sum=1.00
==================================================
Balance: $116.56 | Regime: CHOP | Session: 0W/0L (0%) | PnL: $+0.00
[Confidence] Score=5/10 | extreme_edge,2of3_agree,peak_hour
[Timing] Window 9 min old — skipping
[Cycle] No signal — YES=0.00 is between 0.32 and 0.68, sum=1.00 >= 0.97
[Ticker] KXETH15M-26APR090615-15
[Market] YES=0.00 | NO=1.00 | Sum=1.00
==================================================
Balance: $116.56 | Regime: CHOP | Session: 0W/0L (0%) | PnL: $+0.00
[Confidence] Score=6/10 | extreme_edge,all3_agree,peak_hour
[Timing] Window 10 min old — skipping
[Cycle] No signal — YES=0.00 is between 0.32 and 0.68, sum=1.00 >= 0.97
[Ticker] KXETH15M-26APR090615-15
[Market] YES=0.00 | NO=1.00 | Sum=1.00
==================================================
Balance: $116.56 | Regime: CHOP | Session: 0W/0L (0%) | PnL: $+0.00
[Confidence] Score=6/10 | extreme_edge,all3_agree,peak_hour
[Timing] Window 11 min old — skipping
[Cycle] No signal — YES=0.00 is between 0.32 and 0.68, sum=1.00 >= 0.97
[Ticker] KXETH15M-26APR090615-15
[Market] YES=0.00 | NO=1.00 | Sum=1.00
==================================================
Balance: $116.56 | Regime: CHOP | Session: 0W/0L (0%) | PnL: $+0.00
[Confidence] Score=6/10 | extreme_edge,all3_agree,peak_hour
[Timing] Window 12 min old — skipping
[Cycle] No signal — YES=0.00 is between 0.32 and 0.68, sum=1.00 >= 0.97
[Ticker] KXETH15M-26APR090615-15
[Market] YES=0.00 | NO=1.00 | Sum=1.00
==================================================
Balance: $116.56 | Regime: CHOP | Session: 0W/0L (0%) | PnL: $+0.00
[Confidence] Score=6/10 | extreme_edge,all3_agree,peak_hour
[Timing] Window 13 min old — skipping
[Cycle] No signal — YES=0.00 is between 0.32 and 0.68, sum=1.00 >= 0.97
[Ticker] KXETH15M-26APR090615-15
[Market] YES=0.00 | NO=1.00 | Sum=1.00
==================================================
Balance: $116.56 | Regime: CHOP | Session: 0W/0L (0%) | PnL: $+0.00
[Confidence] Score=6/10 | extreme_edge,all3_agree,peak_hour
[Timing] Window 14 min old — skipping
[Cycle] No signal — YES=0.00 is between 0.32 and 0.68, sum=1.00 >= 0.97
[Ticker] KXETH15M-26APR090630-30
[Market] YES=0.00 | NO=1.00 | Sum=1.00
==================================================
Balance: $116.56 | Regime: CHOP | Session: 0W/0L (0%) | PnL: $+0.00
[Confidence] Score=6/10 | extreme_edge,all3_agree,peak_hour
[Timing] Window 0 min old — skipping
[Cycle] No signal — YES=0.00 is between 0.32 and 0.68, sum=1.00 >= 0.97
[Ticker] KXETH15M-26APR090630-30
[Market] YES=0.00 | NO=1.00 | Sum=1.00
==================================================
Balance: $116.56 | Regime: CHOP | Session: 0W/0L (0%) | PnL: $+0.00
[Confidence] Score=6/10 | extreme_edge,all3_agree,peak_hour
[Signal] EXTREME DOWN | yes=0.00 | edge=0.50 | firing immediately
[Kraken] Divergence 3154.45% — bet trimmed
[Correlation] 2/3 agree DOWN
[Signal] CONFIRMED DOWN | yes=0.00 | edge=0.50 | bet=$3.67
[CorrGuard] 2 bots already fired — skipping to avoid correlated loss
[Cycle] No signal — YES=0.00 is between 0.32 and 0.68, sum=1.00 >= 0.97
[Ticker] KXETH15M-26APR090630-30
[Market] YES=0.00 | NO=1.00 | Sum=1.00
==================================================
Balance: $116.56 | Regime: CHOP | Session: 0W/0L (0%) | PnL: $+0.00
[Confidence] Score=6/10 | extreme_edge,all3_agree,peak_hour
[Kraken] Divergence 3154.92% — bet trimmed
[Correlation] All 3 agree — bet boosted
[Signal] CONFIRMED DOWN | yes=0.00 | edge=0.50 | bet=$4.40
[CorrGuard] 2 bots already fired — skipping to avoid correlated loss
[Cycle] No signal — YES=0.00 is between 0.32 and 0.68, sum=1.00 >= 0.97
[Ticker] KXETH15M-26APR090630-30
[Market] YES=0.00 | NO=1.00 | Sum=1.00
==================================================
Balance: $116.56 | Regime: CHOP | Session: 0W/0L (0%) | PnL: $+0.00
[Confidence] Score=6/10 | extreme_edge,all3_agree,peak_hour
[Kraken] Divergence 3153.58% — bet trimmed
[Correlation] 2/3 agree DOWN
[Signal] CONFIRMED DOWN | yes=0.00 | edge=0.50 | bet=$3.67
[Safety] Balance $116.56 below floor $120.00
🛑 OpenClaw ETH Bot v4.0 halted: Balance $116.56 below floor $120.00

==================================================
OpenClaw ETH Bot v4.0 — LIVE
[Startup] Live balance synced: $116.56
Balance: $116.56 | MaxBet: $11.66 | Threshold: <0.32 or >0.68
==================================================

[Startup] Resting orders cleared
[Ticker] KXETH15M-26APR090630-30
[Market] YES=0.00 | NO=1.00 | Sum=1.00
==================================================
Balance: $116.56 | Regime: CHOP | Session: 0W/0L (0%) | PnL: $+0.00
[Confidence] Score=5/10 | extreme_edge,2of3_agree,peak_hour
[Signal] DOWN candidate | yes=0.00 | waiting (1/2)
[Cycle] No signal — YES=0.00 is between 0.32 and 0.68, sum=1.00 >= 0.97
[Ticker] KXETH15M-26APR090630-30
[Market] YES=0.00 | NO=1.00 | Sum=1.00
==================================================
Balance: $116.56 | Regime: CHOP | Session: 0W/0L (0%) | PnL: $+0.00
[Confidence] Score=6/10 | extreme_edge,all3_agree,peak_hour
[Kraken] Divergence 3155.14% — bet trimmed
[Correlation] All 3 agree — bet boosted
[Signal] CONFIRMED DOWN | yes=0.00 | edge=0.50 | bet=$4.40
[CorrGuard] 2 bots already fired — skipping to avoid correlated loss
[Cycle] No signal — YES=0.00 is between 0.32 and 0.68, sum=1.00 >= 0.97
[Ticker] KXETH15M-26APR090630-30
[Market] YES=0.00 | NO=1.00 | Sum=1.00
==================================================
Balance: $116.56 | Regime: CHOP | Session: 0W/0L (0%) | PnL: $+0.00
[Confidence] Score=6/10 | extreme_edge,all3_agree,peak_hour
[Timing] Window 5 min old — skipping
[Cycle] No signal — YES=0.00 is between 0.32 and 0.68, sum=1.00 >= 0.97
[Ticker] KXETH15M-26APR090630-30
[Market] YES=0.00 | NO=1.00 | Sum=1.00
==================================================
Balance: $116.56 | Regime: CHOP | Session: 0W/0L (0%) | PnL: $+0.00
[Confidence] Score=6/10 | extreme_edge,all3_agree,peak_hour
[Timing] Window 6 min old — skipping
[Cycle] No signal — YES=0.00 is between 0.32 and 0.68, sum=1.00 >= 0.97
[Ticker] KXETH15M-26APR090630-30
[Market] YES=0.00 | NO=1.00 | Sum=1.00
==================================================
Balance: $116.56 | Regime: CHOP | Session: 0W/0L (0%) | PnL: $+0.00
[Confidence] Score=5/10 | extreme_edge,2of3_agree,peak_hour
[Timing] Window 7 min old — skipping
[Cycle] No signal — YES=0.00 is between 0.32 and 0.68, sum=1.00 >= 0.97
[Ticker] KXETH15M-26APR090630-30
[Market] YES=0.00 | NO=1.00 | Sum=1.00
==================================================
Balance: $116.56 | Regime: CHOP | Session: 0W/0L (0%) | PnL: $+0.00
[Confidence] Score=4/10 | extreme_edge,peak_hour
[Timing] Window 8 min old — skipping
[Cycle] No signal — YES=0.00 is between 0.32 and 0.68, sum=1.00 >= 0.97
[Ticker] KXETH15M-26APR090630-30
[Market] YES=0.00 | NO=1.00 | Sum=1.00
==================================================
Balance: $116.56 | Regime: CHOP | Session: 0W/0L (0%) | PnL: $+0.00
[Confidence] Score=6/10 | extreme_edge,all3_agree,peak_hour
[Timing] Window 9 min old — skipping
[Cycle] No signal — YES=0.00 is between 0.32 and 0.68, sum=1.00 >= 0.97
[Ticker] KXETH15M-26APR090630-30
[Market] YES=0.00 | NO=1.00 | Sum=1.00
==================================================
Balance: $116.56 | Regime: CHOP | Session: 0W/0L (0%) | PnL: $+0.00
[Confidence] Score=6/10 | extreme_edge,all3_agree,peak_hour
[Timing] Window 10 min old — skipping
[Cycle] No signal — YES=0.00 is between 0.32 and 0.68, sum=1.00 >= 0.97
[Ticker] KXETH15M-26APR090630-30
[Market] YES=0.00 | NO=1.00 | Sum=1.00
==================================================
Balance: $116.56 | Regime: CHOP | Session: 0W/0L (0%) | PnL: $+0.00
[Confidence] Score=6/10 | extreme_edge,all3_agree,peak_hour
[Timing] Window 11 min old — skipping
[Cycle] No signal — YES=0.00 is between 0.32 and 0.68, sum=1.00 >= 0.97
[Ticker] KXETH15M-26APR090630-30
[Market] YES=0.00 | NO=1.00 | Sum=1.00
==================================================
Balance: $116.56 | Regime: CHOP | Session: 0W/0L (0%) | PnL: $+0.00
[Confidence] Score=6/10 | extreme_edge,all3_agree,peak_hour
[Timing] Window 12 min old — skipping
[Cycle] No signal — YES=0.00 is between 0.32 and 0.68, sum=1.00 >= 0.97
[Ticker] KXETH15M-26APR090630-30
[Market] YES=0.00 | NO=1.00 | Sum=1.00
==================================================
Balance: $116.56 | Regime: CHOP | Session: 0W/0L (0%) | PnL: $+0.00
[Confidence] Score=6/10 | extreme_edge,all3_agree,peak_hour
[Timing] Window 13 min old — skipping
[Cycle] No signal — YES=0.00 is between 0.32 and 0.68, sum=1.00 >= 0.97
[Ticker] KXETH15M-26APR090630-30
[Market] YES=0.00 | NO=1.00 | Sum=1.00
==================================================
Balance: $116.56 | Regime: CHOP | Session: 0W/0L (0%) | PnL: $+0.00
[Confidence] Score=6/10 | extreme_edge,all3_agree,peak_hour
[Timing] Window 14 min old — skipping
[Cycle] No signal — YES=0.00 is between 0.32 and 0.68, sum=1.00 >= 0.97
[Ticker] KXETH15M-26APR090645-45
[Market] YES=0.00 | NO=1.00 | Sum=1.00
==================================================
Balance: $116.56 | Regime: CHOP | Session: 0W/0L (0%) | PnL: $+0.00
[Confidence] Score=6/10 | extreme_edge,all3_agree,peak_hour
[Timing] Window 0 min old — skipping
[Cycle] No signal — YES=0.00 is between 0.32 and 0.68, sum=1.00 >= 0.97
[Ticker] KXETH15M-26APR090645-45
[Market] YES=0.00 | NO=1.00 | Sum=1.00
==================================================
Balance: $116.56 | Regime: CHOP | Session: 0W/0L (0%) | PnL: $+0.00
[Confidence] Score=6/10 | extreme_edge,all3_agree,peak_hour
[Signal] EXTREME DOWN | yes=0.00 | edge=0.50 | firing immediately
[Kraken] Divergence 3155.98% — bet trimmed
[Correlation] All 3 agree — bet boosted
[Signal] CONFIRMED DOWN | yes=0.00 | edge=0.50 | bet=$4.40
[CorrGuard] 2 bots already fired — skipping to avoid correlated loss
[Cycle] No signal — YES=0.00 is between 0.32 and 0.68, sum=1.00 >= 0.97
[Ticker] KXETH15M-26APR090645-45
[Market] YES=0.00 | NO=1.00 | Sum=1.00
==================================================
Balance: $116.56 | Regime: CHOP | Session: 0W/0L (0%) | PnL: $+0.00
[Confidence] Score=6/10 | extreme_edge,all3_agree,peak_hour
[Kraken] Divergence 3156.92% — bet trimmed
[Correlation] All 3 agree — bet boosted
[Signal] CONFIRMED DOWN | yes=0.00 | edge=0.50 | bet=$4.40
[CorrGuard] 2 bots already fired — skipping to avoid correlated loss
[Cycle] No signal — YES=0.00 is between 0.32 and 0.68, sum=1.00 >= 0.97
[Ticker] KXETH15M-26APR090645-45
[Market] YES=0.00 | NO=1.00 | Sum=1.00
==================================================
Balance: $116.56 | Regime: CHOP | Session: 0W/0L (0%) | PnL: $+0.00
[Confidence] Score=6/10 | extreme_edge,all3_agree,peak_hour
[Kraken] Divergence 3156.48% — bet trimmed
[Correlation] All 3 agree — bet boosted
[Signal] CONFIRMED DOWN | yes=0.00 | edge=0.50 | bet=$4.40
[Safety] Balance $116.56 below floor $120.00
🛑 OpenClaw ETH Bot v4.0 halted: Balance $116.56 below floor $120.00

==================================================
OpenClaw ETH Bot v4.0 — LIVE
[Startup] Live balance synced: $116.56
Balance: $116.56 | MaxBet: $11.66 | Threshold: <0.32 or >0.68
==================================================

[Startup] Resting orders cleared
[Ticker] KXETH15M-26APR090645-45
[Market] YES=0.00 | NO=1.00 | Sum=1.00
==================================================
Balance: $116.56 | Regime: CHOP | Session: 0W/0L (0%) | PnL: $+0.00
[Confidence] Score=6/10 | extreme_edge,all3_agree,peak_hour
[Signal] DOWN candidate | yes=0.00 | waiting (1/2)
[Cycle] No signal — YES=0.00 is between 0.32 and 0.68, sum=1.00 >= 0.97
[Ticker] KXETH15M-26APR090645-45
[Market] YES=0.00 | NO=1.00 | Sum=1.00
==================================================
Balance: $116.56 | Regime: CHOP | Session: 0W/0L (0%) | PnL: $+0.00
[Confidence] Score=6/10 | extreme_edge,all3_agree,peak_hour
[Timing] Window 5 min old — skipping
[Cycle] No signal — YES=0.00 is between 0.32 and 0.68, sum=1.00 >= 0.97
[Ticker] KXETH15M-26APR090645-45
[Market] YES=0.00 | NO=1.00 | Sum=1.00
==================================================
Balance: $116.56 | Regime: CHOP | Session: 0W/0L (0%) | PnL: $+0.00
[Confidence] Score=6/10 | extreme_edge,all3_agree,peak_hour
[Timing] Window 6 min old — skipping
[Cycle] No signal — YES=0.00 is between 0.32 and 0.68, sum=1.00 >= 0.97
[Ticker] KXETH15M-26APR090645-45
[Market] YES=0.00 | NO=1.00 | Sum=1.00
==================================================
Balance: $116.56 | Regime: CHOP | Session: 0W/0L (0%) | PnL: $+0.00
[Confidence] Score=6/10 | extreme_edge,all3_agree,peak_hour
[Timing] Window 7 min old — skipping
[Cycle] No signal — YES=0.00 is between 0.32 and 0.68, sum=1.00 >= 0.97
[Ticker] KXETH15M-26APR090645-45
[Market] YES=0.00 | NO=1.00 | Sum=1.00
==================================================
Balance: $116.56 | Regime: CHOP | Session: 0W/0L (0%) | PnL: $+0.00
[Confidence] Score=5/10 | extreme_edge,2of3_agree,peak_hour
[Timing] Window 8 min old — skipping
[Cycle] No signal — YES=0.00 is between 0.32 and 0.68, sum=1.00 >= 0.97
[Ticker] KXETH15M-26APR090645-45
[Market] YES=0.00 | NO=1.00 | Sum=1.00
==================================================
Balance: $116.56 | Regime: CHOP | Session: 0W/0L (0%) | PnL: $+0.00
[Confidence] Score=6/10 | extreme_edge,all3_agree,peak_hour
[Timing] Window 9 min old — skipping
[Cycle] No signal — YES=0.00 is between 0.32 and 0.68, sum=1.00 >= 0.97
[Ticker] KXETH15M-26APR090645-45
[Market] YES=0.00 | NO=1.00 | Sum=1.00
==================================================
Balance: $116.56 | Regime: CHOP | Session: 0W/0L (0%) | PnL: $+0.00
[Confidence] Score=6/10 | extreme_edge,all3_agree,peak_hour
[Timing] Window 10 min old — skipping
[Cycle] No signal — YES=0.00 is between 0.32 and 0.68, sum=1.00 >= 0.97
[Ticker] KXETH15M-26APR090645-45
[Market] YES=0.00 | NO=1.00 | Sum=1.00
==================================================
Balance: $116.56 | Regime: CHOP | Session: 0W/0L (0%) | PnL: $+0.00
[Confidence] Score=6/10 | extreme_edge,all3_agree,peak_hour
[Timing] Window 11 min old — skipping
[Cycle] No signal — YES=0.00 is between 0.32 and 0.68, sum=1.00 >= 0.97
[Ticker] KXETH15M-26APR090645-45
[Market] YES=0.00 | NO=1.00 | Sum=1.00
==================================================
Balance: $116.56 | Regime: CHOP | Session: 0W/0L (0%) | PnL: $+0.00
[Confidence] Score=6/10 | extreme_edge,all3_agree,peak_hour
[Timing] Window 12 min old — skipping
[Cycle] No signal — YES=0.00 is between 0.32 and 0.68, sum=1.00 >= 0.97
[Ticker] KXETH15M-26APR090645-45
[Market] YES=0.00 | NO=1.00 | Sum=1.00
==================================================
Balance: $116.56 | Regime: CHOP | Session: 0W/0L (0%) | PnL: $+0.00
[Confidence] Score=6/10 | extreme_edge,all3_agree,peak_hour
[Timing] Window 13 min old — skipping
[Cycle] No signal — YES=0.00 is between 0.32 and 0.68, sum=1.00 >= 0.97
[Ticker] KXETH15M-26APR090645-45
[Market] YES=0.00 | NO=1.00 | Sum=1.00
==================================================
Balance: $116.56 | Regime: CHOP | Session: 0W/0L (0%) | PnL: $+0.00
[Confidence] Score=6/10 | extreme_edge,all3_agree,peak_hour
[Timing] Window 14 min old — skipping
[Cycle] No signal — YES=0.00 is between 0.32 and 0.68, sum=1.00 >= 0.97
[Ticker] KXETH15M-26APR090700-00
[Market] YES=0.00 | NO=1.00 | Sum=1.00
==================================================
Balance: $116.56 | Regime: CHOP | Session: 0W/0L (0%) | PnL: $+0.00
[Confidence] Score=6/10 | extreme_edge,all3_agree,peak_hour
[Timing] Window 0 min old — skipping
[Cycle] No signal — YES=0.00 is between 0.32 and 0.68, sum=1.00 >= 0.97
[Ticker] KXETH15M-26APR090700-00
[Market] YES=0.00 | NO=1.00 | Sum=1.00
==================================================
Balance: $116.56 | Regime: CHOP | Session: 0W/0L (0%) | PnL: $+0.00
[Confidence] Score=6/10 | extreme_edge,all3_agree,peak_hour
[Signal] EXTREME DOWN | yes=0.00 | edge=0.50 | firing immediately
[Kraken] Divergence 3149.87% — bet trimmed
[Correlation] All 3 agree — bet boosted
[Signal] CONFIRMED DOWN | yes=0.00 | edge=0.50 | bet=$4.40
[CorrGuard] 2 bots already fired — skipping to avoid correlated loss
[Cycle] No signal — YES=0.00 is between 0.32 and 0.68, sum=1.00 >= 0.97
[Ticker] KXETH15M-26APR090700-00
[Market] YES=0.00 | NO=1.00 | Sum=1.00
==================================================
Balance: $116.56 | Regime: CHOP | Session: 0W/0L (0%) | PnL: $+0.00
[Confidence] Score=6/10 | extreme_edge,all3_agree,peak_hour
[Kraken] Divergence 3153.29% — bet trimmed
[Correlation] All 3 agree — bet boosted
[Signal] CONFIRMED DOWN | yes=0.00 | edge=0.50 | bet=$4.40
[CorrGuard] 2 bots already fired — skipping to avoid correlated loss
[Cycle] No signal — YES=0.00 is between 0.32 and 0.68, sum=1.00 >= 0.97
[Ticker] KXETH15M-26APR090700-00
[Market] YES=0.00 | NO=1.00 | Sum=1.00
==================================================
Balance: $116.56 | Regime: CHOP | Session: 0W/0L (0%) | PnL: $+0.00
[Confidence] Score=5/10 | extreme_edge,2of3_agree,peak_hour
[Kraken] Divergence 3149.05% — bet trimmed
[Correlation] All 3 agree — bet boosted
[Signal] CONFIRMED DOWN | yes=0.00 | edge=0.50 | bet=$4.40
[Safety] Balance $116.56 below floor $120.00
🛑 OpenClaw ETH Bot v4.0 halted: Balance $116.56 below floor $120.00

==================================================
OpenClaw ETH Bot v4.0 — LIVE
[Startup] Live balance synced: $116.56
Balance: $116.56 | MaxBet: $11.66 | Threshold: <0.32 or >0.68
==================================================

[Startup] Resting orders cleared
[Ticker] KXETH15M-26APR090700-00
[Market] YES=0.00 | NO=1.00 | Sum=1.00
==================================================
Balance: $116.56 | Regime: CHOP | Session: 0W/0L (0%) | PnL: $+0.00
[Confidence] Score=5/10 | extreme_edge,2of3_agree,peak_hour
[Signal] DOWN candidate | yes=0.00 | waiting (1/2)
[Cycle] No signal — YES=0.00 is between 0.32 and 0.68, sum=1.00 >= 0.97
[Ticker] KXETH15M-26APR090700-00
[Market] YES=0.00 | NO=1.00 | Sum=1.00
==================================================
Balance: $116.56 | Regime: CHOP | Session: 0W/0L (0%) | PnL: $+0.00
[Confidence] Score=6/10 | extreme_edge,all3_agree,peak_hour
[Kraken] Divergence 3150.74% — bet trimmed
[Correlation] All 3 agree — bet boosted
[Signal] CONFIRMED DOWN | yes=0.00 | edge=0.50 | bet=$4.40
[CorrGuard] 2 bots already fired — skipping to avoid correlated loss
[Cycle] No signal — YES=0.00 is between 0.32 and 0.68, sum=1.00 >= 0.97
[Ticker] KXETH15M-26APR090700-00
[Market] YES=0.00 | NO=1.00 | Sum=1.00
==================================================
Balance: $116.56 | Regime: CHOP | Session: 0W/0L (0%) | PnL: $+0.00
[Confidence] Score=6/10 | extreme_edge,all3_agree,peak_hour
[Timing] Window 5 min old — skipping
[Cycle] No signal — YES=0.00 is between 0.32 and 0.68, sum=1.00 >= 0.97
[Ticker] KXETH15M-26APR090700-00
[Market] YES=0.00 | NO=1.00 | Sum=1.00
==================================================
Balance: $116.56 | Regime: CHOP | Session: 0W/0L (0%) | PnL: $+0.00
[Confidence] Score=6/10 | extreme_edge,all3_agree,peak_hour
[Timing] Window 6 min old — skipping
[Cycle] No signal — YES=0.00 is between 0.32 and 0.68, sum=1.00 >= 0.97
[Ticker] KXETH15M-26APR090700-00
[Market] YES=0.00 | NO=1.00 | Sum=1.00
==================================================
Balance: $116.56 | Regime: CHOP | Session: 0W/0L (0%) | PnL: $+0.00
[Confidence] Score=6/10 | extreme_edge,all3_agree,peak_hour
[Timing] Window 7 min old — skipping
[Cycle] No signal — YES=0.00 is between 0.32 and 0.68, sum=1.00 >= 0.97
[Ticker] KXETH15M-26APR090700-00
[Market] YES=0.00 | NO=1.00 | Sum=1.00
==================================================
Balance: $116.56 | Regime: CHOP | Session: 0W/0L (0%) | PnL: $+0.00
[Confidence] Score=6/10 | extreme_edge,all3_agree,peak_hour
[Timing] Window 8 min old — skipping
[Cycle] No signal — YES=0.00 is between 0.32 and 0.68, sum=1.00 >= 0.97
[Ticker] KXETH15M-26APR090700-00
[Market] YES=0.00 | NO=1.00 | Sum=1.00
==================================================
Balance: $116.56 | Regime: CHOP | Session: 0W/0L (0%) | PnL: $+0.00
[Confidence] Score=6/10 | extreme_edge,all3_agree,peak_hour
[Timing] Window 9 min old — skipping
[Cycle] No signal — YES=0.00 is between 0.32 and 0.68, sum=1.00 >= 0.97
[Ticker] KXETH15M-26APR090700-00
[Market] YES=0.00 | NO=1.00 | Sum=1.00
==================================================
Balance: $116.56 | Regime: CHOP | Session: 0W/0L (0%) | PnL: $+0.00
[Confidence] Score=6/10 | extreme_edge,all3_agree,peak_hour
[Timing] Window 10 min old — skipping
[Cycle] No signal — YES=0.00 is between 0.32 and 0.68, sum=1.00 >= 0.97
[Market] Could not fetch prices
[Market] Could not fetch prices
[Market] Could not fetch prices
[Market] Could not fetch prices
[Market] Could not fetch prices
[Market] Could not fetch prices
[Market] Could not fetch prices
[Market] Could not fetch prices
[Market] Could not fetch prices
[Market] Could not fetch prices
[Ticker] KXETH15M-26APR090715-15
[Market] YES=0.00 | NO=1.00 | Sum=1.00
==================================================
Balance: $116.56 | Regime: CHOP | Session: 0W/0L (0%) | PnL: $+0.00
[Confidence] Score=5/10 | extreme_edge,2of3_agree,peak_hour
[Timing] Window 6 min old — skipping
[Cycle] No signal — YES=0.00 is between 0.32 and 0.68, sum=1.00 >= 0.97
[Ticker] KXETH15M-26APR090715-15
[Market] YES=0.00 | NO=1.00 | Sum=1.00
==================================================
Balance: $116.56 | Regime: CHOP | Session: 0W/0L (0%) | PnL: $+0.00
[Confidence] Score=6/10 | extreme_edge,all3_agree,peak_hour
[Timing] Window 7 min old — skipping
[Cycle] No signal — YES=0.00 is between 0.32 and 0.68, sum=1.00 >= 0.97
[Ticker] KXETH15M-26APR090715-15
[Market] YES=0.00 | NO=1.00 | Sum=1.00
==================================================
Balance: $116.56 | Regime: CHOP | Session: 0W/0L (0%) | PnL: $+0.00
[Confidence] Score=6/10 | extreme_edge,all3_agree,peak_hour
[Timing] Window 8 min old — skipping
[Cycle] No signal — YES=0.00 is between 0.32 and 0.68, sum=1.00 >= 0.97
[Ticker] KXETH15M-26APR090715-15
[Market] YES=0.00 | NO=1.00 | Sum=1.00
==================================================
Balance: $116.56 | Regime: CHOP | Session: 0W/0L (0%) | PnL: $+0.00
[Confidence] Score=6/10 | extreme_edge,all3_agree,peak_hour
[Timing] Window 9 min old — skipping
[Cycle] No signal — YES=0.00 is between 0.32 and 0.68, sum=1.00 >= 0.97
[Ticker] KXETH15M-26APR090715-15
[Market] YES=0.00 | NO=1.00 | Sum=1.00
==================================================
Balance: $116.56 | Regime: CHOP | Session: 0W/0L (0%) | PnL: $+0.00
[Confidence] Score=6/10 | extreme_edge,all3_agree,peak_hour
[Timing] Window 10 min old — skipping
[Cycle] No signal — YES=0.00 is between 0.32 and 0.68, sum=1.00 >= 0.97
[Ticker] KXETH15M-26APR090715-15
[Market] YES=0.00 | NO=1.00 | Sum=1.00
==================================================
Balance: $116.56 | Regime: CHOP | Session: 0W/0L (0%) | PnL: $+0.00
[Confidence] Score=6/10 | extreme_edge,all3_agree,peak_hour
[Timing] Window 11 min old — skipping
[Cycle] No signal — YES=0.00 is between 0.32 and 0.68, sum=1.00 >= 0.97
[Ticker] KXETH15M-26APR090715-15
[Market] YES=0.00 | NO=1.00 | Sum=1.00
==================================================
Balance: $116.56 | Regime: CHOP | Session: 0W/0L (0%) | PnL: $+0.00
[Confidence] Score=5/10 | extreme_edge,2of3_agree,peak_hour
[Timing] Window 12 min old — skipping
[Cycle] No signal — YES=0.00 is between 0.32 and 0.68, sum=1.00 >= 0.97
[Ticker] KXETH15M-26APR090715-15
[Market] YES=0.00 | NO=1.00 | Sum=1.00
==================================================
Balance: $116.56 | Regime: CHOP | Session: 0W/0L (0%) | PnL: $+0.00
[Confidence] Score=6/10 | extreme_edge,all3_agree,peak_hour
[Timing] Window 13 min old — skipping
[Cycle] No signal — YES=0.00 is between 0.32 and 0.68, sum=1.00 >= 0.97
[Ticker] KXETH15M-26APR090715-15
[Market] YES=0.00 | NO=1.00 | Sum=1.00
==================================================
Balance: $116.56 | Regime: CHOP | Session: 0W/0L (0%) | PnL: $+0.00
[Confidence] Score=6/10 | extreme_edge,all3_agree,peak_hour
[Timing] Window 14 min old — skipping
[Cycle] No signal — YES=0.00 is between 0.32 and 0.68, sum=1.00 >= 0.97
[Ticker] KXETH15M-26APR090730-30
[Market] YES=0.00 | NO=1.00 | Sum=1.00
==================================================
Balance: $116.56 | Regime: CHOP | Session: 0W/0L (0%) | PnL: $+0.00
[Confidence] Score=6/10 | extreme_edge,all3_agree,peak_hour
[Timing] Window 0 min old — skipping
[Cycle] No signal — YES=0.00 is between 0.32 and 0.68, sum=1.00 >= 0.97
[Ticker] KXETH15M-26APR090730-30
[Market] YES=0.00 | NO=1.00 | Sum=1.00
==================================================
Balance: $116.56 | Regime: CHOP | Session: 0W/0L (0%) | PnL: $+0.00
[Confidence] Score=5/10 | extreme_edge,2of3_agree,peak_hour
[Signal] EXTREME DOWN | yes=0.00 | edge=0.50 | firing immediately
[Kraken] Divergence 3153.44% — bet trimmed
[Correlation] All 3 agree — bet boosted
[Signal] CONFIRMED DOWN | yes=0.00 | edge=0.50 | bet=$4.40
[CorrGuard] 2 bots already fired — skipping to avoid correlated loss
[Cycle] No signal — YES=0.00 is between 0.32 and 0.68, sum=1.00 >= 0.97
[Ticker] KXETH15M-26APR090730-30
[Market] YES=0.00 | NO=1.00 | Sum=1.00
==================================================
Balance: $116.56 | Regime: CHOP | Session: 0W/0L (0%) | PnL: $+0.00
[Confidence] Score=6/10 | extreme_edge,all3_agree,peak_hour
[Kraken] Divergence 3153.57% — bet trimmed
[Correlation] 2/3 agree DOWN
[Signal] CONFIRMED DOWN | yes=0.00 | edge=0.50 | bet=$3.67
[CorrGuard] 2 bots already fired — skipping to avoid correlated loss
[Cycle] No signal — YES=0.00 is between 0.32 and 0.68, sum=1.00 >= 0.97
[Ticker] KXETH15M-26APR090730-30
[Market] YES=0.00 | NO=1.00 | Sum=1.00
==================================================
Balance: $116.56 | Regime: CHOP | Session: 0W/0L (0%) | PnL: $+0.00
[Confidence] Score=6/10 | extreme_edge,all3_agree,peak_hour
[Kraken] Divergence 3153.87% — bet trimmed
[Correlation] 2/3 agree DOWN
[Signal] CONFIRMED DOWN | yes=0.00 | edge=0.50 | bet=$3.67
[Safety] Balance $116.56 below floor $120.00
🛑 OpenClaw ETH Bot v4.0 halted: Balance $116.56 below floor $120.00

==================================================
OpenClaw ETH Bot v4.0 — LIVE
[Startup] Live balance synced: $116.56
Balance: $116.56 | MaxBet: $11.66 | Threshold: <0.32 or >0.68
==================================================

[Startup] Resting orders cleared
[Ticker] KXETH15M-26APR090730-30
[Market] YES=0.00 | NO=1.00 | Sum=1.00
==================================================
Balance: $116.56 | Regime: CHOP | Session: 0W/0L (0%) | PnL: $+0.00
[Confidence] Score=6/10 | extreme_edge,all3_agree,peak_hour
[Signal] DOWN candidate | yes=0.00 | waiting (1/2)
[Cycle] No signal — YES=0.00 is between 0.32 and 0.68, sum=1.00 >= 0.97
[Ticker] KXETH15M-26APR090730-30
[Market] YES=0.00 | NO=1.00 | Sum=1.00
==================================================
Balance: $116.56 | Regime: CHOP | Session: 0W/0L (0%) | PnL: $+0.00
[Confidence] Score=5/10 | extreme_edge,2of3_agree,peak_hour
[Kraken] Divergence 3153.58% — bet trimmed
[Correlation] 2/3 agree DOWN
[Signal] CONFIRMED DOWN | yes=0.00 | edge=0.50 | bet=$3.67
[CorrGuard] 2 bots already fired — skipping to avoid correlated loss
[Cycle] No signal — YES=0.00 is between 0.32 and 0.68, sum=1.00 >= 0.97
[Market] Could not fetch prices
[Ticker] closed error: HTTPSConnectionPool(host='api.elections.kalshi.com', port=443): Read timed out. (read timeout=8)
[Ticker] KXETH15M-26APR090730-30
[Market] YES=0.00 | NO=1.00 | Sum=1.00
==================================================
Balance: $116.56 | Regime: CHOP | Session: 0W/0L (0%) | PnL: $+0.00
[Confidence] Score=6/10 | extreme_edge,all3_agree,peak_hour
[Timing] Window 6 min old — skipping
[Cycle] No signal — YES=0.00 is between 0.32 and 0.68, sum=1.00 >= 0.97
[Ticker] KXETH15M-26APR090730-30
[Market] YES=0.00 | NO=1.00 | Sum=1.00
==================================================
Balance: $116.56 | Regime: CHOP | Session: 0W/0L (0%) | PnL: $+0.00
[Confidence] Score=6/10 | extreme_edge,all3_agree,peak_hour
[Timing] Window 7 min old — skipping
[Cycle] No signal — YES=0.00 is between 0.32 and 0.68, sum=1.00 >= 0.97
[Ticker] KXETH15M-26APR090730-30
[Market] YES=0.00 | NO=1.00 | Sum=1.00
==================================================
Balance: $116.56 | Regime: CHOP | Session: 0W/0L (0%) | PnL: $+0.00
[Confidence] Score=6/10 | extreme_edge,all3_agree,peak_hour
[Timing] Window 8 min old — skipping
[Cycle] No signal — YES=0.00 is between 0.32 and 0.68, sum=1.00 >= 0.97
[Ticker] KXETH15M-26APR090730-30
[Market] YES=0.00 | NO=1.00 | Sum=1.00
==================================================
Balance: $116.56 | Regime: CHOP | Session: 0W/0L (0%) | PnL: $+0.00
[Confidence] Score=5/10 | extreme_edge,2of3_agree,peak_hour
[Timing] Window 9 min old — skipping
[Cycle] No signal — YES=0.00 is between 0.32 and 0.68, sum=1.00 >= 0.97
[Ticker] KXETH15M-26APR090730-30
[Market] YES=0.00 | NO=1.00 | Sum=1.00
==================================================
Balance: $116.56 | Regime: CHOP | Session: 0W/0L (0%) | PnL: $+0.00
[Confidence] Score=6/10 | extreme_edge,all3_agree,peak_hour
[Timing] Window 10 min old — skipping
[Cycle] No signal — YES=0.00 is between 0.32 and 0.68, sum=1.00 >= 0.97
[Ticker] KXETH15M-26APR090730-30
[Market] YES=0.00 | NO=1.00 | Sum=1.00
==================================================
Balance: $116.56 | Regime: CHOP | Session: 0W/0L (0%) | PnL: $+0.00
[Confidence] Score=5/10 | extreme_edge,2of3_agree,peak_hour
[Timing] Window 11 min old — skipping
[Cycle] No signal — YES=0.00 is between 0.32 and 0.68, sum=1.00 >= 0.97
[Ticker] KXETH15M-26APR090730-30
[Market] YES=0.00 | NO=1.00 | Sum=1.00
==================================================
Balance: $116.56 | Regime: CHOP | Session: 0W/0L (0%) | PnL: $+0.00
[Confidence] Score=5/10 | extreme_edge,2of3_agree,peak_hour
[Timing] Window 12 min old — skipping
[Cycle] No signal — YES=0.00 is between 0.32 and 0.68, sum=1.00 >= 0.97
[Ticker] KXETH15M-26APR090730-30
[Market] YES=0.00 | NO=1.00 | Sum=1.00
==================================================
Balance: $116.56 | Regime: CHOP | Session: 0W/0L (0%) | PnL: $+0.00
[Confidence] Score=5/10 | extreme_edge,2of3_agree,peak_hour
[Timing] Window 13 min old — skipping
[Cycle] No signal — YES=0.00 is between 0.32 and 0.68, sum=1.00 >= 0.97
[Ticker] KXETH15M-26APR090730-30
[Market] YES=0.00 | NO=1.00 | Sum=1.00
==================================================
Balance: $116.56 | Regime: CHOP | Session: 0W/0L (0%) | PnL: $+0.00
[Confidence] Score=5/10 | extreme_edge,2of3_agree,peak_hour
[Timing] Window 14 min old — skipping
[Cycle] No signal — YES=0.00 is between 0.32 and 0.68, sum=1.00 >= 0.97
[Ticker] KXETH15M-26APR090745-45
[Market] YES=0.00 | NO=1.00 | Sum=1.00
==================================================
Balance: $116.56 | Regime: CHOP | Session: 0W/0L (0%) | PnL: $+0.00
[Confidence] Score=6/10 | extreme_edge,all3_agree,peak_hour
[Timing] Window 0 min old — skipping
[Cycle] No signal — YES=0.00 is between 0.32 and 0.68, sum=1.00 >= 0.97
[Ticker] KXETH15M-26APR090745-45
[Market] YES=0.00 | NO=1.00 | Sum=1.00
==================================================
Balance: $116.56 | Regime: CHOP | Session: 0W/0L (0%) | PnL: $+0.00
[Confidence] Score=5/10 | extreme_edge,2of3_agree,peak_hour
[Signal] EXTREME DOWN | yes=0.00 | edge=0.50 | firing immediately
[Kraken] Divergence 3153.83% — bet trimmed
[Correlation] All 3 agree — bet boosted
[Signal] CONFIRMED DOWN | yes=0.00 | edge=0.50 | bet=$4.40
[Safety] Balance $116.56 below floor $120.00
🛑 OpenClaw ETH Bot v4.0 halted: Balance $116.56 below floor $120.00

==================================================
OpenClaw ETH Bot v4.0 — LIVE
[Startup] Live balance synced: $116.56
Balance: $116.56 | MaxBet: $11.66 | Threshold: <0.32 or >0.68
==================================================

[Startup] Resting orders cleared
[Ticker] KXETH15M-26APR090745-45
[Market] YES=0.00 | NO=1.00 | Sum=1.00
==================================================
Balance: $116.56 | Regime: CHOP | Session: 0W/0L (0%) | PnL: $+0.00
[Confidence] Score=5/10 | extreme_edge,2of3_agree,peak_hour
[Signal] EXTREME DOWN | yes=0.00 | edge=0.50 | firing immediately
[Kraken] Divergence 3154.41% — bet trimmed
[Correlation] All 3 agree — bet boosted
[Signal] CONFIRMED DOWN | yes=0.00 | edge=0.50 | bet=$4.40
[CorrGuard] 2 bots already fired — skipping to avoid correlated loss
[Cycle] No signal — YES=0.00 is between 0.32 and 0.68, sum=1.00 >= 0.97
[Ticker] KXETH15M-26APR090745-45
[Market] YES=0.00 | NO=1.00 | Sum=1.00
==================================================
Balance: $116.56 | Regime: CHOP | Session: 0W/0L (0%) | PnL: $+0.00
[Confidence] Score=5/10 | extreme_edge,2of3_agree,peak_hour
[Signal] DOWN candidate | yes=0.00 | waiting (1/2)
[Cycle] No signal — YES=0.00 is between 0.32 and 0.68, sum=1.00 >= 0.97
[Ticker] KXETH15M-26APR090745-45
[Market] YES=0.00 | NO=1.00 | Sum=1.00
==================================================
Balance: $116.56 | Regime: CHOP | Session: 0W/0L (0%) | PnL: $+0.00
[Confidence] Score=6/10 | extreme_edge,all3_agree,peak_hour
[Kraken] Divergence 3154.46% — bet trimmed
[Correlation] All 3 agree — bet boosted
[Signal] CONFIRMED DOWN | yes=0.00 | edge=0.50 | bet=$4.40
[Safety] Balance $116.56 below floor $120.00
🛑 OpenClaw ETH Bot v4.0 halted: Balance $116.56 below floor $120.00

==================================================
OpenClaw ETH Bot v4.0 — LIVE
[Startup] Live balance synced: $116.56
Balance: $116.56 | MaxBet: $11.66 | Threshold: <0.32 or >0.68
==================================================

[Startup] Resting orders cleared
[Ticker] KXETH15M-26APR090745-45
[Market] YES=0.00 | NO=1.00 | Sum=1.00
==================================================
Balance: $116.56 | Regime: CHOP | Session: 0W/0L (0%) | PnL: $+0.00
[Confidence] Score=6/10 | extreme_edge,all3_agree,peak_hour
[Signal] DOWN candidate | yes=0.00 | waiting (1/2)
[Cycle] No signal — YES=0.00 is between 0.32 and 0.68, sum=1.00 >= 0.97
[Ticker] KXETH15M-26APR090745-45
[Market] YES=0.00 | NO=1.00 | Sum=1.00
==================================================
Balance: $116.56 | Regime: CHOP | Session: 0W/0L (0%) | PnL: $+0.00
[Confidence] Score=5/10 | extreme_edge,2of3_agree,peak_hour
[Kraken] Divergence 3153.49% — bet trimmed
[Correlation] All 3 agree — bet boosted
[Signal] CONFIRMED DOWN | yes=0.00 | edge=0.50 | bet=$4.40
[CorrGuard] 2 bots already fired — skipping to avoid correlated loss
[Cycle] No signal — YES=0.00 is between 0.32 and 0.68, sum=1.00 >= 0.97
[Ticker] KXETH15M-26APR090745-45
[Market] YES=0.00 | NO=1.00 | Sum=1.00
==================================================
Balance: $116.56 | Regime: CHOP | Session: 0W/0L (0%) | PnL: $+0.00
[Confidence] Score=6/10 | extreme_edge,all3_agree,peak_hour
[Timing] Window 5 min old — skipping
[Cycle] No signal — YES=0.00 is between 0.32 and 0.68, sum=1.00 >= 0.97
[Ticker] KXETH15M-26APR090745-45
[Market] YES=0.00 | NO=1.00 | Sum=1.00
==================================================
Balance: $116.56 | Regime: CHOP | Session: 0W/0L (0%) | PnL: $+0.00
[Confidence] Score=5/10 | extreme_edge,2of3_agree,peak_hour
[Timing] Window 6 min old — skipping
[Cycle] No signal — YES=0.00 is between 0.32 and 0.68, sum=1.00 >= 0.97
[Ticker] KXETH15M-26APR090745-45
[Market] YES=0.00 | NO=1.00 | Sum=1.00
==================================================
Balance: $116.56 | Regime: CHOP | Session: 0W/0L (0%) | PnL: $+0.00
[Confidence] Score=6/10 | extreme_edge,all3_agree,peak_hour
[Timing] Window 7 min old — skipping
[Cycle] No signal — YES=0.00 is between 0.32 and 0.68, sum=1.00 >= 0.97
[Ticker] KXETH15M-26APR090745-45
[Market] YES=0.00 | NO=1.00 | Sum=1.00
==================================================
Balance: $116.56 | Regime: CHOP | Session: 0W/0L (0%) | PnL: $+0.00
[Confidence] Score=6/10 | extreme_edge,all3_agree,peak_hour
[Timing] Window 8 min old — skipping
[Cycle] No signal — YES=0.00 is between 0.32 and 0.68, sum=1.00 >= 0.97
[Ticker] KXETH15M-26APR090745-45
[Market] YES=0.00 | NO=1.00 | Sum=1.00
==================================================
Balance: $116.56 | Regime: CHOP | Session: 0W/0L (0%) | PnL: $+0.00
[Confidence] Score=6/10 | extreme_edge,all3_agree,peak_hour
[Timing] Window 9 min old — skipping
[Cycle] No signal — YES=0.00 is between 0.32 and 0.68, sum=1.00 >= 0.97
[Ticker] KXETH15M-26APR090745-45
[Market] YES=0.00 | NO=1.00 | Sum=1.00
==================================================
Balance: $116.56 | Regime: CHOP | Session: 0W/0L (0%) | PnL: $+0.00
[Confidence] Score=6/10 | extreme_edge,all3_agree,peak_hour
[Timing] Window 10 min old — skipping
[Cycle] No signal — YES=0.00 is between 0.32 and 0.68, sum=1.00 >= 0.97
[Ticker] KXETH15M-26APR090745-45
[Market] YES=0.00 | NO=1.00 | Sum=1.00
==================================================
Balance: $116.56 | Regime: CHOP | Session: 0W/0L (0%) | PnL: $+0.00
[Confidence] Score=6/10 | extreme_edge,all3_agree,peak_hour
[Timing] Window 11 min old — skipping
[Cycle] No signal — YES=0.00 is between 0.32 and 0.68, sum=1.00 >= 0.97
[Ticker] KXETH15M-26APR090745-45
[Market] YES=0.00 | NO=1.00 | Sum=1.00
==================================================
Balance: $116.56 | Regime: CHOP | Session: 0W/0L (0%) | PnL: $+0.00
[Confidence] Score=6/10 | extreme_edge,all3_agree,peak_hour
[Timing] Window 12 min old — skipping
[Cycle] No signal — YES=0.00 is between 0.32 and 0.68, sum=1.00 >= 0.97
[Ticker] KXETH15M-26APR090745-45
[Market] YES=0.00 | NO=1.00 | Sum=1.00
==================================================
Balance: $116.56 | Regime: CHOP | Session: 0W/0L (0%) | PnL: $+0.00
[Confidence] Score=4/10 | extreme_edge,peak_hour
[Timing] Window 13 min old — skipping
[Cycle] No signal — YES=0.00 is between 0.32 and 0.68, sum=1.00 >= 0.97
[Ticker] KXETH15M-26APR090745-45
[Market] YES=0.00 | NO=1.00 | Sum=1.00
==================================================
Balance: $116.56 | Regime: CHOP | Session: 0W/0L (0%) | PnL: $+0.00
[Confidence] Score=6/10 | extreme_edge,all3_agree,peak_hour
[Timing] Window 14 min old — skipping
[Cycle] No signal — YES=0.00 is between 0.32 and 0.68, sum=1.00 >= 0.97
[Ticker] KXETH15M-26APR090800-00
[Market] YES=0.00 | NO=1.00 | Sum=1.00
==================================================
Balance: $116.56 | Regime: CHOP | Session: 0W/0L (0%) | PnL: $+0.00
[Confidence] Score=6/10 | extreme_edge,all3_agree,peak_hour
[Timing] Window 0 min old — skipping
[Cycle] No signal — YES=0.00 is between 0.32 and 0.68, sum=1.00 >= 0.97
[Ticker] KXETH15M-26APR090800-00
[Market] YES=0.00 | NO=1.00 | Sum=1.00
==================================================
Balance: $116.56 | Regime: CHOP | Session: 0W/0L (0%) | PnL: $+0.00
[Confidence] Score=6/10 | extreme_edge,all3_agree,peak_hour
[Signal] EXTREME DOWN | yes=0.00 | edge=0.50 | firing immediately
[Kraken] Divergence 3154.96% — bet trimmed
[Correlation] All 3 agree — bet boosted
[Signal] CONFIRMED DOWN | yes=0.00 | edge=0.50 | bet=$4.40
[CorrGuard] 2 bots already fired — skipping to avoid correlated loss
[Cycle] No signal — YES=0.00 is between 0.32 and 0.68, sum=1.00 >= 0.97
[Ticker] KXETH15M-26APR090800-00
[Market] YES=0.00 | NO=1.00 | Sum=1.00
==================================================
Balance: $116.56 | Regime: CHOP | Session: 0W/0L (0%) | PnL: $+0.00
[Confidence] Score=6/10 | extreme_edge,all3_agree,peak_hour
[Kraken] Divergence 3155.20% — bet trimmed
[Correlation] All 3 agree — bet boosted
[Signal] CONFIRMED DOWN | yes=0.00 | edge=0.50 | bet=$4.40
[CorrGuard] 2 bots already fired — skipping to avoid correlated loss
[Cycle] No signal — YES=0.00 is between 0.32 and 0.68, sum=1.00 >= 0.97
[Ticker] KXETH15M-26APR090800-00
[Market] YES=0.00 | NO=1.00 | Sum=1.00
==================================================
Balance: $116.56 | Regime: CHOP | Session: 0W/0L (0%) | PnL: $+0.00
[Confidence] Score=6/10 | extreme_edge,all3_agree,peak_hour
[Kraken] Divergence 3151.90% — bet trimmed
[Correlation] Markets diverging — bet trimmed
[Signal] CONFIRMED DOWN | yes=0.00 | edge=0.50 | bet=$3.30
[Safety] Balance $116.56 below floor $120.00
🛑 OpenClaw ETH Bot v4.0 halted: Balance $116.56 below floor $120.00

==================================================
OpenClaw ETH Bot v4.0 — LIVE
[Startup] Live balance synced: $116.56
Balance: $116.56 | MaxBet: $11.66 | Threshold: <0.32 or >0.68
==================================================

[Startup] Resting orders cleared
[Ticker] KXETH15M-26APR090800-00
[Market] YES=0.00 | NO=1.00 | Sum=1.00
==================================================
Balance: $116.56 | Regime: CHOP | Session: 0W/0L (0%) | PnL: $+0.00
[Confidence] Score=6/10 | extreme_edge,all3_agree,peak_hour
[Signal] DOWN candidate | yes=0.00 | waiting (1/2)
[Cycle] No signal — YES=0.00 is between 0.32 and 0.68, sum=1.00 >= 0.97
[Ticker] KXETH15M-26APR090800-00
[Market] YES=0.00 | NO=1.00 | Sum=1.00
==================================================
Balance: $116.56 | Regime: CHOP | Session: 0W/0L (0%) | PnL: $+0.00
[Confidence] Score=6/10 | extreme_edge,all3_agree,peak_hour
[Timing] Window 5 min old — skipping
[Cycle] No signal — YES=0.00 is between 0.32 and 0.68, sum=1.00 >= 0.97
[Ticker] KXETH15M-26APR090800-00
[Market] YES=0.00 | NO=1.00 | Sum=1.00
==================================================
Balance: $116.56 | Regime: CHOP | Session: 0W/0L (0%) | PnL: $+0.00
[Confidence] Score=6/10 | extreme_edge,all3_agree,peak_hour
[Timing] Window 6 min old — skipping
[Cycle] No signal — YES=0.00 is between 0.32 and 0.68, sum=1.00 >= 0.97
[Ticker] KXETH15M-26APR090800-00
[Market] YES=0.00 | NO=1.00 | Sum=1.00
==================================================
Balance: $116.56 | Regime: CHOP | Session: 0W/0L (0%) | PnL: $+0.00
[Confidence] Score=5/10 | extreme_edge,2of3_agree,peak_hour
[Timing] Window 7 min old — skipping
[Cycle] No signal — YES=0.00 is between 0.32 and 0.68, sum=1.00 >= 0.97
[Ticker] KXETH15M-26APR090800-00
[Market] YES=0.00 | NO=1.00 | Sum=1.00
==================================================
Balance: $116.56 | Regime: CHOP | Session: 0W/0L (0%) | PnL: $+0.00
[Confidence] Score=6/10 | extreme_edge,all3_agree,peak_hour
[Timing] Window 8 min old — skipping
[Cycle] No signal — YES=0.00 is between 0.32 and 0.68, sum=1.00 >= 0.97
[Ticker] KXETH15M-26APR090800-00
[Market] YES=0.00 | NO=1.00 | Sum=1.00
==================================================
Balance: $116.56 | Regime: CHOP | Session: 0W/0L (0%) | PnL: $+0.00
[Confidence] Score=6/10 | extreme_edge,all3_agree,peak_hour
[Timing] Window 9 min old — skipping
[Cycle] No signal — YES=0.00 is between 0.32 and 0.68, sum=1.00 >= 0.97
[Ticker] KXETH15M-26APR090800-00
[Market] YES=0.00 | NO=1.00 | Sum=1.00
==================================================
Balance: $116.56 | Regime: CHOP | Session: 0W/0L (0%) | PnL: $+0.00
[Confidence] Score=5/10 | extreme_edge,2of3_agree,peak_hour
[Timing] Window 10 min old — skipping
[Cycle] No signal — YES=0.00 is between 0.32 and 0.68, sum=1.00 >= 0.97
[Ticker] KXETH15M-26APR090800-00
[Market] YES=0.00 | NO=1.00 | Sum=1.00
==================================================
Balance: $116.56 | Regime: CHOP | Session: 0W/0L (0%) | PnL: $+0.00
[Confidence] Score=6/10 | extreme_edge,all3_agree,peak_hour
[Timing] Window 11 min old — skipping
[Cycle] No signal — YES=0.00 is between 0.32 and 0.68, sum=1.00 >= 0.97
[Ticker] KXETH15M-26APR090800-00
[Market] YES=0.00 | NO=1.00 | Sum=1.00
==================================================
Balance: $116.56 | Regime: CHOP | Session: 0W/0L (0%) | PnL: $+0.00
[Confidence] Score=6/10 | extreme_edge,all3_agree,peak_hour
[Timing] Window 12 min old — skipping
[Cycle] No signal — YES=0.00 is between 0.32 and 0.68, sum=1.00 >= 0.97
[Ticker] KXETH15M-26APR090800-00
[Market] YES=0.00 | NO=1.00 | Sum=1.00
==================================================
Balance: $116.56 | Regime: CHOP | Session: 0W/0L (0%) | PnL: $+0.00
[Confidence] Score=6/10 | extreme_edge,all3_agree,peak_hour
[Timing] Window 13 min old — skipping
[Cycle] No signal — YES=0.00 is between 0.32 and 0.68, sum=1.00 >= 0.97
[Ticker] KXETH15M-26APR090800-00
[Market] YES=0.00 | NO=1.00 | Sum=1.00
==================================================
Balance: $116.56 | Regime: CHOP | Session: 0W/0L (0%) | PnL: $+0.00
[Confidence] Score=5/10 | extreme_edge,2of3_agree,peak_hour
[Timing] Window 14 min old — skipping
[Cycle] No signal — YES=0.00 is between 0.32 and 0.68, sum=1.00 >= 0.97
[Ticker] KXETH15M-26APR090815-15
[Market] YES=0.00 | NO=1.00 | Sum=1.00
==================================================
Balance: $116.56 | Regime: CHOP | Session: 0W/0L (0%) | PnL: $+0.00
[Confidence] Score=6/10 | extreme_edge,all3_agree,peak_hour
[Timing] Window 0 min old — skipping
[Cycle] No signal — YES=0.00 is between 0.32 and 0.68, sum=1.00 >= 0.97
[Ticker] KXETH15M-26APR090815-15
[Market] YES=0.00 | NO=1.00 | Sum=1.00
==================================================
Balance: $116.56 | Regime: CHOP | Session: 0W/0L (0%) | PnL: $+0.00
[Confidence] Score=6/10 | extreme_edge,all3_agree,peak_hour
[Signal] EXTREME DOWN | yes=0.00 | edge=0.50 | firing immediately
[Kraken] Divergence 3156.59% — bet trimmed
[Correlation] All 3 agree — bet boosted
[Signal] CONFIRMED DOWN | yes=0.00 | edge=0.50 | bet=$4.40
[Safety] Balance $116.56 below floor $120.00
🛑 OpenClaw ETH Bot v4.0 halted: Balance $116.56 below floor $120.00

==================================================
OpenClaw ETH Bot v4.0 — LIVE
[Startup] Live balance synced: $116.56
Balance: $116.56 | MaxBet: $11.66 | Threshold: <0.32 or >0.68
==================================================

[Startup] Resting orders cleared
[Ticker] KXETH15M-26APR090815-15
[Market] YES=0.00 | NO=1.00 | Sum=1.00
==================================================
Balance: $116.56 | Regime: CHOP | Session: 0W/0L (0%) | PnL: $+0.00
[Confidence] Score=6/10 | extreme_edge,all3_agree,peak_hour
[Signal] EXTREME DOWN | yes=0.00 | edge=0.50 | firing immediately
[Kraken] Divergence 3157.35% — bet trimmed
[Correlation] All 3 agree — bet boosted
[Signal] CONFIRMED DOWN | yes=0.00 | edge=0.50 | bet=$4.40
[CorrGuard] 2 bots already fired — skipping to avoid correlated loss
[Cycle] No signal — YES=0.00 is between 0.32 and 0.68, sum=1.00 >= 0.97
[Ticker] KXETH15M-26APR090815-15
[Market] YES=0.00 | NO=1.00 | Sum=1.00
==================================================
Balance: $116.56 | Regime: CHOP | Session: 0W/0L (0%) | PnL: $+0.00
[Confidence] Score=6/10 | extreme_edge,all3_agree,peak_hour
[Signal] DOWN candidate | yes=0.00 | waiting (1/2)
[Cycle] No signal — YES=0.00 is between 0.32 and 0.68, sum=1.00 >= 0.97
[Ticker] KXETH15M-26APR090815-15
[Market] YES=0.00 | NO=1.00 | Sum=1.00
==================================================
Balance: $116.56 | Regime: CHOP | Session: 0W/0L (0%) | PnL: $+0.00
[Confidence] Score=6/10 | extreme_edge,all3_agree,peak_hour
[Kraken] Divergence 3157.69% — bet trimmed
[Correlation] 2/3 agree DOWN
[Signal] CONFIRMED DOWN | yes=0.00 | edge=0.50 | bet=$3.67
[CorrGuard] 2 bots already fired — skipping to avoid correlated loss
[Cycle] No signal — YES=0.00 is between 0.32 and 0.68, sum=1.00 >= 0.97
[Ticker] KXETH15M-26APR090815-15
[Market] YES=0.00 | NO=1.00 | Sum=1.00
==================================================
Balance: $116.56 | Regime: CHOP | Session: 0W/0L (0%) | PnL: $+0.00
[Confidence] Score=6/10 | extreme_edge,all3_agree,peak_hour
[Kraken] Divergence 3156.09% — bet trimmed
[Correlation] All 3 agree — bet boosted
[Signal] CONFIRMED DOWN | yes=0.00 | edge=0.50 | bet=$4.40
[CorrGuard] 2 bots already fired — skipping to avoid correlated loss
[Cycle] No signal — YES=0.00 is between 0.32 and 0.68, sum=1.00 >= 0.97
[Ticker] KXETH15M-26APR090815-15
[Market] YES=0.00 | NO=1.00 | Sum=1.00
==================================================
Balance: $116.56 | Regime: CHOP | Session: 0W/0L (0%) | PnL: $+0.00
[Confidence] Score=6/10 | extreme_edge,all3_agree,peak_hour
[Timing] Window 5 min old — skipping
[Cycle] No signal — YES=0.00 is between 0.32 and 0.68, sum=1.00 >= 0.97
[Ticker] KXETH15M-26APR090815-15
[Market] YES=0.00 | NO=1.00 | Sum=1.00
==================================================
Balance: $116.56 | Regime: CHOP | Session: 0W/0L (0%) | PnL: $+0.00
[Confidence] Score=5/10 | extreme_edge,2of3_agree,peak_hour
[Timing] Window 6 min old — skipping
[Cycle] No signal — YES=0.00 is between 0.32 and 0.68, sum=1.00 >= 0.97
[Ticker] KXETH15M-26APR090815-15
[Market] YES=0.00 | NO=1.00 | Sum=1.00
==================================================
Balance: $116.56 | Regime: CHOP | Session: 0W/0L (0%) | PnL: $+0.00
[Confidence] Score=6/10 | extreme_edge,all3_agree,peak_hour
[Timing] Window 7 min old — skipping
[Cycle] No signal — YES=0.00 is between 0.32 and 0.68, sum=1.00 >= 0.97
[Ticker] KXETH15M-26APR090815-15
[Market] YES=0.00 | NO=1.00 | Sum=1.00
==================================================
Balance: $116.56 | Regime: CHOP | Session: 0W/0L (0%) | PnL: $+0.00
[Confidence] Score=6/10 | extreme_edge,all3_agree,peak_hour
[Timing] Window 8 min old — skipping
[Cycle] No signal — YES=0.00 is between 0.32 and 0.68, sum=1.00 >= 0.97
[Ticker] KXETH15M-26APR090815-15
[Market] YES=0.00 | NO=1.00 | Sum=1.00
==================================================
Balance: $116.56 | Regime: CHOP | Session: 0W/0L (0%) | PnL: $+0.00
[Confidence] Score=6/10 | extreme_edge,all3_agree,peak_hour
[Timing] Window 9 min old — skipping
[Cycle] No signal — YES=0.00 is between 0.32 and 0.68, sum=1.00 >= 0.97
[Ticker] KXETH15M-26APR090815-15
[Market] YES=0.00 | NO=1.00 | Sum=1.00
==================================================
Balance: $116.56 | Regime: CHOP | Session: 0W/0L (0%) | PnL: $+0.00
[Confidence] Score=6/10 | extreme_edge,all3_agree,peak_hour
[Timing] Window 10 min old — skipping
[Cycle] No signal — YES=0.00 is between 0.32 and 0.68, sum=1.00 >= 0.97
[Ticker] KXETH15M-26APR090815-15
[Market] YES=0.00 | NO=1.00 | Sum=1.00
==================================================
Balance: $116.56 | Regime: CHOP | Session: 0W/0L (0%) | PnL: $+0.00
[Confidence] Score=5/10 | extreme_edge,2of3_agree,peak_hour
[Timing] Window 11 min old — skipping
[Cycle] No signal — YES=0.00 is between 0.32 and 0.68, sum=1.00 >= 0.97
[Ticker] KXETH15M-26APR090815-15
[Market] YES=0.00 | NO=1.00 | Sum=1.00
==================================================
Balance: $116.56 | Regime: CHOP | Session: 0W/0L (0%) | PnL: $+0.00
[Confidence] Score=6/10 | extreme_edge,all3_agree,peak_hour
[Timing] Window 12 min old — skipping
[Cycle] No signal — YES=0.00 is between 0.32 and 0.68, sum=1.00 >= 0.97
[Ticker] KXETH15M-26APR090815-15
[Market] YES=0.00 | NO=1.00 | Sum=1.00
==================================================
Balance: $116.56 | Regime: CHOP | Session: 0W/0L (0%) | PnL: $+0.00
[Confidence] Score=6/10 | extreme_edge,all3_agree,peak_hour
[Timing] Window 13 min old — skipping
[Cycle] No signal — YES=0.00 is between 0.32 and 0.68, sum=1.00 >= 0.97
[Ticker] KXETH15M-26APR090815-15
[Market] YES=0.00 | NO=1.00 | Sum=1.00
==================================================
Balance: $116.56 | Regime: CHOP | Session: 0W/0L (0%) | PnL: $+0.00
[Confidence] Score=6/10 | extreme_edge,all3_agree,peak_hour
[Timing] Window 14 min old — skipping
[Cycle] No signal — YES=0.00 is between 0.32 and 0.68, sum=1.00 >= 0.97
[Ticker] KXETH15M-26APR090830-30
[Market] YES=0.00 | NO=1.00 | Sum=1.00
==================================================
Balance: $116.56 | Regime: CHOP | Session: 0W/0L (0%) | PnL: $+0.00
[Confidence] Score=6/10 | extreme_edge,all3_agree,peak_hour
[Timing] Window 0 min old — skipping
[Cycle] No signal — YES=0.00 is between 0.32 and 0.68, sum=1.00 >= 0.97
[Ticker] KXETH15M-26APR090830-30
[Market] YES=0.00 | NO=1.00 | Sum=1.00
==================================================
Balance: $116.56 | Regime: CHOP | Session: 0W/0L (0%) | PnL: $+0.00
[Confidence] Score=6/10 | extreme_edge,all3_agree,peak_hour
[Signal] EXTREME DOWN | yes=0.00 | edge=0.50 | firing immediately
[Kraken] Divergence 3155.19% — bet trimmed
[Correlation] All 3 agree — bet boosted
[Signal] CONFIRMED DOWN | yes=0.00 | edge=0.50 | bet=$4.40
[Safety] Balance $116.56 below floor $120.00
🛑 OpenClaw ETH Bot v4.0 halted: Balance $116.56 below floor $120.00

==================================================
OpenClaw ETH Bot v4.0 — LIVE
[Startup] Live balance synced: $116.56
Balance: $116.56 | MaxBet: $11.66 | Threshold: <0.32 or >0.68
==================================================

[Startup] Resting orders cleared
[Ticker] KXETH15M-26APR090830-30
[Market] YES=0.00 | NO=1.00 | Sum=1.00
==================================================
Balance: $116.56 | Regime: CHOP | Session: 0W/0L (0%) | PnL: $+0.00
[Confidence] Score=6/10 | extreme_edge,all3_agree,peak_hour
[Signal] EXTREME DOWN | yes=0.00 | edge=0.50 | firing immediately
[Kraken] Divergence 3156.50% — bet trimmed
[Correlation] All 3 agree — bet boosted
[Signal] CONFIRMED DOWN | yes=0.00 | edge=0.50 | bet=$4.40
[CorrGuard] 2 bots already fired — skipping to avoid correlated loss
[Cycle] No signal — YES=0.00 is between 0.32 and 0.68, sum=1.00 >= 0.97
[Ticker] KXETH15M-26APR090830-30
[Market] YES=0.00 | NO=1.00 | Sum=1.00
==================================================
Balance: $116.56 | Regime: CHOP | Session: 0W/0L (0%) | PnL: $+0.00
[Confidence] Score=6/10 | extreme_edge,all3_agree,peak_hour
[Signal] DOWN candidate | yes=0.00 | waiting (1/2)
[Cycle] No signal — YES=0.00 is between 0.32 and 0.68, sum=1.00 >= 0.97
[Ticker] KXETH15M-26APR090830-30
[Market] YES=0.00 | NO=1.00 | Sum=1.00
==================================================
Balance: $116.56 | Regime: CHOP | Session: 0W/0L (0%) | PnL: $+0.00
[Confidence] Score=6/10 | extreme_edge,all3_agree,peak_hour
[Kraken] Divergence 3155.93% — bet trimmed
[Correlation] All 3 agree — bet boosted
[Signal] CONFIRMED DOWN | yes=0.00 | edge=0.50 | bet=$4.40
[Safety] Balance $116.56 below floor $120.00
🛑 OpenClaw ETH Bot v4.0 halted: Balance $116.56 below floor $120.00

==================================================
OpenClaw ETH Bot v4.0 — LIVE
[Startup] Live balance synced: $116.56
Balance: $116.56 | MaxBet: $11.66 | Threshold: <0.32 or >0.68
==================================================

[Startup] Resting orders cleared
[Ticker] KXETH15M-26APR090830-30
[Market] YES=0.00 | NO=1.00 | Sum=1.00
==================================================
Balance: $116.56 | Regime: CHOP | Session: 0W/0L (0%) | PnL: $+0.00
[Confidence] Score=5/10 | extreme_edge,2of3_agree,peak_hour
[Signal] DOWN candidate | yes=0.00 | waiting (1/2)
[Cycle] No signal — YES=0.00 is between 0.32 and 0.68, sum=1.00 >= 0.97
[Ticker] KXETH15M-26APR090830-30
[Market] YES=0.00 | NO=1.00 | Sum=1.00
==================================================
Balance: $116.56 | Regime: CHOP | Session: 0W/0L (0%) | PnL: $+0.00
[Confidence] Score=5/10 | extreme_edge,2of3_agree,peak_hour
[Kraken] Divergence 3155.84% — bet trimmed
[Correlation] All 3 agree — bet boosted
[Signal] CONFIRMED DOWN | yes=0.00 | edge=0.50 | bet=$4.40
[CorrGuard] 2 bots already fired — skipping to avoid correlated loss
[Cycle] No signal — YES=0.00 is between 0.32 and 0.68, sum=1.00 >= 0.97
[Ticker] KXETH15M-26APR090830-30
[Market] YES=0.00 | NO=1.00 | Sum=1.00
==================================================
Balance: $116.56 | Regime: CHOP | Session: 0W/0L (0%) | PnL: $+0.00
[Confidence] Score=6/10 | extreme_edge,all3_agree,peak_hour
[Timing] Window 5 min old — skipping
[Cycle] No signal — YES=0.00 is between 0.32 and 0.68, sum=1.00 >= 0.97
[Ticker] KXETH15M-26APR090830-30
[Market] YES=0.00 | NO=1.00 | Sum=1.00
==================================================
Balance: $116.56 | Regime: CHOP | Session: 0W/0L (0%) | PnL: $+0.00
[Confidence] Score=6/10 | extreme_edge,all3_agree,peak_hour
[Timing] Window 6 min old — skipping
[Cycle] No signal — YES=0.00 is between 0.32 and 0.68, sum=1.00 >= 0.97
[Ticker] KXETH15M-26APR090830-30
[Market] YES=0.00 | NO=1.00 | Sum=1.00
==================================================
Balance: $116.56 | Regime: CHOP | Session: 0W/0L (0%) | PnL: $+0.00
[Confidence] Score=6/10 | extreme_edge,all3_agree,peak_hour
[Timing] Window 7 min old — skipping
[Cycle] No signal — YES=0.00 is between 0.32 and 0.68, sum=1.00 >= 0.97
[Ticker] KXETH15M-26APR090830-30
[Market] YES=0.00 | NO=1.00 | Sum=1.00
==================================================
Balance: $116.56 | Regime: CHOP | Session: 0W/0L (0%) | PnL: $+0.00
[Confidence] Score=6/10 | extreme_edge,all3_agree,peak_hour
[Timing] Window 8 min old — skipping
[Cycle] No signal — YES=0.00 is between 0.32 and 0.68, sum=1.00 >= 0.97
[Ticker] KXETH15M-26APR090830-30
[Market] YES=0.00 | NO=1.00 | Sum=1.00
==================================================
Balance: $116.56 | Regime: CHOP | Session: 0W/0L (0%) | PnL: $+0.00
[Confidence] Score=6/10 | extreme_edge,all3_agree,peak_hour
[Timing] Window 9 min old — skipping
[Cycle] No signal — YES=0.00 is between 0.32 and 0.68, sum=1.00 >= 0.97
[Ticker] KXETH15M-26APR090830-30
[Market] YES=0.00 | NO=1.00 | Sum=1.00
==================================================
Balance: $116.56 | Regime: CHOP | Session: 0W/0L (0%) | PnL: $+0.00
[Confidence] Score=6/10 | extreme_edge,all3_agree,peak_hour
[Timing] Window 10 min old — skipping
[Cycle] No signal — YES=0.00 is between 0.32 and 0.68, sum=1.00 >= 0.97
[Ticker] KXETH15M-26APR090830-30
[Market] YES=0.00 | NO=1.00 | Sum=1.00
==================================================
Balance: $116.56 | Regime: CHOP | Session: 0W/0L (0%) | PnL: $+0.00
[Confidence] Score=6/10 | extreme_edge,all3_agree,peak_hour
[Timing] Window 11 min old — skipping
[Cycle] No signal — YES=0.00 is between 0.32 and 0.68, sum=1.00 >= 0.97
[Ticker] KXETH15M-26APR090830-30
[Market] YES=0.00 | NO=1.00 | Sum=1.00
==================================================
Balance: $116.56 | Regime: CHOP | Session: 0W/0L (0%) | PnL: $+0.00
[Confidence] Score=6/10 | extreme_edge,all3_agree,peak_hour
[Timing] Window 12 min old — skipping
[Cycle] No signal — YES=0.00 is between 0.32 and 0.68, sum=1.00 >= 0.97
[Ticker] KXETH15M-26APR090830-30
[Market] YES=0.00 | NO=1.00 | Sum=1.00
==================================================
Balance: $116.56 | Regime: CHOP | Session: 0W/0L (0%) | PnL: $+0.00
[Confidence] Score=6/10 | extreme_edge,all3_agree,peak_hour
[Timing] Window 13 min old — skipping
[Cycle] No signal — YES=0.00 is between 0.32 and 0.68, sum=1.00 >= 0.97
[Ticker] KXETH15M-26APR090830-30
[Market] YES=0.00 | NO=1.00 | Sum=1.00
==================================================
Balance: $116.56 | Regime: CHOP | Session: 0W/0L (0%) | PnL: $+0.00
[Confidence] Score=6/10 | extreme_edge,all3_agree,peak_hour
[Timing] Window 14 min old — skipping
[Cycle] No signal — YES=0.00 is between 0.32 and 0.68, sum=1.00 >= 0.97
[Ticker] KXETH15M-26APR090845-45
[Market] YES=0.00 | NO=1.00 | Sum=1.00
==================================================
Balance: $116.56 | Regime: CHOP | Session: 0W/0L (0%) | PnL: $+0.00
[Confidence] Score=6/10 | extreme_edge,all3_agree,peak_hour
[Timing] Window 0 min old — skipping
[Cycle] No signal — YES=0.00 is between 0.32 and 0.68, sum=1.00 >= 0.97
[Ticker] KXETH15M-26APR090845-45
[Market] YES=0.00 | NO=1.00 | Sum=1.00
==================================================
Balance: $116.56 | Regime: CHOP | Session: 0W/0L (0%) | PnL: $+0.00
[Confidence] Score=6/10 | extreme_edge,all3_agree,peak_hour
[Signal] EXTREME DOWN | yes=0.00 | edge=0.50 | firing immediately
[Kraken] Divergence 3154.76% — bet trimmed
[Correlation] 2/3 agree DOWN
[Signal] CONFIRMED DOWN | yes=0.00 | edge=0.50 | bet=$3.67
[CorrGuard] 2 bots already fired — skipping to avoid correlated loss
[Cycle] No signal — YES=0.00 is between 0.32 and 0.68, sum=1.00 >= 0.97
[Ticker] KXETH15M-26APR090845-45
[Market] YES=0.00 | NO=1.00 | Sum=1.00
==================================================
Balance: $116.56 | Regime: CHOP | Session: 0W/0L (0%) | PnL: $+0.00
[Confidence] Score=6/10 | extreme_edge,all3_agree,peak_hour
[Kraken] Divergence 3156.81% — bet trimmed
[Correlation] All 3 agree — bet boosted
[Signal] CONFIRMED DOWN | yes=0.00 | edge=0.50 | bet=$4.40
[CorrGuard] 2 bots already fired — skipping to avoid correlated loss
[Cycle] No signal — YES=0.00 is between 0.32 and 0.68, sum=1.00 >= 0.97
[Ticker] KXETH15M-26APR090845-45
[Market] YES=0.00 | NO=1.00 | Sum=1.00
==================================================
Balance: $116.56 | Regime: CHOP | Session: 0W/0L (0%) | PnL: $+0.00
[Confidence] Score=6/10 | extreme_edge,all3_agree,peak_hour
[Kraken] Divergence 3157.20% — bet trimmed
[Correlation] All 3 agree — bet boosted
[Signal] CONFIRMED DOWN | yes=0.00 | edge=0.50 | bet=$4.40
[Safety] Balance $116.56 below floor $120.00
🛑 OpenClaw ETH Bot v4.0 halted: Balance $116.56 below floor $120.00

==================================================
OpenClaw ETH Bot v4.0 — LIVE
[Startup] Live balance synced: $116.56
Balance: $116.56 | MaxBet: $11.66 | Threshold: <0.32 or >0.68
==================================================

[Startup] Resting orders cleared
[Ticker] KXETH15M-26APR090845-45
[Market] YES=0.00 | NO=1.00 | Sum=1.00
==================================================
Balance: $116.56 | Regime: CHOP | Session: 0W/0L (0%) | PnL: $+0.00
[Confidence] Score=5/10 | extreme_edge,2of3_agree,peak_hour
[Signal] DOWN candidate | yes=0.00 | waiting (1/2)
[Cycle] No signal — YES=0.00 is between 0.32 and 0.68, sum=1.00 >= 0.97
[Ticker] KXETH15M-26APR090845-45
[Market] YES=0.00 | NO=1.00 | Sum=1.00
==================================================
Balance: $116.56 | Regime: CHOP | Session: 0W/0L (0%) | PnL: $+0.00
[Confidence] Score=5/10 | extreme_edge,2of3_agree,peak_hour
[Timing] Window 5 min old — skipping
[Cycle] No signal — YES=0.00 is between 0.32 and 0.68, sum=1.00 >= 0.97
[Ticker] KXETH15M-26APR090845-45
[Market] YES=0.00 | NO=1.00 | Sum=1.00
==================================================
Balance: $116.56 | Regime: CHOP | Session: 0W/0L (0%) | PnL: $+0.00
[Confidence] Score=6/10 | extreme_edge,all3_agree,peak_hour
[Timing] Window 6 min old — skipping
[Cycle] No signal — YES=0.00 is between 0.32 and 0.68, sum=1.00 >= 0.97
[Ticker] KXETH15M-26APR090845-45
[Market] YES=0.00 | NO=1.00 | Sum=1.00
==================================================
Balance: $116.56 | Regime: CHOP | Session: 0W/0L (0%) | PnL: $+0.00
[Confidence] Score=6/10 | extreme_edge,all3_agree,peak_hour
[Timing] Window 7 min old — skipping
[Cycle] No signal — YES=0.00 is between 0.32 and 0.68, sum=1.00 >= 0.97
[Ticker] KXETH15M-26APR090845-45
[Market] YES=0.00 | NO=1.00 | Sum=1.00
==================================================
Balance: $116.56 | Regime: CHOP | Session: 0W/0L (0%) | PnL: $+0.00
[Confidence] Score=6/10 | extreme_edge,all3_agree,peak_hour
[Timing] Window 8 min old — skipping
[Cycle] No signal — YES=0.00 is between 0.32 and 0.68, sum=1.00 >= 0.97
[Ticker] KXETH15M-26APR090845-45
[Market] YES=0.00 | NO=1.00 | Sum=1.00
==================================================
Balance: $116.56 | Regime: CHOP | Session: 0W/0L (0%) | PnL: $+0.00
[Confidence] Score=6/10 | extreme_edge,all3_agree,peak_hour
[Timing] Window 9 min old — skipping
[Cycle] No signal — YES=0.00 is between 0.32 and 0.68, sum=1.00 >= 0.97
[Ticker] KXETH15M-26APR090845-45
[Market] YES=0.00 | NO=1.00 | Sum=1.00
==================================================
Balance: $116.56 | Regime: CHOP | Session: 0W/0L (0%) | PnL: $+0.00
[Confidence] Score=6/10 | extreme_edge,all3_agree,peak_hour
[Timing] Window 10 min old — skipping
[Cycle] No signal — YES=0.00 is between 0.32 and 0.68, sum=1.00 >= 0.97
[Ticker] KXETH15M-26APR090845-45
[Market] YES=0.00 | NO=1.00 | Sum=1.00
==================================================
Balance: $116.56 | Regime: CHOP | Session: 0W/0L (0%) | PnL: $+0.00
[Confidence] Score=6/10 | extreme_edge,all3_agree,peak_hour
[Timing] Window 11 min old — skipping
[Cycle] No signal — YES=0.00 is between 0.32 and 0.68, sum=1.00 >= 0.97
[Ticker] KXETH15M-26APR090845-45
[Market] YES=0.00 | NO=1.00 | Sum=1.00
==================================================
Balance: $116.56 | Regime: CHOP | Session: 0W/0L (0%) | PnL: $+0.00
[Confidence] Score=5/10 | extreme_edge,2of3_agree,peak_hour
[Timing] Window 12 min old — skipping
[Cycle] No signal — YES=0.00 is between 0.32 and 0.68, sum=1.00 >= 0.97
[Ticker] KXETH15M-26APR090845-45
[Market] YES=0.00 | NO=1.00 | Sum=1.00
==================================================
Balance: $116.56 | Regime: CHOP | Session: 0W/0L (0%) | PnL: $+0.00
[Confidence] Score=6/10 | extreme_edge,all3_agree,peak_hour
[Timing] Window 13 min old — skipping
[Cycle] No signal — YES=0.00 is between 0.32 and 0.68, sum=1.00 >= 0.97
[Ticker] KXETH15M-26APR090845-45
[Market] YES=0.00 | NO=1.00 | Sum=1.00
==================================================
Balance: $116.56 | Regime: CHOP | Session: 0W/0L (0%) | PnL: $+0.00
[Confidence] Score=6/10 | extreme_edge,all3_agree,peak_hour
[Timing] Window 14 min old — skipping
[Cycle] No signal — YES=0.00 is between 0.32 and 0.68, sum=1.00 >= 0.97
[Ticker] KXETH15M-26APR090900-00
[Market] YES=0.00 | NO=1.00 | Sum=1.00
==================================================
Balance: $116.56 | Regime: CHOP | Session: 0W/0L (0%) | PnL: $+0.00
[Confidence] Score=6/10 | extreme_edge,all3_agree,peak_hour
[Timing] Window 0 min old — skipping
[Cycle] No signal — YES=0.00 is between 0.32 and 0.68, sum=1.00 >= 0.97
[Ticker] KXETH15M-26APR090515-15
[Market] YES=0.34 | NO=0.67 | Sum=1.01
==================================================
Balance: $116.56 | Regime: CHOP | Session: 0W/0L (0%) | PnL: $+0.00
[Cycle] No signal — YES=0.34 is between 0.32 and 0.68, sum=1.01 >= 0.97
[Ticker] KXETH15M-26APR090515-15
[Market] YES=0.22 | NO=0.79 | Sum=1.01
==================================================
Balance: $116.56 | Regime: CHOP | Session: 0W/0L (0%) | PnL: $+0.00
[Confidence] Score=5/10 | moderate_edge,coinbase_weak,all3_agree,peak_hour
[Signal] DOWN candidate | yes=0.22 | waiting (1/2)
[Cycle] No signal — YES=0.22 is between 0.32 and 0.68, sum=1.01 >= 0.97
[Ticker] KXETH15M-26APR090515-15
[Market] YES=0.14 | NO=0.88 | Sum=1.02
==================================================
Balance: $116.56 | Regime: CHOP | Session: 0W/0L (0%) | PnL: $+0.00
[Confidence] Score=6/10 | strong_edge,coinbase_weak,all3_agree,peak_hour
[Coinbase] Confirms DOWN | $2182 gap=-5 (0.22%)
[Kraken] Divergence 3160.96% — bet trimmed
[Correlation] All 3 agree — bet boosted
[Signal] CONFIRMED DOWN | yes=0.14 | edge=0.36 | bet=$4.40
[Safety] Balance $116.56 below floor $120.00
🛑 OpenClaw ETH Bot v4.0 halted: Balance $116.56 below floor $120.00

==================================================
OpenClaw ETH Bot v4.0 — LIVE
[Startup] Live balance synced: $116.56
Balance: $116.56 | MaxBet: $11.66 | Threshold: <0.32 or >0.68
==================================================

[Startup] Resting orders cleared
[Ticker] KXETH15M-26APR090515-15
[Market] YES=0.13 | NO=0.89 | Sum=1.02
==================================================
Balance: $116.56 | Regime: CHOP | Session: 0W/0L (0%) | PnL: $+0.00
[Confidence] Score=6/10 | strong_edge,coinbase_weak,all3_agree,peak_hour
[Signal] DOWN candidate | yes=0.13 | waiting (1/2)
[Cycle] No signal — YES=0.13 is between 0.32 and 0.68, sum=1.02 >= 0.97
[Ticker] KXETH15M-26APR090515-15
[Market] YES=0.09 | NO=0.92 | Sum=1.01
==================================================
Balance: $116.56 | Regime: CHOP | Session: 0W/0L (0%) | PnL: $+0.00
[Confidence] Score=6/10 | strong_edge,coinbase_weak,all3_agree,peak_hour
[Coinbase] Confirms DOWN | $2181 gap=-5 (0.24%)
[Kraken] Divergence 3161.12% — bet trimmed
[Correlation] All 3 agree — bet boosted
[Signal] CONFIRMED DOWN | yes=0.09 | edge=0.41 | bet=$4.40
[CorrGuard] 2 bots already fired — skipping to avoid correlated loss
[Cycle] No signal — YES=0.09 is between 0.32 and 0.68, sum=1.01 >= 0.97
[Ticker] KXETH15M-26APR090515-15
[Market] YES=0.05 | NO=0.97 | Sum=1.02
==================================================
Balance: $116.56 | Regime: CHOP | Session: 0W/0L (0%) | PnL: $+0.00
[Confidence] Score=7/10 | extreme_edge,coinbase_weak,all3_agree,peak_hour
[Timing] Window 5 min old — skipping
[Cycle] No signal — YES=0.05 is between 0.32 and 0.68, sum=1.02 >= 0.97
[Ticker] KXETH15M-26APR090515-15
[Market] YES=0.03 | NO=0.98 | Sum=1.01
==================================================
Balance: $116.56 | Regime: CHOP | Session: 0W/0L (0%) | PnL: $+0.00
[Confidence] Score=6/10 | extreme_edge,coinbase_weak,2of3_agree,peak_hour
[Timing] Window 6 min old — skipping
[Cycle] No signal — YES=0.03 is between 0.32 and 0.68, sum=1.01 >= 0.97
[Ticker] KXETH15M-26APR090515-15
[Market] YES=0.03 | NO=0.99 | Sum=1.02
==================================================
Balance: $116.56 | Regime: CHOP | Session: 0W/0L (0%) | PnL: $+0.00
[Confidence] Score=7/10 | extreme_edge,coinbase_weak,all3_agree,peak_hour
[Timing] Window 7 min old — skipping
[Cycle] No signal — YES=0.03 is between 0.32 and 0.68, sum=1.02 >= 0.97
[Ticker] KXETH15M-26APR090515-15
[Market] YES=0.03 | NO=0.99 | Sum=1.02
==================================================
Balance: $116.56 | Regime: CHOP | Session: 0W/0L (0%) | PnL: $+0.00
[Confidence] Score=7/10 | extreme_edge,coinbase_weak,all3_agree,peak_hour
[Timing] Window 8 min old — skipping
[Cycle] No signal — YES=0.03 is between 0.32 and 0.68, sum=1.02 >= 0.97
[Ticker] KXETH15M-26APR090515-15
[Market] YES=0.03 | NO=0.99 | Sum=1.02
==================================================
Balance: $116.56 | Regime: CHOP | Session: 0W/0L (0%) | PnL: $+0.00
[Confidence] Score=6/10 | extreme_edge,coinbase_weak,2of3_agree,peak_hour
[Timing] Window 9 min old — skipping
[Cycle] No signal — YES=0.03 is between 0.32 and 0.68, sum=1.02 >= 0.97
[Ticker] KXETH15M-26APR090515-15
[Market] YES=0.03 | NO=0.99 | Sum=1.02
==================================================
Balance: $116.56 | Regime: CHOP | Session: 0W/0L (0%) | PnL: $+0.00
[Confidence] Score=7/10 | extreme_edge,coinbase_weak,all3_agree,peak_hour
[Timing] Window 10 min old — skipping
[Cycle] No signal — YES=0.03 is between 0.32 and 0.68, sum=1.02 >= 0.97
[Ticker] KXETH15M-26APR090515-15
[Market] YES=0.02 | NO=0.99 | Sum=1.01
==================================================
Balance: $116.56 | Regime: CHOP | Session: 0W/0L (0%) | PnL: $+0.00
[Confidence] Score=7/10 | extreme_edge,coinbase_weak,all3_agree,peak_hour
[Timing] Window 11 min old — skipping
[Cycle] No signal — YES=0.02 is between 0.32 and 0.68, sum=1.01 >= 0.97
[Ticker] KXETH15M-26APR090515-15
[Market] YES=0.02 | NO=0.99 | Sum=1.01
==================================================
Balance: $116.56 | Regime: CHOP | Session: 0W/0L (0%) | PnL: $+0.00
[Confidence] Score=7/10 | extreme_edge,coinbase_weak,all3_agree,peak_hour
[Timing] Window 12 min old — skipping
[Cycle] No signal — YES=0.02 is between 0.32 and 0.68, sum=1.01 >= 0.97
[Ticker] KXETH15M-26APR090515-15
[Market] YES=0.01 | NO=1.00 | Sum=1.01
==================================================
Balance: $116.56 | Regime: CHOP | Session: 0W/0L (0%) | PnL: $+0.00
[Confidence] Score=7/10 | extreme_edge,coinbase_weak,all3_agree,peak_hour
[Timing] Window 13 min old — skipping
[Cycle] No signal — YES=0.01 is between 0.32 and 0.68, sum=1.01 >= 0.97
[Ticker] KXETH15M-26APR090515-15
[Market] YES=0.01 | NO=1.00 | Sum=1.00
==================================================
Balance: $116.56 | Regime: CHOP | Session: 0W/0L (0%) | PnL: $+0.00
[Confidence] Score=7/10 | extreme_edge,coinbase_weak,all3_agree,peak_hour
[Timing] Window 14 min old — skipping
[Cycle] No signal — YES=0.01 is between 0.32 and 0.68, sum=1.00 >= 0.97
[Ticker] KXETH15M-26APR090515-15
[Market] YES=1.00 | NO=1.00 | Sum=2.00
==================================================
Balance: $116.56 | Regime: CHOP | Session: 0W/0L (0%) | PnL: $+0.00
[Confidence] Score=4/10 | extreme_edge,peak_hour
[Timing] Window 0 min old — skipping
[Cycle] No signal — YES=1.00 is between 0.32 and 0.68, sum=2.00 >= 0.97
[Ticker] KXETH15M-26APR090530-30
[Market] YES=0.64 | NO=0.37 | Sum=1.01
==================================================
Balance: $116.56 | Regime: CHOP | Session: 0W/0L (0%) | PnL: $+0.00
[Cycle] No signal — YES=0.64 is between 0.32 and 0.68, sum=1.01 >= 0.97
[Ticker] KXETH15M-26APR090530-30
[Market] YES=0.70 | NO=0.33 | Sum=1.03
==================================================
Balance: $116.56 | Regime: CHOP | Session: 0W/0L (0%) | PnL: $+0.00
[Signal] Edge 0.20 below minimum 0.2 — skipping
[Cycle] No signal — YES=0.70 is between 0.32 and 0.68, sum=1.03 >= 0.97
[Ticker] KXETH15M-26APR090530-30
[Market] YES=0.83 | NO=0.20 | Sum=1.03
==================================================
Balance: $116.56 | Regime: CHOP | Session: 0W/0L (0%) | PnL: $+0.00
[Confidence] Score=4/10 | strong_edge,coinbase_weak,peak_hour
[Signal] UP candidate | yes=0.83 | waiting (1/2)
[Cycle] No signal — YES=0.83 is between 0.32 and 0.68, sum=1.03 >= 0.97
[Ticker] KXETH15M-26APR090530-30
[Market] YES=0.89 | NO=0.15 | Sum=1.04
==================================================
Balance: $116.56 | Regime: CHOP | Session: 0W/0L (0%) | PnL: $+0.00
[Confidence] Score=4/10 | strong_edge,coinbase_weak,peak_hour
[Coinbase] Confirms UP | $2186 gap=+3 (0.14%)
[Kraken] Divergence 3166.38% — bet trimmed
[Correlation] 2/3 agree UP
[Signal] CONFIRMED UP | yes=0.89 | edge=0.39 | bet=$3.67
[Safety] Balance $116.56 below floor $120.00
🛑 OpenClaw ETH Bot v4.0 halted: Balance $116.56 below floor $120.00

==================================================
OpenClaw ETH Bot v4.0 — LIVE
[Startup] Live balance synced: $116.56
Balance: $116.56 | MaxBet: $11.66 | Threshold: <0.32 or >0.68
==================================================

[Startup] Resting orders cleared
[Ticker] KXETH15M-26APR090530-30
[Market] YES=0.89 | NO=0.14 | Sum=1.03
==================================================
Balance: $116.56 | Regime: CHOP | Session: 0W/0L (0%) | PnL: $+0.00
[Confidence] Score=4/10 | strong_edge,coinbase_weak,peak_hour
[Signal] UP candidate | yes=0.89 | waiting (1/2)
[Cycle] No signal — YES=0.89 is between 0.32 and 0.68, sum=1.03 >= 0.97
[Ticker] KXETH15M-26APR090530-30
[Market] YES=0.85 | NO=0.18 | Sum=1.03
==================================================
Balance: $116.56 | Regime: CHOP | Session: 0W/0L (0%) | PnL: $+0.00
[Confidence] Score=4/10 | strong_edge,coinbase_weak,peak_hour
[Timing] Window 5 min old — skipping
[Cycle] No signal — YES=0.85 is between 0.32 and 0.68, sum=1.03 >= 0.97
[Ticker] KXETH15M-26APR090530-30
[Market] YES=0.73 | NO=0.30 | Sum=1.03
==================================================
Balance: $116.56 | Regime: CHOP | Session: 0W/0L (0%) | PnL: $+0.00
[Confidence] Score=3/10 | moderate_edge,coinbase_weak,peak_hour
[Timing] Window 6 min old — skipping
[Cycle] No signal — YES=0.73 is between 0.32 and 0.68, sum=1.03 >= 0.97
[Ticker] KXETH15M-26APR090530-30
[Market] YES=0.71 | NO=0.33 | Sum=1.04
==================================================
Balance: $116.56 | Regime: CHOP | Session: 0W/0L (0%) | PnL: $+0.00
[Confidence] Score=3/10 | moderate_edge,coinbase_weak,peak_hour
[Timing] Window 7 min old — skipping
[Cycle] No signal — YES=0.71 is between 0.32 and 0.68, sum=1.04 >= 0.97
[Ticker] KXETH15M-26APR090530-30
[Market] YES=0.78 | NO=0.26 | Sum=1.04
==================================================
Balance: $116.56 | Regime: CHOP | Session: 0W/0L (0%) | PnL: $+0.00
[Confidence] Score=3/10 | moderate_edge,coinbase_weak,peak_hour
[Timing] Window 8 min old — skipping
[Cycle] No signal — YES=0.78 is between 0.32 and 0.68, sum=1.04 >= 0.97
[Ticker] KXETH15M-26APR090530-30
[Market] YES=0.81 | NO=0.22 | Sum=1.03
==================================================
Balance: $116.56 | Regime: CHOP | Session: 0W/0L (0%) | PnL: $+0.00
[Confidence] Score=4/10 | strong_edge,coinbase_weak,peak_hour
[Timing] Window 9 min old — skipping
[Cycle] No signal — YES=0.81 is between 0.32 and 0.68, sum=1.03 >= 0.97
[Ticker] KXETH15M-26APR090530-30
[Market] YES=0.83 | NO=0.18 | Sum=1.01
==================================================
Balance: $116.56 | Regime: CHOP | Session: 0W/0L (0%) | PnL: $+0.00
[Confidence] Score=4/10 | strong_edge,coinbase_weak,peak_hour
[Timing] Window 10 min old — skipping
[Cycle] No signal — YES=0.83 is between 0.32 and 0.68, sum=1.01 >= 0.97
[Ticker] KXETH15M-26APR090530-30
[Market] YES=0.72 | NO=0.31 | Sum=1.03
==================================================
Balance: $116.56 | Regime: CHOP | Session: 0W/0L (0%) | PnL: $+0.00
[Confidence] Score=3/10 | moderate_edge,coinbase_weak,peak_hour
[Timing] Window 11 min old — skipping
[Cycle] No signal — YES=0.72 is between 0.32 and 0.68, sum=1.03 >= 0.97
[Ticker] KXETH15M-26APR090530-30
[Market] YES=0.91 | NO=0.10 | Sum=1.01
==================================================
Balance: $116.56 | Regime: CHOP | Session: 0W/0L (0%) | PnL: $+0.00
[Confidence] Score=4/10 | strong_edge,coinbase_weak,peak_hour
[Timing] Window 12 min old — skipping
[Cycle] No signal — YES=0.91 is between 0.32 and 0.68, sum=1.01 >= 0.97
[Ticker] KXETH15M-26APR090530-30
[Market] YES=0.99 | NO=0.02 | Sum=1.01
==================================================
Balance: $116.56 | Regime: CHOP | Session: 0W/0L (0%) | PnL: $+0.00
[Confidence] Score=5/10 | extreme_edge,coinbase_weak,peak_hour
[Timing] Window 13 min old — skipping
[Cycle] No signal — YES=0.99 is between 0.32 and 0.68, sum=1.01 >= 0.97
[Ticker] KXETH15M-26APR090530-30
[Market] YES=1.00 | NO=0.00 | Sum=1.00
==================================================
Balance: $116.56 | Regime: CHOP | Session: 0W/0L (0%) | PnL: $+0.00
[Confidence] Score=5/10 | extreme_edge,coinbase_weak,peak_hour
[Timing] Window 14 min old — skipping
[Cycle] No signal — YES=1.00 is between 0.32 and 0.68, sum=1.00 >= 0.97
[Ticker] KXETH15M-26APR090545-45
[Market] YES=0.54 | NO=0.55 | Sum=1.09
==================================================
Balance: $116.56 | Regime: CHOP | Session: 0W/0L (0%) | PnL: $+0.00
[Cycle] No signal — YES=0.54 is between 0.32 and 0.68, sum=1.09 >= 0.97
[Ticker] KXETH15M-26APR090545-45
[Market] YES=0.46 | NO=0.56 | Sum=1.02
==================================================
Balance: $116.56 | Regime: CHOP | Session: 0W/0L (0%) | PnL: $+0.00
[Cycle] No signal — YES=0.46 is between 0.32 and 0.68, sum=1.02 >= 0.97
[Ticker] KXETH15M-26APR090545-45
[Market] YES=0.49 | NO=0.52 | Sum=1.01
==================================================
Balance: $116.56 | Regime: CHOP | Session: 0W/0L (0%) | PnL: $+0.00
[Cycle] No signal — YES=0.49 is between 0.32 and 0.68, sum=1.01 >= 0.97
[Ticker] KXETH15M-26APR090545-45
[Market] YES=0.79 | NO=0.22 | Sum=1.01
==================================================
Balance: $116.56 | Regime: CHOP | Session: 0W/0L (0%) | PnL: $+0.00
[Confidence] Score=3/10 | moderate_edge,coinbase_weak,peak_hour
[Signal] UP candidate | yes=0.79 | waiting (1/2)
[Cycle] No signal — YES=0.79 is between 0.32 and 0.68, sum=1.01 >= 0.97
[Ticker] KXETH15M-26APR090545-45
[Market] YES=0.62 | NO=0.43 | Sum=1.05
==================================================
Balance: $116.56 | Regime: CHOP | Session: 0W/0L (0%) | PnL: $+0.00
[Cycle] No signal — YES=0.62 is between 0.32 and 0.68, sum=1.05 >= 0.97
[Ticker] KXETH15M-26APR090545-45
[Market] YES=0.56 | NO=0.47 | Sum=1.03
==================================================
Balance: $116.56 | Regime: CHOP | Session: 0W/0L (0%) | PnL: $+0.00
[Cycle] No signal — YES=0.56 is between 0.32 and 0.68, sum=1.03 >= 0.97
[Ticker] KXETH15M-26APR090545-45
[Market] YES=0.67 | NO=0.38 | Sum=1.05
==================================================
Balance: $116.56 | Regime: CHOP | Session: 0W/0L (0%) | PnL: $+0.00
[Cycle] No signal — YES=0.67 is between 0.32 and 0.68, sum=1.05 >= 0.97
[Ticker] KXETH15M-26APR090545-45
[Market] YES=0.60 | NO=0.44 | Sum=1.04
==================================================
Balance: $116.56 | Regime: CHOP | Session: 0W/0L (0%) | PnL: $+0.00
[Cycle] No signal — YES=0.60 is between 0.32 and 0.68, sum=1.04 >= 0.97
[Ticker] KXETH15M-26APR090545-45
[Market] YES=0.63 | NO=0.42 | Sum=1.05
==================================================
Balance: $116.56 | Regime: CHOP | Session: 0W/0L (0%) | PnL: $+0.00
[Cycle] No signal — YES=0.63 is between 0.32 and 0.68, sum=1.05 >= 0.97
[Ticker] KXETH15M-26APR090545-45
[Market] YES=0.65 | NO=0.40 | Sum=1.05
==================================================
Balance: $116.56 | Regime: CHOP | Session: 0W/0L (0%) | PnL: $+0.00
[Cycle] No signal — YES=0.65 is between 0.32 and 0.68, sum=1.05 >= 0.97
[Ticker] KXETH15M-26APR090545-45
[Market] YES=0.76 | NO=0.28 | Sum=1.04
==================================================
Balance: $116.56 | Regime: CHOP | Session: 0W/0L (0%) | PnL: $+0.00
[Confidence] Score=3/10 | moderate_edge,coinbase_weak,peak_hour
[Timing] Window 10 min old — skipping
[Cycle] No signal — YES=0.76 is between 0.32 and 0.68, sum=1.04 >= 0.97
[Ticker] KXETH15M-26APR090545-45
[Market] YES=0.79 | NO=0.23 | Sum=1.02
==================================================
Balance: $116.56 | Regime: CHOP | Session: 0W/0L (0%) | PnL: $+0.00
[Confidence] Score=3/10 | moderate_edge,coinbase_weak,peak_hour
[Timing] Window 11 min old — skipping
[Cycle] No signal — YES=0.79 is between 0.32 and 0.68, sum=1.02 >= 0.97
[Ticker] KXETH15M-26APR090545-45
[Market] YES=0.63 | NO=0.39 | Sum=1.02
==================================================
Balance: $116.56 | Regime: CHOP | Session: 0W/0L (0%) | PnL: $+0.00
[Cycle] No signal — YES=0.63 is between 0.32 and 0.68, sum=1.02 >= 0.97
[Ticker] KXETH15M-26APR090545-45
[Market] YES=0.71 | NO=0.31 | Sum=1.02
==================================================
Balance: $116.56 | Regime: CHOP | Session: 0W/0L (0%) | PnL: $+0.00
[Confidence] Score=3/10 | moderate_edge,coinbase_weak,peak_hour
[Timing] Window 13 min old — skipping
[Cycle] No signal — YES=0.71 is between 0.32 and 0.68, sum=1.02 >= 0.97
[Ticker] KXETH15M-26APR090545-45
[Market] YES=1.00 | NO=0.01 | Sum=1.01
==================================================
Balance: $116.56 | Regime: CHOP | Session: 0W/0L (0%) | PnL: $+0.00
[Confidence] Score=5/10 | extreme_edge,coinbase_weak,peak_hour
[Timing] Window 14 min old — skipping
[Cycle] No signal — YES=1.00 is between 0.32 and 0.68, sum=1.01 >= 0.97
[Ticker] KXETH15M-26APR090600-00
[Market] YES=0.48 | NO=0.54 | Sum=1.02
==================================================
Balance: $116.56 | Regime: CHOP | Session: 0W/0L (0%) | PnL: $+0.00
[Cycle] No signal — YES=0.48 is between 0.32 and 0.68, sum=1.02 >= 0.97
[Ticker] KXETH15M-26APR090600-00
[Market] YES=0.62 | NO=0.42 | Sum=1.04
==================================================
Balance: $116.56 | Regime: CHOP | Session: 0W/0L (0%) | PnL: $+0.00
[Cycle] No signal — YES=0.62 is between 0.32 and 0.68, sum=1.04 >= 0.97
[Ticker] KXETH15M-26APR090600-00
[Market] YES=0.78 | NO=0.23 | Sum=1.01
==================================================
Balance: $116.56 | Regime: CHOP | Session: 0W/0L (0%) | PnL: $+0.00
[Confidence] Score=3/10 | moderate_edge,coinbase_weak,peak_hour
[Signal] UP candidate | yes=0.78 | waiting (1/2)
[Cycle] No signal — YES=0.78 is between 0.32 and 0.68, sum=1.01 >= 0.97
[Ticker] KXETH15M-26APR090600-00
[Market] YES=0.73 | NO=0.30 | Sum=1.03
==================================================
Balance: $116.56 | Regime: CHOP | Session: 0W/0L (0%) | PnL: $+0.00
[Confidence] Score=3/10 | moderate_edge,coinbase_weak,peak_hour
[Coinbase] Confirms UP | $2187 gap=+2 (0.08%)
[Kraken] Divergence 3161.50% — bet trimmed
[Correlation] 2/3 agree UP
[Signal] CONFIRMED UP | yes=0.73 | edge=0.23 | bet=$2.41
[Safety] Balance $116.56 below floor $120.00
🛑 OpenClaw ETH Bot v4.0 halted: Balance $116.56 below floor $120.00

==================================================
OpenClaw ETH Bot v4.0 — LIVE
[Startup] Live balance synced: $116.56
Balance: $116.56 | MaxBet: $11.66 | Threshold: <0.32 or >0.68
==================================================

[Startup] Resting orders cleared
[Ticker] KXETH15M-26APR090600-00
[Market] YES=0.73 | NO=0.30 | Sum=1.03
==================================================
Balance: $116.56 | Regime: CHOP | Session: 0W/0L (0%) | PnL: $+0.00
[Confidence] Score=3/10 | moderate_edge,coinbase_weak,peak_hour
[Signal] UP candidate | yes=0.73 | waiting (1/2)
[Cycle] No signal — YES=0.73 is between 0.32 and 0.68, sum=1.03 >= 0.97
[Ticker] KXETH15M-26APR090600-00
[Market] YES=0.81 | NO=0.21 | Sum=1.02
==================================================
Balance: $116.56 | Regime: CHOP | Session: 0W/0L (0%) | PnL: $+0.00
[Confidence] Score=4/10 | strong_edge,coinbase_weak,peak_hour
[Coinbase] Confirms UP | $2187 gap=+2 (0.08%)
[Kraken] Divergence 3161.49% — bet trimmed
[Correlation] Markets diverging — bet trimmed
[Signal] CONFIRMED UP | yes=0.81 | edge=0.31 | bet=$2.93
[Safety] Balance $116.56 below floor $120.00
🛑 OpenClaw ETH Bot v4.0 halted: Balance $116.56 below floor $120.00

==================================================
OpenClaw ETH Bot v4.0 — LIVE
[Startup] Live balance synced: $116.56
Balance: $116.56 | MaxBet: $11.66 | Threshold: <0.32 or >0.68
==================================================

[Startup] Resting orders cleared
[Ticker] KXETH15M-26APR090600-00
[Market] YES=0.82 | NO=0.21 | Sum=1.03
==================================================
Balance: $116.56 | Regime: CHOP | Session: 0W/0L (0%) | PnL: $+0.00
[Confidence] Score=4/10 | strong_edge,coinbase_weak,peak_hour
[Signal] UP candidate | yes=0.82 | waiting (1/2)
[Cycle] No signal — YES=0.82 is between 0.32 and 0.68, sum=1.03 >= 0.97
[Ticker] KXETH15M-26APR090600-00
[Market] YES=0.86 | NO=0.17 | Sum=1.03
==================================================
Balance: $116.56 | Regime: CHOP | Session: 0W/0L (0%) | PnL: $+0.00
[Confidence] Score=4/10 | strong_edge,coinbase_weak,peak_hour
[Timing] Window 5 min old — skipping
[Cycle] No signal — YES=0.86 is between 0.32 and 0.68, sum=1.03 >= 0.97
[Ticker] KXETH15M-26APR090600-00
[Market] YES=0.94 | NO=0.08 | Sum=1.02
==================================================
Balance: $116.56 | Regime: CHOP | Session: 0W/0L (0%) | PnL: $+0.00
[Confidence] Score=4/10 | strong_edge,coinbase_weak,peak_hour
[Timing] Window 6 min old — skipping
[Cycle] No signal — YES=0.94 is between 0.32 and 0.68, sum=1.02 >= 0.97
[Ticker] KXETH15M-26APR090600-00
[Market] YES=0.95 | NO=0.08 | Sum=1.03
==================================================
Balance: $116.56 | Regime: CHOP | Session: 0W/0L (0%) | PnL: $+0.00
[Confidence] Score=4/10 | strong_edge,coinbase_weak,peak_hour
[Timing] Window 7 min old — skipping
[Cycle] No signal — YES=0.95 is between 0.32 and 0.68, sum=1.03 >= 0.97
[Ticker] KXETH15M-26APR090600-00
[Market] YES=0.96 | NO=0.05 | Sum=1.01
==================================================
Balance: $116.56 | Regime: CHOP | Session: 0W/0L (0%) | PnL: $+0.00
[Confidence] Score=5/10 | extreme_edge,coinbase_weak,peak_hour
[Timing] Window 8 min old — skipping
[Cycle] No signal — YES=0.96 is between 0.32 and 0.68, sum=1.01 >= 0.97
[Ticker] KXETH15M-26APR090600-00
[Market] YES=0.98 | NO=0.03 | Sum=1.01
==================================================
Balance: $116.56 | Regime: CHOP | Session: 0W/0L (0%) | PnL: $+0.00
[Confidence] Score=5/10 | extreme_edge,coinbase_weak,peak_hour
[Timing] Window 9 min old — skipping
[Cycle] No signal — YES=0.98 is between 0.32 and 0.68, sum=1.01 >= 0.97
[Ticker] KXETH15M-26APR090600-00
[Market] YES=1.00 | NO=0.00 | Sum=1.00
==================================================
Balance: $116.56 | Regime: CHOP | Session: 0W/0L (0%) | PnL: $+0.00
[Confidence] Score=5/10 | extreme_edge,coinbase_weak,peak_hour
[Timing] Window 10 min old — skipping
[Cycle] No signal — YES=1.00 is between 0.32 and 0.68, sum=1.00 >= 0.97
[Ticker] KXETH15M-26APR090600-00
[Market] YES=1.00 | NO=0.00 | Sum=1.00
==================================================
Balance: $116.56 | Regime: CHOP | Session: 0W/0L (0%) | PnL: $+0.00
[Confidence] Score=5/10 | extreme_edge,coinbase_weak,peak_hour
[Timing] Window 11 min old — skipping
[Cycle] No signal — YES=1.00 is between 0.32 and 0.68, sum=1.00 >= 0.97
[Ticker] KXETH15M-26APR090600-00
[Market] YES=1.00 | NO=0.00 | Sum=1.00
==================================================
Balance: $116.56 | Regime: CHOP | Session: 0W/0L (0%) | PnL: $+0.00
[Confidence] Score=5/10 | extreme_edge,coinbase_weak,peak_hour
[Timing] Window 12 min old — skipping
[Cycle] No signal — YES=1.00 is between 0.32 and 0.68, sum=1.00 >= 0.97
[Ticker] KXETH15M-26APR090600-00
[Market] YES=1.00 | NO=0.00 | Sum=1.00
==================================================
Balance: $116.56 | Regime: CHOP | Session: 0W/0L (0%) | PnL: $+0.00
[Confidence] Score=5/10 | extreme_edge,coinbase_weak,peak_hour
[Timing] Window 13 min old — skipping
[Cycle] No signal — YES=1.00 is between 0.32 and 0.68, sum=1.00 >= 0.97
[Ticker] KXETH15M-26APR090600-00
[Market] YES=1.00 | NO=0.00 | Sum=1.00
==================================================
Balance: $116.56 | Regime: CHOP | Session: 0W/0L (0%) | PnL: $+0.00
[Confidence] Score=5/10 | extreme_edge,coinbase_weak,peak_hour
[Timing] Window 14 min old — skipping
[Cycle] No signal — YES=1.00 is between 0.32 and 0.68, sum=1.00 >= 0.97
[Ticker] KXETH15M-26APR090615-15
[Market] YES=0.45 | NO=0.64 | Sum=1.09
==================================================
Balance: $116.56 | Regime: CHOP | Session: 0W/0L (0%) | PnL: $+0.00
[Cycle] No signal — YES=0.45 is between 0.32 and 0.68, sum=1.09 >= 0.97
[Ticker] KXETH15M-26APR090615-15
[Market] YES=0.32 | NO=0.69 | Sum=1.01
==================================================
Balance: $116.56 | Regime: CHOP | Session: 0W/0L (0%) | PnL: $+0.00
[Cycle] No signal — YES=0.32 is between 0.32 and 0.68, sum=1.01 >= 0.97
[Ticker] KXETH15M-26APR090615-15
[Market] YES=0.31 | NO=0.70 | Sum=1.01
==================================================
Balance: $116.56 | Regime: CHOP | Session: 0W/0L (0%) | PnL: $+0.00
[Signal] Edge 0.19 below minimum 0.2 — skipping
[Cycle] No signal — YES=0.31 is between 0.32 and 0.68, sum=1.01 >= 0.97
[Ticker] KXETH15M-26APR090615-15
[Market] YES=0.40 | NO=0.63 | Sum=1.03
==================================================
Balance: $116.56 | Regime: CHOP | Session: 0W/0L (0%) | PnL: $+0.00
[Cycle] No signal — YES=0.40 is between 0.32 and 0.68, sum=1.03 >= 0.97
[Ticker] KXETH15M-26APR090615-15
[Market] YES=0.29 | NO=0.73 | Sum=1.02
==================================================
Balance: $116.56 | Regime: CHOP | Session: 0W/0L (0%) | PnL: $+0.00
[Confidence] Score=4/10 | moderate_edge,coinbase_weak,2of3_agree,peak_hour
[Signal] DOWN candidate | yes=0.29 | waiting (1/2)
[Cycle] No signal — YES=0.29 is between 0.32 and 0.68, sum=1.02 >= 0.97
[Ticker] KXETH15M-26APR090615-15
[Market] YES=0.19 | NO=0.85 | Sum=1.04
==================================================
Balance: $116.56 | Regime: CHOP | Session: 0W/0L (0%) | PnL: $+0.00
[Confidence] Score=6/10 | strong_edge,coinbase_weak,all3_agree,peak_hour
[Timing] Window 5 min old — skipping
[Cycle] No signal — YES=0.19 is between 0.32 and 0.68, sum=1.04 >= 0.97
[Ticker] KXETH15M-26APR090615-15
[Market] YES=0.11 | NO=0.92 | Sum=1.03
==================================================
Balance: $116.56 | Regime: CHOP | Session: 0W/0L (0%) | PnL: $+0.00
[Confidence] Score=6/10 | strong_edge,coinbase_weak,all3_agree,peak_hour
[Timing] Window 6 min old — skipping
[Cycle] No signal — YES=0.11 is between 0.32 and 0.68, sum=1.03 >= 0.97
[Ticker] KXETH15M-26APR090615-15
[Market] YES=0.08 | NO=0.95 | Sum=1.03
==================================================
Balance: $116.56 | Regime: CHOP | Session: 0W/0L (0%) | PnL: $+0.00
[Confidence] Score=6/10 | strong_edge,coinbase_weak,all3_agree,peak_hour
[Timing] Window 7 min old — skipping
[Cycle] No signal — YES=0.08 is between 0.32 and 0.68, sum=1.03 >= 0.97
[Ticker] KXETH15M-26APR090615-15
[Market] YES=0.08 | NO=0.95 | Sum=1.03
==================================================
Balance: $116.56 | Regime: CHOP | Session: 0W/0L (0%) | PnL: $+0.00
[Confidence] Score=5/10 | strong_edge,coinbase_weak,2of3_agree,peak_hour
[Timing] Window 8 min old — skipping
[Cycle] No signal — YES=0.08 is between 0.32 and 0.68, sum=1.03 >= 0.97
[Ticker] KXETH15M-26APR090615-15
[Market] YES=0.05 | NO=0.98 | Sum=1.03
==================================================
Balance: $116.56 | Regime: CHOP | Session: 0W/0L (0%) | PnL: $+0.00
[Confidence] Score=6/10 | extreme_edge,coinbase_weak,2of3_agree,peak_hour
[Timing] Window 9 min old — skipping
[Cycle] No signal — YES=0.05 is between 0.32 and 0.68, sum=1.03 >= 0.97
[Ticker] KXETH15M-26APR090615-15
[Market] YES=0.03 | NO=0.99 | Sum=1.02
==================================================
Balance: $116.56 | Regime: CHOP | Session: 0W/0L (0%) | PnL: $+0.00
[Confidence] Score=6/10 | extreme_edge,coinbase_weak,2of3_agree,peak_hour
[Timing] Window 10 min old — skipping
[Cycle] No signal — YES=0.03 is between 0.32 and 0.68, sum=1.02 >= 0.97
[Ticker] KXETH15M-26APR090615-15
[Market] YES=0.01 | NO=1.00 | Sum=1.00
==================================================
Balance: $116.56 | Regime: CHOP | Session: 0W/0L (0%) | PnL: $+0.00
[Confidence] Score=7/10 | extreme_edge,coinbase_weak,all3_agree,peak_hour
[Timing] Window 11 min old — skipping
[Cycle] No signal — YES=0.01 is between 0.32 and 0.68, sum=1.00 >= 0.97
[Ticker] KXETH15M-26APR090615-15
[Market] YES=0.01 | NO=1.00 | Sum=1.00
==================================================
Balance: $116.56 | Regime: CHOP | Session: 0W/0L (0%) | PnL: $+0.00
[Confidence] Score=7/10 | extreme_edge,coinbase_weak,all3_agree,peak_hour
[Timing] Window 12 min old — skipping
[Cycle] No signal — YES=0.01 is between 0.32 and 0.68, sum=1.00 >= 0.97
[Ticker] KXETH15M-26APR090615-15
[Market] YES=0.01 | NO=1.00 | Sum=1.00
==================================================
Balance: $116.56 | Regime: CHOP | Session: 0W/0L (0%) | PnL: $+0.00
[Confidence] Score=7/10 | extreme_edge,coinbase_weak,all3_agree,peak_hour
[Timing] Window 13 min old — skipping
[Cycle] No signal — YES=0.01 is between 0.32 and 0.68, sum=1.00 >= 0.97
[Ticker] KXETH15M-26APR090615-15
[Market] YES=0.00 | NO=1.00 | Sum=1.00
==================================================
Balance: $116.56 | Regime: CHOP | Session: 0W/0L (0%) | PnL: $+0.00
[Confidence] Score=7/10 | extreme_edge,coinbase_weak,all3_agree,peak_hour
[Timing] Window 14 min old — skipping
[Cycle] No signal — YES=0.00 is between 0.32 and 0.68, sum=1.00 >= 0.97
[Ticker] KXETH15M-26APR090630-30
[Market] YES=0.56 | NO=0.45 | Sum=1.01
==================================================
Balance: $116.56 | Regime: CHOP | Session: 0W/0L (0%) | PnL: $+0.00
[Cycle] No signal — YES=0.56 is between 0.32 and 0.68, sum=1.01 >= 0.97
[Ticker] KXETH15M-26APR090630-30
[Market] YES=0.57 | NO=0.45 | Sum=1.02
==================================================
Balance: $116.56 | Regime: CHOP | Session: 0W/0L (0%) | PnL: $+0.00
[Cycle] No signal — YES=0.57 is between 0.32 and 0.68, sum=1.02 >= 0.97
[Ticker] KXETH15M-26APR090630-30
[Market] YES=0.78 | NO=0.25 | Sum=1.03
==================================================
Balance: $116.56 | Regime: CHOP | Session: 0W/0L (0%) | PnL: $+0.00
[Confidence] Score=3/10 | moderate_edge,coinbase_weak,peak_hour
[Signal] UP candidate | yes=0.78 | waiting (1/2)
[Cycle] No signal — YES=0.78 is between 0.32 and 0.68, sum=1.03 >= 0.97
[Ticker] KXETH15M-26APR090630-30
[Market] YES=0.72 | NO=0.32 | Sum=1.04
==================================================
Balance: $116.56 | Regime: CHOP | Session: 0W/0L (0%) | PnL: $+0.00
[Confidence] Score=3/10 | moderate_edge,coinbase_weak,peak_hour
[Coinbase] Confirms UP | $2190 gap=+2 (0.08%)
[Kraken] Divergence 3160.04% — bet trimmed
[Correlation] 2/3 agree UP
[Signal] CONFIRMED UP | yes=0.72 | edge=0.22 | bet=$2.31
[Safety] Balance $116.56 below floor $120.00
🛑 OpenClaw ETH Bot v4.0 halted: Balance $116.56 below floor $120.00

==================================================
OpenClaw ETH Bot v4.0 — LIVE
[Startup] Live balance synced: $116.56
Balance: $116.56 | MaxBet: $11.66 | Threshold: <0.32 or >0.68
==================================================

[Startup] Resting orders cleared
[Ticker] KXETH15M-26APR090630-30
[Market] YES=0.72 | NO=0.32 | Sum=1.04
==================================================
Balance: $116.56 | Regime: CHOP | Session: 0W/0L (0%) | PnL: $+0.00
[Confidence] Score=3/10 | moderate_edge,coinbase_weak,peak_hour
[Signal] UP candidate | yes=0.72 | waiting (1/2)
[Cycle] No signal — YES=0.72 is between 0.32 and 0.68, sum=1.04 >= 0.97
[Ticker] KXETH15M-26APR090630-30
[Market] YES=0.80 | NO=0.24 | Sum=1.04
==================================================
Balance: $116.56 | Regime: CHOP | Session: 0W/0L (0%) | PnL: $+0.00
[Confidence] Score=4/10 | strong_edge,coinbase_weak,peak_hour
[Coinbase] Confirms UP | $2191 gap=+2 (0.10%)
[Kraken] Divergence 3159.46% — bet trimmed
[Correlation] Markets diverging — bet trimmed
[Signal] CONFIRMED UP | yes=0.80 | edge=0.30 | bet=$2.83
[Safety] Balance $116.56 below floor $120.00
🛑 OpenClaw ETH Bot v4.0 halted: Balance $116.56 below floor $120.00

==================================================
OpenClaw ETH Bot v4.0 — LIVE
[Startup] Live balance synced: $116.56
Balance: $116.56 | MaxBet: $11.66 | Threshold: <0.32 or >0.68
==================================================

[Startup] Resting orders cleared
[Ticker] KXETH15M-26APR090630-30
[Market] YES=0.81 | NO=0.22 | Sum=1.03
==================================================
Balance: $116.56 | Regime: CHOP | Session: 0W/0L (0%) | PnL: $+0.00
[Confidence] Score=4/10 | strong_edge,coinbase_weak,peak_hour
[Signal] UP candidate | yes=0.81 | waiting (1/2)
[Cycle] No signal — YES=0.81 is between 0.32 and 0.68, sum=1.03 >= 0.97
[Ticker] KXETH15M-26APR090630-30
[Market] YES=0.84 | NO=0.17 | Sum=1.01
==================================================
Balance: $116.56 | Regime: CHOP | Session: 0W/0L (0%) | PnL: $+0.00
[Confidence] Score=4/10 | strong_edge,coinbase_weak,peak_hour
[Timing] Window 5 min old — skipping
[Cycle] No signal — YES=0.84 is between 0.32 and 0.68, sum=1.01 >= 0.97
[Ticker] KXETH15M-26APR090630-30
[Market] YES=0.94 | NO=0.07 | Sum=1.01
==================================================
Balance: $116.56 | Regime: CHOP | Session: 0W/0L (0%) | PnL: $+0.00
[Confidence] Score=4/10 | strong_edge,coinbase_weak,peak_hour
[Timing] Window 6 min old — skipping
[Cycle] No signal — YES=0.94 is between 0.32 and 0.68, sum=1.01 >= 0.97
[Ticker] KXETH15M-26APR090630-30
[Market] YES=0.95 | NO=0.08 | Sum=1.03
==================================================
Balance: $116.56 | Regime: CHOP | Session: 0W/0L (0%) | PnL: $+0.00
[Confidence] Score=4/10 | strong_edge,coinbase_weak,peak_hour
[Timing] Window 7 min old — skipping
[Cycle] No signal — YES=0.95 is between 0.32 and 0.68, sum=1.03 >= 0.97
[Ticker] KXETH15M-26APR090630-30
[Market] YES=0.98 | NO=0.04 | Sum=1.02
==================================================
Balance: $116.56 | Regime: CHOP | Session: 0W/0L (0%) | PnL: $+0.00
[Confidence] Score=5/10 | extreme_edge,coinbase_weak,peak_hour
[Timing] Window 8 min old — skipping
[Cycle] No signal — YES=0.98 is between 0.32 and 0.68, sum=1.02 >= 0.97
[Ticker] KXETH15M-26APR090630-30
[Market] YES=0.98 | NO=0.04 | Sum=1.02
==================================================
Balance: $116.56 | Regime: CHOP | Session: 0W/0L (0%) | PnL: $+0.00
[Confidence] Score=5/10 | extreme_edge,coinbase_weak,peak_hour
[Timing] Window 9 min old — skipping
[Cycle] No signal — YES=0.98 is between 0.32 and 0.68, sum=1.02 >= 0.97
[Ticker] KXETH15M-26APR090630-30
[Market] YES=0.99 | NO=0.02 | Sum=1.01
==================================================
Balance: $116.56 | Regime: CHOP | Session: 0W/0L (0%) | PnL: $+0.00
[Confidence] Score=5/10 | extreme_edge,coinbase_weak,peak_hour
[Timing] Window 10 min old — skipping
[Cycle] No signal — YES=0.99 is between 0.32 and 0.68, sum=1.01 >= 0.97
[Ticker] KXETH15M-26APR090630-30
[Market] YES=0.99 | NO=0.01 | Sum=1.00
==================================================
Balance: $116.56 | Regime: CHOP | Session: 0W/0L (0%) | PnL: $+0.00
[Confidence] Score=5/10 | extreme_edge,coinbase_weak,peak_hour
[Timing] Window 11 min old — skipping
[Cycle] No signal — YES=0.99 is between 0.32 and 0.68, sum=1.00 >= 0.97
[Ticker] KXETH15M-26APR090630-30
[Market] YES=1.00 | NO=0.01 | Sum=1.01
==================================================
Balance: $116.56 | Regime: CHOP | Session: 0W/0L (0%) | PnL: $+0.00
[Confidence] Score=5/10 | extreme_edge,coinbase_weak,peak_hour
[Timing] Window 12 min old — skipping
[Cycle] No signal — YES=1.00 is between 0.32 and 0.68, sum=1.01 >= 0.97
[Ticker] KXETH15M-26APR090630-30
[Market] YES=1.00 | NO=0.00 | Sum=1.00
==================================================
Balance: $116.56 | Regime: CHOP | Session: 0W/0L (0%) | PnL: $+0.00
[Confidence] Score=5/10 | extreme_edge,coinbase_weak,peak_hour
[Timing] Window 13 min old — skipping
[Cycle] No signal — YES=1.00 is between 0.32 and 0.68, sum=1.00 >= 0.97
[Ticker] KXETH15M-26APR090630-30
[Market] YES=1.00 | NO=0.00 | Sum=1.00
==================================================
Balance: $116.56 | Regime: CHOP | Session: 0W/0L (0%) | PnL: $+0.00
[Confidence] Score=5/10 | extreme_edge,coinbase_weak,peak_hour
[Timing] Window 14 min old — skipping
[Cycle] No signal — YES=1.00 is between 0.32 and 0.68, sum=1.00 >= 0.97
[Ticker] KXETH15M-26APR090645-45
[Market] YES=0.41 | NO=0.64 | Sum=1.05
==================================================
Balance: $116.56 | Regime: CHOP | Session: 0W/0L (0%) | PnL: $+0.00
[Cycle] No signal — YES=0.41 is between 0.32 and 0.68, sum=1.05 >= 0.97
[Ticker] KXETH15M-26APR090645-45
[Market] YES=0.31 | NO=0.73 | Sum=1.04
==================================================
Balance: $116.56 | Regime: CHOP | Session: 0W/0L (0%) | PnL: $+0.00
[Signal] Edge 0.19 below minimum 0.2 — skipping
[Cycle] No signal — YES=0.31 is between 0.32 and 0.68, sum=1.04 >= 0.97
[Ticker] KXETH15M-26APR090645-45
[Market] YES=0.34 | NO=0.70 | Sum=1.04
==================================================
Balance: $116.56 | Regime: CHOP | Session: 0W/0L (0%) | PnL: $+0.00
[Cycle] No signal — YES=0.34 is between 0.32 and 0.68, sum=1.04 >= 0.97
[Ticker] KXETH15M-26APR090645-45
[Market] YES=0.54 | NO=0.51 | Sum=1.05
==================================================
Balance: $116.56 | Regime: CHOP | Session: 0W/0L (0%) | PnL: $+0.00
[Cycle] No signal — YES=0.54 is between 0.32 and 0.68, sum=1.05 >= 0.97
[Ticker] KXETH15M-26APR090645-45
[Market] YES=0.46 | NO=0.59 | Sum=1.05
==================================================
Balance: $116.56 | Regime: CHOP | Session: 0W/0L (0%) | PnL: $+0.00
[Cycle] No signal — YES=0.46 is between 0.32 and 0.68, sum=1.05 >= 0.97
[Ticker] KXETH15M-26APR090645-45
[Market] YES=0.32 | NO=0.71 | Sum=1.03
==================================================
Balance: $116.56 | Regime: CHOP | Session: 0W/0L (0%) | PnL: $+0.00
[Cycle] No signal — YES=0.32 is between 0.32 and 0.68, sum=1.03 >= 0.97
[Ticker] KXETH15M-26APR090645-45
[Market] YES=0.34 | NO=0.72 | Sum=1.06
==================================================
Balance: $116.56 | Regime: CHOP | Session: 0W/0L (0%) | PnL: $+0.00
[Cycle] No signal — YES=0.34 is between 0.32 and 0.68, sum=1.06 >= 0.97
[Ticker] KXETH15M-26APR090645-45
[Market] YES=0.60 | NO=0.41 | Sum=1.01
==================================================
Balance: $116.56 | Regime: CHOP | Session: 0W/0L (0%) | PnL: $+0.00
[Cycle] No signal — YES=0.60 is between 0.32 and 0.68, sum=1.01 >= 0.97
[Ticker] KXETH15M-26APR090645-45
[Market] YES=0.55 | NO=0.49 | Sum=1.04
==================================================
Balance: $116.56 | Regime: CHOP | Session: 0W/0L (0%) | PnL: $+0.00
[Cycle] No signal — YES=0.55 is between 0.32 and 0.68, sum=1.04 >= 0.97
[Ticker] KXETH15M-26APR090645-45
[Market] YES=0.55 | NO=0.49 | Sum=1.04
==================================================
Balance: $116.56 | Regime: CHOP | Session: 0W/0L (0%) | PnL: $+0.00
[Cycle] No signal — YES=0.55 is between 0.32 and 0.68, sum=1.04 >= 0.97
[Ticker] KXETH15M-26APR090645-45
[Market] YES=0.75 | NO=0.32 | Sum=1.07
==================================================
Balance: $116.56 | Regime: CHOP | Session: 0W/0L (0%) | PnL: $+0.00
[Confidence] Score=3/10 | moderate_edge,coinbase_weak,peak_hour
[Timing] Window 10 min old — skipping
[Cycle] No signal — YES=0.75 is between 0.32 and 0.68, sum=1.07 >= 0.97
[Ticker] KXETH15M-26APR090645-45
[Market] YES=0.81 | NO=0.23 | Sum=1.04
==================================================
Balance: $116.56 | Regime: CHOP | Session: 0W/0L (0%) | PnL: $+0.00
[Confidence] Score=4/10 | strong_edge,coinbase_weak,peak_hour
[Timing] Window 11 min old — skipping
[Cycle] No signal — YES=0.81 is between 0.32 and 0.68, sum=1.04 >= 0.97
[Ticker] KXETH15M-26APR090645-45
[Market] YES=0.47 | NO=0.57 | Sum=1.04
==================================================
Balance: $116.56 | Regime: CHOP | Session: 0W/0L (0%) | PnL: $+0.00
[Cycle] No signal — YES=0.47 is between 0.32 and 0.68, sum=1.04 >= 0.97
[Ticker] KXETH15M-26APR090645-45
[Market] YES=0.82 | NO=0.39 | Sum=1.21
==================================================
Balance: $116.56 | Regime: CHOP | Session: 0W/0L (0%) | PnL: $+0.00
[Confidence] Score=4/10 | strong_edge,coinbase_weak,peak_hour
[Timing] Window 13 min old — skipping
[Cycle] No signal — YES=0.82 is between 0.32 and 0.68, sum=1.21 >= 0.97
[Ticker] KXETH15M-26APR090645-45
[Market] YES=1.00 | NO=0.01 | Sum=1.00
==================================================
Balance: $116.56 | Regime: CHOP | Session: 0W/0L (0%) | PnL: $+0.00
[Confidence] Score=5/10 | extreme_edge,coinbase_weak,peak_hour
[Timing] Window 14 min old — skipping
[Cycle] No signal — YES=1.00 is between 0.32 and 0.68, sum=1.00 >= 0.97
[Ticker] KXETH15M-26APR090700-00
[Market] YES=0.40 | NO=0.62 | Sum=1.02
==================================================
Balance: $116.56 | Regime: CHOP | Session: 0W/0L (0%) | PnL: $+0.00
[Cycle] No signal — YES=0.40 is between 0.32 and 0.68, sum=1.02 >= 0.97
[Ticker] KXETH15M-26APR090700-00
[Market] YES=0.59 | NO=0.44 | Sum=1.03
==================================================
Balance: $116.56 | Regime: CHOP | Session: 0W/0L (0%) | PnL: $+0.00
[Cycle] No signal — YES=0.59 is between 0.32 and 0.68, sum=1.03 >= 0.97
[Ticker] KXETH15M-26APR090700-00
[Market] YES=0.55 | NO=0.50 | Sum=1.05
==================================================
Balance: $116.56 | Regime: CHOP | Session: 0W/0L (0%) | PnL: $+0.00
[Cycle] No signal — YES=0.55 is between 0.32 and 0.68, sum=1.05 >= 0.97
[Ticker] KXETH15M-26APR090700-00
[Market] YES=0.48 | NO=0.56 | Sum=1.04
==================================================
Balance: $116.56 | Regime: CHOP | Session: 0W/0L (0%) | PnL: $+0.00
[Cycle] No signal — YES=0.48 is between 0.32 and 0.68, sum=1.04 >= 0.97
[Ticker] KXETH15M-26APR090700-00
[Market] YES=0.35 | NO=0.69 | Sum=1.04
==================================================
Balance: $116.56 | Regime: CHOP | Session: 0W/0L (0%) | PnL: $+0.00
[Cycle] No signal — YES=0.35 is between 0.32 and 0.68, sum=1.04 >= 0.97
[Ticker] KXETH15M-26APR090700-00
[Market] YES=0.20 | NO=0.84 | Sum=1.04
==================================================
Balance: $116.56 | Regime: CHOP | Session: 0W/0L (0%) | PnL: $+0.00
[Confidence] Score=6/10 | strong_edge,coinbase_weak,all3_agree,peak_hour
[Timing] Window 5 min old — skipping
[Cycle] No signal — YES=0.20 is between 0.32 and 0.68, sum=1.04 >= 0.97
[Ticker] KXETH15M-26APR090700-00
[Market] YES=0.06 | NO=0.95 | Sum=1.01
==================================================
Balance: $116.56 | Regime: CHOP | Session: 0W/0L (0%) | PnL: $+0.00
[Confidence] Score=6/10 | strong_edge,coinbase_weak,all3_agree,peak_hour
[Timing] Window 6 min old — skipping
[Cycle] No signal — YES=0.06 is between 0.32 and 0.68, sum=1.01 >= 0.97
[Ticker] KXETH15M-26APR090700-00
[Market] YES=0.07 | NO=0.95 | Sum=1.02
==================================================
Balance: $116.56 | Regime: CHOP | Session: 0W/0L (0%) | PnL: $+0.00
[Confidence] Score=6/10 | strong_edge,coinbase_weak,all3_agree,peak_hour
[Timing] Window 7 min old — skipping
[Cycle] No signal — YES=0.07 is between 0.32 and 0.68, sum=1.02 >= 0.97
[Ticker] KXETH15M-26APR090700-00
[Market] YES=0.11 | NO=0.92 | Sum=1.03
==================================================
Balance: $116.56 | Regime: CHOP | Session: 0W/0L (0%) | PnL: $+0.00
[Confidence] Score=5/10 | strong_edge,coinbase_weak,2of3_agree,peak_hour
[Timing] Window 8 min old — skipping
[Cycle] No signal — YES=0.11 is between 0.32 and 0.68, sum=1.03 >= 0.97
[Ticker] KXETH15M-26APR090700-00
[Market] YES=0.19 | NO=0.85 | Sum=1.04
==================================================
Balance: $116.56 | Regime: CHOP | Session: 0W/0L (0%) | PnL: $+0.00
[Confidence] Score=6/10 | strong_edge,coinbase_weak,all3_agree,peak_hour
[Timing] Window 9 min old — skipping
[Cycle] No signal — YES=0.19 is between 0.32 and 0.68, sum=1.04 >= 0.97
[Ticker] KXETH15M-26APR090700-00
[Market] YES=0.39 | NO=0.63 | Sum=1.02
==================================================
Balance: $116.56 | Regime: CHOP | Session: 0W/0L (0%) | PnL: $+0.00
[Cycle] No signal — YES=0.39 is between 0.32 and 0.68, sum=1.02 >= 0.97
[Ticker] KXETH15M-26APR090700-00
[Market] YES=0.42 | NO=0.59 | Sum=1.01
==================================================
Balance: $116.56 | Regime: CHOP | Session: 0W/0L (0%) | PnL: $+0.00
[Cycle] No signal — YES=0.42 is between 0.32 and 0.68, sum=1.01 >= 0.97
[Ticker] KXETH15M-26APR090700-00
[Market] YES=0.05 | NO=0.97 | Sum=1.02
==================================================
Balance: $116.56 | Regime: CHOP | Session: 0W/0L (0%) | PnL: $+0.00
[Confidence] Score=7/10 | extreme_edge,coinbase_weak,all3_agree,peak_hour
[Timing] Window 12 min old — skipping
[Cycle] No signal — YES=0.05 is between 0.32 and 0.68, sum=1.02 >= 0.97
[Ticker] KXETH15M-26APR090700-00
[Market] YES=0.01 | NO=1.00 | Sum=1.00
==================================================
Balance: $116.56 | Regime: CHOP | Session: 0W/0L (0%) | PnL: $+0.00
[Confidence] Score=7/10 | extreme_edge,coinbase_weak,all3_agree,peak_hour
[Timing] Window 13 min old — skipping
[Cycle] No signal — YES=0.01 is between 0.32 and 0.68, sum=1.00 >= 0.97
[Ticker] KXETH15M-26APR090700-00
[Market] YES=0.00 | NO=1.00 | Sum=1.00
==================================================
Balance: $116.56 | Regime: CHOP | Session: 0W/0L (0%) | PnL: $+0.00
[Confidence] Score=7/10 | extreme_edge,coinbase_weak,all3_agree,peak_hour
[Timing] Window 14 min old — skipping
[Cycle] No signal — YES=0.00 is between 0.32 and 0.68, sum=1.00 >= 0.97
[Ticker] KXETH15M-26APR090715-15
[Market] YES=0.50 | NO=0.51 | Sum=1.01
==================================================
Balance: $116.56 | Regime: CHOP | Session: 0W/0L (0%) | PnL: $+0.00
[Cycle] No signal — YES=0.50 is between 0.32 and 0.68, sum=1.01 >= 0.97
[Ticker] KXETH15M-26APR090715-15
[Market] YES=0.58 | NO=0.46 | Sum=1.04
==================================================
Balance: $116.56 | Regime: CHOP | Session: 0W/0L (0%) | PnL: $+0.00
[Cycle] No signal — YES=0.58 is between 0.32 and 0.68, sum=1.04 >= 0.97
[Ticker] KXETH15M-26APR090715-15
[Market] YES=0.50 | NO=0.54 | Sum=1.04
==================================================
Balance: $116.56 | Regime: CHOP | Session: 0W/0L (0%) | PnL: $+0.00
[Cycle] No signal — YES=0.50 is between 0.32 and 0.68, sum=1.04 >= 0.97
[Ticker] KXETH15M-26APR090715-15
[Market] YES=0.53 | NO=0.49 | Sum=1.02
==================================================
Balance: $116.56 | Regime: CHOP | Session: 0W/0L (0%) | PnL: $+0.00
[Cycle] No signal — YES=0.53 is between 0.32 and 0.68, sum=1.02 >= 0.97
[Ticker] KXETH15M-26APR090715-15
[Market] YES=0.52 | NO=0.52 | Sum=1.04
==================================================
Balance: $116.56 | Regime: CHOP | Session: 0W/0L (0%) | PnL: $+0.00
[Cycle] No signal — YES=0.52 is between 0.32 and 0.68, sum=1.04 >= 0.97
[Ticker] KXETH15M-26APR090715-15
[Market] YES=0.49 | NO=0.55 | Sum=1.04
==================================================
Balance: $116.56 | Regime: CHOP | Session: 0W/0L (0%) | PnL: $+0.00
[Cycle] No signal — YES=0.49 is between 0.32 and 0.68, sum=1.04 >= 0.97
[Ticker] KXETH15M-26APR090715-15
[Market] YES=0.55 | NO=0.50 | Sum=1.05
==================================================
Balance: $116.56 | Regime: CHOP | Session: 0W/0L (0%) | PnL: $+0.00
[Cycle] No signal — YES=0.55 is between 0.32 and 0.68, sum=1.05 >= 0.97
[Ticker] KXETH15M-26APR090715-15
[Market] YES=0.47 | NO=0.57 | Sum=1.04
==================================================
Balance: $116.56 | Regime: CHOP | Session: 0W/0L (0%) | PnL: $+0.00
[Cycle] No signal — YES=0.47 is between 0.32 and 0.68, sum=1.04 >= 0.97
[Ticker] KXETH15M-26APR090715-15
[Market] YES=0.35 | NO=0.70 | Sum=1.05
==================================================
Balance: $116.56 | Regime: CHOP | Session: 0W/0L (0%) | PnL: $+0.00
[Cycle] No signal — YES=0.35 is between 0.32 and 0.68, sum=1.05 >= 0.97
[Ticker] KXETH15M-26APR090715-15
[Market] YES=0.26 | NO=0.77 | Sum=1.03
==================================================
Balance: $116.56 | Regime: CHOP | Session: 0W/0L (0%) | PnL: $+0.00
[Confidence] Score=5/10 | moderate_edge,coinbase_weak,all3_agree,peak_hour
[Timing] Window 9 min old — skipping
[Cycle] No signal — YES=0.26 is between 0.32 and 0.68, sum=1.03 >= 0.97
[Ticker] KXETH15M-26APR090715-15
[Market] YES=0.09 | NO=0.94 | Sum=1.03
==================================================
Balance: $116.56 | Regime: CHOP | Session: 0W/0L (0%) | PnL: $+0.00
[Confidence] Score=5/10 | strong_edge,coinbase_weak,2of3_agree,peak_hour
[Timing] Window 10 min old — skipping
[Cycle] No signal — YES=0.09 is between 0.32 and 0.68, sum=1.03 >= 0.97
[Ticker] KXETH15M-26APR090715-15
[Market] YES=0.02 | NO=0.99 | Sum=1.01
==================================================
Balance: $116.56 | Regime: CHOP | Session: 0W/0L (0%) | PnL: $+0.00
[Confidence] Score=7/10 | extreme_edge,coinbase_weak,all3_agree,peak_hour
[Timing] Window 11 min old — skipping
[Cycle] No signal — YES=0.02 is between 0.32 and 0.68, sum=1.01 >= 0.97
[Ticker] KXETH15M-26APR090715-15
[Market] YES=0.01 | NO=1.00 | Sum=1.01
==================================================
Balance: $116.56 | Regime: CHOP | Session: 0W/0L (0%) | PnL: $+0.00
[Confidence] Score=7/10 | extreme_edge,coinbase_weak,all3_agree,peak_hour
[Timing] Window 12 min old — skipping
[Cycle] No signal — YES=0.01 is between 0.32 and 0.68, sum=1.01 >= 0.97
[Ticker] KXETH15M-26APR090715-15
[Market] YES=0.01 | NO=1.00 | Sum=1.00
==================================================
Balance: $116.56 | Regime: CHOP | Session: 0W/0L (0%) | PnL: $+0.00
[Confidence] Score=6/10 | extreme_edge,coinbase_weak,2of3_agree,peak_hour
[Timing] Window 13 min old — skipping
[Cycle] No signal — YES=0.01 is between 0.32 and 0.68, sum=1.00 >= 0.97
[Ticker] KXETH15M-26APR090715-15
[Market] YES=0.00 | NO=1.00 | Sum=1.00
==================================================
Balance: $116.56 | Regime: CHOP | Session: 0W/0L (0%) | PnL: $+0.00
[Confidence] Score=7/10 | extreme_edge,coinbase_weak,all3_agree,peak_hour
[Timing] Window 14 min old — skipping
[Cycle] No signal — YES=0.00 is between 0.32 and 0.68, sum=1.00 >= 0.97
[Ticker] KXETH15M-26APR090730-30
[Market] YES=0.46 | NO=0.55 | Sum=1.01
==================================================
Balance: $116.56 | Regime: CHOP | Session: 0W/0L (0%) | PnL: $+0.00
[Cycle] No signal — YES=0.46 is between 0.32 and 0.68, sum=1.01 >= 0.97
[Ticker] KXETH15M-26APR090730-30
[Market] YES=0.35 | NO=0.68 | Sum=1.03
==================================================
Balance: $116.56 | Regime: CHOP | Session: 0W/0L (0%) | PnL: $+0.00
[Cycle] No signal — YES=0.35 is between 0.32 and 0.68, sum=1.03 >= 0.97
[Ticker] KXETH15M-26APR090730-30
[Market] YES=0.15 | NO=0.87 | Sum=1.02
==================================================
Balance: $116.56 | Regime: CHOP | Session: 0W/0L (0%) | PnL: $+0.00
[Confidence] Score=5/10 | strong_edge,coinbase_weak,2of3_agree,peak_hour
[Signal] DOWN candidate | yes=0.15 | waiting (1/2)
[Cycle] No signal — YES=0.15 is between 0.32 and 0.68, sum=1.02 >= 0.97
[Ticker] KXETH15M-26APR090730-30
[Market] YES=0.23 | NO=0.78 | Sum=1.01
==================================================
Balance: $116.56 | Regime: CHOP | Session: 0W/0L (0%) | PnL: $+0.00
[Confidence] Score=5/10 | moderate_edge,coinbase_weak,all3_agree,peak_hour
[Coinbase] Confirms DOWN | $2184 gap=-2 (0.10%)
[Kraken] Divergence 3159.14% — bet trimmed
[Correlation] 2/3 agree DOWN
[Signal] CONFIRMED DOWN | yes=0.23 | edge=0.27 | bet=$2.83
[Safety] Balance $116.56 below floor $120.00
🛑 OpenClaw ETH Bot v4.0 halted: Balance $116.56 below floor $120.00

==================================================
OpenClaw ETH Bot v4.0 — LIVE
[Startup] Live balance synced: $116.56
Balance: $116.56 | MaxBet: $11.66 | Threshold: <0.32 or >0.68
==================================================

[Startup] Resting orders cleared
[Ticker] KXETH15M-26APR090730-30
[Market] YES=0.23 | NO=0.78 | Sum=1.01
==================================================
Balance: $116.56 | Regime: CHOP | Session: 0W/0L (0%) | PnL: $+0.00
[Confidence] Score=5/10 | moderate_edge,coinbase_weak,all3_agree,peak_hour
[Signal] DOWN candidate | yes=0.23 | waiting (1/2)
[Cycle] No signal — YES=0.23 is between 0.32 and 0.68, sum=1.01 >= 0.97
[Ticker] KXETH15M-26APR090730-30
[Market] YES=0.26 | NO=0.78 | Sum=1.04
==================================================
Balance: $116.56 | Regime: CHOP | Session: 0W/0L (0%) | PnL: $+0.00
[Confidence] Score=5/10 | moderate_edge,coinbase_weak,all3_agree,peak_hour
[Coinbase] Confirms DOWN | $2184 gap=-2 (0.11%)
[Kraken] Divergence 3160.17% — bet trimmed
[Correlation] All 3 agree — bet boosted
[Signal] CONFIRMED DOWN | yes=0.26 | edge=0.24 | bet=$3.02
[CorrGuard] 2 bots already fired — skipping to avoid correlated loss
[Cycle] No signal — YES=0.26 is between 0.32 and 0.68, sum=1.04 >= 0.97
[Ticker] KXETH15M-26APR090730-30
[Market] YES=0.12 | NO=0.89 | Sum=1.01
==================================================
Balance: $116.56 | Regime: CHOP | Session: 0W/0L (0%) | PnL: $+0.00
[Confidence] Score=6/10 | strong_edge,coinbase_weak,all3_agree,peak_hour
[Timing] Window 5 min old — skipping
[Cycle] No signal — YES=0.12 is between 0.32 and 0.68, sum=1.01 >= 0.97
[Ticker] KXETH15M-26APR090730-30
[Market] YES=0.15 | NO=0.88 | Sum=1.03
==================================================
Balance: $116.56 | Regime: CHOP | Session: 0W/0L (0%) | PnL: $+0.00
[Confidence] Score=6/10 | strong_edge,coinbase_weak,all3_agree,peak_hour
[Timing] Window 6 min old — skipping
[Cycle] No signal — YES=0.15 is between 0.32 and 0.68, sum=1.03 >= 0.97
[Ticker] KXETH15M-26APR090730-30
[Market] YES=0.12 | NO=0.92 | Sum=1.04
==================================================
Balance: $116.56 | Regime: CHOP | Session: 0W/0L (0%) | PnL: $+0.00
[Confidence] Score=6/10 | strong_edge,coinbase_weak,all3_agree,peak_hour
[Timing] Window 7 min old — skipping
[Cycle] No signal — YES=0.12 is between 0.32 and 0.68, sum=1.04 >= 0.97
[Ticker] KXETH15M-26APR090730-30
[Market] YES=0.04 | NO=0.97 | Sum=1.01
==================================================
Balance: $116.56 | Regime: CHOP | Session: 0W/0L (0%) | PnL: $+0.00
[Confidence] Score=7/10 | extreme_edge,coinbase_weak,all3_agree,peak_hour
[Timing] Window 8 min old — skipping
[Cycle] No signal — YES=0.04 is between 0.32 and 0.68, sum=1.01 >= 0.97
[Ticker] KXETH15M-26APR090730-30
[Market] YES=0.05 | NO=0.97 | Sum=1.02
==================================================
Balance: $116.56 | Regime: CHOP | Session: 0W/0L (0%) | PnL: $+0.00
[Confidence] Score=7/10 | extreme_edge,coinbase_weak,all3_agree,peak_hour
[Timing] Window 9 min old — skipping
[Cycle] No signal — YES=0.05 is between 0.32 and 0.68, sum=1.02 >= 0.97
[Ticker] KXETH15M-26APR090730-30
[Market] YES=0.01 | NO=1.00 | Sum=1.01
==================================================
Balance: $116.56 | Regime: CHOP | Session: 0W/0L (0%) | PnL: $+0.00
[Confidence] Score=7/10 | extreme_edge,coinbase_weak,all3_agree,peak_hour
[Timing] Window 10 min old — skipping
[Cycle] No signal — YES=0.01 is between 0.32 and 0.68, sum=1.01 >= 0.97
[Ticker] KXETH15M-26APR090730-30
[Market] YES=0.01 | NO=1.00 | Sum=1.00
==================================================
Balance: $116.56 | Regime: CHOP | Session: 0W/0L (0%) | PnL: $+0.00
[Confidence] Score=7/10 | extreme_edge,coinbase_weak,all3_agree,peak_hour
[Timing] Window 11 min old — skipping
[Cycle] No signal — YES=0.01 is between 0.32 and 0.68, sum=1.00 >= 0.97
[Ticker] KXETH15M-26APR090730-30
[Market] YES=0.01 | NO=1.00 | Sum=1.00
==================================================
Balance: $116.56 | Regime: CHOP | Session: 0W/0L (0%) | PnL: $+0.00
[Confidence] Score=7/10 | extreme_edge,coinbase_weak,all3_agree,peak_hour
[Timing] Window 12 min old — skipping
[Cycle] No signal — YES=0.01 is between 0.32 and 0.68, sum=1.00 >= 0.97
[Ticker] KXETH15M-26APR090730-30
[Market] YES=0.01 | NO=1.00 | Sum=1.00
==================================================
Balance: $116.56 | Regime: CHOP | Session: 0W/0L (0%) | PnL: $+0.00
[Confidence] Score=7/10 | extreme_edge,coinbase_weak,all3_agree,peak_hour
[Timing] Window 13 min old — skipping
[Cycle] No signal — YES=0.01 is between 0.32 and 0.68, sum=1.00 >= 0.97
[Ticker] KXETH15M-26APR090730-30
[Market] YES=0.01 | NO=1.00 | Sum=1.00
==================================================
Balance: $116.56 | Regime: CHOP | Session: 0W/0L (0%) | PnL: $+0.00
[Confidence] Score=7/10 | extreme_edge,coinbase_weak,all3_agree,peak_hour
[Timing] Window 14 min old — skipping
[Cycle] No signal — YES=0.01 is between 0.32 and 0.68, sum=1.00 >= 0.97
[Ticker] KXETH15M-26APR090745-45
[Market] YES=0.59 | NO=0.42 | Sum=1.01
==================================================
Balance: $116.56 | Regime: CHOP | Session: 0W/0L (0%) | PnL: $+0.00
[Cycle] No signal — YES=0.59 is between 0.32 and 0.68, sum=1.01 >= 0.97
[Ticker] KXETH15M-26APR090745-45
[Market] YES=0.67 | NO=0.38 | Sum=1.05
==================================================
Balance: $116.56 | Regime: CHOP | Session: 0W/0L (0%) | PnL: $+0.00
[Cycle] No signal — YES=0.67 is between 0.32 and 0.68, sum=1.05 >= 0.97
[Ticker] KXETH15M-26APR090745-45
[Market] YES=0.62 | NO=0.41 | Sum=1.03
==================================================
Balance: $116.56 | Regime: CHOP | Session: 0W/0L (0%) | PnL: $+0.00
[Cycle] No signal — YES=0.62 is between 0.32 and 0.68, sum=1.03 >= 0.97
[Ticker] KXETH15M-26APR090745-45
[Market] YES=0.52 | NO=0.49 | Sum=1.01
==================================================
Balance: $116.56 | Regime: CHOP | Session: 0W/0L (0%) | PnL: $+0.00
[Cycle] No signal — YES=0.52 is between 0.32 and 0.68, sum=1.01 >= 0.97
[Ticker] KXETH15M-26APR090745-45
[Market] YES=0.50 | NO=0.52 | Sum=1.02
==================================================
Balance: $116.56 | Regime: CHOP | Session: 0W/0L (0%) | PnL: $+0.00
[Cycle] No signal — YES=0.50 is between 0.32 and 0.68, sum=1.02 >= 0.97
[Ticker] KXETH15M-26APR090745-45
[Market] YES=0.45 | NO=0.59 | Sum=1.04
==================================================
Balance: $116.56 | Regime: CHOP | Session: 0W/0L (0%) | PnL: $+0.00
[Cycle] No signal — YES=0.45 is between 0.32 and 0.68, sum=1.04 >= 0.97
[Ticker] KXETH15M-26APR090745-45
[Market] YES=0.43 | NO=0.62 | Sum=1.05
==================================================
Balance: $116.56 | Regime: CHOP | Session: 0W/0L (0%) | PnL: $+0.00
[Cycle] No signal — YES=0.43 is between 0.32 and 0.68, sum=1.05 >= 0.97
[Ticker] KXETH15M-26APR090745-45
[Market] YES=0.26 | NO=0.78 | Sum=1.04
==================================================
Balance: $116.56 | Regime: CHOP | Session: 0W/0L (0%) | PnL: $+0.00
[Confidence] Score=5/10 | moderate_edge,coinbase_weak,all3_agree,peak_hour
[Timing] Window 7 min old — skipping
[Cycle] No signal — YES=0.26 is between 0.32 and 0.68, sum=1.04 >= 0.97
[Ticker] KXETH15M-26APR090745-45
[Market] YES=0.59 | NO=0.46 | Sum=1.05
==================================================
Balance: $116.56 | Regime: CHOP | Session: 0W/0L (0%) | PnL: $+0.00
[Cycle] No signal — YES=0.59 is between 0.32 and 0.68, sum=1.05 >= 0.97
[Ticker] KXETH15M-26APR090745-45
[Market] YES=0.82 | NO=0.21 | Sum=1.03
==================================================
Balance: $116.56 | Regime: CHOP | Session: 0W/0L (0%) | PnL: $+0.00
[Confidence] Score=4/10 | strong_edge,coinbase_weak,peak_hour
[Timing] Window 9 min old — skipping
[Cycle] No signal — YES=0.82 is between 0.32 and 0.68, sum=1.03 >= 0.97
[Ticker] KXETH15M-26APR090745-45
[Market] YES=0.96 | NO=0.07 | Sum=1.03
==================================================
Balance: $116.56 | Regime: CHOP | Session: 0W/0L (0%) | PnL: $+0.00
[Confidence] Score=5/10 | extreme_edge,coinbase_weak,peak_hour
[Timing] Window 10 min old — skipping
[Cycle] No signal — YES=0.96 is between 0.32 and 0.68, sum=1.03 >= 0.97
[Ticker] KXETH15M-26APR090745-45
[Market] YES=0.83 | NO=0.21 | Sum=1.04
==================================================
Balance: $116.56 | Regime: CHOP | Session: 0W/0L (0%) | PnL: $+0.00
[Confidence] Score=4/10 | strong_edge,coinbase_weak,peak_hour
[Timing] Window 11 min old — skipping
[Cycle] No signal — YES=0.83 is between 0.32 and 0.68, sum=1.04 >= 0.97
[Ticker] KXETH15M-26APR090745-45
[Market] YES=0.56 | NO=0.49 | Sum=1.05
==================================================
Balance: $116.56 | Regime: CHOP | Session: 0W/0L (0%) | PnL: $+0.00
[Cycle] No signal — YES=0.56 is between 0.32 and 0.68, sum=1.05 >= 0.97
[Ticker] KXETH15M-26APR090745-45
[Market] YES=0.68 | NO=0.43 | Sum=1.11
==================================================
Balance: $116.56 | Regime: CHOP | Session: 0W/0L (0%) | PnL: $+0.00
[Cycle] No signal — YES=0.68 is between 0.32 and 0.68, sum=1.11 >= 0.97
[Ticker] KXETH15M-26APR090745-45
[Market] YES=1.00 | NO=0.01 | Sum=1.00
==================================================
Balance: $116.56 | Regime: CHOP | Session: 0W/0L (0%) | PnL: $+0.00
[Confidence] Score=5/10 | extreme_edge,coinbase_weak,peak_hour
[Timing] Window 14 min old — skipping
[Cycle] No signal — YES=1.00 is between 0.32 and 0.68, sum=1.00 >= 0.97
[Ticker] KXETH15M-26APR090800-00
[Market] YES=0.62 | NO=0.40 | Sum=1.02
==================================================
Balance: $116.56 | Regime: CHOP | Session: 0W/0L (0%) | PnL: $+0.00
[Cycle] No signal — YES=0.62 is between 0.32 and 0.68, sum=1.02 >= 0.97
[Ticker] KXETH15M-26APR090800-00
[Market] YES=0.58 | NO=0.46 | Sum=1.04
==================================================
Balance: $116.56 | Regime: CHOP | Session: 0W/0L (0%) | PnL: $+0.00
[Cycle] No signal — YES=0.58 is between 0.32 and 0.68, sum=1.04 >= 0.97
[Ticker] KXETH15M-26APR090800-00
[Market] YES=0.64 | NO=0.39 | Sum=1.03
==================================================
Balance: $116.56 | Regime: CHOP | Session: 0W/0L (0%) | PnL: $+0.00
[Cycle] No signal — YES=0.64 is between 0.32 and 0.68, sum=1.03 >= 0.97
[Ticker] KXETH15M-26APR090800-00
[Market] YES=0.76 | NO=0.26 | Sum=1.02
==================================================
Balance: $116.56 | Regime: CHOP | Session: 0W/0L (0%) | PnL: $+0.00
[Confidence] Score=3/10 | moderate_edge,coinbase_weak,peak_hour
[Signal] UP candidate | yes=0.76 | waiting (1/2)
[Cycle] No signal — YES=0.76 is between 0.32 and 0.68, sum=1.02 >= 0.97
[Ticker] KXETH15M-26APR090800-00
[Market] YES=0.75 | NO=0.28 | Sum=1.03
==================================================
Balance: $116.56 | Regime: CHOP | Session: 0W/0L (0%) | PnL: $+0.00
[Confidence] Score=3/10 | moderate_edge,coinbase_weak,peak_hour
[Coinbase] Confirms UP | $2182 gap=+2 (0.07%)
[Kraken] Divergence 3162.91% — bet trimmed
[Correlation] 2/3 agree UP
[Signal] CONFIRMED UP | yes=0.75 | edge=0.25 | bet=$2.63
[Safety] Balance $116.56 below floor $120.00
🛑 OpenClaw ETH Bot v4.0 halted: Balance $116.56 below floor $120.00

==================================================
OpenClaw ETH Bot v4.0 — LIVE
[Startup] Live balance synced: $116.56
Balance: $116.56 | MaxBet: $11.66 | Threshold: <0.32 or >0.68
==================================================

[Startup] Resting orders cleared
[Ticker] KXETH15M-26APR090800-00
[Market] YES=0.74 | NO=0.30 | Sum=1.04
==================================================
Balance: $116.56 | Regime: CHOP | Session: 0W/0L (0%) | PnL: $+0.00
[Confidence] Score=3/10 | moderate_edge,coinbase_weak,peak_hour
[Timing] Window 5 min old — skipping
[Cycle] No signal — YES=0.74 is between 0.32 and 0.68, sum=1.04 >= 0.97
[Ticker] KXETH15M-26APR090800-00
[Market] YES=0.84 | NO=0.18 | Sum=1.02
==================================================
Balance: $116.56 | Regime: CHOP | Session: 0W/0L (0%) | PnL: $+0.00
[Confidence] Score=4/10 | strong_edge,coinbase_weak,peak_hour
[Timing] Window 6 min old — skipping
[Cycle] No signal — YES=0.84 is between 0.32 and 0.68, sum=1.02 >= 0.97
[Ticker] KXETH15M-26APR090800-00
[Market] YES=0.54 | NO=0.49 | Sum=1.03
==================================================
Balance: $116.56 | Regime: CHOP | Session: 0W/0L (0%) | PnL: $+0.00
[Cycle] No signal — YES=0.54 is between 0.32 and 0.68, sum=1.03 >= 0.97
[Ticker] KXETH15M-26APR090800-00
[Market] YES=0.64 | NO=0.37 | Sum=1.01
==================================================
Balance: $116.56 | Regime: CHOP | Session: 0W/0L (0%) | PnL: $+0.00
[Cycle] No signal — YES=0.64 is between 0.32 and 0.68, sum=1.01 >= 0.97
[Ticker] KXETH15M-26APR090800-00
[Market] YES=0.66 | NO=0.36 | Sum=1.02
==================================================
Balance: $116.56 | Regime: CHOP | Session: 0W/0L (0%) | PnL: $+0.00
[Cycle] No signal — YES=0.66 is between 0.32 and 0.68, sum=1.02 >= 0.97
[Ticker] KXETH15M-26APR090800-00
[Market] YES=0.46 | NO=0.60 | Sum=1.06
==================================================
Balance: $116.56 | Regime: CHOP | Session: 0W/0L (0%) | PnL: $+0.00
[Cycle] No signal — YES=0.46 is between 0.32 and 0.68, sum=1.06 >= 0.97
[Ticker] KXETH15M-26APR090800-00
[Market] YES=0.59 | NO=0.46 | Sum=1.05
==================================================
Balance: $116.56 | Regime: CHOP | Session: 0W/0L (0%) | PnL: $+0.00
[Cycle] No signal — YES=0.59 is between 0.32 and 0.68, sum=1.05 >= 0.97
[Ticker] KXETH15M-26APR090800-00
[Market] YES=0.14 | NO=0.87 | Sum=1.01
==================================================
Balance: $116.56 | Regime: CHOP | Session: 0W/0L (0%) | PnL: $+0.00
[Confidence] Score=6/10 | strong_edge,coinbase_weak,all3_agree,peak_hour
[Timing] Window 12 min old — skipping
[Cycle] No signal — YES=0.14 is between 0.32 and 0.68, sum=1.01 >= 0.97
[Ticker] KXETH15M-26APR090800-00
[Market] YES=0.35 | NO=0.68 | Sum=1.03
==================================================
Balance: $116.56 | Regime: CHOP | Session: 0W/0L (0%) | PnL: $+0.00
[Cycle] No signal — YES=0.35 is between 0.32 and 0.68, sum=1.03 >= 0.97
[Ticker] KXETH15M-26APR090800-00
[Market] YES=0.50 | NO=0.91 | Sum=1.41
==================================================
Balance: $116.56 | Regime: CHOP | Session: 0W/0L (0%) | PnL: $+0.00
[Cycle] No signal — YES=0.50 is between 0.32 and 0.68, sum=1.41 >= 0.97
[Ticker] KXETH15M-26APR090800-00
[Market] YES=0.00 | NO=1.00 | Sum=1.00
==================================================
Balance: $116.56 | Regime: CHOP | Session: 0W/0L (0%) | PnL: $+0.00
[Confidence] Score=6/10 | extreme_edge,coinbase_weak,all3_agree
[Timing] Window 0 min old — skipping
[Cycle] No signal — YES=0.00 is between 0.32 and 0.68, sum=1.00 >= 0.97
[Ticker] KXETH15M-26APR090815-15
[Market] YES=0.53 | NO=0.49 | Sum=1.02
==================================================
Balance: $116.56 | Regime: CHOP | Session: 0W/0L (0%) | PnL: $+0.00
[Cycle] No signal — YES=0.53 is between 0.32 and 0.68, sum=1.02 >= 0.97
[Ticker] KXETH15M-26APR090815-15
[Market] YES=0.59 | NO=0.42 | Sum=1.01
==================================================
Balance: $116.56 | Regime: CHOP | Session: 0W/0L (0%) | PnL: $+0.00
[Cycle] No signal — YES=0.59 is between 0.32 and 0.68, sum=1.01 >= 0.97
[Ticker] KXETH15M-26APR090815-15
[Market] YES=0.73 | NO=0.31 | Sum=1.04
==================================================
Balance: $116.56 | Regime: CHOP | Session: 0W/0L (0%) | PnL: $+0.00
[Confidence] Score=2/10 | moderate_edge,coinbase_weak
[Signal] UP candidate | yes=0.73 | waiting (1/2)
[Cycle] No signal — YES=0.73 is between 0.32 and 0.68, sum=1.04 >= 0.97
[Ticker] KXETH15M-26APR090815-15
[Market] YES=0.75 | NO=0.27 | Sum=1.02
==================================================
Balance: $116.56 | Regime: CHOP | Session: 0W/0L (0%) | PnL: $+0.00
[Confidence] Score=2/10 | moderate_edge,coinbase_weak
[Coinbase] Confirms UP | $2182 gap=+2 (0.08%)
[Kraken] Divergence 3163.76% — bet trimmed
[Correlation] Markets diverging — bet trimmed
[Signal] CONFIRMED UP | yes=0.75 | edge=0.25 | bet=$1.62
[Safety] Balance $116.56 below floor $120.00
🛑 OpenClaw ETH Bot v4.0 halted: Balance $116.56 below floor $120.00

==================================================
OpenClaw ETH Bot v4.0 — LIVE
[Startup] Live balance synced: $116.56
Balance: $116.56 | MaxBet: $5.25 | Threshold: <0.32 or >0.68
==================================================

[Startup] Resting orders cleared
[Ticker] KXETH15M-26APR090815-15
[Market] YES=0.76 | NO=0.27 | Sum=1.03
==================================================
Balance: $116.56 | Regime: CHOP | Session: 0W/0L (0%) | PnL: $+0.00
[Confidence] Score=2/10 | moderate_edge,coinbase_weak
[Signal] UP candidate | yes=0.76 | waiting (1/2)
[Cycle] No signal — YES=0.76 is between 0.32 and 0.68, sum=1.03 >= 0.97
[Ticker] KXETH15M-26APR090815-15
[Market] YES=0.72 | NO=0.33 | Sum=1.05
==================================================
Balance: $116.56 | Regime: CHOP | Session: 0W/0L (0%) | PnL: $+0.00
[Confidence] Score=2/10 | moderate_edge,coinbase_weak
[Timing] Window 5 min old — skipping
[Cycle] No signal — YES=0.72 is between 0.32 and 0.68, sum=1.05 >= 0.97
[Ticker] KXETH15M-26APR090815-15
[Market] YES=0.67 | NO=0.38 | Sum=1.05
==================================================
Balance: $116.56 | Regime: CHOP | Session: 0W/0L (0%) | PnL: $+0.00
[Cycle] No signal — YES=0.67 is between 0.32 and 0.68, sum=1.05 >= 0.97
[Ticker] KXETH15M-26APR090815-15
[Market] YES=0.61 | NO=0.44 | Sum=1.05
==================================================
Balance: $116.56 | Regime: CHOP | Session: 0W/0L (0%) | PnL: $+0.00
[Cycle] No signal — YES=0.61 is between 0.32 and 0.68, sum=1.05 >= 0.97
[Ticker] KXETH15M-26APR090815-15
[Market] YES=0.56 | NO=0.49 | Sum=1.05
==================================================
Balance: $116.56 | Regime: CHOP | Session: 0W/0L (0%) | PnL: $+0.00
[Cycle] No signal — YES=0.56 is between 0.32 and 0.68, sum=1.05 >= 0.97
[Ticker] KXETH15M-26APR090815-15
[Market] YES=0.83 | NO=0.19 | Sum=1.02
==================================================
Balance: $116.56 | Regime: CHOP | Session: 0W/0L (0%) | PnL: $+0.00
[Confidence] Score=3/10 | strong_edge,coinbase_weak
[Timing] Window 9 min old — skipping
[Cycle] No signal — YES=0.83 is between 0.32 and 0.68, sum=1.02 >= 0.97
[Ticker] KXETH15M-26APR090815-15
[Market] YES=0.86 | NO=0.15 | Sum=1.01
==================================================
Balance: $116.56 | Regime: CHOP | Session: 0W/0L (0%) | PnL: $+0.00
[Confidence] Score=3/10 | strong_edge,coinbase_weak
[Timing] Window 10 min old — skipping
[Cycle] No signal — YES=0.86 is between 0.32 and 0.68, sum=1.01 >= 0.97
[Ticker] KXETH15M-26APR090815-15
[Market] YES=0.95 | NO=0.08 | Sum=1.03
==================================================
Balance: $116.56 | Regime: CHOP | Session: 0W/0L (0%) | PnL: $+0.00
[Confidence] Score=3/10 | strong_edge,coinbase_weak
[Timing] Window 11 min old — skipping
[Cycle] No signal — YES=0.95 is between 0.32 and 0.68, sum=1.03 >= 0.97
[Ticker] KXETH15M-26APR090815-15
[Market] YES=0.96 | NO=0.07 | Sum=1.03
==================================================
Balance: $116.56 | Regime: CHOP | Session: 0W/0L (0%) | PnL: $+0.00
[Confidence] Score=4/10 | extreme_edge,coinbase_weak
[Timing] Window 12 min old — skipping
[Cycle] No signal — YES=0.96 is between 0.32 and 0.68, sum=1.03 >= 0.97
[Ticker] KXETH15M-26APR090815-15
[Market] YES=0.98 | NO=0.05 | Sum=1.03
==================================================
Balance: $116.56 | Regime: CHOP | Session: 0W/0L (0%) | PnL: $+0.00
[Confidence] Score=4/10 | extreme_edge,coinbase_weak
[Timing] Window 13 min old — skipping
[Cycle] No signal — YES=0.98 is between 0.32 and 0.68, sum=1.03 >= 0.97
[Ticker] KXETH15M-26APR090815-15
[Market] YES=1.00 | NO=0.01 | Sum=1.01
==================================================
Balance: $116.56 | Regime: CHOP | Session: 0W/0L (0%) | PnL: $+0.00
[Confidence] Score=4/10 | extreme_edge,coinbase_weak
[Timing] Window 14 min old — skipping
[Cycle] No signal — YES=1.00 is between 0.32 and 0.68, sum=1.01 >= 0.97
[Ticker] KXETH15M-26APR090815-15
[Market] YES=1.00 | NO=1.00 | Sum=2.00
==================================================
Balance: $116.56 | Regime: CHOP | Session: 0W/0L (0%) | PnL: $+0.00
[Confidence] Score=4/10 | extreme_edge,coinbase_weak
[Timing] Window 0 min old — skipping
[Cycle] No signal — YES=1.00 is between 0.32 and 0.68, sum=2.00 >= 0.97
[Ticker] KXETH15M-26APR090830-30
[Market] YES=0.54 | NO=0.47 | Sum=1.01
==================================================
Balance: $116.56 | Regime: CHOP | Session: 0W/0L (0%) | PnL: $+0.00
[Cycle] No signal — YES=0.54 is between 0.32 and 0.68, sum=1.01 >= 0.97
[Ticker] KXETH15M-26APR090830-30
[Market] YES=0.60 | NO=0.44 | Sum=1.04
==================================================
Balance: $116.56 | Regime: CHOP | Session: 0W/0L (0%) | PnL: $+0.00
[Cycle] No signal — YES=0.60 is between 0.32 and 0.68, sum=1.04 >= 0.97
[Ticker] KXETH15M-26APR090830-30
[Market] YES=0.50 | NO=0.53 | Sum=1.03
==================================================
Balance: $116.56 | Regime: CHOP | Session: 0W/0L (0%) | PnL: $+0.00
[Cycle] No signal — YES=0.50 is between 0.32 and 0.68, sum=1.03 >= 0.97
[Ticker] KXETH15M-26APR090830-30
[Market] YES=0.60 | NO=0.44 | Sum=1.04
==================================================
Balance: $116.56 | Regime: CHOP | Session: 0W/0L (0%) | PnL: $+0.00
[Cycle] No signal — YES=0.60 is between 0.32 and 0.68, sum=1.04 >= 0.97
[Ticker] KXETH15M-26APR090830-30
[Market] YES=0.29 | NO=0.74 | Sum=1.03
==================================================
Balance: $116.56 | Regime: CHOP | Session: 0W/0L (0%) | PnL: $+0.00
[Confidence] Score=4/10 | moderate_edge,coinbase_weak,all3_agree
[Timing] Window 5 min old — skipping
[Cycle] No signal — YES=0.29 is between 0.32 and 0.68, sum=1.03 >= 0.97
[Ticker] KXETH15M-26APR090830-30
[Market] YES=0.19 | NO=0.84 | Sum=1.03
==================================================
Balance: $116.56 | Regime: CHOP | Session: 0W/0L (0%) | PnL: $+0.00
[Confidence] Score=5/10 | strong_edge,coinbase_weak,all3_agree
[Timing] Window 6 min old — skipping
[Cycle] No signal — YES=0.19 is between 0.32 and 0.68, sum=1.03 >= 0.97
[Ticker] KXETH15M-26APR090830-30
[Market] YES=0.09 | NO=0.94 | Sum=1.03
==================================================
Balance: $116.56 | Regime: CHOP | Session: 0W/0L (0%) | PnL: $+0.00
[Confidence] Score=5/10 | strong_edge,coinbase_weak,all3_agree
[Timing] Window 7 min old — skipping
[Cycle] No signal — YES=0.09 is between 0.32 and 0.68, sum=1.03 >= 0.97
[Ticker] KXETH15M-26APR090830-30
[Market] YES=0.05 | NO=0.97 | Sum=1.02
==================================================
Balance: $116.56 | Regime: CHOP | Session: 0W/0L (0%) | PnL: $+0.00
[Confidence] Score=6/10 | extreme_edge,coinbase_weak,all3_agree
[Timing] Window 8 min old — skipping
[Cycle] No signal — YES=0.05 is between 0.32 and 0.68, sum=1.02 >= 0.97
[Ticker] KXETH15M-26APR090830-30
[Market] YES=0.03 | NO=0.98 | Sum=1.01
==================================================
Balance: $116.56 | Regime: CHOP | Session: 0W/0L (0%) | PnL: $+0.00
[Confidence] Score=6/10 | extreme_edge,coinbase_weak,all3_agree
[Timing] Window 9 min old — skipping
[Cycle] No signal — YES=0.03 is between 0.32 and 0.68, sum=1.01 >= 0.97
[Ticker] KXETH15M-26APR090830-30
[Market] YES=0.03 | NO=0.99 | Sum=1.02
==================================================
Balance: $116.56 | Regime: CHOP | Session: 0W/0L (0%) | PnL: $+0.00
[Confidence] Score=6/10 | extreme_edge,coinbase_weak,all3_agree
[Timing] Window 10 min old — skipping
[Cycle] No signal — YES=0.03 is between 0.32 and 0.68, sum=1.02 >= 0.97
[Ticker] KXETH15M-26APR090830-30
[Market] YES=0.03 | NO=0.99 | Sum=1.02
==================================================
Balance: $116.56 | Regime: CHOP | Session: 0W/0L (0%) | PnL: $+0.00
[Confidence] Score=6/10 | extreme_edge,coinbase_weak,all3_agree
[Timing] Window 11 min old — skipping
[Cycle] No signal — YES=0.03 is between 0.32 and 0.68, sum=1.02 >= 0.97
[Ticker] KXETH15M-26APR090830-30
[Market] YES=0.03 | NO=0.99 | Sum=1.02
==================================================
Balance: $116.56 | Regime: CHOP | Session: 0W/0L (0%) | PnL: $+0.00
[Confidence] Score=5/10 | extreme_edge,coinbase_weak,2of3_agree
[Timing] Window 12 min old — skipping
[Cycle] No signal — YES=0.03 is between 0.32 and 0.68, sum=1.02 >= 0.97
[Ticker] KXETH15M-26APR090830-30
[Market] YES=0.99 | NO=0.03 | Sum=1.02
==================================================
Balance: $116.56 | Regime: CHOP | Session: 0W/0L (0%) | PnL: $+0.00
[Confidence] Score=4/10 | extreme_edge,coinbase_weak
[Timing] Window 13 min old — skipping
[Cycle] No signal — YES=0.99 is between 0.32 and 0.68, sum=1.02 >= 0.97
[Ticker] KXETH15M-26APR090830-30
[Market] YES=0.99 | NO=0.01 | Sum=1.00
==================================================
Balance: $116.56 | Regime: CHOP | Session: 0W/0L (0%) | PnL: $+0.00
[Confidence] Score=4/10 | extreme_edge,coinbase_weak
[Timing] Window 14 min old — skipping
[Cycle] No signal — YES=0.99 is between 0.32 and 0.68, sum=1.00 >= 0.97
[Ticker] KXETH15M-26APR090845-45
[Market] YES=0.67 | NO=0.45 | Sum=1.12
==================================================
Balance: $116.56 | Regime: CHOP | Session: 0W/0L (0%) | PnL: $+0.00
[Cycle] No signal — YES=0.67 is between 0.32 and 0.68, sum=1.12 >= 0.97
[Ticker] KXETH15M-26APR090845-45
[Market] YES=0.32 | NO=0.69 | Sum=1.01
==================================================
Balance: $116.56 | Regime: CHOP | Session: 0W/0L (0%) | PnL: $+0.00
[Cycle] No signal — YES=0.32 is between 0.32 and 0.68, sum=1.01 >= 0.97
[Ticker] KXETH15M-26APR090845-45
[Market] YES=0.31 | NO=0.70 | Sum=1.01
==================================================
Balance: $116.56 | Regime: CHOP | Session: 0W/0L (0%) | PnL: $+0.00
[Signal] Edge 0.19 below minimum 0.2 — skipping
[Cycle] No signal — YES=0.31 is between 0.32 and 0.68, sum=1.01 >= 0.97
[Ticker] KXETH15M-26APR090845-45
[Market] YES=0.35 | NO=0.67 | Sum=1.02
==================================================
Balance: $116.56 | Regime: CHOP | Session: 0W/0L (0%) | PnL: $+0.00
[Cycle] No signal — YES=0.35 is between 0.32 and 0.68, sum=1.02 >= 0.97
[Ticker] KXETH15M-26APR090845-45
[Market] YES=0.33 | NO=0.71 | Sum=1.04
==================================================
Balance: $116.56 | Regime: CHOP | Session: 0W/0L (0%) | PnL: $+0.00
[Cycle] No signal — YES=0.33 is between 0.32 and 0.68, sum=1.04 >= 0.97
[Ticker] KXETH15M-26APR090845-45
[Market] YES=0.37 | NO=0.67 | Sum=1.04
==================================================
Balance: $116.56 | Regime: CHOP | Session: 0W/0L (0%) | PnL: $+0.00
[Cycle] No signal — YES=0.37 is between 0.32 and 0.68, sum=1.04 >= 0.97
[Ticker] KXETH15M-26APR090845-45
[Market] YES=0.48 | NO=0.55 | Sum=1.03
==================================================
Balance: $116.56 | Regime: CHOP | Session: 0W/0L (0%) | PnL: $+0.00
[Cycle] No signal — YES=0.48 is between 0.32 and 0.68, sum=1.03 >= 0.97
[Ticker] KXETH15M-26APR090845-45
[Market] YES=0.23 | NO=0.78 | Sum=1.01
==================================================
Balance: $116.56 | Regime: CHOP | Session: 0W/0L (0%) | PnL: $+0.00
[Confidence] Score=3/10 | moderate_edge,coinbase_weak,2of3_agree
[Timing] Window 7 min old — skipping
[Cycle] No signal — YES=0.23 is between 0.32 and 0.68, sum=1.01 >= 0.97
[Ticker] KXETH15M-26APR090845-45
[Market] YES=0.18 | NO=0.83 | Sum=1.01
==================================================
Balance: $116.56 | Regime: CHOP | Session: 0W/0L (0%) | PnL: $+0.00
[Confidence] Score=5/10 | strong_edge,coinbase_weak,all3_agree
[Timing] Window 8 min old — skipping
[Cycle] No signal — YES=0.18 is between 0.32 and 0.68, sum=1.01 >= 0.97
[Ticker] KXETH15M-26APR090845-45
[Market] YES=0.09 | NO=0.94 | Sum=1.03
==================================================
Balance: $116.56 | Regime: CHOP | Session: 0W/0L (0%) | PnL: $+0.00
[Confidence] Score=5/10 | strong_edge,coinbase_weak,all3_agree
[Timing] Window 9 min old — skipping
[Cycle] No signal — YES=0.09 is between 0.32 and 0.68, sum=1.03 >= 0.97
[Ticker] KXETH15M-26APR090845-45
[Market] YES=0.05 | NO=0.97 | Sum=1.02
==================================================
Balance: $116.56 | Regime: CHOP | Session: 0W/0L (0%) | PnL: $+0.00
[Confidence] Score=6/10 | extreme_edge,coinbase_weak,all3_agree
[Timing] Window 10 min old — skipping
[Cycle] No signal — YES=0.05 is between 0.32 and 0.68, sum=1.02 >= 0.97
[Ticker] KXETH15M-26APR090845-45
[Market] YES=0.04 | NO=0.98 | Sum=1.02
==================================================
Balance: $116.56 | Regime: CHOP | Session: 0W/0L (0%) | PnL: $+0.00
[Confidence] Score=6/10 | extreme_edge,coinbase_weak,all3_agree
[Timing] Window 11 min old — skipping
[Cycle] No signal — YES=0.04 is between 0.32 and 0.68, sum=1.02 >= 0.97
[Ticker] KXETH15M-26APR090845-45
[Market] YES=0.20 | NO=0.81 | Sum=1.01
==================================================
Balance: $116.56 | Regime: CHOP | Session: 0W/0L (0%) | PnL: $+0.00
[Confidence] Score=5/10 | strong_edge,coinbase_weak,all3_agree
[Timing] Window 12 min old — skipping
[Cycle] No signal — YES=0.20 is between 0.32 and 0.68, sum=1.01 >= 0.97
[Ticker] KXETH15M-26APR090845-45
[Market] YES=0.48 | NO=0.57 | Sum=1.05
==================================================
Balance: $116.56 | Regime: CHOP | Session: 0W/0L (0%) | PnL: $+0.00
[Cycle] No signal — YES=0.48 is between 0.32 and 0.68, sum=1.05 >= 0.97
[Ticker] KXETH15M-26APR090845-45
[Market] YES=0.06 | NO=0.97 | Sum=1.03
==================================================
Balance: $116.56 | Regime: CHOP | Session: 0W/0L (0%) | PnL: $+0.00
[Confidence] Score=5/10 | strong_edge,coinbase_weak,all3_agree
[Timing] Window 14 min old — skipping
[Cycle] No signal — YES=0.06 is between 0.32 and 0.68, sum=1.03 >= 0.97
[Ticker] KXETH15M-26APR090845-45
[Market] YES=1.00 | NO=1.00 | Sum=2.00
==================================================
Balance: $116.56 | Regime: CHOP | Session: 0W/0L (0%) | PnL: $+0.00
[Confidence] Score=3/10 | extreme_edge
[Timing] Window 0 min old — skipping
[Cycle] No signal — YES=1.00 is between 0.32 and 0.68, sum=2.00 >= 0.97
[Ticker] KXETH15M-26APR090900-00
[Market] YES=0.46 | NO=0.57 | Sum=1.03
==================================================
Balance: $116.56 | Regime: CHOP | Session: 0W/0L (0%) | PnL: $+0.00
[Cycle] No signal — YES=0.46 is between 0.32 and 0.68, sum=1.03 >= 0.97
[Ticker] KXETH15M-26APR090900-00
[Market] YES=0.23 | NO=0.81 | Sum=1.04
==================================================
Balance: $116.56 | Regime: CHOP | Session: 0W/0L (0%) | PnL: $+0.00
[Confidence] Score=4/10 | moderate_edge,coinbase_weak,all3_agree
[Signal] DOWN candidate | yes=0.23 | waiting (1/2)
[Cycle] No signal — YES=0.23 is between 0.32 and 0.68, sum=1.04 >= 0.97
[Ticker] KXETH15M-26APR090900-00
[Market] YES=0.33 | NO=0.71 | Sum=1.04
==================================================
Balance: $116.56 | Regime: CHOP | Session: 0W/0L (0%) | PnL: $+0.00
[Cycle] No signal — YES=0.33 is between 0.32 and 0.68, sum=1.04 >= 0.97
[Ticker] KXETH15M-26APR090900-00
[Market] YES=0.35 | NO=0.66 | Sum=1.01
==================================================
Balance: $116.56 | Regime: CHOP | Session: 0W/0L (0%) | PnL: $+0.00
[Cycle] No signal — YES=0.35 is between 0.32 and 0.68, sum=1.01 >= 0.97
[Ticker] KXETH15M-26APR090900-00
[Market] YES=0.24 | NO=0.78 | Sum=1.02
==================================================
Balance: $116.56 | Regime: CHOP | Session: 0W/0L (0%) | PnL: $+0.00
[Confidence] Score=4/10 | moderate_edge,coinbase_weak,all3_agree
[Timing] Window 5 min old — skipping
[Cycle] No signal — YES=0.24 is between 0.32 and 0.68, sum=1.02 >= 0.97
[Ticker] KXETH15M-26APR090900-00
[Market] YES=0.23 | NO=0.79 | Sum=1.02
==================================================
Balance: $116.56 | Regime: CHOP | Session: 0W/0L (0%) | PnL: $+0.00
[Confidence] Score=4/10 | moderate_edge,coinbase_weak,all3_agree
[Timing] Window 6 min old — skipping
[Cycle] No signal — YES=0.23 is between 0.32 and 0.68, sum=1.02 >= 0.97
[Ticker] KXETH15M-26APR090900-00
[Market] YES=0.14 | NO=0.88 | Sum=1.02
==================================================
Balance: $116.56 | Regime: CHOP | Session: 0W/0L (0%) | PnL: $+0.00
[Confidence] Score=5/10 | strong_edge,coinbase_weak,all3_agree
[Timing] Window 7 min old — skipping
[Cycle] No signal — YES=0.14 is between 0.32 and 0.68, sum=1.02 >= 0.97
[Ticker] KXETH15M-26APR090900-00
[Market] YES=0.15 | NO=0.86 | Sum=1.01
==================================================
Balance: $116.56 | Regime: CHOP | Session: 0W/0L (0%) | PnL: $+0.00
[Confidence] Score=4/10 | strong_edge,coinbase_weak,2of3_agree
[Timing] Window 8 min old — skipping
[Cycle] No signal — YES=0.15 is between 0.32 and 0.68, sum=1.01 >= 0.97
[Ticker] KXETH15M-26APR090900-00
[Market] YES=0.17 | NO=0.86 | Sum=1.03
==================================================
Balance: $116.56 | Regime: CHOP | Session: 0W/0L (0%) | PnL: $+0.00
[Confidence] Score=5/10 | strong_edge,coinbase_weak,all3_agree
[Timing] Window 9 min old — skipping
[Cycle] No signal — YES=0.17 is between 0.32 and 0.68, sum=1.03 >= 0.97
[Ticker] KXETH15M-26APR090900-00
[Market] YES=0.10 | NO=0.92 | Sum=1.02
==================================================
Balance: $116.56 | Regime: CHOP | Session: 0W/0L (0%) | PnL: $+0.00
[Confidence] Score=5/10 | strong_edge,coinbase_weak,all3_agree
[Timing] Window 10 min old — skipping
[Cycle] No signal — YES=0.10 is between 0.32 and 0.68, sum=1.02 >= 0.97
[Ticker] KXETH15M-26APR090900-00
[Market] YES=0.08 | NO=0.93 | Sum=1.01
==================================================
Balance: $116.56 | Regime: CHOP | Session: 0W/0L (0%) | PnL: $+0.00
[Confidence] Score=5/10 | strong_edge,coinbase_weak,all3_agree
[Timing] Window 11 min old — skipping
[Cycle] No signal — YES=0.08 is between 0.32 and 0.68, sum=1.01 >= 0.97
[Ticker] KXETH15M-26APR090900-00
[Market] YES=0.04 | NO=0.98 | Sum=1.02
==================================================
Balance: $116.56 | Regime: CHOP | Session: 0W/0L (0%) | PnL: $+0.00
[Confidence] Score=6/10 | extreme_edge,coinbase_weak,all3_agree
[Timing] Window 12 min old — skipping
[Cycle] No signal — YES=0.04 is between 0.32 and 0.68, sum=1.02 >= 0.97
[Ticker] KXETH15M-26APR090900-00
[Market] YES=0.12 | NO=0.92 | Sum=1.04
==================================================
Balance: $116.56 | Regime: CHOP | Session: 0W/0L (0%) | PnL: $+0.00
[Confidence] Score=5/10 | strong_edge,coinbase_weak,all3_agree
[Timing] Window 13 min old — skipping
[Cycle] No signal — YES=0.12 is between 0.32 and 0.68, sum=1.04 >= 0.97
[Ticker] KXETH15M-26APR090900-00
[Market] YES=0.18 | NO=0.91 | Sum=1.09
==================================================
Balance: $116.56 | Regime: CHOP | Session: 0W/0L (0%) | PnL: $+0.00
[Confidence] Score=5/10 | strong_edge,coinbase_weak,all3_agree
[Timing] Window 14 min old — skipping
[Cycle] No signal — YES=0.18 is between 0.32 and 0.68, sum=1.09 >= 0.97
[Ticker] KXETH15M-26APR090900-00
[Market] YES=1.00 | NO=1.00 | Sum=2.00
==================================================
Balance: $116.56 | Regime: CHOP | Session: 0W/0L (0%) | PnL: $+0.00
[Confidence] Score=3/10 | extreme_edge
[Timing] Window 0 min old — skipping
[Cycle] No signal — YES=1.00 is between 0.32 and 0.68, sum=2.00 >= 0.97
[Ticker] KXETH15M-26APR090915-15
[Market] YES=0.46 | NO=0.56 | Sum=1.02
==================================================
Balance: $116.56 | Regime: CHOP | Session: 0W/0L (0%) | PnL: $+0.00
[Cycle] No signal — YES=0.46 is between 0.32 and 0.68, sum=1.02 >= 0.97
[Ticker] KXETH15M-26APR090915-15
[Market] YES=0.38 | NO=0.64 | Sum=1.02
==================================================
Balance: $116.56 | Regime: CHOP | Session: 0W/0L (0%) | PnL: $+0.00
[Cycle] No signal — YES=0.38 is between 0.32 and 0.68, sum=1.02 >= 0.97
[Ticker] KXETH15M-26APR090915-15
[Market] YES=0.25 | NO=0.78 | Sum=1.03
==================================================
Balance: $116.56 | Regime: CHOP | Session: 0W/0L (0%) | PnL: $+0.00
[Confidence] Score=4/10 | moderate_edge,coinbase_weak,all3_agree
[Signal] DOWN candidate | yes=0.25 | waiting (1/2)
[Cycle] No signal — YES=0.25 is between 0.32 and 0.68, sum=1.03 >= 0.97
[Ticker] KXETH15M-26APR090915-15
[Market] YES=0.24 | NO=0.78 | Sum=1.02
==================================================
Balance: $116.56 | Regime: CHOP | Session: 0W/0L (0%) | PnL: $+0.00
[Confidence] Score=4/10 | moderate_edge,coinbase_weak,all3_agree
[Coinbase] Confirms DOWN | $2180 gap=-3 (0.13%)
[Kraken] Divergence 3165.38% — bet trimmed
[Correlation] All 3 agree — bet boosted
[Signal] CONFIRMED DOWN | yes=0.24 | edge=0.26 | bet=$2.16
[Safety] Balance $116.56 below floor $120.00
🛑 OpenClaw ETH Bot v4.0 halted: Balance $116.56 below floor $120.00

==================================================
OpenClaw ETH Bot v4.0 — LIVE
[Startup] Live balance synced: $116.56
Balance: $116.56 | MaxBet: $5.25 | Threshold: <0.32 or >0.68
==================================================

[Startup] Resting orders cleared
[Ticker] KXETH15M-26APR090915-15
[Market] YES=0.29 | NO=0.75 | Sum=1.04
==================================================
Balance: $116.56 | Regime: CHOP | Session: 0W/0L (0%) | PnL: $+0.00
[Confidence] Score=4/10 | moderate_edge,coinbase_weak,all3_agree
[Signal] DOWN candidate | yes=0.29 | waiting (1/2)
[Cycle] No signal — YES=0.29 is between 0.32 and 0.68, sum=1.04 >= 0.97
[Ticker] KXETH15M-26APR090915-15
[Market] YES=0.16 | NO=0.86 | Sum=1.02
==================================================
Balance: $116.56 | Regime: CHOP | Session: 0W/0L (0%) | PnL: $+0.00
[Confidence] Score=5/10 | strong_edge,coinbase_weak,all3_agree
[Timing] Window 5 min old — skipping
[Cycle] No signal — YES=0.16 is between 0.32 and 0.68, sum=1.02 >= 0.97
[Ticker] KXETH15M-26APR090915-15
[Market] YES=0.13 | NO=0.89 | Sum=1.02
==================================================
Balance: $116.56 | Regime: CHOP | Session: 0W/0L (0%) | PnL: $+0.00
[Confidence] Score=4/10 | strong_edge,coinbase_weak,2of3_agree
[Timing] Window 6 min old — skipping
[Cycle] No signal — YES=0.13 is between 0.32 and 0.68, sum=1.02 >= 0.97
[Ticker] KXETH15M-26APR090915-15
[Market] YES=0.14 | NO=0.89 | Sum=1.03
==================================================
Balance: $116.56 | Regime: CHOP | Session: 0W/0L (0%) | PnL: $+0.00
[Confidence] Score=4/10 | strong_edge,coinbase_weak,2of3_agree
[Timing] Window 7 min old — skipping
[Cycle] No signal — YES=0.14 is between 0.32 and 0.68, sum=1.03 >= 0.97
[Ticker] KXETH15M-26APR090915-15
[Market] YES=0.08 | NO=0.95 | Sum=1.03
==================================================
Balance: $116.56 | Regime: CHOP | Session: 0W/0L (0%) | PnL: $+0.00
[Confidence] Score=5/10 | strong_edge,coinbase_weak,all3_agree
[Timing] Window 8 min old — skipping
[Cycle] No signal — YES=0.08 is between 0.32 and 0.68, sum=1.03 >= 0.97
[Ticker] KXETH15M-26APR090915-15
[Market] YES=0.06 | NO=0.96 | Sum=1.02
==================================================
Balance: $116.56 | Regime: CHOP | Session: 0W/0L (0%) | PnL: $+0.00
[Confidence] Score=5/10 | strong_edge,coinbase_weak,all3_agree
[Timing] Window 9 min old — skipping
[Cycle] No signal — YES=0.06 is between 0.32 and 0.68, sum=1.02 >= 0.97
[Ticker] KXETH15M-26APR090915-15
[Market] YES=0.03 | NO=0.98 | Sum=1.01
==================================================
Balance: $116.56 | Regime: CHOP | Session: 0W/0L (0%) | PnL: $+0.00
[Confidence] Score=5/10 | extreme_edge,coinbase_weak,2of3_agree
[Timing] Window 10 min old — skipping
[Cycle] No signal — YES=0.03 is between 0.32 and 0.68, sum=1.01 >= 0.97
[Ticker] KXETH15M-26APR090915-15
[Market] YES=0.02 | NO=0.99 | Sum=1.01
==================================================
Balance: $116.56 | Regime: CHOP | Session: 0W/0L (0%) | PnL: $+0.00
[Confidence] Score=6/10 | extreme_edge,coinbase_weak,all3_agree
[Timing] Window 11 min old — skipping
[Cycle] No signal — YES=0.02 is between 0.32 and 0.68, sum=1.01 >= 0.97
[Ticker] KXETH15M-26APR090915-15
[Market] YES=0.01 | NO=0.99 | Sum=1.01
==================================================
Balance: $116.56 | Regime: CHOP | Session: 0W/0L (0%) | PnL: $+0.00
[Confidence] Score=6/10 | extreme_edge,coinbase_weak,all3_agree
[Timing] Window 12 min old — skipping
[Cycle] No signal — YES=0.01 is between 0.32 and 0.68, sum=1.01 >= 0.97
[Ticker] KXETH15M-26APR090915-15
[Market] YES=0.00 | NO=1.00 | Sum=1.00
==================================================
Balance: $116.56 | Regime: CHOP | Session: 0W/0L (0%) | PnL: $+0.00
[Confidence] Score=6/10 | extreme_edge,coinbase_weak,all3_agree
[Timing] Window 13 min old — skipping
[Cycle] No signal — YES=0.00 is between 0.32 and 0.68, sum=1.00 >= 0.97
[Ticker] KXETH15M-26APR090915-15
[Market] YES=0.00 | NO=1.00 | Sum=1.00
==================================================
Balance: $116.56 | Regime: CHOP | Session: 0W/0L (0%) | PnL: $+0.00
[Confidence] Score=6/10 | extreme_edge,coinbase_weak,all3_agree
[Timing] Window 14 min old — skipping
[Cycle] No signal — YES=0.00 is between 0.32 and 0.68, sum=1.00 >= 0.97
[Ticker] KXETH15M-26APR090930-30
[Market] YES=0.57 | NO=0.54 | Sum=1.11
==================================================
Balance: $116.56 | Regime: CHOP | Session: 0W/0L (0%) | PnL: $+0.00
[Cycle] No signal — YES=0.57 is between 0.32 and 0.68, sum=1.11 >= 0.97
[Ticker] KXETH15M-26APR090930-30
[Market] YES=0.50 | NO=0.53 | Sum=1.03
==================================================
Balance: $116.56 | Regime: CHOP | Session: 0W/0L (0%) | PnL: $+0.00
[Cycle] No signal — YES=0.50 is between 0.32 and 0.68, sum=1.03 >= 0.97
[Ticker] KXETH15M-26APR090930-30
[Market] YES=0.48 | NO=0.55 | Sum=1.03
==================================================
Balance: $116.56 | Regime: CHOP | Session: 0W/0L (0%) | PnL: $+0.00
[Cycle] No signal — YES=0.48 is between 0.32 and 0.68, sum=1.03 >= 0.97
[Ticker] KXETH15M-26APR090930-30
[Market] YES=0.58 | NO=0.46 | Sum=1.04
==================================================
Balance: $116.56 | Regime: CHOP | Session: 0W/0L (0%) | PnL: $+0.00
[Cycle] No signal — YES=0.58 is between 0.32 and 0.68, sum=1.04 >= 0.97
[Ticker] KXETH15M-26APR090930-30
[Market] YES=0.59 | NO=0.44 | Sum=1.03
==================================================
Balance: $116.56 | Regime: CHOP | Session: 0W/0L (0%) | PnL: $+0.00
[Cycle] No signal — YES=0.59 is between 0.32 and 0.68, sum=1.03 >= 0.97
[Ticker] KXETH15M-26APR090930-30
[Market] YES=0.54 | NO=0.49 | Sum=1.03
==================================================
Balance: $116.56 | Regime: CHOP | Session: 0W/0L (0%) | PnL: $+0.00
[Cycle] No signal — YES=0.54 is between 0.32 and 0.68, sum=1.03 >= 0.97
[Ticker] KXETH15M-26APR090930-30
[Market] YES=0.53 | NO=0.50 | Sum=1.03
==================================================
Balance: $116.56 | Regime: CHOP | Session: 0W/0L (0%) | PnL: $+0.00
[Cycle] No signal — YES=0.53 is between 0.32 and 0.68, sum=1.03 >= 0.97
[Ticker] KXETH15M-26APR090930-30
[Market] YES=0.27 | NO=0.77 | Sum=1.04
==================================================
Balance: $116.56 | Regime: CHOP | Session: 0W/0L (0%) | PnL: $+0.00
[Confidence] Score=4/10 | moderate_edge,coinbase_weak,all3_agree
[Timing] Window 7 min old — skipping
[Cycle] No signal — YES=0.27 is between 0.32 and 0.68, sum=1.04 >= 0.97
[Ticker] KXETH15M-26APR090930-30
[Market] YES=0.23 | NO=0.81 | Sum=1.04
==================================================
Balance: $116.56 | Regime: CHOP | Session: 0W/0L (0%) | PnL: $+0.00
[Confidence] Score=4/10 | moderate_edge,coinbase_weak,all3_agree
[Timing] Window 8 min old — skipping
[Cycle] No signal — YES=0.23 is between 0.32 and 0.68, sum=1.04 >= 0.97
[Ticker] KXETH15M-26APR090930-30
[Market] YES=0.22 | NO=0.82 | Sum=1.04
==================================================
Balance: $116.56 | Regime: CHOP | Session: 0W/0L (0%) | PnL: $+0.00
[Confidence] Score=4/10 | moderate_edge,coinbase_weak,all3_agree
[Timing] Window 9 min old — skipping
[Cycle] No signal — YES=0.22 is between 0.32 and 0.68, sum=1.04 >= 0.97
[Ticker] KXETH15M-26APR090930-30
[Market] YES=0.28 | NO=0.75 | Sum=1.03
==================================================
Balance: $116.56 | Regime: CHOP | Session: 0W/0L (0%) | PnL: $+0.00
[Confidence] Score=4/10 | moderate_edge,coinbase_weak,all3_agree
[Timing] Window 10 min old — skipping
[Cycle] No signal — YES=0.28 is between 0.32 and 0.68, sum=1.03 >= 0.97
[Ticker] KXETH15M-26APR090930-30
[Market] YES=0.38 | NO=0.65 | Sum=1.03
==================================================
Balance: $116.56 | Regime: CHOP | Session: 0W/0L (0%) | PnL: $+0.00
[Cycle] No signal — YES=0.38 is between 0.32 and 0.68, sum=1.03 >= 0.97
[Ticker] KXETH15M-26APR090930-30
[Market] YES=0.25 | NO=0.79 | Sum=1.04
==================================================
Balance: $116.56 | Regime: CHOP | Session: 0W/0L (0%) | PnL: $+0.00
[Confidence] Score=4/10 | moderate_edge,coinbase_weak,all3_agree
[Timing] Window 12 min old — skipping
[Cycle] No signal — YES=0.25 is between 0.32 and 0.68, sum=1.04 >= 0.97
[Ticker] KXETH15M-26APR090930-30
[Market] YES=0.59 | NO=0.43 | Sum=1.02
==================================================
Balance: $116.56 | Regime: CHOP | Session: 0W/0L (0%) | PnL: $+0.00
[Cycle] No signal — YES=0.59 is between 0.32 and 0.68, sum=1.02 >= 0.97
[Ticker] KXETH15M-26APR090930-30
[Market] YES=0.88 | NO=0.29 | Sum=1.17
==================================================
Balance: $116.56 | Regime: CHOP | Session: 0W/0L (0%) | PnL: $+0.00
[Confidence] Score=3/10 | strong_edge,coinbase_weak
[Timing] Window 14 min old — skipping
[Cycle] No signal — YES=0.88 is between 0.32 and 0.68, sum=1.17 >= 0.97
[Ticker] KXETH15M-26APR090945-45
[Market] YES=0.47 | NO=0.58 | Sum=1.05
==================================================
Balance: $116.56 | Regime: CHOP | Session: 0W/0L (0%) | PnL: $+0.00
[Cycle] No signal — YES=0.47 is between 0.32 and 0.68, sum=1.05 >= 0.97
[Ticker] KXETH15M-26APR090945-45
[Market] YES=0.54 | NO=0.50 | Sum=1.04
==================================================
Balance: $116.56 | Regime: CHOP | Session: 0W/0L (0%) | PnL: $+0.00
[Cycle] No signal — YES=0.54 is between 0.32 and 0.68, sum=1.04 >= 0.97
[Ticker] KXETH15M-26APR090945-45
[Market] YES=0.33 | NO=0.71 | Sum=1.04
==================================================
Balance: $116.56 | Regime: CHOP | Session: 0W/0L (0%) | PnL: $+0.00
[Cycle] No signal — YES=0.33 is between 0.32 and 0.68, sum=1.04 >= 0.97
[Ticker] KXETH15M-26APR090945-45
[Market] YES=0.12 | NO=0.90 | Sum=1.02
==================================================
Balance: $116.56 | Regime: CHOP | Session: 0W/0L (0%) | PnL: $+0.00
[Confidence] Score=5/10 | strong_edge,coinbase_weak,all3_agree
[Signal] DOWN candidate | yes=0.12 | waiting (1/2)
[Cycle] No signal — YES=0.12 is between 0.32 and 0.68, sum=1.02 >= 0.97
[Ticker] KXETH15M-26APR090945-45
[Market] YES=0.28 | NO=0.73 | Sum=1.01
==================================================
Balance: $116.56 | Regime: CHOP | Session: 0W/0L (0%) | PnL: $+0.00
[Confidence] Score=4/10 | moderate_edge,coinbase_weak,all3_agree
[Coinbase] Confirms DOWN | $2174 gap=-4 (0.18%)
[Kraken] Divergence 3168.58% — bet trimmed
[Correlation] 2/3 agree DOWN
[Signal] CONFIRMED DOWN | yes=0.28 | edge=0.22 | bet=$1.80
[Safety] Balance $116.56 below floor $120.00
🛑 OpenClaw ETH Bot v4.0 halted: Balance $116.56 below floor $120.00

==================================================
OpenClaw ETH Bot v4.0 — LIVE
[Startup] Live balance synced: $116.56
Balance: $116.56 | MaxBet: $5.25 | Threshold: <0.32 or >0.68
==================================================

[Startup] Resting orders cleared
[Ticker] KXETH15M-26APR090945-45
[Market] YES=0.18 | NO=0.84 | Sum=1.02
==================================================
Balance: $116.56 | Regime: CHOP | Session: 0W/0L (0%) | PnL: $+0.00
[Confidence] Score=5/10 | strong_edge,coinbase_weak,all3_agree
[Signal] DOWN candidate | yes=0.18 | waiting (1/2)
[Cycle] No signal — YES=0.18 is between 0.32 and 0.68, sum=1.02 >= 0.97
[Ticker] KXETH15M-26APR090945-45
[Market] YES=0.23 | NO=0.81 | Sum=1.04
==================================================
Balance: $116.56 | Regime: CHOP | Session: 0W/0L (0%) | PnL: $+0.00
[Confidence] Score=4/10 | moderate_edge,coinbase_weak,all3_agree
[Timing] Window 5 min old — skipping
[Cycle] No signal — YES=0.23 is between 0.32 and 0.68, sum=1.04 >= 0.97
[Ticker] KXETH15M-26APR090945-45
[Market] YES=0.25 | NO=0.77 | Sum=1.02
==================================================
Balance: $116.56 | Regime: CHOP | Session: 0W/0L (0%) | PnL: $+0.00
[Confidence] Score=4/10 | moderate_edge,coinbase_weak,all3_agree
[Timing] Window 6 min old — skipping
[Cycle] No signal — YES=0.25 is between 0.32 and 0.68, sum=1.02 >= 0.97
[Ticker] KXETH15M-26APR090945-45
[Market] YES=0.25 | NO=0.78 | Sum=1.03
==================================================
Balance: $116.56 | Regime: CHOP | Session: 0W/0L (0%) | PnL: $+0.00
[Confidence] Score=3/10 | moderate_edge,coinbase_weak,2of3_agree
[Timing] Window 7 min old — skipping
[Cycle] No signal — YES=0.25 is between 0.32 and 0.68, sum=1.03 >= 0.97
[Ticker] KXETH15M-26APR090945-45
[Market] YES=0.10 | NO=0.92 | Sum=1.02
==================================================
Balance: $116.56 | Regime: CHOP | Session: 0W/0L (0%) | PnL: $+0.00
[Confidence] Score=5/10 | strong_edge,coinbase_weak,all3_agree
[Timing] Window 8 min old — skipping
[Cycle] No signal — YES=0.10 is between 0.32 and 0.68, sum=1.02 >= 0.97
[Ticker] KXETH15M-26APR090945-45
[Market] YES=0.05 | NO=0.97 | Sum=1.02
==================================================
Balance: $116.56 | Regime: CHOP | Session: 0W/0L (0%) | PnL: $+0.00
[Confidence] Score=5/10 | strong_edge,coinbase_weak,all3_agree
[Timing] Window 9 min old — skipping
[Cycle] No signal — YES=0.05 is between 0.32 and 0.68, sum=1.02 >= 0.97
[Ticker] KXETH15M-26APR090945-45
[Market] YES=0.02 | NO=0.99 | Sum=1.01
==================================================
Balance: $116.56 | Regime: CHOP | Session: 0W/0L (0%) | PnL: $+0.00
[Confidence] Score=6/10 | extreme_edge,coinbase_strong,2of3_agree
[Timing] Window 10 min old — skipping
[Cycle] No signal — YES=0.02 is between 0.32 and 0.68, sum=1.01 >= 0.97
[Ticker] KXETH15M-26APR090945-45
[Market] YES=0.01 | NO=1.00 | Sum=1.01
==================================================
Balance: $116.56 | Regime: CHOP | Session: 0W/0L (0%) | PnL: $+0.00
[Confidence] Score=6/10 | extreme_edge,coinbase_strong,2of3_agree
[Timing] Window 11 min old — skipping
[Cycle] No signal — YES=0.01 is between 0.32 and 0.68, sum=1.01 >= 0.97
[Ticker] KXETH15M-26APR090945-45
[Market] YES=0.00 | NO=1.00 | Sum=1.00
==================================================
Balance: $116.56 | Regime: CHOP | Session: 0W/0L (0%) | PnL: $+0.00
[Confidence] Score=6/10 | extreme_edge,coinbase_strong,2of3_agree
[Timing] Window 12 min old — skipping
[Cycle] No signal — YES=0.00 is between 0.32 and 0.68, sum=1.00 >= 0.97
[Ticker] KXETH15M-26APR090945-45
[Market] YES=0.01 | NO=1.00 | Sum=1.00
==================================================
Balance: $116.56 | Regime: CHOP | Session: 0W/0L (0%) | PnL: $+0.00
[Confidence] Score=6/10 | extreme_edge,coinbase_weak,all3_agree
[Timing] Window 13 min old — skipping
[Cycle] No signal — YES=0.01 is between 0.32 and 0.68, sum=1.00 >= 0.97
[Ticker] KXETH15M-26APR090945-45
[Market] YES=0.00 | NO=1.00 | Sum=1.00
==================================================
Balance: $116.56 | Regime: CHOP | Session: 0W/0L (0%) | PnL: $+0.00
[Confidence] Score=6/10 | extreme_edge,coinbase_weak,all3_agree
[Timing] Window 14 min old — skipping
[Cycle] No signal — YES=0.00 is between 0.32 and 0.68, sum=1.00 >= 0.97
[Ticker] KXETH15M-26APR091000-00
[Market] YES=0.40 | NO=0.61 | Sum=1.01
==================================================
Balance: $116.56 | Regime: CHOP | Session: 0W/0L (0%) | PnL: $+0.00
[Cycle] No signal — YES=0.40 is between 0.32 and 0.68, sum=1.01 >= 0.97
[Ticker] KXETH15M-26APR091000-00
[Market] YES=0.46 | NO=0.56 | Sum=1.02
==================================================
Balance: $116.56 | Regime: CHOP | Session: 0W/0L (0%) | PnL: $+0.00
[Cycle] No signal — YES=0.46 is between 0.32 and 0.68, sum=1.02 >= 0.97
[Ticker] KXETH15M-26APR091000-00
[Market] YES=0.32 | NO=0.70 | Sum=1.02
==================================================
Balance: $116.56 | Regime: CHOP | Session: 0W/0L (0%) | PnL: $+0.00
[Cycle] No signal — YES=0.32 is between 0.32 and 0.68, sum=1.02 >= 0.97
[Ticker] KXETH15M-26APR091000-00
[Market] YES=0.18 | NO=0.84 | Sum=1.02
==================================================
Balance: $116.56 | Regime: CHOP | Session: 0W/0L (0%) | PnL: $+0.00
[Confidence] Score=5/10 | strong_edge,coinbase_weak,all3_agree
[Signal] DOWN candidate | yes=0.18 | waiting (1/2)
[Cycle] No signal — YES=0.18 is between 0.32 and 0.68, sum=1.02 >= 0.97
[Ticker] KXETH15M-26APR091000-00
[Market] YES=0.35 | NO=0.68 | Sum=1.03
==================================================
Balance: $116.56 | Regime: CHOP | Session: 0W/0L (0%) | PnL: $+0.00
[Cycle] No signal — YES=0.35 is between 0.32 and 0.68, sum=1.03 >= 0.97
[Ticker] KXETH15M-26APR091000-00
[Market] YES=0.35 | NO=0.67 | Sum=1.02
==================================================
Balance: $116.56 | Regime: CHOP | Session: 0W/0L (0%) | PnL: $+0.00
[Cycle] No signal — YES=0.35 is between 0.32 and 0.68, sum=1.02 >= 0.97
[Ticker] KXETH15M-26APR091000-00
[Market] YES=0.19 | NO=0.84 | Sum=1.03
==================================================
Balance: $116.56 | Regime: CHOP | Session: 0W/0L (0%) | PnL: $+0.00
[Confidence] Score=5/10 | strong_edge,coinbase_weak,all3_agree
[Timing] Window 6 min old — skipping
[Cycle] No signal — YES=0.19 is between 0.32 and 0.68, sum=1.03 >= 0.97
[Ticker] KXETH15M-26APR091000-00
[Market] YES=0.12 | NO=0.89 | Sum=1.01
==================================================
Balance: $116.56 | Regime: CHOP | Session: 0W/0L (0%) | PnL: $+0.00
[Confidence] Score=5/10 | strong_edge,coinbase_weak,all3_agree
[Timing] Window 7 min old — skipping
[Cycle] No signal — YES=0.12 is between 0.32 and 0.68, sum=1.01 >= 0.97
[Ticker] KXETH15M-26APR091000-00
[Market] YES=0.06 | NO=0.95 | Sum=1.01
==================================================
Balance: $116.56 | Regime: CHOP | Session: 0W/0L (0%) | PnL: $+0.00
[Confidence] Score=4/10 | strong_edge,coinbase_weak,2of3_agree
[Timing] Window 8 min old — skipping
[Cycle] No signal — YES=0.06 is between 0.32 and 0.68, sum=1.01 >= 0.97
[Ticker] KXETH15M-26APR091000-00
[Market] YES=0.06 | NO=0.95 | Sum=1.01
==================================================
Balance: $116.56 | Regime: CHOP | Session: 0W/0L (0%) | PnL: $+0.00
[Confidence] Score=5/10 | strong_edge,coinbase_weak,all3_agree
[Timing] Window 9 min old — skipping
[Cycle] No signal — YES=0.06 is between 0.32 and 0.68, sum=1.01 >= 0.97
[Ticker] KXETH15M-26APR091000-00
[Market] YES=0.02 | NO=0.98 | Sum=1.00
==================================================
Balance: $116.56 | Regime: CHOP | Session: 0W/0L (0%) | PnL: $+0.00
[Confidence] Score=5/10 | extreme_edge,coinbase_weak,2of3_agree
[Timing] Window 10 min old — skipping
[Cycle] No signal — YES=0.02 is between 0.32 and 0.68, sum=1.00 >= 0.97
[Ticker] KXETH15M-26APR091000-00
[Market] YES=0.01 | NO=1.00 | Sum=1.00
==================================================
Balance: $116.56 | Regime: CHOP | Session: 0W/0L (0%) | PnL: $+0.00
[Confidence] Score=6/10 | extreme_edge,coinbase_weak,all3_agree
[Timing] Window 11 min old — skipping
[Cycle] No signal — YES=0.01 is between 0.32 and 0.68, sum=1.00 >= 0.97
[Ticker] KXETH15M-26APR091000-00
[Market] YES=0.02 | NO=0.99 | Sum=1.01
==================================================
Balance: $116.56 | Regime: CHOP | Session: 0W/0L (0%) | PnL: $+0.00
[Confidence] Score=6/10 | extreme_edge,coinbase_weak,all3_agree
[Timing] Window 12 min old — skipping
[Cycle] No signal — YES=0.02 is between 0.32 and 0.68, sum=1.01 >= 0.97
[Ticker] KXETH15M-26APR091000-00
[Market] YES=0.02 | NO=0.99 | Sum=1.01
==================================================
Balance: $116.56 | Regime: CHOP | Session: 0W/0L (0%) | PnL: $+0.00
[Confidence] Score=5/10 | extreme_edge,coinbase_weak,2of3_agree
[Timing] Window 13 min old — skipping
[Cycle] No signal — YES=0.02 is between 0.32 and 0.68, sum=1.01 >= 0.97
[Ticker] KXETH15M-26APR091000-00
[Market] YES=0.00 | NO=1.00 | Sum=1.00
==================================================
Balance: $116.56 | Regime: CHOP | Session: 0W/0L (0%) | PnL: $+0.00
[Confidence] Score=6/10 | extreme_edge,coinbase_weak,all3_agree
[Timing] Window 14 min old — skipping
[Cycle] No signal — YES=0.00 is between 0.32 and 0.68, sum=1.00 >= 0.97
[Ticker] KXETH15M-26APR091015-15
[Market] YES=0.47 | NO=0.55 | Sum=1.02
==================================================
Balance: $116.56 | Regime: CHOP | Session: 0W/0L (0%) | PnL: $+0.00
[Cycle] No signal — YES=0.47 is between 0.32 and 0.68, sum=1.02 >= 0.97
[Ticker] KXETH15M-26APR091015-15
[Market] YES=0.42 | NO=0.62 | Sum=1.04
==================================================
Balance: $116.56 | Regime: CHOP | Session: 0W/0L (0%) | PnL: $+0.00
[Cycle] No signal — YES=0.42 is between 0.32 and 0.68, sum=1.04 >= 0.97
[Ticker] KXETH15M-26APR091015-15
[Market] YES=0.38 | NO=0.63 | Sum=1.01
==================================================
Balance: $116.56 | Regime: CHOP | Session: 0W/0L (0%) | PnL: $+0.00
[Cycle] No signal — YES=0.38 is between 0.32 and 0.68, sum=1.01 >= 0.97
[Ticker] KXETH15M-26APR091015-15
[Market] YES=0.43 | NO=0.59 | Sum=1.02
==================================================
Balance: $116.56 | Regime: CHOP | Session: 0W/0L (0%) | PnL: $+0.00
[Cycle] No signal — YES=0.43 is between 0.32 and 0.68, sum=1.02 >= 0.97
[Ticker] KXETH15M-26APR091015-15
[Market] YES=0.57 | NO=0.46 | Sum=1.03
==================================================
Balance: $116.56 | Regime: CHOP | Session: 0W/0L (0%) | PnL: $+0.00
[Cycle] No signal — YES=0.57 is between 0.32 and 0.68, sum=1.03 >= 0.97
[Ticker] KXETH15M-26APR091015-15
[Market] YES=0.59 | NO=0.44 | Sum=1.03
==================================================
Balance: $116.56 | Regime: CHOP | Session: 0W/0L (0%) | PnL: $+0.00
[Cycle] No signal — YES=0.59 is between 0.32 and 0.68, sum=1.03 >= 0.97
[Ticker] KXETH15M-26APR091015-15
[Market] YES=0.64 | NO=0.38 | Sum=1.02
==================================================
Balance: $116.56 | Regime: CHOP | Session: 0W/0L (0%) | PnL: $+0.00
[Cycle] No signal — YES=0.64 is between 0.32 and 0.68, sum=1.02 >= 0.97
[Ticker] KXETH15M-26APR091015-15
[Market] YES=0.65 | NO=0.37 | Sum=1.02
==================================================
Balance: $116.56 | Regime: CHOP | Session: 0W/0L (0%) | PnL: $+0.00
[Cycle] No signal — YES=0.65 is between 0.32 and 0.68, sum=1.02 >= 0.97
[Ticker] KXETH15M-26APR091015-15
[Market] YES=0.56 | NO=0.48 | Sum=1.04
==================================================
Balance: $116.56 | Regime: CHOP | Session: 0W/0L (0%) | PnL: $+0.00
[Cycle] No signal — YES=0.56 is between 0.32 and 0.68, sum=1.04 >= 0.97
[Ticker] KXETH15M-26APR091015-15
[Market] YES=0.66 | NO=0.39 | Sum=1.05
==================================================
Balance: $116.56 | Regime: CHOP | Session: 0W/0L (0%) | PnL: $+0.00
[Cycle] No signal — YES=0.66 is between 0.32 and 0.68, sum=1.05 >= 0.97
[Ticker] KXETH15M-26APR091015-15
[Market] YES=0.56 | NO=0.45 | Sum=1.01
==================================================
Balance: $116.56 | Regime: CHOP | Session: 0W/0L (0%) | PnL: $+0.00
[Cycle] No signal — YES=0.56 is between 0.32 and 0.68, sum=1.01 >= 0.97
[Ticker] KXETH15M-26APR091015-15
[Market] YES=0.51 | NO=0.52 | Sum=1.03
==================================================
Balance: $116.56 | Regime: CHOP | Session: 0W/0L (0%) | PnL: $+0.00
[Cycle] No signal — YES=0.51 is between 0.32 and 0.68, sum=1.03 >= 0.97
[Ticker] KXETH15M-26APR091015-15
[Market] YES=0.95 | NO=0.07 | Sum=1.02
==================================================
Balance: $116.56 | Regime: CHOP | Session: 0W/0L (0%) | PnL: $+0.00
[Confidence] Score=4/10 | strong_edge,coinbase_weak,peak_hour
[Timing] Window 12 min old — skipping
[Cycle] No signal — YES=0.95 is between 0.32 and 0.68, sum=1.02 >= 0.97
[Ticker] KXETH15M-26APR091015-15
[Market] YES=1.00 | NO=0.01 | Sum=1.01
==================================================
Balance: $116.56 | Regime: CHOP | Session: 0W/0L (0%) | PnL: $+0.00
[Confidence] Score=5/10 | extreme_edge,coinbase_weak,peak_hour
[Timing] Window 13 min old — skipping
[Cycle] No signal — YES=1.00 is between 0.32 and 0.68, sum=1.01 >= 0.97
[Ticker] KXETH15M-26APR091015-15
[Market] YES=1.00 | NO=0.01 | Sum=1.01
==================================================
Balance: $116.56 | Regime: CHOP | Session: 0W/0L (0%) | PnL: $+0.00
[Confidence] Score=5/10 | extreme_edge,coinbase_weak,peak_hour
[Timing] Window 14 min old — skipping
[Cycle] No signal — YES=1.00 is between 0.32 and 0.68, sum=1.01 >= 0.97
[Ticker] KXETH15M-26APR091030-30
[Market] YES=0.54 | NO=0.49 | Sum=1.03
==================================================
Balance: $116.56 | Regime: CHOP | Session: 0W/0L (0%) | PnL: $+0.00
[Cycle] No signal — YES=0.54 is between 0.32 and 0.68, sum=1.03 >= 0.97
[Ticker] KXETH15M-26APR091030-30
[Market] YES=0.37 | NO=0.64 | Sum=1.01
==================================================
Balance: $116.56 | Regime: CHOP | Session: 0W/0L (0%) | PnL: $+0.00
[Cycle] No signal — YES=0.37 is between 0.32 and 0.68, sum=1.01 >= 0.97
[Ticker] KXETH15M-26APR091030-30
[Market] YES=0.24 | NO=0.79 | Sum=1.03
==================================================
Balance: $116.56 | Regime: CHOP | Session: 0W/0L (0%) | PnL: $+0.00
[Confidence] Score=5/10 | moderate_edge,coinbase_weak,all3_agree,peak_hour
[Signal] DOWN candidate | yes=0.24 | waiting (1/2)
[Cycle] No signal — YES=0.24 is between 0.32 and 0.68, sum=1.03 >= 0.97
[Ticker] KXETH15M-26APR091030-30
[Market] YES=0.25 | NO=0.78 | Sum=1.03
==================================================
Balance: $116.56 | Regime: CHOP | Session: 0W/0L (0%) | PnL: $+0.00
[Confidence] Score=4/10 | moderate_edge,coinbase_weak,2of3_agree,peak_hour
[Coinbase] Confirms DOWN | $2165 gap=-4 (0.20%)
[Kraken] Divergence 3164.33% — bet trimmed
[Correlation] All 3 agree — bet boosted
[Signal] CONFIRMED DOWN | yes=0.25 | edge=0.25 | bet=$3.16
[Safety] Balance $116.56 below floor $120.00
🛑 OpenClaw ETH Bot v4.0 halted: Balance $116.56 below floor $120.00

==================================================
OpenClaw ETH Bot v4.0 — LIVE
[Startup] Live balance synced: $116.56
Balance: $116.56 | MaxBet: $11.66 | Threshold: <0.32 or >0.68
==================================================

[Startup] Resting orders cleared
[Ticker] KXETH15M-26APR091030-30
[Market] YES=0.25 | NO=0.78 | Sum=1.03
==================================================
Balance: $116.56 | Regime: CHOP | Session: 0W/0L (0%) | PnL: $+0.00
[Confidence] Score=5/10 | moderate_edge,coinbase_weak,all3_agree,peak_hour
[Signal] DOWN candidate | yes=0.25 | waiting (1/2)
[Cycle] No signal — YES=0.25 is between 0.32 and 0.68, sum=1.03 >= 0.97
[Ticker] KXETH15M-26APR091030-30
[Market] YES=0.11 | NO=0.90 | Sum=1.01
==================================================
Balance: $116.56 | Regime: CHOP | Session: 0W/0L (0%) | PnL: $+0.00
[Confidence] Score=6/10 | strong_edge,coinbase_weak,all3_agree,peak_hour
[Coinbase] Confirms DOWN | $2162 gap=-7 (0.32%)
[Kraken] Divergence 3165.38% — bet trimmed
[Correlation] All 3 agree — bet boosted
[Signal] CONFIRMED DOWN | yes=0.11 | edge=0.39 | bet=$5.72
[CorrGuard] 2 bots already fired — skipping to avoid correlated loss
[Cycle] No signal — YES=0.11 is between 0.32 and 0.68, sum=1.01 >= 0.97
[Ticker] KXETH15M-26APR091030-30
[Market] YES=0.20 | NO=0.83 | Sum=1.03
==================================================
Balance: $116.56 | Regime: CHOP | Session: 0W/0L (0%) | PnL: $+0.00
[Confidence] Score=5/10 | strong_edge,coinbase_weak,2of3_agree,peak_hour
[Timing] Window 5 min old — skipping
[Cycle] No signal — YES=0.20 is between 0.32 and 0.68, sum=1.03 >= 0.97
[Ticker] KXETH15M-26APR091030-30
[Market] YES=0.15 | NO=0.88 | Sum=1.03
==================================================
Balance: $116.56 | Regime: CHOP | Session: 0W/0L (0%) | PnL: $+0.00
[Confidence] Score=5/10 | strong_edge,coinbase_weak,2of3_agree,peak_hour
[Timing] Window 6 min old — skipping
[Cycle] No signal — YES=0.15 is between 0.32 and 0.68, sum=1.03 >= 0.97
[Ticker] KXETH15M-26APR091030-30
[Market] YES=0.14 | NO=0.88 | Sum=1.02
==================================================
Balance: $116.56 | Regime: CHOP | Session: 0W/0L (0%) | PnL: $+0.00
[Confidence] Score=6/10 | strong_edge,coinbase_weak,all3_agree,peak_hour
[Timing] Window 7 min old — skipping
[Cycle] No signal — YES=0.14 is between 0.32 and 0.68, sum=1.02 >= 0.97
[Ticker] KXETH15M-26APR091030-30
[Market] YES=0.17 | NO=0.86 | Sum=1.03
==================================================
Balance: $116.56 | Regime: CHOP | Session: 0W/0L (0%) | PnL: $+0.00
[Confidence] Score=5/10 | strong_edge,coinbase_weak,2of3_agree,peak_hour
[Timing] Window 8 min old — skipping
[Cycle] No signal — YES=0.17 is between 0.32 and 0.68, sum=1.03 >= 0.97
[Ticker] KXETH15M-26APR091030-30
[Market] YES=0.20 | NO=0.83 | Sum=1.03
==================================================
Balance: $116.56 | Regime: CHOP | Session: 0W/0L (0%) | PnL: $+0.00
[Confidence] Score=6/10 | strong_edge,coinbase_weak,all3_agree,peak_hour
[Timing] Window 9 min old — skipping
[Cycle] No signal — YES=0.20 is between 0.32 and 0.68, sum=1.03 >= 0.97
[Ticker] KXETH15M-26APR091030-30
[Market] YES=0.15 | NO=0.87 | Sum=1.02
==================================================
Balance: $116.56 | Regime: CHOP | Session: 0W/0L (0%) | PnL: $+0.00
[Confidence] Score=6/10 | strong_edge,coinbase_weak,all3_agree,peak_hour
[Timing] Window 10 min old — skipping
[Cycle] No signal — YES=0.15 is between 0.32 and 0.68, sum=1.02 >= 0.97
[Ticker] KXETH15M-26APR091030-30
[Market] YES=0.07 | NO=0.94 | Sum=1.01
==================================================
Balance: $116.56 | Regime: CHOP | Session: 0W/0L (0%) | PnL: $+0.00
[Confidence] Score=6/10 | strong_edge,coinbase_weak,all3_agree,peak_hour
[Timing] Window 11 min old — skipping
[Cycle] No signal — YES=0.07 is between 0.32 and 0.68, sum=1.01 >= 0.97
[Ticker] KXETH15M-26APR091030-30
[Market] YES=0.01 | NO=1.00 | Sum=1.00
==================================================
Balance: $116.56 | Regime: CHOP | Session: 0W/0L (0%) | PnL: $+0.00
[Confidence] Score=7/10 | extreme_edge,coinbase_weak,all3_agree,peak_hour
[Timing] Window 12 min old — skipping
[Cycle] No signal — YES=0.01 is between 0.32 and 0.68, sum=1.00 >= 0.97
[Ticker] KXETH15M-26APR091030-30
[Market] YES=0.00 | NO=1.00 | Sum=1.00
==================================================
Balance: $116.56 | Regime: CHOP | Session: 0W/0L (0%) | PnL: $+0.00
[Confidence] Score=7/10 | extreme_edge,coinbase_weak,all3_agree,peak_hour
[Timing] Window 13 min old — skipping
[Cycle] No signal — YES=0.00 is between 0.32 and 0.68, sum=1.00 >= 0.97
[Ticker] KXETH15M-26APR091030-30
[Market] YES=0.00 | NO=1.00 | Sum=1.00
==================================================
Balance: $116.56 | Regime: CHOP | Session: 0W/0L (0%) | PnL: $+0.00
[Confidence] Score=7/10 | extreme_edge,coinbase_weak,all3_agree,peak_hour
[Timing] Window 14 min old — skipping
[Cycle] No signal — YES=0.00 is between 0.32 and 0.68, sum=1.00 >= 0.97
[Ticker] KXETH15M-26APR091045-45
[Market] YES=0.65 | NO=0.37 | Sum=1.02
==================================================
Balance: $116.56 | Regime: CHOP | Session: 0W/0L (0%) | PnL: $+0.00
[Cycle] No signal — YES=0.65 is between 0.32 and 0.68, sum=1.02 >= 0.97
[Ticker] KXETH15M-26APR091045-45
[Market] YES=0.63 | NO=0.41 | Sum=1.04
==================================================
Balance: $116.56 | Regime: CHOP | Session: 0W/0L (0%) | PnL: $+0.00
[Cycle] No signal — YES=0.63 is between 0.32 and 0.68, sum=1.04 >= 0.97
[Ticker] KXETH15M-26APR091045-45
[Market] YES=0.68 | NO=0.35 | Sum=1.03
==================================================
Balance: $116.56 | Regime: CHOP | Session: 0W/0L (0%) | PnL: $+0.00
[Cycle] No signal — YES=0.68 is between 0.32 and 0.68, sum=1.03 >= 0.97
[Ticker] KXETH15M-26APR091045-45
[Market] YES=0.62 | NO=0.42 | Sum=1.04
==================================================
Balance: $116.56 | Regime: CHOP | Session: 0W/0L (0%) | PnL: $+0.00
[Cycle] No signal — YES=0.62 is between 0.32 and 0.68, sum=1.04 >= 0.97
[Ticker] KXETH15M-26APR091045-45
[Market] YES=0.67 | NO=0.36 | Sum=1.03
==================================================
Balance: $116.56 | Regime: CHOP | Session: 0W/0L (0%) | PnL: $+0.00
[Cycle] No signal — YES=0.67 is between 0.32 and 0.68, sum=1.03 >= 0.97
[Ticker] KXETH15M-26APR091045-45
[Market] YES=0.70 | NO=0.33 | Sum=1.03
==================================================
Balance: $116.56 | Regime: CHOP | Session: 0W/0L (0%) | PnL: $+0.00
[Signal] Edge 0.20 below minimum 0.2 — skipping
[Cycle] No signal — YES=0.70 is between 0.32 and 0.68, sum=1.03 >= 0.97
[Ticker] KXETH15M-26APR091045-45
[Market] YES=0.65 | NO=0.38 | Sum=1.03
==================================================
Balance: $116.56 | Regime: CHOP | Session: 0W/0L (0%) | PnL: $+0.00
[Cycle] No signal — YES=0.65 is between 0.32 and 0.68, sum=1.03 >= 0.97
[Ticker] KXETH15M-26APR091045-45
[Market] YES=0.70 | NO=0.34 | Sum=1.04
==================================================
Balance: $116.56 | Regime: CHOP | Session: 0W/0L (0%) | PnL: $+0.00
[Signal] Edge 0.20 below minimum 0.2 — skipping
[Cycle] No signal — YES=0.70 is between 0.32 and 0.68, sum=1.04 >= 0.97
[Ticker] KXETH15M-26APR091045-45
[Market] YES=0.92 | NO=0.11 | Sum=1.03
==================================================
Balance: $116.56 | Regime: CHOP | Session: 0W/0L (0%) | PnL: $+0.00
[Confidence] Score=4/10 | strong_edge,coinbase_weak,peak_hour
[Timing] Window 8 min old — skipping
[Cycle] No signal — YES=0.92 is between 0.32 and 0.68, sum=1.03 >= 0.97
[Ticker] KXETH15M-26APR091045-45
[Market] YES=0.98 | NO=0.04 | Sum=1.02
==================================================
Balance: $116.56 | Regime: CHOP | Session: 0W/0L (0%) | PnL: $+0.00
[Confidence] Score=5/10 | extreme_edge,coinbase_weak,peak_hour
[Timing] Window 9 min old — skipping
[Cycle] No signal — YES=0.98 is between 0.32 and 0.68, sum=1.02 >= 0.97
[Ticker] KXETH15M-26APR091045-45
[Market] YES=1.00 | NO=0.01 | Sum=1.01
==================================================
Balance: $116.56 | Regime: CHOP | Session: 0W/0L (0%) | PnL: $+0.00
[Confidence] Score=5/10 | extreme_edge,coinbase_weak,peak_hour
[Timing] Window 10 min old — skipping
[Cycle] No signal — YES=1.00 is between 0.32 and 0.68, sum=1.01 >= 0.97
[Ticker] KXETH15M-26APR091045-45
[Market] YES=1.00 | NO=0.01 | Sum=1.00
==================================================
Balance: $116.56 | Regime: CHOP | Session: 0W/0L (0%) | PnL: $+0.00
[Confidence] Score=5/10 | extreme_edge,coinbase_weak,peak_hour
[Timing] Window 11 min old — skipping
[Cycle] No signal — YES=1.00 is between 0.32 and 0.68, sum=1.00 >= 0.97
[Ticker] KXETH15M-26APR091045-45
[Market] YES=1.00 | NO=0.00 | Sum=1.00
==================================================
Balance: $116.56 | Regime: CHOP | Session: 0W/0L (0%) | PnL: $+0.00
[Confidence] Score=5/10 | extreme_edge,coinbase_weak,peak_hour
[Timing] Window 12 min old — skipping
[Cycle] No signal — YES=1.00 is between 0.32 and 0.68, sum=1.00 >= 0.97
[Ticker] KXETH15M-26APR091045-45
[Market] YES=1.00 | NO=0.00 | Sum=1.00
==================================================
Balance: $116.56 | Regime: CHOP | Session: 0W/0L (0%) | PnL: $+0.00
[Confidence] Score=5/10 | extreme_edge,coinbase_weak,peak_hour
[Timing] Window 13 min old — skipping
[Cycle] No signal — YES=1.00 is between 0.32 and 0.68, sum=1.00 >= 0.97
[Ticker] KXETH15M-26APR091045-45
[Market] YES=1.00 | NO=0.00 | Sum=1.00
==================================================
Balance: $116.56 | Regime: CHOP | Session: 0W/0L (0%) | PnL: $+0.00
[Confidence] Score=5/10 | extreme_edge,coinbase_weak,peak_hour
[Timing] Window 14 min old — skipping
[Cycle] No signal — YES=1.00 is between 0.32 and 0.68, sum=1.00 >= 0.97
[Ticker] KXETH15M-26APR091100-00
[Market] YES=0.62 | NO=0.39 | Sum=1.01
==================================================
Balance: $116.56 | Regime: CHOP | Session: 0W/0L (0%) | PnL: $+0.00
[Cycle] No signal — YES=0.62 is between 0.32 and 0.68, sum=1.01 >= 0.97
[Ticker] KXETH15M-26APR091100-00
[Market] YES=0.77 | NO=0.26 | Sum=1.03
==================================================
Balance: $116.56 | Regime: CHOP | Session: 0W/0L (0%) | PnL: $+0.00
[Confidence] Score=3/10 | moderate_edge,coinbase_weak,peak_hour
[Signal] UP candidate | yes=0.77 | waiting (1/2)
[Cycle] No signal — YES=0.77 is between 0.32 and 0.68, sum=1.03 >= 0.97
[Ticker] KXETH15M-26APR091100-00
[Market] YES=0.79 | NO=0.23 | Sum=1.02
==================================================
Balance: $116.56 | Regime: CHOP | Session: 0W/0L (0%) | PnL: $+0.00
[Confidence] Score=3/10 | moderate_edge,coinbase_weak,peak_hour
[Coinbase] Confirms UP | $2175 gap=+5 (0.21%)
[Kraken] Divergence 3162.66% — bet trimmed
[Correlation] 2/3 agree UP
[Signal] CONFIRMED UP | yes=0.79 | edge=0.29 | bet=$3.04
[CorrGuard] 2 bots already fired — skipping to avoid correlated loss
[Cycle] No signal — YES=0.79 is between 0.32 and 0.68, sum=1.02 >= 0.97
[Ticker] KXETH15M-26APR091100-00
[Market] YES=0.87 | NO=0.15 | Sum=1.02
==================================================
Balance: $116.56 | Regime: CHOP | Session: 0W/0L (0%) | PnL: $+0.00
[Confidence] Score=4/10 | strong_edge,coinbase_weak,peak_hour
[Coinbase] Confirms UP | $2176 gap=+5 (0.25%)
[Kraken] Divergence 3163.38% — bet trimmed
[Correlation] 2/3 agree UP
[Signal] CONFIRMED UP | yes=0.87 | edge=0.37 | bet=$3.67
[CorrGuard] 2 bots already fired — skipping to avoid correlated loss
[Cycle] No signal — YES=0.87 is between 0.32 and 0.68, sum=1.02 >= 0.97
[Ticker] KXETH15M-26APR091100-00
[Market] YES=0.83 | NO=0.19 | Sum=1.02
==================================================
Balance: $116.56 | Regime: CHOP | Session: 0W/0L (0%) | PnL: $+0.00
[Confidence] Score=4/10 | strong_edge,coinbase_weak,peak_hour
[Coinbase] Confirms UP | $2175 gap=+4 (0.19%)
[Kraken] Divergence 3164.97% — bet trimmed
[Correlation] 2/3 agree UP
[Signal] CONFIRMED UP | yes=0.83 | edge=0.33 | bet=$3.47
[Safety] Balance $116.56 below floor $120.00
🛑 OpenClaw ETH Bot v4.0 halted: Balance $116.56 below floor $120.00

==================================================
OpenClaw ETH Bot v4.0 — LIVE
[Startup] Live balance synced: $116.56
Balance: $116.56 | MaxBet: $11.66 | Threshold: <0.32 or >0.68
==================================================

[Startup] Resting orders cleared
[Ticker] KXETH15M-26APR091100-00
[Market] YES=0.84 | NO=0.17 | Sum=1.01
==================================================
Balance: $116.56 | Regime: CHOP | Session: 0W/0L (0%) | PnL: $+0.00
[Confidence] Score=4/10 | strong_edge,coinbase_weak,peak_hour
[Signal] UP candidate | yes=0.84 | waiting (1/2)
[Cycle] No signal — YES=0.84 is between 0.32 and 0.68, sum=1.01 >= 0.97
[Ticker] KXETH15M-26APR091100-00
[Market] YES=0.97 | NO=0.06 | Sum=1.03
==================================================
Balance: $116.56 | Regime: CHOP | Session: 0W/0L (0%) | PnL: $+0.00
[Confidence] Score=5/10 | extreme_edge,coinbase_weak,peak_hour
[Timing] Window 5 min old — skipping
[Cycle] No signal — YES=0.97 is between 0.32 and 0.68, sum=1.03 >= 0.97
[Ticker] KXETH15M-26APR091100-00
[Market] YES=0.97 | NO=0.05 | Sum=1.02
==================================================
Balance: $116.56 | Regime: CHOP | Session: 0W/0L (0%) | PnL: $+0.00
[Confidence] Score=5/10 | extreme_edge,coinbase_weak,peak_hour
[Timing] Window 6 min old — skipping
[Cycle] No signal — YES=0.97 is between 0.32 and 0.68, sum=1.02 >= 0.97
[Ticker] KXETH15M-26APR091100-00
[Market] YES=0.94 | NO=0.09 | Sum=1.03
==================================================
Balance: $116.56 | Regime: CHOP | Session: 0W/0L (0%) | PnL: $+0.00
[Confidence] Score=4/10 | strong_edge,coinbase_weak,peak_hour
[Timing] Window 7 min old — skipping
[Cycle] No signal — YES=0.94 is between 0.32 and 0.68, sum=1.03 >= 0.97
[Ticker] KXETH15M-26APR091100-00
[Market] YES=0.98 | NO=0.05 | Sum=1.03
==================================================
Balance: $116.56 | Regime: CHOP | Session: 0W/0L (0%) | PnL: $+0.00
[Confidence] Score=5/10 | extreme_edge,coinbase_weak,peak_hour
[Timing] Window 8 min old — skipping
[Cycle] No signal — YES=0.98 is between 0.32 and 0.68, sum=1.03 >= 0.97
[Ticker] KXETH15M-26APR091100-00
[Market] YES=0.99 | NO=0.02 | Sum=1.01
==================================================
Balance: $116.56 | Regime: CHOP | Session: 0W/0L (0%) | PnL: $+0.00
[Confidence] Score=5/10 | extreme_edge,coinbase_weak,peak_hour
[Timing] Window 9 min old — skipping
[Cycle] No signal — YES=0.99 is between 0.32 and 0.68, sum=1.01 >= 0.97
[Ticker] KXETH15M-26APR091100-00
[Market] YES=0.99 | NO=0.01 | Sum=1.00
==================================================
Balance: $116.56 | Regime: CHOP | Session: 0W/0L (0%) | PnL: $+0.00
[Confidence] Score=5/10 | extreme_edge,coinbase_weak,peak_hour
[Timing] Window 10 min old — skipping
[Cycle] No signal — YES=0.99 is between 0.32 and 0.68, sum=1.00 >= 0.97
[Ticker] KXETH15M-26APR091100-00
[Market] YES=1.00 | NO=0.01 | Sum=1.01
==================================================
Balance: $116.56 | Regime: CHOP | Session: 0W/0L (0%) | PnL: $+0.00
[Confidence] Score=5/10 | extreme_edge,coinbase_weak,peak_hour
[Timing] Window 11 min old — skipping
[Cycle] No signal — YES=1.00 is between 0.32 and 0.68, sum=1.01 >= 0.97
[Ticker] KXETH15M-26APR091100-00
[Market] YES=1.00 | NO=0.01 | Sum=1.00
==================================================
Balance: $116.56 | Regime: CHOP | Session: 0W/0L (0%) | PnL: $+0.00
[Confidence] Score=5/10 | extreme_edge,coinbase_weak,peak_hour
[Timing] Window 12 min old — skipping
[Cycle] No signal — YES=1.00 is between 0.32 and 0.68, sum=1.00 >= 0.97
[Ticker] KXETH15M-26APR091100-00
[Market] YES=1.00 | NO=0.00 | Sum=1.00
==================================================
Balance: $116.56 | Regime: CHOP | Session: 0W/0L (0%) | PnL: $+0.00
[Confidence] Score=5/10 | extreme_edge,coinbase_weak,peak_hour
[Timing] Window 13 min old — skipping
[Cycle] No signal — YES=1.00 is between 0.32 and 0.68, sum=1.00 >= 0.97
[Ticker] KXETH15M-26APR091100-00
[Market] YES=1.00 | NO=0.00 | Sum=1.00
==================================================
Balance: $116.56 | Regime: CHOP | Session: 0W/0L (0%) | PnL: $+0.00
[Confidence] Score=5/10 | extreme_edge,coinbase_weak,peak_hour
[Timing] Window 14 min old — skipping
[Cycle] No signal — YES=1.00 is between 0.32 and 0.68, sum=1.00 >= 0.97
[Ticker] KXETH15M-26APR091115-15
[Market] YES=0.53 | NO=0.50 | Sum=1.03
==================================================
Balance: $116.56 | Regime: CHOP | Session: 0W/0L (0%) | PnL: $+0.00
[Cycle] No signal — YES=0.53 is between 0.32 and 0.68, sum=1.03 >= 0.97
[Ticker] KXETH15M-26APR091115-15
[Market] YES=0.40 | NO=0.61 | Sum=1.01
==================================================
Balance: $116.56 | Regime: CHOP | Session: 0W/0L (0%) | PnL: $+0.00
[Cycle] No signal — YES=0.40 is between 0.32 and 0.68, sum=1.01 >= 0.97
[Ticker] KXETH15M-26APR091115-15
[Market] YES=0.38 | NO=0.66 | Sum=1.04
==================================================
Balance: $116.56 | Regime: CHOP | Session: 0W/0L (0%) | PnL: $+0.00
[Cycle] No signal — YES=0.38 is between 0.32 and 0.68, sum=1.04 >= 0.97
[Ticker] KXETH15M-26APR091115-15
[Market] YES=0.37 | NO=0.66 | Sum=1.03
==================================================
Balance: $116.56 | Regime: CHOP | Session: 0W/0L (0%) | PnL: $+0.00
[Cycle] No signal — YES=0.37 is between 0.32 and 0.68, sum=1.03 >= 0.97
[Ticker] KXETH15M-26APR091115-15
[Market] YES=0.26 | NO=0.77 | Sum=1.03
==================================================
Balance: $116.56 | Regime: CHOP | Session: 0W/0L (0%) | PnL: $+0.00
[Confidence] Score=5/10 | moderate_edge,coinbase_weak,all3_agree,peak_hour
[Signal] DOWN candidate | yes=0.26 | waiting (1/2)
[Cycle] No signal — YES=0.26 is between 0.32 and 0.68, sum=1.03 >= 0.97
[Ticker] KXETH15M-26APR091115-15
[Market] YES=0.26 | NO=0.75 | Sum=1.01
==================================================
Balance: $116.56 | Regime: CHOP | Session: 0W/0L (0%) | PnL: $+0.00
[Confidence] Score=5/10 | moderate_edge,coinbase_weak,all3_agree,peak_hour
[Timing] Window 5 min old — skipping
[Cycle] No signal — YES=0.26 is between 0.32 and 0.68, sum=1.01 >= 0.97
[Ticker] KXETH15M-26APR091115-15
[Market] YES=0.33 | NO=0.70 | Sum=1.03
==================================================
Balance: $116.56 | Regime: CHOP | Session: 0W/0L (0%) | PnL: $+0.00
[Cycle] No signal — YES=0.33 is between 0.32 and 0.68, sum=1.03 >= 0.97

==================================================
OpenClaw ETH Bot v4.0 — LIVE
[Startup] Live balance synced: $116.56
Balance: $116.56 | MaxBet: $11.66 | Threshold: <0.32 or >0.68
==================================================

[Startup] Resting orders cleared
[Ticker] KXETH15M-26APR091115-15
[Market] YES=0.14 | NO=0.89 | Sum=1.03
==================================================
Balance: $116.56 | Regime: CHOP | Session: 0W/0L (0%) | PnL: $+0.00
[Confidence] Score=6/10 | strong_edge,coinbase_weak,all3_agree,peak_hour
[Timing] Window 7 min old — skipping
[Cycle] No signal — YES=0.14 is between 0.32 and 0.68, sum=1.03 >= 0.97
[Ticker] KXETH15M-26APR091115-15
[Market] YES=0.09 | NO=0.93 | Sum=1.02
==================================================
Balance: $116.56 | Regime: CHOP | Session: 0W/0L (0%) | PnL: $+0.00
[Confidence] Score=6/10 | strong_edge,coinbase_weak,all3_agree,peak_hour
[Timing] Window 8 min old — skipping
[Cycle] No signal — YES=0.09 is between 0.32 and 0.68, sum=1.02 >= 0.97
[Ticker] KXETH15M-26APR091115-15
[Market] YES=0.07 | NO=0.95 | Sum=1.02
==================================================
Balance: $116.56 | Regime: CHOP | Session: 0W/0L (0%) | PnL: $+0.00
[Confidence] Score=6/10 | strong_edge,coinbase_weak,all3_agree,peak_hour
[Timing] Window 9 min old — skipping
[Cycle] No signal — YES=0.07 is between 0.32 and 0.68, sum=1.02 >= 0.97
[Ticker] KXETH15M-26APR091115-15
[Market] YES=0.05 | NO=0.98 | Sum=1.03
==================================================
Balance: $116.56 | Regime: CHOP | Session: 0W/0L (0%) | PnL: $+0.00
[Confidence] Score=7/10 | extreme_edge,coinbase_weak,all3_agree,peak_hour
[Timing] Window 10 min old — skipping
[Cycle] No signal — YES=0.05 is between 0.32 and 0.68, sum=1.03 >= 0.97
[Ticker] KXETH15M-26APR091115-15
[Market] YES=0.03 | NO=0.98 | Sum=1.01
==================================================
Balance: $116.56 | Regime: CHOP | Session: 0W/0L (0%) | PnL: $+0.00
[Confidence] Score=7/10 | extreme_edge,coinbase_weak,all3_agree,peak_hour
[Timing] Window 11 min old — skipping
[Cycle] No signal — YES=0.03 is between 0.32 and 0.68, sum=1.01 >= 0.97
[Ticker] KXETH15M-26APR091115-15
[Market] YES=0.08 | NO=0.94 | Sum=1.02
==================================================
Balance: $116.56 | Regime: CHOP | Session: 0W/0L (0%) | PnL: $+0.00
[Confidence] Score=6/10 | strong_edge,coinbase_weak,all3_agree,peak_hour
[Timing] Window 12 min old — skipping
[Cycle] No signal — YES=0.08 is between 0.32 and 0.68, sum=1.02 >= 0.97
[Ticker] KXETH15M-26APR091115-15
[Market] YES=0.30 | NO=0.74 | Sum=1.04
==================================================
Balance: $116.56 | Regime: CHOP | Session: 0W/0L (0%) | PnL: $+0.00
[Confidence] Score=5/10 | moderate_edge,coinbase_weak,all3_agree,peak_hour
[Timing] Window 13 min old — skipping
[Cycle] No signal — YES=0.30 is between 0.32 and 0.68, sum=1.04 >= 0.97
[Ticker] KXETH15M-26APR091115-15
[Market] YES=0.99 | NO=0.01 | Sum=1.00
==================================================
Balance: $116.56 | Regime: CHOP | Session: 0W/0L (0%) | PnL: $+0.00
[Confidence] Score=5/10 | extreme_edge,coinbase_weak,peak_hour
[Timing] Window 14 min old — skipping
[Cycle] No signal — YES=0.99 is between 0.32 and 0.68, sum=1.00 >= 0.97
[Ticker] KXETH15M-26APR091130-30
[Market] YES=0.75 | NO=0.29 | Sum=1.04
==================================================
Balance: $116.56 | Regime: CHOP | Session: 0W/0L (0%) | PnL: $+0.00
[Confidence] Score=3/10 | moderate_edge,coinbase_weak,peak_hour
[Timing] Window 0 min old — skipping
[Cycle] No signal — YES=0.75 is between 0.32 and 0.68, sum=1.04 >= 0.97
[Ticker] KXETH15M-26APR091130-30
[Market] YES=0.73 | NO=0.29 | Sum=1.02
==================================================
Balance: $116.56 | Regime: CHOP | Session: 0W/0L (0%) | PnL: $+0.00
[Confidence] Score=3/10 | moderate_edge,coinbase_weak,peak_hour
[Signal] UP candidate | yes=0.73 | waiting (1/2)
[Cycle] No signal — YES=0.73 is between 0.32 and 0.68, sum=1.02 >= 0.97
[Ticker] KXETH15M-26APR091130-30
[Market] YES=0.75 | NO=0.28 | Sum=1.03
==================================================
Balance: $116.56 | Regime: CHOP | Session: 0W/0L (0%) | PnL: $+0.00
[Confidence] Score=3/10 | moderate_edge,coinbase_weak,peak_hour
[Coinbase] Confirms UP | $2189 gap=+5 (0.25%)
[Kraken] Divergence 3160.62% — bet trimmed
[Correlation] 2/3 agree UP
[Signal] CONFIRMED UP | yes=0.75 | edge=0.25 | bet=$2.63
[Order] KXETH15M-26APR091130-30 | yes | count=5 | $2.63
[Order] status=resting remaining=-1 filled=False
[Order] Not filled: order=Order(order_id='6e75d960-29ce-4d87-b0a7-f05343c3a575', client_order_id='', ticker='KXETH15M-26APR091130-30', side='yes', action='buy', type='limit', status='resting', yes_price=None, no_price=None, count=None, remaining_count=None, expiration_time=None, created_time=datetime.datetime(2026, 4, 9, 15, 17, 42, 101646, tzinfo=TzInfo(0)), updated_time=None)
[Order] Cancelled resting order 6e75d960-29ce-4d87-b0a7-f05343c3a575
[Cycle] No signal — YES=0.75 is between 0.32 and 0.68, sum=1.03 >= 0.97
[Cooldown] 2 cycles remaining
[Cooldown] 1 cycles remaining
[Ticker] KXETH15M-26APR091130-30
[Market] YES=0.75 | NO=0.28 | Sum=1.03
==================================================
Balance: $116.56 | Regime: CHOP | Session: 0W/0L (0%) | PnL: $+0.00
[Confidence] Score=3/10 | moderate_edge,coinbase_weak,peak_hour
[Timing] Window 5 min old — skipping
[Cycle] No signal — YES=0.75 is between 0.32 and 0.68, sum=1.03 >= 0.97
[Ticker] KXETH15M-26APR091130-30
[Market] YES=0.83 | NO=0.19 | Sum=1.02
==================================================
Balance: $116.56 | Regime: CHOP | Session: 0W/0L (0%) | PnL: $+0.00
[Confidence] Score=4/10 | strong_edge,coinbase_weak,peak_hour
[Timing] Window 6 min old — skipping
[Cycle] No signal — YES=0.83 is between 0.32 and 0.68, sum=1.02 >= 0.97
[Ticker] KXETH15M-26APR091130-30
[Market] YES=0.93 | NO=0.07 | Sum=1.01
==================================================
Balance: $116.56 | Regime: BULL | Session: 0W/0L (0%) | PnL: $+0.00
[Confidence] Score=4/10 | strong_edge,coinbase_weak,peak_hour
[Timing] Window 7 min old — skipping
[Cycle] No signal — YES=0.93 is between 0.32 and 0.68, sum=1.01 >= 0.97
[Ticker] KXETH15M-26APR091130-30
[Market] YES=0.90 | NO=0.12 | Sum=1.02
==================================================
Balance: $116.56 | Regime: CHOP | Session: 0W/0L (0%) | PnL: $+0.00
[Confidence] Score=4/10 | strong_edge,coinbase_weak,peak_hour
[Timing] Window 8 min old — skipping
[Cycle] No signal — YES=0.90 is between 0.32 and 0.68, sum=1.02 >= 0.97
[Ticker] KXETH15M-26APR091130-30
[Market] YES=0.88 | NO=0.14 | Sum=1.02
==================================================
Balance: $116.56 | Regime: CHOP | Session: 0W/0L (0%) | PnL: $+0.00
[Confidence] Score=4/10 | strong_edge,coinbase_weak,peak_hour
[Timing] Window 9 min old — skipping
[Cycle] No signal — YES=0.88 is between 0.32 and 0.68, sum=1.02 >= 0.97
[Ticker] KXETH15M-26APR091130-30
[Market] YES=0.91 | NO=0.11 | Sum=1.02
==================================================
Balance: $116.56 | Regime: CHOP | Session: 0W/0L (0%) | PnL: $+0.00
[Confidence] Score=6/10 | strong_edge,coinbase_weak,all3_agree,peak_hour
[Timing] Window 10 min old — skipping
[Cycle] No signal — YES=0.91 is between 0.32 and 0.68, sum=1.02 >= 0.97
[Ticker] KXETH15M-26APR091130-30
[Market] YES=0.95 | NO=0.07 | Sum=1.02
==================================================
Balance: $116.56 | Regime: CHOP | Session: 0W/0L (0%) | PnL: $+0.00
[Confidence] Score=4/10 | strong_edge,coinbase_weak,peak_hour
[Timing] Window 11 min old — skipping
[Cycle] No signal — YES=0.95 is between 0.32 and 0.68, sum=1.02 >= 0.97
[Ticker] KXETH15M-26APR091130-30
[Market] YES=0.95 | NO=0.07 | Sum=1.02
==================================================
Balance: $116.56 | Regime: CHOP | Session: 0W/0L (0%) | PnL: $+0.00
[Confidence] Score=4/10 | strong_edge,coinbase_weak,peak_hour
[Timing] Window 12 min old — skipping
[Cycle] No signal — YES=0.95 is between 0.32 and 0.68, sum=1.02 >= 0.97
[Ticker] KXETH15M-26APR091130-30
[Market] YES=0.83 | NO=0.20 | Sum=1.03
==================================================
Balance: $116.56 | Regime: CHOP | Session: 0W/0L (0%) | PnL: $+0.00
[Confidence] Score=4/10 | strong_edge,coinbase_weak,peak_hour
[Timing] Window 13 min old — skipping
[Cycle] No signal — YES=0.83 is between 0.32 and 0.68, sum=1.03 >= 0.97
[Ticker] KXETH15M-26APR091130-30
[Market] YES=1.00 | NO=0.01 | Sum=1.00
==================================================
Balance: $116.56 | Regime: CHOP | Session: 0W/0L (0%) | PnL: $+0.00
[Confidence] Score=5/10 | extreme_edge,coinbase_weak,peak_hour
[Timing] Window 14 min old — skipping
[Cycle] No signal — YES=1.00 is between 0.32 and 0.68, sum=1.00 >= 0.97
[Ticker] KXETH15M-26APR091145-45
[Market] YES=0.36 | NO=0.65 | Sum=1.01
==================================================
Balance: $116.56 | Regime: CHOP | Session: 0W/0L (0%) | PnL: $+0.00
[Cycle] No signal — YES=0.36 is between 0.32 and 0.68, sum=1.01 >= 0.97
[Ticker] KXETH15M-26APR091145-45
[Market] YES=0.47 | NO=0.56 | Sum=1.03
==================================================
Balance: $116.56 | Regime: CHOP | Session: 0W/0L (0%) | PnL: $+0.00
[Cycle] No signal — YES=0.47 is between 0.32 and 0.68, sum=1.03 >= 0.97
[Ticker] KXETH15M-26APR091145-45
[Market] YES=0.51 | NO=0.50 | Sum=1.01
==================================================
Balance: $116.56 | Regime: CHOP | Session: 0W/0L (0%) | PnL: $+0.00
[Cycle] No signal — YES=0.51 is between 0.32 and 0.68, sum=1.01 >= 0.97
[Ticker] KXETH15M-26APR091145-45
[Market] YES=0.95 | NO=0.07 | Sum=1.02
==================================================
Balance: $116.56 | Regime: CHOP | Session: 0W/0L (0%) | PnL: $+0.00
[Confidence] Score=5/10 | strong_edge,coinbase_strong,peak_hour
[Signal] UP candidate | yes=0.95 | waiting (1/2)
[Cycle] No signal — YES=0.95 is between 0.32 and 0.68, sum=1.02 >= 0.97
[Ticker] KXETH15M-26APR091145-45
[Market] YES=0.97 | NO=0.07 | Sum=1.04
==================================================
Balance: $116.56 | Regime: BULL | Session: 0W/0L (0%) | PnL: $+0.00
[Confidence] Score=6/10 | extreme_edge,coinbase_strong,peak_hour
[Coinbase] Confirms UP | $2208 gap=+23 (1.04%)
[Kraken] Divergence 3160.52% — bet trimmed
[Correlation] Markets diverging — bet trimmed
[Signal] CONFIRMED UP | yes=0.97 | edge=0.47 | bet=$6.14
[Order] KXETH15M-26APR091145-45 | yes | count=12 | $6.14
[Order] status=resting remaining=-1 filled=False
[Order] Not filled: order=Order(order_id='80b29f1b-c026-43eb-833b-1f3b81738068', client_order_id='', ticker='KXETH15M-26APR091145-45', side='yes', action='buy', type='limit', status='resting', yes_price=None, no_price=None, count=None, remaining_count=None, expiration_time=None, created_time=datetime.datetime(2026, 4, 9, 15, 34, 44, 43721, tzinfo=TzInfo(0)), updated_time=None)
[Order] Cancelled resting order 80b29f1b-c026-43eb-833b-1f3b81738068
[Cycle] No signal — YES=0.97 is between 0.32 and 0.68, sum=1.04 >= 0.97
[Cooldown] 2 cycles remaining
[Cooldown] 1 cycles remaining
[Ticker] KXETH15M-26APR091145-45
[Market] YES=1.00 | NO=0.01 | Sum=1.00
==================================================
Balance: $116.56 | Regime: BULL | Session: 0W/0L (0%) | PnL: $+0.00
[Confidence] Score=6/10 | extreme_edge,coinbase_strong,peak_hour
[Timing] Window 7 min old — skipping
[Cycle] No signal — YES=1.00 is between 0.32 and 0.68, sum=1.00 >= 0.97
[Ticker] KXETH15M-26APR091145-45
[Market] YES=0.99 | NO=0.01 | Sum=1.00
==================================================
Balance: $116.56 | Regime: CHOP | Session: 0W/0L (0%) | PnL: $+0.00
[Confidence] Score=6/10 | extreme_edge,coinbase_strong,peak_hour
[Timing] Window 8 min old — skipping
[Cycle] No signal — YES=0.99 is between 0.32 and 0.68, sum=1.00 >= 0.97
[Ticker] KXETH15M-26APR091145-45
[Market] YES=0.99 | NO=0.01 | Sum=1.00
==================================================
Balance: $116.56 | Regime: CHOP | Session: 0W/0L (0%) | PnL: $+0.00
[Confidence] Score=6/10 | extreme_edge,coinbase_strong,peak_hour
[Timing] Window 9 min old — skipping
[Cycle] No signal — YES=0.99 is between 0.32 and 0.68, sum=1.00 >= 0.97
[Ticker] KXETH15M-26APR091145-45
[Market] YES=1.00 | NO=0.01 | Sum=1.00
==================================================
Balance: $116.56 | Regime: CHOP | Session: 0W/0L (0%) | PnL: $+0.00
[Confidence] Score=6/10 | extreme_edge,coinbase_strong,peak_hour
[Timing] Window 10 min old — skipping
[Cycle] No signal — YES=1.00 is between 0.32 and 0.68, sum=1.00 >= 0.97
[Ticker] KXETH15M-26APR091145-45
[Market] YES=1.00 | NO=0.00 | Sum=1.00
==================================================
Balance: $116.56 | Regime: CHOP | Session: 0W/0L (0%) | PnL: $+0.00
[Confidence] Score=6/10 | extreme_edge,coinbase_strong,peak_hour
[Timing] Window 11 min old — skipping
[Cycle] No signal — YES=1.00 is between 0.32 and 0.68, sum=1.00 >= 0.97
[Ticker] KXETH15M-26APR091145-45
[Market] YES=1.00 | NO=0.00 | Sum=1.00
==================================================
Balance: $116.56 | Regime: CHOP | Session: 0W/0L (0%) | PnL: $+0.00
[Confidence] Score=6/10 | extreme_edge,coinbase_strong,peak_hour
[Timing] Window 12 min old — skipping
[Cycle] No signal — YES=1.00 is between 0.32 and 0.68, sum=1.00 >= 0.97
[Ticker] KXETH15M-26APR091145-45
[Market] YES=1.00 | NO=0.00 | Sum=1.00
==================================================
Balance: $116.56 | Regime: CHOP | Session: 0W/0L (0%) | PnL: $+0.00
[Confidence] Score=6/10 | extreme_edge,coinbase_strong,peak_hour
[Timing] Window 13 min old — skipping
[Cycle] No signal — YES=1.00 is between 0.32 and 0.68, sum=1.00 >= 0.97
[Ticker] KXETH15M-26APR091145-45
[Market] YES=1.00 | NO=0.00 | Sum=1.00
==================================================
Balance: $116.56 | Regime: CHOP | Session: 0W/0L (0%) | PnL: $+0.00
[Confidence] Score=6/10 | extreme_edge,coinbase_strong,peak_hour
[Timing] Window 14 min old — skipping
[Cycle] No signal — YES=1.00 is between 0.32 and 0.68, sum=1.00 >= 0.97
[Ticker] KXETH15M-26APR091200-00
[Market] YES=0.40 | NO=0.63 | Sum=1.03
==================================================
Balance: $116.56 | Regime: CHOP | Session: 0W/0L (0%) | PnL: $+0.00
[Cycle] No signal — YES=0.40 is between 0.32 and 0.68, sum=1.03 >= 0.97
[Ticker] KXETH15M-26APR091200-00
[Market] YES=0.49 | NO=0.53 | Sum=1.02
==================================================
Balance: $116.56 | Regime: CHOP | Session: 0W/0L (0%) | PnL: $+0.00
[Cycle] No signal — YES=0.49 is between 0.32 and 0.68, sum=1.02 >= 0.97
[Ticker] KXETH15M-26APR091200-00
[Market] YES=0.50 | NO=0.53 | Sum=1.03
==================================================
Balance: $116.56 | Regime: CHOP | Session: 0W/0L (0%) | PnL: $+0.00
[Cycle] No signal — YES=0.50 is between 0.32 and 0.68, sum=1.03 >= 0.97
[Ticker] KXETH15M-26APR091200-00
[Market] YES=0.82 | NO=0.21 | Sum=1.03
==================================================
Balance: $116.56 | Regime: BULL | Session: 0W/0L (0%) | PnL: $+0.00
[Confidence] Score=4/10 | strong_edge,coinbase_weak,peak_hour
[Signal] UP candidate | yes=0.82 | waiting (1/2)
[Cycle] No signal — YES=0.82 is between 0.32 and 0.68, sum=1.03 >= 0.97
[Ticker] KXETH15M-26APR091200-00
[Market] YES=0.70 | NO=0.34 | Sum=1.04
==================================================
Balance: $116.56 | Regime: CHOP | Session: 0W/0L (0%) | PnL: $+0.00
[Signal] Edge 0.20 below minimum 0.2 — skipping
[Cycle] No signal — YES=0.70 is between 0.32 and 0.68, sum=1.04 >= 0.97
[Ticker] KXETH15M-26APR091200-00
[Market] YES=0.54 | NO=0.49 | Sum=1.03
==================================================
Balance: $116.29 | Regime: CHOP | Session: 0W/0L (0%) | PnL: $+0.00
[Cycle] No signal — YES=0.54 is between 0.32 and 0.68, sum=1.03 >= 0.97
[Ticker] KXETH15M-26APR091200-00
[Market] YES=0.59 | NO=0.44 | Sum=1.03
==================================================
Balance: $116.97 | Regime: CHOP | Session: 0W/0L (0%) | PnL: $+0.00
[Cycle] No signal — YES=0.59 is between 0.32 and 0.68, sum=1.03 >= 0.97
[Ticker] KXETH15M-26APR091200-00
[Market] YES=0.61 | NO=0.43 | Sum=1.04
==================================================
Balance: $117.09 | Regime: CHOP | Session: 0W/0L (0%) | PnL: $+0.00
[Cycle] No signal — YES=0.61 is between 0.32 and 0.68, sum=1.04 >= 0.97
[Ticker] KXETH15M-26APR091200-00
[Market] YES=0.70 | NO=0.33 | Sum=1.03
==================================================
Balance: $117.37 | Regime: CHOP | Session: 0W/0L (0%) | PnL: $+0.00
[Signal] Edge 0.20 below minimum 0.2 — skipping
[Cycle] No signal — YES=0.70 is between 0.32 and 0.68, sum=1.03 >= 0.97
[Ticker] KXETH15M-26APR091200-00
[Market] YES=0.75 | NO=0.29 | Sum=1.04
==================================================
Balance: $117.69 | Regime: CHOP | Session: 0W/0L (0%) | PnL: $+0.00
[Confidence] Score=3/10 | moderate_edge,coinbase_weak,peak_hour
[Timing] Window 9 min old — skipping
[Cycle] No signal — YES=0.75 is between 0.32 and 0.68, sum=1.04 >= 0.97
[Ticker] KXETH15M-26APR091200-00
[Market] YES=0.91 | NO=0.11 | Sum=1.02
==================================================
Balance: $117.73 | Regime: CHOP | Session: 0W/0L (0%) | PnL: $+0.00
[Confidence] Score=4/10 | strong_edge,coinbase_weak,peak_hour
[Timing] Window 10 min old — skipping
[Cycle] No signal — YES=0.91 is between 0.32 and 0.68, sum=1.02 >= 0.97
[Ticker] KXETH15M-26APR091200-00
[Market] YES=0.99 | NO=0.02 | Sum=1.01
==================================================
Balance: $117.77 | Regime: CHOP | Session: 0W/0L (0%) | PnL: $+0.00
[Confidence] Score=5/10 | extreme_edge,coinbase_weak,peak_hour
[Timing] Window 11 min old — skipping
[Cycle] No signal — YES=0.99 is between 0.32 and 0.68, sum=1.01 >= 0.97
[Ticker] KXETH15M-26APR091200-00
[Market] YES=0.98 | NO=0.03 | Sum=1.01
==================================================
Balance: $117.78 | Regime: CHOP | Session: 0W/0L (0%) | PnL: $+0.00
[Confidence] Score=5/10 | extreme_edge,coinbase_weak,peak_hour
[Timing] Window 12 min old — skipping
[Cycle] No signal — YES=0.98 is between 0.32 and 0.68, sum=1.01 >= 0.97
[Ticker] KXETH15M-26APR091200-00
[Market] YES=0.98 | NO=0.03 | Sum=1.01
==================================================
Balance: $117.77 | Regime: CHOP | Session: 0W/0L (0%) | PnL: $+0.00
[Confidence] Score=5/10 | extreme_edge,coinbase_weak,peak_hour
[Timing] Window 13 min old — skipping
[Cycle] No signal — YES=0.98 is between 0.32 and 0.68, sum=1.01 >= 0.97
[Ticker] KXETH15M-26APR091200-00
[Market] YES=1.00 | NO=0.00 | Sum=1.00
==================================================
Balance: $117.80 | Regime: CHOP | Session: 0W/0L (0%) | PnL: $+0.00
[Confidence] Score=5/10 | extreme_edge,coinbase_weak,peak_hour
[Timing] Window 14 min old — skipping
[Cycle] No signal — YES=1.00 is between 0.32 and 0.68, sum=1.00 >= 0.97
[Ticker] KXETH15M-26APR091215-15
[Market] YES=0.61 | NO=0.40 | Sum=1.01
==================================================
Balance: $117.81 | Regime: CHOP | Session: 0W/0L (0%) | PnL: $+0.00
[Cycle] No signal — YES=0.61 is between 0.32 and 0.68, sum=1.01 >= 0.97
[Ticker] KXETH15M-26APR091215-15
[Market] YES=0.70 | NO=0.31 | Sum=1.01
==================================================
Balance: $117.81 | Regime: CHOP | Session: 0W/0L (0%) | PnL: $+0.00
[Signal] Edge 0.20 below minimum 0.2 — skipping
[Cycle] No signal — YES=0.70 is between 0.32 and 0.68, sum=1.01 >= 0.97
[Ticker] KXETH15M-26APR091215-15
[Market] YES=0.83 | NO=0.20 | Sum=1.03
==================================================
Balance: $117.81 | Regime: CHOP | Session: 0W/0L (0%) | PnL: $+0.00
[Confidence] Score=4/10 | strong_edge,coinbase_weak,peak_hour
[Signal] UP candidate | yes=0.83 | waiting (1/2)
[Cycle] No signal — YES=0.83 is between 0.32 and 0.68, sum=1.03 >= 0.97
[Ticker] KXETH15M-26APR091215-15
[Market] YES=0.90 | NO=0.11 | Sum=1.01
==================================================
Balance: $118.68 | Regime: CHOP | Session: 0W/0L (0%) | PnL: $+0.00
[Confidence] Score=4/10 | strong_edge,coinbase_weak,peak_hour
[Coinbase] Confirms UP | $2229 gap=+11 (0.52%)
[Kraken] Divergence 3146.90% — bet trimmed
[Correlation] 2/3 agree UP
[Signal] CONFIRMED UP | yes=0.90 | edge=0.40 | bet=$4.86
[CorrGuard] 2 bots already fired — skipping to avoid correlated loss
[Cycle] No signal — YES=0.90 is between 0.32 and 0.68, sum=1.01 >= 0.97
[Ticker] KXETH15M-26APR091215-15
[Market] YES=0.88 | NO=0.14 | Sum=1.02
==================================================
Balance: $118.31 | Regime: CHOP | Session: 0W/0L (0%) | PnL: $+0.00
[Confidence] Score=4/10 | strong_edge,coinbase_weak,peak_hour
[Coinbase] Confirms UP | $2226 gap=+9 (0.39%)
[Kraken] Divergence 3148.16% — bet trimmed
[Correlation] 2/3 agree UP
[Signal] CONFIRMED UP | yes=0.88 | edge=0.38 | bet=$4.84
[Order] KXETH15M-26APR091215-15 | yes | count=9 | $4.84
[Order] status=executed remaining=-1 filled=True
✅ ETH DIRECTIONAL: UP $4.84 on KXETH15M-26APR091215-15
[Positions] 1 still open
[Ticker] KXETH15M-26APR091215-15
[Market] YES=0.81 | NO=0.21 | Sum=1.02
==================================================
Balance: $117.87 | Regime: CHOP | Session: 0W/0L (0%) | PnL: $+0.00
[Confidence] Score=4/10 | strong_edge,coinbase_weak,peak_hour
[Timing] Window 5 min old — skipping
[Cycle] No signal — YES=0.81 is between 0.32 and 0.68, sum=1.02 >= 0.97
[Positions] 1 still open
[Ticker] KXETH15M-26APR091215-15
[Market] YES=0.71 | NO=0.31 | Sum=1.02
==================================================
Balance: $114.51 | Regime: CHOP | Session: 0W/0L (0%) | PnL: $+0.00
[Confidence] Score=3/10 | moderate_edge,coinbase_weak,peak_hour
[Timing] Window 6 min old — skipping
[Cycle] No signal — YES=0.71 is between 0.32 and 0.68, sum=1.02 >= 0.97
[ProfitLock] UP on KXETH15M-26APR091215-15 win=0.71 reversing — locking profit
[ProfitLock] Sell order: executed
[Ticker] KXETH15M-26APR091215-15
[Market] YES=0.73 | NO=0.29 | Sum=1.02
==================================================
Balance: $113.99 | Regime: CHOP | Session: 0W/0L (0%) | PnL: $+0.00
[Confidence] Score=3/10 | moderate_edge,coinbase_weak,peak_hour
[Timing] Window 7 min old — skipping
[Cycle] No signal — YES=0.73 is between 0.32 and 0.68, sum=1.02 >= 0.97
[Ticker] KXETH15M-26APR091215-15
[Market] YES=0.60 | NO=0.44 | Sum=1.04
==================================================
Balance: $110.59 | Regime: CHOP | Session: 0W/0L (0%) | PnL: $+0.00
[Cycle] No signal — YES=0.60 is between 0.32 and 0.68, sum=1.04 >= 0.97
[Ticker] KXETH15M-26APR091215-15
[Market] YES=0.63 | NO=0.38 | Sum=1.01
==================================================
Balance: $112.11 | Regime: CHOP | Session: 0W/0L (0%) | PnL: $+0.00
[Cycle] No signal — YES=0.63 is between 0.32 and 0.68, sum=1.01 >= 0.97
[Ticker] KXETH15M-26APR091215-15
[Market] YES=0.59 | NO=0.44 | Sum=1.03
==================================================
Balance: $110.43 | Regime: CHOP | Session: 0W/0L (0%) | PnL: $+0.00
[Cycle] No signal — YES=0.59 is between 0.32 and 0.68, sum=1.03 >= 0.97
[Ticker] KXETH15M-26APR091215-15
[Market] YES=0.53 | NO=0.52 | Sum=1.05
==================================================
Balance: $113.14 | Regime: CHOP | Session: 0W/0L (0%) | PnL: $+0.00
[Cycle] No signal — YES=0.53 is between 0.32 and 0.68, sum=1.05 >= 0.97
[Ticker] KXETH15M-26APR091215-15
[Market] YES=0.91 | NO=0.11 | Sum=1.02
==================================================
Balance: $123.67 | Regime: CHOP | Session: 0W/0L (0%) | PnL: $+0.00
[Confidence] Score=4/10 | strong_edge,coinbase_weak,peak_hour
[Timing] Window 12 min old — skipping
[Cycle] No signal — YES=0.91 is between 0.32 and 0.68, sum=1.02 >= 0.97
[Ticker] KXETH15M-26APR091215-15
[Market] YES=0.98 | NO=0.04 | Sum=1.02
==================================================
Balance: $125.53 | Regime: CHOP | Session: 0W/0L (0%) | PnL: $+0.00
[Confidence] Score=5/10 | extreme_edge,coinbase_weak,peak_hour
[Timing] Window 13 min old — skipping
[Cycle] No signal — YES=0.98 is between 0.32 and 0.68, sum=1.02 >= 0.97
[Ticker] KXETH15M-26APR091215-15
[Market] YES=0.52 | NO=0.89 | Sum=1.41
==================================================
Balance: $110.38 | Regime: CHOP | Session: 0W/0L (0%) | PnL: $+0.00
[Cycle] No signal — YES=0.52 is between 0.32 and 0.68, sum=1.41 >= 0.97
[Ticker] KXETH15M-26APR091230-30
[Market] YES=0.43 | NO=0.61 | Sum=1.04
==================================================
Balance: $108.11 | Regime: CHOP | Session: 0W/0L (0%) | PnL: $+0.00
[Cycle] No signal — YES=0.43 is between 0.32 and 0.68, sum=1.04 >= 0.97
[Ticker] KXETH15M-26APR091230-30
[Market] YES=0.53 | NO=0.49 | Sum=1.02
==================================================
Balance: $108.11 | Regime: CHOP | Session: 0W/0L (0%) | PnL: $+0.00
[Cycle] No signal — YES=0.53 is between 0.32 and 0.68, sum=1.02 >= 0.97
[Ticker] KXETH15M-26APR091230-30
[Market] YES=0.64 | NO=0.40 | Sum=1.04
==================================================
Balance: $108.11 | Regime: CHOP | Session: 0W/0L (0%) | PnL: $+0.00
[Cycle] No signal — YES=0.64 is between 0.32 and 0.68, sum=1.04 >= 0.97
[Ticker] KXETH15M-26APR091230-30
[Market] YES=0.57 | NO=0.47 | Sum=1.04
==================================================
Balance: $108.11 | Regime: CHOP | Session: 0W/0L (0%) | PnL: $+0.00
[Cycle] No signal — YES=0.57 is between 0.32 and 0.68, sum=1.04 >= 0.97
[Ticker] KXETH15M-26APR091230-30
[Market] YES=0.67 | NO=0.36 | Sum=1.03
==================================================
Balance: $108.11 | Regime: CHOP | Session: 0W/0L (0%) | PnL: $+0.00
[Cycle] No signal — YES=0.67 is between 0.32 and 0.68, sum=1.03 >= 0.97
[Ticker] KXETH15M-26APR091230-30
[Market] YES=0.62 | NO=0.41 | Sum=1.03
==================================================
Balance: $108.11 | Regime: CHOP | Session: 0W/0L (0%) | PnL: $+0.00
[Cycle] No signal — YES=0.62 is between 0.32 and 0.68, sum=1.03 >= 0.97
[Ticker] KXETH15M-26APR091230-30
[Market] YES=0.34 | NO=0.70 | Sum=1.04
==================================================
Balance: $108.11 | Regime: CHOP | Session: 0W/0L (0%) | PnL: $+0.00
[Cycle] No signal — YES=0.34 is between 0.32 and 0.68, sum=1.04 >= 0.97
[Ticker] KXETH15M-26APR091230-30
[Market] YES=0.38 | NO=0.65 | Sum=1.03
==================================================
Balance: $108.11 | Regime: CHOP | Session: 0W/0L (0%) | PnL: $+0.00
[Cycle] No signal — YES=0.38 is between 0.32 and 0.68, sum=1.03 >= 0.97
[Ticker] KXETH15M-26APR091230-30
[Market] YES=0.23 | NO=0.80 | Sum=1.03
==================================================
Balance: $108.11 | Regime: CHOP | Session: 0W/0L (0%) | PnL: $+0.00
[Confidence] Score=5/10 | moderate_edge,coinbase_weak,all3_agree,peak_hour
[Timing] Window 8 min old — skipping
[Cycle] No signal — YES=0.23 is between 0.32 and 0.68, sum=1.03 >= 0.97
[Ticker] KXETH15M-26APR091230-30
[Market] YES=0.12 | NO=0.91 | Sum=1.03
==================================================
Balance: $108.11 | Regime: CHOP | Session: 0W/0L (0%) | PnL: $+0.00
[Confidence] Score=6/10 | strong_edge,coinbase_weak,all3_agree,peak_hour
[Timing] Window 9 min old — skipping
[Cycle] No signal — YES=0.12 is between 0.32 and 0.68, sum=1.03 >= 0.97
[Ticker] KXETH15M-26APR091230-30
[Market] YES=0.19 | NO=0.84 | Sum=1.03
==================================================
Balance: $108.11 | Regime: CHOP | Session: 0W/0L (0%) | PnL: $+0.00
[Confidence] Score=5/10 | strong_edge,coinbase_weak,2of3_agree,peak_hour
[Timing] Window 10 min old — skipping
[Cycle] No signal — YES=0.19 is between 0.32 and 0.68, sum=1.03 >= 0.97
[Ticker] KXETH15M-26APR091230-30
[Market] YES=0.12 | NO=0.89 | Sum=1.01
==================================================
Balance: $108.11 | Regime: CHOP | Session: 0W/0L (0%) | PnL: $+0.00
[Confidence] Score=6/10 | strong_edge,coinbase_weak,all3_agree,peak_hour
[Timing] Window 11 min old — skipping
[Cycle] No signal — YES=0.12 is between 0.32 and 0.68, sum=1.01 >= 0.97
[Ticker] KXETH15M-26APR091230-30
[Market] YES=0.03 | NO=0.97 | Sum=1.00
==================================================
Balance: $108.11 | Regime: CHOP | Session: 0W/0L (0%) | PnL: $+0.00
[Confidence] Score=6/10 | extreme_edge,coinbase_weak,2of3_agree,peak_hour
[Timing] Window 12 min old — skipping
[Cycle] No signal — YES=0.03 is between 0.32 and 0.68, sum=1.00 >= 0.97
[Ticker] KXETH15M-26APR091230-30
[Market] YES=0.00 | NO=1.00 | Sum=1.00
==================================================
Balance: $108.11 | Regime: CHOP | Session: 0W/0L (0%) | PnL: $+0.00
[Confidence] Score=7/10 | extreme_edge,coinbase_weak,all3_agree,peak_hour
[Timing] Window 13 min old — skipping
[Cycle] No signal — YES=0.00 is between 0.32 and 0.68, sum=1.00 >= 0.97
[Ticker] KXETH15M-26APR091230-30
[Market] YES=0.00 | NO=1.00 | Sum=1.00
==================================================
Balance: $108.11 | Regime: CHOP | Session: 0W/0L (0%) | PnL: $+0.00
[Confidence] Score=7/10 | extreme_edge,coinbase_weak,all3_agree,peak_hour
[Timing] Window 14 min old — skipping
[Cycle] No signal — YES=0.00 is between 0.32 and 0.68, sum=1.00 >= 0.97
[Ticker] KXETH15M-26APR091245-45
[Market] YES=0.39 | NO=0.63 | Sum=1.02
==================================================
Balance: $108.11 | Regime: CHOP | Session: 0W/0L (0%) | PnL: $+0.00
[Cycle] No signal — YES=0.39 is between 0.32 and 0.68, sum=1.02 >= 0.97
[Ticker] KXETH15M-26APR091245-45
[Market] YES=0.42 | NO=0.61 | Sum=1.03
==================================================
Balance: $108.11 | Regime: CHOP | Session: 0W/0L (0%) | PnL: $+0.00
[Cycle] No signal — YES=0.42 is between 0.32 and 0.68, sum=1.03 >= 0.97
[Ticker] KXETH15M-26APR091245-45
[Market] YES=0.36 | NO=0.65 | Sum=1.01
==================================================
Balance: $108.11 | Regime: CHOP | Session: 0W/0L (0%) | PnL: $+0.00
[Cycle] No signal — YES=0.36 is between 0.32 and 0.68, sum=1.01 >= 0.97
[Ticker] KXETH15M-26APR091245-45
[Market] YES=0.20 | NO=0.83 | Sum=1.03
==================================================
Balance: $108.11 | Regime: CHOP | Session: 0W/0L (0%) | PnL: $+0.00
[Confidence] Score=5/10 | strong_edge,coinbase_weak,2of3_agree,peak_hour
[Signal] DOWN candidate | yes=0.20 | waiting (1/2)
[Cycle] No signal — YES=0.20 is between 0.32 and 0.68, sum=1.03 >= 0.97
[Ticker] KXETH15M-26APR091245-45
[Market] YES=0.15 | NO=0.87 | Sum=1.02
==================================================
Balance: $108.11 | Regime: CHOP | Session: 0W/0L (0%) | PnL: $+0.00
[Confidence] Score=6/10 | strong_edge,coinbase_weak,all3_agree,peak_hour
[Coinbase] Confirms DOWN | $2205 gap=-6 (0.28%)
[Kraken] Divergence 3162.56% — bet trimmed
[Correlation] All 3 agree — bet boosted
[Signal] CONFIRMED DOWN | yes=0.15 | edge=0.35 | bet=$4.08
[Order] KXETH15M-26APR091245-45 | no | count=8 | $4.08
[Order] status=executed remaining=-1 filled=True
✅ ETH DIRECTIONAL: DOWN $4.08 on KXETH15M-26APR091245-45
[Positions] 1 still open
[Ticker] KXETH15M-26APR091245-45
[Market] YES=0.17 | NO=0.87 | Sum=1.04
==================================================
Balance: $108.36 | Regime: CHOP | Session: 0W/0L (0%) | PnL: $+0.00
[Confidence] Score=6/10 | strong_edge,coinbase_weak,all3_agree,peak_hour
[Timing] Window 5 min old — skipping
[Cycle] No signal — YES=0.17 is between 0.32 and 0.68, sum=1.04 >= 0.97
[Positions] 1 still open
[Ticker] KXETH15M-26APR091245-45
[Market] YES=0.10 | NO=0.93 | Sum=1.03
==================================================
Balance: $108.37 | Regime: CHOP | Session: 0W/0L (0%) | PnL: $+0.00
[Confidence] Score=5/10 | strong_edge,coinbase_weak,2of3_agree,peak_hour
[Timing] Window 6 min old — skipping
[Cycle] No signal — YES=0.10 is between 0.32 and 0.68, sum=1.03 >= 0.97
[Positions] 1 still open
[Ticker] KXETH15M-26APR091245-45
[Market] YES=0.11 | NO=0.92 | Sum=1.03
==================================================
Balance: $108.60 | Regime: CHOP | Session: 0W/0L (0%) | PnL: $+0.00
[Confidence] Score=6/10 | strong_edge,coinbase_weak,all3_agree,peak_hour
[Timing] Window 7 min old — skipping
[Cycle] No signal — YES=0.11 is between 0.32 and 0.68, sum=1.03 >= 0.97
[Positions] 1 still open
[Ticker] KXETH15M-26APR091245-45
[Market] YES=0.03 | NO=0.98 | Sum=1.01
==================================================
Balance: $110.02 | Regime: CHOP | Session: 0W/0L (0%) | PnL: $+0.00
[Confidence] Score=7/10 | extreme_edge,coinbase_weak,all3_agree,peak_hour
[Timing] Window 8 min old — skipping
[Cycle] No signal — YES=0.03 is between 0.32 and 0.68, sum=1.01 >= 0.97
[Positions] 1 still open
[Ticker] KXETH15M-26APR091245-45
[Market] YES=0.01 | NO=1.00 | Sum=1.00
==================================================
Balance: $110.28 | Regime: CHOP | Session: 0W/0L (0%) | PnL: $+0.00
[Confidence] Score=7/10 | extreme_edge,coinbase_strong,2of3_agree,peak_hour
[Timing] Window 9 min old — skipping
[Cycle] No signal — YES=0.01 is between 0.32 and 0.68, sum=1.00 >= 0.97
[Positions] 1 still open
[Ticker] KXETH15M-26APR091245-45
[Market] YES=0.02 | NO=1.00 | Sum=1.02
==================================================
Balance: $110.15 | Regime: CHOP | Session: 0W/0L (0%) | PnL: $+0.00
[Confidence] Score=8/10 | extreme_edge,coinbase_strong,all3_agree,peak_hour
[Timing] Window 10 min old — skipping
[Cycle] No signal — YES=0.02 is between 0.32 and 0.68, sum=1.02 >= 0.97
[Positions] 1 still open
[Ticker] KXETH15M-26APR091245-45
[Market] YES=0.01 | NO=0.99 | Sum=1.00
==================================================
Balance: $110.28 | Regime: CHOP | Session: 0W/0L (0%) | PnL: $+0.00
[Confidence] Score=8/10 | extreme_edge,coinbase_strong,all3_agree,peak_hour
[Timing] Window 11 min old — skipping
[Cycle] No signal — YES=0.01 is between 0.32 and 0.68, sum=1.00 >= 0.97
[Positions] 1 still open
[Ticker] KXETH15M-26APR091245-45
[Market] YES=0.00 | NO=1.00 | Sum=1.00
==================================================
Balance: $110.39 | Regime: CHOP | Session: 0W/0L (0%) | PnL: $+0.00
[Confidence] Score=8/10 | extreme_edge,coinbase_strong,all3_agree,peak_hour
[Timing] Window 12 min old — skipping
[Cycle] No signal — YES=0.00 is between 0.32 and 0.68, sum=1.00 >= 0.97
[Positions] 1 still open
[Ticker] KXETH15M-26APR091245-45
[Market] YES=0.01 | NO=1.00 | Sum=1.00
==================================================
Balance: $110.35 | Regime: CHOP | Session: 0W/0L (0%) | PnL: $+0.00
[Confidence] Score=7/10 | extreme_edge,coinbase_weak,all3_agree,peak_hour
[Timing] Window 13 min old — skipping
[Cycle] No signal — YES=0.01 is between 0.32 and 0.68, sum=1.00 >= 0.97
[Positions] 1 still open
[Ticker] KXETH15M-26APR091245-45
[Market] YES=0.00 | NO=1.00 | Sum=1.00
==================================================
Balance: $110.36 | Regime: CHOP | Session: 0W/0L (0%) | PnL: $+0.00
[Confidence] Score=7/10 | extreme_edge,coinbase_weak,all3_agree,peak_hour
[Timing] Window 14 min old — skipping
[Cycle] No signal — YES=0.00 is between 0.32 and 0.68, sum=1.00 >= 0.97
[Positions] 1 still open
[Ticker] KXETH15M-26APR091300-00
[Market] YES=0.61 | NO=0.40 | Sum=1.01
==================================================
Balance: $110.44 | Regime: CHOP | Session: 0W/0L (0%) | PnL: $+0.00
[Cycle] No signal — YES=0.61 is between 0.32 and 0.68, sum=1.01 >= 0.97
[Positions] 1 still open
[Ticker] KXETH15M-26APR091300-00
[Market] YES=0.39 | NO=0.65 | Sum=1.04
==================================================
Balance: $110.44 | Regime: CHOP | Session: 0W/0L (0%) | PnL: $+0.00
[Cycle] No signal — YES=0.39 is between 0.32 and 0.68, sum=1.04 >= 0.97
[Positions] 1 still open
[Ticker] KXETH15M-26APR091300-00
[Market] YES=0.21 | NO=0.82 | Sum=1.03
==================================================
Balance: $110.44 | Regime: CHOP | Session: 0W/0L (0%) | PnL: $+0.00
[Confidence] Score=4/10 | moderate_edge,coinbase_weak,2of3_agree,peak_hour
[Signal] DOWN candidate | yes=0.21 | waiting (1/2)
[Cycle] No signal — YES=0.21 is between 0.32 and 0.68, sum=1.03 >= 0.97
[Positions] 1 still open
[Ticker] KXETH15M-26APR091300-00
[Market] YES=0.16 | NO=0.87 | Sum=1.03
==================================================
Balance: $110.44 | Regime: CHOP | Session: 0W/0L (0%) | PnL: $+0.00
[Confidence] Score=5/10 | strong_edge,coinbase_weak,2of3_agree,peak_hour
[Coinbase] Confirms DOWN | $2195 gap=-6 (0.27%)
[Kraken] Divergence 3170.45% — bet trimmed
[Correlation] Markets diverging — bet trimmed
[Signal] CONFIRMED DOWN | yes=0.16 | edge=0.34 | bet=$3.04
[Order] KXETH15M-26APR091300-00 | no | count=6 | $3.04
[Order] status=resting remaining=-1 filled=False
[Order] Not filled: order=Order(order_id='f1b7ab67-46cd-4b85-9c5d-fa9779374a46', client_order_id='', ticker='KXETH15M-26APR091300-00', side='no', action='buy', type='limit', status='resting', yes_price=None, no_price=None, count=None, remaining_count=None, expiration_time=None, created_time=datetime.datetime(2026, 4, 9, 16, 48, 47, 988910, tzinfo=TzInfo(0)), updated_time=None)
[Order] Cancelled resting order f1b7ab67-46cd-4b85-9c5d-fa9779374a46
[Cycle] No signal — YES=0.16 is between 0.32 and 0.68, sum=1.03 >= 0.97
[Positions] 1 still open
[Cooldown] 2 cycles remaining
[Cooldown] 1 cycles remaining
[Ticker] KXETH15M-26APR091300-00
[Market] YES=0.32 | NO=0.69 | Sum=1.01
==================================================
Balance: $109.82 | Regime: CHOP | Session: 0W/0L (0%) | PnL: $+0.00
[Cycle] No signal — YES=0.32 is between 0.32 and 0.68, sum=1.01 >= 0.97
[Settled] WIN: DOWN $4.08 on KXETH15M-26APR091245-45 | pnl=$+3.92 | 1W/0L (100%)
[Ticker] KXETH15M-26APR091300-00
[Market] YES=0.54 | NO=0.51 | Sum=1.05
==================================================
Balance: $108.98 | Regime: CHOP | Session: 1W/0L (100%) | PnL: $+3.92
[Cycle] No signal — YES=0.54 is between 0.32 and 0.68, sum=1.05 >= 0.97
[Ticker] KXETH15M-26APR091300-00
[Market] YES=0.45 | NO=0.56 | Sum=1.01
==================================================
Balance: $108.62 | Regime: CHOP | Session: 1W/0L (100%) | PnL: $+3.92
[Cycle] No signal — YES=0.45 is between 0.32 and 0.68, sum=1.01 >= 0.97
[Ticker] KXETH15M-26APR091300-00
[Market] YES=0.47 | NO=0.57 | Sum=1.04
==================================================
Balance: $109.88 | Regime: CHOP | Session: 1W/0L (100%) | PnL: $+3.92
[Cycle] No signal — YES=0.47 is between 0.32 and 0.68, sum=1.04 >= 0.97
[Ticker] KXETH15M-26APR091300-00
[Market] YES=0.67 | NO=0.36 | Sum=1.03
==================================================
Balance: $107.36 | Regime: CHOP | Session: 1W/0L (100%) | PnL: $+3.92
[Cycle] No signal — YES=0.67 is between 0.32 and 0.68, sum=1.03 >= 0.97
[Ticker] KXETH15M-26APR091300-00
[Market] YES=0.92 | NO=0.09 | Sum=1.00
==================================================
Balance: $102.14 | Regime: CHOP | Session: 1W/0L (100%) | PnL: $+3.92
[Confidence] Score=4/10 | strong_edge,coinbase_weak,peak_hour
[Timing] Window 11 min old — skipping
[Cycle] No signal — YES=0.92 is between 0.32 and 0.68, sum=1.00 >= 0.97
