
==================================================
OpenClaw SOL Bot v4.0 — LIVE
[Startup] Live balance synced: $116.47
Balance: $116.47 | MaxBet: $11.65 | Threshold: <0.30 or >0.70
==================================================

[Startup] Resting orders cleared
[Ticker] KXSOL15M-26APR081045-45
[Market] YES=0.08 | NO=0.95 | Sum=1.03
==================================================
Balance: $116.47 | Regime: BEAR | Session: 0W/0L (0%) | PnL: $+0.00
[Confidence] Score=7/10 | strong_edge,coinbase_strong,all3_agree,peak_hour
[Signal] DOWN candidate | yes=0.08 | waiting (1/2)
[Cycle] No signal — YES=0.08 is between 0.30 and 0.70, sum=1.03 >= 0.97
[Ticker] KXSOL15M-26APR081045-45
[Market] YES=0.04 | NO=0.98 | Sum=1.02
==================================================
Balance: $116.47 | Regime: BEAR | Session: 0W/0L (0%) | PnL: $+0.00
[Confidence] Score=8/10 | extreme_edge,coinbase_strong,all3_agree,peak_hour
[Timing] Window 5 min old — skipping
[Cycle] No signal — YES=0.04 is between 0.30 and 0.70, sum=1.02 >= 0.97
[Ticker] KXSOL15M-26APR081045-45
[Market] YES=0.03 | NO=0.98 | Sum=1.00
==================================================
Balance: $116.47 | Regime: CHOP | Session: 0W/0L (0%) | PnL: $+0.00
[Confidence] Score=7/10 | extreme_edge,coinbase_strong,2of3_agree,peak_hour
[Timing] Window 6 min old — skipping
[Cycle] No signal — YES=0.03 is between 0.30 and 0.70, sum=1.00 >= 0.97
[Ticker] KXSOL15M-26APR081045-45
[Market] YES=0.04 | NO=0.97 | Sum=1.01
==================================================
Balance: $116.47 | Regime: CHOP | Session: 0W/0L (0%) | PnL: $+0.00
[Confidence] Score=7/10 | extreme_edge,coinbase_strong,2of3_agree,peak_hour
[Timing] Window 7 min old — skipping
[Cycle] No signal — YES=0.04 is between 0.30 and 0.70, sum=1.01 >= 0.97
[Ticker] KXSOL15M-26APR081045-45
[Market] YES=0.08 | NO=0.95 | Sum=1.03
==================================================
Balance: $116.47 | Regime: CHOP | Session: 0W/0L (0%) | PnL: $+0.00
[Confidence] Score=6/10 | strong_edge,coinbase_weak,all3_agree,peak_hour
[Timing] Window 8 min old — skipping
[Cycle] No signal — YES=0.08 is between 0.30 and 0.70, sum=1.03 >= 0.97
[Ticker] KXSOL15M-26APR081045-45
[Market] YES=0.04 | NO=0.98 | Sum=1.02
==================================================
Balance: $116.47 | Regime: CHOP | Session: 0W/0L (0%) | PnL: $+0.00
[Confidence] Score=8/10 | extreme_edge,coinbase_strong,all3_agree,peak_hour
[Timing] Window 9 min old — skipping
[Cycle] No signal — YES=0.04 is between 0.30 and 0.70, sum=1.02 >= 0.97
[Ticker] KXSOL15M-26APR081045-45
[Market] YES=0.03 | NO=0.99 | Sum=1.01
==================================================
Balance: $116.47 | Regime: CHOP | Session: 0W/0L (0%) | PnL: $+0.00
[Confidence] Score=7/10 | extreme_edge,coinbase_strong,2of3_agree,peak_hour
[Timing] Window 10 min old — skipping
[Cycle] No signal — YES=0.03 is between 0.30 and 0.70, sum=1.01 >= 0.97
[Ticker] KXSOL15M-26APR081045-45
[Market] YES=0.01 | NO=1.00 | Sum=1.00
==================================================
Balance: $116.47 | Regime: CHOP | Session: 0W/0L (0%) | PnL: $+0.00
[Confidence] Score=7/10 | extreme_edge,coinbase_strong,2of3_agree,peak_hour
[Timing] Window 11 min old — skipping
[Cycle] No signal — YES=0.01 is between 0.30 and 0.70, sum=1.00 >= 0.97
[Ticker] KXSOL15M-26APR081045-45
[Market] YES=0.01 | NO=1.00 | Sum=1.00
==================================================
Balance: $116.47 | Regime: CHOP | Session: 0W/0L (0%) | PnL: $+0.00
[Confidence] Score=8/10 | extreme_edge,coinbase_strong,all3_agree,peak_hour
[Timing] Window 12 min old — skipping
[Cycle] No signal — YES=0.01 is between 0.30 and 0.70, sum=1.00 >= 0.97
[Ticker] KXSOL15M-26APR081045-45
[Market] YES=0.01 | NO=1.00 | Sum=1.00
==================================================
Balance: $116.47 | Regime: CHOP | Session: 0W/0L (0%) | PnL: $+0.00
[Confidence] Score=8/10 | extreme_edge,coinbase_strong,all3_agree,peak_hour
[Timing] Window 13 min old — skipping
[Cycle] No signal — YES=0.01 is between 0.30 and 0.70, sum=1.00 >= 0.97

==================================================
OpenClaw SOL Bot v4.0 — LIVE
[Startup] Live balance synced: $116.47
Balance: $116.47 | MaxBet: $11.65 | Threshold: <0.30 or >0.70
==================================================

[Startup] Resting orders cleared
[Ticker] KXSOL15M-26APR081045-45
[Market] YES=0.00 | NO=1.00 | Sum=1.00
==================================================
Balance: $116.47 | Regime: CHOP | Session: 0W/0L (0%) | PnL: $+0.00
[Confidence] Score=8/10 | extreme_edge,coinbase_strong,all3_agree,peak_hour
[Timing] Window 14 min old — skipping
[Cycle] No signal — YES=0.00 is between 0.30 and 0.70, sum=1.00 >= 0.97
[Ticker] KXSOL15M-26APR081100-00
[Market] YES=0.43 | NO=0.59 | Sum=1.02
==================================================
Balance: $116.47 | Regime: CHOP | Session: 0W/0L (0%) | PnL: $+0.00
[Cycle] No signal — YES=0.43 is between 0.30 and 0.70, sum=1.02 >= 0.97
[Ticker] KXSOL15M-26APR081100-00
[Market] YES=0.49 | NO=0.53 | Sum=1.02
==================================================
Balance: $116.47 | Regime: CHOP | Session: 0W/0L (0%) | PnL: $+0.00
[Cycle] No signal — YES=0.49 is between 0.30 and 0.70, sum=1.02 >= 0.97
[Ticker] KXSOL15M-26APR081100-00
[Market] YES=0.15 | NO=0.87 | Sum=1.02
==================================================
Balance: $116.47 | Regime: CHOP | Session: 0W/0L (0%) | PnL: $+0.00
[Confidence] Score=5/10 | strong_edge,coinbase_weak,2of3_agree,peak_hour
[Signal] DOWN candidate | yes=0.15 | waiting (1/2)
[Cycle] No signal — YES=0.15 is between 0.30 and 0.70, sum=1.02 >= 0.97
[Ticker] KXSOL15M-26APR081100-00
[Market] YES=0.38 | NO=0.67 | Sum=1.05
==================================================
Balance: $116.47 | Regime: CHOP | Session: 0W/0L (0%) | PnL: $+0.00
[Cycle] No signal — YES=0.38 is between 0.30 and 0.70, sum=1.05 >= 0.97
[Ticker] KXSOL15M-26APR081100-00
[Market] YES=0.34 | NO=0.67 | Sum=1.01
==================================================
Balance: $116.47 | Regime: CHOP | Session: 0W/0L (0%) | PnL: $+0.00
[Cycle] No signal — YES=0.34 is between 0.30 and 0.70, sum=1.01 >= 0.97
[Ticker] KXSOL15M-26APR081100-00
[Market] YES=0.31 | NO=0.72 | Sum=1.03
==================================================
Balance: $116.47 | Regime: CHOP | Session: 0W/0L (0%) | PnL: $+0.00
[Cycle] No signal — YES=0.31 is between 0.30 and 0.70, sum=1.03 >= 0.97
[Ticker] KXSOL15M-26APR081100-00
[Market] YES=0.22 | NO=0.81 | Sum=1.03
==================================================
Balance: $116.47 | Regime: CHOP | Session: 0W/0L (0%) | PnL: $+0.00
[Confidence] Score=4/10 | moderate_edge,coinbase_weak,2of3_agree,peak_hour
[Timing] Window 6 min old — skipping
[Cycle] No signal — YES=0.22 is between 0.30 and 0.70, sum=1.03 >= 0.97
[Ticker] KXSOL15M-26APR081100-00
[Market] YES=0.13 | NO=0.90 | Sum=1.03
==================================================
Balance: $116.47 | Regime: CHOP | Session: 0W/0L (0%) | PnL: $+0.00
[Confidence] Score=6/10 | strong_edge,coinbase_weak,all3_agree,peak_hour
[Timing] Window 7 min old — skipping
[Cycle] No signal — YES=0.13 is between 0.30 and 0.70, sum=1.03 >= 0.97

==================================================
OpenClaw SOL Bot v4.0 — LIVE
[Startup] Live balance synced: $116.47
Balance: $116.47 | MaxBet: $11.65 | Threshold: <0.30 or >0.70
==================================================

[Startup] Resting orders cleared
[Ticker] KXSOL15M-26APR081100-00
[Market] YES=0.10 | NO=0.92 | Sum=1.02
==================================================
Balance: $116.47 | Regime: CHOP | Session: 0W/0L (0%) | PnL: $+0.00
[Confidence] Score=6/10 | strong_edge,coinbase_weak,all3_agree,peak_hour
[Timing] Window 8 min old — skipping
[Cycle] No signal — YES=0.10 is between 0.30 and 0.70, sum=1.02 >= 0.97
[Ticker] KXSOL15M-26APR081100-00
[Market] YES=0.19 | NO=0.85 | Sum=1.04
==================================================
Balance: $116.47 | Regime: CHOP | Session: 0W/0L (0%) | PnL: $+0.00
[Confidence] Score=5/10 | strong_edge,coinbase_weak,2of3_agree,peak_hour
[Timing] Window 9 min old — skipping
[Cycle] No signal — YES=0.19 is between 0.30 and 0.70, sum=1.04 >= 0.97
[Ticker] KXSOL15M-26APR081100-00
[Market] YES=0.08 | NO=0.94 | Sum=1.02
==================================================
Balance: $116.47 | Regime: CHOP | Session: 0W/0L (0%) | PnL: $+0.00
[Confidence] Score=6/10 | strong_edge,coinbase_weak,all3_agree,peak_hour
[Timing] Window 10 min old — skipping
[Cycle] No signal — YES=0.08 is between 0.30 and 0.70, sum=1.02 >= 0.97
[Ticker] KXSOL15M-26APR081100-00
[Market] YES=0.02 | NO=0.99 | Sum=1.01
==================================================
Balance: $116.47 | Regime: CHOP | Session: 0W/0L (0%) | PnL: $+0.00
[Confidence] Score=5/10 | extreme_edge,coinbase_weak,peak_hour
[Timing] Window 11 min old — skipping
[Cycle] No signal — YES=0.02 is between 0.30 and 0.70, sum=1.01 >= 0.97
[Ticker] KXSOL15M-26APR081100-00
[Market] YES=0.01 | NO=1.00 | Sum=1.01
==================================================
Balance: $116.47 | Regime: CHOP | Session: 0W/0L (0%) | PnL: $+0.00
[Confidence] Score=7/10 | extreme_edge,coinbase_weak,all3_agree,peak_hour
[Timing] Window 12 min old — skipping
[Cycle] No signal — YES=0.01 is between 0.30 and 0.70, sum=1.01 >= 0.97
[Ticker] KXSOL15M-26APR081100-00
[Market] YES=0.01 | NO=0.99 | Sum=1.00
==================================================
Balance: $116.47 | Regime: CHOP | Session: 0W/0L (0%) | PnL: $+0.00
[Confidence] Score=6/10 | extreme_edge,coinbase_weak,2of3_agree,peak_hour
[Timing] Window 13 min old — skipping
[Cycle] No signal — YES=0.01 is between 0.30 and 0.70, sum=1.00 >= 0.97
[Ticker] KXSOL15M-26APR081100-00
[Market] YES=0.00 | NO=1.00 | Sum=1.00
==================================================
Balance: $116.47 | Regime: CHOP | Session: 0W/0L (0%) | PnL: $+0.00
[Confidence] Score=7/10 | extreme_edge,coinbase_weak,all3_agree,peak_hour
[Timing] Window 14 min old — skipping
[Cycle] No signal — YES=0.00 is between 0.30 and 0.70, sum=1.00 >= 0.97
[Ticker] KXSOL15M-26APR081100-00
[Market] YES=1.00 | NO=1.00 | Sum=2.00
==================================================
Balance: $116.47 | Regime: CHOP | Session: 0W/0L (0%) | PnL: $+0.00
[Confidence] Score=4/10 | extreme_edge,peak_hour
[Timing] Window 0 min old — skipping
[Cycle] No signal — YES=1.00 is between 0.30 and 0.70, sum=2.00 >= 0.97
[Ticker] KXSOL15M-26APR081115-15
[Market] YES=0.64 | NO=0.38 | Sum=1.02
==================================================
Balance: $116.47 | Regime: CHOP | Session: 0W/0L (0%) | PnL: $+0.00
[Cycle] No signal — YES=0.64 is between 0.30 and 0.70, sum=1.02 >= 0.97
[Ticker] KXSOL15M-26APR081115-15
[Market] YES=0.63 | NO=0.38 | Sum=1.01
==================================================
Balance: $116.47 | Regime: CHOP | Session: 0W/0L (0%) | PnL: $+0.00
[Cycle] No signal — YES=0.63 is between 0.30 and 0.70, sum=1.01 >= 0.97
[Ticker] KXSOL15M-26APR081115-15
[Market] YES=0.77 | NO=0.26 | Sum=1.03
==================================================
Balance: $116.47 | Regime: CHOP | Session: 0W/0L (0%) | PnL: $+0.00
[Confidence] Score=3/10 | moderate_edge,coinbase_weak,peak_hour
[Signal] UP candidate | yes=0.77 | waiting (1/2)
[Cycle] No signal — YES=0.77 is between 0.30 and 0.70, sum=1.03 >= 0.97
[Ticker] KXSOL15M-26APR081115-15
[Market] YES=0.80 | NO=0.24 | Sum=1.04
==================================================
Balance: $116.47 | Regime: CHOP | Session: 0W/0L (0%) | PnL: $+0.00
[Confidence] Score=4/10 | strong_edge,coinbase_weak,peak_hour
[Coinbase] Confirms UP | $83 gap=+0 (0.21%)
[Kraken] Divergence 85407.80% — bet trimmed
[Correlation] Markets diverging — bet trimmed
[Signal] CONFIRMED UP | yes=0.80 | edge=0.30 | bet=$2.83
[CorrGuard] 2 bots already fired — skipping to avoid correlated loss
[Cycle] No signal — YES=0.80 is between 0.30 and 0.70, sum=1.04 >= 0.97
[Ticker] KXSOL15M-26APR081115-15
[Market] YES=0.85 | NO=0.18 | Sum=1.03
==================================================
Balance: $116.47 | Regime: CHOP | Session: 0W/0L (0%) | PnL: $+0.00
[Confidence] Score=4/10 | strong_edge,coinbase_weak,peak_hour
[Timing] Window 5 min old — skipping
[Cycle] No signal — YES=0.85 is between 0.30 and 0.70, sum=1.03 >= 0.97
[Ticker] KXSOL15M-26APR081115-15
[Market] YES=0.81 | NO=0.22 | Sum=1.03
==================================================
Balance: $116.47 | Regime: CHOP | Session: 0W/0L (0%) | PnL: $+0.00
[Confidence] Score=4/10 | strong_edge,coinbase_weak,peak_hour
[Timing] Window 6 min old — skipping
[Cycle] No signal — YES=0.81 is between 0.30 and 0.70, sum=1.03 >= 0.97
[Ticker] KXSOL15M-26APR081115-15
[Market] YES=0.89 | NO=0.15 | Sum=1.04
==================================================
Balance: $116.47 | Regime: CHOP | Session: 0W/0L (0%) | PnL: $+0.00
[Confidence] Score=4/10 | strong_edge,coinbase_weak,peak_hour
[Timing] Window 7 min old — skipping
[Cycle] No signal — YES=0.89 is between 0.30 and 0.70, sum=1.04 >= 0.97
[Ticker] KXSOL15M-26APR081115-15
[Market] YES=0.90 | NO=0.13 | Sum=1.03
==================================================
Balance: $116.47 | Regime: CHOP | Session: 0W/0L (0%) | PnL: $+0.00
[Confidence] Score=4/10 | strong_edge,coinbase_weak,peak_hour
[Timing] Window 8 min old — skipping
[Cycle] No signal — YES=0.90 is between 0.30 and 0.70, sum=1.03 >= 0.97
[Ticker] KXSOL15M-26APR081115-15
[Market] YES=0.82 | NO=0.22 | Sum=1.04
==================================================
Balance: $116.47 | Regime: CHOP | Session: 0W/0L (0%) | PnL: $+0.00
[Confidence] Score=4/10 | strong_edge,coinbase_weak,peak_hour
[Timing] Window 9 min old — skipping
[Cycle] No signal — YES=0.82 is between 0.30 and 0.70, sum=1.04 >= 0.97
[Ticker] KXSOL15M-26APR081115-15
[Market] YES=0.55 | NO=0.50 | Sum=1.05
==================================================
Balance: $116.47 | Regime: CHOP | Session: 0W/0L (0%) | PnL: $+0.00
[Cycle] No signal — YES=0.55 is between 0.30 and 0.70, sum=1.05 >= 0.97
[Ticker] KXSOL15M-26APR081115-15
[Market] YES=0.85 | NO=0.19 | Sum=1.04
==================================================
Balance: $116.47 | Regime: CHOP | Session: 0W/0L (0%) | PnL: $+0.00
[Confidence] Score=4/10 | strong_edge,coinbase_weak,peak_hour
[Timing] Window 11 min old — skipping
[Cycle] No signal — YES=0.85 is between 0.30 and 0.70, sum=1.04 >= 0.97
[Ticker] KXSOL15M-26APR081115-15
[Market] YES=0.97 | NO=0.05 | Sum=1.02
==================================================
Balance: $116.47 | Regime: CHOP | Session: 0W/0L (0%) | PnL: $+0.00
[Confidence] Score=5/10 | extreme_edge,coinbase_weak,peak_hour
[Timing] Window 12 min old — skipping
[Cycle] No signal — YES=0.97 is between 0.30 and 0.70, sum=1.02 >= 0.97
[Ticker] KXSOL15M-26APR081115-15
[Market] YES=1.00 | NO=0.00 | Sum=1.00
==================================================
Balance: $116.47 | Regime: CHOP | Session: 0W/0L (0%) | PnL: $+0.00
[Confidence] Score=5/10 | extreme_edge,coinbase_weak,peak_hour
[Timing] Window 13 min old — skipping
[Cycle] No signal — YES=1.00 is between 0.30 and 0.70, sum=1.00 >= 0.97
[Ticker] KXSOL15M-26APR081115-15
[Market] YES=1.00 | NO=0.00 | Sum=1.00
==================================================
Balance: $116.47 | Regime: CHOP | Session: 0W/0L (0%) | PnL: $+0.00
[Confidence] Score=5/10 | extreme_edge,coinbase_weak,peak_hour
[Timing] Window 14 min old — skipping
[Cycle] No signal — YES=1.00 is between 0.30 and 0.70, sum=1.00 >= 0.97
[Ticker] KXSOL15M-26APR081130-30
[Market] YES=0.67 | NO=0.36 | Sum=1.03
==================================================
Balance: $116.47 | Regime: CHOP | Session: 0W/0L (0%) | PnL: $+0.00
[Cycle] No signal — YES=0.67 is between 0.30 and 0.70, sum=1.03 >= 0.97
[Ticker] KXSOL15M-26APR081130-30
[Market] YES=0.64 | NO=0.37 | Sum=1.01
==================================================
Balance: $116.47 | Regime: CHOP | Session: 0W/0L (0%) | PnL: $+0.00
[Cycle] No signal — YES=0.64 is between 0.30 and 0.70, sum=1.01 >= 0.97
[Ticker] KXSOL15M-26APR081130-30
[Market] YES=0.71 | NO=0.32 | Sum=1.03
==================================================
Balance: $116.47 | Regime: CHOP | Session: 0W/0L (0%) | PnL: $+0.00
[Confidence] Score=3/10 | moderate_edge,coinbase_weak,peak_hour
[Signal] UP candidate | yes=0.71 | waiting (1/2)
[Cycle] No signal — YES=0.71 is between 0.30 and 0.70, sum=1.03 >= 0.97
[Ticker] KXSOL15M-26APR081130-30
[Market] YES=0.68 | NO=0.35 | Sum=1.03
==================================================
Balance: $116.47 | Regime: CHOP | Session: 0W/0L (0%) | PnL: $+0.00
[Cycle] No signal — YES=0.68 is between 0.30 and 0.70, sum=1.03 >= 0.97
[Ticker] KXSOL15M-26APR081130-30
[Market] YES=0.73 | NO=0.31 | Sum=1.04
==================================================
Balance: $116.47 | Regime: CHOP | Session: 0W/0L (0%) | PnL: $+0.00
[Confidence] Score=3/10 | moderate_edge,coinbase_weak,peak_hour
[Signal] UP candidate | yes=0.73 | waiting (1/2)
[Cycle] No signal — YES=0.73 is between 0.30 and 0.70, sum=1.04 >= 0.97
[Ticker] KXSOL15M-26APR081130-30
[Market] YES=0.84 | NO=0.18 | Sum=1.02
==================================================
Balance: $116.47 | Regime: CHOP | Session: 0W/0L (0%) | PnL: $+0.00
[Confidence] Score=4/10 | strong_edge,coinbase_weak,peak_hour
[Timing] Window 5 min old — skipping
[Cycle] No signal — YES=0.84 is between 0.30 and 0.70, sum=1.02 >= 0.97
[Ticker] KXSOL15M-26APR081130-30
[Market] YES=0.85 | NO=0.16 | Sum=1.01
==================================================
Balance: $116.47 | Regime: CHOP | Session: 0W/0L (0%) | PnL: $+0.00
[Confidence] Score=4/10 | strong_edge,coinbase_weak,peak_hour
[Timing] Window 6 min old — skipping
[Cycle] No signal — YES=0.85 is between 0.30 and 0.70, sum=1.01 >= 0.97
[Ticker] KXSOL15M-26APR081130-30
[Market] YES=0.89 | NO=0.15 | Sum=1.04
==================================================
Balance: $116.47 | Regime: CHOP | Session: 0W/0L (0%) | PnL: $+0.00
[Confidence] Score=4/10 | strong_edge,coinbase_weak,peak_hour
[Timing] Window 7 min old — skipping
[Cycle] No signal — YES=0.89 is between 0.30 and 0.70, sum=1.04 >= 0.97
[Ticker] KXSOL15M-26APR081130-30
[Market] YES=0.85 | NO=0.16 | Sum=1.01
==================================================
Balance: $116.47 | Regime: CHOP | Session: 0W/0L (0%) | PnL: $+0.00
[Confidence] Score=4/10 | strong_edge,coinbase_weak,peak_hour
[Timing] Window 8 min old — skipping
[Cycle] No signal — YES=0.85 is between 0.30 and 0.70, sum=1.01 >= 0.97
[Ticker] KXSOL15M-26APR081130-30
[Market] YES=0.92 | NO=0.09 | Sum=1.01
==================================================
Balance: $116.47 | Regime: CHOP | Session: 0W/0L (0%) | PnL: $+0.00
[Confidence] Score=4/10 | strong_edge,coinbase_weak,peak_hour
[Timing] Window 9 min old — skipping
[Cycle] No signal — YES=0.92 is between 0.30 and 0.70, sum=1.01 >= 0.97
[Ticker] KXSOL15M-26APR081130-30
[Market] YES=0.96 | NO=0.06 | Sum=1.02
==================================================
Balance: $116.47 | Regime: CHOP | Session: 0W/0L (0%) | PnL: $+0.00
[Confidence] Score=5/10 | extreme_edge,coinbase_weak,peak_hour
[Timing] Window 10 min old — skipping
[Cycle] No signal — YES=0.96 is between 0.30 and 0.70, sum=1.02 >= 0.97
[Ticker] KXSOL15M-26APR081130-30
[Market] YES=0.97 | NO=0.05 | Sum=1.02
==================================================
Balance: $116.47 | Regime: CHOP | Session: 0W/0L (0%) | PnL: $+0.00
[Confidence] Score=5/10 | extreme_edge,coinbase_weak,peak_hour
[Timing] Window 11 min old — skipping
[Cycle] No signal — YES=0.97 is between 0.30 and 0.70, sum=1.02 >= 0.97
[Ticker] KXSOL15M-26APR081130-30
[Market] YES=0.99 | NO=0.03 | Sum=1.02
==================================================
Balance: $116.47 | Regime: CHOP | Session: 0W/0L (0%) | PnL: $+0.00
[Confidence] Score=5/10 | extreme_edge,coinbase_weak,peak_hour
[Timing] Window 12 min old — skipping
[Cycle] No signal — YES=0.99 is between 0.30 and 0.70, sum=1.02 >= 0.97
[Ticker] KXSOL15M-26APR081130-30
[Market] YES=1.00 | NO=0.01 | Sum=1.01
==================================================
Balance: $116.47 | Regime: CHOP | Session: 0W/0L (0%) | PnL: $+0.00
[Confidence] Score=5/10 | extreme_edge,coinbase_weak,peak_hour
[Timing] Window 13 min old — skipping
[Cycle] No signal — YES=1.00 is between 0.30 and 0.70, sum=1.01 >= 0.97
[Ticker] KXSOL15M-26APR081130-30
[Market] YES=1.00 | NO=0.00 | Sum=1.00
==================================================
Balance: $116.47 | Regime: CHOP | Session: 0W/0L (0%) | PnL: $+0.00
[Confidence] Score=5/10 | extreme_edge,coinbase_weak,peak_hour
[Timing] Window 14 min old — skipping
[Cycle] No signal — YES=1.00 is between 0.30 and 0.70, sum=1.00 >= 0.97
[Ticker] KXSOL15M-26APR081145-45
[Market] YES=0.50 | NO=0.55 | Sum=1.05
==================================================
Balance: $116.47 | Regime: CHOP | Session: 0W/0L (0%) | PnL: $+0.00
[Cycle] No signal — YES=0.50 is between 0.30 and 0.70, sum=1.05 >= 0.97
[Ticker] KXSOL15M-26APR081145-45
[Market] YES=0.46 | NO=0.55 | Sum=1.01
==================================================
Balance: $116.47 | Regime: CHOP | Session: 0W/0L (0%) | PnL: $+0.00
[Cycle] No signal — YES=0.46 is between 0.30 and 0.70, sum=1.01 >= 0.97
[Ticker] KXSOL15M-26APR081145-45
[Market] YES=0.48 | NO=0.55 | Sum=1.03
==================================================
Balance: $116.47 | Regime: CHOP | Session: 0W/0L (0%) | PnL: $+0.00
[Cycle] No signal — YES=0.48 is between 0.30 and 0.70, sum=1.03 >= 0.97
[Ticker] KXSOL15M-26APR081145-45
[Market] YES=0.40 | NO=0.64 | Sum=1.04
==================================================
Balance: $116.47 | Regime: CHOP | Session: 0W/0L (0%) | PnL: $+0.00
[Cycle] No signal — YES=0.40 is between 0.30 and 0.70, sum=1.04 >= 0.97
[Ticker] KXSOL15M-26APR081145-45
[Market] YES=0.41 | NO=0.64 | Sum=1.05
==================================================
Balance: $116.47 | Regime: CHOP | Session: 0W/0L (0%) | PnL: $+0.00
[Cycle] No signal — YES=0.41 is between 0.30 and 0.70, sum=1.05 >= 0.97
[Ticker] KXSOL15M-26APR081145-45
[Market] YES=0.56 | NO=0.46 | Sum=1.02
==================================================
Balance: $116.47 | Regime: CHOP | Session: 0W/0L (0%) | PnL: $+0.00
[Cycle] No signal — YES=0.56 is between 0.30 and 0.70, sum=1.02 >= 0.97
[Ticker] KXSOL15M-26APR081145-45
[Market] YES=0.61 | NO=0.40 | Sum=1.01
==================================================
Balance: $116.47 | Regime: CHOP | Session: 0W/0L (0%) | PnL: $+0.00
[Cycle] No signal — YES=0.61 is between 0.30 and 0.70, sum=1.01 >= 0.97
[Ticker] KXSOL15M-26APR081145-45
[Market] YES=0.73 | NO=0.30 | Sum=1.03
==================================================
Balance: $116.47 | Regime: CHOP | Session: 0W/0L (0%) | PnL: $+0.00
[Confidence] Score=3/10 | moderate_edge,coinbase_weak,peak_hour
[Timing] Window 7 min old — skipping
[Cycle] No signal — YES=0.73 is between 0.30 and 0.70, sum=1.03 >= 0.97
[Ticker] KXSOL15M-26APR081145-45
[Market] YES=0.84 | NO=0.19 | Sum=1.03
==================================================
Balance: $116.47 | Regime: CHOP | Session: 0W/0L (0%) | PnL: $+0.00
[Confidence] Score=5/10 | strong_edge,coinbase_weak,2of3_agree,peak_hour
[Timing] Window 8 min old — skipping
[Cycle] No signal — YES=0.84 is between 0.30 and 0.70, sum=1.03 >= 0.97
[Ticker] KXSOL15M-26APR081145-45
[Market] YES=0.62 | NO=0.43 | Sum=1.05
==================================================
Balance: $116.47 | Regime: CHOP | Session: 0W/0L (0%) | PnL: $+0.00
[Cycle] No signal — YES=0.62 is between 0.30 and 0.70, sum=1.05 >= 0.97
[Ticker] KXSOL15M-26APR081145-45
[Market] YES=0.72 | NO=0.32 | Sum=1.04
==================================================
Balance: $116.47 | Regime: CHOP | Session: 0W/0L (0%) | PnL: $+0.00
[Confidence] Score=3/10 | moderate_edge,coinbase_weak,peak_hour
[Timing] Window 10 min old — skipping
[Cycle] No signal — YES=0.72 is between 0.30 and 0.70, sum=1.04 >= 0.97
[Ticker] KXSOL15M-26APR081145-45
[Market] YES=0.66 | NO=0.35 | Sum=1.01
==================================================
Balance: $116.47 | Regime: CHOP | Session: 0W/0L (0%) | PnL: $+0.00
[Cycle] No signal — YES=0.66 is between 0.30 and 0.70, sum=1.01 >= 0.97
[Ticker] KXSOL15M-26APR081145-45
[Market] YES=0.91 | NO=0.10 | Sum=1.01
==================================================
Balance: $116.47 | Regime: CHOP | Session: 0W/0L (0%) | PnL: $+0.00
[Confidence] Score=5/10 | strong_edge,coinbase_weak,2of3_agree,peak_hour
[Timing] Window 12 min old — skipping
[Cycle] No signal — YES=0.91 is between 0.30 and 0.70, sum=1.01 >= 0.97
[Ticker] KXSOL15M-26APR081145-45
[Market] YES=0.87 | NO=0.22 | Sum=1.09
==================================================
Balance: $116.47 | Regime: CHOP | Session: 0W/0L (0%) | PnL: $+0.00
[Confidence] Score=4/10 | strong_edge,coinbase_weak,peak_hour
[Timing] Window 13 min old — skipping
[Cycle] No signal — YES=0.87 is between 0.30 and 0.70, sum=1.09 >= 0.97
[Ticker] KXSOL15M-26APR081145-45
[Market] YES=1.00 | NO=0.00 | Sum=1.00
==================================================
Balance: $116.47 | Regime: CHOP | Session: 0W/0L (0%) | PnL: $+0.00
[Confidence] Score=6/10 | extreme_edge,coinbase_weak,2of3_agree,peak_hour
[Timing] Window 14 min old — skipping
[Cycle] No signal — YES=1.00 is between 0.30 and 0.70, sum=1.00 >= 0.97
[Ticker] KXSOL15M-26APR081200-00
[Market] YES=0.67 | NO=0.37 | Sum=1.04
==================================================
Balance: $116.47 | Regime: CHOP | Session: 0W/0L (0%) | PnL: $+0.00
[Cycle] No signal — YES=0.67 is between 0.30 and 0.70, sum=1.04 >= 0.97
[Ticker] KXSOL15M-26APR081200-00
[Market] YES=0.73 | NO=0.31 | Sum=1.04
==================================================
Balance: $116.47 | Regime: CHOP | Session: 0W/0L (0%) | PnL: $+0.00
[Confidence] Score=3/10 | moderate_edge,coinbase_weak,peak_hour
[Signal] UP candidate | yes=0.73 | waiting (1/2)
[Cycle] No signal — YES=0.73 is between 0.30 and 0.70, sum=1.04 >= 0.97
[Ticker] KXSOL15M-26APR081200-00
[Market] YES=0.79 | NO=0.23 | Sum=1.02
==================================================
Balance: $116.47 | Regime: CHOP | Session: 0W/0L (0%) | PnL: $+0.00
[Confidence] Score=3/10 | moderate_edge,coinbase_weak,peak_hour
[Coinbase] Confirms UP | $83 gap=+0 (0.20%)
[Kraken] Divergence 85455.00% — bet trimmed
[Correlation] 2/3 agree UP
[Signal] CONFIRMED UP | yes=0.79 | edge=0.29 | bet=$3.04
[Safety] Balance $116.47 below floor $120.00
🛑 OpenClaw SOL Bot v4.0 halted: Balance $116.47 below floor $120.00

==================================================
OpenClaw SOL Bot v4.0 — LIVE
[Startup] Live balance synced: $116.47
Balance: $116.47 | MaxBet: $11.65 | Threshold: <0.30 or >0.70
==================================================

[Startup] Resting orders cleared
[Ticker] KXSOL15M-26APR081200-00
[Market] YES=0.81 | NO=0.22 | Sum=1.03
==================================================
Balance: $116.47 | Regime: CHOP | Session: 0W/0L (0%) | PnL: $+0.00
[Confidence] Score=4/10 | strong_edge,coinbase_weak,peak_hour
[Signal] UP candidate | yes=0.81 | waiting (1/2)
[Cycle] No signal — YES=0.81 is between 0.30 and 0.70, sum=1.03 >= 0.97
[Ticker] KXSOL15M-26APR081200-00
[Market] YES=0.80 | NO=0.22 | Sum=1.02
==================================================
Balance: $116.47 | Regime: CHOP | Session: 0W/0L (0%) | PnL: $+0.00
[Confidence] Score=4/10 | strong_edge,coinbase_weak,peak_hour
[Coinbase] Confirms UP | $83 gap=+0 (0.23%)
[Kraken] Divergence 85415.59% — bet trimmed
[Correlation] Markets diverging — bet trimmed
[Signal] CONFIRMED UP | yes=0.80 | edge=0.30 | bet=$2.83
[CorrGuard] 2 bots already fired — skipping to avoid correlated loss
[Cycle] No signal — YES=0.80 is between 0.30 and 0.70, sum=1.02 >= 0.97
[Ticker] KXSOL15M-26APR081200-00
[Market] YES=0.85 | NO=0.19 | Sum=1.04
==================================================
Balance: $116.47 | Regime: CHOP | Session: 0W/0L (0%) | PnL: $+0.00
[Confidence] Score=4/10 | strong_edge,coinbase_weak,peak_hour
[Coinbase] Confirms UP | $83 gap=+0 (0.23%)
[Kraken] Divergence 85385.10% — bet trimmed
[Correlation] 2/3 agree UP
[Signal] CONFIRMED UP | yes=0.85 | edge=0.35 | bet=$3.67
[Safety] Balance $116.47 below floor $120.00
🛑 OpenClaw SOL Bot v4.0 halted: Balance $116.47 below floor $120.00

==================================================
OpenClaw SOL Bot v4.0 — LIVE
[Startup] Live balance synced: $116.47
Balance: $116.47 | MaxBet: $11.65 | Threshold: <0.30 or >0.70
==================================================

[Startup] Resting orders cleared
[Ticker] KXSOL15M-26APR081200-00
[Market] YES=0.87 | NO=0.17 | Sum=1.04
==================================================
Balance: $116.47 | Regime: CHOP | Session: 0W/0L (0%) | PnL: $+0.00
[Confidence] Score=4/10 | strong_edge,coinbase_weak,peak_hour
[Signal] UP candidate | yes=0.87 | waiting (1/2)
[Cycle] No signal — YES=0.87 is between 0.30 and 0.70, sum=1.04 >= 0.97
[Ticker] KXSOL15M-26APR081200-00
[Market] YES=0.88 | NO=0.16 | Sum=1.04
==================================================
Balance: $116.47 | Regime: CHOP | Session: 0W/0L (0%) | PnL: $+0.00
[Confidence] Score=4/10 | strong_edge,coinbase_weak,peak_hour
[Timing] Window 5 min old — skipping
[Cycle] No signal — YES=0.88 is between 0.30 and 0.70, sum=1.04 >= 0.97
[Ticker] KXSOL15M-26APR081200-00
[Market] YES=0.73 | NO=0.28 | Sum=1.01
==================================================
Balance: $116.47 | Regime: CHOP | Session: 0W/0L (0%) | PnL: $+0.00
[Confidence] Score=3/10 | moderate_edge,coinbase_weak,peak_hour
[Timing] Window 6 min old — skipping
[Cycle] No signal — YES=0.73 is between 0.30 and 0.70, sum=1.01 >= 0.97
[Ticker] KXSOL15M-26APR081200-00
[Market] YES=0.76 | NO=0.28 | Sum=1.04
==================================================
Balance: $116.47 | Regime: CHOP | Session: 0W/0L (0%) | PnL: $+0.00
[Confidence] Score=3/10 | moderate_edge,coinbase_weak,peak_hour
[Timing] Window 7 min old — skipping
[Cycle] No signal — YES=0.76 is between 0.30 and 0.70, sum=1.04 >= 0.97
[Ticker] KXSOL15M-26APR081200-00
[Market] YES=0.86 | NO=0.15 | Sum=1.01
==================================================
Balance: $116.47 | Regime: CHOP | Session: 0W/0L (0%) | PnL: $+0.00
[Confidence] Score=5/10 | strong_edge,coinbase_weak,2of3_agree,peak_hour
[Timing] Window 8 min old — skipping
[Cycle] No signal — YES=0.86 is between 0.30 and 0.70, sum=1.01 >= 0.97
[Ticker] KXSOL15M-26APR081200-00
[Market] YES=0.90 | NO=0.13 | Sum=1.03
==================================================
Balance: $116.47 | Regime: CHOP | Session: 0W/0L (0%) | PnL: $+0.00
[Confidence] Score=4/10 | strong_edge,coinbase_weak,peak_hour
[Timing] Window 9 min old — skipping
[Cycle] No signal — YES=0.90 is between 0.30 and 0.70, sum=1.03 >= 0.97
[Ticker] KXSOL15M-26APR081200-00
[Market] YES=0.90 | NO=0.12 | Sum=1.02
==================================================
Balance: $116.47 | Regime: CHOP | Session: 0W/0L (0%) | PnL: $+0.00
[Confidence] Score=4/10 | strong_edge,coinbase_weak,peak_hour
[Timing] Window 10 min old — skipping
[Cycle] No signal — YES=0.90 is between 0.30 and 0.70, sum=1.02 >= 0.97
[Ticker] KXSOL15M-26APR081200-00
[Market] YES=0.98 | NO=0.03 | Sum=1.01
==================================================
Balance: $116.47 | Regime: CHOP | Session: 0W/0L (0%) | PnL: $+0.00
[Confidence] Score=5/10 | extreme_edge,coinbase_weak,peak_hour
[Timing] Window 11 min old — skipping
[Cycle] No signal — YES=0.98 is between 0.30 and 0.70, sum=1.01 >= 0.97
[Ticker] KXSOL15M-26APR081200-00
[Market] YES=0.99 | NO=0.03 | Sum=1.01
==================================================
Balance: $116.47 | Regime: CHOP | Session: 0W/0L (0%) | PnL: $+0.00
[Confidence] Score=5/10 | extreme_edge,coinbase_weak,peak_hour
[Timing] Window 12 min old — skipping
[Cycle] No signal — YES=0.99 is between 0.30 and 0.70, sum=1.01 >= 0.97
[Ticker] KXSOL15M-26APR081200-00
[Market] YES=1.00 | NO=0.00 | Sum=1.00
==================================================
Balance: $116.47 | Regime: CHOP | Session: 0W/0L (0%) | PnL: $+0.00
[Confidence] Score=5/10 | extreme_edge,coinbase_weak,peak_hour
[Timing] Window 13 min old — skipping
[Cycle] No signal — YES=1.00 is between 0.30 and 0.70, sum=1.00 >= 0.97
[Ticker] KXSOL15M-26APR081200-00
[Market] YES=1.00 | NO=0.00 | Sum=1.00
==================================================
Balance: $116.47 | Regime: CHOP | Session: 0W/0L (0%) | PnL: $+0.00
[Confidence] Score=5/10 | extreme_edge,coinbase_weak,peak_hour
[Timing] Window 14 min old — skipping
[Cycle] No signal — YES=1.00 is between 0.30 and 0.70, sum=1.00 >= 0.97
[Ticker] KXSOL15M-26APR081215-15
[Market] YES=0.53 | NO=0.48 | Sum=1.01
==================================================
Balance: $116.47 | Regime: CHOP | Session: 0W/0L (0%) | PnL: $+0.00
[Cycle] No signal — YES=0.53 is between 0.30 and 0.70, sum=1.01 >= 0.97
[Ticker] KXSOL15M-26APR081215-15
[Market] YES=0.51 | NO=0.52 | Sum=1.03
==================================================
Balance: $116.47 | Regime: CHOP | Session: 0W/0L (0%) | PnL: $+0.00
[Cycle] No signal — YES=0.51 is between 0.30 and 0.70, sum=1.03 >= 0.97
[Ticker] KXSOL15M-26APR081215-15
[Market] YES=0.57 | NO=0.47 | Sum=1.04
==================================================
Balance: $116.47 | Regime: CHOP | Session: 0W/0L (0%) | PnL: $+0.00
[Cycle] No signal — YES=0.57 is between 0.30 and 0.70, sum=1.04 >= 0.97

==================================================
OpenClaw SOL Bot v4.0 — LIVE
[Startup] Live balance synced: $116.47
Balance: $116.47 | MaxBet: $11.65 | Threshold: <0.30 or >0.70
==================================================

[Startup] Resting orders cleared
[Ticker] KXSOL15M-26APR081215-15
[Market] YES=0.61 | NO=0.42 | Sum=1.03
==================================================
Balance: $116.47 | Regime: CHOP | Session: 0W/0L (0%) | PnL: $+0.00
[Cycle] No signal — YES=0.61 is between 0.30 and 0.70, sum=1.03 >= 0.97
[Ticker] KXSOL15M-26APR081215-15
[Market] YES=0.74 | NO=0.27 | Sum=1.01
==================================================
Balance: $116.47 | Regime: CHOP | Session: 0W/0L (0%) | PnL: $+0.00
[Confidence] Score=3/10 | moderate_edge,coinbase_weak,peak_hour
[Signal] UP candidate | yes=0.74 | waiting (1/2)
[Cycle] No signal — YES=0.74 is between 0.30 and 0.70, sum=1.01 >= 0.97
[Ticker] KXSOL15M-26APR081215-15
[Market] YES=0.60 | NO=0.42 | Sum=1.02
==================================================
Balance: $116.47 | Regime: CHOP | Session: 0W/0L (0%) | PnL: $+0.00
[Cycle] No signal — YES=0.60 is between 0.30 and 0.70, sum=1.02 >= 0.97
[Ticker] KXSOL15M-26APR081215-15
[Market] YES=0.67 | NO=0.37 | Sum=1.04
==================================================
Balance: $116.47 | Regime: CHOP | Session: 0W/0L (0%) | PnL: $+0.00
[Cycle] No signal — YES=0.67 is between 0.30 and 0.70, sum=1.04 >= 0.97
[Ticker] KXSOL15M-26APR081215-15
[Market] YES=0.67 | NO=0.37 | Sum=1.04
==================================================
Balance: $116.47 | Regime: CHOP | Session: 0W/0L (0%) | PnL: $+0.00
[Cycle] No signal — YES=0.67 is between 0.30 and 0.70, sum=1.04 >= 0.97
[Ticker] KXSOL15M-26APR081215-15
[Market] YES=0.53 | NO=0.52 | Sum=1.05
==================================================
Balance: $116.47 | Regime: CHOP | Session: 0W/0L (0%) | PnL: $+0.00
[Cycle] No signal — YES=0.53 is between 0.30 and 0.70, sum=1.05 >= 0.97
[Ticker] KXSOL15M-26APR081215-15
[Market] YES=0.42 | NO=0.63 | Sum=1.05
==================================================
Balance: $116.47 | Regime: CHOP | Session: 0W/0L (0%) | PnL: $+0.00
[Cycle] No signal — YES=0.42 is between 0.30 and 0.70, sum=1.05 >= 0.97
[Ticker] KXSOL15M-26APR081215-15
[Market] YES=0.27 | NO=0.75 | Sum=1.02
==================================================
Balance: $116.47 | Regime: CHOP | Session: 0W/0L (0%) | PnL: $+0.00
[Confidence] Score=5/10 | moderate_edge,coinbase_weak,all3_agree,peak_hour
[Timing] Window 10 min old — skipping
[Cycle] No signal — YES=0.27 is between 0.30 and 0.70, sum=1.02 >= 0.97
[Ticker] KXSOL15M-26APR081215-15
[Market] YES=0.18 | NO=0.84 | Sum=1.02
==================================================
Balance: $116.47 | Regime: CHOP | Session: 0W/0L (0%) | PnL: $+0.00
[Confidence] Score=6/10 | strong_edge,coinbase_weak,all3_agree,peak_hour
[Timing] Window 11 min old — skipping
[Cycle] No signal — YES=0.18 is between 0.30 and 0.70, sum=1.02 >= 0.97
[Ticker] KXSOL15M-26APR081215-15
[Market] YES=0.25 | NO=0.76 | Sum=1.01
==================================================
Balance: $116.47 | Regime: CHOP | Session: 0W/0L (0%) | PnL: $+0.00
[Confidence] Score=4/10 | moderate_edge,coinbase_weak,2of3_agree,peak_hour
[Timing] Window 12 min old — skipping
[Cycle] No signal — YES=0.25 is between 0.30 and 0.70, sum=1.01 >= 0.97
[Ticker] KXSOL15M-26APR081215-15
[Market] YES=0.03 | NO=0.98 | Sum=1.01
==================================================
Balance: $116.47 | Regime: CHOP | Session: 0W/0L (0%) | PnL: $+0.00
[Confidence] Score=7/10 | extreme_edge,coinbase_weak,all3_agree,peak_hour
[Timing] Window 13 min old — skipping
[Cycle] No signal — YES=0.03 is between 0.30 and 0.70, sum=1.01 >= 0.97
[Ticker] KXSOL15M-26APR081215-15
[Market] YES=0.73 | NO=0.28 | Sum=1.01
==================================================
Balance: $116.47 | Regime: CHOP | Session: 0W/0L (0%) | PnL: $+0.00
[Confidence] Score=3/10 | moderate_edge,coinbase_weak,peak_hour
[Timing] Window 14 min old — skipping
[Cycle] No signal — YES=0.73 is between 0.30 and 0.70, sum=1.01 >= 0.97
[Ticker] KXSOL15M-26APR081230-30
[Market] YES=0.45 | NO=0.57 | Sum=1.02
==================================================
Balance: $116.47 | Regime: CHOP | Session: 0W/0L (0%) | PnL: $+0.00
[Cycle] No signal — YES=0.45 is between 0.30 and 0.70, sum=1.02 >= 0.97
[Ticker] KXSOL15M-26APR081230-30
[Market] YES=0.41 | NO=0.60 | Sum=1.01
==================================================
Balance: $116.47 | Regime: CHOP | Session: 0W/0L (0%) | PnL: $+0.00
[Cycle] No signal — YES=0.41 is between 0.30 and 0.70, sum=1.01 >= 0.97
[Ticker] KXSOL15M-26APR081230-30
[Market] YES=0.33 | NO=0.71 | Sum=1.04
==================================================
Balance: $116.47 | Regime: CHOP | Session: 0W/0L (0%) | PnL: $+0.00
[Cycle] No signal — YES=0.33 is between 0.30 and 0.70, sum=1.04 >= 0.97
[Ticker] KXSOL15M-26APR081230-30
[Market] YES=0.28 | NO=0.73 | Sum=1.01
==================================================
Balance: $116.47 | Regime: CHOP | Session: 0W/0L (0%) | PnL: $+0.00
[Confidence] Score=5/10 | moderate_edge,coinbase_weak,all3_agree,peak_hour
[Signal] DOWN candidate | yes=0.28 | waiting (1/2)
[Cycle] No signal — YES=0.28 is between 0.30 and 0.70, sum=1.01 >= 0.97
[Ticker] KXSOL15M-26APR081230-30
[Market] YES=0.45 | NO=0.59 | Sum=1.04
==================================================
Balance: $116.47 | Regime: CHOP | Session: 0W/0L (0%) | PnL: $+0.00
[Cycle] No signal — YES=0.45 is between 0.30 and 0.70, sum=1.04 >= 0.97
[Ticker] KXSOL15M-26APR081230-30
[Market] YES=0.46 | NO=0.55 | Sum=1.01
==================================================
Balance: $116.47 | Regime: CHOP | Session: 0W/0L (0%) | PnL: $+0.00
[Cycle] No signal — YES=0.46 is between 0.30 and 0.70, sum=1.01 >= 0.97
[Ticker] KXSOL15M-26APR081230-30
[Market] YES=0.41 | NO=0.62 | Sum=1.03
==================================================
Balance: $116.47 | Regime: CHOP | Session: 0W/0L (0%) | PnL: $+0.00
[Cycle] No signal — YES=0.41 is between 0.30 and 0.70, sum=1.03 >= 0.97
[Ticker] KXSOL15M-26APR081230-30
[Market] YES=0.38 | NO=0.66 | Sum=1.04
==================================================
Balance: $116.47 | Regime: CHOP | Session: 0W/0L (0%) | PnL: $+0.00
[Cycle] No signal — YES=0.38 is between 0.30 and 0.70, sum=1.04 >= 0.97
[Ticker] KXSOL15M-26APR081230-30
[Market] YES=0.35 | NO=0.70 | Sum=1.05
==================================================
Balance: $116.47 | Regime: CHOP | Session: 0W/0L (0%) | PnL: $+0.00
[Cycle] No signal — YES=0.35 is between 0.30 and 0.70, sum=1.05 >= 0.97
[Ticker] KXSOL15M-26APR081230-30
[Market] YES=0.61 | NO=0.43 | Sum=1.04
==================================================
Balance: $116.47 | Regime: CHOP | Session: 0W/0L (0%) | PnL: $+0.00
[Cycle] No signal — YES=0.61 is between 0.30 and 0.70, sum=1.04 >= 0.97
[Ticker] KXSOL15M-26APR081230-30
[Market] YES=0.63 | NO=0.42 | Sum=1.05
==================================================
Balance: $116.47 | Regime: CHOP | Session: 0W/0L (0%) | PnL: $+0.00
[Cycle] No signal — YES=0.63 is between 0.30 and 0.70, sum=1.05 >= 0.97
[Ticker] KXSOL15M-26APR081230-30
[Market] YES=0.54 | NO=0.51 | Sum=1.05
==================================================
Balance: $116.47 | Regime: CHOP | Session: 0W/0L (0%) | PnL: $+0.00
[Cycle] No signal — YES=0.54 is between 0.30 and 0.70, sum=1.05 >= 0.97
[Ticker] KXSOL15M-26APR081230-30
[Market] YES=0.44 | NO=0.61 | Sum=1.05
==================================================
Balance: $116.47 | Regime: CHOP | Session: 0W/0L (0%) | PnL: $+0.00
[Cycle] No signal — YES=0.44 is between 0.30 and 0.70, sum=1.05 >= 0.97
[Ticker] KXSOL15M-26APR081230-30
[Market] YES=0.08 | NO=0.93 | Sum=1.01
==================================================
Balance: $116.47 | Regime: CHOP | Session: 0W/0L (0%) | PnL: $+0.00
[Confidence] Score=6/10 | strong_edge,coinbase_weak,all3_agree,peak_hour
[Timing] Window 13 min old — skipping
[Cycle] No signal — YES=0.08 is between 0.30 and 0.70, sum=1.01 >= 0.97
[Ticker] KXSOL15M-26APR081230-30
[Market] YES=0.01 | NO=0.99 | Sum=1.00
==================================================
Balance: $116.47 | Regime: CHOP | Session: 0W/0L (0%) | PnL: $+0.00
[Confidence] Score=7/10 | extreme_edge,coinbase_weak,all3_agree,peak_hour
[Timing] Window 14 min old — skipping
[Cycle] No signal — YES=0.01 is between 0.30 and 0.70, sum=1.00 >= 0.97
[Ticker] KXSOL15M-26APR081230-30
[Market] YES=0.01 | NO=0.99 | Sum=1.00
==================================================
Balance: $116.47 | Regime: CHOP | Session: 0W/0L (0%) | PnL: $+0.00
[Confidence] Score=6/10 | extreme_edge,coinbase_weak,2of3_agree,peak_hour
[Timing] Window 0 min old — skipping
[Cycle] No signal — YES=0.01 is between 0.30 and 0.70, sum=1.00 >= 0.97
[Ticker] KXSOL15M-26APR081245-45
[Market] YES=0.33 | NO=0.71 | Sum=1.04
==================================================
Balance: $116.47 | Regime: CHOP | Session: 0W/0L (0%) | PnL: $+0.00
[Cycle] No signal — YES=0.33 is between 0.30 and 0.70, sum=1.04 >= 0.97
[Ticker] KXSOL15M-26APR081245-45
[Market] YES=0.19 | NO=0.85 | Sum=1.04
==================================================
Balance: $116.47 | Regime: CHOP | Session: 0W/0L (0%) | PnL: $+0.00
[Confidence] Score=6/10 | strong_edge,coinbase_weak,all3_agree,peak_hour
[Signal] DOWN candidate | yes=0.19 | waiting (1/2)
[Cycle] No signal — YES=0.19 is between 0.30 and 0.70, sum=1.04 >= 0.97
[Ticker] KXSOL15M-26APR081245-45
[Market] YES=0.23 | NO=0.78 | Sum=1.01
==================================================
Balance: $116.47 | Regime: CHOP | Session: 0W/0L (0%) | PnL: $+0.00
[Confidence] Score=5/10 | moderate_edge,coinbase_weak,all3_agree,peak_hour
[Coinbase] Confirms DOWN | $83 gap=-0 (0.17%)
[Kraken] Divergence 85643.90% — bet trimmed
[Correlation] 2/3 agree DOWN
[Signal] CONFIRMED DOWN | yes=0.23 | edge=0.27 | bet=$2.83
[Safety] Balance $116.47 below floor $120.00
🛑 OpenClaw SOL Bot v4.0 halted: Balance $116.47 below floor $120.00

==================================================
OpenClaw SOL Bot v4.0 — LIVE
[Startup] Live balance synced: $116.47
Balance: $116.47 | MaxBet: $11.65 | Threshold: <0.30 or >0.70
==================================================

[Startup] Resting orders cleared
[Ticker] KXSOL15M-26APR081245-45
[Market] YES=0.26 | NO=0.77 | Sum=1.03
==================================================
Balance: $116.47 | Regime: CHOP | Session: 0W/0L (0%) | PnL: $+0.00
[Confidence] Score=5/10 | moderate_edge,coinbase_weak,all3_agree,peak_hour
[Signal] DOWN candidate | yes=0.26 | waiting (1/2)
[Cycle] No signal — YES=0.26 is between 0.30 and 0.70, sum=1.03 >= 0.97
[Ticker] KXSOL15M-26APR081245-45
[Market] YES=0.22 | NO=0.83 | Sum=1.05
==================================================
Balance: $116.47 | Regime: CHOP | Session: 0W/0L (0%) | PnL: $+0.00
[Confidence] Score=5/10 | moderate_edge,coinbase_weak,all3_agree,peak_hour
[Coinbase] Confirms DOWN | $83 gap=-0 (0.25%)
[Kraken] Divergence 85688.24% — bet trimmed
[Correlation] 2/3 agree DOWN
[Signal] CONFIRMED DOWN | yes=0.22 | edge=0.28 | bet=$2.93
[CorrGuard] 2 bots already fired — skipping to avoid correlated loss
[Cycle] No signal — YES=0.22 is between 0.30 and 0.70, sum=1.05 >= 0.97
[Ticker] KXSOL15M-26APR081245-45
[Market] YES=0.26 | NO=0.78 | Sum=1.04
==================================================
Balance: $116.47 | Regime: CHOP | Session: 0W/0L (0%) | PnL: $+0.00
[Confidence] Score=4/10 | moderate_edge,coinbase_weak,2of3_agree,peak_hour
[Timing] Window 5 min old — skipping
[Cycle] No signal — YES=0.26 is between 0.30 and 0.70, sum=1.04 >= 0.97
[Ticker] KXSOL15M-26APR081245-45
[Market] YES=0.28 | NO=0.76 | Sum=1.04
==================================================
Balance: $116.47 | Regime: CHOP | Session: 0W/0L (0%) | PnL: $+0.00
[Confidence] Score=5/10 | moderate_edge,coinbase_weak,all3_agree,peak_hour
[Timing] Window 6 min old — skipping
[Cycle] No signal — YES=0.28 is between 0.30 and 0.70, sum=1.04 >= 0.97
[Ticker] KXSOL15M-26APR081245-45
[Market] YES=0.18 | NO=0.84 | Sum=1.02
==================================================
Balance: $116.47 | Regime: CHOP | Session: 0W/0L (0%) | PnL: $+0.00
[Confidence] Score=6/10 | strong_edge,coinbase_weak,all3_agree,peak_hour
[Timing] Window 7 min old — skipping
[Cycle] No signal — YES=0.18 is between 0.30 and 0.70, sum=1.02 >= 0.97
[Ticker] KXSOL15M-26APR081245-45
[Market] YES=0.25 | NO=0.78 | Sum=1.03
==================================================
Balance: $116.47 | Regime: CHOP | Session: 0W/0L (0%) | PnL: $+0.00
[Confidence] Score=5/10 | moderate_edge,coinbase_weak,all3_agree,peak_hour
[Timing] Window 8 min old — skipping
[Cycle] No signal — YES=0.25 is between 0.30 and 0.70, sum=1.03 >= 0.97
[Ticker] KXSOL15M-26APR081245-45
[Market] YES=0.18 | NO=0.84 | Sum=1.02
==================================================
Balance: $116.47 | Regime: CHOP | Session: 0W/0L (0%) | PnL: $+0.00
[Confidence] Score=6/10 | strong_edge,coinbase_weak,all3_agree,peak_hour
[Timing] Window 9 min old — skipping
[Cycle] No signal — YES=0.18 is between 0.30 and 0.70, sum=1.02 >= 0.97
[Ticker] KXSOL15M-26APR081245-45
[Market] YES=0.15 | NO=0.89 | Sum=1.04
==================================================
Balance: $116.47 | Regime: CHOP | Session: 0W/0L (0%) | PnL: $+0.00
[Confidence] Score=6/10 | strong_edge,coinbase_weak,all3_agree,peak_hour
[Timing] Window 10 min old — skipping
[Cycle] No signal — YES=0.15 is between 0.30 and 0.70, sum=1.04 >= 0.97
[Ticker] KXSOL15M-26APR081245-45
[Market] YES=0.20 | NO=0.84 | Sum=1.04
==================================================
Balance: $116.47 | Regime: CHOP | Session: 0W/0L (0%) | PnL: $+0.00
[Confidence] Score=6/10 | strong_edge,coinbase_weak,all3_agree,peak_hour
[Timing] Window 11 min old — skipping
[Cycle] No signal — YES=0.20 is between 0.30 and 0.70, sum=1.04 >= 0.97
[Ticker] KXSOL15M-26APR081245-45
[Market] YES=0.56 | NO=0.48 | Sum=1.04
==================================================
Balance: $116.47 | Regime: CHOP | Session: 0W/0L (0%) | PnL: $+0.00
[Cycle] No signal — YES=0.56 is between 0.30 and 0.70, sum=1.04 >= 0.97
[Ticker] KXSOL15M-26APR081245-45
[Market] YES=0.76 | NO=0.28 | Sum=1.04
==================================================
Balance: $116.47 | Regime: CHOP | Session: 0W/0L (0%) | PnL: $+0.00
[Confidence] Score=3/10 | moderate_edge,coinbase_weak,peak_hour
[Timing] Window 13 min old — skipping
[Cycle] No signal — YES=0.76 is between 0.30 and 0.70, sum=1.04 >= 0.97
[Ticker] KXSOL15M-26APR081245-45
[Market] YES=0.94 | NO=0.08 | Sum=1.02
==================================================
Balance: $116.47 | Regime: CHOP | Session: 0W/0L (0%) | PnL: $+0.00
[Confidence] Score=4/10 | strong_edge,coinbase_weak,peak_hour
[Timing] Window 14 min old — skipping
[Cycle] No signal — YES=0.94 is between 0.30 and 0.70, sum=1.02 >= 0.97
[Ticker] KXSOL15M-26APR081300-00
[Market] YES=0.57 | NO=0.44 | Sum=1.01
==================================================
Balance: $116.47 | Regime: CHOP | Session: 0W/0L (0%) | PnL: $+0.00
[Cycle] No signal — YES=0.57 is between 0.30 and 0.70, sum=1.01 >= 0.97
[Ticker] KXSOL15M-26APR081300-00
[Market] YES=0.58 | NO=0.44 | Sum=1.02
==================================================
Balance: $116.47 | Regime: CHOP | Session: 0W/0L (0%) | PnL: $+0.00
[Cycle] No signal — YES=0.58 is between 0.30 and 0.70, sum=1.02 >= 0.97
[Ticker] KXSOL15M-26APR081300-00
[Market] YES=0.63 | NO=0.39 | Sum=1.02
==================================================
Balance: $116.47 | Regime: CHOP | Session: 0W/0L (0%) | PnL: $+0.00
[Cycle] No signal — YES=0.63 is between 0.30 and 0.70, sum=1.02 >= 0.97
[Ticker] KXSOL15M-26APR081300-00
[Market] YES=0.72 | NO=0.33 | Sum=1.05
==================================================
Balance: $116.47 | Regime: CHOP | Session: 0W/0L (0%) | PnL: $+0.00
[Confidence] Score=3/10 | moderate_edge,coinbase_weak,peak_hour
[Signal] UP candidate | yes=0.72 | waiting (1/2)
[Cycle] No signal — YES=0.72 is between 0.30 and 0.70, sum=1.05 >= 0.97
[Ticker] KXSOL15M-26APR081300-00
[Market] YES=0.81 | NO=0.23 | Sum=1.04
==================================================
Balance: $116.47 | Regime: CHOP | Session: 0W/0L (0%) | PnL: $+0.00
[Confidence] Score=4/10 | strong_edge,coinbase_weak,peak_hour
[Coinbase] Confirms UP | $83 gap=+0 (0.13%)
[Kraken] Divergence 85726.37% — bet trimmed
[Correlation] Markets diverging — bet trimmed
[Signal] CONFIRMED UP | yes=0.81 | edge=0.31 | bet=$2.93
[Safety] Balance $116.47 below floor $120.00
🛑 OpenClaw SOL Bot v4.0 halted: Balance $116.47 below floor $120.00

==================================================
OpenClaw SOL Bot v4.0 — LIVE
[Startup] Live balance synced: $116.47
Balance: $116.47 | MaxBet: $11.65 | Threshold: <0.30 or >0.70
==================================================

[Startup] Resting orders cleared
[Ticker] KXSOL15M-26APR081300-00
[Market] YES=0.82 | NO=0.19 | Sum=1.01
==================================================
Balance: $116.47 | Regime: CHOP | Session: 0W/0L (0%) | PnL: $+0.00
[Confidence] Score=4/10 | strong_edge,coinbase_weak,peak_hour
[Timing] Window 5 min old — skipping
[Cycle] No signal — YES=0.82 is between 0.30 and 0.70, sum=1.01 >= 0.97
[Ticker] KXSOL15M-26APR081300-00
[Market] YES=0.80 | NO=0.25 | Sum=1.05
==================================================
Balance: $116.47 | Regime: CHOP | Session: 0W/0L (0%) | PnL: $+0.00
[Confidence] Score=4/10 | strong_edge,coinbase_weak,peak_hour
[Timing] Window 6 min old — skipping
[Cycle] No signal — YES=0.80 is between 0.30 and 0.70, sum=1.05 >= 0.97
[Ticker] KXSOL15M-26APR081300-00
[Market] YES=0.75 | NO=0.26 | Sum=1.01
==================================================
Balance: $116.47 | Regime: CHOP | Session: 0W/0L (0%) | PnL: $+0.00
[Confidence] Score=3/10 | moderate_edge,coinbase_weak,peak_hour
[Timing] Window 7 min old — skipping
[Cycle] No signal — YES=0.75 is between 0.30 and 0.70, sum=1.01 >= 0.97
[Ticker] KXSOL15M-26APR081300-00
[Market] YES=0.75 | NO=0.30 | Sum=1.05
==================================================
Balance: $116.47 | Regime: CHOP | Session: 0W/0L (0%) | PnL: $+0.00
[Confidence] Score=3/10 | moderate_edge,coinbase_weak,peak_hour
[Timing] Window 8 min old — skipping
[Cycle] No signal — YES=0.75 is between 0.30 and 0.70, sum=1.05 >= 0.97
[Ticker] KXSOL15M-26APR081300-00
[Market] YES=0.75 | NO=0.29 | Sum=1.04
==================================================
Balance: $116.47 | Regime: CHOP | Session: 0W/0L (0%) | PnL: $+0.00
[Confidence] Score=3/10 | moderate_edge,coinbase_weak,peak_hour
[Timing] Window 9 min old — skipping
[Cycle] No signal — YES=0.75 is between 0.30 and 0.70, sum=1.04 >= 0.97
[Ticker] KXSOL15M-26APR081300-00
[Market] YES=0.94 | NO=0.10 | Sum=1.04
==================================================
Balance: $116.47 | Regime: CHOP | Session: 0W/0L (0%) | PnL: $+0.00
[Confidence] Score=5/10 | strong_edge,coinbase_weak,2of3_agree,peak_hour
[Timing] Window 10 min old — skipping
[Cycle] No signal — YES=0.94 is between 0.30 and 0.70, sum=1.04 >= 0.97
[Ticker] KXSOL15M-26APR081300-00
[Market] YES=0.99 | NO=0.02 | Sum=1.01
==================================================
Balance: $116.47 | Regime: CHOP | Session: 0W/0L (0%) | PnL: $+0.00
[Confidence] Score=5/10 | extreme_edge,coinbase_weak,peak_hour
[Timing] Window 11 min old — skipping
[Cycle] No signal — YES=0.99 is between 0.30 and 0.70, sum=1.01 >= 0.97
[Ticker] KXSOL15M-26APR081300-00
[Market] YES=1.00 | NO=0.01 | Sum=1.00
==================================================
Balance: $116.47 | Regime: CHOP | Session: 0W/0L (0%) | PnL: $+0.00
[Confidence] Score=5/10 | extreme_edge,coinbase_weak,peak_hour
[Timing] Window 12 min old — skipping
[Cycle] No signal — YES=1.00 is between 0.30 and 0.70, sum=1.00 >= 0.97
[Ticker] KXSOL15M-26APR081300-00
[Market] YES=1.00 | NO=0.00 | Sum=1.00
==================================================
Balance: $116.47 | Regime: CHOP | Session: 0W/0L (0%) | PnL: $+0.00
[Confidence] Score=5/10 | extreme_edge,coinbase_weak,peak_hour
[Timing] Window 13 min old — skipping
[Cycle] No signal — YES=1.00 is between 0.30 and 0.70, sum=1.00 >= 0.97
[Ticker] KXSOL15M-26APR081300-00
[Market] YES=1.00 | NO=0.00 | Sum=1.00
==================================================
Balance: $116.47 | Regime: CHOP | Session: 0W/0L (0%) | PnL: $+0.00
[Confidence] Score=5/10 | extreme_edge,coinbase_weak,peak_hour
[Timing] Window 14 min old — skipping
[Cycle] No signal — YES=1.00 is between 0.30 and 0.70, sum=1.00 >= 0.97
[Ticker] KXSOL15M-26APR081300-00
[Market] YES=1.00 | NO=1.00 | Sum=2.00
==================================================
Balance: $116.47 | Regime: CHOP | Session: 0W/0L (0%) | PnL: $+0.00
[Confidence] Score=4/10 | extreme_edge,coinbase_weak
[Timing] Window 0 min old — skipping
[Cycle] No signal — YES=1.00 is between 0.30 and 0.70, sum=2.00 >= 0.97
[Ticker] KXSOL15M-26APR081315-15
[Market] YES=0.56 | NO=0.46 | Sum=1.02
==================================================
Balance: $116.47 | Regime: CHOP | Session: 0W/0L (0%) | PnL: $+0.00
[Cycle] No signal — YES=0.56 is between 0.30 and 0.70, sum=1.02 >= 0.97
[Ticker] KXSOL15M-26APR081315-15
[Market] YES=0.53 | NO=0.51 | Sum=1.04
==================================================
Balance: $116.47 | Regime: CHOP | Session: 0W/0L (0%) | PnL: $+0.00
[Cycle] No signal — YES=0.53 is between 0.30 and 0.70, sum=1.04 >= 0.97
[Ticker] KXSOL15M-26APR081315-15
[Market] YES=0.70 | NO=0.35 | Sum=1.05
==================================================
Balance: $116.47 | Regime: CHOP | Session: 0W/0L (0%) | PnL: $+0.00
[Cycle] No signal — YES=0.70 is between 0.30 and 0.70, sum=1.05 >= 0.97
[Ticker] KXSOL15M-26APR081315-15
[Market] YES=0.74 | NO=0.31 | Sum=1.05
==================================================
Balance: $116.47 | Regime: CHOP | Session: 0W/0L (0%) | PnL: $+0.00
[Confidence] Score=2/10 | moderate_edge,coinbase_weak
[Signal] UP candidate | yes=0.74 | waiting (1/2)
[Cycle] No signal — YES=0.74 is between 0.30 and 0.70, sum=1.05 >= 0.97
[Ticker] KXSOL15M-26APR081315-15
[Market] YES=0.61 | NO=0.44 | Sum=1.05
==================================================
Balance: $116.47 | Regime: CHOP | Session: 0W/0L (0%) | PnL: $+0.00
[Cycle] No signal — YES=0.61 is between 0.30 and 0.70, sum=1.05 >= 0.97
[Ticker] KXSOL15M-26APR081315-15
[Market] YES=0.60 | NO=0.45 | Sum=1.05
==================================================
Balance: $116.47 | Regime: CHOP | Session: 0W/0L (0%) | PnL: $+0.00
[Cycle] No signal — YES=0.60 is between 0.30 and 0.70, sum=1.05 >= 0.97
[Ticker] KXSOL15M-26APR081315-15
[Market] YES=0.63 | NO=0.41 | Sum=1.04
==================================================
Balance: $116.47 | Regime: CHOP | Session: 0W/0L (0%) | PnL: $+0.00
[Cycle] No signal — YES=0.63 is between 0.30 and 0.70, sum=1.04 >= 0.97
[Ticker] KXSOL15M-26APR081315-15
[Market] YES=0.48 | NO=0.55 | Sum=1.03
==================================================
Balance: $116.47 | Regime: CHOP | Session: 0W/0L (0%) | PnL: $+0.00
[Cycle] No signal — YES=0.48 is between 0.30 and 0.70, sum=1.03 >= 0.97
[Ticker] KXSOL15M-26APR081315-15
[Market] YES=0.45 | NO=0.56 | Sum=1.01
==================================================
Balance: $116.47 | Regime: CHOP | Session: 0W/0L (0%) | PnL: $+0.00
[Cycle] No signal — YES=0.45 is between 0.30 and 0.70, sum=1.01 >= 0.97
[Ticker] KXSOL15M-26APR081315-15
[Market] YES=0.60 | NO=0.41 | Sum=1.01
==================================================
Balance: $116.47 | Regime: CHOP | Session: 0W/0L (0%) | PnL: $+0.00
[Cycle] No signal — YES=0.60 is between 0.30 and 0.70, sum=1.01 >= 0.97
[Ticker] KXSOL15M-26APR081315-15
[Market] YES=0.90 | NO=0.13 | Sum=1.03
==================================================
Balance: $116.47 | Regime: CHOP | Session: 0W/0L (0%) | PnL: $+0.00
[Confidence] Score=3/10 | strong_edge,coinbase_weak
[Timing] Window 11 min old — skipping
[Cycle] No signal — YES=0.90 is between 0.30 and 0.70, sum=1.03 >= 0.97
[Ticker] KXSOL15M-26APR081315-15
[Market] YES=0.99 | NO=0.02 | Sum=1.01
==================================================
Balance: $116.47 | Regime: CHOP | Session: 0W/0L (0%) | PnL: $+0.00
[Confidence] Score=4/10 | extreme_edge,coinbase_weak
[Timing] Window 12 min old — skipping
[Cycle] No signal — YES=0.99 is between 0.30 and 0.70, sum=1.01 >= 0.97
[Ticker] KXSOL15M-26APR081315-15
[Market] YES=1.00 | NO=0.01 | Sum=1.00
==================================================
Balance: $116.47 | Regime: CHOP | Session: 0W/0L (0%) | PnL: $+0.00
[Confidence] Score=4/10 | extreme_edge,coinbase_weak
[Timing] Window 13 min old — skipping
[Cycle] No signal — YES=1.00 is between 0.30 and 0.70, sum=1.00 >= 0.97
[Ticker] KXSOL15M-26APR081315-15
[Market] YES=1.00 | NO=0.00 | Sum=1.00
==================================================
Balance: $116.47 | Regime: CHOP | Session: 0W/0L (0%) | PnL: $+0.00
[Confidence] Score=5/10 | extreme_edge,coinbase_weak,2of3_agree
[Timing] Window 14 min old — skipping
[Cycle] No signal — YES=1.00 is between 0.30 and 0.70, sum=1.00 >= 0.97
[Ticker] KXSOL15M-26APR081315-15
[Market] YES=1.00 | NO=0.00 | Sum=1.00
==================================================
Balance: $116.47 | Regime: CHOP | Session: 0W/0L (0%) | PnL: $+0.00
[Confidence] Score=4/10 | extreme_edge,coinbase_weak
[Timing] Window 0 min old — skipping
[Cycle] No signal — YES=1.00 is between 0.30 and 0.70, sum=1.00 >= 0.97
[Ticker] KXSOL15M-26APR081330-30
[Market] YES=0.39 | NO=0.62 | Sum=1.01
==================================================
Balance: $116.47 | Regime: CHOP | Session: 0W/0L (0%) | PnL: $+0.00
[Cycle] No signal — YES=0.39 is between 0.30 and 0.70, sum=1.01 >= 0.97
[Ticker] KXSOL15M-26APR081330-30
[Market] YES=0.33 | NO=0.69 | Sum=1.02
==================================================
Balance: $116.47 | Regime: CHOP | Session: 0W/0L (0%) | PnL: $+0.00
[Cycle] No signal — YES=0.33 is between 0.30 and 0.70, sum=1.02 >= 0.97
[Ticker] KXSOL15M-26APR081330-30
[Market] YES=0.27 | NO=0.74 | Sum=1.01
==================================================
Balance: $116.47 | Regime: CHOP | Session: 0W/0L (0%) | PnL: $+0.00
[Confidence] Score=4/10 | moderate_edge,coinbase_weak,all3_agree
[Signal] DOWN candidate | yes=0.27 | waiting (1/2)
[Cycle] No signal — YES=0.27 is between 0.30 and 0.70, sum=1.01 >= 0.97
[Ticker] KXSOL15M-26APR081330-30
[Market] YES=0.26 | NO=0.76 | Sum=1.02
==================================================
Balance: $116.47 | Regime: CHOP | Session: 0W/0L (0%) | PnL: $+0.00
[Confidence] Score=4/10 | moderate_edge,coinbase_weak,all3_agree
[Coinbase] Confirms DOWN | $84 gap=-0 (0.16%)
[Kraken] Divergence 85720.23% — bet trimmed
[Correlation] 2/3 agree DOWN
[Signal] CONFIRMED DOWN | yes=0.26 | edge=0.24 | bet=$1.80
[Safety] Balance $116.47 below floor $120.00
🛑 OpenClaw SOL Bot v4.0 halted: Balance $116.47 below floor $120.00

==================================================
OpenClaw SOL Bot v4.0 — LIVE
[Startup] Live balance synced: $116.47
Balance: $116.47 | MaxBet: $4.37 | Threshold: <0.30 or >0.70
==================================================

[Startup] Resting orders cleared
[Ticker] KXSOL15M-26APR081330-30
[Market] YES=0.24 | NO=0.78 | Sum=1.02
==================================================
Balance: $116.47 | Regime: CHOP | Session: 0W/0L (0%) | PnL: $+0.00
[Confidence] Score=4/10 | moderate_edge,coinbase_weak,all3_agree
[Signal] DOWN candidate | yes=0.24 | waiting (1/2)
[Cycle] No signal — YES=0.24 is between 0.30 and 0.70, sum=1.02 >= 0.97
[Ticker] KXSOL15M-26APR081330-30
[Market] YES=0.19 | NO=0.82 | Sum=1.01
==================================================
Balance: $116.47 | Regime: CHOP | Session: 0W/0L (0%) | PnL: $+0.00
[Confidence] Score=5/10 | strong_edge,coinbase_weak,all3_agree
[Timing] Window 5 min old — skipping
[Cycle] No signal — YES=0.19 is between 0.30 and 0.70, sum=1.01 >= 0.97
[Ticker] KXSOL15M-26APR081330-30
[Market] YES=0.22 | NO=0.83 | Sum=1.05
==================================================
Balance: $116.47 | Regime: CHOP | Session: 0W/0L (0%) | PnL: $+0.00
[Confidence] Score=4/10 | moderate_edge,coinbase_weak,all3_agree
[Timing] Window 6 min old — skipping
[Cycle] No signal — YES=0.22 is between 0.30 and 0.70, sum=1.05 >= 0.97
[Ticker] KXSOL15M-26APR081330-30
[Market] YES=0.17 | NO=0.85 | Sum=1.02
==================================================
Balance: $116.47 | Regime: CHOP | Session: 0W/0L (0%) | PnL: $+0.00
[Confidence] Score=4/10 | strong_edge,coinbase_weak,2of3_agree
[Timing] Window 7 min old — skipping
[Cycle] No signal — YES=0.17 is between 0.30 and 0.70, sum=1.02 >= 0.97
[Ticker] KXSOL15M-26APR081330-30
[Market] YES=0.18 | NO=0.85 | Sum=1.03
==================================================
Balance: $116.47 | Regime: CHOP | Session: 0W/0L (0%) | PnL: $+0.00
[Confidence] Score=5/10 | strong_edge,coinbase_weak,all3_agree
[Timing] Window 8 min old — skipping
[Cycle] No signal — YES=0.18 is between 0.30 and 0.70, sum=1.03 >= 0.97
[Ticker] KXSOL15M-26APR081330-30
[Market] YES=0.06 | NO=0.95 | Sum=1.01
==================================================
Balance: $116.47 | Regime: CHOP | Session: 0W/0L (0%) | PnL: $+0.00
[Confidence] Score=3/10 | strong_edge,coinbase_weak
[Timing] Window 9 min old — skipping
[Cycle] No signal — YES=0.06 is between 0.30 and 0.70, sum=1.01 >= 0.97
[Ticker] KXSOL15M-26APR081330-30
[Market] YES=0.04 | NO=0.98 | Sum=1.02
==================================================
Balance: $116.47 | Regime: CHOP | Session: 0W/0L (0%) | PnL: $+0.00
[Confidence] Score=5/10 | extreme_edge,coinbase_weak,2of3_agree
[Timing] Window 10 min old — skipping
[Cycle] No signal — YES=0.04 is between 0.30 and 0.70, sum=1.02 >= 0.97
[Ticker] KXSOL15M-26APR081330-30
[Market] YES=0.01 | NO=1.00 | Sum=1.00
==================================================
Balance: $116.47 | Regime: CHOP | Session: 0W/0L (0%) | PnL: $+0.00
[Confidence] Score=5/10 | extreme_edge,coinbase_weak,2of3_agree
[Timing] Window 11 min old — skipping
[Cycle] No signal — YES=0.01 is between 0.30 and 0.70, sum=1.00 >= 0.97
[Ticker] KXSOL15M-26APR081330-30
[Market] YES=0.00 | NO=1.00 | Sum=1.00
==================================================
Balance: $116.47 | Regime: CHOP | Session: 0W/0L (0%) | PnL: $+0.00
[Confidence] Score=6/10 | extreme_edge,coinbase_weak,all3_agree
[Timing] Window 12 min old — skipping
[Cycle] No signal — YES=0.00 is between 0.30 and 0.70, sum=1.00 >= 0.97
[Ticker] KXSOL15M-26APR081330-30
[Market] YES=0.00 | NO=1.00 | Sum=1.00
==================================================
Balance: $116.47 | Regime: CHOP | Session: 0W/0L (0%) | PnL: $+0.00
[Confidence] Score=6/10 | extreme_edge,coinbase_weak,all3_agree
[Timing] Window 13 min old — skipping
[Cycle] No signal — YES=0.00 is between 0.30 and 0.70, sum=1.00 >= 0.97
[Ticker] KXSOL15M-26APR081330-30
[Market] YES=0.01 | NO=1.00 | Sum=1.01
==================================================
Balance: $116.47 | Regime: CHOP | Session: 0W/0L (0%) | PnL: $+0.00
[Confidence] Score=5/10 | extreme_edge,coinbase_weak,2of3_agree
[Timing] Window 14 min old — skipping
[Cycle] No signal — YES=0.01 is between 0.30 and 0.70, sum=1.01 >= 0.97
[Ticker] KXSOL15M-26APR081330-30
[Market] YES=0.01 | NO=1.00 | Sum=1.01
==================================================
Balance: $116.47 | Regime: CHOP | Session: 0W/0L (0%) | PnL: $+0.00
[Confidence] Score=6/10 | extreme_edge,coinbase_weak,all3_agree
[Timing] Window 0 min old — skipping
[Cycle] No signal — YES=0.01 is between 0.30 and 0.70, sum=1.01 >= 0.97
[Ticker] KXSOL15M-26APR081345-45
[Market] YES=0.70 | NO=0.33 | Sum=1.03
==================================================
Balance: $116.47 | Regime: CHOP | Session: 0W/0L (0%) | PnL: $+0.00
[Cycle] No signal — YES=0.70 is between 0.30 and 0.70, sum=1.03 >= 0.97
[Ticker] KXSOL15M-26APR081345-45
[Market] YES=0.80 | NO=0.22 | Sum=1.02
==================================================
Balance: $116.47 | Regime: CHOP | Session: 0W/0L (0%) | PnL: $+0.00
[Confidence] Score=3/10 | strong_edge,coinbase_weak
[Signal] UP candidate | yes=0.80 | waiting (1/2)
[Cycle] No signal — YES=0.80 is between 0.30 and 0.70, sum=1.02 >= 0.97
[Ticker] KXSOL15M-26APR081345-45
[Market] YES=0.72 | NO=0.31 | Sum=1.03
==================================================
Balance: $116.47 | Regime: CHOP | Session: 0W/0L (0%) | PnL: $+0.00
[Confidence] Score=2/10 | moderate_edge,coinbase_weak
[Coinbase] Confirms UP | $84 gap=+0 (0.08%)
[Kraken] Divergence 85720.77% — bet trimmed
[Correlation] 2/3 agree UP
[Signal] CONFIRMED UP | yes=0.72 | edge=0.22 | bet=$1.80
[CorrGuard] 2 bots already fired — skipping to avoid correlated loss
[Cycle] No signal — YES=0.72 is between 0.30 and 0.70, sum=1.03 >= 0.97
[Ticker] KXSOL15M-26APR081345-45
[Market] YES=0.72 | NO=0.33 | Sum=1.05
==================================================
Balance: $116.47 | Regime: CHOP | Session: 0W/0L (0%) | PnL: $+0.00
[Confidence] Score=2/10 | moderate_edge,coinbase_weak
[Coinbase] Confirms UP | $84 gap=+0 (0.09%)
[Kraken] Divergence 85692.77% — bet trimmed
[Correlation] 2/3 agree UP
[Signal] CONFIRMED UP | yes=0.72 | edge=0.22 | bet=$1.80
[Safety] Balance $116.47 below floor $120.00
🛑 OpenClaw SOL Bot v4.0 halted: Balance $116.47 below floor $120.00

==================================================
OpenClaw SOL Bot v4.0 — LIVE
[Startup] Live balance synced: $116.47
Balance: $116.47 | MaxBet: $4.37 | Threshold: <0.30 or >0.70
==================================================

[Startup] Resting orders cleared
[Ticker] KXSOL15M-26APR081345-45
[Market] YES=0.70 | NO=0.32 | Sum=1.02
==================================================
Balance: $116.47 | Regime: CHOP | Session: 0W/0L (0%) | PnL: $+0.00
[Cycle] No signal — YES=0.70 is between 0.30 and 0.70, sum=1.02 >= 0.97
[Ticker] KXSOL15M-26APR081345-45
[Market] YES=0.88 | NO=0.16 | Sum=1.04
==================================================
Balance: $116.47 | Regime: CHOP | Session: 0W/0L (0%) | PnL: $+0.00
[Confidence] Score=3/10 | strong_edge,coinbase_weak
[Timing] Window 5 min old — skipping
[Cycle] No signal — YES=0.88 is between 0.30 and 0.70, sum=1.04 >= 0.97
[Ticker] KXSOL15M-26APR081345-45
[Market] YES=0.98 | NO=0.03 | Sum=1.01
==================================================
Balance: $116.47 | Regime: CHOP | Session: 0W/0L (0%) | PnL: $+0.00
[Confidence] Score=4/10 | extreme_edge,coinbase_weak
[Timing] Window 6 min old — skipping
[Cycle] No signal — YES=0.98 is between 0.30 and 0.70, sum=1.01 >= 0.97
[Ticker] KXSOL15M-26APR081345-45
[Market] YES=0.99 | NO=0.02 | Sum=1.01
==================================================
Balance: $116.47 | Regime: CHOP | Session: 0W/0L (0%) | PnL: $+0.00
[Confidence] Score=5/10 | extreme_edge,coinbase_strong
[Timing] Window 7 min old — skipping
[Cycle] No signal — YES=0.99 is between 0.30 and 0.70, sum=1.01 >= 0.97
[Ticker] KXSOL15M-26APR081345-45
[Market] YES=0.98 | NO=0.04 | Sum=1.02
==================================================
Balance: $116.47 | Regime: CHOP | Session: 0W/0L (0%) | PnL: $+0.00
[Confidence] Score=4/10 | extreme_edge,coinbase_weak
[Timing] Window 8 min old — skipping
[Cycle] No signal — YES=0.98 is between 0.30 and 0.70, sum=1.02 >= 0.97
[Ticker] KXSOL15M-26APR081345-45
[Market] YES=0.98 | NO=0.03 | Sum=1.01
==================================================
Balance: $116.47 | Regime: CHOP | Session: 0W/0L (0%) | PnL: $+0.00
[Confidence] Score=5/10 | extreme_edge,coinbase_strong
[Timing] Window 9 min old — skipping
[Cycle] No signal — YES=0.98 is between 0.30 and 0.70, sum=1.01 >= 0.97
[Ticker] KXSOL15M-26APR081345-45
[Market] YES=1.00 | NO=0.01 | Sum=1.00
==================================================
Balance: $116.47 | Regime: CHOP | Session: 0W/0L (0%) | PnL: $+0.00
[Confidence] Score=5/10 | extreme_edge,coinbase_strong
[Timing] Window 10 min old — skipping
[Cycle] No signal — YES=1.00 is between 0.30 and 0.70, sum=1.00 >= 0.97
[Ticker] KXSOL15M-26APR081345-45
[Market] YES=1.00 | NO=0.01 | Sum=1.00
==================================================
Balance: $116.47 | Regime: CHOP | Session: 0W/0L (0%) | PnL: $+0.00
[Confidence] Score=4/10 | extreme_edge,coinbase_weak
[Timing] Window 11 min old — skipping
[Cycle] No signal — YES=1.00 is between 0.30 and 0.70, sum=1.00 >= 0.97
[Ticker] KXSOL15M-26APR081345-45
[Market] YES=1.00 | NO=0.00 | Sum=1.00
==================================================
Balance: $116.47 | Regime: CHOP | Session: 0W/0L (0%) | PnL: $+0.00
[Confidence] Score=5/10 | extreme_edge,coinbase_strong
[Timing] Window 12 min old — skipping
[Cycle] No signal — YES=1.00 is between 0.30 and 0.70, sum=1.00 >= 0.97
[Ticker] KXSOL15M-26APR081345-45
[Market] YES=1.00 | NO=0.00 | Sum=1.00
==================================================
Balance: $116.47 | Regime: CHOP | Session: 0W/0L (0%) | PnL: $+0.00
[Confidence] Score=5/10 | extreme_edge,coinbase_strong
[Timing] Window 13 min old — skipping
[Cycle] No signal — YES=1.00 is between 0.30 and 0.70, sum=1.00 >= 0.97
[Ticker] KXSOL15M-26APR081345-45
[Market] YES=1.00 | NO=0.00 | Sum=1.00
==================================================
Balance: $116.47 | Regime: CHOP | Session: 0W/0L (0%) | PnL: $+0.00
[Confidence] Score=5/10 | extreme_edge,coinbase_strong
[Timing] Window 14 min old — skipping
[Cycle] No signal — YES=1.00 is between 0.30 and 0.70, sum=1.00 >= 0.97
[Ticker] KXSOL15M-26APR081400-00
[Market] YES=0.57 | NO=0.48 | Sum=1.05
==================================================
Balance: $116.47 | Regime: CHOP | Session: 0W/0L (0%) | PnL: $+0.00
[Cycle] No signal — YES=0.57 is between 0.30 and 0.70, sum=1.05 >= 0.97
[Ticker] KXSOL15M-26APR081400-00
[Market] YES=0.45 | NO=0.60 | Sum=1.05
==================================================
Balance: $116.47 | Regime: CHOP | Session: 0W/0L (0%) | PnL: $+0.00
[Cycle] No signal — YES=0.45 is between 0.30 and 0.70, sum=1.05 >= 0.97
[Ticker] KXSOL15M-26APR081400-00
[Market] YES=0.46 | NO=0.58 | Sum=1.04
==================================================
Balance: $116.47 | Regime: CHOP | Session: 0W/0L (0%) | PnL: $+0.00
[Cycle] No signal — YES=0.46 is between 0.30 and 0.70, sum=1.04 >= 0.97
[Ticker] KXSOL15M-26APR081400-00
[Market] YES=0.44 | NO=0.60 | Sum=1.04
==================================================
Balance: $116.47 | Regime: CHOP | Session: 0W/0L (0%) | PnL: $+0.00
[Cycle] No signal — YES=0.44 is between 0.30 and 0.70, sum=1.04 >= 0.97
[Ticker] KXSOL15M-26APR081400-00
[Market] YES=0.63 | NO=0.43 | Sum=1.06
==================================================
Balance: $116.47 | Regime: CHOP | Session: 0W/0L (0%) | PnL: $+0.00
[Cycle] No signal — YES=0.63 is between 0.30 and 0.70, sum=1.06 >= 0.97
[Ticker] KXSOL15M-26APR081400-00
[Market] YES=0.44 | NO=0.60 | Sum=1.04
==================================================
Balance: $116.47 | Regime: CHOP | Session: 0W/0L (0%) | PnL: $+0.00
[Cycle] No signal — YES=0.44 is between 0.30 and 0.70, sum=1.04 >= 0.97
[Ticker] KXSOL15M-26APR081400-00
[Market] YES=0.38 | NO=0.64 | Sum=1.02
==================================================
Balance: $116.47 | Regime: CHOP | Session: 0W/0L (0%) | PnL: $+0.00
[Cycle] No signal — YES=0.38 is between 0.30 and 0.70, sum=1.02 >= 0.97
[Ticker] KXSOL15M-26APR081400-00
[Market] YES=0.39 | NO=0.63 | Sum=1.02
==================================================
Balance: $116.47 | Regime: CHOP | Session: 0W/0L (0%) | PnL: $+0.00
[Cycle] No signal — YES=0.39 is between 0.30 and 0.70, sum=1.02 >= 0.97
[Ticker] KXSOL15M-26APR081400-00
[Market] YES=0.48 | NO=0.54 | Sum=1.02
==================================================
Balance: $116.47 | Regime: CHOP | Session: 0W/0L (0%) | PnL: $+0.00
[Cycle] No signal — YES=0.48 is between 0.30 and 0.70, sum=1.02 >= 0.97
[Ticker] KXSOL15M-26APR081400-00
[Market] YES=0.36 | NO=0.69 | Sum=1.05
==================================================
Balance: $116.47 | Regime: CHOP | Session: 0W/0L (0%) | PnL: $+0.00
[Cycle] No signal — YES=0.36 is between 0.30 and 0.70, sum=1.05 >= 0.97
[Ticker] KXSOL15M-26APR081400-00
[Market] YES=0.32 | NO=0.73 | Sum=1.05
==================================================
Balance: $116.47 | Regime: CHOP | Session: 0W/0L (0%) | PnL: $+0.00
[Cycle] No signal — YES=0.32 is between 0.30 and 0.70, sum=1.05 >= 0.97
[Ticker] KXSOL15M-26APR081400-00
[Market] YES=0.22 | NO=0.81 | Sum=1.03
==================================================
Balance: $116.47 | Regime: CHOP | Session: 0W/0L (0%) | PnL: $+0.00
[Confidence] Score=4/10 | moderate_edge,coinbase_weak,all3_agree
[Timing] Window 11 min old — skipping
[Cycle] No signal — YES=0.22 is between 0.30 and 0.70, sum=1.03 >= 0.97
[Ticker] KXSOL15M-26APR081400-00
[Market] YES=0.37 | NO=0.68 | Sum=1.05
==================================================
Balance: $116.47 | Regime: CHOP | Session: 0W/0L (0%) | PnL: $+0.00
[Cycle] No signal — YES=0.37 is between 0.30 and 0.70, sum=1.05 >= 0.97
[Ticker] KXSOL15M-26APR081400-00
[Market] YES=0.15 | NO=0.87 | Sum=1.02
==================================================
Balance: $116.47 | Regime: CHOP | Session: 0W/0L (0%) | PnL: $+0.00
[Confidence] Score=5/10 | strong_edge,coinbase_weak,all3_agree
[Timing] Window 13 min old — skipping
[Cycle] No signal — YES=0.15 is between 0.30 and 0.70, sum=1.02 >= 0.97
[Ticker] KXSOL15M-26APR081400-00
[Market] YES=0.20 | NO=0.93 | Sum=1.13
==================================================
Balance: $116.47 | Regime: CHOP | Session: 0W/0L (0%) | PnL: $+0.00
[Confidence] Score=5/10 | strong_edge,coinbase_weak,all3_agree
[Timing] Window 14 min old — skipping
[Cycle] No signal — YES=0.20 is between 0.30 and 0.70, sum=1.13 >= 0.97
[Ticker] KXSOL15M-26APR081415-15
[Market] YES=0.50 | NO=0.55 | Sum=1.05
==================================================
Balance: $116.47 | Regime: CHOP | Session: 0W/0L (0%) | PnL: $+0.00
[Cycle] No signal — YES=0.50 is between 0.30 and 0.70, sum=1.05 >= 0.97
[Ticker] KXSOL15M-26APR081415-15
[Market] YES=0.38 | NO=0.65 | Sum=1.03
==================================================
Balance: $116.47 | Regime: CHOP | Session: 0W/0L (0%) | PnL: $+0.00
[Cycle] No signal — YES=0.38 is between 0.30 and 0.70, sum=1.03 >= 0.97
[Ticker] KXSOL15M-26APR081415-15
[Market] YES=0.47 | NO=0.55 | Sum=1.02
==================================================
Balance: $116.47 | Regime: CHOP | Session: 0W/0L (0%) | PnL: $+0.00
[Cycle] No signal — YES=0.47 is between 0.30 and 0.70, sum=1.02 >= 0.97
[Ticker] KXSOL15M-26APR081415-15
[Market] YES=0.40 | NO=0.65 | Sum=1.05
==================================================
Balance: $116.47 | Regime: CHOP | Session: 0W/0L (0%) | PnL: $+0.00
[Cycle] No signal — YES=0.40 is between 0.30 and 0.70, sum=1.05 >= 0.97
[Ticker] KXSOL15M-26APR081415-15
[Market] YES=0.41 | NO=0.64 | Sum=1.05
==================================================
Balance: $116.47 | Regime: CHOP | Session: 0W/0L (0%) | PnL: $+0.00
[Cycle] No signal — YES=0.41 is between 0.30 and 0.70, sum=1.05 >= 0.97
[Ticker] KXSOL15M-26APR081415-15
[Market] YES=0.48 | NO=0.57 | Sum=1.05
==================================================
Balance: $116.47 | Regime: CHOP | Session: 0W/0L (0%) | PnL: $+0.00
[Cycle] No signal — YES=0.48 is between 0.30 and 0.70, sum=1.05 >= 0.97
[Ticker] KXSOL15M-26APR081415-15
[Market] YES=0.55 | NO=0.50 | Sum=1.05
==================================================
Balance: $116.47 | Regime: CHOP | Session: 0W/0L (0%) | PnL: $+0.00
[Cycle] No signal — YES=0.55 is between 0.30 and 0.70, sum=1.05 >= 0.97
[Ticker] KXSOL15M-26APR081415-15
[Market] YES=0.59 | NO=0.46 | Sum=1.05
==================================================
Balance: $116.47 | Regime: CHOP | Session: 0W/0L (0%) | PnL: $+0.00
[Cycle] No signal — YES=0.59 is between 0.30 and 0.70, sum=1.05 >= 0.97
[Ticker] KXSOL15M-26APR081415-15
[Market] YES=0.69 | NO=0.36 | Sum=1.05
==================================================
Balance: $116.47 | Regime: CHOP | Session: 0W/0L (0%) | PnL: $+0.00
[Cycle] No signal — YES=0.69 is between 0.30 and 0.70, sum=1.05 >= 0.97
[Ticker] KXSOL15M-26APR081415-15
[Market] YES=0.56 | NO=0.49 | Sum=1.05
==================================================
Balance: $116.47 | Regime: CHOP | Session: 0W/0L (0%) | PnL: $+0.00
[Cycle] No signal — YES=0.56 is between 0.30 and 0.70, sum=1.05 >= 0.97
[Ticker] KXSOL15M-26APR081415-15
[Market] YES=0.14 | NO=0.89 | Sum=1.03
==================================================
Balance: $116.47 | Regime: CHOP | Session: 0W/0L (0%) | PnL: $+0.00
[Confidence] Score=4/10 | strong_edge,coinbase_weak,2of3_agree
[Timing] Window 10 min old — skipping
[Cycle] No signal — YES=0.14 is between 0.30 and 0.70, sum=1.03 >= 0.97
[Ticker] KXSOL15M-26APR081415-15
[Market] YES=0.05 | NO=0.97 | Sum=1.02
==================================================
Balance: $116.47 | Regime: CHOP | Session: 0W/0L (0%) | PnL: $+0.00
[Confidence] Score=6/10 | extreme_edge,coinbase_weak,all3_agree
[Timing] Window 11 min old — skipping
[Cycle] No signal — YES=0.05 is between 0.30 and 0.70, sum=1.02 >= 0.97
[Ticker] KXSOL15M-26APR081415-15
[Market] YES=0.02 | NO=1.00 | Sum=1.02
==================================================
Balance: $116.47 | Regime: CHOP | Session: 0W/0L (0%) | PnL: $+0.00
[Confidence] Score=6/10 | extreme_edge,coinbase_weak,all3_agree
[Timing] Window 12 min old — skipping
[Cycle] No signal — YES=0.02 is between 0.30 and 0.70, sum=1.02 >= 0.97
[Ticker] KXSOL15M-26APR081415-15
[Market] YES=0.00 | NO=1.00 | Sum=1.00
==================================================
Balance: $116.47 | Regime: CHOP | Session: 0W/0L (0%) | PnL: $+0.00
[Confidence] Score=6/10 | extreme_edge,coinbase_weak,all3_agree
[Timing] Window 13 min old — skipping
[Cycle] No signal — YES=0.00 is between 0.30 and 0.70, sum=1.00 >= 0.97
[Ticker] KXSOL15M-26APR081415-15
[Market] YES=0.01 | NO=1.00 | Sum=1.00
==================================================
Balance: $116.47 | Regime: CHOP | Session: 0W/0L (0%) | PnL: $+0.00
[Confidence] Score=5/10 | extreme_edge,coinbase_weak,2of3_agree
[Timing] Window 14 min old — skipping
[Cycle] No signal — YES=0.01 is between 0.30 and 0.70, sum=1.00 >= 0.97
[Ticker] KXSOL15M-26APR081415-15
[Market] YES=0.00 | NO=1.00 | Sum=1.00
==================================================
Balance: $116.47 | Regime: CHOP | Session: 0W/0L (0%) | PnL: $+0.00
[Confidence] Score=6/10 | extreme_edge,coinbase_weak,all3_agree
[Timing] Window 0 min old — skipping
[Cycle] No signal — YES=0.00 is between 0.30 and 0.70, sum=1.00 >= 0.97
[Ticker] KXSOL15M-26APR081430-30
[Market] YES=0.64 | NO=0.39 | Sum=1.03
==================================================
Balance: $116.47 | Regime: CHOP | Session: 0W/0L (0%) | PnL: $+0.00
[Cycle] No signal — YES=0.64 is between 0.30 and 0.70, sum=1.03 >= 0.97
[Ticker] KXSOL15M-26APR081430-30
[Market] YES=0.62 | NO=0.41 | Sum=1.03
==================================================
Balance: $116.47 | Regime: CHOP | Session: 0W/0L (0%) | PnL: $+0.00
[Cycle] No signal — YES=0.62 is between 0.30 and 0.70, sum=1.03 >= 0.97
[Ticker] KXSOL15M-26APR081430-30
[Market] YES=0.34 | NO=0.71 | Sum=1.05
==================================================
Balance: $116.47 | Regime: CHOP | Session: 0W/0L (0%) | PnL: $+0.00
[Cycle] No signal — YES=0.34 is between 0.30 and 0.70, sum=1.05 >= 0.97
[Ticker] KXSOL15M-26APR081430-30
[Market] YES=0.06 | NO=0.96 | Sum=1.02
==================================================
Balance: $116.47 | Regime: CHOP | Session: 0W/0L (0%) | PnL: $+0.00
[Confidence] Score=5/10 | strong_edge,coinbase_weak,all3_agree
[Signal] DOWN candidate | yes=0.06 | waiting (1/2)
[Cycle] No signal — YES=0.06 is between 0.30 and 0.70, sum=1.02 >= 0.97
[Ticker] KXSOL15M-26APR081430-30
[Market] YES=0.13 | NO=0.89 | Sum=1.02
==================================================
Balance: $116.47 | Regime: CHOP | Session: 0W/0L (0%) | PnL: $+0.00
[Confidence] Score=4/10 | strong_edge,coinbase_weak,2of3_agree
[Timing] Window 5 min old — skipping
[Cycle] No signal — YES=0.13 is between 0.30 and 0.70, sum=1.02 >= 0.97
[Ticker] KXSOL15M-26APR081430-30
[Market] YES=0.07 | NO=0.95 | Sum=1.02
==================================================
Balance: $116.47 | Regime: CHOP | Session: 0W/0L (0%) | PnL: $+0.00
[Confidence] Score=6/10 | strong_edge,coinbase_strong,all3_agree
[Timing] Window 6 min old — skipping
[Cycle] No signal — YES=0.07 is between 0.30 and 0.70, sum=1.02 >= 0.97
[Ticker] KXSOL15M-26APR081430-30
[Market] YES=0.05 | NO=0.96 | Sum=1.01
==================================================
Balance: $116.47 | Regime: CHOP | Session: 0W/0L (0%) | PnL: $+0.00
[Confidence] Score=5/10 | extreme_edge,coinbase_weak,2of3_agree
[Timing] Window 7 min old — skipping
[Cycle] No signal — YES=0.05 is between 0.30 and 0.70, sum=1.01 >= 0.97
[Ticker] KXSOL15M-26APR081430-30
[Market] YES=0.03 | NO=0.98 | Sum=1.01
==================================================
Balance: $116.47 | Regime: CHOP | Session: 0W/0L (0%) | PnL: $+0.00
[Confidence] Score=5/10 | extreme_edge,coinbase_weak,2of3_agree
[Timing] Window 8 min old — skipping
[Cycle] No signal — YES=0.03 is between 0.30 and 0.70, sum=1.01 >= 0.97
[Ticker] KXSOL15M-26APR081430-30
[Market] YES=0.01 | NO=0.99 | Sum=1.00
==================================================
Balance: $116.47 | Regime: CHOP | Session: 0W/0L (0%) | PnL: $+0.00
[Confidence] Score=7/10 | extreme_edge,coinbase_strong,all3_agree
[Timing] Window 9 min old — skipping
[Cycle] No signal — YES=0.01 is between 0.30 and 0.70, sum=1.00 >= 0.97
[Ticker] KXSOL15M-26APR081430-30
[Market] YES=0.01 | NO=1.00 | Sum=1.00
==================================================
Balance: $116.47 | Regime: CHOP | Session: 0W/0L (0%) | PnL: $+0.00
[Confidence] Score=6/10 | extreme_edge,coinbase_strong,2of3_agree
[Timing] Window 10 min old — skipping
[Cycle] No signal — YES=0.01 is between 0.30 and 0.70, sum=1.00 >= 0.97
[Ticker] KXSOL15M-26APR081430-30
[Market] YES=0.01 | NO=1.00 | Sum=1.00
==================================================
Balance: $116.47 | Regime: CHOP | Session: 0W/0L (0%) | PnL: $+0.00
[Confidence] Score=6/10 | extreme_edge,coinbase_strong,2of3_agree
[Timing] Window 11 min old — skipping
[Cycle] No signal — YES=0.01 is between 0.30 and 0.70, sum=1.00 >= 0.97
[Ticker] KXSOL15M-26APR081430-30
[Market] YES=0.01 | NO=1.00 | Sum=1.00
==================================================
Balance: $116.47 | Regime: CHOP | Session: 0W/0L (0%) | PnL: $+0.00
[Confidence] Score=6/10 | extreme_edge,coinbase_strong,2of3_agree
[Timing] Window 12 min old — skipping
[Cycle] No signal — YES=0.01 is between 0.30 and 0.70, sum=1.00 >= 0.97
[Ticker] KXSOL15M-26APR081430-30
[Market] YES=0.01 | NO=1.00 | Sum=1.00
==================================================
Balance: $116.47 | Regime: CHOP | Session: 0W/0L (0%) | PnL: $+0.00
[Confidence] Score=7/10 | extreme_edge,coinbase_strong,all3_agree
[Timing] Window 13 min old — skipping
[Cycle] No signal — YES=0.01 is between 0.30 and 0.70, sum=1.00 >= 0.97
[Ticker] KXSOL15M-26APR081430-30
[Market] YES=0.00 | NO=1.00 | Sum=1.00
==================================================
Balance: $116.47 | Regime: CHOP | Session: 0W/0L (0%) | PnL: $+0.00
[Confidence] Score=7/10 | extreme_edge,coinbase_strong,all3_agree
[Timing] Window 14 min old — skipping
[Cycle] No signal — YES=0.00 is between 0.30 and 0.70, sum=1.00 >= 0.97
[Ticker] KXSOL15M-26APR081445-45
[Market] YES=0.57 | NO=0.49 | Sum=1.06
==================================================
Balance: $116.47 | Regime: CHOP | Session: 0W/0L (0%) | PnL: $+0.00
[Cycle] No signal — YES=0.57 is between 0.30 and 0.70, sum=1.06 >= 0.97
[Ticker] KXSOL15M-26APR081445-45
[Market] YES=0.73 | NO=0.30 | Sum=1.03
==================================================
Balance: $116.47 | Regime: CHOP | Session: 0W/0L (0%) | PnL: $+0.00
[Confidence] Score=2/10 | moderate_edge,coinbase_weak
[Signal] UP candidate | yes=0.73 | waiting (1/2)
[Cycle] No signal — YES=0.73 is between 0.30 and 0.70, sum=1.03 >= 0.97
[Ticker] KXSOL15M-26APR081445-45
[Market] YES=0.78 | NO=0.25 | Sum=1.03
==================================================
Balance: $116.47 | Regime: CHOP | Session: 0W/0L (0%) | PnL: $+0.00
[Confidence] Score=2/10 | moderate_edge,coinbase_weak
[Coinbase] Confirms UP | $83 gap=+0 (0.18%)
[Kraken] Divergence 85608.29% — bet trimmed
[Correlation] 2/3 agree UP
[Signal] CONFIRMED UP | yes=0.78 | edge=0.28 | bet=$1.80
[Safety] Balance $116.47 below floor $120.00
🛑 OpenClaw SOL Bot v4.0 halted: Balance $116.47 below floor $120.00

==================================================
OpenClaw SOL Bot v4.0 — LIVE
[Startup] Live balance synced: $116.47
Balance: $116.47 | MaxBet: $4.37 | Threshold: <0.30 or >0.70
==================================================

[Startup] Resting orders cleared
[Ticker] KXSOL15M-26APR081445-45
[Market] YES=0.74 | NO=0.27 | Sum=1.01
==================================================
Balance: $116.47 | Regime: CHOP | Session: 0W/0L (0%) | PnL: $+0.00
[Confidence] Score=2/10 | moderate_edge,coinbase_weak
[Signal] UP candidate | yes=0.74 | waiting (1/2)
[Cycle] No signal — YES=0.74 is between 0.30 and 0.70, sum=1.01 >= 0.97
[Ticker] KXSOL15M-26APR081445-45
[Market] YES=0.67 | NO=0.35 | Sum=1.02
==================================================
Balance: $116.47 | Regime: CHOP | Session: 0W/0L (0%) | PnL: $+0.00
[Cycle] No signal — YES=0.67 is between 0.30 and 0.70, sum=1.02 >= 0.97
[Ticker] KXSOL15M-26APR081445-45
[Market] YES=0.82 | NO=0.21 | Sum=1.03
==================================================
Balance: $116.47 | Regime: CHOP | Session: 0W/0L (0%) | PnL: $+0.00
[Confidence] Score=3/10 | strong_edge,coinbase_weak
[Signal] UP candidate | yes=0.82 | waiting (1/2)
[Cycle] No signal — YES=0.82 is between 0.30 and 0.70, sum=1.03 >= 0.97
[Ticker] KXSOL15M-26APR081445-45
[Market] YES=0.82 | NO=0.19 | Sum=1.01
==================================================
Balance: $116.47 | Regime: CHOP | Session: 0W/0L (0%) | PnL: $+0.00
[Confidence] Score=3/10 | strong_edge,coinbase_weak
[Timing] Window 5 min old — skipping
[Cycle] No signal — YES=0.82 is between 0.30 and 0.70, sum=1.01 >= 0.97
[Ticker] KXSOL15M-26APR081445-45
[Market] YES=0.76 | NO=0.28 | Sum=1.04
==================================================
Balance: $116.47 | Regime: CHOP | Session: 0W/0L (0%) | PnL: $+0.00
[Confidence] Score=2/10 | moderate_edge,coinbase_weak
[Timing] Window 6 min old — skipping
[Cycle] No signal — YES=0.76 is between 0.30 and 0.70, sum=1.04 >= 0.97
[Ticker] KXSOL15M-26APR081445-45
[Market] YES=0.82 | NO=0.22 | Sum=1.04
==================================================
Balance: $116.47 | Regime: CHOP | Session: 0W/0L (0%) | PnL: $+0.00
[Confidence] Score=3/10 | strong_edge,coinbase_weak
[Timing] Window 7 min old — skipping
[Cycle] No signal — YES=0.82 is between 0.30 and 0.70, sum=1.04 >= 0.97
[Ticker] KXSOL15M-26APR081445-45
[Market] YES=0.83 | NO=0.20 | Sum=1.03
==================================================
Balance: $116.47 | Regime: CHOP | Session: 0W/0L (0%) | PnL: $+0.00
[Confidence] Score=4/10 | strong_edge,coinbase_weak,2of3_agree
[Timing] Window 8 min old — skipping
[Cycle] No signal — YES=0.83 is between 0.30 and 0.70, sum=1.03 >= 0.97
[Ticker] KXSOL15M-26APR081445-45
[Market] YES=0.76 | NO=0.28 | Sum=1.04
==================================================
Balance: $116.47 | Regime: CHOP | Session: 0W/0L (0%) | PnL: $+0.00
[Confidence] Score=2/10 | moderate_edge,coinbase_weak
[Timing] Window 9 min old — skipping
[Cycle] No signal — YES=0.76 is between 0.30 and 0.70, sum=1.04 >= 0.97
[Ticker] KXSOL15M-26APR081445-45
[Market] YES=0.24 | NO=0.80 | Sum=1.04
==================================================
Balance: $116.47 | Regime: CHOP | Session: 0W/0L (0%) | PnL: $+0.00
[Confidence] Score=4/10 | moderate_edge,coinbase_weak,all3_agree
[Timing] Window 10 min old — skipping
[Cycle] No signal — YES=0.24 is between 0.30 and 0.70, sum=1.04 >= 0.97
[Ticker] KXSOL15M-26APR081445-45
[Market] YES=0.05 | NO=0.97 | Sum=1.02
==================================================
Balance: $116.47 | Regime: CHOP | Session: 0W/0L (0%) | PnL: $+0.00
[Confidence] Score=5/10 | strong_edge,coinbase_weak,all3_agree
[Timing] Window 11 min old — skipping
[Cycle] No signal — YES=0.05 is between 0.30 and 0.70, sum=1.02 >= 0.97
[Ticker] KXSOL15M-26APR081445-45
[Market] YES=0.27 | NO=0.77 | Sum=1.04
==================================================
Balance: $116.47 | Regime: CHOP | Session: 0W/0L (0%) | PnL: $+0.00
[Confidence] Score=3/10 | moderate_edge,coinbase_weak,2of3_agree
[Timing] Window 12 min old — skipping
[Cycle] No signal — YES=0.27 is between 0.30 and 0.70, sum=1.04 >= 0.97
[Ticker] KXSOL15M-26APR081445-45
[Market] YES=0.00 | NO=1.00 | Sum=1.00
==================================================
Balance: $116.47 | Regime: CHOP | Session: 0W/0L (0%) | PnL: $+0.00
[Confidence] Score=6/10 | extreme_edge,coinbase_weak,all3_agree
[Timing] Window 13 min old — skipping
[Cycle] No signal — YES=0.00 is between 0.30 and 0.70, sum=1.00 >= 0.97
[Ticker] KXSOL15M-26APR081445-45
[Market] YES=0.00 | NO=1.00 | Sum=1.00
==================================================
Balance: $116.47 | Regime: CHOP | Session: 0W/0L (0%) | PnL: $+0.00
[Confidence] Score=5/10 | extreme_edge,coinbase_weak,2of3_agree
[Timing] Window 14 min old — skipping
[Cycle] No signal — YES=0.00 is between 0.30 and 0.70, sum=1.00 >= 0.97
[Ticker] KXSOL15M-26APR081500-00
[Market] YES=0.48 | NO=0.54 | Sum=1.02
==================================================
Balance: $116.47 | Regime: CHOP | Session: 0W/0L (0%) | PnL: $+0.00
[Cycle] No signal — YES=0.48 is between 0.30 and 0.70, sum=1.02 >= 0.97
[Ticker] KXSOL15M-26APR081500-00
[Market] YES=0.64 | NO=0.37 | Sum=1.01
==================================================
Balance: $116.47 | Regime: CHOP | Session: 0W/0L (0%) | PnL: $+0.00
[Cycle] No signal — YES=0.64 is between 0.30 and 0.70, sum=1.01 >= 0.97
[Ticker] KXSOL15M-26APR081500-00
[Market] YES=0.68 | NO=0.35 | Sum=1.03
==================================================
Balance: $116.47 | Regime: CHOP | Session: 0W/0L (0%) | PnL: $+0.00
[Cycle] No signal — YES=0.68 is between 0.30 and 0.70, sum=1.03 >= 0.97
[Ticker] KXSOL15M-26APR081500-00
[Market] YES=0.65 | NO=0.39 | Sum=1.04
==================================================
Balance: $116.47 | Regime: CHOP | Session: 0W/0L (0%) | PnL: $+0.00
[Cycle] No signal — YES=0.65 is between 0.30 and 0.70, sum=1.04 >= 0.97
[Ticker] KXSOL15M-26APR081500-00
[Market] YES=0.58 | NO=0.47 | Sum=1.05
==================================================
Balance: $116.47 | Regime: CHOP | Session: 0W/0L (0%) | PnL: $+0.00
[Cycle] No signal — YES=0.58 is between 0.30 and 0.70, sum=1.05 >= 0.97
[Ticker] KXSOL15M-26APR081500-00
[Market] YES=0.35 | NO=0.69 | Sum=1.04
==================================================
Balance: $116.47 | Regime: CHOP | Session: 0W/0L (0%) | PnL: $+0.00
[Cycle] No signal — YES=0.35 is between 0.30 and 0.70, sum=1.04 >= 0.97
[Ticker] KXSOL15M-26APR081500-00
[Market] YES=0.44 | NO=0.61 | Sum=1.05
==================================================
Balance: $116.47 | Regime: CHOP | Session: 0W/0L (0%) | PnL: $+0.00
[Cycle] No signal — YES=0.44 is between 0.30 and 0.70, sum=1.05 >= 0.97
[Ticker] KXSOL15M-26APR081500-00
[Market] YES=0.39 | NO=0.66 | Sum=1.05
==================================================
Balance: $116.47 | Regime: CHOP | Session: 0W/0L (0%) | PnL: $+0.00
[Cycle] No signal — YES=0.39 is between 0.30 and 0.70, sum=1.05 >= 0.97
[Ticker] KXSOL15M-26APR081500-00
[Market] YES=0.38 | NO=0.64 | Sum=1.02
==================================================
Balance: $116.47 | Regime: CHOP | Session: 0W/0L (0%) | PnL: $+0.00
[Cycle] No signal — YES=0.38 is between 0.30 and 0.70, sum=1.02 >= 0.97
[Ticker] KXSOL15M-26APR081500-00
[Market] YES=0.20 | NO=0.81 | Sum=1.01
==================================================
Balance: $116.47 | Regime: CHOP | Session: 0W/0L (0%) | PnL: $+0.00
[Confidence] Score=4/10 | strong_edge,coinbase_weak,2of3_agree
[Timing] Window 9 min old — skipping
[Cycle] No signal — YES=0.20 is between 0.30 and 0.70, sum=1.01 >= 0.97
[Ticker] KXSOL15M-26APR081500-00
[Market] YES=0.06 | NO=0.96 | Sum=1.02
==================================================
Balance: $116.47 | Regime: CHOP | Session: 0W/0L (0%) | PnL: $+0.00
[Confidence] Score=5/10 | strong_edge,coinbase_weak,all3_agree
[Timing] Window 10 min old — skipping
[Cycle] No signal — YES=0.06 is between 0.30 and 0.70, sum=1.02 >= 0.97
[Ticker] KXSOL15M-26APR081500-00
[Market] YES=0.04 | NO=0.99 | Sum=1.03
==================================================
Balance: $116.47 | Regime: CHOP | Session: 0W/0L (0%) | PnL: $+0.00
[Confidence] Score=5/10 | extreme_edge,coinbase_weak,2of3_agree
[Timing] Window 11 min old — skipping
[Cycle] No signal — YES=0.04 is between 0.30 and 0.70, sum=1.03 >= 0.97
[Ticker] KXSOL15M-26APR081500-00
[Market] YES=0.03 | NO=0.99 | Sum=1.02
==================================================
Balance: $116.47 | Regime: CHOP | Session: 0W/0L (0%) | PnL: $+0.00
[Confidence] Score=5/10 | extreme_edge,coinbase_weak,2of3_agree
[Timing] Window 12 min old — skipping
[Cycle] No signal — YES=0.03 is between 0.30 and 0.70, sum=1.02 >= 0.97
[Ticker] KXSOL15M-26APR081500-00
[Market] YES=0.01 | NO=1.00 | Sum=1.00
==================================================
Balance: $116.47 | Regime: CHOP | Session: 0W/0L (0%) | PnL: $+0.00
[Confidence] Score=6/10 | extreme_edge,coinbase_weak,all3_agree
[Timing] Window 13 min old — skipping
[Cycle] No signal — YES=0.01 is between 0.30 and 0.70, sum=1.00 >= 0.97
[Ticker] KXSOL15M-26APR081500-00
[Market] YES=0.00 | NO=1.00 | Sum=1.00
==================================================
Balance: $116.47 | Regime: CHOP | Session: 0W/0L (0%) | PnL: $+0.00
[Confidence] Score=6/10 | extreme_edge,coinbase_weak,all3_agree
[Timing] Window 14 min old — skipping
[Cycle] No signal — YES=0.00 is between 0.30 and 0.70, sum=1.00 >= 0.97
[Ticker] KXSOL15M-26APR081515-15
[Market] YES=0.50 | NO=0.55 | Sum=1.05
==================================================
Balance: $116.47 | Regime: CHOP | Session: 0W/0L (0%) | PnL: $+0.00
[Cycle] No signal — YES=0.50 is between 0.30 and 0.70, sum=1.05 >= 0.97
[Ticker] KXSOL15M-26APR081515-15
[Market] YES=0.44 | NO=0.60 | Sum=1.04
==================================================
Balance: $116.47 | Regime: CHOP | Session: 0W/0L (0%) | PnL: $+0.00
[Cycle] No signal — YES=0.44 is between 0.30 and 0.70, sum=1.04 >= 0.97
[Ticker] KXSOL15M-26APR081515-15
[Market] YES=0.60 | NO=0.44 | Sum=1.04
==================================================
Balance: $116.47 | Regime: CHOP | Session: 0W/0L (0%) | PnL: $+0.00
[Cycle] No signal — YES=0.60 is between 0.30 and 0.70, sum=1.04 >= 0.97
[Ticker] KXSOL15M-26APR081515-15
[Market] YES=0.60 | NO=0.43 | Sum=1.03
==================================================
Balance: $116.47 | Regime: CHOP | Session: 0W/0L (0%) | PnL: $+0.00
[Cycle] No signal — YES=0.60 is between 0.30 and 0.70, sum=1.03 >= 0.97
[Ticker] KXSOL15M-26APR081515-15
[Market] YES=0.52 | NO=0.51 | Sum=1.03
==================================================
Balance: $116.47 | Regime: CHOP | Session: 0W/0L (0%) | PnL: $+0.00
[Cycle] No signal — YES=0.52 is between 0.30 and 0.70, sum=1.03 >= 0.97
[Ticker] KXSOL15M-26APR081515-15
[Market] YES=0.55 | NO=0.50 | Sum=1.05
==================================================
Balance: $116.47 | Regime: CHOP | Session: 0W/0L (0%) | PnL: $+0.00
[Cycle] No signal — YES=0.55 is between 0.30 and 0.70, sum=1.05 >= 0.97
[Ticker] KXSOL15M-26APR081515-15
[Market] YES=0.40 | NO=0.64 | Sum=1.04
==================================================
Balance: $116.47 | Regime: CHOP | Session: 0W/0L (0%) | PnL: $+0.00
[Cycle] No signal — YES=0.40 is between 0.30 and 0.70, sum=1.04 >= 0.97
[Ticker] KXSOL15M-26APR081515-15
[Market] YES=0.64 | NO=0.41 | Sum=1.05
==================================================
Balance: $116.47 | Regime: CHOP | Session: 0W/0L (0%) | PnL: $+0.00
[Cycle] No signal — YES=0.64 is between 0.30 and 0.70, sum=1.05 >= 0.97
[Ticker] KXSOL15M-26APR081515-15
[Market] YES=0.68 | NO=0.36 | Sum=1.04
==================================================
Balance: $116.47 | Regime: CHOP | Session: 0W/0L (0%) | PnL: $+0.00
[Cycle] No signal — YES=0.68 is between 0.30 and 0.70, sum=1.04 >= 0.97
[Ticker] KXSOL15M-26APR081515-15
[Market] YES=0.57 | NO=0.48 | Sum=1.05
==================================================
Balance: $116.47 | Regime: CHOP | Session: 0W/0L (0%) | PnL: $+0.00
[Cycle] No signal — YES=0.57 is between 0.30 and 0.70, sum=1.05 >= 0.97
[Ticker] KXSOL15M-26APR081515-15
[Market] YES=0.88 | NO=0.15 | Sum=1.03
==================================================
Balance: $116.47 | Regime: CHOP | Session: 0W/0L (0%) | PnL: $+0.00
[Confidence] Score=4/10 | strong_edge,coinbase_weak,peak_hour
[Timing] Window 10 min old — skipping
[Cycle] No signal — YES=0.88 is between 0.30 and 0.70, sum=1.03 >= 0.97
[Ticker] KXSOL15M-26APR081515-15
[Market] YES=0.97 | NO=0.04 | Sum=1.01
==================================================
Balance: $116.47 | Regime: CHOP | Session: 0W/0L (0%) | PnL: $+0.00
[Confidence] Score=5/10 | extreme_edge,coinbase_weak,peak_hour
[Timing] Window 11 min old — skipping
[Cycle] No signal — YES=0.97 is between 0.30 and 0.70, sum=1.01 >= 0.97
[Ticker] KXSOL15M-26APR081515-15
[Market] YES=0.99 | NO=0.01 | Sum=1.00
==================================================
Balance: $116.47 | Regime: CHOP | Session: 0W/0L (0%) | PnL: $+0.00
[Confidence] Score=5/10 | extreme_edge,coinbase_weak,peak_hour
[Timing] Window 12 min old — skipping
[Cycle] No signal — YES=0.99 is between 0.30 and 0.70, sum=1.00 >= 0.97
[Ticker] KXSOL15M-26APR081515-15
[Market] YES=1.00 | NO=0.00 | Sum=1.00
==================================================
Balance: $116.47 | Regime: CHOP | Session: 0W/0L (0%) | PnL: $+0.00
[Confidence] Score=5/10 | extreme_edge,coinbase_weak,peak_hour
[Timing] Window 13 min old — skipping
[Cycle] No signal — YES=1.00 is between 0.30 and 0.70, sum=1.00 >= 0.97
[Ticker] KXSOL15M-26APR081515-15
[Market] YES=0.99 | NO=0.02 | Sum=1.01
==================================================
Balance: $116.47 | Regime: CHOP | Session: 0W/0L (0%) | PnL: $+0.00
[Confidence] Score=5/10 | extreme_edge,coinbase_weak,peak_hour
[Timing] Window 14 min old — skipping
[Cycle] No signal — YES=0.99 is between 0.30 and 0.70, sum=1.01 >= 0.97
[Ticker] KXSOL15M-26APR081530-30
[Market] YES=0.62 | NO=0.45 | Sum=1.07
==================================================
Balance: $116.47 | Regime: CHOP | Session: 0W/0L (0%) | PnL: $+0.00
[Cycle] No signal — YES=0.62 is between 0.30 and 0.70, sum=1.07 >= 0.97
[Ticker] KXSOL15M-26APR081530-30
[Market] YES=0.56 | NO=0.46 | Sum=1.02
==================================================
Balance: $116.47 | Regime: CHOP | Session: 0W/0L (0%) | PnL: $+0.00
[Cycle] No signal — YES=0.56 is between 0.30 and 0.70, sum=1.02 >= 0.97
[Ticker] KXSOL15M-26APR081530-30
[Market] YES=0.53 | NO=0.52 | Sum=1.05
==================================================
Balance: $116.47 | Regime: CHOP | Session: 0W/0L (0%) | PnL: $+0.00
[Cycle] No signal — YES=0.53 is between 0.30 and 0.70, sum=1.05 >= 0.97
[Ticker] KXSOL15M-26APR081530-30
[Market] YES=0.38 | NO=0.67 | Sum=1.05
==================================================
Balance: $116.47 | Regime: CHOP | Session: 0W/0L (0%) | PnL: $+0.00
[Cycle] No signal — YES=0.38 is between 0.30 and 0.70, sum=1.05 >= 0.97
[Ticker] KXSOL15M-26APR081530-30
[Market] YES=0.44 | NO=0.61 | Sum=1.05
==================================================
Balance: $116.47 | Regime: CHOP | Session: 0W/0L (0%) | PnL: $+0.00
[Cycle] No signal — YES=0.44 is between 0.30 and 0.70, sum=1.05 >= 0.97
[Ticker] KXSOL15M-26APR081530-30
[Market] YES=0.41 | NO=0.64 | Sum=1.05
==================================================
Balance: $116.47 | Regime: CHOP | Session: 0W/0L (0%) | PnL: $+0.00
[Cycle] No signal — YES=0.41 is between 0.30 and 0.70, sum=1.05 >= 0.97
[Ticker] KXSOL15M-26APR081530-30
[Market] YES=0.35 | NO=0.70 | Sum=1.05
==================================================
Balance: $116.47 | Regime: CHOP | Session: 0W/0L (0%) | PnL: $+0.00
[Cycle] No signal — YES=0.35 is between 0.30 and 0.70, sum=1.05 >= 0.97
[Ticker] KXSOL15M-26APR081530-30
[Market] YES=0.16 | NO=0.88 | Sum=1.04
==================================================
Balance: $116.47 | Regime: CHOP | Session: 0W/0L (0%) | PnL: $+0.00
[Confidence] Score=6/10 | strong_edge,coinbase_weak,all3_agree,peak_hour
[Timing] Window 7 min old — skipping
[Cycle] No signal — YES=0.16 is between 0.30 and 0.70, sum=1.04 >= 0.97
[Ticker] KXSOL15M-26APR081530-30
[Market] YES=0.08 | NO=0.95 | Sum=1.03
==================================================
Balance: $116.47 | Regime: CHOP | Session: 0W/0L (0%) | PnL: $+0.00
[Confidence] Score=5/10 | strong_edge,coinbase_weak,2of3_agree,peak_hour
[Timing] Window 8 min old — skipping
[Cycle] No signal — YES=0.08 is between 0.30 and 0.70, sum=1.03 >= 0.97
[Ticker] KXSOL15M-26APR081530-30
[Market] YES=0.23 | NO=0.78 | Sum=1.01
==================================================
Balance: $116.47 | Regime: CHOP | Session: 0W/0L (0%) | PnL: $+0.00
[Confidence] Score=5/10 | moderate_edge,coinbase_weak,all3_agree,peak_hour
[Timing] Window 9 min old — skipping
[Cycle] No signal — YES=0.23 is between 0.30 and 0.70, sum=1.01 >= 0.97
[Ticker] KXSOL15M-26APR081530-30
[Market] YES=0.32 | NO=0.72 | Sum=1.04
==================================================
Balance: $116.47 | Regime: CHOP | Session: 0W/0L (0%) | PnL: $+0.00
[Cycle] No signal — YES=0.32 is between 0.30 and 0.70, sum=1.04 >= 0.97
[Ticker] KXSOL15M-26APR081530-30
[Market] YES=0.16 | NO=0.88 | Sum=1.04
==================================================
Balance: $116.47 | Regime: CHOP | Session: 0W/0L (0%) | PnL: $+0.00
[Confidence] Score=5/10 | strong_edge,coinbase_weak,2of3_agree,peak_hour
[Timing] Window 11 min old — skipping
[Cycle] No signal — YES=0.16 is between 0.30 and 0.70, sum=1.04 >= 0.97
[Ticker] KXSOL15M-26APR081530-30
[Market] YES=0.02 | NO=0.99 | Sum=1.01
==================================================
Balance: $116.47 | Regime: CHOP | Session: 0W/0L (0%) | PnL: $+0.00
[Confidence] Score=7/10 | extreme_edge,coinbase_weak,all3_agree,peak_hour
[Timing] Window 12 min old — skipping
[Cycle] No signal — YES=0.02 is between 0.30 and 0.70, sum=1.01 >= 0.97
[Ticker] KXSOL15M-26APR081530-30
[Market] YES=0.01 | NO=1.00 | Sum=1.00
==================================================
Balance: $116.47 | Regime: CHOP | Session: 0W/0L (0%) | PnL: $+0.00
[Confidence] Score=6/10 | extreme_edge,coinbase_weak,2of3_agree,peak_hour
[Timing] Window 13 min old — skipping
[Cycle] No signal — YES=0.01 is between 0.30 and 0.70, sum=1.00 >= 0.97
[Ticker] KXSOL15M-26APR081530-30
[Market] YES=0.00 | NO=1.00 | Sum=1.00
==================================================
Balance: $116.47 | Regime: CHOP | Session: 0W/0L (0%) | PnL: $+0.00
[Confidence] Score=7/10 | extreme_edge,coinbase_weak,all3_agree,peak_hour
[Timing] Window 14 min old — skipping
[Cycle] No signal — YES=0.00 is between 0.30 and 0.70, sum=1.00 >= 0.97
[Ticker] KXSOL15M-26APR081545-45
[Market] YES=0.60 | NO=0.45 | Sum=1.05
==================================================
Balance: $116.47 | Regime: CHOP | Session: 0W/0L (0%) | PnL: $+0.00
[Cycle] No signal — YES=0.60 is between 0.30 and 0.70, sum=1.05 >= 0.97
[Ticker] KXSOL15M-26APR081545-45
[Market] YES=0.59 | NO=0.44 | Sum=1.03
==================================================
Balance: $116.47 | Regime: CHOP | Session: 0W/0L (0%) | PnL: $+0.00
[Cycle] No signal — YES=0.59 is between 0.30 and 0.70, sum=1.03 >= 0.97
[Ticker] KXSOL15M-26APR081545-45
[Market] YES=0.67 | NO=0.34 | Sum=1.01
==================================================
Balance: $116.47 | Regime: CHOP | Session: 0W/0L (0%) | PnL: $+0.00
[Cycle] No signal — YES=0.67 is between 0.30 and 0.70, sum=1.01 >= 0.97
[Ticker] KXSOL15M-26APR081545-45
[Market] YES=0.60 | NO=0.43 | Sum=1.03
==================================================
Balance: $116.47 | Regime: CHOP | Session: 0W/0L (0%) | PnL: $+0.00
[Cycle] No signal — YES=0.60 is between 0.30 and 0.70, sum=1.03 >= 0.97
[Ticker] KXSOL15M-26APR081545-45
[Market] YES=0.55 | NO=0.50 | Sum=1.05
==================================================
Balance: $116.47 | Regime: CHOP | Session: 0W/0L (0%) | PnL: $+0.00
[Cycle] No signal — YES=0.55 is between 0.30 and 0.70, sum=1.05 >= 0.97
[Ticker] KXSOL15M-26APR081545-45
[Market] YES=0.56 | NO=0.49 | Sum=1.05
==================================================
Balance: $116.47 | Regime: CHOP | Session: 0W/0L (0%) | PnL: $+0.00
[Cycle] No signal — YES=0.56 is between 0.30 and 0.70, sum=1.05 >= 0.97
[Ticker] KXSOL15M-26APR081545-45
[Market] YES=0.81 | NO=0.23 | Sum=1.04
==================================================
Balance: $116.47 | Regime: CHOP | Session: 0W/0L (0%) | PnL: $+0.00
[Confidence] Score=4/10 | strong_edge,coinbase_weak,peak_hour
[Timing] Window 6 min old — skipping
[Cycle] No signal — YES=0.81 is between 0.30 and 0.70, sum=1.04 >= 0.97
[Ticker] KXSOL15M-26APR081545-45
[Market] YES=0.90 | NO=0.14 | Sum=1.04
==================================================
Balance: $116.47 | Regime: CHOP | Session: 0W/0L (0%) | PnL: $+0.00
[Confidence] Score=4/10 | strong_edge,coinbase_weak,peak_hour
[Timing] Window 7 min old — skipping
[Cycle] No signal — YES=0.90 is between 0.30 and 0.70, sum=1.04 >= 0.97
[Ticker] KXSOL15M-26APR081545-45
[Market] YES=0.86 | NO=0.18 | Sum=1.04
==================================================
Balance: $116.47 | Regime: CHOP | Session: 0W/0L (0%) | PnL: $+0.00
[Confidence] Score=4/10 | strong_edge,coinbase_weak,peak_hour
[Timing] Window 8 min old — skipping
[Cycle] No signal — YES=0.86 is between 0.30 and 0.70, sum=1.04 >= 0.97
[Ticker] KXSOL15M-26APR081545-45
[Market] YES=0.86 | NO=0.18 | Sum=1.04
==================================================
Balance: $116.47 | Regime: CHOP | Session: 0W/0L (0%) | PnL: $+0.00
[Confidence] Score=4/10 | strong_edge,coinbase_weak,peak_hour
[Timing] Window 9 min old — skipping
[Cycle] No signal — YES=0.86 is between 0.30 and 0.70, sum=1.04 >= 0.97
[Ticker] KXSOL15M-26APR081545-45
[Market] YES=0.77 | NO=0.25 | Sum=1.02
==================================================
Balance: $116.47 | Regime: CHOP | Session: 0W/0L (0%) | PnL: $+0.00
[Confidence] Score=3/10 | moderate_edge,coinbase_weak,peak_hour
[Timing] Window 10 min old — skipping
[Cycle] No signal — YES=0.77 is between 0.30 and 0.70, sum=1.02 >= 0.97
[Ticker] KXSOL15M-26APR081545-45
[Market] YES=0.39 | NO=0.66 | Sum=1.05
==================================================
Balance: $116.47 | Regime: CHOP | Session: 0W/0L (0%) | PnL: $+0.00
[Cycle] No signal — YES=0.39 is between 0.30 and 0.70, sum=1.05 >= 0.97
[Ticker] KXSOL15M-26APR081545-45
[Market] YES=0.41 | NO=0.62 | Sum=1.03
==================================================
Balance: $116.47 | Regime: CHOP | Session: 0W/0L (0%) | PnL: $+0.00
[Cycle] No signal — YES=0.41 is between 0.30 and 0.70, sum=1.03 >= 0.97
[Ticker] KXSOL15M-26APR081545-45
[Market] YES=0.75 | NO=0.27 | Sum=1.02
==================================================
Balance: $116.47 | Regime: CHOP | Session: 0W/0L (0%) | PnL: $+0.00
[Confidence] Score=3/10 | moderate_edge,coinbase_weak,peak_hour
[Timing] Window 13 min old — skipping
[Cycle] No signal — YES=0.75 is between 0.30 and 0.70, sum=1.02 >= 0.97
[Ticker] KXSOL15M-26APR081545-45
[Market] YES=1.00 | NO=0.00 | Sum=1.00
==================================================
Balance: $116.47 | Regime: CHOP | Session: 0W/0L (0%) | PnL: $+0.00
[Confidence] Score=5/10 | extreme_edge,coinbase_weak,peak_hour
[Timing] Window 14 min old — skipping
[Cycle] No signal — YES=1.00 is between 0.30 and 0.70, sum=1.00 >= 0.97
[Ticker] KXSOL15M-26APR081600-00
[Market] YES=0.65 | NO=0.36 | Sum=1.01
==================================================
Balance: $116.47 | Regime: CHOP | Session: 0W/0L (0%) | PnL: $+0.00
[Cycle] No signal — YES=0.65 is between 0.30 and 0.70, sum=1.01 >= 0.97
[Ticker] KXSOL15M-26APR081600-00
[Market] YES=0.66 | NO=0.37 | Sum=1.03
==================================================
Balance: $116.47 | Regime: CHOP | Session: 0W/0L (0%) | PnL: $+0.00
[Cycle] No signal — YES=0.66 is between 0.30 and 0.70, sum=1.03 >= 0.97
[Ticker] KXSOL15M-26APR081600-00
[Market] YES=0.69 | NO=0.34 | Sum=1.03
==================================================
Balance: $116.47 | Regime: CHOP | Session: 0W/0L (0%) | PnL: $+0.00
[Cycle] No signal — YES=0.69 is between 0.30 and 0.70, sum=1.03 >= 0.97
[Ticker] KXSOL15M-26APR081600-00
[Market] YES=0.77 | NO=0.27 | Sum=1.04
==================================================
Balance: $116.47 | Regime: CHOP | Session: 0W/0L (0%) | PnL: $+0.00
[Confidence] Score=3/10 | moderate_edge,coinbase_weak,peak_hour
[Signal] UP candidate | yes=0.77 | waiting (1/2)
[Cycle] No signal — YES=0.77 is between 0.30 and 0.70, sum=1.04 >= 0.97
[Ticker] KXSOL15M-26APR081600-00
[Market] YES=0.79 | NO=0.25 | Sum=1.04
==================================================
Balance: $116.47 | Regime: CHOP | Session: 0W/0L (0%) | PnL: $+0.00
[Confidence] Score=3/10 | moderate_edge,coinbase_weak,peak_hour
[Coinbase] Confirms UP | $83 gap=+0 (0.13%)
[Kraken] Divergence 85858.46% — bet trimmed
[Correlation] 2/3 agree UP
[Signal] CONFIRMED UP | yes=0.79 | edge=0.29 | bet=$3.04
[Safety] Balance $116.47 below floor $120.00
🛑 OpenClaw SOL Bot v4.0 halted: Balance $116.47 below floor $120.00

==================================================
OpenClaw SOL Bot v4.0 — LIVE
[Startup] Live balance synced: $116.47
Balance: $116.47 | MaxBet: $11.65 | Threshold: <0.30 or >0.70
==================================================

[Startup] Resting orders cleared
[Ticker] KXSOL15M-26APR081600-00
[Market] YES=0.79 | NO=0.25 | Sum=1.04
==================================================
Balance: $116.47 | Regime: CHOP | Session: 0W/0L (0%) | PnL: $+0.00
[Confidence] Score=3/10 | moderate_edge,coinbase_weak,peak_hour
[Signal] UP candidate | yes=0.79 | waiting (1/2)
[Cycle] No signal — YES=0.79 is between 0.30 and 0.70, sum=1.04 >= 0.97
[Ticker] KXSOL15M-26APR081600-00
[Market] YES=0.78 | NO=0.27 | Sum=1.05
==================================================
Balance: $116.47 | Regime: CHOP | Session: 0W/0L (0%) | PnL: $+0.00
[Confidence] Score=3/10 | moderate_edge,coinbase_weak,peak_hour
[Timing] Window 5 min old — skipping
[Cycle] No signal — YES=0.78 is between 0.30 and 0.70, sum=1.05 >= 0.97
[Ticker] KXSOL15M-26APR081600-00
[Market] YES=0.79 | NO=0.26 | Sum=1.05
==================================================
Balance: $116.47 | Regime: CHOP | Session: 0W/0L (0%) | PnL: $+0.00
[Confidence] Score=3/10 | moderate_edge,coinbase_weak,peak_hour
[Timing] Window 6 min old — skipping
[Cycle] No signal — YES=0.79 is between 0.30 and 0.70, sum=1.05 >= 0.97
[Ticker] KXSOL15M-26APR081600-00
[Market] YES=0.87 | NO=0.17 | Sum=1.04
==================================================
Balance: $116.47 | Regime: CHOP | Session: 0W/0L (0%) | PnL: $+0.00
[Confidence] Score=4/10 | strong_edge,coinbase_weak,peak_hour
[Timing] Window 7 min old — skipping
[Cycle] No signal — YES=0.87 is between 0.30 and 0.70, sum=1.04 >= 0.97
[Ticker] KXSOL15M-26APR081600-00
[Market] YES=0.86 | NO=0.17 | Sum=1.03
==================================================
Balance: $116.47 | Regime: CHOP | Session: 0W/0L (0%) | PnL: $+0.00
[Confidence] Score=4/10 | strong_edge,coinbase_weak,peak_hour
[Timing] Window 8 min old — skipping
[Cycle] No signal — YES=0.86 is between 0.30 and 0.70, sum=1.03 >= 0.97
[Ticker] KXSOL15M-26APR081600-00
[Market] YES=0.87 | NO=0.14 | Sum=1.01
==================================================
Balance: $116.47 | Regime: CHOP | Session: 0W/0L (0%) | PnL: $+0.00
[Confidence] Score=4/10 | strong_edge,coinbase_weak,peak_hour
[Timing] Window 9 min old — skipping
[Cycle] No signal — YES=0.87 is between 0.30 and 0.70, sum=1.01 >= 0.97
[Ticker] KXSOL15M-26APR081600-00
[Market] YES=0.87 | NO=0.15 | Sum=1.02
==================================================
Balance: $116.47 | Regime: CHOP | Session: 0W/0L (0%) | PnL: $+0.00
[Confidence] Score=4/10 | strong_edge,coinbase_weak,peak_hour
[Timing] Window 10 min old — skipping
[Cycle] No signal — YES=0.87 is between 0.30 and 0.70, sum=1.02 >= 0.97
[Ticker] KXSOL15M-26APR081600-00
[Market] YES=0.88 | NO=0.14 | Sum=1.02
==================================================
Balance: $116.47 | Regime: CHOP | Session: 0W/0L (0%) | PnL: $+0.00
[Confidence] Score=4/10 | strong_edge,coinbase_weak,peak_hour
[Timing] Window 11 min old — skipping
[Cycle] No signal — YES=0.88 is between 0.30 and 0.70, sum=1.02 >= 0.97
[Ticker] KXSOL15M-26APR081600-00
[Market] YES=0.95 | NO=0.07 | Sum=1.02
==================================================
Balance: $116.47 | Regime: CHOP | Session: 0W/0L (0%) | PnL: $+0.00
[Confidence] Score=4/10 | strong_edge,coinbase_weak,peak_hour
[Timing] Window 12 min old — skipping
[Cycle] No signal — YES=0.95 is between 0.30 and 0.70, sum=1.02 >= 0.97
[Ticker] KXSOL15M-26APR081600-00
[Market] YES=0.99 | NO=0.01 | Sum=1.00
==================================================
Balance: $116.47 | Regime: CHOP | Session: 0W/0L (0%) | PnL: $+0.00
[Confidence] Score=5/10 | extreme_edge,coinbase_weak,peak_hour
[Timing] Window 13 min old — skipping
[Cycle] No signal — YES=0.99 is between 0.30 and 0.70, sum=1.00 >= 0.97
[Ticker] KXSOL15M-26APR081600-00
[Market] YES=1.00 | NO=0.00 | Sum=1.00
==================================================
Balance: $116.47 | Regime: CHOP | Session: 0W/0L (0%) | PnL: $+0.00
[Confidence] Score=5/10 | extreme_edge,coinbase_weak,peak_hour
[Timing] Window 14 min old — skipping
[Cycle] No signal — YES=1.00 is between 0.30 and 0.70, sum=1.00 >= 0.97
[Ticker] KXSOL15M-26APR081615-15
[Market] YES=0.67 | NO=0.34 | Sum=1.01
==================================================
Balance: $116.47 | Regime: CHOP | Session: 0W/0L (0%) | PnL: $+0.00
[Cycle] No signal — YES=0.67 is between 0.30 and 0.70, sum=1.01 >= 0.97
[Ticker] KXSOL15M-26APR081615-15
[Market] YES=0.70 | NO=0.32 | Sum=1.02
==================================================
Balance: $116.47 | Regime: CHOP | Session: 0W/0L (0%) | PnL: $+0.00
[Cycle] No signal — YES=0.70 is between 0.30 and 0.70, sum=1.02 >= 0.97
[Ticker] KXSOL15M-26APR081615-15
[Market] YES=0.71 | NO=0.32 | Sum=1.03
==================================================
Balance: $116.47 | Regime: CHOP | Session: 0W/0L (0%) | PnL: $+0.00
[Confidence] Score=2/10 | moderate_edge,coinbase_weak
[Signal] UP candidate | yes=0.71 | waiting (1/2)
[Cycle] No signal — YES=0.71 is between 0.30 and 0.70, sum=1.03 >= 0.97
[Ticker] KXSOL15M-26APR081615-15
[Market] YES=0.72 | NO=0.32 | Sum=1.04
==================================================
Balance: $116.47 | Regime: CHOP | Session: 0W/0L (0%) | PnL: $+0.00
[Confidence] Score=2/10 | moderate_edge,coinbase_weak
[Coinbase] Confirms UP | $83 gap=+0 (0.06%)
[Kraken] Divergence 85692.21% — bet trimmed
[Correlation] Markets diverging — bet trimmed
[Signal] CONFIRMED UP | yes=0.72 | edge=0.22 | bet=$1.62
[Safety] Balance $116.47 below floor $120.00
🛑 OpenClaw SOL Bot v4.0 halted: Balance $116.47 below floor $120.00

==================================================
OpenClaw SOL Bot v4.0 — LIVE
[Startup] Live balance synced: $116.47
Balance: $116.47 | MaxBet: $4.37 | Threshold: <0.30 or >0.70
==================================================

[Startup] Resting orders cleared
[Ticker] KXSOL15M-26APR081615-15
[Market] YES=0.81 | NO=0.21 | Sum=1.02
==================================================
Balance: $116.47 | Regime: CHOP | Session: 0W/0L (0%) | PnL: $+0.00
[Confidence] Score=3/10 | strong_edge,coinbase_weak
[Signal] UP candidate | yes=0.81 | waiting (1/2)
[Cycle] No signal — YES=0.81 is between 0.30 and 0.70, sum=1.02 >= 0.97
[Ticker] KXSOL15M-26APR081615-15
[Market] YES=0.81 | NO=0.21 | Sum=1.02
==================================================
Balance: $116.47 | Regime: CHOP | Session: 0W/0L (0%) | PnL: $+0.00
[Confidence] Score=3/10 | strong_edge,coinbase_weak
[Coinbase] Confirms UP | $83 gap=+0 (0.16%)
[Kraken] Divergence 85615.83% — bet trimmed
[Correlation] Markets diverging — bet trimmed
[Signal] CONFIRMED UP | yes=0.81 | edge=0.31 | bet=$1.62
[CorrGuard] 2 bots already fired — skipping to avoid correlated loss
[Cycle] No signal — YES=0.81 is between 0.30 and 0.70, sum=1.02 >= 0.97
[Ticker] KXSOL15M-26APR081615-15
[Market] YES=0.80 | NO=0.23 | Sum=1.03
==================================================
Balance: $116.47 | Regime: CHOP | Session: 0W/0L (0%) | PnL: $+0.00
[Confidence] Score=3/10 | strong_edge,coinbase_weak
[Timing] Window 5 min old — skipping
[Cycle] No signal — YES=0.80 is between 0.30 and 0.70, sum=1.03 >= 0.97
[Ticker] KXSOL15M-26APR081615-15
[Market] YES=0.90 | NO=0.14 | Sum=1.04
==================================================
Balance: $116.47 | Regime: CHOP | Session: 0W/0L (0%) | PnL: $+0.00
[Confidence] Score=4/10 | strong_edge,coinbase_weak,2of3_agree
[Timing] Window 6 min old — skipping
[Cycle] No signal — YES=0.90 is between 0.30 and 0.70, sum=1.04 >= 0.97
[Ticker] KXSOL15M-26APR081615-15
[Market] YES=0.95 | NO=0.07 | Sum=1.02
==================================================
Balance: $116.47 | Regime: CHOP | Session: 0W/0L (0%) | PnL: $+0.00
[Confidence] Score=3/10 | strong_edge,coinbase_weak
[Timing] Window 7 min old — skipping
[Cycle] No signal — YES=0.95 is between 0.30 and 0.70, sum=1.02 >= 0.97
[Ticker] KXSOL15M-26APR081615-15
[Market] YES=0.93 | NO=0.10 | Sum=1.03
==================================================
Balance: $116.47 | Regime: CHOP | Session: 0W/0L (0%) | PnL: $+0.00
[Confidence] Score=3/10 | strong_edge,coinbase_weak
[Timing] Window 8 min old — skipping
[Cycle] No signal — YES=0.93 is between 0.30 and 0.70, sum=1.03 >= 0.97
[Ticker] KXSOL15M-26APR081615-15
[Market] YES=0.87 | NO=0.14 | Sum=1.01
==================================================
Balance: $116.47 | Regime: CHOP | Session: 0W/0L (0%) | PnL: $+0.00
[Confidence] Score=3/10 | strong_edge,coinbase_weak
[Timing] Window 9 min old — skipping
[Cycle] No signal — YES=0.87 is between 0.30 and 0.70, sum=1.01 >= 0.97
[Ticker] KXSOL15M-26APR081615-15
[Market] YES=0.95 | NO=0.08 | Sum=1.03
==================================================
Balance: $116.47 | Regime: CHOP | Session: 0W/0L (0%) | PnL: $+0.00
[Confidence] Score=3/10 | strong_edge,coinbase_weak
[Timing] Window 10 min old — skipping
[Cycle] No signal — YES=0.95 is between 0.30 and 0.70, sum=1.03 >= 0.97
[Ticker] KXSOL15M-26APR081615-15
[Market] YES=0.96 | NO=0.06 | Sum=1.02
==================================================
Balance: $116.47 | Regime: CHOP | Session: 0W/0L (0%) | PnL: $+0.00
[Confidence] Score=4/10 | extreme_edge,coinbase_weak
[Timing] Window 11 min old — skipping
[Cycle] No signal — YES=0.96 is between 0.30 and 0.70, sum=1.02 >= 0.97
[Ticker] KXSOL15M-26APR081615-15
[Market] YES=0.99 | NO=0.01 | Sum=1.00
==================================================
Balance: $116.47 | Regime: CHOP | Session: 0W/0L (0%) | PnL: $+0.00
[Confidence] Score=4/10 | extreme_edge,coinbase_weak
[Timing] Window 12 min old — skipping
[Cycle] No signal — YES=0.99 is between 0.30 and 0.70, sum=1.00 >= 0.97
[Ticker] KXSOL15M-26APR081615-15
[Market] YES=1.00 | NO=0.00 | Sum=1.00
==================================================
Balance: $116.47 | Regime: CHOP | Session: 0W/0L (0%) | PnL: $+0.00
[Confidence] Score=4/10 | extreme_edge,coinbase_weak
[Timing] Window 13 min old — skipping
[Cycle] No signal — YES=1.00 is between 0.30 and 0.70, sum=1.00 >= 0.97
[Ticker] KXSOL15M-26APR081615-15
[Market] YES=1.00 | NO=0.00 | Sum=1.00
==================================================
Balance: $116.47 | Regime: CHOP | Session: 0W/0L (0%) | PnL: $+0.00
[Confidence] Score=4/10 | extreme_edge,coinbase_weak
[Timing] Window 14 min old — skipping
[Cycle] No signal — YES=1.00 is between 0.30 and 0.70, sum=1.00 >= 0.97
[Ticker] KXSOL15M-26APR081630-30
[Market] YES=0.61 | NO=0.42 | Sum=1.03
==================================================
Balance: $116.47 | Regime: CHOP | Session: 0W/0L (0%) | PnL: $+0.00
[Cycle] No signal — YES=0.61 is between 0.30 and 0.70, sum=1.03 >= 0.97
[Ticker] KXSOL15M-26APR081630-30
[Market] YES=0.61 | NO=0.40 | Sum=1.01
==================================================
Balance: $116.47 | Regime: CHOP | Session: 0W/0L (0%) | PnL: $+0.00
[Cycle] No signal — YES=0.61 is between 0.30 and 0.70, sum=1.01 >= 0.97
[Ticker] KXSOL15M-26APR081630-30
[Market] YES=0.57 | NO=0.47 | Sum=1.04
==================================================
Balance: $116.47 | Regime: CHOP | Session: 0W/0L (0%) | PnL: $+0.00
[Cycle] No signal — YES=0.57 is between 0.30 and 0.70, sum=1.04 >= 0.97
[Ticker] KXSOL15M-26APR081630-30
[Market] YES=0.72 | NO=0.29 | Sum=1.01
==================================================
Balance: $116.47 | Regime: CHOP | Session: 0W/0L (0%) | PnL: $+0.00
[Confidence] Score=3/10 | moderate_edge,coinbase_weak,2of3_agree
[Signal] UP candidate | yes=0.72 | waiting (1/2)
[Cycle] No signal — YES=0.72 is between 0.30 and 0.70, sum=1.01 >= 0.97
[Ticker] KXSOL15M-26APR081630-30
[Market] YES=0.73 | NO=0.28 | Sum=1.01
==================================================
Balance: $116.47 | Regime: CHOP | Session: 0W/0L (0%) | PnL: $+0.00
[Confidence] Score=2/10 | moderate_edge,coinbase_weak
[Coinbase] Confirms UP | $83 gap=+0 (0.08%)
[Kraken] Divergence 85670.68% — bet trimmed
[Correlation] Markets diverging — bet trimmed
[Signal] CONFIRMED UP | yes=0.73 | edge=0.23 | bet=$1.62
[Safety] Balance $116.47 below floor $120.00
🛑 OpenClaw SOL Bot v4.0 halted: Balance $116.47 below floor $120.00

==================================================
OpenClaw SOL Bot v4.0 — LIVE
[Startup] Live balance synced: $116.47
Balance: $116.47 | MaxBet: $4.37 | Threshold: <0.30 or >0.70
==================================================

[Startup] Resting orders cleared
[Ticker] KXSOL15M-26APR081630-30
[Market] YES=0.72 | NO=0.33 | Sum=1.05
==================================================
Balance: $116.47 | Regime: CHOP | Session: 0W/0L (0%) | PnL: $+0.00
[Confidence] Score=2/10 | moderate_edge,coinbase_weak
[Timing] Window 5 min old — skipping
[Cycle] No signal — YES=0.72 is between 0.30 and 0.70, sum=1.05 >= 0.97
[Ticker] KXSOL15M-26APR081630-30
[Market] YES=0.68 | NO=0.37 | Sum=1.05
==================================================
Balance: $116.47 | Regime: CHOP | Session: 0W/0L (0%) | PnL: $+0.00
[Cycle] No signal — YES=0.68 is between 0.30 and 0.70, sum=1.05 >= 0.97
[Ticker] KXSOL15M-26APR081630-30
[Market] YES=0.66 | NO=0.39 | Sum=1.05
==================================================
Balance: $116.47 | Regime: CHOP | Session: 0W/0L (0%) | PnL: $+0.00
[Cycle] No signal — YES=0.66 is between 0.30 and 0.70, sum=1.05 >= 0.97
[Ticker] KXSOL15M-26APR081630-30
[Market] YES=0.53 | NO=0.51 | Sum=1.04
==================================================
Balance: $116.47 | Regime: CHOP | Session: 0W/0L (0%) | PnL: $+0.00
[Cycle] No signal — YES=0.53 is between 0.30 and 0.70, sum=1.04 >= 0.97
[Ticker] KXSOL15M-26APR081630-30
[Market] YES=0.51 | NO=0.54 | Sum=1.05
==================================================
Balance: $116.47 | Regime: CHOP | Session: 0W/0L (0%) | PnL: $+0.00
[Cycle] No signal — YES=0.51 is between 0.30 and 0.70, sum=1.05 >= 0.97
[Ticker] KXSOL15M-26APR081630-30
[Market] YES=0.62 | NO=0.43 | Sum=1.05
==================================================
Balance: $116.47 | Regime: CHOP | Session: 0W/0L (0%) | PnL: $+0.00
[Cycle] No signal — YES=0.62 is between 0.30 and 0.70, sum=1.05 >= 0.97
[Ticker] KXSOL15M-26APR081630-30
[Market] YES=0.66 | NO=0.38 | Sum=1.04
==================================================
Balance: $116.47 | Regime: CHOP | Session: 0W/0L (0%) | PnL: $+0.00
[Cycle] No signal — YES=0.66 is between 0.30 and 0.70, sum=1.04 >= 0.97
[Ticker] KXSOL15M-26APR081630-30
[Market] YES=0.62 | NO=0.43 | Sum=1.05
==================================================
Balance: $116.47 | Regime: CHOP | Session: 0W/0L (0%) | PnL: $+0.00
[Cycle] No signal — YES=0.62 is between 0.30 and 0.70, sum=1.05 >= 0.97
[Ticker] KXSOL15M-26APR081630-30
[Market] YES=0.61 | NO=0.44 | Sum=1.05
==================================================
Balance: $116.47 | Regime: CHOP | Session: 0W/0L (0%) | PnL: $+0.00
[Cycle] No signal — YES=0.61 is between 0.30 and 0.70, sum=1.05 >= 0.97
[Ticker] KXSOL15M-26APR081630-30
[Market] YES=0.97 | NO=0.20 | Sum=1.18
==================================================
Balance: $116.47 | Regime: CHOP | Session: 0W/0L (0%) | PnL: $+0.00
[Confidence] Score=3/10 | extreme_edge
[Timing] Window 14 min old — skipping
[Cycle] No signal — YES=0.97 is between 0.30 and 0.70, sum=1.18 >= 0.97
[Ticker] KXSOL15M-26APR081630-30
[Market] YES=1.00 | NO=0.00 | Sum=1.00
==================================================
Balance: $116.47 | Regime: CHOP | Session: 0W/0L (0%) | PnL: $+0.00
[Confidence] Score=3/10 | extreme_edge
[Timing] Window 0 min old — skipping
[Cycle] No signal — YES=1.00 is between 0.30 and 0.70, sum=1.00 >= 0.97
[Ticker] KXSOL15M-26APR081645-45
[Market] YES=0.42 | NO=0.61 | Sum=1.03
==================================================
Balance: $116.47 | Regime: CHOP | Session: 0W/0L (0%) | PnL: $+0.00
[Cycle] No signal — YES=0.42 is between 0.30 and 0.70, sum=1.03 >= 0.97
[Ticker] KXSOL15M-26APR081645-45
[Market] YES=0.55 | NO=0.46 | Sum=1.01
==================================================
Balance: $116.47 | Regime: CHOP | Session: 0W/0L (0%) | PnL: $+0.00
[Cycle] No signal — YES=0.55 is between 0.30 and 0.70, sum=1.01 >= 0.97
[Ticker] KXSOL15M-26APR081645-45
[Market] YES=0.66 | NO=0.38 | Sum=1.04
==================================================
Balance: $116.47 | Regime: CHOP | Session: 0W/0L (0%) | PnL: $+0.00
[Cycle] No signal — YES=0.66 is between 0.30 and 0.70, sum=1.04 >= 0.97
[Ticker] KXSOL15M-26APR081645-45
[Market] YES=0.52 | NO=0.50 | Sum=1.02
==================================================
Balance: $116.47 | Regime: CHOP | Session: 0W/0L (0%) | PnL: $+0.00
[Cycle] No signal — YES=0.52 is between 0.30 and 0.70, sum=1.02 >= 0.97
[Ticker] KXSOL15M-26APR081645-45
[Market] YES=0.48 | NO=0.55 | Sum=1.03
==================================================
Balance: $116.47 | Regime: CHOP | Session: 0W/0L (0%) | PnL: $+0.00
[Cycle] No signal — YES=0.48 is between 0.30 and 0.70, sum=1.03 >= 0.97
[Ticker] KXSOL15M-26APR081645-45
[Market] YES=0.39 | NO=0.64 | Sum=1.03
==================================================
Balance: $116.47 | Regime: CHOP | Session: 0W/0L (0%) | PnL: $+0.00
[Cycle] No signal — YES=0.39 is between 0.30 and 0.70, sum=1.03 >= 0.97
[Ticker] KXSOL15M-26APR081645-45
[Market] YES=0.11 | NO=0.92 | Sum=1.03
==================================================
Balance: $116.47 | Regime: CHOP | Session: 0W/0L (0%) | PnL: $+0.00
[Confidence] Score=5/10 | strong_edge,coinbase_weak,all3_agree
[Timing] Window 7 min old — skipping
[Cycle] No signal — YES=0.11 is between 0.30 and 0.70, sum=1.03 >= 0.97
[Ticker] KXSOL15M-26APR081645-45
[Market] YES=0.06 | NO=0.97 | Sum=1.03
==================================================
Balance: $116.47 | Regime: CHOP | Session: 0W/0L (0%) | PnL: $+0.00
[Confidence] Score=5/10 | strong_edge,coinbase_weak,all3_agree
[Timing] Window 8 min old — skipping
[Cycle] No signal — YES=0.06 is between 0.30 and 0.70, sum=1.03 >= 0.97
[Ticker] KXSOL15M-26APR081645-45
[Market] YES=0.05 | NO=0.96 | Sum=1.01
==================================================
Balance: $116.47 | Regime: CHOP | Session: 0W/0L (0%) | PnL: $+0.00
[Confidence] Score=4/10 | strong_edge,coinbase_weak,2of3_agree
[Timing] Window 9 min old — skipping
[Cycle] No signal — YES=0.05 is between 0.30 and 0.70, sum=1.01 >= 0.97
[Ticker] KXSOL15M-26APR081645-45
[Market] YES=0.05 | NO=0.96 | Sum=1.01
==================================================
Balance: $116.47 | Regime: CHOP | Session: 0W/0L (0%) | PnL: $+0.00
[Confidence] Score=6/10 | extreme_edge,coinbase_weak,all3_agree
[Timing] Window 10 min old — skipping
[Cycle] No signal — YES=0.05 is between 0.30 and 0.70, sum=1.01 >= 0.97
[Ticker] KXSOL15M-26APR081645-45
[Market] YES=0.02 | NO=0.99 | Sum=1.01
==================================================
Balance: $116.47 | Regime: CHOP | Session: 0W/0L (0%) | PnL: $+0.00
[Confidence] Score=5/10 | extreme_edge,coinbase_weak,2of3_agree
[Timing] Window 11 min old — skipping
[Cycle] No signal — YES=0.02 is between 0.30 and 0.70, sum=1.01 >= 0.97
[Ticker] KXSOL15M-26APR081645-45
[Market] YES=0.02 | NO=0.99 | Sum=1.01
==================================================
Balance: $116.47 | Regime: CHOP | Session: 0W/0L (0%) | PnL: $+0.00
[Confidence] Score=5/10 | extreme_edge,coinbase_weak,2of3_agree
[Timing] Window 12 min old — skipping
[Cycle] No signal — YES=0.02 is between 0.30 and 0.70, sum=1.01 >= 0.97
[Ticker] KXSOL15M-26APR081645-45
[Market] YES=0.02 | NO=0.99 | Sum=1.01
==================================================
Balance: $116.47 | Regime: CHOP | Session: 0W/0L (0%) | PnL: $+0.00
[Confidence] Score=6/10 | extreme_edge,coinbase_weak,all3_agree
[Timing] Window 13 min old — skipping
[Cycle] No signal — YES=0.02 is between 0.30 and 0.70, sum=1.01 >= 0.97
[Ticker] KXSOL15M-26APR081645-45
[Market] YES=0.00 | NO=1.00 | Sum=1.00
==================================================
Balance: $116.47 | Regime: CHOP | Session: 0W/0L (0%) | PnL: $+0.00
[Confidence] Score=6/10 | extreme_edge,coinbase_weak,all3_agree
[Timing] Window 14 min old — skipping
[Cycle] No signal — YES=0.00 is between 0.30 and 0.70, sum=1.00 >= 0.97
[Ticker] KXSOL15M-26APR081645-45
[Market] YES=0.00 | NO=1.00 | Sum=1.00
==================================================
Balance: $116.47 | Regime: CHOP | Session: 0W/0L (0%) | PnL: $+0.00
[Confidence] Score=6/10 | extreme_edge,coinbase_weak,all3_agree
[Timing] Window 0 min old — skipping
[Cycle] No signal — YES=0.00 is between 0.30 and 0.70, sum=1.00 >= 0.97
[Ticker] KXSOL15M-26APR081700-00
[Market] YES=0.48 | NO=0.55 | Sum=1.03
==================================================
Balance: $116.47 | Regime: CHOP | Session: 0W/0L (0%) | PnL: $+0.00
[Cycle] No signal — YES=0.48 is between 0.30 and 0.70, sum=1.03 >= 0.97
[Ticker] KXSOL15M-26APR081700-00
[Market] YES=0.47 | NO=0.58 | Sum=1.05
==================================================
Balance: $116.47 | Regime: CHOP | Session: 0W/0L (0%) | PnL: $+0.00
[Cycle] No signal — YES=0.47 is between 0.30 and 0.70, sum=1.05 >= 0.97
[Ticker] KXSOL15M-26APR081700-00
[Market] YES=0.50 | NO=0.53 | Sum=1.03
==================================================
Balance: $116.47 | Regime: CHOP | Session: 0W/0L (0%) | PnL: $+0.00
[Cycle] No signal — YES=0.50 is between 0.30 and 0.70, sum=1.03 >= 0.97
[Ticker] KXSOL15M-26APR081700-00
[Market] YES=0.62 | NO=0.43 | Sum=1.05
==================================================
Balance: $116.47 | Regime: CHOP | Session: 0W/0L (0%) | PnL: $+0.00
[Cycle] No signal — YES=0.62 is between 0.30 and 0.70, sum=1.05 >= 0.97
[Ticker] KXSOL15M-26APR081700-00
[Market] YES=0.70 | NO=0.35 | Sum=1.05
==================================================
Balance: $116.47 | Regime: CHOP | Session: 0W/0L (0%) | PnL: $+0.00
[Cycle] No signal — YES=0.70 is between 0.30 and 0.70, sum=1.05 >= 0.97
[Ticker] KXSOL15M-26APR081700-00
[Market] YES=0.83 | NO=0.19 | Sum=1.02
==================================================
Balance: $116.47 | Regime: CHOP | Session: 0W/0L (0%) | PnL: $+0.00
[Confidence] Score=3/10 | strong_edge,coinbase_weak
[Timing] Window 6 min old — skipping
[Cycle] No signal — YES=0.83 is between 0.30 and 0.70, sum=1.02 >= 0.97
[Ticker] KXSOL15M-26APR081700-00
[Market] YES=0.76 | NO=0.29 | Sum=1.05
==================================================
Balance: $116.47 | Regime: CHOP | Session: 0W/0L (0%) | PnL: $+0.00
[Confidence] Score=2/10 | moderate_edge,coinbase_weak
[Timing] Window 7 min old — skipping
[Cycle] No signal — YES=0.76 is between 0.30 and 0.70, sum=1.05 >= 0.97
[Ticker] KXSOL15M-26APR081700-00
[Market] YES=0.75 | NO=0.26 | Sum=1.01
==================================================
Balance: $116.47 | Regime: CHOP | Session: 0W/0L (0%) | PnL: $+0.00
[Confidence] Score=2/10 | moderate_edge,coinbase_weak
[Timing] Window 8 min old — skipping
[Cycle] No signal — YES=0.75 is between 0.30 and 0.70, sum=1.01 >= 0.97
[Ticker] KXSOL15M-26APR081700-00
[Market] YES=0.90 | NO=0.11 | Sum=1.01
==================================================
Balance: $116.47 | Regime: CHOP | Session: 0W/0L (0%) | PnL: $+0.00
[Confidence] Score=3/10 | strong_edge,coinbase_weak
[Timing] Window 9 min old — skipping
[Cycle] No signal — YES=0.90 is between 0.30 and 0.70, sum=1.01 >= 0.97
[Ticker] KXSOL15M-26APR081700-00
[Market] YES=0.96 | NO=0.06 | Sum=1.02
==================================================
Balance: $116.47 | Regime: CHOP | Session: 0W/0L (0%) | PnL: $+0.00
[Confidence] Score=4/10 | extreme_edge,coinbase_weak
[Timing] Window 10 min old — skipping
[Cycle] No signal — YES=0.96 is between 0.30 and 0.70, sum=1.02 >= 0.97
[Ticker] KXSOL15M-26APR081700-00
[Market] YES=0.98 | NO=0.03 | Sum=1.01
==================================================
Balance: $116.47 | Regime: CHOP | Session: 0W/0L (0%) | PnL: $+0.00
[Confidence] Score=4/10 | extreme_edge,coinbase_weak
[Timing] Window 11 min old — skipping
[Cycle] No signal — YES=0.98 is between 0.30 and 0.70, sum=1.01 >= 0.97
[Ticker] KXSOL15M-26APR081700-00
[Market] YES=0.99 | NO=0.03 | Sum=1.02
==================================================
Balance: $116.47 | Regime: CHOP | Session: 0W/0L (0%) | PnL: $+0.00
[Confidence] Score=4/10 | extreme_edge,coinbase_weak
[Timing] Window 12 min old — skipping
[Cycle] No signal — YES=0.99 is between 0.30 and 0.70, sum=1.02 >= 0.97
[Ticker] KXSOL15M-26APR081700-00
[Market] YES=1.00 | NO=0.01 | Sum=1.00
==================================================
Balance: $116.47 | Regime: CHOP | Session: 0W/0L (0%) | PnL: $+0.00
[Confidence] Score=4/10 | extreme_edge,coinbase_weak
[Timing] Window 13 min old — skipping
[Cycle] No signal — YES=1.00 is between 0.30 and 0.70, sum=1.00 >= 0.97
[Ticker] KXSOL15M-26APR081700-00
[Market] YES=1.00 | NO=0.00 | Sum=1.00
==================================================
Balance: $116.47 | Regime: CHOP | Session: 0W/0L (0%) | PnL: $+0.00
[Confidence] Score=4/10 | extreme_edge,coinbase_weak
[Timing] Window 14 min old — skipping
[Cycle] No signal — YES=1.00 is between 0.30 and 0.70, sum=1.00 >= 0.97
[Ticker] KXSOL15M-26APR081700-00
[Market] YES=1.00 | NO=0.00 | Sum=1.00
==================================================
Balance: $116.47 | Regime: CHOP | Session: 0W/0L (0%) | PnL: $+0.00
[Confidence] Score=5/10 | extreme_edge,coinbase_weak,peak_hour
[Timing] Window 0 min old — skipping
[Cycle] No signal — YES=1.00 is between 0.30 and 0.70, sum=1.00 >= 0.97
[Ticker] KXSOL15M-26APR081715-15
[Market] YES=0.49 | NO=0.53 | Sum=1.02
==================================================
Balance: $116.47 | Regime: CHOP | Session: 0W/0L (0%) | PnL: $+0.00
[Cycle] No signal — YES=0.49 is between 0.30 and 0.70, sum=1.02 >= 0.97
[Ticker] KXSOL15M-26APR081715-15
[Market] YES=0.50 | NO=0.54 | Sum=1.04
==================================================
Balance: $116.47 | Regime: CHOP | Session: 0W/0L (0%) | PnL: $+0.00
[Cycle] No signal — YES=0.50 is between 0.30 and 0.70, sum=1.04 >= 0.97
[Ticker] KXSOL15M-26APR081715-15
[Market] YES=0.48 | NO=0.54 | Sum=1.02
==================================================
Balance: $116.47 | Regime: CHOP | Session: 0W/0L (0%) | PnL: $+0.00
[Cycle] No signal — YES=0.48 is between 0.30 and 0.70, sum=1.02 >= 0.97
[Ticker] KXSOL15M-26APR081715-15
[Market] YES=0.46 | NO=0.59 | Sum=1.05
==================================================
Balance: $116.47 | Regime: CHOP | Session: 0W/0L (0%) | PnL: $+0.00
[Cycle] No signal — YES=0.46 is between 0.30 and 0.70, sum=1.05 >= 0.97
[Ticker] KXSOL15M-26APR081715-15
[Market] YES=0.35 | NO=0.67 | Sum=1.02
==================================================
Balance: $116.47 | Regime: CHOP | Session: 0W/0L (0%) | PnL: $+0.00
[Cycle] No signal — YES=0.35 is between 0.30 and 0.70, sum=1.02 >= 0.97
[Ticker] KXSOL15M-26APR081715-15
[Market] YES=0.36 | NO=0.69 | Sum=1.05
==================================================
Balance: $116.47 | Regime: CHOP | Session: 0W/0L (0%) | PnL: $+0.00
[Cycle] No signal — YES=0.36 is between 0.30 and 0.70, sum=1.05 >= 0.97
[Ticker] KXSOL15M-26APR081715-15
[Market] YES=0.56 | NO=0.45 | Sum=1.01
==================================================
Balance: $116.47 | Regime: CHOP | Session: 0W/0L (0%) | PnL: $+0.00
[Cycle] No signal — YES=0.56 is between 0.30 and 0.70, sum=1.01 >= 0.97
[Ticker] KXSOL15M-26APR081715-15
[Market] YES=0.79 | NO=0.26 | Sum=1.05
==================================================
Balance: $116.47 | Regime: CHOP | Session: 0W/0L (0%) | PnL: $+0.00
[Confidence] Score=3/10 | moderate_edge,coinbase_weak,peak_hour
[Timing] Window 8 min old — skipping
[Cycle] No signal — YES=0.79 is between 0.30 and 0.70, sum=1.05 >= 0.97
[Ticker] KXSOL15M-26APR081715-15
[Market] YES=0.79 | NO=0.25 | Sum=1.04
==================================================
Balance: $116.47 | Regime: CHOP | Session: 0W/0L (0%) | PnL: $+0.00
[Confidence] Score=3/10 | moderate_edge,coinbase_weak,peak_hour
[Timing] Window 9 min old — skipping
[Cycle] No signal — YES=0.79 is between 0.30 and 0.70, sum=1.04 >= 0.97
[Ticker] KXSOL15M-26APR081715-15
[Market] YES=0.85 | NO=0.19 | Sum=1.04
==================================================
Balance: $116.47 | Regime: CHOP | Session: 0W/0L (0%) | PnL: $+0.00
[Confidence] Score=4/10 | strong_edge,coinbase_weak,peak_hour
[Timing] Window 10 min old — skipping
[Cycle] No signal — YES=0.85 is between 0.30 and 0.70, sum=1.04 >= 0.97
[Ticker] KXSOL15M-26APR081715-15
[Market] YES=0.98 | NO=0.03 | Sum=1.01
==================================================
Balance: $116.47 | Regime: CHOP | Session: 0W/0L (0%) | PnL: $+0.00
[Confidence] Score=5/10 | extreme_edge,coinbase_weak,peak_hour
[Timing] Window 11 min old — skipping
[Cycle] No signal — YES=0.98 is between 0.30 and 0.70, sum=1.01 >= 0.97
[Ticker] KXSOL15M-26APR081715-15
[Market] YES=1.00 | NO=0.01 | Sum=1.00
==================================================
Balance: $116.47 | Regime: CHOP | Session: 0W/0L (0%) | PnL: $+0.00
[Confidence] Score=5/10 | extreme_edge,coinbase_weak,peak_hour
[Timing] Window 12 min old — skipping
[Cycle] No signal — YES=1.00 is between 0.30 and 0.70, sum=1.00 >= 0.97
[Ticker] KXSOL15M-26APR081715-15
[Market] YES=1.00 | NO=0.00 | Sum=1.00
==================================================
Balance: $116.47 | Regime: CHOP | Session: 0W/0L (0%) | PnL: $+0.00
[Confidence] Score=5/10 | extreme_edge,coinbase_weak,peak_hour
[Timing] Window 13 min old — skipping
[Cycle] No signal — YES=1.00 is between 0.30 and 0.70, sum=1.00 >= 0.97
[Ticker] KXSOL15M-26APR081715-15
[Market] YES=1.00 | NO=0.00 | Sum=1.00
==================================================
Balance: $116.47 | Regime: CHOP | Session: 0W/0L (0%) | PnL: $+0.00
[Confidence] Score=5/10 | extreme_edge,coinbase_weak,peak_hour
[Timing] Window 14 min old — skipping
[Cycle] No signal — YES=1.00 is between 0.30 and 0.70, sum=1.00 >= 0.97
[Ticker] KXSOL15M-26APR081715-15
[Market] YES=1.00 | NO=0.00 | Sum=1.00
==================================================
Balance: $116.47 | Regime: CHOP | Session: 0W/0L (0%) | PnL: $+0.00
[Confidence] Score=5/10 | extreme_edge,coinbase_weak,peak_hour
[Timing] Window 0 min old — skipping
[Cycle] No signal — YES=1.00 is between 0.30 and 0.70, sum=1.00 >= 0.97
[Ticker] KXSOL15M-26APR081730-30
[Market] YES=0.50 | NO=0.52 | Sum=1.02
==================================================
Balance: $116.47 | Regime: CHOP | Session: 0W/0L (0%) | PnL: $+0.00
[Cycle] No signal — YES=0.50 is between 0.30 and 0.70, sum=1.02 >= 0.97
[Ticker] KXSOL15M-26APR081730-30
[Market] YES=0.50 | NO=0.52 | Sum=1.02
==================================================
Balance: $116.47 | Regime: CHOP | Session: 0W/0L (0%) | PnL: $+0.00
[Cycle] No signal — YES=0.50 is between 0.30 and 0.70, sum=1.02 >= 0.97
[Ticker] KXSOL15M-26APR081730-30
[Market] YES=0.57 | NO=0.48 | Sum=1.05
==================================================
Balance: $116.47 | Regime: CHOP | Session: 0W/0L (0%) | PnL: $+0.00
[Cycle] No signal — YES=0.57 is between 0.30 and 0.70, sum=1.05 >= 0.97
[Ticker] KXSOL15M-26APR081730-30
[Market] YES=0.50 | NO=0.54 | Sum=1.04
==================================================
Balance: $116.47 | Regime: CHOP | Session: 0W/0L (0%) | PnL: $+0.00
[Cycle] No signal — YES=0.50 is between 0.30 and 0.70, sum=1.04 >= 0.97
[Ticker] KXSOL15M-26APR081730-30
[Market] YES=0.50 | NO=0.53 | Sum=1.03
==================================================
Balance: $116.47 | Regime: CHOP | Session: 0W/0L (0%) | PnL: $+0.00
[Cycle] No signal — YES=0.50 is between 0.30 and 0.70, sum=1.03 >= 0.97
[Ticker] KXSOL15M-26APR081730-30
[Market] YES=0.58 | NO=0.47 | Sum=1.05
==================================================
Balance: $116.47 | Regime: CHOP | Session: 0W/0L (0%) | PnL: $+0.00
[Cycle] No signal — YES=0.58 is between 0.30 and 0.70, sum=1.05 >= 0.97
[Ticker] KXSOL15M-26APR081730-30
[Market] YES=0.65 | NO=0.40 | Sum=1.05
==================================================
Balance: $116.47 | Regime: CHOP | Session: 0W/0L (0%) | PnL: $+0.00
[Cycle] No signal — YES=0.65 is between 0.30 and 0.70, sum=1.05 >= 0.97
[Ticker] KXSOL15M-26APR081730-30
[Market] YES=0.59 | NO=0.44 | Sum=1.03
==================================================
Balance: $116.47 | Regime: CHOP | Session: 0W/0L (0%) | PnL: $+0.00
[Cycle] No signal — YES=0.59 is between 0.30 and 0.70, sum=1.03 >= 0.97
[Ticker] KXSOL15M-26APR081730-30
[Market] YES=0.71 | NO=0.34 | Sum=1.05
==================================================
Balance: $116.47 | Regime: CHOP | Session: 0W/0L (0%) | PnL: $+0.00
[Confidence] Score=3/10 | moderate_edge,coinbase_weak,peak_hour
[Timing] Window 9 min old — skipping
[Cycle] No signal — YES=0.71 is between 0.30 and 0.70, sum=1.05 >= 0.97
[Ticker] KXSOL15M-26APR081730-30
[Market] YES=0.59 | NO=0.44 | Sum=1.03
==================================================
Balance: $116.47 | Regime: CHOP | Session: 0W/0L (0%) | PnL: $+0.00
[Cycle] No signal — YES=0.59 is between 0.30 and 0.70, sum=1.03 >= 0.97
[Ticker] KXSOL15M-26APR081730-30
[Market] YES=0.68 | NO=0.37 | Sum=1.05
==================================================
Balance: $116.47 | Regime: CHOP | Session: 0W/0L (0%) | PnL: $+0.00
[Cycle] No signal — YES=0.68 is between 0.30 and 0.70, sum=1.05 >= 0.97
[Ticker] KXSOL15M-26APR081730-30
[Market] YES=0.86 | NO=0.18 | Sum=1.04
==================================================
Balance: $116.47 | Regime: CHOP | Session: 0W/0L (0%) | PnL: $+0.00
[Confidence] Score=4/10 | strong_edge,coinbase_weak,peak_hour
[Timing] Window 12 min old — skipping
[Cycle] No signal — YES=0.86 is between 0.30 and 0.70, sum=1.04 >= 0.97
[Ticker] KXSOL15M-26APR081730-30
[Market] YES=1.00 | NO=0.01 | Sum=1.01
==================================================
Balance: $116.47 | Regime: CHOP | Session: 0W/0L (0%) | PnL: $+0.00
[Confidence] Score=5/10 | extreme_edge,coinbase_weak,peak_hour
[Timing] Window 13 min old — skipping
[Cycle] No signal — YES=1.00 is between 0.30 and 0.70, sum=1.01 >= 0.97
[Ticker] KXSOL15M-26APR081730-30
[Market] YES=1.00 | NO=0.00 | Sum=1.00
==================================================
Balance: $116.47 | Regime: CHOP | Session: 0W/0L (0%) | PnL: $+0.00
[Confidence] Score=5/10 | extreme_edge,coinbase_weak,peak_hour
[Timing] Window 14 min old — skipping
[Cycle] No signal — YES=1.00 is between 0.30 and 0.70, sum=1.00 >= 0.97
[Ticker] KXSOL15M-26APR081730-30
[Market] YES=1.00 | NO=0.00 | Sum=1.00
==================================================
Balance: $116.47 | Regime: CHOP | Session: 0W/0L (0%) | PnL: $+0.00
[Confidence] Score=5/10 | extreme_edge,coinbase_weak,peak_hour
[Timing] Window 0 min old — skipping
[Cycle] No signal — YES=1.00 is between 0.30 and 0.70, sum=1.00 >= 0.97
[Ticker] KXSOL15M-26APR081745-45
[Market] YES=0.38 | NO=0.66 | Sum=1.04
==================================================
Balance: $116.47 | Regime: CHOP | Session: 0W/0L (0%) | PnL: $+0.00
[Cycle] No signal — YES=0.38 is between 0.30 and 0.70, sum=1.04 >= 0.97
[Ticker] KXSOL15M-26APR081745-45
[Market] YES=0.41 | NO=0.64 | Sum=1.05
==================================================
Balance: $116.47 | Regime: CHOP | Session: 0W/0L (0%) | PnL: $+0.00
[Cycle] No signal — YES=0.41 is between 0.30 and 0.70, sum=1.05 >= 0.97
[Ticker] KXSOL15M-26APR081745-45
[Market] YES=0.43 | NO=0.62 | Sum=1.05
==================================================
Balance: $116.47 | Regime: CHOP | Session: 0W/0L (0%) | PnL: $+0.00
[Cycle] No signal — YES=0.43 is between 0.30 and 0.70, sum=1.05 >= 0.97
[Ticker] KXSOL15M-26APR081745-45
[Market] YES=0.22 | NO=0.80 | Sum=1.02
==================================================
Balance: $116.47 | Regime: CHOP | Session: 0W/0L (0%) | PnL: $+0.00
[Confidence] Score=5/10 | moderate_edge,coinbase_weak,all3_agree,peak_hour
[Signal] DOWN candidate | yes=0.22 | waiting (1/2)
[Cycle] No signal — YES=0.22 is between 0.30 and 0.70, sum=1.02 >= 0.97
[Ticker] KXSOL15M-26APR081745-45
[Market] YES=0.12 | NO=0.89 | Sum=1.01
==================================================
Balance: $116.47 | Regime: CHOP | Session: 0W/0L (0%) | PnL: $+0.00
[Confidence] Score=6/10 | strong_edge,coinbase_weak,all3_agree,peak_hour
[Timing] Window 5 min old — skipping
[Cycle] No signal — YES=0.12 is between 0.30 and 0.70, sum=1.01 >= 0.97
[Ticker] KXSOL15M-26APR081745-45
[Market] YES=0.25 | NO=0.79 | Sum=1.04
==================================================
Balance: $116.47 | Regime: CHOP | Session: 0W/0L (0%) | PnL: $+0.00
[Confidence] Score=5/10 | moderate_edge,coinbase_weak,all3_agree,peak_hour
[Timing] Window 6 min old — skipping
[Cycle] No signal — YES=0.25 is between 0.30 and 0.70, sum=1.04 >= 0.97
[Ticker] KXSOL15M-26APR081745-45
[Market] YES=0.20 | NO=0.82 | Sum=1.02
==================================================
Balance: $116.47 | Regime: CHOP | Session: 0W/0L (0%) | PnL: $+0.00
[Confidence] Score=6/10 | strong_edge,coinbase_weak,all3_agree,peak_hour
[Timing] Window 7 min old — skipping
[Cycle] No signal — YES=0.20 is between 0.30 and 0.70, sum=1.02 >= 0.97
[Ticker] KXSOL15M-26APR081745-45
[Market] YES=0.39 | NO=0.66 | Sum=1.05
==================================================
Balance: $116.47 | Regime: CHOP | Session: 0W/0L (0%) | PnL: $+0.00
[Cycle] No signal — YES=0.39 is between 0.30 and 0.70, sum=1.05 >= 0.97
[Ticker] KXSOL15M-26APR081745-45
[Market] YES=0.47 | NO=0.55 | Sum=1.02
==================================================
Balance: $116.47 | Regime: CHOP | Session: 0W/0L (0%) | PnL: $+0.00
[Cycle] No signal — YES=0.47 is between 0.30 and 0.70, sum=1.02 >= 0.97
[Ticker] KXSOL15M-26APR081745-45
[Market] YES=0.16 | NO=0.87 | Sum=1.03
==================================================
Balance: $116.47 | Regime: CHOP | Session: 0W/0L (0%) | PnL: $+0.00
[Confidence] Score=5/10 | strong_edge,coinbase_weak,2of3_agree,peak_hour
[Timing] Window 10 min old — skipping
[Cycle] No signal — YES=0.16 is between 0.30 and 0.70, sum=1.03 >= 0.97
[Ticker] KXSOL15M-26APR081745-45
[Market] YES=0.12 | NO=0.92 | Sum=1.04
==================================================
Balance: $116.47 | Regime: CHOP | Session: 0W/0L (0%) | PnL: $+0.00
[Confidence] Score=6/10 | strong_edge,coinbase_weak,all3_agree,peak_hour
[Timing] Window 11 min old — skipping
[Cycle] No signal — YES=0.12 is between 0.30 and 0.70, sum=1.04 >= 0.97
[Ticker] KXSOL15M-26APR081745-45
[Market] YES=0.11 | NO=0.93 | Sum=1.04
==================================================
Balance: $116.47 | Regime: CHOP | Session: 0W/0L (0%) | PnL: $+0.00
[Confidence] Score=6/10 | strong_edge,coinbase_weak,all3_agree,peak_hour
[Timing] Window 12 min old — skipping
[Cycle] No signal — YES=0.11 is between 0.30 and 0.70, sum=1.04 >= 0.97
[Ticker] KXSOL15M-26APR081745-45
[Market] YES=0.02 | NO=0.99 | Sum=1.01
==================================================
Balance: $116.47 | Regime: CHOP | Session: 0W/0L (0%) | PnL: $+0.00
[Confidence] Score=7/10 | extreme_edge,coinbase_weak,all3_agree,peak_hour
[Timing] Window 13 min old — skipping
[Cycle] No signal — YES=0.02 is between 0.30 and 0.70, sum=1.01 >= 0.97
[Ticker] KXSOL15M-26APR081745-45
[Market] YES=0.00 | NO=1.00 | Sum=1.00
==================================================
Balance: $116.47 | Regime: CHOP | Session: 0W/0L (0%) | PnL: $+0.00
[Confidence] Score=7/10 | extreme_edge,coinbase_weak,all3_agree,peak_hour
[Timing] Window 14 min old — skipping
[Cycle] No signal — YES=0.00 is between 0.30 and 0.70, sum=1.00 >= 0.97
[Ticker] KXSOL15M-26APR081745-45
[Market] YES=1.00 | NO=1.00 | Sum=2.00
==================================================
Balance: $116.47 | Regime: CHOP | Session: 0W/0L (0%) | PnL: $+0.00
[Confidence] Score=4/10 | extreme_edge,peak_hour
[Timing] Window 0 min old — skipping
[Cycle] No signal — YES=1.00 is between 0.30 and 0.70, sum=2.00 >= 0.97
[Ticker] KXSOL15M-26APR081800-00
[Market] YES=0.49 | NO=0.55 | Sum=1.04
==================================================
Balance: $116.47 | Regime: CHOP | Session: 0W/0L (0%) | PnL: $+0.00
[Cycle] No signal — YES=0.49 is between 0.30 and 0.70, sum=1.04 >= 0.97
[Ticker] KXSOL15M-26APR081800-00
[Market] YES=0.63 | NO=0.42 | Sum=1.05
==================================================
Balance: $116.47 | Regime: CHOP | Session: 0W/0L (0%) | PnL: $+0.00
[Cycle] No signal — YES=0.63 is between 0.30 and 0.70, sum=1.05 >= 0.97
[Ticker] KXSOL15M-26APR081800-00
[Market] YES=0.63 | NO=0.42 | Sum=1.05
==================================================
Balance: $116.47 | Regime: CHOP | Session: 0W/0L (0%) | PnL: $+0.00
[Cycle] No signal — YES=0.63 is between 0.30 and 0.70, sum=1.05 >= 0.97
[Ticker] KXSOL15M-26APR081800-00
[Market] YES=0.66 | NO=0.38 | Sum=1.04
==================================================
Balance: $116.47 | Regime: CHOP | Session: 0W/0L (0%) | PnL: $+0.00
[Cycle] No signal — YES=0.66 is between 0.30 and 0.70, sum=1.04 >= 0.97
[Ticker] KXSOL15M-26APR081800-00
[Market] YES=0.60 | NO=0.44 | Sum=1.04
==================================================
Balance: $116.47 | Regime: CHOP | Session: 0W/0L (0%) | PnL: $+0.00
[Cycle] No signal — YES=0.60 is between 0.30 and 0.70, sum=1.04 >= 0.97
[Ticker] KXSOL15M-26APR081800-00
[Market] YES=0.60 | NO=0.44 | Sum=1.04
==================================================
Balance: $116.47 | Regime: CHOP | Session: 0W/0L (0%) | PnL: $+0.00
[Cycle] No signal — YES=0.60 is between 0.30 and 0.70, sum=1.04 >= 0.97
[Ticker] KXSOL15M-26APR081800-00
[Market] YES=0.52 | NO=0.52 | Sum=1.04
==================================================
Balance: $116.47 | Regime: CHOP | Session: 0W/0L (0%) | PnL: $+0.00
[Cycle] No signal — YES=0.52 is between 0.30 and 0.70, sum=1.04 >= 0.97
[Ticker] KXSOL15M-26APR081800-00
[Market] YES=0.60 | NO=0.45 | Sum=1.05
==================================================
Balance: $116.47 | Regime: CHOP | Session: 0W/0L (0%) | PnL: $+0.00
[Cycle] No signal — YES=0.60 is between 0.30 and 0.70, sum=1.05 >= 0.97
[Ticker] KXSOL15M-26APR081800-00
[Market] YES=0.73 | NO=0.31 | Sum=1.04
==================================================
Balance: $116.47 | Regime: CHOP | Session: 0W/0L (0%) | PnL: $+0.00
[Confidence] Score=3/10 | moderate_edge,coinbase_weak,peak_hour
[Timing] Window 9 min old — skipping
[Cycle] No signal — YES=0.73 is between 0.30 and 0.70, sum=1.04 >= 0.97
[Ticker] KXSOL15M-26APR081800-00
[Market] YES=0.70 | NO=0.31 | Sum=1.01
==================================================
Balance: $116.47 | Regime: CHOP | Session: 0W/0L (0%) | PnL: $+0.00
[Cycle] No signal — YES=0.70 is between 0.30 and 0.70, sum=1.01 >= 0.97
[Ticker] KXSOL15M-26APR081800-00
[Market] YES=0.51 | NO=0.52 | Sum=1.03
==================================================
Balance: $116.47 | Regime: CHOP | Session: 0W/0L (0%) | PnL: $+0.00
[Cycle] No signal — YES=0.51 is between 0.30 and 0.70, sum=1.03 >= 0.97
[Ticker] KXSOL15M-26APR081800-00
[Market] YES=0.70 | NO=0.34 | Sum=1.04
==================================================
Balance: $116.47 | Regime: CHOP | Session: 0W/0L (0%) | PnL: $+0.00
[Cycle] No signal — YES=0.70 is between 0.30 and 0.70, sum=1.04 >= 0.97
[Ticker] KXSOL15M-26APR081800-00
[Market] YES=0.66 | NO=0.38 | Sum=1.04
==================================================
Balance: $116.47 | Regime: CHOP | Session: 0W/0L (0%) | PnL: $+0.00
[Cycle] No signal — YES=0.66 is between 0.30 and 0.70, sum=1.04 >= 0.97
[Ticker] KXSOL15M-26APR081800-00
[Market] YES=0.91 | NO=0.60 | Sum=1.51
==================================================
Balance: $116.47 | Regime: CHOP | Session: 0W/0L (0%) | PnL: $+0.00
[Confidence] Score=3/10 | strong_edge,peak_hour
[Timing] Window 14 min old — skipping
[Cycle] No signal — YES=0.91 is between 0.30 and 0.70, sum=1.51 >= 0.97
[Ticker] KXSOL15M-26APR081800-00
[Market] YES=0.99 | NO=0.02 | Sum=1.01
==================================================
Balance: $116.47 | Regime: CHOP | Session: 0W/0L (0%) | PnL: $+0.00
[Confidence] Score=4/10 | extreme_edge,coinbase_weak
[Timing] Window 0 min old — skipping
[Cycle] No signal — YES=0.99 is between 0.30 and 0.70, sum=1.01 >= 0.97
[Ticker] KXSOL15M-26APR081815-15
[Market] YES=0.49 | NO=0.52 | Sum=1.01
==================================================
Balance: $116.47 | Regime: CHOP | Session: 0W/0L (0%) | PnL: $+0.00
[Cycle] No signal — YES=0.49 is between 0.30 and 0.70, sum=1.01 >= 0.97
[Ticker] KXSOL15M-26APR081815-15
[Market] YES=0.32 | NO=0.73 | Sum=1.05
==================================================
Balance: $116.47 | Regime: CHOP | Session: 0W/0L (0%) | PnL: $+0.00
[Cycle] No signal — YES=0.32 is between 0.30 and 0.70, sum=1.05 >= 0.97
[Ticker] KXSOL15M-26APR081815-15
[Market] YES=0.24 | NO=0.78 | Sum=1.02
==================================================
Balance: $116.47 | Regime: CHOP | Session: 0W/0L (0%) | PnL: $+0.00
[Confidence] Score=4/10 | moderate_edge,coinbase_weak,all3_agree
[Signal] DOWN candidate | yes=0.24 | waiting (1/2)
[Cycle] No signal — YES=0.24 is between 0.30 and 0.70, sum=1.02 >= 0.97
[Ticker] KXSOL15M-26APR081815-15
[Market] YES=0.16 | NO=0.86 | Sum=1.02
==================================================
Balance: $116.47 | Regime: CHOP | Session: 0W/0L (0%) | PnL: $+0.00
[Confidence] Score=5/10 | strong_edge,coinbase_weak,all3_agree
[Coinbase] Confirms DOWN | $83 gap=-0 (0.21%)
[Kraken] Divergence 85785.73% — bet trimmed
[Correlation] All 3 agree — bet boosted
[Signal] CONFIRMED DOWN | yes=0.16 | edge=0.34 | bet=$2.16
[Safety] Balance $116.47 below floor $120.00
🛑 OpenClaw SOL Bot v4.0 halted: Balance $116.47 below floor $120.00

==================================================
OpenClaw SOL Bot v4.0 — LIVE
[Startup] Live balance synced: $116.47
Balance: $116.47 | MaxBet: $0.00 | Threshold: <0.30 or >0.70
==================================================

[Startup] Resting orders cleared
[Ticker] KXSOL15M-26APR081815-15
[Market] YES=0.16 | NO=0.88 | Sum=1.04
==================================================
Balance: $116.47 | Regime: CHOP | Session: 0W/0L (0%) | PnL: $+0.00
[Confidence] Score=4/10 | strong_edge,coinbase_weak,2of3_agree
[Signal] DOWN candidate | yes=0.16 | waiting (1/2)
[Cycle] No signal — YES=0.16 is between 0.30 and 0.70, sum=1.04 >= 0.97
[Ticker] KXSOL15M-26APR081815-15
[Market] YES=0.15 | NO=0.89 | Sum=1.04
==================================================
Balance: $116.47 | Regime: CHOP | Session: 0W/0L (0%) | PnL: $+0.00
[Confidence] Score=4/10 | strong_edge,coinbase_weak,2of3_agree
[Timing] Window 5 min old — skipping
[Cycle] No signal — YES=0.15 is between 0.30 and 0.70, sum=1.04 >= 0.97
[Ticker] KXSOL15M-26APR081815-15
[Market] YES=0.20 | NO=0.84 | Sum=1.04
==================================================
Balance: $116.47 | Regime: CHOP | Session: 0W/0L (0%) | PnL: $+0.00
[Confidence] Score=4/10 | strong_edge,coinbase_weak,2of3_agree
[Timing] Window 6 min old — skipping
[Cycle] No signal — YES=0.20 is between 0.30 and 0.70, sum=1.04 >= 0.97
[Ticker] KXSOL15M-26APR081815-15
[Market] YES=0.19 | NO=0.83 | Sum=1.02
==================================================
Balance: $116.47 | Regime: CHOP | Session: 0W/0L (0%) | PnL: $+0.00
[Confidence] Score=4/10 | strong_edge,coinbase_weak,2of3_agree
[Timing] Window 7 min old — skipping
[Cycle] No signal — YES=0.19 is between 0.30 and 0.70, sum=1.02 >= 0.97
[Ticker] KXSOL15M-26APR081815-15
[Market] YES=0.16 | NO=0.87 | Sum=1.03
==================================================
Balance: $116.47 | Regime: CHOP | Session: 0W/0L (0%) | PnL: $+0.00
[Confidence] Score=5/10 | strong_edge,coinbase_weak,all3_agree
[Timing] Window 8 min old — skipping
[Cycle] No signal — YES=0.16 is between 0.30 and 0.70, sum=1.03 >= 0.97
[Ticker] KXSOL15M-26APR081815-15
[Market] YES=0.12 | NO=0.89 | Sum=1.01
==================================================
Balance: $116.47 | Regime: CHOP | Session: 0W/0L (0%) | PnL: $+0.00
[Confidence] Score=4/10 | strong_edge,coinbase_weak,2of3_agree
[Timing] Window 9 min old — skipping
[Cycle] No signal — YES=0.12 is between 0.30 and 0.70, sum=1.01 >= 0.97
[Ticker] KXSOL15M-26APR081815-15
[Market] YES=0.02 | NO=0.98 | Sum=1.00
==================================================
Balance: $116.47 | Regime: CHOP | Session: 0W/0L (0%) | PnL: $+0.00
[Confidence] Score=5/10 | extreme_edge,coinbase_weak,2of3_agree
[Timing] Window 10 min old — skipping
[Cycle] No signal — YES=0.02 is between 0.30 and 0.70, sum=1.00 >= 0.97
[Ticker] KXSOL15M-26APR081815-15
[Market] YES=0.01 | NO=0.99 | Sum=1.00
==================================================
Balance: $116.47 | Regime: CHOP | Session: 0W/0L (0%) | PnL: $+0.00
[Confidence] Score=6/10 | extreme_edge,coinbase_weak,all3_agree
[Timing] Window 11 min old — skipping
[Cycle] No signal — YES=0.01 is between 0.30 and 0.70, sum=1.00 >= 0.97
[Ticker] KXSOL15M-26APR081815-15
[Market] YES=0.00 | NO=1.00 | Sum=1.00
==================================================
Balance: $116.47 | Regime: CHOP | Session: 0W/0L (0%) | PnL: $+0.00
[Confidence] Score=6/10 | extreme_edge,coinbase_weak,all3_agree
[Timing] Window 12 min old — skipping
[Cycle] No signal — YES=0.00 is between 0.30 and 0.70, sum=1.00 >= 0.97
[Ticker] KXSOL15M-26APR081815-15
[Market] YES=0.00 | NO=1.00 | Sum=1.00
==================================================
Balance: $116.47 | Regime: CHOP | Session: 0W/0L (0%) | PnL: $+0.00
[Confidence] Score=5/10 | extreme_edge,coinbase_weak,2of3_agree
[Timing] Window 13 min old — skipping
[Cycle] No signal — YES=0.00 is between 0.30 and 0.70, sum=1.00 >= 0.97
[Ticker] KXSOL15M-26APR081815-15
[Market] YES=0.00 | NO=1.00 | Sum=1.00
==================================================
Balance: $116.47 | Regime: CHOP | Session: 0W/0L (0%) | PnL: $+0.00
[Confidence] Score=6/10 | extreme_edge,coinbase_weak,all3_agree
[Timing] Window 14 min old — skipping
[Cycle] No signal — YES=0.00 is between 0.30 and 0.70, sum=1.00 >= 0.97
[Ticker] KXSOL15M-26APR081815-15
[Market] YES=0.85 | NO=1.00 | Sum=1.85
==================================================
Balance: $116.47 | Regime: CHOP | Session: 0W/0L (0%) | PnL: $+0.00
[Confidence] Score=2/10 | strong_edge
[Timing] Window 0 min old — skipping
[Cycle] No signal — YES=0.85 is between 0.30 and 0.70, sum=1.85 >= 0.97
[Ticker] KXSOL15M-26APR081830-30
[Market] YES=0.51 | NO=0.50 | Sum=1.01
==================================================
Balance: $116.47 | Regime: CHOP | Session: 0W/0L (0%) | PnL: $+0.00
[Cycle] No signal — YES=0.51 is between 0.30 and 0.70, sum=1.01 >= 0.97
[Ticker] KXSOL15M-26APR081830-30
[Market] YES=0.28 | NO=0.77 | Sum=1.05
==================================================
Balance: $116.47 | Regime: CHOP | Session: 0W/0L (0%) | PnL: $+0.00
[Confidence] Score=3/10 | moderate_edge,coinbase_weak,2of3_agree
[Signal] DOWN candidate | yes=0.28 | waiting (1/2)
[Cycle] No signal — YES=0.28 is between 0.30 and 0.70, sum=1.05 >= 0.97
[Ticker] KXSOL15M-26APR081830-30
[Market] YES=0.25 | NO=0.76 | Sum=1.01
==================================================
Balance: $116.47 | Regime: CHOP | Session: 0W/0L (0%) | PnL: $+0.00
[Confidence] Score=4/10 | moderate_edge,coinbase_weak,all3_agree
[Coinbase] Confirms DOWN | $83 gap=-0 (0.14%)
[Kraken] Divergence 85913.85% — bet trimmed
[Signal] CONFIRMED DOWN | yes=0.25 | edge=0.25 | bet=$1.80
[Safety] Balance $116.47 below floor $120.00
🛑 OpenClaw SOL Bot v4.0 halted: Balance $116.47 below floor $120.00

==================================================
OpenClaw SOL Bot v4.0 — LIVE
[Startup] Live balance synced: $116.47
Balance: $116.47 | MaxBet: $0.00 | Threshold: <0.30 or >0.70
==================================================

[Startup] Resting orders cleared
[Ticker] KXSOL15M-26APR081830-30
[Market] YES=0.27 | NO=0.74 | Sum=1.01
==================================================
Balance: $116.47 | Regime: CHOP | Session: 0W/0L (0%) | PnL: $+0.00
[Confidence] Score=4/10 | moderate_edge,coinbase_weak,all3_agree
[Signal] DOWN candidate | yes=0.27 | waiting (1/2)
[Cycle] No signal — YES=0.27 is between 0.30 and 0.70, sum=1.01 >= 0.97
[Ticker] KXSOL15M-26APR081830-30
[Market] YES=0.14 | NO=0.88 | Sum=1.02
==================================================
Balance: $116.47 | Regime: CHOP | Session: 0W/0L (0%) | PnL: $+0.00
[Confidence] Score=5/10 | strong_edge,coinbase_weak,all3_agree
[Coinbase] Confirms DOWN | $83 gap=-0 (0.26%)
[Kraken] Divergence 85985.03% — bet trimmed
[Correlation] All 3 agree — bet boosted
[Signal] CONFIRMED DOWN | yes=0.14 | edge=0.36 | bet=$2.16
[CorrGuard] 2 bots already fired — skipping to avoid correlated loss
[Cycle] No signal — YES=0.14 is between 0.30 and 0.70, sum=1.02 >= 0.97
[Ticker] KXSOL15M-26APR081830-30
[Market] YES=0.06 | NO=0.95 | Sum=1.01
==================================================
Balance: $116.47 | Regime: CHOP | Session: 0W/0L (0%) | PnL: $+0.00
[Confidence] Score=5/10 | strong_edge,coinbase_weak,all3_agree
[Timing] Window 5 min old — skipping
[Cycle] No signal — YES=0.06 is between 0.30 and 0.70, sum=1.01 >= 0.97
[Ticker] KXSOL15M-26APR081830-30
[Market] YES=0.07 | NO=0.96 | Sum=1.03
==================================================
Balance: $116.47 | Regime: CHOP | Session: 0W/0L (0%) | PnL: $+0.00
[Confidence] Score=5/10 | strong_edge,coinbase_weak,all3_agree
[Timing] Window 6 min old — skipping
[Cycle] No signal — YES=0.07 is between 0.30 and 0.70, sum=1.03 >= 0.97
[Ticker] KXSOL15M-26APR081830-30
[Market] YES=0.04 | NO=0.98 | Sum=1.02
==================================================
Balance: $116.47 | Regime: CHOP | Session: 0W/0L (0%) | PnL: $+0.00
[Confidence] Score=6/10 | extreme_edge,coinbase_weak,all3_agree
[Timing] Window 7 min old — skipping
[Cycle] No signal — YES=0.04 is between 0.30 and 0.70, sum=1.02 >= 0.97
[Ticker] KXSOL15M-26APR081830-30
[Market] YES=0.04 | NO=0.98 | Sum=1.02
==================================================
Balance: $116.47 | Regime: CHOP | Session: 0W/0L (0%) | PnL: $+0.00
[Confidence] Score=6/10 | extreme_edge,coinbase_weak,all3_agree
[Timing] Window 8 min old — skipping
[Cycle] No signal — YES=0.04 is between 0.30 and 0.70, sum=1.02 >= 0.97
[Ticker] KXSOL15M-26APR081830-30
[Market] YES=0.06 | NO=0.95 | Sum=1.01
==================================================
Balance: $116.47 | Regime: CHOP | Session: 0W/0L (0%) | PnL: $+0.00
[Confidence] Score=5/10 | strong_edge,coinbase_weak,all3_agree
[Timing] Window 9 min old — skipping
[Cycle] No signal — YES=0.06 is between 0.30 and 0.70, sum=1.01 >= 0.97
[Ticker] KXSOL15M-26APR081830-30
[Market] YES=0.01 | NO=1.00 | Sum=1.01
==================================================
Balance: $116.47 | Regime: CHOP | Session: 0W/0L (0%) | PnL: $+0.00
[Confidence] Score=4/10 | extreme_edge,coinbase_weak
[Timing] Window 10 min old — skipping
[Cycle] No signal — YES=0.01 is between 0.30 and 0.70, sum=1.01 >= 0.97
[Ticker] KXSOL15M-26APR081830-30
[Market] YES=0.01 | NO=1.00 | Sum=1.01
==================================================
Balance: $116.47 | Regime: CHOP | Session: 0W/0L (0%) | PnL: $+0.00
[Confidence] Score=6/10 | extreme_edge,coinbase_weak,all3_agree
[Timing] Window 11 min old — skipping
[Cycle] No signal — YES=0.01 is between 0.30 and 0.70, sum=1.01 >= 0.97
[Ticker] KXSOL15M-26APR081830-30
[Market] YES=0.00 | NO=1.00 | Sum=1.00
==================================================
Balance: $116.47 | Regime: CHOP | Session: 0W/0L (0%) | PnL: $+0.00
[Confidence] Score=6/10 | extreme_edge,coinbase_weak,all3_agree
[Timing] Window 12 min old — skipping
[Cycle] No signal — YES=0.00 is between 0.30 and 0.70, sum=1.00 >= 0.97
[Ticker] KXSOL15M-26APR081830-30
[Market] YES=0.00 | NO=1.00 | Sum=1.00
==================================================
Balance: $116.47 | Regime: CHOP | Session: 0W/0L (0%) | PnL: $+0.00
[Confidence] Score=6/10 | extreme_edge,coinbase_strong,2of3_agree
[Timing] Window 13 min old — skipping
[Cycle] No signal — YES=0.00 is between 0.30 and 0.70, sum=1.00 >= 0.97
[Ticker] KXSOL15M-26APR081830-30
[Market] YES=0.00 | NO=1.00 | Sum=1.00
==================================================
Balance: $116.47 | Regime: CHOP | Session: 0W/0L (0%) | PnL: $+0.00
[Confidence] Score=5/10 | extreme_edge,coinbase_weak,2of3_agree
[Timing] Window 14 min old — skipping
[Cycle] No signal — YES=0.00 is between 0.30 and 0.70, sum=1.00 >= 0.97
[Ticker] KXSOL15M-26APR081845-45
[Market] YES=0.54 | NO=0.49 | Sum=1.03
==================================================
Balance: $116.47 | Regime: CHOP | Session: 0W/0L (0%) | PnL: $+0.00
[Cycle] No signal — YES=0.54 is between 0.30 and 0.70, sum=1.03 >= 0.97
[Ticker] KXSOL15M-26APR081845-45
[Market] YES=0.37 | NO=0.67 | Sum=1.04
==================================================
Balance: $116.47 | Regime: CHOP | Session: 0W/0L (0%) | PnL: $+0.00
[Cycle] No signal — YES=0.37 is between 0.30 and 0.70, sum=1.04 >= 0.97
[Ticker] KXSOL15M-26APR081845-45
[Market] YES=0.41 | NO=0.60 | Sum=1.01
==================================================
Balance: $116.47 | Regime: CHOP | Session: 0W/0L (0%) | PnL: $+0.00
[Cycle] No signal — YES=0.41 is between 0.30 and 0.70, sum=1.01 >= 0.97
[Ticker] KXSOL15M-26APR081845-45
[Market] YES=0.55 | NO=0.46 | Sum=1.01
==================================================
Balance: $116.47 | Regime: CHOP | Session: 0W/0L (0%) | PnL: $+0.00
[Cycle] No signal — YES=0.55 is between 0.30 and 0.70, sum=1.01 >= 0.97
[Ticker] KXSOL15M-26APR081845-45
[Market] YES=0.70 | NO=0.35 | Sum=1.05
==================================================
Balance: $116.47 | Regime: CHOP | Session: 0W/0L (0%) | PnL: $+0.00
[Cycle] No signal — YES=0.70 is between 0.30 and 0.70, sum=1.05 >= 0.97
[Ticker] KXSOL15M-26APR081845-45
[Market] YES=0.85 | NO=0.19 | Sum=1.04
==================================================
Balance: $116.47 | Regime: CHOP | Session: 0W/0L (0%) | PnL: $+0.00
[Confidence] Score=3/10 | strong_edge,coinbase_weak
[Timing] Window 5 min old — skipping
[Cycle] No signal — YES=0.85 is between 0.30 and 0.70, sum=1.04 >= 0.97
[Ticker] KXSOL15M-26APR081845-45
[Market] YES=0.89 | NO=0.12 | Sum=1.01
==================================================
Balance: $116.47 | Regime: CHOP | Session: 0W/0L (0%) | PnL: $+0.00
[Confidence] Score=3/10 | strong_edge,coinbase_weak
[Timing] Window 6 min old — skipping
[Cycle] No signal — YES=0.89 is between 0.30 and 0.70, sum=1.01 >= 0.97
[Ticker] KXSOL15M-26APR081845-45
[Market] YES=0.94 | NO=0.09 | Sum=1.03
==================================================
Balance: $116.47 | Regime: CHOP | Session: 0W/0L (0%) | PnL: $+0.00
[Confidence] Score=3/10 | strong_edge,coinbase_weak
[Timing] Window 7 min old — skipping
[Cycle] No signal — YES=0.94 is between 0.30 and 0.70, sum=1.03 >= 0.97
[Ticker] KXSOL15M-26APR081845-45
[Market] YES=0.92 | NO=0.11 | Sum=1.03
==================================================
Balance: $116.47 | Regime: CHOP | Session: 0W/0L (0%) | PnL: $+0.00
[Confidence] Score=3/10 | strong_edge,coinbase_weak
[Timing] Window 8 min old — skipping
[Cycle] No signal — YES=0.92 is between 0.30 and 0.70, sum=1.03 >= 0.97
[Ticker] KXSOL15M-26APR081845-45
[Market] YES=0.95 | NO=0.07 | Sum=1.02
==================================================
Balance: $116.47 | Regime: CHOP | Session: 0W/0L (0%) | PnL: $+0.00
[Confidence] Score=3/10 | strong_edge,coinbase_weak
[Timing] Window 9 min old — skipping
[Cycle] No signal — YES=0.95 is between 0.30 and 0.70, sum=1.02 >= 0.97
[Ticker] KXSOL15M-26APR081845-45
[Market] YES=0.99 | NO=0.03 | Sum=1.02
==================================================
Balance: $116.47 | Regime: CHOP | Session: 0W/0L (0%) | PnL: $+0.00
[Confidence] Score=4/10 | extreme_edge,coinbase_weak
[Timing] Window 10 min old — skipping
[Cycle] No signal — YES=0.99 is between 0.30 and 0.70, sum=1.02 >= 0.97
[Ticker] KXSOL15M-26APR081845-45
[Market] YES=0.98 | NO=0.05 | Sum=1.03
==================================================
Balance: $116.47 | Regime: CHOP | Session: 0W/0L (0%) | PnL: $+0.00
[Confidence] Score=4/10 | extreme_edge,coinbase_weak
[Timing] Window 11 min old — skipping
[Cycle] No signal — YES=0.98 is between 0.30 and 0.70, sum=1.03 >= 0.97
[Ticker] KXSOL15M-26APR081845-45
[Market] YES=0.99 | NO=0.02 | Sum=1.01
==================================================
Balance: $116.47 | Regime: CHOP | Session: 0W/0L (0%) | PnL: $+0.00
[Confidence] Score=4/10 | extreme_edge,coinbase_weak
[Timing] Window 12 min old — skipping
[Cycle] No signal — YES=0.99 is between 0.30 and 0.70, sum=1.01 >= 0.97
[Ticker] KXSOL15M-26APR081845-45
[Market] YES=1.00 | NO=0.00 | Sum=1.00
==================================================
Balance: $116.47 | Regime: CHOP | Session: 0W/0L (0%) | PnL: $+0.00
[Confidence] Score=4/10 | extreme_edge,coinbase_weak
[Timing] Window 13 min old — skipping
[Cycle] No signal — YES=1.00 is between 0.30 and 0.70, sum=1.00 >= 0.97
[Ticker] KXSOL15M-26APR081845-45
[Market] YES=1.00 | NO=0.00 | Sum=1.00
==================================================
Balance: $116.47 | Regime: CHOP | Session: 0W/0L (0%) | PnL: $+0.00
[Confidence] Score=4/10 | extreme_edge,coinbase_weak
[Timing] Window 14 min old — skipping
[Cycle] No signal — YES=1.00 is between 0.30 and 0.70, sum=1.00 >= 0.97
[Ticker] KXSOL15M-26APR081845-45
[Market] YES=1.00 | NO=0.85 | Sum=1.85
==================================================
Balance: $116.47 | Regime: CHOP | Session: 0W/0L (0%) | PnL: $+0.00
[Confidence] Score=4/10 | extreme_edge,coinbase_weak
[Timing] Window 0 min old — skipping
[Cycle] No signal — YES=1.00 is between 0.30 and 0.70, sum=1.85 >= 0.97
[Ticker] KXSOL15M-26APR081900-00
[Market] YES=0.45 | NO=0.56 | Sum=1.01
==================================================
Balance: $116.47 | Regime: CHOP | Session: 0W/0L (0%) | PnL: $+0.00
[Cycle] No signal — YES=0.45 is between 0.30 and 0.70, sum=1.01 >= 0.97
[Ticker] KXSOL15M-26APR081900-00
[Market] YES=0.45 | NO=0.59 | Sum=1.04
==================================================
Balance: $116.47 | Regime: CHOP | Session: 0W/0L (0%) | PnL: $+0.00
[Cycle] No signal — YES=0.45 is between 0.30 and 0.70, sum=1.04 >= 0.97
[Ticker] KXSOL15M-26APR081900-00
[Market] YES=0.41 | NO=0.63 | Sum=1.04
==================================================
Balance: $116.47 | Regime: CHOP | Session: 0W/0L (0%) | PnL: $+0.00
[Cycle] No signal — YES=0.41 is between 0.30 and 0.70, sum=1.04 >= 0.97
[Ticker] KXSOL15M-26APR081900-00
[Market] YES=0.37 | NO=0.65 | Sum=1.02
==================================================
Balance: $116.47 | Regime: CHOP | Session: 0W/0L (0%) | PnL: $+0.00
[Cycle] No signal — YES=0.37 is between 0.30 and 0.70, sum=1.02 >= 0.97
[Ticker] KXSOL15M-26APR081900-00
[Market] YES=0.48 | NO=0.56 | Sum=1.04
==================================================
Balance: $116.47 | Regime: CHOP | Session: 0W/0L (0%) | PnL: $+0.00
[Cycle] No signal — YES=0.48 is between 0.30 and 0.70, sum=1.04 >= 0.97
[Ticker] KXSOL15M-26APR081900-00
[Market] YES=0.49 | NO=0.56 | Sum=1.05
==================================================
Balance: $116.47 | Regime: CHOP | Session: 0W/0L (0%) | PnL: $+0.00
[Cycle] No signal — YES=0.49 is between 0.30 and 0.70, sum=1.05 >= 0.97
[Ticker] KXSOL15M-26APR081900-00
[Market] YES=0.35 | NO=0.69 | Sum=1.04
==================================================
Balance: $116.47 | Regime: CHOP | Session: 0W/0L (0%) | PnL: $+0.00
[Cycle] No signal — YES=0.35 is between 0.30 and 0.70, sum=1.04 >= 0.97
[Ticker] KXSOL15M-26APR081900-00
[Market] YES=0.22 | NO=0.82 | Sum=1.04
==================================================
Balance: $116.47 | Regime: CHOP | Session: 0W/0L (0%) | PnL: $+0.00
[Confidence] Score=3/10 | moderate_edge,coinbase_weak,2of3_agree
[Timing] Window 8 min old — skipping
[Cycle] No signal — YES=0.22 is between 0.30 and 0.70, sum=1.04 >= 0.97
[Ticker] KXSOL15M-26APR081900-00
[Market] YES=0.11 | NO=0.93 | Sum=1.04
==================================================
Balance: $116.47 | Regime: CHOP | Session: 0W/0L (0%) | PnL: $+0.00
[Confidence] Score=5/10 | strong_edge,coinbase_weak,all3_agree
[Timing] Window 9 min old — skipping
[Cycle] No signal — YES=0.11 is between 0.30 and 0.70, sum=1.04 >= 0.97
[Ticker] KXSOL15M-26APR081900-00
[Market] YES=0.04 | NO=0.97 | Sum=1.01
==================================================
Balance: $116.47 | Regime: CHOP | Session: 0W/0L (0%) | PnL: $+0.00
[Confidence] Score=6/10 | extreme_edge,coinbase_weak,all3_agree
[Timing] Window 10 min old — skipping
[Cycle] No signal — YES=0.04 is between 0.30 and 0.70, sum=1.01 >= 0.97
[Ticker] KXSOL15M-26APR081900-00
[Market] YES=0.02 | NO=1.00 | Sum=1.02
==================================================
Balance: $116.47 | Regime: CHOP | Session: 0W/0L (0%) | PnL: $+0.00
[Confidence] Score=6/10 | extreme_edge,coinbase_weak,all3_agree
[Timing] Window 11 min old — skipping
[Cycle] No signal — YES=0.02 is between 0.30 and 0.70, sum=1.02 >= 0.97
[Ticker] KXSOL15M-26APR081900-00
[Market] YES=0.01 | NO=1.00 | Sum=1.00
==================================================
Balance: $116.47 | Regime: CHOP | Session: 0W/0L (0%) | PnL: $+0.00
[Confidence] Score=6/10 | extreme_edge,coinbase_weak,all3_agree
[Timing] Window 12 min old — skipping
[Cycle] No signal — YES=0.01 is between 0.30 and 0.70, sum=1.00 >= 0.97
[Ticker] KXSOL15M-26APR081900-00
[Market] YES=0.00 | NO=1.00 | Sum=1.00
==================================================
Balance: $116.47 | Regime: CHOP | Session: 0W/0L (0%) | PnL: $+0.00
[Confidence] Score=6/10 | extreme_edge,coinbase_weak,all3_agree
[Timing] Window 13 min old — skipping
[Cycle] No signal — YES=0.00 is between 0.30 and 0.70, sum=1.00 >= 0.97
[Ticker] KXSOL15M-26APR081900-00
[Market] YES=0.00 | NO=1.00 | Sum=1.00
==================================================
Balance: $116.47 | Regime: CHOP | Session: 0W/0L (0%) | PnL: $+0.00
[Confidence] Score=6/10 | extreme_edge,coinbase_weak,all3_agree
[Timing] Window 14 min old — skipping
[Cycle] No signal — YES=0.00 is between 0.30 and 0.70, sum=1.00 >= 0.97
[Ticker] KXSOL15M-26APR081915-15
[Market] YES=0.34 | NO=0.67 | Sum=1.01
==================================================
Balance: $116.47 | Regime: CHOP | Session: 0W/0L (0%) | PnL: $+0.00
[Cycle] No signal — YES=0.34 is between 0.30 and 0.70, sum=1.01 >= 0.97
[Ticker] KXSOL15M-26APR081915-15
[Market] YES=0.14 | NO=0.89 | Sum=1.03
==================================================
Balance: $116.47 | Regime: CHOP | Session: 0W/0L (0%) | PnL: $+0.00
[Confidence] Score=5/10 | strong_edge,coinbase_weak,all3_agree
[Signal] EXTREME DOWN | yes=0.14 | edge=0.36 | firing immediately
[Coinbase] Confirms DOWN | $82 gap=-0 (0.38%)
[Kraken] Divergence 86089.23% — bet trimmed
[Correlation] All 3 agree — bet boosted
[Signal] CONFIRMED DOWN | yes=0.14 | edge=0.36 | bet=$2.81
[Safety] Balance $116.47 below floor $120.00
🛑 OpenClaw SOL Bot v4.0 halted: Balance $116.47 below floor $120.00

==================================================
OpenClaw SOL Bot v4.0 — LIVE
[Startup] Live balance synced: $116.47
Balance: $116.47 | MaxBet: $0.00 | Threshold: <0.30 or >0.70
==================================================

[Startup] Resting orders cleared
[Ticker] KXSOL15M-26APR081915-15
[Market] YES=0.14 | NO=0.89 | Sum=1.03
==================================================
Balance: $116.47 | Regime: CHOP | Session: 0W/0L (0%) | PnL: $+0.00
[Confidence] Score=5/10 | strong_edge,coinbase_weak,all3_agree
[Signal] EXTREME DOWN | yes=0.14 | edge=0.36 | firing immediately
[Coinbase] Confirms DOWN | $82 gap=-0 (0.36%)
[Kraken] Divergence 86023.50% — bet trimmed
[Correlation] 2/3 agree DOWN
[Signal] CONFIRMED DOWN | yes=0.14 | edge=0.36 | bet=$2.34
[CorrGuard] 2 bots already fired — skipping to avoid correlated loss
[Cycle] No signal — YES=0.14 is between 0.30 and 0.70, sum=1.03 >= 0.97
[Ticker] KXSOL15M-26APR081915-15
[Market] YES=0.14 | NO=0.88 | Sum=1.02
==================================================
Balance: $116.47 | Regime: CHOP | Session: 0W/0L (0%) | PnL: $+0.00
[Confidence] Score=5/10 | strong_edge,coinbase_weak,all3_agree
[Signal] DOWN candidate | yes=0.14 | waiting (1/2)
[Cycle] No signal — YES=0.14 is between 0.30 and 0.70, sum=1.02 >= 0.97
[Ticker] KXSOL15M-26APR081915-15
[Market] YES=0.12 | NO=0.90 | Sum=1.02
==================================================
Balance: $116.47 | Regime: CHOP | Session: 0W/0L (0%) | PnL: $+0.00
[Confidence] Score=4/10 | strong_edge,coinbase_weak,2of3_agree
[Coinbase] Confirms DOWN | $82 gap=-0 (0.37%)
[Kraken] Divergence 86036.87% — bet trimmed
[Correlation] All 3 agree — bet boosted
[Signal] CONFIRMED DOWN | yes=0.12 | edge=0.38 | bet=$2.81
[Safety] Balance $116.47 below floor $120.00
🛑 OpenClaw SOL Bot v4.0 halted: Balance $116.47 below floor $120.00

==================================================
OpenClaw SOL Bot v4.0 — LIVE
[Startup] Live balance synced: $116.47
Balance: $116.47 | MaxBet: $0.00 | Threshold: <0.30 or >0.70
==================================================

[Startup] Resting orders cleared
[Ticker] KXSOL15M-26APR081915-15
[Market] YES=0.12 | NO=0.90 | Sum=1.02
==================================================
Balance: $116.47 | Regime: CHOP | Session: 0W/0L (0%) | PnL: $+0.00
[Confidence] Score=5/10 | strong_edge,coinbase_weak,all3_agree
[Signal] DOWN candidate | yes=0.12 | waiting (1/2)
[Cycle] No signal — YES=0.12 is between 0.30 and 0.70, sum=1.02 >= 0.97
[Ticker] KXSOL15M-26APR081915-15
[Market] YES=0.11 | NO=0.93 | Sum=1.04
==================================================
Balance: $116.47 | Regime: CHOP | Session: 0W/0L (0%) | PnL: $+0.00
[Confidence] Score=5/10 | strong_edge,coinbase_weak,all3_agree
[Coinbase] Confirms DOWN | $82 gap=-0 (0.41%)
[Kraken] Divergence 86101.31% — bet trimmed
[Correlation] All 3 agree — bet boosted
[Signal] CONFIRMED DOWN | yes=0.11 | edge=0.39 | bet=$2.81
[CorrGuard] 2 bots already fired — skipping to avoid correlated loss
[Cycle] No signal — YES=0.11 is between 0.30 and 0.70, sum=1.04 >= 0.97
[Ticker] KXSOL15M-26APR081915-15
[Market] YES=0.13 | NO=0.89 | Sum=1.02
==================================================
Balance: $116.47 | Regime: CHOP | Session: 0W/0L (0%) | PnL: $+0.00
[Confidence] Score=5/10 | strong_edge,coinbase_weak,all3_agree
[Timing] Window 5 min old — skipping
[Cycle] No signal — YES=0.13 is between 0.30 and 0.70, sum=1.02 >= 0.97
[Ticker] KXSOL15M-26APR081915-15
[Market] YES=0.12 | NO=0.89 | Sum=1.01
==================================================
Balance: $116.47 | Regime: CHOP | Session: 0W/0L (0%) | PnL: $+0.00
[Confidence] Score=5/10 | strong_edge,coinbase_weak,all3_agree
[Timing] Window 6 min old — skipping
[Cycle] No signal — YES=0.12 is between 0.30 and 0.70, sum=1.01 >= 0.97
[Ticker] KXSOL15M-26APR081915-15
[Market] YES=0.07 | NO=0.96 | Sum=1.03
==================================================
Balance: $116.47 | Regime: CHOP | Session: 0W/0L (0%) | PnL: $+0.00
[Confidence] Score=5/10 | strong_edge,coinbase_weak,all3_agree
[Timing] Window 7 min old — skipping
[Cycle] No signal — YES=0.07 is between 0.30 and 0.70, sum=1.03 >= 0.97
[Ticker] KXSOL15M-26APR081915-15
[Market] YES=0.10 | NO=0.93 | Sum=1.03
==================================================
Balance: $116.47 | Regime: CHOP | Session: 0W/0L (0%) | PnL: $+0.00
[Confidence] Score=5/10 | strong_edge,coinbase_weak,all3_agree
[Timing] Window 8 min old — skipping
[Cycle] No signal — YES=0.10 is between 0.30 and 0.70, sum=1.03 >= 0.97
[Ticker] KXSOL15M-26APR081915-15
[Market] YES=0.06 | NO=0.96 | Sum=1.02
==================================================
Balance: $116.47 | Regime: CHOP | Session: 0W/0L (0%) | PnL: $+0.00
[Confidence] Score=5/10 | strong_edge,coinbase_weak,all3_agree
[Timing] Window 9 min old — skipping
[Cycle] No signal — YES=0.06 is between 0.30 and 0.70, sum=1.02 >= 0.97
[Ticker] KXSOL15M-26APR081915-15
[Market] YES=0.06 | NO=0.96 | Sum=1.02
==================================================
Balance: $116.47 | Regime: CHOP | Session: 0W/0L (0%) | PnL: $+0.00
[Confidence] Score=4/10 | strong_edge,coinbase_weak,2of3_agree
[Timing] Window 10 min old — skipping
[Cycle] No signal — YES=0.06 is between 0.30 and 0.70, sum=1.02 >= 0.97
[Ticker] KXSOL15M-26APR081915-15
[Market] YES=0.11 | NO=0.92 | Sum=1.03
==================================================
Balance: $116.47 | Regime: CHOP | Session: 0W/0L (0%) | PnL: $+0.00
[Confidence] Score=5/10 | strong_edge,coinbase_weak,all3_agree
[Timing] Window 11 min old — skipping
[Cycle] No signal — YES=0.11 is between 0.30 and 0.70, sum=1.03 >= 0.97
[Ticker] KXSOL15M-26APR081915-15
[Market] YES=0.09 | NO=0.94 | Sum=1.03
==================================================
Balance: $116.47 | Regime: CHOP | Session: 0W/0L (0%) | PnL: $+0.00
[Confidence] Score=5/10 | strong_edge,coinbase_weak,all3_agree
[Timing] Window 12 min old — skipping
[Cycle] No signal — YES=0.09 is between 0.30 and 0.70, sum=1.03 >= 0.97
[Ticker] KXSOL15M-26APR081915-15
[Market] YES=0.89 | NO=0.15 | Sum=1.04
==================================================
Balance: $116.47 | Regime: CHOP | Session: 0W/0L (0%) | PnL: $+0.00
[Confidence] Score=3/10 | strong_edge,coinbase_weak
[Timing] Window 13 min old — skipping
[Cycle] No signal — YES=0.89 is between 0.30 and 0.70, sum=1.04 >= 0.97
[Ticker] KXSOL15M-26APR081915-15
[Market] YES=1.00 | NO=0.01 | Sum=1.00
==================================================
Balance: $116.47 | Regime: CHOP | Session: 0W/0L (0%) | PnL: $+0.00
[Confidence] Score=4/10 | extreme_edge,coinbase_weak
[Timing] Window 14 min old — skipping
[Cycle] No signal — YES=1.00 is between 0.30 and 0.70, sum=1.00 >= 0.97
[Ticker] KXSOL15M-26APR081930-30
[Market] YES=0.56 | NO=0.49 | Sum=1.05
==================================================
Balance: $116.47 | Regime: CHOP | Session: 0W/0L (0%) | PnL: $+0.00
[Cycle] No signal — YES=0.56 is between 0.30 and 0.70, sum=1.05 >= 0.97
[Ticker] KXSOL15M-26APR081930-30
[Market] YES=0.67 | NO=0.37 | Sum=1.04
==================================================
Balance: $116.47 | Regime: CHOP | Session: 0W/0L (0%) | PnL: $+0.00
[Cycle] No signal — YES=0.67 is between 0.30 and 0.70, sum=1.04 >= 0.97
[Ticker] KXSOL15M-26APR081930-30
[Market] YES=0.70 | NO=0.35 | Sum=1.05
==================================================
Balance: $116.47 | Regime: CHOP | Session: 0W/0L (0%) | PnL: $+0.00
[Cycle] No signal — YES=0.70 is between 0.30 and 0.70, sum=1.05 >= 0.97
[Ticker] KXSOL15M-26APR081930-30
[Market] YES=0.37 | NO=0.67 | Sum=1.04
==================================================
Balance: $116.47 | Regime: CHOP | Session: 0W/0L (0%) | PnL: $+0.00
[Cycle] No signal — YES=0.37 is between 0.30 and 0.70, sum=1.04 >= 0.97
[Ticker] KXSOL15M-26APR081930-30
[Market] YES=0.18 | NO=0.85 | Sum=1.03
==================================================
Balance: $116.47 | Regime: CHOP | Session: 0W/0L (0%) | PnL: $+0.00
[Confidence] Score=5/10 | strong_edge,coinbase_weak,all3_agree
[Signal] DOWN candidate | yes=0.18 | waiting (1/2)
[Cycle] No signal — YES=0.18 is between 0.30 and 0.70, sum=1.03 >= 0.97
[Ticker] KXSOL15M-26APR081930-30
[Market] YES=0.21 | NO=0.83 | Sum=1.04
==================================================
Balance: $116.47 | Regime: CHOP | Session: 0W/0L (0%) | PnL: $+0.00
[Confidence] Score=3/10 | moderate_edge,coinbase_weak,2of3_agree
[Timing] Window 5 min old — skipping
[Cycle] No signal — YES=0.21 is between 0.30 and 0.70, sum=1.04 >= 0.97
[Ticker] KXSOL15M-26APR081930-30
[Market] YES=0.09 | NO=0.93 | Sum=1.02
==================================================
Balance: $116.47 | Regime: CHOP | Session: 0W/0L (0%) | PnL: $+0.00
[Confidence] Score=5/10 | strong_edge,coinbase_weak,all3_agree
[Timing] Window 6 min old — skipping
[Cycle] No signal — YES=0.09 is between 0.30 and 0.70, sum=1.02 >= 0.97
[Ticker] KXSOL15M-26APR081930-30
[Market] YES=0.07 | NO=0.95 | Sum=1.02
==================================================
Balance: $116.47 | Regime: CHOP | Session: 0W/0L (0%) | PnL: $+0.00
[Confidence] Score=5/10 | strong_edge,coinbase_weak,all3_agree
[Timing] Window 7 min old — skipping
[Cycle] No signal — YES=0.07 is between 0.30 and 0.70, sum=1.02 >= 0.97
[Ticker] KXSOL15M-26APR081930-30
[Market] YES=0.04 | NO=0.98 | Sum=1.02
==================================================
Balance: $116.47 | Regime: CHOP | Session: 0W/0L (0%) | PnL: $+0.00
[Confidence] Score=7/10 | extreme_edge,coinbase_strong,all3_agree
[Timing] Window 8 min old — skipping
[Cycle] No signal — YES=0.04 is between 0.30 and 0.70, sum=1.02 >= 0.97
[Ticker] KXSOL15M-26APR081930-30
[Market] YES=0.07 | NO=0.95 | Sum=1.02
==================================================
Balance: $116.47 | Regime: CHOP | Session: 0W/0L (0%) | PnL: $+0.00
[Confidence] Score=4/10 | strong_edge,coinbase_weak,2of3_agree
[Timing] Window 9 min old — skipping
[Cycle] No signal — YES=0.07 is between 0.30 and 0.70, sum=1.02 >= 0.97
[Ticker] KXSOL15M-26APR081930-30
[Market] YES=0.04 | NO=0.98 | Sum=1.02
==================================================
Balance: $116.47 | Regime: CHOP | Session: 0W/0L (0%) | PnL: $+0.00
[Confidence] Score=5/10 | extreme_edge,coinbase_weak,2of3_agree
[Timing] Window 10 min old — skipping
[Cycle] No signal — YES=0.04 is between 0.30 and 0.70, sum=1.02 >= 0.97
[Ticker] KXSOL15M-26APR081930-30
[Market] YES=0.01 | NO=1.00 | Sum=1.01
==================================================
Balance: $116.47 | Regime: CHOP | Session: 0W/0L (0%) | PnL: $+0.00
[Confidence] Score=5/10 | extreme_edge,coinbase_weak,2of3_agree
[Timing] Window 11 min old — skipping
[Cycle] No signal — YES=0.01 is between 0.30 and 0.70, sum=1.01 >= 0.97
[Ticker] KXSOL15M-26APR081930-30
[Market] YES=0.01 | NO=1.00 | Sum=1.00
==================================================
Balance: $116.47 | Regime: CHOP | Session: 0W/0L (0%) | PnL: $+0.00
[Confidence] Score=6/10 | extreme_edge,coinbase_weak,all3_agree
[Timing] Window 12 min old — skipping
[Cycle] No signal — YES=0.01 is between 0.30 and 0.70, sum=1.00 >= 0.97
[Ticker] KXSOL15M-26APR081930-30
[Market] YES=0.00 | NO=1.00 | Sum=1.00
==================================================
Balance: $116.47 | Regime: CHOP | Session: 0W/0L (0%) | PnL: $+0.00
[Confidence] Score=6/10 | extreme_edge,coinbase_weak,all3_agree
[Timing] Window 13 min old — skipping
[Cycle] No signal — YES=0.00 is between 0.30 and 0.70, sum=1.00 >= 0.97
[Ticker] KXSOL15M-26APR081930-30
[Market] YES=0.00 | NO=1.00 | Sum=1.00
==================================================
Balance: $116.47 | Regime: CHOP | Session: 0W/0L (0%) | PnL: $+0.00
[Confidence] Score=5/10 | extreme_edge,coinbase_weak,2of3_agree
[Timing] Window 14 min old — skipping
[Cycle] No signal — YES=0.00 is between 0.30 and 0.70, sum=1.00 >= 0.97
[Ticker] KXSOL15M-26APR081945-45
[Market] YES=0.53 | NO=0.48 | Sum=1.01
==================================================
Balance: $116.47 | Regime: CHOP | Session: 0W/0L (0%) | PnL: $+0.00
[Cycle] No signal — YES=0.53 is between 0.30 and 0.70, sum=1.01 >= 0.97
[Ticker] KXSOL15M-26APR081945-45
[Market] YES=0.43 | NO=0.59 | Sum=1.02
==================================================
Balance: $116.47 | Regime: CHOP | Session: 0W/0L (0%) | PnL: $+0.00
[Cycle] No signal — YES=0.43 is between 0.30 and 0.70, sum=1.02 >= 0.97
[Ticker] KXSOL15M-26APR081945-45
[Market] YES=0.38 | NO=0.63 | Sum=1.01
==================================================
Balance: $116.47 | Regime: CHOP | Session: 0W/0L (0%) | PnL: $+0.00
[Cycle] No signal — YES=0.38 is between 0.30 and 0.70, sum=1.01 >= 0.97
[Ticker] KXSOL15M-26APR081945-45
[Market] YES=0.34 | NO=0.68 | Sum=1.02
==================================================
Balance: $116.47 | Regime: CHOP | Session: 0W/0L (0%) | PnL: $+0.00
[Cycle] No signal — YES=0.34 is between 0.30 and 0.70, sum=1.02 >= 0.97
[Ticker] KXSOL15M-26APR081945-45
[Market] YES=0.61 | NO=0.42 | Sum=1.03
==================================================
Balance: $116.47 | Regime: CHOP | Session: 0W/0L (0%) | PnL: $+0.00
[Cycle] No signal — YES=0.61 is between 0.30 and 0.70, sum=1.03 >= 0.97
[Ticker] KXSOL15M-26APR081945-45
[Market] YES=0.57 | NO=0.48 | Sum=1.05
==================================================
Balance: $116.47 | Regime: CHOP | Session: 0W/0L (0%) | PnL: $+0.00
[Cycle] No signal — YES=0.57 is between 0.30 and 0.70, sum=1.05 >= 0.97
[Ticker] KXSOL15M-26APR081945-45
[Market] YES=0.76 | NO=0.28 | Sum=1.04
==================================================
Balance: $116.47 | Regime: CHOP | Session: 0W/0L (0%) | PnL: $+0.00
[Confidence] Score=2/10 | moderate_edge,coinbase_weak
[Timing] Window 6 min old — skipping
[Cycle] No signal — YES=0.76 is between 0.30 and 0.70, sum=1.04 >= 0.97
[Ticker] KXSOL15M-26APR081945-45
[Market] YES=0.84 | NO=0.18 | Sum=1.02
==================================================
Balance: $116.47 | Regime: CHOP | Session: 0W/0L (0%) | PnL: $+0.00
[Confidence] Score=3/10 | strong_edge,coinbase_weak
[Timing] Window 7 min old — skipping
[Cycle] No signal — YES=0.84 is between 0.30 and 0.70, sum=1.02 >= 0.97
[Ticker] KXSOL15M-26APR081945-45
[Market] YES=0.85 | NO=0.19 | Sum=1.04
==================================================
Balance: $116.47 | Regime: CHOP | Session: 0W/0L (0%) | PnL: $+0.00
[Confidence] Score=3/10 | strong_edge,coinbase_weak
[Timing] Window 8 min old — skipping
[Cycle] No signal — YES=0.85 is between 0.30 and 0.70, sum=1.04 >= 0.97
[Ticker] KXSOL15M-26APR081945-45
[Market] YES=0.77 | NO=0.27 | Sum=1.04
==================================================
Balance: $116.47 | Regime: CHOP | Session: 0W/0L (0%) | PnL: $+0.00
[Confidence] Score=2/10 | moderate_edge,coinbase_weak
[Timing] Window 9 min old — skipping
[Cycle] No signal — YES=0.77 is between 0.30 and 0.70, sum=1.04 >= 0.97
[Ticker] KXSOL15M-26APR081945-45
[Market] YES=0.78 | NO=0.27 | Sum=1.05
==================================================
Balance: $116.47 | Regime: CHOP | Session: 0W/0L (0%) | PnL: $+0.00
[Confidence] Score=2/10 | moderate_edge,coinbase_weak
[Timing] Window 10 min old — skipping
[Cycle] No signal — YES=0.78 is between 0.30 and 0.70, sum=1.05 >= 0.97
[Ticker] KXSOL15M-26APR081945-45
[Market] YES=0.75 | NO=0.30 | Sum=1.05
==================================================
Balance: $116.47 | Regime: CHOP | Session: 0W/0L (0%) | PnL: $+0.00
[Confidence] Score=2/10 | moderate_edge,coinbase_weak
[Timing] Window 11 min old — skipping
[Cycle] No signal — YES=0.75 is between 0.30 and 0.70, sum=1.05 >= 0.97
[Ticker] KXSOL15M-26APR081945-45
[Market] YES=0.70 | NO=0.31 | Sum=1.01
==================================================
Balance: $116.47 | Regime: CHOP | Session: 0W/0L (0%) | PnL: $+0.00
[Cycle] No signal — YES=0.70 is between 0.30 and 0.70, sum=1.01 >= 0.97
[Ticker] KXSOL15M-26APR081945-45
[Market] YES=0.84 | NO=0.19 | Sum=1.03
==================================================
Balance: $116.47 | Regime: CHOP | Session: 0W/0L (0%) | PnL: $+0.00
[Confidence] Score=3/10 | strong_edge,coinbase_weak
[Timing] Window 13 min old — skipping
[Cycle] No signal — YES=0.84 is between 0.30 and 0.70, sum=1.03 >= 0.97
[Ticker] KXSOL15M-26APR081945-45
[Market] YES=1.00 | NO=0.00 | Sum=1.00
==================================================
Balance: $116.47 | Regime: CHOP | Session: 0W/0L (0%) | PnL: $+0.00
[Confidence] Score=4/10 | extreme_edge,coinbase_weak
[Timing] Window 14 min old — skipping
[Cycle] No signal — YES=1.00 is between 0.30 and 0.70, sum=1.00 >= 0.97
[Ticker] KXSOL15M-26APR082000-00
[Market] YES=0.52 | NO=0.53 | Sum=1.05
==================================================
Balance: $116.47 | Regime: CHOP | Session: 0W/0L (0%) | PnL: $+0.00
[Cycle] No signal — YES=0.52 is between 0.30 and 0.70, sum=1.05 >= 0.97
[Ticker] KXSOL15M-26APR082000-00
[Market] YES=0.55 | NO=0.48 | Sum=1.03
==================================================
Balance: $116.47 | Regime: CHOP | Session: 0W/0L (0%) | PnL: $+0.00
[Cycle] No signal — YES=0.55 is between 0.30 and 0.70, sum=1.03 >= 0.97
[Ticker] KXSOL15M-26APR082000-00
[Market] YES=0.63 | NO=0.42 | Sum=1.05
==================================================
Balance: $116.47 | Regime: CHOP | Session: 0W/0L (0%) | PnL: $+0.00
[Cycle] No signal — YES=0.63 is between 0.30 and 0.70, sum=1.05 >= 0.97
[Ticker] KXSOL15M-26APR082000-00
[Market] YES=0.70 | NO=0.34 | Sum=1.04
==================================================
Balance: $116.47 | Regime: CHOP | Session: 0W/0L (0%) | PnL: $+0.00
[Cycle] No signal — YES=0.70 is between 0.30 and 0.70, sum=1.04 >= 0.97
[Ticker] KXSOL15M-26APR082000-00
[Market] YES=0.73 | NO=0.32 | Sum=1.05
==================================================
Balance: $116.47 | Regime: CHOP | Session: 0W/0L (0%) | PnL: $+0.00
[Confidence] Score=2/10 | moderate_edge,coinbase_weak
[Signal] UP candidate | yes=0.73 | waiting (1/2)
[Cycle] No signal — YES=0.73 is between 0.30 and 0.70, sum=1.05 >= 0.97
[Ticker] KXSOL15M-26APR082000-00
[Market] YES=0.78 | NO=0.23 | Sum=1.01
==================================================
Balance: $116.47 | Regime: CHOP | Session: 0W/0L (0%) | PnL: $+0.00
[Confidence] Score=2/10 | moderate_edge,coinbase_weak
[Timing] Window 5 min old — skipping
[Cycle] No signal — YES=0.78 is between 0.30 and 0.70, sum=1.01 >= 0.97
[Ticker] KXSOL15M-26APR082000-00
[Market] YES=0.88 | NO=0.16 | Sum=1.04
==================================================
Balance: $116.47 | Regime: CHOP | Session: 0W/0L (0%) | PnL: $+0.00
[Confidence] Score=3/10 | strong_edge,coinbase_weak
[Timing] Window 6 min old — skipping
[Cycle] No signal — YES=0.88 is between 0.30 and 0.70, sum=1.04 >= 0.97
[Ticker] KXSOL15M-26APR082000-00
[Market] YES=0.85 | NO=0.17 | Sum=1.02
==================================================
Balance: $116.47 | Regime: CHOP | Session: 0W/0L (0%) | PnL: $+0.00
[Confidence] Score=3/10 | strong_edge,coinbase_weak
[Timing] Window 7 min old — skipping
[Cycle] No signal — YES=0.85 is between 0.30 and 0.70, sum=1.02 >= 0.97
[Ticker] KXSOL15M-26APR082000-00
[Market] YES=0.76 | NO=0.26 | Sum=1.02
==================================================
Balance: $116.47 | Regime: CHOP | Session: 0W/0L (0%) | PnL: $+0.00
[Confidence] Score=2/10 | moderate_edge,coinbase_weak
[Timing] Window 8 min old — skipping
[Cycle] No signal — YES=0.76 is between 0.30 and 0.70, sum=1.02 >= 0.97
[Ticker] KXSOL15M-26APR082000-00
[Market] YES=0.65 | NO=0.40 | Sum=1.05
==================================================
Balance: $116.47 | Regime: CHOP | Session: 0W/0L (0%) | PnL: $+0.00
[Cycle] No signal — YES=0.65 is between 0.30 and 0.70, sum=1.05 >= 0.97
[Ticker] KXSOL15M-26APR082000-00
[Market] YES=0.69 | NO=0.36 | Sum=1.05
==================================================
Balance: $116.47 | Regime: CHOP | Session: 0W/0L (0%) | PnL: $+0.00
[Cycle] No signal — YES=0.69 is between 0.30 and 0.70, sum=1.05 >= 0.97
[Ticker] KXSOL15M-26APR082000-00
[Market] YES=0.85 | NO=0.17 | Sum=1.02
==================================================
Balance: $116.47 | Regime: CHOP | Session: 0W/0L (0%) | PnL: $+0.00
[Confidence] Score=3/10 | strong_edge,coinbase_weak
[Timing] Window 11 min old — skipping
[Cycle] No signal — YES=0.85 is between 0.30 and 0.70, sum=1.02 >= 0.97
[Ticker] KXSOL15M-26APR082000-00
[Market] YES=0.72 | NO=0.33 | Sum=1.05
==================================================
Balance: $116.47 | Regime: CHOP | Session: 0W/0L (0%) | PnL: $+0.00
[Confidence] Score=2/10 | moderate_edge,coinbase_weak
[Timing] Window 12 min old — skipping
[Cycle] No signal — YES=0.72 is between 0.30 and 0.70, sum=1.05 >= 0.97
[Ticker] KXSOL15M-26APR082000-00
[Market] YES=0.95 | NO=0.07 | Sum=1.02
==================================================
Balance: $116.47 | Regime: CHOP | Session: 0W/0L (0%) | PnL: $+0.00
[Confidence] Score=3/10 | strong_edge,coinbase_weak
[Timing] Window 13 min old — skipping
[Cycle] No signal — YES=0.95 is between 0.30 and 0.70, sum=1.02 >= 0.97
[Ticker] KXSOL15M-26APR082000-00
[Market] YES=1.00 | NO=0.00 | Sum=1.00
==================================================
Balance: $116.47 | Regime: CHOP | Session: 0W/0L (0%) | PnL: $+0.00
[Confidence] Score=4/10 | extreme_edge,coinbase_weak
[Timing] Window 14 min old — skipping
[Cycle] No signal — YES=1.00 is between 0.30 and 0.70, sum=1.00 >= 0.97
[Ticker] KXSOL15M-26APR082000-00
[Market] YES=1.00 | NO=0.00 | Sum=1.00
==================================================
Balance: $116.47 | Regime: CHOP | Session: 0W/0L (0%) | PnL: $+0.00
[Confidence] Score=3/10 | extreme_edge
[Timing] Window 0 min old — skipping
[Cycle] No signal — YES=1.00 is between 0.30 and 0.70, sum=1.00 >= 0.97
[Ticker] KXSOL15M-26APR082015-15
[Market] YES=0.35 | NO=0.67 | Sum=1.02
==================================================
Balance: $116.47 | Regime: CHOP | Session: 0W/0L (0%) | PnL: $+0.00
[Cycle] No signal — YES=0.35 is between 0.30 and 0.70, sum=1.02 >= 0.97
[Ticker] KXSOL15M-26APR082015-15
[Market] YES=0.36 | NO=0.68 | Sum=1.04
==================================================
Balance: $116.47 | Regime: CHOP | Session: 0W/0L (0%) | PnL: $+0.00
[Cycle] No signal — YES=0.36 is between 0.30 and 0.70, sum=1.04 >= 0.97
[Ticker] KXSOL15M-26APR082015-15
[Market] YES=0.35 | NO=0.70 | Sum=1.05
==================================================
Balance: $116.47 | Regime: CHOP | Session: 0W/0L (0%) | PnL: $+0.00
[Cycle] No signal — YES=0.35 is between 0.30 and 0.70, sum=1.05 >= 0.97
[Ticker] KXSOL15M-26APR082015-15
[Market] YES=0.26 | NO=0.77 | Sum=1.03
==================================================
Balance: $116.47 | Regime: CHOP | Session: 0W/0L (0%) | PnL: $+0.00
[Confidence] Score=4/10 | moderate_edge,coinbase_weak,all3_agree
[Signal] DOWN candidate | yes=0.26 | waiting (1/2)
[Cycle] No signal — YES=0.26 is between 0.30 and 0.70, sum=1.03 >= 0.97
[Ticker] KXSOL15M-26APR082015-15
[Market] YES=0.23 | NO=0.81 | Sum=1.04
==================================================
Balance: $116.47 | Regime: CHOP | Session: 0W/0L (0%) | PnL: $+0.00
[Confidence] Score=4/10 | moderate_edge,coinbase_weak,all3_agree
[Timing] Window 5 min old — skipping
[Cycle] No signal — YES=0.23 is between 0.30 and 0.70, sum=1.04 >= 0.97
[Ticker] KXSOL15M-26APR082015-15
[Market] YES=0.43 | NO=0.61 | Sum=1.04
==================================================
Balance: $116.47 | Regime: CHOP | Session: 0W/0L (0%) | PnL: $+0.00
[Cycle] No signal — YES=0.43 is between 0.30 and 0.70, sum=1.04 >= 0.97
[Ticker] KXSOL15M-26APR082015-15
[Market] YES=0.42 | NO=0.63 | Sum=1.05
==================================================
Balance: $116.47 | Regime: CHOP | Session: 0W/0L (0%) | PnL: $+0.00
[Cycle] No signal — YES=0.42 is between 0.30 and 0.70, sum=1.05 >= 0.97
[Ticker] KXSOL15M-26APR082015-15
[Market] YES=0.41 | NO=0.63 | Sum=1.04
==================================================
Balance: $116.47 | Regime: CHOP | Session: 0W/0L (0%) | PnL: $+0.00
[Cycle] No signal — YES=0.41 is between 0.30 and 0.70, sum=1.04 >= 0.97
[Ticker] KXSOL15M-26APR082015-15
[Market] YES=0.52 | NO=0.53 | Sum=1.05
==================================================
Balance: $116.47 | Regime: CHOP | Session: 0W/0L (0%) | PnL: $+0.00
[Cycle] No signal — YES=0.52 is between 0.30 and 0.70, sum=1.05 >= 0.97
[Ticker] KXSOL15M-26APR082015-15
[Market] YES=0.28 | NO=0.77 | Sum=1.05
==================================================
Balance: $116.47 | Regime: CHOP | Session: 0W/0L (0%) | PnL: $+0.00
[Confidence] Score=4/10 | moderate_edge,coinbase_weak,all3_agree
[Timing] Window 10 min old — skipping
[Cycle] No signal — YES=0.28 is between 0.30 and 0.70, sum=1.05 >= 0.97
[Ticker] KXSOL15M-26APR082015-15
[Market] YES=0.34 | NO=0.70 | Sum=1.04
==================================================
Balance: $116.47 | Regime: CHOP | Session: 0W/0L (0%) | PnL: $+0.00
[Cycle] No signal — YES=0.34 is between 0.30 and 0.70, sum=1.04 >= 0.97
[Ticker] KXSOL15M-26APR082015-15
[Market] YES=0.49 | NO=0.55 | Sum=1.04
==================================================
Balance: $116.47 | Regime: CHOP | Session: 0W/0L (0%) | PnL: $+0.00
[Cycle] No signal — YES=0.49 is between 0.30 and 0.70, sum=1.04 >= 0.97
[Ticker] KXSOL15M-26APR082015-15
[Market] YES=0.14 | NO=0.89 | Sum=1.03
==================================================
Balance: $116.47 | Regime: CHOP | Session: 0W/0L (0%) | PnL: $+0.00
[Confidence] Score=5/10 | strong_edge,coinbase_weak,all3_agree
[Timing] Window 13 min old — skipping
[Cycle] No signal — YES=0.14 is between 0.30 and 0.70, sum=1.03 >= 0.97
[Ticker] KXSOL15M-26APR082015-15
[Market] YES=0.58 | NO=0.95 | Sum=1.53
==================================================
Balance: $116.47 | Regime: CHOP | Session: 0W/0L (0%) | PnL: $+0.00
[Cycle] No signal — YES=0.58 is between 0.30 and 0.70, sum=1.53 >= 0.97
[Ticker] KXSOL15M-26APR082030-30
[Market] YES=0.49 | NO=0.55 | Sum=1.04
==================================================
Balance: $116.47 | Regime: CHOP | Session: 0W/0L (0%) | PnL: $+0.00
[Cycle] No signal — YES=0.49 is between 0.30 and 0.70, sum=1.04 >= 0.97
[Ticker] KXSOL15M-26APR082030-30
[Market] YES=0.62 | NO=0.42 | Sum=1.04
==================================================
Balance: $116.47 | Regime: CHOP | Session: 0W/0L (0%) | PnL: $+0.00
[Cycle] No signal — YES=0.62 is between 0.30 and 0.70, sum=1.04 >= 0.97
[Ticker] KXSOL15M-26APR082030-30
[Market] YES=0.65 | NO=0.37 | Sum=1.02
==================================================
Balance: $116.47 | Regime: CHOP | Session: 0W/0L (0%) | PnL: $+0.00
[Cycle] No signal — YES=0.65 is between 0.30 and 0.70, sum=1.02 >= 0.97
[Ticker] KXSOL15M-26APR082030-30
[Market] YES=0.56 | NO=0.49 | Sum=1.05
==================================================
Balance: $116.47 | Regime: CHOP | Session: 0W/0L (0%) | PnL: $+0.00
[Cycle] No signal — YES=0.56 is between 0.30 and 0.70, sum=1.05 >= 0.97
[Ticker] KXSOL15M-26APR082030-30
[Market] YES=0.32 | NO=0.72 | Sum=1.04
==================================================
Balance: $116.47 | Regime: CHOP | Session: 0W/0L (0%) | PnL: $+0.00
[Cycle] No signal — YES=0.32 is between 0.30 and 0.70, sum=1.04 >= 0.97
[Ticker] KXSOL15M-26APR082030-30
[Market] YES=0.26 | NO=0.78 | Sum=1.04
==================================================
Balance: $116.47 | Regime: CHOP | Session: 0W/0L (0%) | PnL: $+0.00
[Confidence] Score=4/10 | moderate_edge,coinbase_weak,all3_agree
[Timing] Window 5 min old — skipping
[Cycle] No signal — YES=0.26 is between 0.30 and 0.70, sum=1.04 >= 0.97
[Ticker] KXSOL15M-26APR082030-30
[Market] YES=0.27 | NO=0.74 | Sum=1.01
==================================================
Balance: $116.47 | Regime: CHOP | Session: 0W/0L (0%) | PnL: $+0.00
[Confidence] Score=4/10 | moderate_edge,coinbase_weak,all3_agree
[Timing] Window 6 min old — skipping
[Cycle] No signal — YES=0.27 is between 0.30 and 0.70, sum=1.01 >= 0.97
[Ticker] KXSOL15M-26APR082030-30
[Market] YES=0.32 | NO=0.73 | Sum=1.05
==================================================
Balance: $116.47 | Regime: CHOP | Session: 0W/0L (0%) | PnL: $+0.00
[Cycle] No signal — YES=0.32 is between 0.30 and 0.70, sum=1.05 >= 0.97
[Ticker] KXSOL15M-26APR082030-30
[Market] YES=0.48 | NO=0.56 | Sum=1.04
==================================================
Balance: $116.47 | Regime: CHOP | Session: 0W/0L (0%) | PnL: $+0.00
[Cycle] No signal — YES=0.48 is between 0.30 and 0.70, sum=1.04 >= 0.97
[Ticker] KXSOL15M-26APR082030-30
[Market] YES=0.21 | NO=0.82 | Sum=1.03
==================================================
Balance: $116.47 | Regime: CHOP | Session: 0W/0L (0%) | PnL: $+0.00
[Confidence] Score=4/10 | moderate_edge,coinbase_weak,all3_agree
[Timing] Window 9 min old — skipping
[Cycle] No signal — YES=0.21 is between 0.30 and 0.70, sum=1.03 >= 0.97
[Ticker] KXSOL15M-26APR082030-30
[Market] YES=0.12 | NO=0.89 | Sum=1.01
==================================================
Balance: $116.47 | Regime: CHOP | Session: 0W/0L (0%) | PnL: $+0.00
[Confidence] Score=5/10 | strong_edge,coinbase_weak,all3_agree
[Timing] Window 10 min old — skipping
[Cycle] No signal — YES=0.12 is between 0.30 and 0.70, sum=1.01 >= 0.97
[Ticker] KXSOL15M-26APR082030-30
[Market] YES=0.09 | NO=0.93 | Sum=1.02
==================================================
Balance: $116.47 | Regime: CHOP | Session: 0W/0L (0%) | PnL: $+0.00
[Confidence] Score=5/10 | strong_edge,coinbase_weak,all3_agree
[Timing] Window 11 min old — skipping
[Cycle] No signal — YES=0.09 is between 0.30 and 0.70, sum=1.02 >= 0.97
[Ticker] KXSOL15M-26APR082030-30
[Market] YES=0.20 | NO=0.84 | Sum=1.04
==================================================
Balance: $116.47 | Regime: CHOP | Session: 0W/0L (0%) | PnL: $+0.00
[Confidence] Score=5/10 | strong_edge,coinbase_weak,all3_agree
[Timing] Window 12 min old — skipping
[Cycle] No signal — YES=0.20 is between 0.30 and 0.70, sum=1.04 >= 0.97
[Ticker] KXSOL15M-26APR082030-30
[Market] YES=0.03 | NO=0.99 | Sum=1.02
==================================================
Balance: $116.47 | Regime: CHOP | Session: 0W/0L (0%) | PnL: $+0.00
[Confidence] Score=6/10 | extreme_edge,coinbase_weak,all3_agree
[Timing] Window 13 min old — skipping
[Cycle] No signal — YES=0.03 is between 0.30 and 0.70, sum=1.02 >= 0.97
[Ticker] KXSOL15M-26APR082030-30
[Market] YES=0.00 | NO=1.00 | Sum=1.00
==================================================
Balance: $116.47 | Regime: CHOP | Session: 0W/0L (0%) | PnL: $+0.00
[Confidence] Score=6/10 | extreme_edge,coinbase_weak,all3_agree
[Timing] Window 14 min old — skipping
[Cycle] No signal — YES=0.00 is between 0.30 and 0.70, sum=1.00 >= 0.97
[Ticker] KXSOL15M-26APR082045-45
[Market] YES=0.34 | NO=0.70 | Sum=1.04
==================================================
Balance: $116.47 | Regime: CHOP | Session: 0W/0L (0%) | PnL: $+0.00
[Cycle] No signal — YES=0.34 is between 0.30 and 0.70, sum=1.04 >= 0.97
[Ticker] KXSOL15M-26APR082045-45
[Market] YES=0.48 | NO=0.55 | Sum=1.03
==================================================
Balance: $116.47 | Regime: CHOP | Session: 0W/0L (0%) | PnL: $+0.00
[Cycle] No signal — YES=0.48 is between 0.30 and 0.70, sum=1.03 >= 0.97
[Ticker] KXSOL15M-26APR082045-45
[Market] YES=0.44 | NO=0.59 | Sum=1.03
==================================================
Balance: $116.47 | Regime: CHOP | Session: 0W/0L (0%) | PnL: $+0.00
[Cycle] No signal — YES=0.44 is between 0.30 and 0.70, sum=1.03 >= 0.97
[Ticker] KXSOL15M-26APR082045-45
[Market] YES=0.36 | NO=0.66 | Sum=1.02
==================================================
Balance: $116.47 | Regime: CHOP | Session: 0W/0L (0%) | PnL: $+0.00
[Cycle] No signal — YES=0.36 is between 0.30 and 0.70, sum=1.02 >= 0.97
[Ticker] KXSOL15M-26APR082045-45
[Market] YES=0.25 | NO=0.79 | Sum=1.04
==================================================
Balance: $116.47 | Regime: CHOP | Session: 0W/0L (0%) | PnL: $+0.00
[Confidence] Score=4/10 | moderate_edge,coinbase_weak,all3_agree
[Signal] DOWN candidate | yes=0.25 | waiting (1/2)
[Cycle] No signal — YES=0.25 is between 0.30 and 0.70, sum=1.04 >= 0.97
[Ticker] KXSOL15M-26APR082045-45
[Market] YES=0.30 | NO=0.73 | Sum=1.03
==================================================
Balance: $116.47 | Regime: CHOP | Session: 0W/0L (0%) | PnL: $+0.00
[Cycle] No signal — YES=0.30 is between 0.30 and 0.70, sum=1.03 >= 0.97
[Ticker] KXSOL15M-26APR082045-45
[Market] YES=0.30 | NO=0.75 | Sum=1.05
==================================================
Balance: $116.47 | Regime: CHOP | Session: 0W/0L (0%) | PnL: $+0.00
[Cycle] No signal — YES=0.30 is between 0.30 and 0.70, sum=1.05 >= 0.97
[Ticker] KXSOL15M-26APR082045-45
[Market] YES=0.39 | NO=0.64 | Sum=1.03
==================================================
Balance: $116.47 | Regime: CHOP | Session: 0W/0L (0%) | PnL: $+0.00
[Cycle] No signal — YES=0.39 is between 0.30 and 0.70, sum=1.03 >= 0.97
[Ticker] KXSOL15M-26APR082045-45
[Market] YES=0.15 | NO=0.89 | Sum=1.04
==================================================
Balance: $116.47 | Regime: CHOP | Session: 0W/0L (0%) | PnL: $+0.00
[Confidence] Score=5/10 | strong_edge,coinbase_weak,all3_agree
[Timing] Window 8 min old — skipping
[Cycle] No signal — YES=0.15 is between 0.30 and 0.70, sum=1.04 >= 0.97
[Ticker] KXSOL15M-26APR082045-45
[Market] YES=0.14 | NO=0.89 | Sum=1.03
==================================================
Balance: $116.47 | Regime: CHOP | Session: 0W/0L (0%) | PnL: $+0.00
[Confidence] Score=5/10 | strong_edge,coinbase_weak,all3_agree
[Timing] Window 9 min old — skipping
[Cycle] No signal — YES=0.14 is between 0.30 and 0.70, sum=1.03 >= 0.97
[Ticker] KXSOL15M-26APR082045-45
[Market] YES=0.04 | NO=0.97 | Sum=1.01
==================================================
Balance: $116.47 | Regime: CHOP | Session: 0W/0L (0%) | PnL: $+0.00
[Confidence] Score=6/10 | extreme_edge,coinbase_weak,all3_agree
[Timing] Window 10 min old — skipping
[Cycle] No signal — YES=0.04 is between 0.30 and 0.70, sum=1.01 >= 0.97
[Ticker] KXSOL15M-26APR082045-45
[Market] YES=0.04 | NO=0.97 | Sum=1.01
==================================================
Balance: $116.47 | Regime: CHOP | Session: 0W/0L (0%) | PnL: $+0.00
[Confidence] Score=6/10 | extreme_edge,coinbase_weak,all3_agree
[Timing] Window 11 min old — skipping
[Cycle] No signal — YES=0.04 is between 0.30 and 0.70, sum=1.01 >= 0.97
[Ticker] KXSOL15M-26APR082045-45
[Market] YES=0.01 | NO=1.00 | Sum=1.01
==================================================
Balance: $116.47 | Regime: CHOP | Session: 0W/0L (0%) | PnL: $+0.00
[Confidence] Score=6/10 | extreme_edge,coinbase_weak,all3_agree
[Timing] Window 12 min old — skipping
[Cycle] No signal — YES=0.01 is between 0.30 and 0.70, sum=1.01 >= 0.97
[Ticker] KXSOL15M-26APR082045-45
[Market] YES=0.00 | NO=1.00 | Sum=1.00
==================================================
Balance: $116.47 | Regime: CHOP | Session: 0W/0L (0%) | PnL: $+0.00
[Confidence] Score=5/10 | extreme_edge,coinbase_weak,2of3_agree
[Timing] Window 13 min old — skipping
[Cycle] No signal — YES=0.00 is between 0.30 and 0.70, sum=1.00 >= 0.97
[Ticker] KXSOL15M-26APR082045-45
[Market] YES=0.00 | NO=1.00 | Sum=1.00
==================================================
Balance: $116.47 | Regime: CHOP | Session: 0W/0L (0%) | PnL: $+0.00
[Confidence] Score=6/10 | extreme_edge,coinbase_weak,all3_agree
[Timing] Window 14 min old — skipping
[Cycle] No signal — YES=0.00 is between 0.30 and 0.70, sum=1.00 >= 0.97
[Ticker] KXSOL15M-26APR082100-00
[Market] YES=0.60 | NO=0.44 | Sum=1.04
==================================================
Balance: $116.47 | Regime: CHOP | Session: 0W/0L (0%) | PnL: $+0.00
[Cycle] No signal — YES=0.60 is between 0.30 and 0.70, sum=1.04 >= 0.97
[Ticker] KXSOL15M-26APR082100-00
[Market] YES=0.51 | NO=0.53 | Sum=1.04
==================================================
Balance: $116.47 | Regime: CHOP | Session: 0W/0L (0%) | PnL: $+0.00
[Cycle] No signal — YES=0.51 is between 0.30 and 0.70, sum=1.04 >= 0.97
[Ticker] KXSOL15M-26APR082100-00
[Market] YES=0.60 | NO=0.44 | Sum=1.04
==================================================
Balance: $116.47 | Regime: CHOP | Session: 0W/0L (0%) | PnL: $+0.00
[Cycle] No signal — YES=0.60 is between 0.30 and 0.70, sum=1.04 >= 0.97
[Ticker] KXSOL15M-26APR082100-00
[Market] YES=0.70 | NO=0.35 | Sum=1.05
==================================================
Balance: $116.47 | Regime: CHOP | Session: 0W/0L (0%) | PnL: $+0.00
[Cycle] No signal — YES=0.70 is between 0.30 and 0.70, sum=1.05 >= 0.97
[Ticker] KXSOL15M-26APR082100-00
[Market] YES=0.76 | NO=0.29 | Sum=1.05
==================================================
Balance: $116.47 | Regime: CHOP | Session: 0W/0L (0%) | PnL: $+0.00
[Confidence] Score=2/10 | moderate_edge,coinbase_weak
[Signal] UP candidate | yes=0.76 | waiting (1/2)
[Cycle] No signal — YES=0.76 is between 0.30 and 0.70, sum=1.05 >= 0.97
[Ticker] KXSOL15M-26APR082100-00
[Market] YES=0.81 | NO=0.20 | Sum=1.01
==================================================
Balance: $116.47 | Regime: CHOP | Session: 0W/0L (0%) | PnL: $+0.00
[Confidence] Score=3/10 | strong_edge,coinbase_weak
[Timing] Window 5 min old — skipping
[Cycle] No signal — YES=0.81 is between 0.30 and 0.70, sum=1.01 >= 0.97
[Ticker] KXSOL15M-26APR082100-00
[Market] YES=0.72 | NO=0.29 | Sum=1.01
==================================================
Balance: $116.47 | Regime: CHOP | Session: 0W/0L (0%) | PnL: $+0.00
[Confidence] Score=2/10 | moderate_edge,coinbase_weak
[Timing] Window 6 min old — skipping
[Cycle] No signal — YES=0.72 is between 0.30 and 0.70, sum=1.01 >= 0.97
[Ticker] KXSOL15M-26APR082100-00
[Market] YES=0.77 | NO=0.27 | Sum=1.04
==================================================
Balance: $116.47 | Regime: CHOP | Session: 0W/0L (0%) | PnL: $+0.00
[Confidence] Score=3/10 | moderate_edge,coinbase_weak,2of3_agree
[Timing] Window 7 min old — skipping
[Cycle] No signal — YES=0.77 is between 0.30 and 0.70, sum=1.04 >= 0.97
[Ticker] KXSOL15M-26APR082100-00
[Market] YES=0.67 | NO=0.38 | Sum=1.05
==================================================
Balance: $116.47 | Regime: CHOP | Session: 0W/0L (0%) | PnL: $+0.00
[Cycle] No signal — YES=0.67 is between 0.30 and 0.70, sum=1.05 >= 0.97
[Ticker] KXSOL15M-26APR082100-00
[Market] YES=0.80 | NO=0.25 | Sum=1.05
==================================================
Balance: $116.47 | Regime: CHOP | Session: 0W/0L (0%) | PnL: $+0.00
[Confidence] Score=3/10 | strong_edge,coinbase_weak
[Timing] Window 9 min old — skipping
[Cycle] No signal — YES=0.80 is between 0.30 and 0.70, sum=1.05 >= 0.97
[Ticker] KXSOL15M-26APR082100-00
[Market] YES=0.93 | NO=0.11 | Sum=1.04
==================================================
Balance: $116.47 | Regime: CHOP | Session: 0W/0L (0%) | PnL: $+0.00
[Confidence] Score=3/10 | strong_edge,coinbase_weak
[Timing] Window 10 min old — skipping
[Cycle] No signal — YES=0.93 is between 0.30 and 0.70, sum=1.04 >= 0.97
[Ticker] KXSOL15M-26APR082100-00
[Market] YES=0.97 | NO=0.05 | Sum=1.02
==================================================
Balance: $116.47 | Regime: CHOP | Session: 0W/0L (0%) | PnL: $+0.00
[Confidence] Score=4/10 | extreme_edge,coinbase_weak
[Timing] Window 11 min old — skipping
[Cycle] No signal — YES=0.97 is between 0.30 and 0.70, sum=1.02 >= 0.97
[Ticker] KXSOL15M-26APR082100-00
[Market] YES=0.98 | NO=0.02 | Sum=1.00
==================================================
Balance: $116.47 | Regime: CHOP | Session: 0W/0L (0%) | PnL: $+0.00
[Confidence] Score=4/10 | extreme_edge,coinbase_weak
[Timing] Window 12 min old — skipping
[Cycle] No signal — YES=0.98 is between 0.30 and 0.70, sum=1.00 >= 0.97
[Ticker] KXSOL15M-26APR082100-00
[Market] YES=1.00 | NO=0.01 | Sum=1.01
==================================================
Balance: $116.47 | Regime: CHOP | Session: 0W/0L (0%) | PnL: $+0.00
[Confidence] Score=4/10 | extreme_edge,coinbase_weak
[Timing] Window 13 min old — skipping
[Cycle] No signal — YES=1.00 is between 0.30 and 0.70, sum=1.01 >= 0.97
[Ticker] KXSOL15M-26APR082100-00
[Market] YES=1.00 | NO=0.00 | Sum=1.00
==================================================
Balance: $116.47 | Regime: CHOP | Session: 0W/0L (0%) | PnL: $+0.00
[Confidence] Score=4/10 | extreme_edge,coinbase_weak
[Timing] Window 14 min old — skipping
[Cycle] No signal — YES=1.00 is between 0.30 and 0.70, sum=1.00 >= 0.97
[Ticker] KXSOL15M-26APR082115-15
[Market] YES=0.48 | NO=0.55 | Sum=1.03
==================================================
Balance: $116.47 | Regime: CHOP | Session: 0W/0L (0%) | PnL: $+0.00
[Cycle] No signal — YES=0.48 is between 0.30 and 0.70, sum=1.03 >= 0.97
[Ticker] KXSOL15M-26APR082115-15
[Market] YES=0.52 | NO=0.51 | Sum=1.03
==================================================
Balance: $116.47 | Regime: CHOP | Session: 0W/0L (0%) | PnL: $+0.00
[Cycle] No signal — YES=0.52 is between 0.30 and 0.70, sum=1.03 >= 0.97
[Ticker] KXSOL15M-26APR082115-15
[Market] YES=0.50 | NO=0.52 | Sum=1.02
==================================================
Balance: $116.47 | Regime: CHOP | Session: 0W/0L (0%) | PnL: $+0.00
[Cycle] No signal — YES=0.50 is between 0.30 and 0.70, sum=1.02 >= 0.97

==================================================
OpenClaw SOL Bot v4.0 — LIVE
[Startup] Live balance synced: $116.47
Balance: $116.47 | MaxBet: $0.00 | Threshold: <0.30 or >0.70
==================================================

[Startup] Resting orders cleared
[Ticker] KXSOL15M-26APR082115-15
[Market] YES=0.48 | NO=0.55 | Sum=1.03
==================================================
Balance: $116.47 | Regime: CHOP | Session: 0W/0L (0%) | PnL: $+0.00
[Cycle] No signal — YES=0.48 is between 0.30 and 0.70, sum=1.03 >= 0.97

==================================================
OpenClaw SOL Bot v4.0 — LIVE
[Startup] Live balance synced: $116.47
Balance: $116.47 | MaxBet: $0.00 | Threshold: <0.30 or >0.70
==================================================

[Startup] Resting orders cleared
[Ticker] KXSOL15M-26APR082115-15
[Market] YES=0.40 | NO=0.62 | Sum=1.02
==================================================
Balance: $116.47 | Regime: CHOP | Session: 0W/0L (0%) | PnL: $+0.00
[Cycle] No signal — YES=0.40 is between 0.30 and 0.70, sum=1.02 >= 0.97
[Ticker] KXSOL15M-26APR082115-15
[Market] YES=0.42 | NO=0.63 | Sum=1.05
==================================================
Balance: $116.47 | Regime: CHOP | Session: 0W/0L (0%) | PnL: $+0.00
[Cycle] No signal — YES=0.42 is between 0.30 and 0.70, sum=1.05 >= 0.97
[Ticker] KXSOL15M-26APR082115-15
[Market] YES=0.47 | NO=0.58 | Sum=1.05
==================================================
Balance: $116.47 | Regime: CHOP | Session: 0W/0L (0%) | PnL: $+0.00
[Cycle] No signal — YES=0.47 is between 0.30 and 0.70, sum=1.05 >= 0.97
[Ticker] KXSOL15M-26APR082115-15
[Market] YES=0.29 | NO=0.74 | Sum=1.03
==================================================
Balance: $116.47 | Regime: CHOP | Session: 0W/0L (0%) | PnL: $+0.00
[Confidence] Score=4/10 | moderate_edge,coinbase_weak,all3_agree
[Timing] Window 6 min old — skipping
[Cycle] No signal — YES=0.29 is between 0.30 and 0.70, sum=1.03 >= 0.97
[Ticker] KXSOL15M-26APR082115-15
[Market] YES=0.11 | NO=0.91 | Sum=1.02
==================================================
Balance: $116.47 | Regime: CHOP | Session: 0W/0L (0%) | PnL: $+0.00
[Confidence] Score=5/10 | strong_edge,coinbase_weak,all3_agree
[Timing] Window 7 min old — skipping
[Cycle] No signal — YES=0.11 is between 0.30 and 0.70, sum=1.02 >= 0.97
[Ticker] KXSOL15M-26APR082115-15
[Market] YES=0.09 | NO=0.93 | Sum=1.02
==================================================
Balance: $116.47 | Regime: CHOP | Session: 0W/0L (0%) | PnL: $+0.00
[Confidence] Score=4/10 | strong_edge,coinbase_weak,2of3_agree
[Timing] Window 8 min old — skipping
[Cycle] No signal — YES=0.09 is between 0.30 and 0.70, sum=1.02 >= 0.97
[Ticker] KXSOL15M-26APR082115-15
[Market] YES=0.03 | NO=0.98 | Sum=1.01
==================================================
Balance: $116.47 | Regime: CHOP | Session: 0W/0L (0%) | PnL: $+0.00
[Confidence] Score=7/10 | extreme_edge,coinbase_strong,all3_agree
[Timing] Window 9 min old — skipping
[Cycle] No signal — YES=0.03 is between 0.30 and 0.70, sum=1.01 >= 0.97
[Ticker] KXSOL15M-26APR082115-15
[Market] YES=0.03 | NO=0.98 | Sum=1.01
==================================================
Balance: $116.47 | Regime: CHOP | Session: 0W/0L (0%) | PnL: $+0.00
[Confidence] Score=6/10 | extreme_edge,coinbase_weak,all3_agree
[Timing] Window 10 min old — skipping
[Cycle] No signal — YES=0.03 is between 0.30 and 0.70, sum=1.01 >= 0.97
[Ticker] KXSOL15M-26APR082115-15
[Market] YES=0.02 | NO=0.99 | Sum=1.01
==================================================
Balance: $116.47 | Regime: CHOP | Session: 0W/0L (0%) | PnL: $+0.00
[Confidence] Score=6/10 | extreme_edge,coinbase_weak,all3_agree
[Timing] Window 11 min old — skipping
[Cycle] No signal — YES=0.02 is between 0.30 and 0.70, sum=1.01 >= 0.97
[Ticker] KXSOL15M-26APR082115-15
[Market] YES=0.01 | NO=1.00 | Sum=1.01
==================================================
Balance: $116.47 | Regime: CHOP | Session: 0W/0L (0%) | PnL: $+0.00
[Confidence] Score=5/10 | extreme_edge,coinbase_weak,2of3_agree
[Timing] Window 12 min old — skipping
[Cycle] No signal — YES=0.01 is between 0.30 and 0.70, sum=1.01 >= 0.97
[Ticker] KXSOL15M-26APR082115-15
[Market] YES=0.01 | NO=1.00 | Sum=1.00
==================================================
Balance: $116.47 | Regime: CHOP | Session: 0W/0L (0%) | PnL: $+0.00
[Confidence] Score=5/10 | extreme_edge,coinbase_weak,2of3_agree
[Timing] Window 13 min old — skipping
[Cycle] No signal — YES=0.01 is between 0.30 and 0.70, sum=1.00 >= 0.97
[Ticker] KXSOL15M-26APR082115-15
[Market] YES=0.00 | NO=1.00 | Sum=1.00
==================================================
Balance: $116.47 | Regime: CHOP | Session: 0W/0L (0%) | PnL: $+0.00
[Confidence] Score=5/10 | extreme_edge,coinbase_weak,2of3_agree
[Timing] Window 14 min old — skipping
[Cycle] No signal — YES=0.00 is between 0.30 and 0.70, sum=1.00 >= 0.97
[Ticker] KXSOL15M-26APR082115-15
[Market] YES=0.00 | NO=1.00 | Sum=1.00
==================================================
Balance: $116.47 | Regime: CHOP | Session: 0W/0L (0%) | PnL: $+0.00
[Confidence] Score=6/10 | extreme_edge,coinbase_weak,all3_agree
[Timing] Window 0 min old — skipping
[Cycle] No signal — YES=0.00 is between 0.30 and 0.70, sum=1.00 >= 0.97
[Ticker] KXSOL15M-26APR082130-30
[Market] YES=0.53 | NO=0.50 | Sum=1.03
==================================================
Balance: $116.47 | Regime: CHOP | Session: 0W/0L (0%) | PnL: $+0.00
[Cycle] No signal — YES=0.53 is between 0.30 and 0.70, sum=1.03 >= 0.97

==================================================
OpenClaw SOL Bot v4.0 — LIVE
[Startup] Live balance synced: $116.47
Balance: $116.47 | MaxBet: $0.00 | Threshold: <0.32 or >0.68
==================================================

[Startup] Resting orders cleared
[Ticker] KXSOL15M-26APR082130-30
[Market] YES=0.65 | NO=0.38 | Sum=1.03
==================================================
Balance: $116.47 | Regime: CHOP | Session: 0W/0L (0%) | PnL: $+0.00
[Cycle] No signal — YES=0.65 is between 0.32 and 0.68, sum=1.03 >= 0.97
[Ticker] KXSOL15M-26APR082130-30
[Market] YES=0.54 | NO=0.48 | Sum=1.02
==================================================
Balance: $116.47 | Regime: CHOP | Session: 0W/0L (0%) | PnL: $+0.00
[Cycle] No signal — YES=0.54 is between 0.32 and 0.68, sum=1.02 >= 0.97
[Ticker] KXSOL15M-26APR082130-30
[Market] YES=0.56 | NO=0.46 | Sum=1.02
==================================================
Balance: $116.47 | Regime: CHOP | Session: 0W/0L (0%) | PnL: $+0.00
[Cycle] No signal — YES=0.56 is between 0.32 and 0.68, sum=1.02 >= 0.97
[Ticker] KXSOL15M-26APR082130-30
[Market] YES=0.63 | NO=0.41 | Sum=1.04
==================================================
Balance: $116.47 | Regime: CHOP | Session: 0W/0L (0%) | PnL: $+0.00
[Cycle] No signal — YES=0.63 is between 0.32 and 0.68, sum=1.04 >= 0.97
[Ticker] KXSOL15M-26APR082130-30
[Market] YES=0.74 | NO=0.29 | Sum=1.03
==================================================
Balance: $116.47 | Regime: CHOP | Session: 0W/0L (0%) | PnL: $+0.00
[Confidence] Score=2/10 | moderate_edge,coinbase_weak
[Timing] Window 6 min old — skipping
[Cycle] No signal — YES=0.74 is between 0.32 and 0.68, sum=1.03 >= 0.97
[Ticker] KXSOL15M-26APR082130-30
[Market] YES=0.76 | NO=0.28 | Sum=1.04
==================================================
Balance: $116.47 | Regime: CHOP | Session: 0W/0L (0%) | PnL: $+0.00
[Confidence] Score=2/10 | moderate_edge,coinbase_weak
[Timing] Window 7 min old — skipping
[Cycle] No signal — YES=0.76 is between 0.32 and 0.68, sum=1.04 >= 0.97
[Ticker] KXSOL15M-26APR082130-30
[Market] YES=0.32 | NO=0.73 | Sum=1.05
==================================================
Balance: $116.47 | Regime: CHOP | Session: 0W/0L (0%) | PnL: $+0.00
[Cycle] No signal — YES=0.32 is between 0.32 and 0.68, sum=1.05 >= 0.97
[Ticker] KXSOL15M-26APR082130-30
[Market] YES=0.17 | NO=0.87 | Sum=1.04
==================================================
Balance: $116.47 | Regime: CHOP | Session: 0W/0L (0%) | PnL: $+0.00
[Confidence] Score=4/10 | strong_edge,coinbase_weak,2of3_agree
[Timing] Window 9 min old — skipping
[Cycle] No signal — YES=0.17 is between 0.32 and 0.68, sum=1.04 >= 0.97
[Ticker] KXSOL15M-26APR082130-30
[Market] YES=0.24 | NO=0.77 | Sum=1.01
==================================================
Balance: $116.47 | Regime: CHOP | Session: 0W/0L (0%) | PnL: $+0.00
[Confidence] Score=3/10 | moderate_edge,coinbase_weak,2of3_agree
[Timing] Window 10 min old — skipping
[Cycle] No signal — YES=0.24 is between 0.32 and 0.68, sum=1.01 >= 0.97
[Ticker] KXSOL15M-26APR082130-30
[Market] YES=0.23 | NO=0.81 | Sum=1.04
==================================================
Balance: $116.47 | Regime: CHOP | Session: 0W/0L (0%) | PnL: $+0.00
[Confidence] Score=4/10 | moderate_edge,coinbase_weak,all3_agree
[Timing] Window 11 min old — skipping
[Cycle] No signal — YES=0.23 is between 0.32 and 0.68, sum=1.04 >= 0.97
[Ticker] KXSOL15M-26APR082130-30
[Market] YES=0.31 | NO=0.73 | Sum=1.04
==================================================
Balance: $116.47 | Regime: CHOP | Session: 0W/0L (0%) | PnL: $+0.00
[Signal] Edge 0.19 below minimum 0.2 — skipping
[Cycle] No signal — YES=0.31 is between 0.32 and 0.68, sum=1.04 >= 0.97
[Ticker] KXSOL15M-26APR082130-30
[Market] YES=0.51 | NO=0.55 | Sum=1.06
==================================================
Balance: $116.47 | Regime: CHOP | Session: 0W/0L (0%) | PnL: $+0.00
[Cycle] No signal — YES=0.51 is between 0.32 and 0.68, sum=1.06 >= 0.97
[Ticker] KXSOL15M-26APR082130-30
[Market] YES=0.01 | NO=1.00 | Sum=1.01
==================================================
Balance: $116.47 | Regime: CHOP | Session: 0W/0L (0%) | PnL: $+0.00
[Confidence] Score=6/10 | extreme_edge,coinbase_weak,all3_agree
[Timing] Window 14 min old — skipping
[Cycle] No signal — YES=0.01 is between 0.32 and 0.68, sum=1.01 >= 0.97
[Ticker] KXSOL15M-26APR082145-45
[Market] YES=0.51 | NO=0.55 | Sum=1.06
==================================================
Balance: $116.47 | Regime: CHOP | Session: 0W/0L (0%) | PnL: $+0.00
[Cycle] No signal — YES=0.51 is between 0.32 and 0.68, sum=1.06 >= 0.97
[Ticker] KXSOL15M-26APR082145-45
[Market] YES=0.62 | NO=0.43 | Sum=1.05
==================================================
Balance: $116.47 | Regime: CHOP | Session: 0W/0L (0%) | PnL: $+0.00
[Cycle] No signal — YES=0.62 is between 0.32 and 0.68, sum=1.05 >= 0.97
[Ticker] KXSOL15M-26APR082145-45
[Market] YES=0.84 | NO=0.20 | Sum=1.04
==================================================
Balance: $116.47 | Regime: CHOP | Session: 0W/0L (0%) | PnL: $+0.00
[Confidence] Score=3/10 | strong_edge,coinbase_weak
[Signal] UP candidate | yes=0.84 | waiting (1/2)
[Cycle] No signal — YES=0.84 is between 0.32 and 0.68, sum=1.04 >= 0.97
[Ticker] KXSOL15M-26APR082145-45
[Market] YES=0.90 | NO=0.12 | Sum=1.02
==================================================
Balance: $116.47 | Regime: CHOP | Session: 0W/0L (0%) | PnL: $+0.00
[Confidence] Score=4/10 | strong_edge,coinbase_weak,2of3_agree
[Coinbase] Confirms UP | $82 gap=+0 (0.36%)
[Kraken] Divergence 86056.07% — bet trimmed
[Correlation] Markets diverging — bet trimmed
[Signal] CONFIRMED UP | yes=0.90 | edge=0.40 | bet=$2.11
[CorrGuard] 2 bots already fired — skipping to avoid correlated loss
[Cycle] No signal — YES=0.90 is between 0.32 and 0.68, sum=1.02 >= 0.97
[Ticker] KXSOL15M-26APR082145-45
[Market] YES=0.91 | NO=0.11 | Sum=1.02
==================================================
Balance: $116.47 | Regime: CHOP | Session: 0W/0L (0%) | PnL: $+0.00
[Confidence] Score=3/10 | strong_edge,coinbase_weak
[Coinbase] Confirms UP | $82 gap=+0 (0.39%)
[Kraken] Divergence 86006.16% — bet trimmed
[Correlation] Markets diverging — bet trimmed
[Signal] CONFIRMED UP | yes=0.91 | edge=0.41 | bet=$2.11
[CorrGuard] 2 bots already fired — skipping to avoid correlated loss
[Cycle] No signal — YES=0.91 is between 0.32 and 0.68, sum=1.02 >= 0.97
[Ticker] KXSOL15M-26APR082145-45
[Market] YES=0.92 | NO=0.10 | Sum=1.02
==================================================
Balance: $116.47 | Regime: CHOP | Session: 0W/0L (0%) | PnL: $+0.00
[Confidence] Score=3/10 | strong_edge,coinbase_weak
[Timing] Window 5 min old — skipping
[Cycle] No signal — YES=0.92 is between 0.32 and 0.68, sum=1.02 >= 0.97
[Ticker] KXSOL15M-26APR082145-45
[Market] YES=0.90 | NO=0.11 | Sum=1.01
==================================================
Balance: $116.47 | Regime: CHOP | Session: 0W/0L (0%) | PnL: $+0.00
[Confidence] Score=3/10 | strong_edge,coinbase_weak
[Timing] Window 6 min old — skipping
[Cycle] No signal — YES=0.90 is between 0.32 and 0.68, sum=1.01 >= 0.97
[Ticker] KXSOL15M-26APR082145-45
[Market] YES=0.88 | NO=0.16 | Sum=1.04
==================================================
Balance: $116.47 | Regime: CHOP | Session: 0W/0L (0%) | PnL: $+0.00
[Confidence] Score=3/10 | strong_edge,coinbase_weak
[Timing] Window 7 min old — skipping
[Cycle] No signal — YES=0.88 is between 0.32 and 0.68, sum=1.04 >= 0.97
[Ticker] KXSOL15M-26APR082145-45
[Market] YES=0.72 | NO=0.29 | Sum=1.01
==================================================
Balance: $116.47 | Regime: CHOP | Session: 0W/0L (0%) | PnL: $+0.00
[Confidence] Score=2/10 | moderate_edge,coinbase_weak
[Timing] Window 8 min old — skipping
[Cycle] No signal — YES=0.72 is between 0.32 and 0.68, sum=1.01 >= 0.97
[Ticker] KXSOL15M-26APR082145-45
[Market] YES=0.72 | NO=0.32 | Sum=1.04
==================================================
Balance: $116.47 | Regime: CHOP | Session: 0W/0L (0%) | PnL: $+0.00
[Confidence] Score=2/10 | moderate_edge,coinbase_weak
[Timing] Window 9 min old — skipping
[Cycle] No signal — YES=0.72 is between 0.32 and 0.68, sum=1.04 >= 0.97
[Ticker] KXSOL15M-26APR082145-45
[Market] YES=0.82 | NO=0.19 | Sum=1.01
==================================================
Balance: $116.47 | Regime: CHOP | Session: 0W/0L (0%) | PnL: $+0.00
[Confidence] Score=3/10 | strong_edge,coinbase_weak
[Timing] Window 10 min old — skipping
[Cycle] No signal — YES=0.82 is between 0.32 and 0.68, sum=1.01 >= 0.97
[Ticker] KXSOL15M-26APR082145-45
[Market] YES=0.87 | NO=0.16 | Sum=1.03
==================================================
Balance: $116.47 | Regime: CHOP | Session: 0W/0L (0%) | PnL: $+0.00
[Confidence] Score=3/10 | strong_edge,coinbase_weak
[Timing] Window 11 min old — skipping
[Cycle] No signal — YES=0.87 is between 0.32 and 0.68, sum=1.03 >= 0.97
[Ticker] KXSOL15M-26APR082145-45
[Market] YES=0.83 | NO=0.20 | Sum=1.03
==================================================
Balance: $116.47 | Regime: CHOP | Session: 0W/0L (0%) | PnL: $+0.00
[Confidence] Score=3/10 | strong_edge,coinbase_weak
[Timing] Window 12 min old — skipping
[Cycle] No signal — YES=0.83 is between 0.32 and 0.68, sum=1.03 >= 0.97
[Ticker] KXSOL15M-26APR082145-45
[Market] YES=0.95 | NO=0.06 | Sum=1.01
==================================================
Balance: $116.47 | Regime: CHOP | Session: 0W/0L (0%) | PnL: $+0.00
[Confidence] Score=3/10 | strong_edge,coinbase_weak
[Timing] Window 13 min old — skipping
[Cycle] No signal — YES=0.95 is between 0.32 and 0.68, sum=1.01 >= 0.97
[Ticker] KXSOL15M-26APR082145-45
[Market] YES=1.00 | NO=0.00 | Sum=1.00
==================================================
Balance: $116.47 | Regime: CHOP | Session: 0W/0L (0%) | PnL: $+0.00
[Confidence] Score=4/10 | extreme_edge,coinbase_weak
[Timing] Window 14 min old — skipping
[Cycle] No signal — YES=1.00 is between 0.32 and 0.68, sum=1.00 >= 0.97
[Ticker] KXSOL15M-26APR082145-45
[Market] YES=1.00 | NO=0.00 | Sum=1.00
==================================================
Balance: $116.47 | Regime: CHOP | Session: 0W/0L (0%) | PnL: $+0.00
[Confidence] Score=4/10 | extreme_edge,coinbase_weak
[Timing] Window 0 min old — skipping
[Cycle] No signal — YES=1.00 is between 0.32 and 0.68, sum=1.00 >= 0.97
[Ticker] KXSOL15M-26APR082200-00
[Market] YES=0.57 | NO=0.45 | Sum=1.02
==================================================
Balance: $116.47 | Regime: CHOP | Session: 0W/0L (0%) | PnL: $+0.00
[Cycle] No signal — YES=0.57 is between 0.32 and 0.68, sum=1.02 >= 0.97
[Ticker] KXSOL15M-26APR082200-00
[Market] YES=0.51 | NO=0.54 | Sum=1.05
==================================================
Balance: $116.47 | Regime: CHOP | Session: 0W/0L (0%) | PnL: $+0.00
[Cycle] No signal — YES=0.51 is between 0.32 and 0.68, sum=1.05 >= 0.97
[Ticker] KXSOL15M-26APR082200-00
[Market] YES=0.42 | NO=0.61 | Sum=1.03
==================================================
Balance: $116.47 | Regime: CHOP | Session: 0W/0L (0%) | PnL: $+0.00
[Cycle] No signal — YES=0.42 is between 0.32 and 0.68, sum=1.03 >= 0.97
[Ticker] KXSOL15M-26APR082200-00
[Market] YES=0.57 | NO=0.48 | Sum=1.05
==================================================
Balance: $116.47 | Regime: CHOP | Session: 0W/0L (0%) | PnL: $+0.00
[Cycle] No signal — YES=0.57 is between 0.32 and 0.68, sum=1.05 >= 0.97
[Ticker] KXSOL15M-26APR082200-00
[Market] YES=0.81 | NO=0.24 | Sum=1.05
==================================================
Balance: $116.47 | Regime: CHOP | Session: 0W/0L (0%) | PnL: $+0.00
[Confidence] Score=3/10 | strong_edge,coinbase_weak
[Timing] Window 5 min old — skipping
[Cycle] No signal — YES=0.81 is between 0.32 and 0.68, sum=1.05 >= 0.97
[Ticker] KXSOL15M-26APR082200-00
[Market] YES=0.87 | NO=0.17 | Sum=1.04
==================================================
Balance: $116.47 | Regime: CHOP | Session: 0W/0L (0%) | PnL: $+0.00
[Confidence] Score=3/10 | strong_edge,coinbase_weak
[Timing] Window 6 min old — skipping
[Cycle] No signal — YES=0.87 is between 0.32 and 0.68, sum=1.04 >= 0.97
[Ticker] KXSOL15M-26APR082200-00
[Market] YES=0.88 | NO=0.15 | Sum=1.03
==================================================
Balance: $116.47 | Regime: CHOP | Session: 0W/0L (0%) | PnL: $+0.00
[Confidence] Score=3/10 | strong_edge,coinbase_weak
[Timing] Window 7 min old — skipping
[Cycle] No signal — YES=0.88 is between 0.32 and 0.68, sum=1.03 >= 0.97
[Ticker] KXSOL15M-26APR082200-00
[Market] YES=0.94 | NO=0.08 | Sum=1.02
==================================================
Balance: $116.47 | Regime: CHOP | Session: 0W/0L (0%) | PnL: $+0.00
[Confidence] Score=3/10 | strong_edge,coinbase_weak
[Timing] Window 8 min old — skipping
[Cycle] No signal — YES=0.94 is between 0.32 and 0.68, sum=1.02 >= 0.97
[Ticker] KXSOL15M-26APR082200-00
[Market] YES=0.93 | NO=0.09 | Sum=1.02
==================================================
Balance: $116.47 | Regime: CHOP | Session: 0W/0L (0%) | PnL: $+0.00
[Confidence] Score=3/10 | strong_edge,coinbase_weak
[Timing] Window 9 min old — skipping
[Cycle] No signal — YES=0.93 is between 0.32 and 0.68, sum=1.02 >= 0.97
[Ticker] KXSOL15M-26APR082200-00
[Market] YES=0.99 | NO=0.02 | Sum=1.01
==================================================
Balance: $116.47 | Regime: CHOP | Session: 0W/0L (0%) | PnL: $+0.00
[Confidence] Score=4/10 | extreme_edge,coinbase_weak
[Timing] Window 10 min old — skipping
[Cycle] No signal — YES=0.99 is between 0.32 and 0.68, sum=1.01 >= 0.97
[Ticker] KXSOL15M-26APR082200-00
[Market] YES=0.98 | NO=0.02 | Sum=1.00
==================================================
Balance: $116.47 | Regime: CHOP | Session: 0W/0L (0%) | PnL: $+0.00
[Confidence] Score=4/10 | extreme_edge,coinbase_weak
[Timing] Window 11 min old — skipping
[Cycle] No signal — YES=0.98 is between 0.32 and 0.68, sum=1.00 >= 0.97
[Ticker] KXSOL15M-26APR082200-00
[Market] YES=1.00 | NO=0.01 | Sum=1.00
==================================================
Balance: $116.47 | Regime: CHOP | Session: 0W/0L (0%) | PnL: $+0.00
[Confidence] Score=4/10 | extreme_edge,coinbase_weak
[Timing] Window 12 min old — skipping
[Cycle] No signal — YES=1.00 is between 0.32 and 0.68, sum=1.00 >= 0.97
[Ticker] KXSOL15M-26APR082200-00
[Market] YES=1.00 | NO=0.01 | Sum=1.00
==================================================
Balance: $116.47 | Regime: CHOP | Session: 0W/0L (0%) | PnL: $+0.00
[Confidence] Score=4/10 | extreme_edge,coinbase_weak
[Timing] Window 13 min old — skipping
[Cycle] No signal — YES=1.00 is between 0.32 and 0.68, sum=1.00 >= 0.97
[Ticker] KXSOL15M-26APR082200-00
[Market] YES=1.00 | NO=0.00 | Sum=1.00
==================================================
Balance: $116.47 | Regime: CHOP | Session: 0W/0L (0%) | PnL: $+0.00
[Confidence] Score=4/10 | extreme_edge,coinbase_weak
[Timing] Window 14 min old — skipping
[Cycle] No signal — YES=1.00 is between 0.32 and 0.68, sum=1.00 >= 0.97
[Ticker] KXSOL15M-26APR082215-15
[Market] YES=0.51 | NO=0.55 | Sum=1.06
==================================================
Balance: $116.47 | Regime: CHOP | Session: 0W/0L (0%) | PnL: $+0.00
[Cycle] No signal — YES=0.51 is between 0.32 and 0.68, sum=1.06 >= 0.97
[Ticker] KXSOL15M-26APR082215-15
[Market] YES=0.66 | NO=0.35 | Sum=1.01
==================================================
Balance: $116.47 | Regime: CHOP | Session: 0W/0L (0%) | PnL: $+0.00
[Cycle] No signal — YES=0.66 is between 0.32 and 0.68, sum=1.01 >= 0.97
[Ticker] KXSOL15M-26APR082215-15
[Market] YES=0.57 | NO=0.44 | Sum=1.01
==================================================
Balance: $116.47 | Regime: CHOP | Session: 0W/0L (0%) | PnL: $+0.00
[Cycle] No signal — YES=0.57 is between 0.32 and 0.68, sum=1.01 >= 0.97
[Ticker] KXSOL15M-26APR082215-15
[Market] YES=0.51 | NO=0.54 | Sum=1.05
==================================================
Balance: $116.47 | Regime: CHOP | Session: 0W/0L (0%) | PnL: $+0.00
[Cycle] No signal — YES=0.51 is between 0.32 and 0.68, sum=1.05 >= 0.97
[Ticker] KXSOL15M-26APR082215-15
[Market] YES=0.38 | NO=0.64 | Sum=1.02
==================================================
Balance: $116.47 | Regime: CHOP | Session: 0W/0L (0%) | PnL: $+0.00
[Cycle] No signal — YES=0.38 is between 0.32 and 0.68, sum=1.02 >= 0.97
[Ticker] KXSOL15M-26APR082215-15
[Market] YES=0.40 | NO=0.65 | Sum=1.05
==================================================
Balance: $116.47 | Regime: CHOP | Session: 0W/0L (0%) | PnL: $+0.00
[Cycle] No signal — YES=0.40 is between 0.32 and 0.68, sum=1.05 >= 0.97
[Ticker] KXSOL15M-26APR082215-15
[Market] YES=0.38 | NO=0.67 | Sum=1.05
==================================================
Balance: $116.47 | Regime: CHOP | Session: 0W/0L (0%) | PnL: $+0.00
[Cycle] No signal — YES=0.38 is between 0.32 and 0.68, sum=1.05 >= 0.97
[Ticker] KXSOL15M-26APR082215-15
[Market] YES=0.30 | NO=0.74 | Sum=1.04
==================================================
Balance: $116.47 | Regime: CHOP | Session: 0W/0L (0%) | PnL: $+0.00
[Confidence] Score=4/10 | moderate_edge,coinbase_weak,all3_agree
[Timing] Window 7 min old — skipping
[Cycle] No signal — YES=0.30 is between 0.32 and 0.68, sum=1.04 >= 0.97
[Ticker] KXSOL15M-26APR082215-15
[Market] YES=0.27 | NO=0.77 | Sum=1.04
==================================================
Balance: $116.47 | Regime: CHOP | Session: 0W/0L (0%) | PnL: $+0.00
[Confidence] Score=4/10 | moderate_edge,coinbase_weak,all3_agree
[Timing] Window 8 min old — skipping
[Cycle] No signal — YES=0.27 is between 0.32 and 0.68, sum=1.04 >= 0.97
[Ticker] KXSOL15M-26APR082215-15
[Market] YES=0.48 | NO=0.57 | Sum=1.05
==================================================
Balance: $116.47 | Regime: CHOP | Session: 0W/0L (0%) | PnL: $+0.00
[Cycle] No signal — YES=0.48 is between 0.32 and 0.68, sum=1.05 >= 0.97
[Ticker] KXSOL15M-26APR082215-15
[Market] YES=0.61 | NO=0.44 | Sum=1.05
==================================================
Balance: $116.47 | Regime: CHOP | Session: 0W/0L (0%) | PnL: $+0.00
[Cycle] No signal — YES=0.61 is between 0.32 and 0.68, sum=1.05 >= 0.97
[Ticker] KXSOL15M-26APR082215-15
[Market] YES=0.51 | NO=0.54 | Sum=1.05
==================================================
Balance: $116.47 | Regime: CHOP | Session: 0W/0L (0%) | PnL: $+0.00
[Cycle] No signal — YES=0.51 is between 0.32 and 0.68, sum=1.05 >= 0.97
[Ticker] KXSOL15M-26APR082215-15
[Market] YES=0.60 | NO=0.44 | Sum=1.04
==================================================
Balance: $116.47 | Regime: CHOP | Session: 0W/0L (0%) | PnL: $+0.00
[Cycle] No signal — YES=0.60 is between 0.32 and 0.68, sum=1.04 >= 0.97
[Ticker] KXSOL15M-26APR082215-15
[Market] YES=0.44 | NO=0.61 | Sum=1.05
==================================================
Balance: $116.47 | Regime: CHOP | Session: 0W/0L (0%) | PnL: $+0.00
[Cycle] No signal — YES=0.44 is between 0.32 and 0.68, sum=1.05 >= 0.97
[Ticker] KXSOL15M-26APR082215-15
[Market] YES=0.00 | NO=1.00 | Sum=1.00
==================================================
Balance: $116.47 | Regime: CHOP | Session: 0W/0L (0%) | PnL: $+0.00
[Confidence] Score=6/10 | extreme_edge,coinbase_weak,all3_agree
[Timing] Window 14 min old — skipping
[Cycle] No signal — YES=0.00 is between 0.32 and 0.68, sum=1.00 >= 0.97
[Ticker] KXSOL15M-26APR082215-15
[Market] YES=0.00 | NO=1.00 | Sum=1.00
==================================================
Balance: $116.47 | Regime: CHOP | Session: 0W/0L (0%) | PnL: $+0.00
[Confidence] Score=5/10 | extreme_edge,coinbase_weak,2of3_agree
[Timing] Window 0 min old — skipping
[Cycle] No signal — YES=0.00 is between 0.32 and 0.68, sum=1.00 >= 0.97
[Ticker] KXSOL15M-26APR082230-30
[Market] YES=0.57 | NO=0.45 | Sum=1.02
==================================================
Balance: $116.47 | Regime: CHOP | Session: 0W/0L (0%) | PnL: $+0.00
[Cycle] No signal — YES=0.57 is between 0.32 and 0.68, sum=1.02 >= 0.97
[Ticker] KXSOL15M-26APR082230-30
[Market] YES=0.65 | NO=0.40 | Sum=1.05
==================================================
Balance: $116.47 | Regime: CHOP | Session: 0W/0L (0%) | PnL: $+0.00
[Cycle] No signal — YES=0.65 is between 0.32 and 0.68, sum=1.05 >= 0.97
[Ticker] KXSOL15M-26APR082230-30
[Market] YES=0.76 | NO=0.26 | Sum=1.02
==================================================
Balance: $116.47 | Regime: CHOP | Session: 0W/0L (0%) | PnL: $+0.00
[Confidence] Score=2/10 | moderate_edge,coinbase_weak
[Signal] UP candidate | yes=0.76 | waiting (1/2)
[Cycle] No signal — YES=0.76 is between 0.32 and 0.68, sum=1.02 >= 0.97
[Ticker] KXSOL15M-26APR082230-30
[Market] YES=0.81 | NO=0.24 | Sum=1.05
==================================================
Balance: $116.47 | Regime: CHOP | Session: 0W/0L (0%) | PnL: $+0.00
[Confidence] Score=3/10 | strong_edge,coinbase_weak
[Coinbase] Confirms UP | $82 gap=+0 (0.14%)
[Kraken] Divergence 86060.57% — bet trimmed
[Correlation] 2/3 agree UP
[Signal] CONFIRMED UP | yes=0.81 | edge=0.31 | bet=$1.80
[Safety] Balance $116.47 below floor $120.00
🛑 OpenClaw SOL Bot v4.0 halted: Balance $116.47 below floor $120.00

==================================================
OpenClaw SOL Bot v4.0 — LIVE
[Startup] Live balance synced: $116.47
Balance: $116.47 | MaxBet: $0.00 | Threshold: <0.32 or >0.68
==================================================

[Startup] Resting orders cleared
[Ticker] KXSOL15M-26APR082230-30
[Market] YES=0.82 | NO=0.23 | Sum=1.05
==================================================
Balance: $116.47 | Regime: CHOP | Session: 0W/0L (0%) | PnL: $+0.00
[Confidence] Score=3/10 | strong_edge,coinbase_weak
[Signal] UP candidate | yes=0.82 | waiting (1/2)
[Cycle] No signal — YES=0.82 is between 0.32 and 0.68, sum=1.05 >= 0.97
[Ticker] KXSOL15M-26APR082230-30
[Market] YES=0.87 | NO=0.17 | Sum=1.04
==================================================
Balance: $116.47 | Regime: CHOP | Session: 0W/0L (0%) | PnL: $+0.00
[Confidence] Score=3/10 | strong_edge,coinbase_weak
[Timing] Window 5 min old — skipping
[Cycle] No signal — YES=0.87 is between 0.32 and 0.68, sum=1.04 >= 0.97
[Ticker] KXSOL15M-26APR082230-30
[Market] YES=0.90 | NO=0.14 | Sum=1.04
==================================================
Balance: $116.47 | Regime: CHOP | Session: 0W/0L (0%) | PnL: $+0.00
[Confidence] Score=3/10 | strong_edge,coinbase_weak
[Timing] Window 6 min old — skipping
[Cycle] No signal — YES=0.90 is between 0.32 and 0.68, sum=1.04 >= 0.97
[Ticker] KXSOL15M-26APR082230-30
[Market] YES=0.88 | NO=0.16 | Sum=1.04
==================================================
Balance: $116.47 | Regime: CHOP | Session: 0W/0L (0%) | PnL: $+0.00
[Confidence] Score=3/10 | strong_edge,coinbase_weak
[Timing] Window 7 min old — skipping
[Cycle] No signal — YES=0.88 is between 0.32 and 0.68, sum=1.04 >= 0.97
[Ticker] KXSOL15M-26APR082230-30
[Market] YES=0.93 | NO=0.10 | Sum=1.03
==================================================
Balance: $116.47 | Regime: CHOP | Session: 0W/0L (0%) | PnL: $+0.00
[Confidence] Score=3/10 | strong_edge,coinbase_weak
[Timing] Window 8 min old — skipping
[Cycle] No signal — YES=0.93 is between 0.32 and 0.68, sum=1.03 >= 0.97
[Ticker] KXSOL15M-26APR082230-30
[Market] YES=0.98 | NO=0.05 | Sum=1.03
==================================================
Balance: $116.47 | Regime: CHOP | Session: 0W/0L (0%) | PnL: $+0.00
[Confidence] Score=4/10 | extreme_edge,coinbase_weak
[Timing] Window 9 min old — skipping
[Cycle] No signal — YES=0.98 is between 0.32 and 0.68, sum=1.03 >= 0.97
[Ticker] KXSOL15M-26APR082230-30
[Market] YES=0.99 | NO=0.03 | Sum=1.02
==================================================
Balance: $116.47 | Regime: CHOP | Session: 0W/0L (0%) | PnL: $+0.00
[Confidence] Score=4/10 | extreme_edge,coinbase_weak
[Timing] Window 10 min old — skipping
[Cycle] No signal — YES=0.99 is between 0.32 and 0.68, sum=1.02 >= 0.97
[Ticker] KXSOL15M-26APR082230-30
[Market] YES=0.99 | NO=0.01 | Sum=1.00
==================================================
Balance: $116.47 | Regime: CHOP | Session: 0W/0L (0%) | PnL: $+0.00
[Confidence] Score=4/10 | extreme_edge,coinbase_weak
[Timing] Window 11 min old — skipping
[Cycle] No signal — YES=0.99 is between 0.32 and 0.68, sum=1.00 >= 0.97
[Ticker] KXSOL15M-26APR082230-30
[Market] YES=1.00 | NO=0.00 | Sum=1.00
==================================================
Balance: $116.47 | Regime: CHOP | Session: 0W/0L (0%) | PnL: $+0.00
[Confidence] Score=4/10 | extreme_edge,coinbase_weak
[Timing] Window 12 min old — skipping
[Cycle] No signal — YES=1.00 is between 0.32 and 0.68, sum=1.00 >= 0.97
[Ticker] KXSOL15M-26APR082230-30
[Market] YES=1.00 | NO=0.00 | Sum=1.00
==================================================
Balance: $116.47 | Regime: CHOP | Session: 0W/0L (0%) | PnL: $+0.00
[Confidence] Score=4/10 | extreme_edge,coinbase_weak
[Timing] Window 13 min old — skipping
[Cycle] No signal — YES=1.00 is between 0.32 and 0.68, sum=1.00 >= 0.97
[Ticker] KXSOL15M-26APR082230-30
[Market] YES=1.00 | NO=0.00 | Sum=1.00
==================================================
Balance: $116.47 | Regime: CHOP | Session: 0W/0L (0%) | PnL: $+0.00
[Confidence] Score=4/10 | extreme_edge,coinbase_weak
[Timing] Window 14 min old — skipping
[Cycle] No signal — YES=1.00 is between 0.32 and 0.68, sum=1.00 >= 0.97
[Ticker] KXSOL15M-26APR082245-45
[Market] YES=0.50 | NO=0.54 | Sum=1.04
==================================================
Balance: $116.47 | Regime: CHOP | Session: 0W/0L (0%) | PnL: $+0.00
[Cycle] No signal — YES=0.50 is between 0.32 and 0.68, sum=1.04 >= 0.97
[Ticker] KXSOL15M-26APR082245-45
[Market] YES=0.42 | NO=0.60 | Sum=1.02
==================================================
Balance: $116.47 | Regime: CHOP | Session: 0W/0L (0%) | PnL: $+0.00
[Cycle] No signal — YES=0.42 is between 0.32 and 0.68, sum=1.02 >= 0.97
[Ticker] KXSOL15M-26APR082245-45
[Market] YES=0.44 | NO=0.60 | Sum=1.04
==================================================
Balance: $116.47 | Regime: CHOP | Session: 0W/0L (0%) | PnL: $+0.00
[Cycle] No signal — YES=0.44 is between 0.32 and 0.68, sum=1.04 >= 0.97
[Ticker] KXSOL15M-26APR082245-45
[Market] YES=0.44 | NO=0.59 | Sum=1.03
==================================================
Balance: $116.47 | Regime: CHOP | Session: 0W/0L (0%) | PnL: $+0.00
[Cycle] No signal — YES=0.44 is between 0.32 and 0.68, sum=1.03 >= 0.97
[Ticker] KXSOL15M-26APR082245-45
[Market] YES=0.40 | NO=0.65 | Sum=1.05
==================================================
Balance: $116.47 | Regime: CHOP | Session: 0W/0L (0%) | PnL: $+0.00
[Cycle] No signal — YES=0.40 is between 0.32 and 0.68, sum=1.05 >= 0.97
[Ticker] KXSOL15M-26APR082245-45
[Market] YES=0.35 | NO=0.70 | Sum=1.05
==================================================
Balance: $116.47 | Regime: CHOP | Session: 0W/0L (0%) | PnL: $+0.00
[Cycle] No signal — YES=0.35 is between 0.32 and 0.68, sum=1.05 >= 0.97
[Ticker] KXSOL15M-26APR082245-45
[Market] YES=0.32 | NO=0.72 | Sum=1.04
==================================================
Balance: $116.47 | Regime: CHOP | Session: 0W/0L (0%) | PnL: $+0.00
[Cycle] No signal — YES=0.32 is between 0.32 and 0.68, sum=1.04 >= 0.97
[Ticker] KXSOL15M-26APR082245-45
[Market] YES=0.19 | NO=0.84 | Sum=1.03
==================================================
Balance: $116.47 | Regime: CHOP | Session: 0W/0L (0%) | PnL: $+0.00
[Confidence] Score=5/10 | strong_edge,coinbase_weak,all3_agree
[Timing] Window 7 min old — skipping
[Cycle] No signal — YES=0.19 is between 0.32 and 0.68, sum=1.03 >= 0.97
[Ticker] KXSOL15M-26APR082245-45
[Market] YES=0.10 | NO=0.93 | Sum=1.03
==================================================
Balance: $116.47 | Regime: CHOP | Session: 0W/0L (0%) | PnL: $+0.00
[Confidence] Score=5/10 | strong_edge,coinbase_weak,all3_agree
[Timing] Window 8 min old — skipping
[Cycle] No signal — YES=0.10 is between 0.32 and 0.68, sum=1.03 >= 0.97
[Ticker] KXSOL15M-26APR082245-45
[Market] YES=0.15 | NO=0.87 | Sum=1.02
==================================================
Balance: $116.47 | Regime: CHOP | Session: 0W/0L (0%) | PnL: $+0.00
[Confidence] Score=5/10 | strong_edge,coinbase_weak,all3_agree
[Timing] Window 9 min old — skipping
[Cycle] No signal — YES=0.15 is between 0.32 and 0.68, sum=1.02 >= 0.97
[Ticker] KXSOL15M-26APR082245-45
[Market] YES=0.05 | NO=0.97 | Sum=1.02
==================================================
Balance: $116.47 | Regime: CHOP | Session: 0W/0L (0%) | PnL: $+0.00
[Confidence] Score=5/10 | extreme_edge,coinbase_weak,2of3_agree
[Timing] Window 10 min old — skipping
[Cycle] No signal — YES=0.05 is between 0.32 and 0.68, sum=1.02 >= 0.97
[Ticker] KXSOL15M-26APR082245-45
[Market] YES=0.01 | NO=1.00 | Sum=1.01
==================================================
Balance: $116.47 | Regime: CHOP | Session: 0W/0L (0%) | PnL: $+0.00
[Confidence] Score=5/10 | extreme_edge,coinbase_weak,2of3_agree
[Timing] Window 11 min old — skipping
[Cycle] No signal — YES=0.01 is between 0.32 and 0.68, sum=1.01 >= 0.97
[Ticker] KXSOL15M-26APR082245-45
[Market] YES=0.00 | NO=1.00 | Sum=1.00
==================================================
Balance: $116.47 | Regime: CHOP | Session: 0W/0L (0%) | PnL: $+0.00
[Confidence] Score=6/10 | extreme_edge,coinbase_weak,all3_agree
[Timing] Window 12 min old — skipping
[Cycle] No signal — YES=0.00 is between 0.32 and 0.68, sum=1.00 >= 0.97
[Ticker] KXSOL15M-26APR082245-45
[Market] YES=0.00 | NO=1.00 | Sum=1.00
==================================================
Balance: $116.47 | Regime: CHOP | Session: 0W/0L (0%) | PnL: $+0.00
[Confidence] Score=6/10 | extreme_edge,coinbase_weak,all3_agree
[Timing] Window 13 min old — skipping
[Cycle] No signal — YES=0.00 is between 0.32 and 0.68, sum=1.00 >= 0.97
[Ticker] KXSOL15M-26APR082245-45
[Market] YES=0.00 | NO=1.00 | Sum=1.00
==================================================
Balance: $116.47 | Regime: CHOP | Session: 0W/0L (0%) | PnL: $+0.00
[Confidence] Score=6/10 | extreme_edge,coinbase_weak,all3_agree
[Timing] Window 14 min old — skipping
[Cycle] No signal — YES=0.00 is between 0.32 and 0.68, sum=1.00 >= 0.97
[Ticker] KXSOL15M-26APR082300-00
[Market] YES=0.50 | NO=0.52 | Sum=1.02
==================================================
Balance: $116.47 | Regime: CHOP | Session: 0W/0L (0%) | PnL: $+0.00
[Cycle] No signal — YES=0.50 is between 0.32 and 0.68, sum=1.02 >= 0.97
[Ticker] KXSOL15M-26APR082300-00
[Market] YES=0.74 | NO=0.29 | Sum=1.03
==================================================
Balance: $116.47 | Regime: CHOP | Session: 0W/0L (0%) | PnL: $+0.00
[Confidence] Score=2/10 | moderate_edge,coinbase_weak
[Signal] UP candidate | yes=0.74 | waiting (1/2)
[Cycle] No signal — YES=0.74 is between 0.32 and 0.68, sum=1.03 >= 0.97
[Ticker] KXSOL15M-26APR082300-00
[Market] YES=0.67 | NO=0.37 | Sum=1.04
==================================================
Balance: $116.47 | Regime: CHOP | Session: 0W/0L (0%) | PnL: $+0.00
[Cycle] No signal — YES=0.67 is between 0.32 and 0.68, sum=1.04 >= 0.97
[Ticker] KXSOL15M-26APR082300-00
[Market] YES=0.67 | NO=0.38 | Sum=1.05
==================================================
Balance: $116.47 | Regime: CHOP | Session: 0W/0L (0%) | PnL: $+0.00
[Cycle] No signal — YES=0.67 is between 0.32 and 0.68, sum=1.05 >= 0.97
[Ticker] KXSOL15M-26APR082300-00
[Market] YES=0.58 | NO=0.43 | Sum=1.01
==================================================
Balance: $116.47 | Regime: CHOP | Session: 0W/0L (0%) | PnL: $+0.00
[Cycle] No signal — YES=0.58 is between 0.32 and 0.68, sum=1.01 >= 0.97
[Ticker] KXSOL15M-26APR082300-00
[Market] YES=0.52 | NO=0.53 | Sum=1.05
==================================================
Balance: $116.47 | Regime: CHOP | Session: 0W/0L (0%) | PnL: $+0.00
[Cycle] No signal — YES=0.52 is between 0.32 and 0.68, sum=1.05 >= 0.97
[Ticker] KXSOL15M-26APR082300-00
[Market] YES=0.59 | NO=0.42 | Sum=1.01
==================================================
Balance: $116.47 | Regime: CHOP | Session: 0W/0L (0%) | PnL: $+0.00
[Cycle] No signal — YES=0.59 is between 0.32 and 0.68, sum=1.01 >= 0.97
[Ticker] KXSOL15M-26APR082300-00
[Market] YES=0.74 | NO=0.31 | Sum=1.05
==================================================
Balance: $116.47 | Regime: CHOP | Session: 0W/0L (0%) | PnL: $+0.00
[Confidence] Score=2/10 | moderate_edge,coinbase_weak
[Timing] Window 7 min old — skipping
[Cycle] No signal — YES=0.74 is between 0.32 and 0.68, sum=1.05 >= 0.97
[Ticker] KXSOL15M-26APR082300-00
[Market] YES=0.55 | NO=0.50 | Sum=1.05
==================================================
Balance: $116.47 | Regime: CHOP | Session: 0W/0L (0%) | PnL: $+0.00
[Cycle] No signal — YES=0.55 is between 0.32 and 0.68, sum=1.05 >= 0.97
[Ticker] KXSOL15M-26APR082300-00
[Market] YES=0.64 | NO=0.41 | Sum=1.05
==================================================
Balance: $116.47 | Regime: CHOP | Session: 0W/0L (0%) | PnL: $+0.00
[Cycle] No signal — YES=0.64 is between 0.32 and 0.68, sum=1.05 >= 0.97
[Ticker] KXSOL15M-26APR082300-00
[Market] YES=0.62 | NO=0.43 | Sum=1.05
==================================================
Balance: $116.47 | Regime: CHOP | Session: 0W/0L (0%) | PnL: $+0.00
[Cycle] No signal — YES=0.62 is between 0.32 and 0.68, sum=1.05 >= 0.97
[Ticker] KXSOL15M-26APR082300-00
[Market] YES=0.34 | NO=0.68 | Sum=1.02
==================================================
Balance: $116.47 | Regime: CHOP | Session: 0W/0L (0%) | PnL: $+0.00
[Cycle] No signal — YES=0.34 is between 0.32 and 0.68, sum=1.02 >= 0.97
[Ticker] KXSOL15M-26APR082300-00
[Market] YES=0.13 | NO=0.88 | Sum=1.01
==================================================
Balance: $116.47 | Regime: CHOP | Session: 0W/0L (0%) | PnL: $+0.00
[Confidence] Score=5/10 | strong_edge,coinbase_weak,all3_agree
[Timing] Window 12 min old — skipping
[Cycle] No signal — YES=0.13 is between 0.32 and 0.68, sum=1.01 >= 0.97
[Ticker] KXSOL15M-26APR082300-00
[Market] YES=0.10 | NO=0.93 | Sum=1.03
==================================================
Balance: $116.47 | Regime: CHOP | Session: 0W/0L (0%) | PnL: $+0.00
[Confidence] Score=5/10 | strong_edge,coinbase_weak,all3_agree
[Timing] Window 13 min old — skipping
[Cycle] No signal — YES=0.10 is between 0.32 and 0.68, sum=1.03 >= 0.97
[Ticker] KXSOL15M-26APR082300-00
[Market] YES=0.00 | NO=1.00 | Sum=1.00
==================================================
Balance: $116.47 | Regime: CHOP | Session: 0W/0L (0%) | PnL: $+0.00
[Confidence] Score=6/10 | extreme_edge,coinbase_weak,all3_agree
[Timing] Window 14 min old — skipping
[Cycle] No signal — YES=0.00 is between 0.32 and 0.68, sum=1.00 >= 0.97
[Ticker] KXSOL15M-26APR082300-00
[Market] YES=0.00 | NO=1.00 | Sum=1.00
==================================================
Balance: $116.47 | Regime: CHOP | Session: 0W/0L (0%) | PnL: $+0.00
[Confidence] Score=7/10 | extreme_edge,coinbase_weak,all3_agree,peak_hour
[Timing] Window 0 min old — skipping
[Cycle] No signal — YES=0.00 is between 0.32 and 0.68, sum=1.00 >= 0.97
[Ticker] KXSOL15M-26APR082315-15
[Market] YES=0.53 | NO=0.48 | Sum=1.01
==================================================
Balance: $116.47 | Regime: CHOP | Session: 0W/0L (0%) | PnL: $+0.00
[Cycle] No signal — YES=0.53 is between 0.32 and 0.68, sum=1.01 >= 0.97
[Ticker] KXSOL15M-26APR082315-15
[Market] YES=0.53 | NO=0.48 | Sum=1.01
==================================================
Balance: $116.47 | Regime: CHOP | Session: 0W/0L (0%) | PnL: $+0.00
[Cycle] No signal — YES=0.53 is between 0.32 and 0.68, sum=1.01 >= 0.97
[Ticker] KXSOL15M-26APR082315-15
[Market] YES=0.56 | NO=0.48 | Sum=1.04
==================================================
Balance: $116.47 | Regime: CHOP | Session: 0W/0L (0%) | PnL: $+0.00
[Cycle] No signal — YES=0.56 is between 0.32 and 0.68, sum=1.04 >= 0.97
[Ticker] KXSOL15M-26APR082315-15
[Market] YES=0.62 | NO=0.43 | Sum=1.05
==================================================
Balance: $116.47 | Regime: CHOP | Session: 0W/0L (0%) | PnL: $+0.00
[Cycle] No signal — YES=0.62 is between 0.32 and 0.68, sum=1.05 >= 0.97
[Ticker] KXSOL15M-26APR082315-15
[Market] YES=0.64 | NO=0.40 | Sum=1.04
==================================================
Balance: $116.47 | Regime: CHOP | Session: 0W/0L (0%) | PnL: $+0.00
[Cycle] No signal — YES=0.64 is between 0.32 and 0.68, sum=1.04 >= 0.97
[Ticker] KXSOL15M-26APR082315-15
[Market] YES=0.57 | NO=0.48 | Sum=1.05
==================================================
Balance: $116.47 | Regime: CHOP | Session: 0W/0L (0%) | PnL: $+0.00
[Cycle] No signal — YES=0.57 is between 0.32 and 0.68, sum=1.05 >= 0.97
[Ticker] KXSOL15M-26APR082315-15
[Market] YES=0.29 | NO=0.76 | Sum=1.05
==================================================
Balance: $116.47 | Regime: CHOP | Session: 0W/0L (0%) | PnL: $+0.00
[Confidence] Score=5/10 | moderate_edge,coinbase_weak,all3_agree,peak_hour
[Timing] Window 7 min old — skipping
[Cycle] No signal — YES=0.29 is between 0.32 and 0.68, sum=1.05 >= 0.97
[Ticker] KXSOL15M-26APR082315-15
[Market] YES=0.32 | NO=0.73 | Sum=1.05
==================================================
Balance: $116.47 | Regime: CHOP | Session: 0W/0L (0%) | PnL: $+0.00
[Cycle] No signal — YES=0.32 is between 0.32 and 0.68, sum=1.05 >= 0.97
[Ticker] KXSOL15M-26APR082315-15
[Market] YES=0.38 | NO=0.64 | Sum=1.02
==================================================
Balance: $116.47 | Regime: CHOP | Session: 0W/0L (0%) | PnL: $+0.00
[Cycle] No signal — YES=0.38 is between 0.32 and 0.68, sum=1.02 >= 0.97
[Ticker] KXSOL15M-26APR082315-15
[Market] YES=0.16 | NO=0.86 | Sum=1.02
==================================================
Balance: $116.47 | Regime: CHOP | Session: 0W/0L (0%) | PnL: $+0.00
[Confidence] Score=5/10 | strong_edge,coinbase_weak,2of3_agree,peak_hour
[Timing] Window 10 min old — skipping
[Cycle] No signal — YES=0.16 is between 0.32 and 0.68, sum=1.02 >= 0.97
[Ticker] KXSOL15M-26APR082315-15
[Market] YES=0.10 | NO=0.92 | Sum=1.02
==================================================
Balance: $116.47 | Regime: CHOP | Session: 0W/0L (0%) | PnL: $+0.00
[Confidence] Score=6/10 | strong_edge,coinbase_weak,all3_agree,peak_hour
[Timing] Window 11 min old — skipping
[Cycle] No signal — YES=0.10 is between 0.32 and 0.68, sum=1.02 >= 0.97
[Ticker] KXSOL15M-26APR082315-15
[Market] YES=0.05 | NO=0.97 | Sum=1.02
==================================================
Balance: $116.47 | Regime: CHOP | Session: 0W/0L (0%) | PnL: $+0.00
[Confidence] Score=7/10 | extreme_edge,coinbase_weak,all3_agree,peak_hour
[Timing] Window 12 min old — skipping
[Cycle] No signal — YES=0.05 is between 0.32 and 0.68, sum=1.02 >= 0.97
[Ticker] KXSOL15M-26APR082315-15
[Market] YES=0.01 | NO=0.99 | Sum=1.00
==================================================
Balance: $116.47 | Regime: CHOP | Session: 0W/0L (0%) | PnL: $+0.00
[Confidence] Score=7/10 | extreme_edge,coinbase_weak,all3_agree,peak_hour
[Timing] Window 13 min old — skipping
[Cycle] No signal — YES=0.01 is between 0.32 and 0.68, sum=1.00 >= 0.97
[Ticker] KXSOL15M-26APR082315-15
[Market] YES=0.00 | NO=1.00 | Sum=1.00
==================================================
Balance: $116.47 | Regime: CHOP | Session: 0W/0L (0%) | PnL: $+0.00
[Confidence] Score=7/10 | extreme_edge,coinbase_weak,all3_agree,peak_hour
[Timing] Window 14 min old — skipping
[Cycle] No signal — YES=0.00 is between 0.32 and 0.68, sum=1.00 >= 0.97
[Ticker] KXSOL15M-26APR082330-30
[Market] YES=0.43 | NO=0.61 | Sum=1.04
==================================================
Balance: $116.47 | Regime: CHOP | Session: 0W/0L (0%) | PnL: $+0.00
[Cycle] No signal — YES=0.43 is between 0.32 and 0.68, sum=1.04 >= 0.97
[Ticker] KXSOL15M-26APR082330-30
[Market] YES=0.49 | NO=0.52 | Sum=1.01
==================================================
Balance: $116.47 | Regime: CHOP | Session: 0W/0L (0%) | PnL: $+0.00
[Cycle] No signal — YES=0.49 is between 0.32 and 0.68, sum=1.01 >= 0.97
[Ticker] KXSOL15M-26APR082330-30
[Market] YES=0.61 | NO=0.43 | Sum=1.04
==================================================
Balance: $116.47 | Regime: CHOP | Session: 0W/0L (0%) | PnL: $+0.00
[Cycle] No signal — YES=0.61 is between 0.32 and 0.68, sum=1.04 >= 0.97
[Ticker] KXSOL15M-26APR082330-30
[Market] YES=0.35 | NO=0.68 | Sum=1.03
==================================================
Balance: $116.47 | Regime: CHOP | Session: 0W/0L (0%) | PnL: $+0.00
[Cycle] No signal — YES=0.35 is between 0.32 and 0.68, sum=1.03 >= 0.97
[Ticker] KXSOL15M-26APR082330-30
[Market] YES=0.39 | NO=0.66 | Sum=1.05
==================================================
Balance: $116.47 | Regime: CHOP | Session: 0W/0L (0%) | PnL: $+0.00
[Cycle] No signal — YES=0.39 is between 0.32 and 0.68, sum=1.05 >= 0.97
[Ticker] KXSOL15M-26APR082330-30
[Market] YES=0.26 | NO=0.75 | Sum=1.01
==================================================
Balance: $116.47 | Regime: CHOP | Session: 0W/0L (0%) | PnL: $+0.00
[Confidence] Score=5/10 | moderate_edge,coinbase_weak,all3_agree,peak_hour
[Timing] Window 5 min old — skipping
[Cycle] No signal — YES=0.26 is between 0.32 and 0.68, sum=1.01 >= 0.97
[Ticker] KXSOL15M-26APR082330-30
[Market] YES=0.72 | NO=0.31 | Sum=1.03
==================================================
Balance: $116.47 | Regime: CHOP | Session: 0W/0L (0%) | PnL: $+0.00
[Confidence] Score=4/10 | moderate_edge,coinbase_weak,2of3_agree,peak_hour
[Timing] Window 6 min old — skipping
[Cycle] No signal — YES=0.72 is between 0.32 and 0.68, sum=1.03 >= 0.97
[Ticker] KXSOL15M-26APR082330-30
[Market] YES=0.80 | NO=0.24 | Sum=1.04
==================================================
Balance: $116.47 | Regime: CHOP | Session: 0W/0L (0%) | PnL: $+0.00
[Confidence] Score=4/10 | strong_edge,coinbase_weak,peak_hour
[Timing] Window 7 min old — skipping
[Cycle] No signal — YES=0.80 is between 0.32 and 0.68, sum=1.04 >= 0.97
[Ticker] KXSOL15M-26APR082330-30
[Market] YES=0.82 | NO=0.19 | Sum=1.01
==================================================
Balance: $116.47 | Regime: CHOP | Session: 0W/0L (0%) | PnL: $+0.00
[Confidence] Score=4/10 | strong_edge,coinbase_weak,peak_hour
[Timing] Window 8 min old — skipping
[Cycle] No signal — YES=0.82 is between 0.32 and 0.68, sum=1.01 >= 0.97
[Ticker] KXSOL15M-26APR082330-30
[Market] YES=0.84 | NO=0.17 | Sum=1.01
==================================================
Balance: $116.47 | Regime: CHOP | Session: 0W/0L (0%) | PnL: $+0.00
[Confidence] Score=4/10 | strong_edge,coinbase_weak,peak_hour
[Timing] Window 9 min old — skipping
[Cycle] No signal — YES=0.84 is between 0.32 and 0.68, sum=1.01 >= 0.97
[Ticker] KXSOL15M-26APR082330-30
[Market] YES=0.91 | NO=0.12 | Sum=1.03
==================================================
Balance: $116.47 | Regime: CHOP | Session: 0W/0L (0%) | PnL: $+0.00
[Confidence] Score=4/10 | strong_edge,coinbase_weak,peak_hour
[Timing] Window 10 min old — skipping
[Cycle] No signal — YES=0.91 is between 0.32 and 0.68, sum=1.03 >= 0.97
[Ticker] KXSOL15M-26APR082330-30
[Market] YES=0.97 | NO=0.06 | Sum=1.03
==================================================
Balance: $116.47 | Regime: CHOP | Session: 0W/0L (0%) | PnL: $+0.00
[Confidence] Score=5/10 | extreme_edge,coinbase_weak,peak_hour
[Timing] Window 11 min old — skipping
[Cycle] No signal — YES=0.97 is between 0.32 and 0.68, sum=1.03 >= 0.97
[Ticker] KXSOL15M-26APR082330-30
[Market] YES=0.74 | NO=0.29 | Sum=1.03
==================================================
Balance: $116.47 | Regime: CHOP | Session: 0W/0L (0%) | PnL: $+0.00
[Confidence] Score=3/10 | moderate_edge,coinbase_weak,peak_hour
[Timing] Window 12 min old — skipping
[Cycle] No signal — YES=0.74 is between 0.32 and 0.68, sum=1.03 >= 0.97
[Ticker] KXSOL15M-26APR082330-30
[Market] YES=0.09 | NO=0.92 | Sum=1.01
==================================================
Balance: $116.47 | Regime: CHOP | Session: 0W/0L (0%) | PnL: $+0.00
[Confidence] Score=6/10 | strong_edge,coinbase_weak,all3_agree,peak_hour
[Timing] Window 13 min old — skipping
[Cycle] No signal — YES=0.09 is between 0.32 and 0.68, sum=1.01 >= 0.97
[Ticker] KXSOL15M-26APR082330-30
[Market] YES=0.27 | NO=0.82 | Sum=1.09
==================================================
Balance: $116.47 | Regime: CHOP | Session: 0W/0L (0%) | PnL: $+0.00
[Confidence] Score=5/10 | moderate_edge,coinbase_weak,all3_agree,peak_hour
[Timing] Window 14 min old — skipping
[Cycle] No signal — YES=0.27 is between 0.32 and 0.68, sum=1.09 >= 0.97
[Ticker] KXSOL15M-26APR082345-45
[Market] YES=0.69 | NO=0.55 | Sum=1.24
==================================================
Balance: $116.47 | Regime: CHOP | Session: 0W/0L (0%) | PnL: $+0.00
[Signal] Edge 0.19 below minimum 0.2 — skipping
[Cycle] No signal — YES=0.69 is between 0.32 and 0.68, sum=1.24 >= 0.97
[Ticker] KXSOL15M-26APR082345-45
[Market] YES=0.69 | NO=0.33 | Sum=1.02
==================================================
Balance: $116.47 | Regime: CHOP | Session: 0W/0L (0%) | PnL: $+0.00
[Signal] Edge 0.19 below minimum 0.2 — skipping
[Cycle] No signal — YES=0.69 is between 0.32 and 0.68, sum=1.02 >= 0.97
[Ticker] KXSOL15M-26APR082345-45
[Market] YES=0.69 | NO=0.35 | Sum=1.04
==================================================
Balance: $116.47 | Regime: CHOP | Session: 0W/0L (0%) | PnL: $+0.00
[Signal] Edge 0.19 below minimum 0.2 — skipping
[Cycle] No signal — YES=0.69 is between 0.32 and 0.68, sum=1.04 >= 0.97
[Ticker] KXSOL15M-26APR082345-45
[Market] YES=0.68 | NO=0.35 | Sum=1.03
==================================================
Balance: $116.47 | Regime: CHOP | Session: 0W/0L (0%) | PnL: $+0.00
[Cycle] No signal — YES=0.68 is between 0.32 and 0.68, sum=1.03 >= 0.97
[Ticker] KXSOL15M-26APR082345-45
[Market] YES=0.72 | NO=0.32 | Sum=1.04
==================================================
Balance: $116.47 | Regime: CHOP | Session: 0W/0L (0%) | PnL: $+0.00
[Confidence] Score=3/10 | moderate_edge,coinbase_weak,peak_hour
[Signal] UP candidate | yes=0.72 | waiting (1/2)
[Cycle] No signal — YES=0.72 is between 0.32 and 0.68, sum=1.04 >= 0.97
[Ticker] KXSOL15M-26APR082345-45
[Market] YES=0.76 | NO=0.29 | Sum=1.05
==================================================
Balance: $116.47 | Regime: CHOP | Session: 0W/0L (0%) | PnL: $+0.00
[Confidence] Score=3/10 | moderate_edge,coinbase_weak,peak_hour
[Timing] Window 5 min old — skipping
[Cycle] No signal — YES=0.76 is between 0.32 and 0.68, sum=1.05 >= 0.97
[Ticker] KXSOL15M-26APR082345-45
[Market] YES=0.85 | NO=0.16 | Sum=1.01
==================================================
Balance: $116.47 | Regime: CHOP | Session: 0W/0L (0%) | PnL: $+0.00
[Confidence] Score=4/10 | strong_edge,coinbase_weak,peak_hour
[Timing] Window 6 min old — skipping
[Cycle] No signal — YES=0.85 is between 0.32 and 0.68, sum=1.01 >= 0.97
[Ticker] KXSOL15M-26APR082345-45
[Market] YES=0.80 | NO=0.24 | Sum=1.04
==================================================
Balance: $116.47 | Regime: CHOP | Session: 0W/0L (0%) | PnL: $+0.00
[Confidence] Score=4/10 | strong_edge,coinbase_weak,peak_hour
[Timing] Window 7 min old — skipping
[Cycle] No signal — YES=0.80 is between 0.32 and 0.68, sum=1.04 >= 0.97
[Ticker] KXSOL15M-26APR082345-45
[Market] YES=0.81 | NO=0.23 | Sum=1.04
==================================================
Balance: $116.47 | Regime: CHOP | Session: 0W/0L (0%) | PnL: $+0.00
[Confidence] Score=4/10 | strong_edge,coinbase_weak,peak_hour
[Timing] Window 8 min old — skipping
[Cycle] No signal — YES=0.81 is between 0.32 and 0.68, sum=1.04 >= 0.97
[Ticker] KXSOL15M-26APR082345-45
[Market] YES=0.86 | NO=0.18 | Sum=1.04
==================================================
Balance: $116.47 | Regime: CHOP | Session: 0W/0L (0%) | PnL: $+0.00
[Confidence] Score=4/10 | strong_edge,coinbase_weak,peak_hour
[Timing] Window 9 min old — skipping
[Cycle] No signal — YES=0.86 is between 0.32 and 0.68, sum=1.04 >= 0.97
[Ticker] KXSOL15M-26APR082345-45
[Market] YES=0.80 | NO=0.25 | Sum=1.05
==================================================
Balance: $116.47 | Regime: CHOP | Session: 0W/0L (0%) | PnL: $+0.00
[Confidence] Score=4/10 | strong_edge,coinbase_weak,peak_hour
[Timing] Window 10 min old — skipping
[Cycle] No signal — YES=0.80 is between 0.32 and 0.68, sum=1.05 >= 0.97
[Ticker] KXSOL15M-26APR082345-45
[Market] YES=0.76 | NO=0.28 | Sum=1.04
==================================================
Balance: $116.47 | Regime: CHOP | Session: 0W/0L (0%) | PnL: $+0.00
[Confidence] Score=3/10 | moderate_edge,coinbase_weak,peak_hour
[Timing] Window 11 min old — skipping
[Cycle] No signal — YES=0.76 is between 0.32 and 0.68, sum=1.04 >= 0.97
[Ticker] KXSOL15M-26APR082345-45
[Market] YES=0.72 | NO=0.33 | Sum=1.05
==================================================
Balance: $116.47 | Regime: CHOP | Session: 0W/0L (0%) | PnL: $+0.00
[Confidence] Score=4/10 | moderate_edge,coinbase_weak,2of3_agree,peak_hour
[Timing] Window 12 min old — skipping
[Cycle] No signal — YES=0.72 is between 0.32 and 0.68, sum=1.05 >= 0.97
[Ticker] KXSOL15M-26APR082345-45
[Market] YES=0.58 | NO=0.47 | Sum=1.05
==================================================
Balance: $116.47 | Regime: CHOP | Session: 0W/0L (0%) | PnL: $+0.00
[Cycle] No signal — YES=0.58 is between 0.32 and 0.68, sum=1.05 >= 0.97
[Ticker] KXSOL15M-26APR082345-45
[Market] YES=0.95 | NO=0.09 | Sum=1.04
==================================================
Balance: $116.47 | Regime: CHOP | Session: 0W/0L (0%) | PnL: $+0.00
[Confidence] Score=4/10 | strong_edge,coinbase_weak,peak_hour
[Timing] Window 14 min old — skipping
[Cycle] No signal — YES=0.95 is between 0.32 and 0.68, sum=1.04 >= 0.97
[Ticker] KXSOL15M-26APR090000-00
[Market] YES=0.52 | NO=0.50 | Sum=1.02
==================================================
Balance: $116.47 | Regime: CHOP | Session: 0W/0L (0%) | PnL: $+0.00
[Cycle] No signal — YES=0.52 is between 0.32 and 0.68, sum=1.02 >= 0.97
[Ticker] KXSOL15M-26APR090000-00
[Market] YES=0.54 | NO=0.50 | Sum=1.04
==================================================
Balance: $116.47 | Regime: CHOP | Session: 0W/0L (0%) | PnL: $+0.00
[Cycle] No signal — YES=0.54 is between 0.32 and 0.68, sum=1.04 >= 0.97
[Ticker] KXSOL15M-26APR090000-00
[Market] YES=0.50 | NO=0.55 | Sum=1.05
==================================================
Balance: $116.47 | Regime: CHOP | Session: 0W/0L (0%) | PnL: $+0.00
[Cycle] No signal — YES=0.50 is between 0.32 and 0.68, sum=1.05 >= 0.97
[Ticker] KXSOL15M-26APR090000-00
[Market] YES=0.53 | NO=0.48 | Sum=1.01
==================================================
Balance: $116.47 | Regime: CHOP | Session: 0W/0L (0%) | PnL: $+0.00
[Cycle] No signal — YES=0.53 is between 0.32 and 0.68, sum=1.01 >= 0.97
[Ticker] KXSOL15M-26APR090000-00
[Market] YES=0.66 | NO=0.39 | Sum=1.05
==================================================
Balance: $116.47 | Regime: CHOP | Session: 0W/0L (0%) | PnL: $+0.00
[Cycle] No signal — YES=0.66 is between 0.32 and 0.68, sum=1.05 >= 0.97
[Ticker] KXSOL15M-26APR090000-00
[Market] YES=0.79 | NO=0.25 | Sum=1.04
==================================================
Balance: $116.47 | Regime: CHOP | Session: 0W/0L (0%) | PnL: $+0.00
[Confidence] Score=3/10 | moderate_edge,coinbase_weak,peak_hour
[Timing] Window 5 min old — skipping
[Cycle] No signal — YES=0.79 is between 0.32 and 0.68, sum=1.04 >= 0.97
[Ticker] KXSOL15M-26APR090000-00
[Market] YES=0.80 | NO=0.24 | Sum=1.04
==================================================
Balance: $116.47 | Regime: CHOP | Session: 0W/0L (0%) | PnL: $+0.00
[Confidence] Score=4/10 | strong_edge,coinbase_weak,peak_hour
[Timing] Window 6 min old — skipping
[Cycle] No signal — YES=0.80 is between 0.32 and 0.68, sum=1.04 >= 0.97
[Ticker] KXSOL15M-26APR090000-00
[Market] YES=0.82 | NO=0.21 | Sum=1.03
==================================================
Balance: $116.47 | Regime: CHOP | Session: 0W/0L (0%) | PnL: $+0.00
[Confidence] Score=4/10 | strong_edge,coinbase_weak,peak_hour
[Timing] Window 7 min old — skipping
[Cycle] No signal — YES=0.82 is between 0.32 and 0.68, sum=1.03 >= 0.97
[Ticker] KXSOL15M-26APR090000-00
[Market] YES=0.72 | NO=0.30 | Sum=1.02
==================================================
Balance: $116.47 | Regime: CHOP | Session: 0W/0L (0%) | PnL: $+0.00
[Confidence] Score=3/10 | moderate_edge,coinbase_weak,peak_hour
[Timing] Window 8 min old — skipping
[Cycle] No signal — YES=0.72 is between 0.32 and 0.68, sum=1.02 >= 0.97
[Ticker] KXSOL15M-26APR090000-00
[Market] YES=0.77 | NO=0.27 | Sum=1.04
==================================================
Balance: $116.47 | Regime: CHOP | Session: 0W/0L (0%) | PnL: $+0.00
[Confidence] Score=3/10 | moderate_edge,coinbase_weak,peak_hour
[Timing] Window 9 min old — skipping
[Cycle] No signal — YES=0.77 is between 0.32 and 0.68, sum=1.04 >= 0.97
[Ticker] KXSOL15M-26APR090000-00
[Market] YES=0.72 | NO=0.31 | Sum=1.03
==================================================
Balance: $116.47 | Regime: CHOP | Session: 0W/0L (0%) | PnL: $+0.00
[Confidence] Score=3/10 | moderate_edge,coinbase_weak,peak_hour
[Timing] Window 10 min old — skipping
[Cycle] No signal — YES=0.72 is between 0.32 and 0.68, sum=1.03 >= 0.97
[Ticker] KXSOL15M-26APR090000-00
[Market] YES=0.79 | NO=0.22 | Sum=1.01
==================================================
Balance: $116.47 | Regime: CHOP | Session: 0W/0L (0%) | PnL: $+0.00
[Confidence] Score=3/10 | moderate_edge,coinbase_weak,peak_hour
[Timing] Window 11 min old — skipping
[Cycle] No signal — YES=0.79 is between 0.32 and 0.68, sum=1.01 >= 0.97
[Ticker] KXSOL15M-26APR090000-00
[Market] YES=0.93 | NO=0.11 | Sum=1.04
==================================================
Balance: $116.47 | Regime: CHOP | Session: 0W/0L (0%) | PnL: $+0.00
[Confidence] Score=4/10 | strong_edge,coinbase_weak,peak_hour
[Timing] Window 12 min old — skipping
[Cycle] No signal — YES=0.93 is between 0.32 and 0.68, sum=1.04 >= 0.97
[Ticker] KXSOL15M-26APR090000-00
[Market] YES=0.89 | NO=0.12 | Sum=1.01
==================================================
Balance: $116.47 | Regime: CHOP | Session: 0W/0L (0%) | PnL: $+0.00
[Confidence] Score=4/10 | strong_edge,coinbase_weak,peak_hour
[Timing] Window 13 min old — skipping
[Cycle] No signal — YES=0.89 is between 0.32 and 0.68, sum=1.01 >= 0.97
[Ticker] KXSOL15M-26APR090000-00
[Market] YES=0.99 | NO=0.02 | Sum=1.01
==================================================
Balance: $116.47 | Regime: CHOP | Session: 0W/0L (0%) | PnL: $+0.00
[Confidence] Score=5/10 | extreme_edge,coinbase_weak,peak_hour
[Timing] Window 14 min old — skipping
[Cycle] No signal — YES=0.99 is between 0.32 and 0.68, sum=1.01 >= 0.97
[Ticker] KXSOL15M-26APR090015-15
[Market] YES=0.69 | NO=0.63 | Sum=1.32
==================================================
Balance: $116.47 | Regime: CHOP | Session: 0W/0L (0%) | PnL: $+0.00
[Signal] Edge 0.19 below minimum 0.2 — skipping
[Cycle] No signal — YES=0.69 is between 0.32 and 0.68, sum=1.32 >= 0.97
[Ticker] KXSOL15M-26APR090015-15
[Market] YES=0.33 | NO=0.69 | Sum=1.02
==================================================
Balance: $116.47 | Regime: CHOP | Session: 0W/0L (0%) | PnL: $+0.00
[Cycle] No signal — YES=0.33 is between 0.32 and 0.68, sum=1.02 >= 0.97
[Ticker] KXSOL15M-26APR090015-15
[Market] YES=0.33 | NO=0.72 | Sum=1.05
==================================================
Balance: $116.47 | Regime: CHOP | Session: 0W/0L (0%) | PnL: $+0.00
[Cycle] No signal — YES=0.33 is between 0.32 and 0.68, sum=1.05 >= 0.97
[Ticker] KXSOL15M-26APR090015-15
[Market] YES=0.33 | NO=0.72 | Sum=1.05
==================================================
Balance: $116.47 | Regime: CHOP | Session: 0W/0L (0%) | PnL: $+0.00
[Cycle] No signal — YES=0.33 is between 0.32 and 0.68, sum=1.05 >= 0.97
[Ticker] KXSOL15M-26APR090015-15
[Market] YES=0.36 | NO=0.69 | Sum=1.05
==================================================
Balance: $116.47 | Regime: CHOP | Session: 0W/0L (0%) | PnL: $+0.00
[Cycle] No signal — YES=0.36 is between 0.32 and 0.68, sum=1.05 >= 0.97
[Ticker] KXSOL15M-26APR090015-15
[Market] YES=0.40 | NO=0.62 | Sum=1.02
==================================================
Balance: $116.47 | Regime: CHOP | Session: 0W/0L (0%) | PnL: $+0.00
[Cycle] No signal — YES=0.40 is between 0.32 and 0.68, sum=1.02 >= 0.97
[Ticker] KXSOL15M-26APR090015-15
[Market] YES=0.45 | NO=0.59 | Sum=1.04
==================================================
Balance: $116.47 | Regime: CHOP | Session: 0W/0L (0%) | PnL: $+0.00
[Cycle] No signal — YES=0.45 is between 0.32 and 0.68, sum=1.04 >= 0.97
[Ticker] KXSOL15M-26APR090015-15
[Market] YES=0.41 | NO=0.64 | Sum=1.05
==================================================
Balance: $116.47 | Regime: CHOP | Session: 0W/0L (0%) | PnL: $+0.00
[Cycle] No signal — YES=0.41 is between 0.32 and 0.68, sum=1.05 >= 0.97
[Ticker] KXSOL15M-26APR090015-15
[Market] YES=0.30 | NO=0.74 | Sum=1.04
==================================================
Balance: $116.47 | Regime: CHOP | Session: 0W/0L (0%) | PnL: $+0.00
[Confidence] Score=3/10 | moderate_edge,coinbase_weak,2of3_agree
[Timing] Window 8 min old — skipping
[Cycle] No signal — YES=0.30 is between 0.32 and 0.68, sum=1.04 >= 0.97
[Ticker] KXSOL15M-26APR090015-15
[Market] YES=0.28 | NO=0.77 | Sum=1.05
==================================================
Balance: $116.47 | Regime: CHOP | Session: 0W/0L (0%) | PnL: $+0.00
[Confidence] Score=4/10 | moderate_edge,coinbase_weak,all3_agree
[Timing] Window 9 min old — skipping
[Cycle] No signal — YES=0.28 is between 0.32 and 0.68, sum=1.05 >= 0.97
[Ticker] KXSOL15M-26APR090015-15
[Market] YES=0.13 | NO=0.90 | Sum=1.03
==================================================
Balance: $116.47 | Regime: CHOP | Session: 0W/0L (0%) | PnL: $+0.00
[Confidence] Score=5/10 | strong_edge,coinbase_weak,all3_agree
[Timing] Window 10 min old — skipping
[Cycle] No signal — YES=0.13 is between 0.32 and 0.68, sum=1.03 >= 0.97
[Ticker] KXSOL15M-26APR090015-15
[Market] YES=0.11 | NO=0.92 | Sum=1.03
==================================================
Balance: $116.47 | Regime: CHOP | Session: 0W/0L (0%) | PnL: $+0.00
[Confidence] Score=5/10 | strong_edge,coinbase_weak,all3_agree
[Timing] Window 11 min old — skipping
[Cycle] No signal — YES=0.11 is between 0.32 and 0.68, sum=1.03 >= 0.97
[Ticker] KXSOL15M-26APR090015-15
[Market] YES=0.05 | NO=0.97 | Sum=1.02
==================================================
Balance: $116.47 | Regime: CHOP | Session: 0W/0L (0%) | PnL: $+0.00
[Confidence] Score=5/10 | strong_edge,coinbase_weak,all3_agree
[Timing] Window 12 min old — skipping
[Cycle] No signal — YES=0.05 is between 0.32 and 0.68, sum=1.02 >= 0.97
[Ticker] KXSOL15M-26APR090015-15
[Market] YES=0.01 | NO=1.00 | Sum=1.00
==================================================
Balance: $116.47 | Regime: CHOP | Session: 0W/0L (0%) | PnL: $+0.00
[Confidence] Score=6/10 | extreme_edge,coinbase_weak,all3_agree
[Timing] Window 13 min old — skipping
[Cycle] No signal — YES=0.01 is between 0.32 and 0.68, sum=1.00 >= 0.97
[Ticker] KXSOL15M-26APR090015-15
[Market] YES=0.00 | NO=1.00 | Sum=1.00
==================================================
Balance: $116.47 | Regime: CHOP | Session: 0W/0L (0%) | PnL: $+0.00
[Confidence] Score=6/10 | extreme_edge,coinbase_weak,all3_agree
[Timing] Window 14 min old — skipping
[Cycle] No signal — YES=0.00 is between 0.32 and 0.68, sum=1.00 >= 0.97
[Ticker] KXSOL15M-26APR090030-30
[Market] YES=0.48 | NO=0.55 | Sum=1.03
==================================================
Balance: $116.47 | Regime: CHOP | Session: 0W/0L (0%) | PnL: $+0.00
[Cycle] No signal — YES=0.48 is between 0.32 and 0.68, sum=1.03 >= 0.97
[Ticker] KXSOL15M-26APR090030-30
[Market] YES=0.47 | NO=0.56 | Sum=1.03
==================================================
Balance: $116.47 | Regime: CHOP | Session: 0W/0L (0%) | PnL: $+0.00
[Cycle] No signal — YES=0.47 is between 0.32 and 0.68, sum=1.03 >= 0.97
[Ticker] KXSOL15M-26APR090030-30
[Market] YES=0.49 | NO=0.53 | Sum=1.02
==================================================
Balance: $116.47 | Regime: CHOP | Session: 0W/0L (0%) | PnL: $+0.00
[Cycle] No signal — YES=0.49 is between 0.32 and 0.68, sum=1.02 >= 0.97
[Ticker] KXSOL15M-26APR090030-30
[Market] YES=0.45 | NO=0.58 | Sum=1.03
==================================================
Balance: $116.47 | Regime: CHOP | Session: 0W/0L (0%) | PnL: $+0.00
[Cycle] No signal — YES=0.45 is between 0.32 and 0.68, sum=1.03 >= 0.97
[Ticker] KXSOL15M-26APR090030-30
[Market] YES=0.42 | NO=0.62 | Sum=1.04
==================================================
Balance: $116.47 | Regime: CHOP | Session: 0W/0L (0%) | PnL: $+0.00
[Cycle] No signal — YES=0.42 is between 0.32 and 0.68, sum=1.04 >= 0.97
[Ticker] KXSOL15M-26APR090030-30
[Market] YES=0.39 | NO=0.62 | Sum=1.01
==================================================
Balance: $116.47 | Regime: CHOP | Session: 0W/0L (0%) | PnL: $+0.00
[Cycle] No signal — YES=0.39 is between 0.32 and 0.68, sum=1.01 >= 0.97
[Ticker] KXSOL15M-26APR090030-30
[Market] YES=0.37 | NO=0.67 | Sum=1.04
==================================================
Balance: $116.47 | Regime: CHOP | Session: 0W/0L (0%) | PnL: $+0.00
[Cycle] No signal — YES=0.37 is between 0.32 and 0.68, sum=1.04 >= 0.97
[Ticker] KXSOL15M-26APR090030-30
[Market] YES=0.42 | NO=0.63 | Sum=1.05
==================================================
Balance: $116.47 | Regime: CHOP | Session: 0W/0L (0%) | PnL: $+0.00
[Cycle] No signal — YES=0.42 is between 0.32 and 0.68, sum=1.05 >= 0.97
[Ticker] KXSOL15M-26APR090030-30
[Market] YES=0.31 | NO=0.72 | Sum=1.03
==================================================
Balance: $116.47 | Regime: CHOP | Session: 0W/0L (0%) | PnL: $+0.00
[Signal] Edge 0.19 below minimum 0.2 — skipping
[Cycle] No signal — YES=0.31 is between 0.32 and 0.68, sum=1.03 >= 0.97
[Ticker] KXSOL15M-26APR090030-30
[Market] YES=0.33 | NO=0.70 | Sum=1.03
==================================================
Balance: $116.47 | Regime: CHOP | Session: 0W/0L (0%) | PnL: $+0.00
[Cycle] No signal — YES=0.33 is between 0.32 and 0.68, sum=1.03 >= 0.97
[Ticker] KXSOL15M-26APR090030-30
[Market] YES=0.26 | NO=0.79 | Sum=1.05
==================================================
Balance: $116.47 | Regime: CHOP | Session: 0W/0L (0%) | PnL: $+0.00
[Confidence] Score=4/10 | moderate_edge,coinbase_weak,all3_agree
[Timing] Window 10 min old — skipping
[Cycle] No signal — YES=0.26 is between 0.32 and 0.68, sum=1.05 >= 0.97
[Ticker] KXSOL15M-26APR090030-30
[Market] YES=0.06 | NO=0.97 | Sum=1.03
==================================================
Balance: $116.47 | Regime: CHOP | Session: 0W/0L (0%) | PnL: $+0.00
[Confidence] Score=5/10 | strong_edge,coinbase_weak,all3_agree
[Timing] Window 11 min old — skipping
[Cycle] No signal — YES=0.06 is between 0.32 and 0.68, sum=1.03 >= 0.97
[Ticker] KXSOL15M-26APR090030-30
[Market] YES=0.01 | NO=0.99 | Sum=1.00
==================================================
Balance: $116.47 | Regime: CHOP | Session: 0W/0L (0%) | PnL: $+0.00
[Confidence] Score=6/10 | extreme_edge,coinbase_weak,all3_agree
[Timing] Window 12 min old — skipping
[Cycle] No signal — YES=0.01 is between 0.32 and 0.68, sum=1.00 >= 0.97
[Ticker] KXSOL15M-26APR090030-30
[Market] YES=0.12 | NO=0.91 | Sum=1.03
==================================================
Balance: $116.47 | Regime: CHOP | Session: 0W/0L (0%) | PnL: $+0.00
[Confidence] Score=5/10 | strong_edge,coinbase_weak,all3_agree
[Timing] Window 13 min old — skipping
[Cycle] No signal — YES=0.12 is between 0.32 and 0.68, sum=1.03 >= 0.97
[Ticker] KXSOL15M-26APR090030-30
[Market] YES=0.00 | NO=1.00 | Sum=1.00
==================================================
Balance: $116.47 | Regime: CHOP | Session: 0W/0L (0%) | PnL: $+0.00
[Confidence] Score=6/10 | extreme_edge,coinbase_weak,all3_agree
[Timing] Window 14 min old — skipping
[Cycle] No signal — YES=0.00 is between 0.32 and 0.68, sum=1.00 >= 0.97
[Ticker] KXSOL15M-26APR090045-45
[Market] YES=0.46 | NO=0.55 | Sum=1.01
==================================================
Balance: $116.47 | Regime: CHOP | Session: 0W/0L (0%) | PnL: $+0.00
[Cycle] No signal — YES=0.46 is between 0.32 and 0.68, sum=1.01 >= 0.97
[Ticker] KXSOL15M-26APR090045-45
[Market] YES=0.54 | NO=0.51 | Sum=1.05
==================================================
Balance: $116.47 | Regime: CHOP | Session: 0W/0L (0%) | PnL: $+0.00
[Cycle] No signal — YES=0.54 is between 0.32 and 0.68, sum=1.05 >= 0.97
[Ticker] KXSOL15M-26APR090045-45
[Market] YES=0.57 | NO=0.44 | Sum=1.01
==================================================
Balance: $116.47 | Regime: CHOP | Session: 0W/0L (0%) | PnL: $+0.00
[Cycle] No signal — YES=0.57 is between 0.32 and 0.68, sum=1.01 >= 0.97
[Ticker] KXSOL15M-26APR090045-45
[Market] YES=0.61 | NO=0.44 | Sum=1.05
==================================================
Balance: $116.47 | Regime: CHOP | Session: 0W/0L (0%) | PnL: $+0.00
[Cycle] No signal — YES=0.61 is between 0.32 and 0.68, sum=1.05 >= 0.97
[Ticker] KXSOL15M-26APR090045-45
[Market] YES=0.67 | NO=0.38 | Sum=1.05
==================================================
Balance: $116.47 | Regime: CHOP | Session: 0W/0L (0%) | PnL: $+0.00
[Cycle] No signal — YES=0.67 is between 0.32 and 0.68, sum=1.05 >= 0.97
[Ticker] KXSOL15M-26APR090045-45
[Market] YES=0.68 | NO=0.36 | Sum=1.04
==================================================
Balance: $116.47 | Regime: CHOP | Session: 0W/0L (0%) | PnL: $+0.00
[Cycle] No signal — YES=0.68 is between 0.32 and 0.68, sum=1.04 >= 0.97
[Ticker] KXSOL15M-26APR090045-45
[Market] YES=0.63 | NO=0.41 | Sum=1.04
==================================================
Balance: $116.47 | Regime: CHOP | Session: 0W/0L (0%) | PnL: $+0.00
[Cycle] No signal — YES=0.63 is between 0.32 and 0.68, sum=1.04 >= 0.97
[Ticker] KXSOL15M-26APR090045-45
[Market] YES=0.80 | NO=0.25 | Sum=1.05
==================================================
Balance: $116.47 | Regime: CHOP | Session: 0W/0L (0%) | PnL: $+0.00
[Confidence] Score=3/10 | strong_edge,coinbase_weak
[Timing] Window 7 min old — skipping
[Cycle] No signal — YES=0.80 is between 0.32 and 0.68, sum=1.05 >= 0.97
[Ticker] KXSOL15M-26APR090045-45
[Market] YES=0.80 | NO=0.21 | Sum=1.01
==================================================
Balance: $116.47 | Regime: CHOP | Session: 0W/0L (0%) | PnL: $+0.00
[Confidence] Score=3/10 | strong_edge,coinbase_weak
[Timing] Window 8 min old — skipping
[Cycle] No signal — YES=0.80 is between 0.32 and 0.68, sum=1.01 >= 0.97
[Ticker] KXSOL15M-26APR090045-45
[Market] YES=0.88 | NO=0.13 | Sum=1.01
==================================================
Balance: $116.47 | Regime: CHOP | Session: 0W/0L (0%) | PnL: $+0.00
[Confidence] Score=3/10 | strong_edge,coinbase_weak
[Timing] Window 9 min old — skipping
[Cycle] No signal — YES=0.88 is between 0.32 and 0.68, sum=1.01 >= 0.97
[Ticker] KXSOL15M-26APR090045-45
[Market] YES=0.94 | NO=0.09 | Sum=1.03
==================================================
Balance: $116.47 | Regime: CHOP | Session: 0W/0L (0%) | PnL: $+0.00
[Confidence] Score=3/10 | strong_edge,coinbase_weak
[Timing] Window 10 min old — skipping
[Cycle] No signal — YES=0.94 is between 0.32 and 0.68, sum=1.03 >= 0.97
[Ticker] KXSOL15M-26APR090045-45
[Market] YES=0.98 | NO=0.03 | Sum=1.01
==================================================
Balance: $116.47 | Regime: CHOP | Session: 0W/0L (0%) | PnL: $+0.00
[Confidence] Score=4/10 | extreme_edge,coinbase_weak
[Timing] Window 11 min old — skipping
[Cycle] No signal — YES=0.98 is between 0.32 and 0.68, sum=1.01 >= 0.97
[Ticker] KXSOL15M-26APR090045-45
[Market] YES=1.00 | NO=0.01 | Sum=1.01
==================================================
Balance: $116.47 | Regime: CHOP | Session: 0W/0L (0%) | PnL: $+0.00
[Confidence] Score=4/10 | extreme_edge,coinbase_weak
[Timing] Window 12 min old — skipping
[Cycle] No signal — YES=1.00 is between 0.32 and 0.68, sum=1.01 >= 0.97
[Ticker] KXSOL15M-26APR090045-45
[Market] YES=1.00 | NO=0.01 | Sum=1.00
==================================================
Balance: $116.47 | Regime: CHOP | Session: 0W/0L (0%) | PnL: $+0.00
[Confidence] Score=4/10 | extreme_edge,coinbase_weak
[Timing] Window 13 min old — skipping
[Cycle] No signal — YES=1.00 is between 0.32 and 0.68, sum=1.00 >= 0.97
[Ticker] KXSOL15M-26APR090045-45
[Market] YES=1.00 | NO=0.00 | Sum=1.00
==================================================
Balance: $116.47 | Regime: CHOP | Session: 0W/0L (0%) | PnL: $+0.00
[Confidence] Score=4/10 | extreme_edge,coinbase_weak
[Timing] Window 14 min old — skipping
[Cycle] No signal — YES=1.00 is between 0.32 and 0.68, sum=1.00 >= 0.97
[Ticker] KXSOL15M-26APR090100-00
[Market] YES=0.40 | NO=0.61 | Sum=1.01
==================================================
Balance: $116.47 | Regime: CHOP | Session: 0W/0L (0%) | PnL: $+0.00
[Cycle] No signal — YES=0.40 is between 0.32 and 0.68, sum=1.01 >= 0.97
[Ticker] KXSOL15M-26APR090100-00
[Market] YES=0.38 | NO=0.65 | Sum=1.03
==================================================
Balance: $116.47 | Regime: CHOP | Session: 0W/0L (0%) | PnL: $+0.00
[Cycle] No signal — YES=0.38 is between 0.32 and 0.68, sum=1.03 >= 0.97
[Ticker] KXSOL15M-26APR090100-00
[Market] YES=0.48 | NO=0.57 | Sum=1.05
==================================================
Balance: $116.47 | Regime: CHOP | Session: 0W/0L (0%) | PnL: $+0.00
[Cycle] No signal — YES=0.48 is between 0.32 and 0.68, sum=1.05 >= 0.97
[Ticker] KXSOL15M-26APR090100-00
[Market] YES=0.44 | NO=0.61 | Sum=1.05
==================================================
Balance: $116.47 | Regime: CHOP | Session: 0W/0L (0%) | PnL: $+0.00
[Cycle] No signal — YES=0.44 is between 0.32 and 0.68, sum=1.05 >= 0.97
[Ticker] KXSOL15M-26APR090100-00
[Market] YES=0.20 | NO=0.81 | Sum=1.01
==================================================
Balance: $116.47 | Regime: CHOP | Session: 0W/0L (0%) | PnL: $+0.00
[Confidence] Score=5/10 | strong_edge,coinbase_weak,all3_agree
[Signal] DOWN candidate | yes=0.20 | waiting (1/2)
[Cycle] No signal — YES=0.20 is between 0.32 and 0.68, sum=1.01 >= 0.97
[Ticker] KXSOL15M-26APR090100-00
[Market] YES=0.15 | NO=0.86 | Sum=1.01
==================================================
Balance: $116.47 | Regime: CHOP | Session: 0W/0L (0%) | PnL: $+0.00
[Confidence] Score=4/10 | strong_edge,coinbase_weak,2of3_agree
[Timing] Window 5 min old — skipping
[Cycle] No signal — YES=0.15 is between 0.32 and 0.68, sum=1.01 >= 0.97
[Ticker] KXSOL15M-26APR090100-00
[Market] YES=0.17 | NO=0.87 | Sum=1.04
==================================================
Balance: $116.47 | Regime: CHOP | Session: 0W/0L (0%) | PnL: $+0.00
[Confidence] Score=5/10 | strong_edge,coinbase_weak,all3_agree
[Timing] Window 6 min old — skipping
[Cycle] No signal — YES=0.17 is between 0.32 and 0.68, sum=1.04 >= 0.97
[Ticker] KXSOL15M-26APR090100-00
[Market] YES=0.17 | NO=0.86 | Sum=1.03
==================================================
Balance: $116.47 | Regime: CHOP | Session: 0W/0L (0%) | PnL: $+0.00
[Confidence] Score=5/10 | strong_edge,coinbase_weak,all3_agree
[Timing] Window 7 min old — skipping
[Cycle] No signal — YES=0.17 is between 0.32 and 0.68, sum=1.03 >= 0.97
[Ticker] KXSOL15M-26APR090100-00
[Market] YES=0.08 | NO=0.94 | Sum=1.02
==================================================
Balance: $116.47 | Regime: CHOP | Session: 0W/0L (0%) | PnL: $+0.00
[Confidence] Score=5/10 | strong_edge,coinbase_weak,all3_agree
[Timing] Window 8 min old — skipping
[Cycle] No signal — YES=0.08 is between 0.32 and 0.68, sum=1.02 >= 0.97
[Ticker] KXSOL15M-26APR090100-00
[Market] YES=0.09 | NO=0.94 | Sum=1.03
==================================================
Balance: $116.47 | Regime: CHOP | Session: 0W/0L (0%) | PnL: $+0.00
[Confidence] Score=5/10 | strong_edge,coinbase_weak,all3_agree
[Timing] Window 9 min old — skipping
[Cycle] No signal — YES=0.09 is between 0.32 and 0.68, sum=1.03 >= 0.97
[Ticker] KXSOL15M-26APR090100-00
[Market] YES=0.07 | NO=0.96 | Sum=1.03
==================================================
Balance: $116.47 | Regime: CHOP | Session: 0W/0L (0%) | PnL: $+0.00
[Confidence] Score=4/10 | strong_edge,coinbase_weak,2of3_agree
[Timing] Window 10 min old — skipping
[Cycle] No signal — YES=0.07 is between 0.32 and 0.68, sum=1.03 >= 0.97
[Ticker] KXSOL15M-26APR090100-00
[Market] YES=0.03 | NO=0.98 | Sum=1.01
==================================================
Balance: $116.47 | Regime: CHOP | Session: 0W/0L (0%) | PnL: $+0.00
[Confidence] Score=6/10 | extreme_edge,coinbase_weak,all3_agree
[Timing] Window 11 min old — skipping
[Cycle] No signal — YES=0.03 is between 0.32 and 0.68, sum=1.01 >= 0.97
[Ticker] KXSOL15M-26APR090100-00
[Market] YES=0.01 | NO=0.99 | Sum=1.00
==================================================
Balance: $116.47 | Regime: CHOP | Session: 0W/0L (0%) | PnL: $+0.00
[Confidence] Score=6/10 | extreme_edge,coinbase_weak,all3_agree
[Timing] Window 12 min old — skipping
[Cycle] No signal — YES=0.01 is between 0.32 and 0.68, sum=1.00 >= 0.97
[Ticker] KXSOL15M-26APR090100-00
[Market] YES=0.00 | NO=1.00 | Sum=1.00
==================================================
Balance: $116.47 | Regime: CHOP | Session: 0W/0L (0%) | PnL: $+0.00
[Confidence] Score=6/10 | extreme_edge,coinbase_weak,all3_agree
[Timing] Window 13 min old — skipping
[Cycle] No signal — YES=0.00 is between 0.32 and 0.68, sum=1.00 >= 0.97
[Ticker] KXSOL15M-26APR090100-00
[Market] YES=0.00 | NO=1.00 | Sum=1.00
==================================================
Balance: $116.47 | Regime: CHOP | Session: 0W/0L (0%) | PnL: $+0.00
[Confidence] Score=5/10 | extreme_edge,coinbase_weak,2of3_agree
[Timing] Window 14 min old — skipping
[Cycle] No signal — YES=0.00 is between 0.32 and 0.68, sum=1.00 >= 0.97
[Ticker] KXSOL15M-26APR090115-15
[Market] YES=0.51 | NO=0.67 | Sum=1.18
==================================================
Balance: $116.47 | Regime: CHOP | Session: 0W/0L (0%) | PnL: $+0.00
[Cycle] No signal — YES=0.51 is between 0.32 and 0.68, sum=1.18 >= 0.97
[Ticker] KXSOL15M-26APR090115-15
[Market] YES=0.34 | NO=0.69 | Sum=1.03
==================================================
Balance: $116.47 | Regime: CHOP | Session: 0W/0L (0%) | PnL: $+0.00
[Cycle] No signal — YES=0.34 is between 0.32 and 0.68, sum=1.03 >= 0.97
[Ticker] KXSOL15M-26APR090115-15
[Market] YES=0.45 | NO=0.60 | Sum=1.05
==================================================
Balance: $116.47 | Regime: CHOP | Session: 0W/0L (0%) | PnL: $+0.00
[Cycle] No signal — YES=0.45 is between 0.32 and 0.68, sum=1.05 >= 0.97
[Ticker] KXSOL15M-26APR090115-15
[Market] YES=0.31 | NO=0.74 | Sum=1.05
==================================================
Balance: $116.47 | Regime: CHOP | Session: 0W/0L (0%) | PnL: $+0.00
[Signal] Edge 0.19 below minimum 0.2 — skipping
[Cycle] No signal — YES=0.31 is between 0.32 and 0.68, sum=1.05 >= 0.97
[Ticker] KXSOL15M-26APR090115-15
[Market] YES=0.44 | NO=0.58 | Sum=1.02
==================================================
Balance: $116.47 | Regime: CHOP | Session: 0W/0L (0%) | PnL: $+0.00
[Cycle] No signal — YES=0.44 is between 0.32 and 0.68, sum=1.02 >= 0.97
[Ticker] KXSOL15M-26APR090115-15
[Market] YES=0.58 | NO=0.47 | Sum=1.05
==================================================
Balance: $116.47 | Regime: CHOP | Session: 0W/0L (0%) | PnL: $+0.00
[Cycle] No signal — YES=0.58 is between 0.32 and 0.68, sum=1.05 >= 0.97
[Ticker] KXSOL15M-26APR090115-15
[Market] YES=0.65 | NO=0.39 | Sum=1.04
==================================================
Balance: $116.47 | Regime: CHOP | Session: 0W/0L (0%) | PnL: $+0.00
[Cycle] No signal — YES=0.65 is between 0.32 and 0.68, sum=1.04 >= 0.97
[Ticker] KXSOL15M-26APR090115-15
[Market] YES=0.68 | NO=0.37 | Sum=1.05
==================================================
Balance: $116.47 | Regime: CHOP | Session: 0W/0L (0%) | PnL: $+0.00
[Cycle] No signal — YES=0.68 is between 0.32 and 0.68, sum=1.05 >= 0.97
[Ticker] KXSOL15M-26APR090115-15
[Market] YES=0.74 | NO=0.29 | Sum=1.03
==================================================
Balance: $116.47 | Regime: CHOP | Session: 0W/0L (0%) | PnL: $+0.00
[Confidence] Score=2/10 | moderate_edge,coinbase_weak
[Timing] Window 8 min old — skipping
[Cycle] No signal — YES=0.74 is between 0.32 and 0.68, sum=1.03 >= 0.97
[Ticker] KXSOL15M-26APR090115-15
[Market] YES=0.75 | NO=0.26 | Sum=1.01
==================================================
Balance: $116.47 | Regime: CHOP | Session: 0W/0L (0%) | PnL: $+0.00
[Confidence] Score=2/10 | moderate_edge,coinbase_weak
[Timing] Window 9 min old — skipping
[Cycle] No signal — YES=0.75 is between 0.32 and 0.68, sum=1.01 >= 0.97
[Ticker] KXSOL15M-26APR090115-15
[Market] YES=0.56 | NO=0.49 | Sum=1.05
==================================================
Balance: $116.47 | Regime: CHOP | Session: 0W/0L (0%) | PnL: $+0.00
[Cycle] No signal — YES=0.56 is between 0.32 and 0.68, sum=1.05 >= 0.97
[Ticker] KXSOL15M-26APR090115-15
[Market] YES=0.44 | NO=0.57 | Sum=1.01
==================================================
Balance: $116.47 | Regime: CHOP | Session: 0W/0L (0%) | PnL: $+0.00
[Cycle] No signal — YES=0.44 is between 0.32 and 0.68, sum=1.01 >= 0.97
[Ticker] KXSOL15M-26APR090115-15
[Market] YES=0.80 | NO=0.21 | Sum=1.01
==================================================
Balance: $116.47 | Regime: CHOP | Session: 0W/0L (0%) | PnL: $+0.00
[Confidence] Score=4/10 | strong_edge,coinbase_weak,2of3_agree
[Timing] Window 12 min old — skipping
[Cycle] No signal — YES=0.80 is between 0.32 and 0.68, sum=1.01 >= 0.97
[Ticker] KXSOL15M-26APR090115-15
[Market] YES=0.87 | NO=0.14 | Sum=1.01
==================================================
Balance: $116.47 | Regime: CHOP | Session: 0W/0L (0%) | PnL: $+0.00
[Confidence] Score=3/10 | strong_edge,coinbase_weak
[Timing] Window 13 min old — skipping
[Cycle] No signal — YES=0.87 is between 0.32 and 0.68, sum=1.01 >= 0.97
[Ticker] KXSOL15M-26APR090115-15
[Market] YES=0.97 | NO=0.06 | Sum=1.03
==================================================
Balance: $116.47 | Regime: CHOP | Session: 0W/0L (0%) | PnL: $+0.00
[Confidence] Score=4/10 | extreme_edge,coinbase_weak
[Timing] Window 14 min old — skipping
[Cycle] No signal — YES=0.97 is between 0.32 and 0.68, sum=1.03 >= 0.97
[Ticker] KXSOL15M-26APR090130-30
[Market] YES=0.76 | NO=0.45 | Sum=1.21
==================================================
Balance: $116.47 | Regime: CHOP | Session: 0W/0L (0%) | PnL: $+0.00
[Confidence] Score=2/10 | moderate_edge,coinbase_weak
[Timing] Window 0 min old — skipping
[Cycle] No signal — YES=0.76 is between 0.32 and 0.68, sum=1.21 >= 0.97
[Ticker] KXSOL15M-26APR090130-30
[Market] YES=0.58 | NO=0.47 | Sum=1.05
==================================================
Balance: $116.47 | Regime: CHOP | Session: 0W/0L (0%) | PnL: $+0.00
[Cycle] No signal — YES=0.58 is between 0.32 and 0.68, sum=1.05 >= 0.97
[Ticker] KXSOL15M-26APR090130-30
[Market] YES=0.59 | NO=0.46 | Sum=1.05
==================================================
Balance: $116.47 | Regime: CHOP | Session: 0W/0L (0%) | PnL: $+0.00
[Cycle] No signal — YES=0.59 is between 0.32 and 0.68, sum=1.05 >= 0.97
[Ticker] KXSOL15M-26APR090130-30
[Market] YES=0.51 | NO=0.52 | Sum=1.03
==================================================
Balance: $116.47 | Regime: CHOP | Session: 0W/0L (0%) | PnL: $+0.00
[Cycle] No signal — YES=0.51 is between 0.32 and 0.68, sum=1.03 >= 0.97
[Ticker] KXSOL15M-26APR090130-30
[Market] YES=0.56 | NO=0.49 | Sum=1.05
==================================================
Balance: $116.47 | Regime: CHOP | Session: 0W/0L (0%) | PnL: $+0.00
[Cycle] No signal — YES=0.56 is between 0.32 and 0.68, sum=1.05 >= 0.97
[Ticker] KXSOL15M-26APR090130-30
[Market] YES=0.82 | NO=0.19 | Sum=1.01
==================================================
Balance: $116.47 | Regime: CHOP | Session: 0W/0L (0%) | PnL: $+0.00
[Confidence] Score=3/10 | strong_edge,coinbase_weak
[Timing] Window 5 min old — skipping
[Cycle] No signal — YES=0.82 is between 0.32 and 0.68, sum=1.01 >= 0.97
[Ticker] KXSOL15M-26APR090130-30
[Market] YES=0.84 | NO=0.19 | Sum=1.03
==================================================
Balance: $116.47 | Regime: CHOP | Session: 0W/0L (0%) | PnL: $+0.00
[Confidence] Score=3/10 | strong_edge,coinbase_weak
[Timing] Window 6 min old — skipping
[Cycle] No signal — YES=0.84 is between 0.32 and 0.68, sum=1.03 >= 0.97
[Ticker] KXSOL15M-26APR090130-30
[Market] YES=0.79 | NO=0.25 | Sum=1.04
==================================================
Balance: $116.47 | Regime: CHOP | Session: 0W/0L (0%) | PnL: $+0.00
[Confidence] Score=2/10 | moderate_edge,coinbase_weak
[Timing] Window 7 min old — skipping
[Cycle] No signal — YES=0.79 is between 0.32 and 0.68, sum=1.04 >= 0.97
[Ticker] KXSOL15M-26APR090130-30
[Market] YES=0.77 | NO=0.28 | Sum=1.05
==================================================
Balance: $116.47 | Regime: CHOP | Session: 0W/0L (0%) | PnL: $+0.00
[Confidence] Score=2/10 | moderate_edge,coinbase_weak
[Timing] Window 8 min old — skipping
[Cycle] No signal — YES=0.77 is between 0.32 and 0.68, sum=1.05 >= 0.97
[Ticker] KXSOL15M-26APR090130-30
[Market] YES=0.83 | NO=0.19 | Sum=1.02
==================================================
Balance: $116.47 | Regime: CHOP | Session: 0W/0L (0%) | PnL: $+0.00
[Confidence] Score=3/10 | strong_edge,coinbase_weak
[Timing] Window 9 min old — skipping
[Cycle] No signal — YES=0.83 is between 0.32 and 0.68, sum=1.02 >= 0.97
[Ticker] KXSOL15M-26APR090130-30
[Market] YES=0.85 | NO=0.18 | Sum=1.03
==================================================
Balance: $116.44 | Regime: CHOP | Session: 0W/0L (0%) | PnL: $+0.00
[Confidence] Score=3/10 | strong_edge,coinbase_weak
[Timing] Window 10 min old — skipping
[Cycle] No signal — YES=0.85 is between 0.32 and 0.68, sum=1.03 >= 0.97
[Ticker] KXSOL15M-26APR090130-30
[Market] YES=0.98 | NO=0.04 | Sum=1.02
==================================================
Balance: $116.53 | Regime: CHOP | Session: 0W/0L (0%) | PnL: $+0.00
[Confidence] Score=4/10 | extreme_edge,coinbase_weak
[Timing] Window 11 min old — skipping
[Cycle] No signal — YES=0.98 is between 0.32 and 0.68, sum=1.02 >= 0.97
[Ticker] KXSOL15M-26APR090130-30
[Market] YES=0.99 | NO=0.01 | Sum=1.00
==================================================
Balance: $116.53 | Regime: CHOP | Session: 0W/0L (0%) | PnL: $+0.00
[Confidence] Score=4/10 | extreme_edge,coinbase_weak
[Timing] Window 12 min old — skipping
[Cycle] No signal — YES=0.99 is between 0.32 and 0.68, sum=1.00 >= 0.97
[Ticker] KXSOL15M-26APR090130-30
[Market] YES=1.00 | NO=0.01 | Sum=1.01
==================================================
Balance: $116.53 | Regime: CHOP | Session: 0W/0L (0%) | PnL: $+0.00
[Confidence] Score=4/10 | extreme_edge,coinbase_weak
[Timing] Window 13 min old — skipping
[Cycle] No signal — YES=1.00 is between 0.32 and 0.68, sum=1.01 >= 0.97
[Ticker] KXSOL15M-26APR090130-30
[Market] YES=1.00 | NO=0.01 | Sum=1.00
==================================================
Balance: $116.55 | Regime: CHOP | Session: 0W/0L (0%) | PnL: $+0.00
[Confidence] Score=4/10 | extreme_edge,coinbase_weak
[Timing] Window 14 min old — skipping
[Cycle] No signal — YES=1.00 is between 0.32 and 0.68, sum=1.00 >= 0.97
[Ticker] KXSOL15M-26APR090130-30
[Market] YES=1.00 | NO=0.01 | Sum=1.00
==================================================
Balance: $116.56 | Regime: CHOP | Session: 0W/0L (0%) | PnL: $+0.00
[Confidence] Score=4/10 | extreme_edge,coinbase_weak
[Timing] Window 0 min old — skipping
[Cycle] No signal — YES=1.00 is between 0.32 and 0.68, sum=1.00 >= 0.97
[Ticker] KXSOL15M-26APR090145-45
[Market] YES=0.54 | NO=0.49 | Sum=1.03
==================================================
Balance: $116.56 | Regime: CHOP | Session: 0W/0L (0%) | PnL: $+0.00
[Cycle] No signal — YES=0.54 is between 0.32 and 0.68, sum=1.03 >= 0.97
[Ticker] KXSOL15M-26APR090145-45
[Market] YES=0.65 | NO=0.39 | Sum=1.04
==================================================
Balance: $116.56 | Regime: CHOP | Session: 0W/0L (0%) | PnL: $+0.00
[Cycle] No signal — YES=0.65 is between 0.32 and 0.68, sum=1.04 >= 0.97
[Ticker] KXSOL15M-26APR090145-45
[Market] YES=0.79 | NO=0.24 | Sum=1.03
==================================================
Balance: $116.56 | Regime: CHOP | Session: 0W/0L (0%) | PnL: $+0.00
[Confidence] Score=2/10 | moderate_edge,coinbase_weak
[Signal] UP candidate | yes=0.79 | waiting (1/2)
[Cycle] No signal — YES=0.79 is between 0.32 and 0.68, sum=1.03 >= 0.97
[Ticker] KXSOL15M-26APR090145-45
[Market] YES=0.75 | NO=0.30 | Sum=1.05
==================================================
Balance: $116.56 | Regime: CHOP | Session: 0W/0L (0%) | PnL: $+0.00
[Confidence] Score=2/10 | moderate_edge,coinbase_weak
[Coinbase] Confirms UP | $82 gap=+0 (0.12%)
[Kraken] Divergence 86328.15% — bet trimmed
[Signal] CONFIRMED UP | yes=0.75 | edge=0.25 | bet=$1.80
[Safety] Balance $116.56 below floor $120.00
🛑 OpenClaw SOL Bot v4.0 halted: Balance $116.56 below floor $120.00

==================================================
OpenClaw SOL Bot v4.0 — LIVE
[Startup] Live balance synced: $116.56
Balance: $116.56 | MaxBet: $0.00 | Threshold: <0.32 or >0.68
==================================================

[Startup] Resting orders cleared
[Ticker] KXSOL15M-26APR090145-45
[Market] YES=0.75 | NO=0.30 | Sum=1.05
==================================================
Balance: $116.56 | Regime: CHOP | Session: 0W/0L (0%) | PnL: $+0.00
[Confidence] Score=2/10 | moderate_edge,coinbase_weak
[Signal] UP candidate | yes=0.75 | waiting (1/2)
[Cycle] No signal — YES=0.75 is between 0.32 and 0.68, sum=1.05 >= 0.97
[Ticker] KXSOL15M-26APR090145-45
[Market] YES=0.85 | NO=0.17 | Sum=1.02
==================================================
Balance: $116.56 | Regime: CHOP | Session: 0W/0L (0%) | PnL: $+0.00
[Confidence] Score=3/10 | strong_edge,coinbase_weak
[Timing] Window 5 min old — skipping
[Cycle] No signal — YES=0.85 is between 0.32 and 0.68, sum=1.02 >= 0.97
[Ticker] KXSOL15M-26APR090145-45
[Market] YES=0.91 | NO=0.12 | Sum=1.03
==================================================
Balance: $116.56 | Regime: CHOP | Session: 0W/0L (0%) | PnL: $+0.00
[Confidence] Score=3/10 | strong_edge,coinbase_weak
[Timing] Window 6 min old — skipping
[Cycle] No signal — YES=0.91 is between 0.32 and 0.68, sum=1.03 >= 0.97
[Ticker] KXSOL15M-26APR090145-45
[Market] YES=0.95 | NO=0.07 | Sum=1.02
==================================================
Balance: $116.56 | Regime: CHOP | Session: 0W/0L (0%) | PnL: $+0.00
[Confidence] Score=3/10 | strong_edge,coinbase_weak
[Timing] Window 7 min old — skipping
[Cycle] No signal — YES=0.95 is between 0.32 and 0.68, sum=1.02 >= 0.97
[Ticker] KXSOL15M-26APR090145-45
[Market] YES=0.97 | NO=0.05 | Sum=1.02
==================================================
Balance: $116.56 | Regime: CHOP | Session: 0W/0L (0%) | PnL: $+0.00
[Confidence] Score=4/10 | extreme_edge,coinbase_weak
[Timing] Window 8 min old — skipping
[Cycle] No signal — YES=0.97 is between 0.32 and 0.68, sum=1.02 >= 0.97
[Ticker] KXSOL15M-26APR090145-45
[Market] YES=0.99 | NO=0.01 | Sum=1.00
==================================================
Balance: $116.56 | Regime: CHOP | Session: 0W/0L (0%) | PnL: $+0.00
[Confidence] Score=4/10 | extreme_edge,coinbase_weak
[Timing] Window 9 min old — skipping
[Cycle] No signal — YES=0.99 is between 0.32 and 0.68, sum=1.00 >= 0.97
[Ticker] KXSOL15M-26APR090145-45
[Market] YES=1.00 | NO=0.01 | Sum=1.00
==================================================
Balance: $116.56 | Regime: CHOP | Session: 0W/0L (0%) | PnL: $+0.00
[Confidence] Score=4/10 | extreme_edge,coinbase_weak
[Timing] Window 10 min old — skipping
[Cycle] No signal — YES=1.00 is between 0.32 and 0.68, sum=1.00 >= 0.97
[Ticker] KXSOL15M-26APR090145-45
[Market] YES=1.00 | NO=0.01 | Sum=1.00
==================================================
Balance: $116.56 | Regime: CHOP | Session: 0W/0L (0%) | PnL: $+0.00
[Confidence] Score=4/10 | extreme_edge,coinbase_weak
[Timing] Window 11 min old — skipping
[Cycle] No signal — YES=1.00 is between 0.32 and 0.68, sum=1.00 >= 0.97
[Ticker] KXSOL15M-26APR090145-45
[Market] YES=1.00 | NO=0.00 | Sum=1.00
==================================================
Balance: $116.56 | Regime: CHOP | Session: 0W/0L (0%) | PnL: $+0.00
[Confidence] Score=4/10 | extreme_edge,coinbase_weak
[Timing] Window 12 min old — skipping
[Cycle] No signal — YES=1.00 is between 0.32 and 0.68, sum=1.00 >= 0.97
[Ticker] KXSOL15M-26APR090145-45
[Market] YES=1.00 | NO=0.00 | Sum=1.00
==================================================
Balance: $116.56 | Regime: CHOP | Session: 0W/0L (0%) | PnL: $+0.00
[Confidence] Score=4/10 | extreme_edge,coinbase_weak
[Timing] Window 13 min old — skipping
[Cycle] No signal — YES=1.00 is between 0.32 and 0.68, sum=1.00 >= 0.97
[Ticker] KXSOL15M-26APR090145-45
[Market] YES=1.00 | NO=0.00 | Sum=1.00
==================================================
Balance: $116.56 | Regime: CHOP | Session: 0W/0L (0%) | PnL: $+0.00
[Confidence] Score=4/10 | extreme_edge,coinbase_weak
[Timing] Window 14 min old — skipping
[Cycle] No signal — YES=1.00 is between 0.32 and 0.68, sum=1.00 >= 0.97
[Ticker] KXSOL15M-26APR090200-00
[Market] YES=0.47 | NO=0.66 | Sum=1.13
==================================================
Balance: $116.56 | Regime: CHOP | Session: 0W/0L (0%) | PnL: $+0.00
[Cycle] No signal — YES=0.47 is between 0.32 and 0.68, sum=1.13 >= 0.97
[Ticker] KXSOL15M-26APR090200-00
[Market] YES=0.36 | NO=0.66 | Sum=1.02
==================================================
Balance: $116.56 | Regime: CHOP | Session: 0W/0L (0%) | PnL: $+0.00
[Cycle] No signal — YES=0.36 is between 0.32 and 0.68, sum=1.02 >= 0.97
[Ticker] KXSOL15M-26APR090200-00
[Market] YES=0.30 | NO=0.73 | Sum=1.03
==================================================
Balance: $116.56 | Regime: CHOP | Session: 0W/0L (0%) | PnL: $+0.00
[Confidence] Score=4/10 | moderate_edge,coinbase_weak,all3_agree
[Signal] DOWN candidate | yes=0.30 | waiting (1/2)
[Cycle] No signal — YES=0.30 is between 0.32 and 0.68, sum=1.03 >= 0.97
[Ticker] KXSOL15M-26APR090200-00
[Market] YES=0.19 | NO=0.85 | Sum=1.04
==================================================
Balance: $116.56 | Regime: CHOP | Session: 0W/0L (0%) | PnL: $+0.00
[Confidence] Score=5/10 | strong_edge,coinbase_weak,all3_agree
[Coinbase] Confirms DOWN | $82 gap=-0 (0.15%)
[Kraken] Divergence 86323.79% — bet trimmed
[Correlation] All 3 agree — bet boosted
[Signal] CONFIRMED DOWN | yes=0.19 | edge=0.31 | bet=$2.16
[CorrGuard] 2 bots already fired — skipping to avoid correlated loss
[Cycle] No signal — YES=0.19 is between 0.32 and 0.68, sum=1.04 >= 0.97
[Ticker] KXSOL15M-26APR090200-00
[Market] YES=0.13 | NO=0.88 | Sum=1.01
==================================================
Balance: $116.56 | Regime: CHOP | Session: 0W/0L (0%) | PnL: $+0.00
[Confidence] Score=5/10 | strong_edge,coinbase_weak,all3_agree
[Coinbase] Confirms DOWN | $82 gap=-0 (0.20%)
[Kraken] Divergence 86322.99% — bet trimmed
[Correlation] All 3 agree — bet boosted
[Signal] CONFIRMED DOWN | yes=0.13 | edge=0.37 | bet=$2.16
[Safety] Balance $116.56 below floor $120.00
🛑 OpenClaw SOL Bot v4.0 halted: Balance $116.56 below floor $120.00

==================================================
OpenClaw SOL Bot v4.0 — LIVE
[Startup] Live balance synced: $116.56
Balance: $116.56 | MaxBet: $0.00 | Threshold: <0.32 or >0.68
==================================================

[Startup] Resting orders cleared
[Ticker] KXSOL15M-26APR090200-00
[Market] YES=0.13 | NO=0.88 | Sum=1.01
==================================================
Balance: $116.56 | Regime: CHOP | Session: 0W/0L (0%) | PnL: $+0.00
[Confidence] Score=5/10 | strong_edge,coinbase_weak,all3_agree
[Signal] DOWN candidate | yes=0.13 | waiting (1/2)
[Cycle] No signal — YES=0.13 is between 0.32 and 0.68, sum=1.01 >= 0.97
[Ticker] KXSOL15M-26APR090200-00
[Market] YES=0.08 | NO=0.95 | Sum=1.03
==================================================
Balance: $116.56 | Regime: CHOP | Session: 0W/0L (0%) | PnL: $+0.00
[Confidence] Score=5/10 | strong_edge,coinbase_weak,all3_agree
[Timing] Window 5 min old — skipping
[Cycle] No signal — YES=0.08 is between 0.32 and 0.68, sum=1.03 >= 0.97
[Ticker] KXSOL15M-26APR090200-00
[Market] YES=0.05 | NO=0.97 | Sum=1.02
==================================================
Balance: $116.56 | Regime: CHOP | Session: 0W/0L (0%) | PnL: $+0.00
[Confidence] Score=5/10 | extreme_edge,coinbase_weak,2of3_agree
[Timing] Window 6 min old — skipping
[Cycle] No signal — YES=0.05 is between 0.32 and 0.68, sum=1.02 >= 0.97
[Ticker] KXSOL15M-26APR090200-00
[Market] YES=0.05 | NO=0.96 | Sum=1.01
==================================================
Balance: $116.56 | Regime: CHOP | Session: 0W/0L (0%) | PnL: $+0.00
[Confidence] Score=5/10 | extreme_edge,coinbase_weak,2of3_agree
[Timing] Window 7 min old — skipping
[Cycle] No signal — YES=0.05 is between 0.32 and 0.68, sum=1.01 >= 0.97
[Ticker] KXSOL15M-26APR090200-00
[Market] YES=0.03 | NO=0.98 | Sum=1.01
==================================================
Balance: $116.56 | Regime: CHOP | Session: 0W/0L (0%) | PnL: $+0.00
[Confidence] Score=6/10 | extreme_edge,coinbase_weak,all3_agree
[Timing] Window 8 min old — skipping
[Cycle] No signal — YES=0.03 is between 0.32 and 0.68, sum=1.01 >= 0.97
[Ticker] KXSOL15M-26APR090200-00
[Market] YES=0.02 | NO=0.99 | Sum=1.01
==================================================
Balance: $116.56 | Regime: CHOP | Session: 0W/0L (0%) | PnL: $+0.00
[Confidence] Score=6/10 | extreme_edge,coinbase_weak,all3_agree
[Timing] Window 9 min old — skipping
[Cycle] No signal — YES=0.02 is between 0.32 and 0.68, sum=1.01 >= 0.97
[Ticker] KXSOL15M-26APR090200-00
[Market] YES=0.02 | NO=0.99 | Sum=1.01
==================================================
Balance: $116.56 | Regime: CHOP | Session: 0W/0L (0%) | PnL: $+0.00
[Confidence] Score=6/10 | extreme_edge,coinbase_weak,all3_agree
[Timing] Window 10 min old — skipping
[Cycle] No signal — YES=0.02 is between 0.32 and 0.68, sum=1.01 >= 0.97
[Ticker] KXSOL15M-26APR090200-00
[Market] YES=0.01 | NO=1.00 | Sum=1.01
==================================================
Balance: $116.56 | Regime: CHOP | Session: 0W/0L (0%) | PnL: $+0.00
[Confidence] Score=5/10 | extreme_edge,coinbase_weak,2of3_agree
[Timing] Window 11 min old — skipping
[Cycle] No signal — YES=0.01 is between 0.32 and 0.68, sum=1.01 >= 0.97
[Ticker] KXSOL15M-26APR090200-00
[Market] YES=0.01 | NO=1.00 | Sum=1.00
==================================================
Balance: $116.56 | Regime: CHOP | Session: 0W/0L (0%) | PnL: $+0.00
[Confidence] Score=6/10 | extreme_edge,coinbase_weak,all3_agree
[Timing] Window 12 min old — skipping
[Cycle] No signal — YES=0.01 is between 0.32 and 0.68, sum=1.00 >= 0.97
[Ticker] KXSOL15M-26APR090200-00
[Market] YES=0.01 | NO=1.00 | Sum=1.00
==================================================
Balance: $116.56 | Regime: CHOP | Session: 0W/0L (0%) | PnL: $+0.00
[Confidence] Score=6/10 | extreme_edge,coinbase_weak,all3_agree
[Timing] Window 13 min old — skipping
[Cycle] No signal — YES=0.01 is between 0.32 and 0.68, sum=1.00 >= 0.97
[Ticker] KXSOL15M-26APR090200-00
[Market] YES=0.00 | NO=1.00 | Sum=1.00
==================================================
Balance: $116.56 | Regime: CHOP | Session: 0W/0L (0%) | PnL: $+0.00
[Confidence] Score=6/10 | extreme_edge,coinbase_weak,all3_agree
[Timing] Window 14 min old — skipping
[Cycle] No signal — YES=0.00 is between 0.32 and 0.68, sum=1.00 >= 0.97
[Ticker] KXSOL15M-26APR090200-00
[Market] YES=1.00 | NO=1.00 | Sum=2.00
==================================================
Balance: $116.56 | Regime: CHOP | Session: 0W/0L (0%) | PnL: $+0.00
[Confidence] Score=4/10 | extreme_edge,peak_hour
[Timing] Window 0 min old — skipping
[Cycle] No signal — YES=1.00 is between 0.32 and 0.68, sum=2.00 >= 0.97
[Ticker] KXSOL15M-26APR090600-00
[Market] YES=0.00 | NO=1.00 | Sum=1.00
==================================================
Balance: $116.56 | Regime: CHOP | Session: 0W/0L (0%) | PnL: $+0.00
[Confidence] Score=6/10 | extreme_edge,all3_agree,peak_hour
[Signal] EXTREME DOWN | yes=0.00 | edge=0.50 | firing immediately
[Kraken] Divergence 86285.10% — bet trimmed
[Correlation] All 3 agree — bet boosted
[Signal] CONFIRMED DOWN | yes=0.00 | edge=0.50 | bet=$4.40
[CorrGuard] 2 bots already fired — skipping to avoid correlated loss
[Cycle] No signal — YES=0.00 is between 0.32 and 0.68, sum=1.00 >= 0.97
[Ticker] KXSOL15M-26APR090600-00
[Market] YES=0.00 | NO=1.00 | Sum=1.00
==================================================
Balance: $116.56 | Regime: CHOP | Session: 0W/0L (0%) | PnL: $+0.00
[Confidence] Score=6/10 | extreme_edge,all3_agree,peak_hour
[Kraken] Divergence 86294.43% — bet trimmed
[Correlation] Markets diverging — bet trimmed
[Signal] CONFIRMED DOWN | yes=0.00 | edge=0.50 | bet=$3.30
[Safety] Balance $116.56 below floor $120.00
🛑 OpenClaw SOL Bot v4.0 halted: Balance $116.56 below floor $120.00

==================================================
OpenClaw SOL Bot v4.0 — LIVE
[Startup] Live balance synced: $116.56
Balance: $116.56 | MaxBet: $11.66 | Threshold: <0.32 or >0.68
==================================================

[Startup] Resting orders cleared
[Ticker] KXSOL15M-26APR090600-00
[Market] YES=0.00 | NO=1.00 | Sum=1.00
==================================================
Balance: $116.56 | Regime: CHOP | Session: 0W/0L (0%) | PnL: $+0.00
[Confidence] Score=5/10 | extreme_edge,2of3_agree,peak_hour
[Signal] DOWN candidate | yes=0.00 | waiting (1/2)
[Cycle] No signal — YES=0.00 is between 0.32 and 0.68, sum=1.00 >= 0.97
[Ticker] KXSOL15M-26APR090600-00
[Market] YES=0.00 | NO=1.00 | Sum=1.00
==================================================
Balance: $116.56 | Regime: CHOP | Session: 0W/0L (0%) | PnL: $+0.00
[Confidence] Score=6/10 | extreme_edge,all3_agree,peak_hour
[Kraken] Divergence 86204.41% — bet trimmed
[Correlation] Markets diverging — bet trimmed
[Signal] CONFIRMED DOWN | yes=0.00 | edge=0.50 | bet=$3.30
[CorrGuard] 2 bots already fired — skipping to avoid correlated loss
[Cycle] No signal — YES=0.00 is between 0.32 and 0.68, sum=1.00 >= 0.97
[Ticker] KXSOL15M-26APR090600-00
[Market] YES=0.00 | NO=1.00 | Sum=1.00
==================================================
Balance: $116.56 | Regime: CHOP | Session: 0W/0L (0%) | PnL: $+0.00
[Confidence] Score=6/10 | extreme_edge,all3_agree,peak_hour
[Kraken] Divergence 86198.47% — bet trimmed
[Correlation] All 3 agree — bet boosted
[Signal] CONFIRMED DOWN | yes=0.00 | edge=0.50 | bet=$4.40
[Safety] Balance $116.56 below floor $120.00
🛑 OpenClaw SOL Bot v4.0 halted: Balance $116.56 below floor $120.00

==================================================
OpenClaw SOL Bot v4.0 — LIVE
[Startup] Live balance synced: $116.56
Balance: $116.56 | MaxBet: $11.66 | Threshold: <0.32 or >0.68
==================================================

[Startup] Resting orders cleared
[Ticker] KXSOL15M-26APR090600-00
[Market] YES=0.00 | NO=1.00 | Sum=1.00
==================================================
Balance: $116.56 | Regime: CHOP | Session: 0W/0L (0%) | PnL: $+0.00
[Confidence] Score=5/10 | extreme_edge,2of3_agree,peak_hour
[Timing] Window 5 min old — skipping
[Cycle] No signal — YES=0.00 is between 0.32 and 0.68, sum=1.00 >= 0.97
[Ticker] KXSOL15M-26APR090600-00
[Market] YES=0.00 | NO=1.00 | Sum=1.00
==================================================
Balance: $116.56 | Regime: CHOP | Session: 0W/0L (0%) | PnL: $+0.00
[Confidence] Score=6/10 | extreme_edge,all3_agree,peak_hour
[Timing] Window 6 min old — skipping
[Cycle] No signal — YES=0.00 is between 0.32 and 0.68, sum=1.00 >= 0.97
[Ticker] KXSOL15M-26APR090600-00
[Market] YES=0.00 | NO=1.00 | Sum=1.00
==================================================
Balance: $116.56 | Regime: CHOP | Session: 0W/0L (0%) | PnL: $+0.00
[Confidence] Score=6/10 | extreme_edge,all3_agree,peak_hour
[Timing] Window 7 min old — skipping
[Cycle] No signal — YES=0.00 is between 0.32 and 0.68, sum=1.00 >= 0.97
[Ticker] KXSOL15M-26APR090600-00
[Market] YES=0.00 | NO=1.00 | Sum=1.00
==================================================
Balance: $116.56 | Regime: CHOP | Session: 0W/0L (0%) | PnL: $+0.00
[Confidence] Score=6/10 | extreme_edge,all3_agree,peak_hour
[Timing] Window 8 min old — skipping
[Cycle] No signal — YES=0.00 is between 0.32 and 0.68, sum=1.00 >= 0.97
[Ticker] KXSOL15M-26APR090600-00
[Market] YES=0.00 | NO=1.00 | Sum=1.00
==================================================
Balance: $116.56 | Regime: CHOP | Session: 0W/0L (0%) | PnL: $+0.00
[Confidence] Score=6/10 | extreme_edge,all3_agree,peak_hour
[Timing] Window 9 min old — skipping
[Cycle] No signal — YES=0.00 is between 0.32 and 0.68, sum=1.00 >= 0.97
[Ticker] KXSOL15M-26APR090600-00
[Market] YES=0.00 | NO=1.00 | Sum=1.00
==================================================
Balance: $116.56 | Regime: CHOP | Session: 0W/0L (0%) | PnL: $+0.00
[Confidence] Score=6/10 | extreme_edge,all3_agree,peak_hour
[Timing] Window 10 min old — skipping
[Cycle] No signal — YES=0.00 is between 0.32 and 0.68, sum=1.00 >= 0.97
[Ticker] KXSOL15M-26APR090600-00
[Market] YES=0.00 | NO=1.00 | Sum=1.00
==================================================
Balance: $116.56 | Regime: CHOP | Session: 0W/0L (0%) | PnL: $+0.00
[Confidence] Score=5/10 | extreme_edge,2of3_agree,peak_hour
[Timing] Window 11 min old — skipping
[Cycle] No signal — YES=0.00 is between 0.32 and 0.68, sum=1.00 >= 0.97
[Ticker] KXSOL15M-26APR090600-00
[Market] YES=0.00 | NO=1.00 | Sum=1.00
==================================================
Balance: $116.56 | Regime: CHOP | Session: 0W/0L (0%) | PnL: $+0.00
[Confidence] Score=5/10 | extreme_edge,2of3_agree,peak_hour
[Timing] Window 12 min old — skipping
[Cycle] No signal — YES=0.00 is between 0.32 and 0.68, sum=1.00 >= 0.97
[Ticker] KXSOL15M-26APR090600-00
[Market] YES=0.00 | NO=1.00 | Sum=1.00
==================================================
Balance: $116.56 | Regime: CHOP | Session: 0W/0L (0%) | PnL: $+0.00
[Confidence] Score=6/10 | extreme_edge,all3_agree,peak_hour
[Timing] Window 13 min old — skipping
[Cycle] No signal — YES=0.00 is between 0.32 and 0.68, sum=1.00 >= 0.97
[Ticker] KXSOL15M-26APR090600-00
[Market] YES=0.00 | NO=1.00 | Sum=1.00
==================================================
Balance: $116.56 | Regime: CHOP | Session: 0W/0L (0%) | PnL: $+0.00
[Confidence] Score=6/10 | extreme_edge,all3_agree,peak_hour
[Timing] Window 14 min old — skipping
[Cycle] No signal — YES=0.00 is between 0.32 and 0.68, sum=1.00 >= 0.97
[Ticker] KXSOL15M-26APR090615-15
[Market] YES=0.00 | NO=1.00 | Sum=1.00
==================================================
Balance: $116.56 | Regime: CHOP | Session: 0W/0L (0%) | PnL: $+0.00
[Confidence] Score=5/10 | extreme_edge,2of3_agree,peak_hour
[Timing] Window 0 min old — skipping
[Cycle] No signal — YES=0.00 is between 0.32 and 0.68, sum=1.00 >= 0.97
[Ticker] KXSOL15M-26APR090615-15
[Market] YES=0.00 | NO=1.00 | Sum=1.00
==================================================
Balance: $116.56 | Regime: CHOP | Session: 0W/0L (0%) | PnL: $+0.00
[Confidence] Score=6/10 | extreme_edge,all3_agree,peak_hour
[Signal] EXTREME DOWN | yes=0.00 | edge=0.50 | firing immediately
[Kraken] Divergence 86253.06% — bet trimmed
[Correlation] All 3 agree — bet boosted
[Signal] CONFIRMED DOWN | yes=0.00 | edge=0.50 | bet=$4.40
[Safety] Balance $116.56 below floor $120.00
🛑 OpenClaw SOL Bot v4.0 halted: Balance $116.56 below floor $120.00

==================================================
OpenClaw SOL Bot v4.0 — LIVE
[Startup] Live balance synced: $116.56
Balance: $116.56 | MaxBet: $11.66 | Threshold: <0.32 or >0.68
==================================================

[Startup] Resting orders cleared
[Ticker] KXSOL15M-26APR090615-15
[Market] YES=0.00 | NO=1.00 | Sum=1.00
==================================================
Balance: $116.56 | Regime: CHOP | Session: 0W/0L (0%) | PnL: $+0.00
[Confidence] Score=5/10 | extreme_edge,2of3_agree,peak_hour
[Signal] EXTREME DOWN | yes=0.00 | edge=0.50 | firing immediately
[Kraken] Divergence 86242.55% — bet trimmed
[Correlation] All 3 agree — bet boosted
[Signal] CONFIRMED DOWN | yes=0.00 | edge=0.50 | bet=$4.40
[CorrGuard] 2 bots already fired — skipping to avoid correlated loss
[Cycle] No signal — YES=0.00 is between 0.32 and 0.68, sum=1.00 >= 0.97
[Ticker] KXSOL15M-26APR090615-15
[Market] YES=0.00 | NO=1.00 | Sum=1.00
==================================================
Balance: $116.56 | Regime: CHOP | Session: 0W/0L (0%) | PnL: $+0.00
[Confidence] Score=5/10 | extreme_edge,2of3_agree,peak_hour
[Signal] DOWN candidate | yes=0.00 | waiting (1/2)
[Cycle] No signal — YES=0.00 is between 0.32 and 0.68, sum=1.00 >= 0.97
[Ticker] KXSOL15M-26APR090615-15
[Market] YES=0.00 | NO=1.00 | Sum=1.00
==================================================
Balance: $116.56 | Regime: CHOP | Session: 0W/0L (0%) | PnL: $+0.00
[Confidence] Score=6/10 | extreme_edge,all3_agree,peak_hour
[Kraken] Divergence 86278.13% — bet trimmed
[Correlation] 2/3 agree DOWN
[Signal] CONFIRMED DOWN | yes=0.00 | edge=0.50 | bet=$3.67
[Safety] Balance $116.56 below floor $120.00
🛑 OpenClaw SOL Bot v4.0 halted: Balance $116.56 below floor $120.00

==================================================
OpenClaw SOL Bot v4.0 — LIVE
[Startup] Live balance synced: $116.56
Balance: $116.56 | MaxBet: $11.66 | Threshold: <0.32 or >0.68
==================================================

[Startup] Resting orders cleared
[Ticker] KXSOL15M-26APR090615-15
[Market] YES=0.00 | NO=1.00 | Sum=1.00
==================================================
Balance: $116.56 | Regime: CHOP | Session: 0W/0L (0%) | PnL: $+0.00
[Confidence] Score=5/10 | extreme_edge,2of3_agree,peak_hour
[Signal] DOWN candidate | yes=0.00 | waiting (1/2)
[Cycle] No signal — YES=0.00 is between 0.32 and 0.68, sum=1.00 >= 0.97
[Ticker] KXSOL15M-26APR090615-15
[Market] YES=0.00 | NO=1.00 | Sum=1.00
==================================================
Balance: $116.56 | Regime: CHOP | Session: 0W/0L (0%) | PnL: $+0.00
[Confidence] Score=6/10 | extreme_edge,all3_agree,peak_hour
[Kraken] Divergence 86284.26% — bet trimmed
[Correlation] All 3 agree — bet boosted
[Signal] CONFIRMED DOWN | yes=0.00 | edge=0.50 | bet=$4.40
[CorrGuard] 2 bots already fired — skipping to avoid correlated loss
[Cycle] No signal — YES=0.00 is between 0.32 and 0.68, sum=1.00 >= 0.97
[Ticker] KXSOL15M-26APR090615-15
[Market] YES=0.00 | NO=1.00 | Sum=1.00
==================================================
Balance: $116.56 | Regime: CHOP | Session: 0W/0L (0%) | PnL: $+0.00
[Confidence] Score=6/10 | extreme_edge,all3_agree,peak_hour
[Timing] Window 5 min old — skipping
[Cycle] No signal — YES=0.00 is between 0.32 and 0.68, sum=1.00 >= 0.97
[Ticker] KXSOL15M-26APR090615-15
[Market] YES=0.00 | NO=1.00 | Sum=1.00
==================================================
Balance: $116.56 | Regime: CHOP | Session: 0W/0L (0%) | PnL: $+0.00
[Confidence] Score=6/10 | extreme_edge,all3_agree,peak_hour
[Timing] Window 6 min old — skipping
[Cycle] No signal — YES=0.00 is between 0.32 and 0.68, sum=1.00 >= 0.97
[Ticker] KXSOL15M-26APR090615-15
[Market] YES=0.00 | NO=1.00 | Sum=1.00
==================================================
Balance: $116.56 | Regime: CHOP | Session: 0W/0L (0%) | PnL: $+0.00
[Confidence] Score=6/10 | extreme_edge,all3_agree,peak_hour
[Timing] Window 7 min old — skipping
[Cycle] No signal — YES=0.00 is between 0.32 and 0.68, sum=1.00 >= 0.97
[Ticker] KXSOL15M-26APR090615-15
[Market] YES=0.00 | NO=1.00 | Sum=1.00
==================================================
Balance: $116.56 | Regime: CHOP | Session: 0W/0L (0%) | PnL: $+0.00
[Confidence] Score=5/10 | extreme_edge,2of3_agree,peak_hour
[Timing] Window 8 min old — skipping
[Cycle] No signal — YES=0.00 is between 0.32 and 0.68, sum=1.00 >= 0.97
[Ticker] KXSOL15M-26APR090615-15
[Market] YES=0.00 | NO=1.00 | Sum=1.00
==================================================
Balance: $116.56 | Regime: CHOP | Session: 0W/0L (0%) | PnL: $+0.00
[Confidence] Score=6/10 | extreme_edge,all3_agree,peak_hour
[Timing] Window 9 min old — skipping
[Cycle] No signal — YES=0.00 is between 0.32 and 0.68, sum=1.00 >= 0.97
[Ticker] KXSOL15M-26APR090615-15
[Market] YES=0.00 | NO=1.00 | Sum=1.00
==================================================
Balance: $116.56 | Regime: CHOP | Session: 0W/0L (0%) | PnL: $+0.00
[Confidence] Score=6/10 | extreme_edge,all3_agree,peak_hour
[Timing] Window 10 min old — skipping
[Cycle] No signal — YES=0.00 is between 0.32 and 0.68, sum=1.00 >= 0.97
[Ticker] KXSOL15M-26APR090615-15
[Market] YES=0.00 | NO=1.00 | Sum=1.00
==================================================
Balance: $116.56 | Regime: CHOP | Session: 0W/0L (0%) | PnL: $+0.00
[Confidence] Score=5/10 | extreme_edge,2of3_agree,peak_hour
[Timing] Window 11 min old — skipping
[Cycle] No signal — YES=0.00 is between 0.32 and 0.68, sum=1.00 >= 0.97
[Ticker] KXSOL15M-26APR090615-15
[Market] YES=0.00 | NO=1.00 | Sum=1.00
==================================================
Balance: $116.56 | Regime: CHOP | Session: 0W/0L (0%) | PnL: $+0.00
[Confidence] Score=6/10 | extreme_edge,all3_agree,peak_hour
[Timing] Window 12 min old — skipping
[Cycle] No signal — YES=0.00 is between 0.32 and 0.68, sum=1.00 >= 0.97
[Ticker] KXSOL15M-26APR090615-15
[Market] YES=0.00 | NO=1.00 | Sum=1.00
==================================================
Balance: $116.56 | Regime: CHOP | Session: 0W/0L (0%) | PnL: $+0.00
[Confidence] Score=6/10 | extreme_edge,all3_agree,peak_hour
[Timing] Window 13 min old — skipping
[Cycle] No signal — YES=0.00 is between 0.32 and 0.68, sum=1.00 >= 0.97
[Ticker] KXSOL15M-26APR090615-15
[Market] YES=0.00 | NO=1.00 | Sum=1.00
==================================================
Balance: $116.56 | Regime: CHOP | Session: 0W/0L (0%) | PnL: $+0.00
[Confidence] Score=6/10 | extreme_edge,all3_agree,peak_hour
[Timing] Window 14 min old — skipping
[Cycle] No signal — YES=0.00 is between 0.32 and 0.68, sum=1.00 >= 0.97
[Ticker] KXSOL15M-26APR090630-30
[Market] YES=0.00 | NO=1.00 | Sum=1.00
==================================================
Balance: $116.56 | Regime: CHOP | Session: 0W/0L (0%) | PnL: $+0.00
[Confidence] Score=6/10 | extreme_edge,all3_agree,peak_hour
[Timing] Window 0 min old — skipping
[Cycle] No signal — YES=0.00 is between 0.32 and 0.68, sum=1.00 >= 0.97
[Ticker] KXSOL15M-26APR090630-30
[Market] YES=0.00 | NO=1.00 | Sum=1.00
==================================================
Balance: $116.56 | Regime: CHOP | Session: 0W/0L (0%) | PnL: $+0.00
[Confidence] Score=6/10 | extreme_edge,all3_agree,peak_hour
[Signal] EXTREME DOWN | yes=0.00 | edge=0.50 | firing immediately
[Kraken] Divergence 86437.02% — bet trimmed
[Correlation] 2/3 agree DOWN
[Signal] CONFIRMED DOWN | yes=0.00 | edge=0.50 | bet=$3.67
[Safety] Balance $116.56 below floor $120.00
🛑 OpenClaw SOL Bot v4.0 halted: Balance $116.56 below floor $120.00

==================================================
OpenClaw SOL Bot v4.0 — LIVE
[Startup] Live balance synced: $116.56
Balance: $116.56 | MaxBet: $11.66 | Threshold: <0.32 or >0.68
==================================================

[Startup] Resting orders cleared
[Ticker] KXSOL15M-26APR090630-30
[Market] YES=0.00 | NO=1.00 | Sum=1.00
==================================================
Balance: $116.56 | Regime: CHOP | Session: 0W/0L (0%) | PnL: $+0.00
[Confidence] Score=5/10 | extreme_edge,2of3_agree,peak_hour
[Signal] EXTREME DOWN | yes=0.00 | edge=0.50 | firing immediately
[Kraken] Divergence 86415.90% — bet trimmed
[Correlation] 2/3 agree DOWN
[Signal] CONFIRMED DOWN | yes=0.00 | edge=0.50 | bet=$3.67
[CorrGuard] 2 bots already fired — skipping to avoid correlated loss
[Cycle] No signal — YES=0.00 is between 0.32 and 0.68, sum=1.00 >= 0.97
[Ticker] KXSOL15M-26APR090630-30
[Market] YES=0.00 | NO=1.00 | Sum=1.00
==================================================
Balance: $116.56 | Regime: CHOP | Session: 0W/0L (0%) | PnL: $+0.00
[Confidence] Score=6/10 | extreme_edge,all3_agree,peak_hour
[Signal] DOWN candidate | yes=0.00 | waiting (1/2)
[Cycle] No signal — YES=0.00 is between 0.32 and 0.68, sum=1.00 >= 0.97
[Ticker] KXSOL15M-26APR090630-30
[Market] YES=0.00 | NO=1.00 | Sum=1.00
==================================================
Balance: $116.56 | Regime: CHOP | Session: 0W/0L (0%) | PnL: $+0.00
[Confidence] Score=6/10 | extreme_edge,all3_agree,peak_hour
[Kraken] Divergence 86290.62% — bet trimmed
[Correlation] 2/3 agree DOWN
[Signal] CONFIRMED DOWN | yes=0.00 | edge=0.50 | bet=$3.67
[Safety] Balance $116.56 below floor $120.00
🛑 OpenClaw SOL Bot v4.0 halted: Balance $116.56 below floor $120.00

==================================================
OpenClaw SOL Bot v4.0 — LIVE
[Startup] Live balance synced: $116.56
Balance: $116.56 | MaxBet: $11.66 | Threshold: <0.32 or >0.68
==================================================

[Startup] Resting orders cleared
[Ticker] KXSOL15M-26APR090630-30
[Market] YES=0.00 | NO=1.00 | Sum=1.00
==================================================
Balance: $116.56 | Regime: CHOP | Session: 0W/0L (0%) | PnL: $+0.00
[Confidence] Score=5/10 | extreme_edge,2of3_agree,peak_hour
[Signal] DOWN candidate | yes=0.00 | waiting (1/2)
[Cycle] No signal — YES=0.00 is between 0.32 and 0.68, sum=1.00 >= 0.97
[Ticker] KXSOL15M-26APR090630-30
[Market] YES=0.00 | NO=1.00 | Sum=1.00
==================================================
Balance: $116.56 | Regime: CHOP | Session: 0W/0L (0%) | PnL: $+0.00
[Confidence] Score=6/10 | extreme_edge,all3_agree,peak_hour
[Kraken] Divergence 86312.57% — bet trimmed
[Correlation] 2/3 agree DOWN
[Signal] CONFIRMED DOWN | yes=0.00 | edge=0.50 | bet=$3.67
[CorrGuard] 2 bots already fired — skipping to avoid correlated loss
[Cycle] No signal — YES=0.00 is between 0.32 and 0.68, sum=1.00 >= 0.97
[Ticker] KXSOL15M-26APR090630-30
[Market] YES=0.00 | NO=1.00 | Sum=1.00
==================================================
Balance: $116.56 | Regime: CHOP | Session: 0W/0L (0%) | PnL: $+0.00
[Confidence] Score=6/10 | extreme_edge,all3_agree,peak_hour
[Timing] Window 5 min old — skipping
[Cycle] No signal — YES=0.00 is between 0.32 and 0.68, sum=1.00 >= 0.97
[Ticker] KXSOL15M-26APR090630-30
[Market] YES=0.00 | NO=1.00 | Sum=1.00
==================================================
Balance: $116.56 | Regime: CHOP | Session: 0W/0L (0%) | PnL: $+0.00
[Confidence] Score=6/10 | extreme_edge,all3_agree,peak_hour
[Timing] Window 6 min old — skipping
[Cycle] No signal — YES=0.00 is between 0.32 and 0.68, sum=1.00 >= 0.97
[Ticker] KXSOL15M-26APR090630-30
[Market] YES=0.00 | NO=1.00 | Sum=1.00
==================================================
Balance: $116.56 | Regime: CHOP | Session: 0W/0L (0%) | PnL: $+0.00
[Confidence] Score=6/10 | extreme_edge,all3_agree,peak_hour
[Timing] Window 7 min old — skipping
[Cycle] No signal — YES=0.00 is between 0.32 and 0.68, sum=1.00 >= 0.97
[Ticker] KXSOL15M-26APR090630-30
[Market] YES=0.00 | NO=1.00 | Sum=1.00
==================================================
Balance: $116.56 | Regime: CHOP | Session: 0W/0L (0%) | PnL: $+0.00
[Confidence] Score=6/10 | extreme_edge,all3_agree,peak_hour
[Timing] Window 8 min old — skipping
[Cycle] No signal — YES=0.00 is between 0.32 and 0.68, sum=1.00 >= 0.97
[Ticker] KXSOL15M-26APR090630-30
[Market] YES=0.00 | NO=1.00 | Sum=1.00
==================================================
Balance: $116.56 | Regime: CHOP | Session: 0W/0L (0%) | PnL: $+0.00
[Confidence] Score=5/10 | extreme_edge,2of3_agree,peak_hour
[Timing] Window 9 min old — skipping
[Cycle] No signal — YES=0.00 is between 0.32 and 0.68, sum=1.00 >= 0.97
[Ticker] KXSOL15M-26APR090630-30
[Market] YES=0.00 | NO=1.00 | Sum=1.00
==================================================
Balance: $116.56 | Regime: CHOP | Session: 0W/0L (0%) | PnL: $+0.00
[Confidence] Score=6/10 | extreme_edge,all3_agree,peak_hour
[Timing] Window 10 min old — skipping
[Cycle] No signal — YES=0.00 is between 0.32 and 0.68, sum=1.00 >= 0.97
[Ticker] KXSOL15M-26APR090630-30
[Market] YES=0.00 | NO=1.00 | Sum=1.00
==================================================
Balance: $116.56 | Regime: CHOP | Session: 0W/0L (0%) | PnL: $+0.00
[Confidence] Score=6/10 | extreme_edge,all3_agree,peak_hour
[Timing] Window 11 min old — skipping
[Cycle] No signal — YES=0.00 is between 0.32 and 0.68, sum=1.00 >= 0.97
[Ticker] KXSOL15M-26APR090630-30
[Market] YES=0.00 | NO=1.00 | Sum=1.00
==================================================
Balance: $116.56 | Regime: CHOP | Session: 0W/0L (0%) | PnL: $+0.00
[Confidence] Score=6/10 | extreme_edge,all3_agree,peak_hour
[Timing] Window 12 min old — skipping
[Cycle] No signal — YES=0.00 is between 0.32 and 0.68, sum=1.00 >= 0.97
[Ticker] KXSOL15M-26APR090630-30
[Market] YES=0.00 | NO=1.00 | Sum=1.00
==================================================
Balance: $116.56 | Regime: CHOP | Session: 0W/0L (0%) | PnL: $+0.00
[Confidence] Score=6/10 | extreme_edge,all3_agree,peak_hour
[Timing] Window 13 min old — skipping
[Cycle] No signal — YES=0.00 is between 0.32 and 0.68, sum=1.00 >= 0.97
[Ticker] KXSOL15M-26APR090630-30
[Market] YES=0.00 | NO=1.00 | Sum=1.00
==================================================
Balance: $116.56 | Regime: CHOP | Session: 0W/0L (0%) | PnL: $+0.00
[Confidence] Score=6/10 | extreme_edge,all3_agree,peak_hour
[Timing] Window 14 min old — skipping
[Cycle] No signal — YES=0.00 is between 0.32 and 0.68, sum=1.00 >= 0.97
[Ticker] KXSOL15M-26APR090645-45
[Market] YES=0.00 | NO=1.00 | Sum=1.00
==================================================
Balance: $116.56 | Regime: CHOP | Session: 0W/0L (0%) | PnL: $+0.00
[Confidence] Score=6/10 | extreme_edge,all3_agree,peak_hour
[Timing] Window 0 min old — skipping
[Cycle] No signal — YES=0.00 is between 0.32 and 0.68, sum=1.00 >= 0.97
[Ticker] KXSOL15M-26APR090645-45
[Market] YES=0.00 | NO=1.00 | Sum=1.00
==================================================
Balance: $116.56 | Regime: CHOP | Session: 0W/0L (0%) | PnL: $+0.00
[Confidence] Score=6/10 | extreme_edge,all3_agree,peak_hour
[Signal] EXTREME DOWN | yes=0.00 | edge=0.50 | firing immediately
[Kraken] Divergence 86324.80% — bet trimmed
[Correlation] 2/3 agree DOWN
[Signal] CONFIRMED DOWN | yes=0.00 | edge=0.50 | bet=$3.67
[Safety] Balance $116.56 below floor $120.00
🛑 OpenClaw SOL Bot v4.0 halted: Balance $116.56 below floor $120.00

==================================================
OpenClaw SOL Bot v4.0 — LIVE
[Startup] Live balance synced: $116.56
Balance: $116.56 | MaxBet: $11.66 | Threshold: <0.32 or >0.68
==================================================

[Startup] Resting orders cleared
[Ticker] KXSOL15M-26APR090645-45
[Market] YES=0.00 | NO=1.00 | Sum=1.00
==================================================
Balance: $116.56 | Regime: CHOP | Session: 0W/0L (0%) | PnL: $+0.00
[Confidence] Score=6/10 | extreme_edge,all3_agree,peak_hour
[Signal] DOWN candidate | yes=0.00 | waiting (1/2)
[Cycle] No signal — YES=0.00 is between 0.32 and 0.68, sum=1.00 >= 0.97
[Ticker] KXSOL15M-26APR090645-45
[Market] YES=0.00 | NO=1.00 | Sum=1.00
==================================================
Balance: $116.56 | Regime: CHOP | Session: 0W/0L (0%) | PnL: $+0.00
[Confidence] Score=6/10 | extreme_edge,all3_agree,peak_hour
[Kraken] Divergence 86322.07% — bet trimmed
[Correlation] All 3 agree — bet boosted
[Signal] CONFIRMED DOWN | yes=0.00 | edge=0.50 | bet=$4.40
[CorrGuard] 2 bots already fired — skipping to avoid correlated loss
[Cycle] No signal — YES=0.00 is between 0.32 and 0.68, sum=1.00 >= 0.97
[Ticker] KXSOL15M-26APR090645-45
[Market] YES=0.00 | NO=1.00 | Sum=1.00
==================================================
Balance: $116.56 | Regime: CHOP | Session: 0W/0L (0%) | PnL: $+0.00
[Confidence] Score=6/10 | extreme_edge,all3_agree,peak_hour
[Kraken] Divergence 86333.28% — bet trimmed
[Correlation] All 3 agree — bet boosted
[Signal] CONFIRMED DOWN | yes=0.00 | edge=0.50 | bet=$4.40
[CorrGuard] 2 bots already fired — skipping to avoid correlated loss
[Cycle] No signal — YES=0.00 is between 0.32 and 0.68, sum=1.00 >= 0.97
[Ticker] KXSOL15M-26APR090645-45
[Market] YES=0.00 | NO=1.00 | Sum=1.00
==================================================
Balance: $116.56 | Regime: CHOP | Session: 0W/0L (0%) | PnL: $+0.00
[Confidence] Score=6/10 | extreme_edge,all3_agree,peak_hour
[Timing] Window 5 min old — skipping
[Cycle] No signal — YES=0.00 is between 0.32 and 0.68, sum=1.00 >= 0.97
[Ticker] KXSOL15M-26APR090645-45
[Market] YES=0.00 | NO=1.00 | Sum=1.00
==================================================
Balance: $116.56 | Regime: CHOP | Session: 0W/0L (0%) | PnL: $+0.00
[Confidence] Score=6/10 | extreme_edge,all3_agree,peak_hour
[Timing] Window 6 min old — skipping
[Cycle] No signal — YES=0.00 is between 0.32 and 0.68, sum=1.00 >= 0.97
[Ticker] KXSOL15M-26APR090645-45
[Market] YES=0.00 | NO=1.00 | Sum=1.00
==================================================
Balance: $116.56 | Regime: CHOP | Session: 0W/0L (0%) | PnL: $+0.00
[Confidence] Score=6/10 | extreme_edge,all3_agree,peak_hour
[Timing] Window 7 min old — skipping
[Cycle] No signal — YES=0.00 is between 0.32 and 0.68, sum=1.00 >= 0.97
[Ticker] KXSOL15M-26APR090645-45
[Market] YES=0.00 | NO=1.00 | Sum=1.00
==================================================
Balance: $116.56 | Regime: CHOP | Session: 0W/0L (0%) | PnL: $+0.00
[Confidence] Score=6/10 | extreme_edge,all3_agree,peak_hour
[Timing] Window 8 min old — skipping
[Cycle] No signal — YES=0.00 is between 0.32 and 0.68, sum=1.00 >= 0.97
[Ticker] KXSOL15M-26APR090645-45
[Market] YES=0.00 | NO=1.00 | Sum=1.00
==================================================
Balance: $116.56 | Regime: CHOP | Session: 0W/0L (0%) | PnL: $+0.00
[Confidence] Score=5/10 | extreme_edge,2of3_agree,peak_hour
[Timing] Window 9 min old — skipping
[Cycle] No signal — YES=0.00 is between 0.32 and 0.68, sum=1.00 >= 0.97
[Ticker] KXSOL15M-26APR090645-45
[Market] YES=0.00 | NO=1.00 | Sum=1.00
==================================================
Balance: $116.56 | Regime: CHOP | Session: 0W/0L (0%) | PnL: $+0.00
[Confidence] Score=6/10 | extreme_edge,all3_agree,peak_hour
[Timing] Window 10 min old — skipping
[Cycle] No signal — YES=0.00 is between 0.32 and 0.68, sum=1.00 >= 0.97
[Ticker] KXSOL15M-26APR090645-45
[Market] YES=0.00 | NO=1.00 | Sum=1.00
==================================================
Balance: $116.56 | Regime: CHOP | Session: 0W/0L (0%) | PnL: $+0.00
[Confidence] Score=6/10 | extreme_edge,all3_agree,peak_hour
[Timing] Window 11 min old — skipping
[Cycle] No signal — YES=0.00 is between 0.32 and 0.68, sum=1.00 >= 0.97
[Ticker] KXSOL15M-26APR090645-45
[Market] YES=0.00 | NO=1.00 | Sum=1.00
==================================================
Balance: $116.56 | Regime: CHOP | Session: 0W/0L (0%) | PnL: $+0.00
[Confidence] Score=6/10 | extreme_edge,all3_agree,peak_hour
[Timing] Window 12 min old — skipping
[Cycle] No signal — YES=0.00 is between 0.32 and 0.68, sum=1.00 >= 0.97
[Ticker] KXSOL15M-26APR090645-45
[Market] YES=0.00 | NO=1.00 | Sum=1.00
==================================================
Balance: $116.56 | Regime: CHOP | Session: 0W/0L (0%) | PnL: $+0.00
[Confidence] Score=6/10 | extreme_edge,all3_agree,peak_hour
[Timing] Window 13 min old — skipping
[Cycle] No signal — YES=0.00 is between 0.32 and 0.68, sum=1.00 >= 0.97
[Ticker] KXSOL15M-26APR090645-45
[Market] YES=0.00 | NO=1.00 | Sum=1.00
==================================================
Balance: $116.56 | Regime: CHOP | Session: 0W/0L (0%) | PnL: $+0.00
[Confidence] Score=6/10 | extreme_edge,all3_agree,peak_hour
[Timing] Window 14 min old — skipping
[Cycle] No signal — YES=0.00 is between 0.32 and 0.68, sum=1.00 >= 0.97
[Ticker] KXSOL15M-26APR090645-45
[Market] YES=0.00 | NO=1.00 | Sum=1.00
==================================================
Balance: $116.56 | Regime: CHOP | Session: 0W/0L (0%) | PnL: $+0.00
[Confidence] Score=5/10 | extreme_edge,2of3_agree,peak_hour
[Timing] Window 0 min old — skipping
[Cycle] No signal — YES=0.00 is between 0.32 and 0.68, sum=1.00 >= 0.97
[Ticker] KXSOL15M-26APR090700-00
[Market] YES=0.00 | NO=1.00 | Sum=1.00
==================================================
Balance: $116.56 | Regime: CHOP | Session: 0W/0L (0%) | PnL: $+0.00
[Confidence] Score=4/10 | extreme_edge,peak_hour
[Signal] EXTREME DOWN | yes=0.00 | edge=0.50 | firing immediately
[Kraken] Divergence 86310.07% — bet trimmed
[Correlation] All 3 agree — bet boosted
[Signal] CONFIRMED DOWN | yes=0.00 | edge=0.50 | bet=$4.40
[Safety] Balance $116.56 below floor $120.00
🛑 OpenClaw SOL Bot v4.0 halted: Balance $116.56 below floor $120.00

==================================================
OpenClaw SOL Bot v4.0 — LIVE
[Startup] Live balance synced: $116.56
Balance: $116.56 | MaxBet: $11.66 | Threshold: <0.32 or >0.68
==================================================

[Startup] Resting orders cleared
[Ticker] KXSOL15M-26APR090700-00
[Market] YES=0.00 | NO=1.00 | Sum=1.00
==================================================
Balance: $116.56 | Regime: CHOP | Session: 0W/0L (0%) | PnL: $+0.00
[Confidence] Score=5/10 | extreme_edge,2of3_agree,peak_hour
[Signal] EXTREME DOWN | yes=0.00 | edge=0.50 | firing immediately
[Kraken] Divergence 86287.09% — bet trimmed
[Correlation] Markets diverging — bet trimmed
[Signal] CONFIRMED DOWN | yes=0.00 | edge=0.50 | bet=$3.30
[CorrGuard] 2 bots already fired — skipping to avoid correlated loss
[Cycle] No signal — YES=0.00 is between 0.32 and 0.68, sum=1.00 >= 0.97
[Ticker] KXSOL15M-26APR090700-00
[Market] YES=0.00 | NO=1.00 | Sum=1.00
==================================================
Balance: $116.56 | Regime: CHOP | Session: 0W/0L (0%) | PnL: $+0.00
[Confidence] Score=6/10 | extreme_edge,all3_agree,peak_hour
[Signal] DOWN candidate | yes=0.00 | waiting (1/2)
[Cycle] No signal — YES=0.00 is between 0.32 and 0.68, sum=1.00 >= 0.97
[Ticker] KXSOL15M-26APR090700-00
[Market] YES=0.00 | NO=1.00 | Sum=1.00
==================================================
Balance: $116.56 | Regime: CHOP | Session: 0W/0L (0%) | PnL: $+0.00
[Confidence] Score=6/10 | extreme_edge,all3_agree,peak_hour
[Kraken] Divergence 86202.84% — bet trimmed
[Correlation] All 3 agree — bet boosted
[Signal] CONFIRMED DOWN | yes=0.00 | edge=0.50 | bet=$4.40
[Safety] Balance $116.56 below floor $120.00
🛑 OpenClaw SOL Bot v4.0 halted: Balance $116.56 below floor $120.00

==================================================
OpenClaw SOL Bot v4.0 — LIVE
[Startup] Live balance synced: $116.56
Balance: $116.56 | MaxBet: $11.66 | Threshold: <0.32 or >0.68
==================================================

[Startup] Resting orders cleared
[Ticker] KXSOL15M-26APR090700-00
[Market] YES=0.00 | NO=1.00 | Sum=1.00
==================================================
Balance: $116.56 | Regime: CHOP | Session: 0W/0L (0%) | PnL: $+0.00
[Confidence] Score=6/10 | extreme_edge,all3_agree,peak_hour
[Signal] DOWN candidate | yes=0.00 | waiting (1/2)
[Cycle] No signal — YES=0.00 is between 0.32 and 0.68, sum=1.00 >= 0.97
[Ticker] KXSOL15M-26APR090700-00
[Market] YES=0.00 | NO=1.00 | Sum=1.00
==================================================
Balance: $116.56 | Regime: CHOP | Session: 0W/0L (0%) | PnL: $+0.00
[Confidence] Score=6/10 | extreme_edge,all3_agree,peak_hour
[Kraken] Divergence 86217.01% — bet trimmed
[Correlation] 2/3 agree DOWN
[Signal] CONFIRMED DOWN | yes=0.00 | edge=0.50 | bet=$3.67
[CorrGuard] 2 bots already fired — skipping to avoid correlated loss
[Cycle] No signal — YES=0.00 is between 0.32 and 0.68, sum=1.00 >= 0.97
[Ticker] KXSOL15M-26APR090700-00
[Market] YES=0.00 | NO=1.00 | Sum=1.00
==================================================
Balance: $116.56 | Regime: CHOP | Session: 0W/0L (0%) | PnL: $+0.00
[Confidence] Score=4/10 | extreme_edge,peak_hour
[Timing] Window 5 min old — skipping
[Cycle] No signal — YES=0.00 is between 0.32 and 0.68, sum=1.00 >= 0.97
[Ticker] KXSOL15M-26APR090700-00
[Market] YES=0.00 | NO=1.00 | Sum=1.00
==================================================
Balance: $116.56 | Regime: CHOP | Session: 0W/0L (0%) | PnL: $+0.00
[Confidence] Score=6/10 | extreme_edge,all3_agree,peak_hour
[Timing] Window 6 min old — skipping
[Cycle] No signal — YES=0.00 is between 0.32 and 0.68, sum=1.00 >= 0.97
[Ticker] KXSOL15M-26APR090700-00
[Market] YES=0.00 | NO=1.00 | Sum=1.00
==================================================
Balance: $116.56 | Regime: CHOP | Session: 0W/0L (0%) | PnL: $+0.00
[Confidence] Score=6/10 | extreme_edge,all3_agree,peak_hour
[Timing] Window 7 min old — skipping
[Cycle] No signal — YES=0.00 is between 0.32 and 0.68, sum=1.00 >= 0.97
[Ticker] KXSOL15M-26APR090700-00
[Market] YES=0.00 | NO=1.00 | Sum=1.00
==================================================
Balance: $116.56 | Regime: CHOP | Session: 0W/0L (0%) | PnL: $+0.00
[Confidence] Score=5/10 | extreme_edge,2of3_agree,peak_hour
[Timing] Window 8 min old — skipping
[Cycle] No signal — YES=0.00 is between 0.32 and 0.68, sum=1.00 >= 0.97
[Ticker] KXSOL15M-26APR090700-00
[Market] YES=0.00 | NO=1.00 | Sum=1.00
==================================================
Balance: $116.56 | Regime: CHOP | Session: 0W/0L (0%) | PnL: $+0.00
[Confidence] Score=6/10 | extreme_edge,all3_agree,peak_hour
[Timing] Window 9 min old — skipping
[Cycle] No signal — YES=0.00 is between 0.32 and 0.68, sum=1.00 >= 0.97
[Ticker] KXSOL15M-26APR090700-00
[Market] YES=0.00 | NO=1.00 | Sum=1.00
==================================================
Balance: $116.56 | Regime: CHOP | Session: 0W/0L (0%) | PnL: $+0.00
[Confidence] Score=6/10 | extreme_edge,all3_agree,peak_hour
[Timing] Window 10 min old — skipping
[Cycle] No signal — YES=0.00 is between 0.32 and 0.68, sum=1.00 >= 0.97
[Market] Could not fetch prices
[Market] Could not fetch prices
[Market] Could not fetch prices
[Market] Could not fetch prices
[Market] Could not fetch prices
[Market] Could not fetch prices
[Market] Could not fetch prices
[Market] Could not fetch prices
[Market] Could not fetch prices
[Market] Could not fetch prices
[Ticker] KXSOL15M-26APR090715-15
[Market] YES=0.00 | NO=1.00 | Sum=1.00
==================================================
Balance: $116.56 | Regime: CHOP | Session: 0W/0L (0%) | PnL: $+0.00
[Confidence] Score=6/10 | extreme_edge,all3_agree,peak_hour
[Timing] Window 6 min old — skipping
[Cycle] No signal — YES=0.00 is between 0.32 and 0.68, sum=1.00 >= 0.97
[Ticker] KXSOL15M-26APR090715-15
[Market] YES=0.00 | NO=1.00 | Sum=1.00
==================================================
Balance: $116.56 | Regime: CHOP | Session: 0W/0L (0%) | PnL: $+0.00
[Confidence] Score=6/10 | extreme_edge,all3_agree,peak_hour
[Timing] Window 7 min old — skipping
[Cycle] No signal — YES=0.00 is between 0.32 and 0.68, sum=1.00 >= 0.97
[Ticker] KXSOL15M-26APR090715-15
[Market] YES=0.00 | NO=1.00 | Sum=1.00
==================================================
Balance: $116.56 | Regime: CHOP | Session: 0W/0L (0%) | PnL: $+0.00
[Confidence] Score=6/10 | extreme_edge,all3_agree,peak_hour
[Timing] Window 8 min old — skipping
[Cycle] No signal — YES=0.00 is between 0.32 and 0.68, sum=1.00 >= 0.97
[Ticker] KXSOL15M-26APR090715-15
[Market] YES=0.00 | NO=1.00 | Sum=1.00
==================================================
Balance: $116.56 | Regime: CHOP | Session: 0W/0L (0%) | PnL: $+0.00
[Confidence] Score=6/10 | extreme_edge,all3_agree,peak_hour
[Timing] Window 9 min old — skipping
[Cycle] No signal — YES=0.00 is between 0.32 and 0.68, sum=1.00 >= 0.97
[Ticker] KXSOL15M-26APR090715-15
[Market] YES=0.00 | NO=1.00 | Sum=1.00
==================================================
Balance: $116.56 | Regime: CHOP | Session: 0W/0L (0%) | PnL: $+0.00
[Confidence] Score=5/10 | extreme_edge,2of3_agree,peak_hour
[Timing] Window 10 min old — skipping
[Cycle] No signal — YES=0.00 is between 0.32 and 0.68, sum=1.00 >= 0.97
[Ticker] KXSOL15M-26APR090715-15
[Market] YES=0.00 | NO=1.00 | Sum=1.00
==================================================
Balance: $116.56 | Regime: CHOP | Session: 0W/0L (0%) | PnL: $+0.00
[Confidence] Score=6/10 | extreme_edge,all3_agree,peak_hour
[Timing] Window 11 min old — skipping
[Cycle] No signal — YES=0.00 is between 0.32 and 0.68, sum=1.00 >= 0.97
[Ticker] KXSOL15M-26APR090715-15
[Market] YES=0.00 | NO=1.00 | Sum=1.00
==================================================
Balance: $116.56 | Regime: CHOP | Session: 0W/0L (0%) | PnL: $+0.00
[Confidence] Score=6/10 | extreme_edge,all3_agree,peak_hour
[Timing] Window 12 min old — skipping
[Cycle] No signal — YES=0.00 is between 0.32 and 0.68, sum=1.00 >= 0.97
[Ticker] KXSOL15M-26APR090715-15
[Market] YES=0.00 | NO=1.00 | Sum=1.00
==================================================
Balance: $116.56 | Regime: CHOP | Session: 0W/0L (0%) | PnL: $+0.00
[Confidence] Score=6/10 | extreme_edge,all3_agree,peak_hour
[Timing] Window 13 min old — skipping
[Cycle] No signal — YES=0.00 is between 0.32 and 0.68, sum=1.00 >= 0.97
[Ticker] KXSOL15M-26APR090715-15
[Market] YES=0.00 | NO=1.00 | Sum=1.00
==================================================
Balance: $116.56 | Regime: CHOP | Session: 0W/0L (0%) | PnL: $+0.00
[Confidence] Score=6/10 | extreme_edge,all3_agree,peak_hour
[Timing] Window 14 min old — skipping
[Cycle] No signal — YES=0.00 is between 0.32 and 0.68, sum=1.00 >= 0.97
[Ticker] KXSOL15M-26APR090730-30
[Market] YES=0.00 | NO=1.00 | Sum=1.00
==================================================
Balance: $116.56 | Regime: CHOP | Session: 0W/0L (0%) | PnL: $+0.00
[Confidence] Score=6/10 | extreme_edge,all3_agree,peak_hour
[Timing] Window 0 min old — skipping
[Cycle] No signal — YES=0.00 is between 0.32 and 0.68, sum=1.00 >= 0.97
[Ticker] KXSOL15M-26APR090730-30
[Market] YES=0.00 | NO=1.00 | Sum=1.00
==================================================
Balance: $116.56 | Regime: CHOP | Session: 0W/0L (0%) | PnL: $+0.00
[Confidence] Score=6/10 | extreme_edge,all3_agree,peak_hour
[Signal] EXTREME DOWN | yes=0.00 | edge=0.50 | firing immediately
[Kraken] Divergence 86153.93% — bet trimmed
[Correlation] All 3 agree — bet boosted
[Signal] CONFIRMED DOWN | yes=0.00 | edge=0.50 | bet=$4.40
[Safety] Balance $116.56 below floor $120.00
🛑 OpenClaw SOL Bot v4.0 halted: Balance $116.56 below floor $120.00

==================================================
OpenClaw SOL Bot v4.0 — LIVE
[Startup] Live balance synced: $116.56
Balance: $116.56 | MaxBet: $11.66 | Threshold: <0.32 or >0.68
==================================================

[Startup] Resting orders cleared
[Ticker] KXSOL15M-26APR090730-30
[Market] YES=0.00 | NO=1.00 | Sum=1.00
==================================================
Balance: $116.56 | Regime: CHOP | Session: 0W/0L (0%) | PnL: $+0.00
[Confidence] Score=6/10 | extreme_edge,all3_agree,peak_hour
[Signal] EXTREME DOWN | yes=0.00 | edge=0.50 | firing immediately
[Kraken] Divergence 86164.41% — bet trimmed
[Correlation] All 3 agree — bet boosted
[Signal] CONFIRMED DOWN | yes=0.00 | edge=0.50 | bet=$4.40
[CorrGuard] 2 bots already fired — skipping to avoid correlated loss
[Cycle] No signal — YES=0.00 is between 0.32 and 0.68, sum=1.00 >= 0.97
[Ticker] KXSOL15M-26APR090730-30
[Market] YES=0.00 | NO=1.00 | Sum=1.00
==================================================
Balance: $116.56 | Regime: CHOP | Session: 0W/0L (0%) | PnL: $+0.00
[Confidence] Score=6/10 | extreme_edge,all3_agree,peak_hour
[Signal] DOWN candidate | yes=0.00 | waiting (1/2)
[Cycle] No signal — YES=0.00 is between 0.32 and 0.68, sum=1.00 >= 0.97
[Ticker] KXSOL15M-26APR090730-30
[Market] YES=0.00 | NO=1.00 | Sum=1.00
==================================================
Balance: $116.56 | Regime: CHOP | Session: 0W/0L (0%) | PnL: $+0.00
[Confidence] Score=5/10 | extreme_edge,2of3_agree,peak_hour
[Kraken] Divergence 86136.71% — bet trimmed
[Correlation] 2/3 agree DOWN
[Signal] CONFIRMED DOWN | yes=0.00 | edge=0.50 | bet=$3.67
[CorrGuard] 2 bots already fired — skipping to avoid correlated loss
[Cycle] No signal — YES=0.00 is between 0.32 and 0.68, sum=1.00 >= 0.97
[Ticker] KXSOL15M-26APR090730-30
[Market] YES=0.00 | NO=1.00 | Sum=1.00
==================================================
Balance: $116.56 | Regime: CHOP | Session: 0W/0L (0%) | PnL: $+0.00
[Confidence] Score=5/10 | extreme_edge,2of3_agree,peak_hour
[Kraken] Divergence 86150.29% — bet trimmed
[Correlation] 2/3 agree DOWN
[Signal] CONFIRMED DOWN | yes=0.00 | edge=0.50 | bet=$3.67
[CorrGuard] 2 bots already fired — skipping to avoid correlated loss
[Cycle] No signal — YES=0.00 is between 0.32 and 0.68, sum=1.00 >= 0.97
[Ticker] closed error: HTTPSConnectionPool(host='api.elections.kalshi.com', port=443): Read timed out. (read timeout=8)
[Market] Could not fetch prices
[Ticker] KXSOL15M-26APR090730-30
[Market] YES=0.00 | NO=1.00 | Sum=1.00
==================================================
Balance: $116.56 | Regime: CHOP | Session: 0W/0L (0%) | PnL: $+0.00
[Confidence] Score=6/10 | extreme_edge,all3_agree,peak_hour
[Timing] Window 6 min old — skipping
[Cycle] No signal — YES=0.00 is between 0.32 and 0.68, sum=1.00 >= 0.97
[Ticker] KXSOL15M-26APR090730-30
[Market] YES=0.00 | NO=1.00 | Sum=1.00
==================================================
Balance: $116.56 | Regime: CHOP | Session: 0W/0L (0%) | PnL: $+0.00
[Confidence] Score=6/10 | extreme_edge,all3_agree,peak_hour
[Timing] Window 7 min old — skipping
[Cycle] No signal — YES=0.00 is between 0.32 and 0.68, sum=1.00 >= 0.97
[Ticker] KXSOL15M-26APR090730-30
[Market] YES=0.00 | NO=1.00 | Sum=1.00
==================================================
Balance: $116.56 | Regime: CHOP | Session: 0W/0L (0%) | PnL: $+0.00
[Confidence] Score=6/10 | extreme_edge,all3_agree,peak_hour
[Timing] Window 8 min old — skipping
[Cycle] No signal — YES=0.00 is between 0.32 and 0.68, sum=1.00 >= 0.97
[Ticker] KXSOL15M-26APR090730-30
[Market] YES=0.00 | NO=1.00 | Sum=1.00
==================================================
Balance: $116.56 | Regime: CHOP | Session: 0W/0L (0%) | PnL: $+0.00
[Confidence] Score=5/10 | extreme_edge,2of3_agree,peak_hour
[Timing] Window 9 min old — skipping
[Cycle] No signal — YES=0.00 is between 0.32 and 0.68, sum=1.00 >= 0.97
[Ticker] KXSOL15M-26APR090730-30
[Market] YES=0.00 | NO=1.00 | Sum=1.00
==================================================
Balance: $116.56 | Regime: CHOP | Session: 0W/0L (0%) | PnL: $+0.00
[Confidence] Score=6/10 | extreme_edge,all3_agree,peak_hour
[Timing] Window 10 min old — skipping
[Cycle] No signal — YES=0.00 is between 0.32 and 0.68, sum=1.00 >= 0.97
[Ticker] KXSOL15M-26APR090730-30
[Market] YES=0.00 | NO=1.00 | Sum=1.00
==================================================
Balance: $116.56 | Regime: CHOP | Session: 0W/0L (0%) | PnL: $+0.00
[Confidence] Score=6/10 | extreme_edge,all3_agree,peak_hour
[Timing] Window 11 min old — skipping
[Cycle] No signal — YES=0.00 is between 0.32 and 0.68, sum=1.00 >= 0.97
[Ticker] KXSOL15M-26APR090730-30
[Market] YES=0.00 | NO=1.00 | Sum=1.00
==================================================
Balance: $116.56 | Regime: CHOP | Session: 0W/0L (0%) | PnL: $+0.00
[Confidence] Score=6/10 | extreme_edge,all3_agree,peak_hour
[Timing] Window 12 min old — skipping
[Cycle] No signal — YES=0.00 is between 0.32 and 0.68, sum=1.00 >= 0.97
[Ticker] KXSOL15M-26APR090730-30
[Market] YES=0.00 | NO=1.00 | Sum=1.00
==================================================
Balance: $116.56 | Regime: CHOP | Session: 0W/0L (0%) | PnL: $+0.00
[Confidence] Score=6/10 | extreme_edge,all3_agree,peak_hour
[Timing] Window 13 min old — skipping
[Cycle] No signal — YES=0.00 is between 0.32 and 0.68, sum=1.00 >= 0.97
[Ticker] KXSOL15M-26APR090730-30
[Market] YES=0.00 | NO=1.00 | Sum=1.00
==================================================
Balance: $116.56 | Regime: CHOP | Session: 0W/0L (0%) | PnL: $+0.00
[Confidence] Score=6/10 | extreme_edge,all3_agree,peak_hour
[Timing] Window 14 min old — skipping
[Cycle] No signal — YES=0.00 is between 0.32 and 0.68, sum=1.00 >= 0.97
[Ticker] KXSOL15M-26APR090745-45
[Market] YES=0.00 | NO=1.00 | Sum=1.00
==================================================
Balance: $116.56 | Regime: CHOP | Session: 0W/0L (0%) | PnL: $+0.00
[Confidence] Score=6/10 | extreme_edge,all3_agree,peak_hour
[Timing] Window 0 min old — skipping
[Cycle] No signal — YES=0.00 is between 0.32 and 0.68, sum=1.00 >= 0.97
[Ticker] KXSOL15M-26APR090745-45
[Market] YES=0.00 | NO=1.00 | Sum=1.00
==================================================
Balance: $116.56 | Regime: CHOP | Session: 0W/0L (0%) | PnL: $+0.00
[Confidence] Score=6/10 | extreme_edge,all3_agree,peak_hour
[Signal] EXTREME DOWN | yes=0.00 | edge=0.50 | firing immediately
[Kraken] Divergence 86087.18% — bet trimmed
[Correlation] All 3 agree — bet boosted
[Signal] CONFIRMED DOWN | yes=0.00 | edge=0.50 | bet=$4.40
[Safety] Balance $116.56 below floor $120.00
🛑 OpenClaw SOL Bot v4.0 halted: Balance $116.56 below floor $120.00

==================================================
OpenClaw SOL Bot v4.0 — LIVE
[Startup] Live balance synced: $116.56
Balance: $116.56 | MaxBet: $11.66 | Threshold: <0.32 or >0.68
==================================================

[Startup] Resting orders cleared
[Ticker] KXSOL15M-26APR090745-45
[Market] YES=0.00 | NO=1.00 | Sum=1.00
==================================================
Balance: $116.56 | Regime: CHOP | Session: 0W/0L (0%) | PnL: $+0.00
[Confidence] Score=6/10 | extreme_edge,all3_agree,peak_hour
[Signal] EXTREME DOWN | yes=0.00 | edge=0.50 | firing immediately
[Kraken] Divergence 86087.18% — bet trimmed
[Correlation] All 3 agree — bet boosted
[Signal] CONFIRMED DOWN | yes=0.00 | edge=0.50 | bet=$4.40
[Safety] Balance $116.56 below floor $120.00
🛑 OpenClaw SOL Bot v4.0 halted: Balance $116.56 below floor $120.00

==================================================
OpenClaw SOL Bot v4.0 — LIVE
[Startup] Live balance synced: $116.56
Balance: $116.56 | MaxBet: $11.66 | Threshold: <0.32 or >0.68
==================================================

[Startup] Resting orders cleared
[Ticker] KXSOL15M-26APR090745-45
[Market] YES=0.00 | NO=1.00 | Sum=1.00
==================================================
Balance: $116.56 | Regime: CHOP | Session: 0W/0L (0%) | PnL: $+0.00
[Confidence] Score=5/10 | extreme_edge,2of3_agree,peak_hour
[Signal] EXTREME DOWN | yes=0.00 | edge=0.50 | firing immediately
[Kraken] Divergence 86102.88% — bet trimmed
[Correlation] All 3 agree — bet boosted
[Signal] CONFIRMED DOWN | yes=0.00 | edge=0.50 | bet=$4.40
[CorrGuard] 2 bots already fired — skipping to avoid correlated loss
[Cycle] No signal — YES=0.00 is between 0.32 and 0.68, sum=1.00 >= 0.97
[Ticker] KXSOL15M-26APR090745-45
[Market] YES=0.00 | NO=1.00 | Sum=1.00
==================================================
Balance: $116.56 | Regime: CHOP | Session: 0W/0L (0%) | PnL: $+0.00
[Confidence] Score=5/10 | extreme_edge,2of3_agree,peak_hour
[Signal] DOWN candidate | yes=0.00 | waiting (1/2)
[Cycle] No signal — YES=0.00 is between 0.32 and 0.68, sum=1.00 >= 0.97
[Ticker] KXSOL15M-26APR090745-45
[Market] YES=0.00 | NO=1.00 | Sum=1.00
==================================================
Balance: $116.56 | Regime: CHOP | Session: 0W/0L (0%) | PnL: $+0.00
[Confidence] Score=6/10 | extreme_edge,all3_agree,peak_hour
[Kraken] Divergence 86107.83% — bet trimmed
[Correlation] All 3 agree — bet boosted
[Signal] CONFIRMED DOWN | yes=0.00 | edge=0.50 | bet=$4.40
[CorrGuard] 2 bots already fired — skipping to avoid correlated loss
[Cycle] No signal — YES=0.00 is between 0.32 and 0.68, sum=1.00 >= 0.97
[Ticker] KXSOL15M-26APR090745-45
[Market] YES=0.00 | NO=1.00 | Sum=1.00
==================================================
Balance: $116.56 | Regime: CHOP | Session: 0W/0L (0%) | PnL: $+0.00
[Confidence] Score=6/10 | extreme_edge,all3_agree,peak_hour
[Kraken] Divergence 86117.96% — bet trimmed
[Correlation] 2/3 agree DOWN
[Signal] CONFIRMED DOWN | yes=0.00 | edge=0.50 | bet=$3.67
[CorrGuard] 2 bots already fired — skipping to avoid correlated loss
[Cycle] No signal — YES=0.00 is between 0.32 and 0.68, sum=1.00 >= 0.97
[Ticker] KXSOL15M-26APR090745-45
[Market] YES=0.00 | NO=1.00 | Sum=1.00
==================================================
Balance: $116.56 | Regime: CHOP | Session: 0W/0L (0%) | PnL: $+0.00
[Confidence] Score=6/10 | extreme_edge,all3_agree,peak_hour
[Timing] Window 5 min old — skipping
[Cycle] No signal — YES=0.00 is between 0.32 and 0.68, sum=1.00 >= 0.97
[Ticker] KXSOL15M-26APR090745-45
[Market] YES=0.00 | NO=1.00 | Sum=1.00
==================================================
Balance: $116.56 | Regime: CHOP | Session: 0W/0L (0%) | PnL: $+0.00
[Confidence] Score=5/10 | extreme_edge,2of3_agree,peak_hour
[Timing] Window 6 min old — skipping
[Cycle] No signal — YES=0.00 is between 0.32 and 0.68, sum=1.00 >= 0.97
[Ticker] KXSOL15M-26APR090745-45
[Market] YES=0.00 | NO=1.00 | Sum=1.00
==================================================
Balance: $116.56 | Regime: CHOP | Session: 0W/0L (0%) | PnL: $+0.00
[Confidence] Score=6/10 | extreme_edge,all3_agree,peak_hour
[Timing] Window 7 min old — skipping
[Cycle] No signal — YES=0.00 is between 0.32 and 0.68, sum=1.00 >= 0.97
[Ticker] KXSOL15M-26APR090745-45
[Market] YES=0.00 | NO=1.00 | Sum=1.00
==================================================
Balance: $116.56 | Regime: CHOP | Session: 0W/0L (0%) | PnL: $+0.00
[Confidence] Score=5/10 | extreme_edge,2of3_agree,peak_hour
[Timing] Window 8 min old — skipping
[Cycle] No signal — YES=0.00 is between 0.32 and 0.68, sum=1.00 >= 0.97
[Ticker] KXSOL15M-26APR090745-45
[Market] YES=0.00 | NO=1.00 | Sum=1.00
==================================================
Balance: $116.56 | Regime: CHOP | Session: 0W/0L (0%) | PnL: $+0.00
[Confidence] Score=6/10 | extreme_edge,all3_agree,peak_hour
[Timing] Window 9 min old — skipping
[Cycle] No signal — YES=0.00 is between 0.32 and 0.68, sum=1.00 >= 0.97
[Ticker] KXSOL15M-26APR090745-45
[Market] YES=0.00 | NO=1.00 | Sum=1.00
==================================================
Balance: $116.56 | Regime: CHOP | Session: 0W/0L (0%) | PnL: $+0.00
[Confidence] Score=6/10 | extreme_edge,all3_agree,peak_hour
[Timing] Window 10 min old — skipping
[Cycle] No signal — YES=0.00 is between 0.32 and 0.68, sum=1.00 >= 0.97
[Ticker] KXSOL15M-26APR090745-45
[Market] YES=0.00 | NO=1.00 | Sum=1.00
==================================================
Balance: $116.56 | Regime: CHOP | Session: 0W/0L (0%) | PnL: $+0.00
[Confidence] Score=5/10 | extreme_edge,2of3_agree,peak_hour
[Timing] Window 11 min old — skipping
[Cycle] No signal — YES=0.00 is between 0.32 and 0.68, sum=1.00 >= 0.97
[Ticker] KXSOL15M-26APR090745-45
[Market] YES=0.00 | NO=1.00 | Sum=1.00
==================================================
Balance: $116.56 | Regime: CHOP | Session: 0W/0L (0%) | PnL: $+0.00
[Confidence] Score=6/10 | extreme_edge,all3_agree,peak_hour
[Timing] Window 12 min old — skipping
[Cycle] No signal — YES=0.00 is between 0.32 and 0.68, sum=1.00 >= 0.97
[Ticker] KXSOL15M-26APR090745-45
[Market] YES=0.00 | NO=1.00 | Sum=1.00
==================================================
Balance: $116.56 | Regime: CHOP | Session: 0W/0L (0%) | PnL: $+0.00
[Confidence] Score=6/10 | extreme_edge,all3_agree,peak_hour
[Timing] Window 13 min old — skipping
[Cycle] No signal — YES=0.00 is between 0.32 and 0.68, sum=1.00 >= 0.97
[Ticker] KXSOL15M-26APR090745-45
[Market] YES=0.00 | NO=1.00 | Sum=1.00
==================================================
Balance: $116.56 | Regime: CHOP | Session: 0W/0L (0%) | PnL: $+0.00
[Confidence] Score=6/10 | extreme_edge,all3_agree,peak_hour
[Timing] Window 14 min old — skipping
[Cycle] No signal — YES=0.00 is between 0.32 and 0.68, sum=1.00 >= 0.97
[Ticker] KXSOL15M-26APR090800-00
[Market] YES=0.00 | NO=1.00 | Sum=1.00
==================================================
Balance: $116.56 | Regime: CHOP | Session: 0W/0L (0%) | PnL: $+0.00
[Confidence] Score=6/10 | extreme_edge,all3_agree,peak_hour
[Timing] Window 0 min old — skipping
[Cycle] No signal — YES=0.00 is between 0.32 and 0.68, sum=1.00 >= 0.97
[Ticker] KXSOL15M-26APR090800-00
[Market] YES=0.00 | NO=1.00 | Sum=1.00
==================================================
Balance: $116.56 | Regime: CHOP | Session: 0W/0L (0%) | PnL: $+0.00
[Confidence] Score=6/10 | extreme_edge,all3_agree,peak_hour
[Signal] EXTREME DOWN | yes=0.00 | edge=0.50 | firing immediately
[Kraken] Divergence 86199.02% — bet trimmed
[Correlation] All 3 agree — bet boosted
[Signal] CONFIRMED DOWN | yes=0.00 | edge=0.50 | bet=$4.40
[Safety] Balance $116.56 below floor $120.00
🛑 OpenClaw SOL Bot v4.0 halted: Balance $116.56 below floor $120.00

==================================================
OpenClaw SOL Bot v4.0 — LIVE
[Startup] Live balance synced: $116.56
Balance: $116.56 | MaxBet: $11.66 | Threshold: <0.32 or >0.68
==================================================

[Startup] Resting orders cleared
[Ticker] KXSOL15M-26APR090800-00
[Market] YES=0.00 | NO=1.00 | Sum=1.00
==================================================
Balance: $116.56 | Regime: CHOP | Session: 0W/0L (0%) | PnL: $+0.00
[Confidence] Score=6/10 | extreme_edge,all3_agree,peak_hour
[Signal] EXTREME DOWN | yes=0.00 | edge=0.50 | firing immediately
[Kraken] Divergence 86199.02% — bet trimmed
[Correlation] All 3 agree — bet boosted
[Signal] CONFIRMED DOWN | yes=0.00 | edge=0.50 | bet=$4.40
[CorrGuard] 2 bots already fired — skipping to avoid correlated loss
[Cycle] No signal — YES=0.00 is between 0.32 and 0.68, sum=1.00 >= 0.97
[Ticker] KXSOL15M-26APR090800-00
[Market] YES=0.00 | NO=1.00 | Sum=1.00
==================================================
Balance: $116.56 | Regime: CHOP | Session: 0W/0L (0%) | PnL: $+0.00
[Confidence] Score=6/10 | extreme_edge,all3_agree,peak_hour
[Signal] DOWN candidate | yes=0.00 | waiting (1/2)
[Cycle] No signal — YES=0.00 is between 0.32 and 0.68, sum=1.00 >= 0.97
[Ticker] KXSOL15M-26APR090800-00
[Market] YES=0.00 | NO=1.00 | Sum=1.00
==================================================
Balance: $116.56 | Regime: CHOP | Session: 0W/0L (0%) | PnL: $+0.00
[Confidence] Score=6/10 | extreme_edge,all3_agree,peak_hour
[Kraken] Divergence 86130.86% — bet trimmed
[Correlation] Markets diverging — bet trimmed
[Signal] CONFIRMED DOWN | yes=0.00 | edge=0.50 | bet=$3.30
[CorrGuard] 2 bots already fired — skipping to avoid correlated loss
[Cycle] No signal — YES=0.00 is between 0.32 and 0.68, sum=1.00 >= 0.97
[Ticker] KXSOL15M-26APR090800-00
[Market] YES=0.00 | NO=1.00 | Sum=1.00
==================================================
Balance: $116.56 | Regime: CHOP | Session: 0W/0L (0%) | PnL: $+0.00
[Confidence] Score=6/10 | extreme_edge,all3_agree,peak_hour
[Kraken] Divergence 86141.34% — bet trimmed
[Correlation] 2/3 agree DOWN
[Signal] CONFIRMED DOWN | yes=0.00 | edge=0.50 | bet=$3.67
[CorrGuard] 2 bots already fired — skipping to avoid correlated loss
[Cycle] No signal — YES=0.00 is between 0.32 and 0.68, sum=1.00 >= 0.97
[Ticker] KXSOL15M-26APR090800-00
[Market] YES=0.00 | NO=1.00 | Sum=1.00
==================================================
Balance: $116.56 | Regime: CHOP | Session: 0W/0L (0%) | PnL: $+0.00
[Confidence] Score=6/10 | extreme_edge,all3_agree,peak_hour
[Timing] Window 5 min old — skipping
[Cycle] No signal — YES=0.00 is between 0.32 and 0.68, sum=1.00 >= 0.97
[Ticker] KXSOL15M-26APR090800-00
[Market] YES=0.00 | NO=1.00 | Sum=1.00
==================================================
Balance: $116.56 | Regime: CHOP | Session: 0W/0L (0%) | PnL: $+0.00
[Confidence] Score=6/10 | extreme_edge,all3_agree,peak_hour
[Timing] Window 6 min old — skipping
[Cycle] No signal — YES=0.00 is between 0.32 and 0.68, sum=1.00 >= 0.97
[Ticker] KXSOL15M-26APR090800-00
[Market] YES=0.00 | NO=1.00 | Sum=1.00
==================================================
Balance: $116.56 | Regime: CHOP | Session: 0W/0L (0%) | PnL: $+0.00
[Confidence] Score=6/10 | extreme_edge,all3_agree,peak_hour
[Timing] Window 7 min old — skipping
[Cycle] No signal — YES=0.00 is between 0.32 and 0.68, sum=1.00 >= 0.97
[Ticker] KXSOL15M-26APR090800-00
[Market] YES=0.00 | NO=1.00 | Sum=1.00
==================================================
Balance: $116.56 | Regime: CHOP | Session: 0W/0L (0%) | PnL: $+0.00
[Confidence] Score=6/10 | extreme_edge,all3_agree,peak_hour
[Timing] Window 8 min old — skipping
[Cycle] No signal — YES=0.00 is between 0.32 and 0.68, sum=1.00 >= 0.97
[Ticker] KXSOL15M-26APR090800-00
[Market] YES=0.00 | NO=1.00 | Sum=1.00
==================================================
Balance: $116.56 | Regime: CHOP | Session: 0W/0L (0%) | PnL: $+0.00
[Confidence] Score=6/10 | extreme_edge,all3_agree,peak_hour
[Timing] Window 9 min old — skipping
[Cycle] No signal — YES=0.00 is between 0.32 and 0.68, sum=1.00 >= 0.97
[Ticker] KXSOL15M-26APR090800-00
[Market] YES=0.00 | NO=1.00 | Sum=1.00
==================================================
Balance: $116.56 | Regime: CHOP | Session: 0W/0L (0%) | PnL: $+0.00
[Confidence] Score=6/10 | extreme_edge,all3_agree,peak_hour
[Timing] Window 10 min old — skipping
[Cycle] No signal — YES=0.00 is between 0.32 and 0.68, sum=1.00 >= 0.97
[Ticker] KXSOL15M-26APR090800-00
[Market] YES=0.00 | NO=1.00 | Sum=1.00
==================================================
Balance: $116.56 | Regime: CHOP | Session: 0W/0L (0%) | PnL: $+0.00
[Confidence] Score=6/10 | extreme_edge,all3_agree,peak_hour
[Timing] Window 11 min old — skipping
[Cycle] No signal — YES=0.00 is between 0.32 and 0.68, sum=1.00 >= 0.97
[Ticker] KXSOL15M-26APR090800-00
[Market] YES=0.00 | NO=1.00 | Sum=1.00
==================================================
Balance: $116.56 | Regime: CHOP | Session: 0W/0L (0%) | PnL: $+0.00
[Confidence] Score=6/10 | extreme_edge,all3_agree,peak_hour
[Timing] Window 12 min old — skipping
[Cycle] No signal — YES=0.00 is between 0.32 and 0.68, sum=1.00 >= 0.97
[Ticker] KXSOL15M-26APR090800-00
[Market] YES=0.00 | NO=1.00 | Sum=1.00
==================================================
Balance: $116.56 | Regime: CHOP | Session: 0W/0L (0%) | PnL: $+0.00
[Confidence] Score=6/10 | extreme_edge,all3_agree,peak_hour
[Timing] Window 13 min old — skipping
[Cycle] No signal — YES=0.00 is between 0.32 and 0.68, sum=1.00 >= 0.97
[Ticker] KXSOL15M-26APR090800-00
[Market] YES=0.00 | NO=1.00 | Sum=1.00
==================================================
Balance: $116.56 | Regime: CHOP | Session: 0W/0L (0%) | PnL: $+0.00
[Confidence] Score=6/10 | extreme_edge,all3_agree,peak_hour
[Timing] Window 14 min old — skipping
[Cycle] No signal — YES=0.00 is between 0.32 and 0.68, sum=1.00 >= 0.97
[Ticker] KXSOL15M-26APR090815-15
[Market] YES=0.00 | NO=1.00 | Sum=1.00
==================================================
Balance: $116.56 | Regime: CHOP | Session: 0W/0L (0%) | PnL: $+0.00
[Confidence] Score=6/10 | extreme_edge,all3_agree,peak_hour
[Timing] Window 0 min old — skipping
[Cycle] No signal — YES=0.00 is between 0.32 and 0.68, sum=1.00 >= 0.97
[Ticker] KXSOL15M-26APR090815-15
[Market] YES=0.00 | NO=1.00 | Sum=1.00
==================================================
Balance: $116.56 | Regime: CHOP | Session: 0W/0L (0%) | PnL: $+0.00
[Confidence] Score=6/10 | extreme_edge,all3_agree,peak_hour
[Signal] EXTREME DOWN | yes=0.00 | edge=0.50 | firing immediately
[Kraken] Divergence 86227.17% — bet trimmed
[Correlation] All 3 agree — bet boosted
[Signal] CONFIRMED DOWN | yes=0.00 | edge=0.50 | bet=$4.40
[CorrGuard] 2 bots already fired — skipping to avoid correlated loss
[Cycle] No signal — YES=0.00 is between 0.32 and 0.68, sum=1.00 >= 0.97
[Ticker] KXSOL15M-26APR090815-15
[Market] YES=0.00 | NO=1.00 | Sum=1.00
==================================================
Balance: $116.56 | Regime: CHOP | Session: 0W/0L (0%) | PnL: $+0.00
[Confidence] Score=6/10 | extreme_edge,all3_agree,peak_hour
[Kraken] Divergence 86211.53% — bet trimmed
[Correlation] All 3 agree — bet boosted
[Signal] CONFIRMED DOWN | yes=0.00 | edge=0.50 | bet=$4.40
[Safety] Balance $116.56 below floor $120.00
🛑 OpenClaw SOL Bot v4.0 halted: Balance $116.56 below floor $120.00

==================================================
OpenClaw SOL Bot v4.0 — LIVE
[Startup] Live balance synced: $116.56
Balance: $116.56 | MaxBet: $11.66 | Threshold: <0.32 or >0.68
==================================================

[Startup] Resting orders cleared
[Ticker] KXSOL15M-26APR090815-15
[Market] YES=0.00 | NO=1.00 | Sum=1.00
==================================================
Balance: $116.56 | Regime: CHOP | Session: 0W/0L (0%) | PnL: $+0.00
[Confidence] Score=6/10 | extreme_edge,all3_agree,peak_hour
[Signal] DOWN candidate | yes=0.00 | waiting (1/2)
[Cycle] No signal — YES=0.00 is between 0.32 and 0.68, sum=1.00 >= 0.97
[Ticker] KXSOL15M-26APR090815-15
[Market] YES=0.00 | NO=1.00 | Sum=1.00
==================================================
Balance: $116.56 | Regime: CHOP | Session: 0W/0L (0%) | PnL: $+0.00
[Confidence] Score=6/10 | extreme_edge,all3_agree,peak_hour
[Kraken] Divergence 86154.82% — bet trimmed
[Correlation] 2/3 agree DOWN
[Signal] CONFIRMED DOWN | yes=0.00 | edge=0.50 | bet=$3.67
[CorrGuard] 2 bots already fired — skipping to avoid correlated loss
[Cycle] No signal — YES=0.00 is between 0.32 and 0.68, sum=1.00 >= 0.97
[Ticker] KXSOL15M-26APR090815-15
[Market] YES=0.00 | NO=1.00 | Sum=1.00
==================================================
Balance: $116.56 | Regime: CHOP | Session: 0W/0L (0%) | PnL: $+0.00
[Confidence] Score=6/10 | extreme_edge,all3_agree,peak_hour
[Timing] Window 5 min old — skipping
[Cycle] No signal — YES=0.00 is between 0.32 and 0.68, sum=1.00 >= 0.97
[Ticker] KXSOL15M-26APR090815-15
[Market] YES=0.00 | NO=1.00 | Sum=1.00
==================================================
Balance: $116.56 | Regime: CHOP | Session: 0W/0L (0%) | PnL: $+0.00
[Confidence] Score=5/10 | extreme_edge,2of3_agree,peak_hour
[Timing] Window 6 min old — skipping
[Cycle] No signal — YES=0.00 is between 0.32 and 0.68, sum=1.00 >= 0.97
[Ticker] KXSOL15M-26APR090815-15
[Market] YES=0.00 | NO=1.00 | Sum=1.00
==================================================
Balance: $116.56 | Regime: CHOP | Session: 0W/0L (0%) | PnL: $+0.00
[Confidence] Score=6/10 | extreme_edge,all3_agree,peak_hour
[Timing] Window 7 min old — skipping
[Cycle] No signal — YES=0.00 is between 0.32 and 0.68, sum=1.00 >= 0.97
[Ticker] KXSOL15M-26APR090815-15
[Market] YES=0.00 | NO=1.00 | Sum=1.00
==================================================
Balance: $116.56 | Regime: CHOP | Session: 0W/0L (0%) | PnL: $+0.00
[Confidence] Score=6/10 | extreme_edge,all3_agree,peak_hour
[Timing] Window 8 min old — skipping
[Cycle] No signal — YES=0.00 is between 0.32 and 0.68, sum=1.00 >= 0.97
[Ticker] KXSOL15M-26APR090815-15
[Market] YES=0.00 | NO=1.00 | Sum=1.00
==================================================
Balance: $116.56 | Regime: CHOP | Session: 0W/0L (0%) | PnL: $+0.00
[Confidence] Score=6/10 | extreme_edge,all3_agree,peak_hour
[Timing] Window 9 min old — skipping
[Cycle] No signal — YES=0.00 is between 0.32 and 0.68, sum=1.00 >= 0.97
[Ticker] KXSOL15M-26APR090815-15
[Market] YES=0.00 | NO=1.00 | Sum=1.00
==================================================
Balance: $116.56 | Regime: CHOP | Session: 0W/0L (0%) | PnL: $+0.00
[Confidence] Score=6/10 | extreme_edge,all3_agree,peak_hour
[Timing] Window 10 min old — skipping
[Cycle] No signal — YES=0.00 is between 0.32 and 0.68, sum=1.00 >= 0.97
[Ticker] KXSOL15M-26APR090815-15
[Market] YES=0.00 | NO=1.00 | Sum=1.00
==================================================
Balance: $116.56 | Regime: CHOP | Session: 0W/0L (0%) | PnL: $+0.00
[Confidence] Score=5/10 | extreme_edge,2of3_agree,peak_hour
[Timing] Window 11 min old — skipping
[Cycle] No signal — YES=0.00 is between 0.32 and 0.68, sum=1.00 >= 0.97
[Ticker] KXSOL15M-26APR090815-15
[Market] YES=0.00 | NO=1.00 | Sum=1.00
==================================================
Balance: $116.56 | Regime: CHOP | Session: 0W/0L (0%) | PnL: $+0.00
[Confidence] Score=6/10 | extreme_edge,all3_agree,peak_hour
[Timing] Window 12 min old — skipping
[Cycle] No signal — YES=0.00 is between 0.32 and 0.68, sum=1.00 >= 0.97
[Ticker] KXSOL15M-26APR090815-15
[Market] YES=0.00 | NO=1.00 | Sum=1.00
==================================================
Balance: $116.56 | Regime: CHOP | Session: 0W/0L (0%) | PnL: $+0.00
[Confidence] Score=6/10 | extreme_edge,all3_agree,peak_hour
[Timing] Window 13 min old — skipping
[Cycle] No signal — YES=0.00 is between 0.32 and 0.68, sum=1.00 >= 0.97
[Ticker] KXSOL15M-26APR090815-15
[Market] YES=0.00 | NO=1.00 | Sum=1.00
==================================================
Balance: $116.56 | Regime: CHOP | Session: 0W/0L (0%) | PnL: $+0.00
[Confidence] Score=6/10 | extreme_edge,all3_agree,peak_hour
[Timing] Window 14 min old — skipping
[Cycle] No signal — YES=0.00 is between 0.32 and 0.68, sum=1.00 >= 0.97
[Ticker] KXSOL15M-26APR090830-30
[Market] YES=0.00 | NO=1.00 | Sum=1.00
==================================================
Balance: $116.56 | Regime: CHOP | Session: 0W/0L (0%) | PnL: $+0.00
[Confidence] Score=5/10 | extreme_edge,2of3_agree,peak_hour
[Timing] Window 0 min old — skipping
[Cycle] No signal — YES=0.00 is between 0.32 and 0.68, sum=1.00 >= 0.97
[Ticker] KXSOL15M-26APR090830-30
[Market] YES=0.00 | NO=1.00 | Sum=1.00
==================================================
Balance: $116.56 | Regime: CHOP | Session: 0W/0L (0%) | PnL: $+0.00
[Confidence] Score=6/10 | extreme_edge,all3_agree,peak_hour
[Signal] EXTREME DOWN | yes=0.00 | edge=0.50 | firing immediately
[Kraken] Divergence 86083.01% — bet trimmed
[Correlation] All 3 agree — bet boosted
[Signal] CONFIRMED DOWN | yes=0.00 | edge=0.50 | bet=$4.40
[Safety] Balance $116.56 below floor $120.00
🛑 OpenClaw SOL Bot v4.0 halted: Balance $116.56 below floor $120.00

==================================================
OpenClaw SOL Bot v4.0 — LIVE
[Startup] Live balance synced: $116.56
Balance: $116.56 | MaxBet: $11.66 | Threshold: <0.32 or >0.68
==================================================

[Startup] Resting orders cleared
[Ticker] KXSOL15M-26APR090830-30
[Market] YES=0.00 | NO=1.00 | Sum=1.00
==================================================
Balance: $116.56 | Regime: CHOP | Session: 0W/0L (0%) | PnL: $+0.00
[Confidence] Score=6/10 | extreme_edge,all3_agree,peak_hour
[Signal] EXTREME DOWN | yes=0.00 | edge=0.50 | firing immediately
[Kraken] Divergence 86083.13% — bet trimmed
[Correlation] 2/3 agree DOWN
[Signal] CONFIRMED DOWN | yes=0.00 | edge=0.50 | bet=$3.67
[Safety] Balance $116.56 below floor $120.00
🛑 OpenClaw SOL Bot v4.0 halted: Balance $116.56 below floor $120.00

==================================================
OpenClaw SOL Bot v4.0 — LIVE
[Startup] Live balance synced: $116.56
Balance: $116.56 | MaxBet: $11.66 | Threshold: <0.32 or >0.68
==================================================

[Startup] Resting orders cleared
[Ticker] KXSOL15M-26APR090830-30
[Market] YES=0.00 | NO=1.00 | Sum=1.00
==================================================
Balance: $116.56 | Regime: CHOP | Session: 0W/0L (0%) | PnL: $+0.00
[Confidence] Score=5/10 | extreme_edge,2of3_agree,peak_hour
[Signal] EXTREME DOWN | yes=0.00 | edge=0.50 | firing immediately
[Kraken] Divergence 86143.58% — bet trimmed
[Correlation] All 3 agree — bet boosted
[Signal] CONFIRMED DOWN | yes=0.00 | edge=0.50 | bet=$4.40
[CorrGuard] 2 bots already fired — skipping to avoid correlated loss
[Cycle] No signal — YES=0.00 is between 0.32 and 0.68, sum=1.00 >= 0.97
[Ticker] KXSOL15M-26APR090830-30
[Market] YES=0.00 | NO=1.00 | Sum=1.00
==================================================
Balance: $116.56 | Regime: CHOP | Session: 0W/0L (0%) | PnL: $+0.00
[Confidence] Score=6/10 | extreme_edge,all3_agree,peak_hour
[Signal] DOWN candidate | yes=0.00 | waiting (1/2)
[Cycle] No signal — YES=0.00 is between 0.32 and 0.68, sum=1.00 >= 0.97
[Ticker] KXSOL15M-26APR090830-30
[Market] YES=0.00 | NO=1.00 | Sum=1.00
==================================================
Balance: $116.56 | Regime: CHOP | Session: 0W/0L (0%) | PnL: $+0.00
[Confidence] Score=5/10 | extreme_edge,2of3_agree,peak_hour
[Kraken] Divergence 86158.26% — bet trimmed
[Correlation] 2/3 agree DOWN
[Signal] CONFIRMED DOWN | yes=0.00 | edge=0.50 | bet=$3.67
[Safety] Balance $116.56 below floor $120.00
🛑 OpenClaw SOL Bot v4.0 halted: Balance $116.56 below floor $120.00

==================================================
OpenClaw SOL Bot v4.0 — LIVE
[Startup] Live balance synced: $116.56
Balance: $116.56 | MaxBet: $11.66 | Threshold: <0.32 or >0.68
==================================================

[Startup] Resting orders cleared
[Ticker] KXSOL15M-26APR090830-30
[Market] YES=0.00 | NO=1.00 | Sum=1.00
==================================================
Balance: $116.56 | Regime: CHOP | Session: 0W/0L (0%) | PnL: $+0.00
[Confidence] Score=6/10 | extreme_edge,all3_agree,peak_hour
[Signal] DOWN candidate | yes=0.00 | waiting (1/2)
[Cycle] No signal — YES=0.00 is between 0.32 and 0.68, sum=1.00 >= 0.97
[Ticker] KXSOL15M-26APR090830-30
[Market] YES=0.00 | NO=1.00 | Sum=1.00
==================================================
Balance: $116.56 | Regime: CHOP | Session: 0W/0L (0%) | PnL: $+0.00
[Confidence] Score=6/10 | extreme_edge,all3_agree,peak_hour
[Kraken] Divergence 86137.34% — bet trimmed
[Correlation] 2/3 agree DOWN
[Signal] CONFIRMED DOWN | yes=0.00 | edge=0.50 | bet=$3.67
[CorrGuard] 2 bots already fired — skipping to avoid correlated loss
[Cycle] No signal — YES=0.00 is between 0.32 and 0.68, sum=1.00 >= 0.97
[Ticker] KXSOL15M-26APR090830-30
[Market] YES=0.00 | NO=1.00 | Sum=1.00
==================================================
Balance: $116.56 | Regime: CHOP | Session: 0W/0L (0%) | PnL: $+0.00
[Confidence] Score=5/10 | extreme_edge,2of3_agree,peak_hour
[Timing] Window 5 min old — skipping
[Cycle] No signal — YES=0.00 is between 0.32 and 0.68, sum=1.00 >= 0.97
[Ticker] KXSOL15M-26APR090830-30
[Market] YES=0.00 | NO=1.00 | Sum=1.00
==================================================
Balance: $116.56 | Regime: CHOP | Session: 0W/0L (0%) | PnL: $+0.00
[Confidence] Score=6/10 | extreme_edge,all3_agree,peak_hour
[Timing] Window 6 min old — skipping
[Cycle] No signal — YES=0.00 is between 0.32 and 0.68, sum=1.00 >= 0.97
[Ticker] KXSOL15M-26APR090830-30
[Market] YES=0.00 | NO=1.00 | Sum=1.00
==================================================
Balance: $116.56 | Regime: CHOP | Session: 0W/0L (0%) | PnL: $+0.00
[Confidence] Score=6/10 | extreme_edge,all3_agree,peak_hour
[Timing] Window 7 min old — skipping
[Cycle] No signal — YES=0.00 is between 0.32 and 0.68, sum=1.00 >= 0.97
[Ticker] KXSOL15M-26APR090830-30
[Market] YES=0.00 | NO=1.00 | Sum=1.00
==================================================
Balance: $116.56 | Regime: CHOP | Session: 0W/0L (0%) | PnL: $+0.00
[Confidence] Score=5/10 | extreme_edge,2of3_agree,peak_hour
[Timing] Window 8 min old — skipping
[Cycle] No signal — YES=0.00 is between 0.32 and 0.68, sum=1.00 >= 0.97
[Ticker] KXSOL15M-26APR090830-30
[Market] YES=0.00 | NO=1.00 | Sum=1.00
==================================================
Balance: $116.56 | Regime: CHOP | Session: 0W/0L (0%) | PnL: $+0.00
[Confidence] Score=6/10 | extreme_edge,all3_agree,peak_hour
[Timing] Window 9 min old — skipping
[Cycle] No signal — YES=0.00 is between 0.32 and 0.68, sum=1.00 >= 0.97
[Ticker] KXSOL15M-26APR090830-30
[Market] YES=0.00 | NO=1.00 | Sum=1.00
==================================================
Balance: $116.56 | Regime: CHOP | Session: 0W/0L (0%) | PnL: $+0.00
[Confidence] Score=5/10 | extreme_edge,2of3_agree,peak_hour
[Timing] Window 10 min old — skipping
[Cycle] No signal — YES=0.00 is between 0.32 and 0.68, sum=1.00 >= 0.97
[Ticker] KXSOL15M-26APR090830-30
[Market] YES=0.00 | NO=1.00 | Sum=1.00
==================================================
Balance: $116.56 | Regime: CHOP | Session: 0W/0L (0%) | PnL: $+0.00
[Confidence] Score=6/10 | extreme_edge,all3_agree,peak_hour
[Timing] Window 11 min old — skipping
[Cycle] No signal — YES=0.00 is between 0.32 and 0.68, sum=1.00 >= 0.97
[Ticker] KXSOL15M-26APR090830-30
[Market] YES=0.00 | NO=1.00 | Sum=1.00
==================================================
Balance: $116.56 | Regime: CHOP | Session: 0W/0L (0%) | PnL: $+0.00
[Confidence] Score=6/10 | extreme_edge,all3_agree,peak_hour
[Timing] Window 12 min old — skipping
[Cycle] No signal — YES=0.00 is between 0.32 and 0.68, sum=1.00 >= 0.97
[Ticker] KXSOL15M-26APR090830-30
[Market] YES=0.00 | NO=1.00 | Sum=1.00
==================================================
Balance: $116.56 | Regime: CHOP | Session: 0W/0L (0%) | PnL: $+0.00
[Confidence] Score=6/10 | extreme_edge,all3_agree,peak_hour
[Timing] Window 13 min old — skipping
[Cycle] No signal — YES=0.00 is between 0.32 and 0.68, sum=1.00 >= 0.97
[Ticker] KXSOL15M-26APR090830-30
[Market] YES=0.00 | NO=1.00 | Sum=1.00
==================================================
Balance: $116.56 | Regime: CHOP | Session: 0W/0L (0%) | PnL: $+0.00
[Confidence] Score=6/10 | extreme_edge,all3_agree,peak_hour
[Timing] Window 14 min old — skipping
[Cycle] No signal — YES=0.00 is between 0.32 and 0.68, sum=1.00 >= 0.97
[Ticker] KXSOL15M-26APR090845-45
[Market] YES=0.00 | NO=1.00 | Sum=1.00
==================================================
Balance: $116.56 | Regime: CHOP | Session: 0W/0L (0%) | PnL: $+0.00
[Confidence] Score=5/10 | extreme_edge,2of3_agree,peak_hour
[Timing] Window 0 min old — skipping
[Cycle] No signal — YES=0.00 is between 0.32 and 0.68, sum=1.00 >= 0.97
[Ticker] KXSOL15M-26APR090845-45
[Market] YES=0.00 | NO=1.00 | Sum=1.00
==================================================
Balance: $116.56 | Regime: CHOP | Session: 0W/0L (0%) | PnL: $+0.00
[Confidence] Score=6/10 | extreme_edge,all3_agree,peak_hour
[Signal] EXTREME DOWN | yes=0.00 | edge=0.50 | firing immediately
[Kraken] Divergence 86228.51% — bet trimmed
[Correlation] 2/3 agree DOWN
[Signal] CONFIRMED DOWN | yes=0.00 | edge=0.50 | bet=$3.67
[Safety] Balance $116.56 below floor $120.00
🛑 OpenClaw SOL Bot v4.0 halted: Balance $116.56 below floor $120.00

==================================================
OpenClaw SOL Bot v4.0 — LIVE
[Startup] Live balance synced: $116.56
Balance: $116.56 | MaxBet: $11.66 | Threshold: <0.32 or >0.68
==================================================

[Startup] Resting orders cleared
[Ticker] KXSOL15M-26APR090845-45
[Market] YES=0.00 | NO=1.00 | Sum=1.00
==================================================
Balance: $116.56 | Regime: CHOP | Session: 0W/0L (0%) | PnL: $+0.00
[Confidence] Score=5/10 | extreme_edge,2of3_agree,peak_hour
[Signal] DOWN candidate | yes=0.00 | waiting (1/2)
[Cycle] No signal — YES=0.00 is between 0.32 and 0.68, sum=1.00 >= 0.97
[Ticker] KXSOL15M-26APR090845-45
[Market] YES=0.00 | NO=1.00 | Sum=1.00
==================================================
Balance: $116.56 | Regime: CHOP | Session: 0W/0L (0%) | PnL: $+0.00
[Confidence] Score=5/10 | extreme_edge,2of3_agree,peak_hour
[Kraken] Divergence 86238.52% — bet trimmed
[Correlation] 2/3 agree DOWN
[Signal] CONFIRMED DOWN | yes=0.00 | edge=0.50 | bet=$3.67
[CorrGuard] 2 bots already fired — skipping to avoid correlated loss
[Cycle] No signal — YES=0.00 is between 0.32 and 0.68, sum=1.00 >= 0.97
[Ticker] KXSOL15M-26APR090845-45
[Market] YES=0.00 | NO=1.00 | Sum=1.00
==================================================
Balance: $116.56 | Regime: CHOP | Session: 0W/0L (0%) | PnL: $+0.00
[Confidence] Score=5/10 | extreme_edge,2of3_agree,peak_hour
[Kraken] Divergence 86222.87% — bet trimmed
[Correlation] 2/3 agree DOWN
[Signal] CONFIRMED DOWN | yes=0.00 | edge=0.50 | bet=$3.67
[CorrGuard] 2 bots already fired — skipping to avoid correlated loss
[Cycle] No signal — YES=0.00 is between 0.32 and 0.68, sum=1.00 >= 0.97
[Ticker] KXSOL15M-26APR090845-45
[Market] YES=0.00 | NO=1.00 | Sum=1.00
==================================================
Balance: $116.56 | Regime: CHOP | Session: 0W/0L (0%) | PnL: $+0.00
[Confidence] Score=6/10 | extreme_edge,all3_agree,peak_hour
[Timing] Window 5 min old — skipping
[Cycle] No signal — YES=0.00 is between 0.32 and 0.68, sum=1.00 >= 0.97
[Ticker] KXSOL15M-26APR090845-45
[Market] YES=0.00 | NO=1.00 | Sum=1.00
==================================================
Balance: $116.56 | Regime: CHOP | Session: 0W/0L (0%) | PnL: $+0.00
[Confidence] Score=6/10 | extreme_edge,all3_agree,peak_hour
[Timing] Window 6 min old — skipping
[Cycle] No signal — YES=0.00 is between 0.32 and 0.68, sum=1.00 >= 0.97
[Ticker] KXSOL15M-26APR090845-45
[Market] YES=0.00 | NO=1.00 | Sum=1.00
==================================================
Balance: $116.56 | Regime: CHOP | Session: 0W/0L (0%) | PnL: $+0.00
[Confidence] Score=5/10 | extreme_edge,2of3_agree,peak_hour
[Timing] Window 7 min old — skipping
[Cycle] No signal — YES=0.00 is between 0.32 and 0.68, sum=1.00 >= 0.97
[Ticker] KXSOL15M-26APR090845-45
[Market] YES=0.00 | NO=1.00 | Sum=1.00
==================================================
Balance: $116.56 | Regime: CHOP | Session: 0W/0L (0%) | PnL: $+0.00
[Confidence] Score=5/10 | extreme_edge,2of3_agree,peak_hour
[Timing] Window 8 min old — skipping
[Cycle] No signal — YES=0.00 is between 0.32 and 0.68, sum=1.00 >= 0.97
[Ticker] KXSOL15M-26APR090845-45
[Market] YES=0.00 | NO=1.00 | Sum=1.00
==================================================
Balance: $116.56 | Regime: CHOP | Session: 0W/0L (0%) | PnL: $+0.00
[Confidence] Score=5/10 | extreme_edge,2of3_agree,peak_hour
[Timing] Window 9 min old — skipping
[Cycle] No signal — YES=0.00 is between 0.32 and 0.68, sum=1.00 >= 0.97
[Ticker] KXSOL15M-26APR090845-45
[Market] YES=0.00 | NO=1.00 | Sum=1.00
==================================================
Balance: $116.56 | Regime: CHOP | Session: 0W/0L (0%) | PnL: $+0.00
[Confidence] Score=6/10 | extreme_edge,all3_agree,peak_hour
[Timing] Window 10 min old — skipping
[Cycle] No signal — YES=0.00 is between 0.32 and 0.68, sum=1.00 >= 0.97
[Ticker] KXSOL15M-26APR090845-45
[Market] YES=0.00 | NO=1.00 | Sum=1.00
==================================================
Balance: $116.56 | Regime: CHOP | Session: 0W/0L (0%) | PnL: $+0.00
[Confidence] Score=5/10 | extreme_edge,2of3_agree,peak_hour
[Timing] Window 11 min old — skipping
[Cycle] No signal — YES=0.00 is between 0.32 and 0.68, sum=1.00 >= 0.97
[Ticker] KXSOL15M-26APR090845-45
[Market] YES=0.00 | NO=1.00 | Sum=1.00
==================================================
Balance: $116.56 | Regime: CHOP | Session: 0W/0L (0%) | PnL: $+0.00
[Confidence] Score=6/10 | extreme_edge,all3_agree,peak_hour
[Timing] Window 12 min old — skipping
[Cycle] No signal — YES=0.00 is between 0.32 and 0.68, sum=1.00 >= 0.97
[Ticker] KXSOL15M-26APR090845-45
[Market] YES=0.00 | NO=1.00 | Sum=1.00
==================================================
Balance: $116.56 | Regime: CHOP | Session: 0W/0L (0%) | PnL: $+0.00
[Confidence] Score=6/10 | extreme_edge,all3_agree,peak_hour
[Timing] Window 13 min old — skipping
[Cycle] No signal — YES=0.00 is between 0.32 and 0.68, sum=1.00 >= 0.97
[Ticker] KXSOL15M-26APR090845-45
[Market] YES=0.00 | NO=1.00 | Sum=1.00
==================================================
Balance: $116.56 | Regime: CHOP | Session: 0W/0L (0%) | PnL: $+0.00
[Confidence] Score=6/10 | extreme_edge,all3_agree,peak_hour
[Timing] Window 14 min old — skipping
[Cycle] No signal — YES=0.00 is between 0.32 and 0.68, sum=1.00 >= 0.97
[Ticker] KXSOL15M-26APR090900-00
[Market] YES=0.00 | NO=1.00 | Sum=1.00
==================================================
Balance: $116.56 | Regime: CHOP | Session: 0W/0L (0%) | PnL: $+0.00
[Confidence] Score=6/10 | extreme_edge,all3_agree,peak_hour
[Timing] Window 0 min old — skipping
[Cycle] No signal — YES=0.00 is between 0.32 and 0.68, sum=1.00 >= 0.97
[Ticker] KXSOL15M-26APR090515-15
[Market] YES=0.44 | NO=0.60 | Sum=1.04
==================================================
Balance: $116.56 | Regime: CHOP | Session: 0W/0L (0%) | PnL: $+0.00
[Cycle] No signal — YES=0.44 is between 0.32 and 0.68, sum=1.04 >= 0.97
[Ticker] KXSOL15M-26APR090515-15
[Market] YES=0.33 | NO=0.69 | Sum=1.02
==================================================
Balance: $116.56 | Regime: CHOP | Session: 0W/0L (0%) | PnL: $+0.00
[Cycle] No signal — YES=0.33 is between 0.32 and 0.68, sum=1.02 >= 0.97
[Ticker] KXSOL15M-26APR090515-15
[Market] YES=0.26 | NO=0.78 | Sum=1.04
==================================================
Balance: $116.56 | Regime: CHOP | Session: 0W/0L (0%) | PnL: $+0.00
[Confidence] Score=5/10 | moderate_edge,coinbase_weak,all3_agree,peak_hour
[Signal] DOWN candidate | yes=0.26 | waiting (1/2)
[Cycle] No signal — YES=0.26 is between 0.32 and 0.68, sum=1.04 >= 0.97
[Ticker] KXSOL15M-26APR090515-15
[Market] YES=0.28 | NO=0.74 | Sum=1.02
==================================================
Balance: $116.56 | Regime: CHOP | Session: 0W/0L (0%) | PnL: $+0.00
[Confidence] Score=5/10 | moderate_edge,coinbase_weak,all3_agree,peak_hour
[Coinbase] Confirms DOWN | $82 gap=-0 (0.13%)
[Kraken] Divergence 86259.45% — bet trimmed
[Correlation] 2/3 agree DOWN
[Signal] CONFIRMED DOWN | yes=0.28 | edge=0.22 | bet=$2.31
[CorrGuard] 2 bots already fired — skipping to avoid correlated loss
[Cycle] No signal — YES=0.28 is between 0.32 and 0.68, sum=1.02 >= 0.97
[Ticker] KXSOL15M-26APR090515-15
[Market] YES=0.27 | NO=0.75 | Sum=1.02
==================================================
Balance: $116.56 | Regime: CHOP | Session: 0W/0L (0%) | PnL: $+0.00
[Confidence] Score=4/10 | moderate_edge,coinbase_weak,2of3_agree,peak_hour
[Timing] Window 5 min old — skipping
[Cycle] No signal — YES=0.27 is between 0.32 and 0.68, sum=1.02 >= 0.97
[Ticker] KXSOL15M-26APR090515-15
[Market] YES=0.21 | NO=0.83 | Sum=1.04
==================================================
Balance: $116.56 | Regime: CHOP | Session: 0W/0L (0%) | PnL: $+0.00
[Confidence] Score=5/10 | moderate_edge,coinbase_weak,all3_agree,peak_hour
[Timing] Window 6 min old — skipping
[Cycle] No signal — YES=0.21 is between 0.32 and 0.68, sum=1.04 >= 0.97
[Ticker] KXSOL15M-26APR090515-15
[Market] YES=0.26 | NO=0.79 | Sum=1.05
==================================================
Balance: $116.56 | Regime: CHOP | Session: 0W/0L (0%) | PnL: $+0.00
[Confidence] Score=5/10 | moderate_edge,coinbase_weak,all3_agree,peak_hour
[Timing] Window 7 min old — skipping
[Cycle] No signal — YES=0.26 is between 0.32 and 0.68, sum=1.05 >= 0.97
[Ticker] KXSOL15M-26APR090515-15
[Market] YES=0.24 | NO=0.81 | Sum=1.05
==================================================
Balance: $116.56 | Regime: CHOP | Session: 0W/0L (0%) | PnL: $+0.00
[Confidence] Score=5/10 | moderate_edge,coinbase_weak,all3_agree,peak_hour
[Timing] Window 8 min old — skipping
[Cycle] No signal — YES=0.24 is between 0.32 and 0.68, sum=1.05 >= 0.97
[Ticker] KXSOL15M-26APR090515-15
[Market] YES=0.24 | NO=0.81 | Sum=1.05
==================================================
Balance: $116.56 | Regime: CHOP | Session: 0W/0L (0%) | PnL: $+0.00
[Confidence] Score=5/10 | moderate_edge,coinbase_weak,all3_agree,peak_hour
[Timing] Window 9 min old — skipping
[Cycle] No signal — YES=0.24 is between 0.32 and 0.68, sum=1.05 >= 0.97
[Ticker] KXSOL15M-26APR090515-15
[Market] YES=0.06 | NO=0.96 | Sum=1.02
==================================================
Balance: $116.56 | Regime: CHOP | Session: 0W/0L (0%) | PnL: $+0.00
[Confidence] Score=6/10 | strong_edge,coinbase_weak,all3_agree,peak_hour
[Timing] Window 10 min old — skipping
[Cycle] No signal — YES=0.06 is between 0.32 and 0.68, sum=1.02 >= 0.97
[Ticker] KXSOL15M-26APR090515-15
[Market] YES=0.02 | NO=0.99 | Sum=1.01
==================================================
Balance: $116.56 | Regime: CHOP | Session: 0W/0L (0%) | PnL: $+0.00
[Confidence] Score=7/10 | extreme_edge,coinbase_weak,all3_agree,peak_hour
[Timing] Window 11 min old — skipping
[Cycle] No signal — YES=0.02 is between 0.32 and 0.68, sum=1.01 >= 0.97
[Ticker] KXSOL15M-26APR090515-15
[Market] YES=0.01 | NO=1.00 | Sum=1.01
==================================================
Balance: $116.56 | Regime: CHOP | Session: 0W/0L (0%) | PnL: $+0.00
[Confidence] Score=6/10 | extreme_edge,coinbase_weak,2of3_agree,peak_hour
[Timing] Window 12 min old — skipping
[Cycle] No signal — YES=0.01 is between 0.32 and 0.68, sum=1.01 >= 0.97
[Ticker] KXSOL15M-26APR090515-15
[Market] YES=0.01 | NO=1.00 | Sum=1.01
==================================================
Balance: $116.56 | Regime: CHOP | Session: 0W/0L (0%) | PnL: $+0.00
[Confidence] Score=7/10 | extreme_edge,coinbase_weak,all3_agree,peak_hour
[Timing] Window 13 min old — skipping
[Cycle] No signal — YES=0.01 is between 0.32 and 0.68, sum=1.01 >= 0.97
[Ticker] KXSOL15M-26APR090515-15
[Market] YES=0.01 | NO=1.00 | Sum=1.00
==================================================
Balance: $116.56 | Regime: CHOP | Session: 0W/0L (0%) | PnL: $+0.00
[Confidence] Score=7/10 | extreme_edge,coinbase_weak,all3_agree,peak_hour
[Timing] Window 14 min old — skipping
[Cycle] No signal — YES=0.01 is between 0.32 and 0.68, sum=1.00 >= 0.97
[Ticker] KXSOL15M-26APR090515-15
[Market] YES=1.00 | NO=1.00 | Sum=2.00
==================================================
Balance: $116.56 | Regime: CHOP | Session: 0W/0L (0%) | PnL: $+0.00
[Confidence] Score=4/10 | extreme_edge,peak_hour
[Timing] Window 0 min old — skipping
[Cycle] No signal — YES=1.00 is between 0.32 and 0.68, sum=2.00 >= 0.97
[Ticker] KXSOL15M-26APR090530-30
[Market] YES=0.61 | NO=0.42 | Sum=1.03
==================================================
Balance: $116.56 | Regime: CHOP | Session: 0W/0L (0%) | PnL: $+0.00
[Cycle] No signal — YES=0.61 is between 0.32 and 0.68, sum=1.03 >= 0.97
[Ticker] KXSOL15M-26APR090530-30
[Market] YES=0.62 | NO=0.40 | Sum=1.02
==================================================
Balance: $116.56 | Regime: CHOP | Session: 0W/0L (0%) | PnL: $+0.00
[Cycle] No signal — YES=0.62 is between 0.32 and 0.68, sum=1.02 >= 0.97
[Ticker] KXSOL15M-26APR090530-30
[Market] YES=0.85 | NO=0.18 | Sum=1.03
==================================================
Balance: $116.56 | Regime: CHOP | Session: 0W/0L (0%) | PnL: $+0.00
[Confidence] Score=4/10 | strong_edge,coinbase_weak,peak_hour
[Signal] UP candidate | yes=0.85 | waiting (1/2)
[Cycle] No signal — YES=0.85 is between 0.32 and 0.68, sum=1.03 >= 0.97
[Ticker] KXSOL15M-26APR090530-30
[Market] YES=0.80 | NO=0.24 | Sum=1.04
==================================================
Balance: $116.56 | Regime: CHOP | Session: 0W/0L (0%) | PnL: $+0.00
[Confidence] Score=4/10 | strong_edge,coinbase_weak,peak_hour
[Coinbase] Confirms UP | $82 gap=+0 (0.17%)
[Kraken] Divergence 86473.09% — bet trimmed
[Correlation] 2/3 agree UP
[Signal] CONFIRMED UP | yes=0.80 | edge=0.30 | bet=$3.15
[Safety] Balance $116.56 below floor $120.00
🛑 OpenClaw SOL Bot v4.0 halted: Balance $116.56 below floor $120.00

==================================================
OpenClaw SOL Bot v4.0 — LIVE
[Startup] Live balance synced: $116.56
Balance: $116.56 | MaxBet: $11.66 | Threshold: <0.32 or >0.68
==================================================

[Startup] Resting orders cleared
[Ticker] KXSOL15M-26APR090530-30
[Market] YES=0.80 | NO=0.24 | Sum=1.04
==================================================
Balance: $116.56 | Regime: CHOP | Session: 0W/0L (0%) | PnL: $+0.00
[Confidence] Score=4/10 | strong_edge,coinbase_weak,peak_hour
[Signal] UP candidate | yes=0.80 | waiting (1/2)
[Cycle] No signal — YES=0.80 is between 0.32 and 0.68, sum=1.04 >= 0.97
[Ticker] KXSOL15M-26APR090530-30
[Market] YES=0.86 | NO=0.15 | Sum=1.01
==================================================
Balance: $116.56 | Regime: CHOP | Session: 0W/0L (0%) | PnL: $+0.00
[Confidence] Score=4/10 | strong_edge,coinbase_weak,peak_hour
[Timing] Window 5 min old — skipping
[Cycle] No signal — YES=0.86 is between 0.32 and 0.68, sum=1.01 >= 0.97
[Ticker] KXSOL15M-26APR090530-30
[Market] YES=0.81 | NO=0.20 | Sum=1.01
==================================================
Balance: $116.56 | Regime: CHOP | Session: 0W/0L (0%) | PnL: $+0.00
[Confidence] Score=4/10 | strong_edge,coinbase_weak,peak_hour
[Timing] Window 6 min old — skipping
[Cycle] No signal — YES=0.81 is between 0.32 and 0.68, sum=1.01 >= 0.97
[Ticker] KXSOL15M-26APR090530-30
[Market] YES=0.81 | NO=0.20 | Sum=1.01
==================================================
Balance: $116.56 | Regime: CHOP | Session: 0W/0L (0%) | PnL: $+0.00
[Confidence] Score=4/10 | strong_edge,coinbase_weak,peak_hour
[Timing] Window 7 min old — skipping
[Cycle] No signal — YES=0.81 is between 0.32 and 0.68, sum=1.01 >= 0.97
[Ticker] KXSOL15M-26APR090530-30
[Market] YES=0.83 | NO=0.20 | Sum=1.03
==================================================
Balance: $116.56 | Regime: CHOP | Session: 0W/0L (0%) | PnL: $+0.00
[Confidence] Score=4/10 | strong_edge,coinbase_weak,peak_hour
[Timing] Window 8 min old — skipping
[Cycle] No signal — YES=0.83 is between 0.32 and 0.68, sum=1.03 >= 0.97
[Ticker] KXSOL15M-26APR090530-30
[Market] YES=0.92 | NO=0.09 | Sum=1.01
==================================================
Balance: $116.56 | Regime: CHOP | Session: 0W/0L (0%) | PnL: $+0.00
[Confidence] Score=4/10 | strong_edge,coinbase_weak,peak_hour
[Timing] Window 9 min old — skipping
[Cycle] No signal — YES=0.92 is between 0.32 and 0.68, sum=1.01 >= 0.97
[Ticker] KXSOL15M-26APR090530-30
[Market] YES=0.94 | NO=0.08 | Sum=1.02
==================================================
Balance: $116.56 | Regime: CHOP | Session: 0W/0L (0%) | PnL: $+0.00
[Confidence] Score=4/10 | strong_edge,coinbase_weak,peak_hour
[Timing] Window 10 min old — skipping
[Cycle] No signal — YES=0.94 is between 0.32 and 0.68, sum=1.02 >= 0.97
[Ticker] KXSOL15M-26APR090530-30
[Market] YES=0.96 | NO=0.06 | Sum=1.02
==================================================
Balance: $116.56 | Regime: CHOP | Session: 0W/0L (0%) | PnL: $+0.00
[Confidence] Score=5/10 | extreme_edge,coinbase_weak,peak_hour
[Timing] Window 11 min old — skipping
[Cycle] No signal — YES=0.96 is between 0.32 and 0.68, sum=1.02 >= 0.97
[Ticker] KXSOL15M-26APR090530-30
[Market] YES=0.99 | NO=0.02 | Sum=1.01
==================================================
Balance: $116.56 | Regime: CHOP | Session: 0W/0L (0%) | PnL: $+0.00
[Confidence] Score=5/10 | extreme_edge,coinbase_weak,peak_hour
[Timing] Window 12 min old — skipping
[Cycle] No signal — YES=0.99 is between 0.32 and 0.68, sum=1.01 >= 0.97
[Ticker] KXSOL15M-26APR090530-30
[Market] YES=1.00 | NO=0.01 | Sum=1.01
==================================================
Balance: $116.56 | Regime: CHOP | Session: 0W/0L (0%) | PnL: $+0.00
[Confidence] Score=5/10 | extreme_edge,coinbase_weak,peak_hour
[Timing] Window 13 min old — skipping
[Cycle] No signal — YES=1.00 is between 0.32 and 0.68, sum=1.01 >= 0.97
[Ticker] KXSOL15M-26APR090530-30
[Market] YES=1.00 | NO=0.01 | Sum=1.00
==================================================
Balance: $116.56 | Regime: CHOP | Session: 0W/0L (0%) | PnL: $+0.00
[Confidence] Score=5/10 | extreme_edge,coinbase_weak,peak_hour
[Timing] Window 14 min old — skipping
[Cycle] No signal — YES=1.00 is between 0.32 and 0.68, sum=1.00 >= 0.97
[Ticker] KXSOL15M-26APR090530-30
[Market] YES=1.00 | NO=1.00 | Sum=2.00
==================================================
Balance: $116.56 | Regime: CHOP | Session: 0W/0L (0%) | PnL: $+0.00
[Confidence] Score=5/10 | extreme_edge,coinbase_weak,peak_hour
[Timing] Window 0 min old — skipping
[Cycle] No signal — YES=1.00 is between 0.32 and 0.68, sum=2.00 >= 0.97
[Ticker] KXSOL15M-26APR090545-45
[Market] YES=0.49 | NO=0.53 | Sum=1.02
==================================================
Balance: $116.56 | Regime: CHOP | Session: 0W/0L (0%) | PnL: $+0.00
[Cycle] No signal — YES=0.49 is between 0.32 and 0.68, sum=1.02 >= 0.97
[Ticker] KXSOL15M-26APR090545-45
[Market] YES=0.59 | NO=0.46 | Sum=1.05
==================================================
Balance: $116.56 | Regime: CHOP | Session: 0W/0L (0%) | PnL: $+0.00
[Cycle] No signal — YES=0.59 is between 0.32 and 0.68, sum=1.05 >= 0.97
[Ticker] KXSOL15M-26APR090545-45
[Market] YES=0.68 | NO=0.35 | Sum=1.03
==================================================
Balance: $116.56 | Regime: CHOP | Session: 0W/0L (0%) | PnL: $+0.00
[Cycle] No signal — YES=0.68 is between 0.32 and 0.68, sum=1.03 >= 0.97
[Ticker] KXSOL15M-26APR090545-45
[Market] YES=0.54 | NO=0.51 | Sum=1.05
==================================================
Balance: $116.56 | Regime: CHOP | Session: 0W/0L (0%) | PnL: $+0.00
[Cycle] No signal — YES=0.54 is between 0.32 and 0.68, sum=1.05 >= 0.97
[Ticker] KXSOL15M-26APR090545-45
[Market] YES=0.61 | NO=0.43 | Sum=1.04
==================================================
Balance: $116.56 | Regime: CHOP | Session: 0W/0L (0%) | PnL: $+0.00
[Cycle] No signal — YES=0.61 is between 0.32 and 0.68, sum=1.04 >= 0.97
[Ticker] KXSOL15M-26APR090545-45
[Market] YES=0.59 | NO=0.46 | Sum=1.05
==================================================
Balance: $116.56 | Regime: CHOP | Session: 0W/0L (0%) | PnL: $+0.00
[Cycle] No signal — YES=0.59 is between 0.32 and 0.68, sum=1.05 >= 0.97
[Ticker] KXSOL15M-26APR090545-45
[Market] YES=0.58 | NO=0.47 | Sum=1.05
==================================================
Balance: $116.56 | Regime: CHOP | Session: 0W/0L (0%) | PnL: $+0.00
[Cycle] No signal — YES=0.58 is between 0.32 and 0.68, sum=1.05 >= 0.97
[Ticker] KXSOL15M-26APR090545-45
[Market] YES=0.55 | NO=0.50 | Sum=1.05
==================================================
Balance: $116.56 | Regime: CHOP | Session: 0W/0L (0%) | PnL: $+0.00
[Cycle] No signal — YES=0.55 is between 0.32 and 0.68, sum=1.05 >= 0.97
[Ticker] KXSOL15M-26APR090545-45
[Market] YES=0.10 | NO=0.91 | Sum=1.01
==================================================
Balance: $116.56 | Regime: CHOP | Session: 0W/0L (0%) | PnL: $+0.00
[Confidence] Score=6/10 | strong_edge,coinbase_weak,all3_agree,peak_hour
[Timing] Window 9 min old — skipping
[Cycle] No signal — YES=0.10 is between 0.32 and 0.68, sum=1.01 >= 0.97
[Ticker] KXSOL15M-26APR090545-45
[Market] YES=0.04 | NO=0.98 | Sum=1.02
==================================================
Balance: $116.56 | Regime: CHOP | Session: 0W/0L (0%) | PnL: $+0.00
[Confidence] Score=7/10 | extreme_edge,coinbase_weak,all3_agree,peak_hour
[Timing] Window 10 min old — skipping
[Cycle] No signal — YES=0.04 is between 0.32 and 0.68, sum=1.02 >= 0.97
[Ticker] KXSOL15M-26APR090545-45
[Market] YES=0.02 | NO=0.99 | Sum=1.01
==================================================
Balance: $116.56 | Regime: CHOP | Session: 0W/0L (0%) | PnL: $+0.00
[Confidence] Score=7/10 | extreme_edge,coinbase_weak,all3_agree,peak_hour
[Timing] Window 11 min old — skipping
[Cycle] No signal — YES=0.02 is between 0.32 and 0.68, sum=1.01 >= 0.97
[Ticker] KXSOL15M-26APR090545-45
[Market] YES=0.01 | NO=1.00 | Sum=1.01
==================================================
Balance: $116.56 | Regime: CHOP | Session: 0W/0L (0%) | PnL: $+0.00
[Confidence] Score=7/10 | extreme_edge,coinbase_weak,all3_agree,peak_hour
[Timing] Window 12 min old — skipping
[Cycle] No signal — YES=0.01 is between 0.32 and 0.68, sum=1.01 >= 0.97
[Ticker] KXSOL15M-26APR090545-45
[Market] YES=0.01 | NO=1.00 | Sum=1.01
==================================================
Balance: $116.56 | Regime: CHOP | Session: 0W/0L (0%) | PnL: $+0.00
[Confidence] Score=6/10 | extreme_edge,coinbase_weak,2of3_agree,peak_hour
[Timing] Window 13 min old — skipping
[Cycle] No signal — YES=0.01 is between 0.32 and 0.68, sum=1.01 >= 0.97
[Ticker] KXSOL15M-26APR090545-45
[Market] YES=0.00 | NO=1.00 | Sum=1.00
==================================================
Balance: $116.56 | Regime: CHOP | Session: 0W/0L (0%) | PnL: $+0.00
[Confidence] Score=7/10 | extreme_edge,coinbase_weak,all3_agree,peak_hour
[Timing] Window 14 min old — skipping
[Cycle] No signal — YES=0.00 is between 0.32 and 0.68, sum=1.00 >= 0.97
[Ticker] KXSOL15M-26APR090545-45
[Market] YES=1.00 | NO=1.00 | Sum=2.00
==================================================
Balance: $116.56 | Regime: CHOP | Session: 0W/0L (0%) | PnL: $+0.00
[Confidence] Score=4/10 | extreme_edge,peak_hour
[Timing] Window 0 min old — skipping
[Cycle] No signal — YES=1.00 is between 0.32 and 0.68, sum=2.00 >= 0.97
[Ticker] KXSOL15M-26APR090600-00
[Market] YES=0.69 | NO=0.32 | Sum=1.01
==================================================
Balance: $116.56 | Regime: CHOP | Session: 0W/0L (0%) | PnL: $+0.00
[Signal] Edge 0.19 below minimum 0.2 — skipping
[Cycle] No signal — YES=0.69 is between 0.32 and 0.68, sum=1.01 >= 0.97
[Ticker] KXSOL15M-26APR090600-00
[Market] YES=0.70 | NO=0.34 | Sum=1.04
==================================================
Balance: $116.56 | Regime: CHOP | Session: 0W/0L (0%) | PnL: $+0.00
[Signal] Edge 0.20 below minimum 0.2 — skipping
[Cycle] No signal — YES=0.70 is between 0.32 and 0.68, sum=1.04 >= 0.97
[Ticker] KXSOL15M-26APR090600-00
[Market] YES=0.68 | NO=0.34 | Sum=1.02
==================================================
Balance: $116.56 | Regime: CHOP | Session: 0W/0L (0%) | PnL: $+0.00
[Cycle] No signal — YES=0.68 is between 0.32 and 0.68, sum=1.02 >= 0.97
[Ticker] KXSOL15M-26APR090600-00
[Market] YES=0.66 | NO=0.39 | Sum=1.05
==================================================
Balance: $116.56 | Regime: CHOP | Session: 0W/0L (0%) | PnL: $+0.00
[Cycle] No signal — YES=0.66 is between 0.32 and 0.68, sum=1.05 >= 0.97
[Ticker] KXSOL15M-26APR090600-00
[Market] YES=0.69 | NO=0.36 | Sum=1.05
==================================================
Balance: $116.56 | Regime: CHOP | Session: 0W/0L (0%) | PnL: $+0.00
[Signal] Edge 0.19 below minimum 0.2 — skipping
[Cycle] No signal — YES=0.69 is between 0.32 and 0.68, sum=1.05 >= 0.97
[Ticker] KXSOL15M-26APR090600-00
[Market] YES=0.72 | NO=0.33 | Sum=1.05
==================================================
Balance: $116.56 | Regime: CHOP | Session: 0W/0L (0%) | PnL: $+0.00
[Confidence] Score=3/10 | moderate_edge,coinbase_weak,peak_hour
[Timing] Window 6 min old — skipping
[Cycle] No signal — YES=0.72 is between 0.32 and 0.68, sum=1.05 >= 0.97
[Ticker] KXSOL15M-26APR090600-00
[Market] YES=0.75 | NO=0.30 | Sum=1.05
==================================================
Balance: $116.56 | Regime: CHOP | Session: 0W/0L (0%) | PnL: $+0.00
[Confidence] Score=3/10 | moderate_edge,coinbase_weak,peak_hour
[Timing] Window 7 min old — skipping
[Cycle] No signal — YES=0.75 is between 0.32 and 0.68, sum=1.05 >= 0.97
[Ticker] KXSOL15M-26APR090600-00
[Market] YES=0.85 | NO=0.18 | Sum=1.03
==================================================
Balance: $116.56 | Regime: CHOP | Session: 0W/0L (0%) | PnL: $+0.00
[Confidence] Score=4/10 | strong_edge,coinbase_weak,peak_hour
[Timing] Window 8 min old — skipping
[Cycle] No signal — YES=0.85 is between 0.32 and 0.68, sum=1.03 >= 0.97
[Ticker] KXSOL15M-26APR090600-00
[Market] YES=0.96 | NO=0.05 | Sum=1.01
==================================================
Balance: $116.56 | Regime: CHOP | Session: 0W/0L (0%) | PnL: $+0.00
[Confidence] Score=5/10 | extreme_edge,coinbase_weak,peak_hour
[Timing] Window 9 min old — skipping
[Cycle] No signal — YES=0.96 is between 0.32 and 0.68, sum=1.01 >= 0.97
[Ticker] KXSOL15M-26APR090600-00
[Market] YES=0.99 | NO=0.02 | Sum=1.01
==================================================
Balance: $116.56 | Regime: CHOP | Session: 0W/0L (0%) | PnL: $+0.00
[Confidence] Score=5/10 | extreme_edge,coinbase_weak,peak_hour
[Timing] Window 10 min old — skipping
[Cycle] No signal — YES=0.99 is between 0.32 and 0.68, sum=1.01 >= 0.97
[Ticker] KXSOL15M-26APR090600-00
[Market] YES=1.00 | NO=0.00 | Sum=1.00
==================================================
Balance: $116.56 | Regime: CHOP | Session: 0W/0L (0%) | PnL: $+0.00
[Confidence] Score=5/10 | extreme_edge,coinbase_weak,peak_hour
[Timing] Window 11 min old — skipping
[Cycle] No signal — YES=1.00 is between 0.32 and 0.68, sum=1.00 >= 0.97
[Ticker] KXSOL15M-26APR090600-00
[Market] YES=1.00 | NO=0.00 | Sum=1.00
==================================================
Balance: $116.56 | Regime: CHOP | Session: 0W/0L (0%) | PnL: $+0.00
[Confidence] Score=5/10 | extreme_edge,coinbase_weak,peak_hour
[Timing] Window 12 min old — skipping
[Cycle] No signal — YES=1.00 is between 0.32 and 0.68, sum=1.00 >= 0.97
[Ticker] KXSOL15M-26APR090600-00
[Market] YES=1.00 | NO=0.00 | Sum=1.00
==================================================
Balance: $116.56 | Regime: CHOP | Session: 0W/0L (0%) | PnL: $+0.00
[Confidence] Score=5/10 | extreme_edge,coinbase_weak,peak_hour
[Timing] Window 13 min old — skipping
[Cycle] No signal — YES=1.00 is between 0.32 and 0.68, sum=1.00 >= 0.97
[Ticker] KXSOL15M-26APR090600-00
[Market] YES=1.00 | NO=0.00 | Sum=1.00
==================================================
Balance: $116.56 | Regime: CHOP | Session: 0W/0L (0%) | PnL: $+0.00
[Confidence] Score=5/10 | extreme_edge,coinbase_weak,peak_hour
[Timing] Window 14 min old — skipping
[Cycle] No signal — YES=1.00 is between 0.32 and 0.68, sum=1.00 >= 0.97
[Ticker] KXSOL15M-26APR090600-00
[Market] YES=1.00 | NO=1.00 | Sum=2.00
==================================================
Balance: $116.56 | Regime: CHOP | Session: 0W/0L (0%) | PnL: $+0.00
[Confidence] Score=5/10 | extreme_edge,coinbase_weak,peak_hour
[Timing] Window 0 min old — skipping
[Cycle] No signal — YES=1.00 is between 0.32 and 0.68, sum=2.00 >= 0.97
[Ticker] KXSOL15M-26APR090615-15
[Market] YES=0.51 | NO=0.52 | Sum=1.03
==================================================
Balance: $116.56 | Regime: CHOP | Session: 0W/0L (0%) | PnL: $+0.00
[Cycle] No signal — YES=0.51 is between 0.32 and 0.68, sum=1.03 >= 0.97
[Ticker] KXSOL15M-26APR090615-15
[Market] YES=0.50 | NO=0.55 | Sum=1.05
==================================================
Balance: $116.56 | Regime: CHOP | Session: 0W/0L (0%) | PnL: $+0.00
[Cycle] No signal — YES=0.50 is between 0.32 and 0.68, sum=1.05 >= 0.97
[Ticker] KXSOL15M-26APR090615-15
[Market] YES=0.48 | NO=0.53 | Sum=1.01
==================================================
Balance: $116.56 | Regime: CHOP | Session: 0W/0L (0%) | PnL: $+0.00
[Cycle] No signal — YES=0.48 is between 0.32 and 0.68, sum=1.01 >= 0.97
[Ticker] KXSOL15M-26APR090615-15
[Market] YES=0.48 | NO=0.57 | Sum=1.05
==================================================
Balance: $116.56 | Regime: CHOP | Session: 0W/0L (0%) | PnL: $+0.00
[Cycle] No signal — YES=0.48 is between 0.32 and 0.68, sum=1.05 >= 0.97
[Ticker] KXSOL15M-26APR090615-15
[Market] YES=0.58 | NO=0.47 | Sum=1.05
==================================================
Balance: $116.56 | Regime: CHOP | Session: 0W/0L (0%) | PnL: $+0.00
[Cycle] No signal — YES=0.58 is between 0.32 and 0.68, sum=1.05 >= 0.97
[Ticker] KXSOL15M-26APR090615-15
[Market] YES=0.42 | NO=0.63 | Sum=1.05
==================================================
Balance: $116.56 | Regime: CHOP | Session: 0W/0L (0%) | PnL: $+0.00
[Cycle] No signal — YES=0.42 is between 0.32 and 0.68, sum=1.05 >= 0.97
[Ticker] KXSOL15M-26APR090615-15
[Market] YES=0.30 | NO=0.74 | Sum=1.04
==================================================
Balance: $116.56 | Regime: CHOP | Session: 0W/0L (0%) | PnL: $+0.00
[Confidence] Score=5/10 | moderate_edge,coinbase_weak,all3_agree,peak_hour
[Timing] Window 7 min old — skipping
[Cycle] No signal — YES=0.30 is between 0.32 and 0.68, sum=1.04 >= 0.97
[Ticker] KXSOL15M-26APR090615-15
[Market] YES=0.26 | NO=0.78 | Sum=1.04
==================================================
Balance: $116.56 | Regime: CHOP | Session: 0W/0L (0%) | PnL: $+0.00
[Confidence] Score=4/10 | moderate_edge,coinbase_weak,2of3_agree,peak_hour
[Timing] Window 8 min old — skipping
[Cycle] No signal — YES=0.26 is between 0.32 and 0.68, sum=1.04 >= 0.97
[Ticker] KXSOL15M-26APR090615-15
[Market] YES=0.20 | NO=0.83 | Sum=1.03
==================================================
Balance: $116.56 | Regime: CHOP | Session: 0W/0L (0%) | PnL: $+0.00
[Confidence] Score=5/10 | strong_edge,coinbase_weak,2of3_agree,peak_hour
[Timing] Window 9 min old — skipping
[Cycle] No signal — YES=0.20 is between 0.32 and 0.68, sum=1.03 >= 0.97
[Ticker] KXSOL15M-26APR090615-15
[Market] YES=0.10 | NO=0.93 | Sum=1.03
==================================================
Balance: $116.56 | Regime: CHOP | Session: 0W/0L (0%) | PnL: $+0.00
[Confidence] Score=6/10 | strong_edge,coinbase_weak,all3_agree,peak_hour
[Timing] Window 10 min old — skipping
[Cycle] No signal — YES=0.10 is between 0.32 and 0.68, sum=1.03 >= 0.97
[Ticker] KXSOL15M-26APR090615-15
[Market] YES=0.05 | NO=0.97 | Sum=1.02
==================================================
Balance: $116.56 | Regime: CHOP | Session: 0W/0L (0%) | PnL: $+0.00
[Confidence] Score=7/10 | extreme_edge,coinbase_weak,all3_agree,peak_hour
[Timing] Window 11 min old — skipping
[Cycle] No signal — YES=0.05 is between 0.32 and 0.68, sum=1.02 >= 0.97
[Ticker] KXSOL15M-26APR090615-15
[Market] YES=0.01 | NO=1.00 | Sum=1.01
==================================================
Balance: $116.56 | Regime: CHOP | Session: 0W/0L (0%) | PnL: $+0.00
[Confidence] Score=7/10 | extreme_edge,coinbase_weak,all3_agree,peak_hour
[Timing] Window 12 min old — skipping
[Cycle] No signal — YES=0.01 is between 0.32 and 0.68, sum=1.01 >= 0.97
[Ticker] KXSOL15M-26APR090615-15
[Market] YES=0.02 | NO=1.00 | Sum=1.02
==================================================
Balance: $116.56 | Regime: CHOP | Session: 0W/0L (0%) | PnL: $+0.00
[Confidence] Score=7/10 | extreme_edge,coinbase_weak,all3_agree,peak_hour
[Timing] Window 13 min old — skipping
[Cycle] No signal — YES=0.02 is between 0.32 and 0.68, sum=1.02 >= 0.97
[Ticker] KXSOL15M-26APR090615-15
[Market] YES=0.01 | NO=1.00 | Sum=1.00
==================================================
Balance: $116.56 | Regime: CHOP | Session: 0W/0L (0%) | PnL: $+0.00
[Confidence] Score=7/10 | extreme_edge,coinbase_weak,all3_agree,peak_hour
[Timing] Window 14 min old — skipping
[Cycle] No signal — YES=0.01 is between 0.32 and 0.68, sum=1.00 >= 0.97
[Ticker] KXSOL15M-26APR090615-15
[Market] YES=1.00 | NO=1.00 | Sum=2.00
==================================================
Balance: $116.56 | Regime: CHOP | Session: 0W/0L (0%) | PnL: $+0.00
[Confidence] Score=4/10 | extreme_edge,peak_hour
[Timing] Window 0 min old — skipping
[Cycle] No signal — YES=1.00 is between 0.32 and 0.68, sum=2.00 >= 0.97
[Ticker] KXSOL15M-26APR090630-30
[Market] YES=0.51 | NO=0.53 | Sum=1.04
==================================================
Balance: $116.56 | Regime: CHOP | Session: 0W/0L (0%) | PnL: $+0.00
[Cycle] No signal — YES=0.51 is between 0.32 and 0.68, sum=1.04 >= 0.97
[Ticker] KXSOL15M-26APR090630-30
[Market] YES=0.58 | NO=0.47 | Sum=1.05
==================================================
Balance: $116.56 | Regime: CHOP | Session: 0W/0L (0%) | PnL: $+0.00
[Cycle] No signal — YES=0.58 is between 0.32 and 0.68, sum=1.05 >= 0.97
[Ticker] KXSOL15M-26APR090630-30
[Market] YES=0.65 | NO=0.40 | Sum=1.05
==================================================
Balance: $116.56 | Regime: CHOP | Session: 0W/0L (0%) | PnL: $+0.00
[Cycle] No signal — YES=0.65 is between 0.32 and 0.68, sum=1.05 >= 0.97
[Ticker] KXSOL15M-26APR090630-30
[Market] YES=0.61 | NO=0.42 | Sum=1.03
==================================================
Balance: $116.56 | Regime: CHOP | Session: 0W/0L (0%) | PnL: $+0.00
[Cycle] No signal — YES=0.61 is between 0.32 and 0.68, sum=1.03 >= 0.97
[Ticker] KXSOL15M-26APR090630-30
[Market] YES=0.67 | NO=0.37 | Sum=1.04
==================================================
Balance: $116.56 | Regime: CHOP | Session: 0W/0L (0%) | PnL: $+0.00
[Cycle] No signal — YES=0.67 is between 0.32 and 0.68, sum=1.04 >= 0.97
[Ticker] KXSOL15M-26APR090630-30
[Market] YES=0.76 | NO=0.28 | Sum=1.04
==================================================
Balance: $116.56 | Regime: CHOP | Session: 0W/0L (0%) | PnL: $+0.00
[Confidence] Score=3/10 | moderate_edge,coinbase_weak,peak_hour
[Timing] Window 6 min old — skipping
[Cycle] No signal — YES=0.76 is between 0.32 and 0.68, sum=1.04 >= 0.97
[Ticker] KXSOL15M-26APR090630-30
[Market] YES=0.86 | NO=0.16 | Sum=1.02
==================================================
Balance: $116.56 | Regime: CHOP | Session: 0W/0L (0%) | PnL: $+0.00
[Confidence] Score=4/10 | strong_edge,coinbase_weak,peak_hour
[Timing] Window 7 min old — skipping
[Cycle] No signal — YES=0.86 is between 0.32 and 0.68, sum=1.02 >= 0.97
[Ticker] KXSOL15M-26APR090630-30
[Market] YES=0.89 | NO=0.13 | Sum=1.02
==================================================
Balance: $116.56 | Regime: CHOP | Session: 0W/0L (0%) | PnL: $+0.00
[Confidence] Score=4/10 | strong_edge,coinbase_weak,peak_hour
[Timing] Window 8 min old — skipping
[Cycle] No signal — YES=0.89 is between 0.32 and 0.68, sum=1.02 >= 0.97
[Ticker] KXSOL15M-26APR090630-30
[Market] YES=0.92 | NO=0.09 | Sum=1.01
==================================================
Balance: $116.56 | Regime: CHOP | Session: 0W/0L (0%) | PnL: $+0.00
[Confidence] Score=4/10 | strong_edge,coinbase_weak,peak_hour
[Timing] Window 9 min old — skipping
[Cycle] No signal — YES=0.92 is between 0.32 and 0.68, sum=1.01 >= 0.97
[Ticker] KXSOL15M-26APR090630-30
[Market] YES=0.95 | NO=0.07 | Sum=1.02
==================================================
Balance: $116.56 | Regime: CHOP | Session: 0W/0L (0%) | PnL: $+0.00
[Confidence] Score=4/10 | strong_edge,coinbase_weak,peak_hour
[Timing] Window 10 min old — skipping
[Cycle] No signal — YES=0.95 is between 0.32 and 0.68, sum=1.02 >= 0.97
[Ticker] KXSOL15M-26APR090630-30
[Market] YES=0.98 | NO=0.03 | Sum=1.01
==================================================
Balance: $116.56 | Regime: CHOP | Session: 0W/0L (0%) | PnL: $+0.00
[Confidence] Score=5/10 | extreme_edge,coinbase_weak,peak_hour
[Timing] Window 11 min old — skipping
[Cycle] No signal — YES=0.98 is between 0.32 and 0.68, sum=1.01 >= 0.97
[Ticker] KXSOL15M-26APR090630-30
[Market] YES=0.99 | NO=0.01 | Sum=1.00
==================================================
Balance: $116.56 | Regime: CHOP | Session: 0W/0L (0%) | PnL: $+0.00
[Confidence] Score=5/10 | extreme_edge,coinbase_weak,peak_hour
[Timing] Window 12 min old — skipping
[Cycle] No signal — YES=0.99 is between 0.32 and 0.68, sum=1.00 >= 0.97
[Ticker] KXSOL15M-26APR090630-30
[Market] YES=1.00 | NO=0.01 | Sum=1.01
==================================================
Balance: $116.56 | Regime: CHOP | Session: 0W/0L (0%) | PnL: $+0.00
[Confidence] Score=5/10 | extreme_edge,coinbase_weak,peak_hour
[Timing] Window 13 min old — skipping
[Cycle] No signal — YES=1.00 is between 0.32 and 0.68, sum=1.01 >= 0.97
[Ticker] KXSOL15M-26APR090630-30
[Market] YES=1.00 | NO=0.01 | Sum=1.01
==================================================
Balance: $116.56 | Regime: CHOP | Session: 0W/0L (0%) | PnL: $+0.00
[Confidence] Score=5/10 | extreme_edge,coinbase_weak,peak_hour
[Timing] Window 14 min old — skipping
[Cycle] No signal — YES=1.00 is between 0.32 and 0.68, sum=1.01 >= 0.97
[Ticker] KXSOL15M-26APR090630-30
[Market] YES=1.00 | NO=0.00 | Sum=1.00
==================================================
Balance: $116.56 | Regime: CHOP | Session: 0W/0L (0%) | PnL: $+0.00
[Confidence] Score=5/10 | extreme_edge,coinbase_weak,peak_hour
[Timing] Window 0 min old — skipping
[Cycle] No signal — YES=1.00 is between 0.32 and 0.68, sum=1.00 >= 0.97
[Ticker] KXSOL15M-26APR090645-45
[Market] YES=0.44 | NO=0.61 | Sum=1.05
==================================================
Balance: $116.56 | Regime: CHOP | Session: 0W/0L (0%) | PnL: $+0.00
[Cycle] No signal — YES=0.44 is between 0.32 and 0.68, sum=1.05 >= 0.97
[Ticker] KXSOL15M-26APR090645-45
[Market] YES=0.35 | NO=0.69 | Sum=1.04
==================================================
Balance: $116.56 | Regime: CHOP | Session: 0W/0L (0%) | PnL: $+0.00
[Cycle] No signal — YES=0.35 is between 0.32 and 0.68, sum=1.04 >= 0.97
[Ticker] KXSOL15M-26APR090645-45
[Market] YES=0.43 | NO=0.58 | Sum=1.01
==================================================
Balance: $116.56 | Regime: CHOP | Session: 0W/0L (0%) | PnL: $+0.00
[Cycle] No signal — YES=0.43 is between 0.32 and 0.68, sum=1.01 >= 0.97
[Ticker] KXSOL15M-26APR090645-45
[Market] YES=0.57 | NO=0.44 | Sum=1.01
==================================================
Balance: $116.56 | Regime: CHOP | Session: 0W/0L (0%) | PnL: $+0.00
[Cycle] No signal — YES=0.57 is between 0.32 and 0.68, sum=1.01 >= 0.97
[Ticker] KXSOL15M-26APR090645-45
[Market] YES=0.53 | NO=0.52 | Sum=1.05
==================================================
Balance: $116.56 | Regime: CHOP | Session: 0W/0L (0%) | PnL: $+0.00
[Cycle] No signal — YES=0.53 is between 0.32 and 0.68, sum=1.05 >= 0.97
[Ticker] KXSOL15M-26APR090645-45
[Market] YES=0.53 | NO=0.52 | Sum=1.05
==================================================
Balance: $116.56 | Regime: CHOP | Session: 0W/0L (0%) | PnL: $+0.00
[Cycle] No signal — YES=0.53 is between 0.32 and 0.68, sum=1.05 >= 0.97
[Ticker] KXSOL15M-26APR090645-45
[Market] YES=0.63 | NO=0.42 | Sum=1.05
==================================================
Balance: $116.56 | Regime: CHOP | Session: 0W/0L (0%) | PnL: $+0.00
[Cycle] No signal — YES=0.63 is between 0.32 and 0.68, sum=1.05 >= 0.97
[Ticker] KXSOL15M-26APR090645-45
[Market] YES=0.73 | NO=0.31 | Sum=1.04
==================================================
Balance: $116.56 | Regime: CHOP | Session: 0W/0L (0%) | PnL: $+0.00
[Confidence] Score=3/10 | moderate_edge,coinbase_weak,peak_hour
[Timing] Window 8 min old — skipping
[Cycle] No signal — YES=0.73 is between 0.32 and 0.68, sum=1.04 >= 0.97
[Ticker] KXSOL15M-26APR090645-45
[Market] YES=0.58 | NO=0.47 | Sum=1.05
==================================================
Balance: $116.56 | Regime: CHOP | Session: 0W/0L (0%) | PnL: $+0.00
[Cycle] No signal — YES=0.58 is between 0.32 and 0.68, sum=1.05 >= 0.97
[Ticker] KXSOL15M-26APR090645-45
[Market] YES=0.75 | NO=0.26 | Sum=1.01
==================================================
Balance: $116.56 | Regime: CHOP | Session: 0W/0L (0%) | PnL: $+0.00
[Confidence] Score=3/10 | moderate_edge,coinbase_weak,peak_hour
[Timing] Window 10 min old — skipping
[Cycle] No signal — YES=0.75 is between 0.32 and 0.68, sum=1.01 >= 0.97
[Ticker] KXSOL15M-26APR090645-45
[Market] YES=0.82 | NO=0.20 | Sum=1.02
==================================================
Balance: $116.56 | Regime: CHOP | Session: 0W/0L (0%) | PnL: $+0.00
[Confidence] Score=4/10 | strong_edge,coinbase_weak,peak_hour
[Timing] Window 11 min old — skipping
[Cycle] No signal — YES=0.82 is between 0.32 and 0.68, sum=1.02 >= 0.97
[Ticker] KXSOL15M-26APR090645-45
[Market] YES=0.78 | NO=0.27 | Sum=1.05
==================================================
Balance: $116.56 | Regime: CHOP | Session: 0W/0L (0%) | PnL: $+0.00
[Confidence] Score=3/10 | moderate_edge,coinbase_weak,peak_hour
[Timing] Window 12 min old — skipping
[Cycle] No signal — YES=0.78 is between 0.32 and 0.68, sum=1.05 >= 0.97
[Ticker] KXSOL15M-26APR090645-45
[Market] YES=0.84 | NO=0.20 | Sum=1.04
==================================================
Balance: $116.56 | Regime: CHOP | Session: 0W/0L (0%) | PnL: $+0.00
[Confidence] Score=4/10 | strong_edge,coinbase_weak,peak_hour
[Timing] Window 13 min old — skipping
[Cycle] No signal — YES=0.84 is between 0.32 and 0.68, sum=1.04 >= 0.97
[Ticker] KXSOL15M-26APR090645-45
[Market] YES=0.98 | NO=0.03 | Sum=1.01
==================================================
Balance: $116.56 | Regime: CHOP | Session: 0W/0L (0%) | PnL: $+0.00
[Confidence] Score=5/10 | extreme_edge,coinbase_weak,peak_hour
[Timing] Window 14 min old — skipping
[Cycle] No signal — YES=0.98 is between 0.32 and 0.68, sum=1.01 >= 0.97
[Ticker] KXSOL15M-26APR090645-45
[Market] YES=1.00 | NO=1.00 | Sum=2.00
==================================================
Balance: $116.56 | Regime: CHOP | Session: 0W/0L (0%) | PnL: $+0.00
[Confidence] Score=5/10 | extreme_edge,coinbase_weak,peak_hour
[Timing] Window 0 min old — skipping
[Cycle] No signal — YES=1.00 is between 0.32 and 0.68, sum=2.00 >= 0.97
[Ticker] KXSOL15M-26APR090700-00
[Market] YES=0.61 | NO=0.42 | Sum=1.03
==================================================
Balance: $116.56 | Regime: CHOP | Session: 0W/0L (0%) | PnL: $+0.00
[Cycle] No signal — YES=0.61 is between 0.32 and 0.68, sum=1.03 >= 0.97
[Ticker] KXSOL15M-26APR090700-00
[Market] YES=0.64 | NO=0.40 | Sum=1.04
==================================================
Balance: $116.56 | Regime: CHOP | Session: 0W/0L (0%) | PnL: $+0.00
[Cycle] No signal — YES=0.64 is between 0.32 and 0.68, sum=1.04 >= 0.97
[Ticker] KXSOL15M-26APR090700-00
[Market] YES=0.69 | NO=0.35 | Sum=1.04
==================================================
Balance: $116.56 | Regime: CHOP | Session: 0W/0L (0%) | PnL: $+0.00
[Signal] Edge 0.19 below minimum 0.2 — skipping
[Cycle] No signal — YES=0.69 is between 0.32 and 0.68, sum=1.04 >= 0.97
[Ticker] KXSOL15M-26APR090700-00
[Market] YES=0.68 | NO=0.35 | Sum=1.03
==================================================
Balance: $116.56 | Regime: CHOP | Session: 0W/0L (0%) | PnL: $+0.00
[Cycle] No signal — YES=0.68 is between 0.32 and 0.68, sum=1.03 >= 0.97
[Ticker] KXSOL15M-26APR090700-00
[Market] YES=0.73 | NO=0.28 | Sum=1.01
==================================================
Balance: $116.56 | Regime: CHOP | Session: 0W/0L (0%) | PnL: $+0.00
[Confidence] Score=3/10 | moderate_edge,coinbase_weak,peak_hour
[Timing] Window 5 min old — skipping
[Cycle] No signal — YES=0.73 is between 0.32 and 0.68, sum=1.01 >= 0.97
[Ticker] KXSOL15M-26APR090700-00
[Market] YES=0.57 | NO=0.45 | Sum=1.02
==================================================
Balance: $116.56 | Regime: CHOP | Session: 0W/0L (0%) | PnL: $+0.00
[Cycle] No signal — YES=0.57 is between 0.32 and 0.68, sum=1.02 >= 0.97
[Ticker] KXSOL15M-26APR090700-00
[Market] YES=0.38 | NO=0.66 | Sum=1.04
==================================================
Balance: $116.56 | Regime: CHOP | Session: 0W/0L (0%) | PnL: $+0.00
[Cycle] No signal — YES=0.38 is between 0.32 and 0.68, sum=1.04 >= 0.97
[Ticker] KXSOL15M-26APR090700-00
[Market] YES=0.48 | NO=0.57 | Sum=1.05
==================================================
Balance: $116.56 | Regime: CHOP | Session: 0W/0L (0%) | PnL: $+0.00
[Cycle] No signal — YES=0.48 is between 0.32 and 0.68, sum=1.05 >= 0.97
[Ticker] KXSOL15M-26APR090700-00
[Market] YES=0.54 | NO=0.49 | Sum=1.03
==================================================
Balance: $116.56 | Regime: CHOP | Session: 0W/0L (0%) | PnL: $+0.00
[Cycle] No signal — YES=0.54 is between 0.32 and 0.68, sum=1.03 >= 0.97
[Ticker] KXSOL15M-26APR090700-00
[Market] YES=0.47 | NO=0.55 | Sum=1.02
==================================================
Balance: $116.56 | Regime: CHOP | Session: 0W/0L (0%) | PnL: $+0.00
[Cycle] No signal — YES=0.47 is between 0.32 and 0.68, sum=1.02 >= 0.97
[Ticker] KXSOL15M-26APR090700-00
[Market] YES=0.72 | NO=0.29 | Sum=1.01
==================================================
Balance: $116.56 | Regime: CHOP | Session: 0W/0L (0%) | PnL: $+0.00
[Confidence] Score=3/10 | moderate_edge,coinbase_weak,peak_hour
[Timing] Window 11 min old — skipping
[Cycle] No signal — YES=0.72 is between 0.32 and 0.68, sum=1.01 >= 0.97
[Ticker] KXSOL15M-26APR090700-00
[Market] YES=0.72 | NO=0.31 | Sum=1.03
==================================================
Balance: $116.56 | Regime: CHOP | Session: 0W/0L (0%) | PnL: $+0.00
[Confidence] Score=3/10 | moderate_edge,coinbase_weak,peak_hour
[Timing] Window 12 min old — skipping
[Cycle] No signal — YES=0.72 is between 0.32 and 0.68, sum=1.03 >= 0.97
[Ticker] KXSOL15M-26APR090700-00
[Market] YES=0.47 | NO=0.58 | Sum=1.05
==================================================
Balance: $116.56 | Regime: CHOP | Session: 0W/0L (0%) | PnL: $+0.00
[Cycle] No signal — YES=0.47 is between 0.32 and 0.68, sum=1.05 >= 0.97
[Ticker] KXSOL15M-26APR090700-00
[Market] YES=0.99 | NO=0.08 | Sum=1.07
==================================================
Balance: $116.56 | Regime: CHOP | Session: 0W/0L (0%) | PnL: $+0.00
[Confidence] Score=5/10 | extreme_edge,coinbase_weak,peak_hour
[Timing] Window 14 min old — skipping
[Cycle] No signal — YES=0.99 is between 0.32 and 0.68, sum=1.07 >= 0.97
[Ticker] KXSOL15M-26APR090700-00
[Market] YES=1.00 | NO=1.00 | Sum=2.00
==================================================
Balance: $116.56 | Regime: CHOP | Session: 0W/0L (0%) | PnL: $+0.00
[Confidence] Score=4/10 | extreme_edge,peak_hour
[Timing] Window 0 min old — skipping
[Cycle] No signal — YES=1.00 is between 0.32 and 0.68, sum=2.00 >= 0.97
[Ticker] KXSOL15M-26APR090715-15
[Market] YES=0.51 | NO=0.52 | Sum=1.03
==================================================
Balance: $116.56 | Regime: CHOP | Session: 0W/0L (0%) | PnL: $+0.00
[Cycle] No signal — YES=0.51 is between 0.32 and 0.68, sum=1.03 >= 0.97
[Ticker] KXSOL15M-26APR090715-15
[Market] YES=0.58 | NO=0.43 | Sum=1.01
==================================================
Balance: $116.56 | Regime: CHOP | Session: 0W/0L (0%) | PnL: $+0.00
[Cycle] No signal — YES=0.58 is between 0.32 and 0.68, sum=1.01 >= 0.97
[Ticker] KXSOL15M-26APR090715-15
[Market] YES=0.30 | NO=0.72 | Sum=1.02
==================================================
Balance: $116.56 | Regime: CHOP | Session: 0W/0L (0%) | PnL: $+0.00
[Confidence] Score=4/10 | moderate_edge,coinbase_weak,2of3_agree,peak_hour
[Signal] DOWN candidate | yes=0.30 | waiting (1/2)
[Cycle] No signal — YES=0.30 is between 0.32 and 0.68, sum=1.02 >= 0.97
[Ticker] KXSOL15M-26APR090715-15
[Market] YES=0.28 | NO=0.76 | Sum=1.04
==================================================
Balance: $116.56 | Regime: CHOP | Session: 0W/0L (0%) | PnL: $+0.00
[Confidence] Score=5/10 | moderate_edge,coinbase_weak,all3_agree,peak_hour
[Coinbase] Confirms DOWN | $82 gap=-0 (0.18%)
[Kraken] Divergence 86378.08% — bet trimmed
[Correlation] 2/3 agree DOWN
[Signal] CONFIRMED DOWN | yes=0.28 | edge=0.22 | bet=$2.31
[Safety] Balance $116.56 below floor $120.00
🛑 OpenClaw SOL Bot v4.0 halted: Balance $116.56 below floor $120.00

==================================================
OpenClaw SOL Bot v4.0 — LIVE
[Startup] Live balance synced: $116.56
Balance: $116.56 | MaxBet: $11.66 | Threshold: <0.32 or >0.68
==================================================

[Startup] Resting orders cleared
[Ticker] KXSOL15M-26APR090715-15
[Market] YES=0.28 | NO=0.76 | Sum=1.04
==================================================
Balance: $116.56 | Regime: CHOP | Session: 0W/0L (0%) | PnL: $+0.00
[Confidence] Score=5/10 | moderate_edge,coinbase_weak,all3_agree,peak_hour
[Signal] DOWN candidate | yes=0.28 | waiting (1/2)
[Cycle] No signal — YES=0.28 is between 0.32 and 0.68, sum=1.04 >= 0.97
[Ticker] KXSOL15M-26APR090715-15
[Market] YES=0.28 | NO=0.75 | Sum=1.03
==================================================
Balance: $116.56 | Regime: CHOP | Session: 0W/0L (0%) | PnL: $+0.00
[Confidence] Score=4/10 | moderate_edge,coinbase_weak,2of3_agree,peak_hour
[Timing] Window 5 min old — skipping
[Cycle] No signal — YES=0.28 is between 0.32 and 0.68, sum=1.03 >= 0.97
[Ticker] KXSOL15M-26APR090715-15
[Market] YES=0.22 | NO=0.80 | Sum=1.02
==================================================
Balance: $116.56 | Regime: CHOP | Session: 0W/0L (0%) | PnL: $+0.00
[Confidence] Score=5/10 | moderate_edge,coinbase_weak,all3_agree,peak_hour
[Timing] Window 6 min old — skipping
[Cycle] No signal — YES=0.22 is between 0.32 and 0.68, sum=1.02 >= 0.97
[Ticker] KXSOL15M-26APR090715-15
[Market] YES=0.31 | NO=0.74 | Sum=1.05
==================================================
Balance: $116.56 | Regime: CHOP | Session: 0W/0L (0%) | PnL: $+0.00
[Signal] Edge 0.19 below minimum 0.2 — skipping
[Cycle] No signal — YES=0.31 is between 0.32 and 0.68, sum=1.05 >= 0.97
[Ticker] KXSOL15M-26APR090715-15
[Market] YES=0.23 | NO=0.81 | Sum=1.04
==================================================
Balance: $116.56 | Regime: CHOP | Session: 0W/0L (0%) | PnL: $+0.00
[Confidence] Score=5/10 | moderate_edge,coinbase_weak,all3_agree,peak_hour
[Timing] Window 8 min old — skipping
[Cycle] No signal — YES=0.23 is between 0.32 and 0.68, sum=1.04 >= 0.97
[Ticker] KXSOL15M-26APR090715-15
[Market] YES=0.16 | NO=0.88 | Sum=1.04
==================================================
Balance: $116.56 | Regime: CHOP | Session: 0W/0L (0%) | PnL: $+0.00
[Confidence] Score=6/10 | strong_edge,coinbase_weak,all3_agree,peak_hour
[Timing] Window 9 min old — skipping
[Cycle] No signal — YES=0.16 is between 0.32 and 0.68, sum=1.04 >= 0.97
[Ticker] KXSOL15M-26APR090715-15
[Market] YES=0.03 | NO=0.98 | Sum=1.01
==================================================
Balance: $116.56 | Regime: CHOP | Session: 0W/0L (0%) | PnL: $+0.00
[Confidence] Score=7/10 | extreme_edge,coinbase_weak,all3_agree,peak_hour
[Timing] Window 10 min old — skipping
[Cycle] No signal — YES=0.03 is between 0.32 and 0.68, sum=1.01 >= 0.97
[Ticker] KXSOL15M-26APR090715-15
[Market] YES=0.02 | NO=0.99 | Sum=1.01
==================================================
Balance: $116.56 | Regime: CHOP | Session: 0W/0L (0%) | PnL: $+0.00
[Confidence] Score=7/10 | extreme_edge,coinbase_weak,all3_agree,peak_hour
[Timing] Window 11 min old — skipping
[Cycle] No signal — YES=0.02 is between 0.32 and 0.68, sum=1.01 >= 0.97
[Ticker] KXSOL15M-26APR090715-15
[Market] YES=0.02 | NO=0.99 | Sum=1.01
==================================================
Balance: $116.56 | Regime: CHOP | Session: 0W/0L (0%) | PnL: $+0.00
[Confidence] Score=7/10 | extreme_edge,coinbase_weak,all3_agree,peak_hour
[Timing] Window 12 min old — skipping
[Cycle] No signal — YES=0.02 is between 0.32 and 0.68, sum=1.01 >= 0.97
[Ticker] KXSOL15M-26APR090715-15
[Market] YES=0.01 | NO=1.00 | Sum=1.01
==================================================
Balance: $116.56 | Regime: CHOP | Session: 0W/0L (0%) | PnL: $+0.00
[Confidence] Score=7/10 | extreme_edge,coinbase_weak,all3_agree,peak_hour
[Timing] Window 13 min old — skipping
[Cycle] No signal — YES=0.01 is between 0.32 and 0.68, sum=1.01 >= 0.97
[Ticker] KXSOL15M-26APR090715-15
[Market] YES=0.00 | NO=1.00 | Sum=1.00
==================================================
Balance: $116.56 | Regime: CHOP | Session: 0W/0L (0%) | PnL: $+0.00
[Confidence] Score=6/10 | extreme_edge,coinbase_weak,2of3_agree,peak_hour
[Timing] Window 14 min old — skipping
[Cycle] No signal — YES=0.00 is between 0.32 and 0.68, sum=1.00 >= 0.97
[Ticker] KXSOL15M-26APR090715-15
[Market] YES=1.00 | NO=1.00 | Sum=2.00
==================================================
Balance: $116.56 | Regime: CHOP | Session: 0W/0L (0%) | PnL: $+0.00
[Confidence] Score=4/10 | extreme_edge,peak_hour
[Timing] Window 0 min old — skipping
[Cycle] No signal — YES=1.00 is between 0.32 and 0.68, sum=2.00 >= 0.97
[Ticker] KXSOL15M-26APR090730-30
[Market] YES=0.48 | NO=0.54 | Sum=1.02
==================================================
Balance: $116.56 | Regime: CHOP | Session: 0W/0L (0%) | PnL: $+0.00
[Cycle] No signal — YES=0.48 is between 0.32 and 0.68, sum=1.02 >= 0.97
[Ticker] KXSOL15M-26APR090730-30
[Market] YES=0.33 | NO=0.71 | Sum=1.04
==================================================
Balance: $116.56 | Regime: CHOP | Session: 0W/0L (0%) | PnL: $+0.00
[Cycle] No signal — YES=0.33 is between 0.32 and 0.68, sum=1.04 >= 0.97
[Ticker] KXSOL15M-26APR090730-30
[Market] YES=0.19 | NO=0.83 | Sum=1.02
==================================================
Balance: $116.56 | Regime: CHOP | Session: 0W/0L (0%) | PnL: $+0.00
[Confidence] Score=5/10 | strong_edge,coinbase_weak,2of3_agree,peak_hour
[Signal] DOWN candidate | yes=0.19 | waiting (1/2)
[Cycle] No signal — YES=0.19 is between 0.32 and 0.68, sum=1.02 >= 0.97
[Ticker] KXSOL15M-26APR090730-30
[Market] YES=0.26 | NO=0.79 | Sum=1.05
==================================================
Balance: $116.56 | Regime: CHOP | Session: 0W/0L (0%) | PnL: $+0.00
[Confidence] Score=5/10 | moderate_edge,coinbase_weak,all3_agree,peak_hour
[Coinbase] Confirms DOWN | $82 gap=-0 (0.11%)
[Kraken] Divergence 86447.75% — bet trimmed
[Correlation] 2/3 agree DOWN
[Signal] CONFIRMED DOWN | yes=0.26 | edge=0.24 | bet=$2.52
[Safety] Balance $116.56 below floor $120.00
🛑 OpenClaw SOL Bot v4.0 halted: Balance $116.56 below floor $120.00

==================================================
OpenClaw SOL Bot v4.0 — LIVE
[Startup] Live balance synced: $116.56
Balance: $116.56 | MaxBet: $11.66 | Threshold: <0.32 or >0.68
==================================================

[Startup] Resting orders cleared
[Ticker] KXSOL15M-26APR090730-30
[Market] YES=0.26 | NO=0.79 | Sum=1.05
==================================================
Balance: $116.56 | Regime: CHOP | Session: 0W/0L (0%) | PnL: $+0.00
[Confidence] Score=5/10 | moderate_edge,coinbase_weak,all3_agree,peak_hour
[Signal] DOWN candidate | yes=0.26 | waiting (1/2)
[Cycle] No signal — YES=0.26 is between 0.32 and 0.68, sum=1.05 >= 0.97
[Ticker] KXSOL15M-26APR090730-30
[Market] YES=0.36 | NO=0.69 | Sum=1.05
==================================================
Balance: $116.56 | Regime: CHOP | Session: 0W/0L (0%) | PnL: $+0.00
[Cycle] No signal — YES=0.36 is between 0.32 and 0.68, sum=1.05 >= 0.97
[Ticker] KXSOL15M-26APR090730-30
[Market] YES=0.22 | NO=0.79 | Sum=1.01
==================================================
Balance: $116.56 | Regime: CHOP | Session: 0W/0L (0%) | PnL: $+0.00
[Confidence] Score=5/10 | moderate_edge,coinbase_weak,all3_agree,peak_hour
[Timing] Window 6 min old — skipping
[Cycle] No signal — YES=0.22 is between 0.32 and 0.68, sum=1.01 >= 0.97
[Ticker] KXSOL15M-26APR090730-30
[Market] YES=0.21 | NO=0.83 | Sum=1.04
==================================================
Balance: $116.56 | Regime: CHOP | Session: 0W/0L (0%) | PnL: $+0.00
[Confidence] Score=5/10 | moderate_edge,coinbase_weak,all3_agree,peak_hour
[Timing] Window 7 min old — skipping
[Cycle] No signal — YES=0.21 is between 0.32 and 0.68, sum=1.04 >= 0.97
[Ticker] KXSOL15M-26APR090730-30
[Market] YES=0.25 | NO=0.80 | Sum=1.05
==================================================
Balance: $116.56 | Regime: CHOP | Session: 0W/0L (0%) | PnL: $+0.00
[Confidence] Score=5/10 | moderate_edge,coinbase_weak,all3_agree,peak_hour
[Timing] Window 8 min old — skipping
[Cycle] No signal — YES=0.25 is between 0.32 and 0.68, sum=1.05 >= 0.97
[Ticker] KXSOL15M-26APR090730-30
[Market] YES=0.09 | NO=0.94 | Sum=1.03
==================================================
Balance: $116.56 | Regime: CHOP | Session: 0W/0L (0%) | PnL: $+0.00
[Confidence] Score=6/10 | strong_edge,coinbase_weak,all3_agree,peak_hour
[Timing] Window 9 min old — skipping
[Cycle] No signal — YES=0.09 is between 0.32 and 0.68, sum=1.03 >= 0.97
[Ticker] KXSOL15M-26APR090730-30
[Market] YES=0.04 | NO=0.98 | Sum=1.02
==================================================
Balance: $116.56 | Regime: CHOP | Session: 0W/0L (0%) | PnL: $+0.00
[Confidence] Score=7/10 | extreme_edge,coinbase_weak,all3_agree,peak_hour
[Timing] Window 10 min old — skipping
[Cycle] No signal — YES=0.04 is between 0.32 and 0.68, sum=1.02 >= 0.97
[Ticker] KXSOL15M-26APR090730-30
[Market] YES=0.02 | NO=0.99 | Sum=1.01
==================================================
Balance: $116.56 | Regime: CHOP | Session: 0W/0L (0%) | PnL: $+0.00
[Confidence] Score=7/10 | extreme_edge,coinbase_weak,all3_agree,peak_hour
[Timing] Window 11 min old — skipping
[Cycle] No signal — YES=0.02 is between 0.32 and 0.68, sum=1.01 >= 0.97
[Ticker] KXSOL15M-26APR090730-30
[Market] YES=0.03 | NO=1.00 | Sum=1.03
==================================================
Balance: $116.56 | Regime: CHOP | Session: 0W/0L (0%) | PnL: $+0.00
[Confidence] Score=7/10 | extreme_edge,coinbase_weak,all3_agree,peak_hour
[Timing] Window 12 min old — skipping
[Cycle] No signal — YES=0.03 is between 0.32 and 0.68, sum=1.03 >= 0.97
[Ticker] KXSOL15M-26APR090730-30
[Market] YES=0.02 | NO=1.00 | Sum=1.02
==================================================
Balance: $116.56 | Regime: CHOP | Session: 0W/0L (0%) | PnL: $+0.00
[Confidence] Score=7/10 | extreme_edge,coinbase_weak,all3_agree,peak_hour
[Timing] Window 13 min old — skipping
[Cycle] No signal — YES=0.02 is between 0.32 and 0.68, sum=1.02 >= 0.97
[Ticker] KXSOL15M-26APR090730-30
[Market] YES=0.00 | NO=1.00 | Sum=1.00
==================================================
Balance: $116.56 | Regime: CHOP | Session: 0W/0L (0%) | PnL: $+0.00
[Confidence] Score=7/10 | extreme_edge,coinbase_weak,all3_agree,peak_hour
[Timing] Window 14 min old — skipping
[Cycle] No signal — YES=0.00 is between 0.32 and 0.68, sum=1.00 >= 0.97
[Ticker] KXSOL15M-26APR090730-30
[Market] YES=1.00 | NO=1.00 | Sum=2.00
==================================================
Balance: $116.56 | Regime: CHOP | Session: 0W/0L (0%) | PnL: $+0.00
[Confidence] Score=4/10 | extreme_edge,peak_hour
[Timing] Window 0 min old — skipping
[Cycle] No signal — YES=1.00 is between 0.32 and 0.68, sum=2.00 >= 0.97
[Ticker] KXSOL15M-26APR090745-45
[Market] YES=0.55 | NO=0.48 | Sum=1.03
==================================================
Balance: $116.56 | Regime: CHOP | Session: 0W/0L (0%) | PnL: $+0.00
[Cycle] No signal — YES=0.55 is between 0.32 and 0.68, sum=1.03 >= 0.97
[Ticker] KXSOL15M-26APR090745-45
[Market] YES=0.69 | NO=0.36 | Sum=1.05
==================================================
Balance: $116.56 | Regime: CHOP | Session: 0W/0L (0%) | PnL: $+0.00
[Signal] Edge 0.19 below minimum 0.2 — skipping
[Cycle] No signal — YES=0.69 is between 0.32 and 0.68, sum=1.05 >= 0.97
[Ticker] KXSOL15M-26APR090745-45
[Market] YES=0.61 | NO=0.40 | Sum=1.01
==================================================
Balance: $116.56 | Regime: CHOP | Session: 0W/0L (0%) | PnL: $+0.00
[Cycle] No signal — YES=0.61 is between 0.32 and 0.68, sum=1.01 >= 0.97
[Ticker] KXSOL15M-26APR090745-45
[Market] YES=0.58 | NO=0.46 | Sum=1.04
==================================================
Balance: $116.56 | Regime: CHOP | Session: 0W/0L (0%) | PnL: $+0.00
[Cycle] No signal — YES=0.58 is between 0.32 and 0.68, sum=1.04 >= 0.97
[Ticker] KXSOL15M-26APR090745-45
[Market] YES=0.59 | NO=0.45 | Sum=1.04
==================================================
Balance: $116.56 | Regime: CHOP | Session: 0W/0L (0%) | PnL: $+0.00
[Cycle] No signal — YES=0.59 is between 0.32 and 0.68, sum=1.04 >= 0.97
[Ticker] KXSOL15M-26APR090745-45
[Market] YES=0.53 | NO=0.51 | Sum=1.04
==================================================
Balance: $116.56 | Regime: CHOP | Session: 0W/0L (0%) | PnL: $+0.00
[Cycle] No signal — YES=0.53 is between 0.32 and 0.68, sum=1.04 >= 0.97
[Ticker] KXSOL15M-26APR090745-45
[Market] YES=0.51 | NO=0.51 | Sum=1.02
==================================================
Balance: $116.56 | Regime: CHOP | Session: 0W/0L (0%) | PnL: $+0.00
[Cycle] No signal — YES=0.51 is between 0.32 and 0.68, sum=1.02 >= 0.97
[Ticker] KXSOL15M-26APR090745-45
[Market] YES=0.49 | NO=0.56 | Sum=1.05
==================================================
Balance: $116.56 | Regime: CHOP | Session: 0W/0L (0%) | PnL: $+0.00
[Cycle] No signal — YES=0.49 is between 0.32 and 0.68, sum=1.05 >= 0.97
[Ticker] KXSOL15M-26APR090745-45
[Market] YES=0.66 | NO=0.39 | Sum=1.05
==================================================
Balance: $116.56 | Regime: CHOP | Session: 0W/0L (0%) | PnL: $+0.00
[Cycle] No signal — YES=0.66 is between 0.32 and 0.68, sum=1.05 >= 0.97
[Ticker] KXSOL15M-26APR090745-45
[Market] YES=0.78 | NO=0.26 | Sum=1.04
==================================================
Balance: $116.56 | Regime: CHOP | Session: 0W/0L (0%) | PnL: $+0.00
[Confidence] Score=3/10 | moderate_edge,coinbase_weak,peak_hour
[Timing] Window 10 min old — skipping
[Cycle] No signal — YES=0.78 is between 0.32 and 0.68, sum=1.04 >= 0.97
[Ticker] KXSOL15M-26APR090745-45
[Market] YES=0.85 | NO=0.16 | Sum=1.01
==================================================
Balance: $116.56 | Regime: CHOP | Session: 0W/0L (0%) | PnL: $+0.00
[Confidence] Score=4/10 | strong_edge,coinbase_weak,peak_hour
[Timing] Window 11 min old — skipping
[Cycle] No signal — YES=0.85 is between 0.32 and 0.68, sum=1.01 >= 0.97
[Ticker] KXSOL15M-26APR090745-45
[Market] YES=0.84 | NO=0.19 | Sum=1.03
==================================================
Balance: $116.56 | Regime: CHOP | Session: 0W/0L (0%) | PnL: $+0.00
[Confidence] Score=4/10 | strong_edge,coinbase_weak,peak_hour
[Timing] Window 12 min old — skipping
[Cycle] No signal — YES=0.84 is between 0.32 and 0.68, sum=1.03 >= 0.97
[Ticker] KXSOL15M-26APR090745-45
[Market] YES=0.80 | NO=0.21 | Sum=1.01
==================================================
Balance: $116.56 | Regime: CHOP | Session: 0W/0L (0%) | PnL: $+0.00
[Confidence] Score=4/10 | strong_edge,coinbase_weak,peak_hour
[Timing] Window 13 min old — skipping
[Cycle] No signal — YES=0.80 is between 0.32 and 0.68, sum=1.01 >= 0.97
[Ticker] KXSOL15M-26APR090745-45
[Market] YES=0.98 | NO=0.07 | Sum=1.05
==================================================
Balance: $116.56 | Regime: CHOP | Session: 0W/0L (0%) | PnL: $+0.00
[Confidence] Score=5/10 | extreme_edge,coinbase_weak,peak_hour
[Timing] Window 14 min old — skipping
[Cycle] No signal — YES=0.98 is between 0.32 and 0.68, sum=1.05 >= 0.97
[Ticker] KXSOL15M-26APR090800-00
[Market] YES=0.55 | NO=0.55 | Sum=1.10
==================================================
Balance: $116.56 | Regime: CHOP | Session: 0W/0L (0%) | PnL: $+0.00
[Cycle] No signal — YES=0.55 is between 0.32 and 0.68, sum=1.10 >= 0.97
[Ticker] KXSOL15M-26APR090800-00
[Market] YES=0.61 | NO=0.43 | Sum=1.04
==================================================
Balance: $116.56 | Regime: CHOP | Session: 0W/0L (0%) | PnL: $+0.00
[Cycle] No signal — YES=0.61 is between 0.32 and 0.68, sum=1.04 >= 0.97
[Ticker] KXSOL15M-26APR090800-00
[Market] YES=0.59 | NO=0.46 | Sum=1.05
==================================================
Balance: $116.56 | Regime: CHOP | Session: 0W/0L (0%) | PnL: $+0.00
[Cycle] No signal — YES=0.59 is between 0.32 and 0.68, sum=1.05 >= 0.97
[Ticker] KXSOL15M-26APR090800-00
[Market] YES=0.70 | NO=0.35 | Sum=1.05
==================================================
Balance: $116.56 | Regime: CHOP | Session: 0W/0L (0%) | PnL: $+0.00
[Signal] Edge 0.20 below minimum 0.2 — skipping
[Cycle] No signal — YES=0.70 is between 0.32 and 0.68, sum=1.05 >= 0.97
[Ticker] KXSOL15M-26APR090800-00
[Market] YES=0.78 | NO=0.24 | Sum=1.02
==================================================
Balance: $116.56 | Regime: CHOP | Session: 0W/0L (0%) | PnL: $+0.00
[Confidence] Score=3/10 | moderate_edge,coinbase_weak,peak_hour
[Signal] UP candidate | yes=0.78 | waiting (1/2)
[Cycle] No signal — YES=0.78 is between 0.32 and 0.68, sum=1.02 >= 0.97
[Ticker] KXSOL15M-26APR090800-00
[Market] YES=0.79 | NO=0.25 | Sum=1.04
==================================================
Balance: $116.56 | Regime: CHOP | Session: 0W/0L (0%) | PnL: $+0.00
[Confidence] Score=3/10 | moderate_edge,coinbase_weak,peak_hour
[Timing] Window 5 min old — skipping
[Cycle] No signal — YES=0.79 is between 0.32 and 0.68, sum=1.04 >= 0.97
[Ticker] KXSOL15M-26APR090800-00
[Market] YES=0.82 | NO=0.22 | Sum=1.04
==================================================
Balance: $116.56 | Regime: CHOP | Session: 0W/0L (0%) | PnL: $+0.00
[Confidence] Score=4/10 | strong_edge,coinbase_weak,peak_hour
[Timing] Window 6 min old — skipping
[Cycle] No signal — YES=0.82 is between 0.32 and 0.68, sum=1.04 >= 0.97
[Ticker] KXSOL15M-26APR090800-00
[Market] YES=0.74 | NO=0.30 | Sum=1.04
==================================================
Balance: $116.56 | Regime: CHOP | Session: 0W/0L (0%) | PnL: $+0.00
[Confidence] Score=3/10 | moderate_edge,coinbase_weak,peak_hour
[Timing] Window 7 min old — skipping
[Cycle] No signal — YES=0.74 is between 0.32 and 0.68, sum=1.04 >= 0.97
[Ticker] KXSOL15M-26APR090800-00
[Market] YES=0.72 | NO=0.30 | Sum=1.02
==================================================
Balance: $116.56 | Regime: CHOP | Session: 0W/0L (0%) | PnL: $+0.00
[Confidence] Score=3/10 | moderate_edge,coinbase_weak,peak_hour
[Timing] Window 8 min old — skipping
[Cycle] No signal — YES=0.72 is between 0.32 and 0.68, sum=1.02 >= 0.97
[Ticker] KXSOL15M-26APR090800-00
[Market] YES=0.78 | NO=0.27 | Sum=1.05
==================================================
Balance: $116.56 | Regime: CHOP | Session: 0W/0L (0%) | PnL: $+0.00
[Confidence] Score=3/10 | moderate_edge,coinbase_weak,peak_hour
[Timing] Window 9 min old — skipping
[Cycle] No signal — YES=0.78 is between 0.32 and 0.68, sum=1.05 >= 0.97
[Ticker] KXSOL15M-26APR090800-00
[Market] YES=0.66 | NO=0.38 | Sum=1.04
==================================================
Balance: $116.56 | Regime: CHOP | Session: 0W/0L (0%) | PnL: $+0.00
[Cycle] No signal — YES=0.66 is between 0.32 and 0.68, sum=1.04 >= 0.97
[Ticker] KXSOL15M-26APR090800-00
[Market] YES=0.40 | NO=0.65 | Sum=1.05
==================================================
Balance: $116.56 | Regime: CHOP | Session: 0W/0L (0%) | PnL: $+0.00
[Cycle] No signal — YES=0.40 is between 0.32 and 0.68, sum=1.05 >= 0.97
[Ticker] KXSOL15M-26APR090800-00
[Market] YES=0.12 | NO=0.91 | Sum=1.03
==================================================
Balance: $116.56 | Regime: CHOP | Session: 0W/0L (0%) | PnL: $+0.00
[Confidence] Score=5/10 | strong_edge,coinbase_weak,2of3_agree,peak_hour
[Timing] Window 12 min old — skipping
[Cycle] No signal — YES=0.12 is between 0.32 and 0.68, sum=1.03 >= 0.97
[Ticker] KXSOL15M-26APR090800-00
[Market] YES=0.08 | NO=0.95 | Sum=1.03
==================================================
Balance: $116.56 | Regime: CHOP | Session: 0W/0L (0%) | PnL: $+0.00
[Confidence] Score=5/10 | strong_edge,coinbase_weak,2of3_agree,peak_hour
[Timing] Window 13 min old — skipping
[Cycle] No signal — YES=0.08 is between 0.32 and 0.68, sum=1.03 >= 0.97
[Ticker] KXSOL15M-26APR090800-00
[Market] YES=0.01 | NO=1.00 | Sum=1.01
==================================================
Balance: $116.56 | Regime: CHOP | Session: 0W/0L (0%) | PnL: $+0.00
[Confidence] Score=6/10 | extreme_edge,coinbase_weak,2of3_agree,peak_hour
[Timing] Window 14 min old — skipping
[Cycle] No signal — YES=0.01 is between 0.32 and 0.68, sum=1.01 >= 0.97
[Ticker] KXSOL15M-26APR090800-00
[Market] YES=1.00 | NO=1.00 | Sum=2.00
==================================================
Balance: $116.56 | Regime: CHOP | Session: 0W/0L (0%) | PnL: $+0.00
[Confidence] Score=3/10 | extreme_edge
[Timing] Window 0 min old — skipping
[Cycle] No signal — YES=1.00 is between 0.32 and 0.68, sum=2.00 >= 0.97
[Ticker] KXSOL15M-26APR090815-15
[Market] YES=0.53 | NO=0.48 | Sum=1.01
==================================================
Balance: $116.56 | Regime: CHOP | Session: 0W/0L (0%) | PnL: $+0.00
[Cycle] No signal — YES=0.53 is between 0.32 and 0.68, sum=1.01 >= 0.97
[Ticker] KXSOL15M-26APR090815-15
[Market] YES=0.60 | NO=0.45 | Sum=1.05
==================================================
Balance: $116.56 | Regime: CHOP | Session: 0W/0L (0%) | PnL: $+0.00
[Cycle] No signal — YES=0.60 is between 0.32 and 0.68, sum=1.05 >= 0.97
[Ticker] KXSOL15M-26APR090815-15
[Market] YES=0.61 | NO=0.42 | Sum=1.03
==================================================
Balance: $116.56 | Regime: CHOP | Session: 0W/0L (0%) | PnL: $+0.00
[Cycle] No signal — YES=0.61 is between 0.32 and 0.68, sum=1.03 >= 0.97
[Ticker] KXSOL15M-26APR090815-15
[Market] YES=0.59 | NO=0.46 | Sum=1.05
==================================================
Balance: $116.56 | Regime: CHOP | Session: 0W/0L (0%) | PnL: $+0.00
[Cycle] No signal — YES=0.59 is between 0.32 and 0.68, sum=1.05 >= 0.97
[Ticker] KXSOL15M-26APR090815-15
[Market] YES=0.57 | NO=0.48 | Sum=1.05
==================================================
Balance: $116.56 | Regime: CHOP | Session: 0W/0L (0%) | PnL: $+0.00
[Cycle] No signal — YES=0.57 is between 0.32 and 0.68, sum=1.05 >= 0.97
[Ticker] KXSOL15M-26APR090815-15
[Market] YES=0.60 | NO=0.45 | Sum=1.05
==================================================
Balance: $116.56 | Regime: CHOP | Session: 0W/0L (0%) | PnL: $+0.00
[Cycle] No signal — YES=0.60 is between 0.32 and 0.68, sum=1.05 >= 0.97
[Ticker] KXSOL15M-26APR090815-15
[Market] YES=0.62 | NO=0.40 | Sum=1.02
==================================================
Balance: $116.56 | Regime: CHOP | Session: 0W/0L (0%) | PnL: $+0.00
[Cycle] No signal — YES=0.62 is between 0.32 and 0.68, sum=1.02 >= 0.97
[Ticker] KXSOL15M-26APR090815-15
[Market] YES=0.73 | NO=0.32 | Sum=1.05
==================================================
Balance: $116.56 | Regime: CHOP | Session: 0W/0L (0%) | PnL: $+0.00
[Confidence] Score=2/10 | moderate_edge,coinbase_weak
[Timing] Window 8 min old — skipping
[Cycle] No signal — YES=0.73 is between 0.32 and 0.68, sum=1.05 >= 0.97
[Ticker] KXSOL15M-26APR090815-15
[Market] YES=0.89 | NO=0.14 | Sum=1.03
==================================================
Balance: $116.56 | Regime: CHOP | Session: 0W/0L (0%) | PnL: $+0.00
[Confidence] Score=3/10 | strong_edge,coinbase_weak
[Timing] Window 9 min old — skipping
[Cycle] No signal — YES=0.89 is between 0.32 and 0.68, sum=1.03 >= 0.97
[Ticker] KXSOL15M-26APR090815-15
[Market] YES=0.93 | NO=0.08 | Sum=1.01
==================================================
Balance: $116.56 | Regime: CHOP | Session: 0W/0L (0%) | PnL: $+0.00
[Confidence] Score=3/10 | strong_edge,coinbase_weak
[Timing] Window 10 min old — skipping
[Cycle] No signal — YES=0.93 is between 0.32 and 0.68, sum=1.01 >= 0.97
[Ticker] KXSOL15M-26APR090815-15
[Market] YES=0.97 | NO=0.04 | Sum=1.01
==================================================
Balance: $116.56 | Regime: CHOP | Session: 0W/0L (0%) | PnL: $+0.00
[Confidence] Score=4/10 | extreme_edge,coinbase_weak
[Timing] Window 11 min old — skipping
[Cycle] No signal — YES=0.97 is between 0.32 and 0.68, sum=1.01 >= 0.97
[Ticker] KXSOL15M-26APR090815-15
[Market] YES=0.97 | NO=0.04 | Sum=1.01
==================================================
Balance: $116.56 | Regime: CHOP | Session: 0W/0L (0%) | PnL: $+0.00
[Confidence] Score=4/10 | extreme_edge,coinbase_weak
[Timing] Window 12 min old — skipping
[Cycle] No signal — YES=0.97 is between 0.32 and 0.68, sum=1.01 >= 0.97
[Ticker] KXSOL15M-26APR090815-15
[Market] YES=0.99 | NO=0.03 | Sum=1.02
==================================================
Balance: $116.56 | Regime: CHOP | Session: 0W/0L (0%) | PnL: $+0.00
[Confidence] Score=4/10 | extreme_edge,coinbase_weak
[Timing] Window 13 min old — skipping
[Cycle] No signal — YES=0.99 is between 0.32 and 0.68, sum=1.02 >= 0.97
[Ticker] KXSOL15M-26APR090815-15
[Market] YES=1.00 | NO=0.00 | Sum=1.00
==================================================
Balance: $116.56 | Regime: CHOP | Session: 0W/0L (0%) | PnL: $+0.00
[Confidence] Score=4/10 | extreme_edge,coinbase_weak
[Timing] Window 14 min old — skipping
[Cycle] No signal — YES=1.00 is between 0.32 and 0.68, sum=1.00 >= 0.97
[Ticker] KXSOL15M-26APR090830-30
[Market] YES=0.55 | NO=0.50 | Sum=1.05
==================================================
Balance: $116.56 | Regime: CHOP | Session: 0W/0L (0%) | PnL: $+0.00
[Cycle] No signal — YES=0.55 is between 0.32 and 0.68, sum=1.05 >= 0.97
[Ticker] KXSOL15M-26APR090830-30
[Market] YES=0.50 | NO=0.51 | Sum=1.01
==================================================
Balance: $116.56 | Regime: CHOP | Session: 0W/0L (0%) | PnL: $+0.00
[Cycle] No signal — YES=0.50 is between 0.32 and 0.68, sum=1.01 >= 0.97
[Ticker] KXSOL15M-26APR090830-30
[Market] YES=0.55 | NO=0.47 | Sum=1.02
==================================================
Balance: $116.56 | Regime: CHOP | Session: 0W/0L (0%) | PnL: $+0.00
[Cycle] No signal — YES=0.55 is between 0.32 and 0.68, sum=1.02 >= 0.97
[Ticker] KXSOL15M-26APR090830-30
[Market] YES=0.54 | NO=0.51 | Sum=1.05
==================================================
Balance: $116.56 | Regime: CHOP | Session: 0W/0L (0%) | PnL: $+0.00
[Cycle] No signal — YES=0.54 is between 0.32 and 0.68, sum=1.05 >= 0.97
[Ticker] KXSOL15M-26APR090830-30
[Market] YES=0.63 | NO=0.40 | Sum=1.03
==================================================
Balance: $116.56 | Regime: CHOP | Session: 0W/0L (0%) | PnL: $+0.00
[Cycle] No signal — YES=0.63 is between 0.32 and 0.68, sum=1.03 >= 0.97
[Ticker] KXSOL15M-26APR090830-30
[Market] YES=0.40 | NO=0.65 | Sum=1.05
==================================================
Balance: $116.56 | Regime: CHOP | Session: 0W/0L (0%) | PnL: $+0.00
[Cycle] No signal — YES=0.40 is between 0.32 and 0.68, sum=1.05 >= 0.97
[Ticker] KXSOL15M-26APR090830-30
[Market] YES=0.22 | NO=0.81 | Sum=1.03
==================================================
Balance: $116.56 | Regime: CHOP | Session: 0W/0L (0%) | PnL: $+0.00
[Confidence] Score=2/10 | moderate_edge,coinbase_weak
[Timing] Window 6 min old — skipping
[Cycle] No signal — YES=0.22 is between 0.32 and 0.68, sum=1.03 >= 0.97
[Ticker] KXSOL15M-26APR090830-30
[Market] YES=0.16 | NO=0.88 | Sum=1.04
==================================================
Balance: $116.56 | Regime: CHOP | Session: 0W/0L (0%) | PnL: $+0.00
[Confidence] Score=5/10 | strong_edge,coinbase_weak,all3_agree
[Timing] Window 7 min old — skipping
[Cycle] No signal — YES=0.16 is between 0.32 and 0.68, sum=1.04 >= 0.97
[Ticker] KXSOL15M-26APR090830-30
[Market] YES=0.07 | NO=0.96 | Sum=1.03
==================================================
Balance: $116.56 | Regime: CHOP | Session: 0W/0L (0%) | PnL: $+0.00
[Confidence] Score=4/10 | strong_edge,coinbase_weak,2of3_agree
[Timing] Window 8 min old — skipping
[Cycle] No signal — YES=0.07 is between 0.32 and 0.68, sum=1.03 >= 0.97
[Ticker] KXSOL15M-26APR090830-30
[Market] YES=0.05 | NO=0.96 | Sum=1.01
==================================================
Balance: $116.56 | Regime: CHOP | Session: 0W/0L (0%) | PnL: $+0.00
[Confidence] Score=6/10 | extreme_edge,coinbase_weak,all3_agree
[Timing] Window 9 min old — skipping
[Cycle] No signal — YES=0.05 is between 0.32 and 0.68, sum=1.01 >= 0.97
[Ticker] KXSOL15M-26APR090830-30
[Market] YES=0.05 | NO=0.97 | Sum=1.02
==================================================
Balance: $116.56 | Regime: CHOP | Session: 0W/0L (0%) | PnL: $+0.00
[Confidence] Score=6/10 | extreme_edge,coinbase_weak,all3_agree
[Timing] Window 10 min old — skipping
[Cycle] No signal — YES=0.05 is between 0.32 and 0.68, sum=1.02 >= 0.97
[Ticker] KXSOL15M-26APR090830-30
[Market] YES=0.04 | NO=0.97 | Sum=1.01
==================================================
Balance: $116.56 | Regime: CHOP | Session: 0W/0L (0%) | PnL: $+0.00
[Confidence] Score=6/10 | extreme_edge,coinbase_weak,all3_agree
[Timing] Window 11 min old — skipping
[Cycle] No signal — YES=0.04 is between 0.32 and 0.68, sum=1.01 >= 0.97
[Ticker] KXSOL15M-26APR090830-30
[Market] YES=0.13 | NO=0.90 | Sum=1.03
==================================================
Balance: $116.56 | Regime: CHOP | Session: 0W/0L (0%) | PnL: $+0.00
[Confidence] Score=5/10 | strong_edge,coinbase_weak,all3_agree
[Timing] Window 12 min old — skipping
[Cycle] No signal — YES=0.13 is between 0.32 and 0.68, sum=1.03 >= 0.97
[Ticker] KXSOL15M-26APR090830-30
[Market] YES=0.69 | NO=0.36 | Sum=1.05
==================================================
Balance: $116.56 | Regime: CHOP | Session: 0W/0L (0%) | PnL: $+0.00
[Signal] Edge 0.19 below minimum 0.2 — skipping
[Cycle] No signal — YES=0.69 is between 0.32 and 0.68, sum=1.05 >= 0.97
[Ticker] KXSOL15M-26APR090830-30
[Market] YES=0.00 | NO=1.00 | Sum=1.00
==================================================
Balance: $116.56 | Regime: CHOP | Session: 0W/0L (0%) | PnL: $+0.00
[Confidence] Score=6/10 | extreme_edge,coinbase_weak,all3_agree
[Timing] Window 14 min old — skipping
[Cycle] No signal — YES=0.00 is between 0.32 and 0.68, sum=1.00 >= 0.97
[Ticker] KXSOL15M-26APR090830-30
[Market] YES=1.00 | NO=1.00 | Sum=2.00
==================================================
Balance: $116.56 | Regime: CHOP | Session: 0W/0L (0%) | PnL: $+0.00
[Confidence] Score=3/10 | extreme_edge
[Timing] Window 0 min old — skipping
[Cycle] No signal — YES=1.00 is between 0.32 and 0.68, sum=2.00 >= 0.97
[Ticker] KXSOL15M-26APR090845-45
[Market] YES=0.34 | NO=0.71 | Sum=1.05
==================================================
Balance: $116.56 | Regime: CHOP | Session: 0W/0L (0%) | PnL: $+0.00
[Cycle] No signal — YES=0.34 is between 0.32 and 0.68, sum=1.05 >= 0.97
[Ticker] KXSOL15M-26APR090845-45
[Market] YES=0.48 | NO=0.57 | Sum=1.05
==================================================
Balance: $116.56 | Regime: CHOP | Session: 0W/0L (0%) | PnL: $+0.00
[Cycle] No signal — YES=0.48 is between 0.32 and 0.68, sum=1.05 >= 0.97
[Ticker] KXSOL15M-26APR090845-45
[Market] YES=0.56 | NO=0.46 | Sum=1.02
==================================================
Balance: $116.56 | Regime: CHOP | Session: 0W/0L (0%) | PnL: $+0.00
[Cycle] No signal — YES=0.56 is between 0.32 and 0.68, sum=1.02 >= 0.97
[Ticker] KXSOL15M-26APR090845-45
[Market] YES=0.56 | NO=0.45 | Sum=1.01
==================================================
Balance: $116.56 | Regime: CHOP | Session: 0W/0L (0%) | PnL: $+0.00
[Cycle] No signal — YES=0.56 is between 0.32 and 0.68, sum=1.01 >= 0.97
[Ticker] KXSOL15M-26APR090845-45
[Market] YES=0.62 | NO=0.41 | Sum=1.03
==================================================
Balance: $116.56 | Regime: CHOP | Session: 0W/0L (0%) | PnL: $+0.00
[Cycle] No signal — YES=0.62 is between 0.32 and 0.68, sum=1.03 >= 0.97
[Ticker] KXSOL15M-26APR090845-45
[Market] YES=0.72 | NO=0.32 | Sum=1.04
==================================================
Balance: $116.56 | Regime: CHOP | Session: 0W/0L (0%) | PnL: $+0.00
[Confidence] Score=2/10 | moderate_edge,coinbase_weak
[Timing] Window 6 min old — skipping
[Cycle] No signal — YES=0.72 is between 0.32 and 0.68, sum=1.04 >= 0.97
[Ticker] KXSOL15M-26APR090845-45
[Market] YES=0.64 | NO=0.39 | Sum=1.03
==================================================
Balance: $116.56 | Regime: CHOP | Session: 0W/0L (0%) | PnL: $+0.00
[Cycle] No signal — YES=0.64 is between 0.32 and 0.68, sum=1.03 >= 0.97
[Ticker] KXSOL15M-26APR090845-45
[Market] YES=0.65 | NO=0.37 | Sum=1.02
==================================================
Balance: $116.56 | Regime: CHOP | Session: 0W/0L (0%) | PnL: $+0.00
[Cycle] No signal — YES=0.65 is between 0.32 and 0.68, sum=1.02 >= 0.97
[Ticker] KXSOL15M-26APR090845-45
[Market] YES=0.45 | NO=0.57 | Sum=1.02
==================================================
Balance: $116.56 | Regime: CHOP | Session: 0W/0L (0%) | PnL: $+0.00
[Cycle] No signal — YES=0.45 is between 0.32 and 0.68, sum=1.02 >= 0.97
[Ticker] KXSOL15M-26APR090845-45
[Market] YES=0.32 | NO=0.71 | Sum=1.03
==================================================
Balance: $116.56 | Regime: CHOP | Session: 0W/0L (0%) | PnL: $+0.00
[Cycle] No signal — YES=0.32 is between 0.32 and 0.68, sum=1.03 >= 0.97
[Ticker] KXSOL15M-26APR090845-45
[Market] YES=0.53 | NO=0.48 | Sum=1.01
==================================================
Balance: $116.56 | Regime: CHOP | Session: 0W/0L (0%) | PnL: $+0.00
[Cycle] No signal — YES=0.53 is between 0.32 and 0.68, sum=1.01 >= 0.97
[Ticker] KXSOL15M-26APR090845-45
[Market] YES=0.66 | NO=0.38 | Sum=1.04
==================================================
Balance: $116.56 | Regime: CHOP | Session: 0W/0L (0%) | PnL: $+0.00
[Cycle] No signal — YES=0.66 is between 0.32 and 0.68, sum=1.04 >= 0.97
[Ticker] KXSOL15M-26APR090845-45
[Market] YES=0.99 | NO=0.03 | Sum=1.02
==================================================
Balance: $116.56 | Regime: CHOP | Session: 0W/0L (0%) | PnL: $+0.00
[Confidence] Score=4/10 | extreme_edge,coinbase_weak
[Timing] Window 13 min old — skipping
[Cycle] No signal — YES=0.99 is between 0.32 and 0.68, sum=1.02 >= 0.97
[Ticker] KXSOL15M-26APR090845-45
[Market] YES=1.00 | NO=0.00 | Sum=1.00
==================================================
Balance: $116.56 | Regime: CHOP | Session: 0W/0L (0%) | PnL: $+0.00
[Confidence] Score=4/10 | extreme_edge,coinbase_weak
[Timing] Window 14 min old — skipping
[Cycle] No signal — YES=1.00 is between 0.32 and 0.68, sum=1.00 >= 0.97
[Ticker] KXSOL15M-26APR090900-00
[Market] YES=0.54 | NO=0.50 | Sum=1.04
==================================================
Balance: $116.56 | Regime: CHOP | Session: 0W/0L (0%) | PnL: $+0.00
[Cycle] No signal — YES=0.54 is between 0.32 and 0.68, sum=1.04 >= 0.97
[Ticker] KXSOL15M-26APR090900-00
[Market] YES=0.34 | NO=0.69 | Sum=1.03
==================================================
Balance: $116.56 | Regime: CHOP | Session: 0W/0L (0%) | PnL: $+0.00
[Cycle] No signal — YES=0.34 is between 0.32 and 0.68, sum=1.03 >= 0.97
[Ticker] KXSOL15M-26APR090900-00
[Market] YES=0.20 | NO=0.81 | Sum=1.01
==================================================
Balance: $116.56 | Regime: CHOP | Session: 0W/0L (0%) | PnL: $+0.00
[Confidence] Score=5/10 | strong_edge,coinbase_weak,all3_agree
[Signal] DOWN candidate | yes=0.20 | waiting (1/2)
[Cycle] No signal — YES=0.20 is between 0.32 and 0.68, sum=1.01 >= 0.97
[Ticker] KXSOL15M-26APR090900-00
[Market] YES=0.35 | NO=0.67 | Sum=1.02
==================================================
Balance: $116.56 | Regime: CHOP | Session: 0W/0L (0%) | PnL: $+0.00
[Cycle] No signal — YES=0.35 is between 0.32 and 0.68, sum=1.02 >= 0.97
[Ticker] KXSOL15M-26APR090900-00
[Market] YES=0.38 | NO=0.66 | Sum=1.04
==================================================
Balance: $116.56 | Regime: CHOP | Session: 0W/0L (0%) | PnL: $+0.00
[Cycle] No signal — YES=0.38 is between 0.32 and 0.68, sum=1.04 >= 0.97
[Ticker] KXSOL15M-26APR090900-00
[Market] YES=0.32 | NO=0.73 | Sum=1.05
==================================================
Balance: $116.56 | Regime: CHOP | Session: 0W/0L (0%) | PnL: $+0.00
[Cycle] No signal — YES=0.32 is between 0.32 and 0.68, sum=1.05 >= 0.97
[Ticker] KXSOL15M-26APR090900-00
[Market] YES=0.32 | NO=0.72 | Sum=1.04
==================================================
Balance: $116.56 | Regime: CHOP | Session: 0W/0L (0%) | PnL: $+0.00
[Cycle] No signal — YES=0.32 is between 0.32 and 0.68, sum=1.04 >= 0.97
[Ticker] KXSOL15M-26APR090900-00
[Market] YES=0.23 | NO=0.80 | Sum=1.03
==================================================
Balance: $116.56 | Regime: CHOP | Session: 0W/0L (0%) | PnL: $+0.00
[Confidence] Score=4/10 | moderate_edge,coinbase_weak,all3_agree
[Timing] Window 7 min old — skipping
[Cycle] No signal — YES=0.23 is between 0.32 and 0.68, sum=1.03 >= 0.97
[Ticker] KXSOL15M-26APR090900-00
[Market] YES=0.24 | NO=0.79 | Sum=1.03
==================================================
Balance: $116.56 | Regime: CHOP | Session: 0W/0L (0%) | PnL: $+0.00
[Confidence] Score=4/10 | moderate_edge,coinbase_weak,all3_agree
[Timing] Window 8 min old — skipping
[Cycle] No signal — YES=0.24 is between 0.32 and 0.68, sum=1.03 >= 0.97
[Ticker] KXSOL15M-26APR090900-00
[Market] YES=0.24 | NO=0.80 | Sum=1.04
==================================================
Balance: $116.56 | Regime: CHOP | Session: 0W/0L (0%) | PnL: $+0.00
[Confidence] Score=3/10 | moderate_edge,coinbase_weak,2of3_agree
[Timing] Window 9 min old — skipping
[Cycle] No signal — YES=0.24 is between 0.32 and 0.68, sum=1.04 >= 0.97
[Ticker] KXSOL15M-26APR090900-00
[Market] YES=0.19 | NO=0.82 | Sum=1.01
==================================================
Balance: $116.56 | Regime: CHOP | Session: 0W/0L (0%) | PnL: $+0.00
[Confidence] Score=5/10 | strong_edge,coinbase_weak,all3_agree
[Timing] Window 10 min old — skipping
[Cycle] No signal — YES=0.19 is between 0.32 and 0.68, sum=1.01 >= 0.97
[Ticker] KXSOL15M-26APR090900-00
[Market] YES=0.42 | NO=0.63 | Sum=1.05
==================================================
Balance: $116.56 | Regime: CHOP | Session: 0W/0L (0%) | PnL: $+0.00
[Cycle] No signal — YES=0.42 is between 0.32 and 0.68, sum=1.05 >= 0.97
[Ticker] KXSOL15M-26APR090900-00
[Market] YES=0.38 | NO=0.67 | Sum=1.05
==================================================
Balance: $116.56 | Regime: CHOP | Session: 0W/0L (0%) | PnL: $+0.00
[Cycle] No signal — YES=0.38 is between 0.32 and 0.68, sum=1.05 >= 0.97
[Ticker] KXSOL15M-26APR090900-00
[Market] YES=0.82 | NO=0.20 | Sum=1.02
==================================================
Balance: $116.56 | Regime: CHOP | Session: 0W/0L (0%) | PnL: $+0.00
[Confidence] Score=3/10 | strong_edge,coinbase_weak
[Timing] Window 13 min old — skipping
[Cycle] No signal — YES=0.82 is between 0.32 and 0.68, sum=1.02 >= 0.97
[Ticker] KXSOL15M-26APR090900-00
[Market] YES=0.98 | NO=0.04 | Sum=1.02
==================================================
Balance: $116.56 | Regime: CHOP | Session: 0W/0L (0%) | PnL: $+0.00
[Confidence] Score=4/10 | extreme_edge,coinbase_weak
[Timing] Window 14 min old — skipping
[Cycle] No signal — YES=0.98 is between 0.32 and 0.68, sum=1.02 >= 0.97
[Ticker] KXSOL15M-26APR090915-15
[Market] YES=0.55 | NO=0.55 | Sum=1.10
==================================================
Balance: $116.56 | Regime: CHOP | Session: 0W/0L (0%) | PnL: $+0.00
[Cycle] No signal — YES=0.55 is between 0.32 and 0.68, sum=1.10 >= 0.97
[Ticker] KXSOL15M-26APR090915-15
[Market] YES=0.48 | NO=0.55 | Sum=1.03
==================================================
Balance: $116.56 | Regime: CHOP | Session: 0W/0L (0%) | PnL: $+0.00
[Cycle] No signal — YES=0.48 is between 0.32 and 0.68, sum=1.03 >= 0.97
[Ticker] KXSOL15M-26APR090915-15
[Market] YES=0.48 | NO=0.55 | Sum=1.03
==================================================
Balance: $116.56 | Regime: CHOP | Session: 0W/0L (0%) | PnL: $+0.00
[Cycle] No signal — YES=0.48 is between 0.32 and 0.68, sum=1.03 >= 0.97
[Ticker] KXSOL15M-26APR090915-15
[Market] YES=0.42 | NO=0.63 | Sum=1.05
==================================================
Balance: $116.56 | Regime: CHOP | Session: 0W/0L (0%) | PnL: $+0.00
[Cycle] No signal — YES=0.42 is between 0.32 and 0.68, sum=1.05 >= 0.97
[Ticker] KXSOL15M-26APR090915-15
[Market] YES=0.39 | NO=0.63 | Sum=1.02
==================================================
Balance: $116.56 | Regime: CHOP | Session: 0W/0L (0%) | PnL: $+0.00
[Cycle] No signal — YES=0.39 is between 0.32 and 0.68, sum=1.02 >= 0.97
[Ticker] KXSOL15M-26APR090915-15
[Market] YES=0.41 | NO=0.62 | Sum=1.03
==================================================
Balance: $116.56 | Regime: CHOP | Session: 0W/0L (0%) | PnL: $+0.00
[Cycle] No signal — YES=0.41 is between 0.32 and 0.68, sum=1.03 >= 0.97
[Ticker] KXSOL15M-26APR090915-15
[Market] YES=0.30 | NO=0.74 | Sum=1.04
==================================================
Balance: $116.56 | Regime: CHOP | Session: 0W/0L (0%) | PnL: $+0.00
[Confidence] Score=4/10 | moderate_edge,coinbase_weak,all3_agree
[Timing] Window 6 min old — skipping
[Cycle] No signal — YES=0.30 is between 0.32 and 0.68, sum=1.04 >= 0.97
[Ticker] KXSOL15M-26APR090915-15
[Market] YES=0.33 | NO=0.72 | Sum=1.05
==================================================
Balance: $116.56 | Regime: CHOP | Session: 0W/0L (0%) | PnL: $+0.00
[Cycle] No signal — YES=0.33 is between 0.32 and 0.68, sum=1.05 >= 0.97
[Ticker] KXSOL15M-26APR090915-15
[Market] YES=0.21 | NO=0.81 | Sum=1.02
==================================================
Balance: $116.56 | Regime: CHOP | Session: 0W/0L (0%) | PnL: $+0.00
[Confidence] Score=4/10 | moderate_edge,coinbase_weak,all3_agree
[Timing] Window 8 min old — skipping
[Cycle] No signal — YES=0.21 is between 0.32 and 0.68, sum=1.02 >= 0.97
[Ticker] KXSOL15M-26APR090915-15
[Market] YES=0.11 | NO=0.92 | Sum=1.03
==================================================
Balance: $116.56 | Regime: CHOP | Session: 0W/0L (0%) | PnL: $+0.00
[Confidence] Score=4/10 | strong_edge,coinbase_weak,2of3_agree
[Timing] Window 9 min old — skipping
[Cycle] No signal — YES=0.11 is between 0.32 and 0.68, sum=1.03 >= 0.97
[Ticker] KXSOL15M-26APR090915-15
[Market] YES=0.11 | NO=0.92 | Sum=1.03
==================================================
Balance: $116.56 | Regime: CHOP | Session: 0W/0L (0%) | PnL: $+0.00
[Confidence] Score=5/10 | strong_edge,coinbase_weak,all3_agree
[Timing] Window 10 min old — skipping
[Cycle] No signal — YES=0.11 is between 0.32 and 0.68, sum=1.03 >= 0.97
[Ticker] KXSOL15M-26APR090915-15
[Market] YES=0.06 | NO=0.96 | Sum=1.02
==================================================
Balance: $116.56 | Regime: CHOP | Session: 0W/0L (0%) | PnL: $+0.00
[Confidence] Score=5/10 | strong_edge,coinbase_weak,all3_agree
[Timing] Window 11 min old — skipping
[Cycle] No signal — YES=0.06 is between 0.32 and 0.68, sum=1.02 >= 0.97
[Ticker] KXSOL15M-26APR090915-15
[Market] YES=0.09 | NO=0.93 | Sum=1.02
==================================================
Balance: $116.56 | Regime: CHOP | Session: 0W/0L (0%) | PnL: $+0.00
[Confidence] Score=5/10 | strong_edge,coinbase_weak,all3_agree
[Timing] Window 12 min old — skipping
[Cycle] No signal — YES=0.09 is between 0.32 and 0.68, sum=1.02 >= 0.97
[Ticker] KXSOL15M-26APR090915-15
[Market] YES=0.12 | NO=0.92 | Sum=1.04
==================================================
Balance: $116.56 | Regime: CHOP | Session: 0W/0L (0%) | PnL: $+0.00
[Confidence] Score=5/10 | strong_edge,coinbase_weak,all3_agree
[Timing] Window 13 min old — skipping
[Cycle] No signal — YES=0.12 is between 0.32 and 0.68, sum=1.04 >= 0.97
[Ticker] KXSOL15M-26APR090915-15
[Market] YES=0.00 | NO=1.00 | Sum=1.00
==================================================
Balance: $116.56 | Regime: CHOP | Session: 0W/0L (0%) | PnL: $+0.00
[Confidence] Score=6/10 | extreme_edge,coinbase_weak,all3_agree
[Timing] Window 14 min old — skipping
[Cycle] No signal — YES=0.00 is between 0.32 and 0.68, sum=1.00 >= 0.97
[Ticker] KXSOL15M-26APR090930-30
[Market] YES=0.56 | NO=0.55 | Sum=1.11
==================================================
Balance: $116.56 | Regime: CHOP | Session: 0W/0L (0%) | PnL: $+0.00
[Cycle] No signal — YES=0.56 is between 0.32 and 0.68, sum=1.11 >= 0.97
[Ticker] KXSOL15M-26APR090930-30
[Market] YES=0.45 | NO=0.58 | Sum=1.03
==================================================
Balance: $116.56 | Regime: CHOP | Session: 0W/0L (0%) | PnL: $+0.00
[Cycle] No signal — YES=0.45 is between 0.32 and 0.68, sum=1.03 >= 0.97
[Ticker] KXSOL15M-26APR090930-30
[Market] YES=0.49 | NO=0.52 | Sum=1.01
==================================================
Balance: $116.56 | Regime: CHOP | Session: 0W/0L (0%) | PnL: $+0.00
[Cycle] No signal — YES=0.49 is between 0.32 and 0.68, sum=1.01 >= 0.97
[Ticker] KXSOL15M-26APR090930-30
[Market] YES=0.48 | NO=0.54 | Sum=1.02
==================================================
Balance: $116.56 | Regime: CHOP | Session: 0W/0L (0%) | PnL: $+0.00
[Cycle] No signal — YES=0.48 is between 0.32 and 0.68, sum=1.02 >= 0.97
[Ticker] KXSOL15M-26APR090930-30
[Market] YES=0.48 | NO=0.57 | Sum=1.05
==================================================
Balance: $116.56 | Regime: CHOP | Session: 0W/0L (0%) | PnL: $+0.00
[Cycle] No signal — YES=0.48 is between 0.32 and 0.68, sum=1.05 >= 0.97
[Ticker] KXSOL15M-26APR090930-30
[Market] YES=0.45 | NO=0.60 | Sum=1.05
==================================================
Balance: $116.56 | Regime: CHOP | Session: 0W/0L (0%) | PnL: $+0.00
[Cycle] No signal — YES=0.45 is between 0.32 and 0.68, sum=1.05 >= 0.97
[Ticker] KXSOL15M-26APR090930-30
[Market] YES=0.51 | NO=0.54 | Sum=1.05
==================================================
Balance: $116.56 | Regime: CHOP | Session: 0W/0L (0%) | PnL: $+0.00
[Cycle] No signal — YES=0.51 is between 0.32 and 0.68, sum=1.05 >= 0.97
[Ticker] KXSOL15M-26APR090930-30
[Market] YES=0.41 | NO=0.62 | Sum=1.03
==================================================
Balance: $116.56 | Regime: CHOP | Session: 0W/0L (0%) | PnL: $+0.00
[Cycle] No signal — YES=0.41 is between 0.32 and 0.68, sum=1.03 >= 0.97
[Ticker] KXSOL15M-26APR090930-30
[Market] YES=0.24 | NO=0.80 | Sum=1.04
==================================================
Balance: $116.56 | Regime: CHOP | Session: 0W/0L (0%) | PnL: $+0.00
[Confidence] Score=4/10 | moderate_edge,coinbase_weak,all3_agree
[Timing] Window 8 min old — skipping
[Cycle] No signal — YES=0.24 is between 0.32 and 0.68, sum=1.04 >= 0.97
[Ticker] KXSOL15M-26APR090930-30
[Market] YES=0.27 | NO=0.75 | Sum=1.02
==================================================
Balance: $116.56 | Regime: CHOP | Session: 0W/0L (0%) | PnL: $+0.00
[Confidence] Score=4/10 | moderate_edge,coinbase_weak,all3_agree
[Timing] Window 9 min old — skipping
[Cycle] No signal — YES=0.27 is between 0.32 and 0.68, sum=1.02 >= 0.97
[Ticker] KXSOL15M-26APR090930-30
[Market] YES=0.28 | NO=0.76 | Sum=1.04
==================================================
Balance: $116.56 | Regime: CHOP | Session: 0W/0L (0%) | PnL: $+0.00
[Confidence] Score=4/10 | moderate_edge,coinbase_weak,all3_agree
[Timing] Window 10 min old — skipping
[Cycle] No signal — YES=0.28 is between 0.32 and 0.68, sum=1.04 >= 0.97
[Ticker] KXSOL15M-26APR090930-30
[Market] YES=0.27 | NO=0.77 | Sum=1.04
==================================================
Balance: $116.56 | Regime: CHOP | Session: 0W/0L (0%) | PnL: $+0.00
[Confidence] Score=4/10 | moderate_edge,coinbase_weak,all3_agree
[Timing] Window 11 min old — skipping
[Cycle] No signal — YES=0.27 is between 0.32 and 0.68, sum=1.04 >= 0.97
[Ticker] KXSOL15M-26APR090930-30
[Market] YES=0.19 | NO=0.85 | Sum=1.04
==================================================
Balance: $116.56 | Regime: CHOP | Session: 0W/0L (0%) | PnL: $+0.00
[Confidence] Score=5/10 | strong_edge,coinbase_weak,all3_agree
[Timing] Window 12 min old — skipping
[Cycle] No signal — YES=0.19 is between 0.32 and 0.68, sum=1.04 >= 0.97
[Ticker] KXSOL15M-26APR090930-30
[Market] YES=0.63 | NO=0.41 | Sum=1.04
==================================================
Balance: $116.56 | Regime: CHOP | Session: 0W/0L (0%) | PnL: $+0.00
[Cycle] No signal — YES=0.63 is between 0.32 and 0.68, sum=1.04 >= 0.97
[Ticker] KXSOL15M-26APR090930-30
[Market] YES=0.98 | NO=0.04 | Sum=1.02
==================================================
Balance: $116.56 | Regime: CHOP | Session: 0W/0L (0%) | PnL: $+0.00
[Confidence] Score=4/10 | extreme_edge,coinbase_weak
[Timing] Window 14 min old — skipping
[Cycle] No signal — YES=0.98 is between 0.32 and 0.68, sum=1.02 >= 0.97
[Ticker] KXSOL15M-26APR090930-30
[Market] YES=1.00 | NO=1.00 | Sum=2.00
==================================================
Balance: $116.56 | Regime: CHOP | Session: 0W/0L (0%) | PnL: $+0.00
[Confidence] Score=4/10 | extreme_edge,coinbase_weak
[Timing] Window 0 min old — skipping
[Cycle] No signal — YES=1.00 is between 0.32 and 0.68, sum=2.00 >= 0.97
[Ticker] KXSOL15M-26APR090945-45
[Market] YES=0.69 | NO=0.35 | Sum=1.04
==================================================
Balance: $116.56 | Regime: CHOP | Session: 0W/0L (0%) | PnL: $+0.00
[Signal] Edge 0.19 below minimum 0.2 — skipping
[Cycle] No signal — YES=0.69 is between 0.32 and 0.68, sum=1.04 >= 0.97
[Ticker] KXSOL15M-26APR090945-45
[Market] YES=0.60 | NO=0.43 | Sum=1.03
==================================================
Balance: $116.56 | Regime: CHOP | Session: 0W/0L (0%) | PnL: $+0.00
[Cycle] No signal — YES=0.60 is between 0.32 and 0.68, sum=1.03 >= 0.97
[Ticker] KXSOL15M-26APR090945-45
[Market] YES=0.30 | NO=0.71 | Sum=1.01
==================================================
Balance: $116.56 | Regime: CHOP | Session: 0W/0L (0%) | PnL: $+0.00
[Confidence] Score=4/10 | moderate_edge,coinbase_weak,all3_agree
[Signal] DOWN candidate | yes=0.30 | waiting (1/2)
[Cycle] No signal — YES=0.30 is between 0.32 and 0.68, sum=1.01 >= 0.97
[Ticker] KXSOL15M-26APR090945-45
[Market] YES=0.35 | NO=0.66 | Sum=1.01
==================================================
Balance: $116.56 | Regime: CHOP | Session: 0W/0L (0%) | PnL: $+0.00
[Cycle] No signal — YES=0.35 is between 0.32 and 0.68, sum=1.01 >= 0.97
[Ticker] KXSOL15M-26APR090945-45
[Market] YES=0.25 | NO=0.78 | Sum=1.03
==================================================
Balance: $116.56 | Regime: CHOP | Session: 0W/0L (0%) | PnL: $+0.00
[Confidence] Score=4/10 | moderate_edge,coinbase_weak,all3_agree
[Timing] Window 5 min old — skipping
[Cycle] No signal — YES=0.25 is between 0.32 and 0.68, sum=1.03 >= 0.97
[Ticker] KXSOL15M-26APR090945-45
[Market] YES=0.27 | NO=0.75 | Sum=1.02
==================================================
Balance: $116.56 | Regime: CHOP | Session: 0W/0L (0%) | PnL: $+0.00
[Confidence] Score=3/10 | moderate_edge,coinbase_weak,2of3_agree
[Timing] Window 6 min old — skipping
[Cycle] No signal — YES=0.27 is between 0.32 and 0.68, sum=1.02 >= 0.97
[Ticker] KXSOL15M-26APR090945-45
[Market] YES=0.34 | NO=0.69 | Sum=1.03
==================================================
Balance: $116.56 | Regime: CHOP | Session: 0W/0L (0%) | PnL: $+0.00
[Cycle] No signal — YES=0.34 is between 0.32 and 0.68, sum=1.03 >= 0.97
[Ticker] KXSOL15M-26APR090945-45
[Market] YES=0.13 | NO=0.89 | Sum=1.02
==================================================
Balance: $116.56 | Regime: CHOP | Session: 0W/0L (0%) | PnL: $+0.00
[Confidence] Score=4/10 | strong_edge,coinbase_weak,2of3_agree
[Timing] Window 8 min old — skipping
[Cycle] No signal — YES=0.13 is between 0.32 and 0.68, sum=1.02 >= 0.97
[Ticker] KXSOL15M-26APR090945-45
[Market] YES=0.04 | NO=0.97 | Sum=1.01
==================================================
Balance: $116.56 | Regime: CHOP | Session: 0W/0L (0%) | PnL: $+0.00
[Confidence] Score=5/10 | extreme_edge,coinbase_weak,2of3_agree
[Timing] Window 9 min old — skipping
[Cycle] No signal — YES=0.04 is between 0.32 and 0.68, sum=1.01 >= 0.97
[Ticker] KXSOL15M-26APR090945-45
[Market] YES=0.02 | NO=0.99 | Sum=1.01
==================================================
Balance: $116.56 | Regime: CHOP | Session: 0W/0L (0%) | PnL: $+0.00
[Confidence] Score=5/10 | extreme_edge,coinbase_weak,2of3_agree
[Timing] Window 10 min old — skipping
[Cycle] No signal — YES=0.02 is between 0.32 and 0.68, sum=1.01 >= 0.97
[Ticker] KXSOL15M-26APR090945-45
[Market] YES=0.03 | NO=0.99 | Sum=1.02
==================================================
Balance: $116.56 | Regime: CHOP | Session: 0W/0L (0%) | PnL: $+0.00
[Confidence] Score=6/10 | extreme_edge,coinbase_weak,all3_agree
[Timing] Window 11 min old — skipping
[Cycle] No signal — YES=0.03 is between 0.32 and 0.68, sum=1.02 >= 0.97
[Ticker] KXSOL15M-26APR090945-45
[Market] YES=0.01 | NO=1.00 | Sum=1.00
==================================================
Balance: $116.56 | Regime: CHOP | Session: 0W/0L (0%) | PnL: $+0.00
[Confidence] Score=6/10 | extreme_edge,coinbase_weak,all3_agree
[Timing] Window 12 min old — skipping
[Cycle] No signal — YES=0.01 is between 0.32 and 0.68, sum=1.00 >= 0.97
[Ticker] KXSOL15M-26APR090945-45
[Market] YES=0.01 | NO=1.00 | Sum=1.00
==================================================
Balance: $116.56 | Regime: CHOP | Session: 0W/0L (0%) | PnL: $+0.00
[Confidence] Score=5/10 | extreme_edge,coinbase_weak,2of3_agree
[Timing] Window 13 min old — skipping
[Cycle] No signal — YES=0.01 is between 0.32 and 0.68, sum=1.00 >= 0.97
[Ticker] KXSOL15M-26APR090945-45
[Market] YES=0.00 | NO=1.00 | Sum=1.00
==================================================
Balance: $116.56 | Regime: CHOP | Session: 0W/0L (0%) | PnL: $+0.00
[Confidence] Score=6/10 | extreme_edge,coinbase_weak,all3_agree
[Timing] Window 14 min old — skipping
[Cycle] No signal — YES=0.00 is between 0.32 and 0.68, sum=1.00 >= 0.97
[Ticker] KXSOL15M-26APR090945-45
[Market] YES=1.00 | NO=1.00 | Sum=2.00
==================================================
Balance: $116.56 | Regime: CHOP | Session: 0W/0L (0%) | PnL: $+0.00
[Confidence] Score=3/10 | extreme_edge
[Timing] Window 0 min old — skipping
[Cycle] No signal — YES=1.00 is between 0.32 and 0.68, sum=2.00 >= 0.97
[Ticker] KXSOL15M-26APR091000-00
[Market] YES=0.48 | NO=0.54 | Sum=1.02
==================================================
Balance: $116.56 | Regime: CHOP | Session: 0W/0L (0%) | PnL: $+0.00
[Cycle] No signal — YES=0.48 is between 0.32 and 0.68, sum=1.02 >= 0.97
[Ticker] KXSOL15M-26APR091000-00
[Market] YES=0.31 | NO=0.70 | Sum=1.01
==================================================
Balance: $116.56 | Regime: CHOP | Session: 0W/0L (0%) | PnL: $+0.00
[Signal] Edge 0.19 below minimum 0.2 — skipping
[Cycle] No signal — YES=0.31 is between 0.32 and 0.68, sum=1.01 >= 0.97
[Ticker] KXSOL15M-26APR091000-00
[Market] YES=0.25 | NO=0.78 | Sum=1.03
==================================================
Balance: $116.56 | Regime: CHOP | Session: 0W/0L (0%) | PnL: $+0.00
[Confidence] Score=4/10 | moderate_edge,coinbase_weak,all3_agree
[Signal] DOWN candidate | yes=0.25 | waiting (1/2)
[Cycle] No signal — YES=0.25 is between 0.32 and 0.68, sum=1.03 >= 0.97
[Ticker] KXSOL15M-26APR091000-00
[Market] YES=0.26 | NO=0.77 | Sum=1.03
==================================================
Balance: $116.56 | Regime: CHOP | Session: 0W/0L (0%) | PnL: $+0.00
[Confidence] Score=4/10 | moderate_edge,coinbase_weak,all3_agree
[Coinbase] Confirms DOWN | $82 gap=-0 (0.18%)
[Kraken] Divergence 86403.57% — bet trimmed
[Correlation] 2/3 agree DOWN
[Signal] CONFIRMED DOWN | yes=0.26 | edge=0.24 | bet=$1.80
[Safety] Balance $116.56 below floor $120.00
🛑 OpenClaw SOL Bot v4.0 halted: Balance $116.56 below floor $120.00

==================================================
OpenClaw SOL Bot v4.0 — LIVE
[Startup] Live balance synced: $116.56
Balance: $116.56 | MaxBet: $2.91 | Threshold: <0.32 or >0.68
==================================================

[Startup] Resting orders cleared
[Ticker] KXSOL15M-26APR091000-00
[Market] YES=0.31 | NO=0.70 | Sum=1.01
==================================================
Balance: $116.56 | Regime: CHOP | Session: 0W/0L (0%) | PnL: $+0.00
[Signal] Edge 0.19 below minimum 0.2 — skipping
[Cycle] No signal — YES=0.31 is between 0.32 and 0.68, sum=1.01 >= 0.97
[Ticker] KXSOL15M-26APR091000-00
[Market] YES=0.31 | NO=0.73 | Sum=1.04
==================================================
Balance: $116.56 | Regime: CHOP | Session: 0W/0L (0%) | PnL: $+0.00
[Signal] Edge 0.19 below minimum 0.2 — skipping
[Cycle] No signal — YES=0.31 is between 0.32 and 0.68, sum=1.04 >= 0.97
[Ticker] KXSOL15M-26APR091000-00
[Market] YES=0.12 | NO=0.90 | Sum=1.02
==================================================
Balance: $116.56 | Regime: CHOP | Session: 0W/0L (0%) | PnL: $+0.00
[Confidence] Score=5/10 | strong_edge,coinbase_weak,all3_agree
[Timing] Window 6 min old — skipping
[Cycle] No signal — YES=0.12 is between 0.32 and 0.68, sum=1.02 >= 0.97
[Ticker] KXSOL15M-26APR091000-00
[Market] YES=0.11 | NO=0.91 | Sum=1.02
==================================================
Balance: $116.56 | Regime: CHOP | Session: 0W/0L (0%) | PnL: $+0.00
[Confidence] Score=5/10 | strong_edge,coinbase_weak,all3_agree
[Timing] Window 7 min old — skipping
[Cycle] No signal — YES=0.11 is between 0.32 and 0.68, sum=1.02 >= 0.97
[Ticker] KXSOL15M-26APR091000-00
[Market] YES=0.04 | NO=0.97 | Sum=1.01
==================================================
Balance: $116.56 | Regime: CHOP | Session: 0W/0L (0%) | PnL: $+0.00
[Confidence] Score=6/10 | extreme_edge,coinbase_weak,all3_agree
[Timing] Window 8 min old — skipping
[Cycle] No signal — YES=0.04 is between 0.32 and 0.68, sum=1.01 >= 0.97
[Ticker] KXSOL15M-26APR091000-00
[Market] YES=0.06 | NO=0.97 | Sum=1.03
==================================================
Balance: $116.56 | Regime: CHOP | Session: 0W/0L (0%) | PnL: $+0.00
[Confidence] Score=5/10 | strong_edge,coinbase_weak,all3_agree
[Timing] Window 9 min old — skipping
[Cycle] No signal — YES=0.06 is between 0.32 and 0.68, sum=1.03 >= 0.97
[Ticker] KXSOL15M-26APR091000-00
[Market] YES=0.03 | NO=0.99 | Sum=1.02
==================================================
Balance: $116.56 | Regime: CHOP | Session: 0W/0L (0%) | PnL: $+0.00
[Confidence] Score=6/10 | extreme_edge,coinbase_weak,all3_agree
[Timing] Window 10 min old — skipping
[Cycle] No signal — YES=0.03 is between 0.32 and 0.68, sum=1.02 >= 0.97
[Ticker] KXSOL15M-26APR091000-00
[Market] YES=0.01 | NO=1.00 | Sum=1.01
==================================================
Balance: $116.56 | Regime: CHOP | Session: 0W/0L (0%) | PnL: $+0.00
[Confidence] Score=6/10 | extreme_edge,coinbase_weak,all3_agree
[Timing] Window 11 min old — skipping
[Cycle] No signal — YES=0.01 is between 0.32 and 0.68, sum=1.01 >= 0.97
[Ticker] KXSOL15M-26APR091000-00
[Market] YES=0.01 | NO=1.00 | Sum=1.00
==================================================
Balance: $116.56 | Regime: CHOP | Session: 0W/0L (0%) | PnL: $+0.00
[Confidence] Score=5/10 | extreme_edge,coinbase_weak,2of3_agree
[Timing] Window 12 min old — skipping
[Cycle] No signal — YES=0.01 is between 0.32 and 0.68, sum=1.00 >= 0.97
[Ticker] KXSOL15M-26APR091000-00
[Market] YES=0.01 | NO=1.00 | Sum=1.01
==================================================
Balance: $116.56 | Regime: CHOP | Session: 0W/0L (0%) | PnL: $+0.00
[Confidence] Score=5/10 | extreme_edge,coinbase_weak,2of3_agree
[Timing] Window 13 min old — skipping
[Cycle] No signal — YES=0.01 is between 0.32 and 0.68, sum=1.01 >= 0.97
[Ticker] KXSOL15M-26APR091000-00
[Market] YES=0.00 | NO=1.00 | Sum=1.00
==================================================
Balance: $116.56 | Regime: CHOP | Session: 0W/0L (0%) | PnL: $+0.00
[Confidence] Score=6/10 | extreme_edge,coinbase_weak,all3_agree
[Timing] Window 14 min old — skipping
[Cycle] No signal — YES=0.00 is between 0.32 and 0.68, sum=1.00 >= 0.97
[Ticker] KXSOL15M-26APR091000-00
[Market] YES=1.00 | NO=1.00 | Sum=2.00
==================================================
Balance: $116.56 | Regime: CHOP | Session: 0W/0L (0%) | PnL: $+0.00
[Confidence] Score=4/10 | extreme_edge,peak_hour
[Timing] Window 0 min old — skipping
[Cycle] No signal — YES=1.00 is between 0.32 and 0.68, sum=2.00 >= 0.97
[Ticker] KXSOL15M-26APR091015-15
[Market] YES=0.44 | NO=0.59 | Sum=1.03
==================================================
Balance: $116.56 | Regime: CHOP | Session: 0W/0L (0%) | PnL: $+0.00
[Cycle] No signal — YES=0.44 is between 0.32 and 0.68, sum=1.03 >= 0.97
[Ticker] KXSOL15M-26APR091015-15
[Market] YES=0.40 | NO=0.65 | Sum=1.05
==================================================
Balance: $116.56 | Regime: CHOP | Session: 0W/0L (0%) | PnL: $+0.00
[Cycle] No signal — YES=0.40 is between 0.32 and 0.68, sum=1.05 >= 0.97
[Ticker] KXSOL15M-26APR091015-15
[Market] YES=0.42 | NO=0.60 | Sum=1.02
==================================================
Balance: $116.56 | Regime: CHOP | Session: 0W/0L (0%) | PnL: $+0.00
[Cycle] No signal — YES=0.42 is between 0.32 and 0.68, sum=1.02 >= 0.97
[Ticker] KXSOL15M-26APR091015-15
[Market] YES=0.46 | NO=0.58 | Sum=1.04
==================================================
Balance: $116.56 | Regime: CHOP | Session: 0W/0L (0%) | PnL: $+0.00
[Cycle] No signal — YES=0.46 is between 0.32 and 0.68, sum=1.04 >= 0.97
[Ticker] KXSOL15M-26APR091015-15
[Market] YES=0.33 | NO=0.68 | Sum=1.01
==================================================
Balance: $116.56 | Regime: CHOP | Session: 0W/0L (0%) | PnL: $+0.00
[Cycle] No signal — YES=0.33 is between 0.32 and 0.68, sum=1.01 >= 0.97
[Ticker] KXSOL15M-26APR091015-15
[Market] YES=0.33 | NO=0.71 | Sum=1.04
==================================================
Balance: $116.56 | Regime: CHOP | Session: 0W/0L (0%) | PnL: $+0.00
[Cycle] No signal — YES=0.33 is between 0.32 and 0.68, sum=1.04 >= 0.97
[Ticker] KXSOL15M-26APR091015-15
[Market] YES=0.25 | NO=0.78 | Sum=1.03
==================================================
Balance: $116.56 | Regime: CHOP | Session: 0W/0L (0%) | PnL: $+0.00
[Confidence] Score=5/10 | moderate_edge,coinbase_weak,all3_agree,peak_hour
[Timing] Window 7 min old — skipping
[Cycle] No signal — YES=0.25 is between 0.32 and 0.68, sum=1.03 >= 0.97
[Ticker] KXSOL15M-26APR091015-15
[Market] YES=0.20 | NO=0.81 | Sum=1.01
==================================================
Balance: $116.56 | Regime: CHOP | Session: 0W/0L (0%) | PnL: $+0.00
[Confidence] Score=5/10 | strong_edge,coinbase_weak,2of3_agree,peak_hour
[Timing] Window 8 min old — skipping
[Cycle] No signal — YES=0.20 is between 0.32 and 0.68, sum=1.01 >= 0.97
[Ticker] KXSOL15M-26APR091015-15
[Market] YES=0.24 | NO=0.80 | Sum=1.04
==================================================
Balance: $116.56 | Regime: CHOP | Session: 0W/0L (0%) | PnL: $+0.00
[Confidence] Score=4/10 | moderate_edge,coinbase_weak,2of3_agree,peak_hour
[Timing] Window 9 min old — skipping
[Cycle] No signal — YES=0.24 is between 0.32 and 0.68, sum=1.04 >= 0.97
[Ticker] KXSOL15M-26APR091015-15
[Market] YES=0.15 | NO=0.88 | Sum=1.03
==================================================
Balance: $116.56 | Regime: CHOP | Session: 0W/0L (0%) | PnL: $+0.00
[Confidence] Score=4/10 | strong_edge,coinbase_weak,peak_hour
[Timing] Window 10 min old — skipping
[Cycle] No signal — YES=0.15 is between 0.32 and 0.68, sum=1.03 >= 0.97
[Ticker] KXSOL15M-26APR091015-15
[Market] YES=0.04 | NO=0.96 | Sum=1.00
==================================================
Balance: $116.56 | Regime: CHOP | Session: 0W/0L (0%) | PnL: $+0.00
[Confidence] Score=7/10 | extreme_edge,coinbase_weak,all3_agree,peak_hour
[Timing] Window 11 min old — skipping
[Cycle] No signal — YES=0.04 is between 0.32 and 0.68, sum=1.00 >= 0.97
[Ticker] KXSOL15M-26APR091015-15
[Market] YES=0.36 | NO=0.67 | Sum=1.03
==================================================
Balance: $116.56 | Regime: CHOP | Session: 0W/0L (0%) | PnL: $+0.00
[Cycle] No signal — YES=0.36 is between 0.32 and 0.68, sum=1.03 >= 0.97
[Ticker] KXSOL15M-26APR091015-15
[Market] YES=0.95 | NO=0.08 | Sum=1.03
==================================================
Balance: $116.56 | Regime: CHOP | Session: 0W/0L (0%) | PnL: $+0.00
[Confidence] Score=4/10 | strong_edge,coinbase_weak,peak_hour
[Timing] Window 13 min old — skipping
[Cycle] No signal — YES=0.95 is between 0.32 and 0.68, sum=1.03 >= 0.97
[Ticker] KXSOL15M-26APR091015-15
[Market] YES=0.98 | NO=0.03 | Sum=1.01
==================================================
Balance: $116.56 | Regime: CHOP | Session: 0W/0L (0%) | PnL: $+0.00
[Confidence] Score=5/10 | extreme_edge,coinbase_weak,peak_hour
[Timing] Window 14 min old — skipping
[Cycle] No signal — YES=0.98 is between 0.32 and 0.68, sum=1.01 >= 0.97
[Ticker] KXSOL15M-26APR091030-30
[Market] YES=0.54 | NO=0.50 | Sum=1.04
==================================================
Balance: $116.56 | Regime: CHOP | Session: 0W/0L (0%) | PnL: $+0.00
[Cycle] No signal — YES=0.54 is between 0.32 and 0.68, sum=1.04 >= 0.97
[Ticker] KXSOL15M-26APR091030-30
[Market] YES=0.44 | NO=0.58 | Sum=1.02
==================================================
Balance: $116.56 | Regime: CHOP | Session: 0W/0L (0%) | PnL: $+0.00
[Cycle] No signal — YES=0.44 is between 0.32 and 0.68, sum=1.02 >= 0.97
[Ticker] KXSOL15M-26APR091030-30
[Market] YES=0.33 | NO=0.68 | Sum=1.01
==================================================
Balance: $116.56 | Regime: CHOP | Session: 0W/0L (0%) | PnL: $+0.00
[Cycle] No signal — YES=0.33 is between 0.32 and 0.68, sum=1.01 >= 0.97
[Ticker] KXSOL15M-26APR091030-30
[Market] YES=0.28 | NO=0.74 | Sum=1.02
==================================================
Balance: $116.56 | Regime: CHOP | Session: 0W/0L (0%) | PnL: $+0.00
[Confidence] Score=5/10 | moderate_edge,coinbase_weak,all3_agree,peak_hour
[Signal] DOWN candidate | yes=0.28 | waiting (1/2)
[Cycle] No signal — YES=0.28 is between 0.32 and 0.68, sum=1.02 >= 0.97
[Ticker] KXSOL15M-26APR091030-30
[Market] YES=0.11 | NO=0.90 | Sum=1.01
==================================================
Balance: $116.56 | Regime: CHOP | Session: 0W/0L (0%) | PnL: $+0.00
[Confidence] Score=6/10 | strong_edge,coinbase_weak,all3_agree,peak_hour
[Coinbase] Confirms DOWN | $82 gap=-0 (0.29%)
[Kraken] Divergence 86360.39% — bet trimmed
[Correlation] All 3 agree — bet boosted
[Signal] CONFIRMED DOWN | yes=0.11 | edge=0.39 | bet=$4.40
[CorrGuard] 2 bots already fired — skipping to avoid correlated loss
[Cycle] No signal — YES=0.11 is between 0.32 and 0.68, sum=1.01 >= 0.97
[Ticker] KXSOL15M-26APR091030-30
[Market] YES=0.12 | NO=0.91 | Sum=1.03
==================================================
Balance: $116.56 | Regime: CHOP | Session: 0W/0L (0%) | PnL: $+0.00
[Confidence] Score=5/10 | strong_edge,coinbase_weak,2of3_agree,peak_hour
[Timing] Window 5 min old — skipping
[Cycle] No signal — YES=0.12 is between 0.32 and 0.68, sum=1.03 >= 0.97
[Ticker] KXSOL15M-26APR091030-30
[Market] YES=0.11 | NO=0.92 | Sum=1.03
==================================================
Balance: $116.56 | Regime: CHOP | Session: 0W/0L (0%) | PnL: $+0.00
[Confidence] Score=6/10 | strong_edge,coinbase_weak,all3_agree,peak_hour
[Timing] Window 6 min old — skipping
[Cycle] No signal — YES=0.11 is between 0.32 and 0.68, sum=1.03 >= 0.97
[Ticker] KXSOL15M-26APR091030-30
[Market] YES=0.09 | NO=0.93 | Sum=1.02
==================================================
Balance: $116.56 | Regime: CHOP | Session: 0W/0L (0%) | PnL: $+0.00
[Confidence] Score=6/10 | strong_edge,coinbase_weak,all3_agree,peak_hour
[Timing] Window 7 min old — skipping
[Cycle] No signal — YES=0.09 is between 0.32 and 0.68, sum=1.02 >= 0.97
[Ticker] KXSOL15M-26APR091030-30
[Market] YES=0.09 | NO=0.93 | Sum=1.02
==================================================
Balance: $116.56 | Regime: CHOP | Session: 0W/0L (0%) | PnL: $+0.00
[Confidence] Score=6/10 | strong_edge,coinbase_weak,all3_agree,peak_hour
[Timing] Window 8 min old — skipping
[Cycle] No signal — YES=0.09 is between 0.32 and 0.68, sum=1.02 >= 0.97
[Ticker] KXSOL15M-26APR091030-30
[Market] YES=0.08 | NO=0.94 | Sum=1.02
==================================================
Balance: $116.56 | Regime: CHOP | Session: 0W/0L (0%) | PnL: $+0.00
[Confidence] Score=6/10 | strong_edge,coinbase_weak,all3_agree,peak_hour
[Timing] Window 9 min old — skipping
[Cycle] No signal — YES=0.08 is between 0.32 and 0.68, sum=1.02 >= 0.97
[Ticker] KXSOL15M-26APR091030-30
[Market] YES=0.03 | NO=0.98 | Sum=1.01
==================================================
Balance: $116.56 | Regime: CHOP | Session: 0W/0L (0%) | PnL: $+0.00
[Confidence] Score=7/10 | extreme_edge,coinbase_weak,all3_agree,peak_hour
[Timing] Window 10 min old — skipping
[Cycle] No signal — YES=0.03 is between 0.32 and 0.68, sum=1.01 >= 0.97
[Ticker] KXSOL15M-26APR091030-30
[Market] YES=0.02 | NO=0.99 | Sum=1.01
==================================================
Balance: $116.56 | Regime: CHOP | Session: 0W/0L (0%) | PnL: $+0.00
[Confidence] Score=6/10 | extreme_edge,coinbase_weak,2of3_agree,peak_hour
[Timing] Window 11 min old — skipping
[Cycle] No signal — YES=0.02 is between 0.32 and 0.68, sum=1.01 >= 0.97
[Ticker] KXSOL15M-26APR091030-30
[Market] YES=0.01 | NO=1.00 | Sum=1.00
==================================================
Balance: $116.56 | Regime: CHOP | Session: 0W/0L (0%) | PnL: $+0.00
[Confidence] Score=8/10 | extreme_edge,coinbase_strong,all3_agree,peak_hour
[Timing] Window 12 min old — skipping
[Cycle] No signal — YES=0.01 is between 0.32 and 0.68, sum=1.00 >= 0.97
[Ticker] KXSOL15M-26APR091030-30
[Market] YES=0.01 | NO=1.00 | Sum=1.00
==================================================
Balance: $116.56 | Regime: CHOP | Session: 0W/0L (0%) | PnL: $+0.00
[Confidence] Score=8/10 | extreme_edge,coinbase_strong,all3_agree,peak_hour
[Timing] Window 13 min old — skipping
[Cycle] No signal — YES=0.01 is between 0.32 and 0.68, sum=1.00 >= 0.97
[Ticker] KXSOL15M-26APR091030-30
[Market] YES=0.01 | NO=1.00 | Sum=1.00
==================================================
Balance: $116.56 | Regime: CHOP | Session: 0W/0L (0%) | PnL: $+0.00
[Confidence] Score=7/10 | extreme_edge,coinbase_weak,all3_agree,peak_hour
[Timing] Window 14 min old — skipping
[Cycle] No signal — YES=0.01 is between 0.32 and 0.68, sum=1.00 >= 0.97
[Ticker] KXSOL15M-26APR091030-30
[Market] YES=1.00 | NO=1.00 | Sum=2.00
==================================================
Balance: $116.56 | Regime: CHOP | Session: 0W/0L (0%) | PnL: $+0.00
[Confidence] Score=4/10 | extreme_edge,peak_hour
[Timing] Window 0 min old — skipping
[Cycle] No signal — YES=1.00 is between 0.32 and 0.68, sum=2.00 >= 0.97
[Ticker] KXSOL15M-26APR091045-45
[Market] YES=0.61 | NO=0.43 | Sum=1.04
==================================================
Balance: $116.56 | Regime: CHOP | Session: 0W/0L (0%) | PnL: $+0.00
[Cycle] No signal — YES=0.61 is between 0.32 and 0.68, sum=1.04 >= 0.97
[Ticker] KXSOL15M-26APR091045-45
[Market] YES=0.60 | NO=0.42 | Sum=1.02
==================================================
Balance: $116.56 | Regime: CHOP | Session: 0W/0L (0%) | PnL: $+0.00
[Cycle] No signal — YES=0.60 is between 0.32 and 0.68, sum=1.02 >= 0.97
[Ticker] KXSOL15M-26APR091045-45
[Market] YES=0.59 | NO=0.43 | Sum=1.02
==================================================
Balance: $116.56 | Regime: CHOP | Session: 0W/0L (0%) | PnL: $+0.00
[Cycle] No signal — YES=0.59 is between 0.32 and 0.68, sum=1.02 >= 0.97
[Ticker] KXSOL15M-26APR091045-45
[Market] YES=0.61 | NO=0.42 | Sum=1.03
==================================================
Balance: $116.56 | Regime: CHOP | Session: 0W/0L (0%) | PnL: $+0.00
[Cycle] No signal — YES=0.61 is between 0.32 and 0.68, sum=1.03 >= 0.97
[Ticker] KXSOL15M-26APR091045-45
[Market] YES=0.72 | NO=0.32 | Sum=1.04
==================================================
Balance: $116.56 | Regime: CHOP | Session: 0W/0L (0%) | PnL: $+0.00
[Confidence] Score=3/10 | moderate_edge,coinbase_weak,peak_hour
[Timing] Window 5 min old — skipping
[Cycle] No signal — YES=0.72 is between 0.32 and 0.68, sum=1.04 >= 0.97
[Ticker] KXSOL15M-26APR091045-45
[Market] YES=0.70 | NO=0.35 | Sum=1.05
==================================================
Balance: $116.56 | Regime: CHOP | Session: 0W/0L (0%) | PnL: $+0.00
[Signal] Edge 0.20 below minimum 0.2 — skipping
[Cycle] No signal — YES=0.70 is between 0.32 and 0.68, sum=1.05 >= 0.97
[Ticker] KXSOL15M-26APR091045-45
[Market] YES=0.70 | NO=0.34 | Sum=1.04
==================================================
Balance: $116.56 | Regime: CHOP | Session: 0W/0L (0%) | PnL: $+0.00
[Signal] Edge 0.20 below minimum 0.2 — skipping
[Cycle] No signal — YES=0.70 is between 0.32 and 0.68, sum=1.04 >= 0.97
[Ticker] KXSOL15M-26APR091045-45
[Market] YES=0.92 | NO=0.10 | Sum=1.02
==================================================
Balance: $116.56 | Regime: CHOP | Session: 0W/0L (0%) | PnL: $+0.00
[Confidence] Score=4/10 | strong_edge,coinbase_weak,peak_hour
[Timing] Window 8 min old — skipping
[Cycle] No signal — YES=0.92 is between 0.32 and 0.68, sum=1.02 >= 0.97
[Ticker] KXSOL15M-26APR091045-45
[Market] YES=0.95 | NO=0.08 | Sum=1.03
==================================================
Balance: $116.56 | Regime: CHOP | Session: 0W/0L (0%) | PnL: $+0.00
[Confidence] Score=4/10 | strong_edge,coinbase_weak,peak_hour
[Timing] Window 9 min old — skipping
[Cycle] No signal — YES=0.95 is between 0.32 and 0.68, sum=1.03 >= 0.97
[Ticker] KXSOL15M-26APR091045-45
[Market] YES=0.99 | NO=0.02 | Sum=1.01
==================================================
Balance: $116.56 | Regime: CHOP | Session: 0W/0L (0%) | PnL: $+0.00
[Confidence] Score=5/10 | extreme_edge,coinbase_weak,peak_hour
[Timing] Window 10 min old — skipping
[Cycle] No signal — YES=0.99 is between 0.32 and 0.68, sum=1.01 >= 0.97
[Ticker] KXSOL15M-26APR091045-45
[Market] YES=0.99 | NO=0.01 | Sum=1.00
==================================================
Balance: $116.56 | Regime: CHOP | Session: 0W/0L (0%) | PnL: $+0.00
[Confidence] Score=5/10 | extreme_edge,coinbase_weak,peak_hour
[Timing] Window 11 min old — skipping
[Cycle] No signal — YES=0.99 is between 0.32 and 0.68, sum=1.00 >= 0.97
[Ticker] KXSOL15M-26APR091045-45
[Market] YES=1.00 | NO=0.01 | Sum=1.01
==================================================
Balance: $116.56 | Regime: CHOP | Session: 0W/0L (0%) | PnL: $+0.00
[Confidence] Score=5/10 | extreme_edge,coinbase_weak,peak_hour
[Timing] Window 12 min old — skipping
[Cycle] No signal — YES=1.00 is between 0.32 and 0.68, sum=1.01 >= 0.97
[Ticker] KXSOL15M-26APR091045-45
[Market] YES=1.00 | NO=0.00 | Sum=1.00
==================================================
Balance: $116.56 | Regime: CHOP | Session: 0W/0L (0%) | PnL: $+0.00
[Confidence] Score=5/10 | extreme_edge,coinbase_weak,peak_hour
[Timing] Window 13 min old — skipping
[Cycle] No signal — YES=1.00 is between 0.32 and 0.68, sum=1.00 >= 0.97
[Ticker] KXSOL15M-26APR091045-45
[Market] YES=1.00 | NO=0.00 | Sum=1.00
==================================================
Balance: $116.56 | Regime: CHOP | Session: 0W/0L (0%) | PnL: $+0.00
[Confidence] Score=5/10 | extreme_edge,coinbase_weak,peak_hour
[Timing] Window 14 min old — skipping
[Cycle] No signal — YES=1.00 is between 0.32 and 0.68, sum=1.00 >= 0.97
[Ticker] KXSOL15M-26APR091100-00
[Market] YES=0.59 | NO=0.42 | Sum=1.01
==================================================
Balance: $116.56 | Regime: CHOP | Session: 0W/0L (0%) | PnL: $+0.00
[Cycle] No signal — YES=0.59 is between 0.32 and 0.68, sum=1.01 >= 0.97
[Ticker] KXSOL15M-26APR091100-00
[Market] YES=0.81 | NO=0.21 | Sum=1.02
==================================================
Balance: $116.56 | Regime: CHOP | Session: 0W/0L (0%) | PnL: $+0.00
[Confidence] Score=4/10 | strong_edge,coinbase_weak,peak_hour
[Signal] EXTREME UP | yes=0.81 | edge=0.31 | firing immediately
[Coinbase] Confirms UP | $82 gap=+0 (0.23%)
[Kraken] Divergence 86426.45% — bet trimmed
[Correlation] Markets diverging — bet trimmed
[Signal] CONFIRMED UP | yes=0.81 | edge=0.31 | bet=$2.93
[Safety] Balance $116.56 below floor $120.00
🛑 OpenClaw SOL Bot v4.0 halted: Balance $116.56 below floor $120.00

==================================================
OpenClaw SOL Bot v4.0 — LIVE
[Startup] Live balance synced: $116.56
Balance: $116.56 | MaxBet: $11.66 | Threshold: <0.32 or >0.68
==================================================

[Startup] Resting orders cleared
[Ticker] KXSOL15M-26APR091100-00
[Market] YES=0.77 | NO=0.25 | Sum=1.02
==================================================
Balance: $116.56 | Regime: CHOP | Session: 0W/0L (0%) | PnL: $+0.00
[Confidence] Score=3/10 | moderate_edge,coinbase_weak,peak_hour
[Signal] UP candidate | yes=0.77 | waiting (1/2)
[Cycle] No signal — YES=0.77 is between 0.32 and 0.68, sum=1.02 >= 0.97
[Ticker] KXSOL15M-26APR091100-00
[Market] YES=0.84 | NO=0.19 | Sum=1.03
==================================================
Balance: $116.56 | Regime: CHOP | Session: 0W/0L (0%) | PnL: $+0.00
[Confidence] Score=4/10 | strong_edge,coinbase_weak,peak_hour
[Coinbase] Confirms UP | $82 gap=+0 (0.28%)
[Kraken] Divergence 86378.34% — bet trimmed
[Correlation] Markets diverging — bet trimmed
[Signal] CONFIRMED UP | yes=0.84 | edge=0.34 | bet=$3.20
[CorrGuard] 2 bots already fired — skipping to avoid correlated loss
[Cycle] No signal — YES=0.84 is between 0.32 and 0.68, sum=1.03 >= 0.97
[Ticker] KXSOL15M-26APR091100-00
[Market] YES=0.88 | NO=0.15 | Sum=1.03
==================================================
Balance: $116.56 | Regime: CHOP | Session: 0W/0L (0%) | PnL: $+0.00
[Confidence] Score=4/10 | strong_edge,coinbase_weak,peak_hour
[Coinbase] Confirms UP | $82 gap=+0 (0.31%)
[Kraken] Divergence 86403.26% — bet trimmed
[Correlation] 2/3 agree UP
[Signal] CONFIRMED UP | yes=0.88 | edge=0.38 | bet=$4.77
[Safety] Balance $116.56 below floor $120.00
🛑 OpenClaw SOL Bot v4.0 halted: Balance $116.56 below floor $120.00

==================================================
OpenClaw SOL Bot v4.0 — LIVE
[Startup] Live balance synced: $116.56
Balance: $116.56 | MaxBet: $11.66 | Threshold: <0.32 or >0.68
==================================================

[Startup] Resting orders cleared
[Ticker] KXSOL15M-26APR091100-00
[Market] YES=0.89 | NO=0.14 | Sum=1.03
==================================================
Balance: $116.56 | Regime: CHOP | Session: 0W/0L (0%) | PnL: $+0.00
[Confidence] Score=4/10 | strong_edge,coinbase_weak,peak_hour
[Signal] UP candidate | yes=0.89 | waiting (1/2)
[Cycle] No signal — YES=0.89 is between 0.32 and 0.68, sum=1.03 >= 0.97
[Ticker] KXSOL15M-26APR091100-00
[Market] YES=0.92 | NO=0.11 | Sum=1.03
==================================================
Balance: $116.56 | Regime: CHOP | Session: 0W/0L (0%) | PnL: $+0.00
[Confidence] Score=5/10 | strong_edge,coinbase_weak,2of3_agree,peak_hour
[Coinbase] Confirms UP | $82 gap=+0 (0.32%)
[Kraken] Divergence 86384.96% — bet trimmed
[Correlation] 2/3 agree UP
[Signal] CONFIRMED UP | yes=0.92 | edge=0.42 | bet=$4.77
[CorrGuard] 2 bots already fired — skipping to avoid correlated loss
[Cycle] No signal — YES=0.92 is between 0.32 and 0.68, sum=1.03 >= 0.97
[Ticker] KXSOL15M-26APR091100-00
[Market] YES=0.98 | NO=0.04 | Sum=1.02
==================================================
Balance: $116.56 | Regime: BULL | Session: 0W/0L (0%) | PnL: $+0.00
[Confidence] Score=5/10 | extreme_edge,coinbase_weak,peak_hour
[Timing] Window 5 min old — skipping
[Cycle] No signal — YES=0.98 is between 0.32 and 0.68, sum=1.02 >= 0.97
[Ticker] KXSOL15M-26APR091100-00
[Market] YES=0.97 | NO=0.05 | Sum=1.02
==================================================
Balance: $116.56 | Regime: CHOP | Session: 0W/0L (0%) | PnL: $+0.00
[Confidence] Score=5/10 | extreme_edge,coinbase_weak,peak_hour
[Timing] Window 6 min old — skipping
[Cycle] No signal — YES=0.97 is between 0.32 and 0.68, sum=1.02 >= 0.97
[Ticker] KXSOL15M-26APR091100-00
[Market] YES=0.96 | NO=0.05 | Sum=1.01
==================================================
Balance: $116.56 | Regime: CHOP | Session: 0W/0L (0%) | PnL: $+0.00
[Confidence] Score=5/10 | extreme_edge,coinbase_weak,peak_hour
[Timing] Window 7 min old — skipping
[Cycle] No signal — YES=0.96 is between 0.32 and 0.68, sum=1.01 >= 0.97
[Ticker] KXSOL15M-26APR091100-00
[Market] YES=0.98 | NO=0.03 | Sum=1.01
==================================================
Balance: $116.56 | Regime: CHOP | Session: 0W/0L (0%) | PnL: $+0.00
[Confidence] Score=5/10 | extreme_edge,coinbase_weak,peak_hour
[Timing] Window 8 min old — skipping
[Cycle] No signal — YES=0.98 is between 0.32 and 0.68, sum=1.01 >= 0.97
[Ticker] KXSOL15M-26APR091100-00
[Market] YES=0.99 | NO=0.02 | Sum=1.01
==================================================
Balance: $116.56 | Regime: CHOP | Session: 0W/0L (0%) | PnL: $+0.00
[Confidence] Score=5/10 | extreme_edge,coinbase_weak,peak_hour
[Timing] Window 9 min old — skipping
[Cycle] No signal — YES=0.99 is between 0.32 and 0.68, sum=1.01 >= 0.97
[Ticker] KXSOL15M-26APR091100-00
[Market] YES=1.00 | NO=0.01 | Sum=1.01
==================================================
Balance: $116.56 | Regime: CHOP | Session: 0W/0L (0%) | PnL: $+0.00
[Confidence] Score=5/10 | extreme_edge,coinbase_weak,peak_hour
[Timing] Window 10 min old — skipping
[Cycle] No signal — YES=1.00 is between 0.32 and 0.68, sum=1.01 >= 0.97
[Ticker] KXSOL15M-26APR091100-00
[Market] YES=1.00 | NO=0.00 | Sum=1.00
==================================================
Balance: $116.56 | Regime: CHOP | Session: 0W/0L (0%) | PnL: $+0.00
[Confidence] Score=5/10 | extreme_edge,coinbase_weak,peak_hour
[Timing] Window 11 min old — skipping
[Cycle] No signal — YES=1.00 is between 0.32 and 0.68, sum=1.00 >= 0.97
[Ticker] KXSOL15M-26APR091100-00
[Market] YES=1.00 | NO=0.00 | Sum=1.00
==================================================
Balance: $116.56 | Regime: CHOP | Session: 0W/0L (0%) | PnL: $+0.00
[Confidence] Score=5/10 | extreme_edge,coinbase_weak,peak_hour
[Timing] Window 12 min old — skipping
[Cycle] No signal — YES=1.00 is between 0.32 and 0.68, sum=1.00 >= 0.97
[Ticker] KXSOL15M-26APR091100-00
[Market] YES=1.00 | NO=0.00 | Sum=1.00
==================================================
Balance: $116.56 | Regime: CHOP | Session: 0W/0L (0%) | PnL: $+0.00
[Confidence] Score=5/10 | extreme_edge,coinbase_weak,peak_hour
[Timing] Window 13 min old — skipping
[Cycle] No signal — YES=1.00 is between 0.32 and 0.68, sum=1.00 >= 0.97
[Ticker] KXSOL15M-26APR091100-00
[Market] YES=1.00 | NO=0.00 | Sum=1.00
==================================================
Balance: $116.56 | Regime: CHOP | Session: 0W/0L (0%) | PnL: $+0.00
[Confidence] Score=5/10 | extreme_edge,coinbase_weak,peak_hour
[Timing] Window 14 min old — skipping
[Cycle] No signal — YES=1.00 is between 0.32 and 0.68, sum=1.00 >= 0.97
[Ticker] KXSOL15M-26APR091115-15
[Market] YES=0.55 | NO=0.47 | Sum=1.02
==================================================
Balance: $116.56 | Regime: CHOP | Session: 0W/0L (0%) | PnL: $+0.00
[Cycle] No signal — YES=0.55 is between 0.32 and 0.68, sum=1.02 >= 0.97
[Ticker] KXSOL15M-26APR091115-15
[Market] YES=0.38 | NO=0.65 | Sum=1.03
==================================================
Balance: $116.56 | Regime: CHOP | Session: 0W/0L (0%) | PnL: $+0.00
[Cycle] No signal — YES=0.38 is between 0.32 and 0.68, sum=1.03 >= 0.97
[Ticker] KXSOL15M-26APR091115-15
[Market] YES=0.43 | NO=0.61 | Sum=1.04
==================================================
Balance: $116.56 | Regime: CHOP | Session: 0W/0L (0%) | PnL: $+0.00
[Cycle] No signal — YES=0.43 is between 0.32 and 0.68, sum=1.04 >= 0.97
[Ticker] KXSOL15M-26APR091115-15
[Market] YES=0.32 | NO=0.69 | Sum=1.01
==================================================
Balance: $116.56 | Regime: CHOP | Session: 0W/0L (0%) | PnL: $+0.00
[Cycle] No signal — YES=0.32 is between 0.32 and 0.68, sum=1.01 >= 0.97
[Ticker] KXSOL15M-26APR091115-15
[Market] YES=0.24 | NO=0.79 | Sum=1.03
==================================================
Balance: $116.56 | Regime: CHOP | Session: 0W/0L (0%) | PnL: $+0.00
[Confidence] Score=5/10 | moderate_edge,coinbase_weak,all3_agree,peak_hour
[Signal] DOWN candidate | yes=0.24 | waiting (1/2)
[Cycle] No signal — YES=0.24 is between 0.32 and 0.68, sum=1.03 >= 0.97
