0 verbose cli /usr/bin/node /usr/bin/npm
1 info using npm@10.8.2
2 info using node@v20.20.0
3 silly config load:file:/usr/lib/node_modules/npm/npmrc
4 silly config load:file:/root/.npmrc
5 silly config load:file:/usr/etc/npmrc
6 verbose title npm install pmxtjs
7 verbose argv "install" "--global" "pmxtjs"
8 verbose logfile logs-max:10 dir:/root/.npm/_logs/2026-03-30T13_55_19_797Z-
9 verbose logfile /root/.npm/_logs/2026-03-30T13_55_19_797Z-debug-0.log
10 silly packumentCache heap:516947968 maxSize:129236992 maxEntrySize:64618496
11 silly logfile done cleaning log files
12 silly idealTree buildDeps
13 silly fetch manifest pmxtjs@*
14 silly packumentCache full:https://registry.npmjs.org/pmxtjs cache-miss
15 http fetch GET 200 https://registry.npmjs.org/npm 206ms
16 http fetch GET 200 https://registry.npmjs.org/pmxtjs 341ms (cache miss)
17 silly packumentCache full:https://registry.npmjs.org/pmxtjs set size:undefined disposed:false
18 silly placeDep ROOT pmxtjs@2.22.1 OK for:  want: *
19 silly fetch manifest pmxt-core@2.22.1
20 silly packumentCache full:https://registry.npmjs.org/pmxt-core cache-miss
21 http fetch GET 200 https://registry.npmjs.org/pmxt-core 186ms (cache miss)
22 silly packumentCache full:https://registry.npmjs.org/pmxt-core set size:undefined disposed:false
23 silly fetch manifest @nevuamarkets/poly-websockets@^1.0.0
24 silly packumentCache full:https://registry.npmjs.org/@nevuamarkets%2fpoly-websockets cache-miss
25 http fetch GET 200 https://registry.npmjs.org/@nevuamarkets%2fpoly-websockets 508ms (cache miss)
26 silly packumentCache full:https://registry.npmjs.org/@nevuamarkets%2fpoly-websockets set size:undefined disposed:false
27 silly placeDep node_modules/pmxtjs pmxt-core@2.22.1 OK for: pmxtjs@2.22.1 want: 2.22.1
28 silly fetch manifest @limitless-exchange/sdk@^1.0.2
29 silly packumentCache full:https://registry.npmjs.org/@limitless-exchange%2fsdk cache-miss
30 http fetch GET 200 https://registry.npmjs.org/@limitless-exchange%2fsdk 346ms (cache miss)
31 silly packumentCache full:https://registry.npmjs.org/@limitless-exchange%2fsdk set size:undefined disposed:false
32 silly fetch manifest @opinion-labs/opinion-clob-sdk@^0.6.0
33 silly packumentCache full:https://registry.npmjs.org/@opinion-labs%2fopinion-clob-sdk cache-miss
34 http fetch GET 200 https://registry.npmjs.org/@opinion-labs%2fopinion-clob-sdk 514ms (cache miss)
35 silly packumentCache full:https://registry.npmjs.org/@opinion-labs%2fopinion-clob-sdk set size:undefined disposed:false
36 silly fetch manifest @polymarket/clob-client@^5.2.0
37 silly packumentCache full:https://registry.npmjs.org/@polymarket%2fclob-client cache-miss
38 http fetch GET 200 https://registry.npmjs.org/@polymarket%2fclob-client 534ms (cache miss)
39 silly packumentCache full:https://registry.npmjs.org/@polymarket%2fclob-client set size:undefined disposed:false
40 silly fetch manifest @prob/clob@0.5.0
41 silly packumentCache full:https://registry.npmjs.org/@prob%2fclob cache-miss
42 http fetch GET 200 https://registry.npmjs.org/@prob%2fclob 353ms (cache miss)
43 silly packumentCache full:https://registry.npmjs.org/@prob%2fclob set size:undefined disposed:false
44 silly fetch manifest @solana/web3.js@^1.98.4
45 silly packumentCache full:https://registry.npmjs.org/@solana%2fweb3.js cache-miss
46 http fetch GET 200 https://registry.npmjs.org/@solana%2fweb3.js 320ms (cache miss)
47 silly packumentCache full:https://registry.npmjs.org/@solana%2fweb3.js set size:undefined disposed:false
48 silly fetch manifest @types/express@^5.0.6
49 silly packumentCache full:https://registry.npmjs.org/@types%2fexpress cache-miss
50 http fetch GET 200 https://registry.npmjs.org/@types%2fexpress 48ms (cache miss)
51 silly packumentCache full:https://registry.npmjs.org/@types%2fexpress set size:undefined disposed:false
52 silly fetch manifest axios@^1.13.2
53 silly packumentCache full:https://registry.npmjs.org/axios cache-miss
54 http fetch GET 200 https://registry.npmjs.org/axios 43ms (cache miss)
55 silly packumentCache full:https://registry.npmjs.org/axios set size:undefined disposed:false
56 silly fetch manifest bs58@^6.0.0
57 silly packumentCache full:https://registry.npmjs.org/bs58 cache-miss
58 http fetch GET 200 https://registry.npmjs.org/bs58 41ms (cache miss)
59 silly packumentCache full:https://registry.npmjs.org/bs58 set size:undefined disposed:false
60 silly fetch manifest cors@^2.8.5
61 silly packumentCache full:https://registry.npmjs.org/cors cache-miss
62 http fetch GET 200 https://registry.npmjs.org/cors 40ms (cache miss)
63 silly packumentCache full:https://registry.npmjs.org/cors set size:undefined disposed:false
64 silly fetch manifest dotenv@^17.2.3
65 silly packumentCache full:https://registry.npmjs.org/dotenv cache-miss
66 http fetch GET 200 https://registry.npmjs.org/dotenv 37ms (cache miss)
67 silly packumentCache full:https://registry.npmjs.org/dotenv set size:undefined disposed:false
68 silly fetch manifest ethers@^5.8.0
69 silly packumentCache full:https://registry.npmjs.org/ethers cache-miss
70 http fetch GET 200 https://registry.npmjs.org/ethers 93ms (cache miss)
71 silly packumentCache full:https://registry.npmjs.org/ethers set size:undefined disposed:false
72 silly fetch manifest express@^5.2.1
73 silly packumentCache full:https://registry.npmjs.org/express cache-miss
74 http fetch GET 200 https://registry.npmjs.org/express 46ms (cache miss)
75 silly packumentCache full:https://registry.npmjs.org/express set size:undefined disposed:false
76 silly fetch manifest isows@^1.0.6
77 silly packumentCache full:https://registry.npmjs.org/isows cache-miss
78 http fetch GET 200 https://registry.npmjs.org/isows 38ms (cache miss)
79 silly packumentCache full:https://registry.npmjs.org/isows set size:undefined disposed:false
80 silly fetch manifest jest@^30.2.0
81 silly packumentCache full:https://registry.npmjs.org/jest cache-miss
82 http fetch GET 200 https://registry.npmjs.org/jest 64ms (cache miss)
83 silly packumentCache full:https://registry.npmjs.org/jest set size:undefined disposed:false
84 silly fetch manifest tsx@^4.21.0
85 silly packumentCache full:https://registry.npmjs.org/tsx cache-miss
86 http fetch GET 200 https://registry.npmjs.org/tsx 38ms (cache miss)
87 silly packumentCache full:https://registry.npmjs.org/tsx set size:undefined disposed:false
88 silly fetch manifest ws@^8.18.0
89 silly packumentCache full:https://registry.npmjs.org/ws cache-miss
90 http fetch GET 200 https://registry.npmjs.org/ws 48ms (cache miss)
91 silly packumentCache full:https://registry.npmjs.org/ws set size:undefined disposed:false
92 silly fetch manifest node-notifier@^8.0.1 || ^9.0.0 || ^10.0.0
93 silly packumentCache full:https://registry.npmjs.org/node-notifier cache-miss
94 http fetch GET 200 https://registry.npmjs.org/node-notifier 42ms (cache miss)
95 silly packumentCache full:https://registry.npmjs.org/node-notifier set size:undefined disposed:false
96 silly fetch manifest bufferutil@^4.0.1
97 silly packumentCache full:https://registry.npmjs.org/bufferutil cache-miss
98 http fetch GET 200 https://registry.npmjs.org/bufferutil 37ms (cache miss)
99 silly packumentCache full:https://registry.npmjs.org/bufferutil set size:undefined disposed:false
100 silly fetch manifest utf-8-validate@>=5.0.2
101 silly packumentCache full:https://registry.npmjs.org/utf-8-validate cache-miss
102 http fetch GET 200 https://registry.npmjs.org/utf-8-validate 29ms (cache miss)
103 silly packumentCache full:https://registry.npmjs.org/utf-8-validate set size:undefined disposed:false
104 silly placeDep node_modules/pmxtjs @limitless-exchange/sdk@1.0.3 OK for: pmxt-core@2.22.1 want: ^1.0.2
105 silly placeDep node_modules/pmxtjs @opinion-labs/opinion-clob-sdk@0.6.0 OK for: pmxt-core@2.22.1 want: ^0.6.0
106 silly placeDep node_modules/pmxtjs @polymarket/clob-client@5.8.1 OK for: pmxt-core@2.22.1 want: ^5.2.0
107 silly placeDep node_modules/pmxtjs @prob/clob@0.5.0 OK for: pmxt-core@2.22.1 want: 0.5.0
108 silly placeDep node_modules/pmxtjs @solana/web3.js@1.98.4 OK for: pmxt-core@2.22.1 want: ^1.98.4
109 silly placeDep node_modules/pmxtjs @types/express@5.0.6 OK for: pmxt-core@2.22.1 want: ^5.0.6
110 silly placeDep node_modules/pmxtjs axios@1.14.0 OK for: pmxt-core@2.22.1 want: ^1.13.2
111 silly placeDep node_modules/pmxtjs bs58@6.0.0 OK for: pmxt-core@2.22.1 want: ^6.0.0
112 silly placeDep node_modules/pmxtjs cors@2.8.6 OK for: pmxt-core@2.22.1 want: ^2.8.5
113 silly placeDep node_modules/pmxtjs dotenv@17.3.1 OK for: pmxt-core@2.22.1 want: ^17.2.3
114 silly placeDep node_modules/pmxtjs ethers@5.8.0 OK for: pmxt-core@2.22.1 want: ^5.8.0
115 silly placeDep node_modules/pmxtjs express@5.2.1 OK for: pmxt-core@2.22.1 want: ^5.2.1
116 silly placeDep node_modules/pmxtjs isows@1.0.7 OK for: pmxt-core@2.22.1 want: ^1.0.6
117 silly placeDep node_modules/pmxtjs ws@8.20.0 OK for: isows@1.0.7 want: *
118 silly placeDep node_modules/pmxtjs jest@30.3.0 OK for: pmxt-core@2.22.1 want: ^30.2.0
119 silly placeDep node_modules/pmxtjs tsx@4.21.0 OK for: pmxt-core@2.22.1 want: ^4.21.0
120 silly fetch manifest axios@^1.7.0
121 silly packumentCache full:https://registry.npmjs.org/axios cache-miss
122 http fetch GET 200 https://registry.npmjs.org/axios 13ms (cache hit)
123 silly packumentCache full:https://registry.npmjs.org/axios set size:776919 disposed:false
124 silly fetch manifest ethers@^6.16.0
125 silly packumentCache full:https://registry.npmjs.org/ethers cache-miss
126 http fetch GET 200 https://registry.npmjs.org/ethers 38ms (cache hit)
127 silly packumentCache full:https://registry.npmjs.org/ethers set size:1373706 disposed:false
128 silly fetch manifest eventemitter3@^5.0.0
129 silly packumentCache full:https://registry.npmjs.org/eventemitter3 cache-miss
130 http fetch GET 200 https://registry.npmjs.org/eventemitter3 57ms (cache miss)
131 silly packumentCache full:https://registry.npmjs.org/eventemitter3 set size:undefined disposed:false
132 silly fetch manifest socket.io-client@^4.7.0
133 silly packumentCache full:https://registry.npmjs.org/socket.io-client cache-miss
134 http fetch GET 200 https://registry.npmjs.org/socket.io-client 40ms (cache miss)
135 silly packumentCache full:https://registry.npmjs.org/socket.io-client set size:undefined disposed:false
136 silly fetch manifest @opinion-labs/opinion-api@^0.3.0
137 silly packumentCache full:https://registry.npmjs.org/@opinion-labs%2fopinion-api cache-miss
138 http fetch GET 200 https://registry.npmjs.org/@opinion-labs%2fopinion-api 374ms (cache miss)
139 silly packumentCache full:https://registry.npmjs.org/@opinion-labs%2fopinion-api set size:undefined disposed:false
140 silly fetch manifest https-proxy-agent@^7.0.6
141 silly packumentCache full:https://registry.npmjs.org/https-proxy-agent cache-miss
142 http fetch GET 200 https://registry.npmjs.org/https-proxy-agent 31ms (cache miss)
143 silly packumentCache full:https://registry.npmjs.org/https-proxy-agent set size:undefined disposed:false
144 silly fetch manifest undici@^6.0.0
145 silly packumentCache full:https://registry.npmjs.org/undici cache-miss
146 http fetch GET 200 https://registry.npmjs.org/undici 69ms (cache miss)
147 silly packumentCache full:https://registry.npmjs.org/undici set size:undefined disposed:false
148 silly fetch manifest viem@^2.21.0
149 silly packumentCache full:https://registry.npmjs.org/viem cache-miss
150 http fetch GET 200 https://registry.npmjs.org/viem 344ms (cache miss)
151 silly packumentCache full:https://registry.npmjs.org/viem set size:undefined disposed:false
152 silly fetch manifest ws@^8.19.0
153 silly packumentCache full:https://registry.npmjs.org/ws cache-miss
154 http fetch GET 200 https://registry.npmjs.org/ws 16ms (cache hit)
155 silly packumentCache full:https://registry.npmjs.org/ws set size:415737 disposed:false
156 silly fetch manifest viem@^2.46.3
157 silly packumentCache full:https://registry.npmjs.org/viem cache-miss
158 http fetch GET 200 https://registry.npmjs.org/viem 44ms (cache hit)
159 silly packumentCache full:https://registry.npmjs.org/viem set size:10682268 disposed:false
160 silly fetch manifest axios@^1.0.0
161 silly packumentCache full:https://registry.npmjs.org/axios cache-hit
162 silly fetch manifest browser-or-node@^2.1.1
163 silly packumentCache full:https://registry.npmjs.org/browser-or-node cache-miss
164 http fetch GET 200 https://registry.npmjs.org/browser-or-node 49ms (cache miss)
165 silly packumentCache full:https://registry.npmjs.org/browser-or-node set size:undefined disposed:false
166 silly fetch manifest @polymarket/builder-signing-sdk@^1.0.0
167 silly packumentCache full:https://registry.npmjs.org/@polymarket%2fbuilder-signing-sdk cache-miss
168 http fetch GET 200 https://registry.npmjs.org/@polymarket%2fbuilder-signing-sdk 202ms (cache miss)
169 silly packumentCache full:https://registry.npmjs.org/@polymarket%2fbuilder-signing-sdk set size:undefined disposed:false
170 silly fetch manifest ky@^1.14.0
171 silly packumentCache full:https://registry.npmjs.org/ky cache-miss
172 http fetch GET 200 https://registry.npmjs.org/ky 41ms (cache miss)
173 silly packumentCache full:https://registry.npmjs.org/ky set size:undefined disposed:false
174 silly fetch manifest viem@^2.38.3
175 silly packumentCache full:https://registry.npmjs.org/viem cache-miss
176 http fetch GET 200 https://registry.npmjs.org/viem 37ms (cache hit)
177 silly packumentCache full:https://registry.npmjs.org/viem set size:10682268 disposed:false
178 silly fetch manifest isows@^1.0.7
179 silly packumentCache full:https://registry.npmjs.org/isows cache-miss
180 http fetch GET 200 https://registry.npmjs.org/isows 22ms (cache hit)
181 silly packumentCache full:https://registry.npmjs.org/isows set size:83098 disposed:false
182 silly fetch manifest @prob/core@0.3.0
183 silly packumentCache full:https://registry.npmjs.org/@prob%2fcore cache-miss
184 http fetch GET 200 https://registry.npmjs.org/@prob%2fcore 374ms (cache miss)
185 silly packumentCache full:https://registry.npmjs.org/@prob%2fcore set size:undefined disposed:false
186 silly fetch manifest @prob/types@0.0.1
187 silly packumentCache full:https://registry.npmjs.org/@prob%2ftypes cache-miss
188 http fetch GET 200 https://registry.npmjs.org/@prob%2ftypes 387ms (cache miss)
189 silly packumentCache full:https://registry.npmjs.org/@prob%2ftypes set size:undefined disposed:false
190 silly fetch manifest bignumber.js@^9.3.1
191 silly packumentCache full:https://registry.npmjs.org/bignumber.js cache-miss
192 http fetch GET 200 https://registry.npmjs.org/bignumber.js 42ms (cache miss)
193 silly packumentCache full:https://registry.npmjs.org/bignumber.js set size:undefined disposed:false
194 silly fetch manifest bs58@^4.0.1
195 silly packumentCache full:https://registry.npmjs.org/bs58 cache-miss
196 http fetch GET 200 https://registry.npmjs.org/bs58 8ms (cache hit)
197 silly packumentCache full:https://registry.npmjs.org/bs58 set size:28639 disposed:false
198 silly fetch manifest bn.js@^5.2.1
199 silly packumentCache full:https://registry.npmjs.org/bn.js cache-miss
200 http fetch GET 200 https://registry.npmjs.org/bn.js 34ms (cache miss)
201 silly packumentCache full:https://registry.npmjs.org/bn.js set size:undefined disposed:false
202 silly fetch manifest borsh@^0.7.0
203 silly packumentCache full:https://registry.npmjs.org/borsh cache-miss
204 http fetch GET 200 https://registry.npmjs.org/borsh 29ms (cache miss)
205 silly packumentCache full:https://registry.npmjs.org/borsh set size:undefined disposed:false
206 silly fetch manifest buffer@6.0.3
207 silly packumentCache full:https://registry.npmjs.org/buffer cache-miss
208 http fetch GET 200 https://registry.npmjs.org/buffer 36ms (cache miss)
209 silly packumentCache full:https://registry.npmjs.org/buffer set size:undefined disposed:false
210 silly fetch manifest jayson@^4.1.1
211 silly packumentCache full:https://registry.npmjs.org/jayson cache-miss
212 http fetch GET 200 https://registry.npmjs.org/jayson 37ms (cache miss)
213 silly packumentCache full:https://registry.npmjs.org/jayson set size:undefined disposed:false
214 silly fetch manifest node-fetch@^2.7.0
215 silly packumentCache full:https://registry.npmjs.org/node-fetch cache-miss
216 http fetch GET 200 https://registry.npmjs.org/node-fetch 48ms (cache miss)
217 silly packumentCache full:https://registry.npmjs.org/node-fetch set size:undefined disposed:false
218 silly fetch manifest superstruct@^2.0.2
219 silly packumentCache full:https://registry.npmjs.org/superstruct cache-miss
220 http fetch GET 200 https://registry.npmjs.org/superstruct 37ms (cache miss)
221 silly packumentCache full:https://registry.npmjs.org/superstruct set size:undefined disposed:false
222 silly fetch manifest @noble/curves@^1.4.2
223 silly packumentCache full:https://registry.npmjs.org/@noble%2fcurves cache-miss
224 http fetch GET 200 https://registry.npmjs.org/@noble%2fcurves 53ms (cache miss)
225 silly packumentCache full:https://registry.npmjs.org/@noble%2fcurves set size:undefined disposed:false
226 silly fetch manifest @noble/hashes@^1.4.0
227 silly packumentCache full:https://registry.npmjs.org/@noble%2fhashes cache-miss
228 http fetch GET 200 https://registry.npmjs.org/@noble%2fhashes 44ms (cache miss)
229 silly packumentCache full:https://registry.npmjs.org/@noble%2fhashes set size:undefined disposed:false
230 silly fetch manifest @babel/runtime@^7.25.0
231 silly packumentCache full:https://registry.npmjs.org/@babel%2fruntime cache-miss
232 http fetch GET 200 https://registry.npmjs.org/@babel%2fruntime 108ms (cache miss)
233 silly packumentCache full:https://registry.npmjs.org/@babel%2fruntime set size:undefined disposed:false
234 silly fetch manifest agentkeepalive@^4.5.0
235 silly packumentCache full:https://registry.npmjs.org/agentkeepalive cache-miss
236 http fetch GET 200 https://registry.npmjs.org/agentkeepalive 53ms (cache miss)
237 silly packumentCache full:https://registry.npmjs.org/agentkeepalive set size:undefined disposed:false
238 silly fetch manifest rpc-websockets@^9.0.2
239 silly packumentCache full:https://registry.npmjs.org/rpc-websockets cache-miss
240 http fetch GET 200 https://registry.npmjs.org/rpc-websockets 45ms (cache miss)
241 silly packumentCache full:https://registry.npmjs.org/rpc-websockets set size:undefined disposed:false
242 silly fetch manifest @solana/buffer-layout@^4.0.1
243 silly packumentCache full:https://registry.npmjs.org/@solana%2fbuffer-layout cache-miss
244 http fetch GET 200 https://registry.npmjs.org/@solana%2fbuffer-layout 71ms (cache miss)
245 silly packumentCache full:https://registry.npmjs.org/@solana%2fbuffer-layout set size:undefined disposed:false
246 silly fetch manifest fast-stable-stringify@^1.0.0
247 silly packumentCache full:https://registry.npmjs.org/fast-stable-stringify cache-miss
248 http fetch GET 200 https://registry.npmjs.org/fast-stable-stringify 29ms (cache miss)
249 silly packumentCache full:https://registry.npmjs.org/fast-stable-stringify set size:undefined disposed:false
250 silly fetch manifest @solana/codecs-numbers@^2.1.0
251 silly packumentCache full:https://registry.npmjs.org/@solana%2fcodecs-numbers cache-miss
252 http fetch GET 200 https://registry.npmjs.org/@solana%2fcodecs-numbers 254ms (cache miss)
253 silly packumentCache full:https://registry.npmjs.org/@solana%2fcodecs-numbers set size:undefined disposed:false
254 silly fetch manifest @types/body-parser@*
255 silly packumentCache full:https://registry.npmjs.org/@types%2fbody-parser cache-miss
256 http fetch GET 200 https://registry.npmjs.org/@types%2fbody-parser 68ms (cache miss)
257 silly packumentCache full:https://registry.npmjs.org/@types%2fbody-parser set size:undefined disposed:false
258 silly fetch manifest @types/serve-static@^2
259 silly packumentCache full:https://registry.npmjs.org/@types%2fserve-static cache-miss
260 http fetch GET 200 https://registry.npmjs.org/@types%2fserve-static 41ms (cache miss)
261 silly packumentCache full:https://registry.npmjs.org/@types%2fserve-static set size:undefined disposed:false
262 silly fetch manifest @types/express-serve-static-core@^5.0.0
263 silly packumentCache full:https://registry.npmjs.org/@types%2fexpress-serve-static-core cache-miss
264 http fetch GET 200 https://registry.npmjs.org/@types%2fexpress-serve-static-core 56ms (cache miss)
265 silly packumentCache full:https://registry.npmjs.org/@types%2fexpress-serve-static-core set size:undefined disposed:false
266 silly fetch manifest follow-redirects@^1.15.11
267 silly packumentCache full:https://registry.npmjs.org/follow-redirects cache-miss
268 http fetch GET 200 https://registry.npmjs.org/follow-redirects 38ms (cache miss)
269 silly packumentCache full:https://registry.npmjs.org/follow-redirects set size:undefined disposed:false
270 silly fetch manifest form-data@^4.0.5
271 silly packumentCache full:https://registry.npmjs.org/form-data cache-miss
272 http fetch GET 200 https://registry.npmjs.org/form-data 53ms (cache miss)
273 silly packumentCache full:https://registry.npmjs.org/form-data set size:undefined disposed:false
274 silly fetch manifest proxy-from-env@^2.1.0
275 silly packumentCache full:https://registry.npmjs.org/proxy-from-env cache-miss
276 http fetch GET 200 https://registry.npmjs.org/proxy-from-env 36ms (cache miss)
277 silly packumentCache full:https://registry.npmjs.org/proxy-from-env set size:undefined disposed:false
278 silly fetch manifest base-x@^5.0.0
279 silly packumentCache full:https://registry.npmjs.org/base-x cache-miss
280 http fetch GET 200 https://registry.npmjs.org/base-x 36ms (cache miss)
281 silly packumentCache full:https://registry.npmjs.org/base-x set size:undefined disposed:false
282 silly fetch manifest object-assign@^4
283 silly packumentCache full:https://registry.npmjs.org/object-assign cache-miss
284 http fetch GET 200 https://registry.npmjs.org/object-assign 29ms (cache miss)
285 silly packumentCache full:https://registry.npmjs.org/object-assign set size:undefined disposed:false
286 silly fetch manifest vary@^1
287 silly packumentCache full:https://registry.npmjs.org/vary cache-miss
288 http fetch GET 200 https://registry.npmjs.org/vary 33ms (cache miss)
289 silly packumentCache full:https://registry.npmjs.org/vary set size:undefined disposed:false
290 silly fetch manifest @ethersproject/abi@5.8.0
291 silly packumentCache full:https://registry.npmjs.org/@ethersproject%2fabi cache-miss
292 http fetch GET 200 https://registry.npmjs.org/@ethersproject%2fabi 126ms (cache miss)
293 silly packumentCache full:https://registry.npmjs.org/@ethersproject%2fabi set size:undefined disposed:false
294 silly fetch manifest @ethersproject/rlp@5.8.0
295 silly packumentCache full:https://registry.npmjs.org/@ethersproject%2frlp cache-miss
296 http fetch GET 200 https://registry.npmjs.org/@ethersproject%2frlp 123ms (cache miss)
297 silly packumentCache full:https://registry.npmjs.org/@ethersproject%2frlp set size:undefined disposed:false
298 silly fetch manifest @ethersproject/web@5.8.0
299 silly packumentCache full:https://registry.npmjs.org/@ethersproject%2fweb cache-miss
300 http fetch GET 200 https://registry.npmjs.org/@ethersproject%2fweb 108ms (cache miss)
301 silly packumentCache full:https://registry.npmjs.org/@ethersproject%2fweb set size:undefined disposed:false
302 silly fetch manifest @ethersproject/hash@5.8.0
303 silly packumentCache full:https://registry.npmjs.org/@ethersproject%2fhash cache-miss
304 http fetch GET 200 https://registry.npmjs.org/@ethersproject%2fhash 124ms (cache miss)
305 silly packumentCache full:https://registry.npmjs.org/@ethersproject%2fhash set size:undefined disposed:false
306 silly fetch manifest @ethersproject/sha2@5.8.0
307 silly packumentCache full:https://registry.npmjs.org/@ethersproject%2fsha2 cache-miss
308 http fetch GET 200 https://registry.npmjs.org/@ethersproject%2fsha2 141ms (cache miss)
309 silly packumentCache full:https://registry.npmjs.org/@ethersproject%2fsha2 set size:undefined disposed:false
310 silly fetch manifest @ethersproject/basex@5.8.0
311 silly packumentCache full:https://registry.npmjs.org/@ethersproject%2fbasex cache-miss
312 http fetch GET 200 https://registry.npmjs.org/@ethersproject%2fbasex 233ms (cache miss)
313 silly packumentCache full:https://registry.npmjs.org/@ethersproject%2fbasex set size:undefined disposed:false
314 silly fetch manifest @ethersproject/bytes@5.8.0
315 silly packumentCache full:https://registry.npmjs.org/@ethersproject%2fbytes cache-miss
316 http fetch GET 200 https://registry.npmjs.org/@ethersproject%2fbytes 57ms (cache miss)
317 silly packumentCache full:https://registry.npmjs.org/@ethersproject%2fbytes set size:undefined disposed:false
318 silly fetch manifest @ethersproject/units@5.8.0
319 silly packumentCache full:https://registry.npmjs.org/@ethersproject%2funits cache-miss
320 http fetch GET 200 https://registry.npmjs.org/@ethersproject%2funits 236ms (cache miss)
321 silly packumentCache full:https://registry.npmjs.org/@ethersproject%2funits set size:undefined disposed:false
322 silly fetch manifest @ethersproject/base64@5.8.0
323 silly packumentCache full:https://registry.npmjs.org/@ethersproject%2fbase64 cache-miss
324 http fetch GET 200 https://registry.npmjs.org/@ethersproject%2fbase64 184ms (cache miss)
325 silly packumentCache full:https://registry.npmjs.org/@ethersproject%2fbase64 set size:undefined disposed:false
326 silly fetch manifest @ethersproject/hdnode@5.8.0
327 silly packumentCache full:https://registry.npmjs.org/@ethersproject%2fhdnode cache-miss
328 http fetch GET 200 https://registry.npmjs.org/@ethersproject%2fhdnode 158ms (cache miss)
329 silly packumentCache full:https://registry.npmjs.org/@ethersproject%2fhdnode set size:undefined disposed:false
330 silly fetch manifest @ethersproject/logger@5.8.0
331 silly packumentCache full:https://registry.npmjs.org/@ethersproject%2flogger cache-miss
332 http fetch GET 200 https://registry.npmjs.org/@ethersproject%2flogger 50ms (cache miss)
333 silly packumentCache full:https://registry.npmjs.org/@ethersproject%2flogger set size:undefined disposed:false
334 silly fetch manifest @ethersproject/pbkdf2@5.8.0
335 silly packumentCache full:https://registry.npmjs.org/@ethersproject%2fpbkdf2 cache-miss
336 http fetch GET 200 https://registry.npmjs.org/@ethersproject%2fpbkdf2 220ms (cache miss)
337 silly packumentCache full:https://registry.npmjs.org/@ethersproject%2fpbkdf2 set size:undefined disposed:false
338 silly fetch manifest @ethersproject/random@5.8.0
339 silly packumentCache full:https://registry.npmjs.org/@ethersproject%2frandom cache-miss
340 http fetch GET 200 https://registry.npmjs.org/@ethersproject%2frandom 162ms (cache miss)
341 silly packumentCache full:https://registry.npmjs.org/@ethersproject%2frandom set size:undefined disposed:false
342 silly fetch manifest @ethersproject/wallet@5.8.0
343 silly packumentCache full:https://registry.npmjs.org/@ethersproject%2fwallet cache-miss
344 http fetch GET 200 https://registry.npmjs.org/@ethersproject%2fwallet 212ms (cache miss)
345 silly packumentCache full:https://registry.npmjs.org/@ethersproject%2fwallet set size:undefined disposed:false
346 silly fetch manifest @ethersproject/address@5.8.0
347 silly packumentCache full:https://registry.npmjs.org/@ethersproject%2faddress cache-miss
348 http fetch GET 200 https://registry.npmjs.org/@ethersproject%2faddress 118ms (cache miss)
349 silly packumentCache full:https://registry.npmjs.org/@ethersproject%2faddress set size:undefined disposed:false
350 silly fetch manifest @ethersproject/strings@5.8.0
351 silly packumentCache full:https://registry.npmjs.org/@ethersproject%2fstrings cache-miss
352 http fetch GET 200 https://registry.npmjs.org/@ethersproject%2fstrings 58ms (cache miss)
353 silly packumentCache full:https://registry.npmjs.org/@ethersproject%2fstrings set size:undefined disposed:false
354 silly fetch manifest @ethersproject/networks@5.8.0
355 silly packumentCache full:https://registry.npmjs.org/@ethersproject%2fnetworks cache-miss
356 http fetch GET 200 https://registry.npmjs.org/@ethersproject%2fnetworks 120ms (cache miss)
357 silly packumentCache full:https://registry.npmjs.org/@ethersproject%2fnetworks set size:undefined disposed:false
358 silly fetch manifest @ethersproject/solidity@5.8.0
359 silly packumentCache full:https://registry.npmjs.org/@ethersproject%2fsolidity cache-miss
360 http fetch GET 200 https://registry.npmjs.org/@ethersproject%2fsolidity 230ms (cache miss)
361 silly packumentCache full:https://registry.npmjs.org/@ethersproject%2fsolidity set size:undefined disposed:false
362 silly fetch manifest @ethersproject/bignumber@5.8.0
363 silly packumentCache full:https://registry.npmjs.org/@ethersproject%2fbignumber cache-miss
364 http fetch GET 200 https://registry.npmjs.org/@ethersproject%2fbignumber 44ms (cache miss)
365 silly packumentCache full:https://registry.npmjs.org/@ethersproject%2fbignumber set size:undefined disposed:false
366 silly fetch manifest @ethersproject/constants@5.8.0
367 silly packumentCache full:https://registry.npmjs.org/@ethersproject%2fconstants cache-miss
368 http fetch GET 200 https://registry.npmjs.org/@ethersproject%2fconstants 114ms (cache miss)
369 silly packumentCache full:https://registry.npmjs.org/@ethersproject%2fconstants set size:undefined disposed:false
370 silly fetch manifest @ethersproject/contracts@5.8.0
371 silly packumentCache full:https://registry.npmjs.org/@ethersproject%2fcontracts cache-miss
372 http fetch GET 200 https://registry.npmjs.org/@ethersproject%2fcontracts 368ms (cache miss)
373 silly packumentCache full:https://registry.npmjs.org/@ethersproject%2fcontracts set size:undefined disposed:false
374 silly fetch manifest @ethersproject/keccak256@5.8.0
375 silly packumentCache full:https://registry.npmjs.org/@ethersproject%2fkeccak256 cache-miss
376 http fetch GET 200 https://registry.npmjs.org/@ethersproject%2fkeccak256 183ms (cache miss)
377 silly packumentCache full:https://registry.npmjs.org/@ethersproject%2fkeccak256 set size:undefined disposed:false
378 silly fetch manifest @ethersproject/providers@5.8.0
379 silly packumentCache full:https://registry.npmjs.org/@ethersproject%2fproviders cache-miss
380 http fetch GET 200 https://registry.npmjs.org/@ethersproject%2fproviders 244ms (cache miss)
381 silly packumentCache full:https://registry.npmjs.org/@ethersproject%2fproviders set size:undefined disposed:false
382 silly fetch manifest @ethersproject/wordlists@5.8.0
383 silly packumentCache full:https://registry.npmjs.org/@ethersproject%2fwordlists cache-miss
384 http fetch GET 200 https://registry.npmjs.org/@ethersproject%2fwordlists 212ms (cache miss)
385 silly packumentCache full:https://registry.npmjs.org/@ethersproject%2fwordlists set size:undefined disposed:false
386 silly fetch manifest @ethersproject/properties@5.8.0
387 silly packumentCache full:https://registry.npmjs.org/@ethersproject%2fproperties cache-miss
388 http fetch GET 200 https://registry.npmjs.org/@ethersproject%2fproperties 115ms (cache miss)
389 silly packumentCache full:https://registry.npmjs.org/@ethersproject%2fproperties set size:undefined disposed:false
390 silly fetch manifest @ethersproject/signing-key@5.8.0
391 silly packumentCache full:https://registry.npmjs.org/@ethersproject%2fsigning-key cache-miss
392 http fetch GET 200 https://registry.npmjs.org/@ethersproject%2fsigning-key 180ms (cache miss)
393 silly packumentCache full:https://registry.npmjs.org/@ethersproject%2fsigning-key set size:undefined disposed:false
394 silly fetch manifest @ethersproject/json-wallets@5.8.0
395 silly packumentCache full:https://registry.npmjs.org/@ethersproject%2fjson-wallets cache-miss
396 http fetch GET 200 https://registry.npmjs.org/@ethersproject%2fjson-wallets 241ms (cache miss)
397 silly packumentCache full:https://registry.npmjs.org/@ethersproject%2fjson-wallets set size:undefined disposed:false
398 silly fetch manifest @ethersproject/transactions@5.8.0
399 silly packumentCache full:https://registry.npmjs.org/@ethersproject%2ftransactions cache-miss
400 http fetch GET 200 https://registry.npmjs.org/@ethersproject%2ftransactions 124ms (cache miss)
401 silly packumentCache full:https://registry.npmjs.org/@ethersproject%2ftransactions set size:undefined disposed:false
402 silly fetch manifest @ethersproject/abstract-signer@5.8.0
403 silly packumentCache full:https://registry.npmjs.org/@ethersproject%2fabstract-signer cache-miss
404 http fetch GET 200 https://registry.npmjs.org/@ethersproject%2fabstract-signer 61ms (cache miss)
405 silly packumentCache full:https://registry.npmjs.org/@ethersproject%2fabstract-signer set size:undefined disposed:false
406 silly fetch manifest @ethersproject/abstract-provider@5.8.0
407 silly packumentCache full:https://registry.npmjs.org/@ethersproject%2fabstract-provider cache-miss
408 http fetch GET 200 https://registry.npmjs.org/@ethersproject%2fabstract-provider 203ms (cache miss)
409 silly packumentCache full:https://registry.npmjs.org/@ethersproject%2fabstract-provider set size:undefined disposed:false
410 silly fetch manifest qs@^6.14.0
411 silly packumentCache full:https://registry.npmjs.org/qs cache-miss
412 http fetch GET 200 https://registry.npmjs.org/qs 36ms (cache miss)
413 silly packumentCache full:https://registry.npmjs.org/qs set size:undefined disposed:false
414 silly fetch manifest depd@^2.0.0
415 silly packumentCache full:https://registry.npmjs.org/depd cache-miss
416 http fetch GET 200 https://registry.npmjs.org/depd 35ms (cache miss)
417 silly packumentCache full:https://registry.npmjs.org/depd set size:undefined disposed:false
418 silly fetch manifest etag@^1.8.1
419 silly packumentCache full:https://registry.npmjs.org/etag cache-miss
420 http fetch GET 200 https://registry.npmjs.org/etag 28ms (cache miss)
421 silly packumentCache full:https://registry.npmjs.org/etag set size:undefined disposed:false
422 silly fetch manifest once@^1.4.0
423 silly packumentCache full:https://registry.npmjs.org/once cache-miss
424 http fetch GET 200 https://registry.npmjs.org/once 29ms (cache miss)
425 silly packumentCache full:https://registry.npmjs.org/once set size:undefined disposed:false
426 silly fetch manifest send@^1.1.0
427 silly packumentCache full:https://registry.npmjs.org/send cache-miss
428 http fetch GET 200 https://registry.npmjs.org/send 76ms (cache miss)
429 silly packumentCache full:https://registry.npmjs.org/send set size:undefined disposed:false
430 silly fetch manifest vary@^1.1.2
431 silly packumentCache full:https://registry.npmjs.org/vary cache-miss
432 http fetch GET 200 https://registry.npmjs.org/vary 9ms (cache hit)
433 silly packumentCache full:https://registry.npmjs.org/vary set size:16018 disposed:false
434 silly fetch manifest debug@^4.4.0
435 silly packumentCache full:https://registry.npmjs.org/debug cache-miss
436 http fetch GET 200 https://registry.npmjs.org/debug 43ms (cache miss)
437 silly packumentCache full:https://registry.npmjs.org/debug set size:undefined disposed:false
438 silly fetch manifest fresh@^2.0.0
439 silly packumentCache full:https://registry.npmjs.org/fresh cache-miss
440 http fetch GET 200 https://registry.npmjs.org/fresh 49ms (cache miss)
441 silly packumentCache full:https://registry.npmjs.org/fresh set size:undefined disposed:false
442 silly fetch manifest cookie@^0.7.1
443 silly packumentCache full:https://registry.npmjs.org/cookie cache-miss
444 http fetch GET 200 https://registry.npmjs.org/cookie 40ms (cache miss)
445 silly packumentCache full:https://registry.npmjs.org/cookie set size:undefined disposed:false
446 silly fetch manifest router@^2.2.0
447 silly packumentCache full:https://registry.npmjs.org/router cache-miss
448 http fetch GET 200 https://registry.npmjs.org/router 54ms (cache miss)
449 silly packumentCache full:https://registry.npmjs.org/router set size:undefined disposed:false
450 silly fetch manifest accepts@^2.0.0
451 silly packumentCache full:https://registry.npmjs.org/accepts cache-miss
452 http fetch GET 200 https://registry.npmjs.org/accepts 42ms (cache miss)
453 silly packumentCache full:https://registry.npmjs.org/accepts set size:undefined disposed:false
454 silly fetch manifest type-is@^2.0.1
455 silly packumentCache full:https://registry.npmjs.org/type-is cache-miss
456 http fetch GET 200 https://registry.npmjs.org/type-is 44ms (cache miss)
457 silly packumentCache full:https://registry.npmjs.org/type-is set size:undefined disposed:false
458 silly fetch manifest parseurl@^1.3.3
459 silly packumentCache full:https://registry.npmjs.org/parseurl cache-miss
460 http fetch GET 200 https://registry.npmjs.org/parseurl 41ms (cache miss)
461 silly packumentCache full:https://registry.npmjs.org/parseurl set size:undefined disposed:false
462 silly fetch manifest statuses@^2.0.1
463 silly packumentCache full:https://registry.npmjs.org/statuses cache-miss
464 http fetch GET 200 https://registry.npmjs.org/statuses 42ms (cache miss)
465 silly packumentCache full:https://registry.npmjs.org/statuses set size:undefined disposed:false
466 silly fetch manifest encodeurl@^2.0.0
467 silly packumentCache full:https://registry.npmjs.org/encodeurl cache-miss
468 http fetch GET 200 https://registry.npmjs.org/encodeurl 34ms (cache miss)
469 silly packumentCache full:https://registry.npmjs.org/encodeurl set size:undefined disposed:false
470 silly fetch manifest mime-types@^3.0.0
471 silly packumentCache full:https://registry.npmjs.org/mime-types cache-miss
472 http fetch GET 200 https://registry.npmjs.org/mime-types 48ms (cache miss)
473 silly packumentCache full:https://registry.npmjs.org/mime-types set size:undefined disposed:false
474 silly fetch manifest proxy-addr@^2.0.7
475 silly packumentCache full:https://registry.npmjs.org/proxy-addr cache-miss
476 http fetch GET 200 https://registry.npmjs.org/proxy-addr 33ms (cache miss)
477 silly packumentCache full:https://registry.npmjs.org/proxy-addr set size:undefined disposed:false
478 silly fetch manifest body-parser@^2.2.1
479 silly packumentCache full:https://registry.npmjs.org/body-parser cache-miss
480 http fetch GET 200 https://registry.npmjs.org/body-parser 38ms (cache miss)
481 silly packumentCache full:https://registry.npmjs.org/body-parser set size:undefined disposed:false
482 silly fetch manifest escape-html@^1.0.3
483 silly packumentCache full:https://registry.npmjs.org/escape-html cache-miss
484 http fetch GET 200 https://registry.npmjs.org/escape-html 28ms (cache miss)
485 silly packumentCache full:https://registry.npmjs.org/escape-html set size:undefined disposed:false
486 silly fetch manifest http-errors@^2.0.0
487 silly packumentCache full:https://registry.npmjs.org/http-errors cache-miss
488 http fetch GET 200 https://registry.npmjs.org/http-errors 102ms (cache miss)
489 silly packumentCache full:https://registry.npmjs.org/http-errors set size:undefined disposed:false
490 silly fetch manifest on-finished@^2.4.1
491 silly packumentCache full:https://registry.npmjs.org/on-finished cache-miss
492 http fetch GET 200 https://registry.npmjs.org/on-finished 34ms (cache miss)
493 silly packumentCache full:https://registry.npmjs.org/on-finished set size:undefined disposed:false
494 silly fetch manifest content-type@^1.0.5
495 silly packumentCache full:https://registry.npmjs.org/content-type cache-miss
496 http fetch GET 200 https://registry.npmjs.org/content-type 29ms (cache miss)
497 silly packumentCache full:https://registry.npmjs.org/content-type set size:undefined disposed:false
498 silly fetch manifest finalhandler@^2.1.0
499 silly packumentCache full:https://registry.npmjs.org/finalhandler cache-miss
500 http fetch GET 200 https://registry.npmjs.org/finalhandler 27ms (cache miss)
501 silly packumentCache full:https://registry.npmjs.org/finalhandler set size:undefined disposed:false
502 silly fetch manifest range-parser@^1.2.1
503 silly packumentCache full:https://registry.npmjs.org/range-parser cache-miss
504 http fetch GET 200 https://registry.npmjs.org/range-parser 33ms (cache miss)
505 silly packumentCache full:https://registry.npmjs.org/range-parser set size:undefined disposed:false
506 silly fetch manifest serve-static@^2.2.0
507 silly packumentCache full:https://registry.npmjs.org/serve-static cache-miss
508 http fetch GET 200 https://registry.npmjs.org/serve-static 32ms (cache miss)
509 silly packumentCache full:https://registry.npmjs.org/serve-static set size:undefined disposed:false
510 silly fetch manifest cookie-signature@^1.2.1
511 silly packumentCache full:https://registry.npmjs.org/cookie-signature cache-miss
512 http fetch GET 200 https://registry.npmjs.org/cookie-signature 28ms (cache miss)
513 silly packumentCache full:https://registry.npmjs.org/cookie-signature set size:undefined disposed:false
514 silly fetch manifest merge-descriptors@^2.0.0
515 silly packumentCache full:https://registry.npmjs.org/merge-descriptors cache-miss
516 http fetch GET 200 https://registry.npmjs.org/merge-descriptors 27ms (cache miss)
517 silly packumentCache full:https://registry.npmjs.org/merge-descriptors set size:undefined disposed:false
518 silly fetch manifest content-disposition@^1.0.0
519 silly packumentCache full:https://registry.npmjs.org/content-disposition cache-miss
520 http fetch GET 200 https://registry.npmjs.org/content-disposition 30ms (cache miss)
521 silly packumentCache full:https://registry.npmjs.org/content-disposition set size:undefined disposed:false
522 silly fetch manifest @jest/core@30.3.0
523 silly packumentCache full:https://registry.npmjs.org/@jest%2fcore cache-miss
524 http fetch GET 200 https://registry.npmjs.org/@jest%2fcore 55ms (cache miss)
525 silly packumentCache full:https://registry.npmjs.org/@jest%2fcore set size:undefined disposed:false
526 silly fetch manifest @jest/types@30.3.0
527 silly packumentCache full:https://registry.npmjs.org/@jest%2ftypes cache-miss
528 http fetch GET 200 https://registry.npmjs.org/@jest%2ftypes 50ms (cache miss)
529 silly packumentCache full:https://registry.npmjs.org/@jest%2ftypes set size:undefined disposed:false
530 silly fetch manifest import-local@^3.2.0
531 silly packumentCache full:https://registry.npmjs.org/import-local cache-miss
532 http fetch GET 200 https://registry.npmjs.org/import-local 30ms (cache miss)
533 silly packumentCache full:https://registry.npmjs.org/import-local set size:undefined disposed:false
534 silly fetch manifest jest-cli@30.3.0
535 silly packumentCache full:https://registry.npmjs.org/jest-cli cache-miss
536 http fetch GET 200 https://registry.npmjs.org/jest-cli 130ms (cache miss)
537 silly packumentCache full:https://registry.npmjs.org/jest-cli set size:undefined disposed:false
538 silly fetch manifest esbuild@~0.27.0
539 silly packumentCache full:https://registry.npmjs.org/esbuild cache-miss
540 http fetch GET 200 https://registry.npmjs.org/esbuild 51ms (cache miss)
541 silly packumentCache full:https://registry.npmjs.org/esbuild set size:undefined disposed:false
542 silly fetch manifest get-tsconfig@^4.7.5
543 silly packumentCache full:https://registry.npmjs.org/get-tsconfig cache-miss
544 http fetch GET 200 https://registry.npmjs.org/get-tsconfig 33ms (cache miss)
545 silly packumentCache full:https://registry.npmjs.org/get-tsconfig set size:undefined disposed:false
546 silly fetch manifest fsevents@~2.3.3
547 silly packumentCache full:https://registry.npmjs.org/fsevents cache-miss
548 http fetch GET 200 https://registry.npmjs.org/fsevents 34ms (cache miss)
549 silly packumentCache full:https://registry.npmjs.org/fsevents set size:undefined disposed:false
550 silly placeDep node_modules/pmxtjs/node_modules/@limitless-exchange/sdk ethers@6.16.0 OK for: @limitless-exchange/sdk@1.0.3 want: ^6.16.0
551 silly placeDep node_modules/pmxtjs eventemitter3@5.0.4 OK for: @limitless-exchange/sdk@1.0.3 want: ^5.0.0
552 silly placeDep node_modules/pmxtjs socket.io-client@4.8.3 OK for: @limitless-exchange/sdk@1.0.3 want: ^4.7.0
553 silly fetch manifest ws@8.17.1
554 silly packumentCache full:https://registry.npmjs.org/ws cache-hit
555 silly fetch manifest tslib@2.7.0
556 silly packumentCache full:https://registry.npmjs.org/tslib cache-miss
557 http fetch GET 200 https://registry.npmjs.org/tslib 29ms (cache miss)
558 silly packumentCache full:https://registry.npmjs.org/tslib set size:undefined disposed:false
559 silly fetch manifest aes-js@4.0.0-beta.5
560 silly packumentCache full:https://registry.npmjs.org/aes-js cache-miss
561 http fetch GET 200 https://registry.npmjs.org/aes-js 113ms (cache miss)
562 silly packumentCache full:https://registry.npmjs.org/aes-js set size:undefined disposed:false
563 silly fetch manifest @types/node@22.7.5
564 silly packumentCache full:https://registry.npmjs.org/@types%2fnode cache-miss
565 http fetch GET 200 https://registry.npmjs.org/@types%2fnode 369ms (cache miss)
566 silly packumentCache full:https://registry.npmjs.org/@types%2fnode set size:undefined disposed:false
567 silly fetch manifest @noble/curves@1.2.0
568 silly packumentCache full:https://registry.npmjs.org/@noble%2fcurves cache-miss
569 http fetch GET 200 https://registry.npmjs.org/@noble%2fcurves 20ms (cache hit)
570 silly packumentCache full:https://registry.npmjs.org/@noble%2fcurves set size:306108 disposed:false
571 silly fetch manifest @noble/hashes@1.3.2
572 silly packumentCache full:https://registry.npmjs.org/@noble%2fhashes cache-miss
573 http fetch GET 200 https://registry.npmjs.org/@noble%2fhashes 7ms (cache hit)
574 silly packumentCache full:https://registry.npmjs.org/@noble%2fhashes set size:214622 disposed:false
575 silly fetch manifest @adraffy/ens-normalize@1.10.1
576 silly packumentCache full:https://registry.npmjs.org/@adraffy%2fens-normalize cache-miss
577 http fetch GET 200 https://registry.npmjs.org/@adraffy%2fens-normalize 129ms (cache miss)
578 silly packumentCache full:https://registry.npmjs.org/@adraffy%2fens-normalize set size:undefined disposed:false
579 silly fetch manifest @socket.io/component-emitter@~3.1.0
580 silly packumentCache full:https://registry.npmjs.org/@socket.io%2fcomponent-emitter cache-miss
581 http fetch GET 200 https://registry.npmjs.org/@socket.io%2fcomponent-emitter 50ms (cache miss)
582 silly packumentCache full:https://registry.npmjs.org/@socket.io%2fcomponent-emitter set size:undefined disposed:false
583 silly fetch manifest debug@~4.4.1
584 silly packumentCache full:https://registry.npmjs.org/debug cache-miss
585 http fetch GET 200 https://registry.npmjs.org/debug 5ms (cache hit)
586 silly packumentCache full:https://registry.npmjs.org/debug set size:195840 disposed:false
587 silly fetch manifest engine.io-client@~6.6.1
588 silly packumentCache full:https://registry.npmjs.org/engine.io-client cache-miss
589 http fetch GET 200 https://registry.npmjs.org/engine.io-client 49ms (cache miss)
590 silly packumentCache full:https://registry.npmjs.org/engine.io-client set size:undefined disposed:false
591 silly fetch manifest socket.io-parser@~4.2.4
592 silly packumentCache full:https://registry.npmjs.org/socket.io-parser cache-miss
593 http fetch GET 200 https://registry.npmjs.org/socket.io-parser 39ms (cache miss)
594 silly packumentCache full:https://registry.npmjs.org/socket.io-parser set size:undefined disposed:false
595 silly fetch manifest typescript@>=5.0.4
596 silly packumentCache full:https://registry.npmjs.org/typescript cache-miss
597 http fetch GET 200 https://registry.npmjs.org/typescript 329ms (cache miss)
598 silly packumentCache full:https://registry.npmjs.org/typescript set size:undefined disposed:false
599 silly placeDep node_modules/pmxtjs @opinion-labs/opinion-api@0.3.0 OK for: @opinion-labs/opinion-clob-sdk@0.6.0 want: ^0.3.0
600 silly placeDep node_modules/pmxtjs https-proxy-agent@7.0.6 OK for: @opinion-labs/opinion-clob-sdk@0.6.0 want: ^7.0.6
601 silly placeDep node_modules/pmxtjs undici@6.24.1 OK for: @opinion-labs/opinion-clob-sdk@0.6.0 want: ^6.0.0
602 silly placeDep node_modules/pmxtjs viem@2.47.6 OK for: @opinion-labs/opinion-clob-sdk@0.6.0 want: ^2.21.0
603 silly fetch manifest debug@4
604 silly packumentCache full:https://registry.npmjs.org/debug cache-hit
605 silly fetch manifest agent-base@^7.1.2
606 silly packumentCache full:https://registry.npmjs.org/agent-base cache-miss
607 http fetch GET 200 https://registry.npmjs.org/agent-base 35ms (cache miss)
608 silly packumentCache full:https://registry.npmjs.org/agent-base set size:undefined disposed:false
609 silly fetch manifest @noble/curves@1.9.1
610 silly packumentCache full:https://registry.npmjs.org/@noble%2fcurves cache-hit
611 silly fetch manifest @noble/hashes@1.8.0
612 silly packumentCache full:https://registry.npmjs.org/@noble%2fhashes cache-hit
613 silly fetch manifest @scure/bip32@1.7.0
614 silly packumentCache full:https://registry.npmjs.org/@scure%2fbip32 cache-miss
615 http fetch GET 200 https://registry.npmjs.org/@scure%2fbip32 52ms (cache miss)
616 silly packumentCache full:https://registry.npmjs.org/@scure%2fbip32 set size:undefined disposed:false
617 silly fetch manifest @scure/bip39@1.6.0
618 silly packumentCache full:https://registry.npmjs.org/@scure%2fbip39 cache-miss
619 http fetch GET 200 https://registry.npmjs.org/@scure%2fbip39 51ms (cache miss)
620 silly packumentCache full:https://registry.npmjs.org/@scure%2fbip39 set size:undefined disposed:false
621 silly fetch manifest abitype@1.2.3
622 silly packumentCache full:https://registry.npmjs.org/abitype cache-miss
623 http fetch GET 200 https://registry.npmjs.org/abitype 45ms (cache miss)
624 silly packumentCache full:https://registry.npmjs.org/abitype set size:undefined disposed:false
625 silly fetch manifest ox@0.14.7
626 silly packumentCache full:https://registry.npmjs.org/ox cache-miss
627 http fetch GET 200 https://registry.npmjs.org/ox 84ms (cache miss)
628 silly packumentCache full:https://registry.npmjs.org/ox set size:undefined disposed:false
629 silly fetch manifest ws@8.18.3
630 silly packumentCache full:https://registry.npmjs.org/ws cache-hit
631 silly placeDep node_modules/pmxtjs @polymarket/builder-signing-sdk@1.0.0 OK for: @polymarket/clob-client@5.8.1 want: ^1.0.0
632 silly placeDep node_modules/pmxtjs browser-or-node@2.1.1 OK for: @polymarket/clob-client@5.8.1 want: ^2.1.1
633 silly placeDep node_modules/pmxtjs @prob/core@0.3.0 OK for: @prob/clob@0.5.0 want: 0.3.0
634 silly placeDep node_modules/pmxtjs @prob/types@0.0.1 OK for: @prob/clob@0.5.0 want: 0.0.1
635 silly placeDep node_modules/pmxtjs bignumber.js@9.3.1 OK for: @prob/clob@0.5.0 want: ^9.3.1
636 silly placeDep node_modules/pmxtjs ky@1.14.3 OK for: @prob/clob@0.5.0 want: ^1.14.0
637 silly fetch manifest encoding@^0.1.0
638 silly packumentCache full:https://registry.npmjs.org/encoding cache-miss
639 http fetch GET 200 https://registry.npmjs.org/encoding 32ms (cache miss)
640 silly packumentCache full:https://registry.npmjs.org/encoding set size:undefined disposed:false
641 silly fetch manifest typescript@>=5.3.3
642 silly packumentCache full:https://registry.npmjs.org/typescript cache-miss
643 http fetch GET 200 https://registry.npmjs.org/typescript 55ms (cache hit)
644 silly packumentCache full:https://registry.npmjs.org/typescript set size:15395755 disposed:false
645 silly placeDep node_modules/pmxtjs @babel/runtime@7.29.2 OK for: @solana/web3.js@1.98.4 want: ^7.25.0
646 silly placeDep node_modules/pmxtjs @noble/curves@1.9.7 OK for: @solana/web3.js@1.98.4 want: ^1.4.2
647 silly placeDep node_modules/pmxtjs @noble/hashes@1.8.0 OK for: @solana/web3.js@1.98.4 want: ^1.4.0
648 silly placeDep node_modules/pmxtjs @solana/buffer-layout@4.0.1 OK for: @solana/web3.js@1.98.4 want: ^4.0.1
649 silly placeDep node_modules/pmxtjs @solana/codecs-numbers@2.3.0 OK for: @solana/web3.js@1.98.4 want: ^2.1.0
650 silly placeDep node_modules/pmxtjs typescript@6.0.2 OK for: @solana/codecs-numbers@2.3.0 want: >=5.3.3
651 silly placeDep node_modules/pmxtjs agentkeepalive@4.6.0 OK for: @solana/web3.js@1.98.4 want: ^4.5.0
652 silly placeDep node_modules/pmxtjs bn.js@5.2.3 OK for: @solana/web3.js@1.98.4 want: ^5.2.1
653 silly placeDep node_modules/pmxtjs borsh@0.7.0 OK for: @solana/web3.js@1.98.4 want: ^0.7.0
654 silly placeDep node_modules/pmxtjs/node_modules/@solana/web3.js bs58@4.0.1 OK for: @solana/web3.js@1.98.4 want: ^4.0.1
655 silly placeDep node_modules/pmxtjs buffer@6.0.3 OK for: @solana/web3.js@1.98.4 want: 6.0.3
656 silly placeDep node_modules/pmxtjs fast-stable-stringify@1.0.0 OK for: @solana/web3.js@1.98.4 want: ^1.0.0
657 silly placeDep node_modules/pmxtjs jayson@4.3.0 OK for: @solana/web3.js@1.98.4 want: ^4.1.1
658 silly placeDep node_modules/pmxtjs node-fetch@2.7.0 OK for: @solana/web3.js@1.98.4 want: ^2.7.0
659 silly placeDep node_modules/pmxtjs rpc-websockets@9.3.7 OK for: @solana/web3.js@1.98.4 want: ^9.0.2
660 silly placeDep node_modules/pmxtjs superstruct@2.0.2 OK for: @solana/web3.js@1.98.4 want: ^2.0.2
661 silly fetch manifest buffer@~6.0.3
662 silly packumentCache full:https://registry.npmjs.org/buffer cache-miss
663 http fetch GET 200 https://registry.npmjs.org/buffer 7ms (cache hit)
664 silly packumentCache full:https://registry.npmjs.org/buffer set size:280480 disposed:false
665 silly fetch manifest @solana/errors@2.3.0
666 silly packumentCache full:https://registry.npmjs.org/@solana%2ferrors cache-miss
667 http fetch GET 200 https://registry.npmjs.org/@solana%2ferrors 338ms (cache miss)
668 silly packumentCache full:https://registry.npmjs.org/@solana%2ferrors set size:undefined disposed:false
669 silly fetch manifest @solana/codecs-core@2.3.0
670 silly packumentCache full:https://registry.npmjs.org/@solana%2fcodecs-core cache-miss
671 http fetch GET 200 https://registry.npmjs.org/@solana%2fcodecs-core 239ms (cache miss)
672 silly packumentCache full:https://registry.npmjs.org/@solana%2fcodecs-core set size:undefined disposed:false
673 silly fetch manifest humanize-ms@^1.2.1
674 silly packumentCache full:https://registry.npmjs.org/humanize-ms cache-miss
675 http fetch GET 200 https://registry.npmjs.org/humanize-ms 39ms (cache miss)
676 silly packumentCache full:https://registry.npmjs.org/humanize-ms set size:undefined disposed:false
677 silly fetch manifest bs58@^4.0.0
678 silly packumentCache full:https://registry.npmjs.org/bs58 cache-hit
679 silly fetch manifest text-encoding-utf-8@^1.0.2
680 silly packumentCache full:https://registry.npmjs.org/text-encoding-utf-8 cache-miss
681 http fetch GET 200 https://registry.npmjs.org/text-encoding-utf-8 31ms (cache miss)
682 silly packumentCache full:https://registry.npmjs.org/text-encoding-utf-8 set size:undefined disposed:false
683 silly fetch manifest base-x@^3.0.2
684 silly packumentCache full:https://registry.npmjs.org/base-x cache-miss
685 http fetch GET 200 https://registry.npmjs.org/base-x 7ms (cache hit)
686 silly packumentCache full:https://registry.npmjs.org/base-x set size:59894 disposed:false
687 silly fetch manifest base64-js@^1.3.1
688 silly packumentCache full:https://registry.npmjs.org/base64-js cache-miss
689 http fetch GET 200 https://registry.npmjs.org/base64-js 36ms (cache miss)
690 silly packumentCache full:https://registry.npmjs.org/base64-js set size:undefined disposed:false
691 silly fetch manifest ieee754@^1.2.1
692 silly packumentCache full:https://registry.npmjs.org/ieee754 cache-miss
693 http fetch GET 200 https://registry.npmjs.org/ieee754 39ms (cache miss)
694 silly packumentCache full:https://registry.npmjs.org/ieee754 set size:undefined disposed:false
695 silly fetch manifest @types/connect@^3.4.33
696 silly packumentCache full:https://registry.npmjs.org/@types%2fconnect cache-miss
697 http fetch GET 200 https://registry.npmjs.org/@types%2fconnect 40ms (cache miss)
698 silly packumentCache full:https://registry.npmjs.org/@types%2fconnect set size:undefined disposed:false
699 silly fetch manifest @types/node@^12.12.54
700 silly packumentCache full:https://registry.npmjs.org/@types%2fnode cache-miss
701 http fetch GET 200 https://registry.npmjs.org/@types%2fnode 64ms (cache hit)
702 silly packumentCache full:https://registry.npmjs.org/@types%2fnode set size:10939971 disposed:false
703 silly fetch manifest @types/ws@^7.4.4
704 silly packumentCache full:https://registry.npmjs.org/@types%2fws cache-miss
705 http fetch GET 200 https://registry.npmjs.org/@types%2fws 46ms (cache miss)
706 silly packumentCache full:https://registry.npmjs.org/@types%2fws set size:undefined disposed:false
707 silly fetch manifest commander@^2.20.3
708 silly packumentCache full:https://registry.npmjs.org/commander cache-miss
709 http fetch GET 200 https://registry.npmjs.org/commander 39ms (cache miss)
710 silly packumentCache full:https://registry.npmjs.org/commander set size:undefined disposed:false
711 silly fetch manifest delay@^5.0.0
712 silly packumentCache full:https://registry.npmjs.org/delay cache-miss
713 http fetch GET 200 https://registry.npmjs.org/delay 30ms (cache miss)
714 silly packumentCache full:https://registry.npmjs.org/delay set size:undefined disposed:false
715 silly fetch manifest es6-promisify@^5.0.0
716 silly packumentCache full:https://registry.npmjs.org/es6-promisify cache-miss
717 http fetch GET 200 https://registry.npmjs.org/es6-promisify 36ms (cache miss)
718 silly packumentCache full:https://registry.npmjs.org/es6-promisify set size:undefined disposed:false
719 silly fetch manifest eyes@^0.1.8
720 silly packumentCache full:https://registry.npmjs.org/eyes cache-miss
721 http fetch GET 200 https://registry.npmjs.org/eyes 242ms (cache miss)
722 silly packumentCache full:https://registry.npmjs.org/eyes set size:undefined disposed:false
723 silly fetch manifest isomorphic-ws@^4.0.1
724 silly packumentCache full:https://registry.npmjs.org/isomorphic-ws cache-miss
725 http fetch GET 200 https://registry.npmjs.org/isomorphic-ws 30ms (cache miss)
726 silly packumentCache full:https://registry.npmjs.org/isomorphic-ws set size:undefined disposed:false
727 silly fetch manifest json-stringify-safe@^5.0.1
728 silly packumentCache full:https://registry.npmjs.org/json-stringify-safe cache-miss
729 http fetch GET 200 https://registry.npmjs.org/json-stringify-safe 29ms (cache miss)
730 silly packumentCache full:https://registry.npmjs.org/json-stringify-safe set size:undefined disposed:false
731 silly fetch manifest stream-json@^1.9.1
732 silly packumentCache full:https://registry.npmjs.org/stream-json cache-miss
733 http fetch GET 200 https://registry.npmjs.org/stream-json 40ms (cache miss)
734 silly packumentCache full:https://registry.npmjs.org/stream-json set size:undefined disposed:false
735 silly fetch manifest uuid@^8.3.2
736 silly packumentCache full:https://registry.npmjs.org/uuid cache-miss
737 http fetch GET 200 https://registry.npmjs.org/uuid 30ms (cache miss)
738 silly packumentCache full:https://registry.npmjs.org/uuid set size:undefined disposed:false
739 silly fetch manifest ws@^7.5.10
740 silly packumentCache full:https://registry.npmjs.org/ws cache-hit
741 silly fetch manifest whatwg-url@^5.0.0
742 silly packumentCache full:https://registry.npmjs.org/whatwg-url cache-miss
743 http fetch GET 200 https://registry.npmjs.org/whatwg-url 35ms (cache miss)
744 silly packumentCache full:https://registry.npmjs.org/whatwg-url set size:undefined disposed:false
745 silly fetch manifest @swc/helpers@^0.5.11
746 silly packumentCache full:https://registry.npmjs.org/@swc%2fhelpers cache-miss
747 http fetch GET 200 https://registry.npmjs.org/@swc%2fhelpers 62ms (cache miss)
748 silly packumentCache full:https://registry.npmjs.org/@swc%2fhelpers set size:undefined disposed:false
749 silly fetch manifest @types/uuid@^10.0.0
750 silly packumentCache full:https://registry.npmjs.org/@types%2fuuid cache-miss
751 http fetch GET 200 https://registry.npmjs.org/@types%2fuuid 54ms (cache miss)
752 silly packumentCache full:https://registry.npmjs.org/@types%2fuuid set size:undefined disposed:false
753 silly fetch manifest @types/ws@^8.2.2
754 silly packumentCache full:https://registry.npmjs.org/@types%2fws cache-miss
755 http fetch GET 200 https://registry.npmjs.org/@types%2fws 12ms (cache hit)
756 silly packumentCache full:https://registry.npmjs.org/@types%2fws set size:167959 disposed:false
757 silly fetch manifest uuid@^11.0.0
758 silly packumentCache full:https://registry.npmjs.org/uuid cache-miss
759 http fetch GET 200 https://registry.npmjs.org/uuid 6ms (cache hit)
760 silly packumentCache full:https://registry.npmjs.org/uuid set size:224608 disposed:false
761 silly fetch manifest utf-8-validate@^6.0.0
762 silly packumentCache full:https://registry.npmjs.org/utf-8-validate cache-miss
763 http fetch GET 200 https://registry.npmjs.org/utf-8-validate 12ms (cache hit)
764 silly packumentCache full:https://registry.npmjs.org/utf-8-validate set size:77148 disposed:false
765 silly placeDep node_modules/pmxtjs @solana/codecs-core@2.3.0 OK for: @solana/codecs-numbers@2.3.0 want: 2.3.0
766 silly placeDep node_modules/pmxtjs @solana/errors@2.3.0 OK for: @solana/codecs-numbers@2.3.0 want: 2.3.0
767 silly fetch manifest chalk@^5.4.1
768 silly packumentCache full:https://registry.npmjs.org/chalk cache-miss
769 http fetch GET 200 https://registry.npmjs.org/chalk 39ms (cache miss)
770 silly packumentCache full:https://registry.npmjs.org/chalk set size:undefined disposed:false
771 silly fetch manifest commander@^14.0.0
772 silly packumentCache full:https://registry.npmjs.org/commander cache-miss
773 http fetch GET 200 https://registry.npmjs.org/commander 5ms (cache hit)
774 silly packumentCache full:https://registry.npmjs.org/commander set size:306325 disposed:false
775 silly placeDep node_modules/pmxtjs chalk@5.6.2 OK for: @solana/errors@2.3.0 want: ^5.4.1
776 silly placeDep node_modules/pmxtjs commander@14.0.3 OK for: @solana/errors@2.3.0 want: ^14.0.0
777 silly placeDep node_modules/pmxtjs @types/body-parser@1.19.6 OK for: @types/express@5.0.6 want: *
778 silly placeDep node_modules/pmxtjs @types/express-serve-static-core@5.1.1 OK for: @types/express@5.0.6 want: ^5.0.0
779 silly placeDep node_modules/pmxtjs @types/serve-static@2.2.0 OK for: @types/express@5.0.6 want: ^2
780 silly fetch manifest @types/node@*
781 silly packumentCache full:https://registry.npmjs.org/@types%2fnode cache-miss
782 http fetch GET 200 https://registry.npmjs.org/@types%2fnode 123ms (cache hit)
783 silly packumentCache full:https://registry.npmjs.org/@types%2fnode set size:10939971 disposed:false
784 silly fetch manifest @types/connect@*
785 silly packumentCache full:https://registry.npmjs.org/@types%2fconnect cache-miss
786 http fetch GET 200 https://registry.npmjs.org/@types%2fconnect 23ms (cache hit)
787 silly packumentCache full:https://registry.npmjs.org/@types%2fconnect set size:31512 disposed:false
788 silly fetch manifest @types/qs@*
789 silly packumentCache full:https://registry.npmjs.org/@types%2fqs cache-miss
790 http fetch GET 200 https://registry.npmjs.org/@types%2fqs 41ms (cache miss)
791 silly packumentCache full:https://registry.npmjs.org/@types%2fqs set size:undefined disposed:false
792 silly fetch manifest @types/send@*
793 silly packumentCache full:https://registry.npmjs.org/@types%2fsend cache-miss
794 http fetch GET 200 https://registry.npmjs.org/@types%2fsend 44ms (cache miss)
795 silly packumentCache full:https://registry.npmjs.org/@types%2fsend set size:undefined disposed:false
796 silly fetch manifest @types/range-parser@*
797 silly packumentCache full:https://registry.npmjs.org/@types%2frange-parser cache-miss
798 http fetch GET 200 https://registry.npmjs.org/@types%2frange-parser 53ms (cache miss)
799 silly packumentCache full:https://registry.npmjs.org/@types%2frange-parser set size:undefined disposed:false
800 silly fetch manifest @types/http-errors@*
801 silly packumentCache full:https://registry.npmjs.org/@types%2fhttp-errors cache-miss
802 http fetch GET 200 https://registry.npmjs.org/@types%2fhttp-errors 35ms (cache miss)
803 silly packumentCache full:https://registry.npmjs.org/@types%2fhttp-errors set size:undefined disposed:false
804 silly placeDep node_modules/pmxtjs @types/connect@3.4.38 OK for: @types/body-parser@1.19.6 want: *
805 silly placeDep node_modules/pmxtjs @types/node@25.5.0 OK for: @types/body-parser@1.19.6 want: *
806 silly fetch manifest undici-types@~7.18.0
807 silly packumentCache full:https://registry.npmjs.org/undici-types cache-miss
808 http fetch GET 200 https://registry.npmjs.org/undici-types 40ms (cache miss)
809 silly packumentCache full:https://registry.npmjs.org/undici-types set size:undefined disposed:false
810 silly placeDep node_modules/pmxtjs @types/qs@6.15.0 OK for: @types/express-serve-static-core@5.1.1 want: *
811 silly placeDep node_modules/pmxtjs @types/range-parser@1.2.7 OK for: @types/express-serve-static-core@5.1.1 want: *
812 silly placeDep node_modules/pmxtjs @types/send@1.2.1 OK for: @types/express-serve-static-core@5.1.1 want: *
813 silly placeDep node_modules/pmxtjs undici-types@7.18.2 OK for: @types/node@25.5.0 want: ~7.18.0
814 silly placeDep node_modules/pmxtjs @types/http-errors@2.0.5 OK for: @types/serve-static@2.2.0 want: *
815 silly placeDep node_modules/pmxtjs humanize-ms@1.2.1 OK for: agentkeepalive@4.6.0 want: ^1.2.1
816 silly fetch manifest ms@^2.0.0
817 silly packumentCache full:https://registry.npmjs.org/ms cache-miss
818 http fetch GET 200 https://registry.npmjs.org/ms 30ms (cache miss)
819 silly packumentCache full:https://registry.npmjs.org/ms set size:undefined disposed:false
820 silly placeDep node_modules/pmxtjs follow-redirects@1.15.11 OK for: axios@1.14.0 want: ^1.15.11
821 silly placeDep node_modules/pmxtjs form-data@4.0.5 OK for: axios@1.14.0 want: ^4.0.5
822 silly placeDep node_modules/pmxtjs proxy-from-env@2.1.0 OK for: axios@1.14.0 want: ^2.1.0
823 silly fetch manifest asynckit@^0.4.0
824 silly packumentCache full:https://registry.npmjs.org/asynckit cache-miss
825 http fetch GET 200 https://registry.npmjs.org/asynckit 34ms (cache miss)
826 silly packumentCache full:https://registry.npmjs.org/asynckit set size:undefined disposed:false
827 silly fetch manifest combined-stream@^1.0.8
828 silly packumentCache full:https://registry.npmjs.org/combined-stream cache-miss
829 http fetch GET 200 https://registry.npmjs.org/combined-stream 39ms (cache miss)
830 silly packumentCache full:https://registry.npmjs.org/combined-stream set size:undefined disposed:false
831 silly fetch manifest es-set-tostringtag@^2.1.0
832 silly packumentCache full:https://registry.npmjs.org/es-set-tostringtag cache-miss
833 http fetch GET 200 https://registry.npmjs.org/es-set-tostringtag 28ms (cache miss)
834 silly packumentCache full:https://registry.npmjs.org/es-set-tostringtag set size:undefined disposed:false
835 silly fetch manifest hasown@^2.0.2
836 silly packumentCache full:https://registry.npmjs.org/hasown cache-miss
837 http fetch GET 200 https://registry.npmjs.org/hasown 37ms (cache miss)
838 silly packumentCache full:https://registry.npmjs.org/hasown set size:undefined disposed:false
839 silly fetch manifest mime-types@^2.1.12
840 silly packumentCache full:https://registry.npmjs.org/mime-types cache-miss
841 http fetch GET 200 https://registry.npmjs.org/mime-types 10ms (cache hit)
842 silly packumentCache full:https://registry.npmjs.org/mime-types set size:139110 disposed:false
843 silly placeDep node_modules/pmxtjs/node_modules/borsh bs58@4.0.1 OK for: borsh@0.7.0 want: ^4.0.0
844 silly placeDep node_modules/pmxtjs text-encoding-utf-8@1.0.2 OK for: borsh@0.7.0 want: ^1.0.2
845 silly placeDep node_modules/pmxtjs base-x@5.0.1 OK for: bs58@6.0.0 want: ^5.0.0
846 silly placeDep node_modules/pmxtjs base64-js@1.5.1 OK for: buffer@6.0.3 want: ^1.3.1
847 silly placeDep node_modules/pmxtjs ieee754@1.2.1 OK for: buffer@6.0.3 want: ^1.2.1
848 silly placeDep node_modules/pmxtjs object-assign@4.1.1 OK for: cors@2.8.6 want: ^4
849 silly placeDep node_modules/pmxtjs vary@1.1.2 OK for: cors@2.8.6 want: ^1
850 silly placeDep node_modules/pmxtjs @ethersproject/abi@5.8.0 OK for: ethers@5.8.0 want: 5.8.0
851 silly placeDep node_modules/pmxtjs @ethersproject/abstract-provider@5.8.0 OK for: ethers@5.8.0 want: 5.8.0
852 silly placeDep node_modules/pmxtjs @ethersproject/abstract-signer@5.8.0 OK for: ethers@5.8.0 want: 5.8.0
853 silly placeDep node_modules/pmxtjs @ethersproject/address@5.8.0 OK for: ethers@5.8.0 want: 5.8.0
854 silly placeDep node_modules/pmxtjs @ethersproject/base64@5.8.0 OK for: ethers@5.8.0 want: 5.8.0
855 silly placeDep node_modules/pmxtjs @ethersproject/basex@5.8.0 OK for: ethers@5.8.0 want: 5.8.0
856 silly placeDep node_modules/pmxtjs @ethersproject/bignumber@5.8.0 OK for: ethers@5.8.0 want: 5.8.0
857 silly placeDep node_modules/pmxtjs @ethersproject/bytes@5.8.0 OK for: ethers@5.8.0 want: 5.8.0
858 silly placeDep node_modules/pmxtjs @ethersproject/constants@5.8.0 OK for: ethers@5.8.0 want: 5.8.0
859 silly placeDep node_modules/pmxtjs @ethersproject/contracts@5.8.0 OK for: ethers@5.8.0 want: 5.8.0
860 silly placeDep node_modules/pmxtjs @ethersproject/hash@5.8.0 OK for: ethers@5.8.0 want: 5.8.0
861 silly placeDep node_modules/pmxtjs @ethersproject/hdnode@5.8.0 OK for: ethers@5.8.0 want: 5.8.0
862 silly placeDep node_modules/pmxtjs @ethersproject/json-wallets@5.8.0 OK for: ethers@5.8.0 want: 5.8.0
863 silly placeDep node_modules/pmxtjs @ethersproject/keccak256@5.8.0 OK for: ethers@5.8.0 want: 5.8.0
864 silly placeDep node_modules/pmxtjs @ethersproject/logger@5.8.0 OK for: ethers@5.8.0 want: 5.8.0
865 silly placeDep node_modules/pmxtjs @ethersproject/networks@5.8.0 OK for: ethers@5.8.0 want: 5.8.0
866 silly placeDep node_modules/pmxtjs @ethersproject/pbkdf2@5.8.0 OK for: ethers@5.8.0 want: 5.8.0
867 silly placeDep node_modules/pmxtjs @ethersproject/properties@5.8.0 OK for: ethers@5.8.0 want: 5.8.0
868 silly placeDep node_modules/pmxtjs @ethersproject/providers@5.8.0 OK for: ethers@5.8.0 want: 5.8.0
869 silly placeDep node_modules/pmxtjs @ethersproject/random@5.8.0 OK for: ethers@5.8.0 want: 5.8.0
870 silly placeDep node_modules/pmxtjs @ethersproject/rlp@5.8.0 OK for: ethers@5.8.0 want: 5.8.0
871 silly placeDep node_modules/pmxtjs @ethersproject/sha2@5.8.0 OK for: ethers@5.8.0 want: 5.8.0
872 silly placeDep node_modules/pmxtjs @ethersproject/signing-key@5.8.0 OK for: ethers@5.8.0 want: 5.8.0
873 silly placeDep node_modules/pmxtjs @ethersproject/solidity@5.8.0 OK for: ethers@5.8.0 want: 5.8.0
874 silly placeDep node_modules/pmxtjs @ethersproject/strings@5.8.0 OK for: ethers@5.8.0 want: 5.8.0
875 silly placeDep node_modules/pmxtjs @ethersproject/transactions@5.8.0 OK for: ethers@5.8.0 want: 5.8.0
876 silly placeDep node_modules/pmxtjs @ethersproject/units@5.8.0 OK for: ethers@5.8.0 want: 5.8.0
877 silly placeDep node_modules/pmxtjs @ethersproject/wallet@5.8.0 OK for: ethers@5.8.0 want: 5.8.0
878 silly placeDep node_modules/pmxtjs @ethersproject/web@5.8.0 OK for: ethers@5.8.0 want: 5.8.0
879 silly placeDep node_modules/pmxtjs @ethersproject/wordlists@5.8.0 OK for: ethers@5.8.0 want: 5.8.0
880 silly fetch manifest @ethersproject/address@^5.8.0
881 silly packumentCache full:https://registry.npmjs.org/@ethersproject%2faddress cache-miss
882 http fetch GET 200 https://registry.npmjs.org/@ethersproject%2faddress 8ms (cache hit)
883 silly packumentCache full:https://registry.npmjs.org/@ethersproject%2faddress set size:115316 disposed:false
884 silly fetch manifest @ethersproject/bignumber@^5.8.0
885 silly packumentCache full:https://registry.npmjs.org/@ethersproject%2fbignumber cache-miss
886 http fetch GET 200 https://registry.npmjs.org/@ethersproject%2fbignumber 4ms (cache hit)
887 silly packumentCache full:https://registry.npmjs.org/@ethersproject%2fbignumber set size:138220 disposed:false
888 silly fetch manifest @ethersproject/bytes@^5.8.0
889 silly packumentCache full:https://registry.npmjs.org/@ethersproject%2fbytes cache-miss
890 http fetch GET 200 https://registry.npmjs.org/@ethersproject%2fbytes 5ms (cache hit)
891 silly packumentCache full:https://registry.npmjs.org/@ethersproject%2fbytes set size:120973 disposed:false
892 silly fetch manifest @ethersproject/constants@^5.8.0
893 silly packumentCache full:https://registry.npmjs.org/@ethersproject%2fconstants cache-miss
894 http fetch GET 200 https://registry.npmjs.org/@ethersproject%2fconstants 8ms (cache hit)
895 silly packumentCache full:https://registry.npmjs.org/@ethersproject%2fconstants set size:97876 disposed:false
896 silly fetch manifest @ethersproject/hash@^5.8.0
897 silly packumentCache full:https://registry.npmjs.org/@ethersproject%2fhash cache-miss
898 http fetch GET 200 https://registry.npmjs.org/@ethersproject%2fhash 3ms (cache hit)
899 silly packumentCache full:https://registry.npmjs.org/@ethersproject%2fhash set size:145508 disposed:false
900 silly fetch manifest @ethersproject/keccak256@^5.8.0
901 silly packumentCache full:https://registry.npmjs.org/@ethersproject%2fkeccak256 cache-miss
902 http fetch GET 200 https://registry.npmjs.org/@ethersproject%2fkeccak256 10ms (cache hit)
903 silly packumentCache full:https://registry.npmjs.org/@ethersproject%2fkeccak256 set size:90854 disposed:false
904 silly fetch manifest @ethersproject/logger@^5.8.0
905 silly packumentCache full:https://registry.npmjs.org/@ethersproject%2flogger cache-miss
906 http fetch GET 200 https://registry.npmjs.org/@ethersproject%2flogger 3ms (cache hit)
907 silly packumentCache full:https://registry.npmjs.org/@ethersproject%2flogger set size:106757 disposed:false
908 silly fetch manifest @ethersproject/properties@^5.8.0
909 silly packumentCache full:https://registry.npmjs.org/@ethersproject%2fproperties cache-miss
910 http fetch GET 200 https://registry.npmjs.org/@ethersproject%2fproperties 8ms (cache hit)
911 silly packumentCache full:https://registry.npmjs.org/@ethersproject%2fproperties set size:157204 disposed:false
912 silly fetch manifest @ethersproject/strings@^5.8.0
913 silly packumentCache full:https://registry.npmjs.org/@ethersproject%2fstrings cache-miss
914 http fetch GET 200 https://registry.npmjs.org/@ethersproject%2fstrings 4ms (cache hit)
915 silly packumentCache full:https://registry.npmjs.org/@ethersproject%2fstrings set size:113827 disposed:false
916 silly fetch manifest @ethersproject/networks@^5.8.0
917 silly packumentCache full:https://registry.npmjs.org/@ethersproject%2fnetworks cache-miss
918 http fetch GET 200 https://registry.npmjs.org/@ethersproject%2fnetworks 8ms (cache hit)
919 silly packumentCache full:https://registry.npmjs.org/@ethersproject%2fnetworks set size:125909 disposed:false
920 silly fetch manifest @ethersproject/transactions@^5.8.0
921 silly packumentCache full:https://registry.npmjs.org/@ethersproject%2ftransactions cache-miss
922 http fetch GET 200 https://registry.npmjs.org/@ethersproject%2ftransactions 4ms (cache hit)
923 silly packumentCache full:https://registry.npmjs.org/@ethersproject%2ftransactions set size:132568 disposed:false
924 silly fetch manifest @ethersproject/web@^5.8.0
925 silly packumentCache full:https://registry.npmjs.org/@ethersproject%2fweb cache-miss
926 http fetch GET 200 https://registry.npmjs.org/@ethersproject%2fweb 18ms (cache hit)
927 silly packumentCache full:https://registry.npmjs.org/@ethersproject%2fweb set size:176977 disposed:false
928 silly fetch manifest @ethersproject/rlp@^5.8.0
929 silly packumentCache full:https://registry.npmjs.org/@ethersproject%2frlp cache-miss
930 http fetch GET 200 https://registry.npmjs.org/@ethersproject%2frlp 42ms (cache hit)
931 silly packumentCache full:https://registry.npmjs.org/@ethersproject%2frlp set size:98284 disposed:false
932 silly fetch manifest @ethersproject/pbkdf2@^5.8.0
933 silly packumentCache full:https://registry.npmjs.org/@ethersproject%2fpbkdf2 cache-miss
934 http fetch GET 200 https://registry.npmjs.org/@ethersproject%2fpbkdf2 3ms (cache hit)
935 silly packumentCache full:https://registry.npmjs.org/@ethersproject%2fpbkdf2 set size:104757 disposed:false
936 silly fetch manifest @ethersproject/sha2@^5.8.0
937 silly packumentCache full:https://registry.npmjs.org/@ethersproject%2fsha2 cache-miss
938 http fetch GET 200 https://registry.npmjs.org/@ethersproject%2fsha2 4ms (cache hit)
939 silly packumentCache full:https://registry.npmjs.org/@ethersproject%2fsha2 set size:106888 disposed:false
940 silly fetch manifest @ethersproject/signing-key@^5.8.0
941 silly packumentCache full:https://registry.npmjs.org/@ethersproject%2fsigning-key cache-miss
942 http fetch GET 200 https://registry.npmjs.org/@ethersproject%2fsigning-key 6ms (cache hit)
943 silly packumentCache full:https://registry.npmjs.org/@ethersproject%2fsigning-key set size:120718 disposed:false
944 silly fetch manifest @ethersproject/wordlists@^5.8.0
945 silly packumentCache full:https://registry.npmjs.org/@ethersproject%2fwordlists cache-miss
946 http fetch GET 200 https://registry.npmjs.org/@ethersproject%2fwordlists 4ms (cache hit)
947 silly packumentCache full:https://registry.npmjs.org/@ethersproject%2fwordlists set size:120160 disposed:false
948 silly fetch manifest @ethersproject/random@^5.8.0
949 silly packumentCache full:https://registry.npmjs.org/@ethersproject%2frandom cache-miss
950 http fetch GET 200 https://registry.npmjs.org/@ethersproject%2frandom 8ms (cache hit)
951 silly packumentCache full:https://registry.npmjs.org/@ethersproject%2frandom set size:106732 disposed:false
952 silly fetch manifest aes-js@3.0.0
953 silly packumentCache full:https://registry.npmjs.org/aes-js cache-miss
954 http fetch GET 200 https://registry.npmjs.org/aes-js 3ms (cache hit)
955 silly packumentCache full:https://registry.npmjs.org/aes-js set size:116677 disposed:false
956 silly fetch manifest scrypt-js@3.0.1
957 silly packumentCache full:https://registry.npmjs.org/scrypt-js cache-miss
958 http fetch GET 200 https://registry.npmjs.org/scrypt-js 105ms (cache miss)
959 silly packumentCache full:https://registry.npmjs.org/scrypt-js set size:undefined disposed:false
960 silly fetch manifest js-sha3@0.8.0
961 silly packumentCache full:https://registry.npmjs.org/js-sha3 cache-miss
962 http fetch GET 200 https://registry.npmjs.org/js-sha3 103ms (cache miss)
963 silly packumentCache full:https://registry.npmjs.org/js-sha3 set size:undefined disposed:false
964 silly fetch manifest bech32@1.1.4
965 silly packumentCache full:https://registry.npmjs.org/bech32 cache-miss
966 http fetch GET 200 https://registry.npmjs.org/bech32 99ms (cache miss)
967 silly packumentCache full:https://registry.npmjs.org/bech32 set size:undefined disposed:false
968 silly fetch manifest ws@8.18.0
969 silly packumentCache full:https://registry.npmjs.org/ws cache-hit
970 silly fetch manifest hash.js@1.1.7
971 silly packumentCache full:https://registry.npmjs.org/hash.js cache-miss
972 http fetch GET 200 https://registry.npmjs.org/hash.js 32ms (cache miss)
973 silly packumentCache full:https://registry.npmjs.org/hash.js set size:undefined disposed:false
974 silly fetch manifest elliptic@6.6.1
975 silly packumentCache full:https://registry.npmjs.org/elliptic cache-miss
976 http fetch GET 200 https://registry.npmjs.org/elliptic 33ms (cache miss)
977 silly packumentCache full:https://registry.npmjs.org/elliptic set size:undefined disposed:false
978 silly placeDep node_modules/pmxtjs aes-js@3.0.0 OK for: @ethersproject/json-wallets@5.8.0 want: 3.0.0
979 silly placeDep node_modules/pmxtjs scrypt-js@3.0.1 OK for: @ethersproject/json-wallets@5.8.0 want: 3.0.1
980 silly placeDep node_modules/pmxtjs js-sha3@0.8.0 OK for: @ethersproject/keccak256@5.8.0 want: 0.8.0
981 silly placeDep node_modules/pmxtjs bech32@1.1.4 OK for: @ethersproject/providers@5.8.0 want: 1.1.4
982 silly placeDep node_modules/pmxtjs/node_modules/@ethersproject/providers ws@8.18.0 OK for: @ethersproject/providers@5.8.0 want: 8.18.0
983 silly placeDep node_modules/pmxtjs hash.js@1.1.7 OK for: @ethersproject/sha2@5.8.0 want: 1.1.7
984 silly fetch manifest inherits@^2.0.3
985 silly packumentCache full:https://registry.npmjs.org/inherits cache-miss
986 http fetch GET 200 https://registry.npmjs.org/inherits 32ms (cache miss)
987 silly packumentCache full:https://registry.npmjs.org/inherits set size:undefined disposed:false
988 silly fetch manifest minimalistic-assert@^1.0.1
989 silly packumentCache full:https://registry.npmjs.org/minimalistic-assert cache-miss
990 http fetch GET 200 https://registry.npmjs.org/minimalistic-assert 32ms (cache miss)
991 silly packumentCache full:https://registry.npmjs.org/minimalistic-assert set size:undefined disposed:false
992 silly placeDep node_modules/pmxtjs elliptic@6.6.1 OK for: @ethersproject/signing-key@5.8.0 want: 6.6.1
993 silly fetch manifest bn.js@^4.11.9
994 silly packumentCache full:https://registry.npmjs.org/bn.js cache-miss
995 http fetch GET 200 https://registry.npmjs.org/bn.js 5ms (cache hit)
996 silly packumentCache full:https://registry.npmjs.org/bn.js set size:188594 disposed:false
997 silly fetch manifest brorand@^1.1.0
998 silly packumentCache full:https://registry.npmjs.org/brorand cache-miss
999 http fetch GET 200 https://registry.npmjs.org/brorand 36ms (cache miss)
1000 silly packumentCache full:https://registry.npmjs.org/brorand set size:undefined disposed:false
1001 silly fetch manifest hmac-drbg@^1.0.1
1002 silly packumentCache full:https://registry.npmjs.org/hmac-drbg cache-miss
1003 http fetch GET 200 https://registry.npmjs.org/hmac-drbg 32ms (cache miss)
1004 silly packumentCache full:https://registry.npmjs.org/hmac-drbg set size:undefined disposed:false
1005 silly fetch manifest inherits@^2.0.4
1006 silly packumentCache full:https://registry.npmjs.org/inherits cache-miss
1007 http fetch GET 200 https://registry.npmjs.org/inherits 22ms (cache hit)
1008 silly packumentCache full:https://registry.npmjs.org/inherits set size:12925 disposed:false
1009 silly fetch manifest minimalistic-crypto-utils@^1.0.1
1010 silly packumentCache full:https://registry.npmjs.org/minimalistic-crypto-utils cache-miss
1011 http fetch GET 200 https://registry.npmjs.org/minimalistic-crypto-utils 91ms (cache miss)
1012 silly packumentCache full:https://registry.npmjs.org/minimalistic-crypto-utils set size:undefined disposed:false
1013 silly placeDep node_modules/pmxtjs/node_modules/elliptic bn.js@4.12.3 OK for: elliptic@6.6.1 want: ^4.11.9
1014 silly placeDep node_modules/pmxtjs brorand@1.1.0 OK for: elliptic@6.6.1 want: ^1.1.0
1015 silly placeDep node_modules/pmxtjs hmac-drbg@1.0.1 OK for: elliptic@6.6.1 want: ^1.0.1
1016 silly placeDep node_modules/pmxtjs inherits@2.0.4 OK for: elliptic@6.6.1 want: ^2.0.4
1017 silly placeDep node_modules/pmxtjs minimalistic-assert@1.0.1 OK for: elliptic@6.6.1 want: ^1.0.1
1018 silly placeDep node_modules/pmxtjs minimalistic-crypto-utils@1.0.1 OK for: elliptic@6.6.1 want: ^1.0.1
1019 silly fetch manifest minimalistic-assert@^1.0.0
1020 silly packumentCache full:https://registry.npmjs.org/minimalistic-assert cache-miss
1021 http fetch GET 200 https://registry.npmjs.org/minimalistic-assert 5ms (cache hit)
1022 silly packumentCache full:https://registry.npmjs.org/minimalistic-assert set size:3465 disposed:false
1023 silly placeDep node_modules/pmxtjs accepts@2.0.0 OK for: express@5.2.1 want: ^2.0.0
1024 silly placeDep node_modules/pmxtjs body-parser@2.2.2 OK for: express@5.2.1 want: ^2.2.1
1025 silly placeDep node_modules/pmxtjs content-disposition@1.0.1 OK for: express@5.2.1 want: ^1.0.0
1026 silly placeDep node_modules/pmxtjs content-type@1.0.5 OK for: express@5.2.1 want: ^1.0.5
1027 silly placeDep node_modules/pmxtjs cookie@0.7.2 OK for: express@5.2.1 want: ^0.7.1
1028 silly placeDep node_modules/pmxtjs cookie-signature@1.2.2 OK for: express@5.2.1 want: ^1.2.1
1029 silly placeDep node_modules/pmxtjs debug@4.4.3 OK for: express@5.2.1 want: ^4.4.0
1030 silly placeDep node_modules/pmxtjs depd@2.0.0 OK for: express@5.2.1 want: ^2.0.0
1031 silly placeDep node_modules/pmxtjs encodeurl@2.0.0 OK for: express@5.2.1 want: ^2.0.0
1032 silly placeDep node_modules/pmxtjs escape-html@1.0.3 OK for: express@5.2.1 want: ^1.0.3
1033 silly placeDep node_modules/pmxtjs etag@1.8.1 OK for: express@5.2.1 want: ^1.8.1
1034 silly placeDep node_modules/pmxtjs finalhandler@2.1.1 OK for: express@5.2.1 want: ^2.1.0
1035 silly placeDep node_modules/pmxtjs fresh@2.0.0 OK for: express@5.2.1 want: ^2.0.0
1036 silly placeDep node_modules/pmxtjs http-errors@2.0.1 OK for: express@5.2.1 want: ^2.0.0
1037 silly placeDep node_modules/pmxtjs merge-descriptors@2.0.0 OK for: express@5.2.1 want: ^2.0.0
1038 silly placeDep node_modules/pmxtjs mime-types@3.0.2 OK for: express@5.2.1 want: ^3.0.0
1039 silly placeDep node_modules/pmxtjs on-finished@2.4.1 OK for: express@5.2.1 want: ^2.4.1
1040 silly placeDep node_modules/pmxtjs once@1.4.0 OK for: express@5.2.1 want: ^1.4.0
1041 silly placeDep node_modules/pmxtjs parseurl@1.3.3 OK for: express@5.2.1 want: ^1.3.3
1042 silly placeDep node_modules/pmxtjs proxy-addr@2.0.7 OK for: express@5.2.1 want: ^2.0.7
1043 silly placeDep node_modules/pmxtjs qs@6.15.0 OK for: express@5.2.1 want: ^6.14.0
1044 silly placeDep node_modules/pmxtjs range-parser@1.2.1 OK for: express@5.2.1 want: ^1.2.1
1045 silly placeDep node_modules/pmxtjs router@2.2.0 OK for: express@5.2.1 want: ^2.2.0
1046 silly placeDep node_modules/pmxtjs send@1.2.1 OK for: express@5.2.1 want: ^1.1.0
1047 silly placeDep node_modules/pmxtjs serve-static@2.2.1 OK for: express@5.2.1 want: ^2.2.0
1048 silly placeDep node_modules/pmxtjs statuses@2.0.2 OK for: express@5.2.1 want: ^2.0.1
1049 silly placeDep node_modules/pmxtjs type-is@2.0.1 OK for: express@5.2.1 want: ^2.0.1
1050 silly fetch manifest negotiator@^1.0.0
1051 silly packumentCache full:https://registry.npmjs.org/negotiator cache-miss
1052 http fetch GET 200 https://registry.npmjs.org/negotiator 37ms (cache miss)
1053 silly packumentCache full:https://registry.npmjs.org/negotiator set size:undefined disposed:false
1054 silly fetch manifest bytes@^3.1.2
1055 silly packumentCache full:https://registry.npmjs.org/bytes cache-miss
1056 http fetch GET 200 https://registry.npmjs.org/bytes 32ms (cache miss)
1057 silly packumentCache full:https://registry.npmjs.org/bytes set size:undefined disposed:false
1058 silly fetch manifest debug@^4.4.3
1059 silly packumentCache full:https://registry.npmjs.org/debug cache-hit
1060 silly fetch manifest iconv-lite@^0.7.0
1061 silly packumentCache full:https://registry.npmjs.org/iconv-lite cache-miss
1062 http fetch GET 200 https://registry.npmjs.org/iconv-lite 36ms (cache miss)
1063 silly packumentCache full:https://registry.npmjs.org/iconv-lite set size:undefined disposed:false
1064 silly fetch manifest qs@^6.14.1
1065 silly packumentCache full:https://registry.npmjs.org/qs cache-miss
1066 http fetch GET 200 https://registry.npmjs.org/qs 4ms (cache hit)
1067 silly packumentCache full:https://registry.npmjs.org/qs set size:350258 disposed:false
1068 silly fetch manifest raw-body@^3.0.1
1069 silly packumentCache full:https://registry.npmjs.org/raw-body cache-miss
1070 http fetch GET 200 https://registry.npmjs.org/raw-body 37ms (cache miss)
1071 silly packumentCache full:https://registry.npmjs.org/raw-body set size:undefined disposed:false
1072 silly fetch manifest ms@^2.1.3
1073 silly packumentCache full:https://registry.npmjs.org/ms cache-miss
1074 http fetch GET 200 https://registry.npmjs.org/ms 4ms (cache hit)
1075 silly packumentCache full:https://registry.npmjs.org/ms set size:92208 disposed:false
1076 silly fetch manifest setprototypeof@~1.2.0
1077 silly packumentCache full:https://registry.npmjs.org/setprototypeof cache-miss
1078 http fetch GET 200 https://registry.npmjs.org/setprototypeof 30ms (cache miss)
1079 silly packumentCache full:https://registry.npmjs.org/setprototypeof set size:undefined disposed:false
1080 silly fetch manifest statuses@~2.0.2
1081 silly packumentCache full:https://registry.npmjs.org/statuses cache-miss
1082 http fetch GET 200 https://registry.npmjs.org/statuses 3ms (cache hit)
1083 silly packumentCache full:https://registry.npmjs.org/statuses set size:37117 disposed:false
1084 silly fetch manifest toidentifier@~1.0.1
1085 silly packumentCache full:https://registry.npmjs.org/toidentifier cache-miss
1086 http fetch GET 200 https://registry.npmjs.org/toidentifier 30ms (cache miss)
1087 silly packumentCache full:https://registry.npmjs.org/toidentifier set size:undefined disposed:false
1088 silly fetch manifest mime-db@^1.54.0
1089 silly packumentCache full:https://registry.npmjs.org/mime-db cache-miss
1090 http fetch GET 200 https://registry.npmjs.org/mime-db 36ms (cache miss)
1091 silly packumentCache full:https://registry.npmjs.org/mime-db set size:undefined disposed:false
1092 silly fetch manifest ee-first@1.1.1
1093 silly packumentCache full:https://registry.npmjs.org/ee-first cache-miss
1094 http fetch GET 200 https://registry.npmjs.org/ee-first 28ms (cache miss)
1095 silly packumentCache full:https://registry.npmjs.org/ee-first set size:undefined disposed:false
1096 silly fetch manifest wrappy@1
1097 silly packumentCache full:https://registry.npmjs.org/wrappy cache-miss
1098 http fetch GET 200 https://registry.npmjs.org/wrappy 41ms (cache miss)
1099 silly packumentCache full:https://registry.npmjs.org/wrappy set size:undefined disposed:false
1100 silly fetch manifest forwarded@0.2.0
1101 silly packumentCache full:https://registry.npmjs.org/forwarded cache-miss
1102 http fetch GET 200 https://registry.npmjs.org/forwarded 35ms (cache miss)
1103 silly packumentCache full:https://registry.npmjs.org/forwarded set size:undefined disposed:false
1104 silly fetch manifest ipaddr.js@1.9.1
1105 silly packumentCache full:https://registry.npmjs.org/ipaddr.js cache-miss
1106 http fetch GET 200 https://registry.npmjs.org/ipaddr.js 32ms (cache miss)
1107 silly packumentCache full:https://registry.npmjs.org/ipaddr.js set size:undefined disposed:false
1108 silly fetch manifest side-channel@^1.1.0
1109 silly packumentCache full:https://registry.npmjs.org/side-channel cache-miss
1110 http fetch GET 200 https://registry.npmjs.org/side-channel 33ms (cache miss)
1111 silly packumentCache full:https://registry.npmjs.org/side-channel set size:undefined disposed:false
1112 silly fetch manifest is-promise@^4.0.0
1113 silly packumentCache full:https://registry.npmjs.org/is-promise cache-miss
1114 http fetch GET 200 https://registry.npmjs.org/is-promise 117ms (cache miss)
1115 silly packumentCache full:https://registry.npmjs.org/is-promise set size:undefined disposed:false
1116 silly fetch manifest path-to-regexp@^8.0.0
1117 silly packumentCache full:https://registry.npmjs.org/path-to-regexp cache-miss
1118 http fetch GET 200 https://registry.npmjs.org/path-to-regexp 34ms (cache miss)
1119 silly packumentCache full:https://registry.npmjs.org/path-to-regexp set size:undefined disposed:false
1120 silly fetch manifest statuses@^2.0.2
1121 silly packumentCache full:https://registry.npmjs.org/statuses cache-hit
1122 silly fetch manifest media-typer@^1.1.0
1123 silly packumentCache full:https://registry.npmjs.org/media-typer cache-miss
1124 http fetch GET 200 https://registry.npmjs.org/media-typer 27ms (cache miss)
1125 silly packumentCache full:https://registry.npmjs.org/media-typer set size:undefined disposed:false
1126 silly placeDep node_modules/pmxtjs negotiator@1.0.0 OK for: accepts@2.0.0 want: ^1.0.0
1127 silly placeDep node_modules/pmxtjs bytes@3.1.2 OK for: body-parser@2.2.2 want: ^3.1.2
1128 silly placeDep node_modules/pmxtjs iconv-lite@0.7.2 OK for: body-parser@2.2.2 want: ^0.7.0
1129 silly placeDep node_modules/pmxtjs raw-body@3.0.2 OK for: body-parser@2.2.2 want: ^3.0.1
1130 silly fetch manifest safer-buffer@>= 2.1.2 < 3.0.0
1131 silly packumentCache full:https://registry.npmjs.org/safer-buffer cache-miss
1132 http fetch GET 200 https://registry.npmjs.org/safer-buffer 32ms (cache miss)
1133 silly packumentCache full:https://registry.npmjs.org/safer-buffer set size:undefined disposed:false
1134 silly fetch manifest unpipe@~1.0.0
1135 silly packumentCache full:https://registry.npmjs.org/unpipe cache-miss
1136 http fetch GET 200 https://registry.npmjs.org/unpipe 26ms (cache miss)
1137 silly packumentCache full:https://registry.npmjs.org/unpipe set size:undefined disposed:false
1138 silly placeDep node_modules/pmxtjs ms@2.1.3 OK for: debug@4.4.3 want: ^2.1.3
1139 silly placeDep node_modules/pmxtjs asynckit@0.4.0 OK for: form-data@4.0.5 want: ^0.4.0
1140 silly placeDep node_modules/pmxtjs combined-stream@1.0.8 OK for: form-data@4.0.5 want: ^1.0.8
1141 silly placeDep node_modules/pmxtjs es-set-tostringtag@2.1.0 OK for: form-data@4.0.5 want: ^2.1.0
1142 silly placeDep node_modules/pmxtjs hasown@2.0.2 OK for: form-data@4.0.5 want: ^2.0.2
1143 silly placeDep node_modules/pmxtjs/node_modules/form-data mime-types@2.1.35 OK for: form-data@4.0.5 want: ^2.1.12
1144 silly fetch manifest delayed-stream@~1.0.0
1145 silly packumentCache full:https://registry.npmjs.org/delayed-stream cache-miss
1146 http fetch GET 200 https://registry.npmjs.org/delayed-stream 27ms (cache miss)
1147 silly packumentCache full:https://registry.npmjs.org/delayed-stream set size:undefined disposed:false
1148 silly fetch manifest es-errors@^1.3.0
1149 silly packumentCache full:https://registry.npmjs.org/es-errors cache-miss
1150 http fetch GET 200 https://registry.npmjs.org/es-errors 31ms (cache miss)
1151 silly packumentCache full:https://registry.npmjs.org/es-errors set size:undefined disposed:false
1152 silly fetch manifest get-intrinsic@^1.2.6
1153 silly packumentCache full:https://registry.npmjs.org/get-intrinsic cache-miss
1154 http fetch GET 200 https://registry.npmjs.org/get-intrinsic 28ms (cache miss)
1155 silly packumentCache full:https://registry.npmjs.org/get-intrinsic set size:undefined disposed:false
1156 silly fetch manifest has-tostringtag@^1.0.2
1157 silly packumentCache full:https://registry.npmjs.org/has-tostringtag cache-miss
1158 http fetch GET 200 https://registry.npmjs.org/has-tostringtag 32ms (cache miss)
1159 silly packumentCache full:https://registry.npmjs.org/has-tostringtag set size:undefined disposed:false
1160 silly fetch manifest function-bind@^1.1.2
1161 silly packumentCache full:https://registry.npmjs.org/function-bind cache-miss
1162 http fetch GET 200 https://registry.npmjs.org/function-bind 30ms (cache miss)
1163 silly packumentCache full:https://registry.npmjs.org/function-bind set size:undefined disposed:false
1164 silly fetch manifest mime-db@1.52.0
1165 silly packumentCache full:https://registry.npmjs.org/mime-db cache-miss
1166 http fetch GET 200 https://registry.npmjs.org/mime-db 5ms (cache hit)
1167 silly packumentCache full:https://registry.npmjs.org/mime-db set size:164953 disposed:false
1168 silly placeDep node_modules/pmxtjs delayed-stream@1.0.0 OK for: combined-stream@1.0.8 want: ~1.0.0
1169 silly placeDep node_modules/pmxtjs es-errors@1.3.0 OK for: es-set-tostringtag@2.1.0 want: ^1.3.0
1170 silly placeDep node_modules/pmxtjs get-intrinsic@1.3.0 OK for: es-set-tostringtag@2.1.0 want: ^1.2.6
1171 silly placeDep node_modules/pmxtjs has-tostringtag@1.0.2 OK for: es-set-tostringtag@2.1.0 want: ^1.0.2
1172 silly fetch manifest gopd@^1.2.0
1173 silly packumentCache full:https://registry.npmjs.org/gopd cache-miss
1174 http fetch GET 200 https://registry.npmjs.org/gopd 26ms (cache miss)
1175 silly packumentCache full:https://registry.npmjs.org/gopd set size:undefined disposed:false
1176 silly fetch manifest get-proto@^1.0.1
1177 silly packumentCache full:https://registry.npmjs.org/get-proto cache-miss
1178 http fetch GET 200 https://registry.npmjs.org/get-proto 32ms (cache miss)
1179 silly packumentCache full:https://registry.npmjs.org/get-proto set size:undefined disposed:false
1180 silly fetch manifest has-symbols@^1.1.0
1181 silly packumentCache full:https://registry.npmjs.org/has-symbols cache-miss
1182 http fetch GET 200 https://registry.npmjs.org/has-symbols 34ms (cache miss)
1183 silly packumentCache full:https://registry.npmjs.org/has-symbols set size:undefined disposed:false
1184 silly fetch manifest es-object-atoms@^1.1.1
1185 silly packumentCache full:https://registry.npmjs.org/es-object-atoms cache-miss
1186 http fetch GET 200 https://registry.npmjs.org/es-object-atoms 28ms (cache miss)
1187 silly packumentCache full:https://registry.npmjs.org/es-object-atoms set size:undefined disposed:false
1188 silly fetch manifest math-intrinsics@^1.1.0
1189 silly packumentCache full:https://registry.npmjs.org/math-intrinsics cache-miss
1190 http fetch GET 200 https://registry.npmjs.org/math-intrinsics 29ms (cache miss)
1191 silly packumentCache full:https://registry.npmjs.org/math-intrinsics set size:undefined disposed:false
1192 silly fetch manifest es-define-property@^1.0.1
1193 silly packumentCache full:https://registry.npmjs.org/es-define-property cache-miss
1194 http fetch GET 200 https://registry.npmjs.org/es-define-property 40ms (cache miss)
1195 silly packumentCache full:https://registry.npmjs.org/es-define-property set size:undefined disposed:false
1196 silly fetch manifest call-bind-apply-helpers@^1.0.2
1197 silly packumentCache full:https://registry.npmjs.org/call-bind-apply-helpers cache-miss
1198 http fetch GET 200 https://registry.npmjs.org/call-bind-apply-helpers 30ms (cache miss)
1199 silly packumentCache full:https://registry.npmjs.org/call-bind-apply-helpers set size:undefined disposed:false
1200 silly fetch manifest has-symbols@^1.0.3
1201 silly packumentCache full:https://registry.npmjs.org/has-symbols cache-miss
1202 http fetch GET 200 https://registry.npmjs.org/has-symbols 7ms (cache hit)
1203 silly packumentCache full:https://registry.npmjs.org/has-symbols set size:21550 disposed:false
1204 silly placeDep node_modules/pmxtjs call-bind-apply-helpers@1.0.2 OK for: get-intrinsic@1.3.0 want: ^1.0.2
1205 silly placeDep node_modules/pmxtjs es-define-property@1.0.1 OK for: get-intrinsic@1.3.0 want: ^1.0.1
1206 silly placeDep node_modules/pmxtjs es-object-atoms@1.1.1 OK for: get-intrinsic@1.3.0 want: ^1.1.1
1207 silly placeDep node_modules/pmxtjs function-bind@1.1.2 OK for: get-intrinsic@1.3.0 want: ^1.1.2
1208 silly placeDep node_modules/pmxtjs get-proto@1.0.1 OK for: get-intrinsic@1.3.0 want: ^1.0.1
1209 silly placeDep node_modules/pmxtjs gopd@1.2.0 OK for: get-intrinsic@1.3.0 want: ^1.2.0
1210 silly placeDep node_modules/pmxtjs has-symbols@1.1.0 OK for: get-intrinsic@1.3.0 want: ^1.1.0
1211 silly placeDep node_modules/pmxtjs math-intrinsics@1.1.0 OK for: get-intrinsic@1.3.0 want: ^1.1.0
1212 silly fetch manifest dunder-proto@^1.0.1
1213 silly packumentCache full:https://registry.npmjs.org/dunder-proto cache-miss
1214 http fetch GET 200 https://registry.npmjs.org/dunder-proto 33ms (cache miss)
1215 silly packumentCache full:https://registry.npmjs.org/dunder-proto set size:undefined disposed:false
1216 silly placeDep node_modules/pmxtjs dunder-proto@1.0.1 OK for: get-proto@1.0.1 want: ^1.0.1
1217 silly placeDep node_modules/pmxtjs setprototypeof@1.2.0 OK for: http-errors@2.0.1 want: ~1.2.0
1218 silly placeDep node_modules/pmxtjs toidentifier@1.0.1 OK for: http-errors@2.0.1 want: ~1.0.1
1219 silly placeDep node_modules/pmxtjs agent-base@7.1.4 OK for: https-proxy-agent@7.0.6 want: ^7.1.2
1220 silly placeDep node_modules/pmxtjs safer-buffer@2.1.2 OK for: iconv-lite@0.7.2 want: >= 2.1.2 < 3.0.0
1221 silly fetch manifest utf-8-validate@^5.0.2
1222 silly packumentCache full:https://registry.npmjs.org/utf-8-validate cache-hit
1223 silly placeDep node_modules/pmxtjs/node_modules/jayson @types/node@12.20.55 OK for: jayson@4.3.0 want: ^12.12.54
1224 silly placeDep node_modules/pmxtjs @types/ws@7.4.7 OK for: jayson@4.3.0 want: ^7.4.4
1225 silly placeDep node_modules/pmxtjs/node_modules/jayson commander@2.20.3 OK for: jayson@4.3.0 want: ^2.20.3
1226 silly placeDep node_modules/pmxtjs delay@5.0.0 OK for: jayson@4.3.0 want: ^5.0.0
1227 silly placeDep node_modules/pmxtjs es6-promisify@5.0.0 OK for: jayson@4.3.0 want: ^5.0.0
1228 silly placeDep node_modules/pmxtjs eyes@0.1.8 OK for: jayson@4.3.0 want: ^0.1.8
1229 silly placeDep node_modules/pmxtjs isomorphic-ws@4.0.1 OK for: jayson@4.3.0 want: ^4.0.1
1230 silly placeDep node_modules/pmxtjs json-stringify-safe@5.0.1 OK for: jayson@4.3.0 want: ^5.0.1
1231 silly placeDep node_modules/pmxtjs stream-json@1.9.1 OK for: jayson@4.3.0 want: ^1.9.1
1232 silly placeDep node_modules/pmxtjs uuid@8.3.2 OK for: jayson@4.3.0 want: ^8.3.2
1233 silly placeDep node_modules/pmxtjs/node_modules/jayson ws@7.5.10 OK for: jayson@4.3.0 want: ^7.5.10
1234 silly fetch manifest es6-promise@^4.0.3
1235 silly packumentCache full:https://registry.npmjs.org/es6-promise cache-miss
1236 http fetch GET 200 https://registry.npmjs.org/es6-promise 110ms (cache miss)
1237 silly packumentCache full:https://registry.npmjs.org/es6-promise set size:undefined disposed:false
1238 silly fetch manifest stream-chain@^2.2.5
1239 silly packumentCache full:https://registry.npmjs.org/stream-chain cache-miss
1240 http fetch GET 200 https://registry.npmjs.org/stream-chain 42ms (cache miss)
1241 silly packumentCache full:https://registry.npmjs.org/stream-chain set size:undefined disposed:false
1242 silly placeDep node_modules/pmxtjs es6-promise@4.2.8 OK for: es6-promisify@5.0.0 want: ^4.0.3
1243 silly placeDep node_modules/pmxtjs @jest/core@30.3.0 OK for: jest@30.3.0 want: 30.3.0
1244 silly placeDep node_modules/pmxtjs @jest/types@30.3.0 OK for: jest@30.3.0 want: 30.3.0
1245 silly placeDep node_modules/pmxtjs import-local@3.2.0 OK for: jest@30.3.0 want: ^3.2.0
1246 silly placeDep node_modules/pmxtjs jest-cli@30.3.0 OK for: jest@30.3.0 want: 30.3.0
1247 silly fetch manifest @jest/console@30.3.0
1248 silly packumentCache full:https://registry.npmjs.org/@jest%2fconsole cache-miss
1249 http fetch GET 200 https://registry.npmjs.org/@jest%2fconsole 63ms (cache miss)
1250 silly packumentCache full:https://registry.npmjs.org/@jest%2fconsole set size:undefined disposed:false
1251 silly fetch manifest @jest/pattern@30.0.1
1252 silly packumentCache full:https://registry.npmjs.org/@jest%2fpattern cache-miss
1253 http fetch GET 200 https://registry.npmjs.org/@jest%2fpattern 47ms (cache miss)
1254 silly packumentCache full:https://registry.npmjs.org/@jest%2fpattern set size:undefined disposed:false
1255 silly fetch manifest @jest/reporters@30.3.0
1256 silly packumentCache full:https://registry.npmjs.org/@jest%2freporters cache-miss
1257 http fetch GET 200 https://registry.npmjs.org/@jest%2freporters 50ms (cache miss)
1258 silly packumentCache full:https://registry.npmjs.org/@jest%2freporters set size:undefined disposed:false
1259 silly fetch manifest @jest/test-result@30.3.0
1260 silly packumentCache full:https://registry.npmjs.org/@jest%2ftest-result cache-miss
1261 http fetch GET 200 https://registry.npmjs.org/@jest%2ftest-result 53ms (cache miss)
1262 silly packumentCache full:https://registry.npmjs.org/@jest%2ftest-result set size:undefined disposed:false
1263 silly fetch manifest @jest/transform@30.3.0
1264 silly packumentCache full:https://registry.npmjs.org/@jest%2ftransform cache-miss
1265 http fetch GET 200 https://registry.npmjs.org/@jest%2ftransform 49ms (cache miss)
1266 silly packumentCache full:https://registry.npmjs.org/@jest%2ftransform set size:undefined disposed:false
1267 silly fetch manifest ansi-escapes@^4.3.2
1268 silly packumentCache full:https://registry.npmjs.org/ansi-escapes cache-miss
1269 http fetch GET 200 https://registry.npmjs.org/ansi-escapes 30ms (cache miss)
1270 silly packumentCache full:https://registry.npmjs.org/ansi-escapes set size:undefined disposed:false
1271 silly fetch manifest chalk@^4.1.2
1272 silly packumentCache full:https://registry.npmjs.org/chalk cache-miss
1273 http fetch GET 200 https://registry.npmjs.org/chalk 11ms (cache hit)
1274 silly packumentCache full:https://registry.npmjs.org/chalk set size:117861 disposed:false
1275 silly fetch manifest ci-info@^4.2.0
1276 silly packumentCache full:https://registry.npmjs.org/ci-info cache-miss
1277 http fetch GET 200 https://registry.npmjs.org/ci-info 31ms (cache miss)
1278 silly packumentCache full:https://registry.npmjs.org/ci-info set size:undefined disposed:false
1279 silly fetch manifest exit-x@^0.2.2
1280 silly packumentCache full:https://registry.npmjs.org/exit-x cache-miss
1281 http fetch GET 200 https://registry.npmjs.org/exit-x 29ms (cache miss)
1282 silly packumentCache full:https://registry.npmjs.org/exit-x set size:undefined disposed:false
1283 silly fetch manifest graceful-fs@^4.2.11
1284 silly packumentCache full:https://registry.npmjs.org/graceful-fs cache-miss
1285 http fetch GET 200 https://registry.npmjs.org/graceful-fs 32ms (cache miss)
1286 silly packumentCache full:https://registry.npmjs.org/graceful-fs set size:undefined disposed:false
1287 silly fetch manifest jest-changed-files@30.3.0
1288 silly packumentCache full:https://registry.npmjs.org/jest-changed-files cache-miss
1289 http fetch GET 200 https://registry.npmjs.org/jest-changed-files 58ms (cache miss)
1290 silly packumentCache full:https://registry.npmjs.org/jest-changed-files set size:undefined disposed:false
1291 silly fetch manifest jest-config@30.3.0
1292 silly packumentCache full:https://registry.npmjs.org/jest-config cache-miss
1293 http fetch GET 200 https://registry.npmjs.org/jest-config 38ms (cache miss)
1294 silly packumentCache full:https://registry.npmjs.org/jest-config set size:undefined disposed:false
1295 silly fetch manifest jest-haste-map@30.3.0
1296 silly packumentCache full:https://registry.npmjs.org/jest-haste-map cache-miss
1297 http fetch GET 200 https://registry.npmjs.org/jest-haste-map 118ms (cache miss)
1298 silly packumentCache full:https://registry.npmjs.org/jest-haste-map set size:undefined disposed:false
1299 silly fetch manifest jest-message-util@30.3.0
1300 silly packumentCache full:https://registry.npmjs.org/jest-message-util cache-miss
1301 http fetch GET 200 https://registry.npmjs.org/jest-message-util 53ms (cache miss)
1302 silly packumentCache full:https://registry.npmjs.org/jest-message-util set size:undefined disposed:false
1303 silly fetch manifest jest-regex-util@30.0.1
1304 silly packumentCache full:https://registry.npmjs.org/jest-regex-util cache-miss
1305 http fetch GET 200 https://registry.npmjs.org/jest-regex-util 31ms (cache miss)
1306 silly packumentCache full:https://registry.npmjs.org/jest-regex-util set size:undefined disposed:false
1307 silly fetch manifest jest-resolve@30.3.0
1308 silly packumentCache full:https://registry.npmjs.org/jest-resolve cache-miss
1309 http fetch GET 200 https://registry.npmjs.org/jest-resolve 48ms (cache miss)
1310 silly packumentCache full:https://registry.npmjs.org/jest-resolve set size:undefined disposed:false
1311 silly fetch manifest jest-resolve-dependencies@30.3.0
1312 silly packumentCache full:https://registry.npmjs.org/jest-resolve-dependencies cache-miss
1313 http fetch GET 200 https://registry.npmjs.org/jest-resolve-dependencies 88ms (cache miss)
1314 silly packumentCache full:https://registry.npmjs.org/jest-resolve-dependencies set size:undefined disposed:false
1315 silly fetch manifest jest-runner@30.3.0
1316 silly packumentCache full:https://registry.npmjs.org/jest-runner cache-miss
1317 http fetch GET 200 https://registry.npmjs.org/jest-runner 41ms (cache miss)
1318 silly packumentCache full:https://registry.npmjs.org/jest-runner set size:undefined disposed:false
1319 silly fetch manifest jest-runtime@30.3.0
1320 silly packumentCache full:https://registry.npmjs.org/jest-runtime cache-miss
1321 http fetch GET 200 https://registry.npmjs.org/jest-runtime 46ms (cache miss)
1322 silly packumentCache full:https://registry.npmjs.org/jest-runtime set size:undefined disposed:false
1323 silly fetch manifest jest-snapshot@30.3.0
1324 silly packumentCache full:https://registry.npmjs.org/jest-snapshot cache-miss
1325 http fetch GET 200 https://registry.npmjs.org/jest-snapshot 95ms (cache miss)
1326 silly packumentCache full:https://registry.npmjs.org/jest-snapshot set size:undefined disposed:false
1327 silly fetch manifest jest-util@30.3.0
1328 silly packumentCache full:https://registry.npmjs.org/jest-util cache-miss
1329 http fetch GET 200 https://registry.npmjs.org/jest-util 64ms (cache miss)
1330 silly packumentCache full:https://registry.npmjs.org/jest-util set size:undefined disposed:false
1331 silly fetch manifest jest-validate@30.3.0
1332 silly packumentCache full:https://registry.npmjs.org/jest-validate cache-miss
1333 http fetch GET 200 https://registry.npmjs.org/jest-validate 156ms (cache miss)
1334 silly packumentCache full:https://registry.npmjs.org/jest-validate set size:undefined disposed:false
1335 silly fetch manifest jest-watcher@30.3.0
1336 silly packumentCache full:https://registry.npmjs.org/jest-watcher cache-miss
1337 http fetch GET 200 https://registry.npmjs.org/jest-watcher 39ms (cache miss)
1338 silly packumentCache full:https://registry.npmjs.org/jest-watcher set size:undefined disposed:false
1339 silly fetch manifest pretty-format@30.3.0
1340 silly packumentCache full:https://registry.npmjs.org/pretty-format cache-miss
1341 http fetch GET 200 https://registry.npmjs.org/pretty-format 40ms (cache miss)
1342 silly packumentCache full:https://registry.npmjs.org/pretty-format set size:undefined disposed:false
1343 silly fetch manifest slash@^3.0.0
1344 silly packumentCache full:https://registry.npmjs.org/slash cache-miss
1345 http fetch GET 200 https://registry.npmjs.org/slash 27ms (cache miss)
1346 silly packumentCache full:https://registry.npmjs.org/slash set size:undefined disposed:false
1347 silly fetch manifest @jest/schemas@30.0.5
1348 silly packumentCache full:https://registry.npmjs.org/@jest%2fschemas cache-miss
1349 http fetch GET 200 https://registry.npmjs.org/@jest%2fschemas 45ms (cache miss)
1350 silly packumentCache full:https://registry.npmjs.org/@jest%2fschemas set size:undefined disposed:false
1351 silly fetch manifest @types/istanbul-lib-coverage@^2.0.6
1352 silly packumentCache full:https://registry.npmjs.org/@types%2fistanbul-lib-coverage cache-miss
1353 http fetch GET 200 https://registry.npmjs.org/@types%2fistanbul-lib-coverage 54ms (cache miss)
1354 silly packumentCache full:https://registry.npmjs.org/@types%2fistanbul-lib-coverage set size:undefined disposed:false
1355 silly fetch manifest @types/istanbul-reports@^3.0.4
1356 silly packumentCache full:https://registry.npmjs.org/@types%2fistanbul-reports cache-miss
1357 http fetch GET 200 https://registry.npmjs.org/@types%2fistanbul-reports 44ms (cache miss)
1358 silly packumentCache full:https://registry.npmjs.org/@types%2fistanbul-reports set size:undefined disposed:false
1359 silly fetch manifest @types/yargs@^17.0.33
1360 silly packumentCache full:https://registry.npmjs.org/@types%2fyargs cache-miss
1361 http fetch GET 200 https://registry.npmjs.org/@types%2fyargs 40ms (cache miss)
1362 silly packumentCache full:https://registry.npmjs.org/@types%2fyargs set size:undefined disposed:false
1363 silly fetch manifest pkg-dir@^4.2.0
1364 silly packumentCache full:https://registry.npmjs.org/pkg-dir cache-miss
1365 http fetch GET 200 https://registry.npmjs.org/pkg-dir 43ms (cache miss)
1366 silly packumentCache full:https://registry.npmjs.org/pkg-dir set size:undefined disposed:false
1367 silly fetch manifest resolve-cwd@^3.0.0
1368 silly packumentCache full:https://registry.npmjs.org/resolve-cwd cache-miss
1369 http fetch GET 200 https://registry.npmjs.org/resolve-cwd 32ms (cache miss)
1370 silly packumentCache full:https://registry.npmjs.org/resolve-cwd set size:undefined disposed:false
1371 silly fetch manifest yargs@^17.7.2
1372 silly packumentCache full:https://registry.npmjs.org/yargs cache-miss
1373 http fetch GET 200 https://registry.npmjs.org/yargs 43ms (cache miss)
1374 silly packumentCache full:https://registry.npmjs.org/yargs set size:undefined disposed:false
1375 silly fetch manifest esbuild-register@>=3.4.0
1376 silly packumentCache full:https://registry.npmjs.org/esbuild-register cache-miss
1377 http fetch GET 200 https://registry.npmjs.org/esbuild-register 37ms (cache miss)
1378 silly packumentCache full:https://registry.npmjs.org/esbuild-register set size:undefined disposed:false
1379 silly fetch manifest esbuild@>=0.12 <1
1380 silly packumentCache full:https://registry.npmjs.org/esbuild cache-miss
1381 http fetch GET 200 https://registry.npmjs.org/esbuild 9ms (cache hit)
1382 silly packumentCache full:https://registry.npmjs.org/esbuild set size:1244751 disposed:false
1383 silly fetch manifest ts-node@>=9.0.0
1384 silly packumentCache full:https://registry.npmjs.org/ts-node cache-miss
1385 http fetch GET 200 https://registry.npmjs.org/ts-node 130ms (cache miss)
1386 silly packumentCache full:https://registry.npmjs.org/ts-node set size:undefined disposed:false
1387 silly fetch manifest @swc/core@>=1.2.50
1388 silly packumentCache full:https://registry.npmjs.org/@swc%2fcore cache-miss
1389 http fetch GET 200 https://registry.npmjs.org/@swc%2fcore 104ms (cache miss)
1390 silly packumentCache full:https://registry.npmjs.org/@swc%2fcore set size:undefined disposed:false
1391 silly fetch manifest @swc/helpers@>=0.5.17
1392 silly packumentCache full:https://registry.npmjs.org/@swc%2fhelpers cache-miss
1393 http fetch GET 200 https://registry.npmjs.org/@swc%2fhelpers 24ms (cache hit)
1394 silly packumentCache full:https://registry.npmjs.org/@swc%2fhelpers set size:702830 disposed:false
1395 silly fetch manifest @swc/wasm@>=1.2.50
1396 silly packumentCache full:https://registry.npmjs.org/@swc%2fwasm cache-miss
1397 http fetch GET 200 https://registry.npmjs.org/@swc%2fwasm 67ms (cache miss)
1398 silly packumentCache full:https://registry.npmjs.org/@swc%2fwasm set size:undefined disposed:false
1399 silly fetch manifest typescript@>=2.7
1400 silly packumentCache full:https://registry.npmjs.org/typescript cache-miss
1401 http fetch GET 200 https://registry.npmjs.org/typescript 54ms (cache hit)
1402 silly packumentCache full:https://registry.npmjs.org/typescript set size:15395755 disposed:false
1403 silly placeDep node_modules/pmxtjs @jest/console@30.3.0 OK for: @jest/core@30.3.0 want: 30.3.0
1404 silly placeDep node_modules/pmxtjs @jest/pattern@30.0.1 OK for: @jest/core@30.3.0 want: 30.0.1
1405 silly placeDep node_modules/pmxtjs @jest/reporters@30.3.0 OK for: @jest/core@30.3.0 want: 30.3.0
1406 silly placeDep node_modules/pmxtjs @jest/test-result@30.3.0 OK for: @jest/core@30.3.0 want: 30.3.0
1407 silly placeDep node_modules/pmxtjs @jest/transform@30.3.0 OK for: @jest/core@30.3.0 want: 30.3.0
1408 silly placeDep node_modules/pmxtjs ansi-escapes@4.3.2 OK for: @jest/core@30.3.0 want: ^4.3.2
1409 silly placeDep node_modules/pmxtjs/node_modules/@jest/core chalk@4.1.2 OK for: @jest/core@30.3.0 want: ^4.1.2
1410 silly placeDep node_modules/pmxtjs ci-info@4.4.0 OK for: @jest/core@30.3.0 want: ^4.2.0
1411 silly placeDep node_modules/pmxtjs exit-x@0.2.2 OK for: @jest/core@30.3.0 want: ^0.2.2
1412 silly placeDep node_modules/pmxtjs graceful-fs@4.2.11 OK for: @jest/core@30.3.0 want: ^4.2.11
1413 silly placeDep node_modules/pmxtjs jest-changed-files@30.3.0 OK for: @jest/core@30.3.0 want: 30.3.0
1414 silly placeDep node_modules/pmxtjs jest-config@30.3.0 OK for: @jest/core@30.3.0 want: 30.3.0
1415 silly placeDep node_modules/pmxtjs jest-haste-map@30.3.0 OK for: @jest/core@30.3.0 want: 30.3.0
1416 silly placeDep node_modules/pmxtjs jest-message-util@30.3.0 OK for: @jest/core@30.3.0 want: 30.3.0
1417 silly placeDep node_modules/pmxtjs jest-regex-util@30.0.1 OK for: @jest/core@30.3.0 want: 30.0.1
1418 silly placeDep node_modules/pmxtjs jest-resolve@30.3.0 OK for: @jest/core@30.3.0 want: 30.3.0
1419 silly placeDep node_modules/pmxtjs jest-resolve-dependencies@30.3.0 OK for: @jest/core@30.3.0 want: 30.3.0
1420 silly placeDep node_modules/pmxtjs jest-runner@30.3.0 OK for: @jest/core@30.3.0 want: 30.3.0
1421 silly placeDep node_modules/pmxtjs jest-runtime@30.3.0 OK for: @jest/core@30.3.0 want: 30.3.0
1422 silly placeDep node_modules/pmxtjs jest-snapshot@30.3.0 OK for: @jest/core@30.3.0 want: 30.3.0
1423 silly placeDep node_modules/pmxtjs jest-util@30.3.0 OK for: @jest/core@30.3.0 want: 30.3.0
1424 silly placeDep node_modules/pmxtjs jest-validate@30.3.0 OK for: @jest/core@30.3.0 want: 30.3.0
1425 silly placeDep node_modules/pmxtjs jest-watcher@30.3.0 OK for: @jest/core@30.3.0 want: 30.3.0
1426 silly placeDep node_modules/pmxtjs pretty-format@30.3.0 OK for: @jest/core@30.3.0 want: 30.3.0
1427 silly placeDep node_modules/pmxtjs slash@3.0.0 OK for: @jest/core@30.3.0 want: ^3.0.0
1428 silly fetch manifest @bcoe/v8-coverage@^0.2.3
1429 silly packumentCache full:https://registry.npmjs.org/@bcoe%2fv8-coverage cache-miss
1430 http fetch GET 200 https://registry.npmjs.org/@bcoe%2fv8-coverage 51ms (cache miss)
1431 silly packumentCache full:https://registry.npmjs.org/@bcoe%2fv8-coverage set size:undefined disposed:false
1432 silly fetch manifest @jridgewell/trace-mapping@^0.3.25
1433 silly packumentCache full:https://registry.npmjs.org/@jridgewell%2ftrace-mapping cache-miss
1434 http fetch GET 200 https://registry.npmjs.org/@jridgewell%2ftrace-mapping 46ms (cache miss)
1435 silly packumentCache full:https://registry.npmjs.org/@jridgewell%2ftrace-mapping set size:undefined disposed:false
1436 silly fetch manifest collect-v8-coverage@^1.0.2
1437 silly packumentCache full:https://registry.npmjs.org/collect-v8-coverage cache-miss
1438 http fetch GET 200 https://registry.npmjs.org/collect-v8-coverage 41ms (cache miss)
1439 silly packumentCache full:https://registry.npmjs.org/collect-v8-coverage set size:undefined disposed:false
1440 silly fetch manifest glob@^10.5.0
1441 silly packumentCache full:https://registry.npmjs.org/glob cache-miss
1442 http fetch GET 200 https://registry.npmjs.org/glob 34ms (cache miss)
1443 silly packumentCache full:https://registry.npmjs.org/glob set size:undefined disposed:false
1444 silly fetch manifest istanbul-lib-coverage@^3.0.0
1445 silly packumentCache full:https://registry.npmjs.org/istanbul-lib-coverage cache-miss
1446 http fetch GET 200 https://registry.npmjs.org/istanbul-lib-coverage 32ms (cache miss)
1447 silly packumentCache full:https://registry.npmjs.org/istanbul-lib-coverage set size:undefined disposed:false
1448 silly fetch manifest istanbul-lib-instrument@^6.0.0
1449 silly packumentCache full:https://registry.npmjs.org/istanbul-lib-instrument cache-miss
1450 http fetch GET 200 https://registry.npmjs.org/istanbul-lib-instrument 38ms (cache miss)
1451 silly packumentCache full:https://registry.npmjs.org/istanbul-lib-instrument set size:undefined disposed:false
1452 silly fetch manifest istanbul-lib-report@^3.0.0
1453 silly packumentCache full:https://registry.npmjs.org/istanbul-lib-report cache-miss
1454 http fetch GET 200 https://registry.npmjs.org/istanbul-lib-report 32ms (cache miss)
1455 silly packumentCache full:https://registry.npmjs.org/istanbul-lib-report set size:undefined disposed:false
1456 silly fetch manifest istanbul-lib-source-maps@^5.0.0
1457 silly packumentCache full:https://registry.npmjs.org/istanbul-lib-source-maps cache-miss
1458 http fetch GET 200 https://registry.npmjs.org/istanbul-lib-source-maps 31ms (cache miss)
1459 silly packumentCache full:https://registry.npmjs.org/istanbul-lib-source-maps set size:undefined disposed:false
1460 silly fetch manifest istanbul-reports@^3.1.3
1461 silly packumentCache full:https://registry.npmjs.org/istanbul-reports cache-miss
1462 http fetch GET 200 https://registry.npmjs.org/istanbul-reports 31ms (cache miss)
1463 silly packumentCache full:https://registry.npmjs.org/istanbul-reports set size:undefined disposed:false
1464 silly fetch manifest jest-worker@30.3.0
1465 silly packumentCache full:https://registry.npmjs.org/jest-worker cache-miss
1466 http fetch GET 200 https://registry.npmjs.org/jest-worker 36ms (cache miss)
1467 silly packumentCache full:https://registry.npmjs.org/jest-worker set size:undefined disposed:false
1468 silly fetch manifest string-length@^4.0.2
1469 silly packumentCache full:https://registry.npmjs.org/string-length cache-miss
1470 http fetch GET 200 https://registry.npmjs.org/string-length 46ms (cache miss)
1471 silly packumentCache full:https://registry.npmjs.org/string-length set size:undefined disposed:false
1472 silly fetch manifest v8-to-istanbul@^9.0.1
1473 silly packumentCache full:https://registry.npmjs.org/v8-to-istanbul cache-miss
1474 http fetch GET 200 https://registry.npmjs.org/v8-to-istanbul 32ms (cache miss)
1475 silly packumentCache full:https://registry.npmjs.org/v8-to-istanbul set size:undefined disposed:false
1476 silly fetch manifest @babel/core@^7.27.4
1477 silly packumentCache full:https://registry.npmjs.org/@babel%2fcore cache-miss
1478 http fetch GET 200 https://registry.npmjs.org/@babel%2fcore 46ms (cache miss)
1479 silly packumentCache full:https://registry.npmjs.org/@babel%2fcore set size:undefined disposed:false
1480 silly fetch manifest babel-plugin-istanbul@^7.0.1
1481 silly packumentCache full:https://registry.npmjs.org/babel-plugin-istanbul cache-miss
1482 http fetch GET 200 https://registry.npmjs.org/babel-plugin-istanbul 35ms (cache miss)
1483 silly packumentCache full:https://registry.npmjs.org/babel-plugin-istanbul set size:undefined disposed:false
1484 silly fetch manifest convert-source-map@^2.0.0
1485 silly packumentCache full:https://registry.npmjs.org/convert-source-map cache-miss
1486 http fetch GET 200 https://registry.npmjs.org/convert-source-map 34ms (cache miss)
1487 silly packumentCache full:https://registry.npmjs.org/convert-source-map set size:undefined disposed:false
1488 silly fetch manifest fast-json-stable-stringify@^2.1.0
1489 silly packumentCache full:https://registry.npmjs.org/fast-json-stable-stringify cache-miss
1490 http fetch GET 200 https://registry.npmjs.org/fast-json-stable-stringify 31ms (cache miss)
1491 silly packumentCache full:https://registry.npmjs.org/fast-json-stable-stringify set size:undefined disposed:false
1492 silly fetch manifest pirates@^4.0.7
1493 silly packumentCache full:https://registry.npmjs.org/pirates cache-miss
1494 http fetch GET 200 https://registry.npmjs.org/pirates 28ms (cache miss)
1495 silly packumentCache full:https://registry.npmjs.org/pirates set size:undefined disposed:false
1496 silly fetch manifest write-file-atomic@^5.0.1
1497 silly packumentCache full:https://registry.npmjs.org/write-file-atomic cache-miss
1498 http fetch GET 200 https://registry.npmjs.org/write-file-atomic 31ms (cache miss)
1499 silly packumentCache full:https://registry.npmjs.org/write-file-atomic set size:undefined disposed:false
1500 silly fetch manifest type-fest@^0.21.3
1501 silly packumentCache full:https://registry.npmjs.org/type-fest cache-miss
1502 http fetch GET 200 https://registry.npmjs.org/type-fest 38ms (cache miss)
1503 silly packumentCache full:https://registry.npmjs.org/type-fest set size:undefined disposed:false
1504 silly fetch manifest ansi-styles@^4.1.0
1505 silly packumentCache full:https://registry.npmjs.org/ansi-styles cache-miss
1506 http fetch GET 200 https://registry.npmjs.org/ansi-styles 29ms (cache miss)
1507 silly packumentCache full:https://registry.npmjs.org/ansi-styles set size:undefined disposed:false
1508 silly fetch manifest supports-color@^7.1.0
1509 silly packumentCache full:https://registry.npmjs.org/supports-color cache-miss
1510 http fetch GET 200 https://registry.npmjs.org/supports-color 44ms (cache miss)
1511 silly packumentCache full:https://registry.npmjs.org/supports-color set size:undefined disposed:false
1512 silly fetch manifest execa@^5.1.1
1513 silly packumentCache full:https://registry.npmjs.org/execa cache-miss
1514 http fetch GET 200 https://registry.npmjs.org/execa 40ms (cache miss)
1515 silly packumentCache full:https://registry.npmjs.org/execa set size:undefined disposed:false
1516 silly fetch manifest p-limit@^3.1.0
1517 silly packumentCache full:https://registry.npmjs.org/p-limit cache-miss
1518 http fetch GET 200 https://registry.npmjs.org/p-limit 29ms (cache miss)
1519 silly packumentCache full:https://registry.npmjs.org/p-limit set size:undefined disposed:false
1520 silly fetch manifest @jest/get-type@30.1.0
1521 silly packumentCache full:https://registry.npmjs.org/@jest%2fget-type cache-miss
1522 http fetch GET 200 https://registry.npmjs.org/@jest%2fget-type 49ms (cache miss)
1523 silly packumentCache full:https://registry.npmjs.org/@jest%2fget-type set size:undefined disposed:false
1524 silly fetch manifest @jest/test-sequencer@30.3.0
1525 silly packumentCache full:https://registry.npmjs.org/@jest%2ftest-sequencer cache-miss
1526 http fetch GET 200 https://registry.npmjs.org/@jest%2ftest-sequencer 126ms (cache miss)
1527 silly packumentCache full:https://registry.npmjs.org/@jest%2ftest-sequencer set size:undefined disposed:false
1528 silly fetch manifest babel-jest@30.3.0
1529 silly packumentCache full:https://registry.npmjs.org/babel-jest cache-miss
1530 http fetch GET 200 https://registry.npmjs.org/babel-jest 43ms (cache miss)
1531 silly packumentCache full:https://registry.npmjs.org/babel-jest set size:undefined disposed:false
1532 silly fetch manifest deepmerge@^4.3.1
1533 silly packumentCache full:https://registry.npmjs.org/deepmerge cache-miss
1534 http fetch GET 200 https://registry.npmjs.org/deepmerge 29ms (cache miss)
1535 silly packumentCache full:https://registry.npmjs.org/deepmerge set size:undefined disposed:false
1536 silly fetch manifest jest-circus@30.3.0
1537 silly packumentCache full:https://registry.npmjs.org/jest-circus cache-miss
1538 http fetch GET 200 https://registry.npmjs.org/jest-circus 47ms (cache miss)
1539 silly packumentCache full:https://registry.npmjs.org/jest-circus set size:undefined disposed:false
1540 silly fetch manifest jest-docblock@30.2.0
1541 silly packumentCache full:https://registry.npmjs.org/jest-docblock cache-miss
1542 http fetch GET 200 https://registry.npmjs.org/jest-docblock 37ms (cache miss)
1543 silly packumentCache full:https://registry.npmjs.org/jest-docblock set size:undefined disposed:false
1544 silly fetch manifest jest-environment-node@30.3.0
1545 silly packumentCache full:https://registry.npmjs.org/jest-environment-node cache-miss
1546 http fetch GET 200 https://registry.npmjs.org/jest-environment-node 43ms (cache miss)
1547 silly packumentCache full:https://registry.npmjs.org/jest-environment-node set size:undefined disposed:false
1548 silly fetch manifest parse-json@^5.2.0
1549 silly packumentCache full:https://registry.npmjs.org/parse-json cache-miss
1550 http fetch GET 200 https://registry.npmjs.org/parse-json 35ms (cache miss)
1551 silly packumentCache full:https://registry.npmjs.org/parse-json set size:undefined disposed:false
1552 silly fetch manifest strip-json-comments@^3.1.1
1553 silly packumentCache full:https://registry.npmjs.org/strip-json-comments cache-miss
1554 http fetch GET 200 https://registry.npmjs.org/strip-json-comments 35ms (cache miss)
1555 silly packumentCache full:https://registry.npmjs.org/strip-json-comments set size:undefined disposed:false
1556 silly fetch manifest anymatch@^3.1.3
1557 silly packumentCache full:https://registry.npmjs.org/anymatch cache-miss
1558 http fetch GET 200 https://registry.npmjs.org/anymatch 34ms (cache miss)
1559 silly packumentCache full:https://registry.npmjs.org/anymatch set size:undefined disposed:false
1560 silly fetch manifest fb-watchman@^2.0.2
1561 silly packumentCache full:https://registry.npmjs.org/fb-watchman cache-miss
1562 http fetch GET 200 https://registry.npmjs.org/fb-watchman 30ms (cache miss)
1563 silly packumentCache full:https://registry.npmjs.org/fb-watchman set size:undefined disposed:false
1564 silly fetch manifest picomatch@^4.0.3
1565 silly packumentCache full:https://registry.npmjs.org/picomatch cache-miss
1566 http fetch GET 200 https://registry.npmjs.org/picomatch 39ms (cache miss)
1567 silly packumentCache full:https://registry.npmjs.org/picomatch set size:undefined disposed:false
1568 silly fetch manifest walker@^1.0.8
1569 silly packumentCache full:https://registry.npmjs.org/walker cache-miss
1570 http fetch GET 200 https://registry.npmjs.org/walker 41ms (cache miss)
1571 silly packumentCache full:https://registry.npmjs.org/walker set size:undefined disposed:false
1572 silly fetch manifest fsevents@^2.3.3
1573 silly packumentCache full:https://registry.npmjs.org/fsevents cache-miss
1574 http fetch GET 200 https://registry.npmjs.org/fsevents 5ms (cache hit)
1575 silly packumentCache full:https://registry.npmjs.org/fsevents set size:182472 disposed:false
1576 silly fetch manifest @babel/code-frame@^7.27.1
1577 silly packumentCache full:https://registry.npmjs.org/@babel%2fcode-frame cache-miss
1578 http fetch GET 200 https://registry.npmjs.org/@babel%2fcode-frame 54ms (cache miss)
1579 silly packumentCache full:https://registry.npmjs.org/@babel%2fcode-frame set size:undefined disposed:false
1580 silly fetch manifest @types/stack-utils@^2.0.3
1581 silly packumentCache full:https://registry.npmjs.org/@types%2fstack-utils cache-miss
1582 http fetch GET 200 https://registry.npmjs.org/@types%2fstack-utils 41ms (cache miss)
1583 silly packumentCache full:https://registry.npmjs.org/@types%2fstack-utils set size:undefined disposed:false
1584 silly fetch manifest stack-utils@^2.0.6
1585 silly packumentCache full:https://registry.npmjs.org/stack-utils cache-miss
1586 http fetch GET 200 https://registry.npmjs.org/stack-utils 147ms (cache miss)
1587 silly packumentCache full:https://registry.npmjs.org/stack-utils set size:undefined disposed:false
1588 silly fetch manifest jest-pnp-resolver@^1.2.3
1589 silly packumentCache full:https://registry.npmjs.org/jest-pnp-resolver cache-miss
1590 http fetch GET 200 https://registry.npmjs.org/jest-pnp-resolver 27ms (cache miss)
1591 silly packumentCache full:https://registry.npmjs.org/jest-pnp-resolver set size:undefined disposed:false
1592 silly fetch manifest unrs-resolver@^1.7.11
1593 silly packumentCache full:https://registry.npmjs.org/unrs-resolver cache-miss
1594 http fetch GET 200 https://registry.npmjs.org/unrs-resolver 29ms (cache miss)
1595 silly packumentCache full:https://registry.npmjs.org/unrs-resolver set size:undefined disposed:false
1596 silly fetch manifest @jest/environment@30.3.0
1597 silly packumentCache full:https://registry.npmjs.org/@jest%2fenvironment cache-miss
1598 http fetch GET 200 https://registry.npmjs.org/@jest%2fenvironment 48ms (cache miss)
1599 silly packumentCache full:https://registry.npmjs.org/@jest%2fenvironment set size:undefined disposed:false
1600 silly fetch manifest emittery@^0.13.1
1601 silly packumentCache full:https://registry.npmjs.org/emittery cache-miss
1602 http fetch GET 200 https://registry.npmjs.org/emittery 118ms (cache miss)
1603 silly packumentCache full:https://registry.npmjs.org/emittery set size:undefined disposed:false
1604 silly fetch manifest jest-leak-detector@30.3.0
1605 silly packumentCache full:https://registry.npmjs.org/jest-leak-detector cache-miss
1606 http fetch GET 200 https://registry.npmjs.org/jest-leak-detector 33ms (cache miss)
1607 silly packumentCache full:https://registry.npmjs.org/jest-leak-detector set size:undefined disposed:false
1608 silly fetch manifest source-map-support@0.5.13
1609 silly packumentCache full:https://registry.npmjs.org/source-map-support cache-miss
1610 http fetch GET 200 https://registry.npmjs.org/source-map-support 35ms (cache miss)
1611 silly packumentCache full:https://registry.npmjs.org/source-map-support set size:undefined disposed:false
1612 silly fetch manifest @jest/fake-timers@30.3.0
1613 silly packumentCache full:https://registry.npmjs.org/@jest%2ffake-timers cache-miss
1614 http fetch GET 200 https://registry.npmjs.org/@jest%2ffake-timers 50ms (cache miss)
1615 silly packumentCache full:https://registry.npmjs.org/@jest%2ffake-timers set size:undefined disposed:false
1616 silly fetch manifest @jest/globals@30.3.0
1617 silly packumentCache full:https://registry.npmjs.org/@jest%2fglobals cache-miss
1618 http fetch GET 200 https://registry.npmjs.org/@jest%2fglobals 53ms (cache miss)
1619 silly packumentCache full:https://registry.npmjs.org/@jest%2fglobals set size:undefined disposed:false
1620 silly fetch manifest @jest/source-map@30.0.1
1621 silly packumentCache full:https://registry.npmjs.org/@jest%2fsource-map cache-miss
1622 http fetch GET 200 https://registry.npmjs.org/@jest%2fsource-map 43ms (cache miss)
1623 silly packumentCache full:https://registry.npmjs.org/@jest%2fsource-map set size:undefined disposed:false
1624 silly fetch manifest cjs-module-lexer@^2.1.0
1625 silly packumentCache full:https://registry.npmjs.org/cjs-module-lexer cache-miss
1626 http fetch GET 200 https://registry.npmjs.org/cjs-module-lexer 41ms (cache miss)
1627 silly packumentCache full:https://registry.npmjs.org/cjs-module-lexer set size:undefined disposed:false
1628 silly fetch manifest jest-mock@30.3.0
1629 silly packumentCache full:https://registry.npmjs.org/jest-mock cache-miss
1630 http fetch GET 200 https://registry.npmjs.org/jest-mock 35ms (cache miss)
1631 silly packumentCache full:https://registry.npmjs.org/jest-mock set size:undefined disposed:false
1632 silly fetch manifest strip-bom@^4.0.0
1633 silly packumentCache full:https://registry.npmjs.org/strip-bom cache-miss
1634 http fetch GET 200 https://registry.npmjs.org/strip-bom 28ms (cache miss)
1635 silly packumentCache full:https://registry.npmjs.org/strip-bom set size:undefined disposed:false
1636 silly fetch manifest @babel/generator@^7.27.5
1637 silly packumentCache full:https://registry.npmjs.org/@babel%2fgenerator cache-miss
1638 http fetch GET 200 https://registry.npmjs.org/@babel%2fgenerator 59ms (cache miss)
1639 silly packumentCache full:https://registry.npmjs.org/@babel%2fgenerator set size:undefined disposed:false
1640 silly fetch manifest @babel/plugin-syntax-jsx@^7.27.1
1641 silly packumentCache full:https://registry.npmjs.org/@babel%2fplugin-syntax-jsx cache-miss
1642 http fetch GET 200 https://registry.npmjs.org/@babel%2fplugin-syntax-jsx 44ms (cache miss)
1643 silly packumentCache full:https://registry.npmjs.org/@babel%2fplugin-syntax-jsx set size:undefined disposed:false
1644 silly fetch manifest @babel/plugin-syntax-typescript@^7.27.1
1645 silly packumentCache full:https://registry.npmjs.org/@babel%2fplugin-syntax-typescript cache-miss
1646 http fetch GET 200 https://registry.npmjs.org/@babel%2fplugin-syntax-typescript 48ms (cache miss)
1647 silly packumentCache full:https://registry.npmjs.org/@babel%2fplugin-syntax-typescript set size:undefined disposed:false
1648 silly fetch manifest @babel/types@^7.27.3
1649 silly packumentCache full:https://registry.npmjs.org/@babel%2ftypes cache-miss
1650 http fetch GET 200 https://registry.npmjs.org/@babel%2ftypes 108ms (cache miss)
1651 silly packumentCache full:https://registry.npmjs.org/@babel%2ftypes set size:undefined disposed:false
1652 silly fetch manifest @jest/expect-utils@30.3.0
1653 silly packumentCache full:https://registry.npmjs.org/@jest%2fexpect-utils cache-miss
1654 http fetch GET 200 https://registry.npmjs.org/@jest%2fexpect-utils 52ms (cache miss)
1655 silly packumentCache full:https://registry.npmjs.org/@jest%2fexpect-utils set size:undefined disposed:false
1656 silly fetch manifest @jest/snapshot-utils@30.3.0
1657 silly packumentCache full:https://registry.npmjs.org/@jest%2fsnapshot-utils cache-miss
1658 http fetch GET 200 https://registry.npmjs.org/@jest%2fsnapshot-utils 110ms (cache miss)
1659 silly packumentCache full:https://registry.npmjs.org/@jest%2fsnapshot-utils set size:undefined disposed:false
1660 silly fetch manifest babel-preset-current-node-syntax@^1.2.0
1661 silly packumentCache full:https://registry.npmjs.org/babel-preset-current-node-syntax cache-miss
1662 http fetch GET 200 https://registry.npmjs.org/babel-preset-current-node-syntax 38ms (cache miss)
1663 silly packumentCache full:https://registry.npmjs.org/babel-preset-current-node-syntax set size:undefined disposed:false
1664 silly fetch manifest expect@30.3.0
1665 silly packumentCache full:https://registry.npmjs.org/expect cache-miss
1666 http fetch GET 200 https://registry.npmjs.org/expect 46ms (cache miss)
1667 silly packumentCache full:https://registry.npmjs.org/expect set size:undefined disposed:false
1668 silly fetch manifest jest-diff@30.3.0
1669 silly packumentCache full:https://registry.npmjs.org/jest-diff cache-miss
1670 http fetch GET 200 https://registry.npmjs.org/jest-diff 33ms (cache miss)
1671 silly packumentCache full:https://registry.npmjs.org/jest-diff set size:undefined disposed:false
1672 silly fetch manifest jest-matcher-utils@30.3.0
1673 silly packumentCache full:https://registry.npmjs.org/jest-matcher-utils cache-miss
1674 http fetch GET 200 https://registry.npmjs.org/jest-matcher-utils 38ms (cache miss)
1675 silly packumentCache full:https://registry.npmjs.org/jest-matcher-utils set size:undefined disposed:false
1676 silly fetch manifest semver@^7.7.2
1677 silly packumentCache full:https://registry.npmjs.org/semver cache-miss
1678 http fetch GET 200 https://registry.npmjs.org/semver 37ms (cache miss)
1679 silly packumentCache full:https://registry.npmjs.org/semver set size:undefined disposed:false
1680 silly fetch manifest synckit@^0.11.8
1681 silly packumentCache full:https://registry.npmjs.org/synckit cache-miss
1682 http fetch GET 200 https://registry.npmjs.org/synckit 136ms (cache miss)
1683 silly packumentCache full:https://registry.npmjs.org/synckit set size:undefined disposed:false
1684 silly fetch manifest camelcase@^6.3.0
1685 silly packumentCache full:https://registry.npmjs.org/camelcase cache-miss
1686 http fetch GET 200 https://registry.npmjs.org/camelcase 34ms (cache miss)
1687 silly packumentCache full:https://registry.npmjs.org/camelcase set size:undefined disposed:false
1688 silly fetch manifest leven@^3.1.0
1689 silly packumentCache full:https://registry.npmjs.org/leven cache-miss
1690 http fetch GET 200 https://registry.npmjs.org/leven 34ms (cache miss)
1691 silly packumentCache full:https://registry.npmjs.org/leven set size:undefined disposed:false
1692 silly fetch manifest ansi-styles@^5.2.0
1693 silly packumentCache full:https://registry.npmjs.org/ansi-styles cache-miss
1694 http fetch GET 200 https://registry.npmjs.org/ansi-styles 5ms (cache hit)
1695 silly packumentCache full:https://registry.npmjs.org/ansi-styles set size:63233 disposed:false
1696 silly fetch manifest react-is@^18.3.1
1697 silly packumentCache full:https://registry.npmjs.org/react-is cache-miss
1698 http fetch GET 200 https://registry.npmjs.org/react-is 236ms (cache miss)
1699 silly packumentCache full:https://registry.npmjs.org/react-is set size:undefined disposed:false
1700 silly placeDep node_modules/pmxtjs/node_modules/@jest/console chalk@4.1.2 OK for: @jest/console@30.3.0 want: ^4.1.2
1701 silly placeDep node_modules/pmxtjs @bcoe/v8-coverage@0.2.3 OK for: @jest/reporters@30.3.0 want: ^0.2.3
1702 silly placeDep node_modules/pmxtjs @jridgewell/trace-mapping@0.3.31 OK for: @jest/reporters@30.3.0 want: ^0.3.25
1703 silly placeDep node_modules/pmxtjs/node_modules/@jest/reporters chalk@4.1.2 OK for: @jest/reporters@30.3.0 want: ^4.1.2
1704 silly placeDep node_modules/pmxtjs collect-v8-coverage@1.0.3 OK for: @jest/reporters@30.3.0 want: ^1.0.2
1705 silly placeDep node_modules/pmxtjs glob@10.5.0 OK for: @jest/reporters@30.3.0 want: ^10.5.0
1706 silly placeDep node_modules/pmxtjs istanbul-lib-coverage@3.2.2 OK for: @jest/reporters@30.3.0 want: ^3.0.0
1707 silly placeDep node_modules/pmxtjs istanbul-lib-instrument@6.0.3 OK for: @jest/reporters@30.3.0 want: ^6.0.0
1708 silly placeDep node_modules/pmxtjs istanbul-lib-report@3.0.1 OK for: @jest/reporters@30.3.0 want: ^3.0.0
1709 silly placeDep node_modules/pmxtjs istanbul-lib-source-maps@5.0.6 OK for: @jest/reporters@30.3.0 want: ^5.0.0
1710 silly placeDep node_modules/pmxtjs istanbul-reports@3.2.0 OK for: @jest/reporters@30.3.0 want: ^3.1.3
1711 silly placeDep node_modules/pmxtjs jest-worker@30.3.0 OK for: @jest/reporters@30.3.0 want: 30.3.0
1712 silly placeDep node_modules/pmxtjs string-length@4.0.2 OK for: @jest/reporters@30.3.0 want: ^4.0.2
1713 silly placeDep node_modules/pmxtjs v8-to-istanbul@9.3.0 OK for: @jest/reporters@30.3.0 want: ^9.0.1
1714 silly fetch manifest @jridgewell/resolve-uri@^3.1.0
1715 silly packumentCache full:https://registry.npmjs.org/@jridgewell%2fresolve-uri cache-miss
1716 http fetch GET 200 https://registry.npmjs.org/@jridgewell%2fresolve-uri 50ms (cache miss)
1717 silly packumentCache full:https://registry.npmjs.org/@jridgewell%2fresolve-uri set size:undefined disposed:false
1718 silly fetch manifest @jridgewell/sourcemap-codec@^1.4.14
1719 silly packumentCache full:https://registry.npmjs.org/@jridgewell%2fsourcemap-codec cache-miss
1720 http fetch GET 200 https://registry.npmjs.org/@jridgewell%2fsourcemap-codec 45ms (cache miss)
1721 silly packumentCache full:https://registry.npmjs.org/@jridgewell%2fsourcemap-codec set size:undefined disposed:false
1722 silly fetch manifest minipass@^7.1.2
1723 silly packumentCache full:https://registry.npmjs.org/minipass cache-miss
1724 http fetch GET 200 https://registry.npmjs.org/minipass 61ms (cache miss)
1725 silly packumentCache full:https://registry.npmjs.org/minipass set size:undefined disposed:false
1726 silly fetch manifest jackspeak@^3.1.2
1727 silly packumentCache full:https://registry.npmjs.org/jackspeak cache-miss
1728 http fetch GET 200 https://registry.npmjs.org/jackspeak 34ms (cache miss)
1729 silly packumentCache full:https://registry.npmjs.org/jackspeak set size:undefined disposed:false
1730 silly fetch manifest minimatch@^9.0.4
1731 silly packumentCache full:https://registry.npmjs.org/minimatch cache-miss
1732 http fetch GET 200 https://registry.npmjs.org/minimatch 33ms (cache miss)
1733 silly packumentCache full:https://registry.npmjs.org/minimatch set size:undefined disposed:false
1734 silly fetch manifest path-scurry@^1.11.1
1735 silly packumentCache full:https://registry.npmjs.org/path-scurry cache-miss
1736 http fetch GET 200 https://registry.npmjs.org/path-scurry 34ms (cache miss)
1737 silly packumentCache full:https://registry.npmjs.org/path-scurry set size:undefined disposed:false
1738 silly fetch manifest foreground-child@^3.1.0
1739 silly packumentCache full:https://registry.npmjs.org/foreground-child cache-miss
1740 http fetch GET 200 https://registry.npmjs.org/foreground-child 29ms (cache miss)
1741 silly packumentCache full:https://registry.npmjs.org/foreground-child set size:undefined disposed:false
1742 silly fetch manifest package-json-from-dist@^1.0.0
1743 silly packumentCache full:https://registry.npmjs.org/package-json-from-dist cache-miss
1744 http fetch GET 200 https://registry.npmjs.org/package-json-from-dist 25ms (cache miss)
1745 silly packumentCache full:https://registry.npmjs.org/package-json-from-dist set size:undefined disposed:false
1746 silly fetch manifest @babel/core@^7.23.9
1747 silly packumentCache full:https://registry.npmjs.org/@babel%2fcore cache-miss
1748 http fetch GET 200 https://registry.npmjs.org/@babel%2fcore 7ms (cache hit)
1749 silly packumentCache full:https://registry.npmjs.org/@babel%2fcore set size:760113 disposed:false
1750 silly fetch manifest @babel/parser@^7.23.9
1751 silly packumentCache full:https://registry.npmjs.org/@babel%2fparser cache-miss
1752 http fetch GET 200 https://registry.npmjs.org/@babel%2fparser 64ms (cache miss)
1753 silly packumentCache full:https://registry.npmjs.org/@babel%2fparser set size:undefined disposed:false
1754 silly fetch manifest @istanbuljs/schema@^0.1.3
1755 silly packumentCache full:https://registry.npmjs.org/@istanbuljs%2fschema cache-miss
1756 http fetch GET 200 https://registry.npmjs.org/@istanbuljs%2fschema 50ms (cache miss)
1757 silly packumentCache full:https://registry.npmjs.org/@istanbuljs%2fschema set size:undefined disposed:false
1758 silly fetch manifest semver@^7.5.4
1759 silly packumentCache full:https://registry.npmjs.org/semver cache-miss
1760 http fetch GET 200 https://registry.npmjs.org/semver 5ms (cache hit)
1761 silly packumentCache full:https://registry.npmjs.org/semver set size:229620 disposed:false
1762 silly fetch manifest make-dir@^4.0.0
1763 silly packumentCache full:https://registry.npmjs.org/make-dir cache-miss
1764 http fetch GET 200 https://registry.npmjs.org/make-dir 35ms (cache miss)
1765 silly packumentCache full:https://registry.npmjs.org/make-dir set size:undefined disposed:false
1766 silly fetch manifest html-escaper@^2.0.0
1767 silly packumentCache full:https://registry.npmjs.org/html-escaper cache-miss
1768 http fetch GET 200 https://registry.npmjs.org/html-escaper 29ms (cache miss)
1769 silly packumentCache full:https://registry.npmjs.org/html-escaper set size:undefined disposed:false
1770 silly fetch manifest @ungap/structured-clone@^1.3.0
1771 silly packumentCache full:https://registry.npmjs.org/@ungap%2fstructured-clone cache-miss
1772 http fetch GET 200 https://registry.npmjs.org/@ungap%2fstructured-clone 61ms (cache miss)
1773 silly packumentCache full:https://registry.npmjs.org/@ungap%2fstructured-clone set size:undefined disposed:false
1774 silly fetch manifest merge-stream@^2.0.0
1775 silly packumentCache full:https://registry.npmjs.org/merge-stream cache-miss
1776 http fetch GET 200 https://registry.npmjs.org/merge-stream 26ms (cache miss)
1777 silly packumentCache full:https://registry.npmjs.org/merge-stream set size:undefined disposed:false
1778 silly fetch manifest supports-color@^8.1.1
1779 silly packumentCache full:https://registry.npmjs.org/supports-color cache-miss
1780 http fetch GET 200 https://registry.npmjs.org/supports-color 7ms (cache hit)
1781 silly packumentCache full:https://registry.npmjs.org/supports-color set size:118680 disposed:false
1782 silly fetch manifest char-regex@^1.0.2
1783 silly packumentCache full:https://registry.npmjs.org/char-regex cache-miss
1784 http fetch GET 200 https://registry.npmjs.org/char-regex 25ms (cache miss)
1785 silly packumentCache full:https://registry.npmjs.org/char-regex set size:undefined disposed:false
1786 silly fetch manifest strip-ansi@^6.0.0
1787 silly packumentCache full:https://registry.npmjs.org/strip-ansi cache-miss
1788 http fetch GET 200 https://registry.npmjs.org/strip-ansi 33ms (cache miss)
1789 silly packumentCache full:https://registry.npmjs.org/strip-ansi set size:undefined disposed:false
1790 silly fetch manifest @types/istanbul-lib-coverage@^2.0.1
1791 silly packumentCache full:https://registry.npmjs.org/@types%2fistanbul-lib-coverage cache-miss
1792 http fetch GET 200 https://registry.npmjs.org/@types%2fistanbul-lib-coverage 4ms (cache hit)
1793 silly packumentCache full:https://registry.npmjs.org/@types%2fistanbul-lib-coverage set size:18110 disposed:false
1794 silly placeDep node_modules/pmxtjs @types/istanbul-lib-coverage@2.0.6 OK for: @jest/test-result@30.3.0 want: ^2.0.6
1795 silly placeDep node_modules/pmxtjs @babel/core@7.29.0 OK for: @jest/transform@30.3.0 want: ^7.27.4
1796 silly placeDep node_modules/pmxtjs babel-plugin-istanbul@7.0.1 OK for: @jest/transform@30.3.0 want: ^7.0.1
1797 silly placeDep node_modules/pmxtjs/node_modules/@jest/transform chalk@4.1.2 OK for: @jest/transform@30.3.0 want: ^4.1.2
1798 silly placeDep node_modules/pmxtjs convert-source-map@2.0.0 OK for: @jest/transform@30.3.0 want: ^2.0.0
1799 silly placeDep node_modules/pmxtjs fast-json-stable-stringify@2.1.0 OK for: @jest/transform@30.3.0 want: ^2.1.0
1800 silly placeDep node_modules/pmxtjs pirates@4.0.7 OK for: @jest/transform@30.3.0 want: ^4.0.7
1801 silly placeDep node_modules/pmxtjs write-file-atomic@5.0.1 OK for: @jest/transform@30.3.0 want: ^5.0.1
1802 silly fetch manifest json5@^2.2.3
1803 silly packumentCache full:https://registry.npmjs.org/json5 cache-miss
1804 http fetch GET 200 https://registry.npmjs.org/json5 112ms (cache miss)
1805 silly packumentCache full:https://registry.npmjs.org/json5 set size:undefined disposed:false
1806 silly fetch manifest semver@^6.3.1
1807 silly packumentCache full:https://registry.npmjs.org/semver cache-hit
1808 silly fetch manifest gensync@^1.0.0-beta.2
1809 silly packumentCache full:https://registry.npmjs.org/gensync cache-miss
1810 http fetch GET 200 https://registry.npmjs.org/gensync 29ms (cache miss)
1811 silly packumentCache full:https://registry.npmjs.org/gensync set size:undefined disposed:false
1812 silly fetch manifest @babel/types@^7.29.0
1813 silly packumentCache full:https://registry.npmjs.org/@babel%2ftypes cache-miss
1814 http fetch GET 200 https://registry.npmjs.org/@babel%2ftypes 4ms (cache hit)
1815 silly packumentCache full:https://registry.npmjs.org/@babel%2ftypes set size:487885 disposed:false
1816 silly fetch manifest @babel/parser@^7.29.0
1817 silly packumentCache full:https://registry.npmjs.org/@babel%2fparser cache-miss
1818 http fetch GET 200 https://registry.npmjs.org/@babel%2fparser 11ms (cache hit)
1819 silly packumentCache full:https://registry.npmjs.org/@babel%2fparser set size:718758 disposed:false
1820 silly fetch manifest @babel/helpers@^7.28.6
1821 silly packumentCache full:https://registry.npmjs.org/@babel%2fhelpers cache-miss
1822 http fetch GET 200 https://registry.npmjs.org/@babel%2fhelpers 53ms (cache miss)
1823 silly packumentCache full:https://registry.npmjs.org/@babel%2fhelpers set size:undefined disposed:false
1824 silly fetch manifest @babel/template@^7.28.6
1825 silly packumentCache full:https://registry.npmjs.org/@babel%2ftemplate cache-miss
1826 http fetch GET 200 https://registry.npmjs.org/@babel%2ftemplate 40ms (cache miss)
1827 silly packumentCache full:https://registry.npmjs.org/@babel%2ftemplate set size:undefined disposed:false
1828 silly fetch manifest @babel/traverse@^7.29.0
1829 silly packumentCache full:https://registry.npmjs.org/@babel%2ftraverse cache-miss
1830 http fetch GET 200 https://registry.npmjs.org/@babel%2ftraverse 47ms (cache miss)
1831 silly packumentCache full:https://registry.npmjs.org/@babel%2ftraverse set size:undefined disposed:false
1832 silly fetch manifest @babel/generator@^7.29.0
1833 silly packumentCache full:https://registry.npmjs.org/@babel%2fgenerator cache-miss
1834 http fetch GET 200 https://registry.npmjs.org/@babel%2fgenerator 7ms (cache hit)
1835 silly packumentCache full:https://registry.npmjs.org/@babel%2fgenerator set size:507107 disposed:false
1836 silly fetch manifest @babel/code-frame@^7.29.0
1837 silly packumentCache full:https://registry.npmjs.org/@babel%2fcode-frame cache-miss
1838 http fetch GET 200 https://registry.npmjs.org/@babel%2fcode-frame 6ms (cache hit)
1839 silly packumentCache full:https://registry.npmjs.org/@babel%2fcode-frame set size:196196 disposed:false
1840 silly fetch manifest @jridgewell/remapping@^2.3.5
1841 silly packumentCache full:https://registry.npmjs.org/@jridgewell%2fremapping cache-miss
1842 http fetch GET 200 https://registry.npmjs.org/@jridgewell%2fremapping 54ms (cache miss)
1843 silly packumentCache full:https://registry.npmjs.org/@jridgewell%2fremapping set size:undefined disposed:false
1844 silly fetch manifest @babel/helper-module-transforms@^7.28.6
1845 silly packumentCache full:https://registry.npmjs.org/@babel%2fhelper-module-transforms cache-miss
1846 http fetch GET 200 https://registry.npmjs.org/@babel%2fhelper-module-transforms 120ms (cache miss)
1847 silly packumentCache full:https://registry.npmjs.org/@babel%2fhelper-module-transforms set size:undefined disposed:false
1848 silly fetch manifest @babel/helper-compilation-targets@^7.28.6
1849 silly packumentCache full:https://registry.npmjs.org/@babel%2fhelper-compilation-targets cache-miss
1850 http fetch GET 200 https://registry.npmjs.org/@babel%2fhelper-compilation-targets 40ms (cache miss)
1851 silly packumentCache full:https://registry.npmjs.org/@babel%2fhelper-compilation-targets set size:undefined disposed:false
1852 silly fetch manifest @babel/helper-plugin-utils@^7.0.0
1853 silly packumentCache full:https://registry.npmjs.org/@babel%2fhelper-plugin-utils cache-miss
1854 http fetch GET 200 https://registry.npmjs.org/@babel%2fhelper-plugin-utils 161ms (cache miss)
1855 silly packumentCache full:https://registry.npmjs.org/@babel%2fhelper-plugin-utils set size:undefined disposed:false
1856 silly fetch manifest @istanbuljs/load-nyc-config@^1.0.0
1857 silly packumentCache full:https://registry.npmjs.org/@istanbuljs%2fload-nyc-config cache-miss
1858 http fetch GET 200 https://registry.npmjs.org/@istanbuljs%2fload-nyc-config 45ms (cache miss)
1859 silly packumentCache full:https://registry.npmjs.org/@istanbuljs%2fload-nyc-config set size:undefined disposed:false
1860 silly fetch manifest test-exclude@^6.0.0
1861 silly packumentCache full:https://registry.npmjs.org/test-exclude cache-miss
1862 http fetch GET 200 https://registry.npmjs.org/test-exclude 26ms (cache miss)
1863 silly packumentCache full:https://registry.npmjs.org/test-exclude set size:undefined disposed:false
1864 silly fetch manifest imurmurhash@^0.1.4
1865 silly packumentCache full:https://registry.npmjs.org/imurmurhash cache-miss
1866 http fetch GET 200 https://registry.npmjs.org/imurmurhash 36ms (cache miss)
1867 silly packumentCache full:https://registry.npmjs.org/imurmurhash set size:undefined disposed:false
1868 silly fetch manifest signal-exit@^4.0.1
1869 silly packumentCache full:https://registry.npmjs.org/signal-exit cache-miss
1870 http fetch GET 200 https://registry.npmjs.org/signal-exit 29ms (cache miss)
1871 silly packumentCache full:https://registry.npmjs.org/signal-exit set size:undefined disposed:false
1872 silly fetch manifest @babel/core@^7.0.0
1873 silly packumentCache full:https://registry.npmjs.org/@babel%2fcore cache-hit
1874 silly placeDep node_modules/pmxtjs @babel/code-frame@7.29.0 OK for: @babel/core@7.29.0 want: ^7.29.0
1875 silly placeDep node_modules/pmxtjs @babel/generator@7.29.1 OK for: @babel/core@7.29.0 want: ^7.29.0
1876 silly placeDep node_modules/pmxtjs @babel/helper-compilation-targets@7.28.6 OK for: @babel/core@7.29.0 want: ^7.28.6
1877 silly placeDep node_modules/pmxtjs @babel/helper-module-transforms@7.28.6 OK for: @babel/core@7.29.0 want: ^7.28.6
1878 silly placeDep node_modules/pmxtjs @babel/helpers@7.29.2 OK for: @babel/core@7.29.0 want: ^7.28.6
1879 silly placeDep node_modules/pmxtjs @babel/parser@7.29.2 OK for: @babel/core@7.29.0 want: ^7.29.0
1880 silly placeDep node_modules/pmxtjs @babel/template@7.28.6 OK for: @babel/core@7.29.0 want: ^7.28.6
1881 silly placeDep node_modules/pmxtjs @babel/traverse@7.29.0 OK for: @babel/core@7.29.0 want: ^7.29.0
1882 silly placeDep node_modules/pmxtjs @babel/types@7.29.0 OK for: @babel/core@7.29.0 want: ^7.29.0
1883 silly placeDep node_modules/pmxtjs @jridgewell/remapping@2.3.5 OK for: @babel/core@7.29.0 want: ^2.3.5
1884 silly placeDep node_modules/pmxtjs gensync@1.0.0-beta.2 OK for: @babel/core@7.29.0 want: ^1.0.0-beta.2
1885 silly placeDep node_modules/pmxtjs json5@2.2.3 OK for: @babel/core@7.29.0 want: ^2.2.3
1886 silly placeDep node_modules/pmxtjs semver@6.3.1 OK for: @babel/core@7.29.0 want: ^6.3.1
1887 silly fetch manifest js-tokens@^4.0.0
1888 silly packumentCache full:https://registry.npmjs.org/js-tokens cache-miss
1889 http fetch GET 200 https://registry.npmjs.org/js-tokens 28ms (cache miss)
1890 silly packumentCache full:https://registry.npmjs.org/js-tokens set size:undefined disposed:false
1891 silly fetch manifest picocolors@^1.1.1
1892 silly packumentCache full:https://registry.npmjs.org/picocolors cache-miss
1893 http fetch GET 200 https://registry.npmjs.org/picocolors 37ms (cache miss)
1894 silly packumentCache full:https://registry.npmjs.org/picocolors set size:undefined disposed:false
1895 silly fetch manifest @babel/helper-validator-identifier@^7.28.5
1896 silly packumentCache full:https://registry.npmjs.org/@babel%2fhelper-validator-identifier cache-miss
1897 http fetch GET 200 https://registry.npmjs.org/@babel%2fhelper-validator-identifier 37ms (cache miss)
1898 silly packumentCache full:https://registry.npmjs.org/@babel%2fhelper-validator-identifier set size:undefined disposed:false
1899 silly fetch manifest jsesc@^3.0.2
1900 silly packumentCache full:https://registry.npmjs.org/jsesc cache-miss
1901 http fetch GET 200 https://registry.npmjs.org/jsesc 31ms (cache miss)
1902 silly packumentCache full:https://registry.npmjs.org/jsesc set size:undefined disposed:false
1903 silly fetch manifest @jridgewell/gen-mapping@^0.3.12
1904 silly packumentCache full:https://registry.npmjs.org/@jridgewell%2fgen-mapping cache-miss
1905 http fetch GET 200 https://registry.npmjs.org/@jridgewell%2fgen-mapping 57ms (cache miss)
1906 silly packumentCache full:https://registry.npmjs.org/@jridgewell%2fgen-mapping set size:undefined disposed:false
1907 silly fetch manifest lru-cache@^5.1.1
1908 silly packumentCache full:https://registry.npmjs.org/lru-cache cache-miss
1909 http fetch GET 200 https://registry.npmjs.org/lru-cache 44ms (cache miss)
1910 silly packumentCache full:https://registry.npmjs.org/lru-cache set size:undefined disposed:false
1911 silly fetch manifest browserslist@^4.24.0
1912 silly packumentCache full:https://registry.npmjs.org/browserslist cache-miss
1913 http fetch GET 200 https://registry.npmjs.org/browserslist 32ms (cache miss)
1914 silly packumentCache full:https://registry.npmjs.org/browserslist set size:undefined disposed:false
1915 silly fetch manifest @babel/compat-data@^7.28.6
1916 silly packumentCache full:https://registry.npmjs.org/@babel%2fcompat-data cache-miss
1917 http fetch GET 200 https://registry.npmjs.org/@babel%2fcompat-data 47ms (cache miss)
1918 silly packumentCache full:https://registry.npmjs.org/@babel%2fcompat-data set size:undefined disposed:false
1919 silly fetch manifest @babel/helper-validator-option@^7.27.1
1920 silly packumentCache full:https://registry.npmjs.org/@babel%2fhelper-validator-option cache-miss
1921 http fetch GET 200 https://registry.npmjs.org/@babel%2fhelper-validator-option 38ms (cache miss)
1922 silly packumentCache full:https://registry.npmjs.org/@babel%2fhelper-validator-option set size:undefined disposed:false
1923 silly fetch manifest @babel/traverse@^7.28.6
1924 silly packumentCache full:https://registry.npmjs.org/@babel%2ftraverse cache-miss
1925 http fetch GET 200 https://registry.npmjs.org/@babel%2ftraverse 8ms (cache hit)
1926 silly packumentCache full:https://registry.npmjs.org/@babel%2ftraverse set size:548722 disposed:false
1927 silly fetch manifest @babel/helper-module-imports@^7.28.6
1928 silly packumentCache full:https://registry.npmjs.org/@babel%2fhelper-module-imports cache-miss
1929 http fetch GET 200 https://registry.npmjs.org/@babel%2fhelper-module-imports 38ms (cache miss)
1930 silly packumentCache full:https://registry.npmjs.org/@babel%2fhelper-module-imports set size:undefined disposed:false
1931 silly fetch manifest @babel/types@^7.28.6
1932 silly packumentCache full:https://registry.npmjs.org/@babel%2ftypes cache-hit
1933 silly fetch manifest @babel/helper-globals@^7.28.0
1934 silly packumentCache full:https://registry.npmjs.org/@babel%2fhelper-globals cache-miss
1935 http fetch GET 200 https://registry.npmjs.org/@babel%2fhelper-globals 45ms (cache miss)
1936 silly packumentCache full:https://registry.npmjs.org/@babel%2fhelper-globals set size:undefined disposed:false
1937 silly fetch manifest @babel/helper-string-parser@^7.27.1
1938 silly packumentCache full:https://registry.npmjs.org/@babel%2fhelper-string-parser cache-miss
1939 http fetch GET 200 https://registry.npmjs.org/@babel%2fhelper-string-parser 37ms (cache miss)
1940 silly packumentCache full:https://registry.npmjs.org/@babel%2fhelper-string-parser set size:undefined disposed:false
1941 silly fetch manifest @jridgewell/gen-mapping@^0.3.5
1942 silly packumentCache full:https://registry.npmjs.org/@jridgewell%2fgen-mapping cache-miss
1943 http fetch GET 200 https://registry.npmjs.org/@jridgewell%2fgen-mapping 4ms (cache hit)
1944 silly packumentCache full:https://registry.npmjs.org/@jridgewell%2fgen-mapping set size:80719 disposed:false
1945 silly placeDep node_modules/pmxtjs @babel/helper-validator-identifier@7.28.5 OK for: @babel/code-frame@7.29.0 want: ^7.28.5
1946 silly placeDep node_modules/pmxtjs js-tokens@4.0.0 OK for: @babel/code-frame@7.29.0 want: ^4.0.0
1947 silly placeDep node_modules/pmxtjs picocolors@1.1.1 OK for: @babel/code-frame@7.29.0 want: ^1.1.1
1948 silly placeDep node_modules/pmxtjs @jridgewell/gen-mapping@0.3.13 OK for: @babel/generator@7.29.1 want: ^0.3.12
1949 silly placeDep node_modules/pmxtjs jsesc@3.1.0 OK for: @babel/generator@7.29.1 want: ^3.0.2
1950 silly fetch manifest @jridgewell/sourcemap-codec@^1.5.0
1951 silly packumentCache full:https://registry.npmjs.org/@jridgewell%2fsourcemap-codec cache-miss
1952 http fetch GET 200 https://registry.npmjs.org/@jridgewell%2fsourcemap-codec 97ms (cache hit)
1953 silly packumentCache full:https://registry.npmjs.org/@jridgewell%2fsourcemap-codec set size:59275 disposed:false
1954 silly placeDep node_modules/pmxtjs @babel/compat-data@7.29.0 OK for: @babel/helper-compilation-targets@7.28.6 want: ^7.28.6
1955 silly placeDep node_modules/pmxtjs @babel/helper-validator-option@7.27.1 OK for: @babel/helper-compilation-targets@7.28.6 want: ^7.27.1
1956 silly placeDep node_modules/pmxtjs browserslist@4.28.1 OK for: @babel/helper-compilation-targets@7.28.6 want: ^4.24.0
1957 silly placeDep node_modules/pmxtjs lru-cache@5.1.1 OK for: @babel/helper-compilation-targets@7.28.6 want: ^5.1.1
1958 silly fetch manifest baseline-browser-mapping@^2.9.0
1959 silly packumentCache full:https://registry.npmjs.org/baseline-browser-mapping cache-miss
1960 http fetch GET 200 https://registry.npmjs.org/baseline-browser-mapping 56ms (cache miss)
1961 silly packumentCache full:https://registry.npmjs.org/baseline-browser-mapping set size:undefined disposed:false
1962 silly fetch manifest caniuse-lite@^1.0.30001759
1963 silly packumentCache full:https://registry.npmjs.org/caniuse-lite cache-miss
1964 http fetch GET 200 https://registry.npmjs.org/caniuse-lite 138ms (cache miss)
1965 silly packumentCache full:https://registry.npmjs.org/caniuse-lite set size:undefined disposed:false
1966 silly fetch manifest electron-to-chromium@^1.5.263
1967 silly packumentCache full:https://registry.npmjs.org/electron-to-chromium cache-miss
1968 http fetch GET 200 https://registry.npmjs.org/electron-to-chromium 217ms (cache miss)
1969 silly packumentCache full:https://registry.npmjs.org/electron-to-chromium set size:undefined disposed:false
1970 silly fetch manifest node-releases@^2.0.27
1971 silly packumentCache full:https://registry.npmjs.org/node-releases cache-miss
1972 http fetch GET 200 https://registry.npmjs.org/node-releases 46ms (cache miss)
1973 silly packumentCache full:https://registry.npmjs.org/node-releases set size:undefined disposed:false
1974 silly fetch manifest update-browserslist-db@^1.2.0
1975 silly packumentCache full:https://registry.npmjs.org/update-browserslist-db cache-miss
1976 http fetch GET 200 https://registry.npmjs.org/update-browserslist-db 27ms (cache miss)
1977 silly packumentCache full:https://registry.npmjs.org/update-browserslist-db set size:undefined disposed:false
1978 silly fetch manifest yallist@^3.0.2
1979 silly packumentCache full:https://registry.npmjs.org/yallist cache-miss
1980 http fetch GET 200 https://registry.npmjs.org/yallist 26ms (cache miss)
1981 silly packumentCache full:https://registry.npmjs.org/yallist set size:undefined disposed:false
1982 silly placeDep node_modules/pmxtjs @babel/helper-module-imports@7.28.6 OK for: @babel/helper-module-transforms@7.28.6 want: ^7.28.6
1983 silly placeDep node_modules/pmxtjs @babel/helper-globals@7.28.0 OK for: @babel/traverse@7.29.0 want: ^7.28.0
1984 silly placeDep node_modules/pmxtjs @babel/helper-string-parser@7.27.1 OK for: @babel/types@7.29.0 want: ^7.27.1
1985 silly placeDep node_modules/pmxtjs @jest/schemas@30.0.5 OK for: @jest/types@30.3.0 want: 30.0.5
1986 silly placeDep node_modules/pmxtjs @types/istanbul-reports@3.0.4 OK for: @jest/types@30.3.0 want: ^3.0.4
1987 silly placeDep node_modules/pmxtjs @types/yargs@17.0.35 OK for: @jest/types@30.3.0 want: ^17.0.33
1988 silly placeDep node_modules/pmxtjs/node_modules/@jest/types chalk@4.1.2 OK for: @jest/types@30.3.0 want: ^4.1.2
1989 silly fetch manifest @sinclair/typebox@^0.34.0
1990 silly packumentCache full:https://registry.npmjs.org/@sinclair%2ftypebox cache-miss
1991 http fetch GET 200 https://registry.npmjs.org/@sinclair%2ftypebox 55ms (cache miss)
1992 silly packumentCache full:https://registry.npmjs.org/@sinclair%2ftypebox set size:undefined disposed:false
1993 silly fetch manifest @types/istanbul-lib-report@*
1994 silly packumentCache full:https://registry.npmjs.org/@types%2fistanbul-lib-report cache-miss
1995 http fetch GET 200 https://registry.npmjs.org/@types%2fistanbul-lib-report 36ms (cache miss)
1996 silly packumentCache full:https://registry.npmjs.org/@types%2fistanbul-lib-report set size:undefined disposed:false
1997 silly fetch manifest @types/yargs-parser@*
1998 silly packumentCache full:https://registry.npmjs.org/@types%2fyargs-parser cache-miss
1999 http fetch GET 200 https://registry.npmjs.org/@types%2fyargs-parser 36ms (cache miss)
2000 silly packumentCache full:https://registry.npmjs.org/@types%2fyargs-parser set size:undefined disposed:false
2001 silly placeDep node_modules/pmxtjs @sinclair/typebox@0.34.49 OK for: @jest/schemas@30.0.5 want: ^0.34.0
2002 silly placeDep node_modules/pmxtjs @jridgewell/sourcemap-codec@1.5.5 OK for: @jridgewell/gen-mapping@0.3.13 want: ^1.5.0
2003 silly placeDep node_modules/pmxtjs @jridgewell/resolve-uri@3.1.2 OK for: @jridgewell/trace-mapping@0.3.31 want: ^3.1.0
2004 silly placeDep node_modules/pmxtjs @types/istanbul-lib-report@3.0.3 OK for: @types/istanbul-reports@3.0.4 want: *
2005 silly placeDep node_modules/pmxtjs @types/yargs-parser@21.0.3 OK for: @types/yargs@17.0.35 want: *
2006 silly placeDep node_modules/pmxtjs type-fest@0.21.3 OK for: ansi-escapes@4.3.2 want: ^0.21.3
2007 silly placeDep node_modules/pmxtjs @babel/helper-plugin-utils@7.28.6 OK for: babel-plugin-istanbul@7.0.1 want: ^7.0.0
2008 silly placeDep node_modules/pmxtjs @istanbuljs/load-nyc-config@1.1.0 OK for: babel-plugin-istanbul@7.0.1 want: ^1.0.0
2009 silly placeDep node_modules/pmxtjs @istanbuljs/schema@0.1.3 OK for: babel-plugin-istanbul@7.0.1 want: ^0.1.3
2010 silly placeDep node_modules/pmxtjs test-exclude@6.0.0 OK for: babel-plugin-istanbul@7.0.1 want: ^6.0.0
2011 silly fetch manifest camelcase@^5.3.1
2012 silly packumentCache full:https://registry.npmjs.org/camelcase cache-miss
2013 http fetch GET 200 https://registry.npmjs.org/camelcase 8ms (cache hit)
2014 silly packumentCache full:https://registry.npmjs.org/camelcase set size:60255 disposed:false
2015 silly fetch manifest find-up@^4.1.0
2016 silly packumentCache full:https://registry.npmjs.org/find-up cache-miss
2017 http fetch GET 200 https://registry.npmjs.org/find-up 31ms (cache miss)
2018 silly packumentCache full:https://registry.npmjs.org/find-up set size:undefined disposed:false
2019 silly fetch manifest get-package-type@^0.1.0
2020 silly packumentCache full:https://registry.npmjs.org/get-package-type cache-miss
2021 http fetch GET 200 https://registry.npmjs.org/get-package-type 31ms (cache miss)
2022 silly packumentCache full:https://registry.npmjs.org/get-package-type set size:undefined disposed:false
2023 silly fetch manifest js-yaml@^3.13.1
2024 silly packumentCache full:https://registry.npmjs.org/js-yaml cache-miss
2025 http fetch GET 200 https://registry.npmjs.org/js-yaml 27ms (cache miss)
2026 silly packumentCache full:https://registry.npmjs.org/js-yaml set size:undefined disposed:false
2027 silly fetch manifest resolve-from@^5.0.0
2028 silly packumentCache full:https://registry.npmjs.org/resolve-from cache-miss
2029 http fetch GET 200 https://registry.npmjs.org/resolve-from 32ms (cache miss)
2030 silly packumentCache full:https://registry.npmjs.org/resolve-from set size:undefined disposed:false
2031 silly fetch manifest glob@^7.1.4
2032 silly packumentCache full:https://registry.npmjs.org/glob cache-miss
2033 http fetch GET 200 https://registry.npmjs.org/glob 6ms (cache hit)
2034 silly packumentCache full:https://registry.npmjs.org/glob set size:469465 disposed:false
2035 silly fetch manifest minimatch@^3.0.4
2036 silly packumentCache full:https://registry.npmjs.org/minimatch cache-miss
2037 http fetch GET 200 https://registry.npmjs.org/minimatch 12ms (cache hit)
2038 silly packumentCache full:https://registry.npmjs.org/minimatch set size:352359 disposed:false
2039 silly placeDep node_modules/pmxtjs camelcase@5.3.1 OK for: @istanbuljs/load-nyc-config@1.1.0 want: ^5.3.1
2040 silly placeDep node_modules/pmxtjs find-up@4.1.0 OK for: @istanbuljs/load-nyc-config@1.1.0 want: ^4.1.0
2041 silly placeDep node_modules/pmxtjs get-package-type@0.1.0 OK for: @istanbuljs/load-nyc-config@1.1.0 want: ^0.1.0
2042 silly placeDep node_modules/pmxtjs js-yaml@3.14.2 OK for: @istanbuljs/load-nyc-config@1.1.0 want: ^3.13.1
2043 silly placeDep node_modules/pmxtjs resolve-from@5.0.0 OK for: @istanbuljs/load-nyc-config@1.1.0 want: ^5.0.0
2044 silly fetch manifest locate-path@^5.0.0
2045 silly packumentCache full:https://registry.npmjs.org/locate-path cache-miss
2046 http fetch GET 200 https://registry.npmjs.org/locate-path 40ms (cache miss)
2047 silly packumentCache full:https://registry.npmjs.org/locate-path set size:undefined disposed:false
2048 silly fetch manifest path-exists@^4.0.0
2049 silly packumentCache full:https://registry.npmjs.org/path-exists cache-miss
2050 http fetch GET 200 https://registry.npmjs.org/path-exists 28ms (cache miss)
2051 silly packumentCache full:https://registry.npmjs.org/path-exists set size:undefined disposed:false
2052 silly fetch manifest esprima@^4.0.0
2053 silly packumentCache full:https://registry.npmjs.org/esprima cache-miss
2054 http fetch GET 200 https://registry.npmjs.org/esprima 35ms (cache miss)
2055 silly packumentCache full:https://registry.npmjs.org/esprima set size:undefined disposed:false
2056 silly fetch manifest argparse@^1.0.7
2057 silly packumentCache full:https://registry.npmjs.org/argparse cache-miss
2058 http fetch GET 200 https://registry.npmjs.org/argparse 30ms (cache miss)
2059 silly packumentCache full:https://registry.npmjs.org/argparse set size:undefined disposed:false
2060 silly fetch manifest browserslist@>= 4.21.0
2061 silly packumentCache full:https://registry.npmjs.org/browserslist cache-miss
2062 http fetch GET 200 https://registry.npmjs.org/browserslist 10ms (cache hit)
2063 silly packumentCache full:https://registry.npmjs.org/browserslist set size:502989 disposed:false
2064 silly placeDep node_modules/pmxtjs baseline-browser-mapping@2.10.12 OK for: browserslist@4.28.1 want: ^2.9.0
2065 silly placeDep node_modules/pmxtjs caniuse-lite@1.0.30001782 OK for: browserslist@4.28.1 want: ^1.0.30001759
2066 silly placeDep node_modules/pmxtjs electron-to-chromium@1.5.328 OK for: browserslist@4.28.1 want: ^1.5.263
2067 silly placeDep node_modules/pmxtjs node-releases@2.0.36 OK for: browserslist@4.28.1 want: ^2.0.27
2068 silly placeDep node_modules/pmxtjs update-browserslist-db@1.2.3 OK for: browserslist@4.28.1 want: ^1.2.0
2069 silly fetch manifest escalade@^3.2.0
2070 silly packumentCache full:https://registry.npmjs.org/escalade cache-miss
2071 http fetch GET 200 https://registry.npmjs.org/escalade 33ms (cache miss)
2072 silly packumentCache full:https://registry.npmjs.org/escalade set size:undefined disposed:false
2073 silly placeDep node_modules/pmxtjs locate-path@5.0.0 OK for: find-up@4.1.0 want: ^5.0.0
2074 silly placeDep node_modules/pmxtjs path-exists@4.0.0 OK for: find-up@4.1.0 want: ^4.0.0
2075 silly fetch manifest p-locate@^4.1.0
2076 silly packumentCache full:https://registry.npmjs.org/p-locate cache-miss
2077 http fetch GET 200 https://registry.npmjs.org/p-locate 27ms (cache miss)
2078 silly packumentCache full:https://registry.npmjs.org/p-locate set size:undefined disposed:false
2079 silly placeDep node_modules/pmxtjs foreground-child@3.3.1 OK for: glob@10.5.0 want: ^3.1.0
2080 silly placeDep node_modules/pmxtjs jackspeak@3.4.3 OK for: glob@10.5.0 want: ^3.1.2
2081 silly placeDep node_modules/pmxtjs minimatch@9.0.9 OK for: glob@10.5.0 want: ^9.0.4
2082 silly placeDep node_modules/pmxtjs minipass@7.1.3 OK for: glob@10.5.0 want: ^7.1.2
2083 silly placeDep node_modules/pmxtjs package-json-from-dist@1.0.1 OK for: glob@10.5.0 want: ^1.0.0
2084 silly placeDep node_modules/pmxtjs path-scurry@1.11.1 OK for: glob@10.5.0 want: ^1.11.1
2085 silly fetch manifest cross-spawn@^7.0.6
2086 silly packumentCache full:https://registry.npmjs.org/cross-spawn cache-miss
2087 http fetch GET 200 https://registry.npmjs.org/cross-spawn 36ms (cache miss)
2088 silly packumentCache full:https://registry.npmjs.org/cross-spawn set size:undefined disposed:false
2089 silly fetch manifest @isaacs/cliui@^8.0.2
2090 silly packumentCache full:https://registry.npmjs.org/@isaacs%2fcliui cache-miss
2091 http fetch GET 200 https://registry.npmjs.org/@isaacs%2fcliui 129ms (cache miss)
2092 silly packumentCache full:https://registry.npmjs.org/@isaacs%2fcliui set size:undefined disposed:false
2093 silly fetch manifest @pkgjs/parseargs@^0.11.0
2094 silly packumentCache full:https://registry.npmjs.org/@pkgjs%2fparseargs cache-miss
2095 http fetch GET 200 https://registry.npmjs.org/@pkgjs%2fparseargs 61ms (cache miss)
2096 silly packumentCache full:https://registry.npmjs.org/@pkgjs%2fparseargs set size:undefined disposed:false
2097 silly fetch manifest brace-expansion@^2.0.2
2098 silly packumentCache full:https://registry.npmjs.org/brace-expansion cache-miss
2099 http fetch GET 200 https://registry.npmjs.org/brace-expansion 30ms (cache miss)
2100 silly packumentCache full:https://registry.npmjs.org/brace-expansion set size:undefined disposed:false
2101 silly fetch manifest lru-cache@^10.2.0
2102 silly packumentCache full:https://registry.npmjs.org/lru-cache cache-miss
2103 http fetch GET 200 https://registry.npmjs.org/lru-cache 6ms (cache hit)
2104 silly packumentCache full:https://registry.npmjs.org/lru-cache set size:416454 disposed:false
2105 silly placeDep node_modules/pmxtjs cross-spawn@7.0.6 OK for: foreground-child@3.3.1 want: ^7.0.6
2106 silly placeDep node_modules/pmxtjs signal-exit@4.1.0 OK for: foreground-child@3.3.1 want: ^4.0.1
2107 silly fetch manifest which@^2.0.1
2108 silly packumentCache full:https://registry.npmjs.org/which cache-miss
2109 http fetch GET 200 https://registry.npmjs.org/which 37ms (cache miss)
2110 silly packumentCache full:https://registry.npmjs.org/which set size:undefined disposed:false
2111 silly fetch manifest path-key@^3.1.0
2112 silly packumentCache full:https://registry.npmjs.org/path-key cache-miss
2113 http fetch GET 200 https://registry.npmjs.org/path-key 30ms (cache miss)
2114 silly packumentCache full:https://registry.npmjs.org/path-key set size:undefined disposed:false
2115 silly fetch manifest shebang-command@^2.0.0
2116 silly packumentCache full:https://registry.npmjs.org/shebang-command cache-miss
2117 http fetch GET 200 https://registry.npmjs.org/shebang-command 28ms (cache miss)
2118 silly packumentCache full:https://registry.npmjs.org/shebang-command set size:undefined disposed:false
2119 silly placeDep node_modules/pmxtjs path-key@3.1.1 OK for: cross-spawn@7.0.6 want: ^3.1.0
2120 silly placeDep node_modules/pmxtjs shebang-command@2.0.0 OK for: cross-spawn@7.0.6 want: ^2.0.0
2121 silly placeDep node_modules/pmxtjs which@2.0.2 OK for: cross-spawn@7.0.6 want: ^2.0.1
2122 silly fetch manifest shebang-regex@^3.0.0
2123 silly packumentCache full:https://registry.npmjs.org/shebang-regex cache-miss
2124 http fetch GET 200 https://registry.npmjs.org/shebang-regex 39ms (cache miss)
2125 silly packumentCache full:https://registry.npmjs.org/shebang-regex set size:undefined disposed:false
2126 silly fetch manifest isexe@^2.0.0
2127 silly packumentCache full:https://registry.npmjs.org/isexe cache-miss
2128 http fetch GET 200 https://registry.npmjs.org/isexe 27ms (cache miss)
2129 silly packumentCache full:https://registry.npmjs.org/isexe set size:undefined disposed:false
2130 silly placeDep node_modules/pmxtjs pkg-dir@4.2.0 OK for: import-local@3.2.0 want: ^4.2.0
2131 silly placeDep node_modules/pmxtjs resolve-cwd@3.0.0 OK for: import-local@3.2.0 want: ^3.0.0
2132 silly placeDep node_modules/pmxtjs/node_modules/istanbul-lib-instrument semver@7.7.4 OK for: istanbul-lib-instrument@6.0.3 want: ^7.5.4
2133 silly placeDep node_modules/pmxtjs make-dir@4.0.0 OK for: istanbul-lib-report@3.0.1 want: ^4.0.0
2134 silly placeDep node_modules/pmxtjs supports-color@7.2.0 OK for: istanbul-lib-report@3.0.1 want: ^7.1.0
2135 silly fetch manifest semver@^7.5.3
2136 silly packumentCache full:https://registry.npmjs.org/semver cache-hit
2137 silly fetch manifest has-flag@^4.0.0
2138 silly packumentCache full:https://registry.npmjs.org/has-flag cache-miss
2139 http fetch GET 200 https://registry.npmjs.org/has-flag 31ms (cache miss)
2140 silly packumentCache full:https://registry.npmjs.org/has-flag set size:undefined disposed:false
2141 silly placeDep node_modules/pmxtjs html-escaper@2.0.2 OK for: istanbul-reports@3.2.0 want: ^2.0.0
2142 silly placeDep node_modules/pmxtjs @isaacs/cliui@8.0.2 OK for: jackspeak@3.4.3 want: ^8.0.2
2143 silly placeDep node_modules/pmxtjs @pkgjs/parseargs@0.11.0 OK for: jackspeak@3.4.3 want: ^0.11.0
2144 silly fetch manifest wrap-ansi@^8.1.0
2145 silly packumentCache full:https://registry.npmjs.org/wrap-ansi cache-miss
2146 http fetch GET 200 https://registry.npmjs.org/wrap-ansi 28ms (cache miss)
2147 silly packumentCache full:https://registry.npmjs.org/wrap-ansi set size:undefined disposed:false
2148 silly fetch manifest strip-ansi@^7.0.1
2149 silly packumentCache full:https://registry.npmjs.org/strip-ansi cache-miss
2150 http fetch GET 200 https://registry.npmjs.org/strip-ansi 11ms (cache hit)
2151 silly packumentCache full:https://registry.npmjs.org/strip-ansi set size:44998 disposed:false
2152 silly fetch manifest string-width@^5.1.2
2153 silly packumentCache full:https://registry.npmjs.org/string-width cache-miss
2154 http fetch GET 200 https://registry.npmjs.org/string-width 28ms (cache miss)
2155 silly packumentCache full:https://registry.npmjs.org/string-width set size:undefined disposed:false
2156 silly fetch manifest wrap-ansi-cjs@npm:wrap-ansi@^7.0.0
2157 silly packumentCache full:https://registry.npmjs.org/wrap-ansi cache-miss
2158 http fetch GET 200 https://registry.npmjs.org/wrap-ansi 9ms (cache hit)
2159 silly packumentCache full:https://registry.npmjs.org/wrap-ansi set size:55299 disposed:false
2160 silly fetch manifest strip-ansi-cjs@npm:strip-ansi@^6.0.1
2161 silly packumentCache full:https://registry.npmjs.org/strip-ansi cache-hit
2162 silly fetch manifest string-width-cjs@npm:string-width@^4.2.0
2163 silly packumentCache full:https://registry.npmjs.org/string-width cache-miss
2164 http fetch GET 200 https://registry.npmjs.org/string-width 3ms (cache hit)
2165 silly packumentCache full:https://registry.npmjs.org/string-width set size:68305 disposed:false
2166 silly placeDep node_modules/pmxtjs string-width@5.1.2 OK for: @isaacs/cliui@8.0.2 want: ^5.1.2
2167 silly placeDep node_modules/pmxtjs string-width-cjs@4.2.3 OK for: @isaacs/cliui@8.0.2 want: npm:string-width@^4.2.0
2168 silly placeDep node_modules/pmxtjs strip-ansi@7.2.0 OK for: @isaacs/cliui@8.0.2 want: ^7.0.1
2169 silly placeDep node_modules/pmxtjs strip-ansi-cjs@6.0.1 OK for: @isaacs/cliui@8.0.2 want: npm:strip-ansi@^6.0.1
2170 silly placeDep node_modules/pmxtjs wrap-ansi@8.1.0 OK for: @isaacs/cliui@8.0.2 want: ^8.1.0
2171 silly placeDep node_modules/pmxtjs wrap-ansi-cjs@7.0.0 OK for: @isaacs/cliui@8.0.2 want: npm:wrap-ansi@^7.0.0
2172 silly fetch manifest emoji-regex@^9.2.2
2173 silly packumentCache full:https://registry.npmjs.org/emoji-regex cache-miss
2174 http fetch GET 200 https://registry.npmjs.org/emoji-regex 32ms (cache miss)
2175 silly packumentCache full:https://registry.npmjs.org/emoji-regex set size:undefined disposed:false
2176 silly fetch manifest eastasianwidth@^0.2.0
2177 silly packumentCache full:https://registry.npmjs.org/eastasianwidth cache-miss
2178 http fetch GET 200 https://registry.npmjs.org/eastasianwidth 38ms (cache miss)
2179 silly packumentCache full:https://registry.npmjs.org/eastasianwidth set size:undefined disposed:false
2180 silly fetch manifest strip-ansi@^6.0.1
2181 silly packumentCache full:https://registry.npmjs.org/strip-ansi cache-hit
2182 silly fetch manifest emoji-regex@^8.0.0
2183 silly packumentCache full:https://registry.npmjs.org/emoji-regex cache-miss
2184 http fetch GET 200 https://registry.npmjs.org/emoji-regex 9ms (cache hit)
2185 silly packumentCache full:https://registry.npmjs.org/emoji-regex set size:89088 disposed:false
2186 silly fetch manifest is-fullwidth-code-point@^3.0.0
2187 silly packumentCache full:https://registry.npmjs.org/is-fullwidth-code-point cache-miss
2188 http fetch GET 200 https://registry.npmjs.org/is-fullwidth-code-point 46ms (cache miss)
2189 silly packumentCache full:https://registry.npmjs.org/is-fullwidth-code-point set size:undefined disposed:false
2190 silly fetch manifest ansi-regex@^6.2.2
2191 silly packumentCache full:https://registry.npmjs.org/ansi-regex cache-miss
2192 http fetch GET 200 https://registry.npmjs.org/ansi-regex 35ms (cache miss)
2193 silly packumentCache full:https://registry.npmjs.org/ansi-regex set size:undefined disposed:false
2194 silly fetch manifest ansi-regex@^5.0.1
2195 silly packumentCache full:https://registry.npmjs.org/ansi-regex cache-miss
2196 http fetch GET 200 https://registry.npmjs.org/ansi-regex 3ms (cache hit)
2197 silly packumentCache full:https://registry.npmjs.org/ansi-regex set size:43572 disposed:false
2198 silly fetch manifest ansi-styles@^6.1.0
2199 silly packumentCache full:https://registry.npmjs.org/ansi-styles cache-hit
2200 silly fetch manifest ansi-styles@^4.0.0
2201 silly packumentCache full:https://registry.npmjs.org/ansi-styles cache-hit
2202 silly fetch manifest string-width@^4.1.0
2203 silly packumentCache full:https://registry.npmjs.org/string-width cache-hit
2204 silly placeDep node_modules/pmxtjs execa@5.1.1 OK for: jest-changed-files@30.3.0 want: ^5.1.1
2205 silly placeDep node_modules/pmxtjs p-limit@3.1.0 OK for: jest-changed-files@30.3.0 want: ^3.1.0
2206 silly fetch manifest onetime@^5.1.2
2207 silly packumentCache full:https://registry.npmjs.org/onetime cache-miss
2208 http fetch GET 200 https://registry.npmjs.org/onetime 27ms (cache miss)
2209 silly packumentCache full:https://registry.npmjs.org/onetime set size:undefined disposed:false
2210 silly fetch manifest is-stream@^2.0.0
2211 silly packumentCache full:https://registry.npmjs.org/is-stream cache-miss
2212 http fetch GET 200 https://registry.npmjs.org/is-stream 25ms (cache miss)
2213 silly packumentCache full:https://registry.npmjs.org/is-stream set size:undefined disposed:false
2214 silly fetch manifest get-stream@^6.0.0
2215 silly packumentCache full:https://registry.npmjs.org/get-stream cache-miss
2216 http fetch GET 200 https://registry.npmjs.org/get-stream 33ms (cache miss)
2217 silly packumentCache full:https://registry.npmjs.org/get-stream set size:undefined disposed:false
2218 silly fetch manifest signal-exit@^3.0.3
2219 silly packumentCache full:https://registry.npmjs.org/signal-exit cache-miss
2220 http fetch GET 200 https://registry.npmjs.org/signal-exit 4ms (cache hit)
2221 silly packumentCache full:https://registry.npmjs.org/signal-exit set size:53489 disposed:false
2222 silly fetch manifest npm-run-path@^4.0.1
2223 silly packumentCache full:https://registry.npmjs.org/npm-run-path cache-miss
2224 http fetch GET 200 https://registry.npmjs.org/npm-run-path 31ms (cache miss)
2225 silly packumentCache full:https://registry.npmjs.org/npm-run-path set size:undefined disposed:false
2226 silly fetch manifest human-signals@^2.1.0
2227 silly packumentCache full:https://registry.npmjs.org/human-signals cache-miss
2228 http fetch GET 200 https://registry.npmjs.org/human-signals 31ms (cache miss)
2229 silly packumentCache full:https://registry.npmjs.org/human-signals set size:undefined disposed:false
2230 silly fetch manifest strip-final-newline@^2.0.0
2231 silly packumentCache full:https://registry.npmjs.org/strip-final-newline cache-miss
2232 http fetch GET 200 https://registry.npmjs.org/strip-final-newline 96ms (cache miss)
2233 silly packumentCache full:https://registry.npmjs.org/strip-final-newline set size:undefined disposed:false
2234 silly fetch manifest yocto-queue@^0.1.0
2235 silly packumentCache full:https://registry.npmjs.org/yocto-queue cache-miss
2236 http fetch GET 200 https://registry.npmjs.org/yocto-queue 81ms (cache miss)
2237 silly packumentCache full:https://registry.npmjs.org/yocto-queue set size:undefined disposed:false
2238 silly placeDep node_modules/pmxtjs get-stream@6.0.1 OK for: execa@5.1.1 want: ^6.0.0
2239 silly placeDep node_modules/pmxtjs human-signals@2.1.0 OK for: execa@5.1.1 want: ^2.1.0
2240 silly placeDep node_modules/pmxtjs is-stream@2.0.1 OK for: execa@5.1.1 want: ^2.0.0
2241 silly placeDep node_modules/pmxtjs merge-stream@2.0.0 OK for: execa@5.1.1 want: ^2.0.0
2242 silly placeDep node_modules/pmxtjs npm-run-path@4.0.1 OK for: execa@5.1.1 want: ^4.0.1
2243 silly placeDep node_modules/pmxtjs onetime@5.1.2 OK for: execa@5.1.1 want: ^5.1.2
2244 silly placeDep node_modules/pmxtjs/node_modules/execa signal-exit@3.0.7 OK for: execa@5.1.1 want: ^3.0.3
2245 silly placeDep node_modules/pmxtjs strip-final-newline@2.0.0 OK for: execa@5.1.1 want: ^2.0.0
2246 silly fetch manifest mimic-fn@^2.1.0
2247 silly packumentCache full:https://registry.npmjs.org/mimic-fn cache-miss
2248 http fetch GET 200 https://registry.npmjs.org/mimic-fn 26ms (cache miss)
2249 silly packumentCache full:https://registry.npmjs.org/mimic-fn set size:undefined disposed:false
2250 silly placeDep node_modules/pmxtjs/node_modules/jest-cli chalk@4.1.2 OK for: jest-cli@30.3.0 want: ^4.1.2
2251 silly placeDep node_modules/pmxtjs yargs@17.7.2 OK for: jest-cli@30.3.0 want: ^17.7.2
2252 silly fetch manifest y18n@^5.0.5
2253 silly packumentCache full:https://registry.npmjs.org/y18n cache-miss
2254 http fetch GET 200 https://registry.npmjs.org/y18n 49ms (cache miss)
2255 silly packumentCache full:https://registry.npmjs.org/y18n set size:undefined disposed:false
2256 silly fetch manifest cliui@^8.0.1
2257 silly packumentCache full:https://registry.npmjs.org/cliui cache-miss
2258 http fetch GET 200 https://registry.npmjs.org/cliui 36ms (cache miss)
2259 silly packumentCache full:https://registry.npmjs.org/cliui set size:undefined disposed:false
2260 silly fetch manifest escalade@^3.1.1
2261 silly packumentCache full:https://registry.npmjs.org/escalade cache-miss
2262 http fetch GET 200 https://registry.npmjs.org/escalade 11ms (cache hit)
2263 silly packumentCache full:https://registry.npmjs.org/escalade set size:33724 disposed:false
2264 silly fetch manifest string-width@^4.2.3
2265 silly packumentCache full:https://registry.npmjs.org/string-width cache-hit
2266 silly fetch manifest yargs-parser@^21.1.1
2267 silly packumentCache full:https://registry.npmjs.org/yargs-parser cache-miss
2268 http fetch GET 200 https://registry.npmjs.org/yargs-parser 42ms (cache miss)
2269 silly packumentCache full:https://registry.npmjs.org/yargs-parser set size:undefined disposed:false
2270 silly fetch manifest get-caller-file@^2.0.5
2271 silly packumentCache full:https://registry.npmjs.org/get-caller-file cache-miss
2272 http fetch GET 200 https://registry.npmjs.org/get-caller-file 35ms (cache miss)
2273 silly packumentCache full:https://registry.npmjs.org/get-caller-file set size:undefined disposed:false
2274 silly fetch manifest require-directory@^2.1.1
2275 silly packumentCache full:https://registry.npmjs.org/require-directory cache-miss
2276 http fetch GET 200 https://registry.npmjs.org/require-directory 29ms (cache miss)
2277 silly packumentCache full:https://registry.npmjs.org/require-directory set size:undefined disposed:false
2278 silly placeDep node_modules/pmxtjs @jest/get-type@30.1.0 OK for: jest-config@30.3.0 want: 30.1.0
2279 silly placeDep node_modules/pmxtjs @jest/test-sequencer@30.3.0 OK for: jest-config@30.3.0 want: 30.3.0
2280 silly placeDep node_modules/pmxtjs babel-jest@30.3.0 OK for: jest-config@30.3.0 want: 30.3.0
2281 silly placeDep node_modules/pmxtjs/node_modules/jest-config chalk@4.1.2 OK for: jest-config@30.3.0 want: ^4.1.2
2282 silly placeDep node_modules/pmxtjs deepmerge@4.3.1 OK for: jest-config@30.3.0 want: ^4.3.1
2283 silly placeDep node_modules/pmxtjs jest-circus@30.3.0 OK for: jest-config@30.3.0 want: 30.3.0
2284 silly placeDep node_modules/pmxtjs jest-docblock@30.2.0 OK for: jest-config@30.3.0 want: 30.2.0
2285 silly placeDep node_modules/pmxtjs jest-environment-node@30.3.0 OK for: jest-config@30.3.0 want: 30.3.0
2286 silly placeDep node_modules/pmxtjs parse-json@5.2.0 OK for: jest-config@30.3.0 want: ^5.2.0
2287 silly placeDep node_modules/pmxtjs strip-json-comments@3.1.1 OK for: jest-config@30.3.0 want: ^3.1.1
2288 silly fetch manifest @types/babel__core@^7.20.5
2289 silly packumentCache full:https://registry.npmjs.org/@types%2fbabel__core cache-miss
2290 http fetch GET 200 https://registry.npmjs.org/@types%2fbabel__core 42ms (cache miss)
2291 silly packumentCache full:https://registry.npmjs.org/@types%2fbabel__core set size:undefined disposed:false
2292 silly fetch manifest babel-preset-jest@30.3.0
2293 silly packumentCache full:https://registry.npmjs.org/babel-preset-jest cache-miss
2294 http fetch GET 200 https://registry.npmjs.org/babel-preset-jest 92ms (cache miss)
2295 silly packumentCache full:https://registry.npmjs.org/babel-preset-jest set size:undefined disposed:false
2296 silly fetch manifest @jest/expect@30.3.0
2297 silly packumentCache full:https://registry.npmjs.org/@jest%2fexpect cache-miss
2298 http fetch GET 200 https://registry.npmjs.org/@jest%2fexpect 74ms (cache miss)
2299 silly packumentCache full:https://registry.npmjs.org/@jest%2fexpect set size:undefined disposed:false
2300 silly fetch manifest co@^4.6.0
2301 silly packumentCache full:https://registry.npmjs.org/co cache-miss
2302 http fetch GET 200 https://registry.npmjs.org/co 47ms (cache miss)
2303 silly packumentCache full:https://registry.npmjs.org/co set size:undefined disposed:false
2304 silly fetch manifest dedent@^1.6.0
2305 silly packumentCache full:https://registry.npmjs.org/dedent cache-miss
2306 http fetch GET 200 https://registry.npmjs.org/dedent 105ms (cache miss)
2307 silly packumentCache full:https://registry.npmjs.org/dedent set size:undefined disposed:false
2308 silly fetch manifest is-generator-fn@^2.1.0
2309 silly packumentCache full:https://registry.npmjs.org/is-generator-fn cache-miss
2310 http fetch GET 200 https://registry.npmjs.org/is-generator-fn 47ms (cache miss)
2311 silly packumentCache full:https://registry.npmjs.org/is-generator-fn set size:undefined disposed:false
2312 silly fetch manifest jest-each@30.3.0
2313 silly packumentCache full:https://registry.npmjs.org/jest-each cache-miss
2314 http fetch GET 200 https://registry.npmjs.org/jest-each 34ms (cache miss)
2315 silly packumentCache full:https://registry.npmjs.org/jest-each set size:undefined disposed:false
2316 silly fetch manifest pure-rand@^7.0.0
2317 silly packumentCache full:https://registry.npmjs.org/pure-rand cache-miss
2318 http fetch GET 200 https://registry.npmjs.org/pure-rand 34ms (cache miss)
2319 silly packumentCache full:https://registry.npmjs.org/pure-rand set size:undefined disposed:false
2320 silly fetch manifest detect-newline@^3.1.0
2321 silly packumentCache full:https://registry.npmjs.org/detect-newline cache-miss
2322 http fetch GET 200 https://registry.npmjs.org/detect-newline 38ms (cache miss)
2323 silly packumentCache full:https://registry.npmjs.org/detect-newline set size:undefined disposed:false
2324 silly fetch manifest error-ex@^1.3.1
2325 silly packumentCache full:https://registry.npmjs.org/error-ex cache-miss
2326 http fetch GET 200 https://registry.npmjs.org/error-ex 114ms (cache miss)
2327 silly packumentCache full:https://registry.npmjs.org/error-ex set size:undefined disposed:false
2328 silly fetch manifest lines-and-columns@^1.1.6
2329 silly packumentCache full:https://registry.npmjs.org/lines-and-columns cache-miss
2330 http fetch GET 200 https://registry.npmjs.org/lines-and-columns 33ms (cache miss)
2331 silly packumentCache full:https://registry.npmjs.org/lines-and-columns set size:undefined disposed:false
2332 silly fetch manifest json-parse-even-better-errors@^2.3.0
2333 silly packumentCache full:https://registry.npmjs.org/json-parse-even-better-errors cache-miss
2334 http fetch GET 200 https://registry.npmjs.org/json-parse-even-better-errors 38ms (cache miss)
2335 silly packumentCache full:https://registry.npmjs.org/json-parse-even-better-errors set size:undefined disposed:false
2336 silly fetch manifest @babel/core@^7.11.0 || ^8.0.0-0
2337 silly packumentCache full:https://registry.npmjs.org/@babel%2fcore cache-hit
2338 silly placeDep node_modules/pmxtjs @types/babel__core@7.20.5 OK for: babel-jest@30.3.0 want: ^7.20.5
2339 silly placeDep node_modules/pmxtjs babel-preset-jest@30.3.0 OK for: babel-jest@30.3.0 want: 30.3.0
2340 silly placeDep node_modules/pmxtjs/node_modules/babel-jest chalk@4.1.2 OK for: babel-jest@30.3.0 want: ^4.1.2
2341 silly fetch manifest @types/babel__template@*
2342 silly packumentCache full:https://registry.npmjs.org/@types%2fbabel__template cache-miss
2343 http fetch GET 200 https://registry.npmjs.org/@types%2fbabel__template 45ms (cache miss)
2344 silly packumentCache full:https://registry.npmjs.org/@types%2fbabel__template set size:undefined disposed:false
2345 silly fetch manifest @types/babel__traverse@*
2346 silly packumentCache full:https://registry.npmjs.org/@types%2fbabel__traverse cache-miss
2347 http fetch GET 200 https://registry.npmjs.org/@types%2fbabel__traverse 52ms (cache miss)
2348 silly packumentCache full:https://registry.npmjs.org/@types%2fbabel__traverse set size:undefined disposed:false
2349 silly fetch manifest @types/babel__generator@*
2350 silly packumentCache full:https://registry.npmjs.org/@types%2fbabel__generator cache-miss
2351 http fetch GET 200 https://registry.npmjs.org/@types%2fbabel__generator 48ms (cache miss)
2352 silly packumentCache full:https://registry.npmjs.org/@types%2fbabel__generator set size:undefined disposed:false
2353 silly fetch manifest babel-plugin-jest-hoist@30.3.0
2354 silly packumentCache full:https://registry.npmjs.org/babel-plugin-jest-hoist cache-miss
2355 http fetch GET 200 https://registry.npmjs.org/babel-plugin-jest-hoist 103ms (cache miss)
2356 silly packumentCache full:https://registry.npmjs.org/babel-plugin-jest-hoist set size:undefined disposed:false
2357 silly placeDep node_modules/pmxtjs @types/babel__generator@7.27.0 OK for: @types/babel__core@7.20.5 want: *
2358 silly placeDep node_modules/pmxtjs @types/babel__template@7.4.4 OK for: @types/babel__core@7.20.5 want: *
2359 silly placeDep node_modules/pmxtjs @types/babel__traverse@7.28.0 OK for: @types/babel__core@7.20.5 want: *
2360 silly fetch manifest @babel/core@^7.11.0 || ^8.0.0-beta.1
2361 silly packumentCache full:https://registry.npmjs.org/@babel%2fcore cache-hit
2362 silly placeDep node_modules/pmxtjs babel-plugin-jest-hoist@30.3.0 OK for: babel-preset-jest@30.3.0 want: 30.3.0
2363 silly placeDep node_modules/pmxtjs babel-preset-current-node-syntax@1.2.0 OK for: babel-preset-jest@30.3.0 want: ^1.2.0
2364 silly fetch manifest @babel/plugin-syntax-async-generators@^7.8.4
2365 silly packumentCache full:https://registry.npmjs.org/@babel%2fplugin-syntax-async-generators cache-miss
2366 http fetch GET 200 https://registry.npmjs.org/@babel%2fplugin-syntax-async-generators 55ms (cache miss)
2367 silly packumentCache full:https://registry.npmjs.org/@babel%2fplugin-syntax-async-generators set size:undefined disposed:false
2368 silly fetch manifest @babel/plugin-syntax-bigint@^7.8.3
2369 silly packumentCache full:https://registry.npmjs.org/@babel%2fplugin-syntax-bigint cache-miss
2370 http fetch GET 200 https://registry.npmjs.org/@babel%2fplugin-syntax-bigint 43ms (cache miss)
2371 silly packumentCache full:https://registry.npmjs.org/@babel%2fplugin-syntax-bigint set size:undefined disposed:false
2372 silly fetch manifest @babel/plugin-syntax-class-properties@^7.12.13
2373 silly packumentCache full:https://registry.npmjs.org/@babel%2fplugin-syntax-class-properties cache-miss
2374 http fetch GET 200 https://registry.npmjs.org/@babel%2fplugin-syntax-class-properties 41ms (cache miss)
2375 silly packumentCache full:https://registry.npmjs.org/@babel%2fplugin-syntax-class-properties set size:undefined disposed:false
2376 silly fetch manifest @babel/plugin-syntax-class-static-block@^7.14.5
2377 silly packumentCache full:https://registry.npmjs.org/@babel%2fplugin-syntax-class-static-block cache-miss
2378 http fetch GET 200 https://registry.npmjs.org/@babel%2fplugin-syntax-class-static-block 41ms (cache miss)
2379 silly packumentCache full:https://registry.npmjs.org/@babel%2fplugin-syntax-class-static-block set size:undefined disposed:false
2380 silly fetch manifest @babel/plugin-syntax-import-attributes@^7.24.7
2381 silly packumentCache full:https://registry.npmjs.org/@babel%2fplugin-syntax-import-attributes cache-miss
2382 http fetch GET 200 https://registry.npmjs.org/@babel%2fplugin-syntax-import-attributes 64ms (cache miss)
2383 silly packumentCache full:https://registry.npmjs.org/@babel%2fplugin-syntax-import-attributes set size:undefined disposed:false
2384 silly fetch manifest @babel/plugin-syntax-import-meta@^7.10.4
2385 silly packumentCache full:https://registry.npmjs.org/@babel%2fplugin-syntax-import-meta cache-miss
2386 http fetch GET 200 https://registry.npmjs.org/@babel%2fplugin-syntax-import-meta 44ms (cache miss)
2387 silly packumentCache full:https://registry.npmjs.org/@babel%2fplugin-syntax-import-meta set size:undefined disposed:false
2388 silly fetch manifest @babel/plugin-syntax-json-strings@^7.8.3
2389 silly packumentCache full:https://registry.npmjs.org/@babel%2fplugin-syntax-json-strings cache-miss
2390 http fetch GET 200 https://registry.npmjs.org/@babel%2fplugin-syntax-json-strings 41ms (cache miss)
2391 silly packumentCache full:https://registry.npmjs.org/@babel%2fplugin-syntax-json-strings set size:undefined disposed:false
2392 silly fetch manifest @babel/plugin-syntax-logical-assignment-operators@^7.10.4
2393 silly packumentCache full:https://registry.npmjs.org/@babel%2fplugin-syntax-logical-assignment-operators cache-miss
2394 http fetch GET 200 https://registry.npmjs.org/@babel%2fplugin-syntax-logical-assignment-operators 43ms (cache miss)
2395 silly packumentCache full:https://registry.npmjs.org/@babel%2fplugin-syntax-logical-assignment-operators set size:undefined disposed:false
2396 silly fetch manifest @babel/plugin-syntax-nullish-coalescing-operator@^7.8.3
2397 silly packumentCache full:https://registry.npmjs.org/@babel%2fplugin-syntax-nullish-coalescing-operator cache-miss
2398 http fetch GET 200 https://registry.npmjs.org/@babel%2fplugin-syntax-nullish-coalescing-operator 40ms (cache miss)
2399 silly packumentCache full:https://registry.npmjs.org/@babel%2fplugin-syntax-nullish-coalescing-operator set size:undefined disposed:false
2400 silly fetch manifest @babel/plugin-syntax-numeric-separator@^7.10.4
2401 silly packumentCache full:https://registry.npmjs.org/@babel%2fplugin-syntax-numeric-separator cache-miss
2402 http fetch GET 200 https://registry.npmjs.org/@babel%2fplugin-syntax-numeric-separator 64ms (cache miss)
2403 silly packumentCache full:https://registry.npmjs.org/@babel%2fplugin-syntax-numeric-separator set size:undefined disposed:false
2404 silly fetch manifest @babel/plugin-syntax-object-rest-spread@^7.8.3
2405 silly packumentCache full:https://registry.npmjs.org/@babel%2fplugin-syntax-object-rest-spread cache-miss
2406 http fetch GET 200 https://registry.npmjs.org/@babel%2fplugin-syntax-object-rest-spread 51ms (cache miss)
2407 silly packumentCache full:https://registry.npmjs.org/@babel%2fplugin-syntax-object-rest-spread set size:undefined disposed:false
2408 silly fetch manifest @babel/plugin-syntax-optional-catch-binding@^7.8.3
2409 silly packumentCache full:https://registry.npmjs.org/@babel%2fplugin-syntax-optional-catch-binding cache-miss
2410 http fetch GET 200 https://registry.npmjs.org/@babel%2fplugin-syntax-optional-catch-binding 45ms (cache miss)
2411 silly packumentCache full:https://registry.npmjs.org/@babel%2fplugin-syntax-optional-catch-binding set size:undefined disposed:false
2412 silly fetch manifest @babel/plugin-syntax-optional-chaining@^7.8.3
2413 silly packumentCache full:https://registry.npmjs.org/@babel%2fplugin-syntax-optional-chaining cache-miss
2414 http fetch GET 200 https://registry.npmjs.org/@babel%2fplugin-syntax-optional-chaining 69ms (cache miss)
2415 silly packumentCache full:https://registry.npmjs.org/@babel%2fplugin-syntax-optional-chaining set size:undefined disposed:false
2416 silly fetch manifest @babel/plugin-syntax-private-property-in-object@^7.14.5
2417 silly packumentCache full:https://registry.npmjs.org/@babel%2fplugin-syntax-private-property-in-object cache-miss
2418 http fetch GET 200 https://registry.npmjs.org/@babel%2fplugin-syntax-private-property-in-object 49ms (cache miss)
2419 silly packumentCache full:https://registry.npmjs.org/@babel%2fplugin-syntax-private-property-in-object set size:undefined disposed:false
2420 silly fetch manifest @babel/plugin-syntax-top-level-await@^7.14.5
2421 silly packumentCache full:https://registry.npmjs.org/@babel%2fplugin-syntax-top-level-await cache-miss
2422 http fetch GET 200 https://registry.npmjs.org/@babel%2fplugin-syntax-top-level-await 39ms (cache miss)
2423 silly packumentCache full:https://registry.npmjs.org/@babel%2fplugin-syntax-top-level-await set size:undefined disposed:false
2424 silly fetch manifest @babel/core@^7.0.0 || ^8.0.0-0
2425 silly packumentCache full:https://registry.npmjs.org/@babel%2fcore cache-hit
2426 silly placeDep node_modules/pmxtjs @babel/plugin-syntax-async-generators@7.8.4 OK for: babel-preset-current-node-syntax@1.2.0 want: ^7.8.4
2427 silly placeDep node_modules/pmxtjs @babel/plugin-syntax-bigint@7.8.3 OK for: babel-preset-current-node-syntax@1.2.0 want: ^7.8.3
2428 silly placeDep node_modules/pmxtjs @babel/plugin-syntax-class-properties@7.12.13 OK for: babel-preset-current-node-syntax@1.2.0 want: ^7.12.13
2429 silly placeDep node_modules/pmxtjs @babel/plugin-syntax-class-static-block@7.14.5 OK for: babel-preset-current-node-syntax@1.2.0 want: ^7.14.5
2430 silly placeDep node_modules/pmxtjs @babel/plugin-syntax-import-attributes@7.28.6 OK for: babel-preset-current-node-syntax@1.2.0 want: ^7.24.7
2431 silly placeDep node_modules/pmxtjs @babel/plugin-syntax-import-meta@7.10.4 OK for: babel-preset-current-node-syntax@1.2.0 want: ^7.10.4
2432 silly placeDep node_modules/pmxtjs @babel/plugin-syntax-json-strings@7.8.3 OK for: babel-preset-current-node-syntax@1.2.0 want: ^7.8.3
2433 silly placeDep node_modules/pmxtjs @babel/plugin-syntax-logical-assignment-operators@7.10.4 OK for: babel-preset-current-node-syntax@1.2.0 want: ^7.10.4
2434 silly placeDep node_modules/pmxtjs @babel/plugin-syntax-nullish-coalescing-operator@7.8.3 OK for: babel-preset-current-node-syntax@1.2.0 want: ^7.8.3
2435 silly placeDep node_modules/pmxtjs @babel/plugin-syntax-numeric-separator@7.10.4 OK for: babel-preset-current-node-syntax@1.2.0 want: ^7.10.4
2436 silly placeDep node_modules/pmxtjs @babel/plugin-syntax-object-rest-spread@7.8.3 OK for: babel-preset-current-node-syntax@1.2.0 want: ^7.8.3
2437 silly placeDep node_modules/pmxtjs @babel/plugin-syntax-optional-catch-binding@7.8.3 OK for: babel-preset-current-node-syntax@1.2.0 want: ^7.8.3
2438 silly placeDep node_modules/pmxtjs @babel/plugin-syntax-optional-chaining@7.8.3 OK for: babel-preset-current-node-syntax@1.2.0 want: ^7.8.3
2439 silly placeDep node_modules/pmxtjs @babel/plugin-syntax-private-property-in-object@7.14.5 OK for: babel-preset-current-node-syntax@1.2.0 want: ^7.14.5
2440 silly placeDep node_modules/pmxtjs @babel/plugin-syntax-top-level-await@7.14.5 OK for: babel-preset-current-node-syntax@1.2.0 want: ^7.14.5
2441 silly fetch manifest babel-plugin-macros@^3.1.0
2442 silly packumentCache full:https://registry.npmjs.org/babel-plugin-macros cache-miss
2443 http fetch GET 200 https://registry.npmjs.org/babel-plugin-macros 46ms (cache miss)
2444 silly packumentCache full:https://registry.npmjs.org/babel-plugin-macros set size:undefined disposed:false
2445 silly placeDep node_modules/pmxtjs @jest/environment@30.3.0 OK for: jest-circus@30.3.0 want: 30.3.0
2446 silly placeDep node_modules/pmxtjs @jest/expect@30.3.0 OK for: jest-circus@30.3.0 want: 30.3.0
2447 silly placeDep node_modules/pmxtjs/node_modules/jest-circus chalk@4.1.2 OK for: jest-circus@30.3.0 want: ^4.1.2
2448 silly placeDep node_modules/pmxtjs co@4.6.0 OK for: jest-circus@30.3.0 want: ^4.6.0
2449 silly placeDep node_modules/pmxtjs dedent@1.7.2 OK for: jest-circus@30.3.0 want: ^1.6.0
2450 silly placeDep node_modules/pmxtjs is-generator-fn@2.1.0 OK for: jest-circus@30.3.0 want: ^2.1.0
2451 silly placeDep node_modules/pmxtjs jest-each@30.3.0 OK for: jest-circus@30.3.0 want: 30.3.0
2452 silly placeDep node_modules/pmxtjs jest-matcher-utils@30.3.0 OK for: jest-circus@30.3.0 want: 30.3.0
2453 silly placeDep node_modules/pmxtjs pure-rand@7.0.1 OK for: jest-circus@30.3.0 want: ^7.0.0
2454 silly placeDep node_modules/pmxtjs stack-utils@2.0.6 OK for: jest-circus@30.3.0 want: ^2.0.6
2455 silly fetch manifest escape-string-regexp@^2.0.0
2456 silly packumentCache full:https://registry.npmjs.org/escape-string-regexp cache-miss
2457 http fetch GET 200 https://registry.npmjs.org/escape-string-regexp 34ms (cache miss)
2458 silly packumentCache full:https://registry.npmjs.org/escape-string-regexp set size:undefined disposed:false
2459 silly placeDep node_modules/pmxtjs @jest/fake-timers@30.3.0 OK for: @jest/environment@30.3.0 want: 30.3.0
2460 silly placeDep node_modules/pmxtjs jest-mock@30.3.0 OK for: @jest/environment@30.3.0 want: 30.3.0
2461 silly fetch manifest @sinonjs/fake-timers@^15.0.0
2462 silly packumentCache full:https://registry.npmjs.org/@sinonjs%2ffake-timers cache-miss
2463 http fetch GET 200 https://registry.npmjs.org/@sinonjs%2ffake-timers 49ms (cache miss)
2464 silly packumentCache full:https://registry.npmjs.org/@sinonjs%2ffake-timers set size:undefined disposed:false
2465 silly placeDep node_modules/pmxtjs expect@30.3.0 OK for: @jest/expect@30.3.0 want: 30.3.0
2466 silly placeDep node_modules/pmxtjs @sinonjs/fake-timers@15.1.1 OK for: @jest/fake-timers@30.3.0 want: ^15.0.0
2467 silly fetch manifest @sinonjs/commons@^3.0.1
2468 silly packumentCache full:https://registry.npmjs.org/@sinonjs%2fcommons cache-miss
2469 http fetch GET 200 https://registry.npmjs.org/@sinonjs%2fcommons 64ms (cache miss)
2470 silly packumentCache full:https://registry.npmjs.org/@sinonjs%2fcommons set size:undefined disposed:false
2471 silly placeDep node_modules/pmxtjs @sinonjs/commons@3.0.1 OK for: @sinonjs/fake-timers@15.1.1 want: ^3.0.1
2472 silly fetch manifest type-detect@4.0.8
2473 silly packumentCache full:https://registry.npmjs.org/type-detect cache-miss
2474 http fetch GET 200 https://registry.npmjs.org/type-detect 52ms (cache miss)
2475 silly packumentCache full:https://registry.npmjs.org/type-detect set size:undefined disposed:false
2476 silly placeDep node_modules/pmxtjs type-detect@4.0.8 OK for: @sinonjs/commons@3.0.1 want: 4.0.8
2477 silly placeDep node_modules/pmxtjs @jest/expect-utils@30.3.0 OK for: expect@30.3.0 want: 30.3.0
2478 silly placeDep node_modules/pmxtjs detect-newline@3.1.0 OK for: jest-docblock@30.2.0 want: ^3.1.0
2479 silly placeDep node_modules/pmxtjs/node_modules/jest-each chalk@4.1.2 OK for: jest-each@30.3.0 want: ^4.1.2
2480 silly placeDep node_modules/pmxtjs anymatch@3.1.3 OK for: jest-haste-map@30.3.0 want: ^3.1.3
2481 silly placeDep node_modules/pmxtjs fb-watchman@2.0.2 OK for: jest-haste-map@30.3.0 want: ^2.0.2
2482 silly placeDep node_modules/pmxtjs fsevents@2.3.3 OK for: jest-haste-map@30.3.0 want: ^2.3.3
2483 silly placeDep node_modules/pmxtjs picomatch@4.0.4 OK for: jest-haste-map@30.3.0 want: ^4.0.3
2484 silly placeDep node_modules/pmxtjs walker@1.0.8 OK for: jest-haste-map@30.3.0 want: ^1.0.8
2485 silly fetch manifest picomatch@^2.0.4
2486 silly packumentCache full:https://registry.npmjs.org/picomatch cache-miss
2487 http fetch GET 200 https://registry.npmjs.org/picomatch 6ms (cache hit)
2488 silly packumentCache full:https://registry.npmjs.org/picomatch set size:126376 disposed:false
2489 silly fetch manifest normalize-path@^3.0.0
2490 silly packumentCache full:https://registry.npmjs.org/normalize-path cache-miss
2491 http fetch GET 200 https://registry.npmjs.org/normalize-path 57ms (cache miss)
2492 silly packumentCache full:https://registry.npmjs.org/normalize-path set size:undefined disposed:false
2493 silly fetch manifest bser@2.1.1
2494 silly packumentCache full:https://registry.npmjs.org/bser cache-miss
2495 http fetch GET 200 https://registry.npmjs.org/bser 33ms (cache miss)
2496 silly packumentCache full:https://registry.npmjs.org/bser set size:undefined disposed:false
2497 silly fetch manifest makeerror@1.0.12
2498 silly packumentCache full:https://registry.npmjs.org/makeerror cache-miss
2499 http fetch GET 200 https://registry.npmjs.org/makeerror 37ms (cache miss)
2500 silly packumentCache full:https://registry.npmjs.org/makeerror set size:undefined disposed:false
2501 silly placeDep node_modules/pmxtjs normalize-path@3.0.0 OK for: anymatch@3.1.3 want: ^3.0.0
2502 silly placeDep node_modules/pmxtjs/node_modules/anymatch picomatch@2.3.2 OK for: anymatch@3.1.3 want: ^2.0.4
2503 silly placeDep node_modules/pmxtjs bser@2.1.1 OK for: fb-watchman@2.0.2 want: 2.1.1
2504 silly fetch manifest node-int64@^0.4.0
2505 silly packumentCache full:https://registry.npmjs.org/node-int64 cache-miss
2506 http fetch GET 200 https://registry.npmjs.org/node-int64 29ms (cache miss)
2507 silly packumentCache full:https://registry.npmjs.org/node-int64 set size:undefined disposed:false
2508 silly placeDep node_modules/pmxtjs node-int64@0.4.0 OK for: bser@2.1.1 want: ^0.4.0
2509 silly placeDep node_modules/pmxtjs/node_modules/jest-matcher-utils chalk@4.1.2 OK for: jest-matcher-utils@30.3.0 want: ^4.1.2
2510 silly placeDep node_modules/pmxtjs jest-diff@30.3.0 OK for: jest-matcher-utils@30.3.0 want: 30.3.0
2511 silly fetch manifest @jest/diff-sequences@30.3.0
2512 silly packumentCache full:https://registry.npmjs.org/@jest%2fdiff-sequences cache-miss
2513 http fetch GET 200 https://registry.npmjs.org/@jest%2fdiff-sequences 158ms (cache miss)
2514 silly packumentCache full:https://registry.npmjs.org/@jest%2fdiff-sequences set size:undefined disposed:false
2515 silly placeDep node_modules/pmxtjs @jest/diff-sequences@30.3.0 OK for: jest-diff@30.3.0 want: 30.3.0
2516 silly placeDep node_modules/pmxtjs/node_modules/jest-diff chalk@4.1.2 OK for: jest-diff@30.3.0 want: ^4.1.2
2517 silly placeDep node_modules/pmxtjs @types/stack-utils@2.0.3 OK for: jest-message-util@30.3.0 want: ^2.0.3
2518 silly placeDep node_modules/pmxtjs/node_modules/jest-message-util chalk@4.1.2 OK for: jest-message-util@30.3.0 want: ^4.1.2
2519 silly fetch manifest jest-resolve@*
2520 silly packumentCache full:https://registry.npmjs.org/jest-resolve cache-miss
2521 http fetch GET 200 https://registry.npmjs.org/jest-resolve 48ms (cache hit)
2522 silly packumentCache full:https://registry.npmjs.org/jest-resolve set size:656119 disposed:false
2523 silly placeDep node_modules/pmxtjs/node_modules/jest-resolve chalk@4.1.2 OK for: jest-resolve@30.3.0 want: ^4.1.2
2524 silly placeDep node_modules/pmxtjs jest-pnp-resolver@1.2.3 OK for: jest-resolve@30.3.0 want: ^1.2.3
2525 silly placeDep node_modules/pmxtjs unrs-resolver@1.11.1 OK for: jest-resolve@30.3.0 want: ^1.7.11
2526 silly fetch manifest napi-postinstall@^0.3.0
2527 silly packumentCache full:https://registry.npmjs.org/napi-postinstall cache-miss
2528 http fetch GET 200 https://registry.npmjs.org/napi-postinstall 30ms (cache miss)
2529 silly packumentCache full:https://registry.npmjs.org/napi-postinstall set size:undefined disposed:false
2530 silly fetch manifest @unrs/resolver-binding-win32-x64-msvc@1.11.1
2531 silly packumentCache full:https://registry.npmjs.org/@unrs%2fresolver-binding-win32-x64-msvc cache-miss
2532 http fetch GET 200 https://registry.npmjs.org/@unrs%2fresolver-binding-win32-x64-msvc 47ms (cache miss)
2533 silly packumentCache full:https://registry.npmjs.org/@unrs%2fresolver-binding-win32-x64-msvc set size:undefined disposed:false
2534 silly fetch manifest @unrs/resolver-binding-win32-arm64-msvc@1.11.1
2535 silly packumentCache full:https://registry.npmjs.org/@unrs%2fresolver-binding-win32-arm64-msvc cache-miss
2536 http fetch GET 200 https://registry.npmjs.org/@unrs%2fresolver-binding-win32-arm64-msvc 54ms (cache miss)
2537 silly packumentCache full:https://registry.npmjs.org/@unrs%2fresolver-binding-win32-arm64-msvc set size:undefined disposed:false
2538 silly fetch manifest @unrs/resolver-binding-win32-ia32-msvc@1.11.1
2539 silly packumentCache full:https://registry.npmjs.org/@unrs%2fresolver-binding-win32-ia32-msvc cache-miss
2540 http fetch GET 200 https://registry.npmjs.org/@unrs%2fresolver-binding-win32-ia32-msvc 96ms (cache miss)
2541 silly packumentCache full:https://registry.npmjs.org/@unrs%2fresolver-binding-win32-ia32-msvc set size:undefined disposed:false
2542 silly fetch manifest @unrs/resolver-binding-linux-x64-gnu@1.11.1
2543 silly packumentCache full:https://registry.npmjs.org/@unrs%2fresolver-binding-linux-x64-gnu cache-miss
2544 http fetch GET 200 https://registry.npmjs.org/@unrs%2fresolver-binding-linux-x64-gnu 49ms (cache miss)
2545 silly packumentCache full:https://registry.npmjs.org/@unrs%2fresolver-binding-linux-x64-gnu set size:undefined disposed:false
2546 silly fetch manifest @unrs/resolver-binding-linux-x64-musl@1.11.1
2547 silly packumentCache full:https://registry.npmjs.org/@unrs%2fresolver-binding-linux-x64-musl cache-miss
2548 http fetch GET 200 https://registry.npmjs.org/@unrs%2fresolver-binding-linux-x64-musl 57ms (cache miss)
2549 silly packumentCache full:https://registry.npmjs.org/@unrs%2fresolver-binding-linux-x64-musl set size:undefined disposed:false
2550 silly fetch manifest @unrs/resolver-binding-freebsd-x64@1.11.1
2551 silly packumentCache full:https://registry.npmjs.org/@unrs%2fresolver-binding-freebsd-x64 cache-miss
2552 http fetch GET 200 https://registry.npmjs.org/@unrs%2fresolver-binding-freebsd-x64 122ms (cache miss)
2553 silly packumentCache full:https://registry.npmjs.org/@unrs%2fresolver-binding-freebsd-x64 set size:undefined disposed:false
2554 silly fetch manifest @unrs/resolver-binding-android-arm64@1.11.1
2555 silly packumentCache full:https://registry.npmjs.org/@unrs%2fresolver-binding-android-arm64 cache-miss
2556 http fetch GET 200 https://registry.npmjs.org/@unrs%2fresolver-binding-android-arm64 56ms (cache miss)
2557 silly packumentCache full:https://registry.npmjs.org/@unrs%2fresolver-binding-android-arm64 set size:undefined disposed:false
2558 silly fetch manifest @unrs/resolver-binding-linux-arm64-gnu@1.11.1
2559 silly packumentCache full:https://registry.npmjs.org/@unrs%2fresolver-binding-linux-arm64-gnu cache-miss
2560 http fetch GET 200 https://registry.npmjs.org/@unrs%2fresolver-binding-linux-arm64-gnu 44ms (cache miss)
2561 silly packumentCache full:https://registry.npmjs.org/@unrs%2fresolver-binding-linux-arm64-gnu set size:undefined disposed:false
2562 silly fetch manifest @unrs/resolver-binding-linux-arm64-musl@1.11.1
2563 silly packumentCache full:https://registry.npmjs.org/@unrs%2fresolver-binding-linux-arm64-musl cache-miss
2564 http fetch GET 200 https://registry.npmjs.org/@unrs%2fresolver-binding-linux-arm64-musl 45ms (cache miss)
2565 silly packumentCache full:https://registry.npmjs.org/@unrs%2fresolver-binding-linux-arm64-musl set size:undefined disposed:false
2566 silly fetch manifest @unrs/resolver-binding-android-arm-eabi@1.11.1
2567 silly packumentCache full:https://registry.npmjs.org/@unrs%2fresolver-binding-android-arm-eabi cache-miss
2568 http fetch GET 200 https://registry.npmjs.org/@unrs%2fresolver-binding-android-arm-eabi 46ms (cache miss)
2569 silly packumentCache full:https://registry.npmjs.org/@unrs%2fresolver-binding-android-arm-eabi set size:undefined disposed:false
2570 silly fetch manifest @unrs/resolver-binding-linux-arm-gnueabihf@1.11.1
2571 silly packumentCache full:https://registry.npmjs.org/@unrs%2fresolver-binding-linux-arm-gnueabihf cache-miss
2572 http fetch GET 200 https://registry.npmjs.org/@unrs%2fresolver-binding-linux-arm-gnueabihf 49ms (cache miss)
2573 silly packumentCache full:https://registry.npmjs.org/@unrs%2fresolver-binding-linux-arm-gnueabihf set size:undefined disposed:false
2574 silly fetch manifest @unrs/resolver-binding-linux-arm-musleabihf@1.11.1
2575 silly packumentCache full:https://registry.npmjs.org/@unrs%2fresolver-binding-linux-arm-musleabihf cache-miss
2576 http fetch GET 200 https://registry.npmjs.org/@unrs%2fresolver-binding-linux-arm-musleabihf 51ms (cache miss)
2577 silly packumentCache full:https://registry.npmjs.org/@unrs%2fresolver-binding-linux-arm-musleabihf set size:undefined disposed:false
2578 silly fetch manifest @unrs/resolver-binding-linux-ppc64-gnu@1.11.1
2579 silly packumentCache full:https://registry.npmjs.org/@unrs%2fresolver-binding-linux-ppc64-gnu cache-miss
2580 http fetch GET 200 https://registry.npmjs.org/@unrs%2fresolver-binding-linux-ppc64-gnu 49ms (cache miss)
2581 silly packumentCache full:https://registry.npmjs.org/@unrs%2fresolver-binding-linux-ppc64-gnu set size:undefined disposed:false
2582 silly fetch manifest @unrs/resolver-binding-linux-riscv64-gnu@1.11.1
2583 silly packumentCache full:https://registry.npmjs.org/@unrs%2fresolver-binding-linux-riscv64-gnu cache-miss
2584 http fetch GET 200 https://registry.npmjs.org/@unrs%2fresolver-binding-linux-riscv64-gnu 65ms (cache miss)
2585 silly packumentCache full:https://registry.npmjs.org/@unrs%2fresolver-binding-linux-riscv64-gnu set size:undefined disposed:false
2586 silly fetch manifest @unrs/resolver-binding-linux-riscv64-musl@1.11.1
2587 silly packumentCache full:https://registry.npmjs.org/@unrs%2fresolver-binding-linux-riscv64-musl cache-miss
2588 http fetch GET 200 https://registry.npmjs.org/@unrs%2fresolver-binding-linux-riscv64-musl 62ms (cache miss)
2589 silly packumentCache full:https://registry.npmjs.org/@unrs%2fresolver-binding-linux-riscv64-musl set size:undefined disposed:false
2590 silly fetch manifest @unrs/resolver-binding-linux-s390x-gnu@1.11.1
2591 silly packumentCache full:https://registry.npmjs.org/@unrs%2fresolver-binding-linux-s390x-gnu cache-miss
2592 http fetch GET 200 https://registry.npmjs.org/@unrs%2fresolver-binding-linux-s390x-gnu 56ms (cache miss)
2593 silly packumentCache full:https://registry.npmjs.org/@unrs%2fresolver-binding-linux-s390x-gnu set size:undefined disposed:false
2594 silly fetch manifest @unrs/resolver-binding-darwin-x64@1.11.1
2595 silly packumentCache full:https://registry.npmjs.org/@unrs%2fresolver-binding-darwin-x64 cache-miss
2596 http fetch GET 200 https://registry.npmjs.org/@unrs%2fresolver-binding-darwin-x64 40ms (cache miss)
2597 silly packumentCache full:https://registry.npmjs.org/@unrs%2fresolver-binding-darwin-x64 set size:undefined disposed:false
2598 silly fetch manifest @unrs/resolver-binding-darwin-arm64@1.11.1
2599 silly packumentCache full:https://registry.npmjs.org/@unrs%2fresolver-binding-darwin-arm64 cache-miss
2600 http fetch GET 200 https://registry.npmjs.org/@unrs%2fresolver-binding-darwin-arm64 53ms (cache miss)
2601 silly packumentCache full:https://registry.npmjs.org/@unrs%2fresolver-binding-darwin-arm64 set size:undefined disposed:false
2602 silly fetch manifest @unrs/resolver-binding-wasm32-wasi@1.11.1
2603 silly packumentCache full:https://registry.npmjs.org/@unrs%2fresolver-binding-wasm32-wasi cache-miss
2604 http fetch GET 200 https://registry.npmjs.org/@unrs%2fresolver-binding-wasm32-wasi 50ms (cache miss)
2605 silly packumentCache full:https://registry.npmjs.org/@unrs%2fresolver-binding-wasm32-wasi set size:undefined disposed:false
2606 silly placeDep node_modules/pmxtjs/node_modules/jest-runner chalk@4.1.2 OK for: jest-runner@30.3.0 want: ^4.1.2
2607 silly placeDep node_modules/pmxtjs emittery@0.13.1 OK for: jest-runner@30.3.0 want: ^0.13.1
2608 silly placeDep node_modules/pmxtjs jest-leak-detector@30.3.0 OK for: jest-runner@30.3.0 want: 30.3.0
2609 silly placeDep node_modules/pmxtjs source-map-support@0.5.13 OK for: jest-runner@30.3.0 want: 0.5.13
2610 silly fetch manifest buffer-from@^1.0.0
2611 silly packumentCache full:https://registry.npmjs.org/buffer-from cache-miss
2612 http fetch GET 200 https://registry.npmjs.org/buffer-from 48ms (cache miss)
2613 silly packumentCache full:https://registry.npmjs.org/buffer-from set size:undefined disposed:false
2614 silly fetch manifest source-map@^0.6.0
2615 silly packumentCache full:https://registry.npmjs.org/source-map cache-miss
2616 http fetch GET 200 https://registry.npmjs.org/source-map 37ms (cache miss)
2617 silly packumentCache full:https://registry.npmjs.org/source-map set size:undefined disposed:false
2618 silly placeDep node_modules/pmxtjs @jest/globals@30.3.0 OK for: jest-runtime@30.3.0 want: 30.3.0
2619 silly placeDep node_modules/pmxtjs @jest/source-map@30.0.1 OK for: jest-runtime@30.3.0 want: 30.0.1
2620 silly placeDep node_modules/pmxtjs/node_modules/jest-runtime chalk@4.1.2 OK for: jest-runtime@30.3.0 want: ^4.1.2
2621 silly placeDep node_modules/pmxtjs cjs-module-lexer@2.2.0 OK for: jest-runtime@30.3.0 want: ^2.1.0
2622 silly placeDep node_modules/pmxtjs strip-bom@4.0.0 OK for: jest-runtime@30.3.0 want: ^4.0.0
2623 silly fetch manifest callsites@^3.1.0
2624 silly packumentCache full:https://registry.npmjs.org/callsites cache-miss
2625 http fetch GET 200 https://registry.npmjs.org/callsites 37ms (cache miss)
2626 silly packumentCache full:https://registry.npmjs.org/callsites set size:undefined disposed:false
2627 silly placeDep node_modules/pmxtjs callsites@3.1.0 OK for: @jest/source-map@30.0.1 want: ^3.1.0
2628 silly placeDep node_modules/pmxtjs @babel/plugin-syntax-jsx@7.28.6 OK for: jest-snapshot@30.3.0 want: ^7.27.1
2629 silly placeDep node_modules/pmxtjs @babel/plugin-syntax-typescript@7.28.6 OK for: jest-snapshot@30.3.0 want: ^7.27.1
2630 silly placeDep node_modules/pmxtjs @jest/snapshot-utils@30.3.0 OK for: jest-snapshot@30.3.0 want: 30.3.0
2631 silly placeDep node_modules/pmxtjs/node_modules/jest-snapshot chalk@4.1.2 OK for: jest-snapshot@30.3.0 want: ^4.1.2
2632 silly placeDep node_modules/pmxtjs/node_modules/jest-snapshot semver@7.7.4 OK for: jest-snapshot@30.3.0 want: ^7.7.2
2633 silly placeDep node_modules/pmxtjs synckit@0.11.12 OK for: jest-snapshot@30.3.0 want: ^0.11.8
2634 silly fetch manifest natural-compare@^1.4.0
2635 silly packumentCache full:https://registry.npmjs.org/natural-compare cache-miss
2636 http fetch GET 200 https://registry.npmjs.org/natural-compare 32ms (cache miss)
2637 silly packumentCache full:https://registry.npmjs.org/natural-compare set size:undefined disposed:false
2638 silly fetch manifest @pkgr/core@^0.2.9
2639 silly packumentCache full:https://registry.npmjs.org/@pkgr%2fcore cache-miss
2640 http fetch GET 200 https://registry.npmjs.org/@pkgr%2fcore 41ms (cache miss)
2641 silly packumentCache full:https://registry.npmjs.org/@pkgr%2fcore set size:undefined disposed:false
2642 silly placeDep node_modules/pmxtjs/node_modules/@jest/snapshot-utils chalk@4.1.2 OK for: @jest/snapshot-utils@30.3.0 want: ^4.1.2
2643 silly placeDep node_modules/pmxtjs natural-compare@1.4.0 OK for: @jest/snapshot-utils@30.3.0 want: ^1.4.0
2644 silly placeDep node_modules/pmxtjs/node_modules/jest-util chalk@4.1.2 OK for: jest-util@30.3.0 want: ^4.1.2
2645 silly placeDep node_modules/pmxtjs/node_modules/jest-validate camelcase@6.3.0 OK for: jest-validate@30.3.0 want: ^6.3.0
2646 silly placeDep node_modules/pmxtjs/node_modules/jest-validate chalk@4.1.2 OK for: jest-validate@30.3.0 want: ^4.1.2
2647 silly placeDep node_modules/pmxtjs leven@3.1.0 OK for: jest-validate@30.3.0 want: ^3.1.0
2648 silly placeDep node_modules/pmxtjs/node_modules/jest-watcher chalk@4.1.2 OK for: jest-watcher@30.3.0 want: ^4.1.2
2649 silly placeDep node_modules/pmxtjs @ungap/structured-clone@1.3.0 OK for: jest-worker@30.3.0 want: ^1.3.0
2650 silly placeDep node_modules/pmxtjs/node_modules/jest-worker supports-color@8.1.1 OK for: jest-worker@30.3.0 want: ^8.1.1
2651 silly placeDep node_modules/pmxtjs argparse@1.0.10 OK for: js-yaml@3.14.2 want: ^1.0.7
2652 silly placeDep node_modules/pmxtjs esprima@4.0.1 OK for: js-yaml@3.14.2 want: ^4.0.0
2653 silly fetch manifest sprintf-js@~1.0.2
2654 silly packumentCache full:https://registry.npmjs.org/sprintf-js cache-miss
2655 http fetch GET 200 https://registry.npmjs.org/sprintf-js 38ms (cache miss)
2656 silly packumentCache full:https://registry.npmjs.org/sprintf-js set size:undefined disposed:false
2657 silly placeDep node_modules/pmxtjs sprintf-js@1.0.3 OK for: argparse@1.0.10 want: ~1.0.2
2658 silly placeDep node_modules/pmxtjs p-locate@4.1.0 OK for: locate-path@5.0.0 want: ^4.1.0
2659 silly fetch manifest p-limit@^2.2.0
2660 silly packumentCache full:https://registry.npmjs.org/p-limit cache-miss
2661 http fetch GET 200 https://registry.npmjs.org/p-limit 9ms (cache hit)
2662 silly packumentCache full:https://registry.npmjs.org/p-limit set size:61867 disposed:false
2663 silly placeDep node_modules/pmxtjs yallist@3.1.1 OK for: lru-cache@5.1.1 want: ^3.0.2
2664 silly placeDep node_modules/pmxtjs/node_modules/make-dir semver@7.7.4 OK for: make-dir@4.0.0 want: ^7.5.3
2665 silly placeDep node_modules/pmxtjs mime-db@1.54.0 OK for: mime-types@3.0.2 want: ^1.54.0
2666 silly placeDep node_modules/pmxtjs brace-expansion@2.0.3 OK for: minimatch@9.0.9 want: ^2.0.2
2667 silly fetch manifest balanced-match@^1.0.0
2668 silly packumentCache full:https://registry.npmjs.org/balanced-match cache-miss
2669 http fetch GET 200 https://registry.npmjs.org/balanced-match 157ms (cache miss)
2670 silly packumentCache full:https://registry.npmjs.org/balanced-match set size:undefined disposed:false
2671 silly placeDep node_modules/pmxtjs balanced-match@1.0.2 OK for: brace-expansion@2.0.3 want: ^1.0.0
2672 silly placeDep node_modules/pmxtjs whatwg-url@5.0.0 OK for: node-fetch@2.7.0 want: ^5.0.0
2673 silly fetch manifest tr46@~0.0.3
2674 silly packumentCache full:https://registry.npmjs.org/tr46 cache-miss
2675 http fetch GET 200 https://registry.npmjs.org/tr46 32ms (cache miss)
2676 silly packumentCache full:https://registry.npmjs.org/tr46 set size:undefined disposed:false
2677 silly fetch manifest webidl-conversions@^3.0.0
2678 silly packumentCache full:https://registry.npmjs.org/webidl-conversions cache-miss
2679 http fetch GET 200 https://registry.npmjs.org/webidl-conversions 37ms (cache miss)
2680 silly packumentCache full:https://registry.npmjs.org/webidl-conversions set size:undefined disposed:false
2681 silly placeDep node_modules/pmxtjs ee-first@1.1.1 OK for: on-finished@2.4.1 want: 1.1.1
2682 silly placeDep node_modules/pmxtjs wrappy@1.0.2 OK for: once@1.4.0 want: 1
2683 silly placeDep node_modules/pmxtjs mimic-fn@2.1.0 OK for: onetime@5.1.2 want: ^2.1.0
2684 silly placeDep node_modules/pmxtjs yocto-queue@0.1.0 OK for: p-limit@3.1.0 want: ^0.1.0
2685 silly placeDep node_modules/pmxtjs/node_modules/p-locate p-limit@2.3.0 OK for: p-locate@4.1.0 want: ^2.2.0
2686 silly fetch manifest p-try@^2.0.0
2687 silly packumentCache full:https://registry.npmjs.org/p-try cache-miss
2688 http fetch GET 200 https://registry.npmjs.org/p-try 42ms (cache miss)
2689 silly packumentCache full:https://registry.npmjs.org/p-try set size:undefined disposed:false
2690 silly placeDep node_modules/pmxtjs error-ex@1.3.4 OK for: parse-json@5.2.0 want: ^1.3.1
2691 silly placeDep node_modules/pmxtjs json-parse-even-better-errors@2.3.1 OK for: parse-json@5.2.0 want: ^2.3.0
2692 silly placeDep node_modules/pmxtjs lines-and-columns@1.2.4 OK for: parse-json@5.2.0 want: ^1.1.6
2693 silly fetch manifest is-arrayish@^0.2.1
2694 silly packumentCache full:https://registry.npmjs.org/is-arrayish cache-miss
2695 http fetch GET 200 https://registry.npmjs.org/is-arrayish 33ms (cache miss)
2696 silly packumentCache full:https://registry.npmjs.org/is-arrayish set size:undefined disposed:false
2697 silly placeDep node_modules/pmxtjs is-arrayish@0.2.1 OK for: error-ex@1.3.4 want: ^0.2.1
2698 silly placeDep node_modules/pmxtjs/node_modules/path-scurry lru-cache@10.4.3 OK for: path-scurry@1.11.1 want: ^10.2.0
2699 silly placeDep node_modules/pmxtjs ansi-styles@5.2.0 OK for: pretty-format@30.3.0 want: ^5.2.0
2700 silly placeDep node_modules/pmxtjs react-is@18.3.1 OK for: pretty-format@30.3.0 want: ^18.3.1
2701 silly placeDep node_modules/pmxtjs forwarded@0.2.0 OK for: proxy-addr@2.0.7 want: 0.2.0
2702 silly placeDep node_modules/pmxtjs ipaddr.js@1.9.1 OK for: proxy-addr@2.0.7 want: 1.9.1
2703 silly placeDep node_modules/pmxtjs side-channel@1.1.0 OK for: qs@6.15.0 want: ^1.1.0
2704 silly fetch manifest object-inspect@^1.13.3
2705 silly packumentCache full:https://registry.npmjs.org/object-inspect cache-miss
2706 http fetch GET 200 https://registry.npmjs.org/object-inspect 30ms (cache miss)
2707 silly packumentCache full:https://registry.npmjs.org/object-inspect set size:undefined disposed:false
2708 silly fetch manifest side-channel-list@^1.0.0
2709 silly packumentCache full:https://registry.npmjs.org/side-channel-list cache-miss
2710 http fetch GET 200 https://registry.npmjs.org/side-channel-list 28ms (cache miss)
2711 silly packumentCache full:https://registry.npmjs.org/side-channel-list set size:undefined disposed:false
2712 silly fetch manifest side-channel-map@^1.0.1
2713 silly packumentCache full:https://registry.npmjs.org/side-channel-map cache-miss
2714 http fetch GET 200 https://registry.npmjs.org/side-channel-map 32ms (cache miss)
2715 silly packumentCache full:https://registry.npmjs.org/side-channel-map set size:undefined disposed:false
2716 silly fetch manifest side-channel-weakmap@^1.0.2
2717 silly packumentCache full:https://registry.npmjs.org/side-channel-weakmap cache-miss
2718 http fetch GET 200 https://registry.npmjs.org/side-channel-weakmap 31ms (cache miss)
2719 silly packumentCache full:https://registry.npmjs.org/side-channel-weakmap set size:undefined disposed:false
2720 silly placeDep node_modules/pmxtjs unpipe@1.0.0 OK for: raw-body@3.0.2 want: ~1.0.0
2721 silly placeDep node_modules/pmxtjs is-promise@4.0.0 OK for: router@2.2.0 want: ^4.0.0
2722 silly placeDep node_modules/pmxtjs path-to-regexp@8.4.0 OK for: router@2.2.0 want: ^8.0.0
2723 silly placeDep node_modules/pmxtjs @swc/helpers@0.5.20 OK for: rpc-websockets@9.3.7 want: ^0.5.11
2724 silly placeDep node_modules/pmxtjs @types/uuid@10.0.0 OK for: rpc-websockets@9.3.7 want: ^10.0.0
2725 silly placeDep node_modules/pmxtjs/node_modules/rpc-websockets @types/ws@8.18.1 OK for: rpc-websockets@9.3.7 want: ^8.2.2
2726 silly placeDep node_modules/pmxtjs bufferutil@4.1.0 OK for: rpc-websockets@9.3.7 want: ^4.0.1
2727 silly placeDep node_modules/pmxtjs utf-8-validate@6.0.6 OK for: rpc-websockets@9.3.7 want: ^6.0.0
2728 silly placeDep node_modules/pmxtjs/node_modules/rpc-websockets uuid@11.1.0 OK for: rpc-websockets@9.3.7 want: ^11.0.0
2729 silly fetch manifest tslib@^2.8.0
2730 silly packumentCache full:https://registry.npmjs.org/tslib cache-miss
2731 http fetch GET 200 https://registry.npmjs.org/tslib 6ms (cache hit)
2732 silly packumentCache full:https://registry.npmjs.org/tslib set size:108760 disposed:false
2733 silly fetch manifest node-gyp-build@^4.3.0
2734 silly packumentCache full:https://registry.npmjs.org/node-gyp-build cache-miss
2735 http fetch GET 200 https://registry.npmjs.org/node-gyp-build 58ms (cache miss)
2736 silly packumentCache full:https://registry.npmjs.org/node-gyp-build set size:undefined disposed:false
2737 silly placeDep node_modules/pmxtjs tslib@2.8.1 OK for: @swc/helpers@0.5.20 want: ^2.8.0
2738 silly placeDep node_modules/pmxtjs node-gyp-build@4.8.4 OK for: bufferutil@4.1.0 want: ^4.3.0
2739 silly placeDep node_modules/pmxtjs shebang-regex@3.0.0 OK for: shebang-command@2.0.0 want: ^3.0.0
2740 silly placeDep node_modules/pmxtjs object-inspect@1.13.4 OK for: side-channel@1.1.0 want: ^1.13.3
2741 silly placeDep node_modules/pmxtjs side-channel-list@1.0.0 OK for: side-channel@1.1.0 want: ^1.0.0
2742 silly placeDep node_modules/pmxtjs side-channel-map@1.0.1 OK for: side-channel@1.1.0 want: ^1.0.1
2743 silly placeDep node_modules/pmxtjs side-channel-weakmap@1.0.2 OK for: side-channel@1.1.0 want: ^1.0.2
2744 silly fetch manifest call-bound@^1.0.2
2745 silly packumentCache full:https://registry.npmjs.org/call-bound cache-miss
2746 http fetch GET 200 https://registry.npmjs.org/call-bound 31ms (cache miss)
2747 silly packumentCache full:https://registry.npmjs.org/call-bound set size:undefined disposed:false
2748 silly placeDep node_modules/pmxtjs call-bound@1.0.4 OK for: side-channel-map@1.0.1 want: ^1.0.2
2749 silly placeDep node_modules/pmxtjs @socket.io/component-emitter@3.1.2 OK for: socket.io-client@4.8.3 want: ~3.1.0
2750 silly placeDep node_modules/pmxtjs engine.io-client@6.6.4 OK for: socket.io-client@4.8.3 want: ~6.6.1
2751 silly placeDep node_modules/pmxtjs socket.io-parser@4.2.6 OK for: socket.io-client@4.8.3 want: ~4.2.4
2752 silly fetch manifest engine.io-parser@~5.2.1
2753 silly packumentCache full:https://registry.npmjs.org/engine.io-parser cache-miss
2754 http fetch GET 200 https://registry.npmjs.org/engine.io-parser 38ms (cache miss)
2755 silly packumentCache full:https://registry.npmjs.org/engine.io-parser set size:undefined disposed:false
2756 silly fetch manifest ws@~8.18.3
2757 silly packumentCache full:https://registry.npmjs.org/ws cache-hit
2758 silly fetch manifest xmlhttprequest-ssl@~2.1.1
2759 silly packumentCache full:https://registry.npmjs.org/xmlhttprequest-ssl cache-miss
2760 http fetch GET 200 https://registry.npmjs.org/xmlhttprequest-ssl 35ms (cache miss)
2761 silly packumentCache full:https://registry.npmjs.org/xmlhttprequest-ssl set size:undefined disposed:false
2762 silly placeDep node_modules/pmxtjs engine.io-parser@5.2.3 OK for: engine.io-client@6.6.4 want: ~5.2.1
2763 silly placeDep node_modules/pmxtjs/node_modules/engine.io-client ws@8.18.3 OK for: engine.io-client@6.6.4 want: ~8.18.3
2764 silly placeDep node_modules/pmxtjs xmlhttprequest-ssl@2.1.2 OK for: engine.io-client@6.6.4 want: ~2.1.1
2765 silly placeDep node_modules/pmxtjs buffer-from@1.1.2 OK for: source-map-support@0.5.13 want: ^1.0.0
2766 silly placeDep node_modules/pmxtjs source-map@0.6.1 OK for: source-map-support@0.5.13 want: ^0.6.0
2767 silly placeDep node_modules/pmxtjs escape-string-regexp@2.0.0 OK for: stack-utils@2.0.6 want: ^2.0.0
2768 silly placeDep node_modules/pmxtjs stream-chain@2.2.5 OK for: stream-json@1.9.1 want: ^2.2.5
2769 silly placeDep node_modules/pmxtjs char-regex@1.0.2 OK for: string-length@4.0.2 want: ^1.0.2
2770 silly placeDep node_modules/pmxtjs/node_modules/string-length strip-ansi@6.0.1 OK for: string-length@4.0.2 want: ^6.0.0
2771 silly placeDep node_modules/pmxtjs eastasianwidth@0.2.0 OK for: string-width@5.1.2 want: ^0.2.0
2772 silly placeDep node_modules/pmxtjs emoji-regex@9.2.2 OK for: string-width@5.1.2 want: ^9.2.2
2773 silly placeDep node_modules/pmxtjs/node_modules/string-width-cjs emoji-regex@8.0.0 OK for: string-width@4.2.3 want: ^8.0.0
2774 silly placeDep node_modules/pmxtjs is-fullwidth-code-point@3.0.0 OK for: string-width@4.2.3 want: ^3.0.0
2775 silly placeDep node_modules/pmxtjs/node_modules/string-width-cjs strip-ansi@6.0.1 OK for: string-width@4.2.3 want: ^6.0.1
2776 silly placeDep node_modules/pmxtjs ansi-regex@6.2.2 OK for: strip-ansi@7.2.0 want: ^6.2.2
2777 silly placeDep node_modules/pmxtjs/node_modules/strip-ansi-cjs ansi-regex@5.0.1 OK for: strip-ansi@6.0.1 want: ^5.0.1
2778 silly placeDep node_modules/pmxtjs has-flag@4.0.0 OK for: supports-color@7.2.0 want: ^4.0.0
2779 silly placeDep node_modules/pmxtjs @pkgr/core@0.2.9 OK for: synckit@0.11.12 want: ^0.2.9
2780 silly placeDep node_modules/pmxtjs/node_modules/test-exclude glob@7.2.3 OK for: test-exclude@6.0.0 want: ^7.1.4
2781 silly placeDep node_modules/pmxtjs/node_modules/test-exclude minimatch@3.1.5 OK for: test-exclude@6.0.0 want: ^3.0.4
2782 silly fetch manifest inflight@^1.0.4
2783 silly packumentCache full:https://registry.npmjs.org/inflight cache-miss
2784 http fetch GET 200 https://registry.npmjs.org/inflight 30ms (cache miss)
2785 silly packumentCache full:https://registry.npmjs.org/inflight set size:undefined disposed:false
2786 silly fetch manifest minimatch@^3.1.1
2787 silly packumentCache full:https://registry.npmjs.org/minimatch cache-hit
2788 silly fetch manifest fs.realpath@^1.0.0
2789 silly packumentCache full:https://registry.npmjs.org/fs.realpath cache-miss
2790 http fetch GET 200 https://registry.npmjs.org/fs.realpath 36ms (cache miss)
2791 silly packumentCache full:https://registry.npmjs.org/fs.realpath set size:undefined disposed:false
2792 silly fetch manifest path-is-absolute@^1.0.0
2793 silly packumentCache full:https://registry.npmjs.org/path-is-absolute cache-miss
2794 http fetch GET 200 https://registry.npmjs.org/path-is-absolute 29ms (cache miss)
2795 silly packumentCache full:https://registry.npmjs.org/path-is-absolute set size:undefined disposed:false
2796 silly fetch manifest brace-expansion@^1.1.7
2797 silly packumentCache full:https://registry.npmjs.org/brace-expansion cache-miss
2798 http fetch GET 200 https://registry.npmjs.org/brace-expansion 6ms (cache hit)
2799 silly packumentCache full:https://registry.npmjs.org/brace-expansion set size:61740 disposed:false
2800 silly placeDep node_modules/pmxtjs esbuild@0.27.4 OK for: tsx@4.21.0 want: ~0.27.0
2801 silly placeDep node_modules/pmxtjs get-tsconfig@4.13.7 OK for: tsx@4.21.0 want: ^4.7.5
2802 silly fetch manifest @esbuild/aix-ppc64@0.27.4
2803 silly packumentCache full:https://registry.npmjs.org/@esbuild%2faix-ppc64 cache-miss
2804 http fetch GET 200 https://registry.npmjs.org/@esbuild%2faix-ppc64 46ms (cache miss)
2805 silly packumentCache full:https://registry.npmjs.org/@esbuild%2faix-ppc64 set size:undefined disposed:false
2806 silly fetch manifest @esbuild/android-arm@0.27.4
2807 silly packumentCache full:https://registry.npmjs.org/@esbuild%2fandroid-arm cache-miss
2808 http fetch GET 200 https://registry.npmjs.org/@esbuild%2fandroid-arm 53ms (cache miss)
2809 silly packumentCache full:https://registry.npmjs.org/@esbuild%2fandroid-arm set size:undefined disposed:false
2810 silly fetch manifest @esbuild/android-arm64@0.27.4
2811 silly packumentCache full:https://registry.npmjs.org/@esbuild%2fandroid-arm64 cache-miss
2812 http fetch GET 200 https://registry.npmjs.org/@esbuild%2fandroid-arm64 47ms (cache miss)
2813 silly packumentCache full:https://registry.npmjs.org/@esbuild%2fandroid-arm64 set size:undefined disposed:false
2814 silly fetch manifest @esbuild/android-x64@0.27.4
2815 silly packumentCache full:https://registry.npmjs.org/@esbuild%2fandroid-x64 cache-miss
2816 http fetch GET 200 https://registry.npmjs.org/@esbuild%2fandroid-x64 47ms (cache miss)
2817 silly packumentCache full:https://registry.npmjs.org/@esbuild%2fandroid-x64 set size:undefined disposed:false
2818 silly fetch manifest @esbuild/darwin-arm64@0.27.4
2819 silly packumentCache full:https://registry.npmjs.org/@esbuild%2fdarwin-arm64 cache-miss
2820 http fetch GET 200 https://registry.npmjs.org/@esbuild%2fdarwin-arm64 48ms (cache miss)
2821 silly packumentCache full:https://registry.npmjs.org/@esbuild%2fdarwin-arm64 set size:undefined disposed:false
2822 silly fetch manifest @esbuild/darwin-x64@0.27.4
2823 silly packumentCache full:https://registry.npmjs.org/@esbuild%2fdarwin-x64 cache-miss
2824 http fetch GET 200 https://registry.npmjs.org/@esbuild%2fdarwin-x64 48ms (cache miss)
2825 silly packumentCache full:https://registry.npmjs.org/@esbuild%2fdarwin-x64 set size:undefined disposed:false
2826 silly fetch manifest @esbuild/freebsd-arm64@0.27.4
2827 silly packumentCache full:https://registry.npmjs.org/@esbuild%2ffreebsd-arm64 cache-miss
2828 http fetch GET 200 https://registry.npmjs.org/@esbuild%2ffreebsd-arm64 46ms (cache miss)
2829 silly packumentCache full:https://registry.npmjs.org/@esbuild%2ffreebsd-arm64 set size:undefined disposed:false
2830 silly fetch manifest @esbuild/freebsd-x64@0.27.4
2831 silly packumentCache full:https://registry.npmjs.org/@esbuild%2ffreebsd-x64 cache-miss
2832 http fetch GET 200 https://registry.npmjs.org/@esbuild%2ffreebsd-x64 47ms (cache miss)
2833 silly packumentCache full:https://registry.npmjs.org/@esbuild%2ffreebsd-x64 set size:undefined disposed:false
2834 silly fetch manifest @esbuild/linux-arm@0.27.4
2835 silly packumentCache full:https://registry.npmjs.org/@esbuild%2flinux-arm cache-miss
2836 http fetch GET 200 https://registry.npmjs.org/@esbuild%2flinux-arm 45ms (cache miss)
2837 silly packumentCache full:https://registry.npmjs.org/@esbuild%2flinux-arm set size:undefined disposed:false
2838 silly fetch manifest @esbuild/linux-arm64@0.27.4
2839 silly packumentCache full:https://registry.npmjs.org/@esbuild%2flinux-arm64 cache-miss
2840 http fetch GET 200 https://registry.npmjs.org/@esbuild%2flinux-arm64 52ms (cache miss)
2841 silly packumentCache full:https://registry.npmjs.org/@esbuild%2flinux-arm64 set size:undefined disposed:false
2842 silly fetch manifest @esbuild/linux-ia32@0.27.4
2843 silly packumentCache full:https://registry.npmjs.org/@esbuild%2flinux-ia32 cache-miss
2844 http fetch GET 200 https://registry.npmjs.org/@esbuild%2flinux-ia32 191ms (cache miss)
2845 silly packumentCache full:https://registry.npmjs.org/@esbuild%2flinux-ia32 set size:undefined disposed:false
2846 silly fetch manifest @esbuild/linux-loong64@0.27.4
2847 silly packumentCache full:https://registry.npmjs.org/@esbuild%2flinux-loong64 cache-miss
2848 http fetch GET 200 https://registry.npmjs.org/@esbuild%2flinux-loong64 57ms (cache miss)
2849 silly packumentCache full:https://registry.npmjs.org/@esbuild%2flinux-loong64 set size:undefined disposed:false
2850 silly fetch manifest @esbuild/linux-mips64el@0.27.4
2851 silly packumentCache full:https://registry.npmjs.org/@esbuild%2flinux-mips64el cache-miss
2852 http fetch GET 200 https://registry.npmjs.org/@esbuild%2flinux-mips64el 46ms (cache miss)
2853 silly packumentCache full:https://registry.npmjs.org/@esbuild%2flinux-mips64el set size:undefined disposed:false
2854 silly fetch manifest @esbuild/linux-ppc64@0.27.4
2855 silly packumentCache full:https://registry.npmjs.org/@esbuild%2flinux-ppc64 cache-miss
2856 http fetch GET 200 https://registry.npmjs.org/@esbuild%2flinux-ppc64 112ms (cache miss)
2857 silly packumentCache full:https://registry.npmjs.org/@esbuild%2flinux-ppc64 set size:undefined disposed:false
2858 silly fetch manifest @esbuild/linux-riscv64@0.27.4
2859 silly packumentCache full:https://registry.npmjs.org/@esbuild%2flinux-riscv64 cache-miss
2860 http fetch GET 200 https://registry.npmjs.org/@esbuild%2flinux-riscv64 48ms (cache miss)
2861 silly packumentCache full:https://registry.npmjs.org/@esbuild%2flinux-riscv64 set size:undefined disposed:false
2862 silly fetch manifest @esbuild/linux-s390x@0.27.4
2863 silly packumentCache full:https://registry.npmjs.org/@esbuild%2flinux-s390x cache-miss
2864 http fetch GET 200 https://registry.npmjs.org/@esbuild%2flinux-s390x 42ms (cache miss)
2865 silly packumentCache full:https://registry.npmjs.org/@esbuild%2flinux-s390x set size:undefined disposed:false
2866 silly fetch manifest @esbuild/linux-x64@0.27.4
2867 silly packumentCache full:https://registry.npmjs.org/@esbuild%2flinux-x64 cache-miss
2868 http fetch GET 200 https://registry.npmjs.org/@esbuild%2flinux-x64 46ms (cache miss)
2869 silly packumentCache full:https://registry.npmjs.org/@esbuild%2flinux-x64 set size:undefined disposed:false
2870 silly fetch manifest @esbuild/netbsd-arm64@0.27.4
2871 silly packumentCache full:https://registry.npmjs.org/@esbuild%2fnetbsd-arm64 cache-miss
2872 http fetch GET 200 https://registry.npmjs.org/@esbuild%2fnetbsd-arm64 43ms (cache miss)
2873 silly packumentCache full:https://registry.npmjs.org/@esbuild%2fnetbsd-arm64 set size:undefined disposed:false
2874 silly fetch manifest @esbuild/netbsd-x64@0.27.4
2875 silly packumentCache full:https://registry.npmjs.org/@esbuild%2fnetbsd-x64 cache-miss
2876 http fetch GET 200 https://registry.npmjs.org/@esbuild%2fnetbsd-x64 40ms (cache miss)
2877 silly packumentCache full:https://registry.npmjs.org/@esbuild%2fnetbsd-x64 set size:undefined disposed:false
2878 silly fetch manifest @esbuild/openbsd-arm64@0.27.4
2879 silly packumentCache full:https://registry.npmjs.org/@esbuild%2fopenbsd-arm64 cache-miss
2880 http fetch GET 200 https://registry.npmjs.org/@esbuild%2fopenbsd-arm64 48ms (cache miss)
2881 silly packumentCache full:https://registry.npmjs.org/@esbuild%2fopenbsd-arm64 set size:undefined disposed:false
2882 silly fetch manifest @esbuild/openbsd-x64@0.27.4
2883 silly packumentCache full:https://registry.npmjs.org/@esbuild%2fopenbsd-x64 cache-miss
2884 http fetch GET 200 https://registry.npmjs.org/@esbuild%2fopenbsd-x64 39ms (cache miss)
2885 silly packumentCache full:https://registry.npmjs.org/@esbuild%2fopenbsd-x64 set size:undefined disposed:false
2886 silly fetch manifest @esbuild/openharmony-arm64@0.27.4
2887 silly packumentCache full:https://registry.npmjs.org/@esbuild%2fopenharmony-arm64 cache-miss
2888 http fetch GET 200 https://registry.npmjs.org/@esbuild%2fopenharmony-arm64 44ms (cache miss)
2889 silly packumentCache full:https://registry.npmjs.org/@esbuild%2fopenharmony-arm64 set size:undefined disposed:false
2890 silly fetch manifest @esbuild/sunos-x64@0.27.4
2891 silly packumentCache full:https://registry.npmjs.org/@esbuild%2fsunos-x64 cache-miss
2892 http fetch GET 200 https://registry.npmjs.org/@esbuild%2fsunos-x64 56ms (cache miss)
2893 silly packumentCache full:https://registry.npmjs.org/@esbuild%2fsunos-x64 set size:undefined disposed:false
2894 silly fetch manifest @esbuild/win32-arm64@0.27.4
2895 silly packumentCache full:https://registry.npmjs.org/@esbuild%2fwin32-arm64 cache-miss
2896 http fetch GET 200 https://registry.npmjs.org/@esbuild%2fwin32-arm64 57ms (cache miss)
2897 silly packumentCache full:https://registry.npmjs.org/@esbuild%2fwin32-arm64 set size:undefined disposed:false
2898 silly fetch manifest @esbuild/win32-ia32@0.27.4
2899 silly packumentCache full:https://registry.npmjs.org/@esbuild%2fwin32-ia32 cache-miss
2900 http fetch GET 200 https://registry.npmjs.org/@esbuild%2fwin32-ia32 49ms (cache miss)
2901 silly packumentCache full:https://registry.npmjs.org/@esbuild%2fwin32-ia32 set size:undefined disposed:false
2902 silly fetch manifest @esbuild/win32-x64@0.27.4
2903 silly packumentCache full:https://registry.npmjs.org/@esbuild%2fwin32-x64 cache-miss
2904 http fetch GET 200 https://registry.npmjs.org/@esbuild%2fwin32-x64 54ms (cache miss)
2905 silly packumentCache full:https://registry.npmjs.org/@esbuild%2fwin32-x64 set size:undefined disposed:false
2906 silly fetch manifest resolve-pkg-maps@^1.0.0
2907 silly packumentCache full:https://registry.npmjs.org/resolve-pkg-maps cache-miss
2908 http fetch GET 200 https://registry.npmjs.org/resolve-pkg-maps 42ms (cache miss)
2909 silly packumentCache full:https://registry.npmjs.org/resolve-pkg-maps set size:undefined disposed:false
2910 silly placeDep node_modules/pmxtjs @esbuild/aix-ppc64@0.27.4 OK for: esbuild@0.27.4 want: 0.27.4
2911 silly placeDep node_modules/pmxtjs @esbuild/android-arm@0.27.4 OK for: esbuild@0.27.4 want: 0.27.4
2912 silly placeDep node_modules/pmxtjs @esbuild/android-arm64@0.27.4 OK for: esbuild@0.27.4 want: 0.27.4
2913 silly placeDep node_modules/pmxtjs @esbuild/android-x64@0.27.4 OK for: esbuild@0.27.4 want: 0.27.4
2914 silly placeDep node_modules/pmxtjs @esbuild/darwin-arm64@0.27.4 OK for: esbuild@0.27.4 want: 0.27.4
2915 silly placeDep node_modules/pmxtjs @esbuild/darwin-x64@0.27.4 OK for: esbuild@0.27.4 want: 0.27.4
2916 silly placeDep node_modules/pmxtjs @esbuild/freebsd-arm64@0.27.4 OK for: esbuild@0.27.4 want: 0.27.4
2917 silly placeDep node_modules/pmxtjs @esbuild/freebsd-x64@0.27.4 OK for: esbuild@0.27.4 want: 0.27.4
2918 silly placeDep node_modules/pmxtjs @esbuild/linux-arm@0.27.4 OK for: esbuild@0.27.4 want: 0.27.4
2919 silly placeDep node_modules/pmxtjs @esbuild/linux-arm64@0.27.4 OK for: esbuild@0.27.4 want: 0.27.4
2920 silly placeDep node_modules/pmxtjs @esbuild/linux-ia32@0.27.4 OK for: esbuild@0.27.4 want: 0.27.4
2921 silly placeDep node_modules/pmxtjs @esbuild/linux-loong64@0.27.4 OK for: esbuild@0.27.4 want: 0.27.4
2922 silly placeDep node_modules/pmxtjs @esbuild/linux-mips64el@0.27.4 OK for: esbuild@0.27.4 want: 0.27.4
2923 silly placeDep node_modules/pmxtjs @esbuild/linux-ppc64@0.27.4 OK for: esbuild@0.27.4 want: 0.27.4
2924 silly placeDep node_modules/pmxtjs @esbuild/linux-riscv64@0.27.4 OK for: esbuild@0.27.4 want: 0.27.4
2925 silly placeDep node_modules/pmxtjs @esbuild/linux-s390x@0.27.4 OK for: esbuild@0.27.4 want: 0.27.4
2926 silly placeDep node_modules/pmxtjs @esbuild/linux-x64@0.27.4 OK for: esbuild@0.27.4 want: 0.27.4
2927 silly placeDep node_modules/pmxtjs @esbuild/netbsd-arm64@0.27.4 OK for: esbuild@0.27.4 want: 0.27.4
2928 silly placeDep node_modules/pmxtjs @esbuild/netbsd-x64@0.27.4 OK for: esbuild@0.27.4 want: 0.27.4
2929 silly placeDep node_modules/pmxtjs @esbuild/openbsd-arm64@0.27.4 OK for: esbuild@0.27.4 want: 0.27.4
2930 silly placeDep node_modules/pmxtjs @esbuild/openbsd-x64@0.27.4 OK for: esbuild@0.27.4 want: 0.27.4
2931 silly placeDep node_modules/pmxtjs @esbuild/openharmony-arm64@0.27.4 OK for: esbuild@0.27.4 want: 0.27.4
2932 silly placeDep node_modules/pmxtjs @esbuild/sunos-x64@0.27.4 OK for: esbuild@0.27.4 want: 0.27.4
2933 silly placeDep node_modules/pmxtjs @esbuild/win32-arm64@0.27.4 OK for: esbuild@0.27.4 want: 0.27.4
2934 silly placeDep node_modules/pmxtjs @esbuild/win32-ia32@0.27.4 OK for: esbuild@0.27.4 want: 0.27.4
2935 silly placeDep node_modules/pmxtjs @esbuild/win32-x64@0.27.4 OK for: esbuild@0.27.4 want: 0.27.4
2936 silly placeDep node_modules/pmxtjs resolve-pkg-maps@1.0.0 OK for: get-tsconfig@4.13.7 want: ^1.0.0
2937 silly placeDep node_modules/pmxtjs media-typer@1.1.0 OK for: type-is@2.0.1 want: ^1.1.0
2938 silly placeDep node_modules/pmxtjs @unrs/resolver-binding-android-arm-eabi@1.11.1 OK for: unrs-resolver@1.11.1 want: 1.11.1
2939 silly placeDep node_modules/pmxtjs @unrs/resolver-binding-android-arm64@1.11.1 OK for: unrs-resolver@1.11.1 want: 1.11.1
2940 silly placeDep node_modules/pmxtjs @unrs/resolver-binding-darwin-arm64@1.11.1 OK for: unrs-resolver@1.11.1 want: 1.11.1
2941 silly placeDep node_modules/pmxtjs @unrs/resolver-binding-darwin-x64@1.11.1 OK for: unrs-resolver@1.11.1 want: 1.11.1
2942 silly placeDep node_modules/pmxtjs @unrs/resolver-binding-freebsd-x64@1.11.1 OK for: unrs-resolver@1.11.1 want: 1.11.1
2943 silly placeDep node_modules/pmxtjs @unrs/resolver-binding-linux-arm-gnueabihf@1.11.1 OK for: unrs-resolver@1.11.1 want: 1.11.1
2944 silly placeDep node_modules/pmxtjs @unrs/resolver-binding-linux-arm-musleabihf@1.11.1 OK for: unrs-resolver@1.11.1 want: 1.11.1
2945 silly placeDep node_modules/pmxtjs @unrs/resolver-binding-linux-arm64-gnu@1.11.1 OK for: unrs-resolver@1.11.1 want: 1.11.1
2946 silly placeDep node_modules/pmxtjs @unrs/resolver-binding-linux-arm64-musl@1.11.1 OK for: unrs-resolver@1.11.1 want: 1.11.1
2947 silly placeDep node_modules/pmxtjs @unrs/resolver-binding-linux-ppc64-gnu@1.11.1 OK for: unrs-resolver@1.11.1 want: 1.11.1
2948 silly placeDep node_modules/pmxtjs @unrs/resolver-binding-linux-riscv64-gnu@1.11.1 OK for: unrs-resolver@1.11.1 want: 1.11.1
2949 silly placeDep node_modules/pmxtjs @unrs/resolver-binding-linux-riscv64-musl@1.11.1 OK for: unrs-resolver@1.11.1 want: 1.11.1
2950 silly placeDep node_modules/pmxtjs @unrs/resolver-binding-linux-s390x-gnu@1.11.1 OK for: unrs-resolver@1.11.1 want: 1.11.1
2951 silly placeDep node_modules/pmxtjs @unrs/resolver-binding-linux-x64-gnu@1.11.1 OK for: unrs-resolver@1.11.1 want: 1.11.1
2952 silly placeDep node_modules/pmxtjs @unrs/resolver-binding-linux-x64-musl@1.11.1 OK for: unrs-resolver@1.11.1 want: 1.11.1
2953 silly placeDep node_modules/pmxtjs @unrs/resolver-binding-wasm32-wasi@1.11.1 OK for: unrs-resolver@1.11.1 want: 1.11.1
2954 silly placeDep node_modules/pmxtjs @unrs/resolver-binding-win32-arm64-msvc@1.11.1 OK for: unrs-resolver@1.11.1 want: 1.11.1
2955 silly placeDep node_modules/pmxtjs @unrs/resolver-binding-win32-ia32-msvc@1.11.1 OK for: unrs-resolver@1.11.1 want: 1.11.1
2956 silly placeDep node_modules/pmxtjs @unrs/resolver-binding-win32-x64-msvc@1.11.1 OK for: unrs-resolver@1.11.1 want: 1.11.1
2957 silly placeDep node_modules/pmxtjs napi-postinstall@0.3.4 OK for: unrs-resolver@1.11.1 want: ^0.3.0
2958 silly fetch manifest @napi-rs/wasm-runtime@^0.2.11
2959 silly packumentCache full:https://registry.npmjs.org/@napi-rs%2fwasm-runtime cache-miss
2960 http fetch GET 200 https://registry.npmjs.org/@napi-rs%2fwasm-runtime 45ms (cache miss)
2961 silly packumentCache full:https://registry.npmjs.org/@napi-rs%2fwasm-runtime set size:undefined disposed:false
2962 silly placeDep node_modules/pmxtjs @napi-rs/wasm-runtime@0.2.12 OK for: @unrs/resolver-binding-wasm32-wasi@1.11.1 want: ^0.2.11
2963 silly fetch manifest @emnapi/core@^1.4.3
2964 silly packumentCache full:https://registry.npmjs.org/@emnapi%2fcore cache-miss
2965 http fetch GET 200 https://registry.npmjs.org/@emnapi%2fcore 44ms (cache miss)
2966 silly packumentCache full:https://registry.npmjs.org/@emnapi%2fcore set size:undefined disposed:false
2967 silly fetch manifest @emnapi/runtime@^1.4.3
2968 silly packumentCache full:https://registry.npmjs.org/@emnapi%2fruntime cache-miss
2969 http fetch GET 200 https://registry.npmjs.org/@emnapi%2fruntime 44ms (cache miss)
2970 silly packumentCache full:https://registry.npmjs.org/@emnapi%2fruntime set size:undefined disposed:false
2971 silly fetch manifest @tybys/wasm-util@^0.10.0
2972 silly packumentCache full:https://registry.npmjs.org/@tybys%2fwasm-util cache-miss
2973 http fetch GET 200 https://registry.npmjs.org/@tybys%2fwasm-util 40ms (cache miss)
2974 silly packumentCache full:https://registry.npmjs.org/@tybys%2fwasm-util set size:undefined disposed:false
2975 silly placeDep node_modules/pmxtjs @emnapi/core@1.9.1 OK for: @napi-rs/wasm-runtime@0.2.12 want: ^1.4.3
2976 silly placeDep node_modules/pmxtjs @emnapi/runtime@1.9.1 OK for: @napi-rs/wasm-runtime@0.2.12 want: ^1.4.3
2977 silly placeDep node_modules/pmxtjs @tybys/wasm-util@0.10.1 OK for: @napi-rs/wasm-runtime@0.2.12 want: ^0.10.0
2978 silly fetch manifest @emnapi/wasi-threads@1.2.0
2979 silly packumentCache full:https://registry.npmjs.org/@emnapi%2fwasi-threads cache-miss
2980 http fetch GET 200 https://registry.npmjs.org/@emnapi%2fwasi-threads 42ms (cache miss)
2981 silly packumentCache full:https://registry.npmjs.org/@emnapi%2fwasi-threads set size:undefined disposed:false
2982 silly placeDep node_modules/pmxtjs @emnapi/wasi-threads@1.2.0 OK for: @emnapi/core@1.9.1 want: 1.2.0
2983 silly placeDep node_modules/pmxtjs escalade@3.2.0 OK for: update-browserslist-db@1.2.3 want: ^3.2.0
2984 silly fetch manifest zod@^3.22.0 || ^4.0.0
2985 silly packumentCache full:https://registry.npmjs.org/zod cache-miss
2986 http fetch GET 200 https://registry.npmjs.org/zod 236ms (cache miss)
2987 silly packumentCache full:https://registry.npmjs.org/zod set size:undefined disposed:false
2988 silly placeDep node_modules/pmxtjs/node_modules/viem @noble/curves@1.9.1 OK for: viem@2.47.6 want: 1.9.1
2989 silly placeDep node_modules/pmxtjs @scure/bip32@1.7.0 OK for: viem@2.47.6 want: 1.7.0
2990 silly placeDep node_modules/pmxtjs @scure/bip39@1.6.0 OK for: viem@2.47.6 want: 1.6.0
2991 silly placeDep node_modules/pmxtjs abitype@1.2.3 OK for: viem@2.47.6 want: 1.2.3
2992 silly placeDep node_modules/pmxtjs ox@0.14.7 OK for: viem@2.47.6 want: 0.14.7
2993 silly placeDep node_modules/pmxtjs/node_modules/viem ws@8.18.3 OK for: viem@2.47.6 want: 8.18.3
2994 silly fetch manifest @scure/base@~1.2.5
2995 silly packumentCache full:https://registry.npmjs.org/@scure%2fbase cache-miss
2996 http fetch GET 200 https://registry.npmjs.org/@scure%2fbase 119ms (cache miss)
2997 silly packumentCache full:https://registry.npmjs.org/@scure%2fbase set size:undefined disposed:false
2998 silly fetch manifest eventemitter3@5.0.1
2999 silly packumentCache full:https://registry.npmjs.org/eventemitter3 cache-miss
3000 http fetch GET 200 https://registry.npmjs.org/eventemitter3 13ms (cache hit)
3001 silly packumentCache full:https://registry.npmjs.org/eventemitter3 set size:92292 disposed:false
3002 silly fetch manifest @noble/ciphers@^1.3.0
3003 silly packumentCache full:https://registry.npmjs.org/@noble%2fciphers cache-miss
3004 http fetch GET 200 https://registry.npmjs.org/@noble%2fciphers 47ms (cache miss)
3005 silly packumentCache full:https://registry.npmjs.org/@noble%2fciphers set size:undefined disposed:false
3006 silly fetch manifest @adraffy/ens-normalize@^1.11.0
3007 silly packumentCache full:https://registry.npmjs.org/@adraffy%2fens-normalize cache-miss
3008 http fetch GET 200 https://registry.npmjs.org/@adraffy%2fens-normalize 4ms (cache hit)
3009 silly packumentCache full:https://registry.npmjs.org/@adraffy%2fens-normalize set size:148524 disposed:false
3010 silly placeDep node_modules/pmxtjs @scure/base@1.2.6 OK for: @scure/bip32@1.7.0 want: ~1.2.5
3011 silly placeDep node_modules/pmxtjs @adraffy/ens-normalize@1.11.1 OK for: ox@0.14.7 want: ^1.11.0
3012 silly placeDep node_modules/pmxtjs @noble/ciphers@1.3.0 OK for: ox@0.14.7 want: ^1.3.0
3013 silly placeDep node_modules/pmxtjs/node_modules/ox @noble/curves@1.9.1 OK for: ox@0.14.7 want: 1.9.1
3014 silly placeDep node_modules/pmxtjs/node_modules/ox eventemitter3@5.0.1 OK for: ox@0.14.7 want: 5.0.1
3015 silly placeDep node_modules/pmxtjs makeerror@1.0.12 OK for: walker@1.0.8 want: 1.0.12
3016 silly fetch manifest tmpl@1.0.5
3017 silly packumentCache full:https://registry.npmjs.org/tmpl cache-miss
3018 http fetch GET 200 https://registry.npmjs.org/tmpl 28ms (cache miss)
3019 silly packumentCache full:https://registry.npmjs.org/tmpl set size:undefined disposed:false
3020 silly placeDep node_modules/pmxtjs tmpl@1.0.5 OK for: makeerror@1.0.12 want: 1.0.5
3021 silly placeDep node_modules/pmxtjs tr46@0.0.3 OK for: whatwg-url@5.0.0 want: ~0.0.3
3022 silly placeDep node_modules/pmxtjs webidl-conversions@3.0.1 OK for: whatwg-url@5.0.0 want: ^3.0.0
3023 silly placeDep node_modules/pmxtjs isexe@2.0.0 OK for: which@2.0.2 want: ^2.0.0
3024 silly placeDep node_modules/pmxtjs/node_modules/wrap-ansi ansi-styles@6.2.3 OK for: wrap-ansi@8.1.0 want: ^6.1.0
3025 silly placeDep node_modules/pmxtjs/node_modules/wrap-ansi-cjs ansi-styles@4.3.0 OK for: wrap-ansi@7.0.0 want: ^4.0.0
3026 silly placeDep node_modules/pmxtjs/node_modules/wrap-ansi-cjs string-width@4.2.3 OK for: wrap-ansi@7.0.0 want: ^4.1.0
3027 silly placeDep node_modules/pmxtjs/node_modules/wrap-ansi-cjs strip-ansi@6.0.1 OK for: wrap-ansi@7.0.0 want: ^6.0.0
3028 silly fetch manifest color-convert@^2.0.1
3029 silly packumentCache full:https://registry.npmjs.org/color-convert cache-miss
3030 http fetch GET 200 https://registry.npmjs.org/color-convert 34ms (cache miss)
3031 silly packumentCache full:https://registry.npmjs.org/color-convert set size:undefined disposed:false
3032 silly placeDep node_modules/pmxtjs imurmurhash@0.1.4 OK for: write-file-atomic@5.0.1 want: ^0.1.4
3033 silly placeDep node_modules/pmxtjs cliui@8.0.1 OK for: yargs@17.7.2 want: ^8.0.1
3034 silly placeDep node_modules/pmxtjs get-caller-file@2.0.5 OK for: yargs@17.7.2 want: ^2.0.5
3035 silly placeDep node_modules/pmxtjs require-directory@2.1.1 OK for: yargs@17.7.2 want: ^2.1.1
3036 silly placeDep node_modules/pmxtjs/node_modules/yargs string-width@4.2.3 OK for: yargs@17.7.2 want: ^4.2.3
3037 silly placeDep node_modules/pmxtjs y18n@5.0.8 OK for: yargs@17.7.2 want: ^5.0.5
3038 silly placeDep node_modules/pmxtjs yargs-parser@21.1.1 OK for: yargs@17.7.2 want: ^21.1.1
3039 silly fetch manifest wrap-ansi@^7.0.0
3040 silly packumentCache full:https://registry.npmjs.org/wrap-ansi cache-hit
3041 silly fetch manifest string-width@^4.2.0
3042 silly packumentCache full:https://registry.npmjs.org/string-width cache-hit
3043 silly placeDep node_modules/pmxtjs/node_modules/cliui string-width@4.2.3 OK for: cliui@8.0.1 want: ^4.2.0
3044 silly placeDep node_modules/pmxtjs/node_modules/cliui strip-ansi@6.0.1 OK for: cliui@8.0.1 want: ^6.0.1
3045 silly placeDep node_modules/pmxtjs/node_modules/cliui wrap-ansi@7.0.0 OK for: cliui@8.0.1 want: ^7.0.0
3046 silly placeDep node_modules/pmxtjs/node_modules/@jest/console ansi-styles@4.3.0 OK for: chalk@4.1.2 want: ^4.1.0
3047 silly placeDep node_modules/pmxtjs color-convert@2.0.1 OK for: ansi-styles@4.3.0 want: ^2.0.1
3048 silly fetch manifest color-name@~1.1.4
3049 silly packumentCache full:https://registry.npmjs.org/color-name cache-miss
3050 http fetch GET 200 https://registry.npmjs.org/color-name 36ms (cache miss)
3051 silly packumentCache full:https://registry.npmjs.org/color-name set size:undefined disposed:false
3052 silly placeDep node_modules/pmxtjs color-name@1.1.4 OK for: color-convert@2.0.1 want: ~1.1.4
3053 silly placeDep node_modules/pmxtjs/node_modules/@jest/core ansi-styles@4.3.0 OK for: chalk@4.1.2 want: ^4.1.0
3054 silly placeDep node_modules/pmxtjs/node_modules/@jest/reporters ansi-styles@4.3.0 OK for: chalk@4.1.2 want: ^4.1.0
3055 silly placeDep node_modules/pmxtjs/node_modules/@jest/snapshot-utils ansi-styles@4.3.0 OK for: chalk@4.1.2 want: ^4.1.0
3056 silly placeDep node_modules/pmxtjs/node_modules/@jest/transform ansi-styles@4.3.0 OK for: chalk@4.1.2 want: ^4.1.0
3057 silly placeDep node_modules/pmxtjs/node_modules/@jest/types ansi-styles@4.3.0 OK for: chalk@4.1.2 want: ^4.1.0
3058 silly placeDep node_modules/pmxtjs/node_modules/@limitless-exchange/sdk @adraffy/ens-normalize@1.10.1 OK for: ethers@6.16.0 want: 1.10.1
3059 silly placeDep node_modules/pmxtjs/node_modules/@limitless-exchange/sdk @noble/curves@1.2.0 OK for: ethers@6.16.0 want: 1.2.0
3060 silly placeDep node_modules/pmxtjs/node_modules/@limitless-exchange/sdk @noble/hashes@1.3.2 OK for: ethers@6.16.0 want: 1.3.2
3061 silly placeDep node_modules/pmxtjs/node_modules/@limitless-exchange/sdk @types/node@22.7.5 OK for: ethers@6.16.0 want: 22.7.5
3062 silly placeDep node_modules/pmxtjs/node_modules/@limitless-exchange/sdk aes-js@4.0.0-beta.5 OK for: ethers@6.16.0 want: 4.0.0-beta.5
3063 silly placeDep node_modules/pmxtjs/node_modules/@limitless-exchange/sdk tslib@2.7.0 OK for: ethers@6.16.0 want: 2.7.0
3064 silly placeDep node_modules/pmxtjs/node_modules/@limitless-exchange/sdk ws@8.17.1 OK for: ethers@6.16.0 want: 8.17.1
3065 silly fetch manifest undici-types@~6.19.2
3066 silly packumentCache full:https://registry.npmjs.org/undici-types cache-miss
3067 http fetch GET 200 https://registry.npmjs.org/undici-types 9ms (cache hit)
3068 silly packumentCache full:https://registry.npmjs.org/undici-types set size:192102 disposed:false
3069 silly placeDep node_modules/pmxtjs/node_modules/@limitless-exchange/sdk undici-types@6.19.8 OK for: @types/node@22.7.5 want: ~6.19.2
3070 silly placeDep node_modules/pmxtjs/node_modules/@solana/web3.js base-x@3.0.11 OK for: bs58@4.0.1 want: ^3.0.2
3071 silly fetch manifest safe-buffer@^5.0.1
3072 silly packumentCache full:https://registry.npmjs.org/safe-buffer cache-miss
3073 http fetch GET 200 https://registry.npmjs.org/safe-buffer 31ms (cache miss)
3074 silly packumentCache full:https://registry.npmjs.org/safe-buffer set size:undefined disposed:false
3075 silly placeDep node_modules/pmxtjs safe-buffer@5.2.1 OK for: base-x@3.0.11 want: ^5.0.1
3076 silly placeDep node_modules/pmxtjs/node_modules/babel-jest ansi-styles@4.3.0 OK for: chalk@4.1.2 want: ^4.1.0
3077 silly placeDep node_modules/pmxtjs/node_modules/borsh base-x@3.0.11 OK for: bs58@4.0.1 want: ^3.0.2
3078 silly placeDep node_modules/pmxtjs/node_modules/cliui emoji-regex@8.0.0 OK for: string-width@4.2.3 want: ^8.0.0
3079 silly placeDep node_modules/pmxtjs/node_modules/cliui ansi-regex@5.0.1 OK for: strip-ansi@6.0.1 want: ^5.0.1
3080 silly placeDep node_modules/pmxtjs/node_modules/cliui ansi-styles@4.3.0 OK for: wrap-ansi@7.0.0 want: ^4.0.0
3081 silly placeDep node_modules/pmxtjs/node_modules/form-data mime-db@1.52.0 OK for: mime-types@2.1.35 want: 1.52.0
3082 silly placeDep node_modules/pmxtjs/node_modules/jayson utf-8-validate@5.0.10 OK for: ws@7.5.10 want: ^5.0.2
3083 silly placeDep node_modules/pmxtjs/node_modules/jest-circus ansi-styles@4.3.0 OK for: chalk@4.1.2 want: ^4.1.0
3084 silly placeDep node_modules/pmxtjs/node_modules/jest-cli ansi-styles@4.3.0 OK for: chalk@4.1.2 want: ^4.1.0
3085 silly placeDep node_modules/pmxtjs/node_modules/jest-config ansi-styles@4.3.0 OK for: chalk@4.1.2 want: ^4.1.0
3086 silly placeDep node_modules/pmxtjs/node_modules/jest-diff ansi-styles@4.3.0 OK for: chalk@4.1.2 want: ^4.1.0
3087 silly placeDep node_modules/pmxtjs/node_modules/jest-each ansi-styles@4.3.0 OK for: chalk@4.1.2 want: ^4.1.0
3088 silly placeDep node_modules/pmxtjs/node_modules/jest-matcher-utils ansi-styles@4.3.0 OK for: chalk@4.1.2 want: ^4.1.0
3089 silly placeDep node_modules/pmxtjs/node_modules/jest-message-util ansi-styles@4.3.0 OK for: chalk@4.1.2 want: ^4.1.0
3090 silly placeDep node_modules/pmxtjs/node_modules/jest-resolve ansi-styles@4.3.0 OK for: chalk@4.1.2 want: ^4.1.0
3091 silly placeDep node_modules/pmxtjs/node_modules/jest-runner ansi-styles@4.3.0 OK for: chalk@4.1.2 want: ^4.1.0
3092 silly placeDep node_modules/pmxtjs/node_modules/jest-runtime ansi-styles@4.3.0 OK for: chalk@4.1.2 want: ^4.1.0
3093 silly placeDep node_modules/pmxtjs/node_modules/jest-snapshot ansi-styles@4.3.0 OK for: chalk@4.1.2 want: ^4.1.0
3094 silly placeDep node_modules/pmxtjs/node_modules/jest-util ansi-styles@4.3.0 OK for: chalk@4.1.2 want: ^4.1.0
3095 silly placeDep node_modules/pmxtjs/node_modules/jest-validate ansi-styles@4.3.0 OK for: chalk@4.1.2 want: ^4.1.0
3096 silly placeDep node_modules/pmxtjs/node_modules/jest-watcher ansi-styles@4.3.0 OK for: chalk@4.1.2 want: ^4.1.0
3097 silly placeDep node_modules/pmxtjs p-try@2.2.0 OK for: p-limit@2.3.0 want: ^2.0.0
3098 silly placeDep node_modules/pmxtjs/node_modules/string-length ansi-regex@5.0.1 OK for: strip-ansi@6.0.1 want: ^5.0.1
3099 silly placeDep node_modules/pmxtjs/node_modules/string-width-cjs ansi-regex@5.0.1 OK for: strip-ansi@6.0.1 want: ^5.0.1
3100 silly placeDep node_modules/pmxtjs fs.realpath@1.0.0 OK for: glob@7.2.3 want: ^1.0.0
3101 silly placeDep node_modules/pmxtjs inflight@1.0.6 OK for: glob@7.2.3 want: ^1.0.4
3102 silly placeDep node_modules/pmxtjs path-is-absolute@1.0.1 OK for: glob@7.2.3 want: ^1.0.0
3103 silly placeDep node_modules/pmxtjs/node_modules/test-exclude brace-expansion@1.1.13 OK for: minimatch@3.1.5 want: ^1.1.7
3104 silly fetch manifest concat-map@0.0.1
3105 silly packumentCache full:https://registry.npmjs.org/concat-map cache-miss
3106 http fetch GET 200 https://registry.npmjs.org/concat-map 168ms (cache miss)
3107 silly packumentCache full:https://registry.npmjs.org/concat-map set size:undefined disposed:false
3108 silly placeDep node_modules/pmxtjs concat-map@0.0.1 OK for: brace-expansion@1.1.13 want: 0.0.1
3109 silly placeDep node_modules/pmxtjs/node_modules/wrap-ansi-cjs emoji-regex@8.0.0 OK for: string-width@4.2.3 want: ^8.0.0
3110 silly placeDep node_modules/pmxtjs/node_modules/wrap-ansi-cjs ansi-regex@5.0.1 OK for: strip-ansi@6.0.1 want: ^5.0.1
3111 silly placeDep node_modules/pmxtjs/node_modules/yargs emoji-regex@8.0.0 OK for: string-width@4.2.3 want: ^8.0.0
3112 silly placeDep node_modules/pmxtjs/node_modules/yargs strip-ansi@6.0.1 OK for: string-width@4.2.3 want: ^6.0.1
3113 silly placeDep node_modules/pmxtjs/node_modules/yargs ansi-regex@5.0.1 OK for: strip-ansi@6.0.1 want: ^5.0.1
3114 silly reify moves {}
3115 verbose reify failed optional dependency /usr/lib/node_modules/pmxtjs/node_modules/@unrs/resolver-binding-win32-x64-msvc
3116 silly reify mark deleted [
3116 silly reify   '/usr/lib/node_modules/pmxtjs/node_modules/@unrs/resolver-binding-win32-x64-msvc'
3116 silly reify ]
3117 verbose reify failed optional dependency /usr/lib/node_modules/pmxtjs/node_modules/@unrs/resolver-binding-win32-ia32-msvc
3118 silly reify mark deleted [
3118 silly reify   '/usr/lib/node_modules/pmxtjs/node_modules/@unrs/resolver-binding-win32-ia32-msvc'
3118 silly reify ]
3119 verbose reify failed optional dependency /usr/lib/node_modules/pmxtjs/node_modules/@unrs/resolver-binding-win32-arm64-msvc
3120 silly reify mark deleted [
3120 silly reify   '/usr/lib/node_modules/pmxtjs/node_modules/@unrs/resolver-binding-win32-arm64-msvc'
3120 silly reify ]
3121 verbose reify failed optional dependency /usr/lib/node_modules/pmxtjs/node_modules/@unrs/resolver-binding-wasm32-wasi
3122 silly reify mark deleted [
3122 silly reify   '/usr/lib/node_modules/pmxtjs/node_modules/@unrs/resolver-binding-wasm32-wasi'
3122 silly reify ]
3123 verbose reify failed optional dependency /usr/lib/node_modules/pmxtjs/node_modules/@napi-rs/wasm-runtime
3124 silly reify mark deleted [ '/usr/lib/node_modules/pmxtjs/node_modules/@napi-rs/wasm-runtime' ]
3125 verbose reify failed optional dependency /usr/lib/node_modules/pmxtjs/node_modules/@emnapi/core
3126 silly reify mark deleted [ '/usr/lib/node_modules/pmxtjs/node_modules/@emnapi/core' ]
3127 verbose reify failed optional dependency /usr/lib/node_modules/pmxtjs/node_modules/@emnapi/runtime
3128 silly reify mark deleted [ '/usr/lib/node_modules/pmxtjs/node_modules/@emnapi/runtime' ]
3129 verbose reify failed optional dependency /usr/lib/node_modules/pmxtjs/node_modules/@tybys/wasm-util
3130 silly reify mark deleted [ '/usr/lib/node_modules/pmxtjs/node_modules/@tybys/wasm-util' ]
3131 verbose reify failed optional dependency /usr/lib/node_modules/pmxtjs/node_modules/@emnapi/wasi-threads
3132 silly reify mark deleted [ '/usr/lib/node_modules/pmxtjs/node_modules/@emnapi/wasi-threads' ]
3133 verbose reify failed optional dependency /usr/lib/node_modules/pmxtjs/node_modules/@unrs/resolver-binding-linux-x64-musl
3134 silly reify mark deleted [
3134 silly reify   '/usr/lib/node_modules/pmxtjs/node_modules/@unrs/resolver-binding-linux-x64-musl'
3134 silly reify ]
3135 verbose reify failed optional dependency /usr/lib/node_modules/pmxtjs/node_modules/@unrs/resolver-binding-linux-s390x-gnu
3136 silly reify mark deleted [
3136 silly reify   '/usr/lib/node_modules/pmxtjs/node_modules/@unrs/resolver-binding-linux-s390x-gnu'
3136 silly reify ]
3137 verbose reify failed optional dependency /usr/lib/node_modules/pmxtjs/node_modules/@unrs/resolver-binding-linux-riscv64-musl
3138 silly reify mark deleted [
3138 silly reify   '/usr/lib/node_modules/pmxtjs/node_modules/@unrs/resolver-binding-linux-riscv64-musl'
3138 silly reify ]
3139 verbose reify failed optional dependency /usr/lib/node_modules/pmxtjs/node_modules/@unrs/resolver-binding-linux-riscv64-gnu
3140 silly reify mark deleted [
3140 silly reify   '/usr/lib/node_modules/pmxtjs/node_modules/@unrs/resolver-binding-linux-riscv64-gnu'
3140 silly reify ]
3141 verbose reify failed optional dependency /usr/lib/node_modules/pmxtjs/node_modules/@unrs/resolver-binding-linux-ppc64-gnu
3142 silly reify mark deleted [
3142 silly reify   '/usr/lib/node_modules/pmxtjs/node_modules/@unrs/resolver-binding-linux-ppc64-gnu'
3142 silly reify ]
3143 verbose reify failed optional dependency /usr/lib/node_modules/pmxtjs/node_modules/@unrs/resolver-binding-linux-arm64-musl
3144 silly reify mark deleted [
3144 silly reify   '/usr/lib/node_modules/pmxtjs/node_modules/@unrs/resolver-binding-linux-arm64-musl'
3144 silly reify ]
3145 verbose reify failed optional dependency /usr/lib/node_modules/pmxtjs/node_modules/@unrs/resolver-binding-linux-arm64-gnu
3146 silly reify mark deleted [
3146 silly reify   '/usr/lib/node_modules/pmxtjs/node_modules/@unrs/resolver-binding-linux-arm64-gnu'
3146 silly reify ]
3147 verbose reify failed optional dependency /usr/lib/node_modules/pmxtjs/node_modules/@unrs/resolver-binding-linux-arm-musleabihf
3148 silly reify mark deleted [
3148 silly reify   '/usr/lib/node_modules/pmxtjs/node_modules/@unrs/resolver-binding-linux-arm-musleabihf'
3148 silly reify ]
3149 verbose reify failed optional dependency /usr/lib/node_modules/pmxtjs/node_modules/@unrs/resolver-binding-linux-arm-gnueabihf
3150 silly reify mark deleted [
3150 silly reify   '/usr/lib/node_modules/pmxtjs/node_modules/@unrs/resolver-binding-linux-arm-gnueabihf'
3150 silly reify ]
3151 verbose reify failed optional dependency /usr/lib/node_modules/pmxtjs/node_modules/@unrs/resolver-binding-freebsd-x64
3152 silly reify mark deleted [
3152 silly reify   '/usr/lib/node_modules/pmxtjs/node_modules/@unrs/resolver-binding-freebsd-x64'
3152 silly reify ]
3153 verbose reify failed optional dependency /usr/lib/node_modules/pmxtjs/node_modules/@unrs/resolver-binding-darwin-x64
3154 silly reify mark deleted [
3154 silly reify   '/usr/lib/node_modules/pmxtjs/node_modules/@unrs/resolver-binding-darwin-x64'
3154 silly reify ]
3155 verbose reify failed optional dependency /usr/lib/node_modules/pmxtjs/node_modules/@unrs/resolver-binding-darwin-arm64
3156 silly reify mark deleted [
3156 silly reify   '/usr/lib/node_modules/pmxtjs/node_modules/@unrs/resolver-binding-darwin-arm64'
3156 silly reify ]
3157 verbose reify failed optional dependency /usr/lib/node_modules/pmxtjs/node_modules/@unrs/resolver-binding-android-arm64
3158 silly reify mark deleted [
3158 silly reify   '/usr/lib/node_modules/pmxtjs/node_modules/@unrs/resolver-binding-android-arm64'
3158 silly reify ]
3159 verbose reify failed optional dependency /usr/lib/node_modules/pmxtjs/node_modules/@unrs/resolver-binding-android-arm-eabi
3160 silly reify mark deleted [
3160 silly reify   '/usr/lib/node_modules/pmxtjs/node_modules/@unrs/resolver-binding-android-arm-eabi'
3160 silly reify ]
3161 verbose reify failed optional dependency /usr/lib/node_modules/pmxtjs/node_modules/@esbuild/win32-x64
3162 silly reify mark deleted [ '/usr/lib/node_modules/pmxtjs/node_modules/@esbuild/win32-x64' ]
3163 verbose reify failed optional dependency /usr/lib/node_modules/pmxtjs/node_modules/@esbuild/win32-ia32
3164 silly reify mark deleted [ '/usr/lib/node_modules/pmxtjs/node_modules/@esbuild/win32-ia32' ]
3165 verbose reify failed optional dependency /usr/lib/node_modules/pmxtjs/node_modules/@esbuild/win32-arm64
3166 silly reify mark deleted [ '/usr/lib/node_modules/pmxtjs/node_modules/@esbuild/win32-arm64' ]
3167 verbose reify failed optional dependency /usr/lib/node_modules/pmxtjs/node_modules/@esbuild/sunos-x64
3168 silly reify mark deleted [ '/usr/lib/node_modules/pmxtjs/node_modules/@esbuild/sunos-x64' ]
3169 verbose reify failed optional dependency /usr/lib/node_modules/pmxtjs/node_modules/@esbuild/openharmony-arm64
3170 silly reify mark deleted [
3170 silly reify   '/usr/lib/node_modules/pmxtjs/node_modules/@esbuild/openharmony-arm64'
3170 silly reify ]
3171 verbose reify failed optional dependency /usr/lib/node_modules/pmxtjs/node_modules/@esbuild/openbsd-x64
3172 silly reify mark deleted [ '/usr/lib/node_modules/pmxtjs/node_modules/@esbuild/openbsd-x64' ]
3173 verbose reify failed optional dependency /usr/lib/node_modules/pmxtjs/node_modules/@esbuild/openbsd-arm64
3174 silly reify mark deleted [ '/usr/lib/node_modules/pmxtjs/node_modules/@esbuild/openbsd-arm64' ]
3175 verbose reify failed optional dependency /usr/lib/node_modules/pmxtjs/node_modules/@esbuild/netbsd-x64
3176 silly reify mark deleted [ '/usr/lib/node_modules/pmxtjs/node_modules/@esbuild/netbsd-x64' ]
3177 verbose reify failed optional dependency /usr/lib/node_modules/pmxtjs/node_modules/@esbuild/netbsd-arm64
3178 silly reify mark deleted [ '/usr/lib/node_modules/pmxtjs/node_modules/@esbuild/netbsd-arm64' ]
3179 verbose reify failed optional dependency /usr/lib/node_modules/pmxtjs/node_modules/@esbuild/linux-s390x
3180 silly reify mark deleted [ '/usr/lib/node_modules/pmxtjs/node_modules/@esbuild/linux-s390x' ]
3181 verbose reify failed optional dependency /usr/lib/node_modules/pmxtjs/node_modules/@esbuild/linux-riscv64
3182 silly reify mark deleted [ '/usr/lib/node_modules/pmxtjs/node_modules/@esbuild/linux-riscv64' ]
3183 verbose reify failed optional dependency /usr/lib/node_modules/pmxtjs/node_modules/@esbuild/linux-ppc64
3184 silly reify mark deleted [ '/usr/lib/node_modules/pmxtjs/node_modules/@esbuild/linux-ppc64' ]
3185 verbose reify failed optional dependency /usr/lib/node_modules/pmxtjs/node_modules/@esbuild/linux-mips64el
3186 silly reify mark deleted [ '/usr/lib/node_modules/pmxtjs/node_modules/@esbuild/linux-mips64el' ]
3187 verbose reify failed optional dependency /usr/lib/node_modules/pmxtjs/node_modules/@esbuild/linux-loong64
3188 silly reify mark deleted [ '/usr/lib/node_modules/pmxtjs/node_modules/@esbuild/linux-loong64' ]
3189 verbose reify failed optional dependency /usr/lib/node_modules/pmxtjs/node_modules/@esbuild/linux-ia32
3190 silly reify mark deleted [ '/usr/lib/node_modules/pmxtjs/node_modules/@esbuild/linux-ia32' ]
3191 verbose reify failed optional dependency /usr/lib/node_modules/pmxtjs/node_modules/@esbuild/linux-arm64
3192 silly reify mark deleted [ '/usr/lib/node_modules/pmxtjs/node_modules/@esbuild/linux-arm64' ]
3193 verbose reify failed optional dependency /usr/lib/node_modules/pmxtjs/node_modules/@esbuild/linux-arm
3194 silly reify mark deleted [ '/usr/lib/node_modules/pmxtjs/node_modules/@esbuild/linux-arm' ]
3195 verbose reify failed optional dependency /usr/lib/node_modules/pmxtjs/node_modules/@esbuild/freebsd-x64
3196 silly reify mark deleted [ '/usr/lib/node_modules/pmxtjs/node_modules/@esbuild/freebsd-x64' ]
3197 verbose reify failed optional dependency /usr/lib/node_modules/pmxtjs/node_modules/@esbuild/freebsd-arm64
3198 silly reify mark deleted [ '/usr/lib/node_modules/pmxtjs/node_modules/@esbuild/freebsd-arm64' ]
3199 verbose reify failed optional dependency /usr/lib/node_modules/pmxtjs/node_modules/@esbuild/darwin-x64
3200 silly reify mark deleted [ '/usr/lib/node_modules/pmxtjs/node_modules/@esbuild/darwin-x64' ]
3201 verbose reify failed optional dependency /usr/lib/node_modules/pmxtjs/node_modules/@esbuild/darwin-arm64
3202 silly reify mark deleted [ '/usr/lib/node_modules/pmxtjs/node_modules/@esbuild/darwin-arm64' ]
3203 verbose reify failed optional dependency /usr/lib/node_modules/pmxtjs/node_modules/@esbuild/android-x64
3204 silly reify mark deleted [ '/usr/lib/node_modules/pmxtjs/node_modules/@esbuild/android-x64' ]
3205 verbose reify failed optional dependency /usr/lib/node_modules/pmxtjs/node_modules/@esbuild/android-arm64
3206 silly reify mark deleted [ '/usr/lib/node_modules/pmxtjs/node_modules/@esbuild/android-arm64' ]
3207 verbose reify failed optional dependency /usr/lib/node_modules/pmxtjs/node_modules/@esbuild/android-arm
3208 silly reify mark deleted [ '/usr/lib/node_modules/pmxtjs/node_modules/@esbuild/android-arm' ]
3209 verbose reify failed optional dependency /usr/lib/node_modules/pmxtjs/node_modules/@esbuild/aix-ppc64
3210 silly reify mark deleted [ '/usr/lib/node_modules/pmxtjs/node_modules/@esbuild/aix-ppc64' ]
3211 verbose reify failed optional dependency /usr/lib/node_modules/pmxtjs/node_modules/fsevents
3212 silly reify mark deleted [ '/usr/lib/node_modules/pmxtjs/node_modules/fsevents' ]
3213 silly tarball no local data for pmxtjs@https://registry.npmjs.org/pmxtjs/-/pmxtjs-2.22.1.tgz. Extracting by manifest.
3214 silly tarball no local data for concat-map@https://registry.npmjs.org/concat-map/-/concat-map-0.0.1.tgz. Extracting by manifest.
3215 silly tarball no local data for path-is-absolute@https://registry.npmjs.org/path-is-absolute/-/path-is-absolute-1.0.1.tgz. Extracting by manifest.
3216 silly tarball no local data for inflight@https://registry.npmjs.org/inflight/-/inflight-1.0.6.tgz. Extracting by manifest.
3217 silly tarball no local data for fs.realpath@https://registry.npmjs.org/fs.realpath/-/fs.realpath-1.0.0.tgz. Extracting by manifest.
3218 silly tarball no local data for p-try@https://registry.npmjs.org/p-try/-/p-try-2.2.0.tgz. Extracting by manifest.
3219 silly tarball no local data for safe-buffer@https://registry.npmjs.org/safe-buffer/-/safe-buffer-5.2.1.tgz. Extracting by manifest.
3220 silly tarball no local data for color-name@https://registry.npmjs.org/color-name/-/color-name-1.1.4.tgz. Extracting by manifest.
3221 silly tarball no local data for color-convert@https://registry.npmjs.org/color-convert/-/color-convert-2.0.1.tgz. Extracting by manifest.
3222 silly tarball no local data for yargs-parser@https://registry.npmjs.org/yargs-parser/-/yargs-parser-21.1.1.tgz. Extracting by manifest.
3223 silly tarball no local data for y18n@https://registry.npmjs.org/y18n/-/y18n-5.0.8.tgz. Extracting by manifest.
3224 silly tarball no local data for require-directory@https://registry.npmjs.org/require-directory/-/require-directory-2.1.1.tgz. Extracting by manifest.
3225 silly tarball no local data for get-caller-file@https://registry.npmjs.org/get-caller-file/-/get-caller-file-2.0.5.tgz. Extracting by manifest.
3226 silly tarball no local data for cliui@https://registry.npmjs.org/cliui/-/cliui-8.0.1.tgz. Extracting by manifest.
3227 silly tarball no local data for ansi-styles@https://registry.npmjs.org/ansi-styles/-/ansi-styles-4.3.0.tgz. Extracting by manifest.
3228 silly tarball no local data for ansi-regex@https://registry.npmjs.org/ansi-regex/-/ansi-regex-5.0.1.tgz. Extracting by manifest.
3229 silly tarball no local data for emoji-regex@https://registry.npmjs.org/emoji-regex/-/emoji-regex-8.0.0.tgz. Extracting by manifest.
3230 silly tarball no local data for wrap-ansi@https://registry.npmjs.org/wrap-ansi/-/wrap-ansi-7.0.0.tgz. Extracting by manifest.
3231 silly tarball no local data for strip-ansi@https://registry.npmjs.org/strip-ansi/-/strip-ansi-6.0.1.tgz. Extracting by manifest.
3232 silly tarball no local data for string-width@https://registry.npmjs.org/string-width/-/string-width-4.2.3.tgz. Extracting by manifest.
3233 silly tarball no local data for imurmurhash@https://registry.npmjs.org/imurmurhash/-/imurmurhash-0.1.4.tgz. Extracting by manifest.
3234 silly tarball no local data for isexe@https://registry.npmjs.org/isexe/-/isexe-2.0.0.tgz. Extracting by manifest.
3235 silly tarball no local data for webidl-conversions@https://registry.npmjs.org/webidl-conversions/-/webidl-conversions-3.0.1.tgz. Extracting by manifest.
3236 silly tarball no local data for tr46@https://registry.npmjs.org/tr46/-/tr46-0.0.3.tgz. Extracting by manifest.
3237 silly tarball no local data for tmpl@https://registry.npmjs.org/tmpl/-/tmpl-1.0.5.tgz. Extracting by manifest.
3238 silly tarball no local data for makeerror@https://registry.npmjs.org/makeerror/-/makeerror-1.0.12.tgz. Extracting by manifest.
3239 silly tarball no local data for @noble/ciphers@https://registry.npmjs.org/@noble/ciphers/-/ciphers-1.3.0.tgz. Extracting by manifest.
3240 silly tarball no local data for @adraffy/ens-normalize@https://registry.npmjs.org/@adraffy/ens-normalize/-/ens-normalize-1.11.1.tgz. Extracting by manifest.
3241 silly tarball no local data for @scure/base@https://registry.npmjs.org/@scure/base/-/base-1.2.6.tgz. Extracting by manifest.
3242 silly tarball no local data for ox@https://registry.npmjs.org/ox/-/ox-0.14.7.tgz. Extracting by manifest.
3243 silly tarball no local data for eventemitter3@https://registry.npmjs.org/eventemitter3/-/eventemitter3-5.0.1.tgz. Extracting by manifest.
3244 silly tarball no local data for @noble/curves@https://registry.npmjs.org/@noble/curves/-/curves-1.9.1.tgz. Extracting by manifest.
3245 silly tarball no local data for abitype@https://registry.npmjs.org/abitype/-/abitype-1.2.3.tgz. Extracting by manifest.
3246 silly tarball no local data for @scure/bip39@https://registry.npmjs.org/@scure/bip39/-/bip39-1.6.0.tgz. Extracting by manifest.
3247 silly tarball no local data for @scure/bip32@https://registry.npmjs.org/@scure/bip32/-/bip32-1.7.0.tgz. Extracting by manifest.
3248 silly tarball no local data for escalade@https://registry.npmjs.org/escalade/-/escalade-3.2.0.tgz. Extracting by manifest.
3249 silly tarball no local data for @emnapi/wasi-threads@https://registry.npmjs.org/@emnapi/wasi-threads/-/wasi-threads-1.2.0.tgz. Extracting by manifest.
3250 silly tarball no local data for @tybys/wasm-util@https://registry.npmjs.org/@tybys/wasm-util/-/wasm-util-0.10.1.tgz. Extracting by manifest.
3251 silly tarball no local data for @emnapi/runtime@https://registry.npmjs.org/@emnapi/runtime/-/runtime-1.9.1.tgz. Extracting by manifest.
3252 silly tarball no local data for @emnapi/core@https://registry.npmjs.org/@emnapi/core/-/core-1.9.1.tgz. Extracting by manifest.
3253 silly tarball no local data for @napi-rs/wasm-runtime@https://registry.npmjs.org/@napi-rs/wasm-runtime/-/wasm-runtime-0.2.12.tgz. Extracting by manifest.
3254 silly tarball no local data for napi-postinstall@https://registry.npmjs.org/napi-postinstall/-/napi-postinstall-0.3.4.tgz. Extracting by manifest.
3255 silly tarball no local data for @unrs/resolver-binding-linux-x64-gnu@https://registry.npmjs.org/@unrs/resolver-binding-linux-x64-gnu/-/resolver-binding-linux-x64-gnu-1.11.1.tgz. Extracting by manifest.
3256 silly tarball no local data for media-typer@https://registry.npmjs.org/media-typer/-/media-typer-1.1.0.tgz. Extracting by manifest.
3257 silly tarball no local data for resolve-pkg-maps@https://registry.npmjs.org/resolve-pkg-maps/-/resolve-pkg-maps-1.0.0.tgz. Extracting by manifest.
3258 silly tarball no local data for @esbuild/linux-x64@https://registry.npmjs.org/@esbuild/linux-x64/-/linux-x64-0.27.4.tgz. Extracting by manifest.
3259 silly tarball no local data for get-tsconfig@https://registry.npmjs.org/get-tsconfig/-/get-tsconfig-4.13.7.tgz. Extracting by manifest.
3260 silly tarball no local data for esbuild@https://registry.npmjs.org/esbuild/-/esbuild-0.27.4.tgz. Extracting by manifest.
3261 silly tarball no local data for @pkgr/core@https://registry.npmjs.org/@pkgr/core/-/core-0.2.9.tgz. Extracting by manifest.
3262 silly tarball no local data for has-flag@https://registry.npmjs.org/has-flag/-/has-flag-4.0.0.tgz. Extracting by manifest.
3263 silly tarball no local data for ansi-regex@https://registry.npmjs.org/ansi-regex/-/ansi-regex-6.2.2.tgz. Extracting by manifest.
3264 silly tarball no local data for is-fullwidth-code-point@https://registry.npmjs.org/is-fullwidth-code-point/-/is-fullwidth-code-point-3.0.0.tgz. Extracting by manifest.
3265 silly tarball no local data for emoji-regex@https://registry.npmjs.org/emoji-regex/-/emoji-regex-9.2.2.tgz. Extracting by manifest.
3266 silly tarball no local data for eastasianwidth@https://registry.npmjs.org/eastasianwidth/-/eastasianwidth-0.2.0.tgz. Extracting by manifest.
3267 silly tarball no local data for char-regex@https://registry.npmjs.org/char-regex/-/char-regex-1.0.2.tgz. Extracting by manifest.
3268 silly tarball no local data for stream-chain@https://registry.npmjs.org/stream-chain/-/stream-chain-2.2.5.tgz. Extracting by manifest.
3269 silly tarball no local data for escape-string-regexp@https://registry.npmjs.org/escape-string-regexp/-/escape-string-regexp-2.0.0.tgz. Extracting by manifest.
3270 silly tarball no local data for source-map@https://registry.npmjs.org/source-map/-/source-map-0.6.1.tgz. Extracting by manifest.
3271 silly tarball no local data for buffer-from@https://registry.npmjs.org/buffer-from/-/buffer-from-1.1.2.tgz. Extracting by manifest.
3272 silly tarball no local data for xmlhttprequest-ssl@https://registry.npmjs.org/xmlhttprequest-ssl/-/xmlhttprequest-ssl-2.1.2.tgz. Extracting by manifest.
3273 silly tarball no local data for engine.io-parser@https://registry.npmjs.org/engine.io-parser/-/engine.io-parser-5.2.3.tgz. Extracting by manifest.
3274 silly tarball no local data for socket.io-parser@https://registry.npmjs.org/socket.io-parser/-/socket.io-parser-4.2.6.tgz. Extracting by manifest.
3275 silly tarball no local data for engine.io-client@https://registry.npmjs.org/engine.io-client/-/engine.io-client-6.6.4.tgz. Extracting by manifest.
3276 silly tarball no local data for ws@https://registry.npmjs.org/ws/-/ws-8.18.3.tgz. Extracting by manifest.
3277 silly tarball no local data for @socket.io/component-emitter@https://registry.npmjs.org/@socket.io/component-emitter/-/component-emitter-3.1.2.tgz. Extracting by manifest.
3278 silly tarball no local data for call-bound@https://registry.npmjs.org/call-bound/-/call-bound-1.0.4.tgz. Extracting by manifest.
3279 silly tarball no local data for side-channel-weakmap@https://registry.npmjs.org/side-channel-weakmap/-/side-channel-weakmap-1.0.2.tgz. Extracting by manifest.
3280 silly tarball no local data for side-channel-map@https://registry.npmjs.org/side-channel-map/-/side-channel-map-1.0.1.tgz. Extracting by manifest.
3281 silly tarball no local data for side-channel-list@https://registry.npmjs.org/side-channel-list/-/side-channel-list-1.0.0.tgz. Extracting by manifest.
3282 silly tarball no local data for object-inspect@https://registry.npmjs.org/object-inspect/-/object-inspect-1.13.4.tgz. Extracting by manifest.
3283 silly tarball no local data for shebang-regex@https://registry.npmjs.org/shebang-regex/-/shebang-regex-3.0.0.tgz. Extracting by manifest.
3284 silly tarball no local data for node-gyp-build@https://registry.npmjs.org/node-gyp-build/-/node-gyp-build-4.8.4.tgz. Extracting by manifest.
3285 silly tarball no local data for tslib@https://registry.npmjs.org/tslib/-/tslib-2.8.1.tgz. Extracting by manifest.
3286 silly tarball no local data for utf-8-validate@https://registry.npmjs.org/utf-8-validate/-/utf-8-validate-6.0.6.tgz. Extracting by manifest.
3287 silly tarball no local data for bufferutil@https://registry.npmjs.org/bufferutil/-/bufferutil-4.1.0.tgz. Extracting by manifest.
3288 silly tarball no local data for @types/uuid@https://registry.npmjs.org/@types/uuid/-/uuid-10.0.0.tgz. Extracting by manifest.
3289 silly tarball no local data for @swc/helpers@https://registry.npmjs.org/@swc/helpers/-/helpers-0.5.20.tgz. Extracting by manifest.
3290 silly tarball no local data for path-to-regexp@https://registry.npmjs.org/path-to-regexp/-/path-to-regexp-8.4.0.tgz. Extracting by manifest.
3291 silly tarball no local data for is-promise@https://registry.npmjs.org/is-promise/-/is-promise-4.0.0.tgz. Extracting by manifest.
3292 silly tarball no local data for unpipe@https://registry.npmjs.org/unpipe/-/unpipe-1.0.0.tgz. Extracting by manifest.
3293 silly tarball no local data for side-channel@https://registry.npmjs.org/side-channel/-/side-channel-1.1.0.tgz. Extracting by manifest.
3294 silly tarball no local data for ipaddr.js@https://registry.npmjs.org/ipaddr.js/-/ipaddr.js-1.9.1.tgz. Extracting by manifest.
3295 silly tarball no local data for forwarded@https://registry.npmjs.org/forwarded/-/forwarded-0.2.0.tgz. Extracting by manifest.
3296 silly tarball no local data for react-is@https://registry.npmjs.org/react-is/-/react-is-18.3.1.tgz. Extracting by manifest.
3297 silly tarball no local data for ansi-styles@https://registry.npmjs.org/ansi-styles/-/ansi-styles-5.2.0.tgz. Extracting by manifest.
3298 silly tarball no local data for is-arrayish@https://registry.npmjs.org/is-arrayish/-/is-arrayish-0.2.1.tgz. Extracting by manifest.
3299 silly tarball no local data for lines-and-columns@https://registry.npmjs.org/lines-and-columns/-/lines-and-columns-1.2.4.tgz. Extracting by manifest.
3300 silly tarball no local data for json-parse-even-better-errors@https://registry.npmjs.org/json-parse-even-better-errors/-/json-parse-even-better-errors-2.3.1.tgz. Extracting by manifest.
3301 silly tarball no local data for error-ex@https://registry.npmjs.org/error-ex/-/error-ex-1.3.4.tgz. Extracting by manifest.
3302 silly tarball no local data for yocto-queue@https://registry.npmjs.org/yocto-queue/-/yocto-queue-0.1.0.tgz. Extracting by manifest.
3303 silly tarball no local data for mimic-fn@https://registry.npmjs.org/mimic-fn/-/mimic-fn-2.1.0.tgz. Extracting by manifest.
3304 silly tarball no local data for wrappy@https://registry.npmjs.org/wrappy/-/wrappy-1.0.2.tgz. Extracting by manifest.
3305 silly tarball no local data for ee-first@https://registry.npmjs.org/ee-first/-/ee-first-1.1.1.tgz. Extracting by manifest.
3306 silly tarball no local data for whatwg-url@https://registry.npmjs.org/whatwg-url/-/whatwg-url-5.0.0.tgz. Extracting by manifest.
3307 silly tarball no local data for balanced-match@https://registry.npmjs.org/balanced-match/-/balanced-match-1.0.2.tgz. Extracting by manifest.
3308 silly tarball no local data for brace-expansion@https://registry.npmjs.org/brace-expansion/-/brace-expansion-2.0.3.tgz. Extracting by manifest.
3309 silly tarball no local data for mime-db@https://registry.npmjs.org/mime-db/-/mime-db-1.54.0.tgz. Extracting by manifest.
3310 silly tarball no local data for yallist@https://registry.npmjs.org/yallist/-/yallist-3.1.1.tgz. Extracting by manifest.
3311 silly tarball no local data for p-locate@https://registry.npmjs.org/p-locate/-/p-locate-4.1.0.tgz. Extracting by manifest.
3312 silly tarball no local data for p-limit@https://registry.npmjs.org/p-limit/-/p-limit-2.3.0.tgz. Extracting by manifest.
3313 silly tarball no local data for sprintf-js@https://registry.npmjs.org/sprintf-js/-/sprintf-js-1.0.3.tgz. Extracting by manifest.
3314 silly tarball no local data for esprima@https://registry.npmjs.org/esprima/-/esprima-4.0.1.tgz. Extracting by manifest.
3315 silly tarball no local data for argparse@https://registry.npmjs.org/argparse/-/argparse-1.0.10.tgz. Extracting by manifest.
3316 silly tarball no local data for @ungap/structured-clone@https://registry.npmjs.org/@ungap/structured-clone/-/structured-clone-1.3.0.tgz. Extracting by manifest.
3317 silly tarball no local data for leven@https://registry.npmjs.org/leven/-/leven-3.1.0.tgz. Extracting by manifest.
3318 silly tarball no local data for natural-compare@https://registry.npmjs.org/natural-compare/-/natural-compare-1.4.0.tgz. Extracting by manifest.
3319 silly tarball no local data for synckit@https://registry.npmjs.org/synckit/-/synckit-0.11.12.tgz. Extracting by manifest.
3320 silly tarball no local data for @jest/snapshot-utils@https://registry.npmjs.org/@jest/snapshot-utils/-/snapshot-utils-30.3.0.tgz. Extracting by manifest.
3321 silly tarball no local data for ansi-styles@https://registry.npmjs.org/ansi-styles/-/ansi-styles-4.3.0.tgz. Extracting by manifest.
3322 silly tarball no local data for chalk@https://registry.npmjs.org/chalk/-/chalk-4.1.2.tgz. Extracting by manifest.
3323 silly tarball no local data for @babel/plugin-syntax-typescript@https://registry.npmjs.org/@babel/plugin-syntax-typescript/-/plugin-syntax-typescript-7.28.6.tgz. Extracting by manifest.
3324 silly tarball no local data for @babel/plugin-syntax-jsx@https://registry.npmjs.org/@babel/plugin-syntax-jsx/-/plugin-syntax-jsx-7.28.6.tgz. Extracting by manifest.
3325 silly tarball no local data for callsites@https://registry.npmjs.org/callsites/-/callsites-3.1.0.tgz. Extracting by manifest.
3326 silly tarball no local data for strip-bom@https://registry.npmjs.org/strip-bom/-/strip-bom-4.0.0.tgz. Extracting by manifest.
3327 silly tarball no local data for cjs-module-lexer@https://registry.npmjs.org/cjs-module-lexer/-/cjs-module-lexer-2.2.0.tgz. Extracting by manifest.
3328 silly tarball no local data for @jest/source-map@https://registry.npmjs.org/@jest/source-map/-/source-map-30.0.1.tgz. Extracting by manifest.
3329 silly tarball no local data for @jest/globals@https://registry.npmjs.org/@jest/globals/-/globals-30.3.0.tgz. Extracting by manifest.
3330 silly tarball no local data for source-map-support@https://registry.npmjs.org/source-map-support/-/source-map-support-0.5.13.tgz. Extracting by manifest.
3331 silly tarball no local data for jest-leak-detector@https://registry.npmjs.org/jest-leak-detector/-/jest-leak-detector-30.3.0.tgz. Extracting by manifest.
3332 silly tarball no local data for emittery@https://registry.npmjs.org/emittery/-/emittery-0.13.1.tgz. Extracting by manifest.
3333 silly tarball no local data for unrs-resolver@https://registry.npmjs.org/unrs-resolver/-/unrs-resolver-1.11.1.tgz. Extracting by manifest.
3334 silly tarball no local data for jest-pnp-resolver@https://registry.npmjs.org/jest-pnp-resolver/-/jest-pnp-resolver-1.2.3.tgz. Extracting by manifest.
3335 silly tarball no local data for @types/stack-utils@https://registry.npmjs.org/@types/stack-utils/-/stack-utils-2.0.3.tgz. Extracting by manifest.
3336 silly tarball no local data for @jest/diff-sequences@https://registry.npmjs.org/@jest/diff-sequences/-/diff-sequences-30.3.0.tgz. Extracting by manifest.
3337 silly tarball no local data for jest-diff@https://registry.npmjs.org/jest-diff/-/jest-diff-30.3.0.tgz. Extracting by manifest.
3338 silly tarball no local data for ansi-styles@https://registry.npmjs.org/ansi-styles/-/ansi-styles-4.3.0.tgz. Extracting by manifest.
3339 silly tarball no local data for chalk@https://registry.npmjs.org/chalk/-/chalk-4.1.2.tgz. Extracting by manifest.
3340 silly tarball no local data for node-int64@https://registry.npmjs.org/node-int64/-/node-int64-0.4.0.tgz. Extracting by manifest.
3341 silly tarball no local data for bser@https://registry.npmjs.org/bser/-/bser-2.1.1.tgz. Extracting by manifest.
3342 silly tarball no local data for normalize-path@https://registry.npmjs.org/normalize-path/-/normalize-path-3.0.0.tgz. Extracting by manifest.
3343 silly tarball no local data for walker@https://registry.npmjs.org/walker/-/walker-1.0.8.tgz. Extracting by manifest.
3344 silly tarball no local data for picomatch@https://registry.npmjs.org/picomatch/-/picomatch-4.0.4.tgz. Extracting by manifest.
3345 silly tarball no local data for fb-watchman@https://registry.npmjs.org/fb-watchman/-/fb-watchman-2.0.2.tgz. Extracting by manifest.
3346 silly tarball no local data for anymatch@https://registry.npmjs.org/anymatch/-/anymatch-3.1.3.tgz. Extracting by manifest.
3347 silly tarball no local data for picomatch@https://registry.npmjs.org/picomatch/-/picomatch-2.3.2.tgz. Extracting by manifest.
3348 silly tarball no local data for detect-newline@https://registry.npmjs.org/detect-newline/-/detect-newline-3.1.0.tgz. Extracting by manifest.
3349 silly tarball no local data for @jest/expect-utils@https://registry.npmjs.org/@jest/expect-utils/-/expect-utils-30.3.0.tgz. Extracting by manifest.
3350 silly tarball no local data for type-detect@https://registry.npmjs.org/type-detect/-/type-detect-4.0.8.tgz. Extracting by manifest.
3351 silly tarball no local data for @sinonjs/commons@https://registry.npmjs.org/@sinonjs/commons/-/commons-3.0.1.tgz. Extracting by manifest.
3352 silly tarball no local data for @sinonjs/fake-timers@https://registry.npmjs.org/@sinonjs/fake-timers/-/fake-timers-15.1.1.tgz. Extracting by manifest.
3353 silly tarball no local data for expect@https://registry.npmjs.org/expect/-/expect-30.3.0.tgz. Extracting by manifest.
3354 silly tarball no local data for jest-mock@https://registry.npmjs.org/jest-mock/-/jest-mock-30.3.0.tgz. Extracting by manifest.
3355 silly tarball no local data for @jest/fake-timers@https://registry.npmjs.org/@jest/fake-timers/-/fake-timers-30.3.0.tgz. Extracting by manifest.
3356 silly tarball no local data for stack-utils@https://registry.npmjs.org/stack-utils/-/stack-utils-2.0.6.tgz. Extracting by manifest.
3357 silly tarball no local data for pure-rand@https://registry.npmjs.org/pure-rand/-/pure-rand-7.0.1.tgz. Extracting by manifest.
3358 silly tarball no local data for jest-matcher-utils@https://registry.npmjs.org/jest-matcher-utils/-/jest-matcher-utils-30.3.0.tgz. Extracting by manifest.
3359 silly tarball no local data for ansi-styles@https://registry.npmjs.org/ansi-styles/-/ansi-styles-4.3.0.tgz. Extracting by manifest.
3360 silly tarball no local data for chalk@https://registry.npmjs.org/chalk/-/chalk-4.1.2.tgz. Extracting by manifest.
3361 silly tarball no local data for jest-each@https://registry.npmjs.org/jest-each/-/jest-each-30.3.0.tgz. Extracting by manifest.
3362 silly tarball no local data for ansi-styles@https://registry.npmjs.org/ansi-styles/-/ansi-styles-4.3.0.tgz. Extracting by manifest.
3363 silly tarball no local data for chalk@https://registry.npmjs.org/chalk/-/chalk-4.1.2.tgz. Extracting by manifest.
3364 silly tarball no local data for is-generator-fn@https://registry.npmjs.org/is-generator-fn/-/is-generator-fn-2.1.0.tgz. Extracting by manifest.
3365 silly tarball no local data for dedent@https://registry.npmjs.org/dedent/-/dedent-1.7.2.tgz. Extracting by manifest.
3366 silly tarball no local data for co@https://registry.npmjs.org/co/-/co-4.6.0.tgz. Extracting by manifest.
3367 silly tarball no local data for @jest/expect@https://registry.npmjs.org/@jest/expect/-/expect-30.3.0.tgz. Extracting by manifest.
3368 silly tarball no local data for @jest/environment@https://registry.npmjs.org/@jest/environment/-/environment-30.3.0.tgz. Extracting by manifest.
3369 silly tarball no local data for @babel/plugin-syntax-top-level-await@https://registry.npmjs.org/@babel/plugin-syntax-top-level-await/-/plugin-syntax-top-level-await-7.14.5.tgz. Extracting by manifest.
3370 silly tarball no local data for @babel/plugin-syntax-private-property-in-object@https://registry.npmjs.org/@babel/plugin-syntax-private-property-in-object/-/plugin-syntax-private-property-in-object-7.14.5.tgz. Extracting by manifest.
3371 silly tarball no local data for @babel/plugin-syntax-optional-chaining@https://registry.npmjs.org/@babel/plugin-syntax-optional-chaining/-/plugin-syntax-optional-chaining-7.8.3.tgz. Extracting by manifest.
3372 silly tarball no local data for @babel/plugin-syntax-optional-catch-binding@https://registry.npmjs.org/@babel/plugin-syntax-optional-catch-binding/-/plugin-syntax-optional-catch-binding-7.8.3.tgz. Extracting by manifest.
3373 silly tarball no local data for @babel/plugin-syntax-object-rest-spread@https://registry.npmjs.org/@babel/plugin-syntax-object-rest-spread/-/plugin-syntax-object-rest-spread-7.8.3.tgz. Extracting by manifest.
3374 silly tarball no local data for @babel/plugin-syntax-numeric-separator@https://registry.npmjs.org/@babel/plugin-syntax-numeric-separator/-/plugin-syntax-numeric-separator-7.10.4.tgz. Extracting by manifest.
3375 silly tarball no local data for @babel/plugin-syntax-nullish-coalescing-operator@https://registry.npmjs.org/@babel/plugin-syntax-nullish-coalescing-operator/-/plugin-syntax-nullish-coalescing-operator-7.8.3.tgz. Extracting by manifest.
3376 silly tarball no local data for @babel/plugin-syntax-logical-assignment-operators@https://registry.npmjs.org/@babel/plugin-syntax-logical-assignment-operators/-/plugin-syntax-logical-assignment-operators-7.10.4.tgz. Extracting by manifest.
3377 silly tarball no local data for @babel/plugin-syntax-json-strings@https://registry.npmjs.org/@babel/plugin-syntax-json-strings/-/plugin-syntax-json-strings-7.8.3.tgz. Extracting by manifest.
3378 silly tarball no local data for @babel/plugin-syntax-import-meta@https://registry.npmjs.org/@babel/plugin-syntax-import-meta/-/plugin-syntax-import-meta-7.10.4.tgz. Extracting by manifest.
3379 silly tarball no local data for @babel/plugin-syntax-import-attributes@https://registry.npmjs.org/@babel/plugin-syntax-import-attributes/-/plugin-syntax-import-attributes-7.28.6.tgz. Extracting by manifest.
3380 silly tarball no local data for @babel/plugin-syntax-class-static-block@https://registry.npmjs.org/@babel/plugin-syntax-class-static-block/-/plugin-syntax-class-static-block-7.14.5.tgz. Extracting by manifest.
3381 silly tarball no local data for @babel/plugin-syntax-class-properties@https://registry.npmjs.org/@babel/plugin-syntax-class-properties/-/plugin-syntax-class-properties-7.12.13.tgz. Extracting by manifest.
3382 silly tarball no local data for @babel/plugin-syntax-bigint@https://registry.npmjs.org/@babel/plugin-syntax-bigint/-/plugin-syntax-bigint-7.8.3.tgz. Extracting by manifest.
3383 silly tarball no local data for @babel/plugin-syntax-async-generators@https://registry.npmjs.org/@babel/plugin-syntax-async-generators/-/plugin-syntax-async-generators-7.8.4.tgz. Extracting by manifest.
3384 silly tarball no local data for babel-preset-current-node-syntax@https://registry.npmjs.org/babel-preset-current-node-syntax/-/babel-preset-current-node-syntax-1.2.0.tgz. Extracting by manifest.
3385 silly tarball no local data for babel-plugin-jest-hoist@https://registry.npmjs.org/babel-plugin-jest-hoist/-/babel-plugin-jest-hoist-30.3.0.tgz. Extracting by manifest.
3386 silly tarball no local data for @types/babel__traverse@https://registry.npmjs.org/@types/babel__traverse/-/babel__traverse-7.28.0.tgz. Extracting by manifest.
3387 silly tarball no local data for @types/babel__template@https://registry.npmjs.org/@types/babel__template/-/babel__template-7.4.4.tgz. Extracting by manifest.
3388 silly tarball no local data for @types/babel__generator@https://registry.npmjs.org/@types/babel__generator/-/babel__generator-7.27.0.tgz. Extracting by manifest.
3389 silly tarball no local data for babel-preset-jest@https://registry.npmjs.org/babel-preset-jest/-/babel-preset-jest-30.3.0.tgz. Extracting by manifest.
3390 silly tarball no local data for @types/babel__core@https://registry.npmjs.org/@types/babel__core/-/babel__core-7.20.5.tgz. Extracting by manifest.
3391 silly tarball no local data for strip-json-comments@https://registry.npmjs.org/strip-json-comments/-/strip-json-comments-3.1.1.tgz. Extracting by manifest.
3392 silly tarball no local data for parse-json@https://registry.npmjs.org/parse-json/-/parse-json-5.2.0.tgz. Extracting by manifest.
3393 silly tarball no local data for jest-environment-node@https://registry.npmjs.org/jest-environment-node/-/jest-environment-node-30.3.0.tgz. Extracting by manifest.
3394 silly tarball no local data for jest-docblock@https://registry.npmjs.org/jest-docblock/-/jest-docblock-30.2.0.tgz. Extracting by manifest.
3395 silly tarball no local data for jest-circus@https://registry.npmjs.org/jest-circus/-/jest-circus-30.3.0.tgz. Extracting by manifest.
3396 silly tarball no local data for ansi-styles@https://registry.npmjs.org/ansi-styles/-/ansi-styles-4.3.0.tgz. Extracting by manifest.
3397 silly tarball no local data for chalk@https://registry.npmjs.org/chalk/-/chalk-4.1.2.tgz. Extracting by manifest.
3398 silly tarball no local data for deepmerge@https://registry.npmjs.org/deepmerge/-/deepmerge-4.3.1.tgz. Extracting by manifest.
3399 silly tarball no local data for babel-jest@https://registry.npmjs.org/babel-jest/-/babel-jest-30.3.0.tgz. Extracting by manifest.
3400 silly tarball no local data for ansi-styles@https://registry.npmjs.org/ansi-styles/-/ansi-styles-4.3.0.tgz. Extracting by manifest.
3401 silly tarball no local data for chalk@https://registry.npmjs.org/chalk/-/chalk-4.1.2.tgz. Extracting by manifest.
3402 silly tarball no local data for @jest/test-sequencer@https://registry.npmjs.org/@jest/test-sequencer/-/test-sequencer-30.3.0.tgz. Extracting by manifest.
3403 silly tarball no local data for @jest/get-type@https://registry.npmjs.org/@jest/get-type/-/get-type-30.1.0.tgz. Extracting by manifest.
3404 silly tarball no local data for yargs@https://registry.npmjs.org/yargs/-/yargs-17.7.2.tgz. Extracting by manifest.
3405 silly tarball no local data for ansi-regex@https://registry.npmjs.org/ansi-regex/-/ansi-regex-5.0.1.tgz. Extracting by manifest.
3406 silly tarball no local data for strip-ansi@https://registry.npmjs.org/strip-ansi/-/strip-ansi-6.0.1.tgz. Extracting by manifest.
3407 silly tarball no local data for emoji-regex@https://registry.npmjs.org/emoji-regex/-/emoji-regex-8.0.0.tgz. Extracting by manifest.
3408 silly tarball no local data for string-width@https://registry.npmjs.org/string-width/-/string-width-4.2.3.tgz. Extracting by manifest.
3409 silly tarball no local data for strip-final-newline@https://registry.npmjs.org/strip-final-newline/-/strip-final-newline-2.0.0.tgz. Extracting by manifest.
3410 silly tarball no local data for onetime@https://registry.npmjs.org/onetime/-/onetime-5.1.2.tgz. Extracting by manifest.
3411 silly tarball no local data for npm-run-path@https://registry.npmjs.org/npm-run-path/-/npm-run-path-4.0.1.tgz. Extracting by manifest.
3412 silly tarball no local data for merge-stream@https://registry.npmjs.org/merge-stream/-/merge-stream-2.0.0.tgz. Extracting by manifest.
3413 silly tarball no local data for is-stream@https://registry.npmjs.org/is-stream/-/is-stream-2.0.1.tgz. Extracting by manifest.
3414 silly tarball no local data for human-signals@https://registry.npmjs.org/human-signals/-/human-signals-2.1.0.tgz. Extracting by manifest.
3415 silly tarball no local data for get-stream@https://registry.npmjs.org/get-stream/-/get-stream-6.0.1.tgz. Extracting by manifest.
3416 silly tarball no local data for p-limit@https://registry.npmjs.org/p-limit/-/p-limit-3.1.0.tgz. Extracting by manifest.
3417 silly tarball no local data for execa@https://registry.npmjs.org/execa/-/execa-5.1.1.tgz. Extracting by manifest.
3418 silly tarball no local data for signal-exit@https://registry.npmjs.org/signal-exit/-/signal-exit-3.0.7.tgz. Extracting by manifest.
3419 silly tarball no local data for wrap-ansi-cjs@https://registry.npmjs.org/wrap-ansi/-/wrap-ansi-7.0.0.tgz. Extracting by manifest.
3420 silly tarball no local data for ansi-regex@https://registry.npmjs.org/ansi-regex/-/ansi-regex-5.0.1.tgz. Extracting by manifest.
3421 silly tarball no local data for emoji-regex@https://registry.npmjs.org/emoji-regex/-/emoji-regex-8.0.0.tgz. Extracting by manifest.
3422 silly tarball no local data for strip-ansi@https://registry.npmjs.org/strip-ansi/-/strip-ansi-6.0.1.tgz. Extracting by manifest.
3423 silly tarball no local data for string-width@https://registry.npmjs.org/string-width/-/string-width-4.2.3.tgz. Extracting by manifest.
3424 silly tarball no local data for ansi-styles@https://registry.npmjs.org/ansi-styles/-/ansi-styles-4.3.0.tgz. Extracting by manifest.
3425 silly tarball no local data for wrap-ansi@https://registry.npmjs.org/wrap-ansi/-/wrap-ansi-8.1.0.tgz. Extracting by manifest.
3426 silly tarball no local data for ansi-styles@https://registry.npmjs.org/ansi-styles/-/ansi-styles-6.2.3.tgz. Extracting by manifest.
3427 silly tarball no local data for strip-ansi-cjs@https://registry.npmjs.org/strip-ansi/-/strip-ansi-6.0.1.tgz. Extracting by manifest.
3428 silly tarball no local data for ansi-regex@https://registry.npmjs.org/ansi-regex/-/ansi-regex-5.0.1.tgz. Extracting by manifest.
3429 silly tarball no local data for strip-ansi@https://registry.npmjs.org/strip-ansi/-/strip-ansi-7.2.0.tgz. Extracting by manifest.
3430 silly tarball no local data for string-width-cjs@https://registry.npmjs.org/string-width/-/string-width-4.2.3.tgz. Extracting by manifest.
3431 silly tarball no local data for ansi-regex@https://registry.npmjs.org/ansi-regex/-/ansi-regex-5.0.1.tgz. Extracting by manifest.
3432 silly tarball no local data for strip-ansi@https://registry.npmjs.org/strip-ansi/-/strip-ansi-6.0.1.tgz. Extracting by manifest.
3433 silly tarball no local data for emoji-regex@https://registry.npmjs.org/emoji-regex/-/emoji-regex-8.0.0.tgz. Extracting by manifest.
3434 silly tarball no local data for string-width@https://registry.npmjs.org/string-width/-/string-width-5.1.2.tgz. Extracting by manifest.
3435 silly tarball no local data for @pkgjs/parseargs@https://registry.npmjs.org/@pkgjs/parseargs/-/parseargs-0.11.0.tgz. Extracting by manifest.
3436 silly tarball no local data for @isaacs/cliui@https://registry.npmjs.org/@isaacs/cliui/-/cliui-8.0.2.tgz. Extracting by manifest.
3437 silly tarball no local data for html-escaper@https://registry.npmjs.org/html-escaper/-/html-escaper-2.0.2.tgz. Extracting by manifest.
3438 silly tarball no local data for supports-color@https://registry.npmjs.org/supports-color/-/supports-color-7.2.0.tgz. Extracting by manifest.
3439 silly tarball no local data for make-dir@https://registry.npmjs.org/make-dir/-/make-dir-4.0.0.tgz. Extracting by manifest.
3440 silly tarball no local data for semver@https://registry.npmjs.org/semver/-/semver-7.7.4.tgz. Extracting by manifest.
3441 silly tarball no local data for resolve-cwd@https://registry.npmjs.org/resolve-cwd/-/resolve-cwd-3.0.0.tgz. Extracting by manifest.
3442 silly tarball no local data for pkg-dir@https://registry.npmjs.org/pkg-dir/-/pkg-dir-4.2.0.tgz. Extracting by manifest.
3443 silly tarball no local data for which@https://registry.npmjs.org/which/-/which-2.0.2.tgz. Extracting by manifest.
3444 silly tarball no local data for shebang-command@https://registry.npmjs.org/shebang-command/-/shebang-command-2.0.0.tgz. Extracting by manifest.
3445 silly tarball no local data for path-key@https://registry.npmjs.org/path-key/-/path-key-3.1.1.tgz. Extracting by manifest.
3446 silly tarball no local data for signal-exit@https://registry.npmjs.org/signal-exit/-/signal-exit-4.1.0.tgz. Extracting by manifest.
3447 silly tarball no local data for cross-spawn@https://registry.npmjs.org/cross-spawn/-/cross-spawn-7.0.6.tgz. Extracting by manifest.
3448 silly tarball no local data for path-scurry@https://registry.npmjs.org/path-scurry/-/path-scurry-1.11.1.tgz. Extracting by manifest.
3449 silly tarball no local data for lru-cache@https://registry.npmjs.org/lru-cache/-/lru-cache-10.4.3.tgz. Extracting by manifest.
3450 silly tarball no local data for package-json-from-dist@https://registry.npmjs.org/package-json-from-dist/-/package-json-from-dist-1.0.1.tgz. Extracting by manifest.
3451 silly tarball no local data for minipass@https://registry.npmjs.org/minipass/-/minipass-7.1.3.tgz. Extracting by manifest.
3452 silly tarball no local data for minimatch@https://registry.npmjs.org/minimatch/-/minimatch-9.0.9.tgz. Extracting by manifest.
3453 silly tarball no local data for jackspeak@https://registry.npmjs.org/jackspeak/-/jackspeak-3.4.3.tgz. Extracting by manifest.
3454 silly tarball no local data for foreground-child@https://registry.npmjs.org/foreground-child/-/foreground-child-3.3.1.tgz. Extracting by manifest.
3455 silly tarball no local data for path-exists@https://registry.npmjs.org/path-exists/-/path-exists-4.0.0.tgz. Extracting by manifest.
3456 silly tarball no local data for locate-path@https://registry.npmjs.org/locate-path/-/locate-path-5.0.0.tgz. Extracting by manifest.
3457 silly tarball no local data for update-browserslist-db@https://registry.npmjs.org/update-browserslist-db/-/update-browserslist-db-1.2.3.tgz. Extracting by manifest.
3458 silly tarball no local data for node-releases@https://registry.npmjs.org/node-releases/-/node-releases-2.0.36.tgz. Extracting by manifest.
3459 silly tarball no local data for electron-to-chromium@https://registry.npmjs.org/electron-to-chromium/-/electron-to-chromium-1.5.328.tgz. Extracting by manifest.
3460 silly tarball no local data for caniuse-lite@https://registry.npmjs.org/caniuse-lite/-/caniuse-lite-1.0.30001782.tgz. Extracting by manifest.
3461 silly tarball no local data for baseline-browser-mapping@https://registry.npmjs.org/baseline-browser-mapping/-/baseline-browser-mapping-2.10.12.tgz. Extracting by manifest.
3462 silly tarball no local data for resolve-from@https://registry.npmjs.org/resolve-from/-/resolve-from-5.0.0.tgz. Extracting by manifest.
3463 silly tarball no local data for js-yaml@https://registry.npmjs.org/js-yaml/-/js-yaml-3.14.2.tgz. Extracting by manifest.
3464 silly tarball no local data for get-package-type@https://registry.npmjs.org/get-package-type/-/get-package-type-0.1.0.tgz. Extracting by manifest.
3465 silly tarball no local data for find-up@https://registry.npmjs.org/find-up/-/find-up-4.1.0.tgz. Extracting by manifest.
3466 silly tarball no local data for camelcase@https://registry.npmjs.org/camelcase/-/camelcase-5.3.1.tgz. Extracting by manifest.
3467 silly tarball no local data for test-exclude@https://registry.npmjs.org/test-exclude/-/test-exclude-6.0.0.tgz. Extracting by manifest.
3468 silly tarball no local data for brace-expansion@https://registry.npmjs.org/brace-expansion/-/brace-expansion-1.1.13.tgz. Extracting by manifest.
3469 silly tarball no local data for minimatch@https://registry.npmjs.org/minimatch/-/minimatch-3.1.5.tgz. Extracting by manifest.
3470 silly tarball no local data for glob@https://registry.npmjs.org/glob/-/glob-7.2.3.tgz. Extracting by manifest.
3471 silly tarball no local data for @istanbuljs/schema@https://registry.npmjs.org/@istanbuljs/schema/-/schema-0.1.3.tgz. Extracting by manifest.
3472 silly tarball no local data for @istanbuljs/load-nyc-config@https://registry.npmjs.org/@istanbuljs/load-nyc-config/-/load-nyc-config-1.1.0.tgz. Extracting by manifest.
3473 silly tarball no local data for @babel/helper-plugin-utils@https://registry.npmjs.org/@babel/helper-plugin-utils/-/helper-plugin-utils-7.28.6.tgz. Extracting by manifest.
3474 silly tarball no local data for type-fest@https://registry.npmjs.org/type-fest/-/type-fest-0.21.3.tgz. Extracting by manifest.
3475 silly tarball no local data for @types/yargs-parser@https://registry.npmjs.org/@types/yargs-parser/-/yargs-parser-21.0.3.tgz. Extracting by manifest.
3476 silly tarball no local data for @types/istanbul-lib-report@https://registry.npmjs.org/@types/istanbul-lib-report/-/istanbul-lib-report-3.0.3.tgz. Extracting by manifest.
3477 silly tarball no local data for @jridgewell/resolve-uri@https://registry.npmjs.org/@jridgewell/resolve-uri/-/resolve-uri-3.1.2.tgz. Extracting by manifest.
3478 silly tarball no local data for @jridgewell/sourcemap-codec@https://registry.npmjs.org/@jridgewell/sourcemap-codec/-/sourcemap-codec-1.5.5.tgz. Extracting by manifest.
3479 silly tarball no local data for @sinclair/typebox@https://registry.npmjs.org/@sinclair/typebox/-/typebox-0.34.49.tgz. Extracting by manifest.
3480 silly tarball no local data for @types/yargs@https://registry.npmjs.org/@types/yargs/-/yargs-17.0.35.tgz. Extracting by manifest.
3481 silly tarball no local data for @types/istanbul-reports@https://registry.npmjs.org/@types/istanbul-reports/-/istanbul-reports-3.0.4.tgz. Extracting by manifest.
3482 silly tarball no local data for @jest/schemas@https://registry.npmjs.org/@jest/schemas/-/schemas-30.0.5.tgz. Extracting by manifest.
3483 silly tarball no local data for @babel/helper-string-parser@https://registry.npmjs.org/@babel/helper-string-parser/-/helper-string-parser-7.27.1.tgz. Extracting by manifest.
3484 silly tarball no local data for @babel/helper-globals@https://registry.npmjs.org/@babel/helper-globals/-/helper-globals-7.28.0.tgz. Extracting by manifest.
3485 silly tarball no local data for @babel/helper-module-imports@https://registry.npmjs.org/@babel/helper-module-imports/-/helper-module-imports-7.28.6.tgz. Extracting by manifest.
3486 silly tarball no local data for lru-cache@https://registry.npmjs.org/lru-cache/-/lru-cache-5.1.1.tgz. Extracting by manifest.
3487 silly tarball no local data for browserslist@https://registry.npmjs.org/browserslist/-/browserslist-4.28.1.tgz. Extracting by manifest.
3488 silly tarball no local data for @babel/helper-validator-option@https://registry.npmjs.org/@babel/helper-validator-option/-/helper-validator-option-7.27.1.tgz. Extracting by manifest.
3489 silly tarball no local data for @babel/compat-data@https://registry.npmjs.org/@babel/compat-data/-/compat-data-7.29.0.tgz. Extracting by manifest.
3490 silly tarball no local data for jsesc@https://registry.npmjs.org/jsesc/-/jsesc-3.1.0.tgz. Extracting by manifest.
3491 silly tarball no local data for @jridgewell/gen-mapping@https://registry.npmjs.org/@jridgewell/gen-mapping/-/gen-mapping-0.3.13.tgz. Extracting by manifest.
3492 silly tarball no local data for picocolors@https://registry.npmjs.org/picocolors/-/picocolors-1.1.1.tgz. Extracting by manifest.
3493 silly tarball no local data for js-tokens@https://registry.npmjs.org/js-tokens/-/js-tokens-4.0.0.tgz. Extracting by manifest.
3494 silly tarball no local data for @babel/helper-validator-identifier@https://registry.npmjs.org/@babel/helper-validator-identifier/-/helper-validator-identifier-7.28.5.tgz. Extracting by manifest.
3495 silly tarball no local data for semver@https://registry.npmjs.org/semver/-/semver-6.3.1.tgz. Extracting by manifest.
3496 silly tarball no local data for json5@https://registry.npmjs.org/json5/-/json5-2.2.3.tgz. Extracting by manifest.
3497 silly tarball no local data for gensync@https://registry.npmjs.org/gensync/-/gensync-1.0.0-beta.2.tgz. Extracting by manifest.
3498 silly tarball no local data for @jridgewell/remapping@https://registry.npmjs.org/@jridgewell/remapping/-/remapping-2.3.5.tgz. Extracting by manifest.
3499 silly tarball no local data for @babel/types@https://registry.npmjs.org/@babel/types/-/types-7.29.0.tgz. Extracting by manifest.
3500 silly tarball no local data for @babel/traverse@https://registry.npmjs.org/@babel/traverse/-/traverse-7.29.0.tgz. Extracting by manifest.
3501 silly tarball no local data for @babel/template@https://registry.npmjs.org/@babel/template/-/template-7.28.6.tgz. Extracting by manifest.
3502 silly tarball no local data for @babel/parser@https://registry.npmjs.org/@babel/parser/-/parser-7.29.2.tgz. Extracting by manifest.
3503 silly tarball no local data for @babel/helper-module-transforms@https://registry.npmjs.org/@babel/helper-module-transforms/-/helper-module-transforms-7.28.6.tgz. Extracting by manifest.
3504 silly tarball no local data for @babel/helpers@https://registry.npmjs.org/@babel/helpers/-/helpers-7.29.2.tgz. Extracting by manifest.
3505 silly tarball no local data for @babel/helper-compilation-targets@https://registry.npmjs.org/@babel/helper-compilation-targets/-/helper-compilation-targets-7.28.6.tgz. Extracting by manifest.
3506 silly tarball no local data for @babel/generator@https://registry.npmjs.org/@babel/generator/-/generator-7.29.1.tgz. Extracting by manifest.
3507 silly tarball no local data for @babel/code-frame@https://registry.npmjs.org/@babel/code-frame/-/code-frame-7.29.0.tgz. Extracting by manifest.
3508 silly tarball no local data for write-file-atomic@https://registry.npmjs.org/write-file-atomic/-/write-file-atomic-5.0.1.tgz. Extracting by manifest.
3509 silly tarball no local data for pirates@https://registry.npmjs.org/pirates/-/pirates-4.0.7.tgz. Extracting by manifest.
3510 silly tarball no local data for fast-json-stable-stringify@https://registry.npmjs.org/fast-json-stable-stringify/-/fast-json-stable-stringify-2.1.0.tgz. Extracting by manifest.
3511 silly tarball no local data for convert-source-map@https://registry.npmjs.org/convert-source-map/-/convert-source-map-2.0.0.tgz. Extracting by manifest.
3512 silly tarball no local data for babel-plugin-istanbul@https://registry.npmjs.org/babel-plugin-istanbul/-/babel-plugin-istanbul-7.0.1.tgz. Extracting by manifest.
3513 silly tarball no local data for @babel/core@https://registry.npmjs.org/@babel/core/-/core-7.29.0.tgz. Extracting by manifest.
3514 silly tarball no local data for @types/istanbul-lib-coverage@https://registry.npmjs.org/@types/istanbul-lib-coverage/-/istanbul-lib-coverage-2.0.6.tgz. Extracting by manifest.
3515 silly tarball no local data for v8-to-istanbul@https://registry.npmjs.org/v8-to-istanbul/-/v8-to-istanbul-9.3.0.tgz. Extracting by manifest.
3516 silly tarball no local data for string-length@https://registry.npmjs.org/string-length/-/string-length-4.0.2.tgz. Extracting by manifest.
3517 silly tarball no local data for ansi-regex@https://registry.npmjs.org/ansi-regex/-/ansi-regex-5.0.1.tgz. Extracting by manifest.
3518 silly tarball no local data for strip-ansi@https://registry.npmjs.org/strip-ansi/-/strip-ansi-6.0.1.tgz. Extracting by manifest.
3519 silly tarball no local data for jest-worker@https://registry.npmjs.org/jest-worker/-/jest-worker-30.3.0.tgz. Extracting by manifest.
3520 silly tarball no local data for supports-color@https://registry.npmjs.org/supports-color/-/supports-color-8.1.1.tgz. Extracting by manifest.
3521 silly tarball no local data for istanbul-reports@https://registry.npmjs.org/istanbul-reports/-/istanbul-reports-3.2.0.tgz. Extracting by manifest.
3522 silly tarball no local data for istanbul-lib-source-maps@https://registry.npmjs.org/istanbul-lib-source-maps/-/istanbul-lib-source-maps-5.0.6.tgz. Extracting by manifest.
3523 silly tarball no local data for istanbul-lib-report@https://registry.npmjs.org/istanbul-lib-report/-/istanbul-lib-report-3.0.1.tgz. Extracting by manifest.
3524 silly tarball no local data for istanbul-lib-instrument@https://registry.npmjs.org/istanbul-lib-instrument/-/istanbul-lib-instrument-6.0.3.tgz. Extracting by manifest.
3525 silly tarball no local data for semver@https://registry.npmjs.org/semver/-/semver-7.7.4.tgz. Extracting by manifest.
3526 silly tarball no local data for istanbul-lib-coverage@https://registry.npmjs.org/istanbul-lib-coverage/-/istanbul-lib-coverage-3.2.2.tgz. Extracting by manifest.
3527 silly tarball no local data for glob@https://registry.npmjs.org/glob/-/glob-10.5.0.tgz. Extracting by manifest.
3528 silly tarball no local data for collect-v8-coverage@https://registry.npmjs.org/collect-v8-coverage/-/collect-v8-coverage-1.0.3.tgz. Extracting by manifest.
3529 silly tarball no local data for @jridgewell/trace-mapping@https://registry.npmjs.org/@jridgewell/trace-mapping/-/trace-mapping-0.3.31.tgz. Extracting by manifest.
3530 silly tarball no local data for @bcoe/v8-coverage@https://registry.npmjs.org/@bcoe/v8-coverage/-/v8-coverage-0.2.3.tgz. Extracting by manifest.
3531 silly tarball no local data for slash@https://registry.npmjs.org/slash/-/slash-3.0.0.tgz. Extracting by manifest.
3532 silly tarball no local data for pretty-format@https://registry.npmjs.org/pretty-format/-/pretty-format-30.3.0.tgz. Extracting by manifest.
3533 silly tarball no local data for jest-watcher@https://registry.npmjs.org/jest-watcher/-/jest-watcher-30.3.0.tgz. Extracting by manifest.
3534 silly tarball no local data for ansi-styles@https://registry.npmjs.org/ansi-styles/-/ansi-styles-4.3.0.tgz. Extracting by manifest.
3535 silly tarball no local data for chalk@https://registry.npmjs.org/chalk/-/chalk-4.1.2.tgz. Extracting by manifest.
3536 silly tarball no local data for jest-validate@https://registry.npmjs.org/jest-validate/-/jest-validate-30.3.0.tgz. Extracting by manifest.
3537 silly tarball no local data for ansi-styles@https://registry.npmjs.org/ansi-styles/-/ansi-styles-4.3.0.tgz. Extracting by manifest.
3538 silly tarball no local data for chalk@https://registry.npmjs.org/chalk/-/chalk-4.1.2.tgz. Extracting by manifest.
3539 silly tarball no local data for camelcase@https://registry.npmjs.org/camelcase/-/camelcase-6.3.0.tgz. Extracting by manifest.
3540 silly tarball no local data for jest-util@https://registry.npmjs.org/jest-util/-/jest-util-30.3.0.tgz. Extracting by manifest.
3541 silly tarball no local data for ansi-styles@https://registry.npmjs.org/ansi-styles/-/ansi-styles-4.3.0.tgz. Extracting by manifest.
3542 silly tarball no local data for chalk@https://registry.npmjs.org/chalk/-/chalk-4.1.2.tgz. Extracting by manifest.
3543 silly tarball no local data for jest-snapshot@https://registry.npmjs.org/jest-snapshot/-/jest-snapshot-30.3.0.tgz. Extracting by manifest.
3544 silly tarball no local data for ansi-styles@https://registry.npmjs.org/ansi-styles/-/ansi-styles-4.3.0.tgz. Extracting by manifest.
3545 silly tarball no local data for semver@https://registry.npmjs.org/semver/-/semver-7.7.4.tgz. Extracting by manifest.
3546 silly tarball no local data for chalk@https://registry.npmjs.org/chalk/-/chalk-4.1.2.tgz. Extracting by manifest.
3547 silly tarball no local data for jest-runtime@https://registry.npmjs.org/jest-runtime/-/jest-runtime-30.3.0.tgz. Extracting by manifest.
3548 silly tarball no local data for ansi-styles@https://registry.npmjs.org/ansi-styles/-/ansi-styles-4.3.0.tgz. Extracting by manifest.
3549 silly tarball no local data for chalk@https://registry.npmjs.org/chalk/-/chalk-4.1.2.tgz. Extracting by manifest.
3550 silly tarball no local data for jest-runner@https://registry.npmjs.org/jest-runner/-/jest-runner-30.3.0.tgz. Extracting by manifest.
3551 silly tarball no local data for ansi-styles@https://registry.npmjs.org/ansi-styles/-/ansi-styles-4.3.0.tgz. Extracting by manifest.
3552 silly tarball no local data for chalk@https://registry.npmjs.org/chalk/-/chalk-4.1.2.tgz. Extracting by manifest.
3553 silly tarball no local data for jest-resolve-dependencies@https://registry.npmjs.org/jest-resolve-dependencies/-/jest-resolve-dependencies-30.3.0.tgz. Extracting by manifest.
3554 silly tarball no local data for jest-resolve@https://registry.npmjs.org/jest-resolve/-/jest-resolve-30.3.0.tgz. Extracting by manifest.
3555 silly tarball no local data for ansi-styles@https://registry.npmjs.org/ansi-styles/-/ansi-styles-4.3.0.tgz. Extracting by manifest.
3556 silly tarball no local data for chalk@https://registry.npmjs.org/chalk/-/chalk-4.1.2.tgz. Extracting by manifest.
3557 silly tarball no local data for jest-regex-util@https://registry.npmjs.org/jest-regex-util/-/jest-regex-util-30.0.1.tgz. Extracting by manifest.
3558 silly tarball no local data for jest-message-util@https://registry.npmjs.org/jest-message-util/-/jest-message-util-30.3.0.tgz. Extracting by manifest.
3559 silly tarball no local data for ansi-styles@https://registry.npmjs.org/ansi-styles/-/ansi-styles-4.3.0.tgz. Extracting by manifest.
3560 silly tarball no local data for chalk@https://registry.npmjs.org/chalk/-/chalk-4.1.2.tgz. Extracting by manifest.
3561 silly tarball no local data for jest-config@https://registry.npmjs.org/jest-config/-/jest-config-30.3.0.tgz. Extracting by manifest.
3562 silly tarball no local data for ansi-styles@https://registry.npmjs.org/ansi-styles/-/ansi-styles-4.3.0.tgz. Extracting by manifest.
3563 silly tarball no local data for jest-haste-map@https://registry.npmjs.org/jest-haste-map/-/jest-haste-map-30.3.0.tgz. Extracting by manifest.
3564 silly tarball no local data for chalk@https://registry.npmjs.org/chalk/-/chalk-4.1.2.tgz. Extracting by manifest.
3565 silly tarball no local data for jest-changed-files@https://registry.npmjs.org/jest-changed-files/-/jest-changed-files-30.3.0.tgz. Extracting by manifest.
3566 silly tarball no local data for graceful-fs@https://registry.npmjs.org/graceful-fs/-/graceful-fs-4.2.11.tgz. Extracting by manifest.
3567 silly tarball no local data for exit-x@https://registry.npmjs.org/exit-x/-/exit-x-0.2.2.tgz. Extracting by manifest.
3568 silly tarball no local data for ci-info@https://registry.npmjs.org/ci-info/-/ci-info-4.4.0.tgz. Extracting by manifest.
3569 silly tarball no local data for ansi-escapes@https://registry.npmjs.org/ansi-escapes/-/ansi-escapes-4.3.2.tgz. Extracting by manifest.
3570 silly tarball no local data for @jest/transform@https://registry.npmjs.org/@jest/transform/-/transform-30.3.0.tgz. Extracting by manifest.
3571 silly tarball no local data for ansi-styles@https://registry.npmjs.org/ansi-styles/-/ansi-styles-4.3.0.tgz. Extracting by manifest.
3572 silly tarball no local data for chalk@https://registry.npmjs.org/chalk/-/chalk-4.1.2.tgz. Extracting by manifest.
3573 silly tarball no local data for @jest/test-result@https://registry.npmjs.org/@jest/test-result/-/test-result-30.3.0.tgz. Extracting by manifest.
3574 silly tarball no local data for @jest/reporters@https://registry.npmjs.org/@jest/reporters/-/reporters-30.3.0.tgz. Extracting by manifest.
3575 silly tarball no local data for ansi-styles@https://registry.npmjs.org/ansi-styles/-/ansi-styles-4.3.0.tgz. Extracting by manifest.
3576 silly tarball no local data for chalk@https://registry.npmjs.org/chalk/-/chalk-4.1.2.tgz. Extracting by manifest.
3577 silly tarball no local data for @jest/pattern@https://registry.npmjs.org/@jest/pattern/-/pattern-30.0.1.tgz. Extracting by manifest.
3578 silly tarball no local data for @jest/console@https://registry.npmjs.org/@jest/console/-/console-30.3.0.tgz. Extracting by manifest.
3579 silly tarball no local data for ansi-styles@https://registry.npmjs.org/ansi-styles/-/ansi-styles-4.3.0.tgz. Extracting by manifest.
3580 silly tarball no local data for chalk@https://registry.npmjs.org/chalk/-/chalk-4.1.2.tgz. Extracting by manifest.
3581 silly tarball no local data for jest-cli@https://registry.npmjs.org/jest-cli/-/jest-cli-30.3.0.tgz. Extracting by manifest.
3582 silly tarball no local data for ansi-styles@https://registry.npmjs.org/ansi-styles/-/ansi-styles-4.3.0.tgz. Extracting by manifest.
3583 silly tarball no local data for chalk@https://registry.npmjs.org/chalk/-/chalk-4.1.2.tgz. Extracting by manifest.
3584 silly tarball no local data for import-local@https://registry.npmjs.org/import-local/-/import-local-3.2.0.tgz. Extracting by manifest.
3585 silly tarball no local data for @jest/types@https://registry.npmjs.org/@jest/types/-/types-30.3.0.tgz. Extracting by manifest.
3586 silly tarball no local data for ansi-styles@https://registry.npmjs.org/ansi-styles/-/ansi-styles-4.3.0.tgz. Extracting by manifest.
3587 silly tarball no local data for chalk@https://registry.npmjs.org/chalk/-/chalk-4.1.2.tgz. Extracting by manifest.
3588 silly tarball no local data for @jest/core@https://registry.npmjs.org/@jest/core/-/core-30.3.0.tgz. Extracting by manifest.
3589 silly tarball no local data for ansi-styles@https://registry.npmjs.org/ansi-styles/-/ansi-styles-4.3.0.tgz. Extracting by manifest.
3590 silly tarball no local data for chalk@https://registry.npmjs.org/chalk/-/chalk-4.1.2.tgz. Extracting by manifest.
3591 silly tarball no local data for es6-promise@https://registry.npmjs.org/es6-promise/-/es6-promise-4.2.8.tgz. Extracting by manifest.
3592 silly tarball no local data for uuid@https://registry.npmjs.org/uuid/-/uuid-8.3.2.tgz. Extracting by manifest.
3593 silly tarball no local data for stream-json@https://registry.npmjs.org/stream-json/-/stream-json-1.9.1.tgz. Extracting by manifest.
3594 silly tarball no local data for json-stringify-safe@https://registry.npmjs.org/json-stringify-safe/-/json-stringify-safe-5.0.1.tgz. Extracting by manifest.
3595 silly tarball no local data for isomorphic-ws@https://registry.npmjs.org/isomorphic-ws/-/isomorphic-ws-4.0.1.tgz. Extracting by manifest.
3596 silly tarball no local data for eyes@https://registry.npmjs.org/eyes/-/eyes-0.1.8.tgz. Extracting by manifest.
3597 silly tarball no local data for es6-promisify@https://registry.npmjs.org/es6-promisify/-/es6-promisify-5.0.0.tgz. Extracting by manifest.
3598 silly tarball no local data for delay@https://registry.npmjs.org/delay/-/delay-5.0.0.tgz. Extracting by manifest.
3599 silly tarball no local data for @types/ws@https://registry.npmjs.org/@types/ws/-/ws-7.4.7.tgz. Extracting by manifest.
3600 silly tarball no local data for safer-buffer@https://registry.npmjs.org/safer-buffer/-/safer-buffer-2.1.2.tgz. Extracting by manifest.
3601 silly tarball no local data for agent-base@https://registry.npmjs.org/agent-base/-/agent-base-7.1.4.tgz. Extracting by manifest.
3602 silly tarball no local data for toidentifier@https://registry.npmjs.org/toidentifier/-/toidentifier-1.0.1.tgz. Extracting by manifest.
3603 silly tarball no local data for setprototypeof@https://registry.npmjs.org/setprototypeof/-/setprototypeof-1.2.0.tgz. Extracting by manifest.
3604 silly tarball no local data for dunder-proto@https://registry.npmjs.org/dunder-proto/-/dunder-proto-1.0.1.tgz. Extracting by manifest.
3605 silly tarball no local data for math-intrinsics@https://registry.npmjs.org/math-intrinsics/-/math-intrinsics-1.1.0.tgz. Extracting by manifest.
3606 silly tarball no local data for has-symbols@https://registry.npmjs.org/has-symbols/-/has-symbols-1.1.0.tgz. Extracting by manifest.
3607 silly tarball no local data for gopd@https://registry.npmjs.org/gopd/-/gopd-1.2.0.tgz. Extracting by manifest.
3608 silly tarball no local data for get-proto@https://registry.npmjs.org/get-proto/-/get-proto-1.0.1.tgz. Extracting by manifest.
3609 silly tarball no local data for function-bind@https://registry.npmjs.org/function-bind/-/function-bind-1.1.2.tgz. Extracting by manifest.
3610 silly tarball no local data for es-object-atoms@https://registry.npmjs.org/es-object-atoms/-/es-object-atoms-1.1.1.tgz. Extracting by manifest.
3611 silly tarball no local data for es-define-property@https://registry.npmjs.org/es-define-property/-/es-define-property-1.0.1.tgz. Extracting by manifest.
3612 silly tarball no local data for call-bind-apply-helpers@https://registry.npmjs.org/call-bind-apply-helpers/-/call-bind-apply-helpers-1.0.2.tgz. Extracting by manifest.
3613 silly tarball no local data for has-tostringtag@https://registry.npmjs.org/has-tostringtag/-/has-tostringtag-1.0.2.tgz. Extracting by manifest.
3614 silly tarball no local data for get-intrinsic@https://registry.npmjs.org/get-intrinsic/-/get-intrinsic-1.3.0.tgz. Extracting by manifest.
3615 silly tarball no local data for es-errors@https://registry.npmjs.org/es-errors/-/es-errors-1.3.0.tgz. Extracting by manifest.
3616 silly tarball no local data for delayed-stream@https://registry.npmjs.org/delayed-stream/-/delayed-stream-1.0.0.tgz. Extracting by manifest.
3617 silly tarball no local data for hasown@https://registry.npmjs.org/hasown/-/hasown-2.0.2.tgz. Extracting by manifest.
3618 silly tarball no local data for es-set-tostringtag@https://registry.npmjs.org/es-set-tostringtag/-/es-set-tostringtag-2.1.0.tgz. Extracting by manifest.
3619 silly tarball no local data for combined-stream@https://registry.npmjs.org/combined-stream/-/combined-stream-1.0.8.tgz. Extracting by manifest.
3620 silly tarball no local data for asynckit@https://registry.npmjs.org/asynckit/-/asynckit-0.4.0.tgz. Extracting by manifest.
3621 silly tarball no local data for ms@https://registry.npmjs.org/ms/-/ms-2.1.3.tgz. Extracting by manifest.
3622 silly tarball no local data for raw-body@https://registry.npmjs.org/raw-body/-/raw-body-3.0.2.tgz. Extracting by manifest.
3623 silly tarball no local data for iconv-lite@https://registry.npmjs.org/iconv-lite/-/iconv-lite-0.7.2.tgz. Extracting by manifest.
3624 silly tarball no local data for bytes@https://registry.npmjs.org/bytes/-/bytes-3.1.2.tgz. Extracting by manifest.
3625 silly tarball no local data for negotiator@https://registry.npmjs.org/negotiator/-/negotiator-1.0.0.tgz. Extracting by manifest.
3626 silly tarball no local data for type-is@https://registry.npmjs.org/type-is/-/type-is-2.0.1.tgz. Extracting by manifest.
3627 silly tarball no local data for statuses@https://registry.npmjs.org/statuses/-/statuses-2.0.2.tgz. Extracting by manifest.
3628 silly tarball no local data for serve-static@https://registry.npmjs.org/serve-static/-/serve-static-2.2.1.tgz. Extracting by manifest.
3629 silly tarball no local data for send@https://registry.npmjs.org/send/-/send-1.2.1.tgz. Extracting by manifest.
3630 silly tarball no local data for router@https://registry.npmjs.org/router/-/router-2.2.0.tgz. Extracting by manifest.
3631 silly tarball no local data for range-parser@https://registry.npmjs.org/range-parser/-/range-parser-1.2.1.tgz. Extracting by manifest.
3632 silly tarball no local data for qs@https://registry.npmjs.org/qs/-/qs-6.15.0.tgz. Extracting by manifest.
3633 silly tarball no local data for proxy-addr@https://registry.npmjs.org/proxy-addr/-/proxy-addr-2.0.7.tgz. Extracting by manifest.
3634 silly tarball no local data for parseurl@https://registry.npmjs.org/parseurl/-/parseurl-1.3.3.tgz. Extracting by manifest.
3635 silly tarball no local data for once@https://registry.npmjs.org/once/-/once-1.4.0.tgz. Extracting by manifest.
3636 silly tarball no local data for on-finished@https://registry.npmjs.org/on-finished/-/on-finished-2.4.1.tgz. Extracting by manifest.
3637 silly tarball no local data for mime-types@https://registry.npmjs.org/mime-types/-/mime-types-3.0.2.tgz. Extracting by manifest.
3638 silly tarball no local data for merge-descriptors@https://registry.npmjs.org/merge-descriptors/-/merge-descriptors-2.0.0.tgz. Extracting by manifest.
3639 silly tarball no local data for fresh@https://registry.npmjs.org/fresh/-/fresh-2.0.0.tgz. Extracting by manifest.
3640 silly tarball no local data for finalhandler@https://registry.npmjs.org/finalhandler/-/finalhandler-2.1.1.tgz. Extracting by manifest.
3641 silly tarball no local data for etag@https://registry.npmjs.org/etag/-/etag-1.8.1.tgz. Extracting by manifest.
3642 silly tarball no local data for escape-html@https://registry.npmjs.org/escape-html/-/escape-html-1.0.3.tgz. Extracting by manifest.
3643 silly tarball no local data for encodeurl@https://registry.npmjs.org/encodeurl/-/encodeurl-2.0.0.tgz. Extracting by manifest.
3644 silly tarball no local data for depd@https://registry.npmjs.org/depd/-/depd-2.0.0.tgz. Extracting by manifest.
3645 silly tarball no local data for debug@https://registry.npmjs.org/debug/-/debug-4.4.3.tgz. Extracting by manifest.
3646 silly tarball no local data for cookie-signature@https://registry.npmjs.org/cookie-signature/-/cookie-signature-1.2.2.tgz. Extracting by manifest.
3647 silly tarball no local data for cookie@https://registry.npmjs.org/cookie/-/cookie-0.7.2.tgz. Extracting by manifest.
3648 silly tarball no local data for content-type@https://registry.npmjs.org/content-type/-/content-type-1.0.5.tgz. Extracting by manifest.
3649 silly tarball no local data for content-disposition@https://registry.npmjs.org/content-disposition/-/content-disposition-1.0.1.tgz. Extracting by manifest.
3650 silly tarball no local data for body-parser@https://registry.npmjs.org/body-parser/-/body-parser-2.2.2.tgz. Extracting by manifest.
3651 silly tarball no local data for accepts@https://registry.npmjs.org/accepts/-/accepts-2.0.0.tgz. Extracting by manifest.
3652 silly tarball no local data for minimalistic-crypto-utils@https://registry.npmjs.org/minimalistic-crypto-utils/-/minimalistic-crypto-utils-1.0.1.tgz. Extracting by manifest.
3653 silly tarball no local data for minimalistic-assert@https://registry.npmjs.org/minimalistic-assert/-/minimalistic-assert-1.0.1.tgz. Extracting by manifest.
3654 silly tarball no local data for inherits@https://registry.npmjs.org/inherits/-/inherits-2.0.4.tgz. Extracting by manifest.
3655 silly tarball no local data for hmac-drbg@https://registry.npmjs.org/hmac-drbg/-/hmac-drbg-1.0.1.tgz. Extracting by manifest.
3656 silly tarball no local data for brorand@https://registry.npmjs.org/brorand/-/brorand-1.1.0.tgz. Extracting by manifest.
3657 silly tarball no local data for elliptic@https://registry.npmjs.org/elliptic/-/elliptic-6.6.1.tgz. Extracting by manifest.
3658 silly tarball no local data for bn.js@https://registry.npmjs.org/bn.js/-/bn.js-4.12.3.tgz. Extracting by manifest.
3659 silly tarball no local data for hash.js@https://registry.npmjs.org/hash.js/-/hash.js-1.1.7.tgz. Extracting by manifest.
3660 silly tarball no local data for bech32@https://registry.npmjs.org/bech32/-/bech32-1.1.4.tgz. Extracting by manifest.
3661 silly tarball no local data for js-sha3@https://registry.npmjs.org/js-sha3/-/js-sha3-0.8.0.tgz. Extracting by manifest.
3662 silly tarball no local data for scrypt-js@https://registry.npmjs.org/scrypt-js/-/scrypt-js-3.0.1.tgz. Extracting by manifest.
3663 silly tarball no local data for aes-js@https://registry.npmjs.org/aes-js/-/aes-js-3.0.0.tgz. Extracting by manifest.
3664 silly tarball no local data for @ethersproject/wordlists@https://registry.npmjs.org/@ethersproject/wordlists/-/wordlists-5.8.0.tgz. Extracting by manifest.
3665 silly tarball no local data for @ethersproject/web@https://registry.npmjs.org/@ethersproject/web/-/web-5.8.0.tgz. Extracting by manifest.
3666 silly tarball no local data for @ethersproject/wallet@https://registry.npmjs.org/@ethersproject/wallet/-/wallet-5.8.0.tgz. Extracting by manifest.
3667 silly tarball no local data for @ethersproject/units@https://registry.npmjs.org/@ethersproject/units/-/units-5.8.0.tgz. Extracting by manifest.
3668 silly tarball no local data for @ethersproject/transactions@https://registry.npmjs.org/@ethersproject/transactions/-/transactions-5.8.0.tgz. Extracting by manifest.
3669 silly tarball no local data for @ethersproject/strings@https://registry.npmjs.org/@ethersproject/strings/-/strings-5.8.0.tgz. Extracting by manifest.
3670 silly tarball no local data for @ethersproject/solidity@https://registry.npmjs.org/@ethersproject/solidity/-/solidity-5.8.0.tgz. Extracting by manifest.
3671 silly tarball no local data for @ethersproject/signing-key@https://registry.npmjs.org/@ethersproject/signing-key/-/signing-key-5.8.0.tgz. Extracting by manifest.
3672 silly tarball no local data for @ethersproject/sha2@https://registry.npmjs.org/@ethersproject/sha2/-/sha2-5.8.0.tgz. Extracting by manifest.
3673 silly tarball no local data for @ethersproject/rlp@https://registry.npmjs.org/@ethersproject/rlp/-/rlp-5.8.0.tgz. Extracting by manifest.
3674 silly tarball no local data for @ethersproject/random@https://registry.npmjs.org/@ethersproject/random/-/random-5.8.0.tgz. Extracting by manifest.
3675 silly tarball no local data for @ethersproject/providers@https://registry.npmjs.org/@ethersproject/providers/-/providers-5.8.0.tgz. Extracting by manifest.
3676 silly tarball no local data for ws@https://registry.npmjs.org/ws/-/ws-8.18.0.tgz. Extracting by manifest.
3677 silly tarball no local data for @ethersproject/properties@https://registry.npmjs.org/@ethersproject/properties/-/properties-5.8.0.tgz. Extracting by manifest.
3678 silly tarball no local data for @ethersproject/pbkdf2@https://registry.npmjs.org/@ethersproject/pbkdf2/-/pbkdf2-5.8.0.tgz. Extracting by manifest.
3679 silly tarball no local data for @ethersproject/networks@https://registry.npmjs.org/@ethersproject/networks/-/networks-5.8.0.tgz. Extracting by manifest.
3680 silly tarball no local data for @ethersproject/logger@https://registry.npmjs.org/@ethersproject/logger/-/logger-5.8.0.tgz. Extracting by manifest.
3681 silly tarball no local data for @ethersproject/keccak256@https://registry.npmjs.org/@ethersproject/keccak256/-/keccak256-5.8.0.tgz. Extracting by manifest.
3682 silly tarball no local data for @ethersproject/json-wallets@https://registry.npmjs.org/@ethersproject/json-wallets/-/json-wallets-5.8.0.tgz. Extracting by manifest.
3683 silly tarball no local data for @ethersproject/hdnode@https://registry.npmjs.org/@ethersproject/hdnode/-/hdnode-5.8.0.tgz. Extracting by manifest.
3684 silly tarball no local data for @ethersproject/hash@https://registry.npmjs.org/@ethersproject/hash/-/hash-5.8.0.tgz. Extracting by manifest.
3685 silly tarball no local data for @ethersproject/contracts@https://registry.npmjs.org/@ethersproject/contracts/-/contracts-5.8.0.tgz. Extracting by manifest.
3686 silly tarball no local data for @ethersproject/constants@https://registry.npmjs.org/@ethersproject/constants/-/constants-5.8.0.tgz. Extracting by manifest.
3687 silly tarball no local data for @ethersproject/bytes@https://registry.npmjs.org/@ethersproject/bytes/-/bytes-5.8.0.tgz. Extracting by manifest.
3688 silly tarball no local data for @ethersproject/bignumber@https://registry.npmjs.org/@ethersproject/bignumber/-/bignumber-5.8.0.tgz. Extracting by manifest.
3689 silly tarball no local data for @ethersproject/base64@https://registry.npmjs.org/@ethersproject/base64/-/base64-5.8.0.tgz. Extracting by manifest.
3690 silly tarball no local data for @ethersproject/basex@https://registry.npmjs.org/@ethersproject/basex/-/basex-5.8.0.tgz. Extracting by manifest.
3691 silly tarball no local data for @ethersproject/address@https://registry.npmjs.org/@ethersproject/address/-/address-5.8.0.tgz. Extracting by manifest.
3692 silly tarball no local data for @ethersproject/abstract-signer@https://registry.npmjs.org/@ethersproject/abstract-signer/-/abstract-signer-5.8.0.tgz. Extracting by manifest.
3693 silly tarball no local data for @ethersproject/abstract-provider@https://registry.npmjs.org/@ethersproject/abstract-provider/-/abstract-provider-5.8.0.tgz. Extracting by manifest.
3694 silly tarball no local data for @ethersproject/abi@https://registry.npmjs.org/@ethersproject/abi/-/abi-5.8.0.tgz. Extracting by manifest.
3695 silly tarball no local data for vary@https://registry.npmjs.org/vary/-/vary-1.1.2.tgz. Extracting by manifest.
3696 silly tarball no local data for object-assign@https://registry.npmjs.org/object-assign/-/object-assign-4.1.1.tgz. Extracting by manifest.
3697 silly tarball no local data for ieee754@https://registry.npmjs.org/ieee754/-/ieee754-1.2.1.tgz. Extracting by manifest.
3698 silly tarball no local data for base64-js@https://registry.npmjs.org/base64-js/-/base64-js-1.5.1.tgz. Extracting by manifest.
3699 silly tarball no local data for base-x@https://registry.npmjs.org/base-x/-/base-x-5.0.1.tgz. Extracting by manifest.
3700 silly tarball no local data for text-encoding-utf-8@https://registry.npmjs.org/text-encoding-utf-8/-/text-encoding-utf-8-1.0.2.tgz. Extracting by manifest.
3701 silly tarball no local data for proxy-from-env@https://registry.npmjs.org/proxy-from-env/-/proxy-from-env-2.1.0.tgz. Extracting by manifest.
3702 silly tarball no local data for form-data@https://registry.npmjs.org/form-data/-/form-data-4.0.5.tgz. Extracting by manifest.
3703 silly tarball no local data for mime-db@https://registry.npmjs.org/mime-db/-/mime-db-1.52.0.tgz. Extracting by manifest.
3704 silly tarball no local data for mime-types@https://registry.npmjs.org/mime-types/-/mime-types-2.1.35.tgz. Extracting by manifest.
3705 silly tarball no local data for follow-redirects@https://registry.npmjs.org/follow-redirects/-/follow-redirects-1.15.11.tgz. Extracting by manifest.
3706 silly tarball no local data for humanize-ms@https://registry.npmjs.org/humanize-ms/-/humanize-ms-1.2.1.tgz. Extracting by manifest.
3707 silly tarball no local data for @types/http-errors@https://registry.npmjs.org/@types/http-errors/-/http-errors-2.0.5.tgz. Extracting by manifest.
3708 silly tarball no local data for undici-types@https://registry.npmjs.org/undici-types/-/undici-types-7.18.2.tgz. Extracting by manifest.
3709 silly tarball no local data for @types/range-parser@https://registry.npmjs.org/@types/range-parser/-/range-parser-1.2.7.tgz. Extracting by manifest.
3710 silly tarball no local data for @types/send@https://registry.npmjs.org/@types/send/-/send-1.2.1.tgz. Extracting by manifest.
3711 silly tarball no local data for @types/qs@https://registry.npmjs.org/@types/qs/-/qs-6.15.0.tgz. Extracting by manifest.
3712 silly tarball no local data for @types/node@https://registry.npmjs.org/@types/node/-/node-25.5.0.tgz. Extracting by manifest.
3713 silly tarball no local data for @types/connect@https://registry.npmjs.org/@types/connect/-/connect-3.4.38.tgz. Extracting by manifest.
3714 silly tarball no local data for @types/serve-static@https://registry.npmjs.org/@types/serve-static/-/serve-static-2.2.0.tgz. Extracting by manifest.
3715 silly tarball no local data for @types/express-serve-static-core@https://registry.npmjs.org/@types/express-serve-static-core/-/express-serve-static-core-5.1.1.tgz. Extracting by manifest.
3716 silly tarball no local data for @types/body-parser@https://registry.npmjs.org/@types/body-parser/-/body-parser-1.19.6.tgz. Extracting by manifest.
3717 silly tarball no local data for commander@https://registry.npmjs.org/commander/-/commander-14.0.3.tgz. Extracting by manifest.
3718 silly tarball no local data for chalk@https://registry.npmjs.org/chalk/-/chalk-5.6.2.tgz. Extracting by manifest.
3719 silly tarball no local data for @solana/errors@https://registry.npmjs.org/@solana/errors/-/errors-2.3.0.tgz. Extracting by manifest.
3720 silly tarball no local data for @solana/codecs-core@https://registry.npmjs.org/@solana/codecs-core/-/codecs-core-2.3.0.tgz. Extracting by manifest.
3721 silly tarball no local data for superstruct@https://registry.npmjs.org/superstruct/-/superstruct-2.0.2.tgz. Extracting by manifest.
3722 silly tarball no local data for rpc-websockets@https://registry.npmjs.org/rpc-websockets/-/rpc-websockets-9.3.7.tgz. Extracting by manifest.
3723 silly tarball no local data for uuid@https://registry.npmjs.org/uuid/-/uuid-11.1.0.tgz. Extracting by manifest.
3724 silly tarball no local data for @types/ws@https://registry.npmjs.org/@types/ws/-/ws-8.18.1.tgz. Extracting by manifest.
3725 silly tarball no local data for node-fetch@https://registry.npmjs.org/node-fetch/-/node-fetch-2.7.0.tgz. Extracting by manifest.
3726 silly tarball no local data for jayson@https://registry.npmjs.org/jayson/-/jayson-4.3.0.tgz. Extracting by manifest.
3727 silly tarball no local data for utf-8-validate@https://registry.npmjs.org/utf-8-validate/-/utf-8-validate-5.0.10.tgz. Extracting by manifest.
3728 silly tarball no local data for ws@https://registry.npmjs.org/ws/-/ws-7.5.10.tgz. Extracting by manifest.
3729 silly tarball no local data for commander@https://registry.npmjs.org/commander/-/commander-2.20.3.tgz. Extracting by manifest.
3730 silly tarball no local data for @types/node@https://registry.npmjs.org/@types/node/-/node-12.20.55.tgz. Extracting by manifest.
3731 silly tarball no local data for fast-stable-stringify@https://registry.npmjs.org/fast-stable-stringify/-/fast-stable-stringify-1.0.0.tgz. Extracting by manifest.
3732 silly tarball no local data for buffer@https://registry.npmjs.org/buffer/-/buffer-6.0.3.tgz. Extracting by manifest.
3733 silly tarball no local data for borsh@https://registry.npmjs.org/borsh/-/borsh-0.7.0.tgz. Extracting by manifest.
3734 silly tarball no local data for base-x@https://registry.npmjs.org/base-x/-/base-x-3.0.11.tgz. Extracting by manifest.
3735 silly tarball no local data for bs58@https://registry.npmjs.org/bs58/-/bs58-4.0.1.tgz. Extracting by manifest.
3736 silly tarball no local data for bn.js@https://registry.npmjs.org/bn.js/-/bn.js-5.2.3.tgz. Extracting by manifest.
3737 silly tarball no local data for agentkeepalive@https://registry.npmjs.org/agentkeepalive/-/agentkeepalive-4.6.0.tgz. Extracting by manifest.
3738 silly tarball no local data for typescript@https://registry.npmjs.org/typescript/-/typescript-6.0.2.tgz. Extracting by manifest.
3739 silly tarball no local data for @solana/codecs-numbers@https://registry.npmjs.org/@solana/codecs-numbers/-/codecs-numbers-2.3.0.tgz. Extracting by manifest.
3740 silly tarball no local data for @solana/buffer-layout@https://registry.npmjs.org/@solana/buffer-layout/-/buffer-layout-4.0.1.tgz. Extracting by manifest.
3741 silly tarball no local data for @noble/hashes@https://registry.npmjs.org/@noble/hashes/-/hashes-1.8.0.tgz. Extracting by manifest.
3742 silly tarball no local data for @babel/runtime@https://registry.npmjs.org/@babel/runtime/-/runtime-7.29.2.tgz. Extracting by manifest.
3743 silly tarball no local data for ky@https://registry.npmjs.org/ky/-/ky-1.14.3.tgz. Extracting by manifest.
3744 silly tarball no local data for bignumber.js@https://registry.npmjs.org/bignumber.js/-/bignumber.js-9.3.1.tgz. Extracting by manifest.
3745 silly tarball no local data for @prob/types@https://registry.npmjs.org/@prob/types/-/types-0.0.1.tgz. Extracting by manifest.
3746 silly tarball no local data for @prob/core@https://registry.npmjs.org/@prob/core/-/core-0.3.0.tgz. Extracting by manifest.
3747 silly tarball no local data for browser-or-node@https://registry.npmjs.org/browser-or-node/-/browser-or-node-2.1.1.tgz. Extracting by manifest.
3748 silly tarball no local data for @polymarket/builder-signing-sdk@https://registry.npmjs.org/@polymarket/builder-signing-sdk/-/builder-signing-sdk-1.0.0.tgz. Extracting by manifest.
3749 silly tarball no local data for viem@https://registry.npmjs.org/viem/-/viem-2.47.6.tgz. Extracting by manifest.
3750 silly tarball no local data for ws@https://registry.npmjs.org/ws/-/ws-8.18.3.tgz. Extracting by manifest.
3751 silly tarball no local data for @noble/curves@https://registry.npmjs.org/@noble/curves/-/curves-1.9.1.tgz. Extracting by manifest.
3752 silly tarball no local data for undici@https://registry.npmjs.org/undici/-/undici-6.24.1.tgz. Extracting by manifest.
3753 silly tarball no local data for https-proxy-agent@https://registry.npmjs.org/https-proxy-agent/-/https-proxy-agent-7.0.6.tgz. Extracting by manifest.
3754 silly tarball no local data for @opinion-labs/opinion-api@https://registry.npmjs.org/@opinion-labs/opinion-api/-/opinion-api-0.3.0.tgz. Extracting by manifest.
3755 silly tarball no local data for socket.io-client@https://registry.npmjs.org/socket.io-client/-/socket.io-client-4.8.3.tgz. Extracting by manifest.
3756 silly tarball no local data for eventemitter3@https://registry.npmjs.org/eventemitter3/-/eventemitter3-5.0.4.tgz. Extracting by manifest.
3757 silly tarball no local data for tsx@https://registry.npmjs.org/tsx/-/tsx-4.21.0.tgz. Extracting by manifest.
3758 silly tarball no local data for jest@https://registry.npmjs.org/jest/-/jest-30.3.0.tgz. Extracting by manifest.
3759 silly tarball no local data for ws@https://registry.npmjs.org/ws/-/ws-8.20.0.tgz. Extracting by manifest.
3760 silly tarball no local data for isows@https://registry.npmjs.org/isows/-/isows-1.0.7.tgz. Extracting by manifest.
3761 silly tarball no local data for express@https://registry.npmjs.org/express/-/express-5.2.1.tgz. Extracting by manifest.
3762 silly tarball no local data for ethers@https://registry.npmjs.org/ethers/-/ethers-5.8.0.tgz. Extracting by manifest.
3763 silly tarball no local data for @noble/curves@https://registry.npmjs.org/@noble/curves/-/curves-1.9.7.tgz. Extracting by manifest.
3764 silly tarball no local data for dotenv@https://registry.npmjs.org/dotenv/-/dotenv-17.3.1.tgz. Extracting by manifest.
3765 silly tarball no local data for cors@https://registry.npmjs.org/cors/-/cors-2.8.6.tgz. Extracting by manifest.
3766 silly tarball no local data for bs58@https://registry.npmjs.org/bs58/-/bs58-6.0.0.tgz. Extracting by manifest.
3767 silly tarball no local data for axios@https://registry.npmjs.org/axios/-/axios-1.14.0.tgz. Extracting by manifest.
3768 silly tarball no local data for @types/express@https://registry.npmjs.org/@types/express/-/express-5.0.6.tgz. Extracting by manifest.
3769 silly tarball no local data for @solana/web3.js@https://registry.npmjs.org/@solana/web3.js/-/web3.js-1.98.4.tgz. Extracting by manifest.
3770 silly tarball no local data for base-x@https://registry.npmjs.org/base-x/-/base-x-3.0.11.tgz. Extracting by manifest.
3771 silly tarball no local data for bs58@https://registry.npmjs.org/bs58/-/bs58-4.0.1.tgz. Extracting by manifest.
3772 silly tarball no local data for @prob/clob@https://registry.npmjs.org/@prob/clob/-/clob-0.5.0.tgz. Extracting by manifest.
3773 silly tarball no local data for @polymarket/clob-client@https://registry.npmjs.org/@polymarket/clob-client/-/clob-client-5.8.1.tgz. Extracting by manifest.
3774 silly tarball no local data for @opinion-labs/opinion-clob-sdk@https://registry.npmjs.org/@opinion-labs/opinion-clob-sdk/-/opinion-clob-sdk-0.6.0.tgz. Extracting by manifest.
3775 silly tarball no local data for @limitless-exchange/sdk@https://registry.npmjs.org/@limitless-exchange/sdk/-/sdk-1.0.3.tgz. Extracting by manifest.
3776 silly tarball no local data for undici-types@https://registry.npmjs.org/undici-types/-/undici-types-6.19.8.tgz. Extracting by manifest.
3777 silly tarball no local data for ws@https://registry.npmjs.org/ws/-/ws-8.17.1.tgz. Extracting by manifest.
3778 silly tarball no local data for tslib@https://registry.npmjs.org/tslib/-/tslib-2.7.0.tgz. Extracting by manifest.
3779 silly tarball no local data for aes-js@https://registry.npmjs.org/aes-js/-/aes-js-4.0.0-beta.5.tgz. Extracting by manifest.
3780 silly tarball no local data for @types/node@https://registry.npmjs.org/@types/node/-/node-22.7.5.tgz. Extracting by manifest.
3781 silly tarball no local data for @noble/hashes@https://registry.npmjs.org/@noble/hashes/-/hashes-1.3.2.tgz. Extracting by manifest.
3782 silly tarball no local data for @noble/curves@https://registry.npmjs.org/@noble/curves/-/curves-1.2.0.tgz. Extracting by manifest.
3783 silly tarball no local data for @adraffy/ens-normalize@https://registry.npmjs.org/@adraffy/ens-normalize/-/ens-normalize-1.10.1.tgz. Extracting by manifest.
3784 silly tarball no local data for ethers@https://registry.npmjs.org/ethers/-/ethers-6.16.0.tgz. Extracting by manifest.
3785 silly tarball no local data for pmxt-core@https://registry.npmjs.org/pmxt-core/-/pmxt-core-2.22.1.tgz. Extracting by manifest.
3786 silly tarball no local data for http-errors@https://registry.npmjs.org/http-errors/-/http-errors-2.0.1.tgz. Extracting by manifest.
3787 http fetch GET 200 https://registry.npmjs.org/concat-map/-/concat-map-0.0.1.tgz 4880ms (cache miss)
3788 http fetch GET 200 https://registry.npmjs.org/ansi-regex/-/ansi-regex-5.0.1.tgz 4972ms (cache miss)
3789 http fetch GET 200 https://registry.npmjs.org/emoji-regex/-/emoji-regex-8.0.0.tgz 5524ms (cache miss)
3790 http fetch GET 200 https://registry.npmjs.org/wrap-ansi/-/wrap-ansi-7.0.0.tgz 5517ms (cache miss)
3791 http fetch GET 200 https://registry.npmjs.org/strip-ansi/-/strip-ansi-6.0.1.tgz 5663ms (cache miss)
3792 http fetch GET 200 https://registry.npmjs.org/inflight/-/inflight-1.0.6.tgz 5812ms (cache miss)
3793 warn deprecated inflight@1.0.6: This module is not supported, and leaks memory. Do not use it. Check out lru-cache if you want a good and tested way to coalesce async requests by a key value, which is much more comprehensive and powerful.
3794 http fetch GET 200 https://registry.npmjs.org/string-width/-/string-width-4.2.3.tgz 5786ms (cache miss)
3795 http fetch GET 200 https://registry.npmjs.org/p-try/-/p-try-2.2.0.tgz 5959ms (cache miss)
3796 http fetch GET 200 https://registry.npmjs.org/color-name/-/color-name-1.1.4.tgz 5957ms (cache miss)
3797 http fetch GET 200 https://registry.npmjs.org/tmpl/-/tmpl-1.0.5.tgz 5923ms (cache miss)
3798 http fetch GET 200 https://registry.npmjs.org/path-is-absolute/-/path-is-absolute-1.0.1.tgz 6091ms (cache miss)
3799 http fetch GET 200 https://registry.npmjs.org/makeerror/-/makeerror-1.0.12.tgz 6041ms (cache miss)
3800 http fetch GET 200 https://registry.npmjs.org/isexe/-/isexe-2.0.0.tgz 6225ms (cache miss)
3801 http fetch GET 200 https://registry.npmjs.org/media-typer/-/media-typer-1.1.0.tgz 5967ms (cache miss)
3802 http fetch GET 200 https://registry.npmjs.org/fs.realpath/-/fs.realpath-1.0.0.tgz 6408ms (cache miss)
3803 http fetch GET 200 https://registry.npmjs.org/webidl-conversions/-/webidl-conversions-3.0.1.tgz 6385ms (cache miss)
3804 http fetch GET 200 https://registry.npmjs.org/require-directory/-/require-directory-2.1.1.tgz 6409ms (cache miss)
3805 http fetch GET 200 https://registry.npmjs.org/ansi-regex/-/ansi-regex-6.2.2.tgz 6122ms (cache miss)
3806 http fetch GET 200 https://registry.npmjs.org/emoji-regex/-/emoji-regex-9.2.2.tgz 6115ms (cache miss)
3807 http fetch GET 200 https://registry.npmjs.org/eastasianwidth/-/eastasianwidth-0.2.0.tgz 6114ms (cache miss)
3808 http fetch GET 200 https://registry.npmjs.org/char-regex/-/char-regex-1.0.2.tgz 6113ms (cache miss)
3809 http fetch GET 200 https://registry.npmjs.org/escape-string-regexp/-/escape-string-regexp-2.0.0.tgz 6106ms (cache miss)
3810 http fetch GET 200 https://registry.npmjs.org/@pkgr/core/-/core-0.2.9.tgz 6130ms (cache miss)
3811 http fetch GET 200 https://registry.npmjs.org/imurmurhash/-/imurmurhash-0.1.4.tgz 6536ms (cache miss)
3812 http fetch GET 200 https://registry.npmjs.org/ansi-styles/-/ansi-styles-4.3.0.tgz 6553ms (cache miss)
3813 http fetch GET 200 https://registry.npmjs.org/get-caller-file/-/get-caller-file-2.0.5.tgz 6555ms (cache miss)
3814 http fetch GET 200 https://registry.npmjs.org/escalade/-/escalade-3.2.0.tgz 6368ms (cache miss)
3815 http fetch GET 200 https://registry.npmjs.org/xmlhttprequest-ssl/-/xmlhttprequest-ssl-2.1.2.tgz 6261ms (cache miss)
3816 http fetch GET 200 https://registry.npmjs.org/socket.io-parser/-/socket.io-parser-4.2.6.tgz 6259ms (cache miss)
3817 http fetch GET 200 https://registry.npmjs.org/has-flag/-/has-flag-4.0.0.tgz 6727ms (cache miss)
3818 http fetch GET 200 https://registry.npmjs.org/call-bound/-/call-bound-1.0.4.tgz 6714ms (cache miss)
3819 http fetch GET 200 https://registry.npmjs.org/shebang-regex/-/shebang-regex-3.0.0.tgz 6713ms (cache miss)
3820 http fetch GET 200 https://registry.npmjs.org/y18n/-/y18n-5.0.8.tgz 7252ms (cache miss)
3821 http fetch GET 200 https://registry.npmjs.org/side-channel-weakmap/-/side-channel-weakmap-1.0.2.tgz 6936ms (cache miss)
3822 http fetch GET 200 https://registry.npmjs.org/buffer-from/-/buffer-from-1.1.2.tgz 6950ms (cache miss)
3823 http fetch GET 200 https://registry.npmjs.org/ipaddr.js/-/ipaddr.js-1.9.1.tgz 6913ms (cache miss)
3824 http fetch GET 200 https://registry.npmjs.org/forwarded/-/forwarded-0.2.0.tgz 6913ms (cache miss)
3825 http fetch GET 200 https://registry.npmjs.org/react-is/-/react-is-18.3.1.tgz 6911ms (cache miss)
3826 http fetch GET 200 https://registry.npmjs.org/is-arrayish/-/is-arrayish-0.2.1.tgz 6910ms (cache miss)
3827 http fetch GET 200 https://registry.npmjs.org/@types/uuid/-/uuid-10.0.0.tgz 6927ms (cache miss)
3828 http fetch GET 200 https://registry.npmjs.org/is-promise/-/is-promise-4.0.0.tgz 6924ms (cache miss)
3829 http fetch GET 200 https://registry.npmjs.org/color-convert/-/color-convert-2.0.1.tgz 7395ms (cache miss)
3830 http fetch GET 200 https://registry.npmjs.org/@socket.io/component-emitter/-/component-emitter-3.1.2.tgz 7080ms (cache miss)
3831 http fetch GET 200 https://registry.npmjs.org/json-parse-even-better-errors/-/json-parse-even-better-errors-2.3.1.tgz 7039ms (cache miss)
3832 http fetch GET 200 https://registry.npmjs.org/mimic-fn/-/mimic-fn-2.1.0.tgz 7030ms (cache miss)
3833 http fetch GET 200 https://registry.npmjs.org/wrappy/-/wrappy-1.0.2.tgz 7028ms (cache miss)
3834 http fetch GET 200 https://registry.npmjs.org/balanced-match/-/balanced-match-1.0.2.tgz 7022ms (cache miss)
3835 http fetch GET 200 https://registry.npmjs.org/ansi-styles/-/ansi-styles-4.3.0.tgz 7136ms (cache miss)
3836 http fetch GET 200 https://registry.npmjs.org/resolve-pkg-maps/-/resolve-pkg-maps-1.0.0.tgz 7277ms (cache miss)
3837 http fetch GET 200 https://registry.npmjs.org/path-to-regexp/-/path-to-regexp-8.4.0.tgz 7222ms (cache miss)
3838 http fetch GET 200 https://registry.npmjs.org/ansi-styles/-/ansi-styles-5.2.0.tgz 7211ms (cache miss)
3839 http fetch GET 200 https://registry.npmjs.org/lines-and-columns/-/lines-and-columns-1.2.4.tgz 7209ms (cache miss)
3840 http fetch GET 200 https://registry.npmjs.org/unpipe/-/unpipe-1.0.0.tgz 7224ms (cache miss)
3841 http fetch GET 200 https://registry.npmjs.org/leven/-/leven-3.1.0.tgz 7166ms (cache miss)
3842 http fetch GET 200 https://registry.npmjs.org/p-limit/-/p-limit-2.3.0.tgz 7179ms (cache miss)
3843 http fetch GET 200 https://registry.npmjs.org/p-locate/-/p-locate-4.1.0.tgz 7181ms (cache miss)
3844 http fetch GET 200 https://registry.npmjs.org/safe-buffer/-/safe-buffer-5.2.1.tgz 7723ms (cache miss)
3845 http fetch GET 200 https://registry.npmjs.org/side-channel-map/-/side-channel-map-1.0.1.tgz 7391ms (cache miss)
3846 http fetch GET 200 https://registry.npmjs.org/ee-first/-/ee-first-1.1.1.tgz 7338ms (cache miss)
3847 http fetch GET 200 https://registry.npmjs.org/whatwg-url/-/whatwg-url-5.0.0.tgz 7336ms (cache miss)
3848 http fetch GET 200 https://registry.npmjs.org/yocto-queue/-/yocto-queue-0.1.0.tgz 7349ms (cache miss)
3849 http fetch GET 200 https://registry.npmjs.org/yallist/-/yallist-3.1.1.tgz 7328ms (cache miss)
3850 http fetch GET 200 https://registry.npmjs.org/@babel/plugin-syntax-jsx/-/plugin-syntax-jsx-7.28.6.tgz 7303ms (cache miss)
3851 http fetch GET 200 https://registry.npmjs.org/callsites/-/callsites-3.1.0.tgz 7302ms (cache miss)
3852 http fetch GET 200 https://registry.npmjs.org/@jest/source-map/-/source-map-30.0.1.tgz 7300ms (cache miss)
3853 http fetch GET 200 https://registry.npmjs.org/@ungap/structured-clone/-/structured-clone-1.3.0.tgz 7323ms (cache miss)
3854 http fetch GET 200 https://registry.npmjs.org/@jest/snapshot-utils/-/snapshot-utils-30.3.0.tgz 7318ms (cache miss)
3855 http fetch GET 200 https://registry.npmjs.org/cliui/-/cliui-8.0.1.tgz 7860ms (cache miss)
3856 http fetch GET 200 https://registry.npmjs.org/is-fullwidth-code-point/-/is-fullwidth-code-point-3.0.0.tgz 7570ms (cache miss)
3857 http fetch GET 200 https://registry.npmjs.org/node-gyp-build/-/node-gyp-build-4.8.4.tgz 7527ms (cache miss)
3858 http fetch GET 200 https://registry.npmjs.org/natural-compare/-/natural-compare-1.4.0.tgz 7456ms (cache miss)
3859 http fetch GET 200 https://registry.npmjs.org/brace-expansion/-/brace-expansion-2.0.3.tgz 7475ms (cache miss)
3860 http fetch GET 200 https://registry.npmjs.org/jest-pnp-resolver/-/jest-pnp-resolver-1.2.3.tgz 7429ms (cache miss)
3861 http fetch GET 200 https://registry.npmjs.org/@jest/diff-sequences/-/diff-sequences-30.3.0.tgz 7428ms (cache miss)
3862 http fetch GET 200 https://registry.npmjs.org/@types/stack-utils/-/stack-utils-2.0.3.tgz 7429ms (cache miss)
3863 http fetch GET 200 https://registry.npmjs.org/chalk/-/chalk-4.1.2.tgz 7419ms (cache miss)
3864 http fetch GET 200 https://registry.npmjs.org/@jest/globals/-/globals-30.3.0.tgz 7444ms (cache miss)
3865 http fetch GET 200 https://registry.npmjs.org/jest-leak-detector/-/jest-leak-detector-30.3.0.tgz 7437ms (cache miss)
3866 http fetch GET 200 https://registry.npmjs.org/stream-chain/-/stream-chain-2.2.5.tgz 7704ms (cache miss)
3867 http fetch GET 200 https://registry.npmjs.org/get-tsconfig/-/get-tsconfig-4.13.7.tgz 7730ms (cache miss)
3868 http fetch GET 200 https://registry.npmjs.org/strip-bom/-/strip-bom-4.0.0.tgz 7597ms (cache miss)
3869 http fetch GET 200 https://registry.npmjs.org/@babel/plugin-syntax-typescript/-/plugin-syntax-typescript-7.28.6.tgz 7609ms (cache miss)
3870 http fetch GET 200 https://registry.npmjs.org/jest-diff/-/jest-diff-30.3.0.tgz 7581ms (cache miss)
3871 http fetch GET 200 https://registry.npmjs.org/ansi-styles/-/ansi-styles-4.3.0.tgz 7580ms (cache miss)
3872 http fetch GET 200 https://registry.npmjs.org/ansi-styles/-/ansi-styles-4.3.0.tgz 7522ms (cache miss)
3873 http fetch GET 200 https://registry.npmjs.org/ansi-styles/-/ansi-styles-4.3.0.tgz 7533ms (cache miss)
3874 http fetch GET 200 https://registry.npmjs.org/anymatch/-/anymatch-3.1.3.tgz 7559ms (cache miss)
3875 http fetch GET 200 https://registry.npmjs.org/detect-newline/-/detect-newline-3.1.0.tgz 7558ms (cache miss)
3876 http fetch GET 200 https://registry.npmjs.org/@jest/expect-utils/-/expect-utils-30.3.0.tgz 7557ms (cache miss)
3877 http fetch GET 200 https://registry.npmjs.org/error-ex/-/error-ex-1.3.4.tgz 8158ms (cache miss)
3878 http fetch GET 200 https://registry.npmjs.org/emittery/-/emittery-0.13.1.tgz 8092ms (cache miss)
3879 http fetch GET 200 https://registry.npmjs.org/unrs-resolver/-/unrs-resolver-1.11.1.tgz 8092ms (cache miss)
3880 http fetch GET 200 https://registry.npmjs.org/@sinonjs/fake-timers/-/fake-timers-15.1.1.tgz 8056ms (cache miss)
3881 http fetch GET 200 https://registry.npmjs.org/bser/-/bser-2.1.1.tgz 8078ms (cache miss)
3882 http fetch GET 200 https://registry.npmjs.org/stack-utils/-/stack-utils-2.0.6.tgz 8045ms (cache miss)
3883 http fetch GET 200 https://registry.npmjs.org/jest-each/-/jest-each-30.3.0.tgz 8034ms (cache miss)
3884 http fetch GET 200 https://registry.npmjs.org/side-channel-list/-/side-channel-list-1.0.0.tgz 8349ms (cache miss)
3885 http fetch GET 200 https://registry.npmjs.org/cjs-module-lexer/-/cjs-module-lexer-2.2.0.tgz 8256ms (cache miss)
3886 http fetch GET 200 https://registry.npmjs.org/fb-watchman/-/fb-watchman-2.0.2.tgz 8224ms (cache miss)
3887 http fetch GET 200 https://registry.npmjs.org/type-detect/-/type-detect-4.0.8.tgz 8211ms (cache miss)
3888 http fetch GET 200 https://registry.npmjs.org/node-int64/-/node-int64-0.4.0.tgz 8232ms (cache miss)
3889 http fetch GET 200 https://registry.npmjs.org/walker/-/walker-1.0.8.tgz 8228ms (cache miss)
3890 http fetch GET 200 https://registry.npmjs.org/@babel/plugin-syntax-top-level-await/-/plugin-syntax-top-level-await-7.14.5.tgz 8170ms (cache miss)
3891 http fetch GET 200 https://registry.npmjs.org/@babel/plugin-syntax-private-property-in-object/-/plugin-syntax-private-property-in-object-7.14.5.tgz 8169ms (cache miss)
3892 http fetch GET 200 https://registry.npmjs.org/@babel/plugin-syntax-optional-chaining/-/plugin-syntax-optional-chaining-7.8.3.tgz 8168ms (cache miss)
3893 http fetch GET 200 https://registry.npmjs.org/@babel/plugin-syntax-optional-catch-binding/-/plugin-syntax-optional-catch-binding-7.8.3.tgz 8167ms (cache miss)
3894 http fetch GET 200 https://registry.npmjs.org/dedent/-/dedent-1.7.2.tgz 8183ms (cache miss)
3895 http fetch GET 200 https://registry.npmjs.org/@jest/expect/-/expect-30.3.0.tgz 8180ms (cache miss)
3896 http fetch GET 200 https://registry.npmjs.org/chalk/-/chalk-4.1.2.tgz 8348ms (cache miss)
3897 http fetch GET 200 https://registry.npmjs.org/chalk/-/chalk-4.1.2.tgz 8338ms (cache miss)
3898 http fetch GET 200 https://registry.npmjs.org/chalk/-/chalk-4.1.2.tgz 8178ms (cache miss)
3899 http fetch GET 200 https://registry.npmjs.org/normalize-path/-/normalize-path-3.0.0.tgz 8389ms (cache miss)
3900 http fetch GET 200 https://registry.npmjs.org/is-generator-fn/-/is-generator-fn-2.1.0.tgz 8341ms (cache miss)
3901 http fetch GET 200 https://registry.npmjs.org/jest-mock/-/jest-mock-30.3.0.tgz 8363ms (cache miss)
3902 http fetch GET 200 https://registry.npmjs.org/@jest/environment/-/environment-30.3.0.tgz 8337ms (cache miss)
3903 http fetch GET 200 https://registry.npmjs.org/@jest/fake-timers/-/fake-timers-30.3.0.tgz 8362ms (cache miss)
3904 http fetch GET 200 https://registry.npmjs.org/@babel/plugin-syntax-class-static-block/-/plugin-syntax-class-static-block-7.14.5.tgz 8309ms (cache miss)
3905 http fetch GET 200 https://registry.npmjs.org/babel-preset-current-node-syntax/-/babel-preset-current-node-syntax-1.2.0.tgz 8295ms (cache miss)
3906 http fetch GET 200 https://registry.npmjs.org/@babel/plugin-syntax-nullish-coalescing-operator/-/plugin-syntax-nullish-coalescing-operator-7.8.3.tgz 8324ms (cache miss)
3907 http fetch GET 200 https://registry.npmjs.org/@babel/plugin-syntax-object-rest-spread/-/plugin-syntax-object-rest-spread-7.8.3.tgz 8328ms (cache miss)
3908 http fetch GET 200 https://registry.npmjs.org/@babel/plugin-syntax-logical-assignment-operators/-/plugin-syntax-logical-assignment-operators-7.10.4.tgz 8324ms (cache miss)
3909 http fetch GET 200 https://registry.npmjs.org/@babel/plugin-syntax-json-strings/-/plugin-syntax-json-strings-7.8.3.tgz 8317ms (cache miss)
3910 http fetch GET 200 https://registry.npmjs.org/mime-db/-/mime-db-1.54.0.tgz 8597ms (cache miss)
3911 http fetch GET 200 https://registry.npmjs.org/picomatch/-/picomatch-2.3.2.tgz 8521ms (cache miss)
3912 http fetch GET 200 https://registry.npmjs.org/jest-matcher-utils/-/jest-matcher-utils-30.3.0.tgz 8502ms (cache miss)
3913 http fetch GET 200 https://registry.npmjs.org/co/-/co-4.6.0.tgz 8487ms (cache miss)
3914 http fetch GET 200 https://registry.npmjs.org/@types/babel__generator/-/babel__generator-7.27.0.tgz 8431ms (cache miss)
3915 http fetch GET 200 https://registry.npmjs.org/babel-preset-jest/-/babel-preset-jest-30.3.0.tgz 8429ms (cache miss)
3916 http fetch GET 200 https://registry.npmjs.org/@types/babel__core/-/babel__core-7.20.5.tgz 8428ms (cache miss)
3917 http fetch GET 200 https://registry.npmjs.org/strip-json-comments/-/strip-json-comments-3.1.1.tgz 8427ms (cache miss)
3918 http fetch GET 200 https://registry.npmjs.org/parse-json/-/parse-json-5.2.0.tgz 8409ms (cache miss)
3919 http fetch GET 200 https://registry.npmjs.org/@babel/plugin-syntax-bigint/-/plugin-syntax-bigint-7.8.3.tgz 8454ms (cache miss)
3920 http fetch GET 200 https://registry.npmjs.org/@babel/plugin-syntax-class-properties/-/plugin-syntax-class-properties-7.12.13.tgz 8456ms (cache miss)
3921 http fetch GET 200 https://registry.npmjs.org/@types/babel__template/-/babel__template-7.4.4.tgz 8435ms (cache miss)
3922 http fetch GET 200 https://registry.npmjs.org/tslib/-/tslib-2.8.1.tgz 8772ms (cache miss)
3923 http fetch GET 200 https://registry.npmjs.org/source-map-support/-/source-map-support-0.5.13.tgz 8682ms (cache miss)
3924 http fetch GET 200 https://registry.npmjs.org/@babel/plugin-syntax-import-meta/-/plugin-syntax-import-meta-7.10.4.tgz 8576ms (cache miss)
3925 http fetch GET 200 https://registry.npmjs.org/@babel/plugin-syntax-import-attributes/-/plugin-syntax-import-attributes-7.28.6.tgz 8575ms (cache miss)
3926 http fetch GET 200 https://registry.npmjs.org/@babel/plugin-syntax-numeric-separator/-/plugin-syntax-numeric-separator-7.10.4.tgz 8589ms (cache miss)
3927 http fetch GET 200 https://registry.npmjs.org/babel-plugin-jest-hoist/-/babel-plugin-jest-hoist-30.3.0.tgz 8556ms (cache miss)
3928 http fetch GET 200 https://registry.npmjs.org/deepmerge/-/deepmerge-4.3.1.tgz 8435ms (cache miss)
3929 http fetch GET 200 https://registry.npmjs.org/babel-jest/-/babel-jest-30.3.0.tgz 8423ms (cache miss)
3930 http fetch GET 200 https://registry.npmjs.org/ansi-styles/-/ansi-styles-4.3.0.tgz 8399ms (cache miss)
3931 http fetch GET 200 https://registry.npmjs.org/ansi-styles/-/ansi-styles-4.3.0.tgz 8476ms (cache miss)
3932 http fetch GET 200 https://registry.npmjs.org/jest-docblock/-/jest-docblock-30.2.0.tgz 8506ms (cache miss)
3933 http fetch GET 200 https://registry.npmjs.org/jest-environment-node/-/jest-environment-node-30.3.0.tgz 8522ms (cache miss)
3934 http fetch GET 200 https://registry.npmjs.org/side-channel/-/side-channel-1.1.0.tgz 8913ms (cache miss)
3935 http fetch GET 200 https://registry.npmjs.org/@babel/plugin-syntax-async-generators/-/plugin-syntax-async-generators-7.8.4.tgz 8718ms (cache miss)
3936 http fetch GET 200 https://registry.npmjs.org/chalk/-/chalk-4.1.2.tgz 8536ms (cache miss)
3937 http fetch GET 200 https://registry.npmjs.org/string-width/-/string-width-4.2.3.tgz 8437ms (cache miss)
3938 http fetch GET 200 https://registry.npmjs.org/string-width/-/string-width-4.2.3.tgz 8394ms (cache miss)
3939 http fetch GET 200 https://registry.npmjs.org/string-width/-/string-width-4.2.3.tgz 8384ms (cache miss)
3940 http fetch GET 200 https://registry.npmjs.org/strip-final-newline/-/strip-final-newline-2.0.0.tgz 8429ms (cache miss)
3941 http fetch GET 200 https://registry.npmjs.org/onetime/-/onetime-5.1.2.tgz 8425ms (cache miss)
3942 http fetch GET 200 https://registry.npmjs.org/npm-run-path/-/npm-run-path-4.0.1.tgz 8423ms (cache miss)
3943 http fetch GET 200 https://registry.npmjs.org/ansi-regex/-/ansi-regex-5.0.1.tgz 8466ms (cache miss)
3944 http fetch GET 200 https://registry.npmjs.org/ansi-regex/-/ansi-regex-5.0.1.tgz 8405ms (cache miss)
3945 http fetch GET 200 https://registry.npmjs.org/ansi-regex/-/ansi-regex-5.0.1.tgz 8385ms (cache miss)
3946 http fetch GET 200 https://registry.npmjs.org/strip-ansi/-/strip-ansi-6.0.1.tgz 8456ms (cache miss)
3947 http fetch GET 200 https://registry.npmjs.org/ansi-regex/-/ansi-regex-5.0.1.tgz 8390ms (cache miss)
3948 http fetch GET 200 https://registry.npmjs.org/strip-ansi/-/strip-ansi-6.0.1.tgz 8398ms (cache miss)
3949 http fetch GET 200 https://registry.npmjs.org/strip-ansi/-/strip-ansi-6.0.1.tgz 8381ms (cache miss)
3950 http fetch GET 200 https://registry.npmjs.org/strip-ansi/-/strip-ansi-6.0.1.tgz 8392ms (cache miss)
3951 http fetch GET 200 https://registry.npmjs.org/@jest/get-type/-/get-type-30.1.0.tgz 8506ms (cache miss)
3952 http fetch GET 200 https://registry.npmjs.org/@jest/test-sequencer/-/test-sequencer-30.3.0.tgz 8525ms (cache miss)
3953 http fetch GET 200 https://registry.npmjs.org/esbuild/-/esbuild-0.27.4.tgz 9141ms (cache miss)
3954 http fetch GET 200 https://registry.npmjs.org/sprintf-js/-/sprintf-js-1.0.3.tgz 9036ms (cache miss)
3955 http fetch GET 200 https://registry.npmjs.org/@types/babel__traverse/-/babel__traverse-7.28.0.tgz 8874ms (cache miss)
3956 http fetch GET 200 https://registry.npmjs.org/merge-stream/-/merge-stream-2.0.0.tgz 8598ms (cache miss)
3957 http fetch GET 200 https://registry.npmjs.org/signal-exit/-/signal-exit-3.0.7.tgz 8585ms (cache miss)
3958 http fetch GET 200 https://registry.npmjs.org/is-stream/-/is-stream-2.0.1.tgz 8601ms (cache miss)
3959 http fetch GET 200 https://registry.npmjs.org/get-stream/-/get-stream-6.0.1.tgz 8600ms (cache miss)
3960 http fetch GET 200 https://registry.npmjs.org/@scure/base/-/base-1.2.6.tgz 9534ms (cache miss)
3961 http fetch GET 200 https://registry.npmjs.org/expect/-/expect-30.3.0.tgz 9133ms (cache miss)
3962 http fetch GET 200 https://registry.npmjs.org/emoji-regex/-/emoji-regex-8.0.0.tgz 8791ms (cache miss)
3963 http fetch GET 200 https://registry.npmjs.org/emoji-regex/-/emoji-regex-8.0.0.tgz 8724ms (cache miss)
3964 http fetch GET 200 https://registry.npmjs.org/wrap-ansi/-/wrap-ansi-7.0.0.tgz 8754ms (cache miss)
3965 http fetch GET 200 https://registry.npmjs.org/emoji-regex/-/emoji-regex-8.0.0.tgz 8746ms (cache miss)
3966 http fetch GET 200 https://registry.npmjs.org/wrap-ansi/-/wrap-ansi-8.1.0.tgz 8741ms (cache miss)
3967 http fetch GET 200 https://registry.npmjs.org/strip-ansi/-/strip-ansi-7.2.0.tgz 8736ms (cache miss)
3968 http fetch GET 200 https://registry.npmjs.org/ansi-styles/-/ansi-styles-6.2.3.tgz 8740ms (cache miss)
3969 http fetch GET 200 https://registry.npmjs.org/eventemitter3/-/eventemitter3-5.0.1.tgz 9985ms (cache miss)
3970 http fetch GET 200 https://registry.npmjs.org/execa/-/execa-5.1.1.tgz 9247ms (cache miss)
3971 http fetch GET 200 https://registry.npmjs.org/ansi-styles/-/ansi-styles-4.3.0.tgz 9225ms (cache miss)
3972 http fetch GET 200 https://registry.npmjs.org/p-limit/-/p-limit-3.1.0.tgz 9249ms (cache miss)
3973 http fetch GET 200 https://registry.npmjs.org/resolve-cwd/-/resolve-cwd-3.0.0.tgz 9195ms (cache miss)
3974 http fetch GET 200 https://registry.npmjs.org/pkg-dir/-/pkg-dir-4.2.0.tgz 9194ms (cache miss)
3975 http fetch GET 200 https://registry.npmjs.org/which/-/which-2.0.2.tgz 9193ms (cache miss)
3976 http fetch GET 200 https://registry.npmjs.org/shebang-command/-/shebang-command-2.0.0.tgz 9192ms (cache miss)
3977 http fetch GET 200 https://registry.npmjs.org/path-key/-/path-key-3.1.1.tgz 9190ms (cache miss)
3978 http fetch GET 200 https://registry.npmjs.org/html-escaper/-/html-escaper-2.0.2.tgz 9205ms (cache miss)
3979 http fetch GET 200 https://registry.npmjs.org/supports-color/-/supports-color-7.2.0.tgz 9208ms (cache miss)
3980 http fetch GET 200 https://registry.npmjs.org/@isaacs/cliui/-/cliui-8.0.2.tgz 9215ms (cache miss)
3981 http fetch GET 200 https://registry.npmjs.org/string-width/-/string-width-5.1.2.tgz 9385ms (cache miss)
3982 http fetch GET 200 https://registry.npmjs.org/cross-spawn/-/cross-spawn-7.0.6.tgz 9360ms (cache miss)
3983 http fetch GET 200 https://registry.npmjs.org/make-dir/-/make-dir-4.0.0.tgz 9376ms (cache miss)
3984 http fetch GET 200 https://registry.npmjs.org/package-json-from-dist/-/package-json-from-dist-1.0.1.tgz 9358ms (cache miss)
3985 http fetch GET 200 https://registry.npmjs.org/path-exists/-/path-exists-4.0.0.tgz 9348ms (cache miss)
3986 http fetch GET 200 https://registry.npmjs.org/locate-path/-/locate-path-5.0.0.tgz 9347ms (cache miss)
3987 http fetch GET 200 https://registry.npmjs.org/update-browserslist-db/-/update-browserslist-db-1.2.3.tgz 9346ms (cache miss)
3988 http fetch GET 200 https://registry.npmjs.org/node-releases/-/node-releases-2.0.36.tgz 9468ms (cache miss)
3989 http fetch GET 200 https://registry.npmjs.org/find-up/-/find-up-4.1.0.tgz 9456ms (cache miss)
3990 http fetch GET 200 https://registry.npmjs.org/camelcase/-/camelcase-5.3.1.tgz 9456ms (cache miss)
3991 http fetch GET 200 https://registry.npmjs.org/test-exclude/-/test-exclude-6.0.0.tgz 9454ms (cache miss)
3992 http fetch GET 200 https://registry.npmjs.org/resolve-from/-/resolve-from-5.0.0.tgz 9463ms (cache miss)
3993 http fetch GET 200 https://registry.npmjs.org/esprima/-/esprima-4.0.1.tgz 10137ms (cache miss)
3994 http fetch GET 200 https://registry.npmjs.org/brace-expansion/-/brace-expansion-1.1.13.tgz 9587ms (cache miss)
3995 http fetch GET 200 https://registry.npmjs.org/minimatch/-/minimatch-3.1.5.tgz 9583ms (cache miss)
3996 http fetch GET 200 https://registry.npmjs.org/get-package-type/-/get-package-type-0.1.0.tgz 9594ms (cache miss)
3997 http fetch GET 200 https://registry.npmjs.org/@types/yargs-parser/-/yargs-parser-21.0.3.tgz 9576ms (cache miss)
3998 http fetch GET 200 https://registry.npmjs.org/@types/istanbul-lib-report/-/istanbul-lib-report-3.0.3.tgz 9576ms (cache miss)
3999 http fetch GET 200 https://registry.npmjs.org/@types/yargs/-/yargs-17.0.35.tgz 9570ms (cache miss)
4000 http fetch GET 200 https://registry.npmjs.org/@istanbuljs/load-nyc-config/-/load-nyc-config-1.1.0.tgz 9585ms (cache miss)
4001 http fetch GET 200 https://registry.npmjs.org/@babel/helper-plugin-utils/-/helper-plugin-utils-7.28.6.tgz 9586ms (cache miss)
4002 http fetch GET 200 https://registry.npmjs.org/@istanbuljs/schema/-/schema-0.1.3.tgz 9590ms (cache miss)
4003 http fetch GET 200 https://registry.npmjs.org/glob/-/glob-7.2.3.tgz 9763ms (cache miss)
4004 warn deprecated glob@7.2.3: Old versions of glob are not supported, and contain widely publicized security vulnerabilities, which have been fixed in the current version. Please update. Support for old versions may be purchased (at exorbitant rates) by contacting i@izs.me
4005 http fetch GET 200 https://registry.npmjs.org/@jridgewell/resolve-uri/-/resolve-uri-3.1.2.tgz 9753ms (cache miss)
4006 http fetch GET 200 https://registry.npmjs.org/lru-cache/-/lru-cache-5.1.1.tgz 9739ms (cache miss)
4007 http fetch GET 200 https://registry.npmjs.org/@babel/helper-string-parser/-/helper-string-parser-7.27.1.tgz 9749ms (cache miss)
4008 http fetch GET 200 https://registry.npmjs.org/@babel/helper-globals/-/helper-globals-7.28.0.tgz 9745ms (cache miss)
4009 http fetch GET 200 https://registry.npmjs.org/@babel/helper-module-imports/-/helper-module-imports-7.28.6.tgz 9743ms (cache miss)
4010 http fetch GET 200 https://registry.npmjs.org/napi-postinstall/-/napi-postinstall-0.3.4.tgz 10683ms (cache miss)
4011 http fetch GET 200 https://registry.npmjs.org/human-signals/-/human-signals-2.1.0.tgz 10108ms (cache miss)
4012 http fetch GET 200 https://registry.npmjs.org/browserslist/-/browserslist-4.28.1.tgz 9970ms (cache miss)
4013 http fetch GET 200 https://registry.npmjs.org/jsesc/-/jsesc-3.1.0.tgz 9968ms (cache miss)
4014 http fetch GET 200 https://registry.npmjs.org/gensync/-/gensync-1.0.0-beta.2.tgz 9958ms (cache miss)
4015 http fetch GET 200 https://registry.npmjs.org/picocolors/-/picocolors-1.1.1.tgz 9966ms (cache miss)
4016 http fetch GET 200 https://registry.npmjs.org/@scure/bip32/-/bip32-1.7.0.tgz 10933ms (cache miss)
4017 http fetch GET 200 https://registry.npmjs.org/ws/-/ws-8.18.3.tgz 10787ms (cache miss)
4018 http fetch GET 200 https://registry.npmjs.org/chalk/-/chalk-4.1.2.tgz 10692ms (cache miss)
4019 http fetch GET 200 https://registry.npmjs.org/@babel/helper-validator-option/-/helper-validator-option-7.27.1.tgz 10121ms (cache miss)
4020 http fetch GET 200 https://registry.npmjs.org/@babel/compat-data/-/compat-data-7.29.0.tgz 10120ms (cache miss)
4021 http fetch GET 200 https://registry.npmjs.org/@types/istanbul-reports/-/istanbul-reports-3.0.4.tgz 10136ms (cache miss)
4022 http fetch GET 200 https://registry.npmjs.org/@jest/schemas/-/schemas-30.0.5.tgz 10136ms (cache miss)
4023 http fetch GET 200 https://registry.npmjs.org/semver/-/semver-6.3.1.tgz 10118ms (cache miss)
4024 http fetch GET 200 https://registry.npmjs.org/@babel/helper-validator-identifier/-/helper-validator-identifier-7.28.5.tgz 10119ms (cache miss)
4025 http fetch GET 200 https://registry.npmjs.org/@babel/code-frame/-/code-frame-7.29.0.tgz 10097ms (cache miss)
4026 http fetch GET 200 https://registry.npmjs.org/write-file-atomic/-/write-file-atomic-5.0.1.tgz 10096ms (cache miss)
4027 http fetch GET 200 https://registry.npmjs.org/pirates/-/pirates-4.0.7.tgz 10095ms (cache miss)
4028 http fetch GET 200 https://registry.npmjs.org/convert-source-map/-/convert-source-map-2.0.0.tgz 10098ms (cache miss)
4029 http fetch GET 200 https://registry.npmjs.org/babel-plugin-istanbul/-/babel-plugin-istanbul-7.0.1.tgz 10099ms (cache miss)
4030 http fetch GET 200 https://registry.npmjs.org/@babel/helper-compilation-targets/-/helper-compilation-targets-7.28.6.tgz 10112ms (cache miss)
4031 http fetch GET 200 https://registry.npmjs.org/synckit/-/synckit-0.11.12.tgz 10814ms (cache miss)
4032 http fetch GET 200 https://registry.npmjs.org/supports-color/-/supports-color-8.1.1.tgz 10190ms (cache miss)
4033 http fetch GET 200 https://registry.npmjs.org/istanbul-lib-coverage/-/istanbul-lib-coverage-3.2.2.tgz 10176ms (cache miss)
4034 http fetch GET 200 https://registry.npmjs.org/string-length/-/string-length-4.0.2.tgz 10196ms (cache miss)
4035 http fetch GET 200 https://registry.npmjs.org/@types/istanbul-lib-coverage/-/istanbul-lib-coverage-2.0.6.tgz 10203ms (cache miss)
4036 http fetch GET 200 https://registry.npmjs.org/ansi-regex/-/ansi-regex-5.0.1.tgz 10196ms (cache miss)
4037 http fetch GET 200 https://registry.npmjs.org/strip-ansi/-/strip-ansi-6.0.1.tgz 10195ms (cache miss)
4038 http fetch GET 200 https://registry.npmjs.org/v8-to-istanbul/-/v8-to-istanbul-9.3.0.tgz 10198ms (cache miss)
4039 http fetch GET 200 https://registry.npmjs.org/picomatch/-/picomatch-4.0.4.tgz 11068ms (cache miss)
4040 http fetch GET 200 https://registry.npmjs.org/js-tokens/-/js-tokens-4.0.0.tgz 10579ms (cache miss)
4041 http fetch GET 200 https://registry.npmjs.org/istanbul-lib-source-maps/-/istanbul-lib-source-maps-5.0.6.tgz 10556ms (cache miss)
4042 http fetch GET 200 https://registry.npmjs.org/slash/-/slash-3.0.0.tgz 10539ms (cache miss)
4043 http fetch GET 200 https://registry.npmjs.org/pretty-format/-/pretty-format-30.3.0.tgz 10536ms (cache miss)
4044 http fetch GET 200 https://registry.npmjs.org/jest-watcher/-/jest-watcher-30.3.0.tgz 10537ms (cache miss)
4045 http fetch GET 200 https://registry.npmjs.org/ansi-styles/-/ansi-styles-4.3.0.tgz 10536ms (cache miss)
4046 http fetch GET 200 https://registry.npmjs.org/ansi-styles/-/ansi-styles-4.3.0.tgz 10474ms (cache miss)
4047 http fetch GET 200 https://registry.npmjs.org/ansi-styles/-/ansi-styles-4.3.0.tgz 10538ms (cache miss)
4048 http fetch GET 200 https://registry.npmjs.org/ansi-styles/-/ansi-styles-4.3.0.tgz 10521ms (cache miss)
4049 http fetch GET 200 https://registry.npmjs.org/ansi-styles/-/ansi-styles-4.3.0.tgz 10536ms (cache miss)
4050 http fetch GET 200 https://registry.npmjs.org/ansi-styles/-/ansi-styles-4.3.0.tgz 10374ms (cache miss)
4051 http fetch GET 200 https://registry.npmjs.org/ansi-styles/-/ansi-styles-4.3.0.tgz 10447ms (cache miss)
4052 http fetch GET 200 https://registry.npmjs.org/jest-validate/-/jest-validate-30.3.0.tgz 10564ms (cache miss)
4053 http fetch GET 200 https://registry.npmjs.org/collect-v8-coverage/-/collect-v8-coverage-1.0.3.tgz 10592ms (cache miss)
4054 http fetch GET 200 https://registry.npmjs.org/yargs-parser/-/yargs-parser-21.1.1.tgz 11807ms (cache miss)
4055 http fetch GET 200 https://registry.npmjs.org/istanbul-lib-report/-/istanbul-lib-report-3.0.1.tgz 10756ms (cache miss)
4056 http fetch GET 200 https://registry.npmjs.org/chalk/-/chalk-4.1.2.tgz 10723ms (cache miss)
4057 http fetch GET 200 https://registry.npmjs.org/chalk/-/chalk-4.1.2.tgz 10678ms (cache miss)
4058 http fetch GET 200 https://registry.npmjs.org/chalk/-/chalk-4.1.2.tgz 10715ms (cache miss)
4059 http fetch GET 200 https://registry.npmjs.org/chalk/-/chalk-4.1.2.tgz 10705ms (cache miss)
4060 http fetch GET 200 https://registry.npmjs.org/chalk/-/chalk-4.1.2.tgz 10599ms (cache miss)
4061 http fetch GET 200 https://registry.npmjs.org/chalk/-/chalk-4.1.2.tgz 10534ms (cache miss)
4062 http fetch GET 200 https://registry.npmjs.org/chalk/-/chalk-4.1.2.tgz 10644ms (cache miss)
4063 http fetch GET 200 https://registry.npmjs.org/chalk/-/chalk-4.1.2.tgz 10476ms (cache miss)
4064 http fetch GET 200 https://registry.npmjs.org/camelcase/-/camelcase-6.3.0.tgz 10717ms (cache miss)
4065 http fetch GET 200 https://registry.npmjs.org/@emnapi/wasi-threads/-/wasi-threads-1.2.0.tgz 11707ms (cache miss)
4066 http fetch GET 200 https://registry.npmjs.org/jest-circus/-/jest-circus-30.3.0.tgz 11274ms (cache miss)
4067 http fetch GET 200 https://registry.npmjs.org/jest-worker/-/jest-worker-30.3.0.tgz 10871ms (cache miss)
4068 http fetch GET 200 https://registry.npmjs.org/istanbul-lib-instrument/-/istanbul-lib-instrument-6.0.3.tgz 10863ms (cache miss)
4069 http fetch GET 200 https://registry.npmjs.org/jest-runtime/-/jest-runtime-30.3.0.tgz 10777ms (cache miss)
4070 http fetch GET 200 https://registry.npmjs.org/jest-resolve-dependencies/-/jest-resolve-dependencies-30.3.0.tgz 10685ms (cache miss)
4071 http fetch GET 200 https://registry.npmjs.org/jest-regex-util/-/jest-regex-util-30.0.1.tgz 10632ms (cache miss)
4072 http fetch GET 200 https://registry.npmjs.org/jest-util/-/jest-util-30.3.0.tgz 10974ms (cache miss)
4073 http fetch GET 200 https://registry.npmjs.org/jest-resolve/-/jest-resolve-30.3.0.tgz 10826ms (cache miss)
4074 http fetch GET 200 https://registry.npmjs.org/jest-message-util/-/jest-message-util-30.3.0.tgz 10773ms (cache miss)
4075 http fetch GET 200 https://registry.npmjs.org/jest-runner/-/jest-runner-30.3.0.tgz 10893ms (cache miss)
4076 http fetch GET 200 https://registry.npmjs.org/jest-changed-files/-/jest-changed-files-30.3.0.tgz 10664ms (cache miss)
4077 http fetch GET 200 https://registry.npmjs.org/graceful-fs/-/graceful-fs-4.2.11.tgz 10655ms (cache miss)
4078 http fetch GET 200 https://registry.npmjs.org/ci-info/-/ci-info-4.4.0.tgz 10639ms (cache miss)
4079 http fetch GET 200 https://registry.npmjs.org/ansi-escapes/-/ansi-escapes-4.3.2.tgz 10637ms (cache miss)
4080 http fetch GET 200 https://registry.npmjs.org/ansi-styles/-/ansi-styles-4.3.0.tgz 10756ms (cache miss)
4081 http fetch GET 200 https://registry.npmjs.org/ansi-styles/-/ansi-styles-4.3.0.tgz 10696ms (cache miss)
4082 http fetch GET 200 https://registry.npmjs.org/ansi-styles/-/ansi-styles-4.3.0.tgz 10630ms (cache miss)
4083 http fetch GET 200 https://registry.npmjs.org/ansi-styles/-/ansi-styles-4.3.0.tgz 10613ms (cache miss)
4084 http fetch GET 200 https://registry.npmjs.org/ansi-styles/-/ansi-styles-4.3.0.tgz 10636ms (cache miss)
4085 http fetch GET 200 https://registry.npmjs.org/ansi-styles/-/ansi-styles-4.3.0.tgz 10610ms (cache miss)
4086 http fetch GET 200 https://registry.npmjs.org/jest-snapshot/-/jest-snapshot-30.3.0.tgz 11098ms (cache miss)
4087 http fetch GET 200 https://registry.npmjs.org/chalk/-/chalk-4.1.2.tgz 10809ms (cache miss)
4088 http fetch GET 200 https://registry.npmjs.org/chalk/-/chalk-4.1.2.tgz 10744ms (cache miss)
4089 http fetch GET 200 https://registry.npmjs.org/chalk/-/chalk-4.1.2.tgz 10757ms (cache miss)
4090 http fetch GET 200 https://registry.npmjs.org/chalk/-/chalk-4.1.2.tgz 10768ms (cache miss)
4091 http fetch GET 200 https://registry.npmjs.org/chalk/-/chalk-4.1.2.tgz 10743ms (cache miss)
4092 http fetch GET 200 https://registry.npmjs.org/chalk/-/chalk-4.1.2.tgz 10735ms (cache miss)
4093 http fetch GET 200 https://registry.npmjs.org/chalk/-/chalk-4.1.2.tgz 10751ms (cache miss)
4094 http fetch GET 200 https://registry.npmjs.org/@jest/console/-/console-30.3.0.tgz 10782ms (cache miss)
4095 http fetch GET 200 https://registry.npmjs.org/@jest/test-result/-/test-result-30.3.0.tgz 10798ms (cache miss)
4096 http fetch GET 200 https://registry.npmjs.org/jest-config/-/jest-config-30.3.0.tgz 11104ms (cache miss)
4097 http fetch GET 200 https://registry.npmjs.org/jest-cli/-/jest-cli-30.3.0.tgz 11001ms (cache miss)
4098 http fetch GET 200 https://registry.npmjs.org/@jest/transform/-/transform-30.3.0.tgz 11029ms (cache miss)
4099 http fetch GET 200 https://registry.npmjs.org/import-local/-/import-local-3.2.0.tgz 11004ms (cache miss)
4100 http fetch GET 200 https://registry.npmjs.org/@jest/types/-/types-30.3.0.tgz 11136ms (cache miss)
4101 http fetch GET 200 https://registry.npmjs.org/ansi-styles/-/ansi-styles-4.3.0.tgz 11135ms (cache miss)
4102 http fetch GET 200 https://registry.npmjs.org/ansi-styles/-/ansi-styles-4.3.0.tgz 11132ms (cache miss)
4103 http fetch GET 200 https://registry.npmjs.org/es6-promisify/-/es6-promisify-5.0.0.tgz 11125ms (cache miss)
4104 http fetch GET 200 https://registry.npmjs.org/delay/-/delay-5.0.0.tgz 11124ms (cache miss)
4105 http fetch GET 200 https://registry.npmjs.org/@types/ws/-/ws-7.4.7.tgz 11126ms (cache miss)
4106 http fetch GET 200 https://registry.npmjs.org/safer-buffer/-/safer-buffer-2.1.2.tgz 11128ms (cache miss)
4107 http fetch GET 200 https://registry.npmjs.org/agent-base/-/agent-base-7.1.4.tgz 11126ms (cache miss)
4108 http fetch GET 200 https://registry.npmjs.org/toidentifier/-/toidentifier-1.0.1.tgz 11129ms (cache miss)
4109 http fetch GET 200 https://registry.npmjs.org/setprototypeof/-/setprototypeof-1.2.0.tgz 11127ms (cache miss)
4110 http fetch GET 200 https://registry.npmjs.org/dunder-proto/-/dunder-proto-1.0.1.tgz 11127ms (cache miss)
4111 http fetch GET 200 https://registry.npmjs.org/json-stringify-safe/-/json-stringify-safe-5.0.1.tgz 11149ms (cache miss)
4112 http fetch GET 200 https://registry.npmjs.org/eyes/-/eyes-0.1.8.tgz 11143ms (cache miss)
4113 http fetch GET 200 https://registry.npmjs.org/isomorphic-ws/-/isomorphic-ws-4.0.1.tgz 11144ms (cache miss)
4114 http fetch GET 200 https://registry.npmjs.org/electron-to-chromium/-/electron-to-chromium-1.5.328.tgz 12102ms (cache miss)
4115 http fetch GET 200 https://registry.npmjs.org/jest-haste-map/-/jest-haste-map-30.3.0.tgz 11703ms (cache miss)
4116 http fetch GET 200 https://registry.npmjs.org/@jest/core/-/core-30.3.0.tgz 11622ms (cache miss)
4117 http fetch GET 200 https://registry.npmjs.org/es-object-atoms/-/es-object-atoms-1.1.1.tgz 11590ms (cache miss)
4118 http fetch GET 200 https://registry.npmjs.org/call-bind-apply-helpers/-/call-bind-apply-helpers-1.0.2.tgz 11585ms (cache miss)
4119 http fetch GET 200 https://registry.npmjs.org/has-tostringtag/-/has-tostringtag-1.0.2.tgz 11589ms (cache miss)
4120 http fetch GET 200 https://registry.npmjs.org/delayed-stream/-/delayed-stream-1.0.0.tgz 11599ms (cache miss)
4121 http fetch GET 200 https://registry.npmjs.org/hasown/-/hasown-2.0.2.tgz 11598ms (cache miss)
4122 http fetch GET 200 https://registry.npmjs.org/math-intrinsics/-/math-intrinsics-1.1.0.tgz 11629ms (cache miss)
4123 http fetch GET 200 https://registry.npmjs.org/get-proto/-/get-proto-1.0.1.tgz 11629ms (cache miss)
4124 http fetch GET 200 https://registry.npmjs.org/fast-json-stable-stringify/-/fast-json-stable-stringify-2.1.0.tgz 12247ms (cache miss)
4125 http fetch GET 200 https://registry.npmjs.org/es-define-property/-/es-define-property-1.0.1.tgz 11757ms (cache miss)
4126 http fetch GET 200 https://registry.npmjs.org/es-set-tostringtag/-/es-set-tostringtag-2.1.0.tgz 11749ms (cache miss)
4127 http fetch GET 200 https://registry.npmjs.org/asynckit/-/asynckit-0.4.0.tgz 11741ms (cache miss)
4128 http fetch GET 200 https://registry.npmjs.org/bytes/-/bytes-3.1.2.tgz 11736ms (cache miss)
4129 http fetch GET 200 https://registry.npmjs.org/type-is/-/type-is-2.0.1.tgz 11734ms (cache miss)
4130 http fetch GET 200 https://registry.npmjs.org/statuses/-/statuses-2.0.2.tgz 11728ms (cache miss)
4131 http fetch GET 200 https://registry.npmjs.org/@jest/reporters/-/reporters-30.3.0.tgz 11965ms (cache miss)
4132 http fetch GET 200 https://registry.npmjs.org/gopd/-/gopd-1.2.0.tgz 11898ms (cache miss)
4133 http fetch GET 200 https://registry.npmjs.org/raw-body/-/raw-body-3.0.2.tgz 11867ms (cache miss)
4134 http fetch GET 200 https://registry.npmjs.org/negotiator/-/negotiator-1.0.0.tgz 11873ms (cache miss)
4135 http fetch GET 200 https://registry.npmjs.org/serve-static/-/serve-static-2.2.1.tgz 11865ms (cache miss)
4136 http fetch GET 200 https://registry.npmjs.org/parseurl/-/parseurl-1.3.3.tgz 11857ms (cache miss)
4137 http fetch GET 200 https://registry.npmjs.org/once/-/once-1.4.0.tgz 11851ms (cache miss)
4138 http fetch GET 200 https://registry.npmjs.org/on-finished/-/on-finished-2.4.1.tgz 11852ms (cache miss)
4139 http fetch GET 200 https://registry.npmjs.org/merge-descriptors/-/merge-descriptors-2.0.0.tgz 11849ms (cache miss)
4140 http fetch GET 200 https://registry.npmjs.org/range-parser/-/range-parser-1.2.1.tgz 11866ms (cache miss)
4141 http fetch GET 200 https://registry.npmjs.org/proxy-addr/-/proxy-addr-2.0.7.tgz 11863ms (cache miss)
4142 http fetch GET 200 https://registry.npmjs.org/baseline-browser-mapping/-/baseline-browser-mapping-2.10.12.tgz 12630ms (cache miss)
4143 http fetch GET 200 https://registry.npmjs.org/get-intrinsic/-/get-intrinsic-1.3.0.tgz 12048ms (cache miss)
4144 http fetch GET 200 https://registry.npmjs.org/ms/-/ms-2.1.3.tgz 12034ms (cache miss)
4145 http fetch GET 200 https://registry.npmjs.org/combined-stream/-/combined-stream-1.0.8.tgz 12045ms (cache miss)
4146 http fetch GET 200 https://registry.npmjs.org/send/-/send-1.2.1.tgz 12019ms (cache miss)
4147 http fetch GET 200 https://registry.npmjs.org/router/-/router-2.2.0.tgz 12019ms (cache miss)
4148 http fetch GET 200 https://registry.npmjs.org/depd/-/depd-2.0.0.tgz 11991ms (cache miss)
4149 http fetch GET 200 https://registry.npmjs.org/debug/-/debug-4.4.3.tgz 11990ms (cache miss)
4150 http fetch GET 200 https://registry.npmjs.org/cookie-signature/-/cookie-signature-1.2.2.tgz 11990ms (cache miss)
4151 http fetch GET 200 https://registry.npmjs.org/fresh/-/fresh-2.0.0.tgz 12008ms (cache miss)
4152 http fetch GET 200 https://registry.npmjs.org/finalhandler/-/finalhandler-2.1.1.tgz 12009ms (cache miss)
4153 http fetch GET 200 https://registry.npmjs.org/etag/-/etag-1.8.1.tgz 12008ms (cache miss)
4154 http fetch GET 200 https://registry.npmjs.org/escape-html/-/escape-html-1.0.3.tgz 12004ms (cache miss)
4155 http fetch GET 200 https://registry.npmjs.org/encodeurl/-/encodeurl-2.0.0.tgz 12003ms (cache miss)
4156 http fetch GET 200 https://registry.npmjs.org/object-inspect/-/object-inspect-1.13.4.tgz 13417ms (cache miss)
4157 http fetch GET 200 https://registry.npmjs.org/@babel/template/-/template-7.28.6.tgz 12740ms (cache miss)
4158 http fetch GET 200 https://registry.npmjs.org/function-bind/-/function-bind-1.1.2.tgz 12238ms (cache miss)
4159 http fetch GET 200 https://registry.npmjs.org/cookie/-/cookie-0.7.2.tgz 12158ms (cache miss)
4160 http fetch GET 200 https://registry.npmjs.org/minimalistic-assert/-/minimalistic-assert-1.0.1.tgz 12145ms (cache miss)
4161 http fetch GET 200 https://registry.npmjs.org/hmac-drbg/-/hmac-drbg-1.0.1.tgz 12144ms (cache miss)
4162 http fetch GET 200 https://registry.npmjs.org/brorand/-/brorand-1.1.0.tgz 12143ms (cache miss)
4163 http fetch GET 200 https://registry.npmjs.org/body-parser/-/body-parser-2.2.2.tgz 12155ms (cache miss)
4164 http fetch GET 200 https://registry.npmjs.org/accepts/-/accepts-2.0.0.tgz 12153ms (cache miss)
4165 http fetch GET 200 https://registry.npmjs.org/minimalistic-crypto-utils/-/minimalistic-crypto-utils-1.0.1.tgz 12153ms (cache miss)
4166 http fetch GET 200 https://registry.npmjs.org/content-type/-/content-type-1.0.5.tgz 12470ms (cache miss)
4167 http fetch GET 200 https://registry.npmjs.org/content-disposition/-/content-disposition-1.0.1.tgz 12483ms (cache miss)
4168 http fetch GET 200 https://registry.npmjs.org/@ethersproject/transactions/-/transactions-5.8.0.tgz 12442ms (cache miss)
4169 http fetch GET 200 https://registry.npmjs.org/hash.js/-/hash.js-1.1.7.tgz 12466ms (cache miss)
4170 http fetch GET 200 https://registry.npmjs.org/bech32/-/bech32-1.1.4.tgz 12472ms (cache miss)
4171 http fetch GET 200 https://registry.npmjs.org/js-sha3/-/js-sha3-0.8.0.tgz 12470ms (cache miss)
4172 http fetch GET 200 https://registry.npmjs.org/tr46/-/tr46-0.0.3.tgz 14244ms (cache miss)
4173 http fetch GET 200 https://registry.npmjs.org/@pkgjs/parseargs/-/parseargs-0.11.0.tgz 13373ms (cache miss)
4174 http fetch GET 200 https://registry.npmjs.org/inherits/-/inherits-2.0.4.tgz 12653ms (cache miss)
4175 http fetch GET 200 https://registry.npmjs.org/bn.js/-/bn.js-4.12.3.tgz 12642ms (cache miss)
4176 http fetch GET 200 https://registry.npmjs.org/@ethersproject/units/-/units-5.8.0.tgz 12627ms (cache miss)
4177 http fetch GET 200 https://registry.npmjs.org/@ethersproject/solidity/-/solidity-5.8.0.tgz 12625ms (cache miss)
4178 http fetch GET 200 https://registry.npmjs.org/@ethersproject/sha2/-/sha2-5.8.0.tgz 12624ms (cache miss)
4179 http fetch GET 200 https://registry.npmjs.org/@jest/pattern/-/pattern-30.0.1.tgz 12966ms (cache miss)
4180 http fetch GET 200 https://registry.npmjs.org/@ethersproject/networks/-/networks-5.8.0.tgz 12755ms (cache miss)
4181 http fetch GET 200 https://registry.npmjs.org/@ethersproject/keccak256/-/keccak256-5.8.0.tgz 12747ms (cache miss)
4182 http fetch GET 200 https://registry.npmjs.org/@ethersproject/pbkdf2/-/pbkdf2-5.8.0.tgz 12757ms (cache miss)
4183 http fetch GET 200 https://registry.npmjs.org/@ethersproject/random/-/random-5.8.0.tgz 12764ms (cache miss)
4184 http fetch GET 200 https://registry.npmjs.org/@babel/helper-module-transforms/-/helper-module-transforms-7.28.6.tgz 13464ms (cache miss)
4185 http fetch GET 200 https://registry.npmjs.org/mime-types/-/mime-types-3.0.2.tgz 12899ms (cache miss)
4186 http fetch GET 200 https://registry.npmjs.org/@ethersproject/basex/-/basex-5.8.0.tgz 12781ms (cache miss)
4187 http fetch GET 200 https://registry.npmjs.org/@ethersproject/address/-/address-5.8.0.tgz 12780ms (cache miss)
4188 http fetch GET 200 https://registry.npmjs.org/@ethersproject/abstract-provider/-/abstract-provider-5.8.0.tgz 12778ms (cache miss)
4189 http fetch GET 200 https://registry.npmjs.org/vary/-/vary-1.1.2.tgz 12776ms (cache miss)
4190 http fetch GET 200 https://registry.npmjs.org/@ethersproject/constants/-/constants-5.8.0.tgz 12795ms (cache miss)
4191 http fetch GET 200 https://registry.npmjs.org/@ethersproject/base64/-/base64-5.8.0.tgz 12787ms (cache miss)
4192 http fetch GET 200 https://registry.npmjs.org/has-symbols/-/has-symbols-1.1.0.tgz 13025ms (cache miss)
4193 http fetch GET 200 https://registry.npmjs.org/ieee754/-/ieee754-1.2.1.tgz 12827ms (cache miss)
4194 http fetch GET 200 https://registry.npmjs.org/base64-js/-/base64-js-1.5.1.tgz 12825ms (cache miss)
4195 http fetch GET 200 https://registry.npmjs.org/base-x/-/base-x-5.0.1.tgz 12824ms (cache miss)
4196 http fetch GET 200 https://registry.npmjs.org/proxy-from-env/-/proxy-from-env-2.1.0.tgz 12822ms (cache miss)
4197 http fetch GET 200 https://registry.npmjs.org/mime-types/-/mime-types-2.1.35.tgz 12813ms (cache miss)
4198 http fetch GET 200 https://registry.npmjs.org/@types/qs/-/qs-6.15.0.tgz 12828ms (cache miss)
4199 http fetch GET 200 https://registry.npmjs.org/@types/serve-static/-/serve-static-2.2.0.tgz 12791ms (cache miss)
4200 http fetch GET 200 https://registry.npmjs.org/follow-redirects/-/follow-redirects-1.15.11.tgz 12851ms (cache miss)
4201 http fetch GET 200 https://registry.npmjs.org/humanize-ms/-/humanize-ms-1.2.1.tgz 12850ms (cache miss)
4202 http fetch GET 200 https://registry.npmjs.org/@types/http-errors/-/http-errors-2.0.5.tgz 12849ms (cache miss)
4203 http fetch GET 200 https://registry.npmjs.org/@types/range-parser/-/range-parser-1.2.7.tgz 12846ms (cache miss)
4204 http fetch GET 200 https://registry.npmjs.org/@types/send/-/send-1.2.1.tgz 12845ms (cache miss)
4205 http fetch GET 200 https://registry.npmjs.org/object-assign/-/object-assign-4.1.1.tgz 12922ms (cache miss)
4206 http fetch GET 200 https://registry.npmjs.org/@types/connect/-/connect-3.4.38.tgz 12861ms (cache miss)
4207 http fetch GET 200 https://registry.npmjs.org/@types/body-parser/-/body-parser-1.19.6.tgz 12822ms (cache miss)
4208 http fetch GET 200 https://registry.npmjs.org/chalk/-/chalk-5.6.2.tgz 12793ms (cache miss)
4209 http fetch GET 200 https://registry.npmjs.org/form-data/-/form-data-4.0.5.tgz 12955ms (cache miss)
4210 http fetch GET 200 https://registry.npmjs.org/@types/express-serve-static-core/-/express-serve-static-core-5.1.1.tgz 12875ms (cache miss)
4211 http fetch GET 200 https://registry.npmjs.org/borsh/-/borsh-0.7.0.tgz 12617ms (cache miss)
4212 http fetch GET 200 https://registry.npmjs.org/@types/ws/-/ws-8.18.1.tgz 12740ms (cache miss)
4213 http fetch GET 200 https://registry.npmjs.org/engine.io-parser/-/engine.io-parser-5.2.3.tgz 14405ms (cache miss)
4214 http fetch GET 200 https://registry.npmjs.org/signal-exit/-/signal-exit-4.1.0.tgz 13810ms (cache miss)
4215 http fetch GET 200 https://registry.npmjs.org/text-encoding-utf-8/-/text-encoding-utf-8-1.0.2.tgz 13009ms (cache miss)
4216 http fetch GET 200 https://registry.npmjs.org/commander/-/commander-2.20.3.tgz 12708ms (cache miss)
4217 http fetch GET 200 https://registry.npmjs.org/buffer/-/buffer-6.0.3.tgz 12677ms (cache miss)
4218 http fetch GET 200 https://registry.npmjs.org/bs58/-/bs58-4.0.1.tgz 12658ms (cache miss)
4219 http fetch GET 200 https://registry.npmjs.org/base-x/-/base-x-3.0.11.tgz 12661ms (cache miss)
4220 http fetch GET 200 https://registry.npmjs.org/agentkeepalive/-/agentkeepalive-4.6.0.tgz 12656ms (cache miss)
4221 http fetch GET 200 https://registry.npmjs.org/@jridgewell/sourcemap-codec/-/sourcemap-codec-1.5.5.tgz 13795ms (cache miss)
4222 http fetch GET 200 https://registry.npmjs.org/es-errors/-/es-errors-1.3.0.tgz 13246ms (cache miss)
4223 http fetch GET 200 https://registry.npmjs.org/browser-or-node/-/browser-or-node-2.1.1.tgz 12670ms (cache miss)
4224 http fetch GET 200 https://registry.npmjs.org/eventemitter3/-/eventemitter3-5.0.4.tgz 12697ms (cache miss)
4225 http fetch GET 200 https://registry.npmjs.org/jest/-/jest-30.3.0.tgz 12694ms (cache miss)
4226 http fetch GET 200 https://registry.npmjs.org/@prob/types/-/types-0.0.1.tgz 12728ms (cache miss)
4227 http fetch GET 200 https://registry.npmjs.org/https-proxy-agent/-/https-proxy-agent-7.0.6.tgz 12709ms (cache miss)
4228 http fetch GET 200 https://registry.npmjs.org/@polymarket/builder-signing-sdk/-/builder-signing-sdk-1.0.0.tgz 12717ms (cache miss)
4229 http fetch GET 200 https://registry.npmjs.org/cors/-/cors-2.8.6.tgz 12798ms (cache miss)
4230 http fetch GET 200 https://registry.npmjs.org/bs58/-/bs58-6.0.0.tgz 12796ms (cache miss)
4231 http fetch GET 200 https://registry.npmjs.org/isows/-/isows-1.0.7.tgz 12812ms (cache miss)
4232 http fetch GET 200 https://registry.npmjs.org/@jridgewell/remapping/-/remapping-2.3.5.tgz 13975ms (cache miss)
4233 http fetch GET 200 https://registry.npmjs.org/mime-db/-/mime-db-1.52.0.tgz 13253ms (cache miss)
4234 http fetch GET 200 https://registry.npmjs.org/bs58/-/bs58-4.0.1.tgz 12816ms (cache miss)
4235 http fetch GET 200 https://registry.npmjs.org/bn.js/-/bn.js-5.2.3.tgz 12907ms (cache miss)
4236 http fetch GET 200 https://registry.npmjs.org/base-x/-/base-x-3.0.11.tgz 12821ms (cache miss)
4237 http fetch GET 200 https://registry.npmjs.org/argparse/-/argparse-1.0.10.tgz 14613ms (cache miss)
4238 http fetch GET 200 https://registry.npmjs.org/json5/-/json5-2.2.3.tgz 14029ms (cache miss)
4239 http fetch GET 200 https://registry.npmjs.org/exit-x/-/exit-x-0.2.2.tgz 13611ms (cache miss)
4240 http fetch GET 200 https://registry.npmjs.org/@ethersproject/rlp/-/rlp-5.8.0.tgz 13385ms (cache miss)
4241 http fetch GET 200 https://registry.npmjs.org/node-fetch/-/node-fetch-2.7.0.tgz 13097ms (cache miss)
4242 http fetch GET 200 https://registry.npmjs.org/@types/express/-/express-5.0.6.tgz 12904ms (cache miss)
4243 http fetch GET 200 https://registry.npmjs.org/bufferutil/-/bufferutil-4.1.0.tgz 14759ms (cache miss)
4244 http fetch GET 200 https://registry.npmjs.org/express/-/express-5.2.1.tgz 12983ms (cache miss)
4245 http fetch GET 200 https://registry.npmjs.org/http-errors/-/http-errors-2.0.1.tgz 12944ms (cache miss)
4246 http fetch GET 200 https://registry.npmjs.org/jackspeak/-/jackspeak-3.4.3.tgz 14235ms (cache miss)
4247 http fetch GET 200 https://registry.npmjs.org/@jridgewell/gen-mapping/-/gen-mapping-0.3.13.tgz 14172ms (cache miss)
4248 http fetch GET 200 https://registry.npmjs.org/@ethersproject/logger/-/logger-5.8.0.tgz 13501ms (cache miss)
4249 http fetch GET 200 https://registry.npmjs.org/@ethersproject/properties/-/properties-5.8.0.tgz 13551ms (cache miss)
4250 http fetch GET 200 https://registry.npmjs.org/minipass/-/minipass-7.1.3.tgz 14323ms (cache miss)
4251 http fetch GET 200 https://registry.npmjs.org/stream-json/-/stream-json-1.9.1.tgz 13795ms (cache miss)
4252 http fetch GET 200 https://registry.npmjs.org/@ethersproject/wallet/-/wallet-5.8.0.tgz 13633ms (cache miss)
4253 http fetch GET 200 https://registry.npmjs.org/@solana/buffer-layout/-/buffer-layout-4.0.1.tgz 13197ms (cache miss)
4254 http fetch GET 200 https://registry.npmjs.org/dotenv/-/dotenv-17.3.1.tgz 13141ms (cache miss)
4255 http fetch GET 200 https://registry.npmjs.org/@sinonjs/commons/-/commons-3.0.1.tgz 14845ms (cache miss)
4256 http fetch GET 200 https://registry.npmjs.org/foreground-child/-/foreground-child-3.3.1.tgz 14391ms (cache miss)
4257 http fetch GET 200 https://registry.npmjs.org/ws/-/ws-8.18.0.tgz 13656ms (cache miss)
4258 http fetch GET 200 https://registry.npmjs.org/@emnapi/runtime/-/runtime-1.9.1.tgz 15111ms (cache miss)
4259 http fetch GET 200 https://registry.npmjs.org/@ethersproject/abstract-signer/-/abstract-signer-5.8.0.tgz 13671ms (cache miss)
4260 http fetch GET 200 https://registry.npmjs.org/@ethersproject/bytes/-/bytes-5.8.0.tgz 13688ms (cache miss)
4261 http fetch GET 200 https://registry.npmjs.org/@ethersproject/hdnode/-/hdnode-5.8.0.tgz 13699ms (cache miss)
4262 http fetch GET 200 https://registry.npmjs.org/path-scurry/-/path-scurry-1.11.1.tgz 14497ms (cache miss)
4263 http fetch GET 200 https://registry.npmjs.org/scrypt-js/-/scrypt-js-3.0.1.tgz 13781ms (cache miss)
4264 http fetch GET 200 https://registry.npmjs.org/commander/-/commander-14.0.3.tgz 13585ms (cache miss)
4265 http fetch GET 200 https://registry.npmjs.org/tslib/-/tslib-2.7.0.tgz 13237ms (cache miss)
4266 http fetch GET 200 https://registry.npmjs.org/ws/-/ws-7.5.10.tgz 13433ms (cache miss)
4267 http fetch GET 200 https://registry.npmjs.org/elliptic/-/elliptic-6.6.1.tgz 13935ms (cache miss)
4268 http fetch GET 200 https://registry.npmjs.org/semver/-/semver-7.7.4.tgz 14676ms (cache miss)
4269 http fetch GET 200 https://registry.npmjs.org/type-fest/-/type-fest-0.21.3.tgz 14615ms (cache miss)
4270 http fetch GET 200 https://registry.npmjs.org/qs/-/qs-6.15.0.tgz 14068ms (cache miss)
4271 http fetch GET 200 https://registry.npmjs.org/ws/-/ws-8.18.3.tgz 13516ms (cache miss)
4272 http fetch GET 200 https://registry.npmjs.org/ws/-/ws-8.20.0.tgz 13536ms (cache miss)
4273 http fetch GET 200 https://registry.npmjs.org/@ethersproject/contracts/-/contracts-5.8.0.tgz 14018ms (cache miss)
4274 http fetch GET 200 https://registry.npmjs.org/superstruct/-/superstruct-2.0.2.tgz 13806ms (cache miss)
4275 http fetch GET 200 https://registry.npmjs.org/ws/-/ws-8.17.1.tgz 13536ms (cache miss)
4276 http fetch GET 200 https://registry.npmjs.org/bignumber.js/-/bignumber.js-9.3.1.tgz 13651ms (cache miss)
4277 http fetch GET 200 https://registry.npmjs.org/rpc-websockets/-/rpc-websockets-9.3.7.tgz 13910ms (cache miss)
4278 http fetch GET 200 https://registry.npmjs.org/source-map/-/source-map-0.6.1.tgz 15548ms (cache miss)
4279 http fetch GET 200 https://registry.npmjs.org/semver/-/semver-7.7.4.tgz 14752ms (cache miss)
4280 http fetch GET 200 https://registry.npmjs.org/es6-promise/-/es6-promise-4.2.8.tgz 14380ms (cache miss)
4281 http fetch GET 200 https://registry.npmjs.org/semver/-/semver-7.7.4.tgz 14854ms (cache miss)
4282 http fetch GET 200 https://registry.npmjs.org/js-yaml/-/js-yaml-3.14.2.tgz 14988ms (cache miss)
4283 http fetch GET 200 https://registry.npmjs.org/@jridgewell/trace-mapping/-/trace-mapping-0.3.31.tgz 14871ms (cache miss)
4284 http fetch GET 200 https://registry.npmjs.org/@ethersproject/signing-key/-/signing-key-5.8.0.tgz 14307ms (cache miss)
4285 http fetch GET 200 https://registry.npmjs.org/undici-types/-/undici-types-7.18.2.tgz 14240ms (cache miss)
4286 http fetch GET 200 https://registry.npmjs.org/undici-types/-/undici-types-6.19.8.tgz 13905ms (cache miss)
4287 http fetch GET 200 https://registry.npmjs.org/@ethersproject/web/-/web-5.8.0.tgz 14457ms (cache miss)
4288 http fetch GET 200 https://registry.npmjs.org/@ethersproject/strings/-/strings-5.8.0.tgz 14454ms (cache miss)
4289 http fetch GET 200 https://registry.npmjs.org/utf-8-validate/-/utf-8-validate-6.0.6.tgz 15812ms (cache miss)
4290 http fetch GET 200 https://registry.npmjs.org/@ethersproject/bignumber/-/bignumber-5.8.0.tgz 14447ms (cache miss)
4291 http fetch GET 200 https://registry.npmjs.org/iconv-lite/-/iconv-lite-0.7.2.tgz 14670ms (cache miss)
4292 http fetch GET 200 https://registry.npmjs.org/utf-8-validate/-/utf-8-validate-5.0.10.tgz 14408ms (cache miss)
4293 http fetch GET 200 https://registry.npmjs.org/@prob/clob/-/clob-0.5.0.tgz 14454ms (cache miss)
4294 http fetch GET 200 https://registry.npmjs.org/@adraffy/ens-normalize/-/ens-normalize-1.11.1.tgz 16615ms (cache miss)
4295 http fetch GET 200 https://registry.npmjs.org/@prob/core/-/core-0.3.0.tgz 14579ms (cache miss)
4296 http fetch GET 200 https://registry.npmjs.org/@adraffy/ens-normalize/-/ens-normalize-1.10.1.tgz 14518ms (cache miss)
4297 http fetch GET 200 https://registry.npmjs.org/lru-cache/-/lru-cache-10.4.3.tgz 15822ms (cache miss)
4298 http fetch GET 200 https://registry.npmjs.org/jayson/-/jayson-4.3.0.tgz 14769ms (cache miss)
4299 http fetch GET 200 https://registry.npmjs.org/@ethersproject/json-wallets/-/json-wallets-5.8.0.tgz 15105ms (cache miss)
4300 http fetch GET 200 https://registry.npmjs.org/yargs/-/yargs-17.7.2.tgz 16031ms (cache miss)
4301 http fetch GET 200 https://registry.npmjs.org/minimatch/-/minimatch-9.0.9.tgz 15889ms (cache miss)
4302 http fetch GET 200 https://registry.npmjs.org/@limitless-exchange/sdk/-/sdk-1.0.3.tgz 14658ms (cache miss)
4303 http fetch GET 200 https://registry.npmjs.org/@bcoe/v8-coverage/-/v8-coverage-0.2.3.tgz 15808ms (cache miss)
4304 http fetch GET 200 https://registry.npmjs.org/uuid/-/uuid-8.3.2.tgz 15432ms (cache miss)
4305 http fetch GET 200 https://registry.npmjs.org/@scure/bip39/-/bip39-1.6.0.tgz 16791ms (cache miss)
4306 http fetch GET 200 https://registry.npmjs.org/@babel/generator/-/generator-7.29.1.tgz 15993ms (cache miss)
4307 http fetch GET 200 https://registry.npmjs.org/@solana/codecs-numbers/-/codecs-numbers-2.3.0.tgz 14963ms (cache miss)
4308 http fetch GET 200 https://registry.npmjs.org/@tybys/wasm-util/-/wasm-util-0.10.1.tgz 16917ms (cache miss)
4309 http fetch GET 200 https://registry.npmjs.org/glob/-/glob-10.5.0.tgz 16135ms (cache miss)
4310 warn deprecated glob@10.5.0: Old versions of glob are not supported, and contain widely publicized security vulnerabilities, which have been fixed in the current version. Please update. Support for old versions may be purchased (at exorbitant rates) by contacting i@izs.me
4311 http fetch GET 200 https://registry.npmjs.org/tsx/-/tsx-4.21.0.tgz 15104ms (cache miss)
4312 http fetch GET 200 https://registry.npmjs.org/@emnapi/core/-/core-1.9.1.tgz 17052ms (cache miss)
4313 http fetch GET 200 https://registry.npmjs.org/istanbul-reports/-/istanbul-reports-3.2.0.tgz 16307ms (cache miss)
4314 http fetch GET 200 https://registry.npmjs.org/pure-rand/-/pure-rand-7.0.1.tgz 16954ms (cache miss)
4315 http fetch GET 200 https://registry.npmjs.org/@solana/codecs-core/-/codecs-core-2.3.0.tgz 15573ms (cache miss)
4316 http fetch GET 200 https://registry.npmjs.org/@types/node/-/node-12.20.55.tgz 15443ms (cache miss)
4317 http fetch GET 200 https://registry.npmjs.org/@babel/traverse/-/traverse-7.29.0.tgz 16514ms (cache miss)
4318 http fetch GET 200 https://registry.npmjs.org/ky/-/ky-1.14.3.tgz 15433ms (cache miss)
4319 http fetch GET 200 https://registry.npmjs.org/@ethersproject/hash/-/hash-5.8.0.tgz 15862ms (cache miss)
4320 http fetch GET 200 https://registry.npmjs.org/fast-stable-stringify/-/fast-stable-stringify-1.0.0.tgz 15537ms (cache miss)
4321 http fetch GET 200 https://registry.npmjs.org/@polymarket/clob-client/-/clob-client-5.8.1.tgz 15457ms (cache miss)
4322 http fetch GET 200 https://registry.npmjs.org/@babel/parser/-/parser-7.29.2.tgz 16638ms (cache miss)
4323 http fetch GET 200 https://registry.npmjs.org/@solana/errors/-/errors-2.3.0.tgz 15893ms (cache miss)
4324 http fetch GET 200 https://registry.npmjs.org/@opinion-labs/opinion-api/-/opinion-api-0.3.0.tgz 15635ms (cache miss)
4325 http fetch GET 200 https://registry.npmjs.org/@ethersproject/wordlists/-/wordlists-5.8.0.tgz 16351ms (cache miss)
4326 http fetch GET 200 https://registry.npmjs.org/@unrs/resolver-binding-linux-x64-gnu/-/resolver-binding-linux-x64-gnu-1.11.1.tgz 17832ms (cache miss)
4327 http fetch GET 200 https://registry.npmjs.org/aes-js/-/aes-js-4.0.0-beta.5.tgz 16086ms (cache miss)
4328 http fetch GET 200 https://registry.npmjs.org/engine.io-client/-/engine.io-client-6.6.4.tgz 17972ms (cache miss)
4329 http fetch GET 200 https://registry.npmjs.org/socket.io-client/-/socket.io-client-4.8.3.tgz 16187ms (cache miss)
4330 http fetch GET 200 https://registry.npmjs.org/@noble/ciphers/-/ciphers-1.3.0.tgz 18309ms (cache miss)
4331 http fetch GET 200 https://registry.npmjs.org/@ethersproject/abi/-/abi-5.8.0.tgz 16637ms (cache miss)
4332 http fetch GET 200 https://registry.npmjs.org/aes-js/-/aes-js-3.0.0.tgz 16874ms (cache miss)
4333 http fetch GET 200 https://registry.npmjs.org/@babel/core/-/core-7.29.0.tgz 17800ms (cache miss)
4334 http fetch GET 200 https://registry.npmjs.org/uuid/-/uuid-11.1.0.tgz 16941ms (cache miss)
4335 http fetch GET 200 https://registry.npmjs.org/@noble/hashes/-/hashes-1.3.2.tgz 16811ms (cache miss)
4336 http fetch GET 200 https://registry.npmjs.org/@opinion-labs/opinion-clob-sdk/-/opinion-clob-sdk-0.6.0.tgz 16859ms (cache miss)
4337 http fetch GET 200 https://registry.npmjs.org/@types/node/-/node-22.7.5.tgz 16944ms (cache miss)
4338 http fetch GET 200 https://registry.npmjs.org/@babel/runtime/-/runtime-7.29.2.tgz 17220ms (cache miss)
4339 http fetch GET 200 https://registry.npmjs.org/@noble/curves/-/curves-1.2.0.tgz 17281ms (cache miss)
4340 http fetch GET 200 https://registry.npmjs.org/@types/node/-/node-25.5.0.tgz 17711ms (cache miss)
4341 http fetch GET 200 https://registry.npmjs.org/@ethersproject/providers/-/providers-5.8.0.tgz 17823ms (cache miss)
4342 http fetch GET 200 https://registry.npmjs.org/@babel/helpers/-/helpers-7.29.2.tgz 18511ms (cache miss)
4343 http fetch GET 200 https://registry.npmjs.org/axios/-/axios-1.14.0.tgz 17381ms (cache miss)
4344 http fetch GET 200 https://registry.npmjs.org/pmxt-core/-/pmxt-core-2.22.1.tgz 17523ms (cache miss)
4345 http fetch GET 200 https://registry.npmjs.org/undici/-/undici-6.24.1.tgz 17627ms (cache miss)
4346 http fetch GET 200 https://registry.npmjs.org/@noble/hashes/-/hashes-1.8.0.tgz 17741ms (cache miss)
4347 http fetch GET 200 https://registry.npmjs.org/@noble/curves/-/curves-1.9.1.tgz 19875ms (cache miss)
4348 http fetch GET 200 https://registry.npmjs.org/@babel/types/-/types-7.29.0.tgz 18990ms (cache miss)
4349 http fetch GET 200 https://registry.npmjs.org/abitype/-/abitype-1.2.3.tgz 19917ms (cache miss)
4350 http fetch GET 200 https://registry.npmjs.org/@noble/curves/-/curves-1.9.1.tgz 17954ms (cache miss)
4351 http fetch GET 200 https://registry.npmjs.org/@noble/curves/-/curves-1.9.7.tgz 17954ms (cache miss)
4352 http fetch GET 200 https://registry.npmjs.org/@napi-rs/wasm-runtime/-/wasm-runtime-0.2.12.tgz 20085ms (cache miss)
4353 http fetch GET 200 https://registry.npmjs.org/pmxtjs/-/pmxtjs-2.22.1.tgz 21236ms (cache miss)
4354 http fetch GET 200 https://registry.npmjs.org/@swc/helpers/-/helpers-0.5.20.tgz 20855ms (cache miss)
4355 http fetch GET 200 https://registry.npmjs.org/ethers/-/ethers-5.8.0.tgz 19115ms (cache miss)
4356 http fetch GET 200 https://registry.npmjs.org/@esbuild/linux-x64/-/linux-x64-0.27.4.tgz 21026ms (cache miss)
4357 http fetch GET 200 https://registry.npmjs.org/@solana/web3.js/-/web3.js-1.98.4.tgz 19253ms (cache miss)
4358 http fetch GET 200 https://registry.npmjs.org/caniuse-lite/-/caniuse-lite-1.0.30001782.tgz 21186ms (cache miss)
4359 http fetch GET 200 https://registry.npmjs.org/typescript/-/typescript-6.0.2.tgz 21313ms (cache miss)
4360 http fetch GET 200 https://registry.npmjs.org/ox/-/ox-0.14.7.tgz 23636ms (cache miss)
4361 http fetch GET 200 https://registry.npmjs.org/@sinclair/typebox/-/typebox-0.34.49.tgz 23020ms (cache miss)
4362 http fetch GET 200 https://registry.npmjs.org/ethers/-/ethers-6.16.0.tgz 21922ms (cache miss)
4363 http fetch GET 200 https://registry.npmjs.org/viem/-/viem-2.47.6.tgz 28832ms (cache miss)
4364 info run bufferutil@4.1.0 install node_modules/pmxtjs/node_modules/bufferutil node-gyp-build
4365 info run bufferutil@4.1.0 install { code: 0, signal: null }
4366 info run utf-8-validate@6.0.6 install node_modules/pmxtjs/node_modules/utf-8-validate node-gyp-build
4367 info run utf-8-validate@6.0.6 install { code: 0, signal: null }
4368 info run utf-8-validate@5.0.10 install node_modules/pmxtjs/node_modules/jayson/node_modules/utf-8-validate node-gyp-build
4369 info run utf-8-validate@5.0.10 install { code: 0, signal: null }
4370 info run esbuild@0.27.4 postinstall node_modules/pmxtjs/node_modules/esbuild node install.js
4371 info run esbuild@0.27.4 postinstall { code: 0, signal: null }
4372 info run unrs-resolver@1.11.1 postinstall node_modules/pmxtjs/node_modules/unrs-resolver napi-postinstall unrs-resolver 1.11.1 check
4373 info run unrs-resolver@1.11.1 postinstall { code: 0, signal: null }
4374 silly ADD node_modules/pmxtjs
4375 silly ADD node_modules/pmxtjs/node_modules/concat-map
4376 silly ADD node_modules/pmxtjs/node_modules/path-is-absolute
4377 silly ADD node_modules/pmxtjs/node_modules/inflight
4378 silly ADD node_modules/pmxtjs/node_modules/fs.realpath
4379 silly ADD node_modules/pmxtjs/node_modules/p-try
4380 silly ADD node_modules/pmxtjs/node_modules/safe-buffer
4381 silly ADD node_modules/pmxtjs/node_modules/color-name
4382 silly ADD node_modules/pmxtjs/node_modules/color-convert
4383 silly ADD node_modules/pmxtjs/node_modules/yargs-parser
4384 silly ADD node_modules/pmxtjs/node_modules/y18n
4385 silly ADD node_modules/pmxtjs/node_modules/require-directory
4386 silly ADD node_modules/pmxtjs/node_modules/get-caller-file
4387 silly ADD node_modules/pmxtjs/node_modules/cliui
4388 silly ADD node_modules/pmxtjs/node_modules/cliui/node_modules/ansi-styles
4389 silly ADD node_modules/pmxtjs/node_modules/cliui/node_modules/ansi-regex
4390 silly ADD node_modules/pmxtjs/node_modules/cliui/node_modules/emoji-regex
4391 silly ADD node_modules/pmxtjs/node_modules/cliui/node_modules/wrap-ansi
4392 silly ADD node_modules/pmxtjs/node_modules/cliui/node_modules/strip-ansi
4393 silly ADD node_modules/pmxtjs/node_modules/cliui/node_modules/string-width
4394 silly ADD node_modules/pmxtjs/node_modules/imurmurhash
4395 silly ADD node_modules/pmxtjs/node_modules/isexe
4396 silly ADD node_modules/pmxtjs/node_modules/webidl-conversions
4397 silly ADD node_modules/pmxtjs/node_modules/tr46
4398 silly ADD node_modules/pmxtjs/node_modules/tmpl
4399 silly ADD node_modules/pmxtjs/node_modules/makeerror
4400 silly ADD node_modules/pmxtjs/node_modules/@noble/ciphers
4401 silly ADD node_modules/pmxtjs/node_modules/@adraffy/ens-normalize
4402 silly ADD node_modules/pmxtjs/node_modules/@scure/base
4403 silly ADD node_modules/pmxtjs/node_modules/ox
4404 silly ADD node_modules/pmxtjs/node_modules/ox/node_modules/eventemitter3
4405 silly ADD node_modules/pmxtjs/node_modules/ox/node_modules/@noble/curves
4406 silly ADD node_modules/pmxtjs/node_modules/abitype
4407 silly ADD node_modules/pmxtjs/node_modules/@scure/bip39
4408 silly ADD node_modules/pmxtjs/node_modules/@scure/bip32
4409 silly ADD node_modules/pmxtjs/node_modules/escalade
4410 silly ADD
4411 silly ADD
4412 silly ADD
4413 silly ADD
4414 silly ADD
4415 silly ADD node_modules/pmxtjs/node_modules/napi-postinstall
4416 silly ADD
4417 silly ADD
4418 silly ADD
4419 silly ADD
4420 silly ADD
4421 silly ADD node_modules/pmxtjs/node_modules/@unrs/resolver-binding-linux-x64-gnu
4422 silly ADD
4423 silly ADD
4424 silly ADD
4425 silly ADD
4426 silly ADD
4427 silly ADD
4428 silly ADD
4429 silly ADD
4430 silly ADD
4431 silly ADD
4432 silly ADD
4433 silly ADD
4434 silly ADD
4435 silly ADD node_modules/pmxtjs/node_modules/media-typer
4436 silly ADD node_modules/pmxtjs/node_modules/resolve-pkg-maps
4437 silly ADD
4438 silly ADD
4439 silly ADD
4440 silly ADD
4441 silly ADD
4442 silly ADD
4443 silly ADD
4444 silly ADD
4445 silly ADD
4446 silly ADD node_modules/pmxtjs/node_modules/@esbuild/linux-x64
4447 silly ADD
4448 silly ADD
4449 silly ADD
4450 silly ADD
4451 silly ADD
4452 silly ADD
4453 silly ADD
4454 silly ADD
4455 silly ADD
4456 silly ADD
4457 silly ADD
4458 silly ADD
4459 silly ADD
4460 silly ADD
4461 silly ADD
4462 silly ADD
4463 silly ADD node_modules/pmxtjs/node_modules/get-tsconfig
4464 silly ADD node_modules/pmxtjs/node_modules/esbuild
4465 silly ADD node_modules/pmxtjs/node_modules/@pkgr/core
4466 silly ADD node_modules/pmxtjs/node_modules/has-flag
4467 silly ADD node_modules/pmxtjs/node_modules/ansi-regex
4468 silly ADD node_modules/pmxtjs/node_modules/is-fullwidth-code-point
4469 silly ADD node_modules/pmxtjs/node_modules/emoji-regex
4470 silly ADD node_modules/pmxtjs/node_modules/eastasianwidth
4471 silly ADD node_modules/pmxtjs/node_modules/char-regex
4472 silly ADD node_modules/pmxtjs/node_modules/stream-chain
4473 silly ADD node_modules/pmxtjs/node_modules/escape-string-regexp
4474 silly ADD node_modules/pmxtjs/node_modules/source-map
4475 silly ADD node_modules/pmxtjs/node_modules/buffer-from
4476 silly ADD node_modules/pmxtjs/node_modules/xmlhttprequest-ssl
4477 silly ADD node_modules/pmxtjs/node_modules/engine.io-parser
4478 silly ADD node_modules/pmxtjs/node_modules/socket.io-parser
4479 silly ADD node_modules/pmxtjs/node_modules/engine.io-client
4480 silly ADD node_modules/pmxtjs/node_modules/engine.io-client/node_modules/ws
4481 silly ADD node_modules/pmxtjs/node_modules/@socket.io/component-emitter
4482 silly ADD node_modules/pmxtjs/node_modules/call-bound
4483 silly ADD node_modules/pmxtjs/node_modules/side-channel-weakmap
4484 silly ADD node_modules/pmxtjs/node_modules/side-channel-map
4485 silly ADD node_modules/pmxtjs/node_modules/side-channel-list
4486 silly ADD node_modules/pmxtjs/node_modules/object-inspect
4487 silly ADD node_modules/pmxtjs/node_modules/shebang-regex
4488 silly ADD node_modules/pmxtjs/node_modules/node-gyp-build
4489 silly ADD node_modules/pmxtjs/node_modules/tslib
4490 silly ADD node_modules/pmxtjs/node_modules/utf-8-validate
4491 silly ADD node_modules/pmxtjs/node_modules/bufferutil
4492 silly ADD node_modules/pmxtjs/node_modules/@types/uuid
4493 silly ADD node_modules/pmxtjs/node_modules/@swc/helpers
4494 silly ADD node_modules/pmxtjs/node_modules/path-to-regexp
4495 silly ADD node_modules/pmxtjs/node_modules/is-promise
4496 silly ADD node_modules/pmxtjs/node_modules/unpipe
4497 silly ADD node_modules/pmxtjs/node_modules/side-channel
4498 silly ADD node_modules/pmxtjs/node_modules/ipaddr.js
4499 silly ADD node_modules/pmxtjs/node_modules/forwarded
4500 silly ADD node_modules/pmxtjs/node_modules/react-is
4501 silly ADD node_modules/pmxtjs/node_modules/ansi-styles
4502 silly ADD node_modules/pmxtjs/node_modules/is-arrayish
4503 silly ADD node_modules/pmxtjs/node_modules/lines-and-columns
4504 silly ADD node_modules/pmxtjs/node_modules/json-parse-even-better-errors
4505 silly ADD node_modules/pmxtjs/node_modules/error-ex
4506 silly ADD node_modules/pmxtjs/node_modules/yocto-queue
4507 silly ADD node_modules/pmxtjs/node_modules/mimic-fn
4508 silly ADD node_modules/pmxtjs/node_modules/wrappy
4509 silly ADD node_modules/pmxtjs/node_modules/ee-first
4510 silly ADD node_modules/pmxtjs/node_modules/whatwg-url
4511 silly ADD node_modules/pmxtjs/node_modules/balanced-match
4512 silly ADD node_modules/pmxtjs/node_modules/brace-expansion
4513 silly ADD node_modules/pmxtjs/node_modules/mime-db
4514 silly ADD node_modules/pmxtjs/node_modules/yallist
4515 silly ADD node_modules/pmxtjs/node_modules/p-locate
4516 silly ADD node_modules/pmxtjs/node_modules/p-locate/node_modules/p-limit
4517 silly ADD node_modules/pmxtjs/node_modules/sprintf-js
4518 silly ADD node_modules/pmxtjs/node_modules/esprima
4519 silly ADD node_modules/pmxtjs/node_modules/argparse
4520 silly ADD node_modules/pmxtjs/node_modules/@ungap/structured-clone
4521 silly ADD node_modules/pmxtjs/node_modules/leven
4522 silly ADD node_modules/pmxtjs/node_modules/natural-compare
4523 silly ADD node_modules/pmxtjs/node_modules/synckit
4524 silly ADD node_modules/pmxtjs/node_modules/@jest/snapshot-utils
4525 silly ADD node_modules/pmxtjs/node_modules/@jest/snapshot-utils/node_modules/ansi-styles
4526 silly ADD node_modules/pmxtjs/node_modules/@jest/snapshot-utils/node_modules/chalk
4527 silly ADD node_modules/pmxtjs/node_modules/@babel/plugin-syntax-typescript
4528 silly ADD node_modules/pmxtjs/node_modules/@babel/plugin-syntax-jsx
4529 silly ADD node_modules/pmxtjs/node_modules/callsites
4530 silly ADD node_modules/pmxtjs/node_modules/strip-bom
4531 silly ADD node_modules/pmxtjs/node_modules/cjs-module-lexer
4532 silly ADD node_modules/pmxtjs/node_modules/@jest/source-map
4533 silly ADD node_modules/pmxtjs/node_modules/@jest/globals
4534 silly ADD node_modules/pmxtjs/node_modules/source-map-support
4535 silly ADD node_modules/pmxtjs/node_modules/jest-leak-detector
4536 silly ADD node_modules/pmxtjs/node_modules/emittery
4537 silly ADD node_modules/pmxtjs/node_modules/unrs-resolver
4538 silly ADD node_modules/pmxtjs/node_modules/jest-pnp-resolver
4539 silly ADD node_modules/pmxtjs/node_modules/@types/stack-utils
4540 silly ADD node_modules/pmxtjs/node_modules/@jest/diff-sequences
4541 silly ADD node_modules/pmxtjs/node_modules/jest-diff
4542 silly ADD node_modules/pmxtjs/node_modules/jest-diff/node_modules/ansi-styles
4543 silly ADD node_modules/pmxtjs/node_modules/jest-diff/node_modules/chalk
4544 silly ADD node_modules/pmxtjs/node_modules/node-int64
4545 silly ADD node_modules/pmxtjs/node_modules/bser
4546 silly ADD node_modules/pmxtjs/node_modules/normalize-path
4547 silly ADD node_modules/pmxtjs/node_modules/walker
4548 silly ADD node_modules/pmxtjs/node_modules/picomatch
4549 silly ADD
4550 silly ADD node_modules/pmxtjs/node_modules/fb-watchman
4551 silly ADD node_modules/pmxtjs/node_modules/anymatch
4552 silly ADD node_modules/pmxtjs/node_modules/anymatch/node_modules/picomatch
4553 silly ADD node_modules/pmxtjs/node_modules/detect-newline
4554 silly ADD node_modules/pmxtjs/node_modules/@jest/expect-utils
4555 silly ADD node_modules/pmxtjs/node_modules/type-detect
4556 silly ADD node_modules/pmxtjs/node_modules/@sinonjs/commons
4557 silly ADD node_modules/pmxtjs/node_modules/@sinonjs/fake-timers
4558 silly ADD node_modules/pmxtjs/node_modules/expect
4559 silly ADD node_modules/pmxtjs/node_modules/jest-mock
4560 silly ADD node_modules/pmxtjs/node_modules/@jest/fake-timers
4561 silly ADD node_modules/pmxtjs/node_modules/stack-utils
4562 silly ADD node_modules/pmxtjs/node_modules/pure-rand
4563 silly ADD node_modules/pmxtjs/node_modules/jest-matcher-utils
4564 silly ADD node_modules/pmxtjs/node_modules/jest-matcher-utils/node_modules/ansi-styles
4565 silly ADD node_modules/pmxtjs/node_modules/jest-matcher-utils/node_modules/chalk
4566 silly ADD node_modules/pmxtjs/node_modules/jest-each
4567 silly ADD node_modules/pmxtjs/node_modules/jest-each/node_modules/ansi-styles
4568 silly ADD node_modules/pmxtjs/node_modules/jest-each/node_modules/chalk
4569 silly ADD node_modules/pmxtjs/node_modules/is-generator-fn
4570 silly ADD node_modules/pmxtjs/node_modules/dedent
4571 silly ADD node_modules/pmxtjs/node_modules/co
4572 silly ADD node_modules/pmxtjs/node_modules/@jest/expect
4573 silly ADD node_modules/pmxtjs/node_modules/@jest/environment
4574 silly ADD node_modules/pmxtjs/node_modules/@babel/plugin-syntax-top-level-await
4575 silly ADD node_modules/pmxtjs/node_modules/@babel/plugin-syntax-private-property-in-object
4576 silly ADD node_modules/pmxtjs/node_modules/@babel/plugin-syntax-optional-chaining
4577 silly ADD node_modules/pmxtjs/node_modules/@babel/plugin-syntax-optional-catch-binding
4578 silly ADD node_modules/pmxtjs/node_modules/@babel/plugin-syntax-object-rest-spread
4579 silly ADD node_modules/pmxtjs/node_modules/@babel/plugin-syntax-numeric-separator
4580 silly ADD node_modules/pmxtjs/node_modules/@babel/plugin-syntax-nullish-coalescing-operator
4581 silly ADD node_modules/pmxtjs/node_modules/@babel/plugin-syntax-logical-assignment-operators
4582 silly ADD node_modules/pmxtjs/node_modules/@babel/plugin-syntax-json-strings
4583 silly ADD node_modules/pmxtjs/node_modules/@babel/plugin-syntax-import-meta
4584 silly ADD node_modules/pmxtjs/node_modules/@babel/plugin-syntax-import-attributes
4585 silly ADD node_modules/pmxtjs/node_modules/@babel/plugin-syntax-class-static-block
4586 silly ADD node_modules/pmxtjs/node_modules/@babel/plugin-syntax-class-properties
4587 silly ADD node_modules/pmxtjs/node_modules/@babel/plugin-syntax-bigint
4588 silly ADD node_modules/pmxtjs/node_modules/@babel/plugin-syntax-async-generators
4589 silly ADD node_modules/pmxtjs/node_modules/babel-preset-current-node-syntax
4590 silly ADD node_modules/pmxtjs/node_modules/babel-plugin-jest-hoist
4591 silly ADD node_modules/pmxtjs/node_modules/@types/babel__traverse
4592 silly ADD node_modules/pmxtjs/node_modules/@types/babel__template
4593 silly ADD node_modules/pmxtjs/node_modules/@types/babel__generator
4594 silly ADD node_modules/pmxtjs/node_modules/babel-preset-jest
4595 silly ADD node_modules/pmxtjs/node_modules/@types/babel__core
4596 silly ADD node_modules/pmxtjs/node_modules/strip-json-comments
4597 silly ADD node_modules/pmxtjs/node_modules/parse-json
4598 silly ADD node_modules/pmxtjs/node_modules/jest-environment-node
4599 silly ADD node_modules/pmxtjs/node_modules/jest-docblock
4600 silly ADD node_modules/pmxtjs/node_modules/jest-circus
4601 silly ADD node_modules/pmxtjs/node_modules/jest-circus/node_modules/ansi-styles
4602 silly ADD node_modules/pmxtjs/node_modules/jest-circus/node_modules/chalk
4603 silly ADD node_modules/pmxtjs/node_modules/deepmerge
4604 silly ADD node_modules/pmxtjs/node_modules/babel-jest
4605 silly ADD node_modules/pmxtjs/node_modules/babel-jest/node_modules/ansi-styles
4606 silly ADD node_modules/pmxtjs/node_modules/babel-jest/node_modules/chalk
4607 silly ADD node_modules/pmxtjs/node_modules/@jest/test-sequencer
4608 silly ADD node_modules/pmxtjs/node_modules/@jest/get-type
4609 silly ADD node_modules/pmxtjs/node_modules/yargs
4610 silly ADD node_modules/pmxtjs/node_modules/yargs/node_modules/ansi-regex
4611 silly ADD node_modules/pmxtjs/node_modules/yargs/node_modules/strip-ansi
4612 silly ADD node_modules/pmxtjs/node_modules/yargs/node_modules/emoji-regex
4613 silly ADD node_modules/pmxtjs/node_modules/yargs/node_modules/string-width
4614 silly ADD node_modules/pmxtjs/node_modules/strip-final-newline
4615 silly ADD node_modules/pmxtjs/node_modules/onetime
4616 silly ADD node_modules/pmxtjs/node_modules/npm-run-path
4617 silly ADD node_modules/pmxtjs/node_modules/merge-stream
4618 silly ADD node_modules/pmxtjs/node_modules/is-stream
4619 silly ADD node_modules/pmxtjs/node_modules/human-signals
4620 silly ADD node_modules/pmxtjs/node_modules/get-stream
4621 silly ADD node_modules/pmxtjs/node_modules/p-limit
4622 silly ADD node_modules/pmxtjs/node_modules/execa
4623 silly ADD node_modules/pmxtjs/node_modules/execa/node_modules/signal-exit
4624 silly ADD node_modules/pmxtjs/node_modules/wrap-ansi-cjs
4625 silly ADD node_modules/pmxtjs/node_modules/wrap-ansi-cjs/node_modules/ansi-regex
4626 silly ADD node_modules/pmxtjs/node_modules/wrap-ansi-cjs/node_modules/emoji-regex
4627 silly ADD node_modules/pmxtjs/node_modules/wrap-ansi-cjs/node_modules/strip-ansi
4628 silly ADD node_modules/pmxtjs/node_modules/wrap-ansi-cjs/node_modules/string-width
4629 silly ADD node_modules/pmxtjs/node_modules/wrap-ansi-cjs/node_modules/ansi-styles
4630 silly ADD node_modules/pmxtjs/node_modules/wrap-ansi
4631 silly ADD node_modules/pmxtjs/node_modules/wrap-ansi/node_modules/ansi-styles
4632 silly ADD node_modules/pmxtjs/node_modules/strip-ansi-cjs
4633 silly ADD node_modules/pmxtjs/node_modules/strip-ansi-cjs/node_modules/ansi-regex
4634 silly ADD node_modules/pmxtjs/node_modules/strip-ansi
4635 silly ADD node_modules/pmxtjs/node_modules/string-width-cjs
4636 silly ADD node_modules/pmxtjs/node_modules/string-width-cjs/node_modules/ansi-regex
4637 silly ADD node_modules/pmxtjs/node_modules/string-width-cjs/node_modules/strip-ansi
4638 silly ADD node_modules/pmxtjs/node_modules/string-width-cjs/node_modules/emoji-regex
4639 silly ADD node_modules/pmxtjs/node_modules/string-width
4640 silly ADD node_modules/pmxtjs/node_modules/@pkgjs/parseargs
4641 silly ADD node_modules/pmxtjs/node_modules/@isaacs/cliui
4642 silly ADD node_modules/pmxtjs/node_modules/html-escaper
4643 silly ADD node_modules/pmxtjs/node_modules/supports-color
4644 silly ADD node_modules/pmxtjs/node_modules/make-dir
4645 silly ADD node_modules/pmxtjs/node_modules/make-dir/node_modules/semver
4646 silly ADD node_modules/pmxtjs/node_modules/resolve-cwd
4647 silly ADD node_modules/pmxtjs/node_modules/pkg-dir
4648 silly ADD node_modules/pmxtjs/node_modules/which
4649 silly ADD node_modules/pmxtjs/node_modules/shebang-command
4650 silly ADD node_modules/pmxtjs/node_modules/path-key
4651 silly ADD node_modules/pmxtjs/node_modules/signal-exit
4652 silly ADD node_modules/pmxtjs/node_modules/cross-spawn
4653 silly ADD node_modules/pmxtjs/node_modules/path-scurry
4654 silly ADD node_modules/pmxtjs/node_modules/path-scurry/node_modules/lru-cache
4655 silly ADD node_modules/pmxtjs/node_modules/package-json-from-dist
4656 silly ADD node_modules/pmxtjs/node_modules/minipass
4657 silly ADD node_modules/pmxtjs/node_modules/minimatch
4658 silly ADD node_modules/pmxtjs/node_modules/jackspeak
4659 silly ADD node_modules/pmxtjs/node_modules/foreground-child
4660 silly ADD node_modules/pmxtjs/node_modules/path-exists
4661 silly ADD node_modules/pmxtjs/node_modules/locate-path
4662 silly ADD node_modules/pmxtjs/node_modules/update-browserslist-db
4663 silly ADD node_modules/pmxtjs/node_modules/node-releases
4664 silly ADD node_modules/pmxtjs/node_modules/electron-to-chromium
4665 silly ADD node_modules/pmxtjs/node_modules/caniuse-lite
4666 silly ADD node_modules/pmxtjs/node_modules/baseline-browser-mapping
4667 silly ADD node_modules/pmxtjs/node_modules/resolve-from
4668 silly ADD node_modules/pmxtjs/node_modules/js-yaml
4669 silly ADD node_modules/pmxtjs/node_modules/get-package-type
4670 silly ADD node_modules/pmxtjs/node_modules/find-up
4671 silly ADD node_modules/pmxtjs/node_modules/camelcase
4672 silly ADD node_modules/pmxtjs/node_modules/test-exclude
4673 silly ADD node_modules/pmxtjs/node_modules/test-exclude/node_modules/brace-expansion
4674 silly ADD node_modules/pmxtjs/node_modules/test-exclude/node_modules/minimatch
4675 silly ADD node_modules/pmxtjs/node_modules/test-exclude/node_modules/glob
4676 silly ADD node_modules/pmxtjs/node_modules/@istanbuljs/schema
4677 silly ADD node_modules/pmxtjs/node_modules/@istanbuljs/load-nyc-config
4678 silly ADD node_modules/pmxtjs/node_modules/@babel/helper-plugin-utils
4679 silly ADD node_modules/pmxtjs/node_modules/type-fest
4680 silly ADD node_modules/pmxtjs/node_modules/@types/yargs-parser
4681 silly ADD node_modules/pmxtjs/node_modules/@types/istanbul-lib-report
4682 silly ADD node_modules/pmxtjs/node_modules/@jridgewell/resolve-uri
4683 silly ADD node_modules/pmxtjs/node_modules/@jridgewell/sourcemap-codec
4684 silly ADD node_modules/pmxtjs/node_modules/@sinclair/typebox
4685 silly ADD node_modules/pmxtjs/node_modules/@types/yargs
4686 silly ADD node_modules/pmxtjs/node_modules/@types/istanbul-reports
4687 silly ADD node_modules/pmxtjs/node_modules/@jest/schemas
4688 silly ADD node_modules/pmxtjs/node_modules/@babel/helper-string-parser
4689 silly ADD node_modules/pmxtjs/node_modules/@babel/helper-globals
4690 silly ADD node_modules/pmxtjs/node_modules/@babel/helper-module-imports
4691 silly ADD node_modules/pmxtjs/node_modules/lru-cache
4692 silly ADD node_modules/pmxtjs/node_modules/browserslist
4693 silly ADD node_modules/pmxtjs/node_modules/@babel/helper-validator-option
4694 silly ADD node_modules/pmxtjs/node_modules/@babel/compat-data
4695 silly ADD node_modules/pmxtjs/node_modules/jsesc
4696 silly ADD node_modules/pmxtjs/node_modules/@jridgewell/gen-mapping
4697 silly ADD node_modules/pmxtjs/node_modules/picocolors
4698 silly ADD node_modules/pmxtjs/node_modules/js-tokens
4699 silly ADD node_modules/pmxtjs/node_modules/@babel/helper-validator-identifier
4700 silly ADD node_modules/pmxtjs/node_modules/semver
4701 silly ADD node_modules/pmxtjs/node_modules/json5
4702 silly ADD node_modules/pmxtjs/node_modules/gensync
4703 silly ADD node_modules/pmxtjs/node_modules/@jridgewell/remapping
4704 silly ADD node_modules/pmxtjs/node_modules/@babel/types
4705 silly ADD node_modules/pmxtjs/node_modules/@babel/traverse
4706 silly ADD node_modules/pmxtjs/node_modules/@babel/template
4707 silly ADD node_modules/pmxtjs/node_modules/@babel/parser
4708 silly ADD node_modules/pmxtjs/node_modules/@babel/helpers
4709 silly ADD node_modules/pmxtjs/node_modules/@babel/helper-module-transforms
4710 silly ADD node_modules/pmxtjs/node_modules/@babel/helper-compilation-targets
4711 silly ADD node_modules/pmxtjs/node_modules/@babel/generator
4712 silly ADD node_modules/pmxtjs/node_modules/@babel/code-frame
4713 silly ADD node_modules/pmxtjs/node_modules/write-file-atomic
4714 silly ADD node_modules/pmxtjs/node_modules/pirates
4715 silly ADD node_modules/pmxtjs/node_modules/fast-json-stable-stringify
4716 silly ADD node_modules/pmxtjs/node_modules/convert-source-map
4717 silly ADD node_modules/pmxtjs/node_modules/babel-plugin-istanbul
4718 silly ADD node_modules/pmxtjs/node_modules/@babel/core
4719 silly ADD node_modules/pmxtjs/node_modules/@types/istanbul-lib-coverage
4720 silly ADD node_modules/pmxtjs/node_modules/v8-to-istanbul
4721 silly ADD node_modules/pmxtjs/node_modules/string-length
4722 silly ADD node_modules/pmxtjs/node_modules/string-length/node_modules/ansi-regex
4723 silly ADD node_modules/pmxtjs/node_modules/string-length/node_modules/strip-ansi
4724 silly ADD node_modules/pmxtjs/node_modules/jest-worker
4725 silly ADD node_modules/pmxtjs/node_modules/jest-worker/node_modules/supports-color
4726 silly ADD node_modules/pmxtjs/node_modules/istanbul-reports
4727 silly ADD node_modules/pmxtjs/node_modules/istanbul-lib-source-maps
4728 silly ADD node_modules/pmxtjs/node_modules/istanbul-lib-report
4729 silly ADD node_modules/pmxtjs/node_modules/istanbul-lib-instrument
4730 silly ADD node_modules/pmxtjs/node_modules/istanbul-lib-instrument/node_modules/semver
4731 silly ADD node_modules/pmxtjs/node_modules/istanbul-lib-coverage
4732 silly ADD node_modules/pmxtjs/node_modules/glob
4733 silly ADD node_modules/pmxtjs/node_modules/collect-v8-coverage
4734 silly ADD node_modules/pmxtjs/node_modules/@jridgewell/trace-mapping
4735 silly ADD node_modules/pmxtjs/node_modules/@bcoe/v8-coverage
4736 silly ADD node_modules/pmxtjs/node_modules/slash
4737 silly ADD node_modules/pmxtjs/node_modules/pretty-format
4738 silly ADD node_modules/pmxtjs/node_modules/jest-watcher
4739 silly ADD node_modules/pmxtjs/node_modules/jest-watcher/node_modules/ansi-styles
4740 silly ADD node_modules/pmxtjs/node_modules/jest-watcher/node_modules/chalk
4741 silly ADD node_modules/pmxtjs/node_modules/jest-validate
4742 silly ADD node_modules/pmxtjs/node_modules/jest-validate/node_modules/ansi-styles
4743 silly ADD node_modules/pmxtjs/node_modules/jest-validate/node_modules/chalk
4744 silly ADD node_modules/pmxtjs/node_modules/jest-validate/node_modules/camelcase
4745 silly ADD node_modules/pmxtjs/node_modules/jest-util
4746 silly ADD node_modules/pmxtjs/node_modules/jest-util/node_modules/ansi-styles
4747 silly ADD node_modules/pmxtjs/node_modules/jest-util/node_modules/chalk
4748 silly ADD node_modules/pmxtjs/node_modules/jest-snapshot
4749 silly ADD node_modules/pmxtjs/node_modules/jest-snapshot/node_modules/ansi-styles
4750 silly ADD node_modules/pmxtjs/node_modules/jest-snapshot/node_modules/semver
4751 silly ADD node_modules/pmxtjs/node_modules/jest-snapshot/node_modules/chalk
4752 silly ADD node_modules/pmxtjs/node_modules/jest-runtime
4753 silly ADD node_modules/pmxtjs/node_modules/jest-runtime/node_modules/ansi-styles
4754 silly ADD node_modules/pmxtjs/node_modules/jest-runtime/node_modules/chalk
4755 silly ADD node_modules/pmxtjs/node_modules/jest-runner
4756 silly ADD node_modules/pmxtjs/node_modules/jest-runner/node_modules/ansi-styles
4757 silly ADD node_modules/pmxtjs/node_modules/jest-runner/node_modules/chalk
4758 silly ADD node_modules/pmxtjs/node_modules/jest-resolve-dependencies
4759 silly ADD node_modules/pmxtjs/node_modules/jest-resolve
4760 silly ADD node_modules/pmxtjs/node_modules/jest-resolve/node_modules/ansi-styles
4761 silly ADD node_modules/pmxtjs/node_modules/jest-resolve/node_modules/chalk
4762 silly ADD node_modules/pmxtjs/node_modules/jest-regex-util
4763 silly ADD node_modules/pmxtjs/node_modules/jest-message-util
4764 silly ADD node_modules/pmxtjs/node_modules/jest-message-util/node_modules/ansi-styles
4765 silly ADD node_modules/pmxtjs/node_modules/jest-message-util/node_modules/chalk
4766 silly ADD node_modules/pmxtjs/node_modules/jest-haste-map
4767 silly ADD node_modules/pmxtjs/node_modules/jest-config
4768 silly ADD node_modules/pmxtjs/node_modules/jest-config/node_modules/ansi-styles
4769 silly ADD node_modules/pmxtjs/node_modules/jest-config/node_modules/chalk
4770 silly ADD node_modules/pmxtjs/node_modules/jest-changed-files
4771 silly ADD node_modules/pmxtjs/node_modules/graceful-fs
4772 silly ADD node_modules/pmxtjs/node_modules/exit-x
4773 silly ADD node_modules/pmxtjs/node_modules/ci-info
4774 silly ADD node_modules/pmxtjs/node_modules/ansi-escapes
4775 silly ADD node_modules/pmxtjs/node_modules/@jest/transform
4776 silly ADD node_modules/pmxtjs/node_modules/@jest/transform/node_modules/ansi-styles
4777 silly ADD node_modules/pmxtjs/node_modules/@jest/transform/node_modules/chalk
4778 silly ADD node_modules/pmxtjs/node_modules/@jest/test-result
4779 silly ADD node_modules/pmxtjs/node_modules/@jest/reporters
4780 silly ADD node_modules/pmxtjs/node_modules/@jest/reporters/node_modules/ansi-styles
4781 silly ADD node_modules/pmxtjs/node_modules/@jest/reporters/node_modules/chalk
4782 silly ADD node_modules/pmxtjs/node_modules/@jest/pattern
4783 silly ADD node_modules/pmxtjs/node_modules/@jest/console
4784 silly ADD node_modules/pmxtjs/node_modules/@jest/console/node_modules/ansi-styles
4785 silly ADD node_modules/pmxtjs/node_modules/@jest/console/node_modules/chalk
4786 silly ADD node_modules/pmxtjs/node_modules/jest-cli
4787 silly ADD node_modules/pmxtjs/node_modules/jest-cli/node_modules/ansi-styles
4788 silly ADD node_modules/pmxtjs/node_modules/jest-cli/node_modules/chalk
4789 silly ADD node_modules/pmxtjs/node_modules/import-local
4790 silly ADD node_modules/pmxtjs/node_modules/@jest/types
4791 silly ADD node_modules/pmxtjs/node_modules/@jest/types/node_modules/ansi-styles
4792 silly ADD node_modules/pmxtjs/node_modules/@jest/types/node_modules/chalk
4793 silly ADD node_modules/pmxtjs/node_modules/@jest/core
4794 silly ADD node_modules/pmxtjs/node_modules/@jest/core/node_modules/ansi-styles
4795 silly ADD node_modules/pmxtjs/node_modules/@jest/core/node_modules/chalk
4796 silly ADD node_modules/pmxtjs/node_modules/es6-promise
4797 silly ADD node_modules/pmxtjs/node_modules/uuid
4798 silly ADD node_modules/pmxtjs/node_modules/stream-json
4799 silly ADD node_modules/pmxtjs/node_modules/json-stringify-safe
4800 silly ADD node_modules/pmxtjs/node_modules/isomorphic-ws
4801 silly ADD node_modules/pmxtjs/node_modules/eyes
4802 silly ADD node_modules/pmxtjs/node_modules/es6-promisify
4803 silly ADD node_modules/pmxtjs/node_modules/delay
4804 silly ADD node_modules/pmxtjs/node_modules/@types/ws
4805 silly ADD node_modules/pmxtjs/node_modules/safer-buffer
4806 silly ADD node_modules/pmxtjs/node_modules/agent-base
4807 silly ADD node_modules/pmxtjs/node_modules/toidentifier
4808 silly ADD node_modules/pmxtjs/node_modules/setprototypeof
4809 silly ADD node_modules/pmxtjs/node_modules/dunder-proto
4810 silly ADD node_modules/pmxtjs/node_modules/math-intrinsics
4811 silly ADD node_modules/pmxtjs/node_modules/has-symbols
4812 silly ADD node_modules/pmxtjs/node_modules/gopd
4813 silly ADD node_modules/pmxtjs/node_modules/get-proto
4814 silly ADD node_modules/pmxtjs/node_modules/function-bind
4815 silly ADD node_modules/pmxtjs/node_modules/es-object-atoms
4816 silly ADD node_modules/pmxtjs/node_modules/es-define-property
4817 silly ADD node_modules/pmxtjs/node_modules/call-bind-apply-helpers
4818 silly ADD node_modules/pmxtjs/node_modules/has-tostringtag
4819 silly ADD node_modules/pmxtjs/node_modules/get-intrinsic
4820 silly ADD node_modules/pmxtjs/node_modules/es-errors
4821 silly ADD node_modules/pmxtjs/node_modules/delayed-stream
4822 silly ADD node_modules/pmxtjs/node_modules/hasown
4823 silly ADD node_modules/pmxtjs/node_modules/es-set-tostringtag
4824 silly ADD node_modules/pmxtjs/node_modules/combined-stream
4825 silly ADD node_modules/pmxtjs/node_modules/asynckit
4826 silly ADD node_modules/pmxtjs/node_modules/ms
4827 silly ADD node_modules/pmxtjs/node_modules/raw-body
4828 silly ADD node_modules/pmxtjs/node_modules/iconv-lite
4829 silly ADD node_modules/pmxtjs/node_modules/bytes
4830 silly ADD node_modules/pmxtjs/node_modules/negotiator
4831 silly ADD node_modules/pmxtjs/node_modules/type-is
4832 silly ADD node_modules/pmxtjs/node_modules/statuses
4833 silly ADD node_modules/pmxtjs/node_modules/serve-static
4834 silly ADD node_modules/pmxtjs/node_modules/send
4835 silly ADD node_modules/pmxtjs/node_modules/router
4836 silly ADD node_modules/pmxtjs/node_modules/range-parser
4837 silly ADD node_modules/pmxtjs/node_modules/qs
4838 silly ADD node_modules/pmxtjs/node_modules/proxy-addr
4839 silly ADD node_modules/pmxtjs/node_modules/parseurl
4840 silly ADD node_modules/pmxtjs/node_modules/once
4841 silly ADD node_modules/pmxtjs/node_modules/on-finished
4842 silly ADD node_modules/pmxtjs/node_modules/mime-types
4843 silly ADD node_modules/pmxtjs/node_modules/merge-descriptors
4844 silly ADD node_modules/pmxtjs/node_modules/http-errors
4845 silly ADD node_modules/pmxtjs/node_modules/fresh
4846 silly ADD node_modules/pmxtjs/node_modules/finalhandler
4847 silly ADD node_modules/pmxtjs/node_modules/etag
4848 silly ADD node_modules/pmxtjs/node_modules/escape-html
4849 silly ADD node_modules/pmxtjs/node_modules/encodeurl
4850 silly ADD node_modules/pmxtjs/node_modules/depd
4851 silly ADD node_modules/pmxtjs/node_modules/debug
4852 silly ADD node_modules/pmxtjs/node_modules/cookie-signature
4853 silly ADD node_modules/pmxtjs/node_modules/cookie
4854 silly ADD node_modules/pmxtjs/node_modules/content-type
4855 silly ADD node_modules/pmxtjs/node_modules/content-disposition
4856 silly ADD node_modules/pmxtjs/node_modules/body-parser
4857 silly ADD node_modules/pmxtjs/node_modules/accepts
4858 silly ADD node_modules/pmxtjs/node_modules/minimalistic-crypto-utils
4859 silly ADD node_modules/pmxtjs/node_modules/minimalistic-assert
4860 silly ADD node_modules/pmxtjs/node_modules/inherits
4861 silly ADD node_modules/pmxtjs/node_modules/hmac-drbg
4862 silly ADD node_modules/pmxtjs/node_modules/brorand
4863 silly ADD node_modules/pmxtjs/node_modules/elliptic
4864 silly ADD node_modules/pmxtjs/node_modules/elliptic/node_modules/bn.js
4865 silly ADD node_modules/pmxtjs/node_modules/hash.js
4866 silly ADD node_modules/pmxtjs/node_modules/bech32
4867 silly ADD node_modules/pmxtjs/node_modules/js-sha3
4868 silly ADD node_modules/pmxtjs/node_modules/scrypt-js
4869 silly ADD node_modules/pmxtjs/node_modules/aes-js
4870 silly ADD node_modules/pmxtjs/node_modules/@ethersproject/wordlists
4871 silly ADD node_modules/pmxtjs/node_modules/@ethersproject/web
4872 silly ADD node_modules/pmxtjs/node_modules/@ethersproject/wallet
4873 silly ADD node_modules/pmxtjs/node_modules/@ethersproject/units
4874 silly ADD node_modules/pmxtjs/node_modules/@ethersproject/transactions
4875 silly ADD node_modules/pmxtjs/node_modules/@ethersproject/strings
4876 silly ADD node_modules/pmxtjs/node_modules/@ethersproject/solidity
4877 silly ADD node_modules/pmxtjs/node_modules/@ethersproject/signing-key
4878 silly ADD node_modules/pmxtjs/node_modules/@ethersproject/sha2
4879 silly ADD node_modules/pmxtjs/node_modules/@ethersproject/rlp
4880 silly ADD node_modules/pmxtjs/node_modules/@ethersproject/random
4881 silly ADD node_modules/pmxtjs/node_modules/@ethersproject/providers
4882 silly ADD node_modules/pmxtjs/node_modules/@ethersproject/providers/node_modules/ws
4883 silly ADD node_modules/pmxtjs/node_modules/@ethersproject/properties
4884 silly ADD node_modules/pmxtjs/node_modules/@ethersproject/pbkdf2
4885 silly ADD node_modules/pmxtjs/node_modules/@ethersproject/networks
4886 silly ADD node_modules/pmxtjs/node_modules/@ethersproject/logger
4887 silly ADD node_modules/pmxtjs/node_modules/@ethersproject/keccak256
4888 silly ADD node_modules/pmxtjs/node_modules/@ethersproject/json-wallets
4889 silly ADD node_modules/pmxtjs/node_modules/@ethersproject/hdnode
4890 silly ADD node_modules/pmxtjs/node_modules/@ethersproject/hash
4891 silly ADD node_modules/pmxtjs/node_modules/@ethersproject/contracts
4892 silly ADD node_modules/pmxtjs/node_modules/@ethersproject/constants
4893 silly ADD node_modules/pmxtjs/node_modules/@ethersproject/bytes
4894 silly ADD node_modules/pmxtjs/node_modules/@ethersproject/bignumber
4895 silly ADD node_modules/pmxtjs/node_modules/@ethersproject/basex
4896 silly ADD node_modules/pmxtjs/node_modules/@ethersproject/base64
4897 silly ADD node_modules/pmxtjs/node_modules/@ethersproject/address
4898 silly ADD node_modules/pmxtjs/node_modules/@ethersproject/abstract-signer
4899 silly ADD node_modules/pmxtjs/node_modules/@ethersproject/abstract-provider
4900 silly ADD node_modules/pmxtjs/node_modules/@ethersproject/abi
4901 silly ADD node_modules/pmxtjs/node_modules/vary
4902 silly ADD node_modules/pmxtjs/node_modules/object-assign
4903 silly ADD node_modules/pmxtjs/node_modules/ieee754
4904 silly ADD node_modules/pmxtjs/node_modules/base64-js
4905 silly ADD node_modules/pmxtjs/node_modules/base-x
4906 silly ADD node_modules/pmxtjs/node_modules/text-encoding-utf-8
4907 silly ADD node_modules/pmxtjs/node_modules/proxy-from-env
4908 silly ADD node_modules/pmxtjs/node_modules/form-data
4909 silly ADD node_modules/pmxtjs/node_modules/form-data/node_modules/mime-db
4910 silly ADD node_modules/pmxtjs/node_modules/form-data/node_modules/mime-types
4911 silly ADD node_modules/pmxtjs/node_modules/follow-redirects
4912 silly ADD node_modules/pmxtjs/node_modules/humanize-ms
4913 silly ADD node_modules/pmxtjs/node_modules/@types/http-errors
4914 silly ADD node_modules/pmxtjs/node_modules/undici-types
4915 silly ADD node_modules/pmxtjs/node_modules/@types/send
4916 silly ADD node_modules/pmxtjs/node_modules/@types/range-parser
4917 silly ADD node_modules/pmxtjs/node_modules/@types/qs
4918 silly ADD node_modules/pmxtjs/node_modules/@types/node
4919 silly ADD node_modules/pmxtjs/node_modules/@types/connect
4920 silly ADD node_modules/pmxtjs/node_modules/@types/serve-static
4921 silly ADD node_modules/pmxtjs/node_modules/@types/express-serve-static-core
4922 silly ADD node_modules/pmxtjs/node_modules/@types/body-parser
4923 silly ADD node_modules/pmxtjs/node_modules/commander
4924 silly ADD node_modules/pmxtjs/node_modules/chalk
4925 silly ADD node_modules/pmxtjs/node_modules/@solana/errors
4926 silly ADD node_modules/pmxtjs/node_modules/@solana/codecs-core
4927 silly ADD node_modules/pmxtjs/node_modules/superstruct
4928 silly ADD node_modules/pmxtjs/node_modules/rpc-websockets
4929 silly ADD node_modules/pmxtjs/node_modules/rpc-websockets/node_modules/uuid
4930 silly ADD node_modules/pmxtjs/node_modules/rpc-websockets/node_modules/@types/ws
4931 silly ADD node_modules/pmxtjs/node_modules/node-fetch
4932 silly ADD node_modules/pmxtjs/node_modules/jayson
4933 silly ADD node_modules/pmxtjs/node_modules/jayson/node_modules/utf-8-validate
4934 silly ADD node_modules/pmxtjs/node_modules/jayson/node_modules/ws
4935 silly ADD node_modules/pmxtjs/node_modules/jayson/node_modules/commander
4936 silly ADD node_modules/pmxtjs/node_modules/jayson/node_modules/@types/node
4937 silly ADD node_modules/pmxtjs/node_modules/fast-stable-stringify
4938 silly ADD node_modules/pmxtjs/node_modules/buffer
4939 silly ADD node_modules/pmxtjs/node_modules/borsh
4940 silly ADD node_modules/pmxtjs/node_modules/borsh/node_modules/base-x
4941 silly ADD node_modules/pmxtjs/node_modules/borsh/node_modules/bs58
4942 silly ADD node_modules/pmxtjs/node_modules/bn.js
4943 silly ADD node_modules/pmxtjs/node_modules/agentkeepalive
4944 silly ADD node_modules/pmxtjs/node_modules/typescript
4945 silly ADD node_modules/pmxtjs/node_modules/@solana/codecs-numbers
4946 silly ADD node_modules/pmxtjs/node_modules/@solana/buffer-layout
4947 silly ADD node_modules/pmxtjs/node_modules/@noble/hashes
4948 silly ADD node_modules/pmxtjs/node_modules/@noble/curves
4949 silly ADD node_modules/pmxtjs/node_modules/@babel/runtime
4950 silly ADD node_modules/pmxtjs/node_modules/ky
4951 silly ADD node_modules/pmxtjs/node_modules/bignumber.js
4952 silly ADD node_modules/pmxtjs/node_modules/@prob/types
4953 silly ADD node_modules/pmxtjs/node_modules/@prob/core
4954 silly ADD node_modules/pmxtjs/node_modules/browser-or-node
4955 silly ADD node_modules/pmxtjs/node_modules/@polymarket/builder-signing-sdk
4956 silly ADD node_modules/pmxtjs/node_modules/viem
4957 silly ADD node_modules/pmxtjs/node_modules/viem/node_modules/ws
4958 silly ADD node_modules/pmxtjs/node_modules/viem/node_modules/@noble/curves
4959 silly ADD node_modules/pmxtjs/node_modules/undici
4960 silly ADD node_modules/pmxtjs/node_modules/https-proxy-agent
4961 silly ADD node_modules/pmxtjs/node_modules/@opinion-labs/opinion-api
4962 silly ADD node_modules/pmxtjs/node_modules/socket.io-client
4963 silly ADD node_modules/pmxtjs/node_modules/eventemitter3
4964 silly ADD node_modules/pmxtjs/node_modules/tsx
4965 silly ADD node_modules/pmxtjs/node_modules/jest
4966 silly ADD node_modules/pmxtjs/node_modules/ws
4967 silly ADD node_modules/pmxtjs/node_modules/isows
4968 silly ADD node_modules/pmxtjs/node_modules/express
4969 silly ADD node_modules/pmxtjs/node_modules/ethers
4970 silly ADD node_modules/pmxtjs/node_modules/dotenv
4971 silly ADD node_modules/pmxtjs/node_modules/cors
4972 silly ADD node_modules/pmxtjs/node_modules/bs58
4973 silly ADD node_modules/pmxtjs/node_modules/axios
4974 silly ADD node_modules/pmxtjs/node_modules/@types/express
4975 silly ADD node_modules/pmxtjs/node_modules/@solana/web3.js
4976 silly ADD node_modules/pmxtjs/node_modules/@solana/web3.js/node_modules/base-x
4977 silly ADD node_modules/pmxtjs/node_modules/@solana/web3.js/node_modules/bs58
4978 silly ADD node_modules/pmxtjs/node_modules/@prob/clob
4979 silly ADD node_modules/pmxtjs/node_modules/@polymarket/clob-client
4980 silly ADD node_modules/pmxtjs/node_modules/@opinion-labs/opinion-clob-sdk
4981 silly ADD node_modules/pmxtjs/node_modules/@limitless-exchange/sdk
4982 silly ADD node_modules/pmxtjs/node_modules/@limitless-exchange/sdk/node_modules/undici-types
4983 silly ADD node_modules/pmxtjs/node_modules/@limitless-exchange/sdk/node_modules/ws
4984 silly ADD node_modules/pmxtjs/node_modules/@limitless-exchange/sdk/node_modules/tslib
4985 silly ADD node_modules/pmxtjs/node_modules/@limitless-exchange/sdk/node_modules/aes-js
4986 silly ADD node_modules/pmxtjs/node_modules/@limitless-exchange/sdk/node_modules/@types/node
4987 silly ADD node_modules/pmxtjs/node_modules/@limitless-exchange/sdk/node_modules/@noble/hashes
4988 silly ADD node_modules/pmxtjs/node_modules/@limitless-exchange/sdk/node_modules/@noble/curves
4989 silly ADD node_modules/pmxtjs/node_modules/@limitless-exchange/sdk/node_modules/@adraffy/ens-normalize
4990 silly ADD node_modules/pmxtjs/node_modules/@limitless-exchange/sdk/node_modules/ethers
4991 silly ADD node_modules/pmxtjs/node_modules/pmxt-core
4992 verbose cwd /root
4993 verbose os Linux 6.8.0-71-generic
4994 verbose node v20.20.0
4995 verbose npm  v10.8.2
4996 notice
4996 notice New major version of npm available! 10.8.2 -> 11.12.1
4996 notice Changelog: https://github.com/npm/cli/releases/tag/v11.12.1
4996 notice To update run: npm install -g npm@11.12.1
4996 notice  { force: true, [Symbol(proc-log.meta)]: true }
4997 verbose exit 0
4998 info ok
